#Measurement:		IV
#Sensor type:		CALICE_6in_256ch
#Needle measurement:	0
#Identifier:		013_IV_CV_20250603_0
#Timestamp:		3.6.2025 12:0 
#Voltage delay:		5.0 s
#Switch delay:		0.3 s
#Compliance level:		2000.00 uA
#Mask pads above:		5.00 uA
#Voltage limit:		100.0 V
#LCR freq.:		2000 Hz
#LCR voltg.:		0.50 V
#Repeat:			1
#Sampling number:		3
#Source as DMM:		0
#Custom channels:		None
#Masked channels:		None
#Vltg. sign inversion?:	1
#VISA source:		GPIB0::18::INSTR
#VISA DMM:		GPIB0::25::INSTR
#VISA LCR:		GPIB0::17::INSTR
#HexPlot cmd:		C:\Users\calice\Desktop\ProbeStation\HGCAL_sensor_tests-CALICE_6in_256ch\bin\HexPlot.exe -i "D:\ProbeStationData\CALICE_6in_256ch_013_IV_CV_20250602_0\CALICE_6in_256ch_013_IV_CV_20250602_0_IV.txt" -o  "D:\ProbeStationData\CALICE_6in_256ch_013_IV_CV_20250602_0\CALICE_6in_256ch_013_IV_CV_20250602_0_IV.pdf" --IV  --select 200  --if SELECTOR:PADNUM:VAL  --pn 0 --invertx --invertVal -g "C:\Users\calice\Documents\HGCAL_sensor_tests-CALICE_6in_256ch\src\..\geo\hex_positions_HPK_256ch_6inch_CALICE.txt" --colorpalette 1
#HexPlot analysis cmd:	C:\Users\calice\Desktop\ProbeStation\HGCAL_sensor_tests-CALICE_6in_256ch\bin\HexPlot.exe -i "D:\ProbeStationData\CALICE_6in_256ch_013_IV_CV_20250602_0\CALICE_6in_256ch_013_IV_CV_20250602_0_IV.txt" -o  "D:\ProbeStationData\CALICE_6in_256ch_013_IV_CV_20250602_0\CALICE_6in_256ch_013_IV_CV_20250602_0_IV_analysis.pdf" --IV  --select 200  --if SELECTOR:PADNUM:VAL -p PAD --sc 1-40--invertx --invertVal -g "C:\Users\calice\Documents\HGCAL_sensor_tests-CALICE_6in_256ch\src\..\geo\hex_positions_HPK_256ch_6inch_CALICE.txt" --colorpalette 1
#HexPlot on matrix cmd:	C:\Users\calice\Desktop\ProbeStation\HGCAL_sensor_tests-CALICE_6in_256ch\bin\HexPlot.exe -i "D:\ProbeStationData\CALICE_6in_256ch_013_IV_CV_20250602_0\CALICE_6in_256ch_013_IV_CV_20250602_0_IV.txt" -o  "D:\ProbeStationData\CALICE_6in_256ch_013_IV_CV_20250602_0\CALICE_6in_256ch_013_IV_CV_20250602_0_IV.pdf" --IV  --select 200  --if SELECTOR:PADNUM:VAL  --pn 0 --invertx --invertVal -g "C:\Users\calice\Documents\HGCAL_sensor_tests-CALICE_6in_256ch\geo\switch_matrix.txt" -m "C:\Users\calice\Documents\HGCAL_sensor_tests-CALICE_6in_256ch\src\..\maps\Probe_card_CALICE_6in_256ch.txt"  --colorpalette 1
#Voltage file:		C:\Users\calice\Desktop\ProbeStation\SensorTest_CALICE_6in_256ch\HGCAL_sensor_tests-CALICE_6in_256ch\config\Voltages_20250214.txt
#CV correction file:		none
#Comments:		sensor 013 yan IV and CV

#Voltage	#Channel	#Current    	#Error     	#Tot. curr.	#Act. vlt.	#Time  	#Temp	#Hum.	#n/a       	#Error     	#n/a       	#Error     	#n/a       	#Error     	#n/a       	#n/a       
#[V]    	#       	#[nA]       	#[nA]      	#[nA]      	#[V]      	#[s]   	#[C] 	#[%] 	#[n/a]     	#[n/a]     	#[n/a]     	#[n/a]     	#[n/a]     	#[n/a]     	#[n/a]     	#[n/a]     
5.0     	1       	1.198602E-1 	9.571003E-5	1.62E+1    	5.00      	9.29   	24.0 	35.7 	0.000000E+0	0.000000E+0	0.000000E+0	0.000000E+0	0.000000E+0	0.000000E+0	0.000000E+0	0.000000E+0
5.0     	2       	8.588588E-2 	2.002402E-4	1.44E+1    	5.00      	11.78  	24.0 	35.7 	0.000000E+0	0.000000E+0	0.000000E+0	0.000000E+0	0.000000E+0	0.000000E+0	0.000000E+0	0.000000E+0
5.0     	3       	1.515155E-3 	2.170956E-4	1.43E+1    	5.00      	14.00  	24.0 	35.7 	0.000000E+0	0.000000E+0	0.000000E+0	0.000000E+0	0.000000E+0	0.000000E+0	0.000000E+0	0.000000E+0
5.0     	4       	8.310983E-2 	1.833835E-4	1.52E+1    	5.00      	16.22  	24.0 	35.7 	0.000000E+0	0.000000E+0	0.000000E+0	0.000000E+0	0.000000E+0	0.000000E+0	0.000000E+0	0.000000E+0
5.0     	5       	6.847326E-2 	3.352377E-4	1.40E+1    	5.00      	18.59  	24.0 	35.7 	0.000000E+0	0.000000E+0	0.000000E+0	0.000000E+0	0.000000E+0	0.000000E+0	0.000000E+0	0.000000E+0
5.0     	6       	6.816614E-2 	6.113393E-5	1.38E+1    	5.00      	20.82  	24.0 	35.7 	0.000000E+0	0.000000E+0	0.000000E+0	0.000000E+0	0.000000E+0	0.000000E+0	0.000000E+0	0.000000E+0
5.0     	7       	6.774889E-2 	8.923478E-5	1.40E+1    	5.00      	23.05  	24.0 	35.7 	0.000000E+0	0.000000E+0	0.000000E+0	0.000000E+0	0.000000E+0	0.000000E+0	0.000000E+0	0.000000E+0
5.0     	8       	6.754342E-2 	6.478511E-5	1.37E+1    	5.00      	24.95  	24.0 	35.7 	0.000000E+0	0.000000E+0	0.000000E+0	0.000000E+0	0.000000E+0	0.000000E+0	0.000000E+0	0.000000E+0
5.0     	9       	6.722178E-2 	1.832856E-4	1.41E+1    	5.00      	26.84  	24.0 	35.7 	0.000000E+0	0.000000E+0	0.000000E+0	0.000000E+0	0.000000E+0	0.000000E+0	0.000000E+0	0.000000E+0
5.0     	10      	6.666366E-2 	1.122971E-4	1.36E+1    	5.00      	28.73  	24.0 	35.7 	0.000000E+0	0.000000E+0	0.000000E+0	0.000000E+0	0.000000E+0	0.000000E+0	0.000000E+0	0.000000E+0
5.0     	11      	6.879960E-2 	2.594114E-3	1.36E+1    	5.00      	30.61  	24.0 	35.7 	0.000000E+0	0.000000E+0	0.000000E+0	0.000000E+0	0.000000E+0	0.000000E+0	0.000000E+0	0.000000E+0
5.0     	12      	6.840168E-2 	1.361201E-3	1.36E+1    	5.00      	32.50  	24.0 	35.7 	0.000000E+0	0.000000E+0	0.000000E+0	0.000000E+0	0.000000E+0	0.000000E+0	0.000000E+0	0.000000E+0
5.0     	13      	6.918391E-2 	7.901499E-5	1.37E+1    	5.00      	34.39  	24.0 	35.7 	0.000000E+0	0.000000E+0	0.000000E+0	0.000000E+0	0.000000E+0	0.000000E+0	0.000000E+0	0.000000E+0
5.0     	14      	6.939538E-2 	1.831393E-5	1.34E+1    	5.00      	36.28  	24.0 	35.7 	0.000000E+0	0.000000E+0	0.000000E+0	0.000000E+0	0.000000E+0	0.000000E+0	0.000000E+0	0.000000E+0
5.0     	15      	7.221007E-2 	2.716473E-5	1.40E+1    	5.00      	38.17  	24.0 	35.7 	0.000000E+0	0.000000E+0	0.000000E+0	0.000000E+0	0.000000E+0	0.000000E+0	0.000000E+0	0.000000E+0
5.0     	16      	1.213696E-1 	1.240616E-4	1.37E+1    	5.00      	40.05  	24.0 	35.7 	0.000000E+0	0.000000E+0	0.000000E+0	0.000000E+0	0.000000E+0	0.000000E+0	0.000000E+0	0.000000E+0
5.0     	17      	6.893226E-2 	8.129262E-4	1.38E+1    	5.00      	41.95  	24.0 	35.7 	0.000000E+0	0.000000E+0	0.000000E+0	0.000000E+0	0.000000E+0	0.000000E+0	0.000000E+0	0.000000E+0
5.0     	18      	2.462806E-2 	8.864212E-5	1.36E+1    	5.00      	43.84  	24.0 	35.7 	0.000000E+0	0.000000E+0	0.000000E+0	0.000000E+0	0.000000E+0	0.000000E+0	0.000000E+0	0.000000E+0
5.0     	19      	4.063161E-2 	3.766553E-5	1.37E+1    	5.00      	45.73  	24.0 	35.7 	0.000000E+0	0.000000E+0	0.000000E+0	0.000000E+0	0.000000E+0	0.000000E+0	0.000000E+0	0.000000E+0
5.0     	20      	2.435898E-2 	1.156215E-4	1.35E+1    	5.00      	47.61  	24.0 	35.7 	0.000000E+0	0.000000E+0	0.000000E+0	0.000000E+0	0.000000E+0	0.000000E+0	0.000000E+0	0.000000E+0
5.0     	21      	2.410127E-2 	1.056999E-4	1.36E+1    	5.00      	49.50  	24.0 	35.7 	0.000000E+0	0.000000E+0	0.000000E+0	0.000000E+0	0.000000E+0	0.000000E+0	0.000000E+0	0.000000E+0
5.0     	22      	2.360584E-2 	1.693769E-4	1.37E+1    	5.00      	51.39  	24.0 	35.7 	0.000000E+0	0.000000E+0	0.000000E+0	0.000000E+0	0.000000E+0	0.000000E+0	0.000000E+0	0.000000E+0
5.0     	23      	2.344438E-2 	1.109097E-4	1.34E+1    	5.00      	53.28  	24.0 	35.7 	0.000000E+0	0.000000E+0	0.000000E+0	0.000000E+0	0.000000E+0	0.000000E+0	0.000000E+0	0.000000E+0
5.0     	24      	2.424154E-2 	1.003716E-4	1.38E+1    	5.00      	55.16  	24.0 	35.7 	0.000000E+0	0.000000E+0	0.000000E+0	0.000000E+0	0.000000E+0	0.000000E+0	0.000000E+0	0.000000E+0
5.0     	25      	2.349694E-2 	1.071470E-4	1.36E+1    	5.00      	57.05  	24.0 	35.7 	0.000000E+0	0.000000E+0	0.000000E+0	0.000000E+0	0.000000E+0	0.000000E+0	0.000000E+0	0.000000E+0
5.0     	26      	2.352543E-2 	1.548671E-4	1.36E+1    	5.00      	58.94  	24.0 	35.7 	0.000000E+0	0.000000E+0	0.000000E+0	0.000000E+0	0.000000E+0	0.000000E+0	0.000000E+0	0.000000E+0
5.0     	27      	3.048314E-2 	1.151394E-2	1.35E+1    	5.00      	60.83  	24.0 	35.7 	0.000000E+0	0.000000E+0	0.000000E+0	0.000000E+0	0.000000E+0	0.000000E+0	0.000000E+0	0.000000E+0
5.0     	28      	2.460275E-2 	7.981991E-4	1.35E+1    	5.00      	62.72  	24.0 	35.7 	0.000000E+0	0.000000E+0	0.000000E+0	0.000000E+0	0.000000E+0	0.000000E+0	0.000000E+0	0.000000E+0
5.0     	29      	2.457078E-2 	1.370093E-4	1.35E+1    	5.00      	64.61  	24.0 	35.7 	0.000000E+0	0.000000E+0	0.000000E+0	0.000000E+0	0.000000E+0	0.000000E+0	0.000000E+0	0.000000E+0
5.0     	30      	3.399113E-2 	2.233514E-4	1.35E+1    	5.00      	66.50  	24.0 	35.7 	0.000000E+0	0.000000E+0	0.000000E+0	0.000000E+0	0.000000E+0	0.000000E+0	0.000000E+0	0.000000E+0
5.0     	31      	2.692799E-2 	1.498709E-4	1.34E+1    	5.00      	68.39  	24.0 	35.7 	0.000000E+0	0.000000E+0	0.000000E+0	0.000000E+0	0.000000E+0	0.000000E+0	0.000000E+0	0.000000E+0
5.0     	32      	7.111128E-2 	7.894040E-5	1.35E+1    	5.00      	70.28  	24.0 	35.7 	0.000000E+0	0.000000E+0	0.000000E+0	0.000000E+0	0.000000E+0	0.000000E+0	0.000000E+0	0.000000E+0
5.0     	33      	6.792083E-2 	6.665595E-5	1.35E+1    	5.00      	72.17  	24.0 	35.7 	0.000000E+0	0.000000E+0	0.000000E+0	0.000000E+0	0.000000E+0	0.000000E+0	0.000000E+0	0.000000E+0
5.0     	34      	3.353084E-2 	1.818592E-4	1.35E+1    	5.00      	74.06  	24.0 	35.7 	0.000000E+0	0.000000E+0	0.000000E+0	0.000000E+0	0.000000E+0	0.000000E+0	0.000000E+0	0.000000E+0
5.0     	35      	2.366663E-2 	7.866696E-5	1.34E+1    	5.00      	75.95  	24.0 	35.7 	0.000000E+0	0.000000E+0	0.000000E+0	0.000000E+0	0.000000E+0	0.000000E+0	0.000000E+0	0.000000E+0
5.0     	36      	2.342508E-2 	1.443731E-4	1.36E+1    	5.00      	77.84  	24.0 	35.7 	0.000000E+0	0.000000E+0	0.000000E+0	0.000000E+0	0.000000E+0	0.000000E+0	0.000000E+0	0.000000E+0
5.0     	37      	2.285747E-2 	1.428167E-4	1.34E+1    	5.00      	79.73  	24.0 	35.7 	0.000000E+0	0.000000E+0	0.000000E+0	0.000000E+0	0.000000E+0	0.000000E+0	0.000000E+0	0.000000E+0
5.0     	38      	2.244971E-2 	1.181191E-4	1.34E+1    	5.00      	81.62  	24.0 	35.7 	0.000000E+0	0.000000E+0	0.000000E+0	0.000000E+0	0.000000E+0	0.000000E+0	0.000000E+0	0.000000E+0
5.0     	39      	2.214516E-2 	9.461673E-5	1.35E+1    	5.00      	83.51  	24.0 	35.7 	0.000000E+0	0.000000E+0	0.000000E+0	0.000000E+0	0.000000E+0	0.000000E+0	0.000000E+0	0.000000E+0
5.0     	40      	2.184949E-2 	1.805510E-4	1.36E+1    	5.00      	85.40  	24.0 	35.7 	0.000000E+0	0.000000E+0	0.000000E+0	0.000000E+0	0.000000E+0	0.000000E+0	0.000000E+0	0.000000E+0
5.0     	41      	2.219677E-2 	5.617616E-5	1.34E+1    	5.00      	87.29  	24.0 	35.7 	0.000000E+0	0.000000E+0	0.000000E+0	0.000000E+0	0.000000E+0	0.000000E+0	0.000000E+0	0.000000E+0
5.0     	42      	2.275553E-2 	2.265052E-4	1.34E+1    	5.00      	89.18  	24.0 	35.7 	0.000000E+0	0.000000E+0	0.000000E+0	0.000000E+0	0.000000E+0	0.000000E+0	0.000000E+0	0.000000E+0
5.0     	43      	2.301608E-2 	9.768400E-4	1.34E+1    	5.00      	91.07  	24.0 	35.7 	0.000000E+0	0.000000E+0	0.000000E+0	0.000000E+0	0.000000E+0	0.000000E+0	0.000000E+0	0.000000E+0
5.0     	44      	3.221452E-2 	3.909962E-3	1.35E+1    	5.00      	92.96  	24.0 	35.7 	0.000000E+0	0.000000E+0	0.000000E+0	0.000000E+0	0.000000E+0	0.000000E+0	0.000000E+0	0.000000E+0
5.0     	45      	2.318956E-2 	1.306736E-4	1.32E+1    	5.00      	94.86  	24.0 	35.7 	0.000000E+0	0.000000E+0	0.000000E+0	0.000000E+0	0.000000E+0	0.000000E+0	0.000000E+0	0.000000E+0
5.0     	46      	2.345675E-2 	2.153746E-4	1.31E+1    	5.00      	96.75  	24.0 	35.7 	0.000000E+0	0.000000E+0	0.000000E+0	0.000000E+0	0.000000E+0	0.000000E+0	0.000000E+0	0.000000E+0
5.0     	47      	2.461795E-2 	1.741514E-4	1.35E+1    	5.00      	98.64  	24.0 	35.7 	0.000000E+0	0.000000E+0	0.000000E+0	0.000000E+0	0.000000E+0	0.000000E+0	0.000000E+0	0.000000E+0
5.0     	48      	6.946989E-2 	1.016166E-4	1.35E+1    	5.00      	100.53 	24.0 	35.7 	0.000000E+0	0.000000E+0	0.000000E+0	0.000000E+0	0.000000E+0	0.000000E+0	0.000000E+0	0.000000E+0
5.0     	49      	7.780914E-2 	5.713986E-5	1.32E+1    	5.00      	102.42 	24.0 	35.7 	0.000000E+0	0.000000E+0	0.000000E+0	0.000000E+0	0.000000E+0	0.000000E+0	0.000000E+0	0.000000E+0
5.0     	50      	2.371888E-2 	1.688210E-4	1.32E+1    	5.00      	104.31 	24.0 	35.7 	0.000000E+0	0.000000E+0	0.000000E+0	0.000000E+0	0.000000E+0	0.000000E+0	0.000000E+0	0.000000E+0
5.0     	51      	5.338906E-2 	1.221318E-4	1.32E+1    	5.00      	106.20 	24.0 	35.7 	0.000000E+0	0.000000E+0	0.000000E+0	0.000000E+0	0.000000E+0	0.000000E+0	0.000000E+0	0.000000E+0
5.0     	52      	2.284608E-2 	4.819098E-5	1.31E+1    	5.00      	108.09 	24.0 	35.7 	0.000000E+0	0.000000E+0	0.000000E+0	0.000000E+0	0.000000E+0	0.000000E+0	0.000000E+0	0.000000E+0
5.0     	53      	2.288820E-2 	3.279397E-5	1.31E+1    	5.00      	109.98 	24.0 	35.7 	0.000000E+0	0.000000E+0	0.000000E+0	0.000000E+0	0.000000E+0	0.000000E+0	0.000000E+0	0.000000E+0
5.0     	54      	2.176244E-2 	1.028382E-4	1.31E+1    	5.00      	111.87 	24.0 	35.7 	0.000000E+0	0.000000E+0	0.000000E+0	0.000000E+0	0.000000E+0	0.000000E+0	0.000000E+0	0.000000E+0
5.0     	55      	2.168995E-2 	1.161940E-4	1.34E+1    	5.00      	113.76 	24.0 	35.7 	0.000000E+0	0.000000E+0	0.000000E+0	0.000000E+0	0.000000E+0	0.000000E+0	0.000000E+0	0.000000E+0
5.0     	56      	2.114637E-2 	7.704087E-5	1.34E+1    	5.00      	115.65 	24.0 	35.7 	0.000000E+0	0.000000E+0	0.000000E+0	0.000000E+0	0.000000E+0	0.000000E+0	0.000000E+0	0.000000E+0
5.0     	57      	2.128282E-2 	1.847140E-4	1.36E+1    	5.00      	117.53 	24.0 	35.7 	0.000000E+0	0.000000E+0	0.000000E+0	0.000000E+0	0.000000E+0	0.000000E+0	0.000000E+0	0.000000E+0
5.0     	58      	2.197422E-2 	9.761696E-5	1.30E+1    	5.00      	119.42 	24.0 	35.7 	0.000000E+0	0.000000E+0	0.000000E+0	0.000000E+0	0.000000E+0	0.000000E+0	0.000000E+0	0.000000E+0
5.0     	59      	2.626353E-2 	7.490964E-3	1.32E+1    	5.00      	121.31 	24.0 	35.7 	0.000000E+0	0.000000E+0	0.000000E+0	0.000000E+0	0.000000E+0	0.000000E+0	0.000000E+0	0.000000E+0
5.0     	60      	2.857169E-2 	9.590492E-4	1.32E+1    	5.00      	123.20 	24.0 	35.7 	0.000000E+0	0.000000E+0	0.000000E+0	0.000000E+0	0.000000E+0	0.000000E+0	0.000000E+0	0.000000E+0
5.0     	61      	2.591878E-2 	1.208334E-4	1.33E+1    	5.00      	125.09 	24.0 	35.7 	0.000000E+0	0.000000E+0	0.000000E+0	0.000000E+0	0.000000E+0	0.000000E+0	0.000000E+0	0.000000E+0
5.0     	62      	3.136517E-2 	1.574456E-4	1.32E+1    	5.00      	126.98 	24.0 	35.7 	0.000000E+0	0.000000E+0	0.000000E+0	0.000000E+0	0.000000E+0	0.000000E+0	0.000000E+0	0.000000E+0
5.0     	63      	2.450209E-2 	1.250479E-4	1.31E+1    	5.00      	128.87 	24.0 	35.7 	0.000000E+0	0.000000E+0	0.000000E+0	0.000000E+0	0.000000E+0	0.000000E+0	0.000000E+0	0.000000E+0
5.0     	64      	6.933028E-2 	7.956175E-5	1.30E+1    	5.00      	130.74 	24.0 	35.7 	0.000000E+0	0.000000E+0	0.000000E+0	0.000000E+0	0.000000E+0	0.000000E+0	0.000000E+0	0.000000E+0
5.0     	65      	6.630855E-2 	2.997422E-5	1.33E+1    	5.00      	132.63 	24.0 	35.7 	0.000000E+0	0.000000E+0	0.000000E+0	0.000000E+0	0.000000E+0	0.000000E+0	0.000000E+0	0.000000E+0
5.0     	66      	2.308605E-2 	7.798400E-5	1.31E+1    	5.00      	134.51 	24.0 	35.7 	0.000000E+0	0.000000E+0	0.000000E+0	0.000000E+0	0.000000E+0	0.000000E+0	0.000000E+0	0.000000E+0
5.0     	67      	3.626389E-2 	1.140781E-4	1.33E+1    	5.00      	136.40 	24.0 	35.7 	0.000000E+0	0.000000E+0	0.000000E+0	0.000000E+0	0.000000E+0	0.000000E+0	0.000000E+0	0.000000E+0
5.0     	68      	2.341340E-2 	6.965438E-5	1.36E+1    	5.00      	138.29 	24.0 	35.7 	0.000000E+0	0.000000E+0	0.000000E+0	0.000000E+0	0.000000E+0	0.000000E+0	0.000000E+0	0.000000E+0
5.0     	69      	6.973176E+0 	2.537865E-3	1.32E+1    	5.00      	140.18 	24.0 	35.7 	0.000000E+0	0.000000E+0	0.000000E+0	0.000000E+0	0.000000E+0	0.000000E+0	0.000000E+0	0.000000E+0
5.0     	70      	2.376701E-2 	9.051213E-5	1.30E+1    	5.00      	142.24 	24.0 	35.7 	0.000000E+0	0.000000E+0	0.000000E+0	0.000000E+0	0.000000E+0	0.000000E+0	0.000000E+0	0.000000E+0
5.0     	71      	4.650166E-2 	2.089341E-4	1.31E+1    	5.00      	144.22 	24.0 	35.7 	0.000000E+0	0.000000E+0	0.000000E+0	0.000000E+0	0.000000E+0	0.000000E+0	0.000000E+0	0.000000E+0
5.0     	72      	2.159720E-2 	6.112966E-5	1.33E+1    	5.00      	146.11 	24.0 	35.7 	0.000000E+0	0.000000E+0	0.000000E+0	0.000000E+0	0.000000E+0	0.000000E+0	0.000000E+0	0.000000E+0
5.0     	73      	2.108562E-2 	5.245753E-5	1.30E+1    	5.00      	148.00 	24.0 	35.7 	0.000000E+0	0.000000E+0	0.000000E+0	0.000000E+0	0.000000E+0	0.000000E+0	0.000000E+0	0.000000E+0
5.0     	74      	2.130531E-2 	7.837373E-5	1.30E+1    	5.00      	149.89 	24.0 	35.7 	0.000000E+0	0.000000E+0	0.000000E+0	0.000000E+0	0.000000E+0	0.000000E+0	0.000000E+0	0.000000E+0
5.0     	75      	2.145411E-2 	1.636782E-4	1.31E+1    	5.00      	151.78 	24.0 	35.7 	0.000000E+0	0.000000E+0	0.000000E+0	0.000000E+0	0.000000E+0	0.000000E+0	0.000000E+0	0.000000E+0
5.0     	76      	2.530875E-2 	1.247746E-4	1.33E+1    	5.00      	153.67 	24.0 	35.7 	0.000000E+0	0.000000E+0	0.000000E+0	0.000000E+0	0.000000E+0	0.000000E+0	0.000000E+0	0.000000E+0
5.0     	77      	1.812563E-2 	2.935278E-2	1.31E+1    	5.00      	155.56 	24.0 	35.7 	0.000000E+0	0.000000E+0	0.000000E+0	0.000000E+0	0.000000E+0	0.000000E+0	0.000000E+0	0.000000E+0
5.0     	78      	2.307233E-3 	1.799635E-3	1.31E+1    	5.00      	157.45 	24.0 	35.7 	0.000000E+0	0.000000E+0	0.000000E+0	0.000000E+0	0.000000E+0	0.000000E+0	0.000000E+0	0.000000E+0
5.0     	79      	2.704930E-2 	9.155418E-4	1.30E+1    	5.00      	159.34 	24.0 	35.7 	0.000000E+0	0.000000E+0	0.000000E+0	0.000000E+0	0.000000E+0	0.000000E+0	0.000000E+0	0.000000E+0
5.0     	80      	8.118932E-2 	1.307737E-4	1.31E+1    	5.00      	161.23 	24.0 	35.7 	0.000000E+0	0.000000E+0	0.000000E+0	0.000000E+0	0.000000E+0	0.000000E+0	0.000000E+0	0.000000E+0
5.0     	81      	6.531456E-2 	8.125016E-5	1.33E+1    	5.00      	163.12 	24.0 	35.7 	0.000000E+0	0.000000E+0	0.000000E+0	0.000000E+0	0.000000E+0	0.000000E+0	0.000000E+0	0.000000E+0
5.0     	82      	2.273721E-2 	7.887279E-5	1.29E+1    	5.00      	165.01 	24.0 	35.7 	0.000000E+0	0.000000E+0	0.000000E+0	0.000000E+0	0.000000E+0	0.000000E+0	0.000000E+0	0.000000E+0
5.0     	83      	2.266596E-2 	1.015847E-4	1.31E+1    	5.00      	166.90 	24.0 	35.7 	0.000000E+0	0.000000E+0	0.000000E+0	0.000000E+0	0.000000E+0	0.000000E+0	0.000000E+0	0.000000E+0
5.0     	84      	2.295437E-2 	1.881257E-4	1.30E+1    	5.00      	168.79 	24.0 	35.7 	0.000000E+0	0.000000E+0	0.000000E+0	0.000000E+0	0.000000E+0	0.000000E+0	0.000000E+0	0.000000E+0
5.0     	85      	2.320415E-2 	4.043487E-5	1.34E+1    	5.00      	170.68 	24.0 	35.7 	0.000000E+0	0.000000E+0	0.000000E+0	0.000000E+0	0.000000E+0	0.000000E+0	0.000000E+0	0.000000E+0
5.0     	86      	2.243108E-2 	2.510986E-4	1.31E+1    	5.00      	172.57 	24.0 	35.7 	0.000000E+0	0.000000E+0	0.000000E+0	0.000000E+0	0.000000E+0	0.000000E+0	0.000000E+0	0.000000E+0
5.0     	87      	2.158835E-2 	9.944756E-5	1.31E+1    	5.00      	174.46 	24.0 	35.7 	0.000000E+0	0.000000E+0	0.000000E+0	0.000000E+0	0.000000E+0	0.000000E+0	0.000000E+0	0.000000E+0
5.0     	88      	2.129995E-2 	2.139852E-4	1.28E+1    	5.00      	176.36 	24.0 	35.7 	0.000000E+0	0.000000E+0	0.000000E+0	0.000000E+0	0.000000E+0	0.000000E+0	0.000000E+0	0.000000E+0
5.0     	89      	2.175391E-2 	1.168066E-4	1.30E+1    	5.00      	178.24 	24.0 	35.7 	0.000000E+0	0.000000E+0	0.000000E+0	0.000000E+0	0.000000E+0	0.000000E+0	0.000000E+0	0.000000E+0
5.0     	90      	7.689721E-2 	1.710727E-4	1.31E+1    	5.00      	180.13 	24.0 	35.7 	0.000000E+0	0.000000E+0	0.000000E+0	0.000000E+0	0.000000E+0	0.000000E+0	0.000000E+0	0.000000E+0
5.0     	91      	2.122778E-2 	4.253882E-5	1.30E+1    	5.00      	182.03 	24.0 	35.7 	0.000000E+0	0.000000E+0	0.000000E+0	0.000000E+0	0.000000E+0	0.000000E+0	0.000000E+0	0.000000E+0
5.0     	92      	2.179571E-2 	1.902370E-4	1.28E+1    	5.00      	183.92 	24.0 	35.7 	0.000000E+0	0.000000E+0	0.000000E+0	0.000000E+0	0.000000E+0	0.000000E+0	0.000000E+0	0.000000E+0
5.0     	93      	2.422131E-2 	2.566616E-4	1.29E+1    	5.00      	185.81 	24.0 	35.7 	0.000000E+0	0.000000E+0	0.000000E+0	0.000000E+0	0.000000E+0	0.000000E+0	0.000000E+0	0.000000E+0
5.0     	94      	2.450908E-2 	5.763225E-5	1.30E+1    	5.00      	187.70 	24.0 	35.7 	0.000000E+0	0.000000E+0	0.000000E+0	0.000000E+0	0.000000E+0	0.000000E+0	0.000000E+0	0.000000E+0
5.0     	95      	2.635473E-2 	5.453730E-5	1.32E+1    	5.00      	189.59 	24.0 	35.7 	0.000000E+0	0.000000E+0	0.000000E+0	0.000000E+0	0.000000E+0	0.000000E+0	0.000000E+0	0.000000E+0
5.0     	96      	6.712732E-2 	1.309589E-4	1.31E+1    	5.00      	191.49 	24.0 	35.7 	0.000000E+0	0.000000E+0	0.000000E+0	0.000000E+0	0.000000E+0	0.000000E+0	0.000000E+0	0.000000E+0
5.0     	97      	6.774624E-2 	1.781150E-4	1.29E+1    	5.00      	193.37 	24.0 	35.7 	0.000000E+0	0.000000E+0	0.000000E+0	0.000000E+0	0.000000E+0	0.000000E+0	0.000000E+0	0.000000E+0
5.0     	98      	2.194862E-2 	1.632532E-4	1.30E+1    	5.00      	195.27 	24.0 	35.7 	0.000000E+0	0.000000E+0	0.000000E+0	0.000000E+0	0.000000E+0	0.000000E+0	0.000000E+0	0.000000E+0
5.0     	99      	2.170676E-2 	1.450018E-4	1.31E+1    	5.00      	197.16 	24.0 	35.7 	0.000000E+0	0.000000E+0	0.000000E+0	0.000000E+0	0.000000E+0	0.000000E+0	0.000000E+0	0.000000E+0
5.0     	100     	2.216865E-2 	9.211795E-5	1.27E+1    	5.00      	199.05 	24.0 	35.7 	0.000000E+0	0.000000E+0	0.000000E+0	0.000000E+0	0.000000E+0	0.000000E+0	0.000000E+0	0.000000E+0
5.0     	101     	2.237157E-2 	3.770309E-5	1.27E+1    	5.00      	200.94 	24.0 	35.7 	0.000000E+0	0.000000E+0	0.000000E+0	0.000000E+0	0.000000E+0	0.000000E+0	0.000000E+0	0.000000E+0
5.0     	102     	3.023282E-2 	2.725184E-5	1.29E+1    	5.00      	202.83 	24.0 	35.7 	0.000000E+0	0.000000E+0	0.000000E+0	0.000000E+0	0.000000E+0	0.000000E+0	0.000000E+0	0.000000E+0
5.0     	103     	2.221518E-2 	5.810071E-5	1.28E+1    	5.00      	204.72 	24.0 	35.7 	0.000000E+0	0.000000E+0	0.000000E+0	0.000000E+0	0.000000E+0	0.000000E+0	0.000000E+0	0.000000E+0
5.0     	104     	9.700111E-2 	8.275367E-5	1.29E+1    	5.00      	206.61 	24.0 	35.7 	0.000000E+0	0.000000E+0	0.000000E+0	0.000000E+0	0.000000E+0	0.000000E+0	0.000000E+0	0.000000E+0
5.0     	105     	2.120119E-2 	1.171984E-4	1.27E+1    	5.00      	208.50 	24.0 	35.7 	0.000000E+0	0.000000E+0	0.000000E+0	0.000000E+0	0.000000E+0	0.000000E+0	0.000000E+0	0.000000E+0
5.0     	106     	2.140696E-2 	6.074571E-5	1.31E+1    	5.00      	210.39 	24.0 	35.7 	0.000000E+0	0.000000E+0	0.000000E+0	0.000000E+0	0.000000E+0	0.000000E+0	0.000000E+0	0.000000E+0
5.0     	107     	2.088620E-2 	1.552798E-4	1.29E+1    	5.00      	212.28 	24.0 	35.7 	0.000000E+0	0.000000E+0	0.000000E+0	0.000000E+0	0.000000E+0	0.000000E+0	0.000000E+0	0.000000E+0
5.0     	108     	2.061299E-2 	2.851089E-5	1.28E+1    	5.00      	214.17 	24.0 	35.7 	0.000000E+0	0.000000E+0	0.000000E+0	0.000000E+0	0.000000E+0	0.000000E+0	0.000000E+0	0.000000E+0
5.0     	109     	2.108596E-2 	7.668603E-5	1.29E+1    	5.00      	216.06 	24.1 	35.7 	0.000000E+0	0.000000E+0	0.000000E+0	0.000000E+0	0.000000E+0	0.000000E+0	0.000000E+0	0.000000E+0
5.0     	110     	2.136264E-2 	4.240158E-5	1.31E+1    	5.00      	217.95 	24.1 	35.7 	0.000000E+0	0.000000E+0	0.000000E+0	0.000000E+0	0.000000E+0	0.000000E+0	0.000000E+0	0.000000E+0
5.0     	111     	2.227090E-2 	4.056135E-5	1.26E+1    	5.00      	219.84 	24.0 	35.7 	0.000000E+0	0.000000E+0	0.000000E+0	0.000000E+0	0.000000E+0	0.000000E+0	0.000000E+0	0.000000E+0
5.0     	112     	1.048767E-1 	7.605296E-5	1.30E+1    	5.00      	221.73 	24.0 	35.7 	0.000000E+0	0.000000E+0	0.000000E+0	0.000000E+0	0.000000E+0	0.000000E+0	0.000000E+0	0.000000E+0
5.0     	113     	6.678894E-2 	1.068627E-4	1.30E+1    	5.00      	223.62 	24.0 	35.7 	0.000000E+0	0.000000E+0	0.000000E+0	0.000000E+0	0.000000E+0	0.000000E+0	0.000000E+0	0.000000E+0
5.0     	114     	2.192204E-2 	7.507728E-5	1.33E+1    	5.00      	225.51 	24.0 	35.7 	0.000000E+0	0.000000E+0	0.000000E+0	0.000000E+0	0.000000E+0	0.000000E+0	0.000000E+0	0.000000E+0
5.0     	115     	2.136677E-2 	1.554893E-4	1.29E+1    	5.00      	227.40 	24.1 	35.7 	0.000000E+0	0.000000E+0	0.000000E+0	0.000000E+0	0.000000E+0	0.000000E+0	0.000000E+0	0.000000E+0
5.0     	116     	2.140888E-2 	1.813257E-4	1.29E+1    	5.00      	229.29 	24.0 	35.7 	0.000000E+0	0.000000E+0	0.000000E+0	0.000000E+0	0.000000E+0	0.000000E+0	0.000000E+0	0.000000E+0
5.0     	117     	2.217468E-2 	2.089258E-4	1.28E+1    	5.00      	231.18 	24.1 	35.7 	0.000000E+0	0.000000E+0	0.000000E+0	0.000000E+0	0.000000E+0	0.000000E+0	0.000000E+0	0.000000E+0
5.0     	118     	2.214523E-2 	8.319350E-5	1.28E+1    	5.00      	233.07 	24.1 	35.7 	0.000000E+0	0.000000E+0	0.000000E+0	0.000000E+0	0.000000E+0	0.000000E+0	0.000000E+0	0.000000E+0
5.0     	119     	2.493713E-2 	2.284384E-4	1.29E+1    	5.00      	234.95 	24.0 	35.7 	0.000000E+0	0.000000E+0	0.000000E+0	0.000000E+0	0.000000E+0	0.000000E+0	0.000000E+0	0.000000E+0
5.0     	120     	2.226458E-2 	1.620410E-4	1.29E+1    	5.00      	236.84 	24.0 	35.7 	0.000000E+0	0.000000E+0	0.000000E+0	0.000000E+0	0.000000E+0	0.000000E+0	0.000000E+0	0.000000E+0
5.0     	121     	2.152157E-2 	9.273863E-5	1.31E+1    	5.00      	238.73 	24.1 	35.7 	0.000000E+0	0.000000E+0	0.000000E+0	0.000000E+0	0.000000E+0	0.000000E+0	0.000000E+0	0.000000E+0
5.0     	122     	2.158742E-2 	9.600096E-5	1.29E+1    	5.00      	240.62 	24.0 	35.7 	0.000000E+0	0.000000E+0	0.000000E+0	0.000000E+0	0.000000E+0	0.000000E+0	0.000000E+0	0.000000E+0
5.0     	123     	2.128731E-2 	2.012807E-4	1.28E+1    	5.00      	242.51 	24.1 	35.7 	0.000000E+0	0.000000E+0	0.000000E+0	0.000000E+0	0.000000E+0	0.000000E+0	0.000000E+0	0.000000E+0
5.0     	124     	2.116543E-2 	1.095615E-4	1.29E+1    	5.00      	244.40 	24.0 	35.7 	0.000000E+0	0.000000E+0	0.000000E+0	0.000000E+0	0.000000E+0	0.000000E+0	0.000000E+0	0.000000E+0
5.0     	125     	2.089255E-2 	8.321073E-4	1.29E+1    	5.00      	246.29 	24.1 	35.7 	0.000000E+0	0.000000E+0	0.000000E+0	0.000000E+0	0.000000E+0	0.000000E+0	0.000000E+0	0.000000E+0
5.0     	126     	2.077920E-2 	5.240755E-5	1.29E+1    	5.00      	248.19 	24.1 	35.7 	0.000000E+0	0.000000E+0	0.000000E+0	0.000000E+0	0.000000E+0	0.000000E+0	0.000000E+0	0.000000E+0
5.0     	127     	2.146808E-2 	9.038007E-5	1.32E+1    	5.00      	250.08 	24.1 	35.7 	0.000000E+0	0.000000E+0	0.000000E+0	0.000000E+0	0.000000E+0	0.000000E+0	0.000000E+0	0.000000E+0
5.0     	128     	6.514719E-2 	8.401760E-5	1.29E+1    	5.00      	251.97 	24.1 	35.7 	0.000000E+0	0.000000E+0	0.000000E+0	0.000000E+0	0.000000E+0	0.000000E+0	0.000000E+0	0.000000E+0
5.0     	129     	6.716442E-2 	4.853316E-5	1.29E+1    	5.00      	253.86 	24.1 	35.7 	0.000000E+0	0.000000E+0	0.000000E+0	0.000000E+0	0.000000E+0	0.000000E+0	0.000000E+0	0.000000E+0
5.0     	130     	2.273027E-2 	2.484114E-5	1.32E+1    	5.00      	255.75 	24.0 	35.7 	0.000000E+0	0.000000E+0	0.000000E+0	0.000000E+0	0.000000E+0	0.000000E+0	0.000000E+0	0.000000E+0
5.0     	131     	2.171977E-2 	9.765238E-5	1.30E+1    	5.00      	257.64 	24.0 	35.7 	0.000000E+0	0.000000E+0	0.000000E+0	0.000000E+0	0.000000E+0	0.000000E+0	0.000000E+0	0.000000E+0
5.0     	132     	2.140983E-2 	1.698587E-4	1.27E+1    	5.00      	259.53 	24.1 	35.7 	0.000000E+0	0.000000E+0	0.000000E+0	0.000000E+0	0.000000E+0	0.000000E+0	0.000000E+0	0.000000E+0
5.0     	133     	2.142312E-2 	2.437757E-4	1.32E+1    	5.00      	261.42 	24.1 	35.7 	0.000000E+0	0.000000E+0	0.000000E+0	0.000000E+0	0.000000E+0	0.000000E+0	0.000000E+0	0.000000E+0
5.0     	134     	2.161213E-2 	1.206320E-4	1.31E+1    	5.00      	263.31 	24.1 	35.7 	0.000000E+0	0.000000E+0	0.000000E+0	0.000000E+0	0.000000E+0	0.000000E+0	0.000000E+0	0.000000E+0
5.0     	135     	2.158204E-2 	1.189828E-5	1.29E+1    	5.00      	265.20 	24.1 	35.7 	0.000000E+0	0.000000E+0	0.000000E+0	0.000000E+0	0.000000E+0	0.000000E+0	0.000000E+0	0.000000E+0
5.0     	136     	2.234627E-2 	1.608686E-4	1.29E+1    	5.00      	267.10 	24.1 	35.7 	0.000000E+0	0.000000E+0	0.000000E+0	0.000000E+0	0.000000E+0	0.000000E+0	0.000000E+0	0.000000E+0
5.0     	137     	2.211960E-2 	7.414717E-5	1.31E+1    	5.00      	268.99 	24.1 	35.7 	0.000000E+0	0.000000E+0	0.000000E+0	0.000000E+0	0.000000E+0	0.000000E+0	0.000000E+0	0.000000E+0
5.0     	138     	2.160167E-2 	1.320132E-4	1.29E+1    	5.00      	270.88 	24.1 	35.7 	0.000000E+0	0.000000E+0	0.000000E+0	0.000000E+0	0.000000E+0	0.000000E+0	0.000000E+0	0.000000E+0
5.0     	139     	2.094762E-2 	1.704466E-4	1.29E+1    	5.00      	272.77 	24.1 	35.7 	0.000000E+0	0.000000E+0	0.000000E+0	0.000000E+0	0.000000E+0	0.000000E+0	0.000000E+0	0.000000E+0
5.0     	140     	2.070576E-2 	9.351348E-5	1.30E+1    	5.00      	274.66 	24.1 	35.7 	0.000000E+0	0.000000E+0	0.000000E+0	0.000000E+0	0.000000E+0	0.000000E+0	0.000000E+0	0.000000E+0
5.0     	141     	2.045726E-2 	2.824230E-4	1.28E+1    	5.00      	276.55 	24.1 	35.7 	0.000000E+0	0.000000E+0	0.000000E+0	0.000000E+0	0.000000E+0	0.000000E+0	0.000000E+0	0.000000E+0
5.0     	142     	2.037463E-2 	1.269942E-4	1.29E+1    	5.00      	278.45 	24.1 	35.7 	0.000000E+0	0.000000E+0	0.000000E+0	0.000000E+0	0.000000E+0	0.000000E+0	0.000000E+0	0.000000E+0
5.0     	143     	2.098973E-2 	8.980701E-5	1.30E+1    	5.00      	280.34 	24.1 	35.7 	0.000000E+0	0.000000E+0	0.000000E+0	0.000000E+0	0.000000E+0	0.000000E+0	0.000000E+0	0.000000E+0
5.0     	144     	6.459161E-2 	1.789106E-4	1.28E+1    	5.00      	282.23 	24.1 	35.7 	0.000000E+0	0.000000E+0	0.000000E+0	0.000000E+0	0.000000E+0	0.000000E+0	0.000000E+0	0.000000E+0
5.0     	145     	6.647212E-2 	7.528237E-5	1.29E+1    	5.00      	284.12 	24.1 	35.7 	0.000000E+0	0.000000E+0	0.000000E+0	0.000000E+0	0.000000E+0	0.000000E+0	0.000000E+0	0.000000E+0
5.0     	146     	2.264164E-2 	4.120286E-5	1.29E+1    	5.00      	286.01 	24.1 	35.7 	0.000000E+0	0.000000E+0	0.000000E+0	0.000000E+0	0.000000E+0	0.000000E+0	0.000000E+0	0.000000E+0
5.0     	147     	2.220318E-2 	1.727314E-4	1.31E+1    	5.00      	287.91 	24.1 	35.7 	0.000000E+0	0.000000E+0	0.000000E+0	0.000000E+0	0.000000E+0	0.000000E+0	0.000000E+0	0.000000E+0
5.0     	148     	2.384463E-2 	1.493524E-4	1.28E+1    	5.00      	289.80 	24.1 	35.7 	0.000000E+0	0.000000E+0	0.000000E+0	0.000000E+0	0.000000E+0	0.000000E+0	0.000000E+0	0.000000E+0
5.0     	149     	2.169919E-2 	1.888569E-4	1.27E+1    	5.00      	291.69 	24.1 	35.7 	0.000000E+0	0.000000E+0	0.000000E+0	0.000000E+0	0.000000E+0	0.000000E+0	0.000000E+0	0.000000E+0
5.0     	150     	4.677719E-2 	2.471102E-5	1.32E+1    	5.00      	293.58 	24.1 	35.7 	0.000000E+0	0.000000E+0	0.000000E+0	0.000000E+0	0.000000E+0	0.000000E+0	0.000000E+0	0.000000E+0
5.0     	151     	2.152570E-2 	6.592175E-5	1.30E+1    	5.00      	295.47 	24.1 	35.7 	0.000000E+0	0.000000E+0	0.000000E+0	0.000000E+0	0.000000E+0	0.000000E+0	0.000000E+0	0.000000E+0
5.0     	152     	2.154977E-2 	1.045903E-4	1.31E+1    	5.00      	297.37 	24.1 	35.7 	0.000000E+0	0.000000E+0	0.000000E+0	0.000000E+0	0.000000E+0	0.000000E+0	0.000000E+0	0.000000E+0
5.0     	153     	2.208826E-2 	5.286241E-5	1.30E+1    	5.00      	299.26 	24.1 	35.7 	0.000000E+0	0.000000E+0	0.000000E+0	0.000000E+0	0.000000E+0	0.000000E+0	0.000000E+0	0.000000E+0
5.0     	154     	2.194043E-2 	2.135942E-4	1.30E+1    	5.00      	301.15 	24.1 	35.7 	0.000000E+0	0.000000E+0	0.000000E+0	0.000000E+0	0.000000E+0	0.000000E+0	0.000000E+0	0.000000E+0
5.0     	155     	3.852465E-2 	2.406373E-5	1.26E+1    	5.00      	303.04 	24.1 	35.7 	0.000000E+0	0.000000E+0	0.000000E+0	0.000000E+0	0.000000E+0	0.000000E+0	0.000000E+0	0.000000E+0
5.0     	156     	2.059497E-2 	1.097512E-4	1.31E+1    	5.00      	304.93 	24.1 	35.7 	0.000000E+0	0.000000E+0	0.000000E+0	0.000000E+0	0.000000E+0	0.000000E+0	0.000000E+0	0.000000E+0
5.0     	157     	6.765263E-2 	8.134047E-2	1.29E+1    	5.00      	306.82 	24.1 	35.7 	0.000000E+0	0.000000E+0	0.000000E+0	0.000000E+0	0.000000E+0	0.000000E+0	0.000000E+0	0.000000E+0
5.0     	158     	2.067317E-2 	1.598892E-4	1.28E+1    	5.00      	308.72 	24.1 	35.7 	0.000000E+0	0.000000E+0	0.000000E+0	0.000000E+0	0.000000E+0	0.000000E+0	0.000000E+0	0.000000E+0
5.0     	159     	2.080233E-2 	1.839942E-4	1.28E+1    	5.00      	310.61 	24.1 	35.7 	0.000000E+0	0.000000E+0	0.000000E+0	0.000000E+0	0.000000E+0	0.000000E+0	0.000000E+0	0.000000E+0
5.0     	160     	6.389676E-2 	1.554228E-4	1.24E+1    	5.00      	312.50 	24.1 	35.7 	0.000000E+0	0.000000E+0	0.000000E+0	0.000000E+0	0.000000E+0	0.000000E+0	0.000000E+0	0.000000E+0
5.0     	161     	6.682573E-2 	1.016518E-4	1.28E+1    	5.00      	314.39 	24.1 	35.7 	0.000000E+0	0.000000E+0	0.000000E+0	0.000000E+0	0.000000E+0	0.000000E+0	0.000000E+0	0.000000E+0
5.0     	162     	2.312285E-2 	1.255665E-4	1.29E+1    	5.00      	316.29 	24.1 	35.7 	0.000000E+0	0.000000E+0	0.000000E+0	0.000000E+0	0.000000E+0	0.000000E+0	0.000000E+0	0.000000E+0
5.0     	163     	2.639183E-2 	3.294094E-5	1.28E+1    	5.00      	318.18 	24.1 	35.7 	0.000000E+0	0.000000E+0	0.000000E+0	0.000000E+0	0.000000E+0	0.000000E+0	0.000000E+0	0.000000E+0
5.0     	164     	1.431902E-3 	8.429291E-5	1.31E+1    	5.00      	320.07 	24.1 	35.7 	0.000000E+0	0.000000E+0	0.000000E+0	0.000000E+0	0.000000E+0	0.000000E+0	0.000000E+0	0.000000E+0
5.0     	165     	2.368889E-2 	1.764986E-4	1.30E+1    	5.00      	321.96 	24.1 	35.7 	0.000000E+0	0.000000E+0	0.000000E+0	0.000000E+0	0.000000E+0	0.000000E+0	0.000000E+0	0.000000E+0
5.0     	166     	2.224656E-2 	7.888847E-5	1.29E+1    	5.00      	323.85 	24.1 	35.7 	0.000000E+0	0.000000E+0	0.000000E+0	0.000000E+0	0.000000E+0	0.000000E+0	0.000000E+0	0.000000E+0
5.0     	167     	2.174889E-2 	1.962393E-4	1.30E+1    	5.00      	325.75 	24.1 	35.7 	0.000000E+0	0.000000E+0	0.000000E+0	0.000000E+0	0.000000E+0	0.000000E+0	0.000000E+0	0.000000E+0
5.0     	168     	2.509766E-2 	1.030742E-4	1.26E+1    	5.00      	327.64 	24.1 	35.7 	0.000000E+0	0.000000E+0	0.000000E+0	0.000000E+0	0.000000E+0	0.000000E+0	0.000000E+0	0.000000E+0
5.0     	169     	2.106383E-2 	1.263232E-4	1.28E+1    	5.00      	329.53 	24.1 	35.7 	0.000000E+0	0.000000E+0	0.000000E+0	0.000000E+0	0.000000E+0	0.000000E+0	0.000000E+0	0.000000E+0
5.0     	170     	2.110941E-2 	1.031554E-4	1.29E+1    	5.00      	331.42 	24.1 	35.7 	0.000000E+0	0.000000E+0	0.000000E+0	0.000000E+0	0.000000E+0	0.000000E+0	0.000000E+0	0.000000E+0
5.0     	171     	2.151211E-2 	9.844409E-5	1.29E+1    	5.00      	333.31 	24.1 	35.7 	0.000000E+0	0.000000E+0	0.000000E+0	0.000000E+0	0.000000E+0	0.000000E+0	0.000000E+0	0.000000E+0
5.0     	172     	2.064373E-2 	1.647093E-5	1.32E+1    	5.00      	335.20 	24.1 	35.7 	0.000000E+0	0.000000E+0	0.000000E+0	0.000000E+0	0.000000E+0	0.000000E+0	0.000000E+0	0.000000E+0
5.0     	173     	2.060353E-2 	1.202720E-5	1.29E+1    	5.00      	337.10 	24.1 	35.7 	0.000000E+0	0.000000E+0	0.000000E+0	0.000000E+0	0.000000E+0	0.000000E+0	0.000000E+0	0.000000E+0
5.0     	174     	2.019165E-2 	8.943612E-5	1.28E+1    	5.00      	338.99 	24.1 	35.7 	0.000000E+0	0.000000E+0	0.000000E+0	0.000000E+0	0.000000E+0	0.000000E+0	0.000000E+0	0.000000E+0
5.0     	175     	2.097107E-2 	1.024873E-4	1.28E+1    	5.00      	340.88 	24.1 	35.7 	0.000000E+0	0.000000E+0	0.000000E+0	0.000000E+0	0.000000E+0	0.000000E+0	0.000000E+0	0.000000E+0
5.0     	176     	6.493296E-2 	1.308443E-4	1.26E+1    	5.00      	342.77 	24.1 	35.7 	0.000000E+0	0.000000E+0	0.000000E+0	0.000000E+0	0.000000E+0	0.000000E+0	0.000000E+0	0.000000E+0
5.0     	177     	6.801360E-2 	8.758515E-5	1.30E+1    	5.00      	344.67 	24.1 	35.7 	0.000000E+0	0.000000E+0	0.000000E+0	0.000000E+0	0.000000E+0	0.000000E+0	0.000000E+0	0.000000E+0
5.0     	178     	2.329191E-2 	3.370058E-4	1.28E+1    	5.00      	346.56 	24.1 	35.7 	0.000000E+0	0.000000E+0	0.000000E+0	0.000000E+0	0.000000E+0	0.000000E+0	0.000000E+0	0.000000E+0
5.0     	179     	2.290378E-2 	1.465119E-4	1.28E+1    	5.00      	348.45 	24.1 	35.7 	0.000000E+0	0.000000E+0	0.000000E+0	0.000000E+0	0.000000E+0	0.000000E+0	0.000000E+0	0.000000E+0
5.0     	180     	2.501663E-2 	1.104966E-4	1.27E+1    	5.00      	350.34 	24.1 	35.7 	0.000000E+0	0.000000E+0	0.000000E+0	0.000000E+0	0.000000E+0	0.000000E+0	0.000000E+0	0.000000E+0
5.0     	181     	2.237067E-2 	9.851969E-5	1.29E+1    	5.00      	352.23 	24.1 	35.7 	0.000000E+0	0.000000E+0	0.000000E+0	0.000000E+0	0.000000E+0	0.000000E+0	0.000000E+0	0.000000E+0
5.0     	182     	2.227475E-2 	1.799802E-4	1.28E+1    	5.00      	354.13 	24.1 	35.7 	0.000000E+0	0.000000E+0	0.000000E+0	0.000000E+0	0.000000E+0	0.000000E+0	0.000000E+0	0.000000E+0
5.0     	183     	2.194297E-2 	1.746054E-4	1.25E+1    	5.00      	356.02 	24.1 	35.7 	0.000000E+0	0.000000E+0	0.000000E+0	0.000000E+0	0.000000E+0	0.000000E+0	0.000000E+0	0.000000E+0
5.0     	184     	2.114868E-2 	1.298771E-4	1.29E+1    	5.00      	357.91 	24.1 	35.7 	0.000000E+0	0.000000E+0	0.000000E+0	0.000000E+0	0.000000E+0	0.000000E+0	0.000000E+0	0.000000E+0
5.0     	185     	3.891342E-2 	1.497565E-4	1.28E+1    	5.00      	359.81 	24.1 	35.7 	0.000000E+0	0.000000E+0	0.000000E+0	0.000000E+0	0.000000E+0	0.000000E+0	0.000000E+0	0.000000E+0
5.0     	186     	2.057789E-2 	7.921250E-5	1.27E+1    	5.00      	361.70 	24.1 	35.7 	0.000000E+0	0.000000E+0	0.000000E+0	0.000000E+0	0.000000E+0	0.000000E+0	0.000000E+0	0.000000E+0
5.0     	187     	2.082577E-2 	5.122757E-5	1.31E+1    	5.00      	363.59 	24.1 	35.7 	0.000000E+0	0.000000E+0	0.000000E+0	0.000000E+0	0.000000E+0	0.000000E+0	0.000000E+0	0.000000E+0
5.0     	188     	2.062411E-2 	1.442410E-4	1.29E+1    	5.00      	365.49 	24.1 	35.7 	0.000000E+0	0.000000E+0	0.000000E+0	0.000000E+0	0.000000E+0	0.000000E+0	0.000000E+0	0.000000E+0
5.0     	189     	2.032432E-2 	1.276618E-4	1.25E+1    	5.00      	367.38 	24.1 	35.7 	0.000000E+0	0.000000E+0	0.000000E+0	0.000000E+0	0.000000E+0	0.000000E+0	0.000000E+0	0.000000E+0
5.0     	190     	2.013088E-2 	1.312158E-4	1.25E+1    	5.00      	369.27 	24.1 	35.7 	0.000000E+0	0.000000E+0	0.000000E+0	0.000000E+0	0.000000E+0	0.000000E+0	0.000000E+0	0.000000E+0
5.0     	191     	2.033381E-2 	7.687748E-5	1.29E+1    	5.00      	371.17 	24.1 	35.7 	0.000000E+0	0.000000E+0	0.000000E+0	0.000000E+0	0.000000E+0	0.000000E+0	0.000000E+0	0.000000E+0
5.0     	192     	6.507134E-2 	6.654114E-5	1.28E+1    	5.00      	373.06 	24.1 	35.7 	0.000000E+0	0.000000E+0	0.000000E+0	0.000000E+0	0.000000E+0	0.000000E+0	0.000000E+0	0.000000E+0
5.0     	193     	6.660134E-2 	1.565177E-4	1.30E+1    	5.00      	374.95 	24.1 	35.7 	0.000000E+0	0.000000E+0	0.000000E+0	0.000000E+0	0.000000E+0	0.000000E+0	0.000000E+0	0.000000E+0
5.0     	194     	3.441012E-2 	6.712761E-5	1.27E+1    	5.00      	376.84 	24.1 	35.7 	0.000000E+0	0.000000E+0	0.000000E+0	0.000000E+0	0.000000E+0	0.000000E+0	0.000000E+0	0.000000E+0
5.0     	195     	2.323145E-2 	6.656962E-5	1.29E+1    	5.00      	378.74 	24.1 	35.7 	0.000000E+0	0.000000E+0	0.000000E+0	0.000000E+0	0.000000E+0	0.000000E+0	0.000000E+0	0.000000E+0
5.0     	196     	2.272968E-2 	7.823075E-5	1.26E+1    	5.00      	380.63 	24.1 	35.7 	0.000000E+0	0.000000E+0	0.000000E+0	0.000000E+0	0.000000E+0	0.000000E+0	0.000000E+0	0.000000E+0
5.0     	197     	2.249984E-2 	1.078675E-4	1.26E+1    	5.00      	382.53 	24.1 	35.7 	0.000000E+0	0.000000E+0	0.000000E+0	0.000000E+0	0.000000E+0	0.000000E+0	0.000000E+0	0.000000E+0
5.0     	198     	2.851926E-2 	1.137492E-4	1.30E+1    	5.00      	384.42 	24.1 	35.7 	0.000000E+0	0.000000E+0	0.000000E+0	0.000000E+0	0.000000E+0	0.000000E+0	0.000000E+0	0.000000E+0
5.0     	199     	2.147919E-2 	4.153469E-5	1.29E+1    	5.00      	386.31 	24.1 	35.7 	0.000000E+0	0.000000E+0	0.000000E+0	0.000000E+0	0.000000E+0	0.000000E+0	0.000000E+0	0.000000E+0
5.0     	200     	2.097140E-2 	1.908794E-4	1.29E+1    	5.00      	388.21 	24.1 	35.7 	0.000000E+0	0.000000E+0	0.000000E+0	0.000000E+0	0.000000E+0	0.000000E+0	0.000000E+0	0.000000E+0
5.0     	201     	3.618613E-2 	1.117748E-4	1.28E+1    	5.00      	390.10 	24.1 	35.7 	0.000000E+0	0.000000E+0	0.000000E+0	0.000000E+0	0.000000E+0	0.000000E+0	0.000000E+0	0.000000E+0
5.0     	202     	2.987547E-2 	1.623812E-4	1.28E+1    	5.00      	391.99 	24.1 	35.7 	0.000000E+0	0.000000E+0	0.000000E+0	0.000000E+0	0.000000E+0	0.000000E+0	0.000000E+0	0.000000E+0
5.0     	203     	1.969591E-2 	1.447896E-4	1.28E+1    	5.00      	393.89 	24.1 	35.7 	0.000000E+0	0.000000E+0	0.000000E+0	0.000000E+0	0.000000E+0	0.000000E+0	0.000000E+0	0.000000E+0
5.0     	204     	1.991561E-2 	1.213576E-4	1.29E+1    	5.00      	395.78 	24.1 	35.7 	0.000000E+0	0.000000E+0	0.000000E+0	0.000000E+0	0.000000E+0	0.000000E+0	0.000000E+0	0.000000E+0
5.0     	205     	2.022998E-2 	2.651522E-4	1.27E+1    	5.00      	397.67 	24.1 	35.7 	0.000000E+0	0.000000E+0	0.000000E+0	0.000000E+0	0.000000E+0	0.000000E+0	0.000000E+0	0.000000E+0
5.0     	206     	2.004795E-2 	4.249371E-5	1.30E+1    	5.00      	399.57 	24.1 	35.7 	0.000000E+0	0.000000E+0	0.000000E+0	0.000000E+0	0.000000E+0	0.000000E+0	0.000000E+0	0.000000E+0
5.0     	207     	2.054750E-2 	1.212033E-4	1.27E+1    	5.00      	401.46 	24.1 	35.7 	0.000000E+0	0.000000E+0	0.000000E+0	0.000000E+0	0.000000E+0	0.000000E+0	0.000000E+0	0.000000E+0
5.0     	208     	6.692866E-2 	2.217932E-4	1.27E+1    	5.00      	403.35 	24.1 	35.7 	0.000000E+0	0.000000E+0	0.000000E+0	0.000000E+0	0.000000E+0	0.000000E+0	0.000000E+0	0.000000E+0
5.0     	209     	6.756059E-2 	1.495722E-4	1.28E+1    	5.00      	405.24 	24.1 	35.7 	0.000000E+0	0.000000E+0	0.000000E+0	0.000000E+0	0.000000E+0	0.000000E+0	0.000000E+0	0.000000E+0
5.0     	210     	2.389405E-2 	6.373780E-5	1.26E+1    	5.00      	407.13 	24.1 	35.7 	0.000000E+0	0.000000E+0	0.000000E+0	0.000000E+0	0.000000E+0	0.000000E+0	0.000000E+0	0.000000E+0
5.0     	211     	2.336790E-2 	1.503467E-4	1.27E+1    	5.00      	409.03 	24.1 	35.7 	0.000000E+0	0.000000E+0	0.000000E+0	0.000000E+0	0.000000E+0	0.000000E+0	0.000000E+0	0.000000E+0
5.0     	212     	3.824262E-2 	7.585814E-5	1.30E+1    	5.00      	410.92 	24.1 	35.7 	0.000000E+0	0.000000E+0	0.000000E+0	0.000000E+0	0.000000E+0	0.000000E+0	0.000000E+0	0.000000E+0
5.0     	213     	2.218294E-2 	2.320863E-4	1.31E+1    	5.00      	412.82 	24.1 	35.7 	0.000000E+0	0.000000E+0	0.000000E+0	0.000000E+0	0.000000E+0	0.000000E+0	0.000000E+0	0.000000E+0
5.0     	214     	2.190879E-2 	8.639257E-5	1.26E+1    	5.00      	414.71 	24.1 	35.7 	0.000000E+0	0.000000E+0	0.000000E+0	0.000000E+0	0.000000E+0	0.000000E+0	0.000000E+0	0.000000E+0
5.0     	215     	2.109867E-2 	9.604204E-5	1.28E+1    	5.00      	416.60 	24.1 	35.7 	0.000000E+0	0.000000E+0	0.000000E+0	0.000000E+0	0.000000E+0	0.000000E+0	0.000000E+0	0.000000E+0
5.0     	216     	2.052661E-2 	2.296757E-4	1.29E+1    	5.00      	418.50 	24.1 	35.7 	0.000000E+0	0.000000E+0	0.000000E+0	0.000000E+0	0.000000E+0	0.000000E+0	0.000000E+0	0.000000E+0
5.0     	217     	2.005301E-2 	6.062789E-5	1.29E+1    	5.00      	420.39 	24.1 	35.7 	0.000000E+0	0.000000E+0	0.000000E+0	0.000000E+0	0.000000E+0	0.000000E+0	0.000000E+0	0.000000E+0
5.0     	218     	1.986244E-2 	6.003285E-5	1.28E+1    	5.00      	422.29 	24.1 	35.7 	0.000000E+0	0.000000E+0	0.000000E+0	0.000000E+0	0.000000E+0	0.000000E+0	0.000000E+0	0.000000E+0
5.0     	219     	1.971966E-2 	1.317225E-5	1.30E+1    	5.00      	424.18 	24.1 	35.7 	0.000000E+0	0.000000E+0	0.000000E+0	0.000000E+0	0.000000E+0	0.000000E+0	0.000000E+0	0.000000E+0
5.0     	220     	1.978456E-2 	5.545304E-5	1.28E+1    	5.00      	426.07 	24.1 	35.7 	0.000000E+0	0.000000E+0	0.000000E+0	0.000000E+0	0.000000E+0	0.000000E+0	0.000000E+0	0.000000E+0
5.0     	221     	1.993399E-2 	1.014269E-4	1.27E+1    	5.00      	427.97 	24.1 	35.7 	0.000000E+0	0.000000E+0	0.000000E+0	0.000000E+0	0.000000E+0	0.000000E+0	0.000000E+0	0.000000E+0
5.0     	222     	2.000426E-2 	9.052027E-5	1.27E+1    	5.00      	429.87 	24.1 	35.7 	0.000000E+0	0.000000E+0	0.000000E+0	0.000000E+0	0.000000E+0	0.000000E+0	0.000000E+0	0.000000E+0
5.0     	223     	2.111355E-2 	3.115962E-4	1.29E+1    	5.00      	431.76 	24.1 	35.7 	0.000000E+0	0.000000E+0	0.000000E+0	0.000000E+0	0.000000E+0	0.000000E+0	0.000000E+0	0.000000E+0
5.0     	224     	6.778886E-2 	1.612815E-4	1.28E+1    	5.00      	433.66 	24.1 	35.7 	0.000000E+0	0.000000E+0	0.000000E+0	0.000000E+0	0.000000E+0	0.000000E+0	0.000000E+0	0.000000E+0
5.0     	225     	7.076878E-2 	9.954568E-5	1.27E+1    	5.00      	435.55 	24.1 	35.7 	0.000000E+0	0.000000E+0	0.000000E+0	0.000000E+0	0.000000E+0	0.000000E+0	0.000000E+0	0.000000E+0
5.0     	226     	2.408749E-2 	1.382464E-4	1.29E+1    	5.00      	437.44 	24.1 	35.7 	0.000000E+0	0.000000E+0	0.000000E+0	0.000000E+0	0.000000E+0	0.000000E+0	0.000000E+0	0.000000E+0
5.0     	227     	2.357718E-2 	1.016575E-4	1.28E+1    	5.00      	439.34 	24.1 	35.7 	0.000000E+0	0.000000E+0	0.000000E+0	0.000000E+0	0.000000E+0	0.000000E+0	0.000000E+0	0.000000E+0
5.0     	228     	2.263122E-2 	2.086520E-4	1.28E+1    	5.00      	441.23 	24.1 	35.7 	0.000000E+0	0.000000E+0	0.000000E+0	0.000000E+0	0.000000E+0	0.000000E+0	0.000000E+0	0.000000E+0
5.0     	229     	2.889819E-2 	1.199773E-4	1.28E+1    	5.00      	443.12 	24.1 	35.7 	0.000000E+0	0.000000E+0	0.000000E+0	0.000000E+0	0.000000E+0	0.000000E+0	0.000000E+0	0.000000E+0
5.0     	230     	2.188316E-2 	1.504151E-4	1.28E+1    	5.00      	445.02 	24.1 	35.7 	0.000000E+0	0.000000E+0	0.000000E+0	0.000000E+0	0.000000E+0	0.000000E+0	0.000000E+0	0.000000E+0
5.0     	231     	2.116136E-2 	6.080735E-5	1.27E+1    	5.00      	446.91 	24.1 	35.7 	0.000000E+0	0.000000E+0	0.000000E+0	0.000000E+0	0.000000E+0	0.000000E+0	0.000000E+0	0.000000E+0
5.0     	232     	2.080268E-2 	1.269557E-4	1.29E+1    	5.00      	448.81 	24.1 	35.7 	0.000000E+0	0.000000E+0	0.000000E+0	0.000000E+0	0.000000E+0	0.000000E+0	0.000000E+0	0.000000E+0
5.0     	233     	2.039683E-2 	8.884266E-5	1.29E+1    	5.00      	450.70 	24.1 	35.7 	0.000000E+0	0.000000E+0	0.000000E+0	0.000000E+0	0.000000E+0	0.000000E+0	0.000000E+0	0.000000E+0
5.0     	234     	2.519836E-2 	5.483768E-5	1.28E+1    	5.00      	452.60 	24.1 	35.7 	0.000000E+0	0.000000E+0	0.000000E+0	0.000000E+0	0.000000E+0	0.000000E+0	0.000000E+0	0.000000E+0
5.0     	235     	1.971744E-2 	4.808773E-5	1.27E+1    	5.00      	454.49 	24.1 	35.7 	0.000000E+0	0.000000E+0	0.000000E+0	0.000000E+0	0.000000E+0	0.000000E+0	0.000000E+0	0.000000E+0
5.0     	236     	1.975861E-2 	5.882238E-5	1.26E+1    	5.00      	456.39 	24.1 	35.7 	0.000000E+0	0.000000E+0	0.000000E+0	0.000000E+0	0.000000E+0	0.000000E+0	0.000000E+0	0.000000E+0
5.0     	237     	2.000901E-2 	1.231380E-4	1.27E+1    	5.00      	458.28 	24.1 	35.7 	0.000000E+0	0.000000E+0	0.000000E+0	0.000000E+0	0.000000E+0	0.000000E+0	0.000000E+0	0.000000E+0
5.0     	238     	3.686049E-2 	7.676504E-4	1.30E+1    	5.00      	460.18 	24.1 	35.7 	0.000000E+0	0.000000E+0	0.000000E+0	0.000000E+0	0.000000E+0	0.000000E+0	0.000000E+0	0.000000E+0
5.0     	239     	2.758346E-2 	1.077218E-4	1.27E+1    	5.00      	462.07 	24.1 	35.7 	0.000000E+0	0.000000E+0	0.000000E+0	0.000000E+0	0.000000E+0	0.000000E+0	0.000000E+0	0.000000E+0
5.0     	240     	7.215607E-2 	2.529949E-4	1.27E+1    	5.00      	463.97 	24.1 	35.7 	0.000000E+0	0.000000E+0	0.000000E+0	0.000000E+0	0.000000E+0	0.000000E+0	0.000000E+0	0.000000E+0
5.0     	241     	1.218360E-1 	1.452150E-4	1.26E+1    	5.00      	465.86 	24.1 	35.7 	0.000000E+0	0.000000E+0	0.000000E+0	0.000000E+0	0.000000E+0	0.000000E+0	0.000000E+0	0.000000E+0
5.0     	242     	6.976368E-2 	1.736252E-4	1.30E+1    	5.00      	467.76 	24.1 	35.7 	0.000000E+0	0.000000E+0	0.000000E+0	0.000000E+0	0.000000E+0	0.000000E+0	0.000000E+0	0.000000E+0
5.0     	243     	6.691796E-2 	4.413056E-5	1.30E+1    	5.00      	469.65 	24.1 	35.7 	0.000000E+0	0.000000E+0	0.000000E+0	0.000000E+0	0.000000E+0	0.000000E+0	0.000000E+0	0.000000E+0
5.0     	244     	6.589635E-2 	1.548216E-4	1.28E+1    	5.00      	471.55 	24.1 	35.7 	0.000000E+0	0.000000E+0	0.000000E+0	0.000000E+0	0.000000E+0	0.000000E+0	0.000000E+0	0.000000E+0
5.0     	245     	6.484216E-2 	1.367825E-4	1.25E+1    	5.00      	473.44 	24.1 	35.7 	0.000000E+0	0.000000E+0	0.000000E+0	0.000000E+0	0.000000E+0	0.000000E+0	0.000000E+0	0.000000E+0
5.0     	246     	6.466173E-2 	8.332268E-5	1.28E+1    	5.00      	475.33 	24.1 	35.7 	0.000000E+0	0.000000E+0	0.000000E+0	0.000000E+0	0.000000E+0	0.000000E+0	0.000000E+0	0.000000E+0
5.0     	247     	6.354073E-2 	2.009632E-4	1.32E+1    	5.00      	477.23 	24.1 	35.7 	0.000000E+0	0.000000E+0	0.000000E+0	0.000000E+0	0.000000E+0	0.000000E+0	0.000000E+0	0.000000E+0
5.0     	248     	6.380665E-2 	2.052714E-5	1.30E+1    	5.00      	479.12 	24.1 	35.7 	0.000000E+0	0.000000E+0	0.000000E+0	0.000000E+0	0.000000E+0	0.000000E+0	0.000000E+0	0.000000E+0
5.0     	249     	6.349451E-2 	1.393440E-4	1.28E+1    	5.00      	481.02 	24.1 	35.7 	0.000000E+0	0.000000E+0	0.000000E+0	0.000000E+0	0.000000E+0	0.000000E+0	0.000000E+0	0.000000E+0
5.0     	250     	6.332448E-2 	2.709066E-5	1.28E+1    	5.00      	482.91 	24.1 	35.7 	0.000000E+0	0.000000E+0	0.000000E+0	0.000000E+0	0.000000E+0	0.000000E+0	0.000000E+0	0.000000E+0
5.0     	251     	6.327638E-2 	1.667309E-5	1.25E+1    	5.00      	484.81 	24.1 	35.7 	0.000000E+0	0.000000E+0	0.000000E+0	0.000000E+0	0.000000E+0	0.000000E+0	0.000000E+0	0.000000E+0
5.0     	252     	6.387089E-2 	5.205865E-5	1.28E+1    	5.00      	486.70 	24.1 	35.7 	0.000000E+0	0.000000E+0	0.000000E+0	0.000000E+0	0.000000E+0	0.000000E+0	0.000000E+0	0.000000E+0
5.0     	253     	6.450911E-2 	3.410851E-5	1.25E+1    	5.00      	488.60 	24.1 	35.7 	0.000000E+0	0.000000E+0	0.000000E+0	0.000000E+0	0.000000E+0	0.000000E+0	0.000000E+0	0.000000E+0
5.0     	254     	1.028464E-1 	1.654752E-4	1.30E+1    	5.00      	490.50 	24.1 	35.7 	0.000000E+0	0.000000E+0	0.000000E+0	0.000000E+0	0.000000E+0	0.000000E+0	0.000000E+0	0.000000E+0
5.0     	255     	7.005525E-2 	1.306580E-4	1.26E+1    	5.00      	492.39 	24.1 	35.7 	0.000000E+0	0.000000E+0	0.000000E+0	0.000000E+0	0.000000E+0	0.000000E+0	0.000000E+0	0.000000E+0
5.0     	256     	1.311266E-1 	1.413852E-4	1.26E+1    	5.00      	494.29 	24.1 	35.7 	0.000000E+0	0.000000E+0	0.000000E+0	0.000000E+0	0.000000E+0	0.000000E+0	0.000000E+0	0.000000E+0
5.0     	257     	1.363524E-3 	1.363530E-4	1.25E+1    	5.00      	496.18 	24.1 	35.7 	0.000000E+0	0.000000E+0	0.000000E+0	0.000000E+0	0.000000E+0	0.000000E+0	0.000000E+0	0.000000E+0
5.0     	258     	1.363840E-3 	8.170695E-5	1.27E+1    	5.00      	498.07 	24.1 	35.7 	0.000000E+0	0.000000E+0	0.000000E+0	0.000000E+0	0.000000E+0	0.000000E+0	0.000000E+0	0.000000E+0
5.0     	259     	1.284696E-3 	1.393629E-4	1.32E+1    	5.00      	499.97 	24.1 	35.7 	0.000000E+0	0.000000E+0	0.000000E+0	0.000000E+0	0.000000E+0	0.000000E+0	0.000000E+0	0.000000E+0
5.0     	260     	1.336615E-3 	2.054879E-4	1.25E+1    	5.00      	501.86 	24.1 	35.7 	0.000000E+0	0.000000E+0	0.000000E+0	0.000000E+0	0.000000E+0	0.000000E+0	0.000000E+0	0.000000E+0
5.0     	261     	1.357825E-3 	1.955956E-4	1.26E+1    	5.00      	503.75 	24.1 	35.7 	0.000000E+0	0.000000E+0	0.000000E+0	0.000000E+0	0.000000E+0	0.000000E+0	0.000000E+0	0.000000E+0
5.0     	262     	1.435703E-3 	1.332078E-4	1.28E+1    	5.00      	505.65 	24.1 	35.7 	0.000000E+0	0.000000E+0	0.000000E+0	0.000000E+0	0.000000E+0	0.000000E+0	0.000000E+0	0.000000E+0
5.0     	263     	9.735000E-4 	1.911409E-4	1.28E+1    	5.00      	507.55 	24.1 	35.7 	0.000000E+0	0.000000E+0	0.000000E+0	0.000000E+0	0.000000E+0	0.000000E+0	0.000000E+0	0.000000E+0
5.0     	264     	-1.547832E-3	2.517967E-4	1.27E+1    	5.00      	509.44 	24.1 	35.7 	0.000000E+0	0.000000E+0	0.000000E+0	0.000000E+0	0.000000E+0	0.000000E+0	0.000000E+0	0.000000E+0
10.0    	1       	1.429731E-1 	2.711906E-5	2.20E+1    	10.00     	525.62 	24.1 	35.7 	0.000000E+0	0.000000E+0	0.000000E+0	0.000000E+0	0.000000E+0	0.000000E+0	0.000000E+0	0.000000E+0
10.0    	2       	1.181141E-1 	1.963009E-4	1.98E+1    	10.00     	527.39 	24.1 	35.7 	0.000000E+0	0.000000E+0	0.000000E+0	0.000000E+0	0.000000E+0	0.000000E+0	0.000000E+0	0.000000E+0
10.0    	3       	1.397397E-3 	2.146949E-5	1.96E+1    	10.00     	529.28 	24.1 	35.7 	0.000000E+0	0.000000E+0	0.000000E+0	0.000000E+0	0.000000E+0	0.000000E+0	0.000000E+0	0.000000E+0
10.0    	4       	9.339845E-2 	1.500225E-4	1.93E+1    	10.00     	531.18 	24.1 	35.7 	0.000000E+0	0.000000E+0	0.000000E+0	0.000000E+0	0.000000E+0	0.000000E+0	0.000000E+0	0.000000E+0
10.0    	5       	7.976819E-2 	7.574855E-5	1.92E+1    	10.00     	533.07 	24.1 	35.7 	0.000000E+0	0.000000E+0	0.000000E+0	0.000000E+0	0.000000E+0	0.000000E+0	0.000000E+0	0.000000E+0
10.0    	6       	7.875609E-2 	2.186543E-4	1.94E+1    	10.00     	534.97 	24.1 	35.7 	0.000000E+0	0.000000E+0	0.000000E+0	0.000000E+0	0.000000E+0	0.000000E+0	0.000000E+0	0.000000E+0
10.0    	7       	7.819448E-2 	8.096949E-5	1.92E+1    	10.00     	536.87 	24.1 	35.7 	0.000000E+0	0.000000E+0	0.000000E+0	0.000000E+0	0.000000E+0	0.000000E+0	0.000000E+0	0.000000E+0
10.0    	8       	7.781776E-2 	8.804836E-5	1.92E+1    	10.00     	538.76 	24.1 	35.7 	0.000000E+0	0.000000E+0	0.000000E+0	0.000000E+0	0.000000E+0	0.000000E+0	0.000000E+0	0.000000E+0
10.0    	9       	7.759775E-2 	7.995634E-5	1.89E+1    	10.00     	540.66 	24.1 	35.7 	0.000000E+0	0.000000E+0	0.000000E+0	0.000000E+0	0.000000E+0	0.000000E+0	0.000000E+0	0.000000E+0
10.0    	10      	7.677018E-2 	1.822837E-4	1.91E+1    	10.00     	542.56 	24.1 	35.7 	0.000000E+0	0.000000E+0	0.000000E+0	0.000000E+0	0.000000E+0	0.000000E+0	0.000000E+0	0.000000E+0
10.0    	11      	7.663502E-2 	1.418467E-4	1.91E+1    	10.00     	544.46 	24.1 	35.7 	0.000000E+0	0.000000E+0	0.000000E+0	0.000000E+0	0.000000E+0	0.000000E+0	0.000000E+0	0.000000E+0
10.0    	12      	7.702538E-2 	1.911684E-4	1.90E+1    	10.00     	546.35 	24.1 	35.7 	0.000000E+0	0.000000E+0	0.000000E+0	0.000000E+0	0.000000E+0	0.000000E+0	0.000000E+0	0.000000E+0
10.0    	13      	8.256958E-2 	5.680717E-3	1.91E+1    	10.00     	548.25 	24.1 	35.7 	0.000000E+0	0.000000E+0	0.000000E+0	0.000000E+0	0.000000E+0	0.000000E+0	0.000000E+0	0.000000E+0
10.0    	14      	8.079330E-2 	5.110384E-4	1.88E+1    	10.00     	550.15 	24.1 	35.6 	0.000000E+0	0.000000E+0	0.000000E+0	0.000000E+0	0.000000E+0	0.000000E+0	0.000000E+0	0.000000E+0
10.0    	15      	8.434940E-2 	2.902795E-5	1.89E+1    	10.00     	552.04 	24.1 	35.7 	0.000000E+0	0.000000E+0	0.000000E+0	0.000000E+0	0.000000E+0	0.000000E+0	0.000000E+0	0.000000E+0
10.0    	16      	1.407826E-1 	2.649232E-4	1.90E+1    	10.00     	553.94 	24.1 	35.7 	0.000000E+0	0.000000E+0	0.000000E+0	0.000000E+0	0.000000E+0	0.000000E+0	0.000000E+0	0.000000E+0
10.0    	17      	8.040901E-2 	2.359686E-4	1.87E+1    	10.00     	555.84 	24.1 	35.7 	0.000000E+0	0.000000E+0	0.000000E+0	0.000000E+0	0.000000E+0	0.000000E+0	0.000000E+0	0.000000E+0
10.0    	18      	3.049885E-2 	3.193833E-5	1.87E+1    	10.00     	557.73 	24.1 	35.7 	0.000000E+0	0.000000E+0	0.000000E+0	0.000000E+0	0.000000E+0	0.000000E+0	0.000000E+0	0.000000E+0
10.0    	19      	3.965966E-2 	2.284191E-4	1.85E+1    	10.00     	559.63 	24.1 	35.7 	0.000000E+0	0.000000E+0	0.000000E+0	0.000000E+0	0.000000E+0	0.000000E+0	0.000000E+0	0.000000E+0
10.0    	20      	2.956335E-2 	1.184680E-4	1.87E+1    	10.00     	561.52 	24.1 	35.7 	0.000000E+0	0.000000E+0	0.000000E+0	0.000000E+0	0.000000E+0	0.000000E+0	0.000000E+0	0.000000E+0
10.0    	21      	2.925944E-2 	8.093716E-5	1.85E+1    	10.00     	563.42 	24.1 	35.7 	0.000000E+0	0.000000E+0	0.000000E+0	0.000000E+0	0.000000E+0	0.000000E+0	0.000000E+0	0.000000E+0
10.0    	22      	2.823498E-2 	4.652714E-5	1.87E+1    	10.00     	565.32 	24.1 	35.7 	0.000000E+0	0.000000E+0	0.000000E+0	0.000000E+0	0.000000E+0	0.000000E+0	0.000000E+0	0.000000E+0
10.0    	23      	2.810425E-2 	4.093325E-5	1.89E+1    	10.00     	567.21 	24.1 	35.6 	0.000000E+0	0.000000E+0	0.000000E+0	0.000000E+0	0.000000E+0	0.000000E+0	0.000000E+0	0.000000E+0
10.0    	24      	3.563437E-2 	9.327673E-5	1.89E+1    	10.00     	569.11 	24.1 	35.6 	0.000000E+0	0.000000E+0	0.000000E+0	0.000000E+0	0.000000E+0	0.000000E+0	0.000000E+0	0.000000E+0
10.0    	25      	2.806372E-2 	4.088646E-5	1.86E+1    	10.00     	571.00 	24.1 	35.7 	0.000000E+0	0.000000E+0	0.000000E+0	0.000000E+0	0.000000E+0	0.000000E+0	0.000000E+0	0.000000E+0
10.0    	26      	2.819509E-2 	7.772920E-5	1.89E+1    	10.00     	572.90 	24.1 	35.6 	0.000000E+0	0.000000E+0	0.000000E+0	0.000000E+0	0.000000E+0	0.000000E+0	0.000000E+0	0.000000E+0
10.0    	27      	3.773423E-2 	1.400848E-4	1.89E+1    	10.00     	574.79 	24.1 	35.7 	0.000000E+0	0.000000E+0	0.000000E+0	0.000000E+0	0.000000E+0	0.000000E+0	0.000000E+0	0.000000E+0
10.0    	28      	2.915275E-2 	1.160157E-4	1.88E+1    	10.00     	576.70 	24.1 	35.7 	0.000000E+0	0.000000E+0	0.000000E+0	0.000000E+0	0.000000E+0	0.000000E+0	0.000000E+0	0.000000E+0
10.0    	29      	3.031680E-2 	6.832143E-4	1.90E+1    	10.00     	578.59 	24.1 	35.6 	0.000000E+0	0.000000E+0	0.000000E+0	0.000000E+0	0.000000E+0	0.000000E+0	0.000000E+0	0.000000E+0
10.0    	30      	5.145663E-2 	1.355671E-4	1.87E+1    	10.00     	580.49 	24.1 	35.7 	0.000000E+0	0.000000E+0	0.000000E+0	0.000000E+0	0.000000E+0	0.000000E+0	0.000000E+0	0.000000E+0
10.0    	31      	4.426588E-2 	9.611662E-5	1.88E+1    	10.00     	582.38 	24.1 	35.7 	0.000000E+0	0.000000E+0	0.000000E+0	0.000000E+0	0.000000E+0	0.000000E+0	0.000000E+0	0.000000E+0
10.0    	32      	8.289189E-2 	7.313474E-5	1.88E+1    	10.00     	584.28 	24.1 	35.7 	0.000000E+0	0.000000E+0	0.000000E+0	0.000000E+0	0.000000E+0	0.000000E+0	0.000000E+0	0.000000E+0
10.0    	33      	7.778579E-2 	2.171968E-4	1.86E+1    	10.00     	586.18 	24.1 	35.6 	0.000000E+0	0.000000E+0	0.000000E+0	0.000000E+0	0.000000E+0	0.000000E+0	0.000000E+0	0.000000E+0
10.0    	34      	3.964320E-2 	1.152719E-4	1.88E+1    	10.00     	588.07 	24.1 	35.6 	0.000000E+0	0.000000E+0	0.000000E+0	0.000000E+0	0.000000E+0	0.000000E+0	0.000000E+0	0.000000E+0
10.0    	35      	2.785635E-2 	1.443840E-4	1.89E+1    	10.00     	589.97 	24.1 	35.7 	0.000000E+0	0.000000E+0	0.000000E+0	0.000000E+0	0.000000E+0	0.000000E+0	0.000000E+0	0.000000E+0
10.0    	36      	4.113554E-2 	1.815012E-4	1.86E+1    	10.00     	591.87 	24.1 	35.6 	0.000000E+0	0.000000E+0	0.000000E+0	0.000000E+0	0.000000E+0	0.000000E+0	0.000000E+0	0.000000E+0
10.0    	37      	2.746475E-2 	5.120659E-5	1.87E+1    	10.00     	593.76 	24.1 	35.6 	0.000000E+0	0.000000E+0	0.000000E+0	0.000000E+0	0.000000E+0	0.000000E+0	0.000000E+0	0.000000E+0
10.0    	38      	2.722701E-2 	1.910304E-4	1.88E+1    	10.00     	595.66 	24.1 	35.6 	0.000000E+0	0.000000E+0	0.000000E+0	0.000000E+0	0.000000E+0	0.000000E+0	0.000000E+0	0.000000E+0
10.0    	39      	2.652515E-2 	1.561779E-4	1.88E+1    	10.00     	597.56 	24.1 	35.6 	0.000000E+0	0.000000E+0	0.000000E+0	0.000000E+0	0.000000E+0	0.000000E+0	0.000000E+0	0.000000E+0
10.0    	40      	2.570552E-2 	5.081272E-5	1.89E+1    	10.00     	599.45 	24.1 	35.6 	0.000000E+0	0.000000E+0	0.000000E+0	0.000000E+0	0.000000E+0	0.000000E+0	0.000000E+0	0.000000E+0
10.0    	41      	2.607878E-2 	2.137195E-4	1.88E+1    	10.00     	601.35 	24.1 	35.6 	0.000000E+0	0.000000E+0	0.000000E+0	0.000000E+0	0.000000E+0	0.000000E+0	0.000000E+0	0.000000E+0
10.0    	42      	2.660398E-2 	1.053355E-4	1.87E+1    	10.00     	603.25 	24.1 	35.6 	0.000000E+0	0.000000E+0	0.000000E+0	0.000000E+0	0.000000E+0	0.000000E+0	0.000000E+0	0.000000E+0
10.0    	43      	2.708961E-2 	9.922893E-5	1.88E+1    	10.00     	605.14 	24.1 	35.6 	0.000000E+0	0.000000E+0	0.000000E+0	0.000000E+0	0.000000E+0	0.000000E+0	0.000000E+0	0.000000E+0
10.0    	44      	3.644482E-2 	1.305511E-4	1.87E+1    	10.00     	607.04 	24.1 	35.6 	0.000000E+0	0.000000E+0	0.000000E+0	0.000000E+0	0.000000E+0	0.000000E+0	0.000000E+0	0.000000E+0
10.0    	45      	2.922557E-2 	6.982512E-4	1.87E+1    	10.00     	608.94 	24.1 	35.6 	0.000000E+0	0.000000E+0	0.000000E+0	0.000000E+0	0.000000E+0	0.000000E+0	0.000000E+0	0.000000E+0
10.0    	46      	2.933192E-2 	2.406134E-4	1.86E+1    	10.00     	610.83 	24.1 	35.6 	0.000000E+0	0.000000E+0	0.000000E+0	0.000000E+0	0.000000E+0	0.000000E+0	0.000000E+0	0.000000E+0
10.0    	47      	3.082365E-2 	1.467783E-4	1.84E+1    	10.00     	612.73 	24.1 	35.6 	0.000000E+0	0.000000E+0	0.000000E+0	0.000000E+0	0.000000E+0	0.000000E+0	0.000000E+0	0.000000E+0
10.0    	48      	8.114244E-2 	9.053326E-5	1.83E+1    	10.00     	614.63 	24.1 	35.6 	0.000000E+0	0.000000E+0	0.000000E+0	0.000000E+0	0.000000E+0	0.000000E+0	0.000000E+0	0.000000E+0
10.0    	49      	8.987218E-2 	7.308796E-5	1.88E+1    	10.00     	616.52 	24.1 	35.6 	0.000000E+0	0.000000E+0	0.000000E+0	0.000000E+0	0.000000E+0	0.000000E+0	0.000000E+0	0.000000E+0
10.0    	50      	2.773004E-2 	6.283914E-5	1.83E+1    	10.00     	618.42 	24.1 	35.6 	0.000000E+0	0.000000E+0	0.000000E+0	0.000000E+0	0.000000E+0	0.000000E+0	0.000000E+0	0.000000E+0
10.0    	51      	7.523291E-2 	1.317797E-4	1.85E+1    	10.00     	620.32 	24.1 	35.6 	0.000000E+0	0.000000E+0	0.000000E+0	0.000000E+0	0.000000E+0	0.000000E+0	0.000000E+0	0.000000E+0
10.0    	52      	2.753062E-2 	1.149612E-4	1.86E+1    	10.00     	622.21 	24.1 	35.6 	0.000000E+0	0.000000E+0	0.000000E+0	0.000000E+0	0.000000E+0	0.000000E+0	0.000000E+0	0.000000E+0
10.0    	53      	2.840056E-2 	5.834875E-5	1.86E+1    	10.00     	624.11 	24.1 	35.6 	0.000000E+0	0.000000E+0	0.000000E+0	0.000000E+0	0.000000E+0	0.000000E+0	0.000000E+0	0.000000E+0
10.0    	54      	2.595184E-2 	6.505400E-5	1.85E+1    	10.00     	626.01 	24.1 	35.6 	0.000000E+0	0.000000E+0	0.000000E+0	0.000000E+0	0.000000E+0	0.000000E+0	0.000000E+0	0.000000E+0
10.0    	55      	2.566658E-2 	1.112027E-4	1.84E+1    	10.00     	627.91 	24.1 	35.6 	0.000000E+0	0.000000E+0	0.000000E+0	0.000000E+0	0.000000E+0	0.000000E+0	0.000000E+0	0.000000E+0
10.0    	56      	2.500621E-2 	1.624655E-4	1.84E+1    	10.00     	629.80 	24.1 	35.6 	0.000000E+0	0.000000E+0	0.000000E+0	0.000000E+0	0.000000E+0	0.000000E+0	0.000000E+0	0.000000E+0
10.0    	57      	2.483020E-2 	1.909056E-4	1.84E+1    	10.00     	631.70 	24.1 	35.6 	0.000000E+0	0.000000E+0	0.000000E+0	0.000000E+0	0.000000E+0	0.000000E+0	0.000000E+0	0.000000E+0
10.0    	58      	2.553868E-2 	2.154118E-4	1.81E+1    	10.00     	633.60 	24.1 	35.6 	0.000000E+0	0.000000E+0	0.000000E+0	0.000000E+0	0.000000E+0	0.000000E+0	0.000000E+0	0.000000E+0
10.0    	59      	2.603983E-2 	2.714432E-5	1.82E+1    	10.00     	635.49 	24.1 	35.6 	0.000000E+0	0.000000E+0	0.000000E+0	0.000000E+0	0.000000E+0	0.000000E+0	0.000000E+0	0.000000E+0
10.0    	60      	3.326449E-2 	1.609039E-4	1.84E+1    	10.00     	637.39 	24.1 	35.6 	0.000000E+0	0.000000E+0	0.000000E+0	0.000000E+0	0.000000E+0	0.000000E+0	0.000000E+0	0.000000E+0
10.0    	61      	3.353894E-2 	1.287125E-3	1.84E+1    	10.00     	639.29 	24.1 	35.6 	0.000000E+0	0.000000E+0	0.000000E+0	0.000000E+0	0.000000E+0	0.000000E+0	0.000000E+0	0.000000E+0
10.0    	62      	4.404968E-2 	3.083051E-3	1.81E+1    	10.00     	641.19 	24.1 	35.6 	0.000000E+0	0.000000E+0	0.000000E+0	0.000000E+0	0.000000E+0	0.000000E+0	0.000000E+0	0.000000E+0
10.0    	63      	3.004867E-2 	2.517807E-5	1.81E+1    	10.00     	643.08 	24.1 	35.6 	0.000000E+0	0.000000E+0	0.000000E+0	0.000000E+0	0.000000E+0	0.000000E+0	0.000000E+0	0.000000E+0
10.0    	64      	8.611176E-2 	2.495610E-4	1.84E+1    	10.00     	644.98 	24.1 	35.6 	0.000000E+0	0.000000E+0	0.000000E+0	0.000000E+0	0.000000E+0	0.000000E+0	0.000000E+0	0.000000E+0
10.0    	65      	7.493564E-2 	1.463877E-4	1.81E+1    	10.00     	646.88 	24.1 	35.6 	0.000000E+0	0.000000E+0	0.000000E+0	0.000000E+0	0.000000E+0	0.000000E+0	0.000000E+0	0.000000E+0
10.0    	66      	2.674962E-2 	6.661590E-5	1.83E+1    	10.00     	648.78 	24.1 	35.6 	0.000000E+0	0.000000E+0	0.000000E+0	0.000000E+0	0.000000E+0	0.000000E+0	0.000000E+0	0.000000E+0
10.0    	67      	4.288656E-2 	2.237853E-4	1.81E+1    	10.00     	650.68 	24.1 	35.6 	0.000000E+0	0.000000E+0	0.000000E+0	0.000000E+0	0.000000E+0	0.000000E+0	0.000000E+0	0.000000E+0
10.0    	68      	2.737992E-2 	1.315077E-4	1.83E+1    	10.00     	652.58 	24.1 	35.6 	0.000000E+0	0.000000E+0	0.000000E+0	0.000000E+0	0.000000E+0	0.000000E+0	0.000000E+0	0.000000E+0
10.0    	69      	1.039818E+1 	7.153190E-3	1.83E+1    	10.00     	654.47 	24.1 	35.6 	0.000000E+0	0.000000E+0	0.000000E+0	0.000000E+0	0.000000E+0	0.000000E+0	0.000000E+0	0.000000E+0
10.0    	70      	2.769776E-2 	1.055946E-4	1.84E+1    	10.00     	656.55 	24.1 	35.6 	0.000000E+0	0.000000E+0	0.000000E+0	0.000000E+0	0.000000E+0	0.000000E+0	0.000000E+0	0.000000E+0
10.0    	71      	6.356574E-2 	1.804655E-4	1.83E+1    	10.00     	658.54 	24.1 	35.6 	0.000000E+0	0.000000E+0	0.000000E+0	0.000000E+0	0.000000E+0	0.000000E+0	0.000000E+0	0.000000E+0
10.0    	72      	2.515500E-2 	3.206385E-5	1.82E+1    	10.00     	660.45 	24.1 	35.6 	0.000000E+0	0.000000E+0	0.000000E+0	0.000000E+0	0.000000E+0	0.000000E+0	0.000000E+0	0.000000E+0
10.0    	73      	3.936779E-2 	2.547515E-2	1.79E+1    	10.00     	662.34 	24.1 	35.6 	0.000000E+0	0.000000E+0	0.000000E+0	0.000000E+0	0.000000E+0	0.000000E+0	0.000000E+0	0.000000E+0
10.0    	74      	2.475771E-2 	1.071231E-4	1.85E+1    	10.00     	664.24 	24.1 	35.6 	0.000000E+0	0.000000E+0	0.000000E+0	0.000000E+0	0.000000E+0	0.000000E+0	0.000000E+0	0.000000E+0
10.0    	75      	2.505465E-2 	1.190608E-4	1.82E+1    	10.00     	666.14 	24.1 	35.6 	0.000000E+0	0.000000E+0	0.000000E+0	0.000000E+0	0.000000E+0	0.000000E+0	0.000000E+0	0.000000E+0
10.0    	76      	3.377131E-2 	1.027569E-4	1.83E+1    	10.00     	668.04 	24.1 	35.6 	0.000000E+0	0.000000E+0	0.000000E+0	0.000000E+0	0.000000E+0	0.000000E+0	0.000000E+0	0.000000E+0
10.0    	77      	1.163764E-3 	9.219260E-5	1.81E+1    	10.00     	669.94 	24.1 	35.6 	0.000000E+0	0.000000E+0	0.000000E+0	0.000000E+0	0.000000E+0	0.000000E+0	0.000000E+0	0.000000E+0
10.0    	78      	1.150151E-3 	1.104976E-4	1.82E+1    	10.00     	671.83 	24.1 	35.6 	0.000000E+0	0.000000E+0	0.000000E+0	0.000000E+0	0.000000E+0	0.000000E+0	0.000000E+0	0.000000E+0
10.0    	79      	3.405307E-2 	9.892502E-5	1.82E+1    	10.00     	673.73 	24.1 	35.6 	0.000000E+0	0.000000E+0	0.000000E+0	0.000000E+0	0.000000E+0	0.000000E+0	0.000000E+0	0.000000E+0
10.0    	80      	9.879904E-2 	8.543519E-4	1.82E+1    	10.00     	675.63 	24.1 	35.6 	0.000000E+0	0.000000E+0	0.000000E+0	0.000000E+0	0.000000E+0	0.000000E+0	0.000000E+0	0.000000E+0
10.0    	81      	7.404640E-2 	1.834444E-4	1.83E+1    	10.00     	677.53 	24.1 	35.6 	0.000000E+0	0.000000E+0	0.000000E+0	0.000000E+0	0.000000E+0	0.000000E+0	0.000000E+0	0.000000E+0
10.0    	82      	2.742359E-2 	9.487505E-5	1.83E+1    	10.00     	679.42 	24.1 	35.6 	0.000000E+0	0.000000E+0	0.000000E+0	0.000000E+0	0.000000E+0	0.000000E+0	0.000000E+0	0.000000E+0
10.0    	83      	2.633172E-2 	1.858979E-4	1.84E+1    	10.00     	681.33 	24.1 	35.6 	0.000000E+0	0.000000E+0	0.000000E+0	0.000000E+0	0.000000E+0	0.000000E+0	0.000000E+0	0.000000E+0
10.0    	84      	2.690600E-2 	1.618721E-5	1.83E+1    	10.00     	683.22 	24.1 	35.6 	0.000000E+0	0.000000E+0	0.000000E+0	0.000000E+0	0.000000E+0	0.000000E+0	0.000000E+0	0.000000E+0
10.0    	85      	2.682115E-2 	1.618203E-5	1.82E+1    	10.00     	685.12 	24.1 	35.6 	0.000000E+0	0.000000E+0	0.000000E+0	0.000000E+0	0.000000E+0	0.000000E+0	0.000000E+0	0.000000E+0
10.0    	86      	2.590973E-2 	3.436369E-5	1.83E+1    	10.00     	687.01 	24.1 	35.6 	0.000000E+0	0.000000E+0	0.000000E+0	0.000000E+0	0.000000E+0	0.000000E+0	0.000000E+0	0.000000E+0
10.0    	87      	2.510847E-2 	1.274349E-4	1.80E+1    	10.00     	688.91 	24.1 	35.6 	0.000000E+0	0.000000E+0	0.000000E+0	0.000000E+0	0.000000E+0	0.000000E+0	0.000000E+0	0.000000E+0
10.0    	88      	2.452883E-2 	1.543414E-5	1.83E+1    	10.00     	690.81 	24.1 	35.6 	0.000000E+0	0.000000E+0	0.000000E+0	0.000000E+0	0.000000E+0	0.000000E+0	0.000000E+0	0.000000E+0
10.0    	89      	2.525980E-2 	5.401237E-5	1.86E+1    	10.00     	692.71 	24.1 	35.6 	0.000000E+0	0.000000E+0	0.000000E+0	0.000000E+0	0.000000E+0	0.000000E+0	0.000000E+0	0.000000E+0
10.0    	90      	1.064365E-1 	1.443676E-4	1.85E+1    	10.00     	694.61 	24.1 	35.6 	0.000000E+0	0.000000E+0	0.000000E+0	0.000000E+0	0.000000E+0	0.000000E+0	0.000000E+0	0.000000E+0
10.0    	91      	2.531108E-2 	1.627391E-4	1.82E+1    	10.00     	696.51 	24.1 	35.6 	0.000000E+0	0.000000E+0	0.000000E+0	0.000000E+0	0.000000E+0	0.000000E+0	0.000000E+0	0.000000E+0
10.0    	92      	2.590151E-2 	1.418488E-4	1.84E+1    	10.00     	698.40 	24.1 	35.6 	0.000000E+0	0.000000E+0	0.000000E+0	0.000000E+0	0.000000E+0	0.000000E+0	0.000000E+0	0.000000E+0
10.0    	93      	2.790007E-2 	1.712924E-5	1.85E+1    	10.00     	700.30 	24.1 	35.6 	0.000000E+0	0.000000E+0	0.000000E+0	0.000000E+0	0.000000E+0	0.000000E+0	0.000000E+0	0.000000E+0
10.0    	94      	2.973842E-2 	7.181973E-5	1.83E+1    	10.00     	702.20 	24.1 	35.6 	0.000000E+0	0.000000E+0	0.000000E+0	0.000000E+0	0.000000E+0	0.000000E+0	0.000000E+0	0.000000E+0
10.0    	95      	3.142010E-2 	4.188409E-5	1.84E+1    	10.00     	704.10 	24.1 	35.6 	0.000000E+0	0.000000E+0	0.000000E+0	0.000000E+0	0.000000E+0	0.000000E+0	0.000000E+0	0.000000E+0
10.0    	96      	7.658756E-2 	1.351627E-4	1.81E+1    	10.00     	706.00 	24.1 	35.6 	0.000000E+0	0.000000E+0	0.000000E+0	0.000000E+0	0.000000E+0	0.000000E+0	0.000000E+0	0.000000E+0
10.0    	97      	8.316418E-2 	8.324729E-5	1.81E+1    	10.00     	707.90 	24.1 	35.6 	0.000000E+0	0.000000E+0	0.000000E+0	0.000000E+0	0.000000E+0	0.000000E+0	0.000000E+0	0.000000E+0
10.0    	98      	2.610633E-2 	1.030093E-4	1.82E+1    	10.00     	709.79 	24.1 	35.6 	0.000000E+0	0.000000E+0	0.000000E+0	0.000000E+0	0.000000E+0	0.000000E+0	0.000000E+0	0.000000E+0
10.0    	99      	2.518160E-2 	1.378086E-4	1.81E+1    	10.00     	711.69 	24.1 	35.6 	0.000000E+0	0.000000E+0	0.000000E+0	0.000000E+0	0.000000E+0	0.000000E+0	0.000000E+0	0.000000E+0
10.0    	100     	2.533704E-2 	8.302242E-5	1.83E+1    	10.00     	713.59 	24.1 	35.6 	0.000000E+0	0.000000E+0	0.000000E+0	0.000000E+0	0.000000E+0	0.000000E+0	0.000000E+0	0.000000E+0
10.0    	101     	2.559505E-2 	1.179784E-4	1.80E+1    	10.00     	715.49 	24.1 	35.6 	0.000000E+0	0.000000E+0	0.000000E+0	0.000000E+0	0.000000E+0	0.000000E+0	0.000000E+0	0.000000E+0
10.0    	102     	3.463590E-2 	2.021892E-4	1.81E+1    	10.00     	717.39 	24.1 	35.6 	0.000000E+0	0.000000E+0	0.000000E+0	0.000000E+0	0.000000E+0	0.000000E+0	0.000000E+0	0.000000E+0
10.0    	103     	2.541809E-2 	1.390654E-4	1.83E+1    	10.00     	719.28 	24.1 	35.6 	0.000000E+0	0.000000E+0	0.000000E+0	0.000000E+0	0.000000E+0	0.000000E+0	0.000000E+0	0.000000E+0
10.0    	104     	1.296764E-1 	1.056896E-4	1.80E+1    	10.00     	721.18 	24.1 	35.6 	0.000000E+0	0.000000E+0	0.000000E+0	0.000000E+0	0.000000E+0	0.000000E+0	0.000000E+0	0.000000E+0
10.0    	105     	2.426733E-2 	8.779030E-5	1.80E+1    	10.00     	723.08 	24.1 	35.6 	0.000000E+0	0.000000E+0	0.000000E+0	0.000000E+0	0.000000E+0	0.000000E+0	0.000000E+0	0.000000E+0
10.0    	106     	2.483813E-2 	1.580522E-4	1.81E+1    	10.00     	724.98 	24.1 	35.6 	0.000000E+0	0.000000E+0	0.000000E+0	0.000000E+0	0.000000E+0	0.000000E+0	0.000000E+0	0.000000E+0
10.0    	107     	2.460608E-2 	2.161751E-4	1.79E+1    	10.00     	726.88 	24.1 	35.6 	0.000000E+0	0.000000E+0	0.000000E+0	0.000000E+0	0.000000E+0	0.000000E+0	0.000000E+0	0.000000E+0
10.0    	108     	2.459847E-2 	2.035078E-4	1.82E+1    	10.00     	728.77 	24.1 	35.6 	0.000000E+0	0.000000E+0	0.000000E+0	0.000000E+0	0.000000E+0	0.000000E+0	0.000000E+0	0.000000E+0
10.0    	109     	2.511766E-2 	7.707533E-5	1.80E+1    	10.00     	730.67 	24.1 	35.6 	0.000000E+0	0.000000E+0	0.000000E+0	0.000000E+0	0.000000E+0	0.000000E+0	0.000000E+0	0.000000E+0
10.0    	110     	2.552636E-2 	1.199469E-4	1.79E+1    	10.00     	732.57 	24.1 	35.6 	0.000000E+0	0.000000E+0	0.000000E+0	0.000000E+0	0.000000E+0	0.000000E+0	0.000000E+0	0.000000E+0
10.0    	111     	2.687656E-2 	2.070532E-4	1.80E+1    	10.00     	734.47 	24.1 	35.6 	0.000000E+0	0.000000E+0	0.000000E+0	0.000000E+0	0.000000E+0	0.000000E+0	0.000000E+0	0.000000E+0
10.0    	112     	1.321486E-1 	6.372161E-5	1.80E+1    	10.00     	736.37 	24.1 	35.6 	0.000000E+0	0.000000E+0	0.000000E+0	0.000000E+0	0.000000E+0	0.000000E+0	0.000000E+0	0.000000E+0
10.0    	113     	7.569703E-2 	7.990018E-5	1.82E+1    	10.00     	738.27 	24.1 	35.6 	0.000000E+0	0.000000E+0	0.000000E+0	0.000000E+0	0.000000E+0	0.000000E+0	0.000000E+0	0.000000E+0
10.0    	114     	3.119500E-2 	2.086465E-4	1.78E+1    	10.00     	740.17 	24.1 	35.6 	0.000000E+0	0.000000E+0	0.000000E+0	0.000000E+0	0.000000E+0	0.000000E+0	0.000000E+0	0.000000E+0
10.0    	115     	2.523006E-2 	1.217821E-4	1.80E+1    	10.00     	742.07 	24.1 	35.6 	0.000000E+0	0.000000E+0	0.000000E+0	0.000000E+0	0.000000E+0	0.000000E+0	0.000000E+0	0.000000E+0
10.0    	116     	2.500654E-2 	7.808133E-5	1.78E+1    	10.00     	743.97 	24.1 	35.6 	0.000000E+0	0.000000E+0	0.000000E+0	0.000000E+0	0.000000E+0	0.000000E+0	0.000000E+0	0.000000E+0
10.0    	117     	2.621904E-2 	1.211582E-4	1.79E+1    	10.00     	745.87 	24.1 	35.6 	0.000000E+0	0.000000E+0	0.000000E+0	0.000000E+0	0.000000E+0	0.000000E+0	0.000000E+0	0.000000E+0
10.0    	118     	2.540321E-2 	1.283654E-4	1.79E+1    	10.00     	747.76 	24.1 	35.6 	0.000000E+0	0.000000E+0	0.000000E+0	0.000000E+0	0.000000E+0	0.000000E+0	0.000000E+0	0.000000E+0
10.0    	119     	3.242366E-2 	1.085871E-4	1.81E+1    	10.00     	749.66 	24.1 	35.6 	0.000000E+0	0.000000E+0	0.000000E+0	0.000000E+0	0.000000E+0	0.000000E+0	0.000000E+0	0.000000E+0
10.0    	120     	2.553112E-2 	1.475115E-4	1.78E+1    	10.00     	751.56 	24.1 	35.6 	0.000000E+0	0.000000E+0	0.000000E+0	0.000000E+0	0.000000E+0	0.000000E+0	0.000000E+0	0.000000E+0
10.0    	121     	2.457979E-2 	7.297006E-5	1.79E+1    	10.00     	753.46 	24.1 	35.6 	0.000000E+0	0.000000E+0	0.000000E+0	0.000000E+0	0.000000E+0	0.000000E+0	0.000000E+0	0.000000E+0
10.0    	122     	2.769682E-2 	1.492028E-4	1.78E+1    	10.00     	755.36 	24.1 	35.6 	0.000000E+0	0.000000E+0	0.000000E+0	0.000000E+0	0.000000E+0	0.000000E+0	0.000000E+0	0.000000E+0
10.0    	123     	2.473556E-2 	5.651761E-5	1.80E+1    	10.00     	757.25 	24.1 	35.6 	0.000000E+0	0.000000E+0	0.000000E+0	0.000000E+0	0.000000E+0	0.000000E+0	0.000000E+0	0.000000E+0
10.0    	124     	2.486250E-2 	3.295541E-5	1.80E+1    	10.00     	759.15 	24.1 	35.6 	0.000000E+0	0.000000E+0	0.000000E+0	0.000000E+0	0.000000E+0	0.000000E+0	0.000000E+0	0.000000E+0
10.0    	125     	2.422080E-2 	1.615931E-5	1.79E+1    	10.00     	761.05 	24.1 	35.6 	0.000000E+0	0.000000E+0	0.000000E+0	0.000000E+0	0.000000E+0	0.000000E+0	0.000000E+0	0.000000E+0
10.0    	126     	2.493152E-2 	4.092641E-5	1.78E+1    	10.00     	762.95 	24.1 	35.6 	0.000000E+0	0.000000E+0	0.000000E+0	0.000000E+0	0.000000E+0	0.000000E+0	0.000000E+0	0.000000E+0
10.0    	127     	2.600695E-2 	1.044582E-4	1.77E+1    	10.00     	764.85 	24.1 	35.6 	0.000000E+0	0.000000E+0	0.000000E+0	0.000000E+0	0.000000E+0	0.000000E+0	0.000000E+0	0.000000E+0
10.0    	128     	7.392168E-2 	4.527265E-5	1.77E+1    	10.00     	766.75 	24.1 	35.6 	0.000000E+0	0.000000E+0	0.000000E+0	0.000000E+0	0.000000E+0	0.000000E+0	0.000000E+0	0.000000E+0
10.0    	129     	7.607159E-2 	1.769778E-4	1.78E+1    	10.00     	768.64 	24.1 	35.6 	0.000000E+0	0.000000E+0	0.000000E+0	0.000000E+0	0.000000E+0	0.000000E+0	0.000000E+0	0.000000E+0
10.0    	130     	2.686708E-2 	1.378161E-4	1.80E+1    	10.00     	770.54 	24.1 	35.6 	0.000000E+0	0.000000E+0	0.000000E+0	0.000000E+0	0.000000E+0	0.000000E+0	0.000000E+0	0.000000E+0
10.0    	131     	2.565901E-2 	2.514518E-4	1.82E+1    	10.00     	772.44 	24.1 	35.6 	0.000000E+0	0.000000E+0	0.000000E+0	0.000000E+0	0.000000E+0	0.000000E+0	0.000000E+0	0.000000E+0
10.0    	132     	2.530286E-2 	6.791581E-5	1.78E+1    	10.00     	774.34 	24.1 	35.6 	0.000000E+0	0.000000E+0	0.000000E+0	0.000000E+0	0.000000E+0	0.000000E+0	0.000000E+0	0.000000E+0
10.0    	133     	2.521200E-2 	9.964576E-5	1.76E+1    	10.00     	776.24 	24.1 	35.6 	0.000000E+0	0.000000E+0	0.000000E+0	0.000000E+0	0.000000E+0	0.000000E+0	0.000000E+0	0.000000E+0
10.0    	134     	2.504832E-2 	1.975009E-4	1.81E+1    	10.00     	778.15 	24.1 	35.6 	0.000000E+0	0.000000E+0	0.000000E+0	0.000000E+0	0.000000E+0	0.000000E+0	0.000000E+0	0.000000E+0
10.0    	135     	2.479698E-2 	6.798709E-5	1.77E+1    	10.00     	780.06 	24.1 	35.6 	0.000000E+0	0.000000E+0	0.000000E+0	0.000000E+0	0.000000E+0	0.000000E+0	0.000000E+0	0.000000E+0
10.0    	136     	2.551369E-2 	5.899240E-5	1.78E+1    	10.00     	781.96 	24.1 	35.6 	0.000000E+0	0.000000E+0	0.000000E+0	0.000000E+0	0.000000E+0	0.000000E+0	0.000000E+0	0.000000E+0
10.0    	137     	2.524397E-2 	8.852970E-5	1.78E+1    	10.00     	783.86 	24.1 	35.6 	0.000000E+0	0.000000E+0	0.000000E+0	0.000000E+0	0.000000E+0	0.000000E+0	0.000000E+0	0.000000E+0
10.0    	138     	2.526424E-2 	6.225860E-5	1.78E+1    	10.00     	785.76 	24.1 	35.6 	0.000000E+0	0.000000E+0	0.000000E+0	0.000000E+0	0.000000E+0	0.000000E+0	0.000000E+0	0.000000E+0
10.0    	139     	2.430089E-2 	1.097412E-4	1.80E+1    	10.00     	787.66 	24.1 	35.6 	0.000000E+0	0.000000E+0	0.000000E+0	0.000000E+0	0.000000E+0	0.000000E+0	0.000000E+0	0.000000E+0
10.0    	140     	2.450286E-2 	8.363358E-5	1.77E+1    	10.00     	789.56 	24.1 	35.6 	0.000000E+0	0.000000E+0	0.000000E+0	0.000000E+0	0.000000E+0	0.000000E+0	0.000000E+0	0.000000E+0
10.0    	141     	2.430310E-2 	9.642433E-5	1.78E+1    	10.00     	791.46 	24.1 	35.6 	0.000000E+0	0.000000E+0	0.000000E+0	0.000000E+0	0.000000E+0	0.000000E+0	0.000000E+0	0.000000E+0
10.0    	142     	2.442089E-2 	4.817343E-5	1.75E+1    	10.00     	793.36 	24.1 	35.6 	0.000000E+0	0.000000E+0	0.000000E+0	0.000000E+0	0.000000E+0	0.000000E+0	0.000000E+0	0.000000E+0
10.0    	143     	2.520155E-2 	1.404596E-4	1.82E+1    	10.00     	795.27 	24.1 	35.6 	0.000000E+0	0.000000E+0	0.000000E+0	0.000000E+0	0.000000E+0	0.000000E+0	0.000000E+0	0.000000E+0
10.0    	144     	7.292222E-2 	1.499877E-4	1.78E+1    	10.00     	797.16 	24.1 	35.6 	0.000000E+0	0.000000E+0	0.000000E+0	0.000000E+0	0.000000E+0	0.000000E+0	0.000000E+0	0.000000E+0
10.0    	145     	7.525035E-2 	1.360845E-4	1.78E+1    	10.00     	799.06 	24.1 	35.6 	0.000000E+0	0.000000E+0	0.000000E+0	0.000000E+0	0.000000E+0	0.000000E+0	0.000000E+0	0.000000E+0
10.0    	146     	2.717194E-2 	1.005270E-4	1.78E+1    	10.00     	800.96 	24.1 	35.6 	0.000000E+0	0.000000E+0	0.000000E+0	0.000000E+0	0.000000E+0	0.000000E+0	0.000000E+0	0.000000E+0
10.0    	147     	2.642640E-2 	7.061865E-5	1.78E+1    	10.00     	802.86 	24.1 	35.6 	0.000000E+0	0.000000E+0	0.000000E+0	0.000000E+0	0.000000E+0	0.000000E+0	0.000000E+0	0.000000E+0
10.0    	148     	2.838253E-2 	3.621368E-5	1.77E+1    	10.00     	804.76 	24.1 	35.6 	0.000000E+0	0.000000E+0	0.000000E+0	0.000000E+0	0.000000E+0	0.000000E+0	0.000000E+0	0.000000E+0
10.0    	149     	2.599015E-2 	2.610650E-5	1.77E+1    	10.00     	806.66 	24.1 	35.6 	0.000000E+0	0.000000E+0	0.000000E+0	0.000000E+0	0.000000E+0	0.000000E+0	0.000000E+0	0.000000E+0
10.0    	150     	6.392858E-2 	1.327556E-4	1.81E+1    	10.00     	808.56 	24.1 	35.6 	0.000000E+0	0.000000E+0	0.000000E+0	0.000000E+0	0.000000E+0	0.000000E+0	0.000000E+0	0.000000E+0
10.0    	151     	2.543456E-2 	9.642539E-5	1.79E+1    	10.00     	810.46 	24.1 	35.6 	0.000000E+0	0.000000E+0	0.000000E+0	0.000000E+0	0.000000E+0	0.000000E+0	0.000000E+0	0.000000E+0
10.0    	152     	2.515502E-2 	1.028973E-4	1.79E+1    	10.00     	812.36 	24.1 	35.6 	0.000000E+0	0.000000E+0	0.000000E+0	0.000000E+0	0.000000E+0	0.000000E+0	0.000000E+0	0.000000E+0
10.0    	153     	2.529020E-2 	1.187633E-4	1.79E+1    	10.00     	814.26 	24.1 	35.6 	0.000000E+0	0.000000E+0	0.000000E+0	0.000000E+0	0.000000E+0	0.000000E+0	0.000000E+0	0.000000E+0
10.0    	154     	2.527564E-2 	6.384389E-5	1.78E+1    	10.00     	816.15 	24.1 	35.6 	0.000000E+0	0.000000E+0	0.000000E+0	0.000000E+0	0.000000E+0	0.000000E+0	0.000000E+0	0.000000E+0
10.0    	155     	4.972752E-2 	4.887976E-5	1.76E+1    	10.00     	818.06 	24.1 	35.6 	0.000000E+0	0.000000E+0	0.000000E+0	0.000000E+0	0.000000E+0	0.000000E+0	0.000000E+0	0.000000E+0
10.0    	156     	2.422112E-2 	2.052307E-4	1.78E+1    	10.00     	819.96 	24.1 	35.6 	0.000000E+0	0.000000E+0	0.000000E+0	0.000000E+0	0.000000E+0	0.000000E+0	0.000000E+0	0.000000E+0
10.0    	157     	2.424833E-2 	1.797061E-4	1.78E+1    	10.00     	821.86 	24.1 	35.6 	0.000000E+0	0.000000E+0	0.000000E+0	0.000000E+0	0.000000E+0	0.000000E+0	0.000000E+0	0.000000E+0
10.0    	158     	2.441770E-2 	8.824932E-5	1.74E+1    	10.00     	823.76 	24.1 	35.6 	0.000000E+0	0.000000E+0	0.000000E+0	0.000000E+0	0.000000E+0	0.000000E+0	0.000000E+0	0.000000E+0
10.0    	159     	2.475550E-2 	6.417668E-5	1.76E+1    	10.00     	825.66 	24.1 	35.6 	0.000000E+0	0.000000E+0	0.000000E+0	0.000000E+0	0.000000E+0	0.000000E+0	0.000000E+0	0.000000E+0
10.0    	160     	7.246767E-2 	8.277093E-5	1.77E+1    	10.00     	827.56 	24.1 	35.6 	0.000000E+0	0.000000E+0	0.000000E+0	0.000000E+0	0.000000E+0	0.000000E+0	0.000000E+0	0.000000E+0
10.0    	161     	7.594687E-2 	2.289201E-4	1.78E+1    	10.00     	829.46 	24.1 	35.6 	0.000000E+0	0.000000E+0	0.000000E+0	0.000000E+0	0.000000E+0	0.000000E+0	0.000000E+0	0.000000E+0
10.0    	162     	2.777661E-2 	2.123300E-4	1.76E+1    	10.00     	831.35 	24.1 	35.6 	0.000000E+0	0.000000E+0	0.000000E+0	0.000000E+0	0.000000E+0	0.000000E+0	0.000000E+0	0.000000E+0
10.0    	163     	3.283394E-2 	8.393960E-5	1.78E+1    	10.00     	833.25 	24.1 	35.6 	0.000000E+0	0.000000E+0	0.000000E+0	0.000000E+0	0.000000E+0	0.000000E+0	0.000000E+0	0.000000E+0
10.0    	164     	1.477176E-3 	5.302350E-5	1.78E+1    	10.00     	835.15 	24.1 	35.6 	0.000000E+0	0.000000E+0	0.000000E+0	0.000000E+0	0.000000E+0	0.000000E+0	0.000000E+0	0.000000E+0
10.0    	165     	2.826509E-2 	1.105659E-4	1.76E+1    	10.00     	837.05 	24.1 	35.6 	0.000000E+0	0.000000E+0	0.000000E+0	0.000000E+0	0.000000E+0	0.000000E+0	0.000000E+0	0.000000E+0
10.0    	166     	2.625703E-2 	1.520209E-4	1.77E+1    	10.00     	838.95 	24.1 	35.6 	0.000000E+0	0.000000E+0	0.000000E+0	0.000000E+0	0.000000E+0	0.000000E+0	0.000000E+0	0.000000E+0
10.0    	167     	2.583314E-2 	5.983857E-5	1.79E+1    	10.00     	840.85 	24.1 	35.6 	0.000000E+0	0.000000E+0	0.000000E+0	0.000000E+0	0.000000E+0	0.000000E+0	0.000000E+0	0.000000E+0
10.0    	168     	2.863168E-2 	1.581537E-4	1.78E+1    	10.00     	842.75 	24.1 	35.6 	0.000000E+0	0.000000E+0	0.000000E+0	0.000000E+0	0.000000E+0	0.000000E+0	0.000000E+0	0.000000E+0
10.0    	169     	2.399952E-2 	6.075863E-5	1.78E+1    	10.00     	844.65 	24.1 	35.6 	0.000000E+0	0.000000E+0	0.000000E+0	0.000000E+0	0.000000E+0	0.000000E+0	0.000000E+0	0.000000E+0
10.0    	170     	2.385357E-2 	4.525519E-5	1.77E+1    	10.00     	846.55 	24.1 	35.6 	0.000000E+0	0.000000E+0	0.000000E+0	0.000000E+0	0.000000E+0	0.000000E+0	0.000000E+0	0.000000E+0
10.0    	171     	3.975913E-2 	1.976015E-4	1.78E+1    	10.00     	848.45 	24.1 	35.6 	0.000000E+0	0.000000E+0	0.000000E+0	0.000000E+0	0.000000E+0	0.000000E+0	0.000000E+0	0.000000E+0
10.0    	172     	2.357561E-2 	1.073784E-4	1.79E+1    	10.00     	850.35 	24.1 	35.6 	0.000000E+0	0.000000E+0	0.000000E+0	0.000000E+0	0.000000E+0	0.000000E+0	0.000000E+0	0.000000E+0
10.0    	173     	2.333913E-2 	1.681312E-4	1.78E+1    	10.00     	852.25 	24.1 	35.6 	0.000000E+0	0.000000E+0	0.000000E+0	0.000000E+0	0.000000E+0	0.000000E+0	0.000000E+0	0.000000E+0
10.0    	174     	2.315330E-2 	7.252253E-5	1.75E+1    	10.00     	854.15 	24.1 	35.6 	0.000000E+0	0.000000E+0	0.000000E+0	0.000000E+0	0.000000E+0	0.000000E+0	0.000000E+0	0.000000E+0
10.0    	175     	2.428223E-2 	2.029624E-4	1.79E+1    	10.00     	856.05 	24.1 	35.6 	0.000000E+0	0.000000E+0	0.000000E+0	0.000000E+0	0.000000E+0	0.000000E+0	0.000000E+0	0.000000E+0
10.0    	176     	7.337088E-2 	1.023032E-4	1.77E+1    	10.00     	857.95 	24.1 	35.6 	0.000000E+0	0.000000E+0	0.000000E+0	0.000000E+0	0.000000E+0	0.000000E+0	0.000000E+0	0.000000E+0
10.0    	177     	7.771270E-2 	7.963443E-5	1.79E+1    	10.00     	859.85 	24.1 	35.6 	0.000000E+0	0.000000E+0	0.000000E+0	0.000000E+0	0.000000E+0	0.000000E+0	0.000000E+0	0.000000E+0
10.0    	178     	2.856395E-2 	2.577692E-5	1.78E+1    	10.00     	861.75 	24.1 	35.6 	0.000000E+0	0.000000E+0	0.000000E+0	0.000000E+0	0.000000E+0	0.000000E+0	0.000000E+0	0.000000E+0
10.0    	179     	2.803082E-2 	7.932897E-5	1.74E+1    	10.00     	863.65 	24.1 	35.6 	0.000000E+0	0.000000E+0	0.000000E+0	0.000000E+0	0.000000E+0	0.000000E+0	0.000000E+0	0.000000E+0
10.0    	180     	3.109941E-2 	9.517914E-5	1.76E+1    	10.00     	865.55 	24.1 	35.6 	0.000000E+0	0.000000E+0	0.000000E+0	0.000000E+0	0.000000E+0	0.000000E+0	0.000000E+0	0.000000E+0
10.0    	181     	2.707920E-2 	9.103595E-5	1.80E+1    	10.00     	867.45 	24.1 	35.6 	0.000000E+0	0.000000E+0	0.000000E+0	0.000000E+0	0.000000E+0	0.000000E+0	0.000000E+0	0.000000E+0
10.0    	182     	2.661540E-2 	9.185662E-5	1.77E+1    	10.00     	869.35 	24.1 	35.6 	0.000000E+0	0.000000E+0	0.000000E+0	0.000000E+0	0.000000E+0	0.000000E+0	0.000000E+0	0.000000E+0
10.0    	183     	2.601200E-2 	5.041433E-5	1.78E+1    	10.00     	871.25 	24.1 	35.6 	0.000000E+0	0.000000E+0	0.000000E+0	0.000000E+0	0.000000E+0	0.000000E+0	0.000000E+0	0.000000E+0
10.0    	184     	2.497806E-2 	1.645548E-4	1.76E+1    	10.00     	873.15 	24.1 	35.6 	0.000000E+0	0.000000E+0	0.000000E+0	0.000000E+0	0.000000E+0	0.000000E+0	0.000000E+0	0.000000E+0
10.0    	185     	4.783311E-2 	1.506877E-4	1.76E+1    	10.00     	875.05 	24.1 	35.6 	0.000000E+0	0.000000E+0	0.000000E+0	0.000000E+0	0.000000E+0	0.000000E+0	0.000000E+0	0.000000E+0
10.0    	186     	2.354269E-2 	4.171112E-5	1.78E+1    	10.00     	876.95 	24.1 	35.6 	0.000000E+0	0.000000E+0	0.000000E+0	0.000000E+0	0.000000E+0	0.000000E+0	0.000000E+0	0.000000E+0
10.0    	187     	2.368419E-2 	6.786023E-5	1.77E+1    	10.00     	878.85 	24.1 	35.6 	0.000000E+0	0.000000E+0	0.000000E+0	0.000000E+0	0.000000E+0	0.000000E+0	0.000000E+0	0.000000E+0
10.0    	188     	2.323086E-2 	1.574227E-4	1.76E+1    	10.00     	880.75 	24.1 	35.6 	0.000000E+0	0.000000E+0	0.000000E+0	0.000000E+0	0.000000E+0	0.000000E+0	0.000000E+0	0.000000E+0
10.0    	189     	2.344360E-2 	3.052486E-4	1.74E+1    	10.00     	882.65 	24.1 	35.6 	0.000000E+0	0.000000E+0	0.000000E+0	0.000000E+0	0.000000E+0	0.000000E+0	0.000000E+0	0.000000E+0
10.0    	190     	2.312513E-2 	2.763805E-4	1.75E+1    	10.00     	884.55 	24.1 	35.6 	0.000000E+0	0.000000E+0	0.000000E+0	0.000000E+0	0.000000E+0	0.000000E+0	0.000000E+0	0.000000E+0
10.0    	191     	2.435883E-2 	1.575719E-4	1.75E+1    	10.00     	886.45 	24.1 	35.6 	0.000000E+0	0.000000E+0	0.000000E+0	0.000000E+0	0.000000E+0	0.000000E+0	0.000000E+0	0.000000E+0
10.0    	192     	7.287920E-2 	2.362184E-4	1.76E+1    	10.00     	888.35 	24.1 	35.6 	0.000000E+0	0.000000E+0	0.000000E+0	0.000000E+0	0.000000E+0	0.000000E+0	0.000000E+0	0.000000E+0
10.0    	193     	7.592471E-2 	3.152387E-5	1.75E+1    	10.00     	890.25 	24.1 	35.6 	0.000000E+0	0.000000E+0	0.000000E+0	0.000000E+0	0.000000E+0	0.000000E+0	0.000000E+0	0.000000E+0
10.0    	194     	4.264884E-2 	1.055415E-4	1.75E+1    	10.00     	892.15 	24.1 	35.6 	0.000000E+0	0.000000E+0	0.000000E+0	0.000000E+0	0.000000E+0	0.000000E+0	0.000000E+0	0.000000E+0
10.0    	195     	2.842496E-2 	1.523133E-4	1.75E+1    	10.00     	894.05 	24.1 	35.6 	0.000000E+0	0.000000E+0	0.000000E+0	0.000000E+0	0.000000E+0	0.000000E+0	0.000000E+0	0.000000E+0
10.0    	196     	2.776142E-2 	9.479575E-5	1.76E+1    	10.00     	895.95 	24.1 	35.6 	0.000000E+0	0.000000E+0	0.000000E+0	0.000000E+0	0.000000E+0	0.000000E+0	0.000000E+0	0.000000E+0
10.0    	197     	2.714632E-2 	2.142534E-4	1.73E+1    	10.00     	897.85 	24.1 	35.6 	0.000000E+0	0.000000E+0	0.000000E+0	0.000000E+0	0.000000E+0	0.000000E+0	0.000000E+0	0.000000E+0
10.0    	198     	3.395052E-2 	5.045263E-5	1.74E+1    	10.00     	899.75 	24.1 	35.6 	0.000000E+0	0.000000E+0	0.000000E+0	0.000000E+0	0.000000E+0	0.000000E+0	0.000000E+0	0.000000E+0
10.0    	199     	2.583853E-2 	8.562752E-5	1.75E+1    	10.00     	901.65 	24.1 	35.6 	0.000000E+0	0.000000E+0	0.000000E+0	0.000000E+0	0.000000E+0	0.000000E+0	0.000000E+0	0.000000E+0
10.0    	200     	2.483497E-2 	1.189917E-4	1.76E+1    	10.00     	903.55 	24.1 	35.6 	0.000000E+0	0.000000E+0	0.000000E+0	0.000000E+0	0.000000E+0	0.000000E+0	0.000000E+0	0.000000E+0
10.0    	201     	4.593240E-2 	1.130700E-4	1.74E+1    	10.00     	905.45 	24.1 	35.6 	0.000000E+0	0.000000E+0	0.000000E+0	0.000000E+0	0.000000E+0	0.000000E+0	0.000000E+0	0.000000E+0
10.0    	202     	3.510636E-2 	2.184000E-5	1.74E+1    	10.00     	907.35 	24.1 	35.6 	0.000000E+0	0.000000E+0	0.000000E+0	0.000000E+0	0.000000E+0	0.000000E+0	0.000000E+0	0.000000E+0
10.0    	203     	2.299437E-2 	7.179955E-5	1.75E+1    	10.00     	909.25 	24.1 	35.6 	0.000000E+0	0.000000E+0	0.000000E+0	0.000000E+0	0.000000E+0	0.000000E+0	0.000000E+0	0.000000E+0
10.0    	204     	2.288135E-2 	1.607814E-4	1.73E+1    	10.00     	911.15 	24.1 	35.6 	0.000000E+0	0.000000E+0	0.000000E+0	0.000000E+0	0.000000E+0	0.000000E+0	0.000000E+0	0.000000E+0
10.0    	205     	2.345342E-2 	2.384435E-5	1.75E+1    	10.00     	913.05 	24.1 	35.6 	0.000000E+0	0.000000E+0	0.000000E+0	0.000000E+0	0.000000E+0	0.000000E+0	0.000000E+0	0.000000E+0
10.0    	206     	2.330937E-2 	1.685822E-4	1.74E+1    	10.00     	914.95 	24.1 	35.6 	0.000000E+0	0.000000E+0	0.000000E+0	0.000000E+0	0.000000E+0	0.000000E+0	0.000000E+0	0.000000E+0
10.0    	207     	2.415560E-2 	7.607297E-5	1.74E+1    	10.00     	916.85 	24.1 	35.6 	0.000000E+0	0.000000E+0	0.000000E+0	0.000000E+0	0.000000E+0	0.000000E+0	0.000000E+0	0.000000E+0
10.0    	208     	7.559075E-2 	8.613234E-5	1.71E+1    	10.00     	918.75 	24.1 	35.6 	0.000000E+0	0.000000E+0	0.000000E+0	0.000000E+0	0.000000E+0	0.000000E+0	0.000000E+0	0.000000E+0
10.0    	209     	7.735438E-2 	8.141649E-5	1.75E+1    	10.00     	920.65 	24.1 	35.6 	0.000000E+0	0.000000E+0	0.000000E+0	0.000000E+0	0.000000E+0	0.000000E+0	0.000000E+0	0.000000E+0
10.0    	210     	2.943327E-2 	1.043128E-4	1.72E+1    	10.00     	922.55 	24.1 	35.6 	0.000000E+0	0.000000E+0	0.000000E+0	0.000000E+0	0.000000E+0	0.000000E+0	0.000000E+0	0.000000E+0
10.0    	211     	2.872540E-2 	8.996733E-5	1.73E+1    	10.00     	924.45 	24.1 	35.6 	0.000000E+0	0.000000E+0	0.000000E+0	0.000000E+0	0.000000E+0	0.000000E+0	0.000000E+0	0.000000E+0
10.0    	212     	4.875058E-2 	1.486419E-4	1.72E+1    	10.00     	926.35 	24.1 	35.6 	0.000000E+0	0.000000E+0	0.000000E+0	0.000000E+0	0.000000E+0	0.000000E+0	0.000000E+0	0.000000E+0
10.0    	213     	2.658881E-2 	4.675778E-6	1.75E+1    	10.00     	928.25 	24.1 	35.6 	0.000000E+0	0.000000E+0	0.000000E+0	0.000000E+0	0.000000E+0	0.000000E+0	0.000000E+0	0.000000E+0
10.0    	214     	2.574829E-2 	2.267003E-4	1.73E+1    	10.00     	930.15 	24.1 	35.6 	0.000000E+0	0.000000E+0	0.000000E+0	0.000000E+0	0.000000E+0	0.000000E+0	0.000000E+0	0.000000E+0
10.0    	215     	2.491570E-2 	1.398805E-4	1.72E+1    	10.00     	932.06 	24.1 	35.6 	0.000000E+0	0.000000E+0	0.000000E+0	0.000000E+0	0.000000E+0	0.000000E+0	0.000000E+0	0.000000E+0
10.0    	216     	2.449274E-2 	1.784293E-4	1.74E+1    	10.00     	933.96 	24.1 	35.6 	0.000000E+0	0.000000E+0	0.000000E+0	0.000000E+0	0.000000E+0	0.000000E+0	0.000000E+0	0.000000E+0
10.0    	217     	2.377570E-2 	5.553886E-5	1.70E+1    	10.00     	935.86 	24.1 	35.6 	0.000000E+0	0.000000E+0	0.000000E+0	0.000000E+0	0.000000E+0	0.000000E+0	0.000000E+0	0.000000E+0
10.0    	218     	2.320269E-2 	3.755970E-5	1.71E+1    	10.00     	937.76 	24.1 	35.6 	0.000000E+0	0.000000E+0	0.000000E+0	0.000000E+0	0.000000E+0	0.000000E+0	0.000000E+0	0.000000E+0
10.0    	219     	2.272497E-2 	1.397779E-4	1.72E+1    	10.00     	939.66 	24.1 	35.6 	0.000000E+0	0.000000E+0	0.000000E+0	0.000000E+0	0.000000E+0	0.000000E+0	0.000000E+0	0.000000E+0
10.0    	220     	2.237040E-2 	1.021303E-4	1.72E+1    	10.00     	941.56 	24.1 	35.6 	0.000000E+0	0.000000E+0	0.000000E+0	0.000000E+0	0.000000E+0	0.000000E+0	0.000000E+0	0.000000E+0
10.0    	221     	2.297285E-2 	2.072804E-4	1.75E+1    	10.00     	943.46 	24.1 	35.6 	0.000000E+0	0.000000E+0	0.000000E+0	0.000000E+0	0.000000E+0	0.000000E+0	0.000000E+0	0.000000E+0
10.0    	222     	2.333439E-2 	1.032983E-4	1.72E+1    	10.00     	945.36 	24.1 	35.6 	0.000000E+0	0.000000E+0	0.000000E+0	0.000000E+0	0.000000E+0	0.000000E+0	0.000000E+0	0.000000E+0
10.0    	223     	2.492678E-2 	1.338822E-4	1.71E+1    	10.00     	947.26 	24.1 	35.6 	0.000000E+0	0.000000E+0	0.000000E+0	0.000000E+0	0.000000E+0	0.000000E+0	0.000000E+0	0.000000E+0
10.0    	224     	7.799864E-2 	8.544331E-4	1.70E+1    	10.00     	949.16 	24.1 	35.6 	0.000000E+0	0.000000E+0	0.000000E+0	0.000000E+0	0.000000E+0	0.000000E+0	0.000000E+0	0.000000E+0
10.0    	225     	8.225571E-2 	8.551322E-5	1.71E+1    	10.00     	951.06 	24.1 	35.6 	0.000000E+0	0.000000E+0	0.000000E+0	0.000000E+0	0.000000E+0	0.000000E+0	0.000000E+0	0.000000E+0
10.0    	226     	2.988694E-2 	2.457690E-4	1.68E+1    	10.00     	952.96 	24.1 	35.6 	0.000000E+0	0.000000E+0	0.000000E+0	0.000000E+0	0.000000E+0	0.000000E+0	0.000000E+0	0.000000E+0
10.0    	227     	2.884096E-2 	4.630980E-5	1.69E+1    	10.00     	954.86 	24.1 	35.6 	0.000000E+0	0.000000E+0	0.000000E+0	0.000000E+0	0.000000E+0	0.000000E+0	0.000000E+0	0.000000E+0
10.0    	228     	2.735714E-2 	1.411927E-4	1.71E+1    	10.00     	956.76 	24.1 	35.6 	0.000000E+0	0.000000E+0	0.000000E+0	0.000000E+0	0.000000E+0	0.000000E+0	0.000000E+0	0.000000E+0
10.0    	229     	3.540077E-2 	1.485190E-4	1.69E+1    	10.00     	958.66 	24.1 	35.6 	0.000000E+0	0.000000E+0	0.000000E+0	0.000000E+0	0.000000E+0	0.000000E+0	0.000000E+0	0.000000E+0
10.0    	230     	3.203112E-2 	1.614359E-4	1.69E+1    	10.00     	960.57 	24.1 	35.6 	0.000000E+0	0.000000E+0	0.000000E+0	0.000000E+0	0.000000E+0	0.000000E+0	0.000000E+0	0.000000E+0
10.0    	231     	2.443228E-2 	8.894964E-5	1.70E+1    	10.00     	962.47 	24.1 	35.6 	0.000000E+0	0.000000E+0	0.000000E+0	0.000000E+0	0.000000E+0	0.000000E+0	0.000000E+0	0.000000E+0
10.0    	232     	2.421764E-2 	1.544965E-4	1.71E+1    	10.00     	964.37 	24.1 	35.6 	0.000000E+0	0.000000E+0	0.000000E+0	0.000000E+0	0.000000E+0	0.000000E+0	0.000000E+0	0.000000E+0
10.0    	233     	2.376779E-2 	1.045265E-4	1.73E+1    	10.00     	966.27 	24.1 	35.6 	0.000000E+0	0.000000E+0	0.000000E+0	0.000000E+0	0.000000E+0	0.000000E+0	0.000000E+0	0.000000E+0
10.0    	234     	2.942853E-2 	1.386661E-4	1.71E+1    	10.00     	968.17 	24.1 	35.6 	0.000000E+0	0.000000E+0	0.000000E+0	0.000000E+0	0.000000E+0	0.000000E+0	0.000000E+0	0.000000E+0
10.0    	235     	2.267844E-2 	2.478429E-4	1.71E+1    	10.00     	970.07 	24.1 	35.6 	0.000000E+0	0.000000E+0	0.000000E+0	0.000000E+0	0.000000E+0	0.000000E+0	0.000000E+0	0.000000E+0
10.0    	236     	2.258157E-2 	1.763489E-4	1.68E+1    	10.00     	971.97 	24.1 	35.6 	0.000000E+0	0.000000E+0	0.000000E+0	0.000000E+0	0.000000E+0	0.000000E+0	0.000000E+0	0.000000E+0
10.0    	237     	2.302193E-2 	1.486544E-4	1.69E+1    	10.00     	973.87 	24.1 	35.6 	0.000000E+0	0.000000E+0	0.000000E+0	0.000000E+0	0.000000E+0	0.000000E+0	0.000000E+0	0.000000E+0
10.0    	238     	4.659656E-2 	1.321725E-4	1.68E+1    	10.00     	975.77 	24.1 	35.6 	0.000000E+0	0.000000E+0	0.000000E+0	0.000000E+0	0.000000E+0	0.000000E+0	0.000000E+0	0.000000E+0
10.0    	239     	3.308438E-2 	2.657906E-4	1.70E+1    	10.00     	977.67 	24.1 	35.6 	0.000000E+0	0.000000E+0	0.000000E+0	0.000000E+0	0.000000E+0	0.000000E+0	0.000000E+0	0.000000E+0
10.0    	240     	8.552465E-2 	9.862626E-5	1.68E+1    	10.00     	979.57 	24.1 	35.6 	0.000000E+0	0.000000E+0	0.000000E+0	0.000000E+0	0.000000E+0	0.000000E+0	0.000000E+0	0.000000E+0
10.0    	241     	1.416964E-1 	1.289641E-4	1.70E+1    	10.00     	981.48 	24.1 	35.6 	0.000000E+0	0.000000E+0	0.000000E+0	0.000000E+0	0.000000E+0	0.000000E+0	0.000000E+0	0.000000E+0
10.0    	242     	8.034513E-2 	1.011100E-4	1.69E+1    	10.00     	983.38 	24.1 	35.6 	0.000000E+0	0.000000E+0	0.000000E+0	0.000000E+0	0.000000E+0	0.000000E+0	0.000000E+0	0.000000E+0
10.0    	243     	7.614504E-2 	7.718383E-5	1.69E+1    	10.00     	985.28 	24.1 	35.6 	0.000000E+0	0.000000E+0	0.000000E+0	0.000000E+0	0.000000E+0	0.000000E+0	0.000000E+0	0.000000E+0
10.0    	244     	7.388753E-2 	3.598843E-5	1.71E+1    	10.00     	987.17 	24.1 	35.6 	0.000000E+0	0.000000E+0	0.000000E+0	0.000000E+0	0.000000E+0	0.000000E+0	0.000000E+0	0.000000E+0
10.0    	245     	7.233979E-2 	6.447386E-5	1.71E+1    	10.00     	989.08 	24.1 	35.6 	0.000000E+0	0.000000E+0	0.000000E+0	0.000000E+0	0.000000E+0	0.000000E+0	0.000000E+0	0.000000E+0
10.0    	246     	7.163318E-2 	8.382612E-5	1.68E+1    	10.00     	990.98 	24.1 	35.6 	0.000000E+0	0.000000E+0	0.000000E+0	0.000000E+0	0.000000E+0	0.000000E+0	0.000000E+0	0.000000E+0
10.0    	247     	7.153630E-2 	2.116187E-4	1.69E+1    	10.00     	992.88 	24.1 	35.6 	0.000000E+0	0.000000E+0	0.000000E+0	0.000000E+0	0.000000E+0	0.000000E+0	0.000000E+0	0.000000E+0
10.0    	248     	7.521211E-2 	2.164906E-4	1.71E+1    	10.00     	994.76 	24.1 	35.6 	0.000000E+0	0.000000E+0	0.000000E+0	0.000000E+0	0.000000E+0	0.000000E+0	0.000000E+0	0.000000E+0
10.0    	249     	7.017091E-2 	1.470217E-4	1.69E+1    	10.00     	996.66 	24.1 	35.6 	0.000000E+0	0.000000E+0	0.000000E+0	0.000000E+0	0.000000E+0	0.000000E+0	0.000000E+0	0.000000E+0
10.0    	250     	7.007372E-2 	6.916098E-5	1.71E+1    	10.00     	998.57 	24.1 	35.6 	0.000000E+0	0.000000E+0	0.000000E+0	0.000000E+0	0.000000E+0	0.000000E+0	0.000000E+0	0.000000E+0
10.0    	251     	6.993568E-2 	1.271118E-4	1.68E+1    	10.00     	1000.47	24.1 	35.6 	0.000000E+0	0.000000E+0	0.000000E+0	0.000000E+0	0.000000E+0	0.000000E+0	0.000000E+0	0.000000E+0
10.0    	252     	7.053752E-2 	3.343895E-5	1.70E+1    	10.00     	1002.37	24.1 	35.6 	0.000000E+0	0.000000E+0	0.000000E+0	0.000000E+0	0.000000E+0	0.000000E+0	0.000000E+0	0.000000E+0
10.0    	253     	7.192509E-2 	5.006834E-5	1.70E+1    	10.00     	1004.27	24.1 	35.6 	0.000000E+0	0.000000E+0	0.000000E+0	0.000000E+0	0.000000E+0	0.000000E+0	0.000000E+0	0.000000E+0
10.0    	254     	1.348675E-1 	9.991323E-5	1.70E+1    	10.00     	1006.17	24.1 	35.6 	0.000000E+0	0.000000E+0	0.000000E+0	0.000000E+0	0.000000E+0	0.000000E+0	0.000000E+0	0.000000E+0
10.0    	255     	8.187263E-2 	1.063906E-4	1.68E+1    	10.00     	1008.07	24.1 	35.6 	0.000000E+0	0.000000E+0	0.000000E+0	0.000000E+0	0.000000E+0	0.000000E+0	0.000000E+0	0.000000E+0
10.0    	256     	1.587381E-1 	6.908794E-5	1.70E+1    	10.00     	1009.97	24.1 	35.6 	0.000000E+0	0.000000E+0	0.000000E+0	0.000000E+0	0.000000E+0	0.000000E+0	0.000000E+0	0.000000E+0
10.0    	257     	1.398033E-3 	1.555140E-4	1.70E+1    	10.00     	1011.87	24.1 	35.6 	0.000000E+0	0.000000E+0	0.000000E+0	0.000000E+0	0.000000E+0	0.000000E+0	0.000000E+0	0.000000E+0
10.0    	258     	1.428424E-3 	4.222105E-5	1.71E+1    	10.00     	1013.77	24.1 	35.6 	0.000000E+0	0.000000E+0	0.000000E+0	0.000000E+0	0.000000E+0	0.000000E+0	0.000000E+0	0.000000E+0
10.0    	259     	1.342315E-3 	5.621892E-5	1.69E+1    	10.00     	1015.67	24.1 	35.6 	0.000000E+0	0.000000E+0	0.000000E+0	0.000000E+0	0.000000E+0	0.000000E+0	0.000000E+0	0.000000E+0
10.0    	260     	1.488257E-3 	1.239486E-4	1.69E+1    	10.00     	1017.57	24.1 	35.6 	0.000000E+0	0.000000E+0	0.000000E+0	0.000000E+0	0.000000E+0	0.000000E+0	0.000000E+0	0.000000E+0
10.0    	261     	1.496805E-3 	1.229586E-4	1.73E+1    	10.00     	1019.47	24.1 	35.6 	0.000000E+0	0.000000E+0	0.000000E+0	0.000000E+0	0.000000E+0	0.000000E+0	0.000000E+0	0.000000E+0
10.0    	262     	1.339782E-3 	9.417414E-5	1.69E+1    	10.00     	1021.37	24.1 	35.6 	0.000000E+0	0.000000E+0	0.000000E+0	0.000000E+0	0.000000E+0	0.000000E+0	0.000000E+0	0.000000E+0
10.0    	263     	9.060697E-4 	1.383956E-5	1.72E+1    	10.00     	1023.27	24.1 	35.6 	0.000000E+0	0.000000E+0	0.000000E+0	0.000000E+0	0.000000E+0	0.000000E+0	0.000000E+0	0.000000E+0
10.0    	264     	-2.256244E-3	9.411526E-5	1.72E+1    	10.00     	1025.17	24.1 	35.6 	0.000000E+0	0.000000E+0	0.000000E+0	0.000000E+0	0.000000E+0	0.000000E+0	0.000000E+0	0.000000E+0
15.0    	1       	1.594736E-1 	1.692003E-4	2.46E+1    	15.00     	1041.40	24.1 	35.6 	0.000000E+0	0.000000E+0	0.000000E+0	0.000000E+0	0.000000E+0	0.000000E+0	0.000000E+0	0.000000E+0
15.0    	2       	1.312437E-1 	1.760071E-4	2.24E+1    	15.00     	1043.18	24.1 	35.6 	0.000000E+0	0.000000E+0	0.000000E+0	0.000000E+0	0.000000E+0	0.000000E+0	0.000000E+0	0.000000E+0
15.0    	3       	1.636733E-3 	1.575443E-4	2.25E+1    	15.00     	1045.08	24.1 	35.6 	0.000000E+0	0.000000E+0	0.000000E+0	0.000000E+0	0.000000E+0	0.000000E+0	0.000000E+0	0.000000E+0
15.0    	4       	1.032945E-1 	9.463812E-5	2.23E+1    	15.00     	1046.98	24.1 	35.6 	0.000000E+0	0.000000E+0	0.000000E+0	0.000000E+0	0.000000E+0	0.000000E+0	0.000000E+0	0.000000E+0
15.0    	5       	8.840018E-2 	1.252714E-4	2.21E+1    	15.00     	1048.88	24.1 	35.6 	0.000000E+0	0.000000E+0	0.000000E+0	0.000000E+0	0.000000E+0	0.000000E+0	0.000000E+0	0.000000E+0
15.0    	6       	8.737951E-2 	1.152590E-4	2.22E+1    	15.00     	1050.78	24.1 	35.6 	0.000000E+0	0.000000E+0	0.000000E+0	0.000000E+0	0.000000E+0	0.000000E+0	0.000000E+0	0.000000E+0
15.0    	7       	8.638891E-2 	2.366412E-4	2.17E+1    	15.00     	1052.68	24.1 	35.6 	0.000000E+0	0.000000E+0	0.000000E+0	0.000000E+0	0.000000E+0	0.000000E+0	0.000000E+0	0.000000E+0
15.0    	8       	8.553860E-2 	1.294670E-4	2.22E+1    	15.00     	1054.58	24.1 	35.6 	0.000000E+0	0.000000E+0	0.000000E+0	0.000000E+0	0.000000E+0	0.000000E+0	0.000000E+0	0.000000E+0
15.0    	9       	9.128573E-2 	8.406050E-5	2.21E+1    	15.00     	1056.48	24.1 	35.6 	0.000000E+0	0.000000E+0	0.000000E+0	0.000000E+0	0.000000E+0	0.000000E+0	0.000000E+0	0.000000E+0
15.0    	10      	8.421084E-2 	1.012277E-4	2.20E+1    	15.00     	1058.38	24.1 	35.6 	0.000000E+0	0.000000E+0	0.000000E+0	0.000000E+0	0.000000E+0	0.000000E+0	0.000000E+0	0.000000E+0
15.0    	11      	8.399305E-2 	1.420373E-4	2.19E+1    	15.00     	1060.28	24.1 	35.6 	0.000000E+0	0.000000E+0	0.000000E+0	0.000000E+0	0.000000E+0	0.000000E+0	0.000000E+0	0.000000E+0
15.0    	12      	8.444290E-2 	2.716421E-4	2.18E+1    	15.00     	1062.18	24.1 	35.6 	0.000000E+0	0.000000E+0	0.000000E+0	0.000000E+0	0.000000E+0	0.000000E+0	0.000000E+0	0.000000E+0
15.0    	13      	8.726933E-2 	7.358116E-5	2.21E+1    	15.00     	1064.08	24.1 	35.6 	0.000000E+0	0.000000E+0	0.000000E+0	0.000000E+0	0.000000E+0	0.000000E+0	0.000000E+0	0.000000E+0
15.0    	14      	8.904789E-2 	2.018110E-4	2.19E+1    	15.00     	1065.98	24.1 	35.6 	0.000000E+0	0.000000E+0	0.000000E+0	0.000000E+0	0.000000E+0	0.000000E+0	0.000000E+0	0.000000E+0
15.0    	15      	9.436347E-2 	9.666805E-4	2.18E+1    	15.00     	1067.88	24.1 	35.6 	0.000000E+0	0.000000E+0	0.000000E+0	0.000000E+0	0.000000E+0	0.000000E+0	0.000000E+0	0.000000E+0
15.0    	16      	1.561928E-1 	2.666345E-4	2.18E+1    	15.00     	1069.78	24.1 	35.6 	0.000000E+0	0.000000E+0	0.000000E+0	0.000000E+0	0.000000E+0	0.000000E+0	0.000000E+0	0.000000E+0
15.0    	17      	8.859481E-2 	4.240980E-5	2.18E+1    	15.00     	1071.68	24.1 	35.6 	0.000000E+0	0.000000E+0	0.000000E+0	0.000000E+0	0.000000E+0	0.000000E+0	0.000000E+0	0.000000E+0
15.0    	18      	3.449633E-2 	5.461073E-5	2.16E+1    	15.00     	1073.58	24.1 	35.6 	0.000000E+0	0.000000E+0	0.000000E+0	0.000000E+0	0.000000E+0	0.000000E+0	0.000000E+0	0.000000E+0
15.0    	19      	4.988804E-2 	2.041032E-4	2.20E+1    	15.00     	1075.48	24.1 	35.6 	0.000000E+0	0.000000E+0	0.000000E+0	0.000000E+0	0.000000E+0	0.000000E+0	0.000000E+0	0.000000E+0
15.0    	20      	3.352600E-2 	4.665896E-5	2.20E+1    	15.00     	1077.38	24.1 	35.6 	0.000000E+0	0.000000E+0	0.000000E+0	0.000000E+0	0.000000E+0	0.000000E+0	0.000000E+0	0.000000E+0
15.0    	21      	3.338132E-2 	4.008485E-5	2.17E+1    	15.00     	1079.29	24.1 	35.6 	0.000000E+0	0.000000E+0	0.000000E+0	0.000000E+0	0.000000E+0	0.000000E+0	0.000000E+0	0.000000E+0
15.0    	22      	3.211120E-2 	1.190145E-4	2.20E+1    	15.00     	1081.18	24.1 	35.6 	0.000000E+0	0.000000E+0	0.000000E+0	0.000000E+0	0.000000E+0	0.000000E+0	0.000000E+0	0.000000E+0
15.0    	23      	3.202479E-2 	7.496394E-5	2.19E+1    	15.00     	1083.08	24.1 	35.6 	0.000000E+0	0.000000E+0	0.000000E+0	0.000000E+0	0.000000E+0	0.000000E+0	0.000000E+0	0.000000E+0
15.0    	24      	4.051795E-2 	1.943433E-4	2.19E+1    	15.00     	1084.99	24.1 	35.6 	0.000000E+0	0.000000E+0	0.000000E+0	0.000000E+0	0.000000E+0	0.000000E+0	0.000000E+0	0.000000E+0
15.0    	25      	3.673358E-2 	6.986058E-3	2.21E+1    	15.00     	1086.89	24.1 	35.6 	0.000000E+0	0.000000E+0	0.000000E+0	0.000000E+0	0.000000E+0	0.000000E+0	0.000000E+0	0.000000E+0
15.0    	26      	3.163538E-2 	1.785843E-4	2.20E+1    	15.00     	1088.79	24.1 	35.6 	0.000000E+0	0.000000E+0	0.000000E+0	0.000000E+0	0.000000E+0	0.000000E+0	0.000000E+0	0.000000E+0
15.0    	27      	4.298156E-2 	1.372622E-4	2.17E+1    	15.00     	1090.69	24.1 	35.6 	0.000000E+0	0.000000E+0	0.000000E+0	0.000000E+0	0.000000E+0	0.000000E+0	0.000000E+0	0.000000E+0
15.0    	28      	3.282793E-2 	6.505940E-5	2.18E+1    	15.00     	1092.59	24.1 	35.6 	0.000000E+0	0.000000E+0	0.000000E+0	0.000000E+0	0.000000E+0	0.000000E+0	0.000000E+0	0.000000E+0
15.0    	29      	3.408128E-2 	2.331651E-4	2.19E+1    	15.00     	1094.49	24.1 	35.6 	0.000000E+0	0.000000E+0	0.000000E+0	0.000000E+0	0.000000E+0	0.000000E+0	0.000000E+0	0.000000E+0
15.0    	30      	6.141625E-2 	1.522751E-4	2.15E+1    	15.00     	1096.39	24.1 	35.6 	0.000000E+0	0.000000E+0	0.000000E+0	0.000000E+0	0.000000E+0	0.000000E+0	0.000000E+0	0.000000E+0
15.0    	31      	5.125723E-2 	1.553143E-4	2.16E+1    	15.00     	1098.29	24.1 	35.6 	0.000000E+0	0.000000E+0	0.000000E+0	0.000000E+0	0.000000E+0	0.000000E+0	0.000000E+0	0.000000E+0
15.0    	32      	9.208191E-2 	1.793181E-4	2.18E+1    	15.00     	1100.19	24.1 	35.6 	0.000000E+0	0.000000E+0	0.000000E+0	0.000000E+0	0.000000E+0	0.000000E+0	0.000000E+0	0.000000E+0
15.0    	33      	8.513714E-2 	1.317325E-5	2.21E+1    	15.00     	1102.09	24.1 	35.6 	0.000000E+0	0.000000E+0	0.000000E+0	0.000000E+0	0.000000E+0	0.000000E+0	0.000000E+0	0.000000E+0
15.0    	34      	4.465277E-2 	2.414045E-4	2.18E+1    	15.00     	1103.99	24.1 	35.6 	0.000000E+0	0.000000E+0	0.000000E+0	0.000000E+0	0.000000E+0	0.000000E+0	0.000000E+0	0.000000E+0
15.0    	35      	3.139035E-2 	1.349019E-4	2.18E+1    	15.00     	1105.90	24.1 	35.6 	0.000000E+0	0.000000E+0	0.000000E+0	0.000000E+0	0.000000E+0	0.000000E+0	0.000000E+0	0.000000E+0
15.0    	36      	4.763179E-2 	7.611112E-5	2.19E+1    	15.00     	1107.80	24.1 	35.6 	0.000000E+0	0.000000E+0	0.000000E+0	0.000000E+0	0.000000E+0	0.000000E+0	0.000000E+0	0.000000E+0
15.0    	37      	3.075624E-2 	1.068890E-4	2.17E+1    	15.00     	1109.70	24.1 	35.6 	0.000000E+0	0.000000E+0	0.000000E+0	0.000000E+0	0.000000E+0	0.000000E+0	0.000000E+0	0.000000E+0
15.0    	38      	3.062359E-2 	2.677926E-4	2.19E+1    	15.00     	1111.60	24.1 	35.6 	0.000000E+0	0.000000E+0	0.000000E+0	0.000000E+0	0.000000E+0	0.000000E+0	0.000000E+0	0.000000E+0
15.0    	39      	3.016932E-2 	9.639148E-5	2.19E+1    	15.00     	1113.50	24.1 	35.6 	0.000000E+0	0.000000E+0	0.000000E+0	0.000000E+0	0.000000E+0	0.000000E+0	0.000000E+0	0.000000E+0
15.0    	40      	2.901918E-2 	2.014342E-4	2.17E+1    	15.00     	1115.40	24.1 	35.6 	0.000000E+0	0.000000E+0	0.000000E+0	0.000000E+0	0.000000E+0	0.000000E+0	0.000000E+0	0.000000E+0
15.0    	41      	2.938799E-2 	2.566460E-4	2.18E+1    	15.00     	1117.30	24.1 	35.6 	0.000000E+0	0.000000E+0	0.000000E+0	0.000000E+0	0.000000E+0	0.000000E+0	0.000000E+0	0.000000E+0
15.0    	42      	3.206213E-2 	3.597006E-3	2.18E+1    	15.00     	1119.20	24.1 	35.6 	0.000000E+0	0.000000E+0	0.000000E+0	0.000000E+0	0.000000E+0	0.000000E+0	0.000000E+0	0.000000E+0
15.0    	43      	3.110701E-2 	8.070959E-4	2.19E+1    	15.00     	1121.10	24.1 	35.6 	0.000000E+0	0.000000E+0	0.000000E+0	0.000000E+0	0.000000E+0	0.000000E+0	0.000000E+0	0.000000E+0
15.0    	44      	4.095450E-2 	1.707208E-4	2.16E+1    	15.00     	1123.00	24.1 	35.6 	0.000000E+0	0.000000E+0	0.000000E+0	0.000000E+0	0.000000E+0	0.000000E+0	0.000000E+0	0.000000E+0
15.0    	45      	3.240436E-2 	9.458615E-5	2.16E+1    	15.00     	1124.90	24.1 	35.6 	0.000000E+0	0.000000E+0	0.000000E+0	0.000000E+0	0.000000E+0	0.000000E+0	0.000000E+0	0.000000E+0
15.0    	46      	3.287415E-2 	1.788589E-4	2.18E+1    	15.00     	1126.80	24.1 	35.6 	0.000000E+0	0.000000E+0	0.000000E+0	0.000000E+0	0.000000E+0	0.000000E+0	0.000000E+0	0.000000E+0
15.0    	47      	3.485152E-2 	5.651897E-5	2.18E+1    	15.00     	1128.71	24.1 	35.6 	0.000000E+0	0.000000E+0	0.000000E+0	0.000000E+0	0.000000E+0	0.000000E+0	0.000000E+0	0.000000E+0
15.0    	48      	9.378800E-2 	5.042280E-5	2.19E+1    	15.00     	1130.61	24.1 	35.6 	0.000000E+0	0.000000E+0	0.000000E+0	0.000000E+0	0.000000E+0	0.000000E+0	0.000000E+0	0.000000E+0
15.0    	49      	9.957058E-2 	1.337811E-4	2.16E+1    	15.00     	1132.51	24.1 	35.6 	0.000000E+0	0.000000E+0	0.000000E+0	0.000000E+0	0.000000E+0	0.000000E+0	0.000000E+0	0.000000E+0
15.0    	50      	3.094492E-2 	2.662878E-4	2.16E+1    	15.00     	1134.41	24.1 	35.6 	0.000000E+0	0.000000E+0	0.000000E+0	0.000000E+0	0.000000E+0	0.000000E+0	0.000000E+0	0.000000E+0
15.0    	51      	9.157257E-2 	2.783760E-5	2.15E+1    	15.00     	1136.31	24.1 	35.6 	0.000000E+0	0.000000E+0	0.000000E+0	0.000000E+0	0.000000E+0	0.000000E+0	0.000000E+0	0.000000E+0
15.0    	52      	3.038206E-2 	6.649889E-5	2.14E+1    	15.00     	1138.21	24.1 	35.6 	0.000000E+0	0.000000E+0	0.000000E+0	0.000000E+0	0.000000E+0	0.000000E+0	0.000000E+0	0.000000E+0
15.0    	53      	3.129000E-2 	8.222283E-5	2.16E+1    	15.00     	1140.11	24.1 	35.6 	0.000000E+0	0.000000E+0	0.000000E+0	0.000000E+0	0.000000E+0	0.000000E+0	0.000000E+0	0.000000E+0
15.0    	54      	2.896569E-2 	1.580847E-4	2.16E+1    	15.00     	1142.01	24.1 	35.6 	0.000000E+0	0.000000E+0	0.000000E+0	0.000000E+0	0.000000E+0	0.000000E+0	0.000000E+0	0.000000E+0
15.0    	55      	2.876877E-2 	1.968952E-4	2.15E+1    	15.00     	1143.91	24.1 	35.6 	0.000000E+0	0.000000E+0	0.000000E+0	0.000000E+0	0.000000E+0	0.000000E+0	0.000000E+0	0.000000E+0
15.0    	56      	2.805964E-2 	1.880523E-4	2.15E+1    	15.00     	1145.81	24.1 	35.6 	0.000000E+0	0.000000E+0	0.000000E+0	0.000000E+0	0.000000E+0	0.000000E+0	0.000000E+0	0.000000E+0
15.0    	57      	2.962226E-2 	4.308168E-5	2.16E+1    	15.00     	1147.71	24.1 	35.6 	0.000000E+0	0.000000E+0	0.000000E+0	0.000000E+0	0.000000E+0	0.000000E+0	0.000000E+0	0.000000E+0
15.0    	58      	2.870230E-2 	1.431839E-4	2.15E+1    	15.00     	1149.61	24.1 	35.6 	0.000000E+0	0.000000E+0	0.000000E+0	0.000000E+0	0.000000E+0	0.000000E+0	0.000000E+0	0.000000E+0
15.0    	59      	2.936743E-2 	4.334432E-5	2.14E+1    	15.00     	1151.51	24.1 	35.6 	0.000000E+0	0.000000E+0	0.000000E+0	0.000000E+0	0.000000E+0	0.000000E+0	0.000000E+0	0.000000E+0
15.0    	60      	3.757948E-2 	1.076686E-3	2.14E+1    	15.00     	1153.41	24.1 	35.6 	0.000000E+0	0.000000E+0	0.000000E+0	0.000000E+0	0.000000E+0	0.000000E+0	0.000000E+0	0.000000E+0
15.0    	61      	3.752502E-2 	1.358460E-3	2.14E+1    	15.00     	1155.31	24.1 	35.6 	0.000000E+0	0.000000E+0	0.000000E+0	0.000000E+0	0.000000E+0	0.000000E+0	0.000000E+0	0.000000E+0
15.0    	62      	4.889619E-2 	1.035207E-4	2.14E+1    	15.00     	1157.21	24.1 	35.6 	0.000000E+0	0.000000E+0	0.000000E+0	0.000000E+0	0.000000E+0	0.000000E+0	0.000000E+0	0.000000E+0
15.0    	63      	3.389672E-2 	1.143240E-4	2.14E+1    	15.00     	1159.12	24.1 	35.6 	0.000000E+0	0.000000E+0	0.000000E+0	0.000000E+0	0.000000E+0	0.000000E+0	0.000000E+0	0.000000E+0
15.0    	64      	1.251141E-1 	7.384391E-5	2.14E+1    	15.00     	1161.02	24.1 	35.6 	0.000000E+0	0.000000E+0	0.000000E+0	0.000000E+0	0.000000E+0	0.000000E+0	0.000000E+0	0.000000E+0
15.0    	65      	8.150026E-2 	1.213707E-4	2.14E+1    	15.00     	1162.92	24.1 	35.6 	0.000000E+0	0.000000E+0	0.000000E+0	0.000000E+0	0.000000E+0	0.000000E+0	0.000000E+0	0.000000E+0
15.0    	66      	2.981855E-2 	1.896289E-4	2.13E+1    	15.00     	1164.82	24.1 	35.6 	0.000000E+0	0.000000E+0	0.000000E+0	0.000000E+0	0.000000E+0	0.000000E+0	0.000000E+0	0.000000E+0
15.0    	67      	4.841880E-2 	5.442710E-5	2.14E+1    	15.00     	1166.72	24.1 	35.6 	0.000000E+0	0.000000E+0	0.000000E+0	0.000000E+0	0.000000E+0	0.000000E+0	0.000000E+0	0.000000E+0
15.0    	68      	3.019527E-2 	1.284600E-4	2.17E+1    	15.00     	1168.62	24.1 	35.6 	0.000000E+0	0.000000E+0	0.000000E+0	0.000000E+0	0.000000E+0	0.000000E+0	0.000000E+0	0.000000E+0
15.0    	69      	1.209106E+1 	2.790311E-3	2.14E+1    	15.00     	1170.52	24.1 	35.6 	0.000000E+0	0.000000E+0	0.000000E+0	0.000000E+0	0.000000E+0	0.000000E+0	0.000000E+0	0.000000E+0
15.0    	70      	3.069706E-2 	1.384423E-5	2.17E+1    	15.00     	1172.60	24.1 	35.6 	0.000000E+0	0.000000E+0	0.000000E+0	0.000000E+0	0.000000E+0	0.000000E+0	0.000000E+0	0.000000E+0
15.0    	71      	7.939569E-2 	7.104480E-5	2.18E+1    	15.00     	1174.59	24.1 	35.6 	0.000000E+0	0.000000E+0	0.000000E+0	0.000000E+0	0.000000E+0	0.000000E+0	0.000000E+0	0.000000E+0
15.0    	72      	2.783424E-2 	6.832086E-5	2.16E+1    	15.00     	1176.50	24.1 	35.6 	0.000000E+0	0.000000E+0	0.000000E+0	0.000000E+0	0.000000E+0	0.000000E+0	0.000000E+0	0.000000E+0
15.0    	73      	2.732296E-2 	2.880423E-4	2.14E+1    	15.00     	1178.41	24.1 	35.6 	0.000000E+0	0.000000E+0	0.000000E+0	0.000000E+0	0.000000E+0	0.000000E+0	0.000000E+0	0.000000E+0
15.0    	74      	2.771329E-2 	2.064691E-4	2.13E+1    	15.00     	1180.31	24.1 	35.6 	0.000000E+0	0.000000E+0	0.000000E+0	0.000000E+0	0.000000E+0	0.000000E+0	0.000000E+0	0.000000E+0
15.0    	75      	2.818436E-2 	8.075933E-6	2.15E+1    	15.00     	1182.21	24.1 	35.6 	0.000000E+0	0.000000E+0	0.000000E+0	0.000000E+0	0.000000E+0	0.000000E+0	0.000000E+0	0.000000E+0
15.0    	76      	3.954227E-2 	1.610677E-4	2.15E+1    	15.00     	1184.11	24.1 	35.6 	0.000000E+0	0.000000E+0	0.000000E+0	0.000000E+0	0.000000E+0	0.000000E+0	0.000000E+0	0.000000E+0
15.0    	77      	1.237527E-3 	1.754320E-4	2.17E+1    	15.00     	1186.02	24.1 	35.6 	0.000000E+0	0.000000E+0	0.000000E+0	0.000000E+0	0.000000E+0	0.000000E+0	0.000000E+0	0.000000E+0
15.0    	78      	1.105197E-3 	5.715244E-5	2.13E+1    	15.00     	1187.92	24.1 	35.6 	0.000000E+0	0.000000E+0	0.000000E+0	0.000000E+0	0.000000E+0	0.000000E+0	0.000000E+0	0.000000E+0
15.0    	79      	3.768615E-2 	1.329321E-4	2.15E+1    	15.00     	1189.82	24.1 	35.6 	0.000000E+0	0.000000E+0	0.000000E+0	0.000000E+0	0.000000E+0	0.000000E+0	0.000000E+0	0.000000E+0
15.0    	80      	1.236382E-1 	7.379181E-4	2.15E+1    	15.00     	1191.72	24.1 	35.6 	0.000000E+0	0.000000E+0	0.000000E+0	0.000000E+0	0.000000E+0	0.000000E+0	0.000000E+0	0.000000E+0
15.0    	81      	8.060819E-2 	2.331054E-5	2.14E+1    	15.00     	1193.62	24.1 	35.6 	0.000000E+0	0.000000E+0	0.000000E+0	0.000000E+0	0.000000E+0	0.000000E+0	0.000000E+0	0.000000E+0
15.0    	82      	3.181521E-2 	1.343853E-4	2.13E+1    	15.00     	1195.52	24.1 	35.6 	0.000000E+0	0.000000E+0	0.000000E+0	0.000000E+0	0.000000E+0	0.000000E+0	0.000000E+0	0.000000E+0
15.0    	83      	3.184940E-2 	2.210063E-4	2.14E+1    	15.00     	1197.42	24.1 	35.6 	0.000000E+0	0.000000E+0	0.000000E+0	0.000000E+0	0.000000E+0	0.000000E+0	0.000000E+0	0.000000E+0
15.0    	84      	2.954976E-2 	7.822672E-5	2.13E+1    	15.00     	1199.32	24.1 	35.6 	0.000000E+0	0.000000E+0	0.000000E+0	0.000000E+0	0.000000E+0	0.000000E+0	0.000000E+0	0.000000E+0
15.0    	85      	2.955420E-2 	1.694549E-4	2.14E+1    	15.00     	1201.22	24.1 	35.6 	0.000000E+0	0.000000E+0	0.000000E+0	0.000000E+0	0.000000E+0	0.000000E+0	0.000000E+0	0.000000E+0
15.0    	86      	2.863518E-2 	1.150023E-4	2.15E+1    	15.00     	1203.12	24.1 	35.6 	0.000000E+0	0.000000E+0	0.000000E+0	0.000000E+0	0.000000E+0	0.000000E+0	0.000000E+0	0.000000E+0
15.0    	87      	2.775382E-2 	8.256164E-5	2.15E+1    	15.00     	1205.02	24.1 	35.6 	0.000000E+0	0.000000E+0	0.000000E+0	0.000000E+0	0.000000E+0	0.000000E+0	0.000000E+0	0.000000E+0
15.0    	88      	2.756419E-2 	4.176472E-5	2.14E+1    	15.00     	1206.92	24.1 	35.6 	0.000000E+0	0.000000E+0	0.000000E+0	0.000000E+0	0.000000E+0	0.000000E+0	0.000000E+0	0.000000E+0
15.0    	89      	2.815112E-2 	5.786888E-5	2.14E+1    	15.00     	1208.83	24.1 	35.6 	0.000000E+0	0.000000E+0	0.000000E+0	0.000000E+0	0.000000E+0	0.000000E+0	0.000000E+0	0.000000E+0
15.0    	90      	1.325211E-1 	8.230166E-5	2.15E+1    	15.00     	1210.73	24.1 	35.6 	0.000000E+0	0.000000E+0	0.000000E+0	0.000000E+0	0.000000E+0	0.000000E+0	0.000000E+0	0.000000E+0
15.0    	91      	2.805647E-2 	7.568259E-5	2.15E+1    	15.00     	1212.63	24.1 	35.6 	0.000000E+0	0.000000E+0	0.000000E+0	0.000000E+0	0.000000E+0	0.000000E+0	0.000000E+0	0.000000E+0
15.0    	92      	2.872382E-2 	4.254138E-5	2.13E+1    	15.00     	1214.53	24.1 	35.6 	0.000000E+0	0.000000E+0	0.000000E+0	0.000000E+0	0.000000E+0	0.000000E+0	0.000000E+0	0.000000E+0
15.0    	93      	3.116843E-2 	8.298131E-5	2.15E+1    	15.00     	1216.43	24.1 	35.6 	0.000000E+0	0.000000E+0	0.000000E+0	0.000000E+0	0.000000E+0	0.000000E+0	0.000000E+0	0.000000E+0
15.0    	94      	3.301312E-2 	1.591112E-4	2.15E+1    	15.00     	1218.33	24.1 	35.6 	0.000000E+0	0.000000E+0	0.000000E+0	0.000000E+0	0.000000E+0	0.000000E+0	0.000000E+0	0.000000E+0
15.0    	95      	3.449316E-2 	5.944189E-5	2.16E+1    	15.00     	1220.23	24.1 	35.6 	0.000000E+0	0.000000E+0	0.000000E+0	0.000000E+0	0.000000E+0	0.000000E+0	0.000000E+0	0.000000E+0
15.0    	96      	8.417161E-2 	8.794991E-5	2.14E+1    	15.00     	1222.14	24.1 	35.6 	0.000000E+0	0.000000E+0	0.000000E+0	0.000000E+0	0.000000E+0	0.000000E+0	0.000000E+0	0.000000E+0
15.0    	97      	9.103692E-2 	1.304038E-4	2.16E+1    	15.00     	1224.04	24.1 	35.6 	0.000000E+0	0.000000E+0	0.000000E+0	0.000000E+0	0.000000E+0	0.000000E+0	0.000000E+0	0.000000E+0
15.0    	98      	2.892421E-2 	1.220430E-4	2.15E+1    	15.00     	1225.94	24.1 	35.6 	0.000000E+0	0.000000E+0	0.000000E+0	0.000000E+0	0.000000E+0	0.000000E+0	0.000000E+0	0.000000E+0
15.0    	99      	2.796499E-2 	2.911789E-4	2.14E+1    	15.00     	1227.84	24.1 	35.6 	0.000000E+0	0.000000E+0	0.000000E+0	0.000000E+0	0.000000E+0	0.000000E+0	0.000000E+0	0.000000E+0
15.0    	100     	2.806438E-2 	8.600711E-5	2.14E+1    	15.00     	1229.74	24.1 	35.6 	0.000000E+0	0.000000E+0	0.000000E+0	0.000000E+0	0.000000E+0	0.000000E+0	0.000000E+0	0.000000E+0
15.0    	101     	2.845220E-2 	1.411711E-4	2.12E+1    	15.00     	1231.65	24.1 	35.6 	0.000000E+0	0.000000E+0	0.000000E+0	0.000000E+0	0.000000E+0	0.000000E+0	0.000000E+0	0.000000E+0
15.0    	102     	3.800083E-2 	8.636744E-5	2.14E+1    	15.00     	1233.55	24.1 	35.6 	0.000000E+0	0.000000E+0	0.000000E+0	0.000000E+0	0.000000E+0	0.000000E+0	0.000000E+0	0.000000E+0
15.0    	103     	2.810396E-2 	1.235347E-5	2.11E+1    	15.00     	1235.45	24.1 	35.6 	0.000000E+0	0.000000E+0	0.000000E+0	0.000000E+0	0.000000E+0	0.000000E+0	0.000000E+0	0.000000E+0
15.0    	104     	1.594185E-1 	4.216302E-5	2.11E+1    	15.00     	1237.35	24.1 	35.6 	0.000000E+0	0.000000E+0	0.000000E+0	0.000000E+0	0.000000E+0	0.000000E+0	0.000000E+0	0.000000E+0
15.0    	105     	2.722291E-2 	1.498091E-4	2.11E+1    	15.00     	1239.25	24.1 	35.6 	0.000000E+0	0.000000E+0	0.000000E+0	0.000000E+0	0.000000E+0	0.000000E+0	0.000000E+0	0.000000E+0
15.0    	106     	2.788647E-2 	1.476876E-4	2.13E+1    	15.00     	1241.15	24.1 	35.6 	0.000000E+0	0.000000E+0	0.000000E+0	0.000000E+0	0.000000E+0	0.000000E+0	0.000000E+0	0.000000E+0
15.0    	107     	2.749487E-2 	1.023837E-4	2.12E+1    	15.00     	1243.06	24.1 	35.6 	0.000000E+0	0.000000E+0	0.000000E+0	0.000000E+0	0.000000E+0	0.000000E+0	0.000000E+0	0.000000E+0
15.0    	108     	2.737584E-2 	1.290040E-4	2.12E+1    	15.00     	1244.96	24.1 	35.6 	0.000000E+0	0.000000E+0	0.000000E+0	0.000000E+0	0.000000E+0	0.000000E+0	0.000000E+0	0.000000E+0
15.0    	109     	2.775857E-2 	7.607135E-5	2.12E+1    	15.00     	1246.86	24.1 	35.6 	0.000000E+0	0.000000E+0	0.000000E+0	0.000000E+0	0.000000E+0	0.000000E+0	0.000000E+0	0.000000E+0
15.0    	110     	2.836766E-2 	8.435608E-5	2.13E+1    	15.00     	1248.76	24.1 	35.6 	0.000000E+0	0.000000E+0	0.000000E+0	0.000000E+0	0.000000E+0	0.000000E+0	0.000000E+0	0.000000E+0
15.0    	111     	2.973593E-2 	5.756515E-5	2.12E+1    	15.00     	1250.66	24.1 	35.6 	0.000000E+0	0.000000E+0	0.000000E+0	0.000000E+0	0.000000E+0	0.000000E+0	0.000000E+0	0.000000E+0
15.0    	112     	1.562877E-1 	2.134372E-4	2.12E+1    	15.00     	1252.57	24.1 	35.6 	0.000000E+0	0.000000E+0	0.000000E+0	0.000000E+0	0.000000E+0	0.000000E+0	0.000000E+0	0.000000E+0
15.0    	113     	8.239560E-2 	2.089229E-4	2.13E+1    	15.00     	1254.46	24.1 	35.6 	0.000000E+0	0.000000E+0	0.000000E+0	0.000000E+0	0.000000E+0	0.000000E+0	0.000000E+0	0.000000E+0
15.0    	114     	3.627011E-2 	1.317913E-4	2.14E+1    	15.00     	1256.37	24.1 	35.6 	0.000000E+0	0.000000E+0	0.000000E+0	0.000000E+0	0.000000E+0	0.000000E+0	0.000000E+0	0.000000E+0
15.0    	115     	2.782791E-2 	1.225770E-4	2.11E+1    	15.00     	1258.27	24.1 	35.6 	0.000000E+0	0.000000E+0	0.000000E+0	0.000000E+0	0.000000E+0	0.000000E+0	0.000000E+0	0.000000E+0
15.0    	116     	2.769400E-2 	9.379029E-5	2.14E+1    	15.00     	1260.17	24.1 	35.6 	0.000000E+0	0.000000E+0	0.000000E+0	0.000000E+0	0.000000E+0	0.000000E+0	0.000000E+0	0.000000E+0
15.0    	117     	2.931362E-2 	6.159041E-5	2.13E+1    	15.00     	1262.07	24.1 	35.6 	0.000000E+0	0.000000E+0	0.000000E+0	0.000000E+0	0.000000E+0	0.000000E+0	0.000000E+0	0.000000E+0
15.0    	118     	2.808655E-2 	1.468701E-4	2.13E+1    	15.00     	1263.98	24.1 	35.6 	0.000000E+0	0.000000E+0	0.000000E+0	0.000000E+0	0.000000E+0	0.000000E+0	0.000000E+0	0.000000E+0
15.0    	119     	3.604820E-2 	6.496576E-5	2.13E+1    	15.00     	1265.88	24.1 	35.6 	0.000000E+0	0.000000E+0	0.000000E+0	0.000000E+0	0.000000E+0	0.000000E+0	0.000000E+0	0.000000E+0
15.0    	120     	2.809634E-2 	1.427361E-4	2.11E+1    	15.00     	1267.78	24.1 	35.6 	0.000000E+0	0.000000E+0	0.000000E+0	0.000000E+0	0.000000E+0	0.000000E+0	0.000000E+0	0.000000E+0
15.0    	121     	2.728372E-2 	7.923289E-5	2.15E+1    	15.00     	1269.68	24.1 	35.6 	0.000000E+0	0.000000E+0	0.000000E+0	0.000000E+0	0.000000E+0	0.000000E+0	0.000000E+0	0.000000E+0
15.0    	122     	3.083193E-2 	2.120096E-4	2.10E+1    	15.00     	1271.59	24.1 	35.6 	0.000000E+0	0.000000E+0	0.000000E+0	0.000000E+0	0.000000E+0	0.000000E+0	0.000000E+0	0.000000E+0
15.0    	123     	2.736823E-2 	1.721713E-4	2.13E+1    	15.00     	1273.49	24.1 	35.6 	0.000000E+0	0.000000E+0	0.000000E+0	0.000000E+0	0.000000E+0	0.000000E+0	0.000000E+0	0.000000E+0
15.0    	124     	2.760536E-2 	1.883753E-4	2.12E+1    	15.00     	1275.39	24.1 	35.6 	0.000000E+0	0.000000E+0	0.000000E+0	0.000000E+0	0.000000E+0	0.000000E+0	0.000000E+0	0.000000E+0
15.0    	125     	2.726914E-2 	8.328139E-4	2.12E+1    	15.00     	1277.29	24.1 	35.6 	0.000000E+0	0.000000E+0	0.000000E+0	0.000000E+0	0.000000E+0	0.000000E+0	0.000000E+0	0.000000E+0
15.0    	126     	2.739580E-2 	2.897703E-4	2.11E+1    	15.00     	1279.19	24.1 	35.6 	0.000000E+0	0.000000E+0	0.000000E+0	0.000000E+0	0.000000E+0	0.000000E+0	0.000000E+0	0.000000E+0
15.0    	127     	2.886660E-2 	1.204550E-4	2.12E+1    	15.00     	1281.10	24.1 	35.6 	0.000000E+0	0.000000E+0	0.000000E+0	0.000000E+0	0.000000E+0	0.000000E+0	0.000000E+0	0.000000E+0
15.0    	128     	8.052272E-2 	1.145700E-4	2.13E+1    	15.00     	1283.00	24.1 	35.6 	0.000000E+0	0.000000E+0	0.000000E+0	0.000000E+0	0.000000E+0	0.000000E+0	0.000000E+0	0.000000E+0
15.0    	129     	8.283153E-2 	1.993809E-4	2.10E+1    	15.00     	1284.90	24.1 	35.6 	0.000000E+0	0.000000E+0	0.000000E+0	0.000000E+0	0.000000E+0	0.000000E+0	0.000000E+0	0.000000E+0
15.0    	130     	2.964603E-2 	7.942388E-5	2.11E+1    	15.00     	1286.80	24.1 	35.6 	0.000000E+0	0.000000E+0	0.000000E+0	0.000000E+0	0.000000E+0	0.000000E+0	0.000000E+0	0.000000E+0
15.0    	131     	2.830659E-2 	1.607532E-5	2.12E+1    	15.00     	1288.71	24.1 	35.6 	0.000000E+0	0.000000E+0	0.000000E+0	0.000000E+0	0.000000E+0	0.000000E+0	0.000000E+0	0.000000E+0
15.0    	132     	2.778200E-2 	9.478576E-5	2.11E+1    	15.00     	1290.61	24.1 	35.6 	0.000000E+0	0.000000E+0	0.000000E+0	0.000000E+0	0.000000E+0	0.000000E+0	0.000000E+0	0.000000E+0
15.0    	133     	2.790294E-2 	8.522081E-5	2.14E+1    	15.00     	1292.51	24.1 	35.6 	0.000000E+0	0.000000E+0	0.000000E+0	0.000000E+0	0.000000E+0	0.000000E+0	0.000000E+0	0.000000E+0
15.0    	134     	2.805743E-2 	1.262380E-4	2.10E+1    	15.00     	1294.41	24.1 	35.6 	0.000000E+0	0.000000E+0	0.000000E+0	0.000000E+0	0.000000E+0	0.000000E+0	0.000000E+0	0.000000E+0
15.0    	135     	2.775857E-2 	1.635427E-4	2.13E+1    	15.00     	1296.31	24.1 	35.6 	0.000000E+0	0.000000E+0	0.000000E+0	0.000000E+0	0.000000E+0	0.000000E+0	0.000000E+0	0.000000E+0
15.0    	136     	2.859941E-2 	1.818010E-4	2.11E+1    	15.00     	1298.21	24.1 	35.6 	0.000000E+0	0.000000E+0	0.000000E+0	0.000000E+0	0.000000E+0	0.000000E+0	0.000000E+0	0.000000E+0
15.0    	137     	2.816410E-2 	9.127525E-5	2.13E+1    	15.00     	1300.12	24.1 	35.6 	0.000000E+0	0.000000E+0	0.000000E+0	0.000000E+0	0.000000E+0	0.000000E+0	0.000000E+0	0.000000E+0
15.0    	138     	2.824770E-2 	2.028241E-4	2.10E+1    	15.00     	1302.02	24.1 	35.6 	0.000000E+0	0.000000E+0	0.000000E+0	0.000000E+0	0.000000E+0	0.000000E+0	0.000000E+0	0.000000E+0
15.0    	139     	2.707952E-2 	1.699070E-4	2.11E+1    	15.00     	1303.92	24.1 	35.6 	0.000000E+0	0.000000E+0	0.000000E+0	0.000000E+0	0.000000E+0	0.000000E+0	0.000000E+0	0.000000E+0
15.0    	140     	2.718842E-2 	3.857737E-5	2.11E+1    	15.00     	1305.82	24.1 	35.6 	0.000000E+0	0.000000E+0	0.000000E+0	0.000000E+0	0.000000E+0	0.000000E+0	0.000000E+0	0.000000E+0
15.0    	141     	2.661763E-2 	1.077684E-4	2.13E+1    	15.00     	1307.72	24.1 	35.6 	0.000000E+0	0.000000E+0	0.000000E+0	0.000000E+0	0.000000E+0	0.000000E+0	0.000000E+0	0.000000E+0
15.0    	142     	2.672780E-2 	6.661590E-5	2.10E+1    	15.00     	1309.63	24.1 	35.6 	0.000000E+0	0.000000E+0	0.000000E+0	0.000000E+0	0.000000E+0	0.000000E+0	0.000000E+0	0.000000E+0
15.0    	143     	2.786337E-2 	1.530956E-4	2.08E+1    	15.00     	1311.53	24.1 	35.6 	0.000000E+0	0.000000E+0	0.000000E+0	0.000000E+0	0.000000E+0	0.000000E+0	0.000000E+0	0.000000E+0
15.0    	144     	7.911936E-2 	1.536492E-4	2.09E+1    	15.00     	1313.43	24.1 	35.6 	0.000000E+0	0.000000E+0	0.000000E+0	0.000000E+0	0.000000E+0	0.000000E+0	0.000000E+0	0.000000E+0
15.0    	145     	8.191727E-2 	1.267638E-4	2.11E+1    	15.00     	1315.33	24.1 	35.6 	0.000000E+0	0.000000E+0	0.000000E+0	0.000000E+0	0.000000E+0	0.000000E+0	0.000000E+0	0.000000E+0
15.0    	146     	3.008195E-2 	7.271941E-5	2.09E+1    	15.00     	1317.24	24.1 	35.6 	0.000000E+0	0.000000E+0	0.000000E+0	0.000000E+0	0.000000E+0	0.000000E+0	0.000000E+0	0.000000E+0
15.0    	147     	2.908727E-2 	1.553059E-4	2.12E+1    	15.00     	1319.14	24.1 	35.6 	0.000000E+0	0.000000E+0	0.000000E+0	0.000000E+0	0.000000E+0	0.000000E+0	0.000000E+0	0.000000E+0
15.0    	148     	3.120360E-2 	1.297174E-4	2.09E+1    	15.00     	1321.04	24.1 	35.6 	0.000000E+0	0.000000E+0	0.000000E+0	0.000000E+0	0.000000E+0	0.000000E+0	0.000000E+0	0.000000E+0
15.0    	149     	2.864311E-2 	1.391305E-4	2.09E+1    	15.00     	1322.94	24.1 	35.6 	0.000000E+0	0.000000E+0	0.000000E+0	0.000000E+0	0.000000E+0	0.000000E+0	0.000000E+0	0.000000E+0
15.0    	150     	7.451786E-2 	1.549067E-4	2.10E+1    	15.00     	1324.85	24.1 	35.6 	0.000000E+0	0.000000E+0	0.000000E+0	0.000000E+0	0.000000E+0	0.000000E+0	0.000000E+0	0.000000E+0
15.0    	151     	2.810556E-2 	1.455907E-4	2.10E+1    	15.00     	1326.75	24.1 	35.6 	0.000000E+0	0.000000E+0	0.000000E+0	0.000000E+0	0.000000E+0	0.000000E+0	0.000000E+0	0.000000E+0
15.0    	152     	2.765759E-2 	1.844267E-4	2.10E+1    	15.00     	1328.65	24.1 	35.6 	0.000000E+0	0.000000E+0	0.000000E+0	0.000000E+0	0.000000E+0	0.000000E+0	0.000000E+0	0.000000E+0
15.0    	153     	2.782569E-2 	9.732456E-5	2.12E+1    	15.00     	1330.55	24.1 	35.6 	0.000000E+0	0.000000E+0	0.000000E+0	0.000000E+0	0.000000E+0	0.000000E+0	0.000000E+0	0.000000E+0
15.0    	154     	2.792321E-2 	2.250807E-5	2.11E+1    	15.00     	1332.45	24.1 	35.6 	0.000000E+0	0.000000E+0	0.000000E+0	0.000000E+0	0.000000E+0	0.000000E+0	0.000000E+0	0.000000E+0
15.0    	155     	5.923663E-2 	5.177901E-5	2.10E+1    	15.00     	1334.36	24.1 	35.6 	0.000000E+0	0.000000E+0	0.000000E+0	0.000000E+0	0.000000E+0	0.000000E+0	0.000000E+0	0.000000E+0
15.0    	156     	2.645144E-2 	1.153349E-4	2.10E+1    	15.00     	1336.26	24.1 	35.6 	0.000000E+0	0.000000E+0	0.000000E+0	0.000000E+0	0.000000E+0	0.000000E+0	0.000000E+0	0.000000E+0
15.0    	157     	2.611523E-2 	1.434524E-4	2.11E+1    	15.00     	1338.16	24.1 	35.6 	0.000000E+0	0.000000E+0	0.000000E+0	0.000000E+0	0.000000E+0	0.000000E+0	0.000000E+0	0.000000E+0
15.0    	158     	2.639509E-2 	2.003253E-4	2.09E+1    	15.00     	1340.07	24.1 	35.6 	0.000000E+0	0.000000E+0	0.000000E+0	0.000000E+0	0.000000E+0	0.000000E+0	0.000000E+0	0.000000E+0
15.0    	159     	2.735875E-2 	6.508361E-5	2.13E+1    	15.00     	1341.97	24.1 	35.6 	0.000000E+0	0.000000E+0	0.000000E+0	0.000000E+0	0.000000E+0	0.000000E+0	0.000000E+0	0.000000E+0
15.0    	160     	7.883220E-2 	1.719556E-4	2.11E+1    	15.00     	1343.87	24.1 	35.6 	0.000000E+0	0.000000E+0	0.000000E+0	0.000000E+0	0.000000E+0	0.000000E+0	0.000000E+0	0.000000E+0
15.0    	161     	8.288090E-2 	1.557050E-4	2.10E+1    	15.00     	1345.78	24.1 	35.6 	0.000000E+0	0.000000E+0	0.000000E+0	0.000000E+0	0.000000E+0	0.000000E+0	0.000000E+0	0.000000E+0
15.0    	162     	3.124823E-2 	1.837148E-4	2.09E+1    	15.00     	1347.68	24.1 	35.6 	0.000000E+0	0.000000E+0	0.000000E+0	0.000000E+0	0.000000E+0	0.000000E+0	0.000000E+0	0.000000E+0
15.0    	163     	3.686940E-2 	1.426098E-4	2.10E+1    	15.00     	1349.58	24.1 	35.6 	0.000000E+0	0.000000E+0	0.000000E+0	0.000000E+0	0.000000E+0	0.000000E+0	0.000000E+0	0.000000E+0
15.0    	164     	1.573418E-3 	3.895496E-5	2.11E+1    	15.00     	1351.48	24.1 	35.6 	0.000000E+0	0.000000E+0	0.000000E+0	0.000000E+0	0.000000E+0	0.000000E+0	0.000000E+0	0.000000E+0
15.0    	165     	3.147901E-2 	9.868083E-5	2.10E+1    	15.00     	1353.38	24.1 	35.6 	0.000000E+0	0.000000E+0	0.000000E+0	0.000000E+0	0.000000E+0	0.000000E+0	0.000000E+0	0.000000E+0
15.0    	166     	2.935984E-2 	6.980836E-5	2.09E+1    	15.00     	1355.29	24.1 	35.6 	0.000000E+0	0.000000E+0	0.000000E+0	0.000000E+0	0.000000E+0	0.000000E+0	0.000000E+0	0.000000E+0
15.0    	167     	2.868332E-2 	1.130369E-4	2.07E+1    	15.00     	1357.19	24.1 	35.6 	0.000000E+0	0.000000E+0	0.000000E+0	0.000000E+0	0.000000E+0	0.000000E+0	0.000000E+0	0.000000E+0
15.0    	168     	3.166865E-2 	1.000158E-4	2.10E+1    	15.00     	1359.09	24.1 	35.6 	0.000000E+0	0.000000E+0	0.000000E+0	0.000000E+0	0.000000E+0	0.000000E+0	0.000000E+0	0.000000E+0
15.0    	169     	2.665754E-2 	8.985979E-5	2.11E+1    	15.00     	1360.99	24.1 	35.6 	0.000000E+0	0.000000E+0	0.000000E+0	0.000000E+0	0.000000E+0	0.000000E+0	0.000000E+0	0.000000E+0
15.0    	170     	2.638020E-2 	8.799996E-5	2.10E+1    	15.00     	1362.90	24.1 	35.6 	0.000000E+0	0.000000E+0	0.000000E+0	0.000000E+0	0.000000E+0	0.000000E+0	0.000000E+0	0.000000E+0
15.0    	171     	4.621068E-2 	1.030333E-4	2.07E+1    	15.00     	1364.80	24.1 	35.6 	0.000000E+0	0.000000E+0	0.000000E+0	0.000000E+0	0.000000E+0	0.000000E+0	0.000000E+0	0.000000E+0
15.0    	172     	2.555076E-2 	1.271446E-4	2.08E+1    	15.00     	1366.70	24.1 	35.6 	0.000000E+0	0.000000E+0	0.000000E+0	0.000000E+0	0.000000E+0	0.000000E+0	0.000000E+0	0.000000E+0
15.0    	173     	2.548048E-2 	1.004131E-4	2.09E+1    	15.00     	1368.60	24.1 	35.6 	0.000000E+0	0.000000E+0	0.000000E+0	0.000000E+0	0.000000E+0	0.000000E+0	0.000000E+0	0.000000E+0
15.0    	174     	2.557894E-2 	7.635812E-5	2.12E+1    	15.00     	1370.50	24.1 	35.6 	0.000000E+0	0.000000E+0	0.000000E+0	0.000000E+0	0.000000E+0	0.000000E+0	0.000000E+0	0.000000E+0
15.0    	175     	2.759112E-2 	1.493259E-4	2.10E+1    	15.00     	1372.41	24.1 	35.6 	0.000000E+0	0.000000E+0	0.000000E+0	0.000000E+0	0.000000E+0	0.000000E+0	0.000000E+0	0.000000E+0
15.0    	176     	7.966735E-2 	1.366252E-4	2.08E+1    	15.00     	1374.31	24.1 	35.6 	0.000000E+0	0.000000E+0	0.000000E+0	0.000000E+0	0.000000E+0	0.000000E+0	0.000000E+0	0.000000E+0
15.0    	177     	9.622250E-2 	1.310023E-4	2.12E+1    	15.00     	1376.21	24.1 	35.6 	0.000000E+0	0.000000E+0	0.000000E+0	0.000000E+0	0.000000E+0	0.000000E+0	0.000000E+0	0.000000E+0
15.0    	178     	3.206342E-2 	1.370387E-5	2.09E+1    	15.00     	1378.11	24.1 	35.6 	0.000000E+0	0.000000E+0	0.000000E+0	0.000000E+0	0.000000E+0	0.000000E+0	0.000000E+0	0.000000E+0
15.0    	179     	3.130490E-2 	1.111804E-4	2.09E+1    	15.00     	1380.02	24.1 	35.6 	0.000000E+0	0.000000E+0	0.000000E+0	0.000000E+0	0.000000E+0	0.000000E+0	0.000000E+0	0.000000E+0
15.0    	180     	3.585762E-2 	1.292038E-4	2.09E+1    	15.00     	1381.92	24.1 	35.6 	0.000000E+0	0.000000E+0	0.000000E+0	0.000000E+0	0.000000E+0	0.000000E+0	0.000000E+0	0.000000E+0
15.0    	181     	3.026652E-2 	1.004704E-4	2.10E+1    	15.00     	1383.82	24.1 	35.6 	0.000000E+0	0.000000E+0	0.000000E+0	0.000000E+0	0.000000E+0	0.000000E+0	0.000000E+0	0.000000E+0
15.0    	182     	2.984705E-2 	1.698611E-4	2.11E+1    	15.00     	1385.72	24.1 	35.6 	0.000000E+0	0.000000E+0	0.000000E+0	0.000000E+0	0.000000E+0	0.000000E+0	0.000000E+0	0.000000E+0
15.0    	183     	2.908062E-2 	5.835602E-5	2.10E+1    	15.00     	1387.63	24.1 	35.6 	0.000000E+0	0.000000E+0	0.000000E+0	0.000000E+0	0.000000E+0	0.000000E+0	0.000000E+0	0.000000E+0
15.0    	184     	2.753476E-2 	8.483019E-5	2.08E+1    	15.00     	1389.53	24.1 	35.6 	0.000000E+0	0.000000E+0	0.000000E+0	0.000000E+0	0.000000E+0	0.000000E+0	0.000000E+0	0.000000E+0
15.0    	185     	5.533382E-2 	1.430530E-4	2.11E+1    	15.00     	1391.44	24.1 	35.6 	0.000000E+0	0.000000E+0	0.000000E+0	0.000000E+0	0.000000E+0	0.000000E+0	0.000000E+0	0.000000E+0
15.0    	186     	2.573788E-2 	2.048630E-4	2.10E+1    	15.00     	1393.34	24.1 	35.6 	0.000000E+0	0.000000E+0	0.000000E+0	0.000000E+0	0.000000E+0	0.000000E+0	0.000000E+0	0.000000E+0
15.0    	187     	3.120518E-2 	1.818102E-4	2.10E+1    	15.00     	1395.24	24.1 	35.6 	0.000000E+0	0.000000E+0	0.000000E+0	0.000000E+0	0.000000E+0	0.000000E+0	0.000000E+0	0.000000E+0
15.0    	188     	2.538552E-2 	1.508107E-4	2.11E+1    	15.00     	1397.14	24.1 	35.6 	0.000000E+0	0.000000E+0	0.000000E+0	0.000000E+0	0.000000E+0	0.000000E+0	0.000000E+0	0.000000E+0
15.0    	189     	2.538932E-2 	1.067852E-4	2.09E+1    	15.00     	1399.05	24.1 	35.6 	0.000000E+0	0.000000E+0	0.000000E+0	0.000000E+0	0.000000E+0	0.000000E+0	0.000000E+0	0.000000E+0
15.0    	190     	2.525128E-2 	1.619425E-4	2.10E+1    	15.00     	1400.95	24.1 	35.6 	0.000000E+0	0.000000E+0	0.000000E+0	0.000000E+0	0.000000E+0	0.000000E+0	0.000000E+0	0.000000E+0
15.0    	191     	3.043494E-2 	1.159370E-4	2.09E+1    	15.00     	1402.85	24.1 	35.6 	0.000000E+0	0.000000E+0	0.000000E+0	0.000000E+0	0.000000E+0	0.000000E+0	0.000000E+0	0.000000E+0
15.0    	192     	7.879709E-2 	1.127271E-4	2.11E+1    	15.00     	1404.75	24.1 	35.6 	0.000000E+0	0.000000E+0	0.000000E+0	0.000000E+0	0.000000E+0	0.000000E+0	0.000000E+0	0.000000E+0
15.0    	193     	8.310444E-2 	5.035142E-5	2.07E+1    	15.00     	1406.65	24.1 	35.6 	0.000000E+0	0.000000E+0	0.000000E+0	0.000000E+0	0.000000E+0	0.000000E+0	0.000000E+0	0.000000E+0
15.0    	194     	4.934957E-2 	1.287211E-4	2.09E+1    	15.00     	1408.56	24.1 	35.6 	0.000000E+0	0.000000E+0	0.000000E+0	0.000000E+0	0.000000E+0	0.000000E+0	0.000000E+0	0.000000E+0
15.0    	195     	3.188868E-2 	4.614106E-5	2.10E+1    	15.00     	1410.46	24.1 	35.6 	0.000000E+0	0.000000E+0	0.000000E+0	0.000000E+0	0.000000E+0	0.000000E+0	0.000000E+0	0.000000E+0
15.0    	196     	3.114502E-2 	2.384343E-5	2.14E+1    	15.00     	1412.36	24.1 	35.6 	0.000000E+0	0.000000E+0	0.000000E+0	0.000000E+0	0.000000E+0	0.000000E+0	0.000000E+0	0.000000E+0
15.0    	197     	3.054194E-2 	4.869731E-5	2.09E+1    	15.00     	1414.26	24.1 	35.6 	0.000000E+0	0.000000E+0	0.000000E+0	0.000000E+0	0.000000E+0	0.000000E+0	0.000000E+0	0.000000E+0
15.0    	198     	3.791378E-2 	2.121076E-4	2.09E+1    	15.00     	1416.17	24.1 	35.6 	0.000000E+0	0.000000E+0	0.000000E+0	0.000000E+0	0.000000E+0	0.000000E+0	0.000000E+0	0.000000E+0
15.0    	199     	2.888783E-2 	9.334619E-5	2.10E+1    	15.00     	1418.07	24.1 	35.6 	0.000000E+0	0.000000E+0	0.000000E+0	0.000000E+0	0.000000E+0	0.000000E+0	0.000000E+0	0.000000E+0
15.0    	200     	2.748000E-2 	3.741195E-5	2.07E+1    	15.00     	1419.97	24.1 	35.6 	0.000000E+0	0.000000E+0	0.000000E+0	0.000000E+0	0.000000E+0	0.000000E+0	0.000000E+0	0.000000E+0
15.0    	201     	5.414827E-2 	1.851509E-4	2.08E+1    	15.00     	1421.88	24.1 	35.6 	0.000000E+0	0.000000E+0	0.000000E+0	0.000000E+0	0.000000E+0	0.000000E+0	0.000000E+0	0.000000E+0
15.0    	202     	3.894457E-2 	4.569699E-5	2.10E+1    	15.00     	1423.78	24.1 	35.6 	0.000000E+0	0.000000E+0	0.000000E+0	0.000000E+0	0.000000E+0	0.000000E+0	0.000000E+0	0.000000E+0
15.0    	203     	2.505817E-2 	6.694579E-5	2.07E+1    	15.00     	1425.68	24.1 	35.6 	0.000000E+0	0.000000E+0	0.000000E+0	0.000000E+0	0.000000E+0	0.000000E+0	0.000000E+0	0.000000E+0
15.0    	204     	2.512719E-2 	6.470470E-5	2.09E+1    	15.00     	1427.59	24.1 	35.6 	0.000000E+0	0.000000E+0	0.000000E+0	0.000000E+0	0.000000E+0	0.000000E+0	0.000000E+0	0.000000E+0
15.0    	205     	2.562326E-2 	5.794845E-5	2.10E+1    	15.00     	1429.49	24.1 	35.6 	0.000000E+0	0.000000E+0	0.000000E+0	0.000000E+0	0.000000E+0	0.000000E+0	0.000000E+0	0.000000E+0
15.0    	206     	2.540704E-2 	3.977791E-5	2.09E+1    	15.00     	1431.39	24.1 	35.6 	0.000000E+0	0.000000E+0	0.000000E+0	0.000000E+0	0.000000E+0	0.000000E+0	0.000000E+0	0.000000E+0
15.0    	207     	2.630042E-2 	1.676726E-4	2.11E+1    	15.00     	1433.29	24.1 	35.6 	0.000000E+0	0.000000E+0	0.000000E+0	0.000000E+0	0.000000E+0	0.000000E+0	0.000000E+0	0.000000E+0
15.0    	208     	8.224082E-2 	5.047297E-5	2.06E+1    	15.00     	1435.20	24.1 	35.6 	0.000000E+0	0.000000E+0	0.000000E+0	0.000000E+0	0.000000E+0	0.000000E+0	0.000000E+0	0.000000E+0
15.0    	209     	8.501979E-2 	1.399030E-4	2.09E+1    	15.00     	1437.10	24.1 	35.6 	0.000000E+0	0.000000E+0	0.000000E+0	0.000000E+0	0.000000E+0	0.000000E+0	0.000000E+0	0.000000E+0
15.0    	210     	3.315152E-2 	9.721280E-5	2.09E+1    	15.00     	1439.00	24.1 	35.6 	0.000000E+0	0.000000E+0	0.000000E+0	0.000000E+0	0.000000E+0	0.000000E+0	0.000000E+0	0.000000E+0
15.0    	211     	3.214004E-2 	8.291095E-5	2.09E+1    	15.00     	1440.90	24.1 	35.6 	0.000000E+0	0.000000E+0	0.000000E+0	0.000000E+0	0.000000E+0	0.000000E+0	0.000000E+0	0.000000E+0
15.0    	212     	5.763128E-2 	2.359547E-4	2.08E+1    	15.00     	1442.81	24.1 	35.6 	0.000000E+0	0.000000E+0	0.000000E+0	0.000000E+0	0.000000E+0	0.000000E+0	0.000000E+0	0.000000E+0
15.0    	213     	2.992082E-2 	1.300058E-4	2.09E+1    	15.00     	1444.71	24.1 	35.6 	0.000000E+0	0.000000E+0	0.000000E+0	0.000000E+0	0.000000E+0	0.000000E+0	0.000000E+0	0.000000E+0
15.0    	214     	2.859784E-2 	1.001878E-4	2.08E+1    	15.00     	1446.61	24.1 	35.6 	0.000000E+0	0.000000E+0	0.000000E+0	0.000000E+0	0.000000E+0	0.000000E+0	0.000000E+0	0.000000E+0
15.0    	215     	2.756990E-2 	9.897349E-5	2.08E+1    	15.00     	1448.52	24.1 	35.6 	0.000000E+0	0.000000E+0	0.000000E+0	0.000000E+0	0.000000E+0	0.000000E+0	0.000000E+0	0.000000E+0
15.0    	216     	2.698170E-2 	1.088543E-4	2.09E+1    	15.00     	1450.42	24.1 	35.6 	0.000000E+0	0.000000E+0	0.000000E+0	0.000000E+0	0.000000E+0	0.000000E+0	0.000000E+0	0.000000E+0
15.0    	217     	2.611904E-2 	1.690352E-4	2.09E+1    	15.00     	1452.33	24.1 	35.6 	0.000000E+0	0.000000E+0	0.000000E+0	0.000000E+0	0.000000E+0	0.000000E+0	0.000000E+0	0.000000E+0
15.0    	218     	2.559950E-2 	1.373650E-4	2.06E+1    	15.00     	1454.23	24.1 	35.6 	0.000000E+0	0.000000E+0	0.000000E+0	0.000000E+0	0.000000E+0	0.000000E+0	0.000000E+0	0.000000E+0
15.0    	219     	2.484797E-2 	1.117913E-4	2.08E+1    	15.00     	1456.13	24.1 	35.6 	0.000000E+0	0.000000E+0	0.000000E+0	0.000000E+0	0.000000E+0	0.000000E+0	0.000000E+0	0.000000E+0
15.0    	220     	2.452316E-2 	1.550127E-4	2.09E+1    	15.00     	1458.04	24.1 	35.6 	0.000000E+0	0.000000E+0	0.000000E+0	0.000000E+0	0.000000E+0	0.000000E+0	0.000000E+0	0.000000E+0
15.0    	221     	2.593224E-2 	5.203860E-5	2.08E+1    	15.00     	1459.94	24.1 	35.6 	0.000000E+0	0.000000E+0	0.000000E+0	0.000000E+0	0.000000E+0	0.000000E+0	0.000000E+0	0.000000E+0
15.0    	222     	2.563278E-2 	1.824500E-4	2.08E+1    	15.00     	1461.85	24.1 	35.6 	0.000000E+0	0.000000E+0	0.000000E+0	0.000000E+0	0.000000E+0	0.000000E+0	0.000000E+0	0.000000E+0
15.0    	223     	2.732931E-2 	1.484264E-4	2.09E+1    	15.00     	1463.75	24.1 	35.6 	0.000000E+0	0.000000E+0	0.000000E+0	0.000000E+0	0.000000E+0	0.000000E+0	0.000000E+0	0.000000E+0
15.0    	224     	8.475070E-2 	2.385099E-4	2.08E+1    	15.00     	1465.65	24.1 	35.6 	0.000000E+0	0.000000E+0	0.000000E+0	0.000000E+0	0.000000E+0	0.000000E+0	0.000000E+0	0.000000E+0
15.0    	225     	9.098602E-2 	1.978505E-4	2.10E+1    	15.00     	1467.56	24.1 	35.6 	0.000000E+0	0.000000E+0	0.000000E+0	0.000000E+0	0.000000E+0	0.000000E+0	0.000000E+0	0.000000E+0
15.0    	226     	3.389895E-2 	1.919672E-4	2.09E+1    	15.00     	1469.46	24.1 	35.6 	0.000000E+0	0.000000E+0	0.000000E+0	0.000000E+0	0.000000E+0	0.000000E+0	0.000000E+0	0.000000E+0
15.0    	227     	3.241864E-2 	1.011506E-4	2.08E+1    	15.00     	1471.37	24.1 	35.6 	0.000000E+0	0.000000E+0	0.000000E+0	0.000000E+0	0.000000E+0	0.000000E+0	0.000000E+0	0.000000E+0
15.0    	228     	3.049635E-2 	1.175724E-4	2.08E+1    	15.00     	1473.27	24.1 	35.6 	0.000000E+0	0.000000E+0	0.000000E+0	0.000000E+0	0.000000E+0	0.000000E+0	0.000000E+0	0.000000E+0
15.0    	229     	3.961100E-2 	1.260515E-4	2.07E+1    	15.00     	1475.17	24.1 	35.6 	0.000000E+0	0.000000E+0	0.000000E+0	0.000000E+0	0.000000E+0	0.000000E+0	0.000000E+0	0.000000E+0
15.0    	230     	3.564741E-2 	4.557827E-5	2.08E+1    	15.00     	1477.07	24.1 	35.6 	0.000000E+0	0.000000E+0	0.000000E+0	0.000000E+0	0.000000E+0	0.000000E+0	0.000000E+0	0.000000E+0
15.0    	231     	2.700576E-2 	3.017144E-5	2.08E+1    	15.00     	1478.97	24.1 	35.6 	0.000000E+0	0.000000E+0	0.000000E+0	0.000000E+0	0.000000E+0	0.000000E+0	0.000000E+0	0.000000E+0
15.0    	232     	2.683101E-2 	1.466582E-4	2.04E+1    	15.00     	1480.88	24.1 	35.6 	0.000000E+0	0.000000E+0	0.000000E+0	0.000000E+0	0.000000E+0	0.000000E+0	0.000000E+0	0.000000E+0
15.0    	233     	2.626086E-2 	1.490243E-4	2.09E+1    	15.00     	1482.78	24.1 	35.6 	0.000000E+0	0.000000E+0	0.000000E+0	0.000000E+0	0.000000E+0	0.000000E+0	0.000000E+0	0.000000E+0
15.0    	234     	3.204475E-2 	8.753155E-5	2.07E+1    	15.00     	1484.68	24.1 	35.6 	0.000000E+0	0.000000E+0	0.000000E+0	0.000000E+0	0.000000E+0	0.000000E+0	0.000000E+0	0.000000E+0
15.0    	235     	2.485683E-2 	8.763013E-5	2.09E+1    	15.00     	1486.58	24.1 	35.6 	0.000000E+0	0.000000E+0	0.000000E+0	0.000000E+0	0.000000E+0	0.000000E+0	0.000000E+0	0.000000E+0
15.0    	236     	2.476630E-2 	5.794885E-5	2.07E+1    	15.00     	1488.49	24.1 	35.6 	0.000000E+0	0.000000E+0	0.000000E+0	0.000000E+0	0.000000E+0	0.000000E+0	0.000000E+0	0.000000E+0
15.0    	237     	2.512465E-2 	1.049198E-4	2.08E+1    	15.00     	1490.39	24.1 	35.6 	0.000000E+0	0.000000E+0	0.000000E+0	0.000000E+0	0.000000E+0	0.000000E+0	0.000000E+0	0.000000E+0
15.0    	238     	5.493847E-2 	1.238534E-4	2.06E+1    	15.00     	1492.29	24.1 	35.6 	0.000000E+0	0.000000E+0	0.000000E+0	0.000000E+0	0.000000E+0	0.000000E+0	0.000000E+0	0.000000E+0
15.0    	239     	3.668264E-2 	7.204772E-5	2.06E+1    	15.00     	1494.20	24.1 	35.6 	0.000000E+0	0.000000E+0	0.000000E+0	0.000000E+0	0.000000E+0	0.000000E+0	0.000000E+0	0.000000E+0
15.0    	240     	9.568182E-2 	8.379270E-5	2.10E+1    	15.00     	1496.10	24.1 	35.6 	0.000000E+0	0.000000E+0	0.000000E+0	0.000000E+0	0.000000E+0	0.000000E+0	0.000000E+0	0.000000E+0
15.0    	241     	1.569645E-1 	1.833894E-4	2.10E+1    	15.00     	1498.01	24.1 	35.6 	0.000000E+0	0.000000E+0	0.000000E+0	0.000000E+0	0.000000E+0	0.000000E+0	0.000000E+0	0.000000E+0
15.0    	242     	8.829890E-2 	1.770373E-4	2.06E+1    	15.00     	1499.91	24.1 	35.6 	0.000000E+0	0.000000E+0	0.000000E+0	0.000000E+0	0.000000E+0	0.000000E+0	0.000000E+0	0.000000E+0
15.0    	243     	8.307759E-2 	1.034880E-4	2.06E+1    	15.00     	1501.81	24.1 	35.6 	0.000000E+0	0.000000E+0	0.000000E+0	0.000000E+0	0.000000E+0	0.000000E+0	0.000000E+0	0.000000E+0
15.0    	244     	8.053761E-2 	1.277397E-4	2.08E+1    	15.00     	1503.71	24.1 	35.6 	0.000000E+0	0.000000E+0	0.000000E+0	0.000000E+0	0.000000E+0	0.000000E+0	0.000000E+0	0.000000E+0
15.0    	245     	7.838172E-2 	2.351584E-4	2.08E+1    	15.00     	1505.62	24.1 	35.6 	0.000000E+0	0.000000E+0	0.000000E+0	0.000000E+0	0.000000E+0	0.000000E+0	0.000000E+0	0.000000E+0
15.0    	246     	7.742632E-2 	1.065914E-4	2.07E+1    	15.00     	1507.52	24.1 	35.6 	0.000000E+0	0.000000E+0	0.000000E+0	0.000000E+0	0.000000E+0	0.000000E+0	0.000000E+0	0.000000E+0
15.0    	247     	7.705051E-2 	1.043659E-4	2.07E+1    	15.00     	1509.42	24.1 	35.6 	0.000000E+0	0.000000E+0	0.000000E+0	0.000000E+0	0.000000E+0	0.000000E+0	0.000000E+0	0.000000E+0
15.0    	248     	8.103685E-2 	1.092194E-4	2.09E+1    	15.00     	1511.33	24.1 	35.6 	0.000000E+0	0.000000E+0	0.000000E+0	0.000000E+0	0.000000E+0	0.000000E+0	0.000000E+0	0.000000E+0
15.0    	249     	7.568290E-2 	6.593186E-5	2.09E+1    	15.00     	1513.23	24.1 	35.6 	0.000000E+0	0.000000E+0	0.000000E+0	0.000000E+0	0.000000E+0	0.000000E+0	0.000000E+0	0.000000E+0
15.0    	250     	7.542775E-2 	1.573758E-4	2.06E+1    	15.00     	1515.13	24.1 	35.6 	0.000000E+0	0.000000E+0	0.000000E+0	0.000000E+0	0.000000E+0	0.000000E+0	0.000000E+0	0.000000E+0
15.0    	251     	7.494367E-2 	6.585246E-5	2.06E+1    	15.00     	1517.03	24.1 	35.6 	0.000000E+0	0.000000E+0	0.000000E+0	0.000000E+0	0.000000E+0	0.000000E+0	0.000000E+0	0.000000E+0
15.0    	252     	7.588867E-2 	1.458595E-4	2.05E+1    	15.00     	1518.94	24.1 	35.6 	0.000000E+0	0.000000E+0	0.000000E+0	0.000000E+0	0.000000E+0	0.000000E+0	0.000000E+0	0.000000E+0
15.0    	253     	8.560002E-2 	1.244053E-4	2.06E+1    	15.00     	1520.84	24.1 	35.6 	0.000000E+0	0.000000E+0	0.000000E+0	0.000000E+0	0.000000E+0	0.000000E+0	0.000000E+0	0.000000E+0
15.0    	254     	1.594461E-1 	1.907529E-4	2.07E+1    	15.00     	1522.74	24.1 	35.6 	0.000000E+0	0.000000E+0	0.000000E+0	0.000000E+0	0.000000E+0	0.000000E+0	0.000000E+0	0.000000E+0
15.0    	255     	9.079988E-2 	1.171986E-4	2.07E+1    	15.00     	1524.64	24.1 	35.6 	0.000000E+0	0.000000E+0	0.000000E+0	0.000000E+0	0.000000E+0	0.000000E+0	0.000000E+0	0.000000E+0
15.0    	256     	1.805633E-1 	1.301416E-4	2.08E+1    	15.00     	1526.54	24.1 	35.6 	0.000000E+0	0.000000E+0	0.000000E+0	0.000000E+0	0.000000E+0	0.000000E+0	0.000000E+0	0.000000E+0
15.0    	257     	1.392968E-3 	9.640812E-5	2.09E+1    	15.00     	1528.44	24.1 	35.6 	0.000000E+0	0.000000E+0	0.000000E+0	0.000000E+0	0.000000E+0	0.000000E+0	0.000000E+0	0.000000E+0
15.0    	258     	1.488891E-3 	1.642351E-4	2.07E+1    	15.00     	1530.35	24.1 	35.6 	0.000000E+0	0.000000E+0	0.000000E+0	0.000000E+0	0.000000E+0	0.000000E+0	0.000000E+0	0.000000E+0
15.0    	259     	1.308125E-3 	2.254361E-4	2.07E+1    	15.00     	1532.24	24.1 	35.6 	0.000000E+0	0.000000E+0	0.000000E+0	0.000000E+0	0.000000E+0	0.000000E+0	0.000000E+0	0.000000E+0
15.0    	260     	1.396768E-3 	8.122520E-5	2.07E+1    	15.00     	1534.14	24.1 	35.6 	0.000000E+0	0.000000E+0	0.000000E+0	0.000000E+0	0.000000E+0	0.000000E+0	0.000000E+0	0.000000E+0
15.0    	261     	1.574685E-3 	7.647867E-5	2.06E+1    	15.00     	1536.05	24.1 	35.6 	0.000000E+0	0.000000E+0	0.000000E+0	0.000000E+0	0.000000E+0	0.000000E+0	0.000000E+0	0.000000E+0
15.0    	262     	1.328070E-3 	1.439067E-4	2.09E+1    	15.00     	1537.94	24.1 	35.6 	0.000000E+0	0.000000E+0	0.000000E+0	0.000000E+0	0.000000E+0	0.000000E+0	0.000000E+0	0.000000E+0
15.0    	263     	8.275587E-4 	7.119212E-5	2.06E+1    	15.00     	1539.85	24.1 	35.6 	0.000000E+0	0.000000E+0	0.000000E+0	0.000000E+0	0.000000E+0	0.000000E+0	0.000000E+0	0.000000E+0
15.0    	264     	-2.107790E-3	1.994253E-4	2.06E+1    	15.00     	1541.75	24.1 	35.6 	0.000000E+0	0.000000E+0	0.000000E+0	0.000000E+0	0.000000E+0	0.000000E+0	0.000000E+0	0.000000E+0
20.0    	1       	1.733150E-1 	1.610348E-4	2.65E+1    	20.00     	1557.94	24.1 	35.6 	0.000000E+0	0.000000E+0	0.000000E+0	0.000000E+0	0.000000E+0	0.000000E+0	0.000000E+0	0.000000E+0
20.0    	2       	1.436546E-1 	9.281284E-5	2.42E+1    	20.00     	1559.72	24.1 	35.6 	0.000000E+0	0.000000E+0	0.000000E+0	0.000000E+0	0.000000E+0	0.000000E+0	0.000000E+0	0.000000E+0
20.0    	3       	1.726326E-3 	1.044373E-4	2.39E+1    	20.00     	1561.62	24.1 	35.6 	0.000000E+0	0.000000E+0	0.000000E+0	0.000000E+0	0.000000E+0	0.000000E+0	0.000000E+0	0.000000E+0
20.0    	4       	1.148807E-1 	6.315895E-5	2.41E+1    	20.00     	1563.52	24.1 	35.6 	0.000000E+0	0.000000E+0	0.000000E+0	0.000000E+0	0.000000E+0	0.000000E+0	0.000000E+0	0.000000E+0
20.0    	5       	9.587204E-2 	8.649768E-5	2.39E+1    	20.00     	1565.42	24.1 	35.6 	0.000000E+0	0.000000E+0	0.000000E+0	0.000000E+0	0.000000E+0	0.000000E+0	0.000000E+0	0.000000E+0
20.0    	6       	9.473431E-2 	6.378310E-5	2.40E+1    	20.00     	1567.33	24.1 	35.6 	0.000000E+0	0.000000E+0	0.000000E+0	0.000000E+0	0.000000E+0	0.000000E+0	0.000000E+0	0.000000E+0
20.0    	7       	9.330052E-2 	6.614412E-5	2.42E+1    	20.00     	1569.23	24.1 	35.6 	0.000000E+0	0.000000E+0	0.000000E+0	0.000000E+0	0.000000E+0	0.000000E+0	0.000000E+0	0.000000E+0
20.0    	8       	9.216681E-2 	1.683517E-4	2.37E+1    	20.00     	1571.13	24.1 	35.6 	0.000000E+0	0.000000E+0	0.000000E+0	0.000000E+0	0.000000E+0	0.000000E+0	0.000000E+0	0.000000E+0
20.0    	9       	9.840185E-2 	1.345962E-4	2.39E+1    	20.00     	1573.03	24.1 	35.6 	0.000000E+0	0.000000E+0	0.000000E+0	0.000000E+0	0.000000E+0	0.000000E+0	0.000000E+0	0.000000E+0
20.0    	10      	9.053172E-2 	4.659640E-5	2.38E+1    	20.00     	1574.93	24.1 	35.6 	0.000000E+0	0.000000E+0	0.000000E+0	0.000000E+0	0.000000E+0	0.000000E+0	0.000000E+0	0.000000E+0
20.0    	11      	9.021165E-2 	1.189382E-4	2.36E+1    	20.00     	1576.84	24.1 	35.6 	0.000000E+0	0.000000E+0	0.000000E+0	0.000000E+0	0.000000E+0	0.000000E+0	0.000000E+0	0.000000E+0
20.0    	12      	9.046550E-2 	8.684858E-5	2.36E+1    	20.00     	1578.74	24.1 	35.6 	0.000000E+0	0.000000E+0	0.000000E+0	0.000000E+0	0.000000E+0	0.000000E+0	0.000000E+0	0.000000E+0
20.0    	13      	9.376774E-2 	9.728473E-5	2.37E+1    	20.00     	1580.64	24.1 	35.6 	0.000000E+0	0.000000E+0	0.000000E+0	0.000000E+0	0.000000E+0	0.000000E+0	0.000000E+0	0.000000E+0
20.0    	14      	9.598886E-2 	1.498668E-4	2.34E+1    	20.00     	1582.54	24.1 	35.6 	0.000000E+0	0.000000E+0	0.000000E+0	0.000000E+0	0.000000E+0	0.000000E+0	0.000000E+0	0.000000E+0
20.0    	15      	1.023527E-1 	1.098231E-3	2.36E+1    	20.00     	1584.45	24.1 	35.6 	0.000000E+0	0.000000E+0	0.000000E+0	0.000000E+0	0.000000E+0	0.000000E+0	0.000000E+0	0.000000E+0
20.0    	16      	1.693386E-1 	3.979797E-4	2.36E+1    	20.00     	1586.35	24.1 	35.6 	0.000000E+0	0.000000E+0	0.000000E+0	0.000000E+0	0.000000E+0	0.000000E+0	0.000000E+0	0.000000E+0
20.0    	17      	9.562418E-2 	2.750082E-4	2.36E+1    	20.00     	1588.25	24.1 	35.6 	0.000000E+0	0.000000E+0	0.000000E+0	0.000000E+0	0.000000E+0	0.000000E+0	0.000000E+0	0.000000E+0
20.0    	18      	3.770233E-2 	7.916299E-5	2.37E+1    	20.00     	1590.15	24.1 	35.6 	0.000000E+0	0.000000E+0	0.000000E+0	0.000000E+0	0.000000E+0	0.000000E+0	0.000000E+0	0.000000E+0
20.0    	19      	5.836320E-2 	2.689445E-4	2.37E+1    	20.00     	1592.06	24.1 	35.6 	0.000000E+0	0.000000E+0	0.000000E+0	0.000000E+0	0.000000E+0	0.000000E+0	0.000000E+0	0.000000E+0
20.0    	20      	3.655156E-2 	7.667451E-5	2.36E+1    	20.00     	1593.96	24.1 	35.6 	0.000000E+0	0.000000E+0	0.000000E+0	0.000000E+0	0.000000E+0	0.000000E+0	0.000000E+0	0.000000E+0
20.0    	21      	3.648222E-2 	1.089049E-4	2.36E+1    	20.00     	1595.86	24.1 	35.6 	0.000000E+0	0.000000E+0	0.000000E+0	0.000000E+0	0.000000E+0	0.000000E+0	0.000000E+0	0.000000E+0
20.0    	22      	3.525387E-2 	1.402059E-4	2.36E+1    	20.00     	1597.76	24.1 	35.6 	0.000000E+0	0.000000E+0	0.000000E+0	0.000000E+0	0.000000E+0	0.000000E+0	0.000000E+0	0.000000E+0
20.0    	23      	3.509879E-2 	4.151293E-6	2.37E+1    	20.00     	1599.67	24.1 	35.6 	0.000000E+0	0.000000E+0	0.000000E+0	0.000000E+0	0.000000E+0	0.000000E+0	0.000000E+0	0.000000E+0
20.0    	24      	4.433591E-2 	1.078023E-4	2.37E+1    	20.00     	1601.57	24.1 	35.6 	0.000000E+0	0.000000E+0	0.000000E+0	0.000000E+0	0.000000E+0	0.000000E+0	0.000000E+0	0.000000E+0
20.0    	25      	4.857838E-2 	6.877859E-3	2.36E+1    	20.00     	1603.47	24.1 	35.6 	0.000000E+0	0.000000E+0	0.000000E+0	0.000000E+0	0.000000E+0	0.000000E+0	0.000000E+0	0.000000E+0
20.0    	26      	3.442921E-2 	7.046312E-5	2.38E+1    	20.00     	1605.38	24.1 	35.6 	0.000000E+0	0.000000E+0	0.000000E+0	0.000000E+0	0.000000E+0	0.000000E+0	0.000000E+0	0.000000E+0
20.0    	27      	4.724557E-2 	9.929836E-5	2.36E+1    	20.00     	1607.28	24.1 	35.6 	0.000000E+0	0.000000E+0	0.000000E+0	0.000000E+0	0.000000E+0	0.000000E+0	0.000000E+0	0.000000E+0
20.0    	28      	3.576359E-2 	1.097715E-4	2.34E+1    	20.00     	1609.18	24.1 	35.6 	0.000000E+0	0.000000E+0	0.000000E+0	0.000000E+0	0.000000E+0	0.000000E+0	0.000000E+0	0.000000E+0
20.0    	29      	3.696248E-2 	6.925719E-5	2.37E+1    	20.00     	1611.09	24.1 	35.6 	0.000000E+0	0.000000E+0	0.000000E+0	0.000000E+0	0.000000E+0	0.000000E+0	0.000000E+0	0.000000E+0
20.0    	30      	7.019403E-2 	1.393561E-4	2.34E+1    	20.00     	1612.99	24.1 	35.6 	0.000000E+0	0.000000E+0	0.000000E+0	0.000000E+0	0.000000E+0	0.000000E+0	0.000000E+0	0.000000E+0
20.0    	31      	5.669166E-2 	3.896282E-5	2.35E+1    	20.00     	1614.89	24.1 	35.6 	0.000000E+0	0.000000E+0	0.000000E+0	0.000000E+0	0.000000E+0	0.000000E+0	0.000000E+0	0.000000E+0
20.0    	32      	9.945598E-2 	1.090400E-4	2.34E+1    	20.00     	1616.80	24.1 	35.6 	0.000000E+0	0.000000E+0	0.000000E+0	0.000000E+0	0.000000E+0	0.000000E+0	0.000000E+0	0.000000E+0
20.0    	33      	9.108979E-2 	2.250899E-4	2.34E+1    	20.00     	1618.70	24.1 	35.6 	0.000000E+0	0.000000E+0	0.000000E+0	0.000000E+0	0.000000E+0	0.000000E+0	0.000000E+0	0.000000E+0
20.0    	34      	4.816748E-2 	2.015161E-4	2.34E+1    	20.00     	1620.60	24.1 	35.6 	0.000000E+0	0.000000E+0	0.000000E+0	0.000000E+0	0.000000E+0	0.000000E+0	0.000000E+0	0.000000E+0
20.0    	35      	3.387486E-2 	1.587778E-4	2.35E+1    	20.00     	1622.50	24.1 	35.6 	0.000000E+0	0.000000E+0	0.000000E+0	0.000000E+0	0.000000E+0	0.000000E+0	0.000000E+0	0.000000E+0
20.0    	36      	5.293194E-2 	8.346297E-5	2.35E+1    	20.00     	1624.41	24.1 	35.6 	0.000000E+0	0.000000E+0	0.000000E+0	0.000000E+0	0.000000E+0	0.000000E+0	0.000000E+0	0.000000E+0
20.0    	37      	3.312586E-2 	7.743435E-5	2.33E+1    	20.00     	1626.31	24.1 	35.6 	0.000000E+0	0.000000E+0	0.000000E+0	0.000000E+0	0.000000E+0	0.000000E+0	0.000000E+0	0.000000E+0
20.0    	38      	3.274185E-2 	1.608116E-4	2.35E+1    	20.00     	1628.21	24.1 	35.6 	0.000000E+0	0.000000E+0	0.000000E+0	0.000000E+0	0.000000E+0	0.000000E+0	0.000000E+0	0.000000E+0
20.0    	39      	3.262028E-2 	8.852709E-5	2.35E+1    	20.00     	1630.11	24.1 	35.6 	0.000000E+0	0.000000E+0	0.000000E+0	0.000000E+0	0.000000E+0	0.000000E+0	0.000000E+0	0.000000E+0
20.0    	40      	3.154580E-2 	1.787737E-4	2.34E+1    	20.00     	1632.01	24.1 	35.6 	0.000000E+0	0.000000E+0	0.000000E+0	0.000000E+0	0.000000E+0	0.000000E+0	0.000000E+0	0.000000E+0
20.0    	41      	3.204506E-2 	1.594967E-4	2.36E+1    	20.00     	1633.92	24.1 	35.6 	0.000000E+0	0.000000E+0	0.000000E+0	0.000000E+0	0.000000E+0	0.000000E+0	0.000000E+0	0.000000E+0
20.0    	42      	3.479961E-2 	3.573785E-3	2.34E+1    	20.00     	1635.82	24.1 	35.6 	0.000000E+0	0.000000E+0	0.000000E+0	0.000000E+0	0.000000E+0	0.000000E+0	0.000000E+0	0.000000E+0
20.0    	43      	3.360738E-2 	7.416513E-4	2.36E+1    	20.00     	1637.72	24.1 	35.6 	0.000000E+0	0.000000E+0	0.000000E+0	0.000000E+0	0.000000E+0	0.000000E+0	0.000000E+0	0.000000E+0
20.0    	44      	4.432579E-2 	2.057113E-4	2.33E+1    	20.00     	1639.63	24.1 	35.6 	0.000000E+0	0.000000E+0	0.000000E+0	0.000000E+0	0.000000E+0	0.000000E+0	0.000000E+0	0.000000E+0
20.0    	45      	3.504876E-2 	1.653216E-4	2.33E+1    	20.00     	1641.53	24.1 	35.6 	0.000000E+0	0.000000E+0	0.000000E+0	0.000000E+0	0.000000E+0	0.000000E+0	0.000000E+0	0.000000E+0
20.0    	46      	3.564138E-2 	1.893610E-4	2.33E+1    	20.00     	1643.43	24.1 	35.6 	0.000000E+0	0.000000E+0	0.000000E+0	0.000000E+0	0.000000E+0	0.000000E+0	0.000000E+0	0.000000E+0
20.0    	47      	3.775201E-2 	5.477216E-5	2.36E+1    	20.00     	1645.34	24.1 	35.6 	0.000000E+0	0.000000E+0	0.000000E+0	0.000000E+0	0.000000E+0	0.000000E+0	0.000000E+0	0.000000E+0
20.0    	48      	1.163892E-1 	1.057640E-4	2.33E+1    	20.00     	1647.24	24.1 	35.6 	0.000000E+0	0.000000E+0	0.000000E+0	0.000000E+0	0.000000E+0	0.000000E+0	0.000000E+0	0.000000E+0
20.0    	49      	1.078678E-1 	1.581582E-4	2.36E+1    	20.00     	1649.15	24.1 	35.6 	0.000000E+0	0.000000E+0	0.000000E+0	0.000000E+0	0.000000E+0	0.000000E+0	0.000000E+0	0.000000E+0
20.0    	50      	3.319645E-2 	1.096993E-4	2.36E+1    	20.00     	1651.05	24.1 	35.6 	0.000000E+0	0.000000E+0	0.000000E+0	0.000000E+0	0.000000E+0	0.000000E+0	0.000000E+0	0.000000E+0
20.0    	51      	1.059918E-1 	1.122586E-4	2.33E+1    	20.00     	1652.95	24.1 	35.6 	0.000000E+0	0.000000E+0	0.000000E+0	0.000000E+0	0.000000E+0	0.000000E+0	0.000000E+0	0.000000E+0
20.0    	52      	3.224355E-2 	2.714782E-5	2.35E+1    	20.00     	1654.85	24.1 	35.6 	0.000000E+0	0.000000E+0	0.000000E+0	0.000000E+0	0.000000E+0	0.000000E+0	0.000000E+0	0.000000E+0
20.0    	53      	3.354373E-2 	8.765781E-5	2.34E+1    	20.00     	1656.75	24.1 	35.6 	0.000000E+0	0.000000E+0	0.000000E+0	0.000000E+0	0.000000E+0	0.000000E+0	0.000000E+0	0.000000E+0
20.0    	54      	3.101174E-2 	1.669448E-4	2.33E+1    	20.00     	1658.66	24.1 	35.6 	0.000000E+0	0.000000E+0	0.000000E+0	0.000000E+0	0.000000E+0	0.000000E+0	0.000000E+0	0.000000E+0
20.0    	55      	3.080153E-2 	1.873256E-4	2.33E+1    	20.00     	1660.56	24.1 	35.6 	0.000000E+0	0.000000E+0	0.000000E+0	0.000000E+0	0.000000E+0	0.000000E+0	0.000000E+0	0.000000E+0
20.0    	56      	3.021112E-2 	1.338583E-4	2.32E+1    	20.00     	1662.46	24.1 	35.6 	0.000000E+0	0.000000E+0	0.000000E+0	0.000000E+0	0.000000E+0	0.000000E+0	0.000000E+0	0.000000E+0
20.0    	57      	3.290806E-2 	1.438261E-4	2.35E+1    	20.00     	1664.37	24.1 	35.6 	0.000000E+0	0.000000E+0	0.000000E+0	0.000000E+0	0.000000E+0	0.000000E+0	0.000000E+0	0.000000E+0
20.0    	58      	3.117699E-2 	6.483340E-5	2.31E+1    	20.00     	1666.27	24.1 	35.6 	0.000000E+0	0.000000E+0	0.000000E+0	0.000000E+0	0.000000E+0	0.000000E+0	0.000000E+0	0.000000E+0
20.0    	59      	3.159139E-2 	7.527681E-5	2.31E+1    	20.00     	1668.17	24.1 	35.6 	0.000000E+0	0.000000E+0	0.000000E+0	0.000000E+0	0.000000E+0	0.000000E+0	0.000000E+0	0.000000E+0
20.0    	60      	4.021532E-2 	9.588027E-4	2.33E+1    	20.00     	1670.08	24.1 	35.6 	0.000000E+0	0.000000E+0	0.000000E+0	0.000000E+0	0.000000E+0	0.000000E+0	0.000000E+0	0.000000E+0
20.0    	61      	4.381228E-2 	1.377450E-3	2.32E+1    	20.00     	1671.98	24.1 	35.6 	0.000000E+0	0.000000E+0	0.000000E+0	0.000000E+0	0.000000E+0	0.000000E+0	0.000000E+0	0.000000E+0
20.0    	62      	5.453860E-2 	6.785856E-5	2.34E+1    	20.00     	1673.88	24.1 	35.6 	0.000000E+0	0.000000E+0	0.000000E+0	0.000000E+0	0.000000E+0	0.000000E+0	0.000000E+0	0.000000E+0
20.0    	63      	3.735884E-2 	2.182609E-4	2.35E+1    	20.00     	1675.79	24.1 	35.6 	0.000000E+0	0.000000E+0	0.000000E+0	0.000000E+0	0.000000E+0	0.000000E+0	0.000000E+0	0.000000E+0
20.0    	64      	1.469419E-1 	1.200980E-4	2.33E+1    	20.00     	1677.69	24.1 	35.6 	0.000000E+0	0.000000E+0	0.000000E+0	0.000000E+0	0.000000E+0	0.000000E+0	0.000000E+0	0.000000E+0
20.0    	65      	8.694484E-2 	1.822193E-4	2.33E+1    	20.00     	1679.60	24.1 	35.6 	0.000000E+0	0.000000E+0	0.000000E+0	0.000000E+0	0.000000E+0	0.000000E+0	0.000000E+0	0.000000E+0
20.0    	66      	3.203176E-2 	8.664805E-5	2.32E+1    	20.00     	1681.50	24.1 	35.6 	0.000000E+0	0.000000E+0	0.000000E+0	0.000000E+0	0.000000E+0	0.000000E+0	0.000000E+0	0.000000E+0
20.0    	67      	5.296296E-2 	1.580186E-4	2.33E+1    	20.00     	1683.40	24.1 	35.6 	0.000000E+0	0.000000E+0	0.000000E+0	0.000000E+0	0.000000E+0	0.000000E+0	0.000000E+0	0.000000E+0
20.0    	68      	3.217358E-2 	5.815987E-5	2.34E+1    	20.00     	1685.30	24.1 	35.6 	0.000000E+0	0.000000E+0	0.000000E+0	0.000000E+0	0.000000E+0	0.000000E+0	0.000000E+0	0.000000E+0
20.0    	69      	1.296930E+1 	7.390929E-3	2.30E+1    	20.00     	1687.21	24.1 	35.6 	0.000000E+0	0.000000E+0	0.000000E+0	0.000000E+0	0.000000E+0	0.000000E+0	0.000000E+0	0.000000E+0
20.0    	70      	3.241006E-2 	3.916902E-5	2.31E+1    	20.00     	1689.29	24.1 	35.6 	0.000000E+0	0.000000E+0	0.000000E+0	0.000000E+0	0.000000E+0	0.000000E+0	0.000000E+0	0.000000E+0
20.0    	71      	9.419067E-2 	4.374922E-5	2.34E+1    	20.00     	1691.29	24.1 	35.6 	0.000000E+0	0.000000E+0	0.000000E+0	0.000000E+0	0.000000E+0	0.000000E+0	0.000000E+0	0.000000E+0
20.0    	72      	3.020953E-2 	1.448918E-4	2.32E+1    	20.00     	1693.20	24.1 	35.6 	0.000000E+0	0.000000E+0	0.000000E+0	0.000000E+0	0.000000E+0	0.000000E+0	0.000000E+0	0.000000E+0
20.0    	73      	4.452614E-2 	2.559326E-2	2.33E+1    	20.00     	1695.10	24.1 	35.6 	0.000000E+0	0.000000E+0	0.000000E+0	0.000000E+0	0.000000E+0	0.000000E+0	0.000000E+0	0.000000E+0
20.0    	74      	3.043652E-2 	1.740936E-4	2.33E+1    	20.00     	1697.00	24.1 	35.6 	0.000000E+0	0.000000E+0	0.000000E+0	0.000000E+0	0.000000E+0	0.000000E+0	0.000000E+0	0.000000E+0
20.0    	75      	3.040771E-2 	1.025348E-4	2.33E+1    	20.00     	1698.91	24.1 	35.6 	0.000000E+0	0.000000E+0	0.000000E+0	0.000000E+0	0.000000E+0	0.000000E+0	0.000000E+0	0.000000E+0
20.0    	76      	4.436598E-2 	3.959427E-5	2.33E+1    	20.00     	1700.81	24.1 	35.6 	0.000000E+0	0.000000E+0	0.000000E+0	0.000000E+0	0.000000E+0	0.000000E+0	0.000000E+0	0.000000E+0
20.0    	77      	1.194156E-3 	3.548487E-5	2.33E+1    	20.00     	1702.71	24.1 	35.6 	0.000000E+0	0.000000E+0	0.000000E+0	0.000000E+0	0.000000E+0	0.000000E+0	0.000000E+0	0.000000E+0
20.0    	78      	1.248291E-3 	1.900018E-4	2.35E+1    	20.00     	1704.61	24.1 	35.6 	0.000000E+0	0.000000E+0	0.000000E+0	0.000000E+0	0.000000E+0	0.000000E+0	0.000000E+0	0.000000E+0
20.0    	79      	4.137749E-2 	1.981842E-4	2.33E+1    	20.00     	1706.52	24.1 	35.6 	0.000000E+0	0.000000E+0	0.000000E+0	0.000000E+0	0.000000E+0	0.000000E+0	0.000000E+0	0.000000E+0
20.0    	80      	1.369402E-1 	1.433504E-4	2.30E+1    	20.00     	1708.42	24.1 	35.6 	0.000000E+0	0.000000E+0	0.000000E+0	0.000000E+0	0.000000E+0	0.000000E+0	0.000000E+0	0.000000E+0
20.0    	81      	8.606350E-2 	9.580014E-5	2.30E+1    	20.00     	1710.32	24.1 	35.6 	0.000000E+0	0.000000E+0	0.000000E+0	0.000000E+0	0.000000E+0	0.000000E+0	0.000000E+0	0.000000E+0
20.0    	82      	3.372988E-2 	1.397677E-4	2.30E+1    	20.00     	1712.22	24.1 	35.6 	0.000000E+0	0.000000E+0	0.000000E+0	0.000000E+0	0.000000E+0	0.000000E+0	0.000000E+0	0.000000E+0
20.0    	83      	3.723000E-2 	6.968249E-5	2.29E+1    	20.00     	1714.12	24.1 	35.6 	0.000000E+0	0.000000E+0	0.000000E+0	0.000000E+0	0.000000E+0	0.000000E+0	0.000000E+0	0.000000E+0
20.0    	84      	3.156006E-2 	8.053230E-5	2.32E+1    	20.00     	1716.03	24.1 	35.6 	0.000000E+0	0.000000E+0	0.000000E+0	0.000000E+0	0.000000E+0	0.000000E+0	0.000000E+0	0.000000E+0
20.0    	85      	3.133529E-2 	2.010615E-4	2.33E+1    	20.00     	1717.93	24.1 	35.6 	0.000000E+0	0.000000E+0	0.000000E+0	0.000000E+0	0.000000E+0	0.000000E+0	0.000000E+0	0.000000E+0
20.0    	86      	3.060810E-2 	9.365562E-5	2.32E+1    	20.00     	1719.84	24.1 	35.6 	0.000000E+0	0.000000E+0	0.000000E+0	0.000000E+0	0.000000E+0	0.000000E+0	0.000000E+0	0.000000E+0
20.0    	87      	2.984166E-2 	9.710766E-5	2.33E+1    	20.00     	1721.74	24.1 	35.6 	0.000000E+0	0.000000E+0	0.000000E+0	0.000000E+0	0.000000E+0	0.000000E+0	0.000000E+0	0.000000E+0
20.0    	88      	2.959220E-2 	2.496835E-5	2.30E+1    	20.00     	1723.64	24.1 	35.6 	0.000000E+0	0.000000E+0	0.000000E+0	0.000000E+0	0.000000E+0	0.000000E+0	0.000000E+0	0.000000E+0
20.0    	89      	3.036878E-2 	4.143538E-5	2.32E+1    	20.00     	1725.55	24.1 	35.6 	0.000000E+0	0.000000E+0	0.000000E+0	0.000000E+0	0.000000E+0	0.000000E+0	0.000000E+0	0.000000E+0
20.0    	90      	1.558969E-1 	8.992999E-5	2.33E+1    	20.00     	1727.45	24.1 	35.6 	0.000000E+0	0.000000E+0	0.000000E+0	0.000000E+0	0.000000E+0	0.000000E+0	0.000000E+0	0.000000E+0
20.0    	91      	3.037320E-2 	5.516792E-5	2.31E+1    	20.00     	1729.35	24.1 	35.6 	0.000000E+0	0.000000E+0	0.000000E+0	0.000000E+0	0.000000E+0	0.000000E+0	0.000000E+0	0.000000E+0
20.0    	92      	5.087767E-2 	9.621943E-5	2.32E+1    	20.00     	1731.25	24.1 	35.6 	0.000000E+0	0.000000E+0	0.000000E+0	0.000000E+0	0.000000E+0	0.000000E+0	0.000000E+0	0.000000E+0
20.0    	93      	3.287006E-2 	1.838742E-4	2.30E+1    	20.00     	1733.15	24.1 	35.6 	0.000000E+0	0.000000E+0	0.000000E+0	0.000000E+0	0.000000E+0	0.000000E+0	0.000000E+0	0.000000E+0
20.0    	94      	3.383942E-2 	3.752668E-5	2.33E+1    	20.00     	1735.05	24.1 	35.6 	0.000000E+0	0.000000E+0	0.000000E+0	0.000000E+0	0.000000E+0	0.000000E+0	0.000000E+0	0.000000E+0
20.0    	95      	3.709925E-2 	3.564645E-5	2.31E+1    	20.00     	1736.96	24.1 	35.6 	0.000000E+0	0.000000E+0	0.000000E+0	0.000000E+0	0.000000E+0	0.000000E+0	0.000000E+0	0.000000E+0
20.0    	96      	9.127850E-2 	7.398456E-5	2.32E+1    	20.00     	1738.86	24.1 	35.6 	0.000000E+0	0.000000E+0	0.000000E+0	0.000000E+0	0.000000E+0	0.000000E+0	0.000000E+0	0.000000E+0
20.0    	97      	9.773959E-2 	4.352362E-5	2.35E+1    	20.00     	1740.76	24.1 	35.6 	0.000000E+0	0.000000E+0	0.000000E+0	0.000000E+0	0.000000E+0	0.000000E+0	0.000000E+0	0.000000E+0
20.0    	98      	3.107981E-2 	6.008923E-5	2.35E+1    	20.00     	1742.67	24.1 	35.6 	0.000000E+0	0.000000E+0	0.000000E+0	0.000000E+0	0.000000E+0	0.000000E+0	0.000000E+0	0.000000E+0
20.0    	99      	3.001610E-2 	1.320860E-4	2.32E+1    	20.00     	1744.57	24.1 	35.6 	0.000000E+0	0.000000E+0	0.000000E+0	0.000000E+0	0.000000E+0	0.000000E+0	0.000000E+0	0.000000E+0
20.0    	100     	3.015159E-2 	2.272675E-4	2.32E+1    	20.00     	1746.47	24.1 	35.6 	0.000000E+0	0.000000E+0	0.000000E+0	0.000000E+0	0.000000E+0	0.000000E+0	0.000000E+0	0.000000E+0
20.0    	101     	3.026145E-2 	4.390921E-5	2.30E+1    	20.00     	1748.37	24.1 	35.6 	0.000000E+0	0.000000E+0	0.000000E+0	0.000000E+0	0.000000E+0	0.000000E+0	0.000000E+0	0.000000E+0
20.0    	102     	4.070667E-2 	1.544246E-4	2.33E+1    	20.00     	1750.28	24.1 	35.6 	0.000000E+0	0.000000E+0	0.000000E+0	0.000000E+0	0.000000E+0	0.000000E+0	0.000000E+0	0.000000E+0
20.0    	103     	3.029850E-2 	1.429279E-4	2.31E+1    	20.00     	1752.18	24.1 	35.6 	0.000000E+0	0.000000E+0	0.000000E+0	0.000000E+0	0.000000E+0	0.000000E+0	0.000000E+0	0.000000E+0
20.0    	104     	1.869722E-1 	5.815379E-5	2.32E+1    	20.00     	1754.08	24.1 	35.6 	0.000000E+0	0.000000E+0	0.000000E+0	0.000000E+0	0.000000E+0	0.000000E+0	0.000000E+0	0.000000E+0
20.0    	105     	2.954820E-2 	5.483096E-5	2.32E+1    	20.00     	1755.98	24.1 	35.6 	0.000000E+0	0.000000E+0	0.000000E+0	0.000000E+0	0.000000E+0	0.000000E+0	0.000000E+0	0.000000E+0
20.0    	106     	3.030292E-2 	1.503374E-4	2.31E+1    	20.00     	1757.89	24.1 	35.6 	0.000000E+0	0.000000E+0	0.000000E+0	0.000000E+0	0.000000E+0	0.000000E+0	0.000000E+0	0.000000E+0
20.0    	107     	2.975556E-2 	9.787413E-5	2.29E+1    	20.00     	1759.79	24.1 	35.6 	0.000000E+0	0.000000E+0	0.000000E+0	0.000000E+0	0.000000E+0	0.000000E+0	0.000000E+0	0.000000E+0
20.0    	108     	2.936712E-2 	8.391605E-5	2.31E+1    	20.00     	1761.70	24.1 	35.6 	0.000000E+0	0.000000E+0	0.000000E+0	0.000000E+0	0.000000E+0	0.000000E+0	0.000000E+0	0.000000E+0
20.0    	109     	2.985941E-2 	2.789597E-4	2.30E+1    	20.00     	1763.60	24.1 	35.6 	0.000000E+0	0.000000E+0	0.000000E+0	0.000000E+0	0.000000E+0	0.000000E+0	0.000000E+0	0.000000E+0
20.0    	110     	3.027981E-2 	1.541645E-4	2.30E+1    	20.00     	1765.51	24.1 	35.6 	0.000000E+0	0.000000E+0	0.000000E+0	0.000000E+0	0.000000E+0	0.000000E+0	0.000000E+0	0.000000E+0
20.0    	111     	3.204442E-2 	5.571186E-5	2.30E+1    	20.00     	1767.41	24.1 	35.6 	0.000000E+0	0.000000E+0	0.000000E+0	0.000000E+0	0.000000E+0	0.000000E+0	0.000000E+0	0.000000E+0
20.0    	112     	1.784715E-1 	1.368702E-4	2.31E+1    	20.00     	1769.31	24.1 	35.6 	0.000000E+0	0.000000E+0	0.000000E+0	0.000000E+0	0.000000E+0	0.000000E+0	0.000000E+0	0.000000E+0
20.0    	113     	8.823051E-2 	1.592372E-4	2.29E+1    	20.00     	1771.21	24.1 	35.6 	0.000000E+0	0.000000E+0	0.000000E+0	0.000000E+0	0.000000E+0	0.000000E+0	0.000000E+0	0.000000E+0
20.0    	114     	3.916302E-2 	4.764448E-5	2.30E+1    	20.00     	1773.12	24.1 	35.6 	0.000000E+0	0.000000E+0	0.000000E+0	0.000000E+0	0.000000E+0	0.000000E+0	0.000000E+0	0.000000E+0
20.0    	115     	2.982869E-2 	2.909594E-5	2.28E+1    	20.00     	1775.02	24.1 	35.6 	0.000000E+0	0.000000E+0	0.000000E+0	0.000000E+0	0.000000E+0	0.000000E+0	0.000000E+0	0.000000E+0
20.0    	116     	2.964222E-2 	1.840385E-4	2.30E+1    	20.00     	1776.93	24.1 	35.6 	0.000000E+0	0.000000E+0	0.000000E+0	0.000000E+0	0.000000E+0	0.000000E+0	0.000000E+0	0.000000E+0
20.0    	117     	3.167245E-2 	6.527052E-5	2.29E+1    	20.00     	1778.83	24.1 	35.6 	0.000000E+0	0.000000E+0	0.000000E+0	0.000000E+0	0.000000E+0	0.000000E+0	0.000000E+0	0.000000E+0
20.0    	118     	2.982932E-2 	1.766087E-4	2.29E+1    	20.00     	1780.73	24.1 	35.6 	0.000000E+0	0.000000E+0	0.000000E+0	0.000000E+0	0.000000E+0	0.000000E+0	0.000000E+0	0.000000E+0
20.0    	119     	3.874862E-2 	1.908826E-4	2.28E+1    	20.00     	1782.64	24.1 	35.6 	0.000000E+0	0.000000E+0	0.000000E+0	0.000000E+0	0.000000E+0	0.000000E+0	0.000000E+0	0.000000E+0
20.0    	120     	3.031717E-2 	6.481961E-5	2.30E+1    	20.00     	1784.54	24.1 	35.6 	0.000000E+0	0.000000E+0	0.000000E+0	0.000000E+0	0.000000E+0	0.000000E+0	0.000000E+0	0.000000E+0
20.0    	121     	2.968655E-2 	1.403417E-4	2.30E+1    	20.00     	1786.45	24.1 	35.6 	0.000000E+0	0.000000E+0	0.000000E+0	0.000000E+0	0.000000E+0	0.000000E+0	0.000000E+0	0.000000E+0
20.0    	122     	3.326136E-2 	2.148459E-4	2.30E+1    	20.00     	1788.35	24.1 	35.6 	0.000000E+0	0.000000E+0	0.000000E+0	0.000000E+0	0.000000E+0	0.000000E+0	0.000000E+0	0.000000E+0
20.0    	123     	2.965140E-2 	1.807267E-4	2.28E+1    	20.00     	1790.26	24.1 	35.6 	0.000000E+0	0.000000E+0	0.000000E+0	0.000000E+0	0.000000E+0	0.000000E+0	0.000000E+0	0.000000E+0
20.0    	124     	2.958335E-2 	1.363019E-4	2.29E+1    	20.00     	1792.16	24.1 	35.6 	0.000000E+0	0.000000E+0	0.000000E+0	0.000000E+0	0.000000E+0	0.000000E+0	0.000000E+0	0.000000E+0
20.0    	125     	2.880330E-2 	1.859320E-4	2.28E+1    	20.00     	1794.07	24.1 	35.6 	0.000000E+0	0.000000E+0	0.000000E+0	0.000000E+0	0.000000E+0	0.000000E+0	0.000000E+0	0.000000E+0
20.0    	126     	2.940132E-2 	9.331262E-5	2.29E+1    	20.00     	1795.97	24.1 	35.6 	0.000000E+0	0.000000E+0	0.000000E+0	0.000000E+0	0.000000E+0	0.000000E+0	0.000000E+0	0.000000E+0
20.0    	127     	3.098515E-2 	1.230031E-4	2.30E+1    	20.00     	1797.87	24.1 	35.6 	0.000000E+0	0.000000E+0	0.000000E+0	0.000000E+0	0.000000E+0	0.000000E+0	0.000000E+0	0.000000E+0
20.0    	128     	8.613094E-2 	1.250689E-4	2.28E+1    	20.00     	1799.78	24.1 	35.6 	0.000000E+0	0.000000E+0	0.000000E+0	0.000000E+0	0.000000E+0	0.000000E+0	0.000000E+0	0.000000E+0
20.0    	129     	8.853664E-2 	1.858977E-4	2.29E+1    	20.00     	1801.68	24.1 	35.6 	0.000000E+0	0.000000E+0	0.000000E+0	0.000000E+0	0.000000E+0	0.000000E+0	0.000000E+0	0.000000E+0
20.0    	130     	3.176361E-2 	7.473489E-5	2.28E+1    	20.00     	1803.58	24.1 	35.6 	0.000000E+0	0.000000E+0	0.000000E+0	0.000000E+0	0.000000E+0	0.000000E+0	0.000000E+0	0.000000E+0
20.0    	131     	3.037699E-2 	1.878518E-4	2.29E+1    	20.00     	1805.49	24.1 	35.6 	0.000000E+0	0.000000E+0	0.000000E+0	0.000000E+0	0.000000E+0	0.000000E+0	0.000000E+0	0.000000E+0
20.0    	132     	2.989865E-2 	1.085519E-4	2.32E+1    	20.00     	1807.39	24.1 	35.6 	0.000000E+0	0.000000E+0	0.000000E+0	0.000000E+0	0.000000E+0	0.000000E+0	0.000000E+0	0.000000E+0
20.0    	133     	2.980749E-2 	1.053196E-4	2.30E+1    	20.00     	1809.29	24.1 	35.6 	0.000000E+0	0.000000E+0	0.000000E+0	0.000000E+0	0.000000E+0	0.000000E+0	0.000000E+0	0.000000E+0
20.0    	134     	2.998414E-2 	1.380023E-4	2.29E+1    	20.00     	1811.20	24.1 	35.6 	0.000000E+0	0.000000E+0	0.000000E+0	0.000000E+0	0.000000E+0	0.000000E+0	0.000000E+0	0.000000E+0
20.0    	135     	2.987618E-2 	1.439853E-4	2.30E+1    	20.00     	1813.10	24.1 	35.6 	0.000000E+0	0.000000E+0	0.000000E+0	0.000000E+0	0.000000E+0	0.000000E+0	0.000000E+0	0.000000E+0
20.0    	136     	3.044920E-2 	5.054140E-5	2.29E+1    	20.00     	1815.01	24.1 	35.6 	0.000000E+0	0.000000E+0	0.000000E+0	0.000000E+0	0.000000E+0	0.000000E+0	0.000000E+0	0.000000E+0
20.0    	137     	3.020828E-2 	5.711422E-5	2.29E+1    	20.00     	1816.91	24.1 	35.6 	0.000000E+0	0.000000E+0	0.000000E+0	0.000000E+0	0.000000E+0	0.000000E+0	0.000000E+0	0.000000E+0
20.0    	138     	3.040488E-2 	1.640883E-4	2.27E+1    	20.00     	1818.82	24.1 	35.6 	0.000000E+0	0.000000E+0	0.000000E+0	0.000000E+0	0.000000E+0	0.000000E+0	0.000000E+0	0.000000E+0
20.0    	139     	2.909360E-2 	1.189108E-4	2.29E+1    	20.00     	1820.72	24.1 	35.6 	0.000000E+0	0.000000E+0	0.000000E+0	0.000000E+0	0.000000E+0	0.000000E+0	0.000000E+0	0.000000E+0
20.0    	140     	2.895843E-2 	1.124937E-4	2.27E+1    	20.00     	1822.62	24.1 	35.6 	0.000000E+0	0.000000E+0	0.000000E+0	0.000000E+0	0.000000E+0	0.000000E+0	0.000000E+0	0.000000E+0
20.0    	141     	2.840124E-2 	7.988984E-5	2.30E+1    	20.00     	1824.53	24.2 	35.6 	0.000000E+0	0.000000E+0	0.000000E+0	0.000000E+0	0.000000E+0	0.000000E+0	0.000000E+0	0.000000E+0
20.0    	142     	2.835977E-2 	8.674081E-5	2.26E+1    	20.00     	1826.43	24.1 	35.6 	0.000000E+0	0.000000E+0	0.000000E+0	0.000000E+0	0.000000E+0	0.000000E+0	0.000000E+0	0.000000E+0
20.0    	143     	2.975271E-2 	9.889866E-5	2.26E+1    	20.00     	1828.34	24.1 	35.6 	0.000000E+0	0.000000E+0	0.000000E+0	0.000000E+0	0.000000E+0	0.000000E+0	0.000000E+0	0.000000E+0
20.0    	144     	8.432678E-2 	1.030528E-4	2.28E+1    	20.00     	1830.24	24.1 	35.6 	0.000000E+0	0.000000E+0	0.000000E+0	0.000000E+0	0.000000E+0	0.000000E+0	0.000000E+0	0.000000E+0
20.0    	145     	8.766445E-2 	1.339723E-4	2.27E+1    	20.00     	1832.15	24.1 	35.6 	0.000000E+0	0.000000E+0	0.000000E+0	0.000000E+0	0.000000E+0	0.000000E+0	0.000000E+0	0.000000E+0
20.0    	146     	3.217740E-2 	7.150760E-5	2.27E+1    	20.00     	1834.05	24.1 	35.6 	0.000000E+0	0.000000E+0	0.000000E+0	0.000000E+0	0.000000E+0	0.000000E+0	0.000000E+0	0.000000E+0
20.0    	147     	3.122386E-2 	1.305308E-4	2.29E+1    	20.00     	1835.96	24.1 	35.6 	0.000000E+0	0.000000E+0	0.000000E+0	0.000000E+0	0.000000E+0	0.000000E+0	0.000000E+0	0.000000E+0
20.0    	148     	3.275388E-2 	3.789874E-5	2.28E+1    	20.00     	1837.86	24.1 	35.6 	0.000000E+0	0.000000E+0	0.000000E+0	0.000000E+0	0.000000E+0	0.000000E+0	0.000000E+0	0.000000E+0
20.0    	149     	3.062458E-2 	1.330051E-4	2.26E+1    	20.00     	1839.76	24.1 	35.6 	0.000000E+0	0.000000E+0	0.000000E+0	0.000000E+0	0.000000E+0	0.000000E+0	0.000000E+0	0.000000E+0
20.0    	150     	8.428878E-2 	7.377659E-5	2.26E+1    	20.00     	1841.67	24.1 	35.6 	0.000000E+0	0.000000E+0	0.000000E+0	0.000000E+0	0.000000E+0	0.000000E+0	0.000000E+0	0.000000E+0
20.0    	151     	3.025860E-2 	9.685797E-5	2.28E+1    	20.00     	1843.57	24.1 	35.6 	0.000000E+0	0.000000E+0	0.000000E+0	0.000000E+0	0.000000E+0	0.000000E+0	0.000000E+0	0.000000E+0
20.0    	152     	2.972738E-2 	1.025026E-4	2.23E+1    	20.00     	1845.48	24.2 	35.6 	0.000000E+0	0.000000E+0	0.000000E+0	0.000000E+0	0.000000E+0	0.000000E+0	0.000000E+0	0.000000E+0
20.0    	153     	3.001514E-2 	1.011533E-4	2.27E+1    	20.00     	1847.38	24.2 	35.6 	0.000000E+0	0.000000E+0	0.000000E+0	0.000000E+0	0.000000E+0	0.000000E+0	0.000000E+0	0.000000E+0
20.0    	154     	2.984357E-2 	1.605511E-4	2.30E+1    	20.00     	1849.28	24.1 	35.6 	0.000000E+0	0.000000E+0	0.000000E+0	0.000000E+0	0.000000E+0	0.000000E+0	0.000000E+0	0.000000E+0
20.0    	155     	6.774657E-2 	6.152922E-5	2.26E+1    	20.00     	1851.19	24.1 	35.6 	0.000000E+0	0.000000E+0	0.000000E+0	0.000000E+0	0.000000E+0	0.000000E+0	0.000000E+0	0.000000E+0
20.0    	156     	2.820244E-2 	4.591806E-5	2.26E+1    	20.00     	1853.09	24.1 	35.6 	0.000000E+0	0.000000E+0	0.000000E+0	0.000000E+0	0.000000E+0	0.000000E+0	0.000000E+0	0.000000E+0
20.0    	157     	2.785735E-2 	1.325000E-4	2.26E+1    	20.00     	1854.99	24.1 	35.6 	0.000000E+0	0.000000E+0	0.000000E+0	0.000000E+0	0.000000E+0	0.000000E+0	0.000000E+0	0.000000E+0
20.0    	158     	2.794822E-2 	1.176185E-4	2.26E+1    	20.00     	1856.90	24.1 	35.6 	0.000000E+0	0.000000E+0	0.000000E+0	0.000000E+0	0.000000E+0	0.000000E+0	0.000000E+0	0.000000E+0
20.0    	159     	3.801195E-2 	9.589343E-5	2.25E+1    	20.00     	1858.80	24.2 	35.6 	0.000000E+0	0.000000E+0	0.000000E+0	0.000000E+0	0.000000E+0	0.000000E+0	0.000000E+0	0.000000E+0
20.0    	160     	8.417418E-2 	1.204486E-4	2.26E+1    	20.00     	1860.71	24.2 	35.6 	0.000000E+0	0.000000E+0	0.000000E+0	0.000000E+0	0.000000E+0	0.000000E+0	0.000000E+0	0.000000E+0
20.0    	161     	8.854989E-2 	1.060359E-4	2.28E+1    	20.00     	1862.61	24.1 	35.6 	0.000000E+0	0.000000E+0	0.000000E+0	0.000000E+0	0.000000E+0	0.000000E+0	0.000000E+0	0.000000E+0
20.0    	162     	3.339432E-2 	5.151576E-5	2.29E+1    	20.00     	1864.52	24.1 	35.6 	0.000000E+0	0.000000E+0	0.000000E+0	0.000000E+0	0.000000E+0	0.000000E+0	0.000000E+0	0.000000E+0
20.0    	163     	4.008141E-2 	1.372257E-4	2.25E+1    	20.00     	1866.42	24.1 	35.6 	0.000000E+0	0.000000E+0	0.000000E+0	0.000000E+0	0.000000E+0	0.000000E+0	0.000000E+0	0.000000E+0
20.0    	164     	1.417028E-3 	3.886187E-5	2.26E+1    	20.00     	1868.33	24.1 	35.6 	0.000000E+0	0.000000E+0	0.000000E+0	0.000000E+0	0.000000E+0	0.000000E+0	0.000000E+0	0.000000E+0
20.0    	165     	3.321324E-2 	9.340603E-5	2.26E+1    	20.00     	1870.23	24.1 	35.6 	0.000000E+0	0.000000E+0	0.000000E+0	0.000000E+0	0.000000E+0	0.000000E+0	0.000000E+0	0.000000E+0
20.0    	166     	3.160248E-2 	1.823192E-4	2.28E+1    	20.00     	1872.13	24.1 	35.6 	0.000000E+0	0.000000E+0	0.000000E+0	0.000000E+0	0.000000E+0	0.000000E+0	0.000000E+0	0.000000E+0
20.0    	167     	3.085504E-2 	6.297965E-5	2.25E+1    	20.00     	1874.04	24.1 	35.6 	0.000000E+0	0.000000E+0	0.000000E+0	0.000000E+0	0.000000E+0	0.000000E+0	0.000000E+0	0.000000E+0
20.0    	168     	3.415189E-2 	8.683557E-5	2.26E+1    	20.00     	1875.94	24.1 	35.6 	0.000000E+0	0.000000E+0	0.000000E+0	0.000000E+0	0.000000E+0	0.000000E+0	0.000000E+0	0.000000E+0
20.0    	169     	2.874282E-2 	6.290432E-5	2.27E+1    	20.00     	1877.85	24.1 	35.6 	0.000000E+0	0.000000E+0	0.000000E+0	0.000000E+0	0.000000E+0	0.000000E+0	0.000000E+0	0.000000E+0
20.0    	170     	2.838479E-2 	1.926335E-4	2.26E+1    	20.00     	1879.75	24.2 	35.6 	0.000000E+0	0.000000E+0	0.000000E+0	0.000000E+0	0.000000E+0	0.000000E+0	0.000000E+0	0.000000E+0
20.0    	171     	5.236024E-2 	9.776691E-5	2.25E+1    	20.00     	1881.66	24.1 	35.6 	0.000000E+0	0.000000E+0	0.000000E+0	0.000000E+0	0.000000E+0	0.000000E+0	0.000000E+0	0.000000E+0
20.0    	172     	2.725650E-2 	1.636884E-4	2.26E+1    	20.00     	1883.56	24.1 	35.6 	0.000000E+0	0.000000E+0	0.000000E+0	0.000000E+0	0.000000E+0	0.000000E+0	0.000000E+0	0.000000E+0
20.0    	173     	2.702159E-2 	2.191798E-4	2.25E+1    	20.00     	1885.46	24.1 	35.6 	0.000000E+0	0.000000E+0	0.000000E+0	0.000000E+0	0.000000E+0	0.000000E+0	0.000000E+0	0.000000E+0
20.0    	174     	2.694371E-2 	2.350719E-4	2.25E+1    	20.00     	1887.37	24.1 	35.6 	0.000000E+0	0.000000E+0	0.000000E+0	0.000000E+0	0.000000E+0	0.000000E+0	0.000000E+0	0.000000E+0
20.0    	175     	4.438909E-2 	9.734833E-5	2.24E+1    	20.00     	1889.28	24.2 	35.6 	0.000000E+0	0.000000E+0	0.000000E+0	0.000000E+0	0.000000E+0	0.000000E+0	0.000000E+0	0.000000E+0
20.0    	176     	8.501122E-2 	1.588450E-4	2.24E+1    	20.00     	1891.18	24.2 	35.6 	0.000000E+0	0.000000E+0	0.000000E+0	0.000000E+0	0.000000E+0	0.000000E+0	0.000000E+0	0.000000E+0
20.0    	177     	1.070759E-1 	2.479787E-4	2.26E+1    	20.00     	1893.09	24.1 	35.6 	0.000000E+0	0.000000E+0	0.000000E+0	0.000000E+0	0.000000E+0	0.000000E+0	0.000000E+0	0.000000E+0
20.0    	178     	3.462106E-2 	1.406266E-4	2.24E+1    	20.00     	1894.99	24.2 	35.6 	0.000000E+0	0.000000E+0	0.000000E+0	0.000000E+0	0.000000E+0	0.000000E+0	0.000000E+0	0.000000E+0
20.0    	179     	3.403921E-2 	1.201694E-4	2.23E+1    	20.00     	1896.91	24.2 	35.6 	0.000000E+0	0.000000E+0	0.000000E+0	0.000000E+0	0.000000E+0	0.000000E+0	0.000000E+0	0.000000E+0
20.0    	180     	4.016911E-2 	9.234000E-5	2.25E+1    	20.00     	1898.81	24.2 	35.6 	0.000000E+0	0.000000E+0	0.000000E+0	0.000000E+0	0.000000E+0	0.000000E+0	0.000000E+0	0.000000E+0
20.0    	181     	3.294258E-2 	5.108839E-5	2.23E+1    	20.00     	1900.72	24.2 	35.6 	0.000000E+0	0.000000E+0	0.000000E+0	0.000000E+0	0.000000E+0	0.000000E+0	0.000000E+0	0.000000E+0
20.0    	182     	3.232271E-2 	2.126928E-4	2.23E+1    	20.00     	1902.63	24.2 	35.6 	0.000000E+0	0.000000E+0	0.000000E+0	0.000000E+0	0.000000E+0	0.000000E+0	0.000000E+0	0.000000E+0
20.0    	183     	3.131916E-2 	1.779316E-4	2.24E+1    	20.00     	1904.53	24.2 	35.6 	0.000000E+0	0.000000E+0	0.000000E+0	0.000000E+0	0.000000E+0	0.000000E+0	0.000000E+0	0.000000E+0
20.0    	184     	2.969416E-2 	8.244936E-5	2.23E+1    	20.00     	1906.43	24.2 	35.6 	0.000000E+0	0.000000E+0	0.000000E+0	0.000000E+0	0.000000E+0	0.000000E+0	0.000000E+0	0.000000E+0
20.0    	185     	6.203359E-2 	1.387996E-4	2.24E+1    	20.00     	1908.34	24.1 	35.6 	0.000000E+0	0.000000E+0	0.000000E+0	0.000000E+0	0.000000E+0	0.000000E+0	0.000000E+0	0.000000E+0
20.0    	186     	2.740719E-2 	5.319994E-5	2.25E+1    	20.00     	1910.24	24.2 	35.6 	0.000000E+0	0.000000E+0	0.000000E+0	0.000000E+0	0.000000E+0	0.000000E+0	0.000000E+0	0.000000E+0
20.0    	187     	3.591713E-2 	9.356018E-5	2.22E+1    	20.00     	1912.15	24.2 	35.6 	0.000000E+0	0.000000E+0	0.000000E+0	0.000000E+0	0.000000E+0	0.000000E+0	0.000000E+0	0.000000E+0
20.0    	188     	2.721914E-2 	7.507799E-5	2.23E+1    	20.00     	1914.05	24.2 	35.6 	0.000000E+0	0.000000E+0	0.000000E+0	0.000000E+0	0.000000E+0	0.000000E+0	0.000000E+0	0.000000E+0
20.0    	189     	2.694657E-2 	5.332880E-5	2.26E+1    	20.00     	1915.96	24.2 	35.6 	0.000000E+0	0.000000E+0	0.000000E+0	0.000000E+0	0.000000E+0	0.000000E+0	0.000000E+0	0.000000E+0
20.0    	190     	2.673034E-2 	7.079459E-5	2.24E+1    	20.00     	1917.86	24.1 	35.6 	0.000000E+0	0.000000E+0	0.000000E+0	0.000000E+0	0.000000E+0	0.000000E+0	0.000000E+0	0.000000E+0
20.0    	191     	3.235184E-2 	1.385518E-4	2.24E+1    	20.00     	1919.77	24.1 	35.6 	0.000000E+0	0.000000E+0	0.000000E+0	0.000000E+0	0.000000E+0	0.000000E+0	0.000000E+0	0.000000E+0
20.0    	192     	8.370500E-2 	4.861000E-5	2.24E+1    	20.00     	1921.67	24.1 	35.6 	0.000000E+0	0.000000E+0	0.000000E+0	0.000000E+0	0.000000E+0	0.000000E+0	0.000000E+0	0.000000E+0
20.0    	193     	8.919828E-2 	1.847747E-4	2.23E+1    	20.00     	1923.58	24.2 	35.6 	0.000000E+0	0.000000E+0	0.000000E+0	0.000000E+0	0.000000E+0	0.000000E+0	0.000000E+0	0.000000E+0
20.0    	194     	5.491312E-2 	9.080210E-5	2.25E+1    	20.00     	1925.48	24.2 	35.6 	0.000000E+0	0.000000E+0	0.000000E+0	0.000000E+0	0.000000E+0	0.000000E+0	0.000000E+0	0.000000E+0
20.0    	195     	3.453369E-2 	2.474822E-5	2.24E+1    	20.00     	1927.39	24.2 	35.6 	0.000000E+0	0.000000E+0	0.000000E+0	0.000000E+0	0.000000E+0	0.000000E+0	0.000000E+0	0.000000E+0
20.0    	196     	3.355420E-2 	9.681120E-5	2.24E+1    	20.00     	1929.29	24.2 	35.6 	0.000000E+0	0.000000E+0	0.000000E+0	0.000000E+0	0.000000E+0	0.000000E+0	0.000000E+0	0.000000E+0
20.0    	197     	3.302614E-2 	4.661299E-5	2.23E+1    	20.00     	1931.20	24.2 	35.6 	0.000000E+0	0.000000E+0	0.000000E+0	0.000000E+0	0.000000E+0	0.000000E+0	0.000000E+0	0.000000E+0
20.0    	198     	4.085735E-2 	5.297297E-5	2.24E+1    	20.00     	1933.10	24.2 	35.6 	0.000000E+0	0.000000E+0	0.000000E+0	0.000000E+0	0.000000E+0	0.000000E+0	0.000000E+0	0.000000E+0
20.0    	199     	3.108805E-2 	8.643061E-5	2.24E+1    	20.00     	1935.01	24.2 	35.6 	0.000000E+0	0.000000E+0	0.000000E+0	0.000000E+0	0.000000E+0	0.000000E+0	0.000000E+0	0.000000E+0
20.0    	200     	2.951782E-2 	2.004725E-5	2.24E+1    	20.00     	1936.91	24.2 	35.6 	0.000000E+0	0.000000E+0	0.000000E+0	0.000000E+0	0.000000E+0	0.000000E+0	0.000000E+0	0.000000E+0
20.0    	201     	6.122699E-2 	2.027071E-4	2.22E+1    	20.00     	1938.82	24.2 	35.6 	0.000000E+0	0.000000E+0	0.000000E+0	0.000000E+0	0.000000E+0	0.000000E+0	0.000000E+0	0.000000E+0
20.0    	202     	4.201034E-2 	8.854955E-5	2.25E+1    	20.00     	1940.72	24.2 	35.6 	0.000000E+0	0.000000E+0	0.000000E+0	0.000000E+0	0.000000E+0	0.000000E+0	0.000000E+0	0.000000E+0
20.0    	203     	2.664836E-2 	7.744071E-6	2.25E+1    	20.00     	1942.63	24.2 	35.6 	0.000000E+0	0.000000E+0	0.000000E+0	0.000000E+0	0.000000E+0	0.000000E+0	0.000000E+0	0.000000E+0
20.0    	204     	2.650146E-2 	1.852400E-4	2.21E+1    	20.00     	1944.54	24.2 	35.6 	0.000000E+0	0.000000E+0	0.000000E+0	0.000000E+0	0.000000E+0	0.000000E+0	0.000000E+0	0.000000E+0
20.0    	205     	2.670817E-2 	1.358635E-4	2.22E+1    	20.00     	1946.44	24.2 	35.6 	0.000000E+0	0.000000E+0	0.000000E+0	0.000000E+0	0.000000E+0	0.000000E+0	0.000000E+0	0.000000E+0
20.0    	206     	2.684842E-2 	7.304597E-5	2.23E+1    	20.00     	1948.35	24.2 	35.6 	0.000000E+0	0.000000E+0	0.000000E+0	0.000000E+0	0.000000E+0	0.000000E+0	0.000000E+0	0.000000E+0
20.0    	207     	2.787097E-2 	1.638720E-4	2.27E+1    	20.00     	1950.25	24.2 	35.6 	0.000000E+0	0.000000E+0	0.000000E+0	0.000000E+0	0.000000E+0	0.000000E+0	0.000000E+0	0.000000E+0
20.0    	208     	8.810451E-2 	7.076430E-5	2.22E+1    	20.00     	1952.15	24.2 	35.6 	0.000000E+0	0.000000E+0	0.000000E+0	0.000000E+0	0.000000E+0	0.000000E+0	0.000000E+0	0.000000E+0
20.0    	209     	9.136810E-2 	2.562728E-4	2.26E+1    	20.00     	1954.06	24.2 	35.6 	0.000000E+0	0.000000E+0	0.000000E+0	0.000000E+0	0.000000E+0	0.000000E+0	0.000000E+0	0.000000E+0
20.0    	210     	3.621980E-2 	1.177425E-4	2.27E+1    	20.00     	1955.96	24.2 	35.6 	0.000000E+0	0.000000E+0	0.000000E+0	0.000000E+0	0.000000E+0	0.000000E+0	0.000000E+0	0.000000E+0
20.0    	211     	3.493478E-2 	1.719720E-4	2.24E+1    	20.00     	1957.87	24.2 	35.6 	0.000000E+0	0.000000E+0	0.000000E+0	0.000000E+0	0.000000E+0	0.000000E+0	0.000000E+0	0.000000E+0
20.0    	212     	6.531650E-2 	1.467262E-4	2.25E+1    	20.00     	1959.77	24.2 	35.6 	0.000000E+0	0.000000E+0	0.000000E+0	0.000000E+0	0.000000E+0	0.000000E+0	0.000000E+0	0.000000E+0
20.0    	213     	3.226570E-2 	1.722310E-4	2.25E+1    	20.00     	1961.68	24.2 	35.6 	0.000000E+0	0.000000E+0	0.000000E+0	0.000000E+0	0.000000E+0	0.000000E+0	0.000000E+0	0.000000E+0
20.0    	214     	3.118683E-2 	1.113206E-4	2.24E+1    	20.00     	1963.59	24.2 	35.6 	0.000000E+0	0.000000E+0	0.000000E+0	0.000000E+0	0.000000E+0	0.000000E+0	0.000000E+0	0.000000E+0
20.0    	215     	2.980433E-2 	1.878314E-4	2.24E+1    	20.00     	1965.49	24.2 	35.6 	0.000000E+0	0.000000E+0	0.000000E+0	0.000000E+0	0.000000E+0	0.000000E+0	0.000000E+0	0.000000E+0
20.0    	216     	2.895748E-2 	1.362610E-4	2.24E+1    	20.00     	1967.40	24.2 	35.6 	0.000000E+0	0.000000E+0	0.000000E+0	0.000000E+0	0.000000E+0	0.000000E+0	0.000000E+0	0.000000E+0
20.0    	217     	2.795644E-2 	9.086484E-5	2.23E+1    	20.00     	1969.30	24.2 	35.6 	0.000000E+0	0.000000E+0	0.000000E+0	0.000000E+0	0.000000E+0	0.000000E+0	0.000000E+0	0.000000E+0
20.0    	218     	2.699089E-2 	2.139876E-4	2.23E+1    	20.00     	1971.21	24.2 	35.6 	0.000000E+0	0.000000E+0	0.000000E+0	0.000000E+0	0.000000E+0	0.000000E+0	0.000000E+0	0.000000E+0
20.0    	219     	2.653945E-2 	1.449143E-4	2.21E+1    	20.00     	1973.11	24.2 	35.6 	0.000000E+0	0.000000E+0	0.000000E+0	0.000000E+0	0.000000E+0	0.000000E+0	0.000000E+0	0.000000E+0
20.0    	220     	2.603418E-2 	1.073683E-4	2.23E+1    	20.00     	1975.01	24.2 	35.6 	0.000000E+0	0.000000E+0	0.000000E+0	0.000000E+0	0.000000E+0	0.000000E+0	0.000000E+0	0.000000E+0
20.0    	221     	3.696912E-2 	5.658516E-5	2.22E+1    	20.00     	1976.92	24.2 	35.6 	0.000000E+0	0.000000E+0	0.000000E+0	0.000000E+0	0.000000E+0	0.000000E+0	0.000000E+0	0.000000E+0
20.0    	222     	2.693074E-2 	4.236632E-5	2.22E+1    	20.00     	1978.82	24.2 	35.6 	0.000000E+0	0.000000E+0	0.000000E+0	0.000000E+0	0.000000E+0	0.000000E+0	0.000000E+0	0.000000E+0
20.0    	223     	2.916736E-2 	2.473255E-4	2.21E+1    	20.00     	1980.73	24.2 	35.6 	0.000000E+0	0.000000E+0	0.000000E+0	0.000000E+0	0.000000E+0	0.000000E+0	0.000000E+0	0.000000E+0
20.0    	224     	9.101642E-2 	8.795018E-5	2.23E+1    	20.00     	1982.63	24.2 	35.6 	0.000000E+0	0.000000E+0	0.000000E+0	0.000000E+0	0.000000E+0	0.000000E+0	0.000000E+0	0.000000E+0
20.0    	225     	9.803778E-2 	1.146560E-4	2.23E+1    	20.00     	1984.53	24.2 	35.6 	0.000000E+0	0.000000E+0	0.000000E+0	0.000000E+0	0.000000E+0	0.000000E+0	0.000000E+0	0.000000E+0
20.0    	226     	3.686432E-2 	1.355428E-4	2.26E+1    	20.00     	1986.44	24.2 	35.6 	0.000000E+0	0.000000E+0	0.000000E+0	0.000000E+0	0.000000E+0	0.000000E+0	0.000000E+0	0.000000E+0
20.0    	227     	3.515608E-2 	6.765886E-5	2.22E+1    	20.00     	1988.34	24.2 	35.6 	0.000000E+0	0.000000E+0	0.000000E+0	0.000000E+0	0.000000E+0	0.000000E+0	0.000000E+0	0.000000E+0
20.0    	228     	3.285076E-2 	1.031152E-4	2.25E+1    	20.00     	1990.25	24.2 	35.6 	0.000000E+0	0.000000E+0	0.000000E+0	0.000000E+0	0.000000E+0	0.000000E+0	0.000000E+0	0.000000E+0
20.0    	229     	4.321807E-2 	2.054953E-4	2.22E+1    	20.00     	1992.15	24.2 	35.6 	0.000000E+0	0.000000E+0	0.000000E+0	0.000000E+0	0.000000E+0	0.000000E+0	0.000000E+0	0.000000E+0
20.0    	230     	3.874229E-2 	2.226250E-4	2.22E+1    	20.00     	1994.06	24.2 	35.6 	0.000000E+0	0.000000E+0	0.000000E+0	0.000000E+0	0.000000E+0	0.000000E+0	0.000000E+0	0.000000E+0
20.0    	231     	2.918479E-2 	5.698500E-5	2.23E+1    	20.00     	1995.96	24.2 	35.6 	0.000000E+0	0.000000E+0	0.000000E+0	0.000000E+0	0.000000E+0	0.000000E+0	0.000000E+0	0.000000E+0
20.0    	232     	2.874601E-2 	1.710830E-4	2.22E+1    	20.00     	1997.87	24.2 	35.6 	0.000000E+0	0.000000E+0	0.000000E+0	0.000000E+0	0.000000E+0	0.000000E+0	0.000000E+0	0.000000E+0
20.0    	233     	2.799856E-2 	6.988153E-5	2.21E+1    	20.00     	1999.78	24.2 	35.6 	0.000000E+0	0.000000E+0	0.000000E+0	0.000000E+0	0.000000E+0	0.000000E+0	0.000000E+0	0.000000E+0
20.0    	234     	3.432697E-2 	4.223235E-5	2.24E+1    	20.00     	2001.68	24.2 	35.6 	0.000000E+0	0.000000E+0	0.000000E+0	0.000000E+0	0.000000E+0	0.000000E+0	0.000000E+0	0.000000E+0
20.0    	235     	2.662555E-2 	7.392833E-5	2.21E+1    	20.00     	2003.59	24.2 	35.6 	0.000000E+0	0.000000E+0	0.000000E+0	0.000000E+0	0.000000E+0	0.000000E+0	0.000000E+0	0.000000E+0
20.0    	236     	2.637800E-2 	5.046638E-5	2.23E+1    	20.00     	2005.49	24.2 	35.6 	0.000000E+0	0.000000E+0	0.000000E+0	0.000000E+0	0.000000E+0	0.000000E+0	0.000000E+0	0.000000E+0
20.0    	237     	2.674521E-2 	2.307394E-4	2.21E+1    	20.00     	2007.40	24.2 	35.6 	0.000000E+0	0.000000E+0	0.000000E+0	0.000000E+0	0.000000E+0	0.000000E+0	0.000000E+0	0.000000E+0
20.0    	238     	6.248410E-2 	1.983154E-4	2.23E+1    	20.00     	2009.30	24.2 	35.6 	0.000000E+0	0.000000E+0	0.000000E+0	0.000000E+0	0.000000E+0	0.000000E+0	0.000000E+0	0.000000E+0
20.0    	239     	3.945015E-2 	1.365719E-4	2.24E+1    	20.00     	2011.21	24.2 	35.6 	0.000000E+0	0.000000E+0	0.000000E+0	0.000000E+0	0.000000E+0	0.000000E+0	0.000000E+0	0.000000E+0
20.0    	240     	1.043010E-1 	1.071782E-4	2.22E+1    	20.00     	2013.11	24.2 	35.6 	0.000000E+0	0.000000E+0	0.000000E+0	0.000000E+0	0.000000E+0	0.000000E+0	0.000000E+0	0.000000E+0
20.0    	241     	1.698590E-1 	1.131387E-4	2.23E+1    	20.00     	2015.02	24.2 	35.6 	0.000000E+0	0.000000E+0	0.000000E+0	0.000000E+0	0.000000E+0	0.000000E+0	0.000000E+0	0.000000E+0
20.0    	242     	9.499958E-2 	2.103033E-4	2.21E+1    	20.00     	2016.92	24.2 	35.6 	0.000000E+0	0.000000E+0	0.000000E+0	0.000000E+0	0.000000E+0	0.000000E+0	0.000000E+0	0.000000E+0
20.0    	243     	8.912831E-2 	7.995652E-5	2.22E+1    	20.00     	2018.83	24.2 	35.6 	0.000000E+0	0.000000E+0	0.000000E+0	0.000000E+0	0.000000E+0	0.000000E+0	0.000000E+0	0.000000E+0
20.0    	244     	8.589352E-2 	9.217635E-5	2.20E+1    	20.00     	2020.73	24.2 	35.6 	0.000000E+0	0.000000E+0	0.000000E+0	0.000000E+0	0.000000E+0	0.000000E+0	0.000000E+0	0.000000E+0
20.0    	245     	8.369613E-2 	2.577180E-4	2.24E+1    	20.00     	2022.64	24.2 	35.6 	0.000000E+0	0.000000E+0	0.000000E+0	0.000000E+0	0.000000E+0	0.000000E+0	0.000000E+0	0.000000E+0
20.0    	246     	8.228610E-2 	1.618894E-4	2.21E+1    	20.00     	2024.54	24.2 	35.6 	0.000000E+0	0.000000E+0	0.000000E+0	0.000000E+0	0.000000E+0	0.000000E+0	0.000000E+0	0.000000E+0
20.0    	247     	8.174287E-2 	1.796165E-4	2.21E+1    	20.00     	2026.45	24.2 	35.6 	0.000000E+0	0.000000E+0	0.000000E+0	0.000000E+0	0.000000E+0	0.000000E+0	0.000000E+0	0.000000E+0
20.0    	248     	8.701518E-2 	7.285248E-5	2.23E+1    	20.00     	2028.35	24.2 	35.6 	0.000000E+0	0.000000E+0	0.000000E+0	0.000000E+0	0.000000E+0	0.000000E+0	0.000000E+0	0.000000E+0
20.0    	249     	9.962603E-2 	1.701675E-4	2.22E+1    	20.00     	2030.26	24.2 	35.6 	0.000000E+0	0.000000E+0	0.000000E+0	0.000000E+0	0.000000E+0	0.000000E+0	0.000000E+0	0.000000E+0
20.0    	250     	7.985417E-2 	2.000288E-4	2.21E+1    	20.00     	2032.17	24.2 	35.6 	0.000000E+0	0.000000E+0	0.000000E+0	0.000000E+0	0.000000E+0	0.000000E+0	0.000000E+0	0.000000E+0
20.0    	251     	7.919438E-2 	5.805824E-5	2.21E+1    	20.00     	2034.09	24.2 	35.6 	0.000000E+0	0.000000E+0	0.000000E+0	0.000000E+0	0.000000E+0	0.000000E+0	0.000000E+0	0.000000E+0
20.0    	252     	8.761222E-2 	1.137233E-4	2.23E+1    	20.00     	2035.99	24.2 	35.6 	0.000000E+0	0.000000E+0	0.000000E+0	0.000000E+0	0.000000E+0	0.000000E+0	0.000000E+0	0.000000E+0
20.0    	253     	9.343948E-2 	2.072919E-4	2.22E+1    	20.00     	2037.90	24.2 	35.6 	0.000000E+0	0.000000E+0	0.000000E+0	0.000000E+0	0.000000E+0	0.000000E+0	0.000000E+0	0.000000E+0
20.0    	254     	1.813840E-1 	1.100481E-4	2.24E+1    	20.00     	2039.82	24.2 	35.6 	0.000000E+0	0.000000E+0	0.000000E+0	0.000000E+0	0.000000E+0	0.000000E+0	0.000000E+0	0.000000E+0
20.0    	255     	9.837750E-2 	8.236899E-5	2.24E+1    	20.00     	2041.72	24.2 	35.6 	0.000000E+0	0.000000E+0	0.000000E+0	0.000000E+0	0.000000E+0	0.000000E+0	0.000000E+0	0.000000E+0
20.0    	256     	1.987129E-1 	5.735437E-5	2.21E+1    	20.00     	2043.62	24.2 	35.6 	0.000000E+0	0.000000E+0	0.000000E+0	0.000000E+0	0.000000E+0	0.000000E+0	0.000000E+0	0.000000E+0
20.0    	257     	1.444887E-3 	1.082987E-4	2.21E+1    	20.00     	2045.53	24.2 	35.6 	0.000000E+0	0.000000E+0	0.000000E+0	0.000000E+0	0.000000E+0	0.000000E+0	0.000000E+0	0.000000E+0
20.0    	258     	1.663326E-3 	9.495843E-5	2.22E+1    	20.00     	2047.43	24.2 	35.6 	0.000000E+0	0.000000E+0	0.000000E+0	0.000000E+0	0.000000E+0	0.000000E+0	0.000000E+0	0.000000E+0
20.0    	259     	1.491424E-3 	7.984633E-5	2.23E+1    	20.00     	2049.34	24.2 	35.6 	0.000000E+0	0.000000E+0	0.000000E+0	0.000000E+0	0.000000E+0	0.000000E+0	0.000000E+0	0.000000E+0
20.0    	260     	1.557272E-3 	7.363000E-5	2.20E+1    	20.00     	2051.24	24.2 	35.6 	0.000000E+0	0.000000E+0	0.000000E+0	0.000000E+0	0.000000E+0	0.000000E+0	0.000000E+0	0.000000E+0
20.0    	261     	1.604127E-3 	1.589618E-4	2.21E+1    	20.00     	2053.15	24.2 	35.6 	0.000000E+0	0.000000E+0	0.000000E+0	0.000000E+0	0.000000E+0	0.000000E+0	0.000000E+0	0.000000E+0
20.0    	262     	1.495857E-3 	2.299475E-4	2.22E+1    	20.00     	2055.05	24.2 	35.6 	0.000000E+0	0.000000E+0	0.000000E+0	0.000000E+0	0.000000E+0	0.000000E+0	0.000000E+0	0.000000E+0
20.0    	263     	9.472254E-4 	1.141584E-4	2.20E+1    	20.00     	2056.95	24.2 	35.6 	0.000000E+0	0.000000E+0	0.000000E+0	0.000000E+0	0.000000E+0	0.000000E+0	0.000000E+0	0.000000E+0
20.0    	264     	-2.180908E-3	6.546881E-5	2.21E+1    	20.00     	2058.86	24.2 	35.6 	0.000000E+0	0.000000E+0	0.000000E+0	0.000000E+0	0.000000E+0	0.000000E+0	0.000000E+0	0.000000E+0
25.0    	1       	1.851944E-1 	1.353975E-4	2.75E+1    	25.00     	2075.70	24.2 	35.6 	0.000000E+0	0.000000E+0	0.000000E+0	0.000000E+0	0.000000E+0	0.000000E+0	0.000000E+0	0.000000E+0
25.0    	2       	1.555361E-1 	1.170818E-4	1.11E+1    	25.00     	2077.47	24.2 	35.6 	0.000000E+0	0.000000E+0	0.000000E+0	0.000000E+0	0.000000E+0	0.000000E+0	0.000000E+0	0.000000E+0
25.0    	3       	1.657627E-3 	2.581449E-4	2.66E+0    	25.00     	2079.39	24.2 	35.6 	0.000000E+0	0.000000E+0	0.000000E+0	0.000000E+0	0.000000E+0	0.000000E+0	0.000000E+0	0.000000E+0
25.0    	4       	1.186838E-1 	6.695703E-5	1.66E+0    	25.00     	2081.44	24.2 	35.6 	0.000000E+0	0.000000E+0	0.000000E+0	0.000000E+0	0.000000E+0	0.000000E+0	0.000000E+0	0.000000E+0
25.0    	5       	1.019307E-1 	1.103936E-4	1.52E+0    	25.00     	2083.36	24.2 	35.6 	0.000000E+0	0.000000E+0	0.000000E+0	0.000000E+0	0.000000E+0	0.000000E+0	0.000000E+0	0.000000E+0
25.0    	6       	1.007629E-1 	2.942805E-5	1.28E+0    	25.00     	2085.26	24.2 	35.6 	0.000000E+0	0.000000E+0	0.000000E+0	0.000000E+0	0.000000E+0	0.000000E+0	0.000000E+0	0.000000E+0
25.0    	7       	9.926295E-2 	1.087638E-4	1.06E+0    	25.00     	2087.17	24.2 	35.6 	0.000000E+0	0.000000E+0	0.000000E+0	0.000000E+0	0.000000E+0	0.000000E+0	0.000000E+0	0.000000E+0
25.0    	8       	9.769780E-2 	9.535534E-5	1.56E+0    	25.00     	2089.07	24.2 	35.6 	0.000000E+0	0.000000E+0	0.000000E+0	0.000000E+0	0.000000E+0	0.000000E+0	0.000000E+0	0.000000E+0
25.0    	9       	1.043124E-1 	1.909874E-4	1.33E+0    	25.00     	2090.97	24.2 	35.6 	0.000000E+0	0.000000E+0	0.000000E+0	0.000000E+0	0.000000E+0	0.000000E+0	0.000000E+0	0.000000E+0
25.0    	10      	9.594519E-2 	1.165522E-4	1.47E+0    	25.00     	2092.88	24.2 	35.6 	0.000000E+0	0.000000E+0	0.000000E+0	0.000000E+0	0.000000E+0	0.000000E+0	0.000000E+0	0.000000E+0
25.0    	11      	9.562798E-2 	5.936567E-5	1.34E+0    	25.00     	2094.78	24.2 	35.6 	0.000000E+0	0.000000E+0	0.000000E+0	0.000000E+0	0.000000E+0	0.000000E+0	0.000000E+0	0.000000E+0
25.0    	12      	9.652863E-2 	1.237354E-3	1.54E+0    	25.00     	2096.69	24.2 	35.6 	0.000000E+0	0.000000E+0	0.000000E+0	0.000000E+0	0.000000E+0	0.000000E+0	0.000000E+0	0.000000E+0
25.0    	13      	1.022910E-1 	5.414664E-3	1.26E+0    	25.00     	2098.59	24.2 	35.6 	0.000000E+0	0.000000E+0	0.000000E+0	0.000000E+0	0.000000E+0	0.000000E+0	0.000000E+0	0.000000E+0
25.0    	14      	1.017908E-1 	1.662367E-4	1.57E+0    	25.00     	2100.50	24.2 	35.6 	0.000000E+0	0.000000E+0	0.000000E+0	0.000000E+0	0.000000E+0	0.000000E+0	0.000000E+0	0.000000E+0
25.0    	15      	1.082563E-1 	5.333629E-5	1.27E+0    	25.00     	2102.41	24.2 	35.6 	0.000000E+0	0.000000E+0	0.000000E+0	0.000000E+0	0.000000E+0	0.000000E+0	0.000000E+0	0.000000E+0
25.0    	16      	1.801861E-1 	2.409790E-4	1.13E+0    	25.00     	2104.31	24.2 	35.6 	0.000000E+0	0.000000E+0	0.000000E+0	0.000000E+0	0.000000E+0	0.000000E+0	0.000000E+0	0.000000E+0
25.0    	17      	1.015911E-1 	4.853888E-5	1.35E+0    	25.00     	2106.22	24.2 	35.6 	0.000000E+0	0.000000E+0	0.000000E+0	0.000000E+0	0.000000E+0	0.000000E+0	0.000000E+0	0.000000E+0
25.0    	18      	4.002378E-2 	1.644944E-4	1.50E+0    	25.00     	2108.12	24.2 	35.6 	0.000000E+0	0.000000E+0	0.000000E+0	0.000000E+0	0.000000E+0	0.000000E+0	0.000000E+0	0.000000E+0
25.0    	19      	6.554160E-2 	6.447018E-5	1.40E+0    	25.00     	2110.03	24.2 	35.6 	0.000000E+0	0.000000E+0	0.000000E+0	0.000000E+0	0.000000E+0	0.000000E+0	0.000000E+0	0.000000E+0
25.0    	20      	3.890563E-2 	6.422016E-5	1.38E+0    	25.00     	2111.93	24.2 	35.6 	0.000000E+0	0.000000E+0	0.000000E+0	0.000000E+0	0.000000E+0	0.000000E+0	0.000000E+0	0.000000E+0
25.0    	21      	3.870018E-2 	1.291113E-4	1.33E+0    	25.00     	2113.84	24.2 	35.6 	0.000000E+0	0.000000E+0	0.000000E+0	0.000000E+0	0.000000E+0	0.000000E+0	0.000000E+0	0.000000E+0
25.0    	22      	3.737559E-2 	9.340711E-5	1.33E+0    	25.00     	2115.74	24.2 	35.6 	0.000000E+0	0.000000E+0	0.000000E+0	0.000000E+0	0.000000E+0	0.000000E+0	0.000000E+0	0.000000E+0
25.0    	23      	3.750952E-2 	7.825509E-5	1.31E+0    	25.00     	2117.66	24.2 	35.6 	0.000000E+0	0.000000E+0	0.000000E+0	0.000000E+0	0.000000E+0	0.000000E+0	0.000000E+0	0.000000E+0
25.0    	24      	4.737725E-2 	1.360987E-4	1.32E+0    	25.00     	2119.57	24.2 	35.6 	0.000000E+0	0.000000E+0	0.000000E+0	0.000000E+0	0.000000E+0	0.000000E+0	0.000000E+0	0.000000E+0
25.0    	25      	4.794870E-2 	7.713128E-5	1.46E+0    	25.00     	2121.48	24.2 	35.6 	0.000000E+0	0.000000E+0	0.000000E+0	0.000000E+0	0.000000E+0	0.000000E+0	0.000000E+0	0.000000E+0
25.0    	26      	3.669463E-2 	5.930779E-5	1.58E+0    	25.00     	2123.38	24.2 	35.6 	0.000000E+0	0.000000E+0	0.000000E+0	0.000000E+0	0.000000E+0	0.000000E+0	0.000000E+0	0.000000E+0
25.0    	27      	5.085171E-2 	1.373968E-4	1.29E+0    	25.00     	2125.29	24.2 	35.6 	0.000000E+0	0.000000E+0	0.000000E+0	0.000000E+0	0.000000E+0	0.000000E+0	0.000000E+0	0.000000E+0
25.0    	28      	3.788530E-2 	4.693859E-5	1.39E+0    	25.00     	2127.19	24.2 	35.6 	0.000000E+0	0.000000E+0	0.000000E+0	0.000000E+0	0.000000E+0	0.000000E+0	0.000000E+0	0.000000E+0
25.0    	29      	3.903827E-2 	1.355361E-4	1.24E+0    	25.00     	2129.10	24.2 	35.6 	0.000000E+0	0.000000E+0	0.000000E+0	0.000000E+0	0.000000E+0	0.000000E+0	0.000000E+0	0.000000E+0
25.0    	30      	7.803157E-2 	1.917197E-4	1.41E+0    	25.00     	2131.00	24.2 	35.6 	0.000000E+0	0.000000E+0	0.000000E+0	0.000000E+0	0.000000E+0	0.000000E+0	0.000000E+0	0.000000E+0
25.0    	31      	6.221593E-2 	1.638893E-3	1.28E+0    	25.00     	2132.91	24.2 	35.6 	0.000000E+0	0.000000E+0	0.000000E+0	0.000000E+0	0.000000E+0	0.000000E+0	0.000000E+0	0.000000E+0
25.0    	32      	1.066183E-1 	1.342115E-3	1.36E+0    	25.00     	2134.81	24.2 	35.6 	0.000000E+0	0.000000E+0	0.000000E+0	0.000000E+0	0.000000E+0	0.000000E+0	0.000000E+0	0.000000E+0
25.0    	33      	9.632569E-2 	4.334376E-5	1.38E+0    	25.00     	2136.72	24.2 	35.6 	0.000000E+0	0.000000E+0	0.000000E+0	0.000000E+0	0.000000E+0	0.000000E+0	0.000000E+0	0.000000E+0
25.0    	34      	5.130252E-2 	6.170736E-5	1.44E+0    	25.00     	2138.62	24.2 	35.6 	0.000000E+0	0.000000E+0	0.000000E+0	0.000000E+0	0.000000E+0	0.000000E+0	0.000000E+0	0.000000E+0
25.0    	35      	3.570345E-2 	4.721848E-5	1.29E+0    	25.00     	2140.52	24.2 	35.6 	0.000000E+0	0.000000E+0	0.000000E+0	0.000000E+0	0.000000E+0	0.000000E+0	0.000000E+0	0.000000E+0
25.0    	36      	5.749320E-2 	1.296282E-4	1.48E+0    	25.00     	2142.43	24.2 	35.6 	0.000000E+0	0.000000E+0	0.000000E+0	0.000000E+0	0.000000E+0	0.000000E+0	0.000000E+0	0.000000E+0
25.0    	37      	3.500444E-2 	1.224188E-4	1.44E+0    	25.00     	2144.34	24.2 	35.6 	0.000000E+0	0.000000E+0	0.000000E+0	0.000000E+0	0.000000E+0	0.000000E+0	0.000000E+0	0.000000E+0
25.0    	38      	3.463561E-2 	1.332833E-4	1.26E+0    	25.00     	2146.24	24.2 	35.6 	0.000000E+0	0.000000E+0	0.000000E+0	0.000000E+0	0.000000E+0	0.000000E+0	0.000000E+0	0.000000E+0
25.0    	39      	3.457104E-2 	1.438139E-4	1.26E+0    	25.00     	2148.15	24.2 	35.6 	0.000000E+0	0.000000E+0	0.000000E+0	0.000000E+0	0.000000E+0	0.000000E+0	0.000000E+0	0.000000E+0
25.0    	40      	3.342374E-2 	1.109350E-4	1.41E+0    	25.00     	2150.05	24.2 	35.6 	0.000000E+0	0.000000E+0	0.000000E+0	0.000000E+0	0.000000E+0	0.000000E+0	0.000000E+0	0.000000E+0
25.0    	41      	3.778557E-2 	6.782602E-3	1.34E+0    	25.00     	2151.97	24.2 	35.6 	0.000000E+0	0.000000E+0	0.000000E+0	0.000000E+0	0.000000E+0	0.000000E+0	0.000000E+0	0.000000E+0
25.0    	42      	3.662563E-2 	3.570008E-3	1.13E+0    	25.00     	2153.88	24.2 	35.6 	0.000000E+0	0.000000E+0	0.000000E+0	0.000000E+0	0.000000E+0	0.000000E+0	0.000000E+0	0.000000E+0
25.0    	43      	3.507472E-2 	4.747032E-5	1.12E+0    	25.00     	2155.78	24.2 	35.6 	0.000000E+0	0.000000E+0	0.000000E+0	0.000000E+0	0.000000E+0	0.000000E+0	0.000000E+0	0.000000E+0
25.0    	44      	4.698753E-2 	1.244678E-4	1.46E+0    	25.00     	2157.70	24.2 	35.6 	0.000000E+0	0.000000E+0	0.000000E+0	0.000000E+0	0.000000E+0	0.000000E+0	0.000000E+0	0.000000E+0
25.0    	45      	3.711759E-2 	2.122891E-4	1.37E+0    	25.00     	2159.60	24.2 	35.6 	0.000000E+0	0.000000E+0	0.000000E+0	0.000000E+0	0.000000E+0	0.000000E+0	0.000000E+0	0.000000E+0
25.0    	46      	3.776151E-2 	4.115810E-5	1.64E+0    	25.00     	2161.51	24.2 	35.6 	0.000000E+0	0.000000E+0	0.000000E+0	0.000000E+0	0.000000E+0	0.000000E+0	0.000000E+0	0.000000E+0
25.0    	47      	4.014692E-2 	4.568170E-5	1.35E+0    	25.00     	2163.42	24.2 	35.6 	0.000000E+0	0.000000E+0	0.000000E+0	0.000000E+0	0.000000E+0	0.000000E+0	0.000000E+0	0.000000E+0
25.0    	48      	1.270601E-1 	9.617039E-5	1.50E+0    	25.00     	2165.32	24.2 	35.6 	0.000000E+0	0.000000E+0	0.000000E+0	0.000000E+0	0.000000E+0	0.000000E+0	0.000000E+0	0.000000E+0
25.0    	49      	1.152720E-1 	3.037631E-5	1.58E+0    	25.00     	2167.22	24.2 	35.6 	0.000000E+0	0.000000E+0	0.000000E+0	0.000000E+0	0.000000E+0	0.000000E+0	0.000000E+0	0.000000E+0
25.0    	50      	3.506427E-2 	7.784620E-5	1.27E+0    	25.00     	2169.13	24.2 	35.6 	0.000000E+0	0.000000E+0	0.000000E+0	0.000000E+0	0.000000E+0	0.000000E+0	0.000000E+0	0.000000E+0
25.0    	51      	1.193169E-1 	9.779618E-5	1.51E+0    	25.00     	2171.04	24.2 	35.6 	0.000000E+0	0.000000E+0	0.000000E+0	0.000000E+0	0.000000E+0	0.000000E+0	0.000000E+0	0.000000E+0
25.0    	52      	3.390590E-2 	1.386450E-4	1.19E+0    	25.00     	2172.95	24.2 	35.6 	0.000000E+0	0.000000E+0	0.000000E+0	0.000000E+0	0.000000E+0	0.000000E+0	0.000000E+0	0.000000E+0
25.0    	53      	3.527034E-2 	3.059589E-5	1.03E+0    	25.00     	2174.85	24.2 	35.6 	0.000000E+0	0.000000E+0	0.000000E+0	0.000000E+0	0.000000E+0	0.000000E+0	0.000000E+0	0.000000E+0
25.0    	54      	3.249396E-2 	1.102907E-4	1.46E+0    	25.00     	2176.76	24.2 	35.6 	0.000000E+0	0.000000E+0	0.000000E+0	0.000000E+0	0.000000E+0	0.000000E+0	0.000000E+0	0.000000E+0
25.0    	55      	3.234359E-2 	2.294259E-4	1.23E+0    	25.00     	2178.66	24.2 	35.6 	0.000000E+0	0.000000E+0	0.000000E+0	0.000000E+0	0.000000E+0	0.000000E+0	0.000000E+0	0.000000E+0
25.0    	56      	3.180571E-2 	1.394000E-4	1.21E+0    	25.00     	2180.57	24.2 	35.6 	0.000000E+0	0.000000E+0	0.000000E+0	0.000000E+0	0.000000E+0	0.000000E+0	0.000000E+0	0.000000E+0
25.0    	57      	3.478282E-2 	3.820106E-5	1.19E+0    	25.00     	2182.48	24.2 	35.6 	0.000000E+0	0.000000E+0	0.000000E+0	0.000000E+0	0.000000E+0	0.000000E+0	0.000000E+0	0.000000E+0
25.0    	58      	3.310369E-2 	1.239986E-4	1.39E+0    	25.00     	2184.39	24.2 	35.6 	0.000000E+0	0.000000E+0	0.000000E+0	0.000000E+0	0.000000E+0	0.000000E+0	0.000000E+0	0.000000E+0
25.0    	59      	3.327052E-2 	6.562199E-5	1.44E+0    	25.00     	2186.30	24.2 	35.6 	0.000000E+0	0.000000E+0	0.000000E+0	0.000000E+0	0.000000E+0	0.000000E+0	0.000000E+0	0.000000E+0
25.0    	60      	4.180009E-2 	8.122391E-5	1.49E+0    	25.00     	2188.20	24.2 	35.6 	0.000000E+0	0.000000E+0	0.000000E+0	0.000000E+0	0.000000E+0	0.000000E+0	0.000000E+0	0.000000E+0
25.0    	61      	4.658739E-2 	1.466203E-3	1.20E+0    	25.00     	2190.11	24.2 	35.6 	0.000000E+0	0.000000E+0	0.000000E+0	0.000000E+0	0.000000E+0	0.000000E+0	0.000000E+0	0.000000E+0
25.0    	62      	6.092652E-2 	3.402251E-3	1.45E+0    	25.00     	2192.01	24.2 	35.6 	0.000000E+0	0.000000E+0	0.000000E+0	0.000000E+0	0.000000E+0	0.000000E+0	0.000000E+0	0.000000E+0
25.0    	63      	3.986993E-2 	1.130795E-4	1.22E+0    	25.00     	2193.92	24.2 	35.6 	0.000000E+0	0.000000E+0	0.000000E+0	0.000000E+0	0.000000E+0	0.000000E+0	0.000000E+0	0.000000E+0
25.0    	64      	1.686335E-1 	1.758177E-4	1.43E+0    	25.00     	2195.82	24.2 	35.6 	0.000000E+0	0.000000E+0	0.000000E+0	0.000000E+0	0.000000E+0	0.000000E+0	0.000000E+0	0.000000E+0
25.0    	65      	9.179735E-2 	1.798570E-4	1.58E+0    	25.00     	2197.72	24.2 	35.6 	0.000000E+0	0.000000E+0	0.000000E+0	0.000000E+0	0.000000E+0	0.000000E+0	0.000000E+0	0.000000E+0
25.0    	66      	3.363238E-2 	1.413733E-4	1.28E+0    	25.00     	2199.63	24.2 	35.6 	0.000000E+0	0.000000E+0	0.000000E+0	0.000000E+0	0.000000E+0	0.000000E+0	0.000000E+0	0.000000E+0
25.0    	67      	5.696516E-2 	1.369506E-4	1.42E+0    	25.00     	2201.53	24.2 	35.6 	0.000000E+0	0.000000E+0	0.000000E+0	0.000000E+0	0.000000E+0	0.000000E+0	0.000000E+0	0.000000E+0
25.0    	68      	3.351651E-2 	4.135353E-5	1.25E+0    	25.00     	2203.44	24.2 	35.6 	0.000000E+0	0.000000E+0	0.000000E+0	0.000000E+0	0.000000E+0	0.000000E+0	0.000000E+0	0.000000E+0
25.0    	69      	1.292215E+1 	1.302583E-2	1.41E+0    	25.00     	2205.34	24.2 	35.6 	0.000000E+0	0.000000E+0	0.000000E+0	0.000000E+0	0.000000E+0	0.000000E+0	0.000000E+0	0.000000E+0
25.0    	70      	3.398410E-2 	9.168935E-5	1.05E+0    	25.00     	2207.43	24.2 	35.6 	0.000000E+0	0.000000E+0	0.000000E+0	0.000000E+0	0.000000E+0	0.000000E+0	0.000000E+0	0.000000E+0
25.0    	71      	1.082246E-1 	2.185430E-4	9.32E-1    	25.00     	2209.43	24.2 	35.6 	0.000000E+0	0.000000E+0	0.000000E+0	0.000000E+0	0.000000E+0	0.000000E+0	0.000000E+0	0.000000E+0
25.0    	72      	3.186113E-2 	7.589593E-5	1.23E+0    	25.00     	2211.34	24.2 	35.6 	0.000000E+0	0.000000E+0	0.000000E+0	0.000000E+0	0.000000E+0	0.000000E+0	0.000000E+0	0.000000E+0
25.0    	73      	4.648642E-2 	2.549956E-2	1.26E+0    	25.00     	2213.26	24.2 	35.6 	0.000000E+0	0.000000E+0	0.000000E+0	0.000000E+0	0.000000E+0	0.000000E+0	0.000000E+0	0.000000E+0
25.0    	74      	3.567684E-2 	6.251268E-3	1.47E+0    	25.00     	2215.16	24.2 	35.6 	0.000000E+0	0.000000E+0	0.000000E+0	0.000000E+0	0.000000E+0	0.000000E+0	0.000000E+0	0.000000E+0
25.0    	75      	3.188425E-2 	4.020347E-4	1.29E+0    	25.00     	2217.07	24.2 	35.6 	0.000000E+0	0.000000E+0	0.000000E+0	0.000000E+0	0.000000E+0	0.000000E+0	0.000000E+0	0.000000E+0
25.0    	76      	4.788600E-2 	4.505962E-5	1.41E+0    	25.00     	2218.99	24.2 	35.6 	0.000000E+0	0.000000E+0	0.000000E+0	0.000000E+0	0.000000E+0	0.000000E+0	0.000000E+0	0.000000E+0
25.0    	77      	1.244809E-3 	1.904911E-4	1.23E+0    	25.00     	2220.90	24.2 	35.6 	0.000000E+0	0.000000E+0	0.000000E+0	0.000000E+0	0.000000E+0	0.000000E+0	0.000000E+0	0.000000E+0
25.0    	78      	1.263804E-3 	7.210684E-5	1.37E+0    	25.00     	2222.80	24.2 	35.6 	0.000000E+0	0.000000E+0	0.000000E+0	0.000000E+0	0.000000E+0	0.000000E+0	0.000000E+0	0.000000E+0
25.0    	79      	4.438276E-2 	8.501830E-5	1.32E+0    	25.00     	2224.71	24.2 	35.6 	0.000000E+0	0.000000E+0	0.000000E+0	0.000000E+0	0.000000E+0	0.000000E+0	0.000000E+0	0.000000E+0
25.0    	80      	1.504284E-1 	1.221839E-4	1.09E+0    	25.00     	2226.62	24.2 	35.6 	0.000000E+0	0.000000E+0	0.000000E+0	0.000000E+0	0.000000E+0	0.000000E+0	0.000000E+0	0.000000E+0
25.0    	81      	9.073426E-2 	2.528016E-5	1.39E+0    	25.00     	2228.52	24.2 	35.6 	0.000000E+0	0.000000E+0	0.000000E+0	0.000000E+0	0.000000E+0	0.000000E+0	0.000000E+0	0.000000E+0
25.0    	82      	3.551729E-2 	9.841361E-5	1.44E+0    	25.00     	2230.43	24.2 	35.6 	0.000000E+0	0.000000E+0	0.000000E+0	0.000000E+0	0.000000E+0	0.000000E+0	0.000000E+0	0.000000E+0
25.0    	83      	3.903384E-2 	1.609910E-4	1.27E+0    	25.00     	2232.34	24.2 	35.6 	0.000000E+0	0.000000E+0	0.000000E+0	0.000000E+0	0.000000E+0	0.000000E+0	0.000000E+0	0.000000E+0
25.0    	84      	3.301473E-2 	2.414443E-4	1.57E+0    	25.00     	2234.24	24.2 	35.6 	0.000000E+0	0.000000E+0	0.000000E+0	0.000000E+0	0.000000E+0	0.000000E+0	0.000000E+0	0.000000E+0
25.0    	85      	3.300493E-2 	1.851494E-4	1.19E+0    	25.00     	2236.15	24.2 	35.6 	0.000000E+0	0.000000E+0	0.000000E+0	0.000000E+0	0.000000E+0	0.000000E+0	0.000000E+0	0.000000E+0
25.0    	86      	3.176964E-2 	1.567915E-4	1.46E+0    	25.00     	2238.05	24.2 	35.6 	0.000000E+0	0.000000E+0	0.000000E+0	0.000000E+0	0.000000E+0	0.000000E+0	0.000000E+0	0.000000E+0
25.0    	87      	3.142489E-2 	1.466920E-4	1.38E+0    	25.00     	2239.96	24.2 	35.6 	0.000000E+0	0.000000E+0	0.000000E+0	0.000000E+0	0.000000E+0	0.000000E+0	0.000000E+0	0.000000E+0
25.0    	88      	3.112318E-2 	4.063350E-5	1.13E+0    	25.00     	2241.87	24.2 	35.6 	0.000000E+0	0.000000E+0	0.000000E+0	0.000000E+0	0.000000E+0	0.000000E+0	0.000000E+0	0.000000E+0
25.0    	89      	3.213656E-2 	6.381538E-5	1.13E+0    	25.00     	2243.78	24.2 	35.6 	0.000000E+0	0.000000E+0	0.000000E+0	0.000000E+0	0.000000E+0	0.000000E+0	0.000000E+0	0.000000E+0
25.0    	90      	1.771105E-1 	6.170902E-5	1.04E+0    	25.00     	2245.68	24.2 	35.6 	0.000000E+0	0.000000E+0	0.000000E+0	0.000000E+0	0.000000E+0	0.000000E+0	0.000000E+0	0.000000E+0
25.0    	91      	3.197794E-2 	2.535124E-4	1.16E+0    	25.00     	2247.59	24.2 	35.6 	0.000000E+0	0.000000E+0	0.000000E+0	0.000000E+0	0.000000E+0	0.000000E+0	0.000000E+0	0.000000E+0
25.0    	92      	5.824479E-2 	1.672178E-4	1.18E+0    	25.00     	2249.49	24.2 	35.6 	0.000000E+0	0.000000E+0	0.000000E+0	0.000000E+0	0.000000E+0	0.000000E+0	0.000000E+0	0.000000E+0
25.0    	93      	3.415917E-2 	2.312100E-4	1.17E+0    	25.00     	2251.40	24.2 	35.6 	0.000000E+0	0.000000E+0	0.000000E+0	0.000000E+0	0.000000E+0	0.000000E+0	0.000000E+0	0.000000E+0
25.0    	94      	3.533685E-2 	2.160639E-4	1.36E+0    	25.00     	2253.31	24.2 	35.6 	0.000000E+0	0.000000E+0	0.000000E+0	0.000000E+0	0.000000E+0	0.000000E+0	0.000000E+0	0.000000E+0
25.0    	95      	3.911585E-2 	1.650522E-5	1.29E+0    	25.00     	2255.21	24.2 	35.6 	0.000000E+0	0.000000E+0	0.000000E+0	0.000000E+0	0.000000E+0	0.000000E+0	0.000000E+0	0.000000E+0
25.0    	96      	9.772844E-2 	8.348626E-5	1.45E+0    	25.00     	2257.12	24.2 	35.6 	0.000000E+0	0.000000E+0	0.000000E+0	0.000000E+0	0.000000E+0	0.000000E+0	0.000000E+0	0.000000E+0
25.0    	97      	1.035738E-1 	1.187414E-4	1.46E+0    	25.00     	2259.03	24.2 	35.6 	0.000000E+0	0.000000E+0	0.000000E+0	0.000000E+0	0.000000E+0	0.000000E+0	0.000000E+0	0.000000E+0
25.0    	98      	3.249745E-2 	2.912662E-5	1.30E+0    	25.00     	2260.93	24.2 	35.6 	0.000000E+0	0.000000E+0	0.000000E+0	0.000000E+0	0.000000E+0	0.000000E+0	0.000000E+0	0.000000E+0
25.0    	99      	3.156099E-2 	1.156516E-4	1.25E+0    	25.00     	2262.84	24.2 	35.6 	0.000000E+0	0.000000E+0	0.000000E+0	0.000000E+0	0.000000E+0	0.000000E+0	0.000000E+0	0.000000E+0
25.0    	100     	3.152556E-2 	1.980244E-4	1.09E+0    	25.00     	2264.74	24.2 	35.6 	0.000000E+0	0.000000E+0	0.000000E+0	0.000000E+0	0.000000E+0	0.000000E+0	0.000000E+0	0.000000E+0
25.0    	101     	3.180383E-2 	6.973989E-5	1.30E+0    	25.00     	2266.65	24.2 	35.6 	0.000000E+0	0.000000E+0	0.000000E+0	0.000000E+0	0.000000E+0	0.000000E+0	0.000000E+0	0.000000E+0
25.0    	102     	4.296765E-2 	7.407505E-5	1.64E+0    	25.00     	2268.56	24.2 	35.6 	0.000000E+0	0.000000E+0	0.000000E+0	0.000000E+0	0.000000E+0	0.000000E+0	0.000000E+0	0.000000E+0
25.0    	103     	3.197510E-2 	1.129897E-4	1.33E+0    	25.00     	2270.47	24.2 	35.6 	0.000000E+0	0.000000E+0	0.000000E+0	0.000000E+0	0.000000E+0	0.000000E+0	0.000000E+0	0.000000E+0
25.0    	104     	2.119526E-1 	6.275415E-5	1.20E+0    	25.00     	2272.37	24.2 	35.6 	0.000000E+0	0.000000E+0	0.000000E+0	0.000000E+0	0.000000E+0	0.000000E+0	0.000000E+0	0.000000E+0
25.0    	105     	3.107506E-2 	1.395467E-4	1.28E+0    	25.00     	2274.27	24.2 	35.6 	0.000000E+0	0.000000E+0	0.000000E+0	0.000000E+0	0.000000E+0	0.000000E+0	0.000000E+0	0.000000E+0
25.0    	106     	3.203967E-2 	1.495134E-4	1.33E+0    	25.00     	2276.18	24.2 	35.6 	0.000000E+0	0.000000E+0	0.000000E+0	0.000000E+0	0.000000E+0	0.000000E+0	0.000000E+0	0.000000E+0
25.0    	107     	3.122829E-2 	1.305015E-4	1.02E+0    	25.00     	2278.09	24.2 	35.6 	0.000000E+0	0.000000E+0	0.000000E+0	0.000000E+0	0.000000E+0	0.000000E+0	0.000000E+0	0.000000E+0
25.0    	108     	3.115010E-2 	5.582338E-5	1.42E+0    	25.00     	2279.99	24.2 	35.6 	0.000000E+0	0.000000E+0	0.000000E+0	0.000000E+0	0.000000E+0	0.000000E+0	0.000000E+0	0.000000E+0
25.0    	109     	3.130774E-2 	6.348441E-5	1.31E+0    	25.00     	2281.90	24.2 	35.6 	0.000000E+0	0.000000E+0	0.000000E+0	0.000000E+0	0.000000E+0	0.000000E+0	0.000000E+0	0.000000E+0
25.0    	110     	3.178735E-2 	2.305986E-4	1.17E+0    	25.00     	2283.82	24.2 	35.6 	0.000000E+0	0.000000E+0	0.000000E+0	0.000000E+0	0.000000E+0	0.000000E+0	0.000000E+0	0.000000E+0
25.0    	111     	3.360642E-2 	1.145448E-4	1.14E+0    	25.00     	2285.73	24.2 	35.6 	0.000000E+0	0.000000E+0	0.000000E+0	0.000000E+0	0.000000E+0	0.000000E+0	0.000000E+0	0.000000E+0
25.0    	112     	1.989976E-1 	5.992306E-5	1.23E+0    	25.00     	2287.63	24.2 	35.6 	0.000000E+0	0.000000E+0	0.000000E+0	0.000000E+0	0.000000E+0	0.000000E+0	0.000000E+0	0.000000E+0
25.0    	113     	9.324792E-2 	1.118417E-4	1.36E+0    	25.00     	2289.55	24.2 	35.6 	0.000000E+0	0.000000E+0	0.000000E+0	0.000000E+0	0.000000E+0	0.000000E+0	0.000000E+0	0.000000E+0
25.0    	114     	4.124580E-2 	9.925039E-5	1.27E+0    	25.00     	2291.46	24.2 	35.6 	0.000000E+0	0.000000E+0	0.000000E+0	0.000000E+0	0.000000E+0	0.000000E+0	0.000000E+0	0.000000E+0
25.0    	115     	3.150594E-2 	1.035776E-4	1.19E+0    	25.00     	2293.36	24.2 	35.6 	0.000000E+0	0.000000E+0	0.000000E+0	0.000000E+0	0.000000E+0	0.000000E+0	0.000000E+0	0.000000E+0
25.0    	116     	3.123652E-2 	8.807838E-5	1.18E+0    	25.00     	2295.27	24.2 	35.6 	0.000000E+0	0.000000E+0	0.000000E+0	0.000000E+0	0.000000E+0	0.000000E+0	0.000000E+0	0.000000E+0
25.0    	117     	3.364443E-2 	1.523900E-4	1.17E+0    	25.00     	2297.18	24.2 	35.6 	0.000000E+0	0.000000E+0	0.000000E+0	0.000000E+0	0.000000E+0	0.000000E+0	0.000000E+0	0.000000E+0
25.0    	118     	3.161102E-2 	1.398539E-4	1.30E+0    	25.00     	2299.09	24.2 	35.6 	0.000000E+0	0.000000E+0	0.000000E+0	0.000000E+0	0.000000E+0	0.000000E+0	0.000000E+0	0.000000E+0
25.0    	119     	4.094502E-2 	1.319225E-4	1.43E+0    	25.00     	2300.99	24.2 	35.6 	0.000000E+0	0.000000E+0	0.000000E+0	0.000000E+0	0.000000E+0	0.000000E+0	0.000000E+0	0.000000E+0
25.0    	120     	3.218246E-2 	1.822076E-4	1.19E+0    	25.00     	2302.90	24.2 	35.6 	0.000000E+0	0.000000E+0	0.000000E+0	0.000000E+0	0.000000E+0	0.000000E+0	0.000000E+0	0.000000E+0
25.0    	121     	3.134037E-2 	1.205311E-4	1.25E+0    	25.00     	2304.81	24.2 	35.6 	0.000000E+0	0.000000E+0	0.000000E+0	0.000000E+0	0.000000E+0	0.000000E+0	0.000000E+0	0.000000E+0
25.0    	122     	3.532957E-2 	1.448680E-4	1.21E+0    	25.00     	2306.71	24.2 	35.6 	0.000000E+0	0.000000E+0	0.000000E+0	0.000000E+0	0.000000E+0	0.000000E+0	0.000000E+0	0.000000E+0
25.0    	123     	3.111653E-2 	6.472137E-5	1.24E+0    	25.00     	2308.62	24.2 	35.6 	0.000000E+0	0.000000E+0	0.000000E+0	0.000000E+0	0.000000E+0	0.000000E+0	0.000000E+0	0.000000E+0
25.0    	124     	3.122797E-2 	7.997796E-5	1.50E+0    	25.00     	2310.53	24.2 	35.6 	0.000000E+0	0.000000E+0	0.000000E+0	0.000000E+0	0.000000E+0	0.000000E+0	0.000000E+0	0.000000E+0
25.0    	125     	3.070530E-2 	7.602326E-4	9.51E-1    	25.00     	2312.43	24.2 	35.6 	0.000000E+0	0.000000E+0	0.000000E+0	0.000000E+0	0.000000E+0	0.000000E+0	0.000000E+0	0.000000E+0
25.0    	126     	3.093197E-2 	8.530179E-5	1.31E+0    	25.00     	2314.35	24.2 	35.6 	0.000000E+0	0.000000E+0	0.000000E+0	0.000000E+0	0.000000E+0	0.000000E+0	0.000000E+0	0.000000E+0
25.0    	127     	3.237304E-2 	6.032754E-5	1.51E+0    	25.00     	2316.26	24.2 	35.6 	0.000000E+0	0.000000E+0	0.000000E+0	0.000000E+0	0.000000E+0	0.000000E+0	0.000000E+0	0.000000E+0
25.0    	128     	9.080174E-2 	1.868200E-4	1.17E+0    	25.00     	2318.16	24.2 	35.6 	0.000000E+0	0.000000E+0	0.000000E+0	0.000000E+0	0.000000E+0	0.000000E+0	0.000000E+0	0.000000E+0
25.0    	129     	9.348222E-2 	1.681726E-4	9.93E-1    	25.00     	2320.08	24.2 	35.6 	0.000000E+0	0.000000E+0	0.000000E+0	0.000000E+0	0.000000E+0	0.000000E+0	0.000000E+0	0.000000E+0
25.0    	130     	3.344055E-2 	6.092425E-5	1.10E+0    	25.00     	2321.99	24.2 	35.6 	0.000000E+0	0.000000E+0	0.000000E+0	0.000000E+0	0.000000E+0	0.000000E+0	0.000000E+0	0.000000E+0
25.0    	131     	3.162307E-2 	1.314940E-4	1.39E+0    	25.00     	2323.89	24.2 	35.6 	0.000000E+0	0.000000E+0	0.000000E+0	0.000000E+0	0.000000E+0	0.000000E+0	0.000000E+0	0.000000E+0
25.0    	132     	3.138406E-2 	1.450864E-4	1.14E+0    	25.00     	2325.81	24.2 	35.6 	0.000000E+0	0.000000E+0	0.000000E+0	0.000000E+0	0.000000E+0	0.000000E+0	0.000000E+0	0.000000E+0
25.0    	133     	3.129477E-2 	2.432756E-4	1.21E+0    	25.00     	2327.72	24.2 	35.6 	0.000000E+0	0.000000E+0	0.000000E+0	0.000000E+0	0.000000E+0	0.000000E+0	0.000000E+0	0.000000E+0
25.0    	134     	3.137772E-2 	1.008170E-4	1.16E+0    	25.00     	2329.62	24.2 	35.6 	0.000000E+0	0.000000E+0	0.000000E+0	0.000000E+0	0.000000E+0	0.000000E+0	0.000000E+0	0.000000E+0
25.0    	135     	3.136506E-2 	9.674524E-5	1.02E+0    	25.00     	2331.53	24.2 	35.6 	0.000000E+0	0.000000E+0	0.000000E+0	0.000000E+0	0.000000E+0	0.000000E+0	0.000000E+0	0.000000E+0
25.0    	136     	3.208654E-2 	1.433361E-4	1.21E+0    	25.00     	2333.44	24.2 	35.6 	0.000000E+0	0.000000E+0	0.000000E+0	0.000000E+0	0.000000E+0	0.000000E+0	0.000000E+0	0.000000E+0
25.0    	137     	3.174938E-2 	7.452930E-5	1.53E+0    	25.00     	2335.34	24.2 	35.6 	0.000000E+0	0.000000E+0	0.000000E+0	0.000000E+0	0.000000E+0	0.000000E+0	0.000000E+0	0.000000E+0
25.0    	138     	3.208464E-2 	9.924074E-5	1.38E+0    	25.00     	2337.25	24.2 	35.6 	0.000000E+0	0.000000E+0	0.000000E+0	0.000000E+0	0.000000E+0	0.000000E+0	0.000000E+0	0.000000E+0
25.0    	139     	3.058154E-2 	6.499000E-5	1.20E+0    	25.00     	2339.17	24.2 	35.6 	0.000000E+0	0.000000E+0	0.000000E+0	0.000000E+0	0.000000E+0	0.000000E+0	0.000000E+0	0.000000E+0
25.0    	140     	3.035547E-2 	1.866786E-4	1.16E+0    	25.00     	2341.08	24.2 	35.6 	0.000000E+0	0.000000E+0	0.000000E+0	0.000000E+0	0.000000E+0	0.000000E+0	0.000000E+0	0.000000E+0
25.0    	141     	2.967198E-2 	2.374721E-4	9.39E-1    	25.00     	2342.99	24.2 	35.6 	0.000000E+0	0.000000E+0	0.000000E+0	0.000000E+0	0.000000E+0	0.000000E+0	0.000000E+0	0.000000E+0
25.0    	142     	2.988979E-2 	1.782440E-4	1.24E+0    	25.00     	2344.89	24.2 	35.6 	0.000000E+0	0.000000E+0	0.000000E+0	0.000000E+0	0.000000E+0	0.000000E+0	0.000000E+0	0.000000E+0
25.0    	143     	3.107571E-2 	1.280748E-4	1.37E+0    	25.00     	2346.80	24.2 	35.5 	0.000000E+0	0.000000E+0	0.000000E+0	0.000000E+0	0.000000E+0	0.000000E+0	0.000000E+0	0.000000E+0
25.0    	144     	8.880476E-2 	1.933963E-4	1.06E+0    	25.00     	2348.71	24.2 	35.6 	0.000000E+0	0.000000E+0	0.000000E+0	0.000000E+0	0.000000E+0	0.000000E+0	0.000000E+0	0.000000E+0
25.0    	145     	9.254264E-2 	3.191808E-5	1.33E+0    	25.00     	2350.62	24.2 	35.6 	0.000000E+0	0.000000E+0	0.000000E+0	0.000000E+0	0.000000E+0	0.000000E+0	0.000000E+0	0.000000E+0
25.0    	146     	3.392462E-2 	1.783283E-4	1.38E+0    	25.00     	2352.52	24.2 	35.5 	0.000000E+0	0.000000E+0	0.000000E+0	0.000000E+0	0.000000E+0	0.000000E+0	0.000000E+0	0.000000E+0
25.0    	147     	3.266145E-2 	7.203672E-5	1.36E+0    	25.00     	2354.43	24.2 	35.5 	0.000000E+0	0.000000E+0	0.000000E+0	0.000000E+0	0.000000E+0	0.000000E+0	0.000000E+0	0.000000E+0
25.0    	148     	3.404774E-2 	9.374949E-5	1.29E+0    	25.00     	2356.34	24.2 	35.5 	0.000000E+0	0.000000E+0	0.000000E+0	0.000000E+0	0.000000E+0	0.000000E+0	0.000000E+0	0.000000E+0
25.0    	149     	3.213876E-2 	1.469659E-4	1.38E+0    	25.00     	2358.24	24.2 	35.6 	0.000000E+0	0.000000E+0	0.000000E+0	0.000000E+0	0.000000E+0	0.000000E+0	0.000000E+0	0.000000E+0
25.0    	150     	9.325333E-2 	1.764902E-4	9.95E-1    	25.00     	2360.15	24.2 	35.5 	0.000000E+0	0.000000E+0	0.000000E+0	0.000000E+0	0.000000E+0	0.000000E+0	0.000000E+0	0.000000E+0
25.0    	151     	3.154013E-2 	1.304937E-4	1.53E+0    	25.00     	2362.06	24.2 	35.5 	0.000000E+0	0.000000E+0	0.000000E+0	0.000000E+0	0.000000E+0	0.000000E+0	0.000000E+0	0.000000E+0
25.0    	152     	3.140209E-2 	7.130098E-5	1.17E+0    	25.00     	2363.97	24.2 	35.6 	0.000000E+0	0.000000E+0	0.000000E+0	0.000000E+0	0.000000E+0	0.000000E+0	0.000000E+0	0.000000E+0
25.0    	153     	3.139450E-2 	7.980945E-5	1.28E+0    	25.00     	2365.87	24.2 	35.5 	0.000000E+0	0.000000E+0	0.000000E+0	0.000000E+0	0.000000E+0	0.000000E+0	0.000000E+0	0.000000E+0
25.0    	154     	3.141444E-2 	1.095031E-4	1.15E+0    	25.00     	2367.78	24.2 	35.5 	0.000000E+0	0.000000E+0	0.000000E+0	0.000000E+0	0.000000E+0	0.000000E+0	0.000000E+0	0.000000E+0
25.0    	155     	7.545274E-2 	2.481572E-4	1.16E+0    	25.00     	2369.70	24.2 	35.5 	0.000000E+0	0.000000E+0	0.000000E+0	0.000000E+0	0.000000E+0	0.000000E+0	0.000000E+0	0.000000E+0
25.0    	156     	2.941081E-2 	4.993118E-5	1.41E+0    	25.00     	2371.60	24.2 	35.5 	0.000000E+0	0.000000E+0	0.000000E+0	0.000000E+0	0.000000E+0	0.000000E+0	0.000000E+0	0.000000E+0
25.0    	157     	2.912685E-2 	1.085050E-4	1.43E+0    	25.00     	2373.51	24.2 	35.5 	0.000000E+0	0.000000E+0	0.000000E+0	0.000000E+0	0.000000E+0	0.000000E+0	0.000000E+0	0.000000E+0
25.0    	158     	2.926267E-2 	9.791140E-5	8.88E-1    	25.00     	2375.42	24.2 	35.5 	0.000000E+0	0.000000E+0	0.000000E+0	0.000000E+0	0.000000E+0	0.000000E+0	0.000000E+0	0.000000E+0
25.0    	159     	4.016468E-2 	3.329041E-5	1.43E+0    	25.00     	2377.32	24.2 	35.5 	0.000000E+0	0.000000E+0	0.000000E+0	0.000000E+0	0.000000E+0	0.000000E+0	0.000000E+0	0.000000E+0
25.0    	160     	8.889850E-2 	1.222780E-4	1.10E+0    	25.00     	2379.23	24.2 	35.5 	0.000000E+0	0.000000E+0	0.000000E+0	0.000000E+0	0.000000E+0	0.000000E+0	0.000000E+0	0.000000E+0
25.0    	161     	9.353855E-2 	2.304636E-4	1.23E+0    	25.00     	2381.14	24.2 	35.5 	0.000000E+0	0.000000E+0	0.000000E+0	0.000000E+0	0.000000E+0	0.000000E+0	0.000000E+0	0.000000E+0
25.0    	162     	3.529665E-2 	1.495641E-4	1.35E+0    	25.00     	2383.06	24.2 	35.5 	0.000000E+0	0.000000E+0	0.000000E+0	0.000000E+0	0.000000E+0	0.000000E+0	0.000000E+0	0.000000E+0
25.0    	163     	4.277486E-2 	1.656468E-4	1.40E+0    	25.00     	2384.96	24.2 	35.6 	0.000000E+0	0.000000E+0	0.000000E+0	0.000000E+0	0.000000E+0	0.000000E+0	0.000000E+0	0.000000E+0
25.0    	164     	1.498073E-3 	1.483172E-4	1.06E+0    	25.00     	2386.86	24.2 	35.6 	0.000000E+0	0.000000E+0	0.000000E+0	0.000000E+0	0.000000E+0	0.000000E+0	0.000000E+0	0.000000E+0
25.0    	165     	3.468090E-2 	1.678337E-4	1.01E+0    	25.00     	2388.78	24.2 	35.6 	0.000000E+0	0.000000E+0	0.000000E+0	0.000000E+0	0.000000E+0	0.000000E+0	0.000000E+0	0.000000E+0
25.0    	166     	3.342282E-2 	1.001152E-4	1.17E+0    	25.00     	2390.69	24.2 	35.6 	0.000000E+0	0.000000E+0	0.000000E+0	0.000000E+0	0.000000E+0	0.000000E+0	0.000000E+0	0.000000E+0
25.0    	167     	3.243890E-2 	2.551209E-4	9.97E-1    	25.00     	2392.59	24.2 	35.6 	0.000000E+0	0.000000E+0	0.000000E+0	0.000000E+0	0.000000E+0	0.000000E+0	0.000000E+0	0.000000E+0
25.0    	168     	4.262166E-2 	1.153018E-4	1.53E+0    	25.00     	2394.50	24.2 	35.6 	0.000000E+0	0.000000E+0	0.000000E+0	0.000000E+0	0.000000E+0	0.000000E+0	0.000000E+0	0.000000E+0
25.0    	169     	3.010571E-2 	7.429296E-5	1.30E+0    	25.00     	2396.41	24.2 	35.6 	0.000000E+0	0.000000E+0	0.000000E+0	0.000000E+0	0.000000E+0	0.000000E+0	0.000000E+0	0.000000E+0
25.0    	170     	2.988031E-2 	1.484957E-4	1.13E+0    	25.00     	2398.32	24.2 	35.6 	0.000000E+0	0.000000E+0	0.000000E+0	0.000000E+0	0.000000E+0	0.000000E+0	0.000000E+0	0.000000E+0
25.0    	171     	5.790226E-2 	8.857001E-5	1.37E+0    	25.00     	2400.22	24.2 	35.6 	0.000000E+0	0.000000E+0	0.000000E+0	0.000000E+0	0.000000E+0	0.000000E+0	0.000000E+0	0.000000E+0
25.0    	172     	2.849401E-2 	2.741909E-4	1.10E+0    	25.00     	2402.13	24.2 	35.6 	0.000000E+0	0.000000E+0	0.000000E+0	0.000000E+0	0.000000E+0	0.000000E+0	0.000000E+0	0.000000E+0
25.0    	173     	2.841265E-2 	2.218298E-4	1.40E+0    	25.00     	2404.03	24.2 	35.5 	0.000000E+0	0.000000E+0	0.000000E+0	0.000000E+0	0.000000E+0	0.000000E+0	0.000000E+0	0.000000E+0
25.0    	174     	2.857031E-2 	6.467290E-5	1.14E+0    	25.00     	2405.95	24.2 	35.6 	0.000000E+0	0.000000E+0	0.000000E+0	0.000000E+0	0.000000E+0	0.000000E+0	0.000000E+0	0.000000E+0
25.0    	175     	4.855337E-2 	1.135003E-4	1.28E+0    	25.00     	2407.86	24.2 	35.5 	0.000000E+0	0.000000E+0	0.000000E+0	0.000000E+0	0.000000E+0	0.000000E+0	0.000000E+0	0.000000E+0
25.0    	176     	8.982006E-2 	3.162055E-5	1.11E+0    	25.00     	2409.77	24.2 	35.5 	0.000000E+0	0.000000E+0	0.000000E+0	0.000000E+0	0.000000E+0	0.000000E+0	0.000000E+0	0.000000E+0
25.0    	177     	1.152065E-1 	6.183739E-5	1.15E+0    	25.00     	2411.68	24.2 	35.6 	0.000000E+0	0.000000E+0	0.000000E+0	0.000000E+0	0.000000E+0	0.000000E+0	0.000000E+0	0.000000E+0
25.0    	178     	3.665382E-2 	1.723447E-5	1.13E+0    	25.00     	2413.59	24.2 	35.6 	0.000000E+0	0.000000E+0	0.000000E+0	0.000000E+0	0.000000E+0	0.000000E+0	0.000000E+0	0.000000E+0
25.0    	179     	3.640531E-2 	2.012433E-4	1.37E+0    	25.00     	2415.49	24.2 	35.5 	0.000000E+0	0.000000E+0	0.000000E+0	0.000000E+0	0.000000E+0	0.000000E+0	0.000000E+0	0.000000E+0
25.0    	180     	4.348684E-2 	6.191371E-5	1.17E+0    	25.00     	2417.40	24.2 	35.5 	0.000000E+0	0.000000E+0	0.000000E+0	0.000000E+0	0.000000E+0	0.000000E+0	0.000000E+0	0.000000E+0
25.0    	181     	3.474168E-2 	1.423911E-4	1.22E+0    	25.00     	2419.31	24.2 	35.5 	0.000000E+0	0.000000E+0	0.000000E+0	0.000000E+0	0.000000E+0	0.000000E+0	0.000000E+0	0.000000E+0
25.0    	182     	3.422977E-2 	2.087923E-4	1.28E+0    	25.00     	2421.22	24.2 	35.6 	0.000000E+0	0.000000E+0	0.000000E+0	0.000000E+0	0.000000E+0	0.000000E+0	0.000000E+0	0.000000E+0
25.0    	183     	3.323033E-2 	3.164373E-5	1.58E+0    	25.00     	2423.13	24.2 	35.5 	0.000000E+0	0.000000E+0	0.000000E+0	0.000000E+0	0.000000E+0	0.000000E+0	0.000000E+0	0.000000E+0
25.0    	184     	3.129763E-2 	1.742459E-4	1.47E+0    	25.00     	2425.03	24.2 	35.6 	0.000000E+0	0.000000E+0	0.000000E+0	0.000000E+0	0.000000E+0	0.000000E+0	0.000000E+0	0.000000E+0
25.0    	185     	6.791407E-2 	1.414290E-4	1.22E+0    	25.00     	2426.94	24.2 	35.5 	0.000000E+0	0.000000E+0	0.000000E+0	0.000000E+0	0.000000E+0	0.000000E+0	0.000000E+0	0.000000E+0
25.0    	186     	2.874949E-2 	1.732784E-4	1.05E+0    	25.00     	2428.86	24.2 	35.5 	0.000000E+0	0.000000E+0	0.000000E+0	0.000000E+0	0.000000E+0	0.000000E+0	0.000000E+0	0.000000E+0
25.0    	187     	3.821994E-2 	6.864362E-5	1.56E+0    	25.00     	2430.77	24.2 	35.5 	0.000000E+0	0.000000E+0	0.000000E+0	0.000000E+0	0.000000E+0	0.000000E+0	0.000000E+0	0.000000E+0
25.0    	188     	2.855290E-2 	5.516608E-5	1.14E+0    	25.00     	2432.67	24.2 	35.6 	0.000000E+0	0.000000E+0	0.000000E+0	0.000000E+0	0.000000E+0	0.000000E+0	0.000000E+0	0.000000E+0
25.0    	189     	2.802485E-2 	2.513681E-4	1.56E+0    	25.00     	2434.59	24.2 	35.6 	0.000000E+0	0.000000E+0	0.000000E+0	0.000000E+0	0.000000E+0	0.000000E+0	0.000000E+0	0.000000E+0
25.0    	190     	2.801059E-2 	9.201483E-5	1.44E+0    	25.00     	2436.50	24.2 	35.5 	0.000000E+0	0.000000E+0	0.000000E+0	0.000000E+0	0.000000E+0	0.000000E+0	0.000000E+0	0.000000E+0
25.0    	191     	3.369730E-2 	8.268561E-5	1.26E+0    	25.00     	2438.41	24.2 	35.5 	0.000000E+0	0.000000E+0	0.000000E+0	0.000000E+0	0.000000E+0	0.000000E+0	0.000000E+0	0.000000E+0
25.0    	192     	8.776672E-2 	1.102834E-4	1.19E+0    	25.00     	2440.32	24.2 	35.6 	0.000000E+0	0.000000E+0	0.000000E+0	0.000000E+0	0.000000E+0	0.000000E+0	0.000000E+0	0.000000E+0
25.0    	193     	9.429867E-2 	1.146739E-4	1.33E+0    	25.00     	2442.22	24.2 	35.5 	0.000000E+0	0.000000E+0	0.000000E+0	0.000000E+0	0.000000E+0	0.000000E+0	0.000000E+0	0.000000E+0
25.0    	194     	5.944402E-2 	9.115150E-5	9.82E-1    	25.00     	2444.13	24.2 	35.5 	0.000000E+0	0.000000E+0	0.000000E+0	0.000000E+0	0.000000E+0	0.000000E+0	0.000000E+0	0.000000E+0
25.0    	195     	3.664244E-2 	1.638373E-4	1.20E+0    	25.00     	2446.05	24.2 	35.5 	0.000000E+0	0.000000E+0	0.000000E+0	0.000000E+0	0.000000E+0	0.000000E+0	0.000000E+0	0.000000E+0
25.0    	196     	3.543656E-2 	2.104353E-4	1.38E+0    	25.00     	2447.96	24.2 	35.6 	0.000000E+0	0.000000E+0	0.000000E+0	0.000000E+0	0.000000E+0	0.000000E+0	0.000000E+0	0.000000E+0
25.0    	197     	3.490725E-2 	2.924756E-4	1.28E+0    	25.00     	2449.86	24.2 	35.6 	0.000000E+0	0.000000E+0	0.000000E+0	0.000000E+0	0.000000E+0	0.000000E+0	0.000000E+0	0.000000E+0
25.0    	198     	4.321460E-2 	2.337656E-4	9.65E-1    	25.00     	2451.77	24.2 	35.5 	0.000000E+0	0.000000E+0	0.000000E+0	0.000000E+0	0.000000E+0	0.000000E+0	0.000000E+0	0.000000E+0
25.0    	199     	3.284127E-2 	1.097446E-4	1.40E+0    	25.00     	2453.68	24.2 	35.6 	0.000000E+0	0.000000E+0	0.000000E+0	0.000000E+0	0.000000E+0	0.000000E+0	0.000000E+0	0.000000E+0
25.0    	200     	3.079934E-2 	1.642051E-4	1.07E+0    	25.00     	2455.59	24.2 	35.5 	0.000000E+0	0.000000E+0	0.000000E+0	0.000000E+0	0.000000E+0	0.000000E+0	0.000000E+0	0.000000E+0
25.0    	201     	6.789697E-2 	6.849070E-5	1.42E+0    	25.00     	2457.50	24.2 	35.5 	0.000000E+0	0.000000E+0	0.000000E+0	0.000000E+0	0.000000E+0	0.000000E+0	0.000000E+0	0.000000E+0
25.0    	202     	4.422704E-2 	6.390558E-5	1.44E+0    	25.00     	2459.41	24.2 	35.5 	0.000000E+0	0.000000E+0	0.000000E+0	0.000000E+0	0.000000E+0	0.000000E+0	0.000000E+0	0.000000E+0
25.0    	203     	2.810808E-2 	7.474533E-5	1.15E+0    	25.00     	2461.31	24.2 	35.5 	0.000000E+0	0.000000E+0	0.000000E+0	0.000000E+0	0.000000E+0	0.000000E+0	0.000000E+0	0.000000E+0
25.0    	204     	2.767501E-2 	1.787148E-4	1.11E+0    	25.00     	2463.23	24.2 	35.5 	0.000000E+0	0.000000E+0	0.000000E+0	0.000000E+0	0.000000E+0	0.000000E+0	0.000000E+0	0.000000E+0
25.0    	205     	2.791529E-2 	3.780929E-4	1.05E+0    	25.00     	2465.14	24.2 	35.5 	0.000000E+0	0.000000E+0	0.000000E+0	0.000000E+0	0.000000E+0	0.000000E+0	0.000000E+0	0.000000E+0
25.0    	206     	2.778043E-2 	6.113570E-5	1.35E+0    	25.00     	2467.05	24.2 	35.5 	0.000000E+0	0.000000E+0	0.000000E+0	0.000000E+0	0.000000E+0	0.000000E+0	0.000000E+0	0.000000E+0
25.0    	207     	2.915502E-2 	8.693194E-5	1.39E+0    	25.00     	2468.97	24.2 	35.5 	0.000000E+0	0.000000E+0	0.000000E+0	0.000000E+0	0.000000E+0	0.000000E+0	0.000000E+0	0.000000E+0
25.0    	208     	9.289564E-2 	5.583596E-5	1.04E+0    	25.00     	2470.88	24.2 	35.5 	0.000000E+0	0.000000E+0	0.000000E+0	0.000000E+0	0.000000E+0	0.000000E+0	0.000000E+0	0.000000E+0
25.0    	209     	9.679301E-2 	2.183241E-5	1.31E+0    	25.00     	2472.78	24.2 	35.5 	0.000000E+0	0.000000E+0	0.000000E+0	0.000000E+0	0.000000E+0	0.000000E+0	0.000000E+0	0.000000E+0
25.0    	210     	3.830731E-2 	2.918670E-6	1.40E+0    	25.00     	2474.69	24.2 	35.5 	0.000000E+0	0.000000E+0	0.000000E+0	0.000000E+0	0.000000E+0	0.000000E+0	0.000000E+0	0.000000E+0
25.0    	211     	3.695742E-2 	2.206455E-4	1.12E+0    	25.00     	2476.60	24.2 	35.5 	0.000000E+0	0.000000E+0	0.000000E+0	0.000000E+0	0.000000E+0	0.000000E+0	0.000000E+0	0.000000E+0
25.0    	212     	7.207108E-2 	2.208395E-4	1.45E+0    	25.00     	2478.51	24.2 	35.5 	0.000000E+0	0.000000E+0	0.000000E+0	0.000000E+0	0.000000E+0	0.000000E+0	0.000000E+0	0.000000E+0
25.0    	213     	3.410315E-2 	4.653834E-5	1.03E+0    	25.00     	2480.42	24.2 	35.5 	0.000000E+0	0.000000E+0	0.000000E+0	0.000000E+0	0.000000E+0	0.000000E+0	0.000000E+0	0.000000E+0
25.0    	214     	3.320849E-2 	2.231739E-4	1.15E+0    	25.00     	2482.32	24.2 	35.5 	0.000000E+0	0.000000E+0	0.000000E+0	0.000000E+0	0.000000E+0	0.000000E+0	0.000000E+0	0.000000E+0
25.0    	215     	3.157116E-2 	1.701571E-4	1.22E+0    	25.00     	2484.23	24.2 	35.5 	0.000000E+0	0.000000E+0	0.000000E+0	0.000000E+0	0.000000E+0	0.000000E+0	0.000000E+0	0.000000E+0
25.0    	216     	3.020795E-2 	1.182877E-4	1.08E+0    	25.00     	2486.16	24.2 	35.5 	0.000000E+0	0.000000E+0	0.000000E+0	0.000000E+0	0.000000E+0	0.000000E+0	0.000000E+0	0.000000E+0
25.0    	217     	2.918794E-2 	6.497461E-5	1.38E+0    	25.00     	2488.07	24.2 	35.5 	0.000000E+0	0.000000E+0	0.000000E+0	0.000000E+0	0.000000E+0	0.000000E+0	0.000000E+0	0.000000E+0
25.0    	218     	2.830849E-2 	2.264181E-4	1.26E+0    	25.00     	2489.98	24.2 	35.5 	0.000000E+0	0.000000E+0	0.000000E+0	0.000000E+0	0.000000E+0	0.000000E+0	0.000000E+0	0.000000E+0
25.0    	219     	2.769877E-2 	2.740449E-4	1.53E+0    	25.00     	2491.88	24.2 	35.5 	0.000000E+0	0.000000E+0	0.000000E+0	0.000000E+0	0.000000E+0	0.000000E+0	0.000000E+0	0.000000E+0
25.0    	220     	2.743347E-2 	4.288801E-5	1.25E+0    	25.00     	2493.79	24.2 	35.5 	0.000000E+0	0.000000E+0	0.000000E+0	0.000000E+0	0.000000E+0	0.000000E+0	0.000000E+0	0.000000E+0
25.0    	221     	3.946218E-2 	4.154685E-5	1.13E+0    	25.00     	2495.70	24.2 	35.5 	0.000000E+0	0.000000E+0	0.000000E+0	0.000000E+0	0.000000E+0	0.000000E+0	0.000000E+0	0.000000E+0
25.0    	222     	2.809701E-2 	9.193196E-5	1.18E+0    	25.00     	2497.61	24.2 	35.5 	0.000000E+0	0.000000E+0	0.000000E+0	0.000000E+0	0.000000E+0	0.000000E+0	0.000000E+0	0.000000E+0
25.0    	223     	3.055873E-2 	1.757883E-4	1.41E+0    	25.00     	2499.52	24.2 	35.5 	0.000000E+0	0.000000E+0	0.000000E+0	0.000000E+0	0.000000E+0	0.000000E+0	0.000000E+0	0.000000E+0
25.0    	224     	9.614213E-2 	1.081105E-4	1.14E+0    	25.00     	2501.43	24.2 	35.5 	0.000000E+0	0.000000E+0	0.000000E+0	0.000000E+0	0.000000E+0	0.000000E+0	0.000000E+0	0.000000E+0
25.0    	225     	1.039309E-1 	1.032551E-4	1.16E+0    	25.00     	2503.34	24.2 	35.5 	0.000000E+0	0.000000E+0	0.000000E+0	0.000000E+0	0.000000E+0	0.000000E+0	0.000000E+0	0.000000E+0
25.0    	226     	3.899810E-2 	7.301091E-5	1.38E+0    	25.00     	2505.24	24.2 	35.5 	0.000000E+0	0.000000E+0	0.000000E+0	0.000000E+0	0.000000E+0	0.000000E+0	0.000000E+0	0.000000E+0
25.0    	227     	3.701504E-2 	1.235458E-4	1.04E+0    	25.00     	2507.15	24.2 	35.5 	0.000000E+0	0.000000E+0	0.000000E+0	0.000000E+0	0.000000E+0	0.000000E+0	0.000000E+0	0.000000E+0
25.0    	228     	3.482305E-2 	1.020129E-4	1.28E+0    	25.00     	2509.06	24.2 	35.5 	0.000000E+0	0.000000E+0	0.000000E+0	0.000000E+0	0.000000E+0	0.000000E+0	0.000000E+0	0.000000E+0
25.0    	229     	4.609642E-2 	1.571249E-4	1.02E+0    	25.00     	2510.97	24.2 	35.5 	0.000000E+0	0.000000E+0	0.000000E+0	0.000000E+0	0.000000E+0	0.000000E+0	0.000000E+0	0.000000E+0
25.0    	230     	4.117806E-2 	2.086287E-4	1.47E+0    	25.00     	2512.89	24.2 	35.5 	0.000000E+0	0.000000E+0	0.000000E+0	0.000000E+0	0.000000E+0	0.000000E+0	0.000000E+0	0.000000E+0
25.0    	231     	3.065592E-2 	4.328762E-5	1.15E+0    	25.00     	2514.80	24.2 	35.5 	0.000000E+0	0.000000E+0	0.000000E+0	0.000000E+0	0.000000E+0	0.000000E+0	0.000000E+0	0.000000E+0
25.0    	232     	3.022855E-2 	7.681272E-5	9.48E-1    	25.00     	2516.71	24.2 	35.5 	0.000000E+0	0.000000E+0	0.000000E+0	0.000000E+0	0.000000E+0	0.000000E+0	0.000000E+0	0.000000E+0
25.0    	233     	2.919427E-2 	1.475699E-4	1.28E+0    	25.00     	2518.61	24.2 	35.5 	0.000000E+0	0.000000E+0	0.000000E+0	0.000000E+0	0.000000E+0	0.000000E+0	0.000000E+0	0.000000E+0
25.0    	234     	3.616155E-2 	2.397928E-4	1.31E+0    	25.00     	2520.52	24.2 	35.5 	0.000000E+0	0.000000E+0	0.000000E+0	0.000000E+0	0.000000E+0	0.000000E+0	0.000000E+0	0.000000E+0
25.0    	235     	2.745342E-2 	8.884844E-5	1.21E+0    	25.00     	2522.43	24.2 	35.5 	0.000000E+0	0.000000E+0	0.000000E+0	0.000000E+0	0.000000E+0	0.000000E+0	0.000000E+0	0.000000E+0
25.0    	236     	2.729765E-2 	1.079080E-4	1.41E+0    	25.00     	2524.34	24.2 	35.5 	0.000000E+0	0.000000E+0	0.000000E+0	0.000000E+0	0.000000E+0	0.000000E+0	0.000000E+0	0.000000E+0
25.0    	237     	2.765889E-2 	1.146409E-4	1.29E+0    	25.00     	2526.25	24.2 	35.5 	0.000000E+0	0.000000E+0	0.000000E+0	0.000000E+0	0.000000E+0	0.000000E+0	0.000000E+0	0.000000E+0
25.0    	238     	6.929028E-2 	3.397510E-5	1.09E+0    	25.00     	2528.15	24.2 	35.5 	0.000000E+0	0.000000E+0	0.000000E+0	0.000000E+0	0.000000E+0	0.000000E+0	0.000000E+0	0.000000E+0
25.0    	239     	4.159212E-2 	1.434244E-4	9.36E-1    	25.00     	2530.07	24.2 	35.5 	0.000000E+0	0.000000E+0	0.000000E+0	0.000000E+0	0.000000E+0	0.000000E+0	0.000000E+0	0.000000E+0
25.0    	240     	1.112565E-1 	8.389948E-5	1.16E+0    	25.00     	2531.97	24.2 	35.5 	0.000000E+0	0.000000E+0	0.000000E+0	0.000000E+0	0.000000E+0	0.000000E+0	0.000000E+0	0.000000E+0
25.0    	241     	1.806212E-1 	1.924713E-4	1.00E+0    	25.00     	2533.88	24.2 	35.5 	0.000000E+0	0.000000E+0	0.000000E+0	0.000000E+0	0.000000E+0	0.000000E+0	0.000000E+0	0.000000E+0
25.0    	242     	1.004685E-1 	2.323594E-4	1.46E+0    	25.00     	2535.79	24.2 	35.5 	0.000000E+0	0.000000E+0	0.000000E+0	0.000000E+0	0.000000E+0	0.000000E+0	0.000000E+0	0.000000E+0
25.0    	243     	9.371211E-2 	1.629907E-4	1.18E+0    	25.00     	2537.70	24.2 	35.5 	0.000000E+0	0.000000E+0	0.000000E+0	0.000000E+0	0.000000E+0	0.000000E+0	0.000000E+0	0.000000E+0
25.0    	244     	9.067419E-2 	4.435180E-5	1.22E+0    	25.00     	2539.61	24.2 	35.5 	0.000000E+0	0.000000E+0	0.000000E+0	0.000000E+0	0.000000E+0	0.000000E+0	0.000000E+0	0.000000E+0
25.0    	245     	8.805196E-2 	3.015265E-4	1.32E+0    	25.00     	2541.53	24.2 	35.5 	0.000000E+0	0.000000E+0	0.000000E+0	0.000000E+0	0.000000E+0	0.000000E+0	0.000000E+0	0.000000E+0
25.0    	246     	8.667643E-2 	1.961967E-4	1.29E+0    	25.00     	2543.43	24.2 	35.5 	0.000000E+0	0.000000E+0	0.000000E+0	0.000000E+0	0.000000E+0	0.000000E+0	0.000000E+0	0.000000E+0
25.0    	247     	8.590144E-2 	1.610113E-4	1.08E+0    	25.00     	2545.34	24.2 	35.5 	0.000000E+0	0.000000E+0	0.000000E+0	0.000000E+0	0.000000E+0	0.000000E+0	0.000000E+0	0.000000E+0
25.0    	248     	1.038499E-1 	1.040858E-4	1.30E+0    	25.00     	2547.25	24.2 	35.5 	0.000000E+0	0.000000E+0	0.000000E+0	0.000000E+0	0.000000E+0	0.000000E+0	0.000000E+0	0.000000E+0
25.0    	249     	1.091263E-1 	2.129435E-4	1.01E+0    	25.00     	2549.16	24.2 	35.5 	0.000000E+0	0.000000E+0	0.000000E+0	0.000000E+0	0.000000E+0	0.000000E+0	0.000000E+0	0.000000E+0
25.0    	250     	8.345366E-2 	6.838633E-5	1.25E+0    	25.00     	2551.06	24.2 	35.5 	0.000000E+0	0.000000E+0	0.000000E+0	0.000000E+0	0.000000E+0	0.000000E+0	0.000000E+0	0.000000E+0
25.0    	251     	8.300820E-2 	1.753530E-4	1.51E+0    	25.00     	2552.98	24.2 	35.5 	0.000000E+0	0.000000E+0	0.000000E+0	0.000000E+0	0.000000E+0	0.000000E+0	0.000000E+0	0.000000E+0
25.0    	252     	9.210830E-2 	9.543055E-5	1.34E+0    	25.00     	2554.89	24.2 	35.5 	0.000000E+0	0.000000E+0	0.000000E+0	0.000000E+0	0.000000E+0	0.000000E+0	0.000000E+0	0.000000E+0
25.0    	253     	9.898126E-2 	5.486828E-5	1.07E+0    	25.00     	2556.80	24.2 	35.5 	0.000000E+0	0.000000E+0	0.000000E+0	0.000000E+0	0.000000E+0	0.000000E+0	0.000000E+0	0.000000E+0
25.0    	254     	2.016413E-1 	6.112040E-5	1.46E+0    	25.00     	2558.71	24.2 	35.5 	0.000000E+0	0.000000E+0	0.000000E+0	0.000000E+0	0.000000E+0	0.000000E+0	0.000000E+0	0.000000E+0
25.0    	255     	1.046638E-1 	9.429809E-5	1.13E+0    	25.00     	2560.61	24.2 	35.5 	0.000000E+0	0.000000E+0	0.000000E+0	0.000000E+0	0.000000E+0	0.000000E+0	0.000000E+0	0.000000E+0
25.0    	256     	2.142191E-1 	1.464402E-4	1.19E+0    	25.00     	2562.52	24.2 	35.5 	0.000000E+0	0.000000E+0	0.000000E+0	0.000000E+0	0.000000E+0	0.000000E+0	0.000000E+0	0.000000E+0
25.0    	257     	1.584182E-3 	6.705079E-5	1.18E+0    	25.00     	2564.42	24.2 	35.5 	0.000000E+0	0.000000E+0	0.000000E+0	0.000000E+0	0.000000E+0	0.000000E+0	0.000000E+0	0.000000E+0
25.0    	258     	1.593363E-3 	1.535880E-4	8.25E-1    	25.00     	2566.33	24.2 	35.5 	0.000000E+0	0.000000E+0	0.000000E+0	0.000000E+0	0.000000E+0	0.000000E+0	0.000000E+0	0.000000E+0
25.0    	259     	1.477812E-3 	3.533659E-5	1.24E+0    	25.00     	2568.24	24.2 	35.5 	0.000000E+0	0.000000E+0	0.000000E+0	0.000000E+0	0.000000E+0	0.000000E+0	0.000000E+0	0.000000E+0
25.0    	260     	1.755134E-3 	9.643124E-5	1.37E+0    	25.00     	2570.14	24.2 	35.5 	0.000000E+0	0.000000E+0	0.000000E+0	0.000000E+0	0.000000E+0	0.000000E+0	0.000000E+0	0.000000E+0
25.0    	261     	1.514852E-3 	1.163053E-4	1.31E+0    	25.00     	2572.05	24.2 	35.5 	0.000000E+0	0.000000E+0	0.000000E+0	0.000000E+0	0.000000E+0	0.000000E+0	0.000000E+0	0.000000E+0
25.0    	262     	1.333451E-3 	1.526989E-4	1.29E+0    	25.00     	2573.96	24.2 	35.5 	0.000000E+0	0.000000E+0	0.000000E+0	0.000000E+0	0.000000E+0	0.000000E+0	0.000000E+0	0.000000E+0
25.0    	263     	1.184343E-3 	6.865904E-5	1.06E+0    	25.00     	2575.87	24.2 	35.5 	0.000000E+0	0.000000E+0	0.000000E+0	0.000000E+0	0.000000E+0	0.000000E+0	0.000000E+0	0.000000E+0
25.0    	264     	-1.693125E-3	2.349401E-4	1.25E+0    	25.00     	2577.78	24.2 	35.5 	0.000000E+0	0.000000E+0	0.000000E+0	0.000000E+0	0.000000E+0	0.000000E+0	0.000000E+0	0.000000E+0
30.0    	1       	1.957235E-1 	1.678249E-4	2.76E+1    	30.00     	2594.55	24.2 	35.5 	0.000000E+0	0.000000E+0	0.000000E+0	0.000000E+0	0.000000E+0	0.000000E+0	0.000000E+0	0.000000E+0
30.0    	2       	1.656536E-1 	1.614084E-4	1.10E+1    	30.00     	2596.32	24.2 	35.5 	0.000000E+0	0.000000E+0	0.000000E+0	0.000000E+0	0.000000E+0	0.000000E+0	0.000000E+0	0.000000E+0
30.0    	3       	1.939383E-3 	2.421258E-4	1.00E+1    	30.00     	2598.23	24.2 	35.5 	0.000000E+0	0.000000E+0	0.000000E+0	0.000000E+0	0.000000E+0	0.000000E+0	0.000000E+0	0.000000E+0
30.0    	4       	1.225356E-1 	1.156364E-4	1.06E+1    	30.00     	2600.14	24.2 	35.5 	0.000000E+0	0.000000E+0	0.000000E+0	0.000000E+0	0.000000E+0	0.000000E+0	0.000000E+0	0.000000E+0
30.0    	5       	1.074158E-1 	2.100612E-4	2.57E+0    	30.00     	2602.05	24.2 	35.5 	0.000000E+0	0.000000E+0	0.000000E+0	0.000000E+0	0.000000E+0	0.000000E+0	0.000000E+0	0.000000E+0
30.0    	6       	1.060991E-1 	2.652018E-4	1.14E+0    	30.00     	2604.10	24.2 	35.5 	0.000000E+0	0.000000E+0	0.000000E+0	0.000000E+0	0.000000E+0	0.000000E+0	0.000000E+0	0.000000E+0
30.0    	7       	1.043139E-1 	1.047550E-4	1.61E+0    	30.01     	2606.02	24.2 	35.5 	0.000000E+0	0.000000E+0	0.000000E+0	0.000000E+0	0.000000E+0	0.000000E+0	0.000000E+0	0.000000E+0
30.0    	8       	1.024421E-1 	1.675347E-4	1.70E+0    	30.00     	2607.93	24.2 	35.5 	0.000000E+0	0.000000E+0	0.000000E+0	0.000000E+0	0.000000E+0	0.000000E+0	0.000000E+0	0.000000E+0
30.0    	9       	1.096331E-1 	1.070966E-4	1.21E+0    	30.00     	2609.83	24.2 	35.5 	0.000000E+0	0.000000E+0	0.000000E+0	0.000000E+0	0.000000E+0	0.000000E+0	0.000000E+0	0.000000E+0
30.0    	10      	1.002738E-1 	1.722236E-4	1.31E+0    	30.00     	2611.74	24.2 	35.5 	0.000000E+0	0.000000E+0	0.000000E+0	0.000000E+0	0.000000E+0	0.000000E+0	0.000000E+0	0.000000E+0
30.0    	11      	1.005138E-1 	5.022911E-5	1.68E+0    	30.00     	2613.64	24.2 	35.5 	0.000000E+0	0.000000E+0	0.000000E+0	0.000000E+0	0.000000E+0	0.000000E+0	0.000000E+0	0.000000E+0
30.0    	12      	1.008550E-1 	1.071145E-3	1.41E+0    	30.00     	2615.55	24.2 	35.5 	0.000000E+0	0.000000E+0	0.000000E+0	0.000000E+0	0.000000E+0	0.000000E+0	0.000000E+0	0.000000E+0
30.0    	13      	1.071167E-1 	5.638440E-3	1.50E+0    	30.00     	2617.46	24.2 	35.5 	0.000000E+0	0.000000E+0	0.000000E+0	0.000000E+0	0.000000E+0	0.000000E+0	0.000000E+0	0.000000E+0
30.0    	14      	1.066940E-1 	6.569574E-5	1.50E+0    	30.00     	2619.36	24.2 	35.5 	0.000000E+0	0.000000E+0	0.000000E+0	0.000000E+0	0.000000E+0	0.000000E+0	0.000000E+0	0.000000E+0
30.0    	15      	1.136407E-1 	5.190645E-5	1.21E+0    	30.00     	2621.27	24.2 	35.5 	0.000000E+0	0.000000E+0	0.000000E+0	0.000000E+0	0.000000E+0	0.000000E+0	0.000000E+0	0.000000E+0
30.0    	16      	1.897977E-1 	9.070261E-5	1.12E+0    	30.00     	2623.18	24.2 	35.5 	0.000000E+0	0.000000E+0	0.000000E+0	0.000000E+0	0.000000E+0	0.000000E+0	0.000000E+0	0.000000E+0
30.0    	17      	1.067706E-1 	7.604218E-5	1.47E+0    	30.00     	2625.09	24.2 	35.5 	0.000000E+0	0.000000E+0	0.000000E+0	0.000000E+0	0.000000E+0	0.000000E+0	0.000000E+0	0.000000E+0
30.0    	18      	4.179156E-2 	1.831140E-4	1.29E+0    	30.00     	2627.00	24.2 	35.5 	0.000000E+0	0.000000E+0	0.000000E+0	0.000000E+0	0.000000E+0	0.000000E+0	0.000000E+0	0.000000E+0
30.0    	19      	7.138722E-2 	1.308133E-4	1.35E+0    	30.00     	2628.91	24.2 	35.5 	0.000000E+0	0.000000E+0	0.000000E+0	0.000000E+0	0.000000E+0	0.000000E+0	0.000000E+0	0.000000E+0
30.0    	20      	4.058570E-2 	2.891182E-4	1.28E+0    	30.00     	2630.82	24.2 	35.5 	0.000000E+0	0.000000E+0	0.000000E+0	0.000000E+0	0.000000E+0	0.000000E+0	0.000000E+0	0.000000E+0
30.0    	21      	4.022862E-2 	1.759651E-4	1.34E+0    	30.00     	2632.73	24.2 	35.5 	0.000000E+0	0.000000E+0	0.000000E+0	0.000000E+0	0.000000E+0	0.000000E+0	0.000000E+0	0.000000E+0
30.0    	22      	3.930642E-2 	1.114611E-4	1.56E+0    	30.00     	2634.64	24.2 	35.5 	0.000000E+0	0.000000E+0	0.000000E+0	0.000000E+0	0.000000E+0	0.000000E+0	0.000000E+0	0.000000E+0
30.0    	23      	3.933747E-2 	6.374113E-5	1.36E+0    	30.00     	2636.55	24.2 	35.5 	0.000000E+0	0.000000E+0	0.000000E+0	0.000000E+0	0.000000E+0	0.000000E+0	0.000000E+0	0.000000E+0
30.0    	24      	4.975288E-2 	1.054880E-4	1.62E+0    	30.00     	2638.46	24.2 	35.5 	0.000000E+0	0.000000E+0	0.000000E+0	0.000000E+0	0.000000E+0	0.000000E+0	0.000000E+0	0.000000E+0
30.0    	25      	5.077098E-2 	1.915458E-4	1.13E+0    	30.00     	2640.37	24.2 	35.5 	0.000000E+0	0.000000E+0	0.000000E+0	0.000000E+0	0.000000E+0	0.000000E+0	0.000000E+0	0.000000E+0
30.0    	26      	3.822276E-2 	2.945149E-4	1.25E+0    	30.00     	2642.28	24.2 	35.5 	0.000000E+0	0.000000E+0	0.000000E+0	0.000000E+0	0.000000E+0	0.000000E+0	0.000000E+0	0.000000E+0
30.0    	27      	5.364998E-2 	6.348808E-5	1.33E+0    	30.00     	2644.19	24.2 	35.5 	0.000000E+0	0.000000E+0	0.000000E+0	0.000000E+0	0.000000E+0	0.000000E+0	0.000000E+0	0.000000E+0
30.0    	28      	3.925514E-2 	1.648707E-4	1.46E+0    	30.00     	2646.10	24.2 	35.5 	0.000000E+0	0.000000E+0	0.000000E+0	0.000000E+0	0.000000E+0	0.000000E+0	0.000000E+0	0.000000E+0
30.0    	29      	4.090324E-2 	2.540638E-5	1.34E+0    	30.00     	2648.01	24.2 	35.5 	0.000000E+0	0.000000E+0	0.000000E+0	0.000000E+0	0.000000E+0	0.000000E+0	0.000000E+0	0.000000E+0
30.0    	30      	8.515428E-2 	2.171043E-4	1.42E+0    	30.00     	2649.91	24.2 	35.5 	0.000000E+0	0.000000E+0	0.000000E+0	0.000000E+0	0.000000E+0	0.000000E+0	0.000000E+0	0.000000E+0
30.0    	31      	6.501356E-2 	1.931642E-4	1.38E+0    	30.00     	2651.82	24.2 	35.5 	0.000000E+0	0.000000E+0	0.000000E+0	0.000000E+0	0.000000E+0	0.000000E+0	0.000000E+0	0.000000E+0
30.0    	32      	1.118969E-1 	1.319401E-3	1.62E+0    	30.00     	2653.73	24.2 	35.5 	0.000000E+0	0.000000E+0	0.000000E+0	0.000000E+0	0.000000E+0	0.000000E+0	0.000000E+0	0.000000E+0
30.0    	33      	1.009443E-1 	1.871799E-4	1.32E+0    	30.00     	2655.64	24.2 	35.5 	0.000000E+0	0.000000E+0	0.000000E+0	0.000000E+0	0.000000E+0	0.000000E+0	0.000000E+0	0.000000E+0
30.0    	34      	5.368385E-2 	1.976460E-4	1.71E+0    	30.00     	2657.53	24.2 	35.5 	0.000000E+0	0.000000E+0	0.000000E+0	0.000000E+0	0.000000E+0	0.000000E+0	0.000000E+0	0.000000E+0
30.0    	35      	3.708911E-2 	1.779630E-4	1.43E+0    	30.00     	2659.44	24.2 	35.5 	0.000000E+0	0.000000E+0	0.000000E+0	0.000000E+0	0.000000E+0	0.000000E+0	0.000000E+0	0.000000E+0
30.0    	36      	6.165684E-2 	1.897030E-4	1.28E+0    	30.00     	2661.35	24.2 	35.5 	0.000000E+0	0.000000E+0	0.000000E+0	0.000000E+0	0.000000E+0	0.000000E+0	0.000000E+0	0.000000E+0
30.0    	37      	3.640118E-2 	8.769743E-5	1.20E+0    	30.00     	2663.26	24.2 	35.5 	0.000000E+0	0.000000E+0	0.000000E+0	0.000000E+0	0.000000E+0	0.000000E+0	0.000000E+0	0.000000E+0
30.0    	38      	3.614539E-2 	1.170471E-4	1.30E+0    	30.00     	2665.17	24.2 	35.5 	0.000000E+0	0.000000E+0	0.000000E+0	0.000000E+0	0.000000E+0	0.000000E+0	0.000000E+0	0.000000E+0
30.0    	39      	3.597980E-2 	2.094495E-4	1.25E+0    	30.00     	2667.08	24.2 	35.5 	0.000000E+0	0.000000E+0	0.000000E+0	0.000000E+0	0.000000E+0	0.000000E+0	0.000000E+0	0.000000E+0
30.0    	40      	3.462231E-2 	6.445613E-5	1.40E+0    	30.00     	2668.99	24.2 	35.5 	0.000000E+0	0.000000E+0	0.000000E+0	0.000000E+0	0.000000E+0	0.000000E+0	0.000000E+0	0.000000E+0
30.0    	41      	3.522888E-2 	1.577924E-4	1.59E+0    	30.00     	2670.90	24.2 	35.5 	0.000000E+0	0.000000E+0	0.000000E+0	0.000000E+0	0.000000E+0	0.000000E+0	0.000000E+0	0.000000E+0
30.0    	42      	3.823006E-2 	3.539284E-3	1.49E+0    	30.00     	2672.81	24.2 	35.5 	0.000000E+0	0.000000E+0	0.000000E+0	0.000000E+0	0.000000E+0	0.000000E+0	0.000000E+0	0.000000E+0
30.0    	43      	3.678740E-2 	8.920782E-4	1.56E+0    	30.00     	2674.72	24.2 	35.5 	0.000000E+0	0.000000E+0	0.000000E+0	0.000000E+0	0.000000E+0	0.000000E+0	0.000000E+0	0.000000E+0
30.0    	44      	4.908583E-2 	2.065944E-4	1.59E+0    	30.00     	2676.63	24.2 	35.5 	0.000000E+0	0.000000E+0	0.000000E+0	0.000000E+0	0.000000E+0	0.000000E+0	0.000000E+0	0.000000E+0
30.0    	45      	3.859032E-2 	5.590533E-5	1.53E+0    	30.00     	2678.54	24.2 	35.5 	0.000000E+0	0.000000E+0	0.000000E+0	0.000000E+0	0.000000E+0	0.000000E+0	0.000000E+0	0.000000E+0
30.0    	46      	3.953594E-2 	4.523784E-5	1.61E+0    	30.00     	2680.45	24.2 	35.5 	0.000000E+0	0.000000E+0	0.000000E+0	0.000000E+0	0.000000E+0	0.000000E+0	0.000000E+0	0.000000E+0
30.0    	47      	4.154842E-2 	2.011149E-5	1.75E+0    	30.00     	2682.36	24.2 	35.5 	0.000000E+0	0.000000E+0	0.000000E+0	0.000000E+0	0.000000E+0	0.000000E+0	0.000000E+0	0.000000E+0
30.0    	48      	1.365533E-1 	1.586856E-4	1.55E+0    	30.00     	2684.27	24.2 	35.5 	0.000000E+0	0.000000E+0	0.000000E+0	0.000000E+0	0.000000E+0	0.000000E+0	0.000000E+0	0.000000E+0
30.0    	49      	1.220427E-1 	2.225002E-5	1.38E+0    	30.00     	2686.18	24.2 	35.5 	0.000000E+0	0.000000E+0	0.000000E+0	0.000000E+0	0.000000E+0	0.000000E+0	0.000000E+0	0.000000E+0
30.0    	50      	3.625050E-2 	3.505017E-5	1.33E+0    	30.00     	2688.08	24.2 	35.5 	0.000000E+0	0.000000E+0	0.000000E+0	0.000000E+0	0.000000E+0	0.000000E+0	0.000000E+0	0.000000E+0
30.0    	51      	1.323546E-1 	7.410643E-5	1.44E+0    	30.00     	2689.99	24.2 	35.5 	0.000000E+0	0.000000E+0	0.000000E+0	0.000000E+0	0.000000E+0	0.000000E+0	0.000000E+0	0.000000E+0
30.0    	52      	3.483760E-2 	1.492451E-4	1.68E+0    	30.00     	2691.90	24.2 	35.5 	0.000000E+0	0.000000E+0	0.000000E+0	0.000000E+0	0.000000E+0	0.000000E+0	0.000000E+0	0.000000E+0
30.0    	53      	3.650754E-2 	1.519341E-4	1.39E+0    	30.00     	2693.80	24.2 	35.5 	0.000000E+0	0.000000E+0	0.000000E+0	0.000000E+0	0.000000E+0	0.000000E+0	0.000000E+0	0.000000E+0
30.0    	54      	3.367829E-2 	4.373550E-5	1.42E+0    	30.01     	2695.73	24.2 	35.5 	0.000000E+0	0.000000E+0	0.000000E+0	0.000000E+0	0.000000E+0	0.000000E+0	0.000000E+0	0.000000E+0
30.0    	55      	3.362384E-2 	1.396715E-4	1.33E+0    	30.00     	2697.64	24.2 	35.5 	0.000000E+0	0.000000E+0	0.000000E+0	0.000000E+0	0.000000E+0	0.000000E+0	0.000000E+0	0.000000E+0
30.0    	56      	3.308724E-2 	1.799614E-4	1.29E+0    	30.00     	2699.54	24.2 	35.5 	0.000000E+0	0.000000E+0	0.000000E+0	0.000000E+0	0.000000E+0	0.000000E+0	0.000000E+0	0.000000E+0
30.0    	57      	3.632488E-2 	1.811172E-4	1.28E+0    	30.00     	2701.45	24.2 	35.5 	0.000000E+0	0.000000E+0	0.000000E+0	0.000000E+0	0.000000E+0	0.000000E+0	0.000000E+0	0.000000E+0
30.0    	58      	3.451817E-2 	1.571121E-4	1.15E+0    	30.00     	2703.36	24.2 	35.5 	0.000000E+0	0.000000E+0	0.000000E+0	0.000000E+0	0.000000E+0	0.000000E+0	0.000000E+0	0.000000E+0
30.0    	59      	3.465303E-2 	1.444588E-4	1.80E+0    	30.00     	2705.27	24.2 	35.5 	0.000000E+0	0.000000E+0	0.000000E+0	0.000000E+0	0.000000E+0	0.000000E+0	0.000000E+0	0.000000E+0
30.0    	60      	4.365052E-2 	2.191909E-4	1.29E+0    	30.00     	2707.19	24.2 	35.5 	0.000000E+0	0.000000E+0	0.000000E+0	0.000000E+0	0.000000E+0	0.000000E+0	0.000000E+0	0.000000E+0
30.0    	61      	4.819088E-2 	1.799099E-4	1.22E+0    	30.00     	2709.10	24.2 	35.5 	0.000000E+0	0.000000E+0	0.000000E+0	0.000000E+0	0.000000E+0	0.000000E+0	0.000000E+0	0.000000E+0
30.0    	62      	6.418286E-2 	3.278110E-3	1.23E+0    	30.00     	2711.02	24.2 	35.5 	0.000000E+0	0.000000E+0	0.000000E+0	0.000000E+0	0.000000E+0	0.000000E+0	0.000000E+0	0.000000E+0
30.0    	63      	4.385724E-2 	3.537716E-3	1.52E+0    	30.00     	2712.93	24.2 	35.5 	0.000000E+0	0.000000E+0	0.000000E+0	0.000000E+0	0.000000E+0	0.000000E+0	0.000000E+0	0.000000E+0
30.0    	64      	1.905313E-1 	9.375080E-5	1.32E+0    	30.00     	2714.84	24.2 	35.5 	0.000000E+0	0.000000E+0	0.000000E+0	0.000000E+0	0.000000E+0	0.000000E+0	0.000000E+0	0.000000E+0
30.0    	65      	9.597430E-2 	7.846334E-5	1.37E+0    	30.00     	2716.75	24.2 	35.5 	0.000000E+0	0.000000E+0	0.000000E+0	0.000000E+0	0.000000E+0	0.000000E+0	0.000000E+0	0.000000E+0
30.0    	66      	3.456312E-2 	8.175649E-5	1.35E+0    	30.00     	2718.66	24.2 	35.5 	0.000000E+0	0.000000E+0	0.000000E+0	0.000000E+0	0.000000E+0	0.000000E+0	0.000000E+0	0.000000E+0
30.0    	67      	6.023037E-2 	7.678759E-6	1.38E+0    	30.00     	2720.57	24.2 	35.5 	0.000000E+0	0.000000E+0	0.000000E+0	0.000000E+0	0.000000E+0	0.000000E+0	0.000000E+0	0.000000E+0
30.0    	68      	3.490789E-2 	1.534450E-4	1.57E+0    	30.00     	2722.48	24.2 	35.5 	0.000000E+0	0.000000E+0	0.000000E+0	0.000000E+0	0.000000E+0	0.000000E+0	0.000000E+0	0.000000E+0
30.0    	69      	1.321323E+1 	3.590562E-3	1.32E+0    	30.00     	2724.39	24.2 	35.5 	0.000000E+0	0.000000E+0	0.000000E+0	0.000000E+0	0.000000E+0	0.000000E+0	0.000000E+0	0.000000E+0
30.0    	70      	3.521496E-2 	1.117214E-4	1.14E+0    	30.00     	2726.48	24.2 	35.5 	0.000000E+0	0.000000E+0	0.000000E+0	0.000000E+0	0.000000E+0	0.000000E+0	0.000000E+0	0.000000E+0
30.0    	71      	1.215729E-1 	1.108840E-4	1.36E+0    	30.00     	2728.49	24.2 	35.5 	0.000000E+0	0.000000E+0	0.000000E+0	0.000000E+0	0.000000E+0	0.000000E+0	0.000000E+0	0.000000E+0
30.0    	72      	3.285802E-2 	1.000939E-4	1.65E+0    	30.00     	2730.40	24.2 	35.5 	0.000000E+0	0.000000E+0	0.000000E+0	0.000000E+0	0.000000E+0	0.000000E+0	0.000000E+0	0.000000E+0
30.0    	73      	3.300113E-2 	5.439710E-5	1.46E+0    	30.00     	2732.31	24.2 	35.5 	0.000000E+0	0.000000E+0	0.000000E+0	0.000000E+0	0.000000E+0	0.000000E+0	0.000000E+0	0.000000E+0
30.0    	74      	3.715717E-2 	6.316824E-3	9.25E-1    	30.00     	2734.23	24.2 	35.5 	0.000000E+0	0.000000E+0	0.000000E+0	0.000000E+0	0.000000E+0	0.000000E+0	0.000000E+0	0.000000E+0
30.0    	75      	6.344300E-2 	5.249484E-2	1.57E+0    	30.00     	2736.14	24.2 	35.5 	0.000000E+0	0.000000E+0	0.000000E+0	0.000000E+0	0.000000E+0	0.000000E+0	0.000000E+0	0.000000E+0
30.0    	76      	5.052280E-2 	1.197979E-4	1.52E+0    	30.00     	2738.06	24.2 	35.5 	0.000000E+0	0.000000E+0	0.000000E+0	0.000000E+0	0.000000E+0	0.000000E+0	0.000000E+0	0.000000E+0
30.0    	77      	1.065626E-3 	4.069846E-5	1.26E+0    	30.00     	2739.97	24.2 	35.5 	0.000000E+0	0.000000E+0	0.000000E+0	0.000000E+0	0.000000E+0	0.000000E+0	0.000000E+0	0.000000E+0
30.0    	78      	1.314773E-3 	8.170543E-5	1.25E+0    	30.00     	2741.88	24.2 	35.5 	0.000000E+0	0.000000E+0	0.000000E+0	0.000000E+0	0.000000E+0	0.000000E+0	0.000000E+0	0.000000E+0
30.0    	79      	4.621132E-2 	3.739421E-4	1.26E+0    	30.00     	2743.78	24.2 	35.5 	0.000000E+0	0.000000E+0	0.000000E+0	0.000000E+0	0.000000E+0	0.000000E+0	0.000000E+0	0.000000E+0
30.0    	80      	1.632156E-1 	8.312184E-5	1.40E+0    	30.00     	2745.69	24.2 	35.5 	0.000000E+0	0.000000E+0	0.000000E+0	0.000000E+0	0.000000E+0	0.000000E+0	0.000000E+0	0.000000E+0
30.0    	81      	9.501412E-2 	9.277707E-5	1.41E+0    	30.00     	2747.60	24.2 	35.5 	0.000000E+0	0.000000E+0	0.000000E+0	0.000000E+0	0.000000E+0	0.000000E+0	0.000000E+0	0.000000E+0
30.0    	82      	3.644614E-2 	1.886313E-4	1.27E+0    	30.00     	2749.51	24.2 	35.5 	0.000000E+0	0.000000E+0	0.000000E+0	0.000000E+0	0.000000E+0	0.000000E+0	0.000000E+0	0.000000E+0
30.0    	83      	4.080859E-2 	4.451522E-5	1.53E+0    	30.00     	2751.42	24.2 	35.5 	0.000000E+0	0.000000E+0	0.000000E+0	0.000000E+0	0.000000E+0	0.000000E+0	0.000000E+0	0.000000E+0
30.0    	84      	3.412245E-2 	2.714845E-5	1.43E+0    	30.01     	2753.33	24.2 	35.5 	0.000000E+0	0.000000E+0	0.000000E+0	0.000000E+0	0.000000E+0	0.000000E+0	0.000000E+0	0.000000E+0
30.0    	85      	3.385747E-2 	9.467254E-5	1.42E+0    	30.00     	2755.24	24.2 	35.5 	0.000000E+0	0.000000E+0	0.000000E+0	0.000000E+0	0.000000E+0	0.000000E+0	0.000000E+0	0.000000E+0
30.0    	86      	3.294541E-2 	1.212843E-4	1.29E+0    	30.00     	2757.14	24.2 	35.5 	0.000000E+0	0.000000E+0	0.000000E+0	0.000000E+0	0.000000E+0	0.000000E+0	0.000000E+0	0.000000E+0
30.0    	87      	3.251265E-2 	7.458540E-5	1.42E+0    	30.00     	2759.05	24.2 	35.5 	0.000000E+0	0.000000E+0	0.000000E+0	0.000000E+0	0.000000E+0	0.000000E+0	0.000000E+0	0.000000E+0
30.0    	88      	3.210299E-2 	6.872538E-5	1.67E+0    	30.00     	2760.97	24.2 	35.5 	0.000000E+0	0.000000E+0	0.000000E+0	0.000000E+0	0.000000E+0	0.000000E+0	0.000000E+0	0.000000E+0
30.0    	89      	3.335189E-2 	2.084904E-4	1.53E+0    	30.00     	2762.88	24.2 	35.5 	0.000000E+0	0.000000E+0	0.000000E+0	0.000000E+0	0.000000E+0	0.000000E+0	0.000000E+0	0.000000E+0
30.0    	90      	1.973735E-1 	1.425025E-4	1.68E+0    	30.00     	2764.79	24.2 	35.5 	0.000000E+0	0.000000E+0	0.000000E+0	0.000000E+0	0.000000E+0	0.000000E+0	0.000000E+0	0.000000E+0
30.0    	91      	3.303944E-2 	1.593975E-4	1.19E+0    	30.00     	2766.70	24.2 	35.5 	0.000000E+0	0.000000E+0	0.000000E+0	0.000000E+0	0.000000E+0	0.000000E+0	0.000000E+0	0.000000E+0
30.0    	92      	6.568723E-2 	6.429626E-5	1.68E+0    	30.00     	2768.61	24.2 	35.5 	0.000000E+0	0.000000E+0	0.000000E+0	0.000000E+0	0.000000E+0	0.000000E+0	0.000000E+0	0.000000E+0
30.0    	93      	3.508262E-2 	1.266145E-4	1.32E+0    	30.00     	2770.52	24.2 	35.5 	0.000000E+0	0.000000E+0	0.000000E+0	0.000000E+0	0.000000E+0	0.000000E+0	0.000000E+0	0.000000E+0
30.0    	94      	3.596144E-2 	2.086133E-5	1.30E+0    	30.00     	2772.42	24.2 	35.5 	0.000000E+0	0.000000E+0	0.000000E+0	0.000000E+0	0.000000E+0	0.000000E+0	0.000000E+0	0.000000E+0
30.0    	95      	4.077536E-2 	1.146919E-4	1.33E+0    	30.00     	2774.33	24.2 	35.5 	0.000000E+0	0.000000E+0	0.000000E+0	0.000000E+0	0.000000E+0	0.000000E+0	0.000000E+0	0.000000E+0
30.0    	96      	1.035481E-1 	7.915725E-5	1.20E+0    	30.00     	2776.24	24.2 	35.5 	0.000000E+0	0.000000E+0	0.000000E+0	0.000000E+0	0.000000E+0	0.000000E+0	0.000000E+0	0.000000E+0
30.0    	97      	1.091272E-1 	4.803356E-5	1.38E+0    	30.00     	2778.16	24.2 	35.5 	0.000000E+0	0.000000E+0	0.000000E+0	0.000000E+0	0.000000E+0	0.000000E+0	0.000000E+0	0.000000E+0
30.0    	98      	3.378119E-2 	1.793668E-4	1.25E+0    	30.00     	2780.07	24.2 	35.5 	0.000000E+0	0.000000E+0	0.000000E+0	0.000000E+0	0.000000E+0	0.000000E+0	0.000000E+0	0.000000E+0
30.0    	99      	3.278300E-2 	6.069877E-5	1.50E+0    	30.00     	2781.98	24.2 	35.5 	0.000000E+0	0.000000E+0	0.000000E+0	0.000000E+0	0.000000E+0	0.000000E+0	0.000000E+0	0.000000E+0
30.0    	100     	3.247465E-2 	2.611741E-5	1.47E+0    	30.00     	2783.89	24.2 	35.5 	0.000000E+0	0.000000E+0	0.000000E+0	0.000000E+0	0.000000E+0	0.000000E+0	0.000000E+0	0.000000E+0
30.0    	101     	3.290584E-2 	3.414065E-4	1.22E+0    	30.00     	2785.80	24.2 	35.5 	0.000000E+0	0.000000E+0	0.000000E+0	0.000000E+0	0.000000E+0	0.000000E+0	0.000000E+0	0.000000E+0
30.0    	102     	4.480127E-2 	2.124805E-4	1.24E+0    	30.00     	2787.71	24.2 	35.5 	0.000000E+0	0.000000E+0	0.000000E+0	0.000000E+0	0.000000E+0	0.000000E+0	0.000000E+0	0.000000E+0
30.0    	103     	3.272633E-2 	5.442038E-5	1.30E+0    	30.00     	2789.62	24.2 	35.5 	0.000000E+0	0.000000E+0	0.000000E+0	0.000000E+0	0.000000E+0	0.000000E+0	0.000000E+0	0.000000E+0
30.0    	104     	2.358811E-1 	1.198263E-4	1.47E+0    	30.00     	2791.53	24.2 	35.5 	0.000000E+0	0.000000E+0	0.000000E+0	0.000000E+0	0.000000E+0	0.000000E+0	0.000000E+0	0.000000E+0
30.0    	105     	3.261680E-2 	1.387731E-4	1.38E+0    	30.00     	2793.45	24.2 	35.5 	0.000000E+0	0.000000E+0	0.000000E+0	0.000000E+0	0.000000E+0	0.000000E+0	0.000000E+0	0.000000E+0
30.0    	106     	3.310750E-2 	4.274959E-5	1.31E+0    	30.00     	2795.36	24.2 	35.5 	0.000000E+0	0.000000E+0	0.000000E+0	0.000000E+0	0.000000E+0	0.000000E+0	0.000000E+0	0.000000E+0
30.0    	107     	3.276433E-2 	3.704500E-5	1.62E+0    	30.00     	2797.28	24.2 	35.5 	0.000000E+0	0.000000E+0	0.000000E+0	0.000000E+0	0.000000E+0	0.000000E+0	0.000000E+0	0.000000E+0
30.0    	108     	3.212895E-2 	7.115600E-5	1.54E+0    	30.00     	2799.19	24.2 	35.5 	0.000000E+0	0.000000E+0	0.000000E+0	0.000000E+0	0.000000E+0	0.000000E+0	0.000000E+0	0.000000E+0
30.0    	109     	3.238759E-2 	1.543210E-4	1.70E+0    	30.00     	2801.10	24.2 	35.5 	0.000000E+0	0.000000E+0	0.000000E+0	0.000000E+0	0.000000E+0	0.000000E+0	0.000000E+0	0.000000E+0
30.0    	110     	3.267568E-2 	5.449908E-5	1.53E+0    	30.00     	2803.01	24.2 	35.5 	0.000000E+0	0.000000E+0	0.000000E+0	0.000000E+0	0.000000E+0	0.000000E+0	0.000000E+0	0.000000E+0
30.0    	111     	3.497279E-2 	1.193710E-4	1.29E+0    	30.00     	2804.92	24.2 	35.5 	0.000000E+0	0.000000E+0	0.000000E+0	0.000000E+0	0.000000E+0	0.000000E+0	0.000000E+0	0.000000E+0
30.0    	112     	2.182310E-1 	2.213694E-4	1.44E+0    	30.00     	2806.83	24.2 	35.5 	0.000000E+0	0.000000E+0	0.000000E+0	0.000000E+0	0.000000E+0	0.000000E+0	0.000000E+0	0.000000E+0
30.0    	113     	9.738057E-2 	1.536325E-4	1.54E+0    	30.00     	2808.74	24.2 	35.5 	0.000000E+0	0.000000E+0	0.000000E+0	0.000000E+0	0.000000E+0	0.000000E+0	0.000000E+0	0.000000E+0
30.0    	114     	4.324087E-2 	1.362605E-4	1.54E+0    	30.00     	2810.65	24.2 	35.5 	0.000000E+0	0.000000E+0	0.000000E+0	0.000000E+0	0.000000E+0	0.000000E+0	0.000000E+0	0.000000E+0
30.0    	115     	3.238507E-2 	1.518041E-4	1.52E+0    	30.00     	2812.56	24.2 	35.5 	0.000000E+0	0.000000E+0	0.000000E+0	0.000000E+0	0.000000E+0	0.000000E+0	0.000000E+0	0.000000E+0
30.0    	116     	3.238759E-2 	4.324728E-4	1.63E+0    	30.00     	2814.47	24.2 	35.5 	0.000000E+0	0.000000E+0	0.000000E+0	0.000000E+0	0.000000E+0	0.000000E+0	0.000000E+0	0.000000E+0
30.0    	117     	3.513234E-2 	6.620174E-5	1.52E+0    	30.00     	2816.37	24.2 	35.5 	0.000000E+0	0.000000E+0	0.000000E+0	0.000000E+0	0.000000E+0	0.000000E+0	0.000000E+0	0.000000E+0
30.0    	118     	3.238601E-2 	9.224248E-5	1.23E+0    	30.00     	2818.28	24.2 	35.5 	0.000000E+0	0.000000E+0	0.000000E+0	0.000000E+0	0.000000E+0	0.000000E+0	0.000000E+0	0.000000E+0
30.0    	119     	4.250829E-2 	9.975227E-5	1.52E+0    	30.00     	2820.19	24.2 	35.5 	0.000000E+0	0.000000E+0	0.000000E+0	0.000000E+0	0.000000E+0	0.000000E+0	0.000000E+0	0.000000E+0
30.0    	120     	3.326672E-2 	7.668900E-5	1.24E+0    	30.00     	2822.10	24.2 	35.5 	0.000000E+0	0.000000E+0	0.000000E+0	0.000000E+0	0.000000E+0	0.000000E+0	0.000000E+0	0.000000E+0
30.0    	121     	3.274755E-2 	1.874394E-5	1.70E+0    	30.00     	2824.01	24.2 	35.5 	0.000000E+0	0.000000E+0	0.000000E+0	0.000000E+0	0.000000E+0	0.000000E+0	0.000000E+0	0.000000E+0
30.0    	122     	3.656517E-2 	1.854397E-4	1.27E+0    	30.00     	2825.92	24.2 	35.5 	0.000000E+0	0.000000E+0	0.000000E+0	0.000000E+0	0.000000E+0	0.000000E+0	0.000000E+0	0.000000E+0
30.0    	123     	3.229958E-2 	4.238657E-5	1.30E+0    	30.00     	2827.83	24.2 	35.5 	0.000000E+0	0.000000E+0	0.000000E+0	0.000000E+0	0.000000E+0	0.000000E+0	0.000000E+0	0.000000E+0
30.0    	124     	3.248573E-2 	1.001248E-4	1.58E+0    	30.00     	2829.74	24.2 	35.5 	0.000000E+0	0.000000E+0	0.000000E+0	0.000000E+0	0.000000E+0	0.000000E+0	0.000000E+0	0.000000E+0
30.0    	125     	3.202130E-2 	8.671205E-4	1.59E+0    	30.00     	2831.67	24.2 	35.5 	0.000000E+0	0.000000E+0	0.000000E+0	0.000000E+0	0.000000E+0	0.000000E+0	0.000000E+0	0.000000E+0
30.0    	126     	3.185638E-2 	6.627147E-5	1.24E+0    	30.00     	2833.58	24.2 	35.5 	0.000000E+0	0.000000E+0	0.000000E+0	0.000000E+0	0.000000E+0	0.000000E+0	0.000000E+0	0.000000E+0
30.0    	127     	3.342692E-2 	4.691494E-5	1.45E+0    	30.00     	2835.50	24.2 	35.5 	0.000000E+0	0.000000E+0	0.000000E+0	0.000000E+0	0.000000E+0	0.000000E+0	0.000000E+0	0.000000E+0
30.0    	128     	9.516799E-2 	7.539089E-5	1.05E+0    	30.00     	2837.41	24.2 	35.5 	0.000000E+0	0.000000E+0	0.000000E+0	0.000000E+0	0.000000E+0	0.000000E+0	0.000000E+0	0.000000E+0
30.0    	129     	9.788678E-2 	1.266909E-4	1.69E+0    	30.00     	2839.32	24.2 	35.5 	0.000000E+0	0.000000E+0	0.000000E+0	0.000000E+0	0.000000E+0	0.000000E+0	0.000000E+0	0.000000E+0
30.0    	130     	3.465716E-2 	1.067614E-4	1.30E+0    	30.00     	2841.23	24.2 	35.5 	0.000000E+0	0.000000E+0	0.000000E+0	0.000000E+0	0.000000E+0	0.000000E+0	0.000000E+0	0.000000E+0
30.0    	131     	3.297770E-2 	1.287703E-4	1.33E+0    	30.00     	2843.14	24.2 	35.5 	0.000000E+0	0.000000E+0	0.000000E+0	0.000000E+0	0.000000E+0	0.000000E+0	0.000000E+0	0.000000E+0
30.0    	132     	3.261426E-2 	2.692277E-4	1.22E+0    	30.01     	2845.05	24.2 	35.5 	0.000000E+0	0.000000E+0	0.000000E+0	0.000000E+0	0.000000E+0	0.000000E+0	0.000000E+0	0.000000E+0
30.0    	133     	3.256297E-2 	7.490467E-5	1.56E+0    	30.00     	2846.96	24.2 	35.5 	0.000000E+0	0.000000E+0	0.000000E+0	0.000000E+0	0.000000E+0	0.000000E+0	0.000000E+0	0.000000E+0
30.0    	134     	3.239170E-2 	1.223494E-4	1.30E+0    	30.00     	2848.87	24.2 	35.5 	0.000000E+0	0.000000E+0	0.000000E+0	0.000000E+0	0.000000E+0	0.000000E+0	0.000000E+0	0.000000E+0
30.0    	135     	3.257723E-2 	9.457676E-5	1.41E+0    	30.00     	2850.79	24.2 	35.5 	0.000000E+0	0.000000E+0	0.000000E+0	0.000000E+0	0.000000E+0	0.000000E+0	0.000000E+0	0.000000E+0
30.0    	136     	3.331896E-2 	1.403465E-4	1.56E+0    	30.00     	2852.70	24.2 	35.5 	0.000000E+0	0.000000E+0	0.000000E+0	0.000000E+0	0.000000E+0	0.000000E+0	0.000000E+0	0.000000E+0
30.0    	137     	3.321228E-2 	1.712186E-4	1.39E+0    	30.00     	2854.61	24.2 	35.5 	0.000000E+0	0.000000E+0	0.000000E+0	0.000000E+0	0.000000E+0	0.000000E+0	0.000000E+0	0.000000E+0
30.0    	138     	3.325755E-2 	1.564096E-4	1.73E+0    	30.00     	2856.52	24.2 	35.5 	0.000000E+0	0.000000E+0	0.000000E+0	0.000000E+0	0.000000E+0	0.000000E+0	0.000000E+0	0.000000E+0
30.0    	139     	3.162054E-2 	1.089971E-4	1.35E+0    	30.00     	2858.43	24.2 	35.5 	0.000000E+0	0.000000E+0	0.000000E+0	0.000000E+0	0.000000E+0	0.000000E+0	0.000000E+0	0.000000E+0
30.0    	140     	3.138688E-2 	7.027451E-5	1.34E+0    	30.00     	2860.34	24.2 	35.5 	0.000000E+0	0.000000E+0	0.000000E+0	0.000000E+0	0.000000E+0	0.000000E+0	0.000000E+0	0.000000E+0
30.0    	141     	3.087244E-2 	4.129836E-5	1.14E+0    	30.00     	2862.25	24.2 	35.5 	0.000000E+0	0.000000E+0	0.000000E+0	0.000000E+0	0.000000E+0	0.000000E+0	0.000000E+0	0.000000E+0
30.0    	142     	3.068725E-2 	9.985029E-5	1.26E+0    	30.00     	2864.16	24.2 	35.5 	0.000000E+0	0.000000E+0	0.000000E+0	0.000000E+0	0.000000E+0	0.000000E+0	0.000000E+0	0.000000E+0
30.0    	143     	3.216125E-2 	1.822775E-4	1.40E+0    	30.00     	2866.07	24.2 	35.5 	0.000000E+0	0.000000E+0	0.000000E+0	0.000000E+0	0.000000E+0	0.000000E+0	0.000000E+0	0.000000E+0
30.0    	144     	9.250044E-2 	7.664878E-5	1.12E+0    	30.00     	2867.98	24.2 	35.5 	0.000000E+0	0.000000E+0	0.000000E+0	0.000000E+0	0.000000E+0	0.000000E+0	0.000000E+0	0.000000E+0
30.0    	145     	9.704468E-2 	9.098586E-5	1.43E+0    	30.00     	2869.89	24.2 	35.5 	0.000000E+0	0.000000E+0	0.000000E+0	0.000000E+0	0.000000E+0	0.000000E+0	0.000000E+0	0.000000E+0
30.0    	146     	3.490282E-2 	7.755797E-5	1.46E+0    	30.00     	2871.80	24.2 	35.5 	0.000000E+0	0.000000E+0	0.000000E+0	0.000000E+0	0.000000E+0	0.000000E+0	0.000000E+0	0.000000E+0
30.0    	147     	3.399741E-2 	9.416313E-5	1.33E+0    	30.00     	2873.71	24.2 	35.5 	0.000000E+0	0.000000E+0	0.000000E+0	0.000000E+0	0.000000E+0	0.000000E+0	0.000000E+0	0.000000E+0
30.0    	148     	3.514595E-2 	1.059046E-4	1.52E+0    	30.00     	2875.62	24.2 	35.5 	0.000000E+0	0.000000E+0	0.000000E+0	0.000000E+0	0.000000E+0	0.000000E+0	0.000000E+0	0.000000E+0
30.0    	149     	3.356211E-2 	8.553894E-5	1.72E+0    	30.00     	2877.53	24.2 	35.5 	0.000000E+0	0.000000E+0	0.000000E+0	0.000000E+0	0.000000E+0	0.000000E+0	0.000000E+0	0.000000E+0
30.0    	150     	1.017503E-1 	1.342801E-4	1.17E+0    	30.00     	2879.44	24.2 	35.5 	0.000000E+0	0.000000E+0	0.000000E+0	0.000000E+0	0.000000E+0	0.000000E+0	0.000000E+0	0.000000E+0
30.0    	151     	3.256615E-2 	4.704336E-5	1.67E+0    	30.00     	2881.34	24.2 	35.5 	0.000000E+0	0.000000E+0	0.000000E+0	0.000000E+0	0.000000E+0	0.000000E+0	0.000000E+0	0.000000E+0
30.0    	152     	3.259493E-2 	2.339024E-4	1.34E+0    	30.00     	2883.26	24.2 	35.5 	0.000000E+0	0.000000E+0	0.000000E+0	0.000000E+0	0.000000E+0	0.000000E+0	0.000000E+0	0.000000E+0
30.0    	153     	3.246325E-2 	1.094263E-4	1.65E+0    	30.00     	2885.17	24.2 	35.5 	0.000000E+0	0.000000E+0	0.000000E+0	0.000000E+0	0.000000E+0	0.000000E+0	0.000000E+0	0.000000E+0
30.0    	154     	3.257121E-2 	1.425512E-4	1.31E+0    	30.00     	2887.08	24.2 	35.5 	0.000000E+0	0.000000E+0	0.000000E+0	0.000000E+0	0.000000E+0	0.000000E+0	0.000000E+0	0.000000E+0
30.0    	155     	8.330449E-2 	1.929526E-5	1.32E+0    	30.00     	2888.99	24.2 	35.5 	0.000000E+0	0.000000E+0	0.000000E+0	0.000000E+0	0.000000E+0	0.000000E+0	0.000000E+0	0.000000E+0
30.0    	156     	3.039157E-2 	1.258862E-4	1.48E+0    	30.00     	2890.90	24.2 	35.5 	0.000000E+0	0.000000E+0	0.000000E+0	0.000000E+0	0.000000E+0	0.000000E+0	0.000000E+0	0.000000E+0
30.0    	157     	2.938294E-2 	8.291544E-4	1.52E+0    	30.01     	2892.81	24.2 	35.5 	0.000000E+0	0.000000E+0	0.000000E+0	0.000000E+0	0.000000E+0	0.000000E+0	0.000000E+0	0.000000E+0
30.0    	158     	3.002750E-2 	1.199710E-4	1.46E+0    	30.00     	2894.72	24.2 	35.5 	0.000000E+0	0.000000E+0	0.000000E+0	0.000000E+0	0.000000E+0	0.000000E+0	0.000000E+0	0.000000E+0
30.0    	159     	4.244341E-2 	3.756067E-5	1.74E+0    	30.00     	2896.63	24.2 	35.5 	0.000000E+0	0.000000E+0	0.000000E+0	0.000000E+0	0.000000E+0	0.000000E+0	0.000000E+0	0.000000E+0
30.0    	160     	9.317164E-2 	1.525508E-4	1.30E+0    	30.00     	2898.55	24.2 	35.5 	0.000000E+0	0.000000E+0	0.000000E+0	0.000000E+0	0.000000E+0	0.000000E+0	0.000000E+0	0.000000E+0
30.0    	161     	9.781679E-2 	2.185001E-4	1.48E+0    	30.00     	2900.46	24.2 	35.5 	0.000000E+0	0.000000E+0	0.000000E+0	0.000000E+0	0.000000E+0	0.000000E+0	0.000000E+0	0.000000E+0
30.0    	162     	3.661107E-2 	3.661294E-5	1.73E+0    	30.00     	2902.37	24.2 	35.5 	0.000000E+0	0.000000E+0	0.000000E+0	0.000000E+0	0.000000E+0	0.000000E+0	0.000000E+0	0.000000E+0
30.0    	163     	4.490986E-2 	5.534075E-5	1.57E+0    	30.00     	2904.29	24.2 	35.5 	0.000000E+0	0.000000E+0	0.000000E+0	0.000000E+0	0.000000E+0	0.000000E+0	0.000000E+0	0.000000E+0
30.0    	164     	1.416395E-3 	1.284457E-4	1.18E+0    	30.00     	2906.20	24.2 	35.5 	0.000000E+0	0.000000E+0	0.000000E+0	0.000000E+0	0.000000E+0	0.000000E+0	0.000000E+0	0.000000E+0
30.0    	165     	3.624255E-2 	1.221147E-4	1.61E+0    	30.00     	2908.11	24.2 	35.5 	0.000000E+0	0.000000E+0	0.000000E+0	0.000000E+0	0.000000E+0	0.000000E+0	0.000000E+0	0.000000E+0
30.0    	166     	3.466982E-2 	1.169185E-4	1.54E+0    	30.00     	2910.02	24.2 	35.5 	0.000000E+0	0.000000E+0	0.000000E+0	0.000000E+0	0.000000E+0	0.000000E+0	0.000000E+0	0.000000E+0
30.0    	167     	3.376124E-2 	1.215948E-4	1.35E+0    	30.00     	2911.93	24.2 	35.5 	0.000000E+0	0.000000E+0	0.000000E+0	0.000000E+0	0.000000E+0	0.000000E+0	0.000000E+0	0.000000E+0
30.0    	168     	4.679287E-2 	9.837539E-5	1.59E+0    	30.00     	2913.84	24.2 	35.5 	0.000000E+0	0.000000E+0	0.000000E+0	0.000000E+0	0.000000E+0	0.000000E+0	0.000000E+0	0.000000E+0
30.0    	169     	3.122670E-2 	5.106595E-5	1.46E+0    	30.00     	2915.75	24.2 	35.5 	0.000000E+0	0.000000E+0	0.000000E+0	0.000000E+0	0.000000E+0	0.000000E+0	0.000000E+0	0.000000E+0
30.0    	170     	3.117446E-2 	1.321064E-4	1.22E+0    	30.01     	2917.66	24.2 	35.5 	0.000000E+0	0.000000E+0	0.000000E+0	0.000000E+0	0.000000E+0	0.000000E+0	0.000000E+0	0.000000E+0
30.0    	171     	6.354082E-2 	1.106383E-4	1.48E+0    	30.00     	2919.57	24.2 	35.5 	0.000000E+0	0.000000E+0	0.000000E+0	0.000000E+0	0.000000E+0	0.000000E+0	0.000000E+0	0.000000E+0
30.0    	172     	2.924555E-2 	2.312572E-4	1.40E+0    	30.00     	2921.48	24.2 	35.5 	0.000000E+0	0.000000E+0	0.000000E+0	0.000000E+0	0.000000E+0	0.000000E+0	0.000000E+0	0.000000E+0
30.0    	173     	2.945829E-2 	1.301512E-4	1.17E+0    	30.00     	2923.39	24.2 	35.5 	0.000000E+0	0.000000E+0	0.000000E+0	0.000000E+0	0.000000E+0	0.000000E+0	0.000000E+0	0.000000E+0
30.0    	174     	2.941968E-2 	1.416838E-4	1.53E+0    	30.00     	2925.30	24.2 	35.5 	0.000000E+0	0.000000E+0	0.000000E+0	0.000000E+0	0.000000E+0	0.000000E+0	0.000000E+0	0.000000E+0
30.0    	175     	5.259447E-2 	1.067826E-4	1.17E+0    	30.00     	2927.21	24.2 	35.5 	0.000000E+0	0.000000E+0	0.000000E+0	0.000000E+0	0.000000E+0	0.000000E+0	0.000000E+0	0.000000E+0
30.0    	176     	9.403055E-2 	1.649702E-4	1.40E+0    	30.00     	2929.12	24.2 	35.5 	0.000000E+0	0.000000E+0	0.000000E+0	0.000000E+0	0.000000E+0	0.000000E+0	0.000000E+0	0.000000E+0
30.0    	177     	1.227363E-1 	7.822301E-5	1.31E+0    	30.00     	2931.04	24.2 	35.5 	0.000000E+0	0.000000E+0	0.000000E+0	0.000000E+0	0.000000E+0	0.000000E+0	0.000000E+0	0.000000E+0
30.0    	178     	3.813729E-2 	8.026058E-5	1.60E+0    	30.00     	2932.95	24.2 	35.5 	0.000000E+0	0.000000E+0	0.000000E+0	0.000000E+0	0.000000E+0	0.000000E+0	0.000000E+0	0.000000E+0
30.0    	179     	3.814363E-2 	1.265867E-4	1.24E+0    	30.00     	2934.86	24.2 	35.5 	0.000000E+0	0.000000E+0	0.000000E+0	0.000000E+0	0.000000E+0	0.000000E+0	0.000000E+0	0.000000E+0
30.0    	180     	4.572629E-2 	1.079171E-4	1.13E+0    	30.00     	2936.77	24.2 	35.5 	0.000000E+0	0.000000E+0	0.000000E+0	0.000000E+0	0.000000E+0	0.000000E+0	0.000000E+0	0.000000E+0
30.0    	181     	3.601843E-2 	1.468487E-4	1.49E+0    	30.00     	2938.68	24.2 	35.5 	0.000000E+0	0.000000E+0	0.000000E+0	0.000000E+0	0.000000E+0	0.000000E+0	0.000000E+0	0.000000E+0
30.0    	182     	3.553217E-2 	7.351763E-5	1.30E+0    	30.00     	2940.59	24.2 	35.5 	0.000000E+0	0.000000E+0	0.000000E+0	0.000000E+0	0.000000E+0	0.000000E+0	0.000000E+0	0.000000E+0
30.0    	183     	3.466157E-2 	1.531797E-4	1.33E+0    	30.00     	2942.51	24.2 	35.5 	0.000000E+0	0.000000E+0	0.000000E+0	0.000000E+0	0.000000E+0	0.000000E+0	0.000000E+0	0.000000E+0
30.0    	184     	3.255887E-2 	1.438311E-4	1.50E+0    	30.00     	2944.42	24.2 	35.5 	0.000000E+0	0.000000E+0	0.000000E+0	0.000000E+0	0.000000E+0	0.000000E+0	0.000000E+0	0.000000E+0
30.0    	185     	7.317114E-2 	1.189143E-4	1.15E+0    	30.00     	2946.33	24.2 	35.5 	0.000000E+0	0.000000E+0	0.000000E+0	0.000000E+0	0.000000E+0	0.000000E+0	0.000000E+0	0.000000E+0
30.0    	186     	2.962418E-2 	1.450597E-4	1.50E+0    	30.00     	2948.24	24.2 	35.5 	0.000000E+0	0.000000E+0	0.000000E+0	0.000000E+0	0.000000E+0	0.000000E+0	0.000000E+0	0.000000E+0
30.0    	187     	4.026092E-2 	1.684371E-4	1.16E+0    	30.00     	2950.15	24.2 	35.5 	0.000000E+0	0.000000E+0	0.000000E+0	0.000000E+0	0.000000E+0	0.000000E+0	0.000000E+0	0.000000E+0
30.0    	188     	2.934907E-2 	2.743861E-4	1.55E+0    	30.00     	2952.06	24.2 	35.5 	0.000000E+0	0.000000E+0	0.000000E+0	0.000000E+0	0.000000E+0	0.000000E+0	0.000000E+0	0.000000E+0
30.0    	189     	2.889952E-2 	2.555164E-4	1.20E+0    	30.00     	2953.96	24.2 	35.5 	0.000000E+0	0.000000E+0	0.000000E+0	0.000000E+0	0.000000E+0	0.000000E+0	0.000000E+0	0.000000E+0
30.0    	190     	2.855035E-2 	5.458431E-5	1.54E+0    	30.00     	2955.87	24.2 	35.5 	0.000000E+0	0.000000E+0	0.000000E+0	0.000000E+0	0.000000E+0	0.000000E+0	0.000000E+0	0.000000E+0
30.0    	191     	3.467235E-2 	1.828088E-4	1.55E+0    	30.00     	2957.78	24.2 	35.5 	0.000000E+0	0.000000E+0	0.000000E+0	0.000000E+0	0.000000E+0	0.000000E+0	0.000000E+0	0.000000E+0
30.0    	192     	9.176005E-2 	9.661284E-5	1.48E+0    	30.00     	2959.69	24.2 	35.5 	0.000000E+0	0.000000E+0	0.000000E+0	0.000000E+0	0.000000E+0	0.000000E+0	0.000000E+0	0.000000E+0
30.0    	193     	9.863195E-2 	2.401068E-4	1.29E+0    	30.00     	2961.60	24.2 	35.5 	0.000000E+0	0.000000E+0	0.000000E+0	0.000000E+0	0.000000E+0	0.000000E+0	0.000000E+0	0.000000E+0
30.0    	194     	6.301151E-2 	1.648709E-4	1.44E+0    	30.00     	2963.51	24.2 	35.5 	0.000000E+0	0.000000E+0	0.000000E+0	0.000000E+0	0.000000E+0	0.000000E+0	0.000000E+0	0.000000E+0
30.0    	195     	3.762001E-2 	1.971658E-4	1.52E+0    	30.00     	2965.42	24.2 	35.5 	0.000000E+0	0.000000E+0	0.000000E+0	0.000000E+0	0.000000E+0	0.000000E+0	0.000000E+0	0.000000E+0
30.0    	196     	3.663450E-2 	1.268390E-4	1.50E+0    	30.00     	2967.34	24.2 	35.5 	0.000000E+0	0.000000E+0	0.000000E+0	0.000000E+0	0.000000E+0	0.000000E+0	0.000000E+0	0.000000E+0
30.0    	197     	3.622676E-2 	1.081342E-4	1.47E+0    	30.00     	2969.26	24.2 	35.5 	0.000000E+0	0.000000E+0	0.000000E+0	0.000000E+0	0.000000E+0	0.000000E+0	0.000000E+0	0.000000E+0
30.0    	198     	4.509189E-2 	1.248072E-4	1.37E+0    	30.00     	2971.16	24.2 	35.5 	0.000000E+0	0.000000E+0	0.000000E+0	0.000000E+0	0.000000E+0	0.000000E+0	0.000000E+0	0.000000E+0
30.0    	199     	3.392299E-2 	4.478045E-5	1.32E+0    	30.00     	2973.08	24.2 	35.5 	0.000000E+0	0.000000E+0	0.000000E+0	0.000000E+0	0.000000E+0	0.000000E+0	0.000000E+0	0.000000E+0
30.0    	200     	3.194439E-2 	1.985860E-4	1.65E+0    	30.00     	2974.99	24.2 	35.5 	0.000000E+0	0.000000E+0	0.000000E+0	0.000000E+0	0.000000E+0	0.000000E+0	0.000000E+0	0.000000E+0
30.0    	201     	7.399235E-2 	8.056864E-5	1.26E+0    	30.00     	2976.90	24.2 	35.5 	0.000000E+0	0.000000E+0	0.000000E+0	0.000000E+0	0.000000E+0	0.000000E+0	0.000000E+0	0.000000E+0
30.0    	202     	4.650130E-2 	2.343852E-4	1.51E+0    	30.00     	2978.81	24.2 	35.5 	0.000000E+0	0.000000E+0	0.000000E+0	0.000000E+0	0.000000E+0	0.000000E+0	0.000000E+0	0.000000E+0
30.0    	203     	2.959568E-2 	1.135099E-4	9.87E-1    	30.00     	2980.72	24.2 	35.5 	0.000000E+0	0.000000E+0	0.000000E+0	0.000000E+0	0.000000E+0	0.000000E+0	0.000000E+0	0.000000E+0
30.0    	204     	2.826574E-2 	2.875168E-4	1.33E+0    	30.00     	2982.64	24.2 	35.5 	0.000000E+0	0.000000E+0	0.000000E+0	0.000000E+0	0.000000E+0	0.000000E+0	0.000000E+0	0.000000E+0
30.0    	205     	2.843607E-2 	2.744936E-4	1.04E+0    	30.00     	2984.55	24.2 	35.5 	0.000000E+0	0.000000E+0	0.000000E+0	0.000000E+0	0.000000E+0	0.000000E+0	0.000000E+0	0.000000E+0
30.0    	206     	2.877670E-2 	9.137921E-5	1.19E+0    	30.00     	2986.46	24.2 	35.5 	0.000000E+0	0.000000E+0	0.000000E+0	0.000000E+0	0.000000E+0	0.000000E+0	0.000000E+0	0.000000E+0
30.0    	207     	3.001040E-2 	2.805853E-5	1.44E+0    	30.00     	2988.37	24.2 	35.5 	0.000000E+0	0.000000E+0	0.000000E+0	0.000000E+0	0.000000E+0	0.000000E+0	0.000000E+0	0.000000E+0
30.0    	208     	9.698326E-2 	1.370000E-4	1.54E+0    	30.00     	2990.28	24.2 	35.5 	0.000000E+0	0.000000E+0	0.000000E+0	0.000000E+0	0.000000E+0	0.000000E+0	0.000000E+0	0.000000E+0
30.0    	209     	1.011713E-1 	7.675391E-5	1.72E+0    	30.00     	2992.19	24.2 	35.5 	0.000000E+0	0.000000E+0	0.000000E+0	0.000000E+0	0.000000E+0	0.000000E+0	0.000000E+0	0.000000E+0
30.0    	210     	3.982276E-2 	3.606102E-4	1.57E+0    	30.00     	2994.10	24.2 	35.5 	0.000000E+0	0.000000E+0	0.000000E+0	0.000000E+0	0.000000E+0	0.000000E+0	0.000000E+0	0.000000E+0
30.0    	211     	3.829367E-2 	8.737114E-5	1.07E+0    	30.00     	2996.00	24.2 	35.5 	0.000000E+0	0.000000E+0	0.000000E+0	0.000000E+0	0.000000E+0	0.000000E+0	0.000000E+0	0.000000E+0
30.0    	212     	7.850360E-2 	8.568901E-5	1.64E+0    	30.00     	2997.91	24.2 	35.5 	0.000000E+0	0.000000E+0	0.000000E+0	0.000000E+0	0.000000E+0	0.000000E+0	0.000000E+0	0.000000E+0
30.0    	213     	3.524281E-2 	3.114653E-4	1.23E+0    	30.00     	2999.82	24.2 	35.5 	0.000000E+0	0.000000E+0	0.000000E+0	0.000000E+0	0.000000E+0	0.000000E+0	0.000000E+0	0.000000E+0
30.0    	214     	3.414270E-2 	2.331207E-4	1.48E+0    	30.00     	3001.73	24.2 	35.5 	0.000000E+0	0.000000E+0	0.000000E+0	0.000000E+0	0.000000E+0	0.000000E+0	0.000000E+0	0.000000E+0
30.0    	215     	3.285327E-2 	6.471356E-5	1.22E+0    	30.00     	3003.64	24.2 	35.5 	0.000000E+0	0.000000E+0	0.000000E+0	0.000000E+0	0.000000E+0	0.000000E+0	0.000000E+0	0.000000E+0
30.0    	216     	3.147617E-2 	1.476814E-4	1.18E+0    	30.00     	3005.55	24.2 	35.5 	0.000000E+0	0.000000E+0	0.000000E+0	0.000000E+0	0.000000E+0	0.000000E+0	0.000000E+0	0.000000E+0
30.0    	217     	3.006550E-2 	1.081924E-4	1.20E+0    	30.00     	3007.46	24.2 	35.5 	0.000000E+0	0.000000E+0	0.000000E+0	0.000000E+0	0.000000E+0	0.000000E+0	0.000000E+0	0.000000E+0
30.0    	218     	2.886121E-2 	1.424058E-4	1.26E+0    	30.00     	3009.37	24.2 	35.5 	0.000000E+0	0.000000E+0	0.000000E+0	0.000000E+0	0.000000E+0	0.000000E+0	0.000000E+0	0.000000E+0
30.0    	219     	2.834330E-2 	5.548640E-5	1.46E+0    	30.00     	3011.29	24.2 	35.5 	0.000000E+0	0.000000E+0	0.000000E+0	0.000000E+0	0.000000E+0	0.000000E+0	0.000000E+0	0.000000E+0
30.0    	220     	2.824579E-2 	1.904250E-4	1.22E+0    	30.00     	3013.20	24.2 	35.5 	0.000000E+0	0.000000E+0	0.000000E+0	0.000000E+0	0.000000E+0	0.000000E+0	0.000000E+0	0.000000E+0
30.0    	221     	4.196758E-2 	1.742331E-4	1.57E+0    	30.00     	3015.12	24.2 	35.5 	0.000000E+0	0.000000E+0	0.000000E+0	0.000000E+0	0.000000E+0	0.000000E+0	0.000000E+0	0.000000E+0
30.0    	222     	2.869881E-2 	2.159974E-4	1.65E+0    	30.00     	3017.03	24.2 	35.5 	0.000000E+0	0.000000E+0	0.000000E+0	0.000000E+0	0.000000E+0	0.000000E+0	0.000000E+0	0.000000E+0
30.0    	223     	3.125234E-2 	6.418085E-5	1.21E+0    	30.00     	3018.94	24.2 	35.5 	0.000000E+0	0.000000E+0	0.000000E+0	0.000000E+0	0.000000E+0	0.000000E+0	0.000000E+0	0.000000E+0
30.0    	224     	1.005391E-1 	8.110051E-5	1.36E+0    	30.00     	3020.86	24.2 	35.5 	0.000000E+0	0.000000E+0	0.000000E+0	0.000000E+0	0.000000E+0	0.000000E+0	0.000000E+0	0.000000E+0
30.0    	225     	1.091817E-1 	1.119226E-4	1.37E+0    	30.00     	3022.77	24.2 	35.5 	0.000000E+0	0.000000E+0	0.000000E+0	0.000000E+0	0.000000E+0	0.000000E+0	0.000000E+0	0.000000E+0
30.0    	226     	4.039924E-2 	1.213818E-4	1.26E+0    	30.00     	3024.69	24.2 	35.5 	0.000000E+0	0.000000E+0	0.000000E+0	0.000000E+0	0.000000E+0	0.000000E+0	0.000000E+0	0.000000E+0
30.0    	227     	3.832596E-2 	2.798958E-4	1.33E+0    	30.00     	3026.61	24.2 	35.5 	0.000000E+0	0.000000E+0	0.000000E+0	0.000000E+0	0.000000E+0	0.000000E+0	0.000000E+0	0.000000E+0
30.0    	228     	3.621883E-2 	1.683442E-4	1.51E+0    	30.00     	3028.53	24.2 	35.5 	0.000000E+0	0.000000E+0	0.000000E+0	0.000000E+0	0.000000E+0	0.000000E+0	0.000000E+0	0.000000E+0
30.0    	229     	4.838115E-2 	7.368362E-5	1.31E+0    	30.00     	3030.44	24.2 	35.5 	0.000000E+0	0.000000E+0	0.000000E+0	0.000000E+0	0.000000E+0	0.000000E+0	0.000000E+0	0.000000E+0
30.0    	230     	4.282646E-2 	8.328384E-5	1.59E+0    	30.00     	3032.35	24.2 	35.5 	0.000000E+0	0.000000E+0	0.000000E+0	0.000000E+0	0.000000E+0	0.000000E+0	0.000000E+0	0.000000E+0
30.0    	231     	3.172848E-2 	1.597055E-4	1.49E+0    	30.00     	3034.26	24.2 	35.5 	0.000000E+0	0.000000E+0	0.000000E+0	0.000000E+0	0.000000E+0	0.000000E+0	0.000000E+0	0.000000E+0
30.0    	232     	3.134003E-2 	9.650338E-5	1.48E+0    	30.00     	3036.17	24.2 	35.5 	0.000000E+0	0.000000E+0	0.000000E+0	0.000000E+0	0.000000E+0	0.000000E+0	0.000000E+0	0.000000E+0
30.0    	233     	3.048622E-2 	6.918071E-5	1.32E+0    	30.00     	3038.08	24.2 	35.5 	0.000000E+0	0.000000E+0	0.000000E+0	0.000000E+0	0.000000E+0	0.000000E+0	0.000000E+0	0.000000E+0
30.0    	234     	3.749939E-2 	9.504188E-5	1.44E+0    	30.00     	3039.99	24.2 	35.5 	0.000000E+0	0.000000E+0	0.000000E+0	0.000000E+0	0.000000E+0	0.000000E+0	0.000000E+0	0.000000E+0
30.0    	235     	2.858390E-2 	1.538688E-4	1.16E+0    	30.00     	3041.91	24.2 	35.5 	0.000000E+0	0.000000E+0	0.000000E+0	0.000000E+0	0.000000E+0	0.000000E+0	0.000000E+0	0.000000E+0
30.0    	236     	2.820463E-2 	1.543378E-4	1.44E+0    	30.00     	3043.82	24.2 	35.5 	0.000000E+0	0.000000E+0	0.000000E+0	0.000000E+0	0.000000E+0	0.000000E+0	0.000000E+0	0.000000E+0
30.0    	237     	2.847151E-2 	5.044774E-5	1.30E+0    	30.00     	3045.73	24.2 	35.5 	0.000000E+0	0.000000E+0	0.000000E+0	0.000000E+0	0.000000E+0	0.000000E+0	0.000000E+0	0.000000E+0
30.0    	238     	7.583895E-2 	6.820387E-5	1.18E+0    	30.00     	3047.64	24.2 	35.5 	0.000000E+0	0.000000E+0	0.000000E+0	0.000000E+0	0.000000E+0	0.000000E+0	0.000000E+0	0.000000E+0
30.0    	239     	4.351564E-2 	1.281907E-4	1.18E+0    	30.00     	3049.55	24.2 	35.5 	0.000000E+0	0.000000E+0	0.000000E+0	0.000000E+0	0.000000E+0	0.000000E+0	0.000000E+0	0.000000E+0
30.0    	240     	1.168432E-1 	9.590174E-5	1.51E+0    	30.00     	3051.46	24.2 	35.5 	0.000000E+0	0.000000E+0	0.000000E+0	0.000000E+0	0.000000E+0	0.000000E+0	0.000000E+0	0.000000E+0
30.0    	241     	1.900206E-1 	6.273598E-5	1.30E+0    	30.00     	3053.37	24.2 	35.5 	0.000000E+0	0.000000E+0	0.000000E+0	0.000000E+0	0.000000E+0	0.000000E+0	0.000000E+0	0.000000E+0
30.0    	242     	1.047330E-1 	7.719387E-5	1.29E+0    	30.00     	3055.28	24.2 	35.5 	0.000000E+0	0.000000E+0	0.000000E+0	0.000000E+0	0.000000E+0	0.000000E+0	0.000000E+0	0.000000E+0
30.0    	243     	9.817770E-2 	1.785440E-4	1.08E+0    	30.00     	3057.19	24.2 	35.5 	0.000000E+0	0.000000E+0	0.000000E+0	0.000000E+0	0.000000E+0	0.000000E+0	0.000000E+0	0.000000E+0
30.0    	244     	9.481719E-2 	1.047870E-4	1.61E+0    	30.00     	3059.10	24.2 	35.5 	0.000000E+0	0.000000E+0	0.000000E+0	0.000000E+0	0.000000E+0	0.000000E+0	0.000000E+0	0.000000E+0
30.0    	245     	9.226080E-2 	3.086755E-4	1.50E+0    	30.00     	3061.01	24.2 	35.5 	0.000000E+0	0.000000E+0	0.000000E+0	0.000000E+0	0.000000E+0	0.000000E+0	0.000000E+0	0.000000E+0
30.0    	246     	9.005681E-2 	2.590683E-4	1.56E+0    	30.00     	3062.92	24.2 	35.5 	0.000000E+0	0.000000E+0	0.000000E+0	0.000000E+0	0.000000E+0	0.000000E+0	0.000000E+0	0.000000E+0
30.0    	247     	8.914003E-2 	1.730559E-4	1.40E+0    	30.00     	3064.84	24.2 	35.5 	0.000000E+0	0.000000E+0	0.000000E+0	0.000000E+0	0.000000E+0	0.000000E+0	0.000000E+0	0.000000E+0
30.0    	248     	1.093994E-1 	1.852071E-4	1.65E+0    	30.01     	3066.76	24.2 	35.5 	0.000000E+0	0.000000E+0	0.000000E+0	0.000000E+0	0.000000E+0	0.000000E+0	0.000000E+0	0.000000E+0
30.0    	249     	1.183640E-1 	1.341764E-4	1.33E+0    	30.00     	3068.67	24.2 	35.5 	0.000000E+0	0.000000E+0	0.000000E+0	0.000000E+0	0.000000E+0	0.000000E+0	0.000000E+0	0.000000E+0
30.0    	250     	8.685022E-2 	3.703241E-5	1.07E+0    	30.00     	3070.58	24.2 	35.5 	0.000000E+0	0.000000E+0	0.000000E+0	0.000000E+0	0.000000E+0	0.000000E+0	0.000000E+0	0.000000E+0
30.0    	251     	8.592426E-2 	1.046944E-4	1.32E+0    	30.00     	3072.49	24.2 	35.5 	0.000000E+0	0.000000E+0	0.000000E+0	0.000000E+0	0.000000E+0	0.000000E+0	0.000000E+0	0.000000E+0
30.0    	252     	9.622279E-2 	2.054479E-4	1.14E+0    	30.00     	3074.41	24.2 	35.5 	0.000000E+0	0.000000E+0	0.000000E+0	0.000000E+0	0.000000E+0	0.000000E+0	0.000000E+0	0.000000E+0
30.0    	253     	1.037944E-1 	1.381852E-4	1.21E+0    	30.00     	3076.32	24.2 	35.5 	0.000000E+0	0.000000E+0	0.000000E+0	0.000000E+0	0.000000E+0	0.000000E+0	0.000000E+0	0.000000E+0
30.0    	254     	2.206139E-1 	2.194266E-4	1.37E+0    	30.00     	3078.23	24.2 	35.5 	0.000000E+0	0.000000E+0	0.000000E+0	0.000000E+0	0.000000E+0	0.000000E+0	0.000000E+0	0.000000E+0
30.0    	255     	1.100466E-1 	1.942711E-4	1.36E+0    	30.00     	3080.15	24.2 	35.5 	0.000000E+0	0.000000E+0	0.000000E+0	0.000000E+0	0.000000E+0	0.000000E+0	0.000000E+0	0.000000E+0
30.0    	256     	2.272635E-1 	9.176526E-5	1.35E+0    	30.00     	3082.06	24.2 	35.5 	0.000000E+0	0.000000E+0	0.000000E+0	0.000000E+0	0.000000E+0	0.000000E+0	0.000000E+0	0.000000E+0
30.0    	257     	1.610457E-3 	1.751669E-4	1.43E+0    	30.00     	3083.97	24.2 	35.5 	0.000000E+0	0.000000E+0	0.000000E+0	0.000000E+0	0.000000E+0	0.000000E+0	0.000000E+0	0.000000E+0
30.0    	258     	1.360993E-3 	3.021961E-4	1.35E+0    	30.00     	3085.88	24.2 	35.5 	0.000000E+0	0.000000E+0	0.000000E+0	0.000000E+0	0.000000E+0	0.000000E+0	0.000000E+0	0.000000E+0
30.0    	259     	1.732339E-3 	4.844890E-5	1.16E+0    	30.00     	3087.80	24.2 	35.5 	0.000000E+0	0.000000E+0	0.000000E+0	0.000000E+0	0.000000E+0	0.000000E+0	0.000000E+0	0.000000E+0
30.0    	260     	1.398349E-3 	1.200852E-4	1.42E+0    	30.00     	3089.71	24.2 	35.5 	0.000000E+0	0.000000E+0	0.000000E+0	0.000000E+0	0.000000E+0	0.000000E+0	0.000000E+0	0.000000E+0
30.0    	261     	1.600643E-3 	9.737878E-5	1.40E+0    	30.00     	3091.62	24.2 	35.5 	0.000000E+0	0.000000E+0	0.000000E+0	0.000000E+0	0.000000E+0	0.000000E+0	0.000000E+0	0.000000E+0
30.0    	262     	1.599694E-3 	1.423559E-4	1.31E+0    	30.00     	3093.53	24.2 	35.5 	0.000000E+0	0.000000E+0	0.000000E+0	0.000000E+0	0.000000E+0	0.000000E+0	0.000000E+0	0.000000E+0
30.0    	263     	1.179594E-3 	1.583790E-4	1.19E+0    	30.00     	3095.44	24.2 	35.5 	0.000000E+0	0.000000E+0	0.000000E+0	0.000000E+0	0.000000E+0	0.000000E+0	0.000000E+0	0.000000E+0
30.0    	264     	-2.212244E-3	1.540512E-4	1.54E+0    	30.00     	3097.36	24.2 	35.5 	0.000000E+0	0.000000E+0	0.000000E+0	0.000000E+0	0.000000E+0	0.000000E+0	0.000000E+0	0.000000E+0
35.0    	1       	2.046308E-1 	1.023020E-4	2.90E+1    	35.00     	3114.18	24.2 	35.5 	0.000000E+0	0.000000E+0	0.000000E+0	0.000000E+0	0.000000E+0	0.000000E+0	0.000000E+0	0.000000E+0
35.0    	2       	1.740479E-1 	5.375472E-5	1.37E+1    	35.00     	3115.96	24.2 	35.5 	0.000000E+0	0.000000E+0	0.000000E+0	0.000000E+0	0.000000E+0	0.000000E+0	0.000000E+0	0.000000E+0
35.0    	3       	1.658260E-3 	1.481533E-4	2.88E+0    	35.00     	3117.87	24.2 	35.5 	0.000000E+0	0.000000E+0	0.000000E+0	0.000000E+0	0.000000E+0	0.000000E+0	0.000000E+0	0.000000E+0
35.0    	4       	1.270325E-1 	3.886468E-5	1.55E+0    	35.00     	3119.93	24.2 	35.5 	0.000000E+0	0.000000E+0	0.000000E+0	0.000000E+0	0.000000E+0	0.000000E+0	0.000000E+0	0.000000E+0
35.0    	5       	1.121284E-1 	1.246147E-4	1.51E+0    	35.00     	3121.84	24.2 	35.5 	0.000000E+0	0.000000E+0	0.000000E+0	0.000000E+0	0.000000E+0	0.000000E+0	0.000000E+0	0.000000E+0
35.0    	6       	1.102473E-1 	7.334619E-5	1.66E+0    	35.00     	3123.75	24.2 	35.5 	0.000000E+0	0.000000E+0	0.000000E+0	0.000000E+0	0.000000E+0	0.000000E+0	0.000000E+0	0.000000E+0
35.0    	7       	1.085111E-1 	3.038355E-5	1.62E+0    	35.00     	3125.66	24.2 	35.5 	0.000000E+0	0.000000E+0	0.000000E+0	0.000000E+0	0.000000E+0	0.000000E+0	0.000000E+0	0.000000E+0
35.0    	8       	1.065132E-1 	1.078418E-4	1.55E+0    	35.00     	3127.57	24.2 	35.5 	0.000000E+0	0.000000E+0	0.000000E+0	0.000000E+0	0.000000E+0	0.000000E+0	0.000000E+0	0.000000E+0
35.0    	9       	1.136007E-1 	1.978214E-4	1.73E+0    	35.00     	3129.48	24.2 	35.5 	0.000000E+0	0.000000E+0	0.000000E+0	0.000000E+0	0.000000E+0	0.000000E+0	0.000000E+0	0.000000E+0
35.0    	10      	1.041334E-1 	7.376036E-5	1.47E+0    	35.00     	3131.39	24.2 	35.5 	0.000000E+0	0.000000E+0	0.000000E+0	0.000000E+0	0.000000E+0	0.000000E+0	0.000000E+0	0.000000E+0
35.0    	11      	1.043301E-1 	2.036309E-4	1.57E+0    	35.00     	3133.30	24.2 	35.5 	0.000000E+0	0.000000E+0	0.000000E+0	0.000000E+0	0.000000E+0	0.000000E+0	0.000000E+0	0.000000E+0
35.0    	12      	1.038549E-1 	1.069719E-4	1.58E+0    	35.00     	3135.21	24.2 	35.5 	0.000000E+0	0.000000E+0	0.000000E+0	0.000000E+0	0.000000E+0	0.000000E+0	0.000000E+0	0.000000E+0
35.0    	13      	1.107003E-1 	5.538992E-3	1.49E+0    	35.00     	3137.12	24.2 	35.5 	0.000000E+0	0.000000E+0	0.000000E+0	0.000000E+0	0.000000E+0	0.000000E+0	0.000000E+0	0.000000E+0
35.0    	14      	1.108651E-1 	5.409991E-4	1.41E+0    	35.00     	3139.03	24.2 	35.5 	0.000000E+0	0.000000E+0	0.000000E+0	0.000000E+0	0.000000E+0	0.000000E+0	0.000000E+0	0.000000E+0
35.0    	15      	1.181531E-1 	1.291899E-4	1.46E+0    	35.00     	3140.94	24.2 	35.5 	0.000000E+0	0.000000E+0	0.000000E+0	0.000000E+0	0.000000E+0	0.000000E+0	0.000000E+0	0.000000E+0
35.0    	16      	1.977896E-1 	1.569035E-4	1.53E+0    	35.00     	3142.86	24.2 	35.5 	0.000000E+0	0.000000E+0	0.000000E+0	0.000000E+0	0.000000E+0	0.000000E+0	0.000000E+0	0.000000E+0
35.0    	17      	1.107148E-1 	1.025630E-4	1.42E+0    	35.00     	3144.77	24.2 	35.5 	0.000000E+0	0.000000E+0	0.000000E+0	0.000000E+0	0.000000E+0	0.000000E+0	0.000000E+0	0.000000E+0
35.0    	18      	4.314239E-2 	1.391939E-4	1.89E+0    	35.00     	3146.68	24.2 	35.5 	0.000000E+0	0.000000E+0	0.000000E+0	0.000000E+0	0.000000E+0	0.000000E+0	0.000000E+0	0.000000E+0
35.0    	19      	7.558948E-2 	2.157726E-4	1.64E+0    	35.00     	3148.59	24.2 	35.5 	0.000000E+0	0.000000E+0	0.000000E+0	0.000000E+0	0.000000E+0	0.000000E+0	0.000000E+0	0.000000E+0
35.0    	20      	4.169878E-2 	1.569044E-4	1.73E+0    	35.00     	3150.50	24.2 	35.5 	0.000000E+0	0.000000E+0	0.000000E+0	0.000000E+0	0.000000E+0	0.000000E+0	0.000000E+0	0.000000E+0
35.0    	21      	4.134200E-2 	1.956097E-4	1.48E+0    	35.00     	3152.43	24.2 	35.5 	0.000000E+0	0.000000E+0	0.000000E+0	0.000000E+0	0.000000E+0	0.000000E+0	0.000000E+0	0.000000E+0
35.0    	22      	4.032452E-2 	1.633664E-4	1.76E+0    	35.00     	3154.34	24.2 	35.5 	0.000000E+0	0.000000E+0	0.000000E+0	0.000000E+0	0.000000E+0	0.000000E+0	0.000000E+0	0.000000E+0
35.0    	23      	4.061355E-2 	2.002288E-4	1.39E+0    	35.00     	3156.25	24.2 	35.5 	0.000000E+0	0.000000E+0	0.000000E+0	0.000000E+0	0.000000E+0	0.000000E+0	0.000000E+0	0.000000E+0
35.0    	24      	5.197081E-2 	8.518319E-5	1.58E+0    	35.00     	3158.17	24.2 	35.5 	0.000000E+0	0.000000E+0	0.000000E+0	0.000000E+0	0.000000E+0	0.000000E+0	0.000000E+0	0.000000E+0
35.0    	25      	5.707470E-2 	6.972497E-3	1.71E+0    	35.00     	3160.08	24.2 	35.5 	0.000000E+0	0.000000E+0	0.000000E+0	0.000000E+0	0.000000E+0	0.000000E+0	0.000000E+0	0.000000E+0
35.0    	26      	3.908953E-2 	2.218981E-4	1.66E+0    	35.00     	3161.99	24.2 	35.5 	0.000000E+0	0.000000E+0	0.000000E+0	0.000000E+0	0.000000E+0	0.000000E+0	0.000000E+0	0.000000E+0
35.0    	27      	5.581786E-2 	9.945085E-5	1.47E+0    	35.00     	3163.90	24.2 	35.5 	0.000000E+0	0.000000E+0	0.000000E+0	0.000000E+0	0.000000E+0	0.000000E+0	0.000000E+0	0.000000E+0
35.0    	28      	4.028589E-2 	9.069167E-5	1.24E+0    	35.00     	3165.83	24.2 	35.5 	0.000000E+0	0.000000E+0	0.000000E+0	0.000000E+0	0.000000E+0	0.000000E+0	0.000000E+0	0.000000E+0
35.0    	29      	4.214232E-2 	1.233506E-4	1.47E+0    	35.00     	3167.74	24.2 	35.5 	0.000000E+0	0.000000E+0	0.000000E+0	0.000000E+0	0.000000E+0	0.000000E+0	0.000000E+0	0.000000E+0
35.0    	30      	9.207591E-2 	2.917507E-5	1.49E+0    	35.00     	3169.65	24.2 	35.5 	0.000000E+0	0.000000E+0	0.000000E+0	0.000000E+0	0.000000E+0	0.000000E+0	0.000000E+0	0.000000E+0
35.0    	31      	6.813053E-2 	8.006469E-5	1.44E+0    	35.00     	3171.56	24.2 	35.5 	0.000000E+0	0.000000E+0	0.000000E+0	0.000000E+0	0.000000E+0	0.000000E+0	0.000000E+0	0.000000E+0
35.0    	32      	1.152488E-1 	1.292708E-4	1.62E+0    	35.00     	3173.47	24.2 	35.5 	0.000000E+0	0.000000E+0	0.000000E+0	0.000000E+0	0.000000E+0	0.000000E+0	0.000000E+0	0.000000E+0
35.0    	33      	1.047783E-1 	9.084872E-5	1.32E+0    	35.00     	3175.38	24.2 	35.5 	0.000000E+0	0.000000E+0	0.000000E+0	0.000000E+0	0.000000E+0	0.000000E+0	0.000000E+0	0.000000E+0
35.0    	34      	5.573333E-2 	2.128389E-4	1.45E+0    	35.00     	3177.30	24.2 	35.5 	0.000000E+0	0.000000E+0	0.000000E+0	0.000000E+0	0.000000E+0	0.000000E+0	0.000000E+0	0.000000E+0
35.0    	35      	3.797454E-2 	2.011450E-4	1.44E+0    	35.00     	3179.21	24.2 	35.5 	0.000000E+0	0.000000E+0	0.000000E+0	0.000000E+0	0.000000E+0	0.000000E+0	0.000000E+0	0.000000E+0
35.0    	36      	6.529686E-2 	3.626346E-5	1.67E+0    	35.00     	3181.12	24.2 	35.5 	0.000000E+0	0.000000E+0	0.000000E+0	0.000000E+0	0.000000E+0	0.000000E+0	0.000000E+0	0.000000E+0
35.0    	37      	3.705584E-2 	9.924651E-5	1.82E+0    	35.00     	3183.03	24.2 	35.5 	0.000000E+0	0.000000E+0	0.000000E+0	0.000000E+0	0.000000E+0	0.000000E+0	0.000000E+0	0.000000E+0
35.0    	38      	3.653160E-2 	6.175964E-6	1.60E+0    	35.00     	3184.95	24.2 	35.5 	0.000000E+0	0.000000E+0	0.000000E+0	0.000000E+0	0.000000E+0	0.000000E+0	0.000000E+0	0.000000E+0
35.0    	39      	3.686716E-2 	1.709771E-4	1.37E+0    	35.00     	3186.87	24.2 	35.5 	0.000000E+0	0.000000E+0	0.000000E+0	0.000000E+0	0.000000E+0	0.000000E+0	0.000000E+0	0.000000E+0
35.0    	40      	3.557741E-2 	2.025276E-4	1.42E+0    	35.00     	3188.78	24.2 	35.5 	0.000000E+0	0.000000E+0	0.000000E+0	0.000000E+0	0.000000E+0	0.000000E+0	0.000000E+0	0.000000E+0
35.0    	41      	3.654741E-2 	5.295967E-5	1.18E+0    	35.00     	3190.69	24.2 	35.5 	0.000000E+0	0.000000E+0	0.000000E+0	0.000000E+0	0.000000E+0	0.000000E+0	0.000000E+0	0.000000E+0
35.0    	42      	3.698967E-2 	2.484511E-4	1.73E+0    	35.00     	3192.61	24.2 	35.5 	0.000000E+0	0.000000E+0	0.000000E+0	0.000000E+0	0.000000E+0	0.000000E+0	0.000000E+0	0.000000E+0
35.0    	43      	3.747690E-2 	2.006142E-4	1.50E+0    	35.00     	3194.53	24.2 	35.5 	0.000000E+0	0.000000E+0	0.000000E+0	0.000000E+0	0.000000E+0	0.000000E+0	0.000000E+0	0.000000E+0
35.0    	44      	5.287560E-2 	3.846763E-3	1.36E+0    	35.00     	3196.44	24.2 	35.5 	0.000000E+0	0.000000E+0	0.000000E+0	0.000000E+0	0.000000E+0	0.000000E+0	0.000000E+0	0.000000E+0
35.0    	45      	3.968757E-2 	7.646792E-4	1.89E+0    	35.00     	3198.36	24.2 	35.5 	0.000000E+0	0.000000E+0	0.000000E+0	0.000000E+0	0.000000E+0	0.000000E+0	0.000000E+0	0.000000E+0
35.0    	46      	4.052521E-2 	1.476268E-4	1.43E+0    	35.00     	3200.28	24.2 	35.5 	0.000000E+0	0.000000E+0	0.000000E+0	0.000000E+0	0.000000E+0	0.000000E+0	0.000000E+0	0.000000E+0
35.0    	47      	4.285144E-2 	2.518242E-4	1.28E+0    	35.00     	3202.20	24.2 	35.5 	0.000000E+0	0.000000E+0	0.000000E+0	0.000000E+0	0.000000E+0	0.000000E+0	0.000000E+0	0.000000E+0
35.0    	48      	1.454710E-1 	2.169531E-4	1.33E+0    	35.00     	3204.11	24.2 	35.5 	0.000000E+0	0.000000E+0	0.000000E+0	0.000000E+0	0.000000E+0	0.000000E+0	0.000000E+0	0.000000E+0
35.0    	49      	1.276457E-1 	7.844355E-5	1.54E+0    	35.00     	3206.04	24.2 	35.5 	0.000000E+0	0.000000E+0	0.000000E+0	0.000000E+0	0.000000E+0	0.000000E+0	0.000000E+0	0.000000E+0
35.0    	50      	3.693617E-2 	3.883815E-5	1.78E+0    	35.00     	3207.95	24.2 	35.5 	0.000000E+0	0.000000E+0	0.000000E+0	0.000000E+0	0.000000E+0	0.000000E+0	0.000000E+0	0.000000E+0
35.0    	51      	1.441432E-1 	8.505216E-5	1.36E+0    	35.00     	3209.86	24.2 	35.5 	0.000000E+0	0.000000E+0	0.000000E+0	0.000000E+0	0.000000E+0	0.000000E+0	0.000000E+0	0.000000E+0
35.0    	52      	3.561510E-2 	4.797938E-5	1.50E+0    	35.00     	3211.77	24.2 	35.5 	0.000000E+0	0.000000E+0	0.000000E+0	0.000000E+0	0.000000E+0	0.000000E+0	0.000000E+0	0.000000E+0
35.0    	53      	3.700772E-2 	9.972109E-5	1.25E+0    	35.00     	3213.69	24.2 	35.5 	0.000000E+0	0.000000E+0	0.000000E+0	0.000000E+0	0.000000E+0	0.000000E+0	0.000000E+0	0.000000E+0
35.0    	54      	3.433579E-2 	1.058732E-4	1.67E+0    	35.00     	3215.61	24.2 	35.5 	0.000000E+0	0.000000E+0	0.000000E+0	0.000000E+0	0.000000E+0	0.000000E+0	0.000000E+0	0.000000E+0
35.0    	55      	3.442603E-2 	1.619057E-4	1.49E+0    	35.00     	3217.53	24.2 	35.5 	0.000000E+0	0.000000E+0	0.000000E+0	0.000000E+0	0.000000E+0	0.000000E+0	0.000000E+0	0.000000E+0
35.0    	56      	3.394957E-2 	8.145376E-5	1.56E+0    	35.00     	3219.45	24.2 	35.5 	0.000000E+0	0.000000E+0	0.000000E+0	0.000000E+0	0.000000E+0	0.000000E+0	0.000000E+0	0.000000E+0
35.0    	57      	3.744585E-2 	5.757067E-5	1.40E+0    	35.00     	3221.36	24.2 	35.5 	0.000000E+0	0.000000E+0	0.000000E+0	0.000000E+0	0.000000E+0	0.000000E+0	0.000000E+0	0.000000E+0
35.0    	58      	3.527635E-2 	1.309554E-4	1.59E+0    	35.00     	3223.29	24.2 	35.5 	0.000000E+0	0.000000E+0	0.000000E+0	0.000000E+0	0.000000E+0	0.000000E+0	0.000000E+0	0.000000E+0
35.0    	59      	3.552866E-2 	1.258203E-4	1.64E+0    	35.00     	3225.20	24.2 	35.5 	0.000000E+0	0.000000E+0	0.000000E+0	0.000000E+0	0.000000E+0	0.000000E+0	0.000000E+0	0.000000E+0
35.0    	60      	4.510357E-2 	1.338946E-4	1.46E+0    	35.00     	3227.12	24.2 	35.5 	0.000000E+0	0.000000E+0	0.000000E+0	0.000000E+0	0.000000E+0	0.000000E+0	0.000000E+0	0.000000E+0
35.0    	61      	4.971327E-2 	1.235845E-4	1.35E+0    	35.00     	3229.04	24.2 	35.5 	0.000000E+0	0.000000E+0	0.000000E+0	0.000000E+0	0.000000E+0	0.000000E+0	0.000000E+0	0.000000E+0
35.0    	62      	6.488089E-2 	1.371370E-4	1.48E+0    	35.00     	3230.95	24.2 	35.5 	0.000000E+0	0.000000E+0	0.000000E+0	0.000000E+0	0.000000E+0	0.000000E+0	0.000000E+0	0.000000E+0
35.0    	63      	4.326585E-2 	3.873657E-5	1.39E+0    	35.00     	3232.86	24.2 	35.5 	0.000000E+0	0.000000E+0	0.000000E+0	0.000000E+0	0.000000E+0	0.000000E+0	0.000000E+0	0.000000E+0
35.0    	64      	2.119134E-1 	1.347968E-4	1.38E+0    	35.00     	3234.77	24.2 	35.5 	0.000000E+0	0.000000E+0	0.000000E+0	0.000000E+0	0.000000E+0	0.000000E+0	0.000000E+0	0.000000E+0
35.0    	65      	9.971838E-2 	8.097323E-5	1.34E+0    	35.00     	3236.68	24.2 	35.5 	0.000000E+0	0.000000E+0	0.000000E+0	0.000000E+0	0.000000E+0	0.000000E+0	0.000000E+0	0.000000E+0
35.0    	66      	3.555177E-2 	6.987222E-5	1.34E+0    	35.00     	3238.60	24.2 	35.5 	0.000000E+0	0.000000E+0	0.000000E+0	0.000000E+0	0.000000E+0	0.000000E+0	0.000000E+0	0.000000E+0
35.0    	67      	6.296019E-2 	1.557827E-4	1.49E+0    	35.00     	3240.52	24.2 	35.5 	0.000000E+0	0.000000E+0	0.000000E+0	0.000000E+0	0.000000E+0	0.000000E+0	0.000000E+0	0.000000E+0
35.0    	68      	3.529251E-2 	1.371579E-4	1.80E+0    	35.00     	3242.43	24.2 	35.5 	0.000000E+0	0.000000E+0	0.000000E+0	0.000000E+0	0.000000E+0	0.000000E+0	0.000000E+0	0.000000E+0
35.0    	69      	1.318853E+1 	1.114072E-2	1.43E+0    	35.00     	3244.36	24.2 	35.5 	0.000000E+0	0.000000E+0	0.000000E+0	0.000000E+0	0.000000E+0	0.000000E+0	0.000000E+0	0.000000E+0
35.0    	70      	3.596110E-2 	6.963886E-5	1.65E+0    	35.00     	3246.45	24.2 	35.5 	0.000000E+0	0.000000E+0	0.000000E+0	0.000000E+0	0.000000E+0	0.000000E+0	0.000000E+0	0.000000E+0
35.0    	71      	1.341970E-1 	4.198428E-5	1.54E+0    	35.00     	3248.46	24.2 	35.5 	0.000000E+0	0.000000E+0	0.000000E+0	0.000000E+0	0.000000E+0	0.000000E+0	0.000000E+0	0.000000E+0
35.0    	72      	3.370739E-2 	1.044640E-4	1.59E+0    	35.00     	3250.38	24.2 	35.5 	0.000000E+0	0.000000E+0	0.000000E+0	0.000000E+0	0.000000E+0	0.000000E+0	0.000000E+0	0.000000E+0
35.0    	73      	3.357537E-2 	4.476156E-5	1.52E+0    	35.00     	3252.29	24.2 	35.5 	0.000000E+0	0.000000E+0	0.000000E+0	0.000000E+0	0.000000E+0	0.000000E+0	0.000000E+0	0.000000E+0
35.0    	74      	3.414806E-2 	5.748314E-5	1.74E+0    	35.00     	3254.20	24.2 	35.5 	0.000000E+0	0.000000E+0	0.000000E+0	0.000000E+0	0.000000E+0	0.000000E+0	0.000000E+0	0.000000E+0
35.0    	75      	3.406259E-2 	5.119750E-5	1.44E+0    	35.00     	3256.11	24.2 	35.5 	0.000000E+0	0.000000E+0	0.000000E+0	0.000000E+0	0.000000E+0	0.000000E+0	0.000000E+0	0.000000E+0
35.0    	76      	5.224972E-2 	4.290583E-5	1.29E+0    	35.00     	3258.04	24.2 	35.5 	0.000000E+0	0.000000E+0	0.000000E+0	0.000000E+0	0.000000E+0	0.000000E+0	0.000000E+0	0.000000E+0
35.0    	77      	1.262536E-3 	1.567867E-4	1.62E+0    	35.00     	3259.95	24.2 	35.5 	0.000000E+0	0.000000E+0	0.000000E+0	0.000000E+0	0.000000E+0	0.000000E+0	0.000000E+0	0.000000E+0
35.0    	78      	1.366057E-3 	6.499263E-5	1.40E+0    	35.00     	3261.88	24.2 	35.5 	0.000000E+0	0.000000E+0	0.000000E+0	0.000000E+0	0.000000E+0	0.000000E+0	0.000000E+0	0.000000E+0
35.0    	79      	9.363221E-2 	7.973818E-2	1.40E+0    	35.00     	3263.79	24.2 	35.5 	0.000000E+0	0.000000E+0	0.000000E+0	0.000000E+0	0.000000E+0	0.000000E+0	0.000000E+0	0.000000E+0
35.0    	80      	1.757203E-1 	8.475929E-4	1.22E+0    	35.00     	3265.71	24.2 	35.5 	0.000000E+0	0.000000E+0	0.000000E+0	0.000000E+0	0.000000E+0	0.000000E+0	0.000000E+0	0.000000E+0
35.0    	81      	9.830803E-2 	1.258142E-4	1.80E+0    	35.00     	3267.62	24.2 	35.5 	0.000000E+0	0.000000E+0	0.000000E+0	0.000000E+0	0.000000E+0	0.000000E+0	0.000000E+0	0.000000E+0
35.0    	82      	3.736990E-2 	3.282119E-5	1.52E+0    	35.00     	3269.55	24.2 	35.5 	0.000000E+0	0.000000E+0	0.000000E+0	0.000000E+0	0.000000E+0	0.000000E+0	0.000000E+0	0.000000E+0
35.0    	83      	4.181276E-2 	2.341403E-4	1.34E+0    	35.00     	3271.46	24.2 	35.5 	0.000000E+0	0.000000E+0	0.000000E+0	0.000000E+0	0.000000E+0	0.000000E+0	0.000000E+0	0.000000E+0
35.0    	84      	3.483155E-2 	1.315842E-5	1.37E+0    	35.00     	3273.39	24.2 	35.5 	0.000000E+0	0.000000E+0	0.000000E+0	0.000000E+0	0.000000E+0	0.000000E+0	0.000000E+0	0.000000E+0
35.0    	85      	3.479198E-2 	6.743500E-5	1.75E+0    	35.00     	3275.30	24.2 	35.5 	0.000000E+0	0.000000E+0	0.000000E+0	0.000000E+0	0.000000E+0	0.000000E+0	0.000000E+0	0.000000E+0
35.0    	86      	3.379699E-2 	9.769232E-5	1.34E+0    	35.00     	3277.21	24.2 	35.5 	0.000000E+0	0.000000E+0	0.000000E+0	0.000000E+0	0.000000E+0	0.000000E+0	0.000000E+0	0.000000E+0
35.0    	87      	3.321859E-2 	1.058534E-5	1.72E+0    	35.00     	3279.12	24.2 	35.5 	0.000000E+0	0.000000E+0	0.000000E+0	0.000000E+0	0.000000E+0	0.000000E+0	0.000000E+0	0.000000E+0
35.0    	88      	3.337752E-2 	1.079390E-4	1.43E+0    	35.00     	3281.03	24.2 	35.5 	0.000000E+0	0.000000E+0	0.000000E+0	0.000000E+0	0.000000E+0	0.000000E+0	0.000000E+0	0.000000E+0
35.0    	89      	3.435575E-2 	2.788697E-5	1.67E+0    	35.00     	3282.96	24.2 	35.5 	0.000000E+0	0.000000E+0	0.000000E+0	0.000000E+0	0.000000E+0	0.000000E+0	0.000000E+0	0.000000E+0
35.0    	90      	2.156969E-1 	1.574256E-4	1.38E+0    	35.00     	3284.87	24.2 	35.5 	0.000000E+0	0.000000E+0	0.000000E+0	0.000000E+0	0.000000E+0	0.000000E+0	0.000000E+0	0.000000E+0
35.0    	91      	3.374190E-2 	8.360894E-5	1.35E+0    	35.00     	3286.80	24.2 	35.5 	0.000000E+0	0.000000E+0	0.000000E+0	0.000000E+0	0.000000E+0	0.000000E+0	0.000000E+0	0.000000E+0
35.0    	92      	7.248794E-2 	8.736152E-5	1.30E+0    	35.00     	3288.71	24.2 	35.5 	0.000000E+0	0.000000E+0	0.000000E+0	0.000000E+0	0.000000E+0	0.000000E+0	0.000000E+0	0.000000E+0
35.0    	93      	3.612637E-2 	1.698270E-4	1.43E+0    	35.00     	3290.64	24.2 	35.5 	0.000000E+0	0.000000E+0	0.000000E+0	0.000000E+0	0.000000E+0	0.000000E+0	0.000000E+0	0.000000E+0
35.0    	94      	3.697605E-2 	9.067396E-5	1.56E+0    	35.00     	3292.55	24.2 	35.5 	0.000000E+0	0.000000E+0	0.000000E+0	0.000000E+0	0.000000E+0	0.000000E+0	0.000000E+0	0.000000E+0
35.0    	95      	4.161710E-2 	7.647519E-5	1.22E+0    	35.00     	3294.46	24.2 	35.5 	0.000000E+0	0.000000E+0	0.000000E+0	0.000000E+0	0.000000E+0	0.000000E+0	0.000000E+0	0.000000E+0
35.0    	96      	1.087032E-1 	2.010771E-5	1.54E+0    	35.00     	3296.38	24.2 	35.5 	0.000000E+0	0.000000E+0	0.000000E+0	0.000000E+0	0.000000E+0	0.000000E+0	0.000000E+0	0.000000E+0
35.0    	97      	1.131847E-1 	8.665416E-5	1.67E+0    	35.00     	3298.29	24.2 	35.5 	0.000000E+0	0.000000E+0	0.000000E+0	0.000000E+0	0.000000E+0	0.000000E+0	0.000000E+0	0.000000E+0
35.0    	98      	3.451847E-2 	7.488311E-5	1.56E+0    	35.00     	3300.20	24.2 	35.5 	0.000000E+0	0.000000E+0	0.000000E+0	0.000000E+0	0.000000E+0	0.000000E+0	0.000000E+0	0.000000E+0
35.0    	99      	3.350762E-2 	7.230471E-5	1.64E+0    	35.00     	3302.11	24.2 	35.5 	0.000000E+0	0.000000E+0	0.000000E+0	0.000000E+0	0.000000E+0	0.000000E+0	0.000000E+0	0.000000E+0
35.0    	100     	3.337973E-2 	3.225232E-5	1.30E+0    	35.00     	3304.03	24.2 	35.5 	0.000000E+0	0.000000E+0	0.000000E+0	0.000000E+0	0.000000E+0	0.000000E+0	0.000000E+0	0.000000E+0
35.0    	101     	3.382579E-2 	2.613244E-4	1.58E+0    	35.00     	3305.94	24.2 	35.5 	0.000000E+0	0.000000E+0	0.000000E+0	0.000000E+0	0.000000E+0	0.000000E+0	0.000000E+0	0.000000E+0
35.0    	102     	4.623092E-2 	8.946653E-5	1.73E+0    	35.00     	3307.85	24.2 	35.5 	0.000000E+0	0.000000E+0	0.000000E+0	0.000000E+0	0.000000E+0	0.000000E+0	0.000000E+0	0.000000E+0
35.0    	103     	3.391855E-2 	1.647686E-4	1.27E+0    	35.00     	3309.76	24.2 	35.5 	0.000000E+0	0.000000E+0	0.000000E+0	0.000000E+0	0.000000E+0	0.000000E+0	0.000000E+0	0.000000E+0
35.0    	104     	2.580475E-1 	8.256739E-5	1.65E+0    	35.00     	3311.67	24.2 	35.5 	0.000000E+0	0.000000E+0	0.000000E+0	0.000000E+0	0.000000E+0	0.000000E+0	0.000000E+0	0.000000E+0
35.0    	105     	3.321606E-2 	6.433020E-5	1.53E+0    	35.00     	3313.59	24.2 	35.5 	0.000000E+0	0.000000E+0	0.000000E+0	0.000000E+0	0.000000E+0	0.000000E+0	0.000000E+0	0.000000E+0
35.0    	106     	3.392900E-2 	1.102698E-4	1.72E+0    	35.00     	3315.51	24.2 	35.5 	0.000000E+0	0.000000E+0	0.000000E+0	0.000000E+0	0.000000E+0	0.000000E+0	0.000000E+0	0.000000E+0
35.0    	107     	3.333097E-2 	4.750280E-5	1.77E+0    	35.00     	3317.42	24.2 	35.5 	0.000000E+0	0.000000E+0	0.000000E+0	0.000000E+0	0.000000E+0	0.000000E+0	0.000000E+0	0.000000E+0
35.0    	108     	3.320341E-2 	1.109653E-4	1.22E+0    	35.00     	3319.34	24.2 	35.5 	0.000000E+0	0.000000E+0	0.000000E+0	0.000000E+0	0.000000E+0	0.000000E+0	0.000000E+0	0.000000E+0
35.0    	109     	3.339525E-2 	8.657361E-5	1.51E+0    	35.00     	3321.27	24.2 	35.5 	0.000000E+0	0.000000E+0	0.000000E+0	0.000000E+0	0.000000E+0	0.000000E+0	0.000000E+0	0.000000E+0
35.0    	110     	3.370422E-2 	1.495675E-4	1.54E+0    	35.00     	3323.18	24.2 	35.5 	0.000000E+0	0.000000E+0	0.000000E+0	0.000000E+0	0.000000E+0	0.000000E+0	0.000000E+0	0.000000E+0
35.0    	111     	3.576420E-2 	4.627399E-5	1.27E+0    	35.00     	3325.11	24.2 	35.5 	0.000000E+0	0.000000E+0	0.000000E+0	0.000000E+0	0.000000E+0	0.000000E+0	0.000000E+0	0.000000E+0
35.0    	112     	2.362224E-1 	2.105596E-4	1.73E+0    	35.00     	3327.02	24.2 	35.5 	0.000000E+0	0.000000E+0	0.000000E+0	0.000000E+0	0.000000E+0	0.000000E+0	0.000000E+0	0.000000E+0
35.0    	113     	1.011338E-1 	1.071864E-4	1.70E+0    	35.00     	3328.94	24.2 	35.5 	0.000000E+0	0.000000E+0	0.000000E+0	0.000000E+0	0.000000E+0	0.000000E+0	0.000000E+0	0.000000E+0
35.0    	114     	4.453438E-2 	1.533007E-4	1.63E+0    	35.00     	3330.85	24.2 	35.5 	0.000000E+0	0.000000E+0	0.000000E+0	0.000000E+0	0.000000E+0	0.000000E+0	0.000000E+0	0.000000E+0
35.0    	115     	3.319644E-2 	1.250506E-4	1.61E+0    	35.00     	3332.76	24.2 	35.5 	0.000000E+0	0.000000E+0	0.000000E+0	0.000000E+0	0.000000E+0	0.000000E+0	0.000000E+0	0.000000E+0
35.0    	116     	3.312898E-2 	1.128232E-4	1.30E+0    	35.00     	3334.68	24.2 	35.5 	0.000000E+0	0.000000E+0	0.000000E+0	0.000000E+0	0.000000E+0	0.000000E+0	0.000000E+0	0.000000E+0
35.0    	117     	3.648535E-2 	1.282522E-4	1.75E+0    	35.00     	3336.59	24.2 	35.5 	0.000000E+0	0.000000E+0	0.000000E+0	0.000000E+0	0.000000E+0	0.000000E+0	0.000000E+0	0.000000E+0
35.0    	118     	3.344337E-2 	1.916603E-4	1.87E+0    	35.00     	3338.51	24.2 	35.5 	0.000000E+0	0.000000E+0	0.000000E+0	0.000000E+0	0.000000E+0	0.000000E+0	0.000000E+0	0.000000E+0
35.0    	119     	4.407090E-2 	4.925681E-5	1.26E+0    	35.00     	3340.42	24.2 	35.5 	0.000000E+0	0.000000E+0	0.000000E+0	0.000000E+0	0.000000E+0	0.000000E+0	0.000000E+0	0.000000E+0
35.0    	120     	3.424303E-2 	4.221499E-5	1.48E+0    	35.00     	3342.35	24.2 	35.5 	0.000000E+0	0.000000E+0	0.000000E+0	0.000000E+0	0.000000E+0	0.000000E+0	0.000000E+0	0.000000E+0
35.0    	121     	3.365705E-2 	3.570561E-5	1.23E+0    	35.00     	3344.26	24.2 	35.5 	0.000000E+0	0.000000E+0	0.000000E+0	0.000000E+0	0.000000E+0	0.000000E+0	0.000000E+0	0.000000E+0
35.0    	122     	3.802235E-2 	7.158813E-5	1.61E+0    	35.00     	3346.18	24.2 	35.5 	0.000000E+0	0.000000E+0	0.000000E+0	0.000000E+0	0.000000E+0	0.000000E+0	0.000000E+0	0.000000E+0
35.0    	123     	3.342532E-2 	6.980121E-5	1.34E+0    	35.00     	3348.09	24.2 	35.5 	0.000000E+0	0.000000E+0	0.000000E+0	0.000000E+0	0.000000E+0	0.000000E+0	0.000000E+0	0.000000E+0
35.0    	124     	3.321195E-2 	1.118484E-4	1.38E+0    	35.00     	3350.00	24.2 	35.5 	0.000000E+0	0.000000E+0	0.000000E+0	0.000000E+0	0.000000E+0	0.000000E+0	0.000000E+0	0.000000E+0
35.0    	125     	3.205834E-2 	1.201561E-4	1.41E+0    	35.00     	3351.92	24.2 	35.5 	0.000000E+0	0.000000E+0	0.000000E+0	0.000000E+0	0.000000E+0	0.000000E+0	0.000000E+0	0.000000E+0
35.0    	126     	3.266237E-2 	1.120290E-4	1.34E+0    	35.00     	3353.83	24.2 	35.5 	0.000000E+0	0.000000E+0	0.000000E+0	0.000000E+0	0.000000E+0	0.000000E+0	0.000000E+0	0.000000E+0
35.0    	127     	3.447288E-2 	1.649018E-4	1.44E+0    	35.00     	3355.75	24.2 	35.5 	0.000000E+0	0.000000E+0	0.000000E+0	0.000000E+0	0.000000E+0	0.000000E+0	0.000000E+0	0.000000E+0
35.0    	128     	9.897731E-2 	4.710631E-5	1.36E+0    	35.00     	3357.66	24.2 	35.5 	0.000000E+0	0.000000E+0	0.000000E+0	0.000000E+0	0.000000E+0	0.000000E+0	0.000000E+0	0.000000E+0
35.0    	129     	1.015185E-1 	6.613078E-5	1.29E+0    	35.00     	3359.58	24.2 	35.5 	0.000000E+0	0.000000E+0	0.000000E+0	0.000000E+0	0.000000E+0	0.000000E+0	0.000000E+0	0.000000E+0
35.0    	130     	3.569012E-2 	1.162412E-4	1.40E+0    	35.00     	3361.50	24.2 	35.5 	0.000000E+0	0.000000E+0	0.000000E+0	0.000000E+0	0.000000E+0	0.000000E+0	0.000000E+0	0.000000E+0
35.0    	131     	3.397079E-2 	1.287748E-4	1.48E+0    	35.00     	3363.43	24.2 	35.5 	0.000000E+0	0.000000E+0	0.000000E+0	0.000000E+0	0.000000E+0	0.000000E+0	0.000000E+0	0.000000E+0
35.0    	132     	3.335157E-2 	6.119681E-5	1.57E+0    	35.00     	3365.34	24.2 	35.5 	0.000000E+0	0.000000E+0	0.000000E+0	0.000000E+0	0.000000E+0	0.000000E+0	0.000000E+0	0.000000E+0
35.0    	133     	3.360037E-2 	9.042630E-5	1.63E+0    	35.00     	3367.26	24.2 	35.5 	0.000000E+0	0.000000E+0	0.000000E+0	0.000000E+0	0.000000E+0	0.000000E+0	0.000000E+0	0.000000E+0
35.0    	134     	3.349846E-2 	6.003108E-5	1.26E+0    	35.00     	3369.18	24.2 	35.5 	0.000000E+0	0.000000E+0	0.000000E+0	0.000000E+0	0.000000E+0	0.000000E+0	0.000000E+0	0.000000E+0
35.0    	135     	3.360704E-2 	1.319281E-4	1.36E+0    	35.00     	3371.09	24.2 	35.5 	0.000000E+0	0.000000E+0	0.000000E+0	0.000000E+0	0.000000E+0	0.000000E+0	0.000000E+0	0.000000E+0
35.0    	136     	3.424209E-2 	1.387111E-4	1.67E+0    	35.00     	3373.01	24.2 	35.5 	0.000000E+0	0.000000E+0	0.000000E+0	0.000000E+0	0.000000E+0	0.000000E+0	0.000000E+0	0.000000E+0
35.0    	137     	3.409298E-2 	8.854039E-5	1.34E+0    	35.00     	3374.92	24.2 	35.5 	0.000000E+0	0.000000E+0	0.000000E+0	0.000000E+0	0.000000E+0	0.000000E+0	0.000000E+0	0.000000E+0
35.0    	138     	3.437317E-2 	2.940508E-4	1.23E+0    	35.00     	3376.83	24.2 	35.5 	0.000000E+0	0.000000E+0	0.000000E+0	0.000000E+0	0.000000E+0	0.000000E+0	0.000000E+0	0.000000E+0
35.0    	139     	3.250091E-2 	2.541628E-5	1.64E+0    	35.00     	3378.74	24.2 	35.5 	0.000000E+0	0.000000E+0	0.000000E+0	0.000000E+0	0.000000E+0	0.000000E+0	0.000000E+0	0.000000E+0
35.0    	140     	3.198141E-2 	9.771502E-5	1.29E+0    	35.00     	3380.66	24.2 	35.5 	0.000000E+0	0.000000E+0	0.000000E+0	0.000000E+0	0.000000E+0	0.000000E+0	0.000000E+0	0.000000E+0
35.0    	141     	3.125771E-2 	7.036808E-5	1.31E+0    	35.00     	3382.56	24.2 	35.5 	0.000000E+0	0.000000E+0	0.000000E+0	0.000000E+0	0.000000E+0	0.000000E+0	0.000000E+0	0.000000E+0
35.0    	142     	3.137611E-2 	4.291786E-5	1.68E+0    	35.00     	3384.47	24.2 	35.5 	0.000000E+0	0.000000E+0	0.000000E+0	0.000000E+0	0.000000E+0	0.000000E+0	0.000000E+0	0.000000E+0
35.0    	143     	3.281876E-2 	8.239025E-5	1.50E+0    	35.00     	3386.39	24.2 	35.5 	0.000000E+0	0.000000E+0	0.000000E+0	0.000000E+0	0.000000E+0	0.000000E+0	0.000000E+0	0.000000E+0
35.0    	144     	9.589450E-2 	1.914257E-4	1.06E+0    	35.00     	3388.30	24.2 	35.5 	0.000000E+0	0.000000E+0	0.000000E+0	0.000000E+0	0.000000E+0	0.000000E+0	0.000000E+0	0.000000E+0
35.0    	145     	1.006245E-1 	1.165824E-4	1.29E+0    	35.00     	3390.22	24.2 	35.5 	0.000000E+0	0.000000E+0	0.000000E+0	0.000000E+0	0.000000E+0	0.000000E+0	0.000000E+0	0.000000E+0
35.0    	146     	3.596808E-2 	1.317395E-4	1.27E+0    	35.00     	3392.13	24.2 	35.5 	0.000000E+0	0.000000E+0	0.000000E+0	0.000000E+0	0.000000E+0	0.000000E+0	0.000000E+0	0.000000E+0
35.0    	147     	3.488125E-2 	1.859196E-4	1.52E+0    	35.00     	3394.06	24.2 	35.5 	0.000000E+0	0.000000E+0	0.000000E+0	0.000000E+0	0.000000E+0	0.000000E+0	0.000000E+0	0.000000E+0
35.0    	148     	3.593673E-2 	1.088781E-4	1.29E+0    	35.00     	3395.97	24.2 	35.5 	0.000000E+0	0.000000E+0	0.000000E+0	0.000000E+0	0.000000E+0	0.000000E+0	0.000000E+0	0.000000E+0
35.0    	149     	3.422878E-2 	1.512242E-4	1.68E+0    	35.00     	3397.88	24.2 	35.5 	0.000000E+0	0.000000E+0	0.000000E+0	0.000000E+0	0.000000E+0	0.000000E+0	0.000000E+0	0.000000E+0
35.0    	150     	1.095071E-1 	6.807645E-5	1.53E+0    	35.00     	3399.80	24.2 	35.5 	0.000000E+0	0.000000E+0	0.000000E+0	0.000000E+0	0.000000E+0	0.000000E+0	0.000000E+0	0.000000E+0
35.0    	151     	3.342879E-2 	1.205427E-4	1.39E+0    	35.00     	3401.70	24.2 	35.5 	0.000000E+0	0.000000E+0	0.000000E+0	0.000000E+0	0.000000E+0	0.000000E+0	0.000000E+0	0.000000E+0
35.0    	152     	3.303688E-2 	2.285176E-4	1.24E+0    	35.00     	3403.63	24.2 	35.5 	0.000000E+0	0.000000E+0	0.000000E+0	0.000000E+0	0.000000E+0	0.000000E+0	0.000000E+0	0.000000E+0
35.0    	153     	3.322397E-2 	8.845742E-5	1.52E+0    	35.00     	3405.54	24.2 	35.5 	0.000000E+0	0.000000E+0	0.000000E+0	0.000000E+0	0.000000E+0	0.000000E+0	0.000000E+0	0.000000E+0
35.0    	154     	3.316762E-2 	2.004789E-4	1.55E+0    	35.00     	3407.47	24.2 	35.5 	0.000000E+0	0.000000E+0	0.000000E+0	0.000000E+0	0.000000E+0	0.000000E+0	0.000000E+0	0.000000E+0
35.0    	155     	9.006340E-2 	1.131259E-4	1.40E+0    	35.00     	3409.38	24.2 	35.5 	0.000000E+0	0.000000E+0	0.000000E+0	0.000000E+0	0.000000E+0	0.000000E+0	0.000000E+0	0.000000E+0
35.0    	156     	3.079645E-2 	1.920119E-5	1.37E+0    	35.00     	3411.30	24.2 	35.5 	0.000000E+0	0.000000E+0	0.000000E+0	0.000000E+0	0.000000E+0	0.000000E+0	0.000000E+0	0.000000E+0
35.0    	157     	3.042826E-2 	1.680242E-5	1.55E+0    	35.00     	3413.21	24.2 	35.5 	0.000000E+0	0.000000E+0	0.000000E+0	0.000000E+0	0.000000E+0	0.000000E+0	0.000000E+0	0.000000E+0
35.0    	158     	3.073535E-2 	8.119546E-5	1.33E+0    	35.00     	3415.13	24.2 	35.5 	0.000000E+0	0.000000E+0	0.000000E+0	0.000000E+0	0.000000E+0	0.000000E+0	0.000000E+0	0.000000E+0
35.0    	159     	4.406647E-2 	2.081968E-4	1.43E+0    	35.00     	3417.05	24.2 	35.5 	0.000000E+0	0.000000E+0	0.000000E+0	0.000000E+0	0.000000E+0	0.000000E+0	0.000000E+0	0.000000E+0
35.0    	160     	9.694263E-2 	7.250503E-5	1.47E+0    	35.00     	3418.97	24.2 	35.5 	0.000000E+0	0.000000E+0	0.000000E+0	0.000000E+0	0.000000E+0	0.000000E+0	0.000000E+0	0.000000E+0
35.0    	161     	1.016682E-1 	6.704717E-5	1.17E+0    	35.00     	3420.88	24.2 	35.5 	0.000000E+0	0.000000E+0	0.000000E+0	0.000000E+0	0.000000E+0	0.000000E+0	0.000000E+0	0.000000E+0
35.0    	162     	3.752343E-2 	9.731475E-5	1.55E+0    	35.00     	3422.80	24.2 	35.5 	0.000000E+0	0.000000E+0	0.000000E+0	0.000000E+0	0.000000E+0	0.000000E+0	0.000000E+0	0.000000E+0
35.0    	163     	4.639396E-2 	9.723394E-5	1.29E+0    	35.00     	3424.71	24.2 	35.5 	0.000000E+0	0.000000E+0	0.000000E+0	0.000000E+0	0.000000E+0	0.000000E+0	0.000000E+0	0.000000E+0
35.0    	164     	1.753866E-3 	1.934214E-4	1.33E+0    	35.00     	3426.62	24.2 	35.5 	0.000000E+0	0.000000E+0	0.000000E+0	0.000000E+0	0.000000E+0	0.000000E+0	0.000000E+0	0.000000E+0
35.0    	165     	3.705079E-2 	8.795502E-5	1.24E+0    	35.00     	3428.55	24.2 	35.5 	0.000000E+0	0.000000E+0	0.000000E+0	0.000000E+0	0.000000E+0	0.000000E+0	0.000000E+0	0.000000E+0
35.0    	166     	3.558185E-2 	8.906128E-5	1.34E+0    	35.00     	3430.46	24.2 	35.5 	0.000000E+0	0.000000E+0	0.000000E+0	0.000000E+0	0.000000E+0	0.000000E+0	0.000000E+0	0.000000E+0
35.0    	167     	3.478628E-2 	2.832111E-5	1.49E+0    	35.00     	3432.39	24.2 	35.5 	0.000000E+0	0.000000E+0	0.000000E+0	0.000000E+0	0.000000E+0	0.000000E+0	0.000000E+0	0.000000E+0
35.0    	168     	4.919379E-2 	2.241308E-4	1.34E+0    	35.00     	3434.30	24.2 	35.5 	0.000000E+0	0.000000E+0	0.000000E+0	0.000000E+0	0.000000E+0	0.000000E+0	0.000000E+0	0.000000E+0
35.0    	169     	3.244962E-2 	1.246079E-4	1.26E+0    	35.00     	3436.22	24.2 	35.5 	0.000000E+0	0.000000E+0	0.000000E+0	0.000000E+0	0.000000E+0	0.000000E+0	0.000000E+0	0.000000E+0
35.0    	170     	3.170472E-2 	1.532789E-4	1.49E+0    	35.00     	3438.13	24.2 	35.5 	0.000000E+0	0.000000E+0	0.000000E+0	0.000000E+0	0.000000E+0	0.000000E+0	0.000000E+0	0.000000E+0
35.0    	171     	6.853512E-2 	1.006989E-4	1.44E+0    	35.00     	3440.05	24.2 	35.5 	0.000000E+0	0.000000E+0	0.000000E+0	0.000000E+0	0.000000E+0	0.000000E+0	0.000000E+0	0.000000E+0
35.0    	172     	3.020666E-2 	1.766805E-4	1.15E+0    	35.00     	3441.96	24.2 	35.5 	0.000000E+0	0.000000E+0	0.000000E+0	0.000000E+0	0.000000E+0	0.000000E+0	0.000000E+0	0.000000E+0
35.0    	173     	2.994485E-2 	1.385619E-4	1.60E+0    	35.00     	3443.89	24.2 	35.5 	0.000000E+0	0.000000E+0	0.000000E+0	0.000000E+0	0.000000E+0	0.000000E+0	0.000000E+0	0.000000E+0
35.0    	174     	2.968526E-2 	1.727225E-4	1.53E+0    	35.00     	3445.80	24.2 	35.5 	0.000000E+0	0.000000E+0	0.000000E+0	0.000000E+0	0.000000E+0	0.000000E+0	0.000000E+0	0.000000E+0
35.0    	175     	5.642380E-2 	6.388752E-5	1.66E+0    	35.00     	3447.71	24.2 	35.5 	0.000000E+0	0.000000E+0	0.000000E+0	0.000000E+0	0.000000E+0	0.000000E+0	0.000000E+0	0.000000E+0
35.0    	176     	9.755396E-2 	7.545787E-5	1.56E+0    	35.00     	3449.63	24.2 	35.5 	0.000000E+0	0.000000E+0	0.000000E+0	0.000000E+0	0.000000E+0	0.000000E+0	0.000000E+0	0.000000E+0
35.0    	177     	1.294553E-1 	6.845751E-5	1.31E+0    	35.00     	3451.54	24.2 	35.5 	0.000000E+0	0.000000E+0	0.000000E+0	0.000000E+0	0.000000E+0	0.000000E+0	0.000000E+0	0.000000E+0
35.0    	178     	3.880178E-2 	1.982355E-4	1.69E+0    	35.00     	3453.47	24.2 	35.5 	0.000000E+0	0.000000E+0	0.000000E+0	0.000000E+0	0.000000E+0	0.000000E+0	0.000000E+0	0.000000E+0
35.0    	179     	3.957708E-2 	5.644211E-5	1.47E+0    	35.00     	3455.38	24.2 	35.5 	0.000000E+0	0.000000E+0	0.000000E+0	0.000000E+0	0.000000E+0	0.000000E+0	0.000000E+0	0.000000E+0
35.0    	180     	4.752793E-2 	1.705298E-4	1.41E+0    	35.00     	3457.30	24.2 	35.5 	0.000000E+0	0.000000E+0	0.000000E+0	0.000000E+0	0.000000E+0	0.000000E+0	0.000000E+0	0.000000E+0
35.0    	181     	3.720528E-2 	4.444817E-5	1.72E+0    	35.00     	3459.21	24.2 	35.5 	0.000000E+0	0.000000E+0	0.000000E+0	0.000000E+0	0.000000E+0	0.000000E+0	0.000000E+0	0.000000E+0
35.0    	182     	3.661075E-2 	1.702933E-4	1.45E+0    	35.00     	3461.14	24.2 	35.5 	0.000000E+0	0.000000E+0	0.000000E+0	0.000000E+0	0.000000E+0	0.000000E+0	0.000000E+0	0.000000E+0
35.0    	183     	3.519721E-2 	2.344133E-4	1.38E+0    	35.00     	3463.05	24.2 	35.5 	0.000000E+0	0.000000E+0	0.000000E+0	0.000000E+0	0.000000E+0	0.000000E+0	0.000000E+0	0.000000E+0
35.0    	184     	3.313786E-2 	3.479501E-5	1.43E+0    	35.00     	3464.97	24.2 	35.5 	0.000000E+0	0.000000E+0	0.000000E+0	0.000000E+0	0.000000E+0	0.000000E+0	0.000000E+0	0.000000E+0
35.0    	185     	7.811511E-2 	9.453568E-5	1.43E+0    	35.00     	3466.89	24.2 	35.5 	0.000000E+0	0.000000E+0	0.000000E+0	0.000000E+0	0.000000E+0	0.000000E+0	0.000000E+0	0.000000E+0
35.0    	186     	3.072047E-2 	9.059279E-6	1.61E+0    	35.00     	3468.81	24.2 	35.5 	0.000000E+0	0.000000E+0	0.000000E+0	0.000000E+0	0.000000E+0	0.000000E+0	0.000000E+0	0.000000E+0
35.0    	187     	4.203342E-2 	4.663808E-5	1.57E+0    	35.00     	3470.72	24.2 	35.5 	0.000000E+0	0.000000E+0	0.000000E+0	0.000000E+0	0.000000E+0	0.000000E+0	0.000000E+0	0.000000E+0
35.0    	188     	3.032601E-2 	1.187515E-4	1.58E+0    	35.00     	3472.65	24.2 	35.5 	0.000000E+0	0.000000E+0	0.000000E+0	0.000000E+0	0.000000E+0	0.000000E+0	0.000000E+0	0.000000E+0
35.0    	189     	2.949088E-2 	7.653268E-5	1.49E+0    	35.00     	3474.56	24.2 	35.5 	0.000000E+0	0.000000E+0	0.000000E+0	0.000000E+0	0.000000E+0	0.000000E+0	0.000000E+0	0.000000E+0
35.0    	190     	2.949088E-2 	3.556908E-5	1.65E+0    	35.00     	3476.47	24.2 	35.5 	0.000000E+0	0.000000E+0	0.000000E+0	0.000000E+0	0.000000E+0	0.000000E+0	0.000000E+0	0.000000E+0
35.0    	191     	3.553879E-2 	7.475578E-4	1.21E+0    	35.00     	3478.39	24.2 	35.5 	0.000000E+0	0.000000E+0	0.000000E+0	0.000000E+0	0.000000E+0	0.000000E+0	0.000000E+0	0.000000E+0
35.0    	192     	9.477915E-2 	1.508211E-4	1.59E+0    	35.00     	3480.30	24.2 	35.5 	0.000000E+0	0.000000E+0	0.000000E+0	0.000000E+0	0.000000E+0	0.000000E+0	0.000000E+0	0.000000E+0
35.0    	193     	1.021969E-1 	3.316419E-5	1.57E+0    	35.00     	3482.21	24.2 	35.5 	0.000000E+0	0.000000E+0	0.000000E+0	0.000000E+0	0.000000E+0	0.000000E+0	0.000000E+0	0.000000E+0
35.0    	194     	6.556785E-2 	2.240248E-4	1.55E+0    	35.00     	3484.13	24.2 	35.5 	0.000000E+0	0.000000E+0	0.000000E+0	0.000000E+0	0.000000E+0	0.000000E+0	0.000000E+0	0.000000E+0
35.0    	195     	3.878944E-2 	1.895076E-4	1.33E+0    	35.00     	3486.05	24.2 	35.5 	0.000000E+0	0.000000E+0	0.000000E+0	0.000000E+0	0.000000E+0	0.000000E+0	0.000000E+0	0.000000E+0
35.0    	196     	3.767792E-2 	1.948103E-4	1.43E+0    	35.00     	3487.96	24.2 	35.5 	0.000000E+0	0.000000E+0	0.000000E+0	0.000000E+0	0.000000E+0	0.000000E+0	0.000000E+0	0.000000E+0
35.0    	197     	3.725305E-2 	1.077373E-4	1.48E+0    	35.00     	3489.88	24.2 	35.5 	0.000000E+0	0.000000E+0	0.000000E+0	0.000000E+0	0.000000E+0	0.000000E+0	0.000000E+0	0.000000E+0
35.0    	198     	4.704706E-2 	9.024320E-5	1.36E+0    	35.00     	3491.80	24.2 	35.5 	0.000000E+0	0.000000E+0	0.000000E+0	0.000000E+0	0.000000E+0	0.000000E+0	0.000000E+0	0.000000E+0
35.0    	199     	3.509908E-2 	3.165975E-4	1.48E+0    	35.00     	3493.72	24.2 	35.5 	0.000000E+0	0.000000E+0	0.000000E+0	0.000000E+0	0.000000E+0	0.000000E+0	0.000000E+0	0.000000E+0
35.0    	200     	3.290993E-2 	1.602684E-4	1.25E+0    	35.00     	3495.63	24.2 	35.5 	0.000000E+0	0.000000E+0	0.000000E+0	0.000000E+0	0.000000E+0	0.000000E+0	0.000000E+0	0.000000E+0
35.0    	201     	7.933456E-2 	5.379429E-5	1.30E+0    	35.00     	3497.55	24.2 	35.5 	0.000000E+0	0.000000E+0	0.000000E+0	0.000000E+0	0.000000E+0	0.000000E+0	0.000000E+0	0.000000E+0
35.0    	202     	4.795596E-2 	1.282289E-4	1.46E+0    	35.00     	3499.48	24.2 	35.5 	0.000000E+0	0.000000E+0	0.000000E+0	0.000000E+0	0.000000E+0	0.000000E+0	0.000000E+0	0.000000E+0
35.0    	203     	3.014904E-2 	8.252798E-5	1.53E+0    	35.00     	3501.39	24.2 	35.5 	0.000000E+0	0.000000E+0	0.000000E+0	0.000000E+0	0.000000E+0	0.000000E+0	0.000000E+0	0.000000E+0
35.0    	204     	2.899005E-2 	6.404497E-5	1.17E+0    	35.00     	3503.31	24.2 	35.5 	0.000000E+0	0.000000E+0	0.000000E+0	0.000000E+0	0.000000E+0	0.000000E+0	0.000000E+0	0.000000E+0
35.0    	205     	2.903880E-2 	2.921658E-4	1.37E+0    	35.00     	3505.23	24.2 	35.5 	0.000000E+0	0.000000E+0	0.000000E+0	0.000000E+0	0.000000E+0	0.000000E+0	0.000000E+0	0.000000E+0
35.0    	206     	2.899702E-2 	5.844586E-5	1.56E+0    	35.00     	3507.14	24.2 	35.5 	0.000000E+0	0.000000E+0	0.000000E+0	0.000000E+0	0.000000E+0	0.000000E+0	0.000000E+0	0.000000E+0
35.0    	207     	3.037571E-2 	5.108772E-5	1.29E+0    	35.00     	3509.06	24.2 	35.5 	0.000000E+0	0.000000E+0	0.000000E+0	0.000000E+0	0.000000E+0	0.000000E+0	0.000000E+0	0.000000E+0
35.0    	208     	1.009423E-1 	2.017864E-4	1.64E+0    	35.00     	3510.97	24.2 	35.5 	0.000000E+0	0.000000E+0	0.000000E+0	0.000000E+0	0.000000E+0	0.000000E+0	0.000000E+0	0.000000E+0
35.0    	209     	1.052022E-1 	4.370961E-5	1.61E+0    	35.00     	3512.90	24.2 	35.5 	0.000000E+0	0.000000E+0	0.000000E+0	0.000000E+0	0.000000E+0	0.000000E+0	0.000000E+0	0.000000E+0
35.0    	210     	4.103175E-2 	1.316141E-4	1.13E+0    	35.00     	3514.81	24.2 	35.5 	0.000000E+0	0.000000E+0	0.000000E+0	0.000000E+0	0.000000E+0	0.000000E+0	0.000000E+0	0.000000E+0
35.0    	211     	3.929118E-2 	1.107084E-4	1.63E+0    	35.00     	3516.72	24.2 	35.5 	0.000000E+0	0.000000E+0	0.000000E+0	0.000000E+0	0.000000E+0	0.000000E+0	0.000000E+0	0.000000E+0
35.0    	212     	8.409177E-2 	8.706092E-5	1.49E+0    	35.00     	3518.65	24.2 	35.5 	0.000000E+0	0.000000E+0	0.000000E+0	0.000000E+0	0.000000E+0	0.000000E+0	0.000000E+0	0.000000E+0
35.0    	213     	3.616056E-2 	1.815916E-4	1.44E+0    	35.00     	3520.56	24.2 	35.5 	0.000000E+0	0.000000E+0	0.000000E+0	0.000000E+0	0.000000E+0	0.000000E+0	0.000000E+0	0.000000E+0
35.0    	214     	3.508132E-2 	1.542842E-4	1.56E+0    	35.00     	3522.47	24.2 	35.5 	0.000000E+0	0.000000E+0	0.000000E+0	0.000000E+0	0.000000E+0	0.000000E+0	0.000000E+0	0.000000E+0
35.0    	215     	3.341361E-2 	8.547200E-5	1.38E+0    	35.00     	3524.39	24.2 	35.5 	0.000000E+0	0.000000E+0	0.000000E+0	0.000000E+0	0.000000E+0	0.000000E+0	0.000000E+0	0.000000E+0
35.0    	216     	3.207130E-2 	1.819399E-5	1.21E+0    	35.00     	3526.31	24.2 	35.5 	0.000000E+0	0.000000E+0	0.000000E+0	0.000000E+0	0.000000E+0	0.000000E+0	0.000000E+0	0.000000E+0
35.0    	217     	3.085406E-2 	1.437732E-5	1.20E+0    	35.00     	3528.22	24.2 	35.5 	0.000000E+0	0.000000E+0	0.000000E+0	0.000000E+0	0.000000E+0	0.000000E+0	0.000000E+0	0.000000E+0
35.0    	218     	2.979701E-2 	2.297857E-4	1.46E+0    	35.00     	3530.15	24.2 	35.5 	0.000000E+0	0.000000E+0	0.000000E+0	0.000000E+0	0.000000E+0	0.000000E+0	0.000000E+0	0.000000E+0
35.0    	219     	2.920406E-2 	1.498875E-4	1.60E+0    	35.00     	3532.07	24.2 	35.5 	0.000000E+0	0.000000E+0	0.000000E+0	0.000000E+0	0.000000E+0	0.000000E+0	0.000000E+0	0.000000E+0
35.0    	220     	2.882766E-2 	1.094057E-4	1.31E+0    	35.00     	3533.99	24.2 	35.5 	0.000000E+0	0.000000E+0	0.000000E+0	0.000000E+0	0.000000E+0	0.000000E+0	0.000000E+0	0.000000E+0
35.0    	221     	4.390977E-2 	1.444437E-4	1.34E+0    	35.00     	3535.91	24.2 	35.5 	0.000000E+0	0.000000E+0	0.000000E+0	0.000000E+0	0.000000E+0	0.000000E+0	0.000000E+0	0.000000E+0
35.0    	222     	2.962511E-2 	1.673290E-4	1.41E+0    	35.00     	3537.82	24.2 	35.5 	0.000000E+0	0.000000E+0	0.000000E+0	0.000000E+0	0.000000E+0	0.000000E+0	0.000000E+0	0.000000E+0
35.0    	223     	3.210488E-2 	2.169636E-4	1.36E+0    	35.00     	3539.73	24.2 	35.5 	0.000000E+0	0.000000E+0	0.000000E+0	0.000000E+0	0.000000E+0	0.000000E+0	0.000000E+0	0.000000E+0
35.0    	224     	1.043332E-1 	1.706793E-4	1.57E+0    	35.00     	3541.66	24.2 	35.5 	0.000000E+0	0.000000E+0	0.000000E+0	0.000000E+0	0.000000E+0	0.000000E+0	0.000000E+0	0.000000E+0
35.0    	225     	1.133861E-1 	2.499528E-4	1.62E+0    	35.00     	3543.57	24.2 	35.5 	0.000000E+0	0.000000E+0	0.000000E+0	0.000000E+0	0.000000E+0	0.000000E+0	0.000000E+0	0.000000E+0
35.0    	226     	4.164939E-2 	7.601708E-5	1.40E+0    	35.00     	3545.49	24.2 	35.5 	0.000000E+0	0.000000E+0	0.000000E+0	0.000000E+0	0.000000E+0	0.000000E+0	0.000000E+0	0.000000E+0
35.0    	227     	3.951436E-2 	7.880487E-5	1.37E+0    	35.00     	3547.41	24.2 	35.5 	0.000000E+0	0.000000E+0	0.000000E+0	0.000000E+0	0.000000E+0	0.000000E+0	0.000000E+0	0.000000E+0
35.0    	228     	3.715650E-2 	2.839058E-4	1.69E+0    	35.00     	3549.34	24.2 	35.5 	0.000000E+0	0.000000E+0	0.000000E+0	0.000000E+0	0.000000E+0	0.000000E+0	0.000000E+0	0.000000E+0
35.0    	229     	5.019036E-2 	1.662691E-4	1.39E+0    	35.00     	3551.25	24.2 	35.5 	0.000000E+0	0.000000E+0	0.000000E+0	0.000000E+0	0.000000E+0	0.000000E+0	0.000000E+0	0.000000E+0
35.0    	230     	4.449795E-2 	3.518410E-5	1.77E+0    	35.00     	3553.18	24.2 	35.5 	0.000000E+0	0.000000E+0	0.000000E+0	0.000000E+0	0.000000E+0	0.000000E+0	0.000000E+0	0.000000E+0
35.0    	231     	3.290708E-2 	6.364311E-5	1.64E+0    	35.00     	3555.09	24.2 	35.5 	0.000000E+0	0.000000E+0	0.000000E+0	0.000000E+0	0.000000E+0	0.000000E+0	0.000000E+0	0.000000E+0
35.0    	232     	3.203111E-2 	1.241959E-4	1.20E+0    	35.00     	3557.02	24.2 	35.5 	0.000000E+0	0.000000E+0	0.000000E+0	0.000000E+0	0.000000E+0	0.000000E+0	0.000000E+0	0.000000E+0
35.0    	233     	3.119154E-2 	1.235176E-4	1.20E+0    	35.00     	3558.93	24.2 	35.5 	0.000000E+0	0.000000E+0	0.000000E+0	0.000000E+0	0.000000E+0	0.000000E+0	0.000000E+0	0.000000E+0
35.0    	234     	3.841840E-2 	1.228200E-4	1.36E+0    	35.00     	3560.84	24.2 	35.5 	0.000000E+0	0.000000E+0	0.000000E+0	0.000000E+0	0.000000E+0	0.000000E+0	0.000000E+0	0.000000E+0
35.0    	235     	2.915879E-2 	1.614559E-4	1.37E+0    	35.00     	3562.76	24.2 	35.5 	0.000000E+0	0.000000E+0	0.000000E+0	0.000000E+0	0.000000E+0	0.000000E+0	0.000000E+0	0.000000E+0
35.0    	236     	2.870734E-2 	6.613826E-5	1.17E+0    	35.00     	3564.68	24.2 	35.5 	0.000000E+0	0.000000E+0	0.000000E+0	0.000000E+0	0.000000E+0	0.000000E+0	0.000000E+0	0.000000E+0
35.0    	237     	2.898530E-2 	1.458160E-4	1.62E+0    	35.00     	3566.59	24.2 	35.5 	0.000000E+0	0.000000E+0	0.000000E+0	0.000000E+0	0.000000E+0	0.000000E+0	0.000000E+0	0.000000E+0
35.0    	238     	8.213911E-2 	9.599941E-4	1.22E+0    	35.00     	3568.52	24.2 	35.5 	0.000000E+0	0.000000E+0	0.000000E+0	0.000000E+0	0.000000E+0	0.000000E+0	0.000000E+0	0.000000E+0
35.0    	239     	4.434790E-2 	1.104828E-4	1.43E+0    	35.00     	3570.43	24.2 	35.5 	0.000000E+0	0.000000E+0	0.000000E+0	0.000000E+0	0.000000E+0	0.000000E+0	0.000000E+0	0.000000E+0
35.0    	240     	1.217337E-1 	1.757938E-4	1.34E+0    	35.00     	3572.36	24.2 	35.5 	0.000000E+0	0.000000E+0	0.000000E+0	0.000000E+0	0.000000E+0	0.000000E+0	0.000000E+0	0.000000E+0
35.0    	241     	1.983419E-1 	4.898881E-5	1.52E+0    	35.00     	3574.28	24.2 	35.5 	0.000000E+0	0.000000E+0	0.000000E+0	0.000000E+0	0.000000E+0	0.000000E+0	0.000000E+0	0.000000E+0
35.0    	242     	1.087133E-1 	1.303596E-4	1.33E+0    	35.00     	3576.19	24.2 	35.5 	0.000000E+0	0.000000E+0	0.000000E+0	0.000000E+0	0.000000E+0	0.000000E+0	0.000000E+0	0.000000E+0
35.0    	243     	1.017059E-1 	1.570870E-4	1.38E+0    	35.00     	3578.10	24.2 	35.5 	0.000000E+0	0.000000E+0	0.000000E+0	0.000000E+0	0.000000E+0	0.000000E+0	0.000000E+0	0.000000E+0
35.0    	244     	9.812537E-2 	1.272149E-4	1.51E+0    	35.00     	3580.03	24.2 	35.5 	0.000000E+0	0.000000E+0	0.000000E+0	0.000000E+0	0.000000E+0	0.000000E+0	0.000000E+0	0.000000E+0
35.0    	245     	9.566740E-2 	1.277182E-4	1.49E+0    	35.00     	3581.94	24.2 	35.5 	0.000000E+0	0.000000E+0	0.000000E+0	0.000000E+0	0.000000E+0	0.000000E+0	0.000000E+0	0.000000E+0
35.0    	246     	9.325639E-2 	6.452707E-5	1.25E+0    	35.00     	3583.86	24.2 	35.5 	0.000000E+0	0.000000E+0	0.000000E+0	0.000000E+0	0.000000E+0	0.000000E+0	0.000000E+0	0.000000E+0
35.0    	247     	9.226013E-2 	1.017575E-4	1.40E+0    	35.00     	3585.78	24.2 	35.5 	0.000000E+0	0.000000E+0	0.000000E+0	0.000000E+0	0.000000E+0	0.000000E+0	0.000000E+0	0.000000E+0
35.0    	248     	1.142500E-1 	1.784716E-4	1.40E+0    	35.00     	3587.70	24.2 	35.5 	0.000000E+0	0.000000E+0	0.000000E+0	0.000000E+0	0.000000E+0	0.000000E+0	0.000000E+0	0.000000E+0
35.0    	249     	1.269448E-1 	1.485271E-4	1.43E+0    	35.00     	3589.61	24.2 	35.5 	0.000000E+0	0.000000E+0	0.000000E+0	0.000000E+0	0.000000E+0	0.000000E+0	0.000000E+0	0.000000E+0
35.0    	250     	8.961643E-2 	5.186847E-5	1.20E+0    	35.00     	3591.54	24.2 	35.5 	0.000000E+0	0.000000E+0	0.000000E+0	0.000000E+0	0.000000E+0	0.000000E+0	0.000000E+0	0.000000E+0
35.0    	251     	8.867141E-2 	8.976867E-5	1.49E+0    	35.00     	3593.46	24.2 	35.5 	0.000000E+0	0.000000E+0	0.000000E+0	0.000000E+0	0.000000E+0	0.000000E+0	0.000000E+0	0.000000E+0
35.0    	252     	9.961996E-2 	1.481416E-4	1.33E+0    	35.00     	3595.37	24.2 	35.5 	0.000000E+0	0.000000E+0	0.000000E+0	0.000000E+0	0.000000E+0	0.000000E+0	0.000000E+0	0.000000E+0
35.0    	253     	1.080748E-1 	1.899008E-4	1.36E+0    	35.00     	3597.29	24.2 	35.5 	0.000000E+0	0.000000E+0	0.000000E+0	0.000000E+0	0.000000E+0	0.000000E+0	0.000000E+0	0.000000E+0
35.0    	254     	2.387399E-1 	1.539162E-4	1.33E+0    	35.00     	3599.21	24.2 	35.5 	0.000000E+0	0.000000E+0	0.000000E+0	0.000000E+0	0.000000E+0	0.000000E+0	0.000000E+0	0.000000E+0
35.0    	255     	1.140303E-1 	9.996881E-5	1.55E+0    	35.00     	3601.13	24.2 	35.5 	0.000000E+0	0.000000E+0	0.000000E+0	0.000000E+0	0.000000E+0	0.000000E+0	0.000000E+0	0.000000E+0
35.0    	256     	2.382016E-1 	9.927746E-5	1.51E+0    	35.00     	3603.05	24.2 	35.5 	0.000000E+0	0.000000E+0	0.000000E+0	0.000000E+0	0.000000E+0	0.000000E+0	0.000000E+0	0.000000E+0
35.0    	257     	1.858653E-3 	1.746741E-4	1.27E+0    	35.00     	3604.96	24.2 	35.5 	0.000000E+0	0.000000E+0	0.000000E+0	0.000000E+0	0.000000E+0	0.000000E+0	0.000000E+0	0.000000E+0
35.0    	258     	1.579431E-3 	9.462316E-5	1.57E+0    	35.00     	3606.89	24.2 	35.5 	0.000000E+0	0.000000E+0	0.000000E+0	0.000000E+0	0.000000E+0	0.000000E+0	0.000000E+0	0.000000E+0
35.0    	259     	1.713977E-3 	1.723574E-5	1.43E+0    	35.00     	3608.80	24.2 	35.5 	0.000000E+0	0.000000E+0	0.000000E+0	0.000000E+0	0.000000E+0	0.000000E+0	0.000000E+0	0.000000E+0
35.0    	260     	1.889995E-3 	9.017200E-5	1.58E+0    	35.00     	3610.73	24.2 	35.5 	0.000000E+0	0.000000E+0	0.000000E+0	0.000000E+0	0.000000E+0	0.000000E+0	0.000000E+0	0.000000E+0
35.0    	261     	1.779509E-3 	2.669942E-5	1.26E+0    	35.00     	3612.64	24.2 	35.5 	0.000000E+0	0.000000E+0	0.000000E+0	0.000000E+0	0.000000E+0	0.000000E+0	0.000000E+0	0.000000E+0
35.0    	262     	1.677253E-3 	1.186762E-4	1.34E+0    	35.00     	3614.57	24.2 	35.5 	0.000000E+0	0.000000E+0	0.000000E+0	0.000000E+0	0.000000E+0	0.000000E+0	0.000000E+0	0.000000E+0
35.0    	263     	1.112795E-3 	2.995962E-4	1.46E+0    	35.00     	3616.48	24.2 	35.5 	0.000000E+0	0.000000E+0	0.000000E+0	0.000000E+0	0.000000E+0	0.000000E+0	0.000000E+0	0.000000E+0
35.0    	264     	-1.262951E-3	3.499782E-4	1.69E+0    	35.00     	3618.40	24.2 	35.5 	0.000000E+0	0.000000E+0	0.000000E+0	0.000000E+0	0.000000E+0	0.000000E+0	0.000000E+0	0.000000E+0
40.0    	1       	2.126358E-1 	8.537010E-5	2.98E+1    	40.00     	3635.18	24.2 	35.5 	0.000000E+0	0.000000E+0	0.000000E+0	0.000000E+0	0.000000E+0	0.000000E+0	0.000000E+0	0.000000E+0
40.0    	2       	1.813760E-1 	1.192235E-4	2.95E+0    	40.00     	3636.96	24.2 	35.5 	0.000000E+0	0.000000E+0	0.000000E+0	0.000000E+0	0.000000E+0	0.000000E+0	0.000000E+0	0.000000E+0
40.0    	3       	1.988767E-3 	9.497982E-5	1.80E+0    	40.00     	3639.01	24.2 	35.5 	0.000000E+0	0.000000E+0	0.000000E+0	0.000000E+0	0.000000E+0	0.000000E+0	0.000000E+0	0.000000E+0
40.0    	4       	1.313215E-1 	1.992418E-4	1.41E+0    	40.00     	3640.93	24.2 	35.5 	0.000000E+0	0.000000E+0	0.000000E+0	0.000000E+0	0.000000E+0	0.000000E+0	0.000000E+0	0.000000E+0
40.0    	5       	1.158674E-1 	3.878299E-5	1.49E+0    	40.00     	3642.84	24.2 	35.5 	0.000000E+0	0.000000E+0	0.000000E+0	0.000000E+0	0.000000E+0	0.000000E+0	0.000000E+0	0.000000E+0
40.0    	6       	1.142620E-1 	1.312646E-4	1.49E+0    	40.00     	3644.75	24.2 	35.5 	0.000000E+0	0.000000E+0	0.000000E+0	0.000000E+0	0.000000E+0	0.000000E+0	0.000000E+0	0.000000E+0
40.0    	7       	1.119291E-1 	6.235118E-5	1.57E+0    	40.00     	3646.68	24.2 	35.5 	0.000000E+0	0.000000E+0	0.000000E+0	0.000000E+0	0.000000E+0	0.000000E+0	0.000000E+0	0.000000E+0
40.0    	8       	1.095447E-1 	1.522272E-4	1.56E+0    	40.00     	3648.59	24.2 	35.5 	0.000000E+0	0.000000E+0	0.000000E+0	0.000000E+0	0.000000E+0	0.000000E+0	0.000000E+0	0.000000E+0
40.0    	9       	1.242611E-1 	1.115941E-2	1.36E+0    	40.00     	3650.52	24.2 	35.5 	0.000000E+0	0.000000E+0	0.000000E+0	0.000000E+0	0.000000E+0	0.000000E+0	0.000000E+0	0.000000E+0
40.0    	10      	1.079020E-1 	7.071813E-5	1.30E+0    	40.00     	3652.43	24.2 	35.5 	0.000000E+0	0.000000E+0	0.000000E+0	0.000000E+0	0.000000E+0	0.000000E+0	0.000000E+0	0.000000E+0
40.0    	11      	1.077430E-1 	1.195696E-4	1.65E+0    	40.00     	3654.34	24.2 	35.5 	0.000000E+0	0.000000E+0	0.000000E+0	0.000000E+0	0.000000E+0	0.000000E+0	0.000000E+0	0.000000E+0
40.0    	12      	1.072466E-1 	1.919622E-4	1.56E+0    	40.00     	3656.26	24.2 	35.5 	0.000000E+0	0.000000E+0	0.000000E+0	0.000000E+0	0.000000E+0	0.000000E+0	0.000000E+0	0.000000E+0
40.0    	13      	1.112149E-1 	1.919331E-4	1.63E+0    	40.00     	3658.18	24.2 	35.5 	0.000000E+0	0.000000E+0	0.000000E+0	0.000000E+0	0.000000E+0	0.000000E+0	0.000000E+0	0.000000E+0
40.0    	14      	1.144326E-1 	8.441874E-5	1.74E+0    	40.00     	3660.10	24.2 	35.5 	0.000000E+0	0.000000E+0	0.000000E+0	0.000000E+0	0.000000E+0	0.000000E+0	0.000000E+0	0.000000E+0
40.0    	15      	1.213609E-1 	8.581569E-6	1.39E+0    	40.00     	3662.02	24.2 	35.5 	0.000000E+0	0.000000E+0	0.000000E+0	0.000000E+0	0.000000E+0	0.000000E+0	0.000000E+0	0.000000E+0
40.0    	16      	2.046900E-1 	9.227905E-5	1.40E+0    	40.00     	3663.93	24.2 	35.5 	0.000000E+0	0.000000E+0	0.000000E+0	0.000000E+0	0.000000E+0	0.000000E+0	0.000000E+0	0.000000E+0
40.0    	17      	1.146916E-1 	1.033736E-4	1.50E+0    	40.00     	3665.84	24.2 	35.5 	0.000000E+0	0.000000E+0	0.000000E+0	0.000000E+0	0.000000E+0	0.000000E+0	0.000000E+0	0.000000E+0
40.0    	18      	4.385117E-2 	1.006219E-4	1.64E+0    	40.00     	3667.76	24.2 	35.5 	0.000000E+0	0.000000E+0	0.000000E+0	0.000000E+0	0.000000E+0	0.000000E+0	0.000000E+0	0.000000E+0
40.0    	19      	7.795457E-2 	1.329003E-5	1.63E+0    	40.00     	3669.67	24.2 	35.5 	0.000000E+0	0.000000E+0	0.000000E+0	0.000000E+0	0.000000E+0	0.000000E+0	0.000000E+0	0.000000E+0
40.0    	20      	4.192448E-2 	2.873788E-4	1.67E+0    	40.00     	3671.60	24.2 	35.5 	0.000000E+0	0.000000E+0	0.000000E+0	0.000000E+0	0.000000E+0	0.000000E+0	0.000000E+0	0.000000E+0
40.0    	21      	4.190582E-2 	2.364174E-4	1.54E+0    	40.00     	3673.51	24.2 	35.5 	0.000000E+0	0.000000E+0	0.000000E+0	0.000000E+0	0.000000E+0	0.000000E+0	0.000000E+0	0.000000E+0
40.0    	22      	4.091332E-2 	1.118404E-4	1.49E+0    	40.00     	3675.44	24.2 	35.5 	0.000000E+0	0.000000E+0	0.000000E+0	0.000000E+0	0.000000E+0	0.000000E+0	0.000000E+0	0.000000E+0
40.0    	23      	4.112956E-2 	1.581654E-4	1.71E+0    	40.00     	3677.35	24.2 	35.5 	0.000000E+0	0.000000E+0	0.000000E+0	0.000000E+0	0.000000E+0	0.000000E+0	0.000000E+0	0.000000E+0
40.0    	24      	5.313673E-2 	1.383595E-4	1.70E+0    	40.00     	3679.27	24.2 	35.5 	0.000000E+0	0.000000E+0	0.000000E+0	0.000000E+0	0.000000E+0	0.000000E+0	0.000000E+0	0.000000E+0
40.0    	25      	5.509858E-2 	3.206802E-4	1.60E+0    	40.00     	3681.18	24.2 	35.5 	0.000000E+0	0.000000E+0	0.000000E+0	0.000000E+0	0.000000E+0	0.000000E+0	0.000000E+0	0.000000E+0
40.0    	26      	3.972457E-2 	2.350452E-4	1.89E+0    	40.00     	3683.10	24.2 	35.5 	0.000000E+0	0.000000E+0	0.000000E+0	0.000000E+0	0.000000E+0	0.000000E+0	0.000000E+0	0.000000E+0
40.0    	27      	5.769862E-2 	1.044754E-4	1.55E+0    	40.00     	3685.01	24.2 	35.5 	0.000000E+0	0.000000E+0	0.000000E+0	0.000000E+0	0.000000E+0	0.000000E+0	0.000000E+0	0.000000E+0
40.0    	28      	4.133246E-2 	4.786292E-4	1.72E+0    	40.00     	3686.94	24.2 	35.5 	0.000000E+0	0.000000E+0	0.000000E+0	0.000000E+0	0.000000E+0	0.000000E+0	0.000000E+0	0.000000E+0
40.0    	29      	4.293626E-2 	5.691157E-4	1.27E+0    	40.00     	3688.86	24.2 	35.5 	0.000000E+0	0.000000E+0	0.000000E+0	0.000000E+0	0.000000E+0	0.000000E+0	0.000000E+0	0.000000E+0
40.0    	30      	9.751117E-2 	7.437697E-5	1.53E+0    	40.00     	3690.78	24.2 	35.5 	0.000000E+0	0.000000E+0	0.000000E+0	0.000000E+0	0.000000E+0	0.000000E+0	0.000000E+0	0.000000E+0
40.0    	31      	7.077520E-2 	9.023136E-5	1.61E+0    	40.00     	3692.70	24.2 	35.5 	0.000000E+0	0.000000E+0	0.000000E+0	0.000000E+0	0.000000E+0	0.000000E+0	0.000000E+0	0.000000E+0
40.0    	32      	1.189451E-1 	1.152962E-4	1.64E+0    	40.00     	3694.61	24.2 	35.5 	0.000000E+0	0.000000E+0	0.000000E+0	0.000000E+0	0.000000E+0	0.000000E+0	0.000000E+0	0.000000E+0
40.0    	33      	1.080263E-1 	1.290626E-4	1.42E+0    	40.00     	3696.52	24.2 	35.5 	0.000000E+0	0.000000E+0	0.000000E+0	0.000000E+0	0.000000E+0	0.000000E+0	0.000000E+0	0.000000E+0
40.0    	34      	5.718799E-2 	7.686725E-5	1.76E+0    	40.00     	3698.44	24.2 	35.5 	0.000000E+0	0.000000E+0	0.000000E+0	0.000000E+0	0.000000E+0	0.000000E+0	0.000000E+0	0.000000E+0
40.0    	35      	3.833226E-2 	7.653781E-5	1.33E+0    	40.00     	3700.37	24.2 	35.5 	0.000000E+0	0.000000E+0	0.000000E+0	0.000000E+0	0.000000E+0	0.000000E+0	0.000000E+0	0.000000E+0
40.0    	36      	6.844580E-2 	1.436452E-4	1.73E+0    	40.00     	3702.29	24.2 	35.5 	0.000000E+0	0.000000E+0	0.000000E+0	0.000000E+0	0.000000E+0	0.000000E+0	0.000000E+0	0.000000E+0
40.0    	37      	3.765541E-2 	1.472251E-4	1.57E+0    	40.00     	3704.20	24.2 	35.5 	0.000000E+0	0.000000E+0	0.000000E+0	0.000000E+0	0.000000E+0	0.000000E+0	0.000000E+0	0.000000E+0
40.0    	38      	3.751834E-2 	8.008903E-5	1.37E+0    	40.00     	3706.14	24.2 	35.5 	0.000000E+0	0.000000E+0	0.000000E+0	0.000000E+0	0.000000E+0	0.000000E+0	0.000000E+0	0.000000E+0
40.0    	39      	3.767694E-2 	1.112452E-4	1.30E+0    	40.00     	3708.05	24.2 	35.5 	0.000000E+0	0.000000E+0	0.000000E+0	0.000000E+0	0.000000E+0	0.000000E+0	0.000000E+0	0.000000E+0
40.0    	40      	3.632390E-2 	7.966639E-5	1.47E+0    	40.00     	3709.97	24.2 	35.5 	0.000000E+0	0.000000E+0	0.000000E+0	0.000000E+0	0.000000E+0	0.000000E+0	0.000000E+0	0.000000E+0
40.0    	41      	3.690546E-2 	1.626532E-4	1.78E+0    	40.00     	3711.88	24.2 	35.5 	0.000000E+0	0.000000E+0	0.000000E+0	0.000000E+0	0.000000E+0	0.000000E+0	0.000000E+0	0.000000E+0
40.0    	42      	3.752528E-2 	1.952282E-4	1.22E+0    	40.00     	3713.80	24.2 	35.5 	0.000000E+0	0.000000E+0	0.000000E+0	0.000000E+0	0.000000E+0	0.000000E+0	0.000000E+0	0.000000E+0
40.0    	43      	3.779912E-2 	1.510799E-4	1.72E+0    	40.00     	3715.71	24.2 	35.5 	0.000000E+0	0.000000E+0	0.000000E+0	0.000000E+0	0.000000E+0	0.000000E+0	0.000000E+0	0.000000E+0
40.0    	44      	5.208126E-2 	6.630319E-5	1.47E+0    	40.00     	3717.63	24.2 	35.5 	0.000000E+0	0.000000E+0	0.000000E+0	0.000000E+0	0.000000E+0	0.000000E+0	0.000000E+0	0.000000E+0
40.0    	45      	4.028902E-2 	9.800895E-5	1.63E+0    	40.00     	3719.54	24.2 	35.5 	0.000000E+0	0.000000E+0	0.000000E+0	0.000000E+0	0.000000E+0	0.000000E+0	0.000000E+0	0.000000E+0
40.0    	46      	4.117639E-2 	8.791661E-5	1.43E+0    	40.00     	3721.47	24.2 	35.5 	0.000000E+0	0.000000E+0	0.000000E+0	0.000000E+0	0.000000E+0	0.000000E+0	0.000000E+0	0.000000E+0
40.0    	47      	4.370046E-2 	3.015449E-5	1.40E+0    	40.00     	3723.38	24.2 	35.5 	0.000000E+0	0.000000E+0	0.000000E+0	0.000000E+0	0.000000E+0	0.000000E+0	0.000000E+0	0.000000E+0
40.0    	48      	1.541854E-1 	6.274207E-4	1.45E+0    	40.00     	3725.31	24.2 	35.5 	0.000000E+0	0.000000E+0	0.000000E+0	0.000000E+0	0.000000E+0	0.000000E+0	0.000000E+0	0.000000E+0
40.0    	49      	1.333865E-1 	6.346844E-5	1.34E+0    	40.00     	3727.22	24.2 	35.5 	0.000000E+0	0.000000E+0	0.000000E+0	0.000000E+0	0.000000E+0	0.000000E+0	0.000000E+0	0.000000E+0
40.0    	50      	3.780040E-2 	6.452672E-5	1.83E+0    	40.00     	3729.15	24.2 	35.5 	0.000000E+0	0.000000E+0	0.000000E+0	0.000000E+0	0.000000E+0	0.000000E+0	0.000000E+0	0.000000E+0
40.0    	51      	1.560939E-1 	8.021797E-5	1.54E+0    	40.00     	3731.06	24.2 	35.5 	0.000000E+0	0.000000E+0	0.000000E+0	0.000000E+0	0.000000E+0	0.000000E+0	0.000000E+0	0.000000E+0
40.0    	52      	3.651510E-2 	8.718873E-5	1.51E+0    	40.00     	3732.97	24.2 	35.5 	0.000000E+0	0.000000E+0	0.000000E+0	0.000000E+0	0.000000E+0	0.000000E+0	0.000000E+0	0.000000E+0
40.0    	53      	3.780324E-2 	2.747865E-4	1.82E+0    	40.00     	3734.89	24.2 	35.5 	0.000000E+0	0.000000E+0	0.000000E+0	0.000000E+0	0.000000E+0	0.000000E+0	0.000000E+0	0.000000E+0
40.0    	54      	3.471534E-2 	2.817274E-4	1.50E+0    	40.00     	3736.80	24.2 	35.5 	0.000000E+0	0.000000E+0	0.000000E+0	0.000000E+0	0.000000E+0	0.000000E+0	0.000000E+0	0.000000E+0
40.0    	55      	3.472454E-2 	6.614061E-5	1.74E+0    	40.00     	3738.72	24.2 	35.5 	0.000000E+0	0.000000E+0	0.000000E+0	0.000000E+0	0.000000E+0	0.000000E+0	0.000000E+0	0.000000E+0
40.0    	56      	3.421483E-2 	2.016456E-5	1.47E+0    	40.00     	3740.63	24.2 	35.5 	0.000000E+0	0.000000E+0	0.000000E+0	0.000000E+0	0.000000E+0	0.000000E+0	0.000000E+0	0.000000E+0
40.0    	57      	3.795111E-2 	1.114442E-4	1.51E+0    	40.00     	3742.56	24.2 	35.5 	0.000000E+0	0.000000E+0	0.000000E+0	0.000000E+0	0.000000E+0	0.000000E+0	0.000000E+0	0.000000E+0
40.0    	58      	3.582496E-2 	1.060931E-4	1.74E+0    	40.00     	3744.48	24.2 	35.5 	0.000000E+0	0.000000E+0	0.000000E+0	0.000000E+0	0.000000E+0	0.000000E+0	0.000000E+0	0.000000E+0
40.0    	59      	3.615199E-2 	2.520842E-4	1.51E+0    	40.00     	3746.39	24.2 	35.5 	0.000000E+0	0.000000E+0	0.000000E+0	0.000000E+0	0.000000E+0	0.000000E+0	0.000000E+0	0.000000E+0
40.0    	60      	4.690074E-2 	9.412003E-4	1.68E+0    	40.00     	3748.31	24.2 	35.5 	0.000000E+0	0.000000E+0	0.000000E+0	0.000000E+0	0.000000E+0	0.000000E+0	0.000000E+0	0.000000E+0
40.0    	61      	5.195715E-2 	1.289150E-3	1.56E+0    	40.00     	3750.24	24.2 	35.5 	0.000000E+0	0.000000E+0	0.000000E+0	0.000000E+0	0.000000E+0	0.000000E+0	0.000000E+0	0.000000E+0
40.0    	62      	6.721907E-2 	1.400207E-4	1.32E+0    	40.00     	3752.15	24.2 	35.5 	0.000000E+0	0.000000E+0	0.000000E+0	0.000000E+0	0.000000E+0	0.000000E+0	0.000000E+0	0.000000E+0
40.0    	63      	4.424782E-2 	3.143454E-4	1.52E+0    	40.00     	3754.07	24.2 	35.5 	0.000000E+0	0.000000E+0	0.000000E+0	0.000000E+0	0.000000E+0	0.000000E+0	0.000000E+0	0.000000E+0
40.0    	64      	2.333898E-1 	2.315047E-4	1.48E+0    	40.00     	3755.98	24.2 	35.5 	0.000000E+0	0.000000E+0	0.000000E+0	0.000000E+0	0.000000E+0	0.000000E+0	0.000000E+0	0.000000E+0
40.0    	65      	1.029972E-1 	1.415866E-4	1.39E+0    	40.00     	3757.91	24.2 	35.5 	0.000000E+0	0.000000E+0	0.000000E+0	0.000000E+0	0.000000E+0	0.000000E+0	0.000000E+0	0.000000E+0
40.0    	66      	3.590507E-2 	6.951057E-5	1.74E+0    	40.00     	3759.82	24.2 	35.5 	0.000000E+0	0.000000E+0	0.000000E+0	0.000000E+0	0.000000E+0	0.000000E+0	0.000000E+0	0.000000E+0
40.0    	67      	6.553707E-2 	1.286136E-4	1.63E+0    	40.00     	3761.76	24.2 	35.5 	0.000000E+0	0.000000E+0	0.000000E+0	0.000000E+0	0.000000E+0	0.000000E+0	0.000000E+0	0.000000E+0
40.0    	68      	3.613709E-2 	1.913088E-5	1.28E+0    	40.00     	3763.67	24.2 	35.5 	0.000000E+0	0.000000E+0	0.000000E+0	0.000000E+0	0.000000E+0	0.000000E+0	0.000000E+0	0.000000E+0
40.0    	69      	1.316280E+1 	9.075381E-3	1.57E+0    	40.00     	3765.59	24.2 	35.5 	0.000000E+0	0.000000E+0	0.000000E+0	0.000000E+0	0.000000E+0	0.000000E+0	0.000000E+0	0.000000E+0
40.0    	70      	3.680001E-2 	1.182467E-4	1.45E+0    	40.00     	3767.68	24.2 	35.5 	0.000000E+0	0.000000E+0	0.000000E+0	0.000000E+0	0.000000E+0	0.000000E+0	0.000000E+0	0.000000E+0
40.0    	71      	1.463094E-1 	4.321913E-5	1.37E+0    	40.00     	3769.69	24.2 	35.5 	0.000000E+0	0.000000E+0	0.000000E+0	0.000000E+0	0.000000E+0	0.000000E+0	0.000000E+0	0.000000E+0
40.0    	72      	3.422527E-2 	1.479089E-4	1.39E+0    	40.00     	3771.61	24.2 	35.5 	0.000000E+0	0.000000E+0	0.000000E+0	0.000000E+0	0.000000E+0	0.000000E+0	0.000000E+0	0.000000E+0
40.0    	73      	4.885719E-2 	2.551321E-2	1.53E+0    	40.00     	3773.52	24.2 	35.5 	0.000000E+0	0.000000E+0	0.000000E+0	0.000000E+0	0.000000E+0	0.000000E+0	0.000000E+0	0.000000E+0
40.0    	74      	3.834145E-2 	6.427982E-3	1.52E+0    	40.00     	3775.43	24.2 	35.5 	0.000000E+0	0.000000E+0	0.000000E+0	0.000000E+0	0.000000E+0	0.000000E+0	0.000000E+0	0.000000E+0
40.0    	75      	6.453069E-2 	5.250640E-2	1.73E+0    	40.00     	3777.35	24.2 	35.5 	0.000000E+0	0.000000E+0	0.000000E+0	0.000000E+0	0.000000E+0	0.000000E+0	0.000000E+0	0.000000E+0
40.0    	76      	5.400319E-2 	2.105704E-4	1.47E+0    	40.00     	3779.28	24.2 	35.5 	0.000000E+0	0.000000E+0	0.000000E+0	0.000000E+0	0.000000E+0	0.000000E+0	0.000000E+0	0.000000E+0
40.0    	77      	1.362258E-3 	2.389402E-5	1.65E+0    	40.00     	3781.21	24.2 	35.5 	0.000000E+0	0.000000E+0	0.000000E+0	0.000000E+0	0.000000E+0	0.000000E+0	0.000000E+0	0.000000E+0
40.0    	78      	1.384418E-3 	8.353549E-5	1.33E+0    	40.00     	3783.12	24.2 	35.5 	0.000000E+0	0.000000E+0	0.000000E+0	0.000000E+0	0.000000E+0	0.000000E+0	0.000000E+0	0.000000E+0
40.0    	79      	4.863878E-2 	7.848767E-5	1.68E+0    	40.00     	3785.05	24.2 	35.5 	0.000000E+0	0.000000E+0	0.000000E+0	0.000000E+0	0.000000E+0	0.000000E+0	0.000000E+0	0.000000E+0
40.0    	80      	1.863304E-1 	1.612214E-5	1.71E+0    	40.00     	3786.97	24.2 	35.5 	0.000000E+0	0.000000E+0	0.000000E+0	0.000000E+0	0.000000E+0	0.000000E+0	0.000000E+0	0.000000E+0
40.0    	81      	1.018442E-1 	1.532702E-4	1.59E+0    	40.00     	3788.89	24.2 	35.5 	0.000000E+0	0.000000E+0	0.000000E+0	0.000000E+0	0.000000E+0	0.000000E+0	0.000000E+0	0.000000E+0
40.0    	82      	3.809958E-2 	8.515215E-5	1.76E+0    	40.00     	3790.81	24.2 	35.5 	0.000000E+0	0.000000E+0	0.000000E+0	0.000000E+0	0.000000E+0	0.000000E+0	0.000000E+0	0.000000E+0
40.0    	83      	4.300622E-2 	1.085246E-4	1.40E+0    	40.00     	3792.72	24.2 	35.5 	0.000000E+0	0.000000E+0	0.000000E+0	0.000000E+0	0.000000E+0	0.000000E+0	0.000000E+0	0.000000E+0
40.0    	84      	3.560017E-2 	6.422613E-5	1.65E+0    	40.00     	3794.64	24.2 	35.5 	0.000000E+0	0.000000E+0	0.000000E+0	0.000000E+0	0.000000E+0	0.000000E+0	0.000000E+0	0.000000E+0
40.0    	85      	3.538997E-2 	1.980481E-4	1.50E+0    	40.00     	3796.56	24.2 	35.5 	0.000000E+0	0.000000E+0	0.000000E+0	0.000000E+0	0.000000E+0	0.000000E+0	0.000000E+0	0.000000E+0
40.0    	86      	3.427531E-2 	6.134367E-5	1.44E+0    	40.00     	3798.48	24.2 	35.5 	0.000000E+0	0.000000E+0	0.000000E+0	0.000000E+0	0.000000E+0	0.000000E+0	0.000000E+0	0.000000E+0
40.0    	87      	3.349685E-2 	1.490604E-4	1.67E+0    	40.00     	3800.40	24.2 	35.5 	0.000000E+0	0.000000E+0	0.000000E+0	0.000000E+0	0.000000E+0	0.000000E+0	0.000000E+0	0.000000E+0
40.0    	88      	3.351617E-2 	1.550739E-4	1.55E+0    	40.00     	3802.32	24.2 	35.5 	0.000000E+0	0.000000E+0	0.000000E+0	0.000000E+0	0.000000E+0	0.000000E+0	0.000000E+0	0.000000E+0
40.0    	89      	3.497432E-2 	1.117537E-4	1.45E+0    	40.00     	3804.25	24.2 	35.5 	0.000000E+0	0.000000E+0	0.000000E+0	0.000000E+0	0.000000E+0	0.000000E+0	0.000000E+0	0.000000E+0
40.0    	90      	2.335793E-1 	2.329725E-4	1.49E+0    	40.00     	3806.16	24.2 	35.5 	0.000000E+0	0.000000E+0	0.000000E+0	0.000000E+0	0.000000E+0	0.000000E+0	0.000000E+0	0.000000E+0
40.0    	91      	3.461943E-2 	6.113999E-5	1.23E+0    	40.00     	3808.08	24.2 	35.5 	0.000000E+0	0.000000E+0	0.000000E+0	0.000000E+0	0.000000E+0	0.000000E+0	0.000000E+0	0.000000E+0
40.0    	92      	7.979038E-2 	9.297032E-5	1.71E+0    	40.00     	3809.99	24.2 	35.5 	0.000000E+0	0.000000E+0	0.000000E+0	0.000000E+0	0.000000E+0	0.000000E+0	0.000000E+0	0.000000E+0
40.0    	93      	3.626944E-2 	1.142984E-4	1.51E+0    	40.00     	3811.92	24.2 	35.5 	0.000000E+0	0.000000E+0	0.000000E+0	0.000000E+0	0.000000E+0	0.000000E+0	0.000000E+0	0.000000E+0
40.0    	94      	3.753512E-2 	4.394548E-5	1.68E+0    	40.00     	3813.84	24.2 	35.5 	0.000000E+0	0.000000E+0	0.000000E+0	0.000000E+0	0.000000E+0	0.000000E+0	0.000000E+0	0.000000E+0
40.0    	95      	4.240630E-2 	2.010838E-4	1.69E+0    	40.00     	3815.75	24.2 	35.5 	0.000000E+0	0.000000E+0	0.000000E+0	0.000000E+0	0.000000E+0	0.000000E+0	0.000000E+0	0.000000E+0
40.0    	96      	1.124891E-1 	1.389358E-4	1.52E+0    	40.00     	3817.66	24.2 	35.5 	0.000000E+0	0.000000E+0	0.000000E+0	0.000000E+0	0.000000E+0	0.000000E+0	0.000000E+0	0.000000E+0
40.0    	97      	1.172615E-1 	6.812763E-5	1.38E+0    	40.00     	3819.59	24.2 	35.5 	0.000000E+0	0.000000E+0	0.000000E+0	0.000000E+0	0.000000E+0	0.000000E+0	0.000000E+0	0.000000E+0
40.0    	98      	3.461753E-2 	2.441068E-5	1.50E+0    	40.00     	3821.51	24.2 	35.5 	0.000000E+0	0.000000E+0	0.000000E+0	0.000000E+0	0.000000E+0	0.000000E+0	0.000000E+0	0.000000E+0
40.0    	99      	3.371402E-2 	1.323606E-4	1.66E+0    	40.00     	3823.43	24.2 	35.5 	0.000000E+0	0.000000E+0	0.000000E+0	0.000000E+0	0.000000E+0	0.000000E+0	0.000000E+0	0.000000E+0
40.0    	100     	3.409836E-2 	1.276303E-4	1.38E+0    	40.00     	3825.35	24.2 	35.5 	0.000000E+0	0.000000E+0	0.000000E+0	0.000000E+0	0.000000E+0	0.000000E+0	0.000000E+0	0.000000E+0
40.0    	101     	3.466532E-2 	1.292961E-5	1.53E+0    	40.00     	3827.27	24.2 	35.5 	0.000000E+0	0.000000E+0	0.000000E+0	0.000000E+0	0.000000E+0	0.000000E+0	0.000000E+0	0.000000E+0
40.0    	102     	4.728922E-2 	5.179569E-5	1.58E+0    	40.00     	3829.19	24.2 	35.5 	0.000000E+0	0.000000E+0	0.000000E+0	0.000000E+0	0.000000E+0	0.000000E+0	0.000000E+0	0.000000E+0
40.0    	103     	3.453206E-2 	1.340725E-4	1.52E+0    	40.00     	3831.11	24.2 	35.5 	0.000000E+0	0.000000E+0	0.000000E+0	0.000000E+0	0.000000E+0	0.000000E+0	0.000000E+0	0.000000E+0
40.0    	104     	2.794447E-1 	1.414092E-4	1.53E+0    	40.00     	3833.02	24.2 	35.5 	0.000000E+0	0.000000E+0	0.000000E+0	0.000000E+0	0.000000E+0	0.000000E+0	0.000000E+0	0.000000E+0
40.0    	105     	3.383718E-2 	4.868707E-5	1.51E+0    	40.00     	3834.95	24.2 	35.5 	0.000000E+0	0.000000E+0	0.000000E+0	0.000000E+0	0.000000E+0	0.000000E+0	0.000000E+0	0.000000E+0
40.0    	106     	3.453365E-2 	1.512650E-4	1.71E+0    	40.00     	3836.87	24.2 	35.5 	0.000000E+0	0.000000E+0	0.000000E+0	0.000000E+0	0.000000E+0	0.000000E+0	0.000000E+0	0.000000E+0
40.0    	107     	3.413285E-2 	1.001929E-4	1.68E+0    	40.00     	3838.78	24.2 	35.5 	0.000000E+0	0.000000E+0	0.000000E+0	0.000000E+0	0.000000E+0	0.000000E+0	0.000000E+0	0.000000E+0
40.0    	108     	3.362474E-2 	1.162760E-4	1.72E+0    	40.00     	3840.70	24.2 	35.5 	0.000000E+0	0.000000E+0	0.000000E+0	0.000000E+0	0.000000E+0	0.000000E+0	0.000000E+0	0.000000E+0
40.0    	109     	3.408189E-2 	1.755754E-4	1.69E+0    	40.00     	3842.63	24.2 	35.5 	0.000000E+0	0.000000E+0	0.000000E+0	0.000000E+0	0.000000E+0	0.000000E+0	0.000000E+0	0.000000E+0
40.0    	110     	3.439879E-2 	1.042136E-4	1.62E+0    	40.00     	3844.54	24.2 	35.5 	0.000000E+0	0.000000E+0	0.000000E+0	0.000000E+0	0.000000E+0	0.000000E+0	0.000000E+0	0.000000E+0
40.0    	111     	3.641824E-2 	1.777926E-4	1.33E+0    	40.00     	3846.46	24.2 	35.5 	0.000000E+0	0.000000E+0	0.000000E+0	0.000000E+0	0.000000E+0	0.000000E+0	0.000000E+0	0.000000E+0
40.0    	112     	2.539664E-1 	2.763355E-5	1.58E+0    	40.00     	3848.37	24.2 	35.5 	0.000000E+0	0.000000E+0	0.000000E+0	0.000000E+0	0.000000E+0	0.000000E+0	0.000000E+0	0.000000E+0
40.0    	113     	1.046817E-1 	1.712475E-4	1.56E+0    	40.00     	3850.30	24.2 	35.5 	0.000000E+0	0.000000E+0	0.000000E+0	0.000000E+0	0.000000E+0	0.000000E+0	0.000000E+0	0.000000E+0
40.0    	114     	4.584083E-2 	2.177206E-4	1.45E+0    	40.00     	3852.21	24.2 	35.5 	0.000000E+0	0.000000E+0	0.000000E+0	0.000000E+0	0.000000E+0	0.000000E+0	0.000000E+0	0.000000E+0
40.0    	115     	3.408030E-2 	2.402142E-4	1.50E+0    	40.00     	3854.14	24.2 	35.5 	0.000000E+0	0.000000E+0	0.000000E+0	0.000000E+0	0.000000E+0	0.000000E+0	0.000000E+0	0.000000E+0
40.0    	116     	3.390238E-2 	1.447936E-4	1.51E+0    	40.00     	3856.06	24.2 	35.5 	0.000000E+0	0.000000E+0	0.000000E+0	0.000000E+0	0.000000E+0	0.000000E+0	0.000000E+0	0.000000E+0
40.0    	117     	3.725779E-2 	6.907165E-5	1.27E+0    	40.00     	3857.98	24.2 	35.5 	0.000000E+0	0.000000E+0	0.000000E+0	0.000000E+0	0.000000E+0	0.000000E+0	0.000000E+0	0.000000E+0
40.0    	118     	3.363267E-2 	1.626164E-4	1.43E+0    	40.00     	3859.89	24.2 	35.5 	0.000000E+0	0.000000E+0	0.000000E+0	0.000000E+0	0.000000E+0	0.000000E+0	0.000000E+0	0.000000E+0
40.0    	119     	4.510515E-2 	1.989013E-4	1.48E+0    	40.00     	3861.82	24.2 	35.5 	0.000000E+0	0.000000E+0	0.000000E+0	0.000000E+0	0.000000E+0	0.000000E+0	0.000000E+0	0.000000E+0
40.0    	120     	3.479420E-2 	1.264937E-4	1.66E+0    	40.00     	3863.74	24.2 	35.5 	0.000000E+0	0.000000E+0	0.000000E+0	0.000000E+0	0.000000E+0	0.000000E+0	0.000000E+0	0.000000E+0
40.0    	121     	3.440195E-2 	7.391837E-5	1.51E+0    	40.00     	3865.65	24.2 	35.5 	0.000000E+0	0.000000E+0	0.000000E+0	0.000000E+0	0.000000E+0	0.000000E+0	0.000000E+0	0.000000E+0
40.0    	122     	3.871406E-2 	5.747178E-5	1.88E+0    	40.00     	3867.58	24.2 	35.5 	0.000000E+0	0.000000E+0	0.000000E+0	0.000000E+0	0.000000E+0	0.000000E+0	0.000000E+0	0.000000E+0
40.0    	123     	3.404009E-2 	3.710906E-5	1.49E+0    	40.00     	3869.51	24.2 	35.5 	0.000000E+0	0.000000E+0	0.000000E+0	0.000000E+0	0.000000E+0	0.000000E+0	0.000000E+0	0.000000E+0
40.0    	124     	3.352630E-2 	1.368253E-4	1.50E+0    	40.00     	3871.42	24.2 	35.5 	0.000000E+0	0.000000E+0	0.000000E+0	0.000000E+0	0.000000E+0	0.000000E+0	0.000000E+0	0.000000E+0
40.0    	125     	3.303369E-2 	6.215598E-4	1.70E+0    	40.00     	3873.34	24.2 	35.5 	0.000000E+0	0.000000E+0	0.000000E+0	0.000000E+0	0.000000E+0	0.000000E+0	0.000000E+0	0.000000E+0
40.0    	126     	3.306916E-2 	6.845942E-5	1.68E+0    	40.00     	3875.26	24.2 	35.5 	0.000000E+0	0.000000E+0	0.000000E+0	0.000000E+0	0.000000E+0	0.000000E+0	0.000000E+0	0.000000E+0
40.0    	127     	3.509556E-2 	1.121033E-4	1.45E+0    	40.00     	3877.18	24.2 	35.5 	0.000000E+0	0.000000E+0	0.000000E+0	0.000000E+0	0.000000E+0	0.000000E+0	0.000000E+0	0.000000E+0
40.0    	128     	1.020294E-1 	1.132398E-4	1.41E+0    	40.00     	3879.10	24.2 	35.5 	0.000000E+0	0.000000E+0	0.000000E+0	0.000000E+0	0.000000E+0	0.000000E+0	0.000000E+0	0.000000E+0
40.0    	129     	1.047244E-1 	2.052860E-5	1.37E+0    	40.00     	3881.03	24.2 	35.5 	0.000000E+0	0.000000E+0	0.000000E+0	0.000000E+0	0.000000E+0	0.000000E+0	0.000000E+0	0.000000E+0
40.0    	130     	3.593070E-2 	6.097826E-5	1.50E+0    	40.00     	3882.94	24.2 	35.5 	0.000000E+0	0.000000E+0	0.000000E+0	0.000000E+0	0.000000E+0	0.000000E+0	0.000000E+0	0.000000E+0
40.0    	131     	3.428926E-2 	1.078253E-4	1.59E+0    	40.00     	3884.86	24.2 	35.5 	0.000000E+0	0.000000E+0	0.000000E+0	0.000000E+0	0.000000E+0	0.000000E+0	0.000000E+0	0.000000E+0
40.0    	132     	3.382388E-2 	5.133715E-5	1.34E+0    	40.00     	3886.78	24.2 	35.5 	0.000000E+0	0.000000E+0	0.000000E+0	0.000000E+0	0.000000E+0	0.000000E+0	0.000000E+0	0.000000E+0
40.0    	133     	3.391315E-2 	1.230128E-4	1.59E+0    	40.00     	3888.70	24.2 	35.5 	0.000000E+0	0.000000E+0	0.000000E+0	0.000000E+0	0.000000E+0	0.000000E+0	0.000000E+0	0.000000E+0
40.0    	134     	3.350888E-2 	6.173885E-5	1.36E+0    	40.00     	3890.61	24.2 	35.5 	0.000000E+0	0.000000E+0	0.000000E+0	0.000000E+0	0.000000E+0	0.000000E+0	0.000000E+0	0.000000E+0
40.0    	135     	3.405245E-2 	7.352556E-5	1.64E+0    	40.00     	3892.53	24.2 	35.5 	0.000000E+0	0.000000E+0	0.000000E+0	0.000000E+0	0.000000E+0	0.000000E+0	0.000000E+0	0.000000E+0
40.0    	136     	3.462103E-2 	9.062391E-5	1.34E+0    	40.00     	3894.44	24.2 	35.5 	0.000000E+0	0.000000E+0	0.000000E+0	0.000000E+0	0.000000E+0	0.000000E+0	0.000000E+0	0.000000E+0
40.0    	137     	3.453838E-2 	2.154793E-4	1.37E+0    	40.00     	3896.37	24.2 	35.5 	0.000000E+0	0.000000E+0	0.000000E+0	0.000000E+0	0.000000E+0	0.000000E+0	0.000000E+0	0.000000E+0
40.0    	138     	3.481255E-2 	1.263762E-4	1.44E+0    	40.00     	3898.28	24.2 	35.5 	0.000000E+0	0.000000E+0	0.000000E+0	0.000000E+0	0.000000E+0	0.000000E+0	0.000000E+0	0.000000E+0
40.0    	139     	3.312898E-2 	1.054827E-4	1.39E+0    	40.00     	3900.22	24.2 	35.5 	0.000000E+0	0.000000E+0	0.000000E+0	0.000000E+0	0.000000E+0	0.000000E+0	0.000000E+0	0.000000E+0
40.0    	140     	3.239673E-2 	5.629624E-5	1.75E+0    	40.00     	3902.13	24.2 	35.5 	0.000000E+0	0.000000E+0	0.000000E+0	0.000000E+0	0.000000E+0	0.000000E+0	0.000000E+0	0.000000E+0
40.0    	141     	3.183387E-2 	7.084050E-5	1.55E+0    	40.00     	3904.05	24.2 	35.5 	0.000000E+0	0.000000E+0	0.000000E+0	0.000000E+0	0.000000E+0	0.000000E+0	0.000000E+0	0.000000E+0
40.0    	142     	3.175408E-2 	6.397630E-5	1.60E+0    	40.00     	3905.97	24.2 	35.5 	0.000000E+0	0.000000E+0	0.000000E+0	0.000000E+0	0.000000E+0	0.000000E+0	0.000000E+0	0.000000E+0
40.0    	143     	3.321761E-2 	3.163732E-5	1.54E+0    	40.00     	3907.91	24.2 	35.5 	0.000000E+0	0.000000E+0	0.000000E+0	0.000000E+0	0.000000E+0	0.000000E+0	0.000000E+0	0.000000E+0
40.0    	144     	9.887562E-2 	1.379050E-4	1.37E+0    	40.00     	3909.82	24.2 	35.5 	0.000000E+0	0.000000E+0	0.000000E+0	0.000000E+0	0.000000E+0	0.000000E+0	0.000000E+0	0.000000E+0
40.0    	145     	1.039213E-1 	1.717344E-4	1.59E+0    	40.00     	3911.75	24.2 	35.5 	0.000000E+0	0.000000E+0	0.000000E+0	0.000000E+0	0.000000E+0	0.000000E+0	0.000000E+0	0.000000E+0
40.0    	146     	3.641033E-2 	2.086023E-4	1.81E+0    	40.00     	3913.66	24.2 	35.5 	0.000000E+0	0.000000E+0	0.000000E+0	0.000000E+0	0.000000E+0	0.000000E+0	0.000000E+0	0.000000E+0
40.0    	147     	3.528710E-2 	2.352811E-4	1.76E+0    	40.00     	3915.58	24.2 	35.5 	0.000000E+0	0.000000E+0	0.000000E+0	0.000000E+0	0.000000E+0	0.000000E+0	0.000000E+0	0.000000E+0
40.0    	148     	3.642013E-2 	1.275144E-4	1.32E+0    	40.00     	3917.50	24.2 	35.5 	0.000000E+0	0.000000E+0	0.000000E+0	0.000000E+0	0.000000E+0	0.000000E+0	0.000000E+0	0.000000E+0
40.0    	149     	3.490308E-2 	7.104217E-5	1.61E+0    	40.00     	3919.43	24.2 	35.5 	0.000000E+0	0.000000E+0	0.000000E+0	0.000000E+0	0.000000E+0	0.000000E+0	0.000000E+0	0.000000E+0
40.0    	150     	1.169516E-1 	2.149051E-4	1.44E+0    	40.00     	3921.35	24.2 	35.5 	0.000000E+0	0.000000E+0	0.000000E+0	0.000000E+0	0.000000E+0	0.000000E+0	0.000000E+0	0.000000E+0
40.0    	151     	3.413411E-2 	1.487027E-4	1.42E+0    	40.00     	3923.26	24.2 	35.5 	0.000000E+0	0.000000E+0	0.000000E+0	0.000000E+0	0.000000E+0	0.000000E+0	0.000000E+0	0.000000E+0
40.0    	152     	3.371624E-2 	1.197974E-4	1.47E+0    	40.00     	3925.18	24.2 	35.5 	0.000000E+0	0.000000E+0	0.000000E+0	0.000000E+0	0.000000E+0	0.000000E+0	0.000000E+0	0.000000E+0
40.0    	153     	3.390017E-2 	2.107066E-4	1.70E+0    	40.00     	3927.10	24.2 	35.5 	0.000000E+0	0.000000E+0	0.000000E+0	0.000000E+0	0.000000E+0	0.000000E+0	0.000000E+0	0.000000E+0
40.0    	154     	3.373712E-2 	1.439345E-4	1.64E+0    	40.00     	3929.03	24.2 	35.5 	0.000000E+0	0.000000E+0	0.000000E+0	0.000000E+0	0.000000E+0	0.000000E+0	0.000000E+0	0.000000E+0
40.0    	155     	9.722281E-2 	1.007095E-4	1.69E+0    	40.00     	3930.96	24.2 	35.5 	0.000000E+0	0.000000E+0	0.000000E+0	0.000000E+0	0.000000E+0	0.000000E+0	0.000000E+0	0.000000E+0
40.0    	156     	3.166576E-2 	6.981835E-5	1.79E+0    	40.00     	3932.88	24.2 	35.5 	0.000000E+0	0.000000E+0	0.000000E+0	0.000000E+0	0.000000E+0	0.000000E+0	0.000000E+0	0.000000E+0
40.0    	157     	3.102501E-2 	6.152644E-5	1.35E+0    	40.00     	3934.80	24.2 	35.5 	0.000000E+0	0.000000E+0	0.000000E+0	0.000000E+0	0.000000E+0	0.000000E+0	0.000000E+0	0.000000E+0
40.0    	158     	3.108293E-2 	1.126607E-4	1.47E+0    	40.00     	3936.71	24.2 	35.5 	0.000000E+0	0.000000E+0	0.000000E+0	0.000000E+0	0.000000E+0	0.000000E+0	0.000000E+0	0.000000E+0
40.0    	159     	4.527387E-2 	1.119558E-4	1.49E+0    	40.00     	3938.64	24.2 	35.5 	0.000000E+0	0.000000E+0	0.000000E+0	0.000000E+0	0.000000E+0	0.000000E+0	0.000000E+0	0.000000E+0
40.0    	160     	1.001483E-1 	1.779042E-4	1.71E+0    	40.00     	3940.56	24.2 	35.5 	0.000000E+0	0.000000E+0	0.000000E+0	0.000000E+0	0.000000E+0	0.000000E+0	0.000000E+0	0.000000E+0
40.0    	161     	1.050280E-1 	1.387057E-4	1.35E+0    	40.00     	3942.48	24.2 	35.5 	0.000000E+0	0.000000E+0	0.000000E+0	0.000000E+0	0.000000E+0	0.000000E+0	0.000000E+0	0.000000E+0
40.0    	162     	3.796028E-2 	1.859000E-4	1.35E+0    	40.00     	3944.40	24.2 	35.5 	0.000000E+0	0.000000E+0	0.000000E+0	0.000000E+0	0.000000E+0	0.000000E+0	0.000000E+0	0.000000E+0
40.0    	163     	4.744117E-2 	1.418466E-4	1.58E+0    	40.00     	3946.32	24.2 	35.5 	0.000000E+0	0.000000E+0	0.000000E+0	0.000000E+0	0.000000E+0	0.000000E+0	0.000000E+0	0.000000E+0
40.0    	164     	1.558537E-3 	1.437121E-4	1.44E+0    	40.00     	3948.24	24.2 	35.5 	0.000000E+0	0.000000E+0	0.000000E+0	0.000000E+0	0.000000E+0	0.000000E+0	0.000000E+0	0.000000E+0
40.0    	165     	3.765447E-2 	1.144033E-4	1.35E+0    	40.00     	3950.17	24.2 	35.5 	0.000000E+0	0.000000E+0	0.000000E+0	0.000000E+0	0.000000E+0	0.000000E+0	0.000000E+0	0.000000E+0
40.0    	166     	3.633688E-2 	3.484149E-5	1.70E+0    	40.00     	3952.08	24.2 	35.5 	0.000000E+0	0.000000E+0	0.000000E+0	0.000000E+0	0.000000E+0	0.000000E+0	0.000000E+0	0.000000E+0
40.0    	167     	3.552645E-2 	1.714138E-4	1.62E+0    	40.00     	3954.00	24.2 	35.5 	0.000000E+0	0.000000E+0	0.000000E+0	0.000000E+0	0.000000E+0	0.000000E+0	0.000000E+0	0.000000E+0
40.0    	168     	5.076937E-2 	2.228717E-4	1.51E+0    	40.00     	3955.91	24.2 	35.5 	0.000000E+0	0.000000E+0	0.000000E+0	0.000000E+0	0.000000E+0	0.000000E+0	0.000000E+0	0.000000E+0
40.0    	169     	3.289536E-2 	2.298670E-4	1.49E+0    	40.00     	3957.83	24.2 	35.5 	0.000000E+0	0.000000E+0	0.000000E+0	0.000000E+0	0.000000E+0	0.000000E+0	0.000000E+0	0.000000E+0
40.0    	170     	3.220522E-2 	2.571918E-5	1.42E+0    	40.00     	3959.74	24.2 	35.5 	0.000000E+0	0.000000E+0	0.000000E+0	0.000000E+0	0.000000E+0	0.000000E+0	0.000000E+0	0.000000E+0
40.0    	171     	7.286081E-2 	2.710587E-5	1.46E+0    	40.00     	3961.67	24.2 	35.5 	0.000000E+0	0.000000E+0	0.000000E+0	0.000000E+0	0.000000E+0	0.000000E+0	0.000000E+0	0.000000E+0
40.0    	172     	3.050361E-2 	1.291562E-4	1.72E+0    	40.00     	3963.59	24.2 	35.5 	0.000000E+0	0.000000E+0	0.000000E+0	0.000000E+0	0.000000E+0	0.000000E+0	0.000000E+0	0.000000E+0
40.0    	173     	3.049823E-2 	4.636812E-5	1.61E+0    	40.00     	3965.51	24.2 	35.5 	0.000000E+0	0.000000E+0	0.000000E+0	0.000000E+0	0.000000E+0	0.000000E+0	0.000000E+0	0.000000E+0
40.0    	174     	3.018639E-2 	1.934623E-4	1.34E+0    	40.00     	3967.43	24.2 	35.5 	0.000000E+0	0.000000E+0	0.000000E+0	0.000000E+0	0.000000E+0	0.000000E+0	0.000000E+0	0.000000E+0
40.0    	175     	5.999984E-2 	1.697574E-4	1.48E+0    	40.00     	3969.34	24.2 	35.5 	0.000000E+0	0.000000E+0	0.000000E+0	0.000000E+0	0.000000E+0	0.000000E+0	0.000000E+0	0.000000E+0
40.0    	176     	1.012050E-1 	1.238769E-4	1.34E+0    	40.00     	3971.26	24.2 	35.5 	0.000000E+0	0.000000E+0	0.000000E+0	0.000000E+0	0.000000E+0	0.000000E+0	0.000000E+0	0.000000E+0
40.0    	177     	1.361689E-1 	1.809440E-4	1.33E+0    	40.00     	3973.18	24.2 	35.5 	0.000000E+0	0.000000E+0	0.000000E+0	0.000000E+0	0.000000E+0	0.000000E+0	0.000000E+0	0.000000E+0
40.0    	178     	3.957199E-2 	5.099120E-5	1.17E+0    	40.00     	3975.10	24.2 	35.5 	0.000000E+0	0.000000E+0	0.000000E+0	0.000000E+0	0.000000E+0	0.000000E+0	0.000000E+0	0.000000E+0
40.0    	179     	4.061734E-2 	1.116452E-4	1.44E+0    	40.00     	3977.03	24.2 	35.5 	0.000000E+0	0.000000E+0	0.000000E+0	0.000000E+0	0.000000E+0	0.000000E+0	0.000000E+0	0.000000E+0
40.0    	180     	4.875433E-2 	8.662418E-5	1.36E+0    	40.00     	3978.95	24.2 	35.5 	0.000000E+0	0.000000E+0	0.000000E+0	0.000000E+0	0.000000E+0	0.000000E+0	0.000000E+0	0.000000E+0
40.0    	181     	3.800018E-2 	2.963892E-5	1.31E+0    	40.00     	3980.86	24.2 	35.5 	0.000000E+0	0.000000E+0	0.000000E+0	0.000000E+0	0.000000E+0	0.000000E+0	0.000000E+0	0.000000E+0
40.0    	182     	3.733537E-2 	1.735814E-4	1.38E+0    	40.00     	3982.78	24.2 	35.5 	0.000000E+0	0.000000E+0	0.000000E+0	0.000000E+0	0.000000E+0	0.000000E+0	0.000000E+0	0.000000E+0
40.0    	183     	3.579901E-2 	1.266454E-4	1.40E+0    	40.00     	3984.69	24.2 	35.5 	0.000000E+0	0.000000E+0	0.000000E+0	0.000000E+0	0.000000E+0	0.000000E+0	0.000000E+0	0.000000E+0
40.0    	184     	3.364373E-2 	1.473614E-4	1.22E+0    	40.00     	3986.61	24.2 	35.5 	0.000000E+0	0.000000E+0	0.000000E+0	0.000000E+0	0.000000E+0	0.000000E+0	0.000000E+0	0.000000E+0
40.0    	185     	8.282732E-2 	2.307406E-4	1.63E+0    	40.00     	3988.53	24.2 	35.5 	0.000000E+0	0.000000E+0	0.000000E+0	0.000000E+0	0.000000E+0	0.000000E+0	0.000000E+0	0.000000E+0
40.0    	186     	3.102691E-2 	1.446793E-4	1.65E+0    	40.00     	3990.44	24.2 	35.5 	0.000000E+0	0.000000E+0	0.000000E+0	0.000000E+0	0.000000E+0	0.000000E+0	0.000000E+0	0.000000E+0
40.0    	187     	4.333990E-2 	6.920190E-5	1.51E+0    	40.00     	3992.37	24.2 	35.5 	0.000000E+0	0.000000E+0	0.000000E+0	0.000000E+0	0.000000E+0	0.000000E+0	0.000000E+0	0.000000E+0
40.0    	188     	3.082777E-2 	1.392534E-4	1.70E+0    	40.00     	3994.28	24.2 	35.5 	0.000000E+0	0.000000E+0	0.000000E+0	0.000000E+0	0.000000E+0	0.000000E+0	0.000000E+0	0.000000E+0
40.0    	189     	2.969981E-2 	6.917370E-5	1.56E+0    	40.00     	3996.22	24.2 	35.5 	0.000000E+0	0.000000E+0	0.000000E+0	0.000000E+0	0.000000E+0	0.000000E+0	0.000000E+0	0.000000E+0
40.0    	190     	2.959186E-2 	1.657243E-4	1.61E+0    	40.00     	3998.14	24.2 	35.5 	0.000000E+0	0.000000E+0	0.000000E+0	0.000000E+0	0.000000E+0	0.000000E+0	0.000000E+0	0.000000E+0
40.0    	191     	3.659393E-2 	7.955055E-6	1.59E+0    	40.00     	4000.06	24.2 	35.5 	0.000000E+0	0.000000E+0	0.000000E+0	0.000000E+0	0.000000E+0	0.000000E+0	0.000000E+0	0.000000E+0
40.0    	192     	9.815765E-2 	6.385688E-5	1.52E+0    	40.00     	4001.99	24.2 	35.5 	0.000000E+0	0.000000E+0	0.000000E+0	0.000000E+0	0.000000E+0	0.000000E+0	0.000000E+0	0.000000E+0
40.0    	193     	1.055415E-1 	1.868907E-4	1.26E+0    	40.00     	4003.91	24.2 	35.5 	0.000000E+0	0.000000E+0	0.000000E+0	0.000000E+0	0.000000E+0	0.000000E+0	0.000000E+0	0.000000E+0
40.0    	194     	6.720991E-2 	3.058682E-5	1.55E+0    	40.00     	4005.82	24.2 	35.5 	0.000000E+0	0.000000E+0	0.000000E+0	0.000000E+0	0.000000E+0	0.000000E+0	0.000000E+0	0.000000E+0
40.0    	195     	3.940958E-2 	7.278735E-5	1.73E+0    	40.00     	4007.74	24.2 	35.5 	0.000000E+0	0.000000E+0	0.000000E+0	0.000000E+0	0.000000E+0	0.000000E+0	0.000000E+0	0.000000E+0
40.0    	196     	3.835317E-2 	1.062510E-4	1.38E+0    	40.00     	4009.66	24.2 	35.5 	0.000000E+0	0.000000E+0	0.000000E+0	0.000000E+0	0.000000E+0	0.000000E+0	0.000000E+0	0.000000E+0
40.0    	197     	3.791913E-2 	2.724719E-5	1.55E+0    	40.00     	4011.57	24.2 	35.5 	0.000000E+0	0.000000E+0	0.000000E+0	0.000000E+0	0.000000E+0	0.000000E+0	0.000000E+0	0.000000E+0
40.0    	198     	4.797271E-2 	2.616425E-4	1.49E+0    	40.00     	4013.49	24.2 	35.5 	0.000000E+0	0.000000E+0	0.000000E+0	0.000000E+0	0.000000E+0	0.000000E+0	0.000000E+0	0.000000E+0
40.0    	199     	3.545836E-2 	1.831438E-4	1.60E+0    	40.00     	4015.41	24.2 	35.5 	0.000000E+0	0.000000E+0	0.000000E+0	0.000000E+0	0.000000E+0	0.000000E+0	0.000000E+0	0.000000E+0
40.0    	200     	3.342056E-2 	1.471814E-4	1.51E+0    	40.00     	4017.32	24.2 	35.5 	0.000000E+0	0.000000E+0	0.000000E+0	0.000000E+0	0.000000E+0	0.000000E+0	0.000000E+0	0.000000E+0
40.0    	201     	8.505068E-2 	1.844116E-4	1.37E+0    	40.00     	4019.24	24.2 	35.5 	0.000000E+0	0.000000E+0	0.000000E+0	0.000000E+0	0.000000E+0	0.000000E+0	0.000000E+0	0.000000E+0
40.0    	202     	4.993044E-2 	4.966104E-5	1.74E+0    	40.00     	4021.17	24.2 	35.5 	0.000000E+0	0.000000E+0	0.000000E+0	0.000000E+0	0.000000E+0	0.000000E+0	0.000000E+0	0.000000E+0
40.0    	203     	3.085405E-2 	7.236560E-5	1.72E+0    	40.00     	4023.09	24.2 	35.5 	0.000000E+0	0.000000E+0	0.000000E+0	0.000000E+0	0.000000E+0	0.000000E+0	0.000000E+0	0.000000E+0
40.0    	204     	2.939464E-2 	1.208948E-4	1.64E+0    	40.00     	4025.02	24.2 	35.5 	0.000000E+0	0.000000E+0	0.000000E+0	0.000000E+0	0.000000E+0	0.000000E+0	0.000000E+0	0.000000E+0
40.0    	205     	2.967163E-2 	1.614533E-4	1.68E+0    	40.00     	4026.93	24.2 	35.5 	0.000000E+0	0.000000E+0	0.000000E+0	0.000000E+0	0.000000E+0	0.000000E+0	0.000000E+0	0.000000E+0
40.0    	206     	2.965834E-2 	2.487805E-4	1.63E+0    	40.00     	4028.87	24.2 	35.5 	0.000000E+0	0.000000E+0	0.000000E+0	0.000000E+0	0.000000E+0	0.000000E+0	0.000000E+0	0.000000E+0
40.0    	207     	3.076036E-2 	1.379419E-4	1.43E+0    	40.00     	4030.80	24.2 	35.5 	0.000000E+0	0.000000E+0	0.000000E+0	0.000000E+0	0.000000E+0	0.000000E+0	0.000000E+0	0.000000E+0
40.0    	208     	1.044975E-1 	3.727276E-4	1.53E+0    	40.00     	4032.72	24.2 	35.5 	0.000000E+0	0.000000E+0	0.000000E+0	0.000000E+0	0.000000E+0	0.000000E+0	0.000000E+0	0.000000E+0
40.0    	209     	1.085497E-1 	1.343682E-4	1.22E+0    	40.00     	4034.63	24.2 	35.5 	0.000000E+0	0.000000E+0	0.000000E+0	0.000000E+0	0.000000E+0	0.000000E+0	0.000000E+0	0.000000E+0
40.0    	210     	4.152874E-2 	1.033610E-4	1.39E+0    	40.00     	4036.55	24.2 	35.5 	0.000000E+0	0.000000E+0	0.000000E+0	0.000000E+0	0.000000E+0	0.000000E+0	0.000000E+0	0.000000E+0
40.0    	211     	4.013677E-2 	1.894792E-4	1.54E+0    	40.00     	4038.47	24.2 	35.5 	0.000000E+0	0.000000E+0	0.000000E+0	0.000000E+0	0.000000E+0	0.000000E+0	0.000000E+0	0.000000E+0
40.0    	212     	8.964327E-2 	3.018392E-5	1.54E+0    	40.00     	4040.41	24.2 	35.5 	0.000000E+0	0.000000E+0	0.000000E+0	0.000000E+0	0.000000E+0	0.000000E+0	0.000000E+0	0.000000E+0
40.0    	213     	3.706277E-2 	9.513735E-5	1.67E+0    	40.00     	4042.32	24.2 	35.5 	0.000000E+0	0.000000E+0	0.000000E+0	0.000000E+0	0.000000E+0	0.000000E+0	0.000000E+0	0.000000E+0
40.0    	214     	3.608678E-2 	1.348662E-4	1.47E+0    	40.00     	4044.25	24.2 	35.5 	0.000000E+0	0.000000E+0	0.000000E+0	0.000000E+0	0.000000E+0	0.000000E+0	0.000000E+0	0.000000E+0
40.0    	215     	3.405243E-2 	9.368512E-5	1.76E+0    	40.00     	4046.17	24.2 	35.5 	0.000000E+0	0.000000E+0	0.000000E+0	0.000000E+0	0.000000E+0	0.000000E+0	0.000000E+0	0.000000E+0
40.0    	216     	3.247842E-2 	2.546331E-4	1.19E+0    	40.00     	4048.09	24.2 	35.5 	0.000000E+0	0.000000E+0	0.000000E+0	0.000000E+0	0.000000E+0	0.000000E+0	0.000000E+0	0.000000E+0
40.0    	217     	3.139414E-2 	1.441551E-4	1.28E+0    	40.00     	4050.00	24.2 	35.5 	0.000000E+0	0.000000E+0	0.000000E+0	0.000000E+0	0.000000E+0	0.000000E+0	0.000000E+0	0.000000E+0
40.0    	218     	3.020317E-2 	2.253677E-4	1.82E+0    	40.00     	4051.94	24.2 	35.5 	0.000000E+0	0.000000E+0	0.000000E+0	0.000000E+0	0.000000E+0	0.000000E+0	0.000000E+0	0.000000E+0
40.0    	219     	2.926071E-2 	1.111335E-4	1.62E+0    	40.00     	4053.85	24.2 	35.5 	0.000000E+0	0.000000E+0	0.000000E+0	0.000000E+0	0.000000E+0	0.000000E+0	0.000000E+0	0.000000E+0
40.0    	220     	2.910117E-2 	6.085272E-5	1.32E+0    	40.00     	4055.77	24.2 	35.5 	0.000000E+0	0.000000E+0	0.000000E+0	0.000000E+0	0.000000E+0	0.000000E+0	0.000000E+0	0.000000E+0
40.0    	221     	4.551321E-2 	3.036495E-5	1.33E+0    	40.00     	4057.69	24.2 	35.5 	0.000000E+0	0.000000E+0	0.000000E+0	0.000000E+0	0.000000E+0	0.000000E+0	0.000000E+0	0.000000E+0
40.0    	222     	2.991000E-2 	5.071453E-5	1.54E+0    	40.00     	4059.61	24.2 	35.5 	0.000000E+0	0.000000E+0	0.000000E+0	0.000000E+0	0.000000E+0	0.000000E+0	0.000000E+0	0.000000E+0
40.0    	223     	3.243283E-2 	8.305894E-5	1.27E+0    	40.00     	4061.52	24.2 	35.5 	0.000000E+0	0.000000E+0	0.000000E+0	0.000000E+0	0.000000E+0	0.000000E+0	0.000000E+0	0.000000E+0
40.0    	224     	1.075916E-1 	1.428640E-4	1.26E+0    	40.00     	4063.45	24.2 	35.5 	0.000000E+0	0.000000E+0	0.000000E+0	0.000000E+0	0.000000E+0	0.000000E+0	0.000000E+0	0.000000E+0
40.0    	225     	1.170912E-1 	1.019463E-4	1.44E+0    	40.00     	4065.37	24.2 	35.5 	0.000000E+0	0.000000E+0	0.000000E+0	0.000000E+0	0.000000E+0	0.000000E+0	0.000000E+0	0.000000E+0
40.0    	226     	4.234711E-2 	1.320861E-4	2.11E+0    	40.00     	4067.28	24.2 	35.5 	0.000000E+0	0.000000E+0	0.000000E+0	0.000000E+0	0.000000E+0	0.000000E+0	0.000000E+0	0.000000E+0
40.0    	227     	4.006142E-2 	2.005568E-4	1.29E+0    	40.00     	4069.20	24.2 	35.5 	0.000000E+0	0.000000E+0	0.000000E+0	0.000000E+0	0.000000E+0	0.000000E+0	0.000000E+0	0.000000E+0
40.0    	228     	3.786972E-2 	1.109431E-4	1.23E+0    	40.00     	4071.12	24.2 	35.5 	0.000000E+0	0.000000E+0	0.000000E+0	0.000000E+0	0.000000E+0	0.000000E+0	0.000000E+0	0.000000E+0
40.0    	229     	5.171308E-2 	1.310209E-4	1.33E+0    	40.00     	4073.03	24.2 	35.5 	0.000000E+0	0.000000E+0	0.000000E+0	0.000000E+0	0.000000E+0	0.000000E+0	0.000000E+0	0.000000E+0
40.0    	230     	4.547079E-2 	8.510643E-5	1.29E+0    	40.00     	4074.95	24.2 	35.5 	0.000000E+0	0.000000E+0	0.000000E+0	0.000000E+0	0.000000E+0	0.000000E+0	0.000000E+0	0.000000E+0
40.0    	231     	3.340474E-2 	2.729153E-4	1.43E+0    	40.00     	4076.87	24.2 	35.5 	0.000000E+0	0.000000E+0	0.000000E+0	0.000000E+0	0.000000E+0	0.000000E+0	0.000000E+0	0.000000E+0
40.0    	232     	3.238155E-2 	1.370028E-4	1.73E+0    	40.00     	4078.79	24.2 	35.5 	0.000000E+0	0.000000E+0	0.000000E+0	0.000000E+0	0.000000E+0	0.000000E+0	0.000000E+0	0.000000E+0
40.0    	233     	3.121052E-2 	6.966457E-5	1.61E+0    	40.00     	4080.71	24.2 	35.5 	0.000000E+0	0.000000E+0	0.000000E+0	0.000000E+0	0.000000E+0	0.000000E+0	0.000000E+0	0.000000E+0
40.0    	234     	3.887173E-2 	1.108215E-4	1.63E+0    	40.00     	4082.62	24.2 	35.5 	0.000000E+0	0.000000E+0	0.000000E+0	0.000000E+0	0.000000E+0	0.000000E+0	0.000000E+0	0.000000E+0
40.0    	235     	2.957983E-2 	1.319634E-4	1.31E+0    	40.00     	4084.54	24.2 	35.5 	0.000000E+0	0.000000E+0	0.000000E+0	0.000000E+0	0.000000E+0	0.000000E+0	0.000000E+0	0.000000E+0
40.0    	236     	2.927338E-2 	1.812379E-4	1.23E+0    	40.00     	4086.46	24.2 	35.5 	0.000000E+0	0.000000E+0	0.000000E+0	0.000000E+0	0.000000E+0	0.000000E+0	0.000000E+0	0.000000E+0
40.0    	237     	2.940667E-2 	3.618884E-5	1.35E+0    	40.00     	4088.37	24.2 	35.5 	0.000000E+0	0.000000E+0	0.000000E+0	0.000000E+0	0.000000E+0	0.000000E+0	0.000000E+0	0.000000E+0
40.0    	238     	8.758524E-2 	6.321672E-5	1.38E+0    	40.00     	4090.31	24.2 	35.5 	0.000000E+0	0.000000E+0	0.000000E+0	0.000000E+0	0.000000E+0	0.000000E+0	0.000000E+0	0.000000E+0
40.0    	239     	4.537328E-2 	1.340250E-4	1.49E+0    	40.00     	4092.22	24.2 	35.5 	0.000000E+0	0.000000E+0	0.000000E+0	0.000000E+0	0.000000E+0	0.000000E+0	0.000000E+0	0.000000E+0
40.0    	240     	1.261410E-1 	1.068986E-4	1.57E+0    	40.00     	4094.14	24.2 	35.5 	0.000000E+0	0.000000E+0	0.000000E+0	0.000000E+0	0.000000E+0	0.000000E+0	0.000000E+0	0.000000E+0
40.0    	241     	2.062581E-1 	2.891297E-5	1.80E+0    	40.00     	4096.06	24.2 	35.5 	0.000000E+0	0.000000E+0	0.000000E+0	0.000000E+0	0.000000E+0	0.000000E+0	0.000000E+0	0.000000E+0
40.0    	242     	1.120070E-1 	8.795959E-5	1.51E+0    	40.00     	4097.99	24.2 	35.5 	0.000000E+0	0.000000E+0	0.000000E+0	0.000000E+0	0.000000E+0	0.000000E+0	0.000000E+0	0.000000E+0
40.0    	243     	1.046615E-1 	5.511092E-5	1.40E+0    	40.00     	4099.90	24.2 	35.5 	0.000000E+0	0.000000E+0	0.000000E+0	0.000000E+0	0.000000E+0	0.000000E+0	0.000000E+0	0.000000E+0
40.0    	244     	1.008387E-1 	9.578154E-5	1.79E+0    	40.00     	4101.82	24.2 	35.5 	0.000000E+0	0.000000E+0	0.000000E+0	0.000000E+0	0.000000E+0	0.000000E+0	0.000000E+0	0.000000E+0
40.0    	245     	9.826875E-2 	9.574709E-5	1.65E+0    	40.00     	4103.73	24.2 	35.5 	0.000000E+0	0.000000E+0	0.000000E+0	0.000000E+0	0.000000E+0	0.000000E+0	0.000000E+0	0.000000E+0
40.0    	246     	9.611190E-2 	7.069162E-5	1.58E+0    	40.00     	4105.65	24.2 	35.5 	0.000000E+0	0.000000E+0	0.000000E+0	0.000000E+0	0.000000E+0	0.000000E+0	0.000000E+0	0.000000E+0
40.0    	247     	9.512992E-2 	8.037108E-5	1.53E+0    	40.00     	4107.56	24.2 	35.5 	0.000000E+0	0.000000E+0	0.000000E+0	0.000000E+0	0.000000E+0	0.000000E+0	0.000000E+0	0.000000E+0
40.0    	248     	1.190230E-1 	1.776079E-4	1.33E+0    	40.00     	4109.49	24.2 	35.5 	0.000000E+0	0.000000E+0	0.000000E+0	0.000000E+0	0.000000E+0	0.000000E+0	0.000000E+0	0.000000E+0
40.0    	249     	1.358032E-1 	7.761037E-5	1.45E+0    	40.00     	4111.41	24.2 	35.5 	0.000000E+0	0.000000E+0	0.000000E+0	0.000000E+0	0.000000E+0	0.000000E+0	0.000000E+0	0.000000E+0
40.0    	250     	9.229843E-2 	1.082489E-4	1.58E+0    	40.00     	4113.34	24.2 	35.5 	0.000000E+0	0.000000E+0	0.000000E+0	0.000000E+0	0.000000E+0	0.000000E+0	0.000000E+0	0.000000E+0
40.0    	251     	9.122047E-2 	2.057991E-4	1.60E+0    	40.00     	4115.26	24.2 	35.5 	0.000000E+0	0.000000E+0	0.000000E+0	0.000000E+0	0.000000E+0	0.000000E+0	0.000000E+0	0.000000E+0
40.0    	252     	1.030475E-1 	1.451998E-4	1.28E+0    	40.00     	4117.17	24.2 	35.5 	0.000000E+0	0.000000E+0	0.000000E+0	0.000000E+0	0.000000E+0	0.000000E+0	0.000000E+0	0.000000E+0
40.0    	253     	1.128681E-1 	1.739995E-4	1.16E+0    	40.00     	4119.09	24.2 	35.5 	0.000000E+0	0.000000E+0	0.000000E+0	0.000000E+0	0.000000E+0	0.000000E+0	0.000000E+0	0.000000E+0
40.0    	254     	2.562278E-1 	5.389122E-5	1.45E+0    	40.00     	4121.02	24.2 	35.5 	0.000000E+0	0.000000E+0	0.000000E+0	0.000000E+0	0.000000E+0	0.000000E+0	0.000000E+0	0.000000E+0
40.0    	255     	1.179637E-1 	1.018912E-4	1.43E+0    	40.00     	4122.93	24.2 	35.5 	0.000000E+0	0.000000E+0	0.000000E+0	0.000000E+0	0.000000E+0	0.000000E+0	0.000000E+0	0.000000E+0
40.0    	256     	2.479266E-1 	5.733780E-5	1.25E+0    	40.00     	4124.85	24.2 	35.5 	0.000000E+0	0.000000E+0	0.000000E+0	0.000000E+0	0.000000E+0	0.000000E+0	0.000000E+0	0.000000E+0
40.0    	257     	1.812433E-3 	2.007225E-4	1.50E+0    	40.00     	4126.76	24.2 	35.5 	0.000000E+0	0.000000E+0	0.000000E+0	0.000000E+0	0.000000E+0	0.000000E+0	0.000000E+0	0.000000E+0
40.0    	258     	1.530678E-3 	1.401448E-4	1.36E+0    	40.00     	4128.69	24.2 	35.5 	0.000000E+0	0.000000E+0	0.000000E+0	0.000000E+0	0.000000E+0	0.000000E+0	0.000000E+0	0.000000E+0
40.0    	259     	1.364791E-3 	3.823049E-5	1.55E+0    	40.00     	4130.61	24.2 	35.5 	0.000000E+0	0.000000E+0	0.000000E+0	0.000000E+0	0.000000E+0	0.000000E+0	0.000000E+0	0.000000E+0
40.0    	260     	1.538592E-3 	8.505398E-5	1.36E+0    	40.00     	4132.52	24.2 	35.5 	0.000000E+0	0.000000E+0	0.000000E+0	0.000000E+0	0.000000E+0	0.000000E+0	0.000000E+0	0.000000E+0
40.0    	261     	1.696248E-3 	1.200671E-4	1.73E+0    	40.00     	4134.44	24.2 	35.5 	0.000000E+0	0.000000E+0	0.000000E+0	0.000000E+0	0.000000E+0	0.000000E+0	0.000000E+0	0.000000E+0
40.0    	262     	1.656677E-3 	8.080533E-5	1.27E+0    	40.00     	4136.37	24.2 	35.5 	0.000000E+0	0.000000E+0	0.000000E+0	0.000000E+0	0.000000E+0	0.000000E+0	0.000000E+0	0.000000E+0
40.0    	263     	1.118810E-3 	4.057580E-5	1.47E+0    	40.00     	4138.29	24.2 	35.5 	0.000000E+0	0.000000E+0	0.000000E+0	0.000000E+0	0.000000E+0	0.000000E+0	0.000000E+0	0.000000E+0
40.0    	264     	-2.089426E-3	2.911771E-4	1.29E+0    	40.00     	4140.20	24.2 	35.5 	0.000000E+0	0.000000E+0	0.000000E+0	0.000000E+0	0.000000E+0	0.000000E+0	0.000000E+0	0.000000E+0
45.0    	1       	2.199058E-1 	7.185209E-5	3.04E+1    	45.00     	4158.30	24.2 	35.5 	0.000000E+0	0.000000E+0	0.000000E+0	0.000000E+0	0.000000E+0	0.000000E+0	0.000000E+0	0.000000E+0
45.0    	2       	1.877843E-1 	1.539023E-4	1.01E+1    	45.00     	4160.10	24.2 	35.5 	0.000000E+0	0.000000E+0	0.000000E+0	0.000000E+0	0.000000E+0	0.000000E+0	0.000000E+0	0.000000E+0
45.0    	3       	1.946978E-3 	8.526614E-5	1.39E+1    	45.00     	4162.01	24.2 	35.5 	0.000000E+0	0.000000E+0	0.000000E+0	0.000000E+0	0.000000E+0	0.000000E+0	0.000000E+0	0.000000E+0
45.0    	4       	1.354246E-1 	6.509849E-5	1.33E+1    	45.00     	4163.93	24.2 	35.5 	0.000000E+0	0.000000E+0	0.000000E+0	0.000000E+0	0.000000E+0	0.000000E+0	0.000000E+0	0.000000E+0
45.0    	5       	1.194428E-1 	6.604453E-5	1.25E+1    	45.01     	4165.87	24.2 	35.5 	0.000000E+0	0.000000E+0	0.000000E+0	0.000000E+0	0.000000E+0	0.000000E+0	0.000000E+0	0.000000E+0
45.0    	6       	1.178675E-1 	6.306100E-5	1.46E+1    	45.01     	4167.78	24.2 	35.5 	0.000000E+0	0.000000E+0	0.000000E+0	0.000000E+0	0.000000E+0	0.000000E+0	0.000000E+0	0.000000E+0
45.0    	7       	1.154478E-1 	1.342314E-4	2.81E+0    	45.00     	4169.71	24.2 	35.5 	0.000000E+0	0.000000E+0	0.000000E+0	0.000000E+0	0.000000E+0	0.000000E+0	0.000000E+0	0.000000E+0
45.0    	8       	1.127731E-1 	1.178409E-4	1.77E+0    	45.00     	4171.78	24.2 	35.5 	0.000000E+0	0.000000E+0	0.000000E+0	0.000000E+0	0.000000E+0	0.000000E+0	0.000000E+0	0.000000E+0
45.0    	9       	1.213609E-1 	2.142732E-5	1.88E+0    	45.00     	4173.69	24.2 	35.5 	0.000000E+0	0.000000E+0	0.000000E+0	0.000000E+0	0.000000E+0	0.000000E+0	0.000000E+0	0.000000E+0
45.0    	10      	1.132755E-1 	4.011026E-3	1.55E+0    	45.01     	4175.61	24.2 	35.5 	0.000000E+0	0.000000E+0	0.000000E+0	0.000000E+0	0.000000E+0	0.000000E+0	0.000000E+0	0.000000E+0
45.0    	11      	1.126230E-1 	2.581591E-3	1.78E+0    	45.01     	4177.52	24.2 	35.5 	0.000000E+0	0.000000E+0	0.000000E+0	0.000000E+0	0.000000E+0	0.000000E+0	0.000000E+0	0.000000E+0
45.0    	12      	1.099831E-1 	8.182966E-5	1.47E+0    	45.00     	4179.45	24.2 	35.5 	0.000000E+0	0.000000E+0	0.000000E+0	0.000000E+0	0.000000E+0	0.000000E+0	0.000000E+0	0.000000E+0
45.0    	13      	1.139030E-1 	1.530903E-4	1.65E+0    	45.01     	4181.37	24.2 	35.5 	0.000000E+0	0.000000E+0	0.000000E+0	0.000000E+0	0.000000E+0	0.000000E+0	0.000000E+0	0.000000E+0
45.0    	14      	1.171687E-1 	2.204425E-4	1.65E+0    	45.01     	4183.28	24.2 	35.5 	0.000000E+0	0.000000E+0	0.000000E+0	0.000000E+0	0.000000E+0	0.000000E+0	0.000000E+0	0.000000E+0
45.0    	15      	1.246279E-1 	1.043621E-4	1.50E+0    	45.01     	4185.20	24.2 	35.5 	0.000000E+0	0.000000E+0	0.000000E+0	0.000000E+0	0.000000E+0	0.000000E+0	0.000000E+0	0.000000E+0
45.0    	16      	2.112507E-1 	1.134067E-4	1.50E+0    	45.01     	4187.13	24.2 	35.5 	0.000000E+0	0.000000E+0	0.000000E+0	0.000000E+0	0.000000E+0	0.000000E+0	0.000000E+0	0.000000E+0
45.0    	17      	1.183654E-1 	1.858760E-4	1.71E+0    	45.01     	4189.05	24.2 	35.5 	0.000000E+0	0.000000E+0	0.000000E+0	0.000000E+0	0.000000E+0	0.000000E+0	0.000000E+0	0.000000E+0
45.0    	18      	4.489998E-2 	8.118015E-5	1.43E+0    	45.00     	4190.96	24.2 	35.5 	0.000000E+0	0.000000E+0	0.000000E+0	0.000000E+0	0.000000E+0	0.000000E+0	0.000000E+0	0.000000E+0
45.0    	19      	8.005500E-2 	1.282540E-4	1.39E+0    	45.00     	4192.88	24.2 	35.5 	0.000000E+0	0.000000E+0	0.000000E+0	0.000000E+0	0.000000E+0	0.000000E+0	0.000000E+0	0.000000E+0
45.0    	20      	4.256649E-2 	2.918721E-4	1.35E+0    	45.00     	4194.80	24.2 	35.5 	0.000000E+0	0.000000E+0	0.000000E+0	0.000000E+0	0.000000E+0	0.000000E+0	0.000000E+0	0.000000E+0
45.0    	21      	4.259053E-2 	1.851465E-5	1.56E+0    	45.01     	4196.72	24.2 	35.5 	0.000000E+0	0.000000E+0	0.000000E+0	0.000000E+0	0.000000E+0	0.000000E+0	0.000000E+0	0.000000E+0
45.0    	22      	4.152336E-2 	2.482498E-4	1.56E+0    	45.00     	4198.63	24.2 	35.5 	0.000000E+0	0.000000E+0	0.000000E+0	0.000000E+0	0.000000E+0	0.000000E+0	0.000000E+0	0.000000E+0
45.0    	23      	4.174054E-2 	8.631165E-5	1.57E+0    	45.00     	4200.55	24.2 	35.5 	0.000000E+0	0.000000E+0	0.000000E+0	0.000000E+0	0.000000E+0	0.000000E+0	0.000000E+0	0.000000E+0
45.0    	24      	5.412631E-2 	2.033191E-4	1.43E+0    	45.00     	4202.47	24.2 	35.5 	0.000000E+0	0.000000E+0	0.000000E+0	0.000000E+0	0.000000E+0	0.000000E+0	0.000000E+0	0.000000E+0
45.0    	25      	5.642786E-2 	2.738208E-5	1.82E+0    	45.00     	4204.38	24.2 	35.5 	0.000000E+0	0.000000E+0	0.000000E+0	0.000000E+0	0.000000E+0	0.000000E+0	0.000000E+0	0.000000E+0
45.0    	26      	4.019089E-2 	1.475483E-4	1.55E+0    	45.00     	4206.32	24.2 	35.5 	0.000000E+0	0.000000E+0	0.000000E+0	0.000000E+0	0.000000E+0	0.000000E+0	0.000000E+0	0.000000E+0
45.0    	27      	5.964334E-2 	1.513760E-4	1.49E+0    	45.00     	4208.25	24.2 	35.5 	0.000000E+0	0.000000E+0	0.000000E+0	0.000000E+0	0.000000E+0	0.000000E+0	0.000000E+0	0.000000E+0
45.0    	28      	4.141003E-2 	6.545020E-5	1.94E+0    	45.00     	4210.16	24.2 	35.5 	0.000000E+0	0.000000E+0	0.000000E+0	0.000000E+0	0.000000E+0	0.000000E+0	0.000000E+0	0.000000E+0
45.0    	29      	4.337153E-2 	1.454746E-4	1.46E+0    	45.00     	4212.09	24.2 	35.5 	0.000000E+0	0.000000E+0	0.000000E+0	0.000000E+0	0.000000E+0	0.000000E+0	0.000000E+0	0.000000E+0
45.0    	30      	1.037018E-1 	2.219971E-4	1.62E+0    	45.00     	4214.01	24.2 	35.5 	0.000000E+0	0.000000E+0	0.000000E+0	0.000000E+0	0.000000E+0	0.000000E+0	0.000000E+0	0.000000E+0
45.0    	31      	7.336953E-2 	1.340406E-4	1.80E+0    	45.00     	4215.94	24.2 	35.5 	0.000000E+0	0.000000E+0	0.000000E+0	0.000000E+0	0.000000E+0	0.000000E+0	0.000000E+0	0.000000E+0
45.0    	32      	1.233047E-1 	1.462300E-3	1.45E+0    	45.00     	4217.88	24.2 	35.5 	0.000000E+0	0.000000E+0	0.000000E+0	0.000000E+0	0.000000E+0	0.000000E+0	0.000000E+0	0.000000E+0
45.0    	33      	1.117816E-1 	7.099467E-5	1.75E+0    	45.00     	4219.79	24.2 	35.5 	0.000000E+0	0.000000E+0	0.000000E+0	0.000000E+0	0.000000E+0	0.000000E+0	0.000000E+0	0.000000E+0
45.0    	34      	5.822636E-2 	2.106826E-4	1.76E+0    	45.00     	4221.71	24.2 	35.5 	0.000000E+0	0.000000E+0	0.000000E+0	0.000000E+0	0.000000E+0	0.000000E+0	0.000000E+0	0.000000E+0
45.0    	35      	3.866054E-2 	7.806155E-5	1.54E+0    	45.00     	4223.62	24.2 	35.5 	0.000000E+0	0.000000E+0	0.000000E+0	0.000000E+0	0.000000E+0	0.000000E+0	0.000000E+0	0.000000E+0
45.0    	36      	7.194900E-2 	1.819340E-4	1.42E+0    	45.00     	4225.56	24.2 	35.5 	0.000000E+0	0.000000E+0	0.000000E+0	0.000000E+0	0.000000E+0	0.000000E+0	0.000000E+0	0.000000E+0
45.0    	37      	3.836833E-2 	1.282287E-4	1.57E+0    	45.00     	4227.49	24.2 	35.5 	0.000000E+0	0.000000E+0	0.000000E+0	0.000000E+0	0.000000E+0	0.000000E+0	0.000000E+0	0.000000E+0
45.0    	38      	3.756107E-2 	1.525963E-4	1.64E+0    	45.00     	4229.40	24.2 	35.5 	0.000000E+0	0.000000E+0	0.000000E+0	0.000000E+0	0.000000E+0	0.000000E+0	0.000000E+0	0.000000E+0
45.0    	39      	3.785991E-2 	1.662330E-4	1.48E+0    	45.00     	4231.34	24.2 	35.5 	0.000000E+0	0.000000E+0	0.000000E+0	0.000000E+0	0.000000E+0	0.000000E+0	0.000000E+0	0.000000E+0
45.0    	40      	3.682850E-2 	6.038773E-5	1.81E+0    	45.00     	4233.25	24.2 	35.5 	0.000000E+0	0.000000E+0	0.000000E+0	0.000000E+0	0.000000E+0	0.000000E+0	0.000000E+0	0.000000E+0
45.0    	41      	3.720586E-2 	1.686659E-4	1.39E+0    	45.00     	4235.18	24.2 	35.5 	0.000000E+0	0.000000E+0	0.000000E+0	0.000000E+0	0.000000E+0	0.000000E+0	0.000000E+0	0.000000E+0
45.0    	42      	3.793462E-2 	4.227640E-5	1.91E+0    	45.00     	4237.12	24.2 	35.5 	0.000000E+0	0.000000E+0	0.000000E+0	0.000000E+0	0.000000E+0	0.000000E+0	0.000000E+0	0.000000E+0
45.0    	43      	3.811921E-2 	9.139565E-5	1.62E+0    	45.00     	4239.02	24.2 	35.5 	0.000000E+0	0.000000E+0	0.000000E+0	0.000000E+0	0.000000E+0	0.000000E+0	0.000000E+0	0.000000E+0
45.0    	44      	5.532175E-2 	3.923744E-3	1.76E+0    	45.00     	4240.95	24.2 	35.5 	0.000000E+0	0.000000E+0	0.000000E+0	0.000000E+0	0.000000E+0	0.000000E+0	0.000000E+0	0.000000E+0
45.0    	45      	4.117418E-2 	6.423904E-4	1.66E+0    	45.00     	4242.87	24.2 	35.5 	0.000000E+0	0.000000E+0	0.000000E+0	0.000000E+0	0.000000E+0	0.000000E+0	0.000000E+0	0.000000E+0
45.0    	46      	4.181841E-2 	1.646031E-4	1.61E+0    	45.00     	4244.79	24.2 	35.5 	0.000000E+0	0.000000E+0	0.000000E+0	0.000000E+0	0.000000E+0	0.000000E+0	0.000000E+0	0.000000E+0
45.0    	47      	4.397526E-2 	1.708887E-4	1.42E+0    	45.00     	4246.71	24.2 	35.5 	0.000000E+0	0.000000E+0	0.000000E+0	0.000000E+0	0.000000E+0	0.000000E+0	0.000000E+0	0.000000E+0
45.0    	48      	1.612786E-1 	4.194596E-5	1.73E+0    	45.00     	4248.64	24.2 	35.5 	0.000000E+0	0.000000E+0	0.000000E+0	0.000000E+0	0.000000E+0	0.000000E+0	0.000000E+0	0.000000E+0
45.0    	49      	1.386486E-1 	1.744220E-4	1.50E+0    	45.00     	4250.56	24.2 	35.5 	0.000000E+0	0.000000E+0	0.000000E+0	0.000000E+0	0.000000E+0	0.000000E+0	0.000000E+0	0.000000E+0
45.0    	50      	3.807900E-2 	3.189060E-4	1.32E+0    	45.00     	4252.48	24.2 	35.5 	0.000000E+0	0.000000E+0	0.000000E+0	0.000000E+0	0.000000E+0	0.000000E+0	0.000000E+0	0.000000E+0
45.0    	51      	1.671464E-1 	9.757665E-5	1.59E+0    	45.00     	4254.39	24.2 	35.5 	0.000000E+0	0.000000E+0	0.000000E+0	0.000000E+0	0.000000E+0	0.000000E+0	0.000000E+0	0.000000E+0
45.0    	52      	3.646823E-2 	1.014208E-4	1.81E+0    	45.00     	4256.32	24.2 	35.5 	0.000000E+0	0.000000E+0	0.000000E+0	0.000000E+0	0.000000E+0	0.000000E+0	0.000000E+0	0.000000E+0
45.0    	53      	3.836328E-2 	1.141781E-4	1.78E+0    	45.00     	4258.24	24.2 	35.5 	0.000000E+0	0.000000E+0	0.000000E+0	0.000000E+0	0.000000E+0	0.000000E+0	0.000000E+0	0.000000E+0
45.0    	54      	3.525923E-2 	1.047199E-4	1.44E+0    	45.00     	4260.16	24.2 	35.5 	0.000000E+0	0.000000E+0	0.000000E+0	0.000000E+0	0.000000E+0	0.000000E+0	0.000000E+0	0.000000E+0
45.0    	55      	3.532316E-2 	1.175535E-4	1.46E+0    	45.00     	4262.09	24.2 	35.5 	0.000000E+0	0.000000E+0	0.000000E+0	0.000000E+0	0.000000E+0	0.000000E+0	0.000000E+0	0.000000E+0
45.0    	56      	3.489483E-2 	1.201587E-4	1.68E+0    	45.00     	4264.01	24.2 	35.5 	0.000000E+0	0.000000E+0	0.000000E+0	0.000000E+0	0.000000E+0	0.000000E+0	0.000000E+0	0.000000E+0
45.0    	57      	4.264467E-2 	6.945223E-3	1.57E+0    	45.00     	4265.94	24.2 	35.5 	0.000000E+0	0.000000E+0	0.000000E+0	0.000000E+0	0.000000E+0	0.000000E+0	0.000000E+0	0.000000E+0
45.0    	58      	3.883530E-2 	4.758653E-3	1.65E+0    	45.00     	4267.85	24.2 	35.5 	0.000000E+0	0.000000E+0	0.000000E+0	0.000000E+0	0.000000E+0	0.000000E+0	0.000000E+0	0.000000E+0
45.0    	59      	3.657207E-2 	1.395184E-4	1.64E+0    	45.00     	4269.79	24.2 	35.5 	0.000000E+0	0.000000E+0	0.000000E+0	0.000000E+0	0.000000E+0	0.000000E+0	0.000000E+0	0.000000E+0
45.0    	60      	4.752442E-2 	2.354808E-4	1.41E+0    	45.00     	4271.72	24.2 	35.5 	0.000000E+0	0.000000E+0	0.000000E+0	0.000000E+0	0.000000E+0	0.000000E+0	0.000000E+0	0.000000E+0
45.0    	61      	5.195648E-2 	1.939049E-5	1.37E+0    	45.00     	4273.64	24.2 	35.5 	0.000000E+0	0.000000E+0	0.000000E+0	0.000000E+0	0.000000E+0	0.000000E+0	0.000000E+0	0.000000E+0
45.0    	62      	6.866360E-2 	3.127054E-5	1.31E+0    	45.00     	4275.56	24.2 	35.5 	0.000000E+0	0.000000E+0	0.000000E+0	0.000000E+0	0.000000E+0	0.000000E+0	0.000000E+0	0.000000E+0
45.0    	63      	4.529349E-2 	1.720422E-4	1.64E+0    	45.00     	4277.48	24.2 	35.5 	0.000000E+0	0.000000E+0	0.000000E+0	0.000000E+0	0.000000E+0	0.000000E+0	0.000000E+0	0.000000E+0
45.0    	64      	2.544411E-1 	1.308660E-4	1.55E+0    	45.00     	4279.41	24.2 	35.5 	0.000000E+0	0.000000E+0	0.000000E+0	0.000000E+0	0.000000E+0	0.000000E+0	0.000000E+0	0.000000E+0
45.0    	65      	1.062259E-1 	2.721500E-4	1.55E+0    	45.00     	4281.34	24.2 	35.5 	0.000000E+0	0.000000E+0	0.000000E+0	0.000000E+0	0.000000E+0	0.000000E+0	0.000000E+0	0.000000E+0
45.0    	66      	3.630616E-2 	5.892898E-5	1.51E+0    	45.00     	4283.25	24.2 	35.5 	0.000000E+0	0.000000E+0	0.000000E+0	0.000000E+0	0.000000E+0	0.000000E+0	0.000000E+0	0.000000E+0
45.0    	67      	6.795163E-2 	2.091436E-4	1.77E+0    	45.00     	4285.17	24.2 	35.5 	0.000000E+0	0.000000E+0	0.000000E+0	0.000000E+0	0.000000E+0	0.000000E+0	0.000000E+0	0.000000E+0
45.0    	68      	3.651793E-2 	1.594994E-4	1.70E+0    	45.00     	4287.09	24.2 	35.5 	0.000000E+0	0.000000E+0	0.000000E+0	0.000000E+0	0.000000E+0	0.000000E+0	0.000000E+0	0.000000E+0
45.0    	69      	1.312528E+1 	1.623535E-2	1.48E+0    	45.00     	4289.02	24.2 	35.5 	0.000000E+0	0.000000E+0	0.000000E+0	0.000000E+0	0.000000E+0	0.000000E+0	0.000000E+0	0.000000E+0
45.0    	70      	3.706120E-2 	1.164966E-4	1.83E+0    	45.00     	4291.11	24.2 	35.5 	0.000000E+0	0.000000E+0	0.000000E+0	0.000000E+0	0.000000E+0	0.000000E+0	0.000000E+0	0.000000E+0
45.0    	71      	1.581121E-1 	1.423425E-4	1.38E+0    	45.00     	4293.13	24.2 	35.5 	0.000000E+0	0.000000E+0	0.000000E+0	0.000000E+0	0.000000E+0	0.000000E+0	0.000000E+0	0.000000E+0
45.0    	72      	3.490972E-2 	3.859952E-5	1.59E+0    	45.00     	4295.05	24.2 	35.5 	0.000000E+0	0.000000E+0	0.000000E+0	0.000000E+0	0.000000E+0	0.000000E+0	0.000000E+0	0.000000E+0
45.0    	73      	4.947168E-2 	2.565739E-2	1.49E+0    	45.00     	4296.97	24.2 	35.5 	0.000000E+0	0.000000E+0	0.000000E+0	0.000000E+0	0.000000E+0	0.000000E+0	0.000000E+0	0.000000E+0
45.0    	74      	3.530039E-2 	9.322186E-5	1.25E+0    	45.00     	4298.88	24.2 	35.5 	0.000000E+0	0.000000E+0	0.000000E+0	0.000000E+0	0.000000E+0	0.000000E+0	0.000000E+0	0.000000E+0
45.0    	75      	3.502463E-2 	1.911483E-4	1.75E+0    	45.00     	4300.80	24.2 	35.5 	0.000000E+0	0.000000E+0	0.000000E+0	0.000000E+0	0.000000E+0	0.000000E+0	0.000000E+0	0.000000E+0
45.0    	76      	5.508874E-2 	2.071051E-5	1.56E+0    	45.00     	4302.72	24.2 	35.5 	0.000000E+0	0.000000E+0	0.000000E+0	0.000000E+0	0.000000E+0	0.000000E+0	0.000000E+0	0.000000E+0
45.0    	77      	1.192888E-3 	2.215575E-4	1.55E+0    	45.00     	4304.64	24.2 	35.5 	0.000000E+0	0.000000E+0	0.000000E+0	0.000000E+0	0.000000E+0	0.000000E+0	0.000000E+0	0.000000E+0
45.0    	78      	9.782484E-4 	4.500602E-4	1.70E+0    	45.00     	4306.56	24.2 	35.5 	0.000000E+0	0.000000E+0	0.000000E+0	0.000000E+0	0.000000E+0	0.000000E+0	0.000000E+0	0.000000E+0
45.0    	79      	4.919912E-2 	2.070604E-4	1.34E+0    	45.00     	4308.47	24.2 	35.5 	0.000000E+0	0.000000E+0	0.000000E+0	0.000000E+0	0.000000E+0	0.000000E+0	0.000000E+0	0.000000E+0
45.0    	80      	1.952891E-1 	2.564019E-4	1.81E+0    	45.00     	4310.39	24.2 	35.5 	0.000000E+0	0.000000E+0	0.000000E+0	0.000000E+0	0.000000E+0	0.000000E+0	0.000000E+0	0.000000E+0
45.0    	81      	1.043879E-1 	1.517294E-4	1.63E+0    	45.00     	4312.32	24.2 	35.5 	0.000000E+0	0.000000E+0	0.000000E+0	0.000000E+0	0.000000E+0	0.000000E+0	0.000000E+0	0.000000E+0
45.0    	82      	3.843227E-2 	2.125237E-4	1.57E+0    	45.00     	4314.25	24.2 	35.5 	0.000000E+0	0.000000E+0	0.000000E+0	0.000000E+0	0.000000E+0	0.000000E+0	0.000000E+0	0.000000E+0
45.0    	83      	4.351717E-2 	7.184188E-5	1.52E+0    	45.00     	4316.16	24.2 	35.5 	0.000000E+0	0.000000E+0	0.000000E+0	0.000000E+0	0.000000E+0	0.000000E+0	0.000000E+0	0.000000E+0
45.0    	84      	3.578378E-2 	6.908445E-5	1.88E+0    	45.00     	4318.09	24.2 	35.5 	0.000000E+0	0.000000E+0	0.000000E+0	0.000000E+0	0.000000E+0	0.000000E+0	0.000000E+0	0.000000E+0
45.0    	85      	3.596045E-2 	1.154231E-4	1.57E+0    	45.00     	4320.01	24.2 	35.5 	0.000000E+0	0.000000E+0	0.000000E+0	0.000000E+0	0.000000E+0	0.000000E+0	0.000000E+0	0.000000E+0
45.0    	86      	3.427592E-2 	1.448428E-4	1.75E+0    	45.00     	4321.93	24.2 	35.5 	0.000000E+0	0.000000E+0	0.000000E+0	0.000000E+0	0.000000E+0	0.000000E+0	0.000000E+0	0.000000E+0
45.0    	87      	3.413726E-2 	4.094922E-4	1.55E+0    	45.00     	4323.85	24.2 	35.5 	0.000000E+0	0.000000E+0	0.000000E+0	0.000000E+0	0.000000E+0	0.000000E+0	0.000000E+0	0.000000E+0
45.0    	88      	3.395365E-2 	8.400473E-5	1.47E+0    	45.00     	4325.76	24.2 	35.5 	0.000000E+0	0.000000E+0	0.000000E+0	0.000000E+0	0.000000E+0	0.000000E+0	0.000000E+0	0.000000E+0
45.0    	89      	3.508764E-2 	4.808585E-5	1.51E+0    	45.00     	4327.68	24.2 	35.5 	0.000000E+0	0.000000E+0	0.000000E+0	0.000000E+0	0.000000E+0	0.000000E+0	0.000000E+0	0.000000E+0
45.0    	90      	2.504874E-1 	1.052835E-4	1.41E+0    	45.00     	4329.61	24.2 	35.5 	0.000000E+0	0.000000E+0	0.000000E+0	0.000000E+0	0.000000E+0	0.000000E+0	0.000000E+0	0.000000E+0
45.0    	91      	3.488092E-2 	9.907231E-5	1.90E+0    	45.00     	4331.53	24.2 	35.5 	0.000000E+0	0.000000E+0	0.000000E+0	0.000000E+0	0.000000E+0	0.000000E+0	0.000000E+0	0.000000E+0
45.0    	92      	8.693300E-2 	1.319037E-4	1.36E+0    	45.00     	4333.48	24.2 	35.5 	0.000000E+0	0.000000E+0	0.000000E+0	0.000000E+0	0.000000E+0	0.000000E+0	0.000000E+0	0.000000E+0
45.0    	93      	3.692949E-2 	2.038226E-4	1.49E+0    	45.00     	4335.40	24.2 	35.5 	0.000000E+0	0.000000E+0	0.000000E+0	0.000000E+0	0.000000E+0	0.000000E+0	0.000000E+0	0.000000E+0
45.0    	94      	3.772949E-2 	2.337702E-4	1.29E+0    	45.00     	4337.32	24.2 	35.5 	0.000000E+0	0.000000E+0	0.000000E+0	0.000000E+0	0.000000E+0	0.000000E+0	0.000000E+0	0.000000E+0
45.0    	95      	4.300464E-2 	1.105445E-4	1.49E+0    	45.00     	4339.23	24.2 	35.4 	0.000000E+0	0.000000E+0	0.000000E+0	0.000000E+0	0.000000E+0	0.000000E+0	0.000000E+0	0.000000E+0
45.0    	96      	1.157739E-1 	7.228730E-5	1.58E+0    	45.00     	4341.14	24.2 	35.5 	0.000000E+0	0.000000E+0	0.000000E+0	0.000000E+0	0.000000E+0	0.000000E+0	0.000000E+0	0.000000E+0
45.0    	97      	1.205020E-1 	1.059138E-4	1.59E+0    	45.00     	4343.07	24.2 	35.4 	0.000000E+0	0.000000E+0	0.000000E+0	0.000000E+0	0.000000E+0	0.000000E+0	0.000000E+0	0.000000E+0
45.0    	98      	3.512184E-2 	2.438193E-5	1.71E+0    	45.00     	4344.98	24.2 	35.4 	0.000000E+0	0.000000E+0	0.000000E+0	0.000000E+0	0.000000E+0	0.000000E+0	0.000000E+0	0.000000E+0
45.0    	99      	3.434685E-2 	3.202432E-5	1.74E+0    	45.00     	4346.90	24.2 	35.4 	0.000000E+0	0.000000E+0	0.000000E+0	0.000000E+0	0.000000E+0	0.000000E+0	0.000000E+0	0.000000E+0
45.0    	100     	3.448425E-2 	1.208010E-4	1.84E+0    	45.00     	4348.82	24.2 	35.4 	0.000000E+0	0.000000E+0	0.000000E+0	0.000000E+0	0.000000E+0	0.000000E+0	0.000000E+0	0.000000E+0
45.0    	101     	3.462132E-2 	6.679312E-5	1.59E+0    	45.00     	4350.74	24.2 	35.5 	0.000000E+0	0.000000E+0	0.000000E+0	0.000000E+0	0.000000E+0	0.000000E+0	0.000000E+0	0.000000E+0
45.0    	102     	4.808350E-2 	1.072816E-4	1.65E+0    	45.00     	4352.66	24.2 	35.4 	0.000000E+0	0.000000E+0	0.000000E+0	0.000000E+0	0.000000E+0	0.000000E+0	0.000000E+0	0.000000E+0
45.0    	103     	3.469382E-2 	2.155828E-5	1.46E+0    	45.00     	4354.61	24.2 	35.4 	0.000000E+0	0.000000E+0	0.000000E+0	0.000000E+0	0.000000E+0	0.000000E+0	0.000000E+0	0.000000E+0
45.0    	104     	3.000727E-1 	6.910212E-5	1.36E+0    	45.00     	4356.52	24.2 	35.4 	0.000000E+0	0.000000E+0	0.000000E+0	0.000000E+0	0.000000E+0	0.000000E+0	0.000000E+0	0.000000E+0
45.0    	105     	3.450133E-2 	4.517721E-5	1.75E+0    	45.00     	4358.44	24.2 	35.4 	0.000000E+0	0.000000E+0	0.000000E+0	0.000000E+0	0.000000E+0	0.000000E+0	0.000000E+0	0.000000E+0
45.0    	106     	3.514273E-2 	1.048373E-4	1.71E+0    	45.00     	4360.38	24.2 	35.5 	0.000000E+0	0.000000E+0	0.000000E+0	0.000000E+0	0.000000E+0	0.000000E+0	0.000000E+0	0.000000E+0
45.0    	107     	3.462703E-2 	2.190371E-5	1.73E+0    	45.01     	4362.30	24.2 	35.4 	0.000000E+0	0.000000E+0	0.000000E+0	0.000000E+0	0.000000E+0	0.000000E+0	0.000000E+0	0.000000E+0
45.0    	108     	3.394859E-2 	1.053674E-4	1.48E+0    	45.00     	4364.21	24.2 	35.4 	0.000000E+0	0.000000E+0	0.000000E+0	0.000000E+0	0.000000E+0	0.000000E+0	0.000000E+0	0.000000E+0
45.0    	109     	3.424364E-2 	1.130249E-4	1.79E+0    	45.00     	4366.14	24.2 	35.4 	0.000000E+0	0.000000E+0	0.000000E+0	0.000000E+0	0.000000E+0	0.000000E+0	0.000000E+0	0.000000E+0
45.0    	110     	3.462291E-2 	4.689495E-5	1.31E+0    	45.00     	4368.06	24.2 	35.4 	0.000000E+0	0.000000E+0	0.000000E+0	0.000000E+0	0.000000E+0	0.000000E+0	0.000000E+0	0.000000E+0
45.0    	111     	3.639859E-2 	1.280303E-4	1.58E+0    	45.01     	4369.99	24.2 	35.4 	0.000000E+0	0.000000E+0	0.000000E+0	0.000000E+0	0.000000E+0	0.000000E+0	0.000000E+0	0.000000E+0
45.0    	112     	2.705396E-1 	7.013803E-5	1.50E+0    	45.00     	4371.91	24.2 	35.4 	0.000000E+0	0.000000E+0	0.000000E+0	0.000000E+0	0.000000E+0	0.000000E+0	0.000000E+0	0.000000E+0
45.0    	113     	1.076667E-1 	1.505182E-4	1.57E+0    	45.00     	4373.83	24.2 	35.4 	0.000000E+0	0.000000E+0	0.000000E+0	0.000000E+0	0.000000E+0	0.000000E+0	0.000000E+0	0.000000E+0
45.0    	114     	4.646229E-2 	4.256527E-5	1.52E+0    	45.00     	4375.75	24.2 	35.4 	0.000000E+0	0.000000E+0	0.000000E+0	0.000000E+0	0.000000E+0	0.000000E+0	0.000000E+0	0.000000E+0
45.0    	115     	3.418919E-2 	1.138566E-4	1.31E+0    	45.00     	4377.66	24.2 	35.4 	0.000000E+0	0.000000E+0	0.000000E+0	0.000000E+0	0.000000E+0	0.000000E+0	0.000000E+0	0.000000E+0
45.0    	116     	3.423637E-2 	5.521953E-5	1.53E+0    	45.00     	4379.58	24.2 	35.4 	0.000000E+0	0.000000E+0	0.000000E+0	0.000000E+0	0.000000E+0	0.000000E+0	0.000000E+0	0.000000E+0
45.0    	117     	3.819137E-2 	2.581283E-4	1.32E+0    	45.00     	4381.50	24.2 	35.4 	0.000000E+0	0.000000E+0	0.000000E+0	0.000000E+0	0.000000E+0	0.000000E+0	0.000000E+0	0.000000E+0
45.0    	118     	3.431202E-2 	3.245025E-4	1.42E+0    	45.00     	4383.42	24.2 	35.4 	0.000000E+0	0.000000E+0	0.000000E+0	0.000000E+0	0.000000E+0	0.000000E+0	0.000000E+0	0.000000E+0
45.0    	119     	4.585353E-2 	1.202109E-4	1.49E+0    	45.00     	4385.34	24.2 	35.5 	0.000000E+0	0.000000E+0	0.000000E+0	0.000000E+0	0.000000E+0	0.000000E+0	0.000000E+0	0.000000E+0
45.0    	120     	3.527980E-2 	1.882613E-4	1.65E+0    	45.00     	4387.27	24.2 	35.4 	0.000000E+0	0.000000E+0	0.000000E+0	0.000000E+0	0.000000E+0	0.000000E+0	0.000000E+0	0.000000E+0
45.0    	121     	3.483627E-2 	1.665701E-4	1.53E+0    	45.01     	4389.19	24.2 	35.4 	0.000000E+0	0.000000E+0	0.000000E+0	0.000000E+0	0.000000E+0	0.000000E+0	0.000000E+0	0.000000E+0
45.0    	122     	3.909236E-2 	6.534782E-5	1.67E+0    	45.00     	4391.12	24.2 	35.4 	0.000000E+0	0.000000E+0	0.000000E+0	0.000000E+0	0.000000E+0	0.000000E+0	0.000000E+0	0.000000E+0
45.0    	123     	3.446461E-2 	1.046562E-5	1.74E+0    	45.00     	4393.04	24.2 	35.4 	0.000000E+0	0.000000E+0	0.000000E+0	0.000000E+0	0.000000E+0	0.000000E+0	0.000000E+0	0.000000E+0
45.0    	124     	3.369217E-2 	1.194500E-4	1.56E+0    	45.01     	4394.97	24.2 	35.4 	0.000000E+0	0.000000E+0	0.000000E+0	0.000000E+0	0.000000E+0	0.000000E+0	0.000000E+0	0.000000E+0
45.0    	125     	3.321350E-2 	1.365418E-4	1.19E+0    	45.00     	4396.89	24.2 	35.5 	0.000000E+0	0.000000E+0	0.000000E+0	0.000000E+0	0.000000E+0	0.000000E+0	0.000000E+0	0.000000E+0
45.0    	126     	3.362917E-2 	4.130116E-4	1.40E+0    	45.00     	4398.81	24.2 	35.4 	0.000000E+0	0.000000E+0	0.000000E+0	0.000000E+0	0.000000E+0	0.000000E+0	0.000000E+0	0.000000E+0
45.0    	127     	3.508068E-2 	1.906215E-5	1.62E+0    	45.00     	4400.73	24.2 	35.4 	0.000000E+0	0.000000E+0	0.000000E+0	0.000000E+0	0.000000E+0	0.000000E+0	0.000000E+0	0.000000E+0
45.0    	128     	1.051018E-1 	1.815306E-4	1.68E+0    	45.01     	4402.66	24.2 	35.4 	0.000000E+0	0.000000E+0	0.000000E+0	0.000000E+0	0.000000E+0	0.000000E+0	0.000000E+0	0.000000E+0
45.0    	129     	1.077983E-1 	2.021167E-4	1.70E+0    	45.00     	4404.59	24.2 	35.5 	0.000000E+0	0.000000E+0	0.000000E+0	0.000000E+0	0.000000E+0	0.000000E+0	0.000000E+0	0.000000E+0
45.0    	130     	3.667497E-2 	9.417630E-5	1.37E+0    	45.00     	4406.52	24.2 	35.4 	0.000000E+0	0.000000E+0	0.000000E+0	0.000000E+0	0.000000E+0	0.000000E+0	0.000000E+0	0.000000E+0
45.0    	131     	3.480305E-2 	3.085352E-4	1.94E+0    	45.01     	4408.43	24.2 	35.4 	0.000000E+0	0.000000E+0	0.000000E+0	0.000000E+0	0.000000E+0	0.000000E+0	0.000000E+0	0.000000E+0
45.0    	132     	3.399767E-2 	8.914135E-5	1.42E+0    	45.00     	4410.35	24.2 	35.4 	0.000000E+0	0.000000E+0	0.000000E+0	0.000000E+0	0.000000E+0	0.000000E+0	0.000000E+0	0.000000E+0
45.0    	133     	3.458967E-2 	9.297359E-5	1.56E+0    	45.00     	4412.27	24.2 	35.4 	0.000000E+0	0.000000E+0	0.000000E+0	0.000000E+0	0.000000E+0	0.000000E+0	0.000000E+0	0.000000E+0
45.0    	134     	3.428320E-2 	1.391250E-4	1.59E+0    	45.00     	4414.19	24.2 	35.4 	0.000000E+0	0.000000E+0	0.000000E+0	0.000000E+0	0.000000E+0	0.000000E+0	0.000000E+0	0.000000E+0
45.0    	135     	3.426675E-2 	1.799248E-4	1.31E+0    	45.00     	4416.11	24.2 	35.5 	0.000000E+0	0.000000E+0	0.000000E+0	0.000000E+0	0.000000E+0	0.000000E+0	0.000000E+0	0.000000E+0
45.0    	136     	3.525321E-2 	9.879911E-6	1.77E+0    	45.00     	4418.04	24.2 	35.4 	0.000000E+0	0.000000E+0	0.000000E+0	0.000000E+0	0.000000E+0	0.000000E+0	0.000000E+0	0.000000E+0
45.0    	137     	3.503826E-2 	2.403304E-4	1.66E+0    	45.00     	4419.96	24.2 	35.4 	0.000000E+0	0.000000E+0	0.000000E+0	0.000000E+0	0.000000E+0	0.000000E+0	0.000000E+0	0.000000E+0
45.0    	138     	3.514084E-2 	1.068612E-4	1.85E+0    	45.00     	4421.90	24.2 	35.5 	0.000000E+0	0.000000E+0	0.000000E+0	0.000000E+0	0.000000E+0	0.000000E+0	0.000000E+0	0.000000E+0
45.0    	139     	3.362504E-2 	2.363264E-4	1.62E+0    	45.00     	4423.83	24.2 	35.4 	0.000000E+0	0.000000E+0	0.000000E+0	0.000000E+0	0.000000E+0	0.000000E+0	0.000000E+0	0.000000E+0
45.0    	140     	3.256641E-2 	3.929071E-5	1.54E+0    	45.00     	4425.75	24.2 	35.4 	0.000000E+0	0.000000E+0	0.000000E+0	0.000000E+0	0.000000E+0	0.000000E+0	0.000000E+0	0.000000E+0
45.0    	141     	3.249043E-2 	1.785900E-4	1.75E+0    	45.00     	4427.67	24.2 	35.4 	0.000000E+0	0.000000E+0	0.000000E+0	0.000000E+0	0.000000E+0	0.000000E+0	0.000000E+0	0.000000E+0
45.0    	142     	3.238313E-2 	1.511145E-4	1.74E+0    	45.00     	4429.59	24.2 	35.4 	0.000000E+0	0.000000E+0	0.000000E+0	0.000000E+0	0.000000E+0	0.000000E+0	0.000000E+0	0.000000E+0
45.0    	143     	3.362758E-2 	1.366172E-4	1.58E+0    	45.00     	4431.51	24.2 	35.4 	0.000000E+0	0.000000E+0	0.000000E+0	0.000000E+0	0.000000E+0	0.000000E+0	0.000000E+0	0.000000E+0
45.0    	144     	1.017236E-1 	1.415544E-4	1.52E+0    	45.00     	4433.43	24.2 	35.4 	0.000000E+0	0.000000E+0	0.000000E+0	0.000000E+0	0.000000E+0	0.000000E+0	0.000000E+0	0.000000E+0
45.0    	145     	1.067261E-1 	1.563029E-4	1.44E+0    	45.00     	4435.35	24.2 	35.4 	0.000000E+0	0.000000E+0	0.000000E+0	0.000000E+0	0.000000E+0	0.000000E+0	0.000000E+0	0.000000E+0
45.0    	146     	3.662243E-2 	1.983010E-4	1.72E+0    	45.00     	4437.26	24.2 	35.4 	0.000000E+0	0.000000E+0	0.000000E+0	0.000000E+0	0.000000E+0	0.000000E+0	0.000000E+0	0.000000E+0
45.0    	147     	3.587054E-2 	4.686208E-5	1.51E+0    	45.00     	4439.18	24.2 	35.4 	0.000000E+0	0.000000E+0	0.000000E+0	0.000000E+0	0.000000E+0	0.000000E+0	0.000000E+0	0.000000E+0
45.0    	148     	3.663539E-2 	3.225872E-4	1.58E+0    	45.00     	4441.12	24.2 	35.4 	0.000000E+0	0.000000E+0	0.000000E+0	0.000000E+0	0.000000E+0	0.000000E+0	0.000000E+0	0.000000E+0
45.0    	149     	3.523802E-2 	1.248979E-4	1.86E+0    	45.00     	4443.04	24.2 	35.4 	0.000000E+0	0.000000E+0	0.000000E+0	0.000000E+0	0.000000E+0	0.000000E+0	0.000000E+0	0.000000E+0
45.0    	150     	1.239850E-1 	1.700284E-4	1.53E+0    	45.00     	4444.97	24.2 	35.4 	0.000000E+0	0.000000E+0	0.000000E+0	0.000000E+0	0.000000E+0	0.000000E+0	0.000000E+0	0.000000E+0
45.0    	151     	3.452826E-2 	2.496370E-4	1.35E+0    	45.00     	4446.89	24.2 	35.4 	0.000000E+0	0.000000E+0	0.000000E+0	0.000000E+0	0.000000E+0	0.000000E+0	0.000000E+0	0.000000E+0
45.0    	152     	3.442472E-2 	1.496649E-4	1.41E+0    	45.00     	4448.81	24.2 	35.4 	0.000000E+0	0.000000E+0	0.000000E+0	0.000000E+0	0.000000E+0	0.000000E+0	0.000000E+0	0.000000E+0
45.0    	153     	3.430064E-2 	1.743093E-4	1.82E+0    	45.00     	4450.73	24.2 	35.4 	0.000000E+0	0.000000E+0	0.000000E+0	0.000000E+0	0.000000E+0	0.000000E+0	0.000000E+0	0.000000E+0
45.0    	154     	3.413319E-2 	1.445943E-4	1.70E+0    	45.00     	4452.66	24.2 	35.4 	0.000000E+0	0.000000E+0	0.000000E+0	0.000000E+0	0.000000E+0	0.000000E+0	0.000000E+0	0.000000E+0
45.0    	155     	1.039738E-1 	3.920616E-5	1.42E+0    	45.00     	4454.59	24.2 	35.4 	0.000000E+0	0.000000E+0	0.000000E+0	0.000000E+0	0.000000E+0	0.000000E+0	0.000000E+0	0.000000E+0
45.0    	156     	3.203046E-2 	1.096782E-4	1.49E+0    	45.00     	4456.50	24.2 	35.4 	0.000000E+0	0.000000E+0	0.000000E+0	0.000000E+0	0.000000E+0	0.000000E+0	0.000000E+0	0.000000E+0
45.0    	157     	3.120861E-2 	2.669177E-4	1.63E+0    	45.00     	4458.42	24.2 	35.4 	0.000000E+0	0.000000E+0	0.000000E+0	0.000000E+0	0.000000E+0	0.000000E+0	0.000000E+0	0.000000E+0
45.0    	158     	3.152172E-2 	1.453384E-4	1.54E+0    	45.00     	4460.34	24.2 	35.4 	0.000000E+0	0.000000E+0	0.000000E+0	0.000000E+0	0.000000E+0	0.000000E+0	0.000000E+0	0.000000E+0
45.0    	159     	4.660064E-2 	1.516332E-4	1.48E+0    	45.00     	4462.26	24.2 	35.4 	0.000000E+0	0.000000E+0	0.000000E+0	0.000000E+0	0.000000E+0	0.000000E+0	0.000000E+0	0.000000E+0
45.0    	160     	1.031646E-1 	1.641620E-4	1.51E+0    	45.00     	4464.18	24.2 	35.4 	0.000000E+0	0.000000E+0	0.000000E+0	0.000000E+0	0.000000E+0	0.000000E+0	0.000000E+0	0.000000E+0
45.0    	161     	1.080627E-1 	1.770377E-4	1.25E+0    	45.00     	4466.10	24.2 	35.4 	0.000000E+0	0.000000E+0	0.000000E+0	0.000000E+0	0.000000E+0	0.000000E+0	0.000000E+0	0.000000E+0
45.0    	162     	3.826704E-2 	2.986639E-4	1.61E+0    	45.00     	4468.03	24.2 	35.4 	0.000000E+0	0.000000E+0	0.000000E+0	0.000000E+0	0.000000E+0	0.000000E+0	0.000000E+0	0.000000E+0
45.0    	163     	4.811957E-2 	1.326445E-4	1.61E+0    	45.00     	4469.95	24.2 	35.4 	0.000000E+0	0.000000E+0	0.000000E+0	0.000000E+0	0.000000E+0	0.000000E+0	0.000000E+0	0.000000E+0
45.0    	164     	1.392016E-3 	2.223523E-4	1.57E+0    	45.00     	4471.89	24.2 	35.4 	0.000000E+0	0.000000E+0	0.000000E+0	0.000000E+0	0.000000E+0	0.000000E+0	0.000000E+0	0.000000E+0
45.0    	165     	3.811446E-2 	1.573539E-4	1.37E+0    	45.00     	4473.81	24.2 	35.4 	0.000000E+0	0.000000E+0	0.000000E+0	0.000000E+0	0.000000E+0	0.000000E+0	0.000000E+0	0.000000E+0
45.0    	166     	3.645494E-2 	1.868867E-4	1.62E+0    	45.00     	4475.74	24.2 	35.4 	0.000000E+0	0.000000E+0	0.000000E+0	0.000000E+0	0.000000E+0	0.000000E+0	0.000000E+0	0.000000E+0
45.0    	167     	3.585535E-2 	1.649819E-4	1.48E+0    	45.00     	4477.67	24.2 	35.4 	0.000000E+0	0.000000E+0	0.000000E+0	0.000000E+0	0.000000E+0	0.000000E+0	0.000000E+0	0.000000E+0
45.0    	168     	5.182799E-2 	1.889538E-4	1.41E+0    	45.00     	4479.59	24.2 	35.4 	0.000000E+0	0.000000E+0	0.000000E+0	0.000000E+0	0.000000E+0	0.000000E+0	0.000000E+0	0.000000E+0
45.0    	169     	3.332050E-2 	2.414430E-4	1.51E+0    	45.00     	4481.53	24.2 	35.4 	0.000000E+0	0.000000E+0	0.000000E+0	0.000000E+0	0.000000E+0	0.000000E+0	0.000000E+0	0.000000E+0
45.0    	170     	3.230904E-2 	1.487155E-4	1.87E+0    	45.00     	4483.46	24.2 	35.4 	0.000000E+0	0.000000E+0	0.000000E+0	0.000000E+0	0.000000E+0	0.000000E+0	0.000000E+0	0.000000E+0
45.0    	171     	7.758162E-2 	1.267624E-4	1.49E+0    	45.00     	4485.39	24.2 	35.4 	0.000000E+0	0.000000E+0	0.000000E+0	0.000000E+0	0.000000E+0	0.000000E+0	0.000000E+0	0.000000E+0
45.0    	172     	3.121906E-2 	2.221118E-4	1.87E+0    	45.00     	4487.32	24.2 	35.4 	0.000000E+0	0.000000E+0	0.000000E+0	0.000000E+0	0.000000E+0	0.000000E+0	0.000000E+0	0.000000E+0
45.0    	173     	3.046243E-2 	4.357250E-5	1.31E+0    	45.00     	4489.25	24.2 	35.4 	0.000000E+0	0.000000E+0	0.000000E+0	0.000000E+0	0.000000E+0	0.000000E+0	0.000000E+0	0.000000E+0
45.0    	174     	3.065175E-2 	1.231317E-4	1.65E+0    	45.00     	4491.18	24.2 	35.4 	0.000000E+0	0.000000E+0	0.000000E+0	0.000000E+0	0.000000E+0	0.000000E+0	0.000000E+0	0.000000E+0
45.0    	175     	6.343504E-2 	1.431378E-4	1.67E+0    	45.00     	4493.10	24.2 	35.4 	0.000000E+0	0.000000E+0	0.000000E+0	0.000000E+0	0.000000E+0	0.000000E+0	0.000000E+0	0.000000E+0
45.0    	176     	1.042971E-1 	1.918454E-4	1.64E+0    	45.00     	4495.02	24.2 	35.4 	0.000000E+0	0.000000E+0	0.000000E+0	0.000000E+0	0.000000E+0	0.000000E+0	0.000000E+0	0.000000E+0
45.0    	177     	1.425336E-1 	6.382369E-5	1.56E+0    	45.00     	4496.94	24.2 	35.4 	0.000000E+0	0.000000E+0	0.000000E+0	0.000000E+0	0.000000E+0	0.000000E+0	0.000000E+0	0.000000E+0
45.0    	178     	3.988982E-2 	4.291705E-5	1.88E+0    	45.00     	4498.85	24.2 	35.4 	0.000000E+0	0.000000E+0	0.000000E+0	0.000000E+0	0.000000E+0	0.000000E+0	0.000000E+0	0.000000E+0
45.0    	179     	4.119665E-2 	4.785961E-5	1.64E+0    	45.00     	4500.76	24.2 	35.4 	0.000000E+0	0.000000E+0	0.000000E+0	0.000000E+0	0.000000E+0	0.000000E+0	0.000000E+0	0.000000E+0
45.0    	180     	4.969552E-2 	2.309037E-4	1.92E+0    	45.00     	4502.69	24.2 	35.4 	0.000000E+0	0.000000E+0	0.000000E+0	0.000000E+0	0.000000E+0	0.000000E+0	0.000000E+0	0.000000E+0
45.0    	181     	3.843579E-2 	1.919667E-4	1.69E+0    	45.00     	4504.61	24.2 	35.4 	0.000000E+0	0.000000E+0	0.000000E+0	0.000000E+0	0.000000E+0	0.000000E+0	0.000000E+0	0.000000E+0
45.0    	182     	3.757058E-2 	2.174724E-4	1.44E+0    	45.00     	4506.53	24.2 	35.4 	0.000000E+0	0.000000E+0	0.000000E+0	0.000000E+0	0.000000E+0	0.000000E+0	0.000000E+0	0.000000E+0
45.0    	183     	3.647489E-2 	1.124938E-4	1.84E+0    	45.00     	4508.45	24.2 	35.4 	0.000000E+0	0.000000E+0	0.000000E+0	0.000000E+0	0.000000E+0	0.000000E+0	0.000000E+0	0.000000E+0
45.0    	184     	3.398468E-2 	1.568901E-4	1.64E+0    	45.00     	4510.38	24.2 	35.4 	0.000000E+0	0.000000E+0	0.000000E+0	0.000000E+0	0.000000E+0	0.000000E+0	0.000000E+0	0.000000E+0
45.0    	185     	8.706978E-2 	1.167394E-4	1.58E+0    	45.00     	4512.32	24.2 	35.4 	0.000000E+0	0.000000E+0	0.000000E+0	0.000000E+0	0.000000E+0	0.000000E+0	0.000000E+0	0.000000E+0
45.0    	186     	3.141566E-2 	7.677104E-5	1.30E+0    	45.00     	4514.25	24.2 	35.4 	0.000000E+0	0.000000E+0	0.000000E+0	0.000000E+0	0.000000E+0	0.000000E+0	0.000000E+0	0.000000E+0
45.0    	187     	4.434567E-2 	1.472656E-4	1.64E+0    	45.00     	4516.17	24.2 	35.4 	0.000000E+0	0.000000E+0	0.000000E+0	0.000000E+0	0.000000E+0	0.000000E+0	0.000000E+0	0.000000E+0
45.0    	188     	3.076510E-2 	5.592215E-5	1.55E+0    	45.00     	4518.11	24.2 	35.4 	0.000000E+0	0.000000E+0	0.000000E+0	0.000000E+0	0.000000E+0	0.000000E+0	0.000000E+0	0.000000E+0
45.0    	189     	3.020950E-2 	1.560645E-4	1.71E+0    	45.00     	4520.03	24.2 	35.4 	0.000000E+0	0.000000E+0	0.000000E+0	0.000000E+0	0.000000E+0	0.000000E+0	0.000000E+0	0.000000E+0
45.0    	190     	2.978844E-2 	3.070695E-5	1.24E+0    	45.00     	4521.95	24.2 	35.4 	0.000000E+0	0.000000E+0	0.000000E+0	0.000000E+0	0.000000E+0	0.000000E+0	0.000000E+0	0.000000E+0
45.0    	191     	3.708906E-2 	4.274834E-5	1.48E+0    	45.00     	4523.86	24.2 	35.4 	0.000000E+0	0.000000E+0	0.000000E+0	0.000000E+0	0.000000E+0	0.000000E+0	0.000000E+0	0.000000E+0
45.0    	192     	1.004329E-1 	1.333141E-4	1.42E+0    	45.00     	4525.79	24.2 	35.4 	0.000000E+0	0.000000E+0	0.000000E+0	0.000000E+0	0.000000E+0	0.000000E+0	0.000000E+0	0.000000E+0
45.0    	193     	1.082622E-1 	1.808241E-4	1.47E+0    	45.00     	4527.72	24.2 	35.4 	0.000000E+0	0.000000E+0	0.000000E+0	0.000000E+0	0.000000E+0	0.000000E+0	0.000000E+0	0.000000E+0
45.0    	194     	6.839673E-2 	4.002611E-5	1.75E+0    	45.00     	4529.63	24.2 	35.4 	0.000000E+0	0.000000E+0	0.000000E+0	0.000000E+0	0.000000E+0	0.000000E+0	0.000000E+0	0.000000E+0
45.0    	195     	3.962706E-2 	4.773503E-5	1.80E+0    	45.00     	4531.56	24.2 	35.4 	0.000000E+0	0.000000E+0	0.000000E+0	0.000000E+0	0.000000E+0	0.000000E+0	0.000000E+0	0.000000E+0
45.0    	196     	3.874349E-2 	1.328708E-4	1.49E+0    	45.00     	4533.48	24.2 	35.4 	0.000000E+0	0.000000E+0	0.000000E+0	0.000000E+0	0.000000E+0	0.000000E+0	0.000000E+0	0.000000E+0
45.0    	197     	3.795521E-2 	1.475068E-4	1.28E+0    	45.00     	4535.41	24.2 	35.4 	0.000000E+0	0.000000E+0	0.000000E+0	0.000000E+0	0.000000E+0	0.000000E+0	0.000000E+0	0.000000E+0
45.0    	198     	4.894049E-2 	1.798339E-4	1.73E+0    	45.00     	4537.34	24.2 	35.4 	0.000000E+0	0.000000E+0	0.000000E+0	0.000000E+0	0.000000E+0	0.000000E+0	0.000000E+0	0.000000E+0
45.0    	199     	3.612381E-2 	6.033421E-5	1.55E+0    	45.00     	4539.26	24.2 	35.4 	0.000000E+0	0.000000E+0	0.000000E+0	0.000000E+0	0.000000E+0	0.000000E+0	0.000000E+0	0.000000E+0
45.0    	200     	3.358484E-2 	1.168037E-4	1.30E+0    	45.01     	4541.19	24.2 	35.4 	0.000000E+0	0.000000E+0	0.000000E+0	0.000000E+0	0.000000E+0	0.000000E+0	0.000000E+0	0.000000E+0
45.0    	201     	9.020201E-2 	9.290618E-5	1.63E+0    	45.01     	4543.11	24.2 	35.4 	0.000000E+0	0.000000E+0	0.000000E+0	0.000000E+0	0.000000E+0	0.000000E+0	0.000000E+0	0.000000E+0
45.0    	202     	5.110461E-2 	1.444582E-4	1.30E+0    	45.01     	4545.04	24.2 	35.4 	0.000000E+0	0.000000E+0	0.000000E+0	0.000000E+0	0.000000E+0	0.000000E+0	0.000000E+0	0.000000E+0
45.0    	203     	3.088570E-2 	1.168874E-4	1.39E+0    	45.01     	4546.98	24.2 	35.4 	0.000000E+0	0.000000E+0	0.000000E+0	0.000000E+0	0.000000E+0	0.000000E+0	0.000000E+0	0.000000E+0
45.0    	204     	2.961306E-2 	3.337359E-4	1.31E+0    	45.01     	4548.90	24.2 	35.4 	0.000000E+0	0.000000E+0	0.000000E+0	0.000000E+0	0.000000E+0	0.000000E+0	0.000000E+0	0.000000E+0
45.0    	205     	2.950321E-2 	9.031246E-5	1.37E+0    	45.01     	4550.81	24.2 	35.4 	0.000000E+0	0.000000E+0	0.000000E+0	0.000000E+0	0.000000E+0	0.000000E+0	0.000000E+0	0.000000E+0
45.0    	206     	2.988216E-2 	1.228372E-4	1.32E+0    	45.01     	4552.75	24.2 	35.4 	0.000000E+0	0.000000E+0	0.000000E+0	0.000000E+0	0.000000E+0	0.000000E+0	0.000000E+0	0.000000E+0
45.0    	207     	3.104558E-2 	2.540792E-4	1.60E+0    	45.01     	4554.67	24.2 	35.4 	0.000000E+0	0.000000E+0	0.000000E+0	0.000000E+0	0.000000E+0	0.000000E+0	0.000000E+0	0.000000E+0
45.0    	208     	1.079164E-1 	2.506263E-4	1.33E+0    	45.01     	4556.61	24.2 	35.4 	0.000000E+0	0.000000E+0	0.000000E+0	0.000000E+0	0.000000E+0	0.000000E+0	0.000000E+0	0.000000E+0
45.0    	209     	1.111719E-1 	9.199507E-5	1.51E+0    	45.00     	4558.54	24.2 	35.4 	0.000000E+0	0.000000E+0	0.000000E+0	0.000000E+0	0.000000E+0	0.000000E+0	0.000000E+0	0.000000E+0
45.0    	210     	4.184849E-2 	9.871963E-5	1.34E+0    	45.01     	4560.45	24.2 	35.4 	0.000000E+0	0.000000E+0	0.000000E+0	0.000000E+0	0.000000E+0	0.000000E+0	0.000000E+0	0.000000E+0
45.0    	211     	4.043782E-2 	1.037322E-4	1.74E+0    	45.00     	4562.39	24.2 	35.4 	0.000000E+0	0.000000E+0	0.000000E+0	0.000000E+0	0.000000E+0	0.000000E+0	0.000000E+0	0.000000E+0
45.0    	212     	9.468063E-2 	1.876632E-4	1.69E+0    	45.00     	4564.32	24.2 	35.4 	0.000000E+0	0.000000E+0	0.000000E+0	0.000000E+0	0.000000E+0	0.000000E+0	0.000000E+0	0.000000E+0
45.0    	213     	3.741991E-2 	2.474048E-4	1.52E+0    	45.00     	4566.25	24.2 	35.4 	0.000000E+0	0.000000E+0	0.000000E+0	0.000000E+0	0.000000E+0	0.000000E+0	0.000000E+0	0.000000E+0
45.0    	214     	3.598737E-2 	6.265347E-5	1.69E+0    	45.00     	4568.16	24.2 	35.4 	0.000000E+0	0.000000E+0	0.000000E+0	0.000000E+0	0.000000E+0	0.000000E+0	0.000000E+0	0.000000E+0
45.0    	215     	3.463874E-2 	2.185142E-4	1.28E+0    	45.01     	4570.08	24.2 	35.4 	0.000000E+0	0.000000E+0	0.000000E+0	0.000000E+0	0.000000E+0	0.000000E+0	0.000000E+0	0.000000E+0
45.0    	216     	3.277915E-2 	8.508425E-6	1.63E+0    	45.01     	4572.01	24.2 	35.4 	0.000000E+0	0.000000E+0	0.000000E+0	0.000000E+0	0.000000E+0	0.000000E+0	0.000000E+0	0.000000E+0
45.0    	217     	3.123141E-2 	1.233950E-4	1.33E+0    	45.01     	4573.94	24.2 	35.4 	0.000000E+0	0.000000E+0	0.000000E+0	0.000000E+0	0.000000E+0	0.000000E+0	0.000000E+0	0.000000E+0
45.0    	218     	3.038583E-2 	2.444448E-4	1.49E+0    	45.00     	4575.86	24.2 	35.4 	0.000000E+0	0.000000E+0	0.000000E+0	0.000000E+0	0.000000E+0	0.000000E+0	0.000000E+0	0.000000E+0
45.0    	219     	2.964788E-2 	1.120360E-4	1.48E+0    	45.00     	4577.79	24.2 	35.4 	0.000000E+0	0.000000E+0	0.000000E+0	0.000000E+0	0.000000E+0	0.000000E+0	0.000000E+0	0.000000E+0
45.0    	220     	2.899985E-2 	1.018158E-4	1.85E+0    	45.00     	4579.73	24.2 	35.4 	0.000000E+0	0.000000E+0	0.000000E+0	0.000000E+0	0.000000E+0	0.000000E+0	0.000000E+0	0.000000E+0
45.0    	221     	4.714232E-2 	3.073789E-4	1.40E+0    	45.00     	4581.66	24.2 	35.4 	0.000000E+0	0.000000E+0	0.000000E+0	0.000000E+0	0.000000E+0	0.000000E+0	0.000000E+0	0.000000E+0
45.0    	222     	3.004868E-2 	8.407692E-5	1.82E+0    	45.00     	4583.58	24.2 	35.4 	0.000000E+0	0.000000E+0	0.000000E+0	0.000000E+0	0.000000E+0	0.000000E+0	0.000000E+0	0.000000E+0
45.0    	223     	3.266678E-2 	1.506916E-4	1.45E+0    	45.01     	4585.52	24.2 	35.4 	0.000000E+0	0.000000E+0	0.000000E+0	0.000000E+0	0.000000E+0	0.000000E+0	0.000000E+0	0.000000E+0
45.0    	224     	1.115410E-1 	1.099239E-3	1.81E+0    	45.01     	4587.45	24.2 	35.4 	0.000000E+0	0.000000E+0	0.000000E+0	0.000000E+0	0.000000E+0	0.000000E+0	0.000000E+0	0.000000E+0
45.0    	225     	1.204267E-1 	1.736907E-4	1.56E+0    	45.00     	4589.37	24.2 	35.4 	0.000000E+0	0.000000E+0	0.000000E+0	0.000000E+0	0.000000E+0	0.000000E+0	0.000000E+0	0.000000E+0
45.0    	226     	4.277795E-2 	8.724876E-5	1.51E+0    	45.01     	4591.29	24.2 	35.4 	0.000000E+0	0.000000E+0	0.000000E+0	0.000000E+0	0.000000E+0	0.000000E+0	0.000000E+0	0.000000E+0
45.0    	227     	4.054261E-2 	1.331090E-4	1.29E+0    	45.00     	4593.21	24.2 	35.4 	0.000000E+0	0.000000E+0	0.000000E+0	0.000000E+0	0.000000E+0	0.000000E+0	0.000000E+0	0.000000E+0
45.0    	228     	3.813059E-2 	1.277646E-4	1.29E+0    	45.00     	4595.12	24.2 	35.4 	0.000000E+0	0.000000E+0	0.000000E+0	0.000000E+0	0.000000E+0	0.000000E+0	0.000000E+0	0.000000E+0
45.0    	229     	5.301801E-2 	1.040428E-4	1.63E+0    	45.00     	4597.05	24.2 	35.4 	0.000000E+0	0.000000E+0	0.000000E+0	0.000000E+0	0.000000E+0	0.000000E+0	0.000000E+0	0.000000E+0
45.0    	230     	4.637936E-2 	2.039598E-5	1.51E+0    	45.00     	4598.97	24.2 	35.4 	0.000000E+0	0.000000E+0	0.000000E+0	0.000000E+0	0.000000E+0	0.000000E+0	0.000000E+0	0.000000E+0
45.0    	231     	3.376784E-2 	2.213008E-4	1.61E+0    	45.00     	4600.90	24.2 	35.4 	0.000000E+0	0.000000E+0	0.000000E+0	0.000000E+0	0.000000E+0	0.000000E+0	0.000000E+0	0.000000E+0
45.0    	232     	3.248602E-2 	2.703421E-4	1.43E+0    	45.00     	4602.84	24.2 	35.4 	0.000000E+0	0.000000E+0	0.000000E+0	0.000000E+0	0.000000E+0	0.000000E+0	0.000000E+0	0.000000E+0
45.0    	233     	3.172749E-2 	1.740965E-4	1.59E+0    	45.00     	4604.77	24.2 	35.4 	0.000000E+0	0.000000E+0	0.000000E+0	0.000000E+0	0.000000E+0	0.000000E+0	0.000000E+0	0.000000E+0
45.0    	234     	3.949380E-2 	1.506744E-4	1.33E+0    	45.00     	4606.69	24.2 	35.4 	0.000000E+0	0.000000E+0	0.000000E+0	0.000000E+0	0.000000E+0	0.000000E+0	0.000000E+0	0.000000E+0
45.0    	235     	2.948705E-2 	1.968033E-4	1.51E+0    	45.00     	4608.62	24.2 	35.4 	0.000000E+0	0.000000E+0	0.000000E+0	0.000000E+0	0.000000E+0	0.000000E+0	0.000000E+0	0.000000E+0
45.0    	236     	2.930471E-2 	7.416245E-5	1.35E+0    	45.00     	4610.54	24.2 	35.4 	0.000000E+0	0.000000E+0	0.000000E+0	0.000000E+0	0.000000E+0	0.000000E+0	0.000000E+0	0.000000E+0
45.0    	237     	2.973684E-2 	3.174264E-4	1.71E+0    	45.00     	4612.46	24.2 	35.4 	0.000000E+0	0.000000E+0	0.000000E+0	0.000000E+0	0.000000E+0	0.000000E+0	0.000000E+0	0.000000E+0
45.0    	238     	9.345516E-2 	3.242422E-4	1.43E+0    	45.00     	4614.39	24.2 	35.4 	0.000000E+0	0.000000E+0	0.000000E+0	0.000000E+0	0.000000E+0	0.000000E+0	0.000000E+0	0.000000E+0
45.0    	239     	4.631162E-2 	6.281385E-5	1.70E+0    	45.00     	4616.31	24.2 	35.4 	0.000000E+0	0.000000E+0	0.000000E+0	0.000000E+0	0.000000E+0	0.000000E+0	0.000000E+0	0.000000E+0
45.0    	240     	1.294615E-1 	4.433723E-5	1.52E+0    	45.00     	4618.22	24.2 	35.4 	0.000000E+0	0.000000E+0	0.000000E+0	0.000000E+0	0.000000E+0	0.000000E+0	0.000000E+0	0.000000E+0
45.0    	241     	2.124234E-1 	4.878740E-5	1.22E+0    	45.00     	4620.14	24.2 	35.4 	0.000000E+0	0.000000E+0	0.000000E+0	0.000000E+0	0.000000E+0	0.000000E+0	0.000000E+0	0.000000E+0
45.0    	242     	1.149983E-1 	9.451679E-5	1.37E+0    	45.00     	4622.06	24.2 	35.4 	0.000000E+0	0.000000E+0	0.000000E+0	0.000000E+0	0.000000E+0	0.000000E+0	0.000000E+0	0.000000E+0
45.0    	243     	1.075815E-1 	1.713944E-4	1.38E+0    	45.01     	4623.98	24.2 	35.4 	0.000000E+0	0.000000E+0	0.000000E+0	0.000000E+0	0.000000E+0	0.000000E+0	0.000000E+0	0.000000E+0
45.0    	244     	1.034293E-1 	7.375597E-5	1.49E+0    	45.01     	4625.90	24.2 	35.4 	0.000000E+0	0.000000E+0	0.000000E+0	0.000000E+0	0.000000E+0	0.000000E+0	0.000000E+0	0.000000E+0
45.0    	245     	1.012332E-1 	8.777465E-5	1.49E+0    	45.00     	4627.82	24.2 	35.4 	0.000000E+0	0.000000E+0	0.000000E+0	0.000000E+0	0.000000E+0	0.000000E+0	0.000000E+0	0.000000E+0
45.0    	246     	9.874995E-2 	2.236163E-4	1.52E+0    	45.00     	4629.73	24.2 	35.4 	0.000000E+0	0.000000E+0	0.000000E+0	0.000000E+0	0.000000E+0	0.000000E+0	0.000000E+0	0.000000E+0
45.0    	247     	9.726453E-2 	1.105678E-4	1.51E+0    	45.00     	4631.65	24.2 	35.4 	0.000000E+0	0.000000E+0	0.000000E+0	0.000000E+0	0.000000E+0	0.000000E+0	0.000000E+0	0.000000E+0
45.0    	248     	1.234193E-1 	1.699455E-4	1.24E+0    	45.00     	4633.57	24.2 	35.4 	0.000000E+0	0.000000E+0	0.000000E+0	0.000000E+0	0.000000E+0	0.000000E+0	0.000000E+0	0.000000E+0
45.0    	249     	1.444746E-1 	3.994826E-5	1.50E+0    	45.00     	4635.49	24.2 	35.4 	0.000000E+0	0.000000E+0	0.000000E+0	0.000000E+0	0.000000E+0	0.000000E+0	0.000000E+0	0.000000E+0
45.0    	250     	9.489814E-2 	9.069532E-5	1.52E+0    	45.00     	4637.41	24.2 	35.4 	0.000000E+0	0.000000E+0	0.000000E+0	0.000000E+0	0.000000E+0	0.000000E+0	0.000000E+0	0.000000E+0
45.0    	251     	9.359607E-2 	2.568548E-5	1.62E+0    	45.00     	4639.33	24.2 	35.4 	0.000000E+0	0.000000E+0	0.000000E+0	0.000000E+0	0.000000E+0	0.000000E+0	0.000000E+0	0.000000E+0
45.0    	252     	1.063386E-1 	1.846565E-4	1.74E+0    	45.01     	4641.27	24.2 	35.4 	0.000000E+0	0.000000E+0	0.000000E+0	0.000000E+0	0.000000E+0	0.000000E+0	0.000000E+0	0.000000E+0
45.0    	253     	1.165648E-1 	1.023880E-4	1.56E+0    	45.00     	4643.18	24.2 	35.4 	0.000000E+0	0.000000E+0	0.000000E+0	0.000000E+0	0.000000E+0	0.000000E+0	0.000000E+0	0.000000E+0
45.0    	254     	2.731563E-1 	1.483267E-4	1.53E+0    	45.00     	4645.11	24.2 	35.4 	0.000000E+0	0.000000E+0	0.000000E+0	0.000000E+0	0.000000E+0	0.000000E+0	0.000000E+0	0.000000E+0
45.0    	255     	1.211536E-1 	2.844694E-4	1.67E+0    	45.00     	4647.05	24.2 	35.4 	0.000000E+0	0.000000E+0	0.000000E+0	0.000000E+0	0.000000E+0	0.000000E+0	0.000000E+0	0.000000E+0
45.0    	256     	2.558332E-1 	4.628654E-5	1.73E+0    	45.00     	4648.97	24.2 	35.4 	0.000000E+0	0.000000E+0	0.000000E+0	0.000000E+0	0.000000E+0	0.000000E+0	0.000000E+0	0.000000E+0
45.0    	257     	1.884295E-3 	1.667684E-4	1.47E+0    	45.00     	4650.90	24.2 	35.4 	0.000000E+0	0.000000E+0	0.000000E+0	0.000000E+0	0.000000E+0	0.000000E+0	0.000000E+0	0.000000E+0
45.0    	258     	1.332183E-3 	1.667028E-4	1.59E+0    	45.00     	4652.84	24.2 	35.4 	0.000000E+0	0.000000E+0	0.000000E+0	0.000000E+0	0.000000E+0	0.000000E+0	0.000000E+0	0.000000E+0
45.0    	259     	1.585129E-3 	1.412150E-4	1.41E+0    	45.00     	4654.76	24.2 	35.4 	0.000000E+0	0.000000E+0	0.000000E+0	0.000000E+0	0.000000E+0	0.000000E+0	0.000000E+0	0.000000E+0
45.0    	260     	1.538908E-3 	1.061537E-4	1.51E+0    	45.00     	4656.68	24.2 	35.4 	0.000000E+0	0.000000E+0	0.000000E+0	0.000000E+0	0.000000E+0	0.000000E+0	0.000000E+0	0.000000E+0
45.0    	261     	1.463247E-3 	2.605334E-4	1.52E+0    	45.00     	4658.60	24.2 	35.4 	0.000000E+0	0.000000E+0	0.000000E+0	0.000000E+0	0.000000E+0	0.000000E+0	0.000000E+0	0.000000E+0
45.0    	262     	1.577214E-3 	1.390454E-5	1.60E+0    	45.00     	4660.53	24.2 	35.4 	0.000000E+0	0.000000E+0	0.000000E+0	0.000000E+0	0.000000E+0	0.000000E+0	0.000000E+0	0.000000E+0
45.0    	263     	7.468298E-4 	1.210192E-4	1.63E+0    	45.00     	4662.46	24.2 	35.4 	0.000000E+0	0.000000E+0	0.000000E+0	0.000000E+0	0.000000E+0	0.000000E+0	0.000000E+0	0.000000E+0
45.0    	264     	-1.148681E-3	2.956883E-4	1.38E+0    	45.00     	4664.38	24.2 	35.4 	0.000000E+0	0.000000E+0	0.000000E+0	0.000000E+0	0.000000E+0	0.000000E+0	0.000000E+0	0.000000E+0
50.0    	1       	2.264212E-1 	1.437952E-4	3.08E+1    	50.00     	4681.21	24.2 	35.4 	0.000000E+0	0.000000E+0	0.000000E+0	0.000000E+0	0.000000E+0	0.000000E+0	0.000000E+0	0.000000E+0
50.0    	2       	1.937189E-1 	5.636580E-5	1.15E+1    	50.00     	4682.99	24.2 	35.4 	0.000000E+0	0.000000E+0	0.000000E+0	0.000000E+0	0.000000E+0	0.000000E+0	0.000000E+0	0.000000E+0
50.0    	3       	1.873214E-3 	3.809704E-5	1.04E+1    	50.00     	4684.92	24.2 	35.4 	0.000000E+0	0.000000E+0	0.000000E+0	0.000000E+0	0.000000E+0	0.000000E+0	0.000000E+0	0.000000E+0
50.0    	4       	1.386705E-1 	1.742243E-4	1.27E+1    	50.00     	4686.84	24.2 	35.4 	0.000000E+0	0.000000E+0	0.000000E+0	0.000000E+0	0.000000E+0	0.000000E+0	0.000000E+0	0.000000E+0
50.0    	5       	1.223366E-1 	1.392489E-4	3.02E+0    	50.00     	4688.79	24.2 	35.4 	0.000000E+0	0.000000E+0	0.000000E+0	0.000000E+0	0.000000E+0	0.000000E+0	0.000000E+0	0.000000E+0
50.0    	6       	1.206426E-1 	1.839701E-4	1.81E+0    	50.00     	4690.84	24.2 	35.4 	0.000000E+0	0.000000E+0	0.000000E+0	0.000000E+0	0.000000E+0	0.000000E+0	0.000000E+0	0.000000E+0
50.0    	7       	1.184414E-1 	1.416189E-4	1.35E+0    	50.00     	4692.76	24.2 	35.4 	0.000000E+0	0.000000E+0	0.000000E+0	0.000000E+0	0.000000E+0	0.000000E+0	0.000000E+0	0.000000E+0
50.0    	8       	1.152462E-1 	1.293893E-4	1.57E+0    	50.00     	4694.68	24.2 	35.4 	0.000000E+0	0.000000E+0	0.000000E+0	0.000000E+0	0.000000E+0	0.000000E+0	0.000000E+0	0.000000E+0
50.0    	9       	1.307317E-1 	1.125287E-2	1.86E+0    	50.00     	4696.60	24.2 	35.4 	0.000000E+0	0.000000E+0	0.000000E+0	0.000000E+0	0.000000E+0	0.000000E+0	0.000000E+0	0.000000E+0
50.0    	10      	1.159100E-1 	4.218412E-3	1.62E+0    	50.00     	4698.51	24.2 	35.4 	0.000000E+0	0.000000E+0	0.000000E+0	0.000000E+0	0.000000E+0	0.000000E+0	0.000000E+0	0.000000E+0
50.0    	11      	1.153272E-1 	2.483148E-3	1.57E+0    	50.00     	4700.45	24.2 	35.4 	0.000000E+0	0.000000E+0	0.000000E+0	0.000000E+0	0.000000E+0	0.000000E+0	0.000000E+0	0.000000E+0
50.0    	12      	1.125974E-1 	1.950507E-4	1.86E+0    	50.00     	4702.39	24.2 	35.4 	0.000000E+0	0.000000E+0	0.000000E+0	0.000000E+0	0.000000E+0	0.000000E+0	0.000000E+0	0.000000E+0
50.0    	13      	1.167227E-1 	2.298050E-4	1.66E+0    	50.00     	4704.32	24.2 	35.4 	0.000000E+0	0.000000E+0	0.000000E+0	0.000000E+0	0.000000E+0	0.000000E+0	0.000000E+0	0.000000E+0
50.0    	14      	1.201218E-1 	8.781725E-5	1.90E+0    	50.00     	4706.23	24.2 	35.4 	0.000000E+0	0.000000E+0	0.000000E+0	0.000000E+0	0.000000E+0	0.000000E+0	0.000000E+0	0.000000E+0
50.0    	15      	1.277729E-1 	8.620408E-5	1.62E+0    	50.00     	4708.17	24.2 	35.4 	0.000000E+0	0.000000E+0	0.000000E+0	0.000000E+0	0.000000E+0	0.000000E+0	0.000000E+0	0.000000E+0
50.0    	16      	2.169903E-1 	1.997259E-4	1.48E+0    	50.00     	4710.10	24.2 	35.4 	0.000000E+0	0.000000E+0	0.000000E+0	0.000000E+0	0.000000E+0	0.000000E+0	0.000000E+0	0.000000E+0
50.0    	17      	1.210738E-1 	1.565363E-4	1.38E+0    	50.00     	4712.04	24.2 	35.4 	0.000000E+0	0.000000E+0	0.000000E+0	0.000000E+0	0.000000E+0	0.000000E+0	0.000000E+0	0.000000E+0
50.0    	18      	4.533812E-2 	1.372828E-4	1.53E+0    	50.00     	4713.96	24.2 	35.4 	0.000000E+0	0.000000E+0	0.000000E+0	0.000000E+0	0.000000E+0	0.000000E+0	0.000000E+0	0.000000E+0
50.0    	19      	8.141280E-2 	1.066004E-4	1.49E+0    	50.00     	4715.90	24.2 	35.4 	0.000000E+0	0.000000E+0	0.000000E+0	0.000000E+0	0.000000E+0	0.000000E+0	0.000000E+0	0.000000E+0
50.0    	20      	4.305939E-2 	7.139526E-5	1.25E+0    	50.00     	4717.83	24.2 	35.4 	0.000000E+0	0.000000E+0	0.000000E+0	0.000000E+0	0.000000E+0	0.000000E+0	0.000000E+0	0.000000E+0
50.0    	21      	4.264277E-2 	9.731111E-5	1.77E+0    	50.00     	4719.75	24.2 	35.4 	0.000000E+0	0.000000E+0	0.000000E+0	0.000000E+0	0.000000E+0	0.000000E+0	0.000000E+0	0.000000E+0
50.0    	22      	4.177216E-2 	1.550583E-4	1.51E+0    	50.00     	4721.67	24.2 	35.4 	0.000000E+0	0.000000E+0	0.000000E+0	0.000000E+0	0.000000E+0	0.000000E+0	0.000000E+0	0.000000E+0
50.0    	23      	4.205078E-2 	1.351124E-4	1.37E+0    	50.00     	4723.61	24.2 	35.4 	0.000000E+0	0.000000E+0	0.000000E+0	0.000000E+0	0.000000E+0	0.000000E+0	0.000000E+0	0.000000E+0
50.0    	24      	5.542081E-2 	1.248272E-4	1.57E+0    	50.00     	4725.53	24.2 	35.4 	0.000000E+0	0.000000E+0	0.000000E+0	0.000000E+0	0.000000E+0	0.000000E+0	0.000000E+0	0.000000E+0
50.0    	25      	5.817884E-2 	1.729255E-4	1.73E+0    	50.00     	4727.47	24.2 	35.4 	0.000000E+0	0.000000E+0	0.000000E+0	0.000000E+0	0.000000E+0	0.000000E+0	0.000000E+0	0.000000E+0
50.0    	26      	4.036215E-2 	1.268575E-4	1.84E+0    	50.00     	4729.40	24.2 	35.4 	0.000000E+0	0.000000E+0	0.000000E+0	0.000000E+0	0.000000E+0	0.000000E+0	0.000000E+0	0.000000E+0
50.0    	27      	6.135826E-2 	1.483354E-4	1.62E+0    	50.00     	4731.32	24.2 	35.4 	0.000000E+0	0.000000E+0	0.000000E+0	0.000000E+0	0.000000E+0	0.000000E+0	0.000000E+0	0.000000E+0
50.0    	28      	4.177662E-2 	5.033815E-5	1.92E+0    	50.00     	4733.24	24.2 	35.4 	0.000000E+0	0.000000E+0	0.000000E+0	0.000000E+0	0.000000E+0	0.000000E+0	0.000000E+0	0.000000E+0
50.0    	29      	4.345384E-2 	1.294330E-4	1.51E+0    	50.00     	4735.20	24.2 	35.4 	0.000000E+0	0.000000E+0	0.000000E+0	0.000000E+0	0.000000E+0	0.000000E+0	0.000000E+0	0.000000E+0
50.0    	30      	1.097567E-1 	2.563821E-4	1.89E+0    	50.00     	4737.13	24.2 	35.4 	0.000000E+0	0.000000E+0	0.000000E+0	0.000000E+0	0.000000E+0	0.000000E+0	0.000000E+0	0.000000E+0
50.0    	31      	7.560014E-2 	9.916998E-5	1.67E+0    	50.00     	4739.05	24.2 	35.4 	0.000000E+0	0.000000E+0	0.000000E+0	0.000000E+0	0.000000E+0	0.000000E+0	0.000000E+0	0.000000E+0
50.0    	32      	1.250724E-1 	2.452449E-4	1.41E+0    	50.00     	4740.97	24.2 	35.4 	0.000000E+0	0.000000E+0	0.000000E+0	0.000000E+0	0.000000E+0	0.000000E+0	0.000000E+0	0.000000E+0
50.0    	33      	1.145041E-1 	1.115983E-4	1.62E+0    	50.00     	4742.91	24.2 	35.4 	0.000000E+0	0.000000E+0	0.000000E+0	0.000000E+0	0.000000E+0	0.000000E+0	0.000000E+0	0.000000E+0
50.0    	34      	5.934448E-2 	1.275746E-4	1.90E+0    	50.00     	4744.83	24.2 	35.4 	0.000000E+0	0.000000E+0	0.000000E+0	0.000000E+0	0.000000E+0	0.000000E+0	0.000000E+0	0.000000E+0
50.0    	35      	3.893532E-2 	1.092308E-4	1.85E+0    	50.00     	4746.76	24.2 	35.4 	0.000000E+0	0.000000E+0	0.000000E+0	0.000000E+0	0.000000E+0	0.000000E+0	0.000000E+0	0.000000E+0
50.0    	36      	7.476562E-2 	1.306680E-4	1.76E+0    	50.00     	4748.68	24.2 	35.4 	0.000000E+0	0.000000E+0	0.000000E+0	0.000000E+0	0.000000E+0	0.000000E+0	0.000000E+0	0.000000E+0
50.0    	37      	3.842249E-2 	4.110449E-5	1.70E+0    	50.00     	4750.60	24.2 	35.4 	0.000000E+0	0.000000E+0	0.000000E+0	0.000000E+0	0.000000E+0	0.000000E+0	0.000000E+0	0.000000E+0
50.0    	38      	3.790741E-2 	2.463400E-4	1.88E+0    	50.00     	4752.55	24.2 	35.4 	0.000000E+0	0.000000E+0	0.000000E+0	0.000000E+0	0.000000E+0	0.000000E+0	0.000000E+0	0.000000E+0
50.0    	39      	3.817776E-2 	1.927780E-4	1.49E+0    	50.00     	4754.49	24.2 	35.4 	0.000000E+0	0.000000E+0	0.000000E+0	0.000000E+0	0.000000E+0	0.000000E+0	0.000000E+0	0.000000E+0
50.0    	40      	3.667463E-2 	1.629306E-4	1.37E+0    	50.00     	4756.41	24.2 	35.4 	0.000000E+0	0.000000E+0	0.000000E+0	0.000000E+0	0.000000E+0	0.000000E+0	0.000000E+0	0.000000E+0
50.0    	41      	3.746260E-2 	1.272348E-4	1.59E+0    	50.00     	4758.35	24.2 	35.4 	0.000000E+0	0.000000E+0	0.000000E+0	0.000000E+0	0.000000E+0	0.000000E+0	0.000000E+0	0.000000E+0
50.0    	42      	3.798876E-2 	1.356575E-4	1.63E+0    	50.00     	4760.27	24.2 	35.4 	0.000000E+0	0.000000E+0	0.000000E+0	0.000000E+0	0.000000E+0	0.000000E+0	0.000000E+0	0.000000E+0
50.0    	43      	3.843704E-2 	3.487936E-5	1.63E+0    	50.00     	4762.20	24.2 	35.4 	0.000000E+0	0.000000E+0	0.000000E+0	0.000000E+0	0.000000E+0	0.000000E+0	0.000000E+0	0.000000E+0
50.0    	44      	5.416020E-2 	1.235095E-4	1.83E+0    	50.00     	4764.12	24.2 	35.4 	0.000000E+0	0.000000E+0	0.000000E+0	0.000000E+0	0.000000E+0	0.000000E+0	0.000000E+0	0.000000E+0
50.0    	45      	4.132645E-2 	5.174361E-4	1.51E+0    	50.00     	4766.06	24.2 	35.4 	0.000000E+0	0.000000E+0	0.000000E+0	0.000000E+0	0.000000E+0	0.000000E+0	0.000000E+0	0.000000E+0
50.0    	46      	4.177186E-2 	3.670389E-4	1.79E+0    	50.00     	4767.99	24.2 	35.4 	0.000000E+0	0.000000E+0	0.000000E+0	0.000000E+0	0.000000E+0	0.000000E+0	0.000000E+0	0.000000E+0
50.0    	47      	4.534825E-2 	1.624203E-3	1.56E+0    	50.00     	4769.91	24.2 	35.4 	0.000000E+0	0.000000E+0	0.000000E+0	0.000000E+0	0.000000E+0	0.000000E+0	0.000000E+0	0.000000E+0
50.0    	48      	1.685528E-1 	5.408302E-5	1.68E+0    	50.00     	4771.84	24.2 	35.4 	0.000000E+0	0.000000E+0	0.000000E+0	0.000000E+0	0.000000E+0	0.000000E+0	0.000000E+0	0.000000E+0
50.0    	49      	1.434070E-1 	2.194030E-4	1.71E+0    	50.00     	4773.76	24.2 	35.4 	0.000000E+0	0.000000E+0	0.000000E+0	0.000000E+0	0.000000E+0	0.000000E+0	0.000000E+0	0.000000E+0
50.0    	50      	3.829805E-2 	1.297141E-4	1.82E+0    	50.00     	4775.68	24.2 	35.4 	0.000000E+0	0.000000E+0	0.000000E+0	0.000000E+0	0.000000E+0	0.000000E+0	0.000000E+0	0.000000E+0
50.0    	51      	1.788296E-1 	9.138944E-5	1.87E+0    	50.00     	4777.61	24.2 	35.4 	0.000000E+0	0.000000E+0	0.000000E+0	0.000000E+0	0.000000E+0	0.000000E+0	0.000000E+0	0.000000E+0
50.0    	52      	3.680095E-2 	7.769582E-5	1.69E+0    	50.00     	4779.53	24.2 	35.4 	0.000000E+0	0.000000E+0	0.000000E+0	0.000000E+0	0.000000E+0	0.000000E+0	0.000000E+0	0.000000E+0
50.0    	53      	3.844556E-2 	1.120015E-4	1.70E+0    	50.00     	4781.45	24.2 	35.4 	0.000000E+0	0.000000E+0	0.000000E+0	0.000000E+0	0.000000E+0	0.000000E+0	0.000000E+0	0.000000E+0
50.0    	54      	3.565652E-2 	1.630169E-4	1.64E+0    	50.00     	4783.39	24.2 	35.4 	0.000000E+0	0.000000E+0	0.000000E+0	0.000000E+0	0.000000E+0	0.000000E+0	0.000000E+0	0.000000E+0
50.0    	55      	3.544442E-2 	8.009523E-5	1.59E+0    	50.00     	4785.31	24.2 	35.4 	0.000000E+0	0.000000E+0	0.000000E+0	0.000000E+0	0.000000E+0	0.000000E+0	0.000000E+0	0.000000E+0
50.0    	56      	3.508004E-2 	1.418438E-4	1.52E+0    	50.00     	4787.24	24.2 	35.4 	0.000000E+0	0.000000E+0	0.000000E+0	0.000000E+0	0.000000E+0	0.000000E+0	0.000000E+0	0.000000E+0
50.0    	57      	4.279757E-2 	7.014124E-3	1.75E+0    	50.00     	4789.16	24.2 	35.4 	0.000000E+0	0.000000E+0	0.000000E+0	0.000000E+0	0.000000E+0	0.000000E+0	0.000000E+0	0.000000E+0
50.0    	58      	3.931806E-2 	5.043229E-3	1.77E+0    	50.00     	4791.09	24.2 	35.4 	0.000000E+0	0.000000E+0	0.000000E+0	0.000000E+0	0.000000E+0	0.000000E+0	0.000000E+0	0.000000E+0
50.0    	59      	4.112794E-2 	7.572483E-3	1.56E+0    	50.00     	4793.02	24.2 	35.4 	0.000000E+0	0.000000E+0	0.000000E+0	0.000000E+0	0.000000E+0	0.000000E+0	0.000000E+0	0.000000E+0
50.0    	60      	4.799990E-2 	7.942813E-5	1.40E+0    	50.00     	4794.94	24.2 	35.4 	0.000000E+0	0.000000E+0	0.000000E+0	0.000000E+0	0.000000E+0	0.000000E+0	0.000000E+0	0.000000E+0
50.0    	61      	5.276281E-2 	1.313132E-4	1.63E+0    	50.00     	4796.86	24.2 	35.4 	0.000000E+0	0.000000E+0	0.000000E+0	0.000000E+0	0.000000E+0	0.000000E+0	0.000000E+0	0.000000E+0
50.0    	62      	7.043576E-2 	1.487102E-4	1.97E+0    	50.00     	4798.80	24.2 	35.4 	0.000000E+0	0.000000E+0	0.000000E+0	0.000000E+0	0.000000E+0	0.000000E+0	0.000000E+0	0.000000E+0
50.0    	63      	4.559041E-2 	9.173872E-5	1.73E+0    	50.00     	4800.72	24.2 	35.4 	0.000000E+0	0.000000E+0	0.000000E+0	0.000000E+0	0.000000E+0	0.000000E+0	0.000000E+0	0.000000E+0
50.0    	64      	2.756030E-1 	1.395420E-4	1.57E+0    	50.00     	4802.65	24.2 	35.4 	0.000000E+0	0.000000E+0	0.000000E+0	0.000000E+0	0.000000E+0	0.000000E+0	0.000000E+0	0.000000E+0
50.0    	65      	1.087769E-1 	9.079991E-5	1.33E+0    	50.00     	4804.59	24.2 	35.4 	0.000000E+0	0.000000E+0	0.000000E+0	0.000000E+0	0.000000E+0	0.000000E+0	0.000000E+0	0.000000E+0
50.0    	66      	3.663951E-2 	6.269445E-5	1.60E+0    	50.00     	4806.51	24.2 	35.4 	0.000000E+0	0.000000E+0	0.000000E+0	0.000000E+0	0.000000E+0	0.000000E+0	0.000000E+0	0.000000E+0
50.0    	67      	7.038165E-2 	8.548704E-5	1.50E+0    	50.00     	4808.45	24.2 	35.4 	0.000000E+0	0.000000E+0	0.000000E+0	0.000000E+0	0.000000E+0	0.000000E+0	0.000000E+0	0.000000E+0
50.0    	68      	3.685573E-2 	7.530767E-5	1.60E+0    	50.00     	4810.39	24.2 	35.4 	0.000000E+0	0.000000E+0	0.000000E+0	0.000000E+0	0.000000E+0	0.000000E+0	0.000000E+0	0.000000E+0
50.0    	69      	1.295958E+1 	1.170865E-2	1.48E+0    	50.00     	4812.33	24.2 	35.4 	0.000000E+0	0.000000E+0	0.000000E+0	0.000000E+0	0.000000E+0	0.000000E+0	0.000000E+0	0.000000E+0
50.0    	70      	3.725682E-2 	1.010283E-4	1.65E+0    	50.00     	4814.43	24.2 	35.4 	0.000000E+0	0.000000E+0	0.000000E+0	0.000000E+0	0.000000E+0	0.000000E+0	0.000000E+0	0.000000E+0
50.0    	71      	1.702067E-1 	2.051415E-4	1.71E+0    	50.00     	4816.45	24.2 	35.4 	0.000000E+0	0.000000E+0	0.000000E+0	0.000000E+0	0.000000E+0	0.000000E+0	0.000000E+0	0.000000E+0
50.0    	72      	3.516171E-2 	1.954542E-4	1.41E+0    	50.00     	4818.38	24.2 	35.4 	0.000000E+0	0.000000E+0	0.000000E+0	0.000000E+0	0.000000E+0	0.000000E+0	0.000000E+0	0.000000E+0
50.0    	73      	4.969486E-2 	2.545563E-2	1.52E+0    	50.00     	4820.31	24.2 	35.4 	0.000000E+0	0.000000E+0	0.000000E+0	0.000000E+0	0.000000E+0	0.000000E+0	0.000000E+0	0.000000E+0
50.0    	74      	3.926996E-2 	6.282053E-3	1.51E+0    	50.00     	4822.23	24.2 	35.4 	0.000000E+0	0.000000E+0	0.000000E+0	0.000000E+0	0.000000E+0	0.000000E+0	0.000000E+0	0.000000E+0
50.0    	75      	6.576150E-2 	5.204848E-2	1.73E+0    	50.00     	4824.16	24.2 	35.4 	0.000000E+0	0.000000E+0	0.000000E+0	0.000000E+0	0.000000E+0	0.000000E+0	0.000000E+0	0.000000E+0
50.0    	76      	5.544837E-2 	2.015484E-4	1.67E+0    	50.00     	4826.08	24.2 	35.4 	0.000000E+0	0.000000E+0	0.000000E+0	0.000000E+0	0.000000E+0	0.000000E+0	0.000000E+0	0.000000E+0
50.0    	77      	1.324584E-3 	6.438867E-5	1.76E+0    	50.00     	4828.00	24.2 	35.4 	0.000000E+0	0.000000E+0	0.000000E+0	0.000000E+0	0.000000E+0	0.000000E+0	0.000000E+0	0.000000E+0
50.0    	78      	1.051061E-3 	2.001314E-4	1.54E+0    	50.00     	4829.93	24.2 	35.4 	0.000000E+0	0.000000E+0	0.000000E+0	0.000000E+0	0.000000E+0	0.000000E+0	0.000000E+0	0.000000E+0
50.0    	79      	4.929314E-2 	1.169570E-4	1.32E+0    	50.00     	4831.85	24.2 	35.4 	0.000000E+0	0.000000E+0	0.000000E+0	0.000000E+0	0.000000E+0	0.000000E+0	0.000000E+0	0.000000E+0
50.0    	80      	2.042357E-1 	1.037308E-4	1.72E+0    	50.00     	4833.79	24.2 	35.4 	0.000000E+0	0.000000E+0	0.000000E+0	0.000000E+0	0.000000E+0	0.000000E+0	0.000000E+0	0.000000E+0
50.0    	81      	1.070809E-1 	5.935995E-5	1.67E+0    	50.00     	4835.72	24.2 	35.4 	0.000000E+0	0.000000E+0	0.000000E+0	0.000000E+0	0.000000E+0	0.000000E+0	0.000000E+0	0.000000E+0
50.0    	82      	3.851271E-2 	1.423773E-4	1.68E+0    	50.00     	4837.64	24.2 	35.4 	0.000000E+0	0.000000E+0	0.000000E+0	0.000000E+0	0.000000E+0	0.000000E+0	0.000000E+0	0.000000E+0
50.0    	83      	4.417151E-2 	9.048455E-5	1.53E+0    	50.00     	4839.57	24.2 	35.4 	0.000000E+0	0.000000E+0	0.000000E+0	0.000000E+0	0.000000E+0	0.000000E+0	0.000000E+0	0.000000E+0
50.0    	84      	3.618047E-2 	1.098710E-4	1.85E+0    	50.00     	4841.50	24.2 	35.4 	0.000000E+0	0.000000E+0	0.000000E+0	0.000000E+0	0.000000E+0	0.000000E+0	0.000000E+0	0.000000E+0
50.0    	85      	3.586387E-2 	1.359213E-4	1.77E+0    	50.00     	4843.42	24.2 	35.4 	0.000000E+0	0.000000E+0	0.000000E+0	0.000000E+0	0.000000E+0	0.000000E+0	0.000000E+0	0.000000E+0
50.0    	86      	3.479259E-2 	1.940225E-5	1.22E+0    	50.00     	4845.36	24.2 	35.4 	0.000000E+0	0.000000E+0	0.000000E+0	0.000000E+0	0.000000E+0	0.000000E+0	0.000000E+0	0.000000E+0
50.0    	87      	3.400557E-2 	6.370775E-5	1.64E+0    	50.00     	4847.29	24.2 	35.4 	0.000000E+0	0.000000E+0	0.000000E+0	0.000000E+0	0.000000E+0	0.000000E+0	0.000000E+0	0.000000E+0
50.0    	88      	3.408345E-2 	1.377140E-4	1.76E+0    	50.00     	4849.23	24.2 	35.4 	0.000000E+0	0.000000E+0	0.000000E+0	0.000000E+0	0.000000E+0	0.000000E+0	0.000000E+0	0.000000E+0
50.0    	89      	3.571668E-2 	5.818094E-5	1.82E+0    	50.00     	4851.15	24.2 	35.4 	0.000000E+0	0.000000E+0	0.000000E+0	0.000000E+0	0.000000E+0	0.000000E+0	0.000000E+0	0.000000E+0
50.0    	90      	2.665046E-1 	1.503956E-4	1.77E+0    	50.00     	4853.07	24.2 	35.4 	0.000000E+0	0.000000E+0	0.000000E+0	0.000000E+0	0.000000E+0	0.000000E+0	0.000000E+0	0.000000E+0
50.0    	91      	3.510410E-2 	1.372020E-4	1.69E+0    	50.00     	4854.99	24.2 	35.4 	0.000000E+0	0.000000E+0	0.000000E+0	0.000000E+0	0.000000E+0	0.000000E+0	0.000000E+0	0.000000E+0
50.0    	92      	9.418103E-2 	1.195527E-4	1.84E+0    	50.00     	4856.93	24.2 	35.4 	0.000000E+0	0.000000E+0	0.000000E+0	0.000000E+0	0.000000E+0	0.000000E+0	0.000000E+0	0.000000E+0
50.0    	93      	3.694754E-2 	3.493010E-4	1.55E+0    	50.00     	4858.86	24.2 	35.4 	0.000000E+0	0.000000E+0	0.000000E+0	0.000000E+0	0.000000E+0	0.000000E+0	0.000000E+0	0.000000E+0
50.0    	94      	3.820847E-2 	1.002366E-4	1.64E+0    	50.00     	4860.79	24.2 	35.4 	0.000000E+0	0.000000E+0	0.000000E+0	0.000000E+0	0.000000E+0	0.000000E+0	0.000000E+0	0.000000E+0
50.0    	95      	4.337059E-2 	1.780211E-4	1.64E+0    	50.00     	4862.71	24.2 	35.4 	0.000000E+0	0.000000E+0	0.000000E+0	0.000000E+0	0.000000E+0	0.000000E+0	0.000000E+0	0.000000E+0
50.0    	96      	1.179840E-1 	1.269939E-4	1.58E+0    	50.00     	4864.63	24.2 	35.4 	0.000000E+0	0.000000E+0	0.000000E+0	0.000000E+0	0.000000E+0	0.000000E+0	0.000000E+0	0.000000E+0
50.0    	97      	1.233379E-1 	5.590054E-5	1.86E+0    	50.00     	4866.57	24.2 	35.4 	0.000000E+0	0.000000E+0	0.000000E+0	0.000000E+0	0.000000E+0	0.000000E+0	0.000000E+0	0.000000E+0
50.0    	98      	3.541119E-2 	1.755308E-4	1.41E+0    	50.00     	4868.49	24.2 	35.4 	0.000000E+0	0.000000E+0	0.000000E+0	0.000000E+0	0.000000E+0	0.000000E+0	0.000000E+0	0.000000E+0
50.0    	99      	3.462765E-2 	1.888798E-4	1.35E+0    	50.00     	4870.43	24.2 	35.4 	0.000000E+0	0.000000E+0	0.000000E+0	0.000000E+0	0.000000E+0	0.000000E+0	0.000000E+0	0.000000E+0
50.0    	100     	3.457984E-2 	1.803423E-4	1.36E+0    	50.00     	4872.36	24.2 	35.4 	0.000000E+0	0.000000E+0	0.000000E+0	0.000000E+0	0.000000E+0	0.000000E+0	0.000000E+0	0.000000E+0
50.0    	101     	3.493631E-2 	1.367489E-4	1.44E+0    	50.00     	4874.28	24.2 	35.4 	0.000000E+0	0.000000E+0	0.000000E+0	0.000000E+0	0.000000E+0	0.000000E+0	0.000000E+0	0.000000E+0
50.0    	102     	4.874735E-2 	4.521967E-5	1.36E+0    	50.00     	4876.21	24.2 	35.4 	0.000000E+0	0.000000E+0	0.000000E+0	0.000000E+0	0.000000E+0	0.000000E+0	0.000000E+0	0.000000E+0
50.0    	103     	3.532508E-2 	1.143107E-4	1.65E+0    	50.00     	4878.14	24.2 	35.4 	0.000000E+0	0.000000E+0	0.000000E+0	0.000000E+0	0.000000E+0	0.000000E+0	0.000000E+0	0.000000E+0
50.0    	104     	3.202332E-1 	8.784613E-5	1.42E+0    	50.00     	4880.06	24.2 	35.4 	0.000000E+0	0.000000E+0	0.000000E+0	0.000000E+0	0.000000E+0	0.000000E+0	0.000000E+0	0.000000E+0
50.0    	105     	3.468085E-2 	5.935022E-5	2.05E+0    	50.00     	4881.98	24.2 	35.4 	0.000000E+0	0.000000E+0	0.000000E+0	0.000000E+0	0.000000E+0	0.000000E+0	0.000000E+0	0.000000E+0
50.0    	106     	3.536242E-2 	9.992250E-5	1.50E+0    	50.00     	4883.93	24.2 	35.4 	0.000000E+0	0.000000E+0	0.000000E+0	0.000000E+0	0.000000E+0	0.000000E+0	0.000000E+0	0.000000E+0
50.0    	107     	3.474890E-2 	6.715179E-5	1.41E+0    	50.00     	4885.87	24.2 	35.4 	0.000000E+0	0.000000E+0	0.000000E+0	0.000000E+0	0.000000E+0	0.000000E+0	0.000000E+0	0.000000E+0
50.0    	108     	3.428891E-2 	5.691734E-5	1.46E+0    	50.00     	4887.79	24.2 	35.4 	0.000000E+0	0.000000E+0	0.000000E+0	0.000000E+0	0.000000E+0	0.000000E+0	0.000000E+0	0.000000E+0
50.0    	109     	3.445575E-2 	2.492109E-4	1.56E+0    	50.00     	4889.72	24.2 	35.4 	0.000000E+0	0.000000E+0	0.000000E+0	0.000000E+0	0.000000E+0	0.000000E+0	0.000000E+0	0.000000E+0
50.0    	110     	3.464539E-2 	2.322822E-4	1.70E+0    	50.00     	4891.66	24.2 	35.4 	0.000000E+0	0.000000E+0	0.000000E+0	0.000000E+0	0.000000E+0	0.000000E+0	0.000000E+0	0.000000E+0
50.0    	111     	3.690006E-2 	1.161874E-4	1.44E+0    	50.00     	4893.57	24.2 	35.4 	0.000000E+0	0.000000E+0	0.000000E+0	0.000000E+0	0.000000E+0	0.000000E+0	0.000000E+0	0.000000E+0
50.0    	112     	2.868384E-1 	7.419677E-5	1.63E+0    	50.00     	4895.50	24.2 	35.4 	0.000000E+0	0.000000E+0	0.000000E+0	0.000000E+0	0.000000E+0	0.000000E+0	0.000000E+0	0.000000E+0
50.0    	113     	1.103766E-1 	1.881641E-4	1.53E+0    	50.00     	4897.42	24.2 	35.4 	0.000000E+0	0.000000E+0	0.000000E+0	0.000000E+0	0.000000E+0	0.000000E+0	0.000000E+0	0.000000E+0
50.0    	114     	4.719486E-2 	2.507834E-4	1.49E+0    	50.00     	4899.34	24.2 	35.4 	0.000000E+0	0.000000E+0	0.000000E+0	0.000000E+0	0.000000E+0	0.000000E+0	0.000000E+0	0.000000E+0
50.0    	115     	3.425978E-2 	2.121332E-4	1.63E+0    	50.00     	4901.28	24.2 	35.4 	0.000000E+0	0.000000E+0	0.000000E+0	0.000000E+0	0.000000E+0	0.000000E+0	0.000000E+0	0.000000E+0
50.0    	116     	3.462988E-2 	1.000872E-4	1.77E+0    	50.00     	4903.20	24.2 	35.4 	0.000000E+0	0.000000E+0	0.000000E+0	0.000000E+0	0.000000E+0	0.000000E+0	0.000000E+0	0.000000E+0
50.0    	117     	3.896288E-2 	1.802082E-4	1.38E+0    	50.00     	4905.14	24.2 	35.4 	0.000000E+0	0.000000E+0	0.000000E+0	0.000000E+0	0.000000E+0	0.000000E+0	0.000000E+0	0.000000E+0
50.0    	118     	3.438768E-2 	1.841132E-4	1.68E+0    	50.00     	4907.08	24.2 	35.4 	0.000000E+0	0.000000E+0	0.000000E+0	0.000000E+0	0.000000E+0	0.000000E+0	0.000000E+0	0.000000E+0
50.0    	119     	4.675609E-2 	1.741135E-4	1.57E+0    	50.00     	4909.02	24.2 	35.4 	0.000000E+0	0.000000E+0	0.000000E+0	0.000000E+0	0.000000E+0	0.000000E+0	0.000000E+0	0.000000E+0
50.0    	120     	3.517059E-2 	5.798030E-5	1.31E+0    	50.00     	4910.95	24.2 	35.4 	0.000000E+0	0.000000E+0	0.000000E+0	0.000000E+0	0.000000E+0	0.000000E+0	0.000000E+0	0.000000E+0
50.0    	121     	3.510918E-2 	4.339623E-5	1.64E+0    	50.00     	4912.88	24.2 	35.4 	0.000000E+0	0.000000E+0	0.000000E+0	0.000000E+0	0.000000E+0	0.000000E+0	0.000000E+0	0.000000E+0
50.0    	122     	3.960995E-2 	1.937944E-4	1.37E+0    	50.00     	4914.81	24.2 	35.4 	0.000000E+0	0.000000E+0	0.000000E+0	0.000000E+0	0.000000E+0	0.000000E+0	0.000000E+0	0.000000E+0
50.0    	123     	3.448139E-2 	2.323435E-4	1.56E+0    	50.00     	4916.75	24.2 	35.4 	0.000000E+0	0.000000E+0	0.000000E+0	0.000000E+0	0.000000E+0	0.000000E+0	0.000000E+0	0.000000E+0
50.0    	124     	3.400146E-2 	8.528876E-5	1.40E+0    	50.00     	4918.68	24.2 	35.4 	0.000000E+0	0.000000E+0	0.000000E+0	0.000000E+0	0.000000E+0	0.000000E+0	0.000000E+0	0.000000E+0
50.0    	125     	3.342212E-2 	4.465806E-5	1.45E+0    	50.00     	4920.60	24.2 	35.4 	0.000000E+0	0.000000E+0	0.000000E+0	0.000000E+0	0.000000E+0	0.000000E+0	0.000000E+0	0.000000E+0
50.0    	126     	3.373648E-2 	2.199921E-4	1.42E+0    	50.00     	4922.53	24.2 	35.4 	0.000000E+0	0.000000E+0	0.000000E+0	0.000000E+0	0.000000E+0	0.000000E+0	0.000000E+0	0.000000E+0
50.0    	127     	3.547861E-2 	1.705083E-4	1.76E+0    	50.00     	4924.47	24.2 	35.4 	0.000000E+0	0.000000E+0	0.000000E+0	0.000000E+0	0.000000E+0	0.000000E+0	0.000000E+0	0.000000E+0
50.0    	128     	1.076049E-1 	2.911431E-5	1.54E+0    	50.00     	4926.39	24.2 	35.4 	0.000000E+0	0.000000E+0	0.000000E+0	0.000000E+0	0.000000E+0	0.000000E+0	0.000000E+0	0.000000E+0
50.0    	129     	1.105336E-1 	3.651538E-5	1.81E+0    	50.00     	4928.32	24.2 	35.4 	0.000000E+0	0.000000E+0	0.000000E+0	0.000000E+0	0.000000E+0	0.000000E+0	0.000000E+0	0.000000E+0
50.0    	130     	3.674557E-2 	1.078906E-4	1.53E+0    	50.00     	4930.26	24.2 	35.4 	0.000000E+0	0.000000E+0	0.000000E+0	0.000000E+0	0.000000E+0	0.000000E+0	0.000000E+0	0.000000E+0
50.0    	131     	3.461941E-2 	5.741022E-5	1.42E+0    	50.00     	4932.20	24.2 	35.4 	0.000000E+0	0.000000E+0	0.000000E+0	0.000000E+0	0.000000E+0	0.000000E+0	0.000000E+0	0.000000E+0
50.0    	132     	3.444847E-2 	1.391317E-4	1.37E+0    	50.00     	4934.12	24.2 	35.4 	0.000000E+0	0.000000E+0	0.000000E+0	0.000000E+0	0.000000E+0	0.000000E+0	0.000000E+0	0.000000E+0
50.0    	133     	3.486192E-2 	6.202526E-5	1.43E+0    	50.00     	4936.04	24.2 	35.4 	0.000000E+0	0.000000E+0	0.000000E+0	0.000000E+0	0.000000E+0	0.000000E+0	0.000000E+0	0.000000E+0
50.0    	134     	3.443360E-2 	8.325295E-5	1.47E+0    	50.00     	4937.98	24.2 	35.4 	0.000000E+0	0.000000E+0	0.000000E+0	0.000000E+0	0.000000E+0	0.000000E+0	0.000000E+0	0.000000E+0
50.0    	135     	3.455198E-2 	1.339109E-4	1.55E+0    	50.00     	4939.90	24.2 	35.4 	0.000000E+0	0.000000E+0	0.000000E+0	0.000000E+0	0.000000E+0	0.000000E+0	0.000000E+0	0.000000E+0
50.0    	136     	3.557801E-2 	9.840907E-5	1.79E+0    	50.00     	4941.84	24.2 	35.4 	0.000000E+0	0.000000E+0	0.000000E+0	0.000000E+0	0.000000E+0	0.000000E+0	0.000000E+0	0.000000E+0
50.0    	137     	3.519590E-2 	2.427442E-5	1.59E+0    	50.00     	4943.77	24.2 	35.4 	0.000000E+0	0.000000E+0	0.000000E+0	0.000000E+0	0.000000E+0	0.000000E+0	0.000000E+0	0.000000E+0
50.0    	138     	3.565242E-2 	1.987675E-4	1.90E+0    	50.00     	4945.69	24.2 	35.4 	0.000000E+0	0.000000E+0	0.000000E+0	0.000000E+0	0.000000E+0	0.000000E+0	0.000000E+0	0.000000E+0
50.0    	139     	3.365228E-2 	1.186242E-4	1.57E+0    	50.00     	4947.62	24.2 	35.4 	0.000000E+0	0.000000E+0	0.000000E+0	0.000000E+0	0.000000E+0	0.000000E+0	0.000000E+0	0.000000E+0
50.0    	140     	3.299697E-2 	1.000593E-4	1.76E+0    	50.00     	4949.56	24.2 	35.4 	0.000000E+0	0.000000E+0	0.000000E+0	0.000000E+0	0.000000E+0	0.000000E+0	0.000000E+0	0.000000E+0
50.0    	141     	3.278359E-2 	3.874050E-5	1.68E+0    	50.00     	4951.50	24.2 	35.4 	0.000000E+0	0.000000E+0	0.000000E+0	0.000000E+0	0.000000E+0	0.000000E+0	0.000000E+0	0.000000E+0
50.0    	142     	3.232899E-2 	1.442417E-4	1.62E+0    	50.00     	4953.42	24.2 	35.4 	0.000000E+0	0.000000E+0	0.000000E+0	0.000000E+0	0.000000E+0	0.000000E+0	0.000000E+0	0.000000E+0
50.0    	143     	3.386819E-2 	1.906009E-4	1.75E+0    	50.00     	4955.35	24.2 	35.4 	0.000000E+0	0.000000E+0	0.000000E+0	0.000000E+0	0.000000E+0	0.000000E+0	0.000000E+0	0.000000E+0
50.0    	144     	1.039573E-1 	6.531228E-5	1.69E+0    	50.00     	4957.29	24.2 	35.4 	0.000000E+0	0.000000E+0	0.000000E+0	0.000000E+0	0.000000E+0	0.000000E+0	0.000000E+0	0.000000E+0
50.0    	145     	1.094006E-1 	1.670704E-4	1.89E+0    	50.00     	4959.22	24.2 	35.4 	0.000000E+0	0.000000E+0	0.000000E+0	0.000000E+0	0.000000E+0	0.000000E+0	0.000000E+0	0.000000E+0
50.0    	146     	3.717484E-2 	6.753833E-5	1.59E+0    	50.00     	4961.15	24.2 	35.4 	0.000000E+0	0.000000E+0	0.000000E+0	0.000000E+0	0.000000E+0	0.000000E+0	0.000000E+0	0.000000E+0
50.0    	147     	3.603832E-2 	1.776942E-4	1.73E+0    	50.00     	4963.08	24.2 	35.4 	0.000000E+0	0.000000E+0	0.000000E+0	0.000000E+0	0.000000E+0	0.000000E+0	0.000000E+0	0.000000E+0
50.0    	148     	3.676553E-2 	1.033833E-4	1.60E+0    	50.00     	4965.01	24.2 	35.4 	0.000000E+0	0.000000E+0	0.000000E+0	0.000000E+0	0.000000E+0	0.000000E+0	0.000000E+0	0.000000E+0
50.0    	149     	3.542353E-2 	4.663982E-5	1.56E+0    	50.00     	4966.93	24.2 	35.4 	0.000000E+0	0.000000E+0	0.000000E+0	0.000000E+0	0.000000E+0	0.000000E+0	0.000000E+0	0.000000E+0
50.0    	150     	1.309601E-1 	1.398949E-4	1.85E+0    	50.00     	4968.85	24.2 	35.4 	0.000000E+0	0.000000E+0	0.000000E+0	0.000000E+0	0.000000E+0	0.000000E+0	0.000000E+0	0.000000E+0
50.0    	151     	3.498760E-2 	1.947314E-4	1.78E+0    	50.00     	4970.77	24.2 	35.4 	0.000000E+0	0.000000E+0	0.000000E+0	0.000000E+0	0.000000E+0	0.000000E+0	0.000000E+0	0.000000E+0
50.0    	152     	3.458967E-2 	2.171848E-4	1.45E+0    	50.00     	4972.71	24.2 	35.4 	0.000000E+0	0.000000E+0	0.000000E+0	0.000000E+0	0.000000E+0	0.000000E+0	0.000000E+0	0.000000E+0
50.0    	153     	3.450861E-2 	8.969883E-5	1.57E+0    	50.00     	4974.63	24.2 	35.4 	0.000000E+0	0.000000E+0	0.000000E+0	0.000000E+0	0.000000E+0	0.000000E+0	0.000000E+0	0.000000E+0
50.0    	154     	3.452414E-2 	1.068122E-4	1.57E+0    	50.00     	4976.56	24.2 	35.4 	0.000000E+0	0.000000E+0	0.000000E+0	0.000000E+0	0.000000E+0	0.000000E+0	0.000000E+0	0.000000E+0
50.0    	155     	1.106796E-1 	9.149723E-5	1.86E+0    	50.00     	4978.49	24.2 	35.4 	0.000000E+0	0.000000E+0	0.000000E+0	0.000000E+0	0.000000E+0	0.000000E+0	0.000000E+0	0.000000E+0
50.0    	156     	3.189939E-2 	1.556566E-4	1.70E+0    	50.00     	4980.44	24.2 	35.4 	0.000000E+0	0.000000E+0	0.000000E+0	0.000000E+0	0.000000E+0	0.000000E+0	0.000000E+0	0.000000E+0
50.0    	157     	7.870199E-2 	8.114728E-2	1.90E+0    	50.00     	4982.38	24.2 	35.4 	0.000000E+0	0.000000E+0	0.000000E+0	0.000000E+0	0.000000E+0	0.000000E+0	0.000000E+0	0.000000E+0
50.0    	158     	3.166480E-2 	1.220145E-4	1.33E+0    	50.00     	4984.32	24.2 	35.4 	0.000000E+0	0.000000E+0	0.000000E+0	0.000000E+0	0.000000E+0	0.000000E+0	0.000000E+0	0.000000E+0
50.0    	159     	4.781123E-2 	3.032623E-5	1.68E+0    	50.00     	4986.24	24.2 	35.4 	0.000000E+0	0.000000E+0	0.000000E+0	0.000000E+0	0.000000E+0	0.000000E+0	0.000000E+0	0.000000E+0
50.0    	160     	1.061372E-1 	4.626039E-5	1.49E+0    	50.00     	4988.17	24.2 	35.4 	0.000000E+0	0.000000E+0	0.000000E+0	0.000000E+0	0.000000E+0	0.000000E+0	0.000000E+0	0.000000E+0
50.0    	161     	1.106305E-1 	1.005502E-4	1.50E+0    	50.00     	4990.11	24.2 	35.4 	0.000000E+0	0.000000E+0	0.000000E+0	0.000000E+0	0.000000E+0	0.000000E+0	0.000000E+0	0.000000E+0
50.0    	162     	3.868998E-2 	5.017545E-5	1.39E+0    	50.00     	4992.04	24.2 	35.4 	0.000000E+0	0.000000E+0	0.000000E+0	0.000000E+0	0.000000E+0	0.000000E+0	0.000000E+0	0.000000E+0
50.0    	163     	4.895376E-2 	1.611265E-4	1.67E+0    	50.00     	4993.96	24.2 	35.4 	0.000000E+0	0.000000E+0	0.000000E+0	0.000000E+0	0.000000E+0	0.000000E+0	0.000000E+0	0.000000E+0
50.0    	164     	1.562651E-3 	1.784420E-4	1.33E+0    	50.00     	4995.90	24.2 	35.4 	0.000000E+0	0.000000E+0	0.000000E+0	0.000000E+0	0.000000E+0	0.000000E+0	0.000000E+0	0.000000E+0
50.0    	165     	3.805811E-2 	6.888212E-5	1.30E+0    	50.00     	4997.82	24.2 	35.4 	0.000000E+0	0.000000E+0	0.000000E+0	0.000000E+0	0.000000E+0	0.000000E+0	0.000000E+0	0.000000E+0
50.0    	166     	3.700928E-2 	1.016745E-4	1.44E+0    	50.00     	4999.76	24.2 	35.4 	0.000000E+0	0.000000E+0	0.000000E+0	0.000000E+0	0.000000E+0	0.000000E+0	0.000000E+0	0.000000E+0
50.0    	167     	3.597756E-2 	1.533168E-4	1.79E+0    	50.00     	5001.69	24.2 	35.4 	0.000000E+0	0.000000E+0	0.000000E+0	0.000000E+0	0.000000E+0	0.000000E+0	0.000000E+0	0.000000E+0
50.0    	168     	5.304871E-2 	1.612537E-4	1.33E+0    	50.00     	5003.62	24.2 	35.4 	0.000000E+0	0.000000E+0	0.000000E+0	0.000000E+0	0.000000E+0	0.000000E+0	0.000000E+0	0.000000E+0
50.0    	169     	3.383526E-2 	9.887766E-5	1.58E+0    	50.00     	5005.55	24.2 	35.4 	0.000000E+0	0.000000E+0	0.000000E+0	0.000000E+0	0.000000E+0	0.000000E+0	0.000000E+0	0.000000E+0
50.0    	170     	3.273387E-2 	1.316613E-4	1.63E+0    	50.00     	5007.48	24.2 	35.4 	0.000000E+0	0.000000E+0	0.000000E+0	0.000000E+0	0.000000E+0	0.000000E+0	0.000000E+0	0.000000E+0
50.0    	171     	8.233249E-2 	2.002240E-4	1.66E+0    	50.00     	5009.41	24.2 	35.4 	0.000000E+0	0.000000E+0	0.000000E+0	0.000000E+0	0.000000E+0	0.000000E+0	0.000000E+0	0.000000E+0
50.0    	172     	3.145270E-2 	1.217409E-4	1.42E+0    	50.00     	5011.35	24.2 	35.4 	0.000000E+0	0.000000E+0	0.000000E+0	0.000000E+0	0.000000E+0	0.000000E+0	0.000000E+0	0.000000E+0
50.0    	173     	3.070715E-2 	2.260823E-4	1.50E+0    	50.00     	5013.27	24.2 	35.4 	0.000000E+0	0.000000E+0	0.000000E+0	0.000000E+0	0.000000E+0	0.000000E+0	0.000000E+0	0.000000E+0
50.0    	174     	3.058274E-2 	7.062298E-5	1.60E+0    	50.00     	5015.21	24.2 	35.4 	0.000000E+0	0.000000E+0	0.000000E+0	0.000000E+0	0.000000E+0	0.000000E+0	0.000000E+0	0.000000E+0
50.0    	175     	6.685021E-2 	1.284789E-4	1.37E+0    	50.00     	5017.15	24.2 	35.4 	0.000000E+0	0.000000E+0	0.000000E+0	0.000000E+0	0.000000E+0	0.000000E+0	0.000000E+0	0.000000E+0
50.0    	176     	1.071076E-1 	7.935446E-5	1.47E+0    	50.00     	5019.09	24.2 	35.4 	0.000000E+0	0.000000E+0	0.000000E+0	0.000000E+0	0.000000E+0	0.000000E+0	0.000000E+0	0.000000E+0
50.0    	177     	1.483536E-1 	1.667191E-4	1.43E+0    	50.00     	5021.02	24.2 	35.4 	0.000000E+0	0.000000E+0	0.000000E+0	0.000000E+0	0.000000E+0	0.000000E+0	0.000000E+0	0.000000E+0
50.0    	178     	4.023426E-2 	1.393505E-4	1.40E+0    	50.00     	5022.94	24.2 	35.4 	0.000000E+0	0.000000E+0	0.000000E+0	0.000000E+0	0.000000E+0	0.000000E+0	0.000000E+0	0.000000E+0
50.0    	179     	4.209353E-2 	9.681311E-5	1.42E+0    	50.00     	5024.88	24.2 	35.4 	0.000000E+0	0.000000E+0	0.000000E+0	0.000000E+0	0.000000E+0	0.000000E+0	0.000000E+0	0.000000E+0
50.0    	180     	5.011972E-2 	1.644925E-4	1.28E+0    	50.00     	5026.82	24.2 	35.4 	0.000000E+0	0.000000E+0	0.000000E+0	0.000000E+0	0.000000E+0	0.000000E+0	0.000000E+0	0.000000E+0
50.0    	181     	3.854817E-2 	9.160795E-5	1.58E+0    	50.00     	5028.73	24.2 	35.4 	0.000000E+0	0.000000E+0	0.000000E+0	0.000000E+0	0.000000E+0	0.000000E+0	0.000000E+0	0.000000E+0
50.0    	182     	3.790868E-2 	9.710583E-5	1.39E+0    	50.00     	5030.66	24.2 	35.4 	0.000000E+0	0.000000E+0	0.000000E+0	0.000000E+0	0.000000E+0	0.000000E+0	0.000000E+0	0.000000E+0
50.0    	183     	3.671042E-2 	1.694594E-4	1.50E+0    	50.00     	5032.60	24.2 	35.4 	0.000000E+0	0.000000E+0	0.000000E+0	0.000000E+0	0.000000E+0	0.000000E+0	0.000000E+0	0.000000E+0
50.0    	184     	3.454186E-2 	9.741975E-5	1.37E+0    	50.00     	5034.54	24.2 	35.4 	0.000000E+0	0.000000E+0	0.000000E+0	0.000000E+0	0.000000E+0	0.000000E+0	0.000000E+0	0.000000E+0
50.0    	185     	9.103774E-2 	1.971991E-4	1.55E+0    	50.00     	5036.46	24.2 	35.4 	0.000000E+0	0.000000E+0	0.000000E+0	0.000000E+0	0.000000E+0	0.000000E+0	0.000000E+0	0.000000E+0
50.0    	186     	3.145808E-2 	1.140205E-4	1.84E+0    	50.00     	5038.38	24.2 	35.4 	0.000000E+0	0.000000E+0	0.000000E+0	0.000000E+0	0.000000E+0	0.000000E+0	0.000000E+0	0.000000E+0
50.0    	187     	4.546223E-2 	1.763042E-4	1.43E+0    	50.00     	5040.32	24.2 	35.4 	0.000000E+0	0.000000E+0	0.000000E+0	0.000000E+0	0.000000E+0	0.000000E+0	0.000000E+0	0.000000E+0
50.0    	188     	3.115639E-2 	1.119139E-4	1.71E+0    	50.00     	5042.26	24.2 	35.4 	0.000000E+0	0.000000E+0	0.000000E+0	0.000000E+0	0.000000E+0	0.000000E+0	0.000000E+0	0.000000E+0
50.0    	189     	3.035227E-2 	1.708588E-4	1.28E+0    	50.00     	5044.20	24.2 	35.4 	0.000000E+0	0.000000E+0	0.000000E+0	0.000000E+0	0.000000E+0	0.000000E+0	0.000000E+0	0.000000E+0
50.0    	190     	3.022818E-2 	7.082853E-5	1.41E+0    	50.00     	5046.12	24.2 	35.4 	0.000000E+0	0.000000E+0	0.000000E+0	0.000000E+0	0.000000E+0	0.000000E+0	0.000000E+0	0.000000E+0
50.0    	191     	3.746548E-2 	1.705187E-4	1.42E+0    	50.00     	5048.06	24.2 	35.4 	0.000000E+0	0.000000E+0	0.000000E+0	0.000000E+0	0.000000E+0	0.000000E+0	0.000000E+0	0.000000E+0
50.0    	192     	1.032773E-1 	3.794184E-5	1.38E+0    	50.00     	5050.00	24.2 	35.4 	0.000000E+0	0.000000E+0	0.000000E+0	0.000000E+0	0.000000E+0	0.000000E+0	0.000000E+0	0.000000E+0
50.0    	193     	1.106852E-1 	1.068964E-4	1.67E+0    	50.00     	5051.94	24.2 	35.4 	0.000000E+0	0.000000E+0	0.000000E+0	0.000000E+0	0.000000E+0	0.000000E+0	0.000000E+0	0.000000E+0
50.0    	194     	6.883489E-2 	1.904536E-4	1.52E+0    	50.00     	5053.86	24.2 	35.4 	0.000000E+0	0.000000E+0	0.000000E+0	0.000000E+0	0.000000E+0	0.000000E+0	0.000000E+0	0.000000E+0
50.0    	195     	4.025515E-2 	2.393553E-4	1.72E+0    	50.00     	5055.80	24.2 	35.4 	0.000000E+0	0.000000E+0	0.000000E+0	0.000000E+0	0.000000E+0	0.000000E+0	0.000000E+0	0.000000E+0
50.0    	196     	3.873875E-2 	1.160001E-4	1.33E+0    	50.00     	5057.73	24.2 	35.4 	0.000000E+0	0.000000E+0	0.000000E+0	0.000000E+0	0.000000E+0	0.000000E+0	0.000000E+0	0.000000E+0
50.0    	197     	3.818440E-2 	8.908794E-5	1.46E+0    	50.00     	5059.66	24.2 	35.4 	0.000000E+0	0.000000E+0	0.000000E+0	0.000000E+0	0.000000E+0	0.000000E+0	0.000000E+0	0.000000E+0
50.0    	198     	4.981203E-2 	4.802906E-5	1.66E+0    	50.00     	5061.58	24.2 	35.4 	0.000000E+0	0.000000E+0	0.000000E+0	0.000000E+0	0.000000E+0	0.000000E+0	0.000000E+0	0.000000E+0
50.0    	199     	3.622986E-2 	1.402055E-4	1.73E+0    	50.00     	5063.51	24.2 	35.4 	0.000000E+0	0.000000E+0	0.000000E+0	0.000000E+0	0.000000E+0	0.000000E+0	0.000000E+0	0.000000E+0
50.0    	200     	3.375899E-2 	1.009985E-4	1.63E+0    	50.00     	5065.45	24.2 	35.4 	0.000000E+0	0.000000E+0	0.000000E+0	0.000000E+0	0.000000E+0	0.000000E+0	0.000000E+0	0.000000E+0
50.0    	201     	9.519000E-2 	3.697562E-5	1.79E+0    	50.00     	5067.39	24.2 	35.4 	0.000000E+0	0.000000E+0	0.000000E+0	0.000000E+0	0.000000E+0	0.000000E+0	0.000000E+0	0.000000E+0
50.0    	202     	5.234276E-2 	9.660457E-5	1.69E+0    	50.00     	5069.31	24.2 	35.4 	0.000000E+0	0.000000E+0	0.000000E+0	0.000000E+0	0.000000E+0	0.000000E+0	0.000000E+0	0.000000E+0
50.0    	203     	3.115510E-2 	1.269613E-4	1.52E+0    	50.00     	5071.27	24.2 	35.4 	0.000000E+0	0.000000E+0	0.000000E+0	0.000000E+0	0.000000E+0	0.000000E+0	0.000000E+0	0.000000E+0
50.0    	204     	2.995782E-2 	2.105493E-4	1.56E+0    	50.00     	5073.21	24.2 	35.4 	0.000000E+0	0.000000E+0	0.000000E+0	0.000000E+0	0.000000E+0	0.000000E+0	0.000000E+0	0.000000E+0
50.0    	205     	3.003727E-2 	4.354661E-4	1.29E+0    	50.00     	5075.15	24.2 	35.4 	0.000000E+0	0.000000E+0	0.000000E+0	0.000000E+0	0.000000E+0	0.000000E+0	0.000000E+0	0.000000E+0
50.0    	206     	2.983308E-2 	1.070355E-4	1.24E+0    	50.00     	5077.08	24.2 	35.4 	0.000000E+0	0.000000E+0	0.000000E+0	0.000000E+0	0.000000E+0	0.000000E+0	0.000000E+0	0.000000E+0
50.0    	207     	3.120484E-2 	1.675211E-4	1.74E+0    	50.00     	5079.01	24.2 	35.4 	0.000000E+0	0.000000E+0	0.000000E+0	0.000000E+0	0.000000E+0	0.000000E+0	0.000000E+0	0.000000E+0
50.0    	208     	1.103528E-1 	2.242319E-4	1.40E+0    	50.00     	5080.94	24.2 	35.4 	0.000000E+0	0.000000E+0	0.000000E+0	0.000000E+0	0.000000E+0	0.000000E+0	0.000000E+0	0.000000E+0
50.0    	209     	1.136915E-1 	1.367847E-4	1.63E+0    	50.00     	5082.88	24.2 	35.4 	0.000000E+0	0.000000E+0	0.000000E+0	0.000000E+0	0.000000E+0	0.000000E+0	0.000000E+0	0.000000E+0
50.0    	210     	4.219483E-2 	1.178473E-4	1.33E+0    	50.00     	5084.81	24.2 	35.4 	0.000000E+0	0.000000E+0	0.000000E+0	0.000000E+0	0.000000E+0	0.000000E+0	0.000000E+0	0.000000E+0
50.0    	211     	4.041626E-2 	1.898713E-4	1.33E+0    	50.00     	5086.73	24.2 	35.4 	0.000000E+0	0.000000E+0	0.000000E+0	0.000000E+0	0.000000E+0	0.000000E+0	0.000000E+0	0.000000E+0
50.0    	212     	9.993963E-2 	9.353717E-5	1.30E+0    	50.00     	5088.66	24.2 	35.4 	0.000000E+0	0.000000E+0	0.000000E+0	0.000000E+0	0.000000E+0	0.000000E+0	0.000000E+0	0.000000E+0
50.0    	213     	3.748511E-2 	7.841864E-5	1.59E+0    	50.00     	5090.60	24.2 	35.4 	0.000000E+0	0.000000E+0	0.000000E+0	0.000000E+0	0.000000E+0	0.000000E+0	0.000000E+0	0.000000E+0
50.0    	214     	3.637580E-2 	9.679179E-5	1.78E+0    	50.00     	5092.53	24.2 	35.4 	0.000000E+0	0.000000E+0	0.000000E+0	0.000000E+0	0.000000E+0	0.000000E+0	0.000000E+0	0.000000E+0
50.0    	215     	3.488852E-2 	5.824083E-5	1.69E+0    	50.00     	5094.46	24.2 	35.4 	0.000000E+0	0.000000E+0	0.000000E+0	0.000000E+0	0.000000E+0	0.000000E+0	0.000000E+0	0.000000E+0
50.0    	216     	3.301628E-2 	1.007771E-4	1.45E+0    	50.00     	5096.39	24.2 	35.4 	0.000000E+0	0.000000E+0	0.000000E+0	0.000000E+0	0.000000E+0	0.000000E+0	0.000000E+0	0.000000E+0
50.0    	217     	3.177467E-2 	4.247467E-5	1.71E+0    	50.00     	5098.32	24.2 	35.4 	0.000000E+0	0.000000E+0	0.000000E+0	0.000000E+0	0.000000E+0	0.000000E+0	0.000000E+0	0.000000E+0
50.0    	218     	3.045896E-2 	1.212605E-4	1.40E+0    	50.00     	5100.24	24.2 	35.4 	0.000000E+0	0.000000E+0	0.000000E+0	0.000000E+0	0.000000E+0	0.000000E+0	0.000000E+0	0.000000E+0
50.0    	219     	2.986190E-2 	1.292434E-4	1.61E+0    	50.00     	5102.16	24.2 	35.4 	0.000000E+0	0.000000E+0	0.000000E+0	0.000000E+0	0.000000E+0	0.000000E+0	0.000000E+0	0.000000E+0
50.0    	220     	2.923413E-2 	1.281885E-4	1.57E+0    	50.00     	5104.10	24.2 	35.4 	0.000000E+0	0.000000E+0	0.000000E+0	0.000000E+0	0.000000E+0	0.000000E+0	0.000000E+0	0.000000E+0
50.0    	221     	4.884171E-2 	3.188285E-5	1.77E+0    	50.00     	5106.02	24.2 	35.4 	0.000000E+0	0.000000E+0	0.000000E+0	0.000000E+0	0.000000E+0	0.000000E+0	0.000000E+0	0.000000E+0
50.0    	222     	3.015695E-2 	5.097689E-5	1.73E+0    	50.00     	5107.94	24.2 	35.4 	0.000000E+0	0.000000E+0	0.000000E+0	0.000000E+0	0.000000E+0	0.000000E+0	0.000000E+0	0.000000E+0
50.0    	223     	3.320781E-2 	1.384647E-4	1.74E+0    	50.00     	5109.86	24.2 	35.4 	0.000000E+0	0.000000E+0	0.000000E+0	0.000000E+0	0.000000E+0	0.000000E+0	0.000000E+0	0.000000E+0
50.0    	224     	1.134553E-1 	9.800321E-5	1.43E+0    	50.00     	5111.80	24.2 	35.4 	0.000000E+0	0.000000E+0	0.000000E+0	0.000000E+0	0.000000E+0	0.000000E+0	0.000000E+0	0.000000E+0
50.0    	225     	1.234466E-1 	1.929239E-4	1.28E+0    	50.00     	5113.71	24.2 	35.4 	0.000000E+0	0.000000E+0	0.000000E+0	0.000000E+0	0.000000E+0	0.000000E+0	0.000000E+0	0.000000E+0
50.0    	226     	4.308820E-2 	2.612147E-5	1.39E+0    	50.00     	5115.64	24.2 	35.4 	0.000000E+0	0.000000E+0	0.000000E+0	0.000000E+0	0.000000E+0	0.000000E+0	0.000000E+0	0.000000E+0
50.0    	227     	4.048751E-2 	1.818262E-4	1.65E+0    	50.00     	5117.55	24.2 	35.4 	0.000000E+0	0.000000E+0	0.000000E+0	0.000000E+0	0.000000E+0	0.000000E+0	0.000000E+0	0.000000E+0
50.0    	228     	3.844558E-2 	1.226046E-4	1.63E+0    	50.00     	5119.47	24.2 	35.4 	0.000000E+0	0.000000E+0	0.000000E+0	0.000000E+0	0.000000E+0	0.000000E+0	0.000000E+0	0.000000E+0
50.0    	229     	5.392658E-2 	3.660477E-5	1.71E+0    	50.00     	5121.41	24.2 	35.4 	0.000000E+0	0.000000E+0	0.000000E+0	0.000000E+0	0.000000E+0	0.000000E+0	0.000000E+0	0.000000E+0
50.0    	230     	4.739779E-2 	1.123199E-4	1.79E+0    	50.00     	5123.33	24.2 	35.4 	0.000000E+0	0.000000E+0	0.000000E+0	0.000000E+0	0.000000E+0	0.000000E+0	0.000000E+0	0.000000E+0
50.0    	231     	3.371085E-2 	9.000104E-5	1.52E+0    	50.00     	5125.25	24.2 	35.4 	0.000000E+0	0.000000E+0	0.000000E+0	0.000000E+0	0.000000E+0	0.000000E+0	0.000000E+0	0.000000E+0
50.0    	232     	3.307326E-2 	8.668437E-5	1.79E+0    	50.00     	5127.17	24.2 	35.4 	0.000000E+0	0.000000E+0	0.000000E+0	0.000000E+0	0.000000E+0	0.000000E+0	0.000000E+0	0.000000E+0
50.0    	233     	3.170627E-2 	2.082761E-5	1.70E+0    	50.00     	5129.11	24.2 	35.4 	0.000000E+0	0.000000E+0	0.000000E+0	0.000000E+0	0.000000E+0	0.000000E+0	0.000000E+0	0.000000E+0
50.0    	234     	3.989300E-2 	8.239847E-5	1.66E+0    	50.00     	5131.04	24.2 	35.4 	0.000000E+0	0.000000E+0	0.000000E+0	0.000000E+0	0.000000E+0	0.000000E+0	0.000000E+0	0.000000E+0
50.0    	235     	2.993248E-2 	4.089281E-5	1.41E+0    	50.00     	5132.98	24.2 	35.4 	0.000000E+0	0.000000E+0	0.000000E+0	0.000000E+0	0.000000E+0	0.000000E+0	0.000000E+0	0.000000E+0
50.0    	236     	2.955925E-2 	7.323072E-5	1.76E+0    	50.00     	5134.91	24.2 	35.4 	0.000000E+0	0.000000E+0	0.000000E+0	0.000000E+0	0.000000E+0	0.000000E+0	0.000000E+0	0.000000E+0
50.0    	237     	2.985841E-2 	1.649059E-4	1.67E+0    	50.00     	5136.83	24.2 	35.4 	0.000000E+0	0.000000E+0	0.000000E+0	0.000000E+0	0.000000E+0	0.000000E+0	0.000000E+0	0.000000E+0
50.0    	238     	9.936632E-2 	1.255742E-4	1.67E+0    	50.00     	5138.77	24.2 	35.4 	0.000000E+0	0.000000E+0	0.000000E+0	0.000000E+0	0.000000E+0	0.000000E+0	0.000000E+0	0.000000E+0
50.0    	239     	4.634138E-2 	6.934136E-5	1.68E+0    	50.00     	5140.70	24.2 	35.4 	0.000000E+0	0.000000E+0	0.000000E+0	0.000000E+0	0.000000E+0	0.000000E+0	0.000000E+0	0.000000E+0
50.0    	240     	1.327283E-1 	4.611258E-5	1.85E+0    	50.00     	5142.62	24.2 	35.4 	0.000000E+0	0.000000E+0	0.000000E+0	0.000000E+0	0.000000E+0	0.000000E+0	0.000000E+0	0.000000E+0
50.0    	241     	2.184836E-1 	1.938589E-4	1.58E+0    	50.00     	5144.56	24.2 	35.4 	0.000000E+0	0.000000E+0	0.000000E+0	0.000000E+0	0.000000E+0	0.000000E+0	0.000000E+0	0.000000E+0
50.0    	242     	1.173723E-1 	1.621260E-4	1.72E+0    	50.00     	5146.47	24.2 	35.4 	0.000000E+0	0.000000E+0	0.000000E+0	0.000000E+0	0.000000E+0	0.000000E+0	0.000000E+0	0.000000E+0
50.0    	243     	1.101378E-1 	4.066317E-5	1.54E+0    	50.00     	5148.39	24.2 	35.4 	0.000000E+0	0.000000E+0	0.000000E+0	0.000000E+0	0.000000E+0	0.000000E+0	0.000000E+0	0.000000E+0
50.0    	244     	1.058752E-1 	1.017573E-4	1.44E+0    	50.00     	5150.32	24.2 	35.4 	0.000000E+0	0.000000E+0	0.000000E+0	0.000000E+0	0.000000E+0	0.000000E+0	0.000000E+0	0.000000E+0
50.0    	245     	1.035932E-1 	1.482041E-4	1.83E+0    	50.00     	5152.24	24.2 	35.4 	0.000000E+0	0.000000E+0	0.000000E+0	0.000000E+0	0.000000E+0	0.000000E+0	0.000000E+0	0.000000E+0
50.0    	246     	1.006899E-1 	8.108183E-5	1.44E+0    	50.00     	5154.17	24.2 	35.4 	0.000000E+0	0.000000E+0	0.000000E+0	0.000000E+0	0.000000E+0	0.000000E+0	0.000000E+0	0.000000E+0
50.0    	247     	9.987345E-2 	1.667305E-4	1.27E+0    	50.00     	5156.10	24.2 	35.4 	0.000000E+0	0.000000E+0	0.000000E+0	0.000000E+0	0.000000E+0	0.000000E+0	0.000000E+0	0.000000E+0
50.0    	248     	1.270156E-1 	1.040079E-4	1.66E+0    	50.00     	5158.03	24.2 	35.4 	0.000000E+0	0.000000E+0	0.000000E+0	0.000000E+0	0.000000E+0	0.000000E+0	0.000000E+0	0.000000E+0
50.0    	249     	1.535310E-1 	1.732959E-4	1.67E+0    	50.00     	5159.95	24.2 	35.4 	0.000000E+0	0.000000E+0	0.000000E+0	0.000000E+0	0.000000E+0	0.000000E+0	0.000000E+0	0.000000E+0
50.0    	250     	9.697962E-2 	1.130429E-4	1.34E+0    	50.00     	5161.87	24.2 	35.4 	0.000000E+0	0.000000E+0	0.000000E+0	0.000000E+0	0.000000E+0	0.000000E+0	0.000000E+0	0.000000E+0
50.0    	251     	9.575134E-2 	9.570819E-5	1.68E+0    	50.00     	5163.80	24.2 	35.4 	0.000000E+0	0.000000E+0	0.000000E+0	0.000000E+0	0.000000E+0	0.000000E+0	0.000000E+0	0.000000E+0
50.0    	252     	1.091694E-1 	1.318169E-4	1.82E+0    	50.00     	5165.74	24.2 	35.4 	0.000000E+0	0.000000E+0	0.000000E+0	0.000000E+0	0.000000E+0	0.000000E+0	0.000000E+0	0.000000E+0
50.0    	253     	1.205815E-1 	9.157294E-5	1.42E+0    	50.00     	5167.66	24.2 	35.4 	0.000000E+0	0.000000E+0	0.000000E+0	0.000000E+0	0.000000E+0	0.000000E+0	0.000000E+0	0.000000E+0
50.0    	254     	2.898420E-1 	3.824186E-5	1.42E+0    	50.00     	5169.60	24.2 	35.4 	0.000000E+0	0.000000E+0	0.000000E+0	0.000000E+0	0.000000E+0	0.000000E+0	0.000000E+0	0.000000E+0
50.0    	255     	1.238109E-1 	7.389238E-5	1.59E+0    	50.00     	5171.53	24.2 	35.4 	0.000000E+0	0.000000E+0	0.000000E+0	0.000000E+0	0.000000E+0	0.000000E+0	0.000000E+0	0.000000E+0
50.0    	256     	2.630623E-1 	1.871241E-4	1.55E+0    	50.00     	5173.45	24.2 	35.4 	0.000000E+0	0.000000E+0	0.000000E+0	0.000000E+0	0.000000E+0	0.000000E+0	0.000000E+0	0.000000E+0
50.0    	257     	2.075192E-3 	6.423459E-5	1.81E+0    	50.00     	5175.37	24.2 	35.4 	0.000000E+0	0.000000E+0	0.000000E+0	0.000000E+0	0.000000E+0	0.000000E+0	0.000000E+0	0.000000E+0
50.0    	258     	1.353078E-3 	1.676661E-4	1.41E+0    	50.00     	5177.29	24.2 	35.4 	0.000000E+0	0.000000E+0	0.000000E+0	0.000000E+0	0.000000E+0	0.000000E+0	0.000000E+0	0.000000E+0
50.0    	259     	1.675037E-3 	2.604990E-5	1.48E+0    	50.00     	5179.21	24.2 	35.4 	0.000000E+0	0.000000E+0	0.000000E+0	0.000000E+0	0.000000E+0	0.000000E+0	0.000000E+0	0.000000E+0
50.0    	260     	1.348961E-3 	9.532864E-5	1.49E+0    	50.00     	5181.15	24.2 	35.4 	0.000000E+0	0.000000E+0	0.000000E+0	0.000000E+0	0.000000E+0	0.000000E+0	0.000000E+0	0.000000E+0
50.0    	261     	1.912471E-3 	1.286895E-4	1.45E+0    	50.00     	5183.07	24.2 	35.4 	0.000000E+0	0.000000E+0	0.000000E+0	0.000000E+0	0.000000E+0	0.000000E+0	0.000000E+0	0.000000E+0
50.0    	262     	1.475594E-3 	1.999107E-4	1.27E+0    	50.00     	5185.01	24.2 	35.4 	0.000000E+0	0.000000E+0	0.000000E+0	0.000000E+0	0.000000E+0	0.000000E+0	0.000000E+0	0.000000E+0
50.0    	263     	1.265068E-3 	7.350074E-5	1.44E+0    	50.00     	5186.93	24.2 	35.4 	0.000000E+0	0.000000E+0	0.000000E+0	0.000000E+0	0.000000E+0	0.000000E+0	0.000000E+0	0.000000E+0
50.0    	264     	-1.569990E-3	1.319597E-4	1.69E+0    	50.00     	5188.84	24.2 	35.4 	0.000000E+0	0.000000E+0	0.000000E+0	0.000000E+0	0.000000E+0	0.000000E+0	0.000000E+0	0.000000E+0
55.0    	1       	2.326113E-1 	2.041176E-5	3.07E+1    	55.00     	5205.67	24.2 	35.4 	0.000000E+0	0.000000E+0	0.000000E+0	0.000000E+0	0.000000E+0	0.000000E+0	0.000000E+0	0.000000E+0
55.0    	2       	1.992759E-1 	1.928657E-4	3.00E+0    	55.00     	5207.47	24.2 	35.4 	0.000000E+0	0.000000E+0	0.000000E+0	0.000000E+0	0.000000E+0	0.000000E+0	0.000000E+0	0.000000E+0
55.0    	3       	1.999530E-3 	6.834793E-5	1.67E+0    	55.00     	5209.53	24.2 	35.4 	0.000000E+0	0.000000E+0	0.000000E+0	0.000000E+0	0.000000E+0	0.000000E+0	0.000000E+0	0.000000E+0
55.0    	4       	1.423706E-1 	2.267231E-4	1.54E+0    	55.00     	5211.47	24.2 	35.4 	0.000000E+0	0.000000E+0	0.000000E+0	0.000000E+0	0.000000E+0	0.000000E+0	0.000000E+0	0.000000E+0
55.0    	5       	1.256927E-1 	8.156503E-5	1.63E+0    	55.00     	5213.40	24.2 	35.4 	0.000000E+0	0.000000E+0	0.000000E+0	0.000000E+0	0.000000E+0	0.000000E+0	0.000000E+0	0.000000E+0
55.0    	6       	1.236608E-1 	8.371895E-5	2.03E+0    	55.00     	5215.32	24.2 	35.4 	0.000000E+0	0.000000E+0	0.000000E+0	0.000000E+0	0.000000E+0	0.000000E+0	0.000000E+0	0.000000E+0
55.0    	7       	1.211618E-1 	5.275664E-5	1.76E+0    	55.00     	5217.25	24.2 	35.4 	0.000000E+0	0.000000E+0	0.000000E+0	0.000000E+0	0.000000E+0	0.000000E+0	0.000000E+0	0.000000E+0
55.0    	8       	1.177326E-1 	1.173210E-4	1.73E+0    	55.00     	5219.17	24.2 	35.4 	0.000000E+0	0.000000E+0	0.000000E+0	0.000000E+0	0.000000E+0	0.000000E+0	0.000000E+0	0.000000E+0
55.0    	9       	1.275244E-1 	1.026562E-4	1.43E+0    	55.00     	5221.11	24.2 	35.4 	0.000000E+0	0.000000E+0	0.000000E+0	0.000000E+0	0.000000E+0	0.000000E+0	0.000000E+0	0.000000E+0
55.0    	10      	1.161297E-1 	6.947297E-5	1.60E+0    	55.00     	5223.03	24.2 	35.4 	0.000000E+0	0.000000E+0	0.000000E+0	0.000000E+0	0.000000E+0	0.000000E+0	0.000000E+0	0.000000E+0
55.0    	11      	1.162643E-1 	3.394820E-5	1.40E+0    	55.00     	5224.95	24.2 	35.4 	0.000000E+0	0.000000E+0	0.000000E+0	0.000000E+0	0.000000E+0	0.000000E+0	0.000000E+0	0.000000E+0
55.0    	12      	1.151471E-1 	1.878251E-4	1.55E+0    	55.00     	5226.88	24.3 	35.4 	0.000000E+0	0.000000E+0	0.000000E+0	0.000000E+0	0.000000E+0	0.000000E+0	0.000000E+0	0.000000E+0
55.0    	13      	1.192610E-1 	1.300647E-4	1.89E+0    	55.00     	5228.81	24.3 	35.4 	0.000000E+0	0.000000E+0	0.000000E+0	0.000000E+0	0.000000E+0	0.000000E+0	0.000000E+0	0.000000E+0
55.0    	14      	1.224720E-1 	1.001955E-4	1.67E+0    	55.00     	5230.73	24.2 	35.4 	0.000000E+0	0.000000E+0	0.000000E+0	0.000000E+0	0.000000E+0	0.000000E+0	0.000000E+0	0.000000E+0
55.0    	15      	1.306141E-1 	1.063227E-3	1.57E+0    	55.00     	5232.65	24.2 	35.4 	0.000000E+0	0.000000E+0	0.000000E+0	0.000000E+0	0.000000E+0	0.000000E+0	0.000000E+0	0.000000E+0
55.0    	16      	2.228270E-1 	2.017865E-4	1.56E+0    	55.00     	5234.57	24.2 	35.4 	0.000000E+0	0.000000E+0	0.000000E+0	0.000000E+0	0.000000E+0	0.000000E+0	0.000000E+0	0.000000E+0
55.0    	17      	1.237305E-1 	4.147927E-5	1.60E+0    	55.00     	5236.49	24.2 	35.4 	0.000000E+0	0.000000E+0	0.000000E+0	0.000000E+0	0.000000E+0	0.000000E+0	0.000000E+0	0.000000E+0
55.0    	18      	4.586141E-2 	6.285438E-5	1.76E+0    	55.00     	5238.41	24.2 	35.4 	0.000000E+0	0.000000E+0	0.000000E+0	0.000000E+0	0.000000E+0	0.000000E+0	0.000000E+0	0.000000E+0
55.0    	19      	8.231985E-2 	1.055015E-4	1.69E+0    	55.00     	5240.35	24.2 	35.4 	0.000000E+0	0.000000E+0	0.000000E+0	0.000000E+0	0.000000E+0	0.000000E+0	0.000000E+0	0.000000E+0
55.0    	20      	4.295745E-2 	2.449326E-4	1.90E+0    	55.00     	5242.27	24.2 	35.4 	0.000000E+0	0.000000E+0	0.000000E+0	0.000000E+0	0.000000E+0	0.000000E+0	0.000000E+0	0.000000E+0
55.0    	21      	4.302838E-2 	6.148117E-5	1.80E+0    	55.00     	5244.21	24.3 	35.4 	0.000000E+0	0.000000E+0	0.000000E+0	0.000000E+0	0.000000E+0	0.000000E+0	0.000000E+0	0.000000E+0
55.0    	22      	4.171868E-2 	5.061490E-5	1.71E+0    	55.00     	5246.14	24.3 	35.4 	0.000000E+0	0.000000E+0	0.000000E+0	0.000000E+0	0.000000E+0	0.000000E+0	0.000000E+0	0.000000E+0
55.0    	23      	4.253072E-2 	9.989910E-5	1.49E+0    	55.00     	5248.07	24.2 	35.4 	0.000000E+0	0.000000E+0	0.000000E+0	0.000000E+0	0.000000E+0	0.000000E+0	0.000000E+0	0.000000E+0
55.0    	24      	5.634459E-2 	2.771195E-5	1.51E+0    	55.00     	5250.01	24.2 	35.4 	0.000000E+0	0.000000E+0	0.000000E+0	0.000000E+0	0.000000E+0	0.000000E+0	0.000000E+0	0.000000E+0
55.0    	25      	5.917764E-2 	7.543331E-5	1.85E+0    	55.00     	5251.94	24.2 	35.4 	0.000000E+0	0.000000E+0	0.000000E+0	0.000000E+0	0.000000E+0	0.000000E+0	0.000000E+0	0.000000E+0
55.0    	26      	4.067271E-2 	2.434072E-4	1.57E+0    	55.00     	5253.86	24.2 	35.4 	0.000000E+0	0.000000E+0	0.000000E+0	0.000000E+0	0.000000E+0	0.000000E+0	0.000000E+0	0.000000E+0
55.0    	27      	6.911754E-2 	1.147946E-2	1.61E+0    	55.00     	5255.80	24.2 	35.4 	0.000000E+0	0.000000E+0	0.000000E+0	0.000000E+0	0.000000E+0	0.000000E+0	0.000000E+0	0.000000E+0
55.0    	28      	4.223787E-2 	6.973108E-4	1.96E+0    	55.00     	5257.74	24.2 	35.4 	0.000000E+0	0.000000E+0	0.000000E+0	0.000000E+0	0.000000E+0	0.000000E+0	0.000000E+0	0.000000E+0
55.0    	29      	4.406230E-2 	7.976518E-4	1.52E+0    	55.00     	5259.67	24.3 	35.4 	0.000000E+0	0.000000E+0	0.000000E+0	0.000000E+0	0.000000E+0	0.000000E+0	0.000000E+0	0.000000E+0
55.0    	30      	1.154481E-1 	8.924440E-5	1.44E+0    	55.00     	5261.60	24.2 	35.4 	0.000000E+0	0.000000E+0	0.000000E+0	0.000000E+0	0.000000E+0	0.000000E+0	0.000000E+0	0.000000E+0
55.0    	31      	7.747015E-2 	1.916594E-4	1.59E+0    	55.00     	5263.53	24.2 	35.4 	0.000000E+0	0.000000E+0	0.000000E+0	0.000000E+0	0.000000E+0	0.000000E+0	0.000000E+0	0.000000E+0
55.0    	32      	1.277725E-1 	6.991573E-5	1.30E+0    	55.00     	5265.46	24.2 	35.4 	0.000000E+0	0.000000E+0	0.000000E+0	0.000000E+0	0.000000E+0	0.000000E+0	0.000000E+0	0.000000E+0
55.0    	33      	1.169329E-1 	2.051441E-4	1.76E+0    	55.00     	5267.38	24.2 	35.4 	0.000000E+0	0.000000E+0	0.000000E+0	0.000000E+0	0.000000E+0	0.000000E+0	0.000000E+0	0.000000E+0
55.0    	34      	6.039331E-2 	4.965843E-5	1.70E+0    	55.00     	5269.30	24.2 	35.4 	0.000000E+0	0.000000E+0	0.000000E+0	0.000000E+0	0.000000E+0	0.000000E+0	0.000000E+0	0.000000E+0
55.0    	35      	3.891537E-2 	1.852850E-4	1.72E+0    	55.00     	5271.22	24.3 	35.4 	0.000000E+0	0.000000E+0	0.000000E+0	0.000000E+0	0.000000E+0	0.000000E+0	0.000000E+0	0.000000E+0
55.0    	36      	7.763382E-2 	5.446511E-5	1.53E+0    	55.00     	5273.16	24.3 	35.4 	0.000000E+0	0.000000E+0	0.000000E+0	0.000000E+0	0.000000E+0	0.000000E+0	0.000000E+0	0.000000E+0
55.0    	37      	3.868493E-2 	1.477741E-4	2.06E+0    	55.00     	5275.08	24.3 	35.4 	0.000000E+0	0.000000E+0	0.000000E+0	0.000000E+0	0.000000E+0	0.000000E+0	0.000000E+0	0.000000E+0
55.0    	38      	3.792608E-2 	6.115265E-5	1.42E+0    	55.00     	5277.02	24.3 	35.4 	0.000000E+0	0.000000E+0	0.000000E+0	0.000000E+0	0.000000E+0	0.000000E+0	0.000000E+0	0.000000E+0
55.0    	39      	3.845350E-2 	1.138994E-4	1.70E+0    	55.00     	5278.94	24.3 	35.4 	0.000000E+0	0.000000E+0	0.000000E+0	0.000000E+0	0.000000E+0	0.000000E+0	0.000000E+0	0.000000E+0
55.0    	40      	3.676646E-2 	1.458439E-4	1.47E+0    	55.00     	5280.87	24.3 	35.4 	0.000000E+0	0.000000E+0	0.000000E+0	0.000000E+0	0.000000E+0	0.000000E+0	0.000000E+0	0.000000E+0
55.0    	41      	4.155500E-2 	6.596448E-3	1.72E+0    	55.00     	5282.80	24.3 	35.4 	0.000000E+0	0.000000E+0	0.000000E+0	0.000000E+0	0.000000E+0	0.000000E+0	0.000000E+0	0.000000E+0
55.0    	42      	3.815086E-2 	1.761834E-4	1.57E+0    	55.00     	5284.74	24.3 	35.4 	0.000000E+0	0.000000E+0	0.000000E+0	0.000000E+0	0.000000E+0	0.000000E+0	0.000000E+0	0.000000E+0
55.0    	43      	3.847280E-2 	3.186611E-5	1.56E+0    	55.00     	5286.66	24.3 	35.4 	0.000000E+0	0.000000E+0	0.000000E+0	0.000000E+0	0.000000E+0	0.000000E+0	0.000000E+0	0.000000E+0
55.0    	44      	5.495986E-2 	2.012831E-4	1.43E+0    	55.00     	5288.60	24.3 	35.4 	0.000000E+0	0.000000E+0	0.000000E+0	0.000000E+0	0.000000E+0	0.000000E+0	0.000000E+0	0.000000E+0
55.0    	45      	4.105609E-2 	1.244331E-4	1.55E+0    	55.00     	5290.53	24.2 	35.4 	0.000000E+0	0.000000E+0	0.000000E+0	0.000000E+0	0.000000E+0	0.000000E+0	0.000000E+0	0.000000E+0
55.0    	46      	4.204949E-2 	1.068480E-4	1.85E+0    	55.00     	5292.46	24.2 	35.4 	0.000000E+0	0.000000E+0	0.000000E+0	0.000000E+0	0.000000E+0	0.000000E+0	0.000000E+0	0.000000E+0
55.0    	47      	4.450107E-2 	1.793966E-4	1.56E+0    	55.00     	5294.39	24.3 	35.4 	0.000000E+0	0.000000E+0	0.000000E+0	0.000000E+0	0.000000E+0	0.000000E+0	0.000000E+0	0.000000E+0
55.0    	48      	1.758816E-1 	1.087476E-4	1.83E+0    	55.00     	5296.31	24.2 	35.4 	0.000000E+0	0.000000E+0	0.000000E+0	0.000000E+0	0.000000E+0	0.000000E+0	0.000000E+0	0.000000E+0
55.0    	49      	1.478977E-1 	7.450564E-5	1.56E+0    	55.00     	5298.23	24.3 	35.4 	0.000000E+0	0.000000E+0	0.000000E+0	0.000000E+0	0.000000E+0	0.000000E+0	0.000000E+0	0.000000E+0
55.0    	50      	3.850888E-2 	1.794480E-4	1.83E+0    	55.00     	5300.15	24.3 	35.4 	0.000000E+0	0.000000E+0	0.000000E+0	0.000000E+0	0.000000E+0	0.000000E+0	0.000000E+0	0.000000E+0
55.0    	51      	1.902330E-1 	5.569294E-5	1.58E+0    	55.00     	5302.08	24.3 	35.4 	0.000000E+0	0.000000E+0	0.000000E+0	0.000000E+0	0.000000E+0	0.000000E+0	0.000000E+0	0.000000E+0
55.0    	52      	3.707511E-2 	2.739873E-4	1.67E+0    	55.00     	5304.02	24.2 	35.4 	0.000000E+0	0.000000E+0	0.000000E+0	0.000000E+0	0.000000E+0	0.000000E+0	0.000000E+0	0.000000E+0
55.0    	53      	3.848196E-2 	7.101909E-5	1.67E+0    	55.00     	5305.95	24.3 	35.4 	0.000000E+0	0.000000E+0	0.000000E+0	0.000000E+0	0.000000E+0	0.000000E+0	0.000000E+0	0.000000E+0
55.0    	54      	3.567457E-2 	1.059472E-4	1.92E+0    	55.00     	5307.88	24.3 	35.4 	0.000000E+0	0.000000E+0	0.000000E+0	0.000000E+0	0.000000E+0	0.000000E+0	0.000000E+0	0.000000E+0
55.0    	55      	3.576131E-2 	1.880509E-4	1.62E+0    	55.00     	5309.81	24.3 	35.4 	0.000000E+0	0.000000E+0	0.000000E+0	0.000000E+0	0.000000E+0	0.000000E+0	0.000000E+0	0.000000E+0
55.0    	56      	3.528295E-2 	1.588445E-4	1.54E+0    	55.00     	5311.75	24.2 	35.4 	0.000000E+0	0.000000E+0	0.000000E+0	0.000000E+0	0.000000E+0	0.000000E+0	0.000000E+0	0.000000E+0
55.0    	57      	3.912180E-2 	4.942490E-5	1.88E+0    	55.00     	5313.67	24.3 	35.4 	0.000000E+0	0.000000E+0	0.000000E+0	0.000000E+0	0.000000E+0	0.000000E+0	0.000000E+0	0.000000E+0
55.0    	58      	3.654167E-2 	5.447046E-5	1.86E+0    	55.00     	5315.60	24.2 	35.4 	0.000000E+0	0.000000E+0	0.000000E+0	0.000000E+0	0.000000E+0	0.000000E+0	0.000000E+0	0.000000E+0
55.0    	59      	3.696431E-2 	1.273162E-4	1.70E+0    	55.00     	5317.54	24.3 	35.4 	0.000000E+0	0.000000E+0	0.000000E+0	0.000000E+0	0.000000E+0	0.000000E+0	0.000000E+0	0.000000E+0
55.0    	60      	4.878532E-2 	6.933391E-5	2.08E+0    	55.00     	5319.47	24.3 	35.4 	0.000000E+0	0.000000E+0	0.000000E+0	0.000000E+0	0.000000E+0	0.000000E+0	0.000000E+0	0.000000E+0
55.0    	61      	5.281316E-2 	1.120377E-5	1.62E+0    	55.00     	5321.40	24.3 	35.4 	0.000000E+0	0.000000E+0	0.000000E+0	0.000000E+0	0.000000E+0	0.000000E+0	0.000000E+0	0.000000E+0
55.0    	62      	7.179013E-2 	1.405042E-4	1.76E+0    	55.00     	5323.33	24.3 	35.4 	0.000000E+0	0.000000E+0	0.000000E+0	0.000000E+0	0.000000E+0	0.000000E+0	0.000000E+0	0.000000E+0
55.0    	63      	4.816294E-2 	3.564348E-3	1.42E+0    	55.00     	5325.28	24.3 	35.4 	0.000000E+0	0.000000E+0	0.000000E+0	0.000000E+0	0.000000E+0	0.000000E+0	0.000000E+0	0.000000E+0
55.0    	64      	2.967631E-1 	8.396679E-4	1.54E+0    	55.00     	5327.21	24.3 	35.4 	0.000000E+0	0.000000E+0	0.000000E+0	0.000000E+0	0.000000E+0	0.000000E+0	0.000000E+0	0.000000E+0
55.0    	65      	1.117125E-1 	2.259527E-4	1.36E+0    	55.00     	5329.14	24.3 	35.4 	0.000000E+0	0.000000E+0	0.000000E+0	0.000000E+0	0.000000E+0	0.000000E+0	0.000000E+0	0.000000E+0
55.0    	66      	3.672686E-2 	2.338880E-4	1.67E+0    	55.00     	5331.06	24.3 	35.4 	0.000000E+0	0.000000E+0	0.000000E+0	0.000000E+0	0.000000E+0	0.000000E+0	0.000000E+0	0.000000E+0
55.0    	67      	7.226659E-2 	1.615281E-4	1.61E+0    	55.00     	5332.99	24.3 	35.4 	0.000000E+0	0.000000E+0	0.000000E+0	0.000000E+0	0.000000E+0	0.000000E+0	0.000000E+0	0.000000E+0
55.0    	68      	3.686681E-2 	8.149743E-5	1.93E+0    	55.00     	5334.93	24.3 	35.4 	0.000000E+0	0.000000E+0	0.000000E+0	0.000000E+0	0.000000E+0	0.000000E+0	0.000000E+0	0.000000E+0
55.0    	69      	1.282288E+1 	1.822885E-2	1.49E+0    	55.00     	5336.85	24.3 	35.4 	0.000000E+0	0.000000E+0	0.000000E+0	0.000000E+0	0.000000E+0	0.000000E+0	0.000000E+0	0.000000E+0
55.0    	70      	3.751326E-2 	2.124426E-4	1.99E+0    	55.00     	5338.95	24.2 	35.4 	0.000000E+0	0.000000E+0	0.000000E+0	0.000000E+0	0.000000E+0	0.000000E+0	0.000000E+0	0.000000E+0
55.0    	71      	1.824893E-1 	1.746367E-4	1.58E+0    	55.00     	5340.97	24.3 	35.4 	0.000000E+0	0.000000E+0	0.000000E+0	0.000000E+0	0.000000E+0	0.000000E+0	0.000000E+0	0.000000E+0
55.0    	72      	3.528897E-2 	7.316214E-5	1.86E+0    	55.00     	5342.91	24.3 	35.4 	0.000000E+0	0.000000E+0	0.000000E+0	0.000000E+0	0.000000E+0	0.000000E+0	0.000000E+0	0.000000E+0
55.0    	73      	3.501545E-2 	1.927162E-4	1.41E+0    	55.00     	5344.83	24.3 	35.4 	0.000000E+0	0.000000E+0	0.000000E+0	0.000000E+0	0.000000E+0	0.000000E+0	0.000000E+0	0.000000E+0
55.0    	74      	3.583761E-2 	1.948342E-4	1.40E+0    	55.00     	5346.77	24.3 	35.4 	0.000000E+0	0.000000E+0	0.000000E+0	0.000000E+0	0.000000E+0	0.000000E+0	0.000000E+0	0.000000E+0
55.0    	75      	3.549983E-2 	5.163303E-5	1.62E+0    	55.00     	5348.70	24.3 	35.4 	0.000000E+0	0.000000E+0	0.000000E+0	0.000000E+0	0.000000E+0	0.000000E+0	0.000000E+0	0.000000E+0
55.0    	76      	5.629868E-2 	1.879421E-4	1.63E+0    	55.00     	5350.63	24.3 	35.4 	0.000000E+0	0.000000E+0	0.000000E+0	0.000000E+0	0.000000E+0	0.000000E+0	0.000000E+0	0.000000E+0
55.0    	77      	1.831247E-2 	2.925018E-2	1.54E+0    	55.00     	5352.57	24.3 	35.4 	0.000000E+0	0.000000E+0	0.000000E+0	0.000000E+0	0.000000E+0	0.000000E+0	0.000000E+0	0.000000E+0
55.0    	78      	2.229048E-3 	1.643290E-3	1.42E+0    	55.00     	5354.50	24.3 	35.4 	0.000000E+0	0.000000E+0	0.000000E+0	0.000000E+0	0.000000E+0	0.000000E+0	0.000000E+0	0.000000E+0
55.0    	79      	9.551953E-2 	7.961947E-2	1.54E+0    	55.00     	5356.42	24.3 	35.4 	0.000000E+0	0.000000E+0	0.000000E+0	0.000000E+0	0.000000E+0	0.000000E+0	0.000000E+0	0.000000E+0
55.0    	80      	2.127850E-1 	3.294242E-5	1.52E+0    	55.00     	5358.35	24.3 	35.4 	0.000000E+0	0.000000E+0	0.000000E+0	0.000000E+0	0.000000E+0	0.000000E+0	0.000000E+0	0.000000E+0
55.0    	81      	1.095044E-1 	5.512371E-5	1.53E+0    	55.00     	5360.27	24.3 	35.4 	0.000000E+0	0.000000E+0	0.000000E+0	0.000000E+0	0.000000E+0	0.000000E+0	0.000000E+0	0.000000E+0
55.0    	82      	3.894927E-2 	9.368457E-5	1.68E+0    	55.00     	5362.19	24.3 	35.4 	0.000000E+0	0.000000E+0	0.000000E+0	0.000000E+0	0.000000E+0	0.000000E+0	0.000000E+0	0.000000E+0
55.0    	83      	4.477208E-2 	1.285104E-4	1.72E+0    	55.00     	5364.12	24.3 	35.4 	0.000000E+0	0.000000E+0	0.000000E+0	0.000000E+0	0.000000E+0	0.000000E+0	0.000000E+0	0.000000E+0
55.0    	84      	3.649514E-2 	4.616885E-5	1.52E+0    	55.00     	5366.04	24.3 	35.4 	0.000000E+0	0.000000E+0	0.000000E+0	0.000000E+0	0.000000E+0	0.000000E+0	0.000000E+0	0.000000E+0
55.0    	85      	3.589839E-2 	1.391464E-4	1.62E+0    	55.00     	5367.98	24.3 	35.4 	0.000000E+0	0.000000E+0	0.000000E+0	0.000000E+0	0.000000E+0	0.000000E+0	0.000000E+0	0.000000E+0
55.0    	86      	3.472103E-2 	1.447468E-4	1.87E+0    	55.00     	5369.91	24.3 	35.4 	0.000000E+0	0.000000E+0	0.000000E+0	0.000000E+0	0.000000E+0	0.000000E+0	0.000000E+0	0.000000E+0
55.0    	87      	3.442853E-2 	8.449439E-5	1.62E+0    	55.00     	5371.85	24.2 	35.4 	0.000000E+0	0.000000E+0	0.000000E+0	0.000000E+0	0.000000E+0	0.000000E+0	0.000000E+0	0.000000E+0
55.0    	88      	3.422970E-2 	2.166150E-4	1.46E+0    	55.00     	5373.77	24.3 	35.4 	0.000000E+0	0.000000E+0	0.000000E+0	0.000000E+0	0.000000E+0	0.000000E+0	0.000000E+0	0.000000E+0
55.0    	89      	3.578379E-2 	6.328520E-5	1.53E+0    	55.00     	5375.70	24.3 	35.4 	0.000000E+0	0.000000E+0	0.000000E+0	0.000000E+0	0.000000E+0	0.000000E+0	0.000000E+0	0.000000E+0
55.0    	90      	2.830114E-1 	2.363417E-4	1.33E+0    	55.00     	5377.61	24.3 	35.4 	0.000000E+0	0.000000E+0	0.000000E+0	0.000000E+0	0.000000E+0	0.000000E+0	0.000000E+0	0.000000E+0
55.0    	91      	3.528361E-2 	1.578919E-4	1.83E+0    	55.00     	5379.53	24.3 	35.4 	0.000000E+0	0.000000E+0	0.000000E+0	0.000000E+0	0.000000E+0	0.000000E+0	0.000000E+0	0.000000E+0
55.0    	92      	1.012107E-1 	1.662004E-4	1.83E+0    	55.00     	5381.47	24.3 	35.4 	0.000000E+0	0.000000E+0	0.000000E+0	0.000000E+0	0.000000E+0	0.000000E+0	0.000000E+0	0.000000E+0
55.0    	93      	3.716343E-2 	9.424072E-5	1.76E+0    	55.00     	5383.39	24.3 	35.4 	0.000000E+0	0.000000E+0	0.000000E+0	0.000000E+0	0.000000E+0	0.000000E+0	0.000000E+0	0.000000E+0
55.0    	94      	3.823158E-2 	1.264893E-4	1.32E+0    	55.00     	5385.31	24.3 	35.4 	0.000000E+0	0.000000E+0	0.000000E+0	0.000000E+0	0.000000E+0	0.000000E+0	0.000000E+0	0.000000E+0
55.0    	95      	4.393979E-2 	1.046299E-4	1.57E+0    	55.00     	5387.23	24.3 	35.4 	0.000000E+0	0.000000E+0	0.000000E+0	0.000000E+0	0.000000E+0	0.000000E+0	0.000000E+0	0.000000E+0
55.0    	96      	1.195684E-1 	1.457135E-4	1.91E+0    	55.00     	5389.17	24.3 	35.4 	0.000000E+0	0.000000E+0	0.000000E+0	0.000000E+0	0.000000E+0	0.000000E+0	0.000000E+0	0.000000E+0
55.0    	97      	1.261206E-1 	5.733725E-5	1.54E+0    	55.00     	5391.08	24.3 	35.4 	0.000000E+0	0.000000E+0	0.000000E+0	0.000000E+0	0.000000E+0	0.000000E+0	0.000000E+0	0.000000E+0
55.0    	98      	3.534754E-2 	2.157979E-4	1.68E+0    	55.00     	5393.01	24.3 	35.4 	0.000000E+0	0.000000E+0	0.000000E+0	0.000000E+0	0.000000E+0	0.000000E+0	0.000000E+0	0.000000E+0
55.0    	99      	3.466470E-2 	9.804685E-5	1.51E+0    	55.00     	5394.94	24.3 	35.4 	0.000000E+0	0.000000E+0	0.000000E+0	0.000000E+0	0.000000E+0	0.000000E+0	0.000000E+0	0.000000E+0
55.0    	100     	3.459948E-2 	7.292778E-5	1.81E+0    	55.00     	5396.88	24.3 	35.4 	0.000000E+0	0.000000E+0	0.000000E+0	0.000000E+0	0.000000E+0	0.000000E+0	0.000000E+0	0.000000E+0
55.0    	101     	3.535515E-2 	1.734774E-4	1.63E+0    	55.00     	5398.82	24.3 	35.4 	0.000000E+0	0.000000E+0	0.000000E+0	0.000000E+0	0.000000E+0	0.000000E+0	0.000000E+0	0.000000E+0
55.0    	102     	4.944064E-2 	6.624150E-5	1.42E+0    	55.00     	5400.74	24.3 	35.4 	0.000000E+0	0.000000E+0	0.000000E+0	0.000000E+0	0.000000E+0	0.000000E+0	0.000000E+0	0.000000E+0
55.0    	103     	3.529311E-2 	1.666955E-4	1.36E+0    	55.00     	5402.68	24.3 	35.4 	0.000000E+0	0.000000E+0	0.000000E+0	0.000000E+0	0.000000E+0	0.000000E+0	0.000000E+0	0.000000E+0
55.0    	104     	3.407811E-1 	1.330407E-4	1.46E+0    	55.00     	5404.60	24.3 	35.4 	0.000000E+0	0.000000E+0	0.000000E+0	0.000000E+0	0.000000E+0	0.000000E+0	0.000000E+0	0.000000E+0
55.0    	105     	3.484420E-2 	1.850127E-4	1.44E+0    	55.00     	5406.52	24.3 	35.4 	0.000000E+0	0.000000E+0	0.000000E+0	0.000000E+0	0.000000E+0	0.000000E+0	0.000000E+0	0.000000E+0
55.0    	106     	3.573441E-2 	1.691563E-4	1.53E+0    	55.00     	5408.44	24.3 	35.4 	0.000000E+0	0.000000E+0	0.000000E+0	0.000000E+0	0.000000E+0	0.000000E+0	0.000000E+0	0.000000E+0
55.0    	107     	3.495846E-2 	1.955880E-4	1.60E+0    	55.00     	5410.38	24.3 	35.4 	0.000000E+0	0.000000E+0	0.000000E+0	0.000000E+0	0.000000E+0	0.000000E+0	0.000000E+0	0.000000E+0
55.0    	108     	3.444373E-2 	4.346451E-5	1.61E+0    	55.00     	5412.31	24.3 	35.4 	0.000000E+0	0.000000E+0	0.000000E+0	0.000000E+0	0.000000E+0	0.000000E+0	0.000000E+0	0.000000E+0
55.0    	109     	3.459031E-2 	5.958850E-5	1.83E+0    	55.00     	5414.23	24.3 	35.4 	0.000000E+0	0.000000E+0	0.000000E+0	0.000000E+0	0.000000E+0	0.000000E+0	0.000000E+0	0.000000E+0
55.0    	110     	3.482361E-2 	1.301895E-4	1.43E+0    	55.00     	5416.19	24.3 	35.4 	0.000000E+0	0.000000E+0	0.000000E+0	0.000000E+0	0.000000E+0	0.000000E+0	0.000000E+0	0.000000E+0
55.0    	111     	3.693709E-2 	9.464206E-5	1.67E+0    	55.00     	5418.11	24.3 	35.4 	0.000000E+0	0.000000E+0	0.000000E+0	0.000000E+0	0.000000E+0	0.000000E+0	0.000000E+0	0.000000E+0
55.0    	112     	3.036868E-1 	1.481062E-4	1.59E+0    	55.00     	5420.03	24.3 	35.4 	0.000000E+0	0.000000E+0	0.000000E+0	0.000000E+0	0.000000E+0	0.000000E+0	0.000000E+0	0.000000E+0
55.0    	113     	1.124321E-1 	6.970971E-5	1.69E+0    	55.00     	5421.95	24.3 	35.4 	0.000000E+0	0.000000E+0	0.000000E+0	0.000000E+0	0.000000E+0	0.000000E+0	0.000000E+0	0.000000E+0
55.0    	114     	4.808951E-2 	2.137828E-4	1.62E+0    	55.00     	5423.89	24.3 	35.4 	0.000000E+0	0.000000E+0	0.000000E+0	0.000000E+0	0.000000E+0	0.000000E+0	0.000000E+0	0.000000E+0
55.0    	115     	3.454596E-2 	1.583226E-4	2.00E+0    	55.00     	5425.81	24.3 	35.4 	0.000000E+0	0.000000E+0	0.000000E+0	0.000000E+0	0.000000E+0	0.000000E+0	0.000000E+0	0.000000E+0
55.0    	116     	3.463146E-2 	2.165816E-4	2.04E+0    	55.00     	5427.74	24.3 	35.4 	0.000000E+0	0.000000E+0	0.000000E+0	0.000000E+0	0.000000E+0	0.000000E+0	0.000000E+0	0.000000E+0
55.0    	117     	3.968119E-2 	1.948073E-4	1.62E+0    	55.00     	5429.70	24.3 	35.4 	0.000000E+0	0.000000E+0	0.000000E+0	0.000000E+0	0.000000E+0	0.000000E+0	0.000000E+0	0.000000E+0
55.0    	118     	3.429904E-2 	8.832791E-5	1.59E+0    	55.00     	5431.63	24.3 	35.4 	0.000000E+0	0.000000E+0	0.000000E+0	0.000000E+0	0.000000E+0	0.000000E+0	0.000000E+0	0.000000E+0
55.0    	119     	4.750701E-2 	1.348146E-4	1.57E+0    	55.00     	5433.57	24.3 	35.4 	0.000000E+0	0.000000E+0	0.000000E+0	0.000000E+0	0.000000E+0	0.000000E+0	0.000000E+0	0.000000E+0
55.0    	120     	3.560241E-2 	1.917650E-4	1.60E+0    	55.00     	5435.48	24.2 	35.4 	0.000000E+0	0.000000E+0	0.000000E+0	0.000000E+0	0.000000E+0	0.000000E+0	0.000000E+0	0.000000E+0
55.0    	121     	3.489389E-2 	2.694591E-5	1.96E+0    	55.00     	5437.40	24.3 	35.4 	0.000000E+0	0.000000E+0	0.000000E+0	0.000000E+0	0.000000E+0	0.000000E+0	0.000000E+0	0.000000E+0
55.0    	122     	3.992178E-2 	1.812415E-4	1.78E+0    	55.00     	5439.34	24.3 	35.4 	0.000000E+0	0.000000E+0	0.000000E+0	0.000000E+0	0.000000E+0	0.000000E+0	0.000000E+0	0.000000E+0
55.0    	123     	3.479891E-2 	2.724966E-4	1.80E+0    	55.00     	5441.27	24.3 	35.4 	0.000000E+0	0.000000E+0	0.000000E+0	0.000000E+0	0.000000E+0	0.000000E+0	0.000000E+0	0.000000E+0
55.0    	124     	3.417589E-2 	1.644554E-4	1.32E+0    	55.00     	5443.21	24.3 	35.4 	0.000000E+0	0.000000E+0	0.000000E+0	0.000000E+0	0.000000E+0	0.000000E+0	0.000000E+0	0.000000E+0
55.0    	125     	3.386660E-2 	9.206605E-4	1.71E+0    	55.00     	5445.14	24.3 	35.4 	0.000000E+0	0.000000E+0	0.000000E+0	0.000000E+0	0.000000E+0	0.000000E+0	0.000000E+0	0.000000E+0
55.0    	126     	3.401887E-2 	1.320913E-4	1.81E+0    	55.00     	5447.07	24.3 	35.4 	0.000000E+0	0.000000E+0	0.000000E+0	0.000000E+0	0.000000E+0	0.000000E+0	0.000000E+0	0.000000E+0
55.0    	127     	3.547704E-2 	1.386984E-4	1.43E+0    	55.00     	5448.99	24.3 	35.4 	0.000000E+0	0.000000E+0	0.000000E+0	0.000000E+0	0.000000E+0	0.000000E+0	0.000000E+0	0.000000E+0
55.0    	128     	1.101562E-1 	8.783348E-5	1.40E+0    	55.00     	5450.92	24.3 	35.4 	0.000000E+0	0.000000E+0	0.000000E+0	0.000000E+0	0.000000E+0	0.000000E+0	0.000000E+0	0.000000E+0
55.0    	129     	1.130406E-1 	5.257084E-5	1.65E+0    	55.00     	5452.85	24.3 	35.4 	0.000000E+0	0.000000E+0	0.000000E+0	0.000000E+0	0.000000E+0	0.000000E+0	0.000000E+0	0.000000E+0
55.0    	130     	3.720713E-2 	2.145749E-4	1.85E+0    	55.00     	5454.77	24.3 	35.4 	0.000000E+0	0.000000E+0	0.000000E+0	0.000000E+0	0.000000E+0	0.000000E+0	0.000000E+0	0.000000E+0
55.0    	131     	3.477264E-2 	1.516882E-4	1.70E+0    	55.00     	5456.71	24.3 	35.4 	0.000000E+0	0.000000E+0	0.000000E+0	0.000000E+0	0.000000E+0	0.000000E+0	0.000000E+0	0.000000E+0
55.0    	132     	3.466375E-2 	7.751129E-5	1.29E+0    	55.00     	5458.63	24.3 	35.4 	0.000000E+0	0.000000E+0	0.000000E+0	0.000000E+0	0.000000E+0	0.000000E+0	0.000000E+0	0.000000E+0
55.0    	133     	3.513356E-2 	2.679137E-4	1.41E+0    	55.00     	5460.57	24.3 	35.4 	0.000000E+0	0.000000E+0	0.000000E+0	0.000000E+0	0.000000E+0	0.000000E+0	0.000000E+0	0.000000E+0
55.0    	134     	3.428986E-2 	5.886225E-5	1.55E+0    	55.00     	5462.50	24.3 	35.4 	0.000000E+0	0.000000E+0	0.000000E+0	0.000000E+0	0.000000E+0	0.000000E+0	0.000000E+0	0.000000E+0
55.0    	135     	3.469540E-2 	1.824098E-4	1.62E+0    	55.00     	5464.44	24.3 	35.4 	0.000000E+0	0.000000E+0	0.000000E+0	0.000000E+0	0.000000E+0	0.000000E+0	0.000000E+0	0.000000E+0
55.0    	136     	3.570655E-2 	1.517726E-4	1.70E+0    	55.00     	5466.36	24.3 	35.4 	0.000000E+0	0.000000E+0	0.000000E+0	0.000000E+0	0.000000E+0	0.000000E+0	0.000000E+0	0.000000E+0
55.0    	137     	3.533395E-2 	1.043452E-4	1.63E+0    	55.00     	5468.31	24.3 	35.4 	0.000000E+0	0.000000E+0	0.000000E+0	0.000000E+0	0.000000E+0	0.000000E+0	0.000000E+0	0.000000E+0
55.0    	138     	3.562771E-2 	6.285095E-5	1.73E+0    	55.00     	5470.25	24.3 	35.4 	0.000000E+0	0.000000E+0	0.000000E+0	0.000000E+0	0.000000E+0	0.000000E+0	0.000000E+0	0.000000E+0
55.0    	139     	3.377256E-2 	1.229567E-4	1.37E+0    	55.00     	5472.19	24.3 	35.4 	0.000000E+0	0.000000E+0	0.000000E+0	0.000000E+0	0.000000E+0	0.000000E+0	0.000000E+0	0.000000E+0
55.0    	140     	3.318088E-2 	1.453220E-4	1.55E+0    	55.00     	5474.12	24.3 	35.4 	0.000000E+0	0.000000E+0	0.000000E+0	0.000000E+0	0.000000E+0	0.000000E+0	0.000000E+0	0.000000E+0
55.0    	141     	3.258224E-2 	2.726806E-4	1.74E+0    	55.00     	5476.06	24.3 	35.4 	0.000000E+0	0.000000E+0	0.000000E+0	0.000000E+0	0.000000E+0	0.000000E+0	0.000000E+0	0.000000E+0
55.0    	142     	3.240940E-2 	1.247538E-4	1.51E+0    	55.00     	5477.99	24.3 	35.4 	0.000000E+0	0.000000E+0	0.000000E+0	0.000000E+0	0.000000E+0	0.000000E+0	0.000000E+0	0.000000E+0
55.0    	143     	3.411733E-2 	9.229828E-5	1.43E+0    	55.00     	5479.91	24.3 	35.4 	0.000000E+0	0.000000E+0	0.000000E+0	0.000000E+0	0.000000E+0	0.000000E+0	0.000000E+0	0.000000E+0
55.0    	144     	1.062379E-1 	1.559824E-4	1.65E+0    	55.00     	5481.83	24.2 	35.4 	0.000000E+0	0.000000E+0	0.000000E+0	0.000000E+0	0.000000E+0	0.000000E+0	0.000000E+0	0.000000E+0
55.0    	145     	1.118215E-1 	2.082588E-4	1.58E+0    	55.00     	5483.75	24.3 	35.4 	0.000000E+0	0.000000E+0	0.000000E+0	0.000000E+0	0.000000E+0	0.000000E+0	0.000000E+0	0.000000E+0
55.0    	146     	3.715522E-2 	5.950927E-5	1.77E+0    	55.00     	5485.69	24.2 	35.4 	0.000000E+0	0.000000E+0	0.000000E+0	0.000000E+0	0.000000E+0	0.000000E+0	0.000000E+0	0.000000E+0
55.0    	147     	3.589175E-2 	7.468996E-5	1.28E+0    	55.00     	5487.62	24.3 	35.4 	0.000000E+0	0.000000E+0	0.000000E+0	0.000000E+0	0.000000E+0	0.000000E+0	0.000000E+0	0.000000E+0
55.0    	148     	3.729546E-2 	3.388942E-5	1.59E+0    	55.00     	5489.55	24.3 	35.4 	0.000000E+0	0.000000E+0	0.000000E+0	0.000000E+0	0.000000E+0	0.000000E+0	0.000000E+0	0.000000E+0
55.0    	149     	3.532160E-2 	1.278205E-4	1.63E+0    	55.00     	5491.48	24.3 	35.4 	0.000000E+0	0.000000E+0	0.000000E+0	0.000000E+0	0.000000E+0	0.000000E+0	0.000000E+0	0.000000E+0
55.0    	150     	1.381958E-1 	1.214546E-4	1.40E+0    	55.00     	5493.42	24.3 	35.4 	0.000000E+0	0.000000E+0	0.000000E+0	0.000000E+0	0.000000E+0	0.000000E+0	0.000000E+0	0.000000E+0
55.0    	151     	3.520067E-2 	2.821093E-5	1.65E+0    	55.00     	5495.36	24.3 	35.4 	0.000000E+0	0.000000E+0	0.000000E+0	0.000000E+0	0.000000E+0	0.000000E+0	0.000000E+0	0.000000E+0
55.0    	152     	3.481602E-2 	9.330320E-5	1.72E+0    	55.00     	5497.28	24.3 	35.4 	0.000000E+0	0.000000E+0	0.000000E+0	0.000000E+0	0.000000E+0	0.000000E+0	0.000000E+0	0.000000E+0
55.0    	153     	3.477233E-2 	1.738683E-4	1.54E+0    	55.00     	5499.20	24.3 	35.4 	0.000000E+0	0.000000E+0	0.000000E+0	0.000000E+0	0.000000E+0	0.000000E+0	0.000000E+0	0.000000E+0
55.0    	154     	3.472800E-2 	6.189532E-5	1.83E+0    	55.00     	5501.12	24.3 	35.4 	0.000000E+0	0.000000E+0	0.000000E+0	0.000000E+0	0.000000E+0	0.000000E+0	0.000000E+0	0.000000E+0
55.0    	155     	1.173115E-1 	2.887517E-4	1.86E+0    	55.00     	5503.06	24.3 	35.4 	0.000000E+0	0.000000E+0	0.000000E+0	0.000000E+0	0.000000E+0	0.000000E+0	0.000000E+0	0.000000E+0
55.0    	156     	3.199056E-2 	1.450441E-4	1.88E+0    	55.00     	5504.99	24.3 	35.4 	0.000000E+0	0.000000E+0	0.000000E+0	0.000000E+0	0.000000E+0	0.000000E+0	0.000000E+0	0.000000E+0
55.0    	157     	3.198486E-2 	1.188375E-4	1.40E+0    	55.00     	5506.93	24.3 	35.4 	0.000000E+0	0.000000E+0	0.000000E+0	0.000000E+0	0.000000E+0	0.000000E+0	0.000000E+0	0.000000E+0
55.0    	158     	3.169296E-2 	1.975404E-5	1.72E+0    	55.00     	5508.86	24.3 	35.4 	0.000000E+0	0.000000E+0	0.000000E+0	0.000000E+0	0.000000E+0	0.000000E+0	0.000000E+0	0.000000E+0
55.0    	159     	4.927985E-2 	2.108428E-4	1.84E+0    	55.00     	5510.80	24.3 	35.4 	0.000000E+0	0.000000E+0	0.000000E+0	0.000000E+0	0.000000E+0	0.000000E+0	0.000000E+0	0.000000E+0
55.0    	160     	1.084138E-1 	1.771566E-4	1.56E+0    	55.00     	5512.72	24.3 	35.4 	0.000000E+0	0.000000E+0	0.000000E+0	0.000000E+0	0.000000E+0	0.000000E+0	0.000000E+0	0.000000E+0
55.0    	161     	1.132986E-1 	1.306638E-4	1.72E+0    	55.00     	5514.64	24.3 	35.4 	0.000000E+0	0.000000E+0	0.000000E+0	0.000000E+0	0.000000E+0	0.000000E+0	0.000000E+0	0.000000E+0
55.0    	162     	3.866814E-2 	5.482359E-5	1.30E+0    	55.00     	5516.56	24.3 	35.4 	0.000000E+0	0.000000E+0	0.000000E+0	0.000000E+0	0.000000E+0	0.000000E+0	0.000000E+0	0.000000E+0
55.0    	163     	4.941913E-2 	1.064569E-4	1.48E+0    	55.00     	5518.48	24.3 	35.4 	0.000000E+0	0.000000E+0	0.000000E+0	0.000000E+0	0.000000E+0	0.000000E+0	0.000000E+0	0.000000E+0
55.0    	164     	1.410694E-3 	1.533488E-4	1.55E+0    	55.00     	5520.40	24.3 	35.4 	0.000000E+0	0.000000E+0	0.000000E+0	0.000000E+0	0.000000E+0	0.000000E+0	0.000000E+0	0.000000E+0
55.0    	165     	3.848833E-2 	1.513307E-4	1.82E+0    	55.00     	5522.34	24.3 	35.4 	0.000000E+0	0.000000E+0	0.000000E+0	0.000000E+0	0.000000E+0	0.000000E+0	0.000000E+0	0.000000E+0
55.0    	166     	3.720428E-2 	8.759381E-5	1.32E+0    	55.00     	5524.27	24.3 	35.4 	0.000000E+0	0.000000E+0	0.000000E+0	0.000000E+0	0.000000E+0	0.000000E+0	0.000000E+0	0.000000E+0
55.0    	167     	3.600602E-2 	5.713917E-5	1.58E+0    	55.00     	5526.21	24.3 	35.4 	0.000000E+0	0.000000E+0	0.000000E+0	0.000000E+0	0.000000E+0	0.000000E+0	0.000000E+0	0.000000E+0
55.0    	168     	5.444261E-2 	1.000816E-4	1.55E+0    	55.00     	5528.14	24.3 	35.4 	0.000000E+0	0.000000E+0	0.000000E+0	0.000000E+0	0.000000E+0	0.000000E+0	0.000000E+0	0.000000E+0
55.0    	169     	3.364152E-2 	1.572507E-4	1.79E+0    	55.00     	5530.06	24.3 	35.4 	0.000000E+0	0.000000E+0	0.000000E+0	0.000000E+0	0.000000E+0	0.000000E+0	0.000000E+0	0.000000E+0
55.0    	170     	3.290040E-2 	1.502600E-4	1.49E+0    	55.00     	5531.98	24.3 	35.4 	0.000000E+0	0.000000E+0	0.000000E+0	0.000000E+0	0.000000E+0	0.000000E+0	0.000000E+0	0.000000E+0
55.0    	171     	8.693935E-2 	1.252507E-4	1.69E+0    	55.00     	5533.90	24.3 	35.4 	0.000000E+0	0.000000E+0	0.000000E+0	0.000000E+0	0.000000E+0	0.000000E+0	0.000000E+0	0.000000E+0
55.0    	172     	3.112504E-2 	6.933439E-5	1.43E+0    	55.00     	5535.82	24.3 	35.4 	0.000000E+0	0.000000E+0	0.000000E+0	0.000000E+0	0.000000E+0	0.000000E+0	0.000000E+0	0.000000E+0
55.0    	173     	3.098511E-2 	3.233261E-4	1.42E+0    	55.00     	5537.76	24.3 	35.4 	0.000000E+0	0.000000E+0	0.000000E+0	0.000000E+0	0.000000E+0	0.000000E+0	0.000000E+0	0.000000E+0
55.0    	174     	3.101644E-2 	5.187206E-5	1.89E+0    	55.00     	5539.69	24.3 	35.4 	0.000000E+0	0.000000E+0	0.000000E+0	0.000000E+0	0.000000E+0	0.000000E+0	0.000000E+0	0.000000E+0
55.0    	175     	7.032372E-2 	7.144230E-5	1.71E+0    	55.00     	5541.63	24.3 	35.4 	0.000000E+0	0.000000E+0	0.000000E+0	0.000000E+0	0.000000E+0	0.000000E+0	0.000000E+0	0.000000E+0
55.0    	176     	1.096396E-1 	1.720944E-4	1.38E+0    	55.00     	5543.55	24.3 	35.4 	0.000000E+0	0.000000E+0	0.000000E+0	0.000000E+0	0.000000E+0	0.000000E+0	0.000000E+0	0.000000E+0
55.0    	177     	1.538418E-1 	1.788718E-4	1.65E+0    	55.00     	5545.47	24.3 	35.4 	0.000000E+0	0.000000E+0	0.000000E+0	0.000000E+0	0.000000E+0	0.000000E+0	0.000000E+0	0.000000E+0
55.0    	178     	4.019847E-2 	1.717169E-4	1.52E+0    	55.00     	5547.39	24.3 	35.4 	0.000000E+0	0.000000E+0	0.000000E+0	0.000000E+0	0.000000E+0	0.000000E+0	0.000000E+0	0.000000E+0
55.0    	179     	4.235218E-2 	8.888183E-5	1.91E+0    	55.00     	5549.31	24.3 	35.4 	0.000000E+0	0.000000E+0	0.000000E+0	0.000000E+0	0.000000E+0	0.000000E+0	0.000000E+0	0.000000E+0
55.0    	180     	5.048286E-2 	1.754212E-4	1.50E+0    	55.00     	5551.25	24.3 	35.4 	0.000000E+0	0.000000E+0	0.000000E+0	0.000000E+0	0.000000E+0	0.000000E+0	0.000000E+0	0.000000E+0
55.0    	181     	3.893279E-2 	5.286772E-5	1.77E+0    	55.00     	5553.17	24.3 	35.4 	0.000000E+0	0.000000E+0	0.000000E+0	0.000000E+0	0.000000E+0	0.000000E+0	0.000000E+0	0.000000E+0
55.0    	182     	3.814136E-2 	1.227118E-4	1.67E+0    	55.00     	5555.11	24.3 	35.4 	0.000000E+0	0.000000E+0	0.000000E+0	0.000000E+0	0.000000E+0	0.000000E+0	0.000000E+0	0.000000E+0
55.0    	183     	3.693583E-2 	1.443187E-4	1.52E+0    	55.00     	5557.05	24.3 	35.4 	0.000000E+0	0.000000E+0	0.000000E+0	0.000000E+0	0.000000E+0	0.000000E+0	0.000000E+0	0.000000E+0
55.0    	184     	3.476030E-2 	4.518787E-5	1.61E+0    	55.00     	5558.98	24.3 	35.4 	0.000000E+0	0.000000E+0	0.000000E+0	0.000000E+0	0.000000E+0	0.000000E+0	0.000000E+0	0.000000E+0
55.0    	185     	9.510045E-2 	1.558051E-4	1.41E+0    	55.00     	5560.91	24.3 	35.4 	0.000000E+0	0.000000E+0	0.000000E+0	0.000000E+0	0.000000E+0	0.000000E+0	0.000000E+0	0.000000E+0
55.0    	186     	3.159106E-2 	1.254859E-4	1.81E+0    	55.00     	5562.83	24.3 	35.4 	0.000000E+0	0.000000E+0	0.000000E+0	0.000000E+0	0.000000E+0	0.000000E+0	0.000000E+0	0.000000E+0
55.0    	187     	4.654648E-2 	2.779318E-5	1.44E+0    	55.00     	5564.76	24.3 	35.4 	0.000000E+0	0.000000E+0	0.000000E+0	0.000000E+0	0.000000E+0	0.000000E+0	0.000000E+0	0.000000E+0
55.0    	188     	3.120195E-2 	1.111736E-4	1.74E+0    	55.00     	5566.69	24.3 	35.4 	0.000000E+0	0.000000E+0	0.000000E+0	0.000000E+0	0.000000E+0	0.000000E+0	0.000000E+0	0.000000E+0
55.0    	189     	3.021646E-2 	4.845229E-5	1.43E+0    	55.00     	5568.61	24.3 	35.4 	0.000000E+0	0.000000E+0	0.000000E+0	0.000000E+0	0.000000E+0	0.000000E+0	0.000000E+0	0.000000E+0
55.0    	190     	3.022437E-2 	1.684536E-4	1.69E+0    	55.00     	5570.53	24.3 	35.4 	0.000000E+0	0.000000E+0	0.000000E+0	0.000000E+0	0.000000E+0	0.000000E+0	0.000000E+0	0.000000E+0
55.0    	191     	3.770543E-2 	4.731163E-5	1.33E+0    	55.00     	5572.45	24.3 	35.4 	0.000000E+0	0.000000E+0	0.000000E+0	0.000000E+0	0.000000E+0	0.000000E+0	0.000000E+0	0.000000E+0
55.0    	192     	1.054272E-1 	1.112547E-4	1.48E+0    	55.00     	5574.39	24.3 	35.4 	0.000000E+0	0.000000E+0	0.000000E+0	0.000000E+0	0.000000E+0	0.000000E+0	0.000000E+0	0.000000E+0
55.0    	193     	1.133676E-1 	4.642589E-5	1.73E+0    	55.00     	5576.31	24.3 	35.4 	0.000000E+0	0.000000E+0	0.000000E+0	0.000000E+0	0.000000E+0	0.000000E+0	0.000000E+0	0.000000E+0
55.0    	194     	6.925147E-2 	2.247703E-4	1.38E+0    	55.00     	5578.23	24.3 	35.4 	0.000000E+0	0.000000E+0	0.000000E+0	0.000000E+0	0.000000E+0	0.000000E+0	0.000000E+0	0.000000E+0
55.0    	195     	4.016873E-2 	7.846136E-5	1.92E+0    	55.00     	5580.17	24.3 	35.4 	0.000000E+0	0.000000E+0	0.000000E+0	0.000000E+0	0.000000E+0	0.000000E+0	0.000000E+0	0.000000E+0
55.0    	196     	3.913067E-2 	1.248395E-4	1.86E+0    	55.00     	5582.09	24.3 	35.4 	0.000000E+0	0.000000E+0	0.000000E+0	0.000000E+0	0.000000E+0	0.000000E+0	0.000000E+0	0.000000E+0
55.0    	197     	3.839083E-2 	8.584173E-5	1.52E+0    	55.00     	5584.02	24.3 	35.4 	0.000000E+0	0.000000E+0	0.000000E+0	0.000000E+0	0.000000E+0	0.000000E+0	0.000000E+0	0.000000E+0
55.0    	198     	5.012668E-2 	9.798963E-5	1.50E+0    	55.00     	5585.96	24.3 	35.4 	0.000000E+0	0.000000E+0	0.000000E+0	0.000000E+0	0.000000E+0	0.000000E+0	0.000000E+0	0.000000E+0
55.0    	199     	3.651288E-2 	9.061422E-5	1.84E+0    	55.00     	5587.88	24.3 	35.4 	0.000000E+0	0.000000E+0	0.000000E+0	0.000000E+0	0.000000E+0	0.000000E+0	0.000000E+0	0.000000E+0
55.0    	200     	3.417494E-2 	1.075393E-4	1.28E+0    	55.00     	5589.82	24.3 	35.4 	0.000000E+0	0.000000E+0	0.000000E+0	0.000000E+0	0.000000E+0	0.000000E+0	0.000000E+0	0.000000E+0
55.0    	201     	1.000989E-1 	2.090728E-4	1.48E+0    	55.00     	5591.76	24.3 	35.4 	0.000000E+0	0.000000E+0	0.000000E+0	0.000000E+0	0.000000E+0	0.000000E+0	0.000000E+0	0.000000E+0
55.0    	202     	5.351660E-2 	7.544737E-5	1.39E+0    	55.00     	5593.67	24.3 	35.4 	0.000000E+0	0.000000E+0	0.000000E+0	0.000000E+0	0.000000E+0	0.000000E+0	0.000000E+0	0.000000E+0
55.0    	203     	3.132321E-2 	5.983474E-5	1.37E+0    	55.00     	5595.61	24.3 	35.4 	0.000000E+0	0.000000E+0	0.000000E+0	0.000000E+0	0.000000E+0	0.000000E+0	0.000000E+0	0.000000E+0
55.0    	204     	3.014776E-2 	2.531702E-4	1.57E+0    	55.00     	5597.54	24.3 	35.4 	0.000000E+0	0.000000E+0	0.000000E+0	0.000000E+0	0.000000E+0	0.000000E+0	0.000000E+0	0.000000E+0
55.0    	205     	2.984289E-2 	2.020181E-4	1.60E+0    	55.00     	5599.46	24.3 	35.4 	0.000000E+0	0.000000E+0	0.000000E+0	0.000000E+0	0.000000E+0	0.000000E+0	0.000000E+0	0.000000E+0
55.0    	206     	2.988499E-2 	6.748725E-5	1.72E+0    	55.00     	5601.40	24.3 	35.4 	0.000000E+0	0.000000E+0	0.000000E+0	0.000000E+0	0.000000E+0	0.000000E+0	0.000000E+0	0.000000E+0
55.0    	207     	3.159421E-2 	7.475176E-5	1.87E+0    	55.00     	5603.33	24.3 	35.4 	0.000000E+0	0.000000E+0	0.000000E+0	0.000000E+0	0.000000E+0	0.000000E+0	0.000000E+0	0.000000E+0
55.0    	208     	1.123783E-1 	6.032117E-5	1.77E+0    	55.00     	5605.25	24.3 	35.4 	0.000000E+0	0.000000E+0	0.000000E+0	0.000000E+0	0.000000E+0	0.000000E+0	0.000000E+0	0.000000E+0
55.0    	209     	1.162061E-1 	1.285752E-4	1.55E+0    	55.00     	5607.20	24.3 	35.4 	0.000000E+0	0.000000E+0	0.000000E+0	0.000000E+0	0.000000E+0	0.000000E+0	0.000000E+0	0.000000E+0
55.0    	210     	4.228760E-2 	8.375391E-5	1.95E+0    	55.00     	5609.13	24.3 	35.4 	0.000000E+0	0.000000E+0	0.000000E+0	0.000000E+0	0.000000E+0	0.000000E+0	0.000000E+0	0.000000E+0
55.0    	211     	4.051190E-2 	1.149044E-4	1.56E+0    	55.00     	5611.06	24.3 	35.4 	0.000000E+0	0.000000E+0	0.000000E+0	0.000000E+0	0.000000E+0	0.000000E+0	0.000000E+0	0.000000E+0
55.0    	212     	1.051381E-1 	1.494099E-4	1.54E+0    	55.00     	5612.98	24.3 	35.4 	0.000000E+0	0.000000E+0	0.000000E+0	0.000000E+0	0.000000E+0	0.000000E+0	0.000000E+0	0.000000E+0
55.0    	213     	3.769941E-2 	8.955111E-5	1.43E+0    	55.00     	5614.91	24.3 	35.4 	0.000000E+0	0.000000E+0	0.000000E+0	0.000000E+0	0.000000E+0	0.000000E+0	0.000000E+0	0.000000E+0
55.0    	214     	3.651890E-2 	7.440660E-5	1.48E+0    	55.00     	5616.84	24.3 	35.4 	0.000000E+0	0.000000E+0	0.000000E+0	0.000000E+0	0.000000E+0	0.000000E+0	0.000000E+0	0.000000E+0
55.0    	215     	3.510000E-2 	2.572365E-4	1.45E+0    	55.00     	5618.77	24.3 	35.4 	0.000000E+0	0.000000E+0	0.000000E+0	0.000000E+0	0.000000E+0	0.000000E+0	0.000000E+0	0.000000E+0
55.0    	216     	3.311410E-2 	5.320816E-5	1.39E+0    	55.00     	5620.70	24.3 	35.4 	0.000000E+0	0.000000E+0	0.000000E+0	0.000000E+0	0.000000E+0	0.000000E+0	0.000000E+0	0.000000E+0
55.0    	217     	3.199056E-2 	1.816101E-4	1.33E+0    	55.00     	5622.64	24.3 	35.4 	0.000000E+0	0.000000E+0	0.000000E+0	0.000000E+0	0.000000E+0	0.000000E+0	0.000000E+0	0.000000E+0
55.0    	218     	3.068023E-2 	1.485727E-4	1.53E+0    	55.00     	5624.57	24.3 	35.4 	0.000000E+0	0.000000E+0	0.000000E+0	0.000000E+0	0.000000E+0	0.000000E+0	0.000000E+0	0.000000E+0
55.0    	219     	2.975362E-2 	2.045431E-4	1.80E+0    	55.00     	5626.50	24.3 	35.4 	0.000000E+0	0.000000E+0	0.000000E+0	0.000000E+0	0.000000E+0	0.000000E+0	0.000000E+0	0.000000E+0
55.0    	220     	2.930976E-2 	1.625383E-4	1.68E+0    	55.00     	5628.42	24.3 	35.4 	0.000000E+0	0.000000E+0	0.000000E+0	0.000000E+0	0.000000E+0	0.000000E+0	0.000000E+0	0.000000E+0
55.0    	221     	5.021534E-2 	8.723835E-5	1.58E+0    	55.00     	5630.35	24.3 	35.4 	0.000000E+0	0.000000E+0	0.000000E+0	0.000000E+0	0.000000E+0	0.000000E+0	0.000000E+0	0.000000E+0
55.0    	222     	3.027503E-2 	6.844020E-5	1.94E+0    	55.00     	5632.30	24.3 	35.4 	0.000000E+0	0.000000E+0	0.000000E+0	0.000000E+0	0.000000E+0	0.000000E+0	0.000000E+0	0.000000E+0
55.0    	223     	3.318468E-2 	7.267498E-5	1.75E+0    	55.00     	5634.23	24.3 	35.4 	0.000000E+0	0.000000E+0	0.000000E+0	0.000000E+0	0.000000E+0	0.000000E+0	0.000000E+0	0.000000E+0
55.0    	224     	1.161500E-1 	1.267412E-4	1.33E+0    	55.00     	5636.18	24.3 	35.4 	0.000000E+0	0.000000E+0	0.000000E+0	0.000000E+0	0.000000E+0	0.000000E+0	0.000000E+0	0.000000E+0
55.0    	225     	1.264227E-1 	7.145749E-5	1.57E+0    	55.00     	5638.11	24.3 	35.4 	0.000000E+0	0.000000E+0	0.000000E+0	0.000000E+0	0.000000E+0	0.000000E+0	0.000000E+0	0.000000E+0
55.0    	226     	4.297297E-2 	3.420363E-5	1.51E+0    	55.00     	5640.03	24.3 	35.4 	0.000000E+0	0.000000E+0	0.000000E+0	0.000000E+0	0.000000E+0	0.000000E+0	0.000000E+0	0.000000E+0
55.0    	227     	4.075378E-2 	1.213613E-4	1.57E+0    	55.00     	5641.97	24.3 	35.4 	0.000000E+0	0.000000E+0	0.000000E+0	0.000000E+0	0.000000E+0	0.000000E+0	0.000000E+0	0.000000E+0
55.0    	228     	3.836962E-2 	1.473870E-4	1.54E+0    	55.00     	5643.91	24.3 	35.4 	0.000000E+0	0.000000E+0	0.000000E+0	0.000000E+0	0.000000E+0	0.000000E+0	0.000000E+0	0.000000E+0
55.0    	229     	5.523939E-2 	2.051358E-4	1.38E+0    	55.00     	5645.85	24.3 	35.4 	0.000000E+0	0.000000E+0	0.000000E+0	0.000000E+0	0.000000E+0	0.000000E+0	0.000000E+0	0.000000E+0
55.0    	230     	4.827376E-2 	2.681478E-4	1.75E+0    	55.00     	5647.78	24.3 	35.4 	0.000000E+0	0.000000E+0	0.000000E+0	0.000000E+0	0.000000E+0	0.000000E+0	0.000000E+0	0.000000E+0
55.0    	231     	3.401253E-2 	2.456613E-4	1.56E+0    	55.00     	5649.70	24.3 	35.4 	0.000000E+0	0.000000E+0	0.000000E+0	0.000000E+0	0.000000E+0	0.000000E+0	0.000000E+0	0.000000E+0
55.0    	232     	3.299348E-2 	1.159955E-4	1.60E+0    	55.00     	5651.64	24.3 	35.4 	0.000000E+0	0.000000E+0	0.000000E+0	0.000000E+0	0.000000E+0	0.000000E+0	0.000000E+0	0.000000E+0
55.0    	233     	3.178890E-2 	1.057046E-4	1.68E+0    	55.00     	5653.58	24.3 	35.4 	0.000000E+0	0.000000E+0	0.000000E+0	0.000000E+0	0.000000E+0	0.000000E+0	0.000000E+0	0.000000E+0
55.0    	234     	4.038305E-2 	5.420480E-5	1.45E+0    	55.00     	5655.51	24.3 	35.4 	0.000000E+0	0.000000E+0	0.000000E+0	0.000000E+0	0.000000E+0	0.000000E+0	0.000000E+0	0.000000E+0
55.0    	235     	2.976374E-2 	9.198423E-5	1.54E+0    	55.00     	5657.44	24.3 	35.4 	0.000000E+0	0.000000E+0	0.000000E+0	0.000000E+0	0.000000E+0	0.000000E+0	0.000000E+0	0.000000E+0
55.0    	236     	2.994768E-2 	1.435912E-4	1.45E+0    	55.00     	5659.37	24.3 	35.4 	0.000000E+0	0.000000E+0	0.000000E+0	0.000000E+0	0.000000E+0	0.000000E+0	0.000000E+0	0.000000E+0
55.0    	237     	2.992457E-2 	7.984297E-5	1.48E+0    	55.00     	5661.30	24.3 	35.4 	0.000000E+0	0.000000E+0	0.000000E+0	0.000000E+0	0.000000E+0	0.000000E+0	0.000000E+0	0.000000E+0
55.0    	238     	1.050612E-1 	3.785041E-5	1.65E+0    	55.00     	5663.22	24.3 	35.4 	0.000000E+0	0.000000E+0	0.000000E+0	0.000000E+0	0.000000E+0	0.000000E+0	0.000000E+0	0.000000E+0
55.0    	239     	4.720908E-2 	1.472973E-4	1.55E+0    	55.00     	5665.15	24.3 	35.4 	0.000000E+0	0.000000E+0	0.000000E+0	0.000000E+0	0.000000E+0	0.000000E+0	0.000000E+0	0.000000E+0
55.0    	240     	1.354116E-1 	8.587586E-5	1.64E+0    	55.00     	5667.08	24.3 	35.4 	0.000000E+0	0.000000E+0	0.000000E+0	0.000000E+0	0.000000E+0	0.000000E+0	0.000000E+0	0.000000E+0
55.0    	241     	2.239638E-1 	1.461741E-4	1.67E+0    	55.00     	5669.00	24.3 	35.4 	0.000000E+0	0.000000E+0	0.000000E+0	0.000000E+0	0.000000E+0	0.000000E+0	0.000000E+0	0.000000E+0
55.0    	242     	1.200867E-1 	9.528884E-5	1.52E+0    	55.00     	5670.94	24.3 	35.4 	0.000000E+0	0.000000E+0	0.000000E+0	0.000000E+0	0.000000E+0	0.000000E+0	0.000000E+0	0.000000E+0
55.0    	243     	1.122615E-1 	1.326744E-4	1.75E+0    	55.00     	5672.87	24.3 	35.4 	0.000000E+0	0.000000E+0	0.000000E+0	0.000000E+0	0.000000E+0	0.000000E+0	0.000000E+0	0.000000E+0
55.0    	244     	1.082286E-1 	5.654052E-5	1.63E+0    	55.00     	5674.80	24.3 	35.4 	0.000000E+0	0.000000E+0	0.000000E+0	0.000000E+0	0.000000E+0	0.000000E+0	0.000000E+0	0.000000E+0
55.0    	245     	1.057308E-1 	7.264296E-5	1.55E+0    	55.00     	5676.72	24.3 	35.4 	0.000000E+0	0.000000E+0	0.000000E+0	0.000000E+0	0.000000E+0	0.000000E+0	0.000000E+0	0.000000E+0
55.0    	246     	1.029044E-1 	1.589664E-4	1.79E+0    	55.00     	5678.64	24.3 	35.4 	0.000000E+0	0.000000E+0	0.000000E+0	0.000000E+0	0.000000E+0	0.000000E+0	0.000000E+0	0.000000E+0
55.0    	247     	1.017387E-1 	4.298166E-5	1.43E+0    	55.00     	5680.56	24.3 	35.4 	0.000000E+0	0.000000E+0	0.000000E+0	0.000000E+0	0.000000E+0	0.000000E+0	0.000000E+0	0.000000E+0
55.0    	248     	1.311127E-1 	8.543175E-5	1.65E+0    	55.00     	5682.49	24.3 	35.4 	0.000000E+0	0.000000E+0	0.000000E+0	0.000000E+0	0.000000E+0	0.000000E+0	0.000000E+0	0.000000E+0
55.0    	249     	1.624657E-1 	3.807261E-5	1.47E+0    	55.00     	5684.41	24.3 	35.4 	0.000000E+0	0.000000E+0	0.000000E+0	0.000000E+0	0.000000E+0	0.000000E+0	0.000000E+0	0.000000E+0
55.0    	250     	9.908613E-2 	8.633221E-5	1.82E+0    	55.00     	5686.33	24.3 	35.4 	0.000000E+0	0.000000E+0	0.000000E+0	0.000000E+0	0.000000E+0	0.000000E+0	0.000000E+0	0.000000E+0
55.0    	251     	9.780683E-2 	1.807396E-4	1.62E+0    	55.00     	5688.27	24.3 	35.4 	0.000000E+0	0.000000E+0	0.000000E+0	0.000000E+0	0.000000E+0	0.000000E+0	0.000000E+0	0.000000E+0
55.0    	252     	1.118287E-1 	1.482418E-4	1.43E+0    	55.00     	5690.19	24.3 	35.4 	0.000000E+0	0.000000E+0	0.000000E+0	0.000000E+0	0.000000E+0	0.000000E+0	0.000000E+0	0.000000E+0
55.0    	253     	1.243827E-1 	1.056908E-4	1.65E+0    	55.00     	5692.11	24.3 	35.4 	0.000000E+0	0.000000E+0	0.000000E+0	0.000000E+0	0.000000E+0	0.000000E+0	0.000000E+0	0.000000E+0
55.0    	254     	3.068455E-1 	1.701462E-4	1.42E+0    	55.00     	5694.05	24.3 	35.4 	0.000000E+0	0.000000E+0	0.000000E+0	0.000000E+0	0.000000E+0	0.000000E+0	0.000000E+0	0.000000E+0
55.0    	255     	1.260814E-1 	1.438536E-4	1.65E+0    	55.00     	5695.97	24.3 	35.4 	0.000000E+0	0.000000E+0	0.000000E+0	0.000000E+0	0.000000E+0	0.000000E+0	0.000000E+0	0.000000E+0
55.0    	256     	2.693948E-1 	1.122137E-4	1.56E+0    	55.00     	5697.91	24.3 	35.4 	0.000000E+0	0.000000E+0	0.000000E+0	0.000000E+0	0.000000E+0	0.000000E+0	0.000000E+0	0.000000E+0
55.0    	257     	1.896325E-3 	2.834129E-4	1.24E+0    	55.00     	5699.85	24.3 	35.4 	0.000000E+0	0.000000E+0	0.000000E+0	0.000000E+0	0.000000E+0	0.000000E+0	0.000000E+0	0.000000E+0
55.0    	258     	1.618686E-3 	1.777583E-4	1.67E+0    	55.00     	5701.77	24.3 	35.4 	0.000000E+0	0.000000E+0	0.000000E+0	0.000000E+0	0.000000E+0	0.000000E+0	0.000000E+0	0.000000E+0
55.0    	259     	1.481608E-3 	1.064609E-4	1.39E+0    	55.00     	5703.70	24.3 	35.4 	0.000000E+0	0.000000E+0	0.000000E+0	0.000000E+0	0.000000E+0	0.000000E+0	0.000000E+0	0.000000E+0
55.0    	260     	1.564551E-3 	1.223540E-4	1.75E+0    	55.00     	5705.64	24.3 	35.4 	0.000000E+0	0.000000E+0	0.000000E+0	0.000000E+0	0.000000E+0	0.000000E+0	0.000000E+0	0.000000E+0
55.0    	261     	1.834909E-3 	1.457678E-4	1.50E+0    	55.00     	5707.57	24.3 	35.4 	0.000000E+0	0.000000E+0	0.000000E+0	0.000000E+0	0.000000E+0	0.000000E+0	0.000000E+0	0.000000E+0
55.0    	262     	1.571832E-3 	1.039183E-4	1.68E+0    	55.00     	5709.50	24.3 	35.4 	0.000000E+0	0.000000E+0	0.000000E+0	0.000000E+0	0.000000E+0	0.000000E+0	0.000000E+0	0.000000E+0
55.0    	263     	1.086201E-3 	1.266477E-4	1.42E+0    	55.00     	5711.43	24.3 	35.4 	0.000000E+0	0.000000E+0	0.000000E+0	0.000000E+0	0.000000E+0	0.000000E+0	0.000000E+0	0.000000E+0
55.0    	264     	-1.962494E-3	1.700511E-4	1.32E+0    	55.00     	5713.37	24.3 	35.4 	0.000000E+0	0.000000E+0	0.000000E+0	0.000000E+0	0.000000E+0	0.000000E+0	0.000000E+0	0.000000E+0
60.0    	1       	2.383624E-1 	2.161251E-4	3.09E+1    	60.01     	5730.21	24.3 	35.4 	0.000000E+0	0.000000E+0	0.000000E+0	0.000000E+0	0.000000E+0	0.000000E+0	0.000000E+0	0.000000E+0
60.0    	2       	2.042983E-1 	5.239087E-5	1.11E+1    	60.00     	5731.99	24.3 	35.4 	0.000000E+0	0.000000E+0	0.000000E+0	0.000000E+0	0.000000E+0	0.000000E+0	0.000000E+0	0.000000E+0
60.0    	3       	1.912787E-3 	3.806455E-5	1.25E+1    	60.00     	5733.93	24.3 	35.4 	0.000000E+0	0.000000E+0	0.000000E+0	0.000000E+0	0.000000E+0	0.000000E+0	0.000000E+0	0.000000E+0
60.0    	4       	1.460863E-1 	2.102969E-4	2.97E+0    	60.00     	5735.85	24.3 	35.4 	0.000000E+0	0.000000E+0	0.000000E+0	0.000000E+0	0.000000E+0	0.000000E+0	0.000000E+0	0.000000E+0
60.0    	5       	1.282328E-1 	1.117741E-4	1.78E+0    	60.00     	5737.93	24.3 	35.4 	0.000000E+0	0.000000E+0	0.000000E+0	0.000000E+0	0.000000E+0	0.000000E+0	0.000000E+0	0.000000E+0
60.0    	6       	1.264151E-1 	1.978012E-4	1.58E+0    	60.00     	5739.85	24.3 	35.4 	0.000000E+0	0.000000E+0	0.000000E+0	0.000000E+0	0.000000E+0	0.000000E+0	0.000000E+0	0.000000E+0
60.0    	7       	1.236124E-1 	1.482396E-4	1.75E+0    	60.00     	5741.77	24.3 	35.4 	0.000000E+0	0.000000E+0	0.000000E+0	0.000000E+0	0.000000E+0	0.000000E+0	0.000000E+0	0.000000E+0
60.0    	8       	1.201294E-1 	6.529336E-5	1.52E+0    	60.00     	5743.71	24.3 	35.4 	0.000000E+0	0.000000E+0	0.000000E+0	0.000000E+0	0.000000E+0	0.000000E+0	0.000000E+0	0.000000E+0
60.0    	9       	1.370872E-1 	1.118678E-2	1.57E+0    	60.00     	5745.63	24.3 	35.4 	0.000000E+0	0.000000E+0	0.000000E+0	0.000000E+0	0.000000E+0	0.000000E+0	0.000000E+0	0.000000E+0
60.0    	10      	1.208664E-1 	4.097771E-3	1.32E+0    	60.00     	5747.55	24.3 	35.4 	0.000000E+0	0.000000E+0	0.000000E+0	0.000000E+0	0.000000E+0	0.000000E+0	0.000000E+0	0.000000E+0
60.0    	11      	1.189980E-1 	1.566938E-4	1.61E+0    	60.00     	5749.48	24.3 	35.4 	0.000000E+0	0.000000E+0	0.000000E+0	0.000000E+0	0.000000E+0	0.000000E+0	0.000000E+0	0.000000E+0
60.0    	12      	1.175261E-1 	8.661364E-5	1.49E+0    	60.00     	5751.41	24.3 	35.4 	0.000000E+0	0.000000E+0	0.000000E+0	0.000000E+0	0.000000E+0	0.000000E+0	0.000000E+0	0.000000E+0
60.0    	13      	1.213989E-1 	5.158627E-5	1.58E+0    	60.00     	5753.33	24.3 	35.4 	0.000000E+0	0.000000E+0	0.000000E+0	0.000000E+0	0.000000E+0	0.000000E+0	0.000000E+0	0.000000E+0
60.0    	14      	1.247201E-1 	1.811782E-4	1.59E+0    	60.00     	5755.25	24.3 	35.4 	0.000000E+0	0.000000E+0	0.000000E+0	0.000000E+0	0.000000E+0	0.000000E+0	0.000000E+0	0.000000E+0
60.0    	15      	1.325348E-1 	2.535948E-5	1.43E+0    	60.00     	5757.17	24.3 	35.4 	0.000000E+0	0.000000E+0	0.000000E+0	0.000000E+0	0.000000E+0	0.000000E+0	0.000000E+0	0.000000E+0
60.0    	16      	2.274538E-1 	8.448225E-5	1.53E+0    	60.00     	5759.09	24.3 	35.4 	0.000000E+0	0.000000E+0	0.000000E+0	0.000000E+0	0.000000E+0	0.000000E+0	0.000000E+0	0.000000E+0
60.0    	17      	1.264128E-1 	2.055896E-4	1.65E+0    	60.00     	5761.03	24.3 	35.4 	0.000000E+0	0.000000E+0	0.000000E+0	0.000000E+0	0.000000E+0	0.000000E+0	0.000000E+0	0.000000E+0
60.0    	18      	4.619890E-2 	2.081024E-4	1.51E+0    	60.00     	5762.95	24.3 	35.4 	0.000000E+0	0.000000E+0	0.000000E+0	0.000000E+0	0.000000E+0	0.000000E+0	0.000000E+0	0.000000E+0
60.0    	19      	8.258605E-2 	1.706946E-4	1.90E+0    	60.00     	5764.87	24.3 	35.4 	0.000000E+0	0.000000E+0	0.000000E+0	0.000000E+0	0.000000E+0	0.000000E+0	0.000000E+0	0.000000E+0
60.0    	20      	4.316638E-2 	6.006231E-5	1.67E+0    	60.00     	5766.79	24.3 	35.4 	0.000000E+0	0.000000E+0	0.000000E+0	0.000000E+0	0.000000E+0	0.000000E+0	0.000000E+0	0.000000E+0
60.0    	21      	4.295777E-2 	1.447622E-4	1.54E+0    	60.00     	5768.73	24.3 	35.4 	0.000000E+0	0.000000E+0	0.000000E+0	0.000000E+0	0.000000E+0	0.000000E+0	0.000000E+0	0.000000E+0
60.0    	22      	4.197986E-2 	1.855208E-4	1.27E+0    	60.00     	5770.65	24.3 	35.4 	0.000000E+0	0.000000E+0	0.000000E+0	0.000000E+0	0.000000E+0	0.000000E+0	0.000000E+0	0.000000E+0
60.0    	23      	4.265701E-2 	4.096911E-5	1.67E+0    	60.00     	5772.59	24.3 	35.4 	0.000000E+0	0.000000E+0	0.000000E+0	0.000000E+0	0.000000E+0	0.000000E+0	0.000000E+0	0.000000E+0
60.0    	24      	5.693690E-2 	9.596160E-5	1.46E+0    	60.00     	5774.53	24.3 	35.4 	0.000000E+0	0.000000E+0	0.000000E+0	0.000000E+0	0.000000E+0	0.000000E+0	0.000000E+0	0.000000E+0
60.0    	25      	6.075353E-2 	1.170484E-4	1.75E+0    	60.00     	5776.47	24.3 	35.4 	0.000000E+0	0.000000E+0	0.000000E+0	0.000000E+0	0.000000E+0	0.000000E+0	0.000000E+0	0.000000E+0
60.0    	26      	4.078539E-2 	4.288882E-5	1.65E+0    	60.00     	5778.40	24.3 	35.4 	0.000000E+0	0.000000E+0	0.000000E+0	0.000000E+0	0.000000E+0	0.000000E+0	0.000000E+0	0.000000E+0
60.0    	27      	6.421277E-2 	3.949966E-5	1.92E+0    	60.00     	5780.32	24.3 	35.4 	0.000000E+0	0.000000E+0	0.000000E+0	0.000000E+0	0.000000E+0	0.000000E+0	0.000000E+0	0.000000E+0
60.0    	28      	4.207451E-2 	1.062390E-4	1.51E+0    	60.00     	5782.25	24.3 	35.4 	0.000000E+0	0.000000E+0	0.000000E+0	0.000000E+0	0.000000E+0	0.000000E+0	0.000000E+0	0.000000E+0
60.0    	29      	4.371184E-2 	2.011809E-4	1.98E+0    	60.00     	5784.19	24.3 	35.4 	0.000000E+0	0.000000E+0	0.000000E+0	0.000000E+0	0.000000E+0	0.000000E+0	0.000000E+0	0.000000E+0
60.0    	30      	1.214036E-1 	2.069275E-4	1.61E+0    	60.00     	5786.13	24.3 	35.4 	0.000000E+0	0.000000E+0	0.000000E+0	0.000000E+0	0.000000E+0	0.000000E+0	0.000000E+0	0.000000E+0
60.0    	31      	7.981349E-2 	1.422105E-4	1.63E+0    	60.00     	5788.05	24.3 	35.4 	0.000000E+0	0.000000E+0	0.000000E+0	0.000000E+0	0.000000E+0	0.000000E+0	0.000000E+0	0.000000E+0
60.0    	32      	1.310572E-1 	1.453472E-3	1.77E+0    	60.00     	5789.97	24.3 	35.4 	0.000000E+0	0.000000E+0	0.000000E+0	0.000000E+0	0.000000E+0	0.000000E+0	0.000000E+0	0.000000E+0
60.0    	33      	1.193823E-1 	7.462200E-5	1.54E+0    	60.00     	5791.90	24.3 	35.4 	0.000000E+0	0.000000E+0	0.000000E+0	0.000000E+0	0.000000E+0	0.000000E+0	0.000000E+0	0.000000E+0
60.0    	34      	6.125501E-2 	2.796912E-4	1.58E+0    	60.01     	5793.84	24.3 	35.4 	0.000000E+0	0.000000E+0	0.000000E+0	0.000000E+0	0.000000E+0	0.000000E+0	0.000000E+0	0.000000E+0
60.0    	35      	3.934148E-2 	1.318504E-4	1.64E+0    	60.00     	5795.77	24.3 	35.4 	0.000000E+0	0.000000E+0	0.000000E+0	0.000000E+0	0.000000E+0	0.000000E+0	0.000000E+0	0.000000E+0
60.0    	36      	8.096647E-2 	7.437292E-5	1.74E+0    	60.00     	5797.70	24.3 	35.4 	0.000000E+0	0.000000E+0	0.000000E+0	0.000000E+0	0.000000E+0	0.000000E+0	0.000000E+0	0.000000E+0
60.0    	37      	3.857314E-2 	1.672541E-4	1.75E+0    	60.00     	5799.62	24.3 	35.4 	0.000000E+0	0.000000E+0	0.000000E+0	0.000000E+0	0.000000E+0	0.000000E+0	0.000000E+0	0.000000E+0
60.0    	38      	3.785324E-2 	9.026676E-5	1.65E+0    	60.00     	5801.56	24.3 	35.4 	0.000000E+0	0.000000E+0	0.000000E+0	0.000000E+0	0.000000E+0	0.000000E+0	0.000000E+0	0.000000E+0
60.0    	39      	3.838605E-2 	1.411688E-4	1.90E+0    	60.00     	5803.50	24.3 	35.4 	0.000000E+0	0.000000E+0	0.000000E+0	0.000000E+0	0.000000E+0	0.000000E+0	0.000000E+0	0.000000E+0
60.0    	40      	3.707605E-2 	6.141293E-5	1.47E+0    	60.00     	5805.44	24.3 	35.4 	0.000000E+0	0.000000E+0	0.000000E+0	0.000000E+0	0.000000E+0	0.000000E+0	0.000000E+0	0.000000E+0
60.0    	41      	3.776906E-2 	2.573489E-4	1.80E+0    	60.00     	5807.37	24.3 	35.4 	0.000000E+0	0.000000E+0	0.000000E+0	0.000000E+0	0.000000E+0	0.000000E+0	0.000000E+0	0.000000E+0
60.0    	42      	3.849243E-2 	1.625652E-4	1.48E+0    	60.00     	5809.30	24.3 	35.4 	0.000000E+0	0.000000E+0	0.000000E+0	0.000000E+0	0.000000E+0	0.000000E+0	0.000000E+0	0.000000E+0
60.0    	43      	3.864566E-2 	5.494513E-5	1.56E+0    	60.00     	5811.22	24.3 	35.4 	0.000000E+0	0.000000E+0	0.000000E+0	0.000000E+0	0.000000E+0	0.000000E+0	0.000000E+0	0.000000E+0
60.0    	44      	5.805883E-2 	3.771172E-3	1.54E+0    	60.00     	5813.16	24.3 	35.4 	0.000000E+0	0.000000E+0	0.000000E+0	0.000000E+0	0.000000E+0	0.000000E+0	0.000000E+0	0.000000E+0
60.0    	45      	4.161261E-2 	6.600903E-4	1.71E+0    	60.00     	5815.09	24.3 	35.4 	0.000000E+0	0.000000E+0	0.000000E+0	0.000000E+0	0.000000E+0	0.000000E+0	0.000000E+0	0.000000E+0
60.0    	46      	4.235942E-2 	1.778382E-4	1.78E+0    	60.00     	5817.03	24.3 	35.4 	0.000000E+0	0.000000E+0	0.000000E+0	0.000000E+0	0.000000E+0	0.000000E+0	0.000000E+0	0.000000E+0
60.0    	47      	4.440832E-2 	8.869320E-5	1.51E+0    	60.00     	5818.95	24.3 	35.4 	0.000000E+0	0.000000E+0	0.000000E+0	0.000000E+0	0.000000E+0	0.000000E+0	0.000000E+0	0.000000E+0
60.0    	48      	1.828086E-1 	4.921853E-5	1.81E+0    	60.00     	5820.90	24.3 	35.4 	0.000000E+0	0.000000E+0	0.000000E+0	0.000000E+0	0.000000E+0	0.000000E+0	0.000000E+0	0.000000E+0
60.0    	49      	1.526894E-1 	1.016438E-4	1.62E+0    	60.00     	5822.83	24.3 	35.4 	0.000000E+0	0.000000E+0	0.000000E+0	0.000000E+0	0.000000E+0	0.000000E+0	0.000000E+0	0.000000E+0
60.0    	50      	3.862159E-2 	1.011983E-4	1.58E+0    	60.00     	5824.75	24.3 	35.4 	0.000000E+0	0.000000E+0	0.000000E+0	0.000000E+0	0.000000E+0	0.000000E+0	0.000000E+0	0.000000E+0
60.0    	51      	2.017244E-1 	1.862682E-4	1.70E+0    	60.00     	5826.68	24.3 	35.4 	0.000000E+0	0.000000E+0	0.000000E+0	0.000000E+0	0.000000E+0	0.000000E+0	0.000000E+0	0.000000E+0
60.0    	52      	3.712291E-2 	3.392846E-5	1.58E+0    	60.00     	5828.60	24.3 	35.4 	0.000000E+0	0.000000E+0	0.000000E+0	0.000000E+0	0.000000E+0	0.000000E+0	0.000000E+0	0.000000E+0
60.0    	53      	3.853799E-2 	1.703000E-4	1.48E+0    	60.00     	5830.54	24.3 	35.4 	0.000000E+0	0.000000E+0	0.000000E+0	0.000000E+0	0.000000E+0	0.000000E+0	0.000000E+0	0.000000E+0
60.0    	54      	3.588351E-2 	2.714790E-4	1.46E+0    	60.00     	5832.48	24.3 	35.4 	0.000000E+0	0.000000E+0	0.000000E+0	0.000000E+0	0.000000E+0	0.000000E+0	0.000000E+0	0.000000E+0
60.0    	55      	3.588540E-2 	1.856068E-4	1.52E+0    	60.00     	5834.41	24.3 	35.4 	0.000000E+0	0.000000E+0	0.000000E+0	0.000000E+0	0.000000E+0	0.000000E+0	0.000000E+0	0.000000E+0
60.0    	56      	3.543586E-2 	1.056355E-4	1.69E+0    	60.01     	5836.35	24.3 	35.4 	0.000000E+0	0.000000E+0	0.000000E+0	0.000000E+0	0.000000E+0	0.000000E+0	0.000000E+0	0.000000E+0
60.0    	57      	4.344275E-2 	7.215349E-3	1.62E+0    	60.00     	5838.29	24.3 	35.4 	0.000000E+0	0.000000E+0	0.000000E+0	0.000000E+0	0.000000E+0	0.000000E+0	0.000000E+0	0.000000E+0
60.0    	58      	3.951085E-2 	4.533631E-3	1.67E+0    	60.00     	5840.23	24.3 	35.4 	0.000000E+0	0.000000E+0	0.000000E+0	0.000000E+0	0.000000E+0	0.000000E+0	0.000000E+0	0.000000E+0
60.0    	59      	3.688008E-2 	6.606390E-5	1.62E+0    	60.00     	5842.16	24.3 	35.4 	0.000000E+0	0.000000E+0	0.000000E+0	0.000000E+0	0.000000E+0	0.000000E+0	0.000000E+0	0.000000E+0
60.0    	60      	4.906769E-2 	5.180631E-5	1.87E+0    	60.00     	5844.10	24.3 	35.4 	0.000000E+0	0.000000E+0	0.000000E+0	0.000000E+0	0.000000E+0	0.000000E+0	0.000000E+0	0.000000E+0
60.0    	61      	5.316484E-2 	1.609450E-4	1.26E+0    	60.01     	5846.03	24.3 	35.4 	0.000000E+0	0.000000E+0	0.000000E+0	0.000000E+0	0.000000E+0	0.000000E+0	0.000000E+0	0.000000E+0
60.0    	62      	7.261416E-2 	2.070417E-4	1.30E+0    	60.01     	5847.95	24.3 	35.4 	0.000000E+0	0.000000E+0	0.000000E+0	0.000000E+0	0.000000E+0	0.000000E+0	0.000000E+0	0.000000E+0
60.0    	63      	4.638597E-2 	2.723339E-4	1.73E+0    	60.01     	5849.89	24.3 	35.4 	0.000000E+0	0.000000E+0	0.000000E+0	0.000000E+0	0.000000E+0	0.000000E+0	0.000000E+0	0.000000E+0
60.0    	64      	3.175636E-1 	1.079071E-4	1.55E+0    	60.00     	5851.81	24.3 	35.4 	0.000000E+0	0.000000E+0	0.000000E+0	0.000000E+0	0.000000E+0	0.000000E+0	0.000000E+0	0.000000E+0
60.0    	65      	1.139383E-1 	2.625852E-4	1.76E+0    	60.00     	5853.74	24.3 	35.4 	0.000000E+0	0.000000E+0	0.000000E+0	0.000000E+0	0.000000E+0	0.000000E+0	0.000000E+0	0.000000E+0
60.0    	66      	3.674207E-2 	2.464202E-4	1.58E+0    	60.00     	5855.67	24.3 	35.4 	0.000000E+0	0.000000E+0	0.000000E+0	0.000000E+0	0.000000E+0	0.000000E+0	0.000000E+0	0.000000E+0
60.0    	67      	7.446677E-2 	2.799736E-5	1.67E+0    	60.00     	5857.61	24.3 	35.4 	0.000000E+0	0.000000E+0	0.000000E+0	0.000000E+0	0.000000E+0	0.000000E+0	0.000000E+0	0.000000E+0
60.0    	68      	3.683546E-2 	9.684358E-5	1.72E+0    	60.01     	5859.55	24.3 	35.4 	0.000000E+0	0.000000E+0	0.000000E+0	0.000000E+0	0.000000E+0	0.000000E+0	0.000000E+0	0.000000E+0
60.0    	69      	1.271309E+1 	9.696682E-3	1.90E+0    	60.00     	5861.48	24.3 	35.4 	0.000000E+0	0.000000E+0	0.000000E+0	0.000000E+0	0.000000E+0	0.000000E+0	0.000000E+0	0.000000E+0
60.0    	70      	3.779279E-2 	1.385194E-4	1.69E+0    	60.00     	5863.58	24.3 	35.4 	0.000000E+0	0.000000E+0	0.000000E+0	0.000000E+0	0.000000E+0	0.000000E+0	0.000000E+0	0.000000E+0
60.0    	71      	1.947411E-1 	2.243887E-4	1.58E+0    	60.00     	5865.60	24.3 	35.4 	0.000000E+0	0.000000E+0	0.000000E+0	0.000000E+0	0.000000E+0	0.000000E+0	0.000000E+0	0.000000E+0
60.0    	72      	3.544566E-2 	1.710454E-4	1.54E+0    	60.00     	5867.52	24.3 	35.4 	0.000000E+0	0.000000E+0	0.000000E+0	0.000000E+0	0.000000E+0	0.000000E+0	0.000000E+0	0.000000E+0
60.0    	73      	5.007187E-2 	2.557986E-2	1.58E+0    	60.01     	5869.46	24.3 	35.4 	0.000000E+0	0.000000E+0	0.000000E+0	0.000000E+0	0.000000E+0	0.000000E+0	0.000000E+0	0.000000E+0
60.0    	74      	3.977393E-2 	6.264615E-3	1.77E+0    	60.00     	5871.40	24.3 	35.4 	0.000000E+0	0.000000E+0	0.000000E+0	0.000000E+0	0.000000E+0	0.000000E+0	0.000000E+0	0.000000E+0
60.0    	75      	6.577702E-2 	5.211072E-2	1.63E+0    	60.00     	5873.32	24.3 	35.4 	0.000000E+0	0.000000E+0	0.000000E+0	0.000000E+0	0.000000E+0	0.000000E+0	0.000000E+0	0.000000E+0
60.0    	76      	6.869586E-2 	2.097954E-2	1.64E+0    	60.00     	5875.25	24.3 	35.4 	0.000000E+0	0.000000E+0	0.000000E+0	0.000000E+0	0.000000E+0	0.000000E+0	0.000000E+0	0.000000E+0
60.0    	77      	1.227079E-3 	1.611371E-4	1.81E+0    	60.00     	5877.19	24.3 	35.4 	0.000000E+0	0.000000E+0	0.000000E+0	0.000000E+0	0.000000E+0	0.000000E+0	0.000000E+0	0.000000E+0
60.0    	78      	1.035866E-3 	1.490128E-4	1.42E+0    	60.00     	5879.11	24.3 	35.4 	0.000000E+0	0.000000E+0	0.000000E+0	0.000000E+0	0.000000E+0	0.000000E+0	0.000000E+0	0.000000E+0
60.0    	79      	4.961444E-2 	1.976421E-4	1.44E+0    	60.01     	5881.03	24.3 	35.4 	0.000000E+0	0.000000E+0	0.000000E+0	0.000000E+0	0.000000E+0	0.000000E+0	0.000000E+0	0.000000E+0
60.0    	80      	2.214619E-1 	6.411477E-5	1.79E+0    	60.00     	5882.97	24.3 	35.4 	0.000000E+0	0.000000E+0	0.000000E+0	0.000000E+0	0.000000E+0	0.000000E+0	0.000000E+0	0.000000E+0
60.0    	81      	1.117789E-1 	1.295074E-4	1.90E+0    	60.00     	5884.89	24.3 	35.4 	0.000000E+0	0.000000E+0	0.000000E+0	0.000000E+0	0.000000E+0	0.000000E+0	0.000000E+0	0.000000E+0
60.0    	82      	3.890019E-2 	9.500467E-5	1.53E+0    	60.00     	5886.83	24.3 	35.4 	0.000000E+0	0.000000E+0	0.000000E+0	0.000000E+0	0.000000E+0	0.000000E+0	0.000000E+0	0.000000E+0
60.0    	83      	4.523648E-2 	2.068027E-4	1.86E+0    	60.00     	5888.76	24.3 	35.4 	0.000000E+0	0.000000E+0	0.000000E+0	0.000000E+0	0.000000E+0	0.000000E+0	0.000000E+0	0.000000E+0
60.0    	84      	3.640902E-2 	1.742952E-4	1.71E+0    	60.00     	5890.69	24.3 	35.4 	0.000000E+0	0.000000E+0	0.000000E+0	0.000000E+0	0.000000E+0	0.000000E+0	0.000000E+0	0.000000E+0
60.0    	85      	3.622034E-2 	1.848197E-4	1.74E+0    	60.00     	5892.63	24.3 	35.4 	0.000000E+0	0.000000E+0	0.000000E+0	0.000000E+0	0.000000E+0	0.000000E+0	0.000000E+0	0.000000E+0
60.0    	86      	3.512688E-2 	1.676645E-4	1.43E+0    	60.00     	5894.55	24.3 	35.4 	0.000000E+0	0.000000E+0	0.000000E+0	0.000000E+0	0.000000E+0	0.000000E+0	0.000000E+0	0.000000E+0
60.0    	87      	3.435855E-2 	2.540992E-4	1.89E+0    	60.00     	5896.50	24.3 	35.4 	0.000000E+0	0.000000E+0	0.000000E+0	0.000000E+0	0.000000E+0	0.000000E+0	0.000000E+0	0.000000E+0
60.0    	88      	3.450640E-2 	1.147122E-4	1.68E+0    	60.00     	5898.44	24.3 	35.4 	0.000000E+0	0.000000E+0	0.000000E+0	0.000000E+0	0.000000E+0	0.000000E+0	0.000000E+0	0.000000E+0
60.0    	89      	3.585565E-2 	2.081381E-4	1.78E+0    	60.00     	5900.38	24.3 	35.4 	0.000000E+0	0.000000E+0	0.000000E+0	0.000000E+0	0.000000E+0	0.000000E+0	0.000000E+0	0.000000E+0
60.0    	90      	2.990262E-1 	4.488456E-5	1.94E+0    	60.00     	5902.30	24.3 	35.4 	0.000000E+0	0.000000E+0	0.000000E+0	0.000000E+0	0.000000E+0	0.000000E+0	0.000000E+0	0.000000E+0
60.0    	91      	3.531430E-2 	1.996224E-4	2.06E+0    	60.00     	5904.25	24.3 	35.4 	0.000000E+0	0.000000E+0	0.000000E+0	0.000000E+0	0.000000E+0	0.000000E+0	0.000000E+0	0.000000E+0
60.0    	92      	1.087908E-1 	5.896349E-5	1.82E+0    	60.00     	5906.17	24.3 	35.4 	0.000000E+0	0.000000E+0	0.000000E+0	0.000000E+0	0.000000E+0	0.000000E+0	0.000000E+0	0.000000E+0
60.0    	93      	3.726158E-2 	1.589688E-4	1.80E+0    	60.00     	5908.11	24.3 	35.4 	0.000000E+0	0.000000E+0	0.000000E+0	0.000000E+0	0.000000E+0	0.000000E+0	0.000000E+0	0.000000E+0
60.0    	94      	3.833825E-2 	1.081590E-4	1.46E+0    	60.00     	5910.05	24.3 	35.4 	0.000000E+0	0.000000E+0	0.000000E+0	0.000000E+0	0.000000E+0	0.000000E+0	0.000000E+0	0.000000E+0
60.0    	95      	4.417564E-2 	1.774236E-4	1.30E+0    	60.00     	5911.99	24.3 	35.4 	0.000000E+0	0.000000E+0	0.000000E+0	0.000000E+0	0.000000E+0	0.000000E+0	0.000000E+0	0.000000E+0
60.0    	96      	1.212716E-1 	2.061699E-4	1.67E+0    	60.00     	5913.91	24.3 	35.4 	0.000000E+0	0.000000E+0	0.000000E+0	0.000000E+0	0.000000E+0	0.000000E+0	0.000000E+0	0.000000E+0
60.0    	97      	1.282493E-1 	2.208735E-4	1.93E+0    	60.00     	5915.85	24.3 	35.4 	0.000000E+0	0.000000E+0	0.000000E+0	0.000000E+0	0.000000E+0	0.000000E+0	0.000000E+0	0.000000E+0
60.0    	98      	3.573629E-2 	2.753256E-4	1.63E+0    	60.00     	5917.78	24.3 	35.4 	0.000000E+0	0.000000E+0	0.000000E+0	0.000000E+0	0.000000E+0	0.000000E+0	0.000000E+0	0.000000E+0
60.0    	99      	3.464537E-2 	3.020391E-4	1.82E+0    	60.00     	5919.70	24.3 	35.4 	0.000000E+0	0.000000E+0	0.000000E+0	0.000000E+0	0.000000E+0	0.000000E+0	0.000000E+0	0.000000E+0
60.0    	100     	3.476314E-2 	2.341956E-4	1.55E+0    	60.00     	5921.65	24.3 	35.4 	0.000000E+0	0.000000E+0	0.000000E+0	0.000000E+0	0.000000E+0	0.000000E+0	0.000000E+0	0.000000E+0
60.0    	101     	3.556220E-2 	9.910780E-5	1.42E+0    	60.00     	5923.60	24.3 	35.4 	0.000000E+0	0.000000E+0	0.000000E+0	0.000000E+0	0.000000E+0	0.000000E+0	0.000000E+0	0.000000E+0
60.0    	102     	5.030300E-2 	1.424026E-4	1.89E+0    	60.00     	5925.54	24.3 	35.4 	0.000000E+0	0.000000E+0	0.000000E+0	0.000000E+0	0.000000E+0	0.000000E+0	0.000000E+0	0.000000E+0
60.0    	103     	3.538521E-2 	9.185307E-5	1.62E+0    	60.00     	5927.48	24.3 	35.4 	0.000000E+0	0.000000E+0	0.000000E+0	0.000000E+0	0.000000E+0	0.000000E+0	0.000000E+0	0.000000E+0
60.0    	104     	3.609630E-1 	2.011925E-4	1.78E+0    	60.01     	5929.40	24.3 	35.4 	0.000000E+0	0.000000E+0	0.000000E+0	0.000000E+0	0.000000E+0	0.000000E+0	0.000000E+0	0.000000E+0
60.0    	105     	3.494645E-2 	2.215588E-4	1.80E+0    	60.01     	5931.33	24.3 	35.4 	0.000000E+0	0.000000E+0	0.000000E+0	0.000000E+0	0.000000E+0	0.000000E+0	0.000000E+0	0.000000E+0
60.0    	106     	3.603452E-2 	4.602578E-5	1.54E+0    	60.00     	5933.27	24.3 	35.4 	0.000000E+0	0.000000E+0	0.000000E+0	0.000000E+0	0.000000E+0	0.000000E+0	0.000000E+0	0.000000E+0
60.0    	107     	3.508194E-2 	1.342765E-4	1.93E+0    	60.00     	5935.20	24.3 	35.3 	0.000000E+0	0.000000E+0	0.000000E+0	0.000000E+0	0.000000E+0	0.000000E+0	0.000000E+0	0.000000E+0
60.0    	108     	3.433386E-2 	2.183813E-4	1.66E+0    	60.00     	5937.11	24.3 	35.4 	0.000000E+0	0.000000E+0	0.000000E+0	0.000000E+0	0.000000E+0	0.000000E+0	0.000000E+0	0.000000E+0
60.0    	109     	3.493377E-2 	8.062699E-5	1.75E+0    	60.00     	5939.06	24.3 	35.4 	0.000000E+0	0.000000E+0	0.000000E+0	0.000000E+0	0.000000E+0	0.000000E+0	0.000000E+0	0.000000E+0
60.0    	110     	3.494485E-2 	1.022003E-4	1.61E+0    	60.00     	5940.99	24.3 	35.4 	0.000000E+0	0.000000E+0	0.000000E+0	0.000000E+0	0.000000E+0	0.000000E+0	0.000000E+0	0.000000E+0
60.0    	111     	3.705580E-2 	1.875219E-4	1.40E+0    	60.00     	5942.92	24.3 	35.3 	0.000000E+0	0.000000E+0	0.000000E+0	0.000000E+0	0.000000E+0	0.000000E+0	0.000000E+0	0.000000E+0
60.0    	112     	3.195997E-1 	1.092323E-4	1.34E+0    	60.00     	5944.86	24.3 	35.3 	0.000000E+0	0.000000E+0	0.000000E+0	0.000000E+0	0.000000E+0	0.000000E+0	0.000000E+0	0.000000E+0
60.0    	113     	1.143335E-1 	1.103857E-4	1.69E+0    	60.00     	5946.78	24.3 	35.3 	0.000000E+0	0.000000E+0	0.000000E+0	0.000000E+0	0.000000E+0	0.000000E+0	0.000000E+0	0.000000E+0
60.0    	114     	4.893034E-2 	2.061756E-4	1.85E+0    	60.00     	5948.70	24.3 	35.3 	0.000000E+0	0.000000E+0	0.000000E+0	0.000000E+0	0.000000E+0	0.000000E+0	0.000000E+0	0.000000E+0
60.0    	115     	3.470806E-2 	7.144928E-5	1.44E+0    	60.00     	5950.63	24.3 	35.3 	0.000000E+0	0.000000E+0	0.000000E+0	0.000000E+0	0.000000E+0	0.000000E+0	0.000000E+0	0.000000E+0
60.0    	116     	3.475396E-2 	6.749035E-5	1.52E+0    	60.00     	5952.57	24.3 	35.4 	0.000000E+0	0.000000E+0	0.000000E+0	0.000000E+0	0.000000E+0	0.000000E+0	0.000000E+0	0.000000E+0
60.0    	117     	4.018170E-2 	2.360457E-4	1.51E+0    	60.00     	5954.50	24.3 	35.3 	0.000000E+0	0.000000E+0	0.000000E+0	0.000000E+0	0.000000E+0	0.000000E+0	0.000000E+0	0.000000E+0
60.0    	118     	3.470268E-2 	7.029392E-5	1.60E+0    	60.00     	5956.44	24.3 	35.3 	0.000000E+0	0.000000E+0	0.000000E+0	0.000000E+0	0.000000E+0	0.000000E+0	0.000000E+0	0.000000E+0
60.0    	119     	4.807367E-2 	6.716131E-5	1.75E+0    	60.00     	5958.37	24.3 	35.3 	0.000000E+0	0.000000E+0	0.000000E+0	0.000000E+0	0.000000E+0	0.000000E+0	0.000000E+0	0.000000E+0
60.0    	120     	3.561126E-2 	1.854984E-4	1.95E+0    	60.00     	5960.30	24.3 	35.3 	0.000000E+0	0.000000E+0	0.000000E+0	0.000000E+0	0.000000E+0	0.000000E+0	0.000000E+0	0.000000E+0
60.0    	121     	3.543461E-2 	5.021224E-5	1.71E+0    	60.00     	5962.24	24.3 	35.3 	0.000000E+0	0.000000E+0	0.000000E+0	0.000000E+0	0.000000E+0	0.000000E+0	0.000000E+0	0.000000E+0
60.0    	122     	4.023488E-2 	1.063443E-4	1.90E+0    	60.00     	5964.17	24.3 	35.3 	0.000000E+0	0.000000E+0	0.000000E+0	0.000000E+0	0.000000E+0	0.000000E+0	0.000000E+0	0.000000E+0
60.0    	123     	3.477549E-2 	6.411060E-5	1.53E+0    	60.01     	5966.10	24.3 	35.3 	0.000000E+0	0.000000E+0	0.000000E+0	0.000000E+0	0.000000E+0	0.000000E+0	0.000000E+0	0.000000E+0
60.0    	124     	3.438673E-2 	2.067398E-4	1.87E+0    	60.00     	5968.05	24.3 	35.3 	0.000000E+0	0.000000E+0	0.000000E+0	0.000000E+0	0.000000E+0	0.000000E+0	0.000000E+0	0.000000E+0
60.0    	125     	3.353292E-2 	1.580171E-4	1.51E+0    	60.00     	5969.99	24.3 	35.3 	0.000000E+0	0.000000E+0	0.000000E+0	0.000000E+0	0.000000E+0	0.000000E+0	0.000000E+0	0.000000E+0
60.0    	126     	3.392802E-2 	2.165457E-4	1.92E+0    	60.00     	5971.93	24.3 	35.3 	0.000000E+0	0.000000E+0	0.000000E+0	0.000000E+0	0.000000E+0	0.000000E+0	0.000000E+0	0.000000E+0
60.0    	127     	3.554477E-2 	2.050981E-4	1.76E+0    	60.00     	5973.87	24.3 	35.3 	0.000000E+0	0.000000E+0	0.000000E+0	0.000000E+0	0.000000E+0	0.000000E+0	0.000000E+0	0.000000E+0
60.0    	128     	1.125676E-1 	2.341635E-4	1.69E+0    	60.00     	5975.81	24.3 	35.3 	0.000000E+0	0.000000E+0	0.000000E+0	0.000000E+0	0.000000E+0	0.000000E+0	0.000000E+0	0.000000E+0
60.0    	129     	1.148568E-1 	1.076536E-4	1.39E+0    	60.00     	5977.73	24.3 	35.3 	0.000000E+0	0.000000E+0	0.000000E+0	0.000000E+0	0.000000E+0	0.000000E+0	0.000000E+0	0.000000E+0
60.0    	130     	3.736446E-2 	1.461805E-4	1.48E+0    	60.00     	5979.67	24.3 	35.3 	0.000000E+0	0.000000E+0	0.000000E+0	0.000000E+0	0.000000E+0	0.000000E+0	0.000000E+0	0.000000E+0
60.0    	131     	3.488472E-2 	7.633881E-5	1.61E+0    	60.00     	5981.60	24.3 	35.3 	0.000000E+0	0.000000E+0	0.000000E+0	0.000000E+0	0.000000E+0	0.000000E+0	0.000000E+0	0.000000E+0
60.0    	132     	3.458554E-2 	1.303432E-4	1.55E+0    	60.00     	5983.55	24.3 	35.3 	0.000000E+0	0.000000E+0	0.000000E+0	0.000000E+0	0.000000E+0	0.000000E+0	0.000000E+0	0.000000E+0
60.0    	133     	3.511360E-2 	9.659439E-5	1.69E+0    	60.00     	5985.47	24.3 	35.3 	0.000000E+0	0.000000E+0	0.000000E+0	0.000000E+0	0.000000E+0	0.000000E+0	0.000000E+0	0.000000E+0
60.0    	134     	3.465234E-2 	8.383264E-5	1.71E+0    	60.00     	5987.40	24.3 	35.3 	0.000000E+0	0.000000E+0	0.000000E+0	0.000000E+0	0.000000E+0	0.000000E+0	0.000000E+0	0.000000E+0
60.0    	135     	3.485116E-2 	8.186797E-5	1.41E+0    	60.00     	5989.33	24.3 	35.3 	0.000000E+0	0.000000E+0	0.000000E+0	0.000000E+0	0.000000E+0	0.000000E+0	0.000000E+0	0.000000E+0
60.0    	136     	3.582495E-2 	1.188623E-4	1.64E+0    	60.00     	5991.26	24.3 	35.3 	0.000000E+0	0.000000E+0	0.000000E+0	0.000000E+0	0.000000E+0	0.000000E+0	0.000000E+0	0.000000E+0
60.0    	137     	3.556567E-2 	8.576214E-5	1.59E+0    	60.00     	5993.20	24.3 	35.3 	0.000000E+0	0.000000E+0	0.000000E+0	0.000000E+0	0.000000E+0	0.000000E+0	0.000000E+0	0.000000E+0
60.0    	138     	3.581290E-2 	1.576326E-4	1.57E+0    	60.00     	5995.14	24.3 	35.3 	0.000000E+0	0.000000E+0	0.000000E+0	0.000000E+0	0.000000E+0	0.000000E+0	0.000000E+0	0.000000E+0
60.0    	139     	3.387134E-2 	1.564255E-4	1.54E+0    	60.00     	5997.06	24.3 	35.3 	0.000000E+0	0.000000E+0	0.000000E+0	0.000000E+0	0.000000E+0	0.000000E+0	0.000000E+0	0.000000E+0
60.0    	140     	3.318500E-2 	1.643182E-4	1.44E+0    	60.00     	5999.00	24.3 	35.3 	0.000000E+0	0.000000E+0	0.000000E+0	0.000000E+0	0.000000E+0	0.000000E+0	0.000000E+0	0.000000E+0
60.0    	141     	3.280512E-2 	3.622348E-5	1.52E+0    	60.00     	6000.94	24.3 	35.3 	0.000000E+0	0.000000E+0	0.000000E+0	0.000000E+0	0.000000E+0	0.000000E+0	0.000000E+0	0.000000E+0
60.0    	142     	3.253351E-2 	2.704785E-4	1.67E+0    	60.00     	6002.88	24.3 	35.3 	0.000000E+0	0.000000E+0	0.000000E+0	0.000000E+0	0.000000E+0	0.000000E+0	0.000000E+0	0.000000E+0
60.0    	143     	3.402456E-2 	8.427275E-5	1.42E+0    	60.00     	6004.82	24.3 	35.3 	0.000000E+0	0.000000E+0	0.000000E+0	0.000000E+0	0.000000E+0	0.000000E+0	0.000000E+0	0.000000E+0
60.0    	144     	1.084027E-1 	1.024174E-4	1.64E+0    	60.00     	6006.76	24.3 	35.3 	0.000000E+0	0.000000E+0	0.000000E+0	0.000000E+0	0.000000E+0	0.000000E+0	0.000000E+0	0.000000E+0
60.0    	145     	1.137772E-1 	1.195893E-4	1.59E+0    	60.00     	6008.68	24.3 	35.3 	0.000000E+0	0.000000E+0	0.000000E+0	0.000000E+0	0.000000E+0	0.000000E+0	0.000000E+0	0.000000E+0
60.0    	146     	3.708365E-2 	7.364231E-5	1.84E+0    	60.00     	6010.62	24.3 	35.3 	0.000000E+0	0.000000E+0	0.000000E+0	0.000000E+0	0.000000E+0	0.000000E+0	0.000000E+0	0.000000E+0
60.0    	147     	3.606777E-2 	1.674075E-4	1.65E+0    	60.00     	6012.55	24.3 	35.3 	0.000000E+0	0.000000E+0	0.000000E+0	0.000000E+0	0.000000E+0	0.000000E+0	0.000000E+0	0.000000E+0
60.0    	148     	3.743601E-2 	1.220413E-4	1.44E+0    	60.00     	6014.50	24.3 	35.3 	0.000000E+0	0.000000E+0	0.000000E+0	0.000000E+0	0.000000E+0	0.000000E+0	0.000000E+0	0.000000E+0
60.0    	149     	3.558562E-2 	1.924272E-4	1.43E+0    	60.00     	6016.44	24.3 	35.3 	0.000000E+0	0.000000E+0	0.000000E+0	0.000000E+0	0.000000E+0	0.000000E+0	0.000000E+0	0.000000E+0
60.0    	150     	1.455547E-1 	3.028529E-4	1.43E+0    	60.00     	6018.38	24.3 	35.3 	0.000000E+0	0.000000E+0	0.000000E+0	0.000000E+0	0.000000E+0	0.000000E+0	0.000000E+0	0.000000E+0
60.0    	151     	3.504840E-2 	1.177334E-4	1.74E+0    	60.00     	6020.31	24.3 	35.3 	0.000000E+0	0.000000E+0	0.000000E+0	0.000000E+0	0.000000E+0	0.000000E+0	0.000000E+0	0.000000E+0
60.0    	152     	3.493758E-2 	1.163947E-4	1.77E+0    	60.00     	6022.24	24.3 	35.3 	0.000000E+0	0.000000E+0	0.000000E+0	0.000000E+0	0.000000E+0	0.000000E+0	0.000000E+0	0.000000E+0
60.0    	153     	3.509271E-2 	5.210298E-5	1.75E+0    	60.00     	6024.17	24.3 	35.3 	0.000000E+0	0.000000E+0	0.000000E+0	0.000000E+0	0.000000E+0	0.000000E+0	0.000000E+0	0.000000E+0
60.0    	154     	3.495055E-2 	1.291292E-4	1.70E+0    	60.00     	6026.11	24.3 	35.4 	0.000000E+0	0.000000E+0	0.000000E+0	0.000000E+0	0.000000E+0	0.000000E+0	0.000000E+0	0.000000E+0
60.0    	155     	1.242503E-1 	1.726502E-4	1.41E+0    	60.01     	6028.05	24.3 	35.3 	0.000000E+0	0.000000E+0	0.000000E+0	0.000000E+0	0.000000E+0	0.000000E+0	0.000000E+0	0.000000E+0
60.0    	156     	3.216467E-2 	1.772526E-4	1.79E+0    	60.00     	6029.99	24.3 	35.3 	0.000000E+0	0.000000E+0	0.000000E+0	0.000000E+0	0.000000E+0	0.000000E+0	0.000000E+0	0.000000E+0
60.0    	157     	3.183481E-2 	3.370668E-5	1.89E+0    	60.00     	6031.93	24.3 	35.3 	0.000000E+0	0.000000E+0	0.000000E+0	0.000000E+0	0.000000E+0	0.000000E+0	0.000000E+0	0.000000E+0
60.0    	158     	3.212700E-2 	1.523465E-4	1.55E+0    	60.00     	6033.86	24.3 	35.3 	0.000000E+0	0.000000E+0	0.000000E+0	0.000000E+0	0.000000E+0	0.000000E+0	0.000000E+0	0.000000E+0
60.0    	159     	5.041351E-2 	1.130434E-4	1.62E+0    	60.01     	6035.80	24.3 	35.4 	0.000000E+0	0.000000E+0	0.000000E+0	0.000000E+0	0.000000E+0	0.000000E+0	0.000000E+0	0.000000E+0
60.0    	160     	1.107342E-1 	1.685756E-4	1.59E+0    	60.01     	6037.74	24.3 	35.4 	0.000000E+0	0.000000E+0	0.000000E+0	0.000000E+0	0.000000E+0	0.000000E+0	0.000000E+0	0.000000E+0
60.0    	161     	1.155763E-1 	2.438292E-4	1.42E+0    	60.01     	6039.68	24.3 	35.4 	0.000000E+0	0.000000E+0	0.000000E+0	0.000000E+0	0.000000E+0	0.000000E+0	0.000000E+0	0.000000E+0
60.0    	162     	3.868239E-2 	1.737662E-4	1.46E+0    	60.00     	6041.62	24.3 	35.4 	0.000000E+0	0.000000E+0	0.000000E+0	0.000000E+0	0.000000E+0	0.000000E+0	0.000000E+0	0.000000E+0
60.0    	163     	4.947232E-2 	9.129955E-5	1.64E+0    	60.00     	6043.56	24.3 	35.3 	0.000000E+0	0.000000E+0	0.000000E+0	0.000000E+0	0.000000E+0	0.000000E+0	0.000000E+0	0.000000E+0
60.0    	164     	1.417343E-3 	8.857024E-5	1.77E+0    	60.00     	6045.49	24.3 	35.3 	0.000000E+0	0.000000E+0	0.000000E+0	0.000000E+0	0.000000E+0	0.000000E+0	0.000000E+0	0.000000E+0
60.0    	165     	3.848230E-2 	2.135596E-4	1.79E+0    	60.00     	6047.43	24.3 	35.3 	0.000000E+0	0.000000E+0	0.000000E+0	0.000000E+0	0.000000E+0	0.000000E+0	0.000000E+0	0.000000E+0
60.0    	166     	3.716849E-2 	5.683544E-5	1.80E+0    	60.00     	6049.37	24.3 	35.4 	0.000000E+0	0.000000E+0	0.000000E+0	0.000000E+0	0.000000E+0	0.000000E+0	0.000000E+0	0.000000E+0
60.0    	167     	3.630395E-2 	7.735346E-5	1.87E+0    	60.01     	6051.31	24.3 	35.3 	0.000000E+0	0.000000E+0	0.000000E+0	0.000000E+0	0.000000E+0	0.000000E+0	0.000000E+0	0.000000E+0
60.0    	168     	5.541576E-2 	1.741283E-4	1.53E+0    	60.01     	6053.23	24.3 	35.3 	0.000000E+0	0.000000E+0	0.000000E+0	0.000000E+0	0.000000E+0	0.000000E+0	0.000000E+0	0.000000E+0
60.0    	169     	3.386406E-2 	2.332590E-4	1.76E+0    	60.00     	6055.17	24.3 	35.4 	0.000000E+0	0.000000E+0	0.000000E+0	0.000000E+0	0.000000E+0	0.000000E+0	0.000000E+0	0.000000E+0
60.0    	170     	3.305298E-2 	5.264894E-5	1.84E+0    	60.01     	6057.10	24.3 	35.3 	0.000000E+0	0.000000E+0	0.000000E+0	0.000000E+0	0.000000E+0	0.000000E+0	0.000000E+0	0.000000E+0
60.0    	171     	9.166550E-2 	1.817618E-4	1.33E+0    	60.00     	6059.04	24.3 	35.3 	0.000000E+0	0.000000E+0	0.000000E+0	0.000000E+0	0.000000E+0	0.000000E+0	0.000000E+0	0.000000E+0
60.0    	172     	3.148562E-2 	3.433608E-5	1.47E+0    	60.00     	6060.98	24.3 	35.3 	0.000000E+0	0.000000E+0	0.000000E+0	0.000000E+0	0.000000E+0	0.000000E+0	0.000000E+0	0.000000E+0
60.0    	173     	3.081921E-2 	2.033186E-4	1.74E+0    	60.00     	6062.92	24.3 	35.3 	0.000000E+0	0.000000E+0	0.000000E+0	0.000000E+0	0.000000E+0	0.000000E+0	0.000000E+0	0.000000E+0
60.0    	174     	3.089931E-2 	1.630191E-4	1.54E+0    	60.01     	6064.86	24.3 	35.3 	0.000000E+0	0.000000E+0	0.000000E+0	0.000000E+0	0.000000E+0	0.000000E+0	0.000000E+0	0.000000E+0
60.0    	175     	7.391533E-2 	4.983425E-5	1.64E+0    	60.01     	6066.81	24.3 	35.3 	0.000000E+0	0.000000E+0	0.000000E+0	0.000000E+0	0.000000E+0	0.000000E+0	0.000000E+0	0.000000E+0
60.0    	176     	1.113960E-1 	7.145749E-5	1.50E+0    	60.01     	6068.74	24.3 	35.3 	0.000000E+0	0.000000E+0	0.000000E+0	0.000000E+0	0.000000E+0	0.000000E+0	0.000000E+0	0.000000E+0
60.0    	177     	1.593116E-1 	1.431460E-4	1.40E+0    	60.00     	6070.69	24.3 	35.3 	0.000000E+0	0.000000E+0	0.000000E+0	0.000000E+0	0.000000E+0	0.000000E+0	0.000000E+0	0.000000E+0
60.0    	178     	4.043337E-2 	1.007692E-4	1.82E+0    	60.00     	6072.61	24.3 	35.4 	0.000000E+0	0.000000E+0	0.000000E+0	0.000000E+0	0.000000E+0	0.000000E+0	0.000000E+0	0.000000E+0
60.0    	179     	4.262346E-2 	2.021233E-5	1.56E+0    	60.00     	6074.53	24.3 	35.3 	0.000000E+0	0.000000E+0	0.000000E+0	0.000000E+0	0.000000E+0	0.000000E+0	0.000000E+0	0.000000E+0
60.0    	180     	5.083105E-2 	1.901242E-4	1.45E+0    	60.00     	6076.48	24.3 	35.3 	0.000000E+0	0.000000E+0	0.000000E+0	0.000000E+0	0.000000E+0	0.000000E+0	0.000000E+0	0.000000E+0
60.0    	181     	3.890496E-2 	1.244973E-4	1.74E+0    	60.00     	6078.41	24.3 	35.3 	0.000000E+0	0.000000E+0	0.000000E+0	0.000000E+0	0.000000E+0	0.000000E+0	0.000000E+0	0.000000E+0
60.0    	182     	3.823538E-2 	2.105700E-4	1.51E+0    	60.01     	6080.35	24.3 	35.3 	0.000000E+0	0.000000E+0	0.000000E+0	0.000000E+0	0.000000E+0	0.000000E+0	0.000000E+0	0.000000E+0
60.0    	183     	3.683864E-2 	2.855003E-4	1.43E+0    	60.00     	6082.28	24.3 	35.3 	0.000000E+0	0.000000E+0	0.000000E+0	0.000000E+0	0.000000E+0	0.000000E+0	0.000000E+0	0.000000E+0
60.0    	184     	3.492904E-2 	1.603409E-4	1.81E+0    	60.01     	6084.23	24.3 	35.3 	0.000000E+0	0.000000E+0	0.000000E+0	0.000000E+0	0.000000E+0	0.000000E+0	0.000000E+0	0.000000E+0
60.0    	185     	9.947394E-2 	1.033881E-4	1.69E+0    	60.01     	6086.17	24.3 	35.4 	0.000000E+0	0.000000E+0	0.000000E+0	0.000000E+0	0.000000E+0	0.000000E+0	0.000000E+0	0.000000E+0
60.0    	186     	3.158060E-2 	8.054053E-5	1.87E+0    	60.01     	6088.11	24.3 	35.3 	0.000000E+0	0.000000E+0	0.000000E+0	0.000000E+0	0.000000E+0	0.000000E+0	0.000000E+0	0.000000E+0
60.0    	187     	4.722113E-2 	1.575283E-4	1.77E+0    	60.00     	6090.06	24.3 	35.3 	0.000000E+0	0.000000E+0	0.000000E+0	0.000000E+0	0.000000E+0	0.000000E+0	0.000000E+0	0.000000E+0
60.0    	188     	3.137481E-2 	8.674691E-5	1.53E+0    	60.00     	6091.99	24.3 	35.3 	0.000000E+0	0.000000E+0	0.000000E+0	0.000000E+0	0.000000E+0	0.000000E+0	0.000000E+0	0.000000E+0
60.0    	189     	3.037567E-2 	1.460506E-4	1.70E+0    	60.01     	6093.92	24.3 	35.3 	0.000000E+0	0.000000E+0	0.000000E+0	0.000000E+0	0.000000E+0	0.000000E+0	0.000000E+0	0.000000E+0
60.0    	190     	3.035891E-2 	1.549184E-4	1.67E+0    	60.01     	6095.86	24.3 	35.3 	0.000000E+0	0.000000E+0	0.000000E+0	0.000000E+0	0.000000E+0	0.000000E+0	0.000000E+0	0.000000E+0
60.0    	191     	3.799639E-2 	1.592277E-4	1.53E+0    	60.01     	6097.80	24.3 	35.3 	0.000000E+0	0.000000E+0	0.000000E+0	0.000000E+0	0.000000E+0	0.000000E+0	0.000000E+0	0.000000E+0
60.0    	192     	1.078211E-1 	1.564816E-4	1.60E+0    	60.00     	6099.74	24.3 	35.4 	0.000000E+0	0.000000E+0	0.000000E+0	0.000000E+0	0.000000E+0	0.000000E+0	0.000000E+0	0.000000E+0
60.0    	193     	1.153861E-1 	1.064694E-4	1.69E+0    	60.00     	6101.68	24.3 	35.3 	0.000000E+0	0.000000E+0	0.000000E+0	0.000000E+0	0.000000E+0	0.000000E+0	0.000000E+0	0.000000E+0
60.0    	194     	6.963141E-2 	5.373935E-5	1.66E+0    	60.00     	6103.62	24.3 	35.3 	0.000000E+0	0.000000E+0	0.000000E+0	0.000000E+0	0.000000E+0	0.000000E+0	0.000000E+0	0.000000E+0
60.0    	195     	4.058912E-2 	1.366480E-4	1.82E+0    	60.00     	6105.56	24.3 	35.3 	0.000000E+0	0.000000E+0	0.000000E+0	0.000000E+0	0.000000E+0	0.000000E+0	0.000000E+0	0.000000E+0
60.0    	196     	3.920252E-2 	8.191240E-5	1.67E+0    	60.01     	6107.48	24.3 	35.4 	0.000000E+0	0.000000E+0	0.000000E+0	0.000000E+0	0.000000E+0	0.000000E+0	0.000000E+0	0.000000E+0
60.0    	197     	3.857127E-2 	1.316301E-4	1.61E+0    	60.00     	6109.43	24.3 	35.3 	0.000000E+0	0.000000E+0	0.000000E+0	0.000000E+0	0.000000E+0	0.000000E+0	0.000000E+0	0.000000E+0
60.0    	198     	5.089533E-2 	1.930408E-4	1.40E+0    	60.00     	6111.35	24.3 	35.3 	0.000000E+0	0.000000E+0	0.000000E+0	0.000000E+0	0.000000E+0	0.000000E+0	0.000000E+0	0.000000E+0
60.0    	199     	3.665026E-2 	2.391083E-4	1.31E+0    	60.00     	6113.29	24.3 	35.3 	0.000000E+0	0.000000E+0	0.000000E+0	0.000000E+0	0.000000E+0	0.000000E+0	0.000000E+0	0.000000E+0
60.0    	200     	3.410784E-2 	1.408376E-4	1.45E+0    	60.00     	6115.22	24.3 	35.3 	0.000000E+0	0.000000E+0	0.000000E+0	0.000000E+0	0.000000E+0	0.000000E+0	0.000000E+0	0.000000E+0
60.0    	201     	1.055814E-1 	1.908287E-4	1.74E+0    	60.00     	6117.15	24.3 	35.3 	0.000000E+0	0.000000E+0	0.000000E+0	0.000000E+0	0.000000E+0	0.000000E+0	0.000000E+0	0.000000E+0
60.0    	202     	5.451603E-2 	1.966889E-4	1.62E+0    	60.00     	6119.09	24.3 	35.3 	0.000000E+0	0.000000E+0	0.000000E+0	0.000000E+0	0.000000E+0	0.000000E+0	0.000000E+0	0.000000E+0
60.0    	203     	3.153025E-2 	1.254918E-4	1.76E+0    	60.00     	6121.03	24.3 	35.3 	0.000000E+0	0.000000E+0	0.000000E+0	0.000000E+0	0.000000E+0	0.000000E+0	0.000000E+0	0.000000E+0
60.0    	204     	3.018859E-2 	4.451906E-5	1.70E+0    	60.00     	6122.97	24.3 	35.4 	0.000000E+0	0.000000E+0	0.000000E+0	0.000000E+0	0.000000E+0	0.000000E+0	0.000000E+0	0.000000E+0
60.0    	205     	3.011042E-2 	1.652507E-4	1.35E+0    	60.00     	6124.91	24.3 	35.3 	0.000000E+0	0.000000E+0	0.000000E+0	0.000000E+0	0.000000E+0	0.000000E+0	0.000000E+0	0.000000E+0
60.0    	206     	3.025126E-2 	9.109077E-5	1.69E+0    	60.00     	6126.84	24.3 	35.3 	0.000000E+0	0.000000E+0	0.000000E+0	0.000000E+0	0.000000E+0	0.000000E+0	0.000000E+0	0.000000E+0
60.0    	207     	3.129440E-2 	1.175737E-4	1.42E+0    	60.00     	6128.77	24.3 	35.3 	0.000000E+0	0.000000E+0	0.000000E+0	0.000000E+0	0.000000E+0	0.000000E+0	0.000000E+0	0.000000E+0
60.0    	208     	1.143148E-1 	1.166829E-4	1.50E+0    	60.01     	6130.71	24.3 	35.3 	0.000000E+0	0.000000E+0	0.000000E+0	0.000000E+0	0.000000E+0	0.000000E+0	0.000000E+0	0.000000E+0
60.0    	209     	1.187690E-1 	1.784618E-4	1.71E+0    	60.00     	6132.65	24.3 	35.3 	0.000000E+0	0.000000E+0	0.000000E+0	0.000000E+0	0.000000E+0	0.000000E+0	0.000000E+0	0.000000E+0
60.0    	210     	4.257060E-2 	8.358110E-5	1.82E+0    	60.00     	6134.59	24.3 	35.4 	0.000000E+0	0.000000E+0	0.000000E+0	0.000000E+0	0.000000E+0	0.000000E+0	0.000000E+0	0.000000E+0
60.0    	211     	4.083955E-2 	7.486433E-5	1.50E+0    	60.00     	6136.52	24.3 	35.3 	0.000000E+0	0.000000E+0	0.000000E+0	0.000000E+0	0.000000E+0	0.000000E+0	0.000000E+0	0.000000E+0
60.0    	212     	1.102848E-1 	1.006331E-4	1.75E+0    	60.00     	6138.45	24.3 	35.3 	0.000000E+0	0.000000E+0	0.000000E+0	0.000000E+0	0.000000E+0	0.000000E+0	0.000000E+0	0.000000E+0
60.0    	213     	3.785327E-2 	2.386100E-4	1.59E+0    	60.00     	6140.38	24.3 	35.3 	0.000000E+0	0.000000E+0	0.000000E+0	0.000000E+0	0.000000E+0	0.000000E+0	0.000000E+0	0.000000E+0
60.0    	214     	3.686333E-2 	2.802808E-4	1.42E+0    	60.00     	6142.32	24.3 	35.3 	0.000000E+0	0.000000E+0	0.000000E+0	0.000000E+0	0.000000E+0	0.000000E+0	0.000000E+0	0.000000E+0
60.0    	215     	3.491194E-2 	4.226976E-5	1.77E+0    	60.00     	6144.27	24.3 	35.3 	0.000000E+0	0.000000E+0	0.000000E+0	0.000000E+0	0.000000E+0	0.000000E+0	0.000000E+0	0.000000E+0
60.0    	216     	3.341706E-2 	9.906412E-5	1.30E+0    	60.00     	6146.21	24.3 	35.3 	0.000000E+0	0.000000E+0	0.000000E+0	0.000000E+0	0.000000E+0	0.000000E+0	0.000000E+0	0.000000E+0
60.0    	217     	3.196776E-2 	1.118856E-4	1.65E+0    	60.00     	6148.15	24.3 	35.3 	0.000000E+0	0.000000E+0	0.000000E+0	0.000000E+0	0.000000E+0	0.000000E+0	0.000000E+0	0.000000E+0
60.0    	218     	3.077458E-2 	1.159599E-4	1.56E+0    	60.00     	6150.09	24.3 	35.3 	0.000000E+0	0.000000E+0	0.000000E+0	0.000000E+0	0.000000E+0	0.000000E+0	0.000000E+0	0.000000E+0
60.0    	219     	2.985460E-2 	8.840123E-5	1.64E+0    	60.00     	6152.03	24.3 	35.3 	0.000000E+0	0.000000E+0	0.000000E+0	0.000000E+0	0.000000E+0	0.000000E+0	0.000000E+0	0.000000E+0
60.0    	220     	2.949117E-2 	4.012658E-5	1.68E+0    	60.00     	6153.96	24.3 	35.3 	0.000000E+0	0.000000E+0	0.000000E+0	0.000000E+0	0.000000E+0	0.000000E+0	0.000000E+0	0.000000E+0
60.0    	221     	5.172571E-2 	9.299801E-5	1.43E+0    	60.00     	6155.90	24.3 	35.3 	0.000000E+0	0.000000E+0	0.000000E+0	0.000000E+0	0.000000E+0	0.000000E+0	0.000000E+0	0.000000E+0
60.0    	222     	3.060617E-2 	8.586932E-5	1.56E+0    	60.00     	6157.85	24.3 	35.3 	0.000000E+0	0.000000E+0	0.000000E+0	0.000000E+0	0.000000E+0	0.000000E+0	0.000000E+0	0.000000E+0
60.0    	223     	3.328220E-2 	1.737606E-4	1.44E+0    	60.00     	6159.79	24.3 	35.3 	0.000000E+0	0.000000E+0	0.000000E+0	0.000000E+0	0.000000E+0	0.000000E+0	0.000000E+0	0.000000E+0
60.0    	224     	1.188393E-1 	1.141984E-3	1.69E+0    	60.00     	6161.73	24.3 	35.3 	0.000000E+0	0.000000E+0	0.000000E+0	0.000000E+0	0.000000E+0	0.000000E+0	0.000000E+0	0.000000E+0
60.0    	225     	1.289091E-1 	1.046438E-5	1.82E+0    	60.00     	6163.66	24.3 	35.3 	0.000000E+0	0.000000E+0	0.000000E+0	0.000000E+0	0.000000E+0	0.000000E+0	0.000000E+0	0.000000E+0
60.0    	226     	4.351559E-2 	2.344169E-4	1.54E+0    	60.00     	6165.59	24.3 	35.3 	0.000000E+0	0.000000E+0	0.000000E+0	0.000000E+0	0.000000E+0	0.000000E+0	0.000000E+0	0.000000E+0
60.0    	227     	4.108205E-2 	8.583374E-5	1.34E+0    	60.00     	6167.53	24.3 	35.3 	0.000000E+0	0.000000E+0	0.000000E+0	0.000000E+0	0.000000E+0	0.000000E+0	0.000000E+0	0.000000E+0
60.0    	228     	3.867731E-2 	8.846815E-5	1.47E+0    	60.00     	6169.47	24.3 	35.3 	0.000000E+0	0.000000E+0	0.000000E+0	0.000000E+0	0.000000E+0	0.000000E+0	0.000000E+0	0.000000E+0
60.0    	229     	5.622207E-2 	1.104192E-5	1.39E+0    	60.00     	6171.41	24.3 	35.3 	0.000000E+0	0.000000E+0	0.000000E+0	0.000000E+0	0.000000E+0	0.000000E+0	0.000000E+0	0.000000E+0
60.0    	230     	4.883251E-2 	1.304204E-4	1.57E+0    	60.00     	6173.36	24.3 	35.3 	0.000000E+0	0.000000E+0	0.000000E+0	0.000000E+0	0.000000E+0	0.000000E+0	0.000000E+0	0.000000E+0
60.0    	231     	3.399543E-2 	2.209418E-4	1.73E+0    	60.00     	6175.30	24.3 	35.3 	0.000000E+0	0.000000E+0	0.000000E+0	0.000000E+0	0.000000E+0	0.000000E+0	0.000000E+0	0.000000E+0
60.0    	232     	3.315652E-2 	1.029471E-4	1.75E+0    	60.01     	6177.23	24.3 	35.3 	0.000000E+0	0.000000E+0	0.000000E+0	0.000000E+0	0.000000E+0	0.000000E+0	0.000000E+0	0.000000E+0
60.0    	233     	3.217987E-2 	1.282804E-4	1.76E+0    	60.00     	6179.17	24.3 	35.3 	0.000000E+0	0.000000E+0	0.000000E+0	0.000000E+0	0.000000E+0	0.000000E+0	0.000000E+0	0.000000E+0
60.0    	234     	4.088166E-2 	2.206045E-4	1.73E+0    	60.00     	6181.11	24.3 	35.3 	0.000000E+0	0.000000E+0	0.000000E+0	0.000000E+0	0.000000E+0	0.000000E+0	0.000000E+0	0.000000E+0
60.0    	235     	2.981631E-2 	5.969146E-5	1.66E+0    	60.00     	6183.04	24.3 	35.3 	0.000000E+0	0.000000E+0	0.000000E+0	0.000000E+0	0.000000E+0	0.000000E+0	0.000000E+0	0.000000E+0
60.0    	236     	2.963331E-2 	8.614410E-5	1.55E+0    	60.01     	6184.98	24.3 	35.3 	0.000000E+0	0.000000E+0	0.000000E+0	0.000000E+0	0.000000E+0	0.000000E+0	0.000000E+0	0.000000E+0
60.0    	237     	2.983467E-2 	9.102793E-5	1.39E+0    	60.01     	6186.92	24.3 	35.3 	0.000000E+0	0.000000E+0	0.000000E+0	0.000000E+0	0.000000E+0	0.000000E+0	0.000000E+0	0.000000E+0
60.0    	238     	1.114229E-1 	8.364841E-4	1.74E+0    	60.01     	6188.84	24.3 	35.3 	0.000000E+0	0.000000E+0	0.000000E+0	0.000000E+0	0.000000E+0	0.000000E+0	0.000000E+0	0.000000E+0
60.0    	239     	4.741393E-2 	2.033962E-4	1.49E+0    	60.01     	6190.78	24.3 	35.3 	0.000000E+0	0.000000E+0	0.000000E+0	0.000000E+0	0.000000E+0	0.000000E+0	0.000000E+0	0.000000E+0
60.0    	240     	1.376640E-1 	1.538633E-4	1.61E+0    	60.00     	6192.73	24.3 	35.3 	0.000000E+0	0.000000E+0	0.000000E+0	0.000000E+0	0.000000E+0	0.000000E+0	0.000000E+0	0.000000E+0
60.0    	241     	2.291824E-1 	5.304341E-5	1.54E+0    	60.01     	6194.66	24.3 	35.3 	0.000000E+0	0.000000E+0	0.000000E+0	0.000000E+0	0.000000E+0	0.000000E+0	0.000000E+0	0.000000E+0
60.0    	242     	1.219071E-1 	5.419560E-5	1.43E+0    	60.00     	6196.60	24.3 	35.3 	0.000000E+0	0.000000E+0	0.000000E+0	0.000000E+0	0.000000E+0	0.000000E+0	0.000000E+0	0.000000E+0
60.0    	243     	1.143009E-1 	1.216271E-4	1.65E+0    	60.00     	6198.55	24.3 	35.3 	0.000000E+0	0.000000E+0	0.000000E+0	0.000000E+0	0.000000E+0	0.000000E+0	0.000000E+0	0.000000E+0
60.0    	244     	1.103322E-1 	1.311225E-4	1.53E+0    	60.00     	6200.49	24.3 	35.3 	0.000000E+0	0.000000E+0	0.000000E+0	0.000000E+0	0.000000E+0	0.000000E+0	0.000000E+0	0.000000E+0
60.0    	245     	1.077113E-1 	2.105767E-4	1.38E+0    	60.00     	6202.43	24.3 	35.3 	0.000000E+0	0.000000E+0	0.000000E+0	0.000000E+0	0.000000E+0	0.000000E+0	0.000000E+0	0.000000E+0
60.0    	246     	1.047500E-1 	1.498513E-4	1.74E+0    	60.00     	6204.36	24.3 	35.3 	0.000000E+0	0.000000E+0	0.000000E+0	0.000000E+0	0.000000E+0	0.000000E+0	0.000000E+0	0.000000E+0
60.0    	247     	1.036129E-1 	8.817261E-5	1.75E+0    	60.01     	6206.30	24.3 	35.3 	0.000000E+0	0.000000E+0	0.000000E+0	0.000000E+0	0.000000E+0	0.000000E+0	0.000000E+0	0.000000E+0
60.0    	248     	1.349968E-1 	2.569016E-4	1.78E+0    	60.01     	6208.23	24.3 	35.3 	0.000000E+0	0.000000E+0	0.000000E+0	0.000000E+0	0.000000E+0	0.000000E+0	0.000000E+0	0.000000E+0
60.0    	249     	1.713559E-1 	1.531308E-4	1.53E+0    	60.01     	6210.18	24.3 	35.3 	0.000000E+0	0.000000E+0	0.000000E+0	0.000000E+0	0.000000E+0	0.000000E+0	0.000000E+0	0.000000E+0
60.0    	250     	1.009707E-1 	1.442939E-4	1.95E+0    	60.01     	6212.12	24.3 	35.3 	0.000000E+0	0.000000E+0	0.000000E+0	0.000000E+0	0.000000E+0	0.000000E+0	0.000000E+0	0.000000E+0
60.0    	251     	9.964646E-2 	3.344418E-5	1.57E+0    	60.00     	6214.06	24.3 	35.3 	0.000000E+0	0.000000E+0	0.000000E+0	0.000000E+0	0.000000E+0	0.000000E+0	0.000000E+0	0.000000E+0
60.0    	252     	1.146811E-1 	1.242672E-5	1.35E+0    	60.01     	6215.97	24.3 	35.3 	0.000000E+0	0.000000E+0	0.000000E+0	0.000000E+0	0.000000E+0	0.000000E+0	0.000000E+0	0.000000E+0
60.0    	253     	1.281328E-1 	1.686775E-4	1.51E+0    	60.01     	6217.91	24.3 	35.3 	0.000000E+0	0.000000E+0	0.000000E+0	0.000000E+0	0.000000E+0	0.000000E+0	0.000000E+0	0.000000E+0
60.0    	254     	3.233405E-1 	2.141972E-4	1.46E+0    	60.00     	6219.85	24.3 	35.3 	0.000000E+0	0.000000E+0	0.000000E+0	0.000000E+0	0.000000E+0	0.000000E+0	0.000000E+0	0.000000E+0
60.0    	255     	1.285658E-1 	1.577781E-4	1.75E+0    	60.00     	6221.80	24.3 	35.3 	0.000000E+0	0.000000E+0	0.000000E+0	0.000000E+0	0.000000E+0	0.000000E+0	0.000000E+0	0.000000E+0
60.0    	256     	2.754522E-1 	2.086967E-4	1.73E+0    	60.01     	6223.71	24.3 	35.3 	0.000000E+0	0.000000E+0	0.000000E+0	0.000000E+0	0.000000E+0	0.000000E+0	0.000000E+0	0.000000E+0
60.0    	257     	2.163517E-3 	1.899477E-4	1.76E+0    	60.00     	6225.65	24.3 	35.3 	0.000000E+0	0.000000E+0	0.000000E+0	0.000000E+0	0.000000E+0	0.000000E+0	0.000000E+0	0.000000E+0
60.0    	258     	1.582913E-3 	2.281265E-4	1.77E+0    	60.01     	6227.59	24.3 	35.3 	0.000000E+0	0.000000E+0	0.000000E+0	0.000000E+0	0.000000E+0	0.000000E+0	0.000000E+0	0.000000E+0
60.0    	259     	1.627550E-3 	1.032738E-4	1.56E+0    	60.01     	6229.54	24.3 	35.3 	0.000000E+0	0.000000E+0	0.000000E+0	0.000000E+0	0.000000E+0	0.000000E+0	0.000000E+0	0.000000E+0
60.0    	260     	1.628816E-3 	2.780808E-5	1.72E+0    	60.00     	6231.48	24.3 	35.3 	0.000000E+0	0.000000E+0	0.000000E+0	0.000000E+0	0.000000E+0	0.000000E+0	0.000000E+0	0.000000E+0
60.0    	261     	1.787739E-3 	2.813335E-4	1.73E+0    	60.00     	6233.42	24.3 	35.3 	0.000000E+0	0.000000E+0	0.000000E+0	0.000000E+0	0.000000E+0	0.000000E+0	0.000000E+0	0.000000E+0
60.0    	262     	1.587028E-3 	3.881563E-5	1.39E+0    	60.00     	6235.36	24.3 	35.3 	0.000000E+0	0.000000E+0	0.000000E+0	0.000000E+0	0.000000E+0	0.000000E+0	0.000000E+0	0.000000E+0
60.0    	263     	1.246074E-3 	1.067099E-4	1.81E+0    	60.00     	6237.30	24.3 	35.3 	0.000000E+0	0.000000E+0	0.000000E+0	0.000000E+0	0.000000E+0	0.000000E+0	0.000000E+0	0.000000E+0
60.0    	264     	-7.663055E-4	1.864627E-4	1.42E+0    	60.00     	6239.24	24.3 	35.3 	0.000000E+0	0.000000E+0	0.000000E+0	0.000000E+0	0.000000E+0	0.000000E+0	0.000000E+0	0.000000E+0
80.0    	1       	2.519694E-1 	9.360995E-5	3.33E+1    	80.00     	6258.68	24.3 	35.3 	0.000000E+0	0.000000E+0	0.000000E+0	0.000000E+0	0.000000E+0	0.000000E+0	0.000000E+0	0.000000E+0
80.0    	2       	2.156006E-1 	1.346731E-4	1.59E+1    	80.00     	6260.54	24.3 	35.3 	0.000000E+0	0.000000E+0	0.000000E+0	0.000000E+0	0.000000E+0	0.000000E+0	0.000000E+0	0.000000E+0
80.0    	3       	2.106217E-3 	1.605988E-4	1.15E+1    	80.00     	6262.48	24.3 	35.3 	0.000000E+0	0.000000E+0	0.000000E+0	0.000000E+0	0.000000E+0	0.000000E+0	0.000000E+0	0.000000E+0
80.0    	4       	1.561860E-1 	1.990501E-4	1.57E+1    	80.00     	6264.43	24.3 	35.3 	0.000000E+0	0.000000E+0	0.000000E+0	0.000000E+0	0.000000E+0	0.000000E+0	0.000000E+0	0.000000E+0
80.0    	5       	1.354090E-1 	2.817758E-4	1.60E+1    	80.00     	6266.37	24.3 	35.3 	0.000000E+0	0.000000E+0	0.000000E+0	0.000000E+0	0.000000E+0	0.000000E+0	0.000000E+0	0.000000E+0
80.0    	6       	1.324253E-1 	1.424336E-4	1.39E+1    	80.00     	6268.29	24.3 	35.3 	0.000000E+0	0.000000E+0	0.000000E+0	0.000000E+0	0.000000E+0	0.000000E+0	0.000000E+0	0.000000E+0
80.0    	7       	1.300985E-1 	6.039912E-5	1.41E+1    	80.00     	6270.23	24.3 	35.3 	0.000000E+0	0.000000E+0	0.000000E+0	0.000000E+0	0.000000E+0	0.000000E+0	0.000000E+0	0.000000E+0
80.0    	8       	1.266496E-1 	1.133588E-4	1.59E+1    	80.00     	6272.17	24.3 	35.3 	0.000000E+0	0.000000E+0	0.000000E+0	0.000000E+0	0.000000E+0	0.000000E+0	0.000000E+0	0.000000E+0
80.0    	9       	1.387448E-1 	1.205140E-4	1.24E+1    	80.00     	6274.11	24.3 	35.3 	0.000000E+0	0.000000E+0	0.000000E+0	0.000000E+0	0.000000E+0	0.000000E+0	0.000000E+0	0.000000E+0
80.0    	10      	1.247685E-1 	8.170459E-5	1.31E+1    	80.00     	6276.05	24.3 	35.3 	0.000000E+0	0.000000E+0	0.000000E+0	0.000000E+0	0.000000E+0	0.000000E+0	0.000000E+0	0.000000E+0
80.0    	11      	1.253308E-1 	1.182001E-4	1.50E+1    	80.00     	6277.99	24.3 	35.3 	0.000000E+0	0.000000E+0	0.000000E+0	0.000000E+0	0.000000E+0	0.000000E+0	0.000000E+0	0.000000E+0
80.0    	12      	1.236820E-1 	9.538083E-5	1.45E+1    	80.00     	6279.91	24.3 	35.3 	0.000000E+0	0.000000E+0	0.000000E+0	0.000000E+0	0.000000E+0	0.000000E+0	0.000000E+0	0.000000E+0
80.0    	13      	1.277605E-1 	1.257933E-4	1.24E+1    	80.00     	6281.84	24.3 	35.3 	0.000000E+0	0.000000E+0	0.000000E+0	0.000000E+0	0.000000E+0	0.000000E+0	0.000000E+0	0.000000E+0
80.0    	14      	1.312973E-1 	1.068164E-4	1.14E+1    	80.00     	6283.77	24.3 	35.3 	0.000000E+0	0.000000E+0	0.000000E+0	0.000000E+0	0.000000E+0	0.000000E+0	0.000000E+0	0.000000E+0
80.0    	15      	1.395128E-1 	1.155113E-4	1.31E+1    	80.00     	6285.71	24.3 	35.3 	0.000000E+0	0.000000E+0	0.000000E+0	0.000000E+0	0.000000E+0	0.000000E+0	0.000000E+0	0.000000E+0
80.0    	16      	2.424333E-1 	3.698325E-4	1.17E+1    	80.00     	6287.64	24.3 	35.3 	0.000000E+0	0.000000E+0	0.000000E+0	0.000000E+0	0.000000E+0	0.000000E+0	0.000000E+0	0.000000E+0
80.0    	17      	1.333383E-1 	9.592184E-6	1.07E+1    	80.00     	6289.56	24.3 	35.3 	0.000000E+0	0.000000E+0	0.000000E+0	0.000000E+0	0.000000E+0	0.000000E+0	0.000000E+0	0.000000E+0
80.0    	18      	4.603333E-2 	8.121969E-5	1.24E+1    	80.00     	6291.50	24.3 	35.3 	0.000000E+0	0.000000E+0	0.000000E+0	0.000000E+0	0.000000E+0	0.000000E+0	0.000000E+0	0.000000E+0
80.0    	19      	8.592879E-2 	7.811382E-5	1.62E+1    	80.00     	6293.43	24.3 	35.3 	0.000000E+0	0.000000E+0	0.000000E+0	0.000000E+0	0.000000E+0	0.000000E+0	0.000000E+0	0.000000E+0
80.0    	20      	4.355261E-2 	5.989694E-5	1.68E+1    	80.00     	6295.37	24.3 	35.3 	0.000000E+0	0.000000E+0	0.000000E+0	0.000000E+0	0.000000E+0	0.000000E+0	0.000000E+0	0.000000E+0
80.0    	21      	4.321481E-2 	8.511172E-5	1.24E+1    	80.00     	6297.31	24.3 	35.3 	0.000000E+0	0.000000E+0	0.000000E+0	0.000000E+0	0.000000E+0	0.000000E+0	0.000000E+0	0.000000E+0
80.0    	22      	4.231542E-2 	3.066253E-4	1.43E+1    	80.00     	6299.25	24.3 	35.3 	0.000000E+0	0.000000E+0	0.000000E+0	0.000000E+0	0.000000E+0	0.000000E+0	0.000000E+0	0.000000E+0
80.0    	23      	4.306318E-2 	1.720201E-4	1.33E+1    	80.00     	6301.19	24.3 	35.3 	0.000000E+0	0.000000E+0	0.000000E+0	0.000000E+0	0.000000E+0	0.000000E+0	0.000000E+0	0.000000E+0
80.0    	24      	6.010174E-2 	1.034354E-4	1.50E+1    	80.00     	6303.13	24.3 	35.3 	0.000000E+0	0.000000E+0	0.000000E+0	0.000000E+0	0.000000E+0	0.000000E+0	0.000000E+0	0.000000E+0
80.0    	25      	6.624583E-2 	5.441678E-5	1.19E+1    	80.00     	6305.07	24.3 	35.3 	0.000000E+0	0.000000E+0	0.000000E+0	0.000000E+0	0.000000E+0	0.000000E+0	0.000000E+0	0.000000E+0
80.0    	26      	4.072461E-2 	5.729792E-5	1.33E+1    	80.00     	6307.01	24.3 	35.3 	0.000000E+0	0.000000E+0	0.000000E+0	0.000000E+0	0.000000E+0	0.000000E+0	0.000000E+0	0.000000E+0
80.0    	27      	6.958957E-2 	8.134488E-5	1.50E+1    	80.00     	6308.94	24.3 	35.3 	0.000000E+0	0.000000E+0	0.000000E+0	0.000000E+0	0.000000E+0	0.000000E+0	0.000000E+0	0.000000E+0
80.0    	28      	4.268361E-2 	7.919070E-4	1.39E+1    	80.00     	6310.89	24.3 	35.3 	0.000000E+0	0.000000E+0	0.000000E+0	0.000000E+0	0.000000E+0	0.000000E+0	0.000000E+0	0.000000E+0
80.0    	29      	4.459319E-2 	8.687349E-4	1.40E+1    	80.00     	6312.83	24.3 	35.3 	0.000000E+0	0.000000E+0	0.000000E+0	0.000000E+0	0.000000E+0	0.000000E+0	0.000000E+0	0.000000E+0
80.0    	30      	1.457472E-1 	9.226050E-5	1.63E+1    	80.00     	6314.76	24.3 	35.3 	0.000000E+0	0.000000E+0	0.000000E+0	0.000000E+0	0.000000E+0	0.000000E+0	0.000000E+0	0.000000E+0
80.0    	31      	8.898884E-2 	1.724343E-3	1.16E+1    	80.00     	6316.70	24.3 	35.3 	0.000000E+0	0.000000E+0	0.000000E+0	0.000000E+0	0.000000E+0	0.000000E+0	0.000000E+0	0.000000E+0
80.0    	32      	1.372150E-1 	1.080978E-4	1.26E+1    	80.00     	6318.64	24.3 	35.3 	0.000000E+0	0.000000E+0	0.000000E+0	0.000000E+0	0.000000E+0	0.000000E+0	0.000000E+0	0.000000E+0
80.0    	33      	1.261592E-1 	1.201616E-4	1.38E+1    	80.00     	6320.55	24.3 	35.3 	0.000000E+0	0.000000E+0	0.000000E+0	0.000000E+0	0.000000E+0	0.000000E+0	0.000000E+0	0.000000E+0
80.0    	34      	6.528856E-2 	1.715998E-4	1.36E+1    	80.00     	6322.48	24.3 	35.3 	0.000000E+0	0.000000E+0	0.000000E+0	0.000000E+0	0.000000E+0	0.000000E+0	0.000000E+0	0.000000E+0
80.0    	35      	3.968214E-2 	1.183278E-4	1.61E+1    	80.00     	6324.43	24.3 	35.3 	0.000000E+0	0.000000E+0	0.000000E+0	0.000000E+0	0.000000E+0	0.000000E+0	0.000000E+0	0.000000E+0
80.0    	36      	9.348326E-2 	2.245037E-4	1.18E+1    	80.00     	6326.37	24.3 	35.3 	0.000000E+0	0.000000E+0	0.000000E+0	0.000000E+0	0.000000E+0	0.000000E+0	0.000000E+0	0.000000E+0
80.0    	37      	3.887707E-2 	1.988653E-4	1.15E+1    	80.00     	6328.31	24.3 	35.3 	0.000000E+0	0.000000E+0	0.000000E+0	0.000000E+0	0.000000E+0	0.000000E+0	0.000000E+0	0.000000E+0
80.0    	38      	3.837242E-2 	2.206863E-4	1.40E+1    	80.00     	6330.24	24.3 	35.3 	0.000000E+0	0.000000E+0	0.000000E+0	0.000000E+0	0.000000E+0	0.000000E+0	0.000000E+0	0.000000E+0
80.0    	39      	3.884921E-2 	1.268500E-4	1.01E+1    	80.00     	6332.18	24.3 	35.3 	0.000000E+0	0.000000E+0	0.000000E+0	0.000000E+0	0.000000E+0	0.000000E+0	0.000000E+0	0.000000E+0
80.0    	40      	3.717860E-2 	1.552779E-4	1.13E+1    	80.00     	6334.12	24.3 	35.3 	0.000000E+0	0.000000E+0	0.000000E+0	0.000000E+0	0.000000E+0	0.000000E+0	0.000000E+0	0.000000E+0
80.0    	41      	4.200708E-2 	6.723280E-3	1.37E+1    	80.00     	6336.06	24.3 	35.3 	0.000000E+0	0.000000E+0	0.000000E+0	0.000000E+0	0.000000E+0	0.000000E+0	0.000000E+0	0.000000E+0
80.0    	42      	4.044760E-2 	3.480789E-3	1.24E+1    	80.00     	6338.01	24.3 	35.3 	0.000000E+0	0.000000E+0	0.000000E+0	0.000000E+0	0.000000E+0	0.000000E+0	0.000000E+0	0.000000E+0
80.0    	43      	3.939657E-2 	7.079781E-4	1.54E+1    	80.00     	6339.95	24.3 	35.3 	0.000000E+0	0.000000E+0	0.000000E+0	0.000000E+0	0.000000E+0	0.000000E+0	0.000000E+0	0.000000E+0
80.0    	44      	6.087134E-2 	3.880366E-3	1.26E+1    	80.00     	6341.89	24.3 	35.3 	0.000000E+0	0.000000E+0	0.000000E+0	0.000000E+0	0.000000E+0	0.000000E+0	0.000000E+0	0.000000E+0
80.0    	45      	4.183864E-2 	1.432577E-4	1.49E+1    	80.00     	6343.83	24.3 	35.3 	0.000000E+0	0.000000E+0	0.000000E+0	0.000000E+0	0.000000E+0	0.000000E+0	0.000000E+0	0.000000E+0
80.0    	46      	4.254462E-2 	1.245644E-4	1.59E+1    	80.00     	6345.77	24.3 	35.3 	0.000000E+0	0.000000E+0	0.000000E+0	0.000000E+0	0.000000E+0	0.000000E+0	0.000000E+0	0.000000E+0
80.0    	47      	4.471443E-2 	8.344074E-5	1.15E+1    	80.00     	6347.72	24.3 	35.3 	0.000000E+0	0.000000E+0	0.000000E+0	0.000000E+0	0.000000E+0	0.000000E+0	0.000000E+0	0.000000E+0
80.0    	48      	2.091014E-1 	1.270328E-4	1.12E+1    	80.00     	6349.66	24.3 	35.3 	0.000000E+0	0.000000E+0	0.000000E+0	0.000000E+0	0.000000E+0	0.000000E+0	0.000000E+0	0.000000E+0
80.0    	49      	1.673976E-1 	8.572166E-5	1.21E+1    	80.00     	6351.60	24.3 	35.3 	0.000000E+0	0.000000E+0	0.000000E+0	0.000000E+0	0.000000E+0	0.000000E+0	0.000000E+0	0.000000E+0
80.0    	50      	3.870200E-2 	2.704222E-5	1.44E+1    	80.00     	6353.53	24.3 	35.3 	0.000000E+0	0.000000E+0	0.000000E+0	0.000000E+0	0.000000E+0	0.000000E+0	0.000000E+0	0.000000E+0
80.0    	51      	2.485071E-1 	1.153344E-4	1.36E+1    	80.00     	6355.47	24.3 	35.3 	0.000000E+0	0.000000E+0	0.000000E+0	0.000000E+0	0.000000E+0	0.000000E+0	0.000000E+0	0.000000E+0
80.0    	52      	3.721311E-2 	1.194678E-4	1.42E+1    	80.00     	6357.42	24.3 	35.3 	0.000000E+0	0.000000E+0	0.000000E+0	0.000000E+0	0.000000E+0	0.000000E+0	0.000000E+0	0.000000E+0
80.0    	53      	3.913794E-2 	8.626960E-5	1.19E+1    	80.00     	6359.36	24.3 	35.3 	0.000000E+0	0.000000E+0	0.000000E+0	0.000000E+0	0.000000E+0	0.000000E+0	0.000000E+0	0.000000E+0
80.0    	54      	3.592813E-2 	1.098378E-4	1.63E+1    	80.00     	6361.31	24.3 	35.3 	0.000000E+0	0.000000E+0	0.000000E+0	0.000000E+0	0.000000E+0	0.000000E+0	0.000000E+0	0.000000E+0
80.0    	55      	3.618616E-2 	2.886793E-4	1.36E+1    	80.00     	6363.25	24.3 	35.3 	0.000000E+0	0.000000E+0	0.000000E+0	0.000000E+0	0.000000E+0	0.000000E+0	0.000000E+0	0.000000E+0
80.0    	56      	3.555806E-2 	1.515295E-4	1.55E+1    	80.00     	6365.19	24.3 	35.3 	0.000000E+0	0.000000E+0	0.000000E+0	0.000000E+0	0.000000E+0	0.000000E+0	0.000000E+0	0.000000E+0
80.0    	57      	4.402620E-2 	7.159789E-3	1.25E+1    	80.00     	6367.12	24.3 	35.3 	0.000000E+0	0.000000E+0	0.000000E+0	0.000000E+0	0.000000E+0	0.000000E+0	0.000000E+0	0.000000E+0
80.0    	58      	3.692568E-2 	1.028462E-4	1.28E+1    	80.00     	6369.06	24.3 	35.3 	0.000000E+0	0.000000E+0	0.000000E+0	0.000000E+0	0.000000E+0	0.000000E+0	0.000000E+0	0.000000E+0
80.0    	59      	3.711592E-2 	3.810909E-5	1.37E+1    	80.00     	6371.00	24.3 	35.3 	0.000000E+0	0.000000E+0	0.000000E+0	0.000000E+0	0.000000E+0	0.000000E+0	0.000000E+0	0.000000E+0
80.0    	60      	4.983920E-2 	1.398335E-4	1.58E+1    	80.00     	6372.94	24.3 	35.3 	0.000000E+0	0.000000E+0	0.000000E+0	0.000000E+0	0.000000E+0	0.000000E+0	0.000000E+0	0.000000E+0
80.0    	61      	5.434380E-2 	8.941130E-5	1.55E+1    	80.00     	6374.88	24.3 	35.3 	0.000000E+0	0.000000E+0	0.000000E+0	0.000000E+0	0.000000E+0	0.000000E+0	0.000000E+0	0.000000E+0
80.0    	62      	7.617248E-2 	1.521576E-4	1.21E+1    	80.00     	6376.83	24.3 	35.3 	0.000000E+0	0.000000E+0	0.000000E+0	0.000000E+0	0.000000E+0	0.000000E+0	0.000000E+0	0.000000E+0
80.0    	63      	4.665634E-2 	1.518497E-4	1.49E+1    	80.00     	6378.77	24.3 	35.3 	0.000000E+0	0.000000E+0	0.000000E+0	0.000000E+0	0.000000E+0	0.000000E+0	0.000000E+0	0.000000E+0
80.0    	64      	4.018843E-1 	1.384500E-4	1.39E+1    	80.00     	6380.71	24.3 	35.3 	0.000000E+0	0.000000E+0	0.000000E+0	0.000000E+0	0.000000E+0	0.000000E+0	0.000000E+0	0.000000E+0
80.0    	65      	1.200860E-1 	2.340862E-5	1.57E+1    	80.00     	6382.66	24.3 	35.3 	0.000000E+0	0.000000E+0	0.000000E+0	0.000000E+0	0.000000E+0	0.000000E+0	0.000000E+0	0.000000E+0
80.0    	66      	3.697475E-2 	1.777538E-4	1.34E+1    	80.00     	6384.60	24.3 	35.3 	0.000000E+0	0.000000E+0	0.000000E+0	0.000000E+0	0.000000E+0	0.000000E+0	0.000000E+0	0.000000E+0
80.0    	67      	8.346135E-2 	1.525348E-4	1.64E+1    	80.00     	6386.54	24.3 	35.3 	0.000000E+0	0.000000E+0	0.000000E+0	0.000000E+0	0.000000E+0	0.000000E+0	0.000000E+0	0.000000E+0
80.0    	68      	3.718465E-2 	6.900786E-5	1.14E+1    	80.00     	6388.48	24.3 	35.3 	0.000000E+0	0.000000E+0	0.000000E+0	0.000000E+0	0.000000E+0	0.000000E+0	0.000000E+0	0.000000E+0
80.0    	69      	1.397743E+1 	1.078352E-2	1.24E+1    	80.00     	6390.42	24.3 	35.3 	0.000000E+0	0.000000E+0	0.000000E+0	0.000000E+0	0.000000E+0	0.000000E+0	0.000000E+0	0.000000E+0
80.0    	70      	3.810618E-2 	1.025822E-4	1.54E+1    	80.00     	6392.52	24.3 	35.3 	0.000000E+0	0.000000E+0	0.000000E+0	0.000000E+0	0.000000E+0	0.000000E+0	0.000000E+0	0.000000E+0
80.0    	71      	2.440861E-1 	1.756423E-4	1.29E+1    	80.00     	6394.54	24.3 	35.3 	0.000000E+0	0.000000E+0	0.000000E+0	0.000000E+0	0.000000E+0	0.000000E+0	0.000000E+0	0.000000E+0
80.0    	72      	3.573409E-2 	1.227866E-4	1.29E+1    	80.00     	6396.47	24.3 	35.3 	0.000000E+0	0.000000E+0	0.000000E+0	0.000000E+0	0.000000E+0	0.000000E+0	0.000000E+0	0.000000E+0
80.0    	73      	5.015294E-2 	2.573814E-2	1.52E+1    	80.00     	6398.39	24.3 	35.3 	0.000000E+0	0.000000E+0	0.000000E+0	0.000000E+0	0.000000E+0	0.000000E+0	0.000000E+0	0.000000E+0
80.0    	74      	4.018422E-2 	6.318658E-3	1.32E+1    	80.00     	6400.34	24.3 	35.3 	0.000000E+0	0.000000E+0	0.000000E+0	0.000000E+0	0.000000E+0	0.000000E+0	0.000000E+0	0.000000E+0
80.0    	75      	3.558940E-2 	3.645233E-4	1.47E+1    	80.00     	6402.28	24.3 	35.3 	0.000000E+0	0.000000E+0	0.000000E+0	0.000000E+0	0.000000E+0	0.000000E+0	0.000000E+0	0.000000E+0
80.0    	76      	5.857327E-2 	2.118164E-4	1.24E+1    	80.00     	6404.22	24.3 	35.3 	0.000000E+0	0.000000E+0	0.000000E+0	0.000000E+0	0.000000E+0	0.000000E+0	0.000000E+0	0.000000E+0
80.0    	77      	1.413543E-3 	1.551564E-4	1.24E+1    	80.00     	6406.15	24.3 	35.3 	0.000000E+0	0.000000E+0	0.000000E+0	0.000000E+0	0.000000E+0	0.000000E+0	0.000000E+0	0.000000E+0
80.0    	78      	1.278681E-3 	6.935055E-5	1.45E+1    	80.00     	6408.10	24.3 	35.3 	0.000000E+0	0.000000E+0	0.000000E+0	0.000000E+0	0.000000E+0	0.000000E+0	0.000000E+0	0.000000E+0
80.0    	79      	4.973538E-2 	2.145995E-4	1.16E+1    	80.00     	6410.03	24.3 	35.3 	0.000000E+0	0.000000E+0	0.000000E+0	0.000000E+0	0.000000E+0	0.000000E+0	0.000000E+0	0.000000E+0
80.0    	80      	2.549594E-1 	1.184024E-4	1.09E+1    	80.00     	6411.97	24.3 	35.3 	0.000000E+0	0.000000E+0	0.000000E+0	0.000000E+0	0.000000E+0	0.000000E+0	0.000000E+0	0.000000E+0
80.0    	81      	1.174185E-1 	1.223834E-4	1.36E+1    	80.00     	6413.91	24.3 	35.3 	0.000000E+0	0.000000E+0	0.000000E+0	0.000000E+0	0.000000E+0	0.000000E+0	0.000000E+0	0.000000E+0
80.0    	82      	3.941526E-2 	1.896408E-4	1.12E+1    	80.00     	6415.85	24.3 	35.3 	0.000000E+0	0.000000E+0	0.000000E+0	0.000000E+0	0.000000E+0	0.000000E+0	0.000000E+0	0.000000E+0
80.0    	83      	4.753007E-2 	2.279920E-4	1.27E+1    	80.00     	6417.79	24.3 	35.3 	0.000000E+0	0.000000E+0	0.000000E+0	0.000000E+0	0.000000E+0	0.000000E+0	0.000000E+0	0.000000E+0
80.0    	84      	3.713431E-2 	1.456864E-4	1.29E+1    	80.00     	6419.73	24.3 	35.3 	0.000000E+0	0.000000E+0	0.000000E+0	0.000000E+0	0.000000E+0	0.000000E+0	0.000000E+0	0.000000E+0
80.0    	85      	3.633559E-2 	2.080620E-4	1.50E+1    	80.00     	6421.65	24.3 	35.3 	0.000000E+0	0.000000E+0	0.000000E+0	0.000000E+0	0.000000E+0	0.000000E+0	0.000000E+0	0.000000E+0
80.0    	86      	3.529119E-2 	1.135358E-4	1.32E+1    	80.00     	6423.60	24.3 	35.3 	0.000000E+0	0.000000E+0	0.000000E+0	0.000000E+0	0.000000E+0	0.000000E+0	0.000000E+0	0.000000E+0
80.0    	87      	3.463904E-2 	2.045924E-4	1.60E+1    	80.00     	6425.54	24.3 	35.3 	0.000000E+0	0.000000E+0	0.000000E+0	0.000000E+0	0.000000E+0	0.000000E+0	0.000000E+0	0.000000E+0
80.0    	88      	3.463016E-2 	5.495882E-5	1.57E+1    	80.00     	6427.48	24.3 	35.3 	0.000000E+0	0.000000E+0	0.000000E+0	0.000000E+0	0.000000E+0	0.000000E+0	0.000000E+0	0.000000E+0
80.0    	89      	3.611872E-2 	1.313365E-4	1.44E+1    	80.00     	6429.42	24.3 	35.3 	0.000000E+0	0.000000E+0	0.000000E+0	0.000000E+0	0.000000E+0	0.000000E+0	0.000000E+0	0.000000E+0
80.0    	90      	3.616484E-1 	1.691296E-4	1.51E+1    	80.00     	6431.35	24.3 	35.3 	0.000000E+0	0.000000E+0	0.000000E+0	0.000000E+0	0.000000E+0	0.000000E+0	0.000000E+0	0.000000E+0
80.0    	91      	3.545739E-2 	7.258699E-5	1.23E+1    	80.00     	6433.29	24.3 	35.3 	0.000000E+0	0.000000E+0	0.000000E+0	0.000000E+0	0.000000E+0	0.000000E+0	0.000000E+0	0.000000E+0
80.0    	92      	1.411416E-1 	4.894041E-5	1.57E+1    	80.00     	6435.22	24.3 	35.3 	0.000000E+0	0.000000E+0	0.000000E+0	0.000000E+0	0.000000E+0	0.000000E+0	0.000000E+0	0.000000E+0
80.0    	93      	3.771332E-2 	3.216841E-5	1.64E+1    	80.00     	6437.16	24.3 	35.3 	0.000000E+0	0.000000E+0	0.000000E+0	0.000000E+0	0.000000E+0	0.000000E+0	0.000000E+0	0.000000E+0
80.0    	94      	3.885966E-2 	1.690528E-4	1.54E+1    	80.00     	6439.11	24.3 	35.3 	0.000000E+0	0.000000E+0	0.000000E+0	0.000000E+0	0.000000E+0	0.000000E+0	0.000000E+0	0.000000E+0
80.0    	95      	4.506112E-2 	1.223260E-4	1.44E+1    	80.00     	6441.05	24.3 	35.3 	0.000000E+0	0.000000E+0	0.000000E+0	0.000000E+0	0.000000E+0	0.000000E+0	0.000000E+0	0.000000E+0
80.0    	96      	1.260668E-1 	1.319396E-4	1.46E+1    	80.00     	6443.00	24.3 	35.3 	0.000000E+0	0.000000E+0	0.000000E+0	0.000000E+0	0.000000E+0	0.000000E+0	0.000000E+0	0.000000E+0
80.0    	97      	1.353688E-1 	2.079857E-4	1.46E+1    	80.00     	6444.94	24.3 	35.3 	0.000000E+0	0.000000E+0	0.000000E+0	0.000000E+0	0.000000E+0	0.000000E+0	0.000000E+0	0.000000E+0
80.0    	98      	3.598449E-2 	1.586723E-4	1.40E+1    	80.00     	6446.88	24.3 	35.3 	0.000000E+0	0.000000E+0	0.000000E+0	0.000000E+0	0.000000E+0	0.000000E+0	0.000000E+0	0.000000E+0
80.0    	99      	3.489548E-2 	1.590514E-4	1.27E+1    	80.00     	6448.81	24.3 	35.3 	0.000000E+0	0.000000E+0	0.000000E+0	0.000000E+0	0.000000E+0	0.000000E+0	0.000000E+0	0.000000E+0
80.0    	100     	3.484546E-2 	1.026091E-4	1.24E+1    	80.00     	6450.73	24.3 	35.3 	0.000000E+0	0.000000E+0	0.000000E+0	0.000000E+0	0.000000E+0	0.000000E+0	0.000000E+0	0.000000E+0
80.0    	101     	3.567362E-2 	3.075737E-4	1.44E+1    	80.00     	6452.68	24.3 	35.3 	0.000000E+0	0.000000E+0	0.000000E+0	0.000000E+0	0.000000E+0	0.000000E+0	0.000000E+0	0.000000E+0
80.0    	102     	5.279098E-2 	1.327026E-4	1.51E+1    	80.00     	6454.62	24.3 	35.3 	0.000000E+0	0.000000E+0	0.000000E+0	0.000000E+0	0.000000E+0	0.000000E+0	0.000000E+0	0.000000E+0
80.0    	103     	3.589174E-2 	8.398039E-5	1.57E+1    	80.00     	6456.56	24.3 	35.3 	0.000000E+0	0.000000E+0	0.000000E+0	0.000000E+0	0.000000E+0	0.000000E+0	0.000000E+0	0.000000E+0
80.0    	104     	4.410859E-1 	1.082875E-4	1.46E+1    	80.00     	6458.49	24.3 	35.3 	0.000000E+0	0.000000E+0	0.000000E+0	0.000000E+0	0.000000E+0	0.000000E+0	0.000000E+0	0.000000E+0
80.0    	105     	3.521838E-2 	2.297335E-4	1.53E+1    	80.00     	6460.43	24.3 	35.3 	0.000000E+0	0.000000E+0	0.000000E+0	0.000000E+0	0.000000E+0	0.000000E+0	0.000000E+0	0.000000E+0
80.0    	106     	3.601329E-2 	2.396357E-4	1.32E+1    	80.00     	6462.38	24.3 	35.3 	0.000000E+0	0.000000E+0	0.000000E+0	0.000000E+0	0.000000E+0	0.000000E+0	0.000000E+0	0.000000E+0
80.0    	107     	3.504553E-2 	4.239229E-5	1.27E+1    	80.00     	6464.32	24.3 	35.3 	0.000000E+0	0.000000E+0	0.000000E+0	0.000000E+0	0.000000E+0	0.000000E+0	0.000000E+0	0.000000E+0
80.0    	108     	3.454912E-2 	6.600475E-5	1.04E+1    	80.00     	6466.26	24.3 	35.3 	0.000000E+0	0.000000E+0	0.000000E+0	0.000000E+0	0.000000E+0	0.000000E+0	0.000000E+0	0.000000E+0
80.0    	109     	3.497462E-2 	1.117017E-4	1.28E+1    	80.00     	6468.20	24.3 	35.3 	0.000000E+0	0.000000E+0	0.000000E+0	0.000000E+0	0.000000E+0	0.000000E+0	0.000000E+0	0.000000E+0
80.0    	110     	3.532791E-2 	1.559145E-4	1.49E+1    	80.00     	6470.15	24.3 	35.3 	0.000000E+0	0.000000E+0	0.000000E+0	0.000000E+0	0.000000E+0	0.000000E+0	0.000000E+0	0.000000E+0
80.0    	111     	3.722264E-2 	3.674309E-5	1.15E+1    	80.00     	6472.09	24.3 	35.3 	0.000000E+0	0.000000E+0	0.000000E+0	0.000000E+0	0.000000E+0	0.000000E+0	0.000000E+0	0.000000E+0
80.0    	112     	3.809200E-1 	2.625505E-4	1.34E+1    	80.00     	6474.03	24.3 	35.3 	0.000000E+0	0.000000E+0	0.000000E+0	0.000000E+0	0.000000E+0	0.000000E+0	0.000000E+0	0.000000E+0
80.0    	113     	1.200958E-1 	1.202500E-4	1.23E+1    	80.00     	6475.97	24.3 	35.3 	0.000000E+0	0.000000E+0	0.000000E+0	0.000000E+0	0.000000E+0	0.000000E+0	0.000000E+0	0.000000E+0
80.0    	114     	5.169405E-2 	1.409752E-4	1.04E+1    	80.00     	6477.91	24.3 	35.3 	0.000000E+0	0.000000E+0	0.000000E+0	0.000000E+0	0.000000E+0	0.000000E+0	0.000000E+0	0.000000E+0
80.0    	115     	3.494011E-2 	1.498727E-4	1.49E+1    	80.00     	6479.85	24.3 	35.3 	0.000000E+0	0.000000E+0	0.000000E+0	0.000000E+0	0.000000E+0	0.000000E+0	0.000000E+0	0.000000E+0
80.0    	116     	3.508954E-2 	5.127663E-5	1.53E+1    	80.00     	6481.78	24.3 	35.3 	0.000000E+0	0.000000E+0	0.000000E+0	0.000000E+0	0.000000E+0	0.000000E+0	0.000000E+0	0.000000E+0
80.0    	117     	4.269565E-2 	6.200777E-5	1.24E+1    	80.00     	6483.73	24.3 	35.3 	0.000000E+0	0.000000E+0	0.000000E+0	0.000000E+0	0.000000E+0	0.000000E+0	0.000000E+0	0.000000E+0
80.0    	118     	3.474255E-2 	1.784805E-4	1.20E+1    	80.00     	6485.67	24.3 	35.3 	0.000000E+0	0.000000E+0	0.000000E+0	0.000000E+0	0.000000E+0	0.000000E+0	0.000000E+0	0.000000E+0
80.0    	119     	5.029541E-2 	4.882123E-5	1.62E+1    	80.00     	6487.61	24.3 	35.3 	0.000000E+0	0.000000E+0	0.000000E+0	0.000000E+0	0.000000E+0	0.000000E+0	0.000000E+0	0.000000E+0
80.0    	120     	3.582305E-2 	1.150001E-4	1.45E+1    	80.00     	6489.55	24.3 	35.3 	0.000000E+0	0.000000E+0	0.000000E+0	0.000000E+0	0.000000E+0	0.000000E+0	0.000000E+0	0.000000E+0
80.0    	121     	3.557961E-2 	2.182698E-4	1.29E+1    	80.00     	6491.49	24.3 	35.3 	0.000000E+0	0.000000E+0	0.000000E+0	0.000000E+0	0.000000E+0	0.000000E+0	0.000000E+0	0.000000E+0
80.0    	122     	4.090792E-2 	1.310795E-4	1.15E+1    	80.00     	6493.43	24.3 	35.3 	0.000000E+0	0.000000E+0	0.000000E+0	0.000000E+0	0.000000E+0	0.000000E+0	0.000000E+0	0.000000E+0
80.0    	123     	3.521299E-2 	2.396754E-4	1.39E+1    	80.00     	6495.38	24.3 	35.3 	0.000000E+0	0.000000E+0	0.000000E+0	0.000000E+0	0.000000E+0	0.000000E+0	0.000000E+0	0.000000E+0
80.0    	124     	3.456655E-2 	2.004657E-4	1.34E+1    	80.00     	6497.32	24.3 	35.3 	0.000000E+0	0.000000E+0	0.000000E+0	0.000000E+0	0.000000E+0	0.000000E+0	0.000000E+0	0.000000E+0
80.0    	125     	3.424268E-2 	1.061477E-3	1.16E+1    	80.00     	6499.25	24.3 	35.3 	0.000000E+0	0.000000E+0	0.000000E+0	0.000000E+0	0.000000E+0	0.000000E+0	0.000000E+0	0.000000E+0
80.0    	126     	3.400463E-2 	1.159955E-4	1.22E+1    	80.00     	6501.17	24.3 	35.3 	0.000000E+0	0.000000E+0	0.000000E+0	0.000000E+0	0.000000E+0	0.000000E+0	0.000000E+0	0.000000E+0
80.0    	127     	3.579676E-2 	2.158030E-4	1.43E+1    	80.00     	6503.13	24.3 	35.3 	0.000000E+0	0.000000E+0	0.000000E+0	0.000000E+0	0.000000E+0	0.000000E+0	0.000000E+0	0.000000E+0
80.0    	128     	1.185974E-1 	1.519101E-4	1.53E+1    	80.00     	6505.07	24.3 	35.3 	0.000000E+0	0.000000E+0	0.000000E+0	0.000000E+0	0.000000E+0	0.000000E+0	0.000000E+0	0.000000E+0
80.0    	129     	1.205463E-1 	1.812847E-4	1.44E+1    	80.00     	6507.01	24.3 	35.3 	0.000000E+0	0.000000E+0	0.000000E+0	0.000000E+0	0.000000E+0	0.000000E+0	0.000000E+0	0.000000E+0
80.0    	130     	3.786308E-2 	6.033497E-5	1.31E+1    	80.00     	6508.94	24.3 	35.3 	0.000000E+0	0.000000E+0	0.000000E+0	0.000000E+0	0.000000E+0	0.000000E+0	0.000000E+0	0.000000E+0
80.0    	131     	3.530956E-2 	1.645879E-4	1.49E+1    	80.00     	6510.88	24.3 	35.3 	0.000000E+0	0.000000E+0	0.000000E+0	0.000000E+0	0.000000E+0	0.000000E+0	0.000000E+0	0.000000E+0
80.0    	132     	3.499710E-2 	1.358637E-4	1.20E+1    	80.00     	6512.82	24.3 	35.3 	0.000000E+0	0.000000E+0	0.000000E+0	0.000000E+0	0.000000E+0	0.000000E+0	0.000000E+0	0.000000E+0
80.0    	133     	3.549825E-2 	1.305301E-4	1.15E+1    	80.00     	6514.74	24.3 	35.3 	0.000000E+0	0.000000E+0	0.000000E+0	0.000000E+0	0.000000E+0	0.000000E+0	0.000000E+0	0.000000E+0
80.0    	134     	3.472452E-2 	1.135086E-4	1.12E+1    	80.00     	6516.68	24.3 	35.3 	0.000000E+0	0.000000E+0	0.000000E+0	0.000000E+0	0.000000E+0	0.000000E+0	0.000000E+0	0.000000E+0
80.0    	135     	3.503698E-2 	2.073146E-4	1.52E+1    	80.00     	6518.62	24.3 	35.3 	0.000000E+0	0.000000E+0	0.000000E+0	0.000000E+0	0.000000E+0	0.000000E+0	0.000000E+0	0.000000E+0
80.0    	136     	3.617952E-2 	1.498061E-4	1.37E+1    	80.00     	6520.56	24.3 	35.3 	0.000000E+0	0.000000E+0	0.000000E+0	0.000000E+0	0.000000E+0	0.000000E+0	0.000000E+0	0.000000E+0
80.0    	137     	3.586610E-2 	1.136394E-4	1.49E+1    	80.00     	6522.51	24.3 	35.3 	0.000000E+0	0.000000E+0	0.000000E+0	0.000000E+0	0.000000E+0	0.000000E+0	0.000000E+0	0.000000E+0
80.0    	138     	3.619091E-2 	1.236926E-4	1.18E+1    	80.00     	6524.44	24.3 	35.3 	0.000000E+0	0.000000E+0	0.000000E+0	0.000000E+0	0.000000E+0	0.000000E+0	0.000000E+0	0.000000E+0
80.0    	139     	3.416228E-2 	1.838607E-4	1.55E+1    	80.00     	6526.37	24.3 	35.3 	0.000000E+0	0.000000E+0	0.000000E+0	0.000000E+0	0.000000E+0	0.000000E+0	0.000000E+0	0.000000E+0
80.0    	140     	3.340629E-2 	1.332889E-4	1.17E+1    	80.00     	6528.31	24.3 	35.3 	0.000000E+0	0.000000E+0	0.000000E+0	0.000000E+0	0.000000E+0	0.000000E+0	0.000000E+0	0.000000E+0
80.0    	141     	3.285480E-2 	9.644442E-5	1.40E+1    	80.00     	6530.26	24.3 	35.3 	0.000000E+0	0.000000E+0	0.000000E+0	0.000000E+0	0.000000E+0	0.000000E+0	0.000000E+0	0.000000E+0
80.0    	142     	3.277313E-2 	1.624360E-4	1.14E+1    	80.00     	6532.20	24.3 	35.3 	0.000000E+0	0.000000E+0	0.000000E+0	0.000000E+0	0.000000E+0	0.000000E+0	0.000000E+0	0.000000E+0
80.0    	143     	3.439590E-2 	1.164177E-4	1.29E+1    	80.00     	6534.14	24.3 	35.3 	0.000000E+0	0.000000E+0	0.000000E+0	0.000000E+0	0.000000E+0	0.000000E+0	0.000000E+0	0.000000E+0
80.0    	144     	1.145545E-1 	9.228111E-5	1.31E+1    	80.00     	6536.06	24.3 	35.3 	0.000000E+0	0.000000E+0	0.000000E+0	0.000000E+0	0.000000E+0	0.000000E+0	0.000000E+0	0.000000E+0
80.0    	145     	1.192518E-1 	7.645646E-5	1.34E+1    	80.00     	6538.00	24.3 	35.3 	0.000000E+0	0.000000E+0	0.000000E+0	0.000000E+0	0.000000E+0	0.000000E+0	0.000000E+0	0.000000E+0
80.0    	146     	3.735813E-2 	2.719409E-5	1.52E+1    	80.00     	6539.93	24.3 	35.3 	0.000000E+0	0.000000E+0	0.000000E+0	0.000000E+0	0.000000E+0	0.000000E+0	0.000000E+0	0.000000E+0
80.0    	147     	3.639288E-2 	6.938445E-5	1.39E+1    	80.00     	6541.87	24.3 	35.3 	0.000000E+0	0.000000E+0	0.000000E+0	0.000000E+0	0.000000E+0	0.000000E+0	0.000000E+0	0.000000E+0
80.0    	148     	3.737715E-2 	5.200891E-5	1.20E+1    	80.00     	6543.81	24.3 	35.3 	0.000000E+0	0.000000E+0	0.000000E+0	0.000000E+0	0.000000E+0	0.000000E+0	0.000000E+0	0.000000E+0
80.0    	149     	3.586451E-2 	1.260384E-4	1.53E+1    	80.00     	6545.76	24.3 	35.3 	0.000000E+0	0.000000E+0	0.000000E+0	0.000000E+0	0.000000E+0	0.000000E+0	0.000000E+0	0.000000E+0
80.0    	150     	1.744358E-1 	1.601687E-4	1.14E+1    	80.00     	6547.70	24.3 	35.3 	0.000000E+0	0.000000E+0	0.000000E+0	0.000000E+0	0.000000E+0	0.000000E+0	0.000000E+0	0.000000E+0
80.0    	151     	3.522345E-2 	2.050019E-4	1.44E+1    	80.00     	6549.64	24.3 	35.3 	0.000000E+0	0.000000E+0	0.000000E+0	0.000000E+0	0.000000E+0	0.000000E+0	0.000000E+0	0.000000E+0
80.0    	152     	3.495183E-2 	1.501371E-4	1.17E+1    	80.00     	6551.58	24.3 	35.3 	0.000000E+0	0.000000E+0	0.000000E+0	0.000000E+0	0.000000E+0	0.000000E+0	0.000000E+0	0.000000E+0
80.0    	153     	3.506737E-2 	5.949658E-5	1.31E+1    	80.00     	6553.52	24.3 	35.3 	0.000000E+0	0.000000E+0	0.000000E+0	0.000000E+0	0.000000E+0	0.000000E+0	0.000000E+0	0.000000E+0
80.0    	154     	3.497715E-2 	9.131421E-5	1.03E+1    	80.00     	6555.46	24.3 	35.3 	0.000000E+0	0.000000E+0	0.000000E+0	0.000000E+0	0.000000E+0	0.000000E+0	0.000000E+0	0.000000E+0
80.0    	155     	1.523792E-1 	9.692917E-5	1.21E+1    	80.00     	6557.39	24.3 	35.3 	0.000000E+0	0.000000E+0	0.000000E+0	0.000000E+0	0.000000E+0	0.000000E+0	0.000000E+0	0.000000E+0
80.0    	156     	3.236287E-2 	3.290675E-4	1.23E+1    	80.00     	6559.33	24.3 	35.3 	0.000000E+0	0.000000E+0	0.000000E+0	0.000000E+0	0.000000E+0	0.000000E+0	0.000000E+0	0.000000E+0
80.0    	157     	3.215834E-2 	1.662304E-4	1.24E+1    	80.00     	6561.28	24.3 	35.3 	0.000000E+0	0.000000E+0	0.000000E+0	0.000000E+0	0.000000E+0	0.000000E+0	0.000000E+0	0.000000E+0
80.0    	158     	3.216657E-2 	2.034934E-4	3.28E+0    	80.00     	6563.22	24.3 	35.3 	0.000000E+0	0.000000E+0	0.000000E+0	0.000000E+0	0.000000E+0	0.000000E+0	0.000000E+0	0.000000E+0
80.0    	159     	5.472749E-2 	1.044603E-4	1.82E+0    	80.00     	6565.30	24.3 	35.3 	0.000000E+0	0.000000E+0	0.000000E+0	0.000000E+0	0.000000E+0	0.000000E+0	0.000000E+0	0.000000E+0
80.0    	160     	1.158172E-1 	1.348243E-4	2.00E+0    	80.00     	6567.24	24.3 	35.3 	0.000000E+0	0.000000E+0	0.000000E+0	0.000000E+0	0.000000E+0	0.000000E+0	0.000000E+0	0.000000E+0
80.0    	161     	1.212877E-1 	1.740917E-4	1.81E+0    	80.00     	6569.18	24.3 	35.3 	0.000000E+0	0.000000E+0	0.000000E+0	0.000000E+0	0.000000E+0	0.000000E+0	0.000000E+0	0.000000E+0
80.0    	162     	3.893850E-2 	1.184616E-4	1.73E+0    	80.00     	6571.12	24.3 	35.3 	0.000000E+0	0.000000E+0	0.000000E+0	0.000000E+0	0.000000E+0	0.000000E+0	0.000000E+0	0.000000E+0
80.0    	163     	5.004627E-2 	1.018659E-4	1.84E+0    	80.00     	6573.06	24.3 	35.3 	0.000000E+0	0.000000E+0	0.000000E+0	0.000000E+0	0.000000E+0	0.000000E+0	0.000000E+0	0.000000E+0
80.0    	164     	1.592093E-3 	2.210803E-4	1.88E+0    	80.00     	6575.01	24.3 	35.3 	0.000000E+0	0.000000E+0	0.000000E+0	0.000000E+0	0.000000E+0	0.000000E+0	0.000000E+0	0.000000E+0
80.0    	165     	3.891476E-2 	1.172619E-4	1.63E+0    	80.00     	6576.94	24.3 	35.3 	0.000000E+0	0.000000E+0	0.000000E+0	0.000000E+0	0.000000E+0	0.000000E+0	0.000000E+0	0.000000E+0
80.0    	166     	3.740277E-2 	6.674627E-5	1.90E+0    	80.00     	6578.89	24.3 	35.3 	0.000000E+0	0.000000E+0	0.000000E+0	0.000000E+0	0.000000E+0	0.000000E+0	0.000000E+0	0.000000E+0
80.0    	167     	3.643247E-2 	2.025746E-4	1.79E+0    	80.00     	6580.81	24.3 	35.3 	0.000000E+0	0.000000E+0	0.000000E+0	0.000000E+0	0.000000E+0	0.000000E+0	0.000000E+0	0.000000E+0
80.0    	168     	5.862650E-2 	8.002302E-5	2.17E+0    	80.00     	6582.75	24.3 	35.3 	0.000000E+0	0.000000E+0	0.000000E+0	0.000000E+0	0.000000E+0	0.000000E+0	0.000000E+0	0.000000E+0
80.0    	169     	3.393087E-2 	1.280161E-4	2.04E+0    	80.00     	6584.70	24.3 	35.3 	0.000000E+0	0.000000E+0	0.000000E+0	0.000000E+0	0.000000E+0	0.000000E+0	0.000000E+0	0.000000E+0
80.0    	170     	3.334930E-2 	2.833363E-4	1.85E+0    	80.00     	6586.64	24.3 	35.3 	0.000000E+0	0.000000E+0	0.000000E+0	0.000000E+0	0.000000E+0	0.000000E+0	0.000000E+0	0.000000E+0
80.0    	171     	1.109600E-1 	1.955599E-4	1.98E+0    	80.00     	6588.59	24.3 	35.3 	0.000000E+0	0.000000E+0	0.000000E+0	0.000000E+0	0.000000E+0	0.000000E+0	0.000000E+0	0.000000E+0
80.0    	172     	3.161951E-2 	1.419521E-4	2.01E+0    	80.00     	6590.53	24.3 	35.3 	0.000000E+0	0.000000E+0	0.000000E+0	0.000000E+0	0.000000E+0	0.000000E+0	0.000000E+0	0.000000E+0
80.0    	173     	3.115954E-2 	2.245050E-4	1.95E+0    	80.00     	6592.47	24.3 	35.3 	0.000000E+0	0.000000E+0	0.000000E+0	0.000000E+0	0.000000E+0	0.000000E+0	0.000000E+0	0.000000E+0
80.0    	174     	3.119468E-2 	2.094186E-5	1.85E+0    	80.00     	6594.41	24.3 	35.3 	0.000000E+0	0.000000E+0	0.000000E+0	0.000000E+0	0.000000E+0	0.000000E+0	0.000000E+0	0.000000E+0
80.0    	175     	8.803593E-2 	1.429603E-4	2.09E+0    	80.00     	6596.36	24.3 	35.3 	0.000000E+0	0.000000E+0	0.000000E+0	0.000000E+0	0.000000E+0	0.000000E+0	0.000000E+0	0.000000E+0
80.0    	176     	1.165074E-1 	8.342028E-5	1.73E+0    	80.00     	6598.30	24.3 	35.3 	0.000000E+0	0.000000E+0	0.000000E+0	0.000000E+0	0.000000E+0	0.000000E+0	0.000000E+0	0.000000E+0
80.0    	177     	1.788822E-1 	1.336125E-4	1.72E+0    	80.00     	6600.24	24.3 	35.3 	0.000000E+0	0.000000E+0	0.000000E+0	0.000000E+0	0.000000E+0	0.000000E+0	0.000000E+0	0.000000E+0
80.0    	178     	4.083195E-2 	7.672327E-5	1.72E+0    	80.00     	6602.18	24.3 	35.3 	0.000000E+0	0.000000E+0	0.000000E+0	0.000000E+0	0.000000E+0	0.000000E+0	0.000000E+0	0.000000E+0
80.0    	179     	4.320184E-2 	1.453730E-4	1.68E+0    	80.00     	6604.12	24.3 	35.3 	0.000000E+0	0.000000E+0	0.000000E+0	0.000000E+0	0.000000E+0	0.000000E+0	0.000000E+0	0.000000E+0
80.0    	180     	5.171717E-2 	1.789861E-4	1.78E+0    	80.00     	6606.06	24.3 	35.3 	0.000000E+0	0.000000E+0	0.000000E+0	0.000000E+0	0.000000E+0	0.000000E+0	0.000000E+0	0.000000E+0
80.0    	181     	3.939183E-2 	1.880059E-4	1.88E+0    	80.00     	6607.99	24.3 	35.3 	0.000000E+0	0.000000E+0	0.000000E+0	0.000000E+0	0.000000E+0	0.000000E+0	0.000000E+0	0.000000E+0
80.0    	182     	3.839556E-2 	1.310089E-4	2.09E+0    	80.00     	6609.93	24.3 	35.3 	0.000000E+0	0.000000E+0	0.000000E+0	0.000000E+0	0.000000E+0	0.000000E+0	0.000000E+0	0.000000E+0
80.0    	183     	3.710044E-2 	1.642620E-4	1.81E+0    	80.00     	6611.86	24.3 	35.3 	0.000000E+0	0.000000E+0	0.000000E+0	0.000000E+0	0.000000E+0	0.000000E+0	0.000000E+0	0.000000E+0
80.0    	184     	3.485843E-2 	6.341285E-5	2.00E+0    	80.00     	6613.79	24.3 	35.3 	0.000000E+0	0.000000E+0	0.000000E+0	0.000000E+0	0.000000E+0	0.000000E+0	0.000000E+0	0.000000E+0
80.0    	185     	1.157862E-1 	1.318297E-4	1.66E+0    	80.00     	6615.74	24.3 	35.3 	0.000000E+0	0.000000E+0	0.000000E+0	0.000000E+0	0.000000E+0	0.000000E+0	0.000000E+0	0.000000E+0
80.0    	186     	3.189684E-2 	2.418428E-4	1.71E+0    	80.00     	6617.68	24.3 	35.3 	0.000000E+0	0.000000E+0	0.000000E+0	0.000000E+0	0.000000E+0	0.000000E+0	0.000000E+0	0.000000E+0
80.0    	187     	5.109825E-2 	2.695883E-4	1.98E+0    	80.00     	6619.62	24.3 	35.3 	0.000000E+0	0.000000E+0	0.000000E+0	0.000000E+0	0.000000E+0	0.000000E+0	0.000000E+0	0.000000E+0
80.0    	188     	3.141374E-2 	6.679976E-5	1.91E+0    	80.00     	6621.54	24.3 	35.3 	0.000000E+0	0.000000E+0	0.000000E+0	0.000000E+0	0.000000E+0	0.000000E+0	0.000000E+0	0.000000E+0
80.0    	189     	3.072742E-2 	6.690714E-5	1.80E+0    	80.00     	6623.48	24.3 	35.3 	0.000000E+0	0.000000E+0	0.000000E+0	0.000000E+0	0.000000E+0	0.000000E+0	0.000000E+0	0.000000E+0
80.0    	190     	3.067802E-2 	1.078218E-4	1.97E+0    	80.00     	6625.41	24.3 	35.3 	0.000000E+0	0.000000E+0	0.000000E+0	0.000000E+0	0.000000E+0	0.000000E+0	0.000000E+0	0.000000E+0
80.0    	191     	3.928356E-2 	7.704717E-5	1.71E+0    	80.00     	6627.35	24.3 	35.3 	0.000000E+0	0.000000E+0	0.000000E+0	0.000000E+0	0.000000E+0	0.000000E+0	0.000000E+0	0.000000E+0
80.0    	192     	1.140894E-1 	1.619644E-4	2.11E+0    	80.00     	6629.29	24.3 	35.3 	0.000000E+0	0.000000E+0	0.000000E+0	0.000000E+0	0.000000E+0	0.000000E+0	0.000000E+0	0.000000E+0
80.0    	193     	1.220663E-1 	1.105324E-4	2.12E+0    	80.00     	6631.23	24.3 	35.3 	0.000000E+0	0.000000E+0	0.000000E+0	0.000000E+0	0.000000E+0	0.000000E+0	0.000000E+0	0.000000E+0
80.0    	194     	6.990238E-2 	1.230194E-4	2.03E+0    	80.00     	6633.18	24.3 	35.3 	0.000000E+0	0.000000E+0	0.000000E+0	0.000000E+0	0.000000E+0	0.000000E+0	0.000000E+0	0.000000E+0
80.0    	195     	4.068820E-2 	9.692913E-5	2.05E+0    	80.00     	6635.12	24.3 	35.3 	0.000000E+0	0.000000E+0	0.000000E+0	0.000000E+0	0.000000E+0	0.000000E+0	0.000000E+0	0.000000E+0
80.0    	196     	3.947891E-2 	1.984000E-4	1.87E+0    	80.00     	6637.06	24.3 	35.3 	0.000000E+0	0.000000E+0	0.000000E+0	0.000000E+0	0.000000E+0	0.000000E+0	0.000000E+0	0.000000E+0
80.0    	197     	3.889893E-2 	1.567259E-4	1.91E+0    	80.00     	6639.01	24.3 	35.3 	0.000000E+0	0.000000E+0	0.000000E+0	0.000000E+0	0.000000E+0	0.000000E+0	0.000000E+0	0.000000E+0
80.0    	198     	5.311363E-2 	7.267805E-5	1.95E+0    	80.00     	6640.95	24.3 	35.3 	0.000000E+0	0.000000E+0	0.000000E+0	0.000000E+0	0.000000E+0	0.000000E+0	0.000000E+0	0.000000E+0
80.0    	199     	3.678133E-2 	1.187919E-4	1.94E+0    	80.00     	6642.89	24.3 	35.3 	0.000000E+0	0.000000E+0	0.000000E+0	0.000000E+0	0.000000E+0	0.000000E+0	0.000000E+0	0.000000E+0
80.0    	200     	3.437945E-2 	7.016147E-5	1.71E+0    	80.00     	6644.82	24.3 	35.3 	0.000000E+0	0.000000E+0	0.000000E+0	0.000000E+0	0.000000E+0	0.000000E+0	0.000000E+0	0.000000E+0
80.0    	201     	1.268260E-1 	2.788950E-4	1.67E+0    	80.00     	6646.77	24.3 	35.3 	0.000000E+0	0.000000E+0	0.000000E+0	0.000000E+0	0.000000E+0	0.000000E+0	0.000000E+0	0.000000E+0
80.0    	202     	5.880885E-2 	7.251825E-5	2.10E+0    	80.00     	6648.69	24.3 	35.3 	0.000000E+0	0.000000E+0	0.000000E+0	0.000000E+0	0.000000E+0	0.000000E+0	0.000000E+0	0.000000E+0
80.0    	203     	3.173729E-2 	8.473383E-5	1.72E+0    	80.00     	6650.63	24.3 	35.3 	0.000000E+0	0.000000E+0	0.000000E+0	0.000000E+0	0.000000E+0	0.000000E+0	0.000000E+0	0.000000E+0
80.0    	204     	3.015344E-2 	8.521682E-5	2.07E+0    	80.00     	6652.57	24.3 	35.3 	0.000000E+0	0.000000E+0	0.000000E+0	0.000000E+0	0.000000E+0	0.000000E+0	0.000000E+0	0.000000E+0
80.0    	205     	3.011229E-2 	1.911116E-4	1.75E+0    	80.00     	6654.52	24.3 	35.3 	0.000000E+0	0.000000E+0	0.000000E+0	0.000000E+0	0.000000E+0	0.000000E+0	0.000000E+0	0.000000E+0
80.0    	206     	3.025475E-2 	1.046856E-4	1.57E+0    	80.00     	6656.45	24.3 	35.3 	0.000000E+0	0.000000E+0	0.000000E+0	0.000000E+0	0.000000E+0	0.000000E+0	0.000000E+0	0.000000E+0
80.0    	207     	3.156919E-2 	1.613868E-4	1.93E+0    	80.00     	6658.39	24.3 	35.3 	0.000000E+0	0.000000E+0	0.000000E+0	0.000000E+0	0.000000E+0	0.000000E+0	0.000000E+0	0.000000E+0
80.0    	208     	1.198129E-1 	1.844833E-4	1.80E+0    	80.00     	6660.33	24.3 	35.3 	0.000000E+0	0.000000E+0	0.000000E+0	0.000000E+0	0.000000E+0	0.000000E+0	0.000000E+0	0.000000E+0
80.0    	209     	1.255875E-1 	1.941722E-4	1.53E+0    	80.00     	6662.27	24.3 	35.3 	0.000000E+0	0.000000E+0	0.000000E+0	0.000000E+0	0.000000E+0	0.000000E+0	0.000000E+0	0.000000E+0
80.0    	210     	4.265828E-2 	9.460590E-5	1.82E+0    	80.00     	6664.22	24.3 	35.3 	0.000000E+0	0.000000E+0	0.000000E+0	0.000000E+0	0.000000E+0	0.000000E+0	0.000000E+0	0.000000E+0
80.0    	211     	4.102600E-2 	1.585174E-4	1.58E+0    	80.00     	6666.15	24.3 	35.3 	0.000000E+0	0.000000E+0	0.000000E+0	0.000000E+0	0.000000E+0	0.000000E+0	0.000000E+0	0.000000E+0
80.0    	212     	1.318561E-1 	1.789497E-5	1.60E+0    	80.00     	6668.09	24.3 	35.3 	0.000000E+0	0.000000E+0	0.000000E+0	0.000000E+0	0.000000E+0	0.000000E+0	0.000000E+0	0.000000E+0
80.0    	213     	3.803308E-2 	1.812325E-4	2.15E+0    	80.00     	6670.03	24.3 	35.3 	0.000000E+0	0.000000E+0	0.000000E+0	0.000000E+0	0.000000E+0	0.000000E+0	0.000000E+0	0.000000E+0
80.0    	214     	3.710582E-2 	2.129549E-4	2.24E+0    	80.00     	6671.98	24.3 	35.3 	0.000000E+0	0.000000E+0	0.000000E+0	0.000000E+0	0.000000E+0	0.000000E+0	0.000000E+0	0.000000E+0
80.0    	215     	3.537352E-2 	9.782646E-5	1.69E+0    	80.00     	6673.91	24.3 	35.3 	0.000000E+0	0.000000E+0	0.000000E+0	0.000000E+0	0.000000E+0	0.000000E+0	0.000000E+0	0.000000E+0
80.0    	216     	3.346171E-2 	1.074125E-4	1.81E+0    	80.00     	6675.85	24.3 	35.3 	0.000000E+0	0.000000E+0	0.000000E+0	0.000000E+0	0.000000E+0	0.000000E+0	0.000000E+0	0.000000E+0
80.0    	217     	3.216784E-2 	8.061241E-5	1.76E+0    	80.00     	6677.79	24.3 	35.3 	0.000000E+0	0.000000E+0	0.000000E+0	0.000000E+0	0.000000E+0	0.000000E+0	0.000000E+0	0.000000E+0
80.0    	218     	3.115923E-2 	1.345171E-4	1.91E+0    	80.00     	6679.72	24.3 	35.3 	0.000000E+0	0.000000E+0	0.000000E+0	0.000000E+0	0.000000E+0	0.000000E+0	0.000000E+0	0.000000E+0
80.0    	219     	3.004235E-2 	1.294487E-4	1.75E+0    	80.00     	6681.66	24.3 	35.3 	0.000000E+0	0.000000E+0	0.000000E+0	0.000000E+0	0.000000E+0	0.000000E+0	0.000000E+0	0.000000E+0
80.0    	220     	2.972734E-2 	8.666079E-5	2.07E+0    	80.00     	6683.61	24.3 	35.3 	0.000000E+0	0.000000E+0	0.000000E+0	0.000000E+0	0.000000E+0	0.000000E+0	0.000000E+0	0.000000E+0
80.0    	221     	5.832383E-2 	1.483561E-4	1.81E+0    	80.00     	6685.55	24.3 	35.3 	0.000000E+0	0.000000E+0	0.000000E+0	0.000000E+0	0.000000E+0	0.000000E+0	0.000000E+0	0.000000E+0
80.0    	222     	3.060363E-2 	2.655286E-4	2.07E+0    	80.00     	6687.49	24.3 	35.3 	0.000000E+0	0.000000E+0	0.000000E+0	0.000000E+0	0.000000E+0	0.000000E+0	0.000000E+0	0.000000E+0
80.0    	223     	3.339871E-2 	2.092041E-4	1.91E+0    	80.00     	6689.41	24.3 	35.3 	0.000000E+0	0.000000E+0	0.000000E+0	0.000000E+0	0.000000E+0	0.000000E+0	0.000000E+0	0.000000E+0
80.0    	224     	1.246511E-1 	2.246331E-4	1.90E+0    	80.00     	6691.35	24.3 	35.3 	0.000000E+0	0.000000E+0	0.000000E+0	0.000000E+0	0.000000E+0	0.000000E+0	0.000000E+0	0.000000E+0
80.0    	225     	1.354626E-1 	1.290514E-4	1.64E+0    	80.00     	6693.28	24.3 	35.3 	0.000000E+0	0.000000E+0	0.000000E+0	0.000000E+0	0.000000E+0	0.000000E+0	0.000000E+0	0.000000E+0
80.0    	226     	4.373782E-2 	2.075457E-4	1.89E+0    	80.00     	6695.19	24.3 	35.3 	0.000000E+0	0.000000E+0	0.000000E+0	0.000000E+0	0.000000E+0	0.000000E+0	0.000000E+0	0.000000E+0
80.0    	227     	4.131599E-2 	6.389334E-5	1.74E+0    	80.00     	6697.12	24.3 	35.3 	0.000000E+0	0.000000E+0	0.000000E+0	0.000000E+0	0.000000E+0	0.000000E+0	0.000000E+0	0.000000E+0
80.0    	228     	3.886442E-2 	2.540357E-4	1.70E+0    	80.00     	6699.06	24.3 	35.3 	0.000000E+0	0.000000E+0	0.000000E+0	0.000000E+0	0.000000E+0	0.000000E+0	0.000000E+0	0.000000E+0
80.0    	229     	6.040122E-2 	8.137084E-5	2.03E+0    	80.00     	6701.00	24.3 	35.3 	0.000000E+0	0.000000E+0	0.000000E+0	0.000000E+0	0.000000E+0	0.000000E+0	0.000000E+0	0.000000E+0
80.0    	230     	5.142751E-2 	1.713526E-4	1.54E+0    	80.00     	6702.93	24.3 	35.3 	0.000000E+0	0.000000E+0	0.000000E+0	0.000000E+0	0.000000E+0	0.000000E+0	0.000000E+0	0.000000E+0
80.0    	231     	3.422021E-2 	7.642693E-5	1.85E+0    	80.00     	6704.87	24.3 	35.3 	0.000000E+0	0.000000E+0	0.000000E+0	0.000000E+0	0.000000E+0	0.000000E+0	0.000000E+0	0.000000E+0
80.0    	232     	3.325276E-2 	2.056861E-4	1.73E+0    	80.00     	6706.81	24.3 	35.3 	0.000000E+0	0.000000E+0	0.000000E+0	0.000000E+0	0.000000E+0	0.000000E+0	0.000000E+0	0.000000E+0
80.0    	233     	3.235526E-2 	1.750013E-4	1.55E+0    	80.00     	6708.76	24.3 	35.3 	0.000000E+0	0.000000E+0	0.000000E+0	0.000000E+0	0.000000E+0	0.000000E+0	0.000000E+0	0.000000E+0
80.0    	234     	4.262916E-2 	1.861698E-4	1.85E+0    	80.00     	6710.68	24.3 	35.3 	0.000000E+0	0.000000E+0	0.000000E+0	0.000000E+0	0.000000E+0	0.000000E+0	0.000000E+0	0.000000E+0
80.0    	235     	3.001036E-2 	8.798468E-5	1.78E+0    	80.00     	6712.63	24.3 	35.3 	0.000000E+0	0.000000E+0	0.000000E+0	0.000000E+0	0.000000E+0	0.000000E+0	0.000000E+0	0.000000E+0
80.0    	236     	2.980079E-2 	2.395182E-4	1.92E+0    	80.00     	6714.54	24.3 	35.3 	0.000000E+0	0.000000E+0	0.000000E+0	0.000000E+0	0.000000E+0	0.000000E+0	0.000000E+0	0.000000E+0
80.0    	237     	3.031144E-2 	1.848515E-4	1.76E+0    	80.00     	6716.47	24.3 	35.3 	0.000000E+0	0.000000E+0	0.000000E+0	0.000000E+0	0.000000E+0	0.000000E+0	0.000000E+0	0.000000E+0
80.0    	238     	1.358574E-1 	8.559231E-4	2.08E+0    	80.00     	6718.42	24.3 	35.3 	0.000000E+0	0.000000E+0	0.000000E+0	0.000000E+0	0.000000E+0	0.000000E+0	0.000000E+0	0.000000E+0
80.0    	239     	4.933492E-2 	3.260601E-4	1.74E+0    	80.00     	6720.36	24.3 	35.3 	0.000000E+0	0.000000E+0	0.000000E+0	0.000000E+0	0.000000E+0	0.000000E+0	0.000000E+0	0.000000E+0
80.0    	240     	1.440959E-1 	9.321397E-5	1.82E+0    	80.00     	6722.30	24.3 	35.3 	0.000000E+0	0.000000E+0	0.000000E+0	0.000000E+0	0.000000E+0	0.000000E+0	0.000000E+0	0.000000E+0
80.0    	241     	2.438703E-1 	2.872825E-4	1.95E+0    	80.00     	6724.23	24.3 	35.3 	0.000000E+0	0.000000E+0	0.000000E+0	0.000000E+0	0.000000E+0	0.000000E+0	0.000000E+0	0.000000E+0
80.0    	242     	1.289575E-1 	2.150695E-4	1.77E+0    	80.00     	6726.16	24.3 	35.3 	0.000000E+0	0.000000E+0	0.000000E+0	0.000000E+0	0.000000E+0	0.000000E+0	0.000000E+0	0.000000E+0
80.0    	243     	1.210161E-1 	4.055827E-5	1.93E+0    	80.00     	6728.11	24.3 	35.3 	0.000000E+0	0.000000E+0	0.000000E+0	0.000000E+0	0.000000E+0	0.000000E+0	0.000000E+0	0.000000E+0
80.0    	244     	1.170308E-1 	1.092845E-4	1.68E+0    	80.00     	6730.04	24.3 	35.3 	0.000000E+0	0.000000E+0	0.000000E+0	0.000000E+0	0.000000E+0	0.000000E+0	0.000000E+0	0.000000E+0
80.0    	245     	1.144469E-1 	1.460705E-4	1.82E+0    	80.00     	6731.98	24.3 	35.3 	0.000000E+0	0.000000E+0	0.000000E+0	0.000000E+0	0.000000E+0	0.000000E+0	0.000000E+0	0.000000E+0
80.0    	246     	1.116942E-1 	1.435247E-4	2.09E+0    	80.00     	6733.91	24.3 	35.3 	0.000000E+0	0.000000E+0	0.000000E+0	0.000000E+0	0.000000E+0	0.000000E+0	0.000000E+0	0.000000E+0
80.0    	247     	1.101489E-1 	1.951525E-4	1.76E+0    	80.00     	6735.85	24.3 	35.3 	0.000000E+0	0.000000E+0	0.000000E+0	0.000000E+0	0.000000E+0	0.000000E+0	0.000000E+0	0.000000E+0
80.0    	248     	1.483033E-1 	1.768428E-4	2.09E+0    	80.00     	6737.79	24.3 	35.3 	0.000000E+0	0.000000E+0	0.000000E+0	0.000000E+0	0.000000E+0	0.000000E+0	0.000000E+0	0.000000E+0
80.0    	249     	2.089614E-1 	1.210799E-5	2.15E+0    	80.00     	6739.73	24.3 	35.3 	0.000000E+0	0.000000E+0	0.000000E+0	0.000000E+0	0.000000E+0	0.000000E+0	0.000000E+0	0.000000E+0
80.0    	250     	1.075888E-1 	5.321015E-5	2.04E+0    	80.00     	6741.67	24.3 	35.3 	0.000000E+0	0.000000E+0	0.000000E+0	0.000000E+0	0.000000E+0	0.000000E+0	0.000000E+0	0.000000E+0
80.0    	251     	1.060275E-1 	1.003511E-4	1.81E+0    	80.00     	6743.61	24.3 	35.3 	0.000000E+0	0.000000E+0	0.000000E+0	0.000000E+0	0.000000E+0	0.000000E+0	0.000000E+0	0.000000E+0
80.0    	252     	1.243409E-1 	6.215628E-5	2.03E+0    	80.00     	6745.56	24.3 	35.3 	0.000000E+0	0.000000E+0	0.000000E+0	0.000000E+0	0.000000E+0	0.000000E+0	0.000000E+0	0.000000E+0
80.0    	253     	1.417923E-1 	1.463329E-4	1.87E+0    	80.00     	6747.50	24.3 	35.3 	0.000000E+0	0.000000E+0	0.000000E+0	0.000000E+0	0.000000E+0	0.000000E+0	0.000000E+0	0.000000E+0
80.0    	254     	3.892780E-1 	2.953456E-5	2.22E+0    	80.00     	6749.44	24.3 	35.3 	0.000000E+0	0.000000E+0	0.000000E+0	0.000000E+0	0.000000E+0	0.000000E+0	0.000000E+0	0.000000E+0
80.0    	255     	1.352406E-1 	1.285439E-4	2.10E+0    	80.00     	6751.39	24.3 	35.3 	0.000000E+0	0.000000E+0	0.000000E+0	0.000000E+0	0.000000E+0	0.000000E+0	0.000000E+0	0.000000E+0
80.0    	256     	2.903740E-1 	8.856604E-5	1.95E+0    	80.00     	6753.31	24.3 	35.3 	0.000000E+0	0.000000E+0	0.000000E+0	0.000000E+0	0.000000E+0	0.000000E+0	0.000000E+0	0.000000E+0
80.0    	257     	2.484527E-3 	2.021876E-4	1.69E+0    	80.00     	6755.24	24.3 	35.3 	0.000000E+0	0.000000E+0	0.000000E+0	0.000000E+0	0.000000E+0	0.000000E+0	0.000000E+0	0.000000E+0
80.0    	258     	1.658891E-3 	2.401011E-4	2.01E+0    	80.00     	6757.18	24.3 	35.3 	0.000000E+0	0.000000E+0	0.000000E+0	0.000000E+0	0.000000E+0	0.000000E+0	0.000000E+0	0.000000E+0
80.0    	259     	1.895692E-3 	2.016082E-4	1.74E+0    	80.00     	6759.13	24.3 	35.3 	0.000000E+0	0.000000E+0	0.000000E+0	0.000000E+0	0.000000E+0	0.000000E+0	0.000000E+0	0.000000E+0
80.0    	260     	1.806101E-3 	2.396317E-4	1.82E+0    	80.00     	6761.08	24.3 	35.3 	0.000000E+0	0.000000E+0	0.000000E+0	0.000000E+0	0.000000E+0	0.000000E+0	0.000000E+0	0.000000E+0
80.0    	261     	1.995415E-3 	2.023011E-4	1.49E+0    	80.00     	6763.01	24.3 	35.3 	0.000000E+0	0.000000E+0	0.000000E+0	0.000000E+0	0.000000E+0	0.000000E+0	0.000000E+0	0.000000E+0
80.0    	262     	1.702580E-3 	2.147592E-4	1.73E+0    	80.00     	6764.94	24.3 	35.3 	0.000000E+0	0.000000E+0	0.000000E+0	0.000000E+0	0.000000E+0	0.000000E+0	0.000000E+0	0.000000E+0
80.0    	263     	1.412910E-3 	1.572668E-4	1.64E+0    	80.00     	6766.87	24.3 	35.3 	0.000000E+0	0.000000E+0	0.000000E+0	0.000000E+0	0.000000E+0	0.000000E+0	0.000000E+0	0.000000E+0
80.0    	264     	-9.229906E-4	1.891135E-4	1.70E+0    	80.00     	6768.81	24.3 	35.3 	0.000000E+0	0.000000E+0	0.000000E+0	0.000000E+0	0.000000E+0	0.000000E+0	0.000000E+0	0.000000E+0
100.0   	1       	2.630484E-1 	3.490191E-5	3.67E+1    	100.00    	6788.20	24.3 	35.3 	0.000000E+0	0.000000E+0	0.000000E+0	0.000000E+0	0.000000E+0	0.000000E+0	0.000000E+0	0.000000E+0
100.0   	2       	2.273394E-1 	2.744941E-4	1.75E+1    	100.00    	6790.01	24.3 	35.3 	0.000000E+0	0.000000E+0	0.000000E+0	0.000000E+0	0.000000E+0	0.000000E+0	0.000000E+0	0.000000E+0
100.0   	3       	2.316107E-3 	8.010756E-5	1.46E+1    	100.00    	6791.95	24.3 	35.3 	0.000000E+0	0.000000E+0	0.000000E+0	0.000000E+0	0.000000E+0	0.000000E+0	0.000000E+0	0.000000E+0
100.0   	4       	1.654960E-1 	1.553290E-4	1.40E+1    	100.00    	6793.89	24.3 	35.3 	0.000000E+0	0.000000E+0	0.000000E+0	0.000000E+0	0.000000E+0	0.000000E+0	0.000000E+0	0.000000E+0
100.0   	5       	1.414364E-1 	1.512197E-4	1.48E+1    	100.00    	6795.84	24.3 	35.3 	0.000000E+0	0.000000E+0	0.000000E+0	0.000000E+0	0.000000E+0	0.000000E+0	0.000000E+0	0.000000E+0
100.0   	6       	1.372345E-1 	2.896158E-5	1.30E+1    	100.00    	6797.78	24.3 	35.3 	0.000000E+0	0.000000E+0	0.000000E+0	0.000000E+0	0.000000E+0	0.000000E+0	0.000000E+0	0.000000E+0
100.0   	7       	1.348730E-1 	2.039532E-4	1.50E+1    	100.00    	6799.72	24.3 	35.3 	0.000000E+0	0.000000E+0	0.000000E+0	0.000000E+0	0.000000E+0	0.000000E+0	0.000000E+0	0.000000E+0
100.0   	8       	1.321530E-1 	3.332422E-5	1.49E+1    	100.00    	6801.66	24.3 	35.3 	0.000000E+0	0.000000E+0	0.000000E+0	0.000000E+0	0.000000E+0	0.000000E+0	0.000000E+0	0.000000E+0
100.0   	9       	1.531497E-1 	1.117578E-2	1.68E+1    	100.00    	6803.61	24.3 	35.3 	0.000000E+0	0.000000E+0	0.000000E+0	0.000000E+0	0.000000E+0	0.000000E+0	0.000000E+0	0.000000E+0
100.0   	10      	1.320500E-1 	4.041989E-3	1.72E+1    	100.00    	6805.54	24.3 	35.3 	0.000000E+0	0.000000E+0	0.000000E+0	0.000000E+0	0.000000E+0	0.000000E+0	0.000000E+0	0.000000E+0
100.0   	11      	1.310972E-1 	8.175673E-5	1.65E+1    	100.00    	6807.48	24.3 	35.3 	0.000000E+0	0.000000E+0	0.000000E+0	0.000000E+0	0.000000E+0	0.000000E+0	0.000000E+0	0.000000E+0
100.0   	12      	1.294880E-1 	1.050673E-4	1.44E+1    	100.00    	6809.41	24.3 	35.3 	0.000000E+0	0.000000E+0	0.000000E+0	0.000000E+0	0.000000E+0	0.000000E+0	0.000000E+0	0.000000E+0
100.0   	13      	1.338292E-1 	2.075444E-4	1.34E+1    	100.00    	6811.36	24.3 	35.3 	0.000000E+0	0.000000E+0	0.000000E+0	0.000000E+0	0.000000E+0	0.000000E+0	0.000000E+0	0.000000E+0
100.0   	14      	1.375281E-1 	6.578528E-5	1.46E+1    	100.00    	6813.30	24.3 	35.3 	0.000000E+0	0.000000E+0	0.000000E+0	0.000000E+0	0.000000E+0	0.000000E+0	0.000000E+0	0.000000E+0
100.0   	15      	1.456297E-1 	1.786597E-4	1.63E+1    	100.00    	6815.23	24.3 	35.3 	0.000000E+0	0.000000E+0	0.000000E+0	0.000000E+0	0.000000E+0	0.000000E+0	0.000000E+0	0.000000E+0
100.0   	16      	2.552908E-1 	1.586342E-4	1.25E+1    	100.00    	6817.16	24.3 	35.3 	0.000000E+0	0.000000E+0	0.000000E+0	0.000000E+0	0.000000E+0	0.000000E+0	0.000000E+0	0.000000E+0
100.0   	17      	1.383734E-1 	1.030643E-4	1.48E+1    	100.00    	6819.11	24.3 	35.3 	0.000000E+0	0.000000E+0	0.000000E+0	0.000000E+0	0.000000E+0	0.000000E+0	0.000000E+0	0.000000E+0
100.0   	18      	4.580980E-2 	1.724102E-4	1.71E+1    	100.00    	6821.05	24.3 	35.3 	0.000000E+0	0.000000E+0	0.000000E+0	0.000000E+0	0.000000E+0	0.000000E+0	0.000000E+0	0.000000E+0
100.0   	19      	8.644037E-2 	1.066277E-4	1.45E+1    	100.00    	6822.99	24.3 	35.3 	0.000000E+0	0.000000E+0	0.000000E+0	0.000000E+0	0.000000E+0	0.000000E+0	0.000000E+0	0.000000E+0
100.0   	20      	4.367764E-2 	1.538544E-4	1.39E+1    	100.00    	6824.94	24.3 	35.3 	0.000000E+0	0.000000E+0	0.000000E+0	0.000000E+0	0.000000E+0	0.000000E+0	0.000000E+0	0.000000E+0
100.0   	21      	4.349720E-2 	1.275839E-4	1.30E+1    	100.00    	6826.88	24.3 	35.3 	0.000000E+0	0.000000E+0	0.000000E+0	0.000000E+0	0.000000E+0	0.000000E+0	0.000000E+0	0.000000E+0
100.0   	22      	4.236955E-2 	1.354695E-4	1.73E+1    	100.00    	6828.83	24.3 	35.3 	0.000000E+0	0.000000E+0	0.000000E+0	0.000000E+0	0.000000E+0	0.000000E+0	0.000000E+0	0.000000E+0
100.0   	23      	4.367606E-2 	1.149047E-4	1.23E+1    	100.00    	6830.77	24.3 	35.3 	0.000000E+0	0.000000E+0	0.000000E+0	0.000000E+0	0.000000E+0	0.000000E+0	0.000000E+0	0.000000E+0
100.0   	24      	6.372084E-2 	1.310967E-4	1.14E+1    	100.00    	6832.72	24.3 	35.3 	0.000000E+0	0.000000E+0	0.000000E+0	0.000000E+0	0.000000E+0	0.000000E+0	0.000000E+0	0.000000E+0
100.0   	25      	7.210476E-2 	9.891100E-5	1.33E+1    	100.00    	6834.65	24.3 	35.3 	0.000000E+0	0.000000E+0	0.000000E+0	0.000000E+0	0.000000E+0	0.000000E+0	0.000000E+0	0.000000E+0
100.0   	26      	4.108520E-2 	1.577973E-4	1.43E+1    	100.00    	6836.58	24.3 	35.3 	0.000000E+0	0.000000E+0	0.000000E+0	0.000000E+0	0.000000E+0	0.000000E+0	0.000000E+0	0.000000E+0
100.0   	27      	7.558619E-2 	2.629477E-4	1.65E+1    	100.00    	6838.53	24.3 	35.3 	0.000000E+0	0.000000E+0	0.000000E+0	0.000000E+0	0.000000E+0	0.000000E+0	0.000000E+0	0.000000E+0
100.0   	28      	4.263295E-2 	6.511450E-5	1.53E+1    	100.00    	6840.47	24.3 	35.3 	0.000000E+0	0.000000E+0	0.000000E+0	0.000000E+0	0.000000E+0	0.000000E+0	0.000000E+0	0.000000E+0
100.0   	29      	4.449949E-2 	1.359914E-4	1.48E+1    	100.00    	6842.41	24.3 	35.3 	0.000000E+0	0.000000E+0	0.000000E+0	0.000000E+0	0.000000E+0	0.000000E+0	0.000000E+0	0.000000E+0
100.0   	30      	1.707498E-1 	6.321063E-5	1.11E+1    	100.00    	6844.36	24.3 	35.3 	0.000000E+0	0.000000E+0	0.000000E+0	0.000000E+0	0.000000E+0	0.000000E+0	0.000000E+0	0.000000E+0
100.0   	31      	9.647775E-2 	1.219309E-4	1.61E+1    	100.00    	6846.28	24.3 	35.3 	0.000000E+0	0.000000E+0	0.000000E+0	0.000000E+0	0.000000E+0	0.000000E+0	0.000000E+0	0.000000E+0
100.0   	32      	1.430565E-1 	2.462780E-4	1.51E+1    	100.00    	6848.23	24.3 	35.3 	0.000000E+0	0.000000E+0	0.000000E+0	0.000000E+0	0.000000E+0	0.000000E+0	0.000000E+0	0.000000E+0
100.0   	33      	1.311643E-1 	6.790378E-5	1.52E+1    	100.00    	6850.17	24.3 	35.3 	0.000000E+0	0.000000E+0	0.000000E+0	0.000000E+0	0.000000E+0	0.000000E+0	0.000000E+0	0.000000E+0
100.0   	34      	6.923340E-2 	1.022824E-4	1.16E+1    	100.00    	6852.12	24.3 	35.3 	0.000000E+0	0.000000E+0	0.000000E+0	0.000000E+0	0.000000E+0	0.000000E+0	0.000000E+0	0.000000E+0
100.0   	35      	3.987747E-2 	1.900313E-4	1.76E+1    	100.00    	6854.07	24.3 	35.3 	0.000000E+0	0.000000E+0	0.000000E+0	0.000000E+0	0.000000E+0	0.000000E+0	0.000000E+0	0.000000E+0
100.0   	36      	1.065621E-1 	1.412158E-4	1.22E+1    	100.00    	6856.01	24.3 	35.3 	0.000000E+0	0.000000E+0	0.000000E+0	0.000000E+0	0.000000E+0	0.000000E+0	0.000000E+0	0.000000E+0
100.0   	37      	3.912335E-2 	1.866945E-4	1.34E+1    	100.00    	6857.96	24.3 	35.3 	0.000000E+0	0.000000E+0	0.000000E+0	0.000000E+0	0.000000E+0	0.000000E+0	0.000000E+0	0.000000E+0
100.0   	38      	3.846835E-2 	5.156800E-5	1.35E+1    	100.00    	6859.90	24.3 	35.3 	0.000000E+0	0.000000E+0	0.000000E+0	0.000000E+0	0.000000E+0	0.000000E+0	0.000000E+0	0.000000E+0
100.0   	39      	3.884507E-2 	1.775740E-4	1.52E+1    	100.00    	6861.86	24.3 	35.3 	0.000000E+0	0.000000E+0	0.000000E+0	0.000000E+0	0.000000E+0	0.000000E+0	0.000000E+0	0.000000E+0
100.0   	40      	3.721724E-2 	2.176683E-4	1.38E+1    	100.00    	6863.80	24.3 	35.3 	0.000000E+0	0.000000E+0	0.000000E+0	0.000000E+0	0.000000E+0	0.000000E+0	0.000000E+0	0.000000E+0
100.0   	41      	3.802388E-2 	2.560765E-4	1.61E+1    	100.00    	6865.73	24.3 	35.3 	0.000000E+0	0.000000E+0	0.000000E+0	0.000000E+0	0.000000E+0	0.000000E+0	0.000000E+0	0.000000E+0
100.0   	42      	3.891346E-2 	1.209196E-4	1.31E+1    	100.00    	6867.67	24.3 	35.3 	0.000000E+0	0.000000E+0	0.000000E+0	0.000000E+0	0.000000E+0	0.000000E+0	0.000000E+0	0.000000E+0
100.0   	43      	3.928322E-2 	1.035400E-4	1.41E+1    	100.00    	6869.59	24.3 	35.3 	0.000000E+0	0.000000E+0	0.000000E+0	0.000000E+0	0.000000E+0	0.000000E+0	0.000000E+0	0.000000E+0
100.0   	44      	6.162822E-2 	1.662159E-4	1.08E+1    	100.00    	6871.53	24.3 	35.3 	0.000000E+0	0.000000E+0	0.000000E+0	0.000000E+0	0.000000E+0	0.000000E+0	0.000000E+0	0.000000E+0
100.0   	45      	4.196685E-2 	1.488786E-4	1.38E+1    	100.00    	6873.48	24.3 	35.3 	0.000000E+0	0.000000E+0	0.000000E+0	0.000000E+0	0.000000E+0	0.000000E+0	0.000000E+0	0.000000E+0
100.0   	46      	4.287353E-2 	2.254611E-4	1.27E+1    	100.00    	6875.43	24.3 	35.3 	0.000000E+0	0.000000E+0	0.000000E+0	0.000000E+0	0.000000E+0	0.000000E+0	0.000000E+0	0.000000E+0
100.0   	47      	4.601714E-2 	1.704085E-3	1.70E+1    	100.00    	6877.38	24.3 	35.3 	0.000000E+0	0.000000E+0	0.000000E+0	0.000000E+0	0.000000E+0	0.000000E+0	0.000000E+0	0.000000E+0
100.0   	48      	2.364869E-1 	4.978525E-4	1.37E+1    	100.00    	6879.32	24.3 	35.3 	0.000000E+0	0.000000E+0	0.000000E+0	0.000000E+0	0.000000E+0	0.000000E+0	0.000000E+0	0.000000E+0
100.0   	49      	1.819898E-1 	1.224629E-4	1.68E+1    	100.00    	6881.27	24.3 	35.3 	0.000000E+0	0.000000E+0	0.000000E+0	0.000000E+0	0.000000E+0	0.000000E+0	0.000000E+0	0.000000E+0
100.0   	50      	3.882261E-2 	3.294003E-4	1.30E+1    	100.00    	6883.21	24.3 	35.3 	0.000000E+0	0.000000E+0	0.000000E+0	0.000000E+0	0.000000E+0	0.000000E+0	0.000000E+0	0.000000E+0
100.0   	51      	2.959162E-1 	1.154516E-4	1.67E+1    	100.00    	6885.15	24.3 	35.3 	0.000000E+0	0.000000E+0	0.000000E+0	0.000000E+0	0.000000E+0	0.000000E+0	0.000000E+0	0.000000E+0
100.0   	52      	3.743346E-2 	1.508943E-4	1.79E+1    	100.00    	6887.08	24.3 	35.3 	0.000000E+0	0.000000E+0	0.000000E+0	0.000000E+0	0.000000E+0	0.000000E+0	0.000000E+0	0.000000E+0
100.0   	53      	3.937156E-2 	1.983329E-4	1.40E+1    	100.00    	6889.03	24.3 	35.3 	0.000000E+0	0.000000E+0	0.000000E+0	0.000000E+0	0.000000E+0	0.000000E+0	0.000000E+0	0.000000E+0
100.0   	54      	3.614501E-2 	1.378887E-4	1.57E+1    	100.00    	6890.97	24.3 	35.3 	0.000000E+0	0.000000E+0	0.000000E+0	0.000000E+0	0.000000E+0	0.000000E+0	0.000000E+0	0.000000E+0
100.0   	55      	3.628206E-2 	2.379289E-4	1.52E+1    	100.00    	6892.90	24.3 	35.3 	0.000000E+0	0.000000E+0	0.000000E+0	0.000000E+0	0.000000E+0	0.000000E+0	0.000000E+0	0.000000E+0
100.0   	56      	3.575528E-2 	2.969105E-4	1.60E+1    	100.00    	6894.85	24.3 	35.3 	0.000000E+0	0.000000E+0	0.000000E+0	0.000000E+0	0.000000E+0	0.000000E+0	0.000000E+0	0.000000E+0
100.0   	57      	4.036277E-2 	1.183009E-4	1.49E+1    	100.00    	6896.79	24.3 	35.3 	0.000000E+0	0.000000E+0	0.000000E+0	0.000000E+0	0.000000E+0	0.000000E+0	0.000000E+0	0.000000E+0
100.0   	58      	3.704849E-2 	1.812463E-4	1.58E+1    	100.00    	6898.74	24.3 	35.3 	0.000000E+0	0.000000E+0	0.000000E+0	0.000000E+0	0.000000E+0	0.000000E+0	0.000000E+0	0.000000E+0
100.0   	59      	3.757023E-2 	2.343734E-4	1.63E+1    	100.00    	6900.68	24.3 	35.3 	0.000000E+0	0.000000E+0	0.000000E+0	0.000000E+0	0.000000E+0	0.000000E+0	0.000000E+0	0.000000E+0
100.0   	60      	5.128882E-2 	9.945326E-4	1.33E+1    	100.00    	6902.62	24.3 	35.3 	0.000000E+0	0.000000E+0	0.000000E+0	0.000000E+0	0.000000E+0	0.000000E+0	0.000000E+0	0.000000E+0
100.0   	61      	5.609859E-2 	1.338396E-3	1.57E+1    	100.00    	6904.57	24.3 	35.3 	0.000000E+0	0.000000E+0	0.000000E+0	0.000000E+0	0.000000E+0	0.000000E+0	0.000000E+0	0.000000E+0
100.0   	62      	8.163280E-2 	3.267627E-3	1.28E+1    	100.00    	6906.52	24.3 	35.3 	0.000000E+0	0.000000E+0	0.000000E+0	0.000000E+0	0.000000E+0	0.000000E+0	0.000000E+0	0.000000E+0
100.0   	63      	4.910663E-2 	3.449294E-3	1.27E+1    	100.00    	6908.47	24.3 	35.3 	0.000000E+0	0.000000E+0	0.000000E+0	0.000000E+0	0.000000E+0	0.000000E+0	0.000000E+0	0.000000E+0
100.0   	64      	4.877639E-1 	1.196276E-4	1.56E+1    	100.00    	6910.41	24.3 	35.3 	0.000000E+0	0.000000E+0	0.000000E+0	0.000000E+0	0.000000E+0	0.000000E+0	0.000000E+0	0.000000E+0
100.0   	65      	1.251594E-1 	1.871036E-4	1.17E+1    	100.00    	6912.36	24.3 	35.3 	0.000000E+0	0.000000E+0	0.000000E+0	0.000000E+0	0.000000E+0	0.000000E+0	0.000000E+0	0.000000E+0
100.0   	66      	3.726790E-2 	1.402863E-4	1.16E+1    	100.00    	6914.30	24.3 	35.3 	0.000000E+0	0.000000E+0	0.000000E+0	0.000000E+0	0.000000E+0	0.000000E+0	0.000000E+0	0.000000E+0
100.0   	67      	9.289351E-2 	4.846742E-5	1.68E+1    	100.00    	6916.24	24.3 	35.3 	0.000000E+0	0.000000E+0	0.000000E+0	0.000000E+0	0.000000E+0	0.000000E+0	0.000000E+0	0.000000E+0
100.0   	68      	3.735590E-2 	1.541001E-4	1.28E+1    	100.00    	6918.19	24.3 	35.3 	0.000000E+0	0.000000E+0	0.000000E+0	0.000000E+0	0.000000E+0	0.000000E+0	0.000000E+0	0.000000E+0
100.0   	69      	1.478316E+1 	9.654942E-3	1.42E+1    	100.00    	6920.14	24.3 	35.3 	0.000000E+0	0.000000E+0	0.000000E+0	0.000000E+0	0.000000E+0	0.000000E+0	0.000000E+0	0.000000E+0
100.0   	70      	3.859912E-2 	1.943966E-4	1.33E+1    	100.00    	6922.25	24.3 	35.3 	0.000000E+0	0.000000E+0	0.000000E+0	0.000000E+0	0.000000E+0	0.000000E+0	0.000000E+0	0.000000E+0
100.0   	71      	2.935643E-1 	1.253420E-4	1.17E+1    	100.00    	6924.27	24.3 	35.3 	0.000000E+0	0.000000E+0	0.000000E+0	0.000000E+0	0.000000E+0	0.000000E+0	0.000000E+0	0.000000E+0
100.0   	72      	3.586671E-2 	1.106568E-4	1.20E+1    	100.00    	6926.22	24.3 	35.3 	0.000000E+0	0.000000E+0	0.000000E+0	0.000000E+0	0.000000E+0	0.000000E+0	0.000000E+0	0.000000E+0
100.0   	73      	3.560238E-2 	9.370114E-5	1.33E+1    	100.00    	6928.16	24.3 	35.3 	0.000000E+0	0.000000E+0	0.000000E+0	0.000000E+0	0.000000E+0	0.000000E+0	0.000000E+0	0.000000E+0
100.0   	74      	3.724984E-2 	7.941192E-5	1.26E+1    	100.00    	6930.11	24.3 	35.3 	0.000000E+0	0.000000E+0	0.000000E+0	0.000000E+0	0.000000E+0	0.000000E+0	0.000000E+0	0.000000E+0
100.0   	75      	3.603134E-2 	2.741052E-4	1.32E+1    	100.00    	6932.05	24.3 	35.3 	0.000000E+0	0.000000E+0	0.000000E+0	0.000000E+0	0.000000E+0	0.000000E+0	0.000000E+0	0.000000E+0
100.0   	76      	7.124145E-2 	2.064774E-2	1.70E+1    	100.00    	6934.00	24.3 	35.3 	0.000000E+0	0.000000E+0	0.000000E+0	0.000000E+0	0.000000E+0	0.000000E+0	0.000000E+0	0.000000E+0
100.0   	77      	1.815703E-2 	2.940611E-2	1.56E+1    	100.00    	6935.95	24.3 	35.3 	0.000000E+0	0.000000E+0	0.000000E+0	0.000000E+0	0.000000E+0	0.000000E+0	0.000000E+0	0.000000E+0
100.0   	78      	2.413296E-3 	1.866306E-3	1.44E+1    	100.00    	6937.90	24.3 	35.3 	0.000000E+0	0.000000E+0	0.000000E+0	0.000000E+0	0.000000E+0	0.000000E+0	0.000000E+0	0.000000E+0
100.0   	79      	9.504840E-2 	8.007956E-2	1.33E+1    	100.00    	6939.84	24.3 	35.3 	0.000000E+0	0.000000E+0	0.000000E+0	0.000000E+0	0.000000E+0	0.000000E+0	0.000000E+0	0.000000E+0
100.0   	80      	2.898226E-1 	8.052528E-5	1.57E+1    	100.00    	6941.79	24.3 	35.3 	0.000000E+0	0.000000E+0	0.000000E+0	0.000000E+0	0.000000E+0	0.000000E+0	0.000000E+0	0.000000E+0
100.0   	81      	1.218474E-1 	2.956426E-4	1.69E+1    	100.00    	6943.73	24.3 	35.3 	0.000000E+0	0.000000E+0	0.000000E+0	0.000000E+0	0.000000E+0	0.000000E+0	0.000000E+0	0.000000E+0
100.0   	82      	3.964951E-2 	1.344121E-4	1.83E+1    	100.00    	6945.68	24.3 	35.3 	0.000000E+0	0.000000E+0	0.000000E+0	0.000000E+0	0.000000E+0	0.000000E+0	0.000000E+0	0.000000E+0
100.0   	83      	4.966919E-2 	2.426082E-4	1.20E+1    	100.00    	6947.62	24.3 	35.3 	0.000000E+0	0.000000E+0	0.000000E+0	0.000000E+0	0.000000E+0	0.000000E+0	0.000000E+0	0.000000E+0
100.0   	84      	3.739707E-2 	6.874241E-5	1.38E+1    	100.00    	6949.57	24.3 	35.3 	0.000000E+0	0.000000E+0	0.000000E+0	0.000000E+0	0.000000E+0	0.000000E+0	0.000000E+0	0.000000E+0
100.0   	85      	3.660751E-2 	5.623141E-5	1.50E+1    	100.00    	6951.51	24.3 	35.3 	0.000000E+0	0.000000E+0	0.000000E+0	0.000000E+0	0.000000E+0	0.000000E+0	0.000000E+0	0.000000E+0
100.0   	86      	3.546497E-2 	1.393440E-4	1.67E+1    	100.00    	6953.45	24.3 	35.3 	0.000000E+0	0.000000E+0	0.000000E+0	0.000000E+0	0.000000E+0	0.000000E+0	0.000000E+0	0.000000E+0
100.0   	87      	3.486316E-2 	2.507520E-4	1.36E+1    	100.00    	6955.40	24.3 	35.3 	0.000000E+0	0.000000E+0	0.000000E+0	0.000000E+0	0.000000E+0	0.000000E+0	0.000000E+0	0.000000E+0
100.0   	88      	3.496828E-2 	6.215878E-5	1.30E+1    	100.00    	6957.35	24.3 	35.3 	0.000000E+0	0.000000E+0	0.000000E+0	0.000000E+0	0.000000E+0	0.000000E+0	0.000000E+0	0.000000E+0
100.0   	89      	3.619344E-2 	1.723527E-4	1.63E+1    	100.00    	6959.30	24.3 	35.3 	0.000000E+0	0.000000E+0	0.000000E+0	0.000000E+0	0.000000E+0	0.000000E+0	0.000000E+0	0.000000E+0
100.0   	90      	4.214571E-1 	1.199503E-4	1.57E+1    	100.00    	6961.24	24.3 	35.3 	0.000000E+0	0.000000E+0	0.000000E+0	0.000000E+0	0.000000E+0	0.000000E+0	0.000000E+0	0.000000E+0
100.0   	91      	3.549601E-2 	2.753609E-5	1.43E+1    	100.00    	6963.19	24.3 	35.3 	0.000000E+0	0.000000E+0	0.000000E+0	0.000000E+0	0.000000E+0	0.000000E+0	0.000000E+0	0.000000E+0
100.0   	92      	1.758012E-1 	1.846990E-4	1.64E+1    	100.00    	6965.13	24.3 	35.3 	0.000000E+0	0.000000E+0	0.000000E+0	0.000000E+0	0.000000E+0	0.000000E+0	0.000000E+0	0.000000E+0
100.0   	93      	3.780164E-2 	2.123892E-4	1.58E+1    	100.00    	6967.08	24.3 	35.3 	0.000000E+0	0.000000E+0	0.000000E+0	0.000000E+0	0.000000E+0	0.000000E+0	0.000000E+0	0.000000E+0
100.0   	94      	3.900306E-2 	2.088821E-4	1.50E+1    	100.00    	6969.03	24.3 	35.3 	0.000000E+0	0.000000E+0	0.000000E+0	0.000000E+0	0.000000E+0	0.000000E+0	0.000000E+0	0.000000E+0
100.0   	95      	4.613145E-2 	2.606642E-4	1.42E+1    	100.00    	6970.97	24.3 	35.3 	0.000000E+0	0.000000E+0	0.000000E+0	0.000000E+0	0.000000E+0	0.000000E+0	0.000000E+0	0.000000E+0
100.0   	96      	1.303038E-1 	1.522209E-4	1.28E+1    	100.00    	6972.92	24.3 	35.3 	0.000000E+0	0.000000E+0	0.000000E+0	0.000000E+0	0.000000E+0	0.000000E+0	0.000000E+0	0.000000E+0
100.0   	97      	1.419798E-1 	1.009805E-4	1.47E+1    	100.00    	6974.86	24.3 	35.3 	0.000000E+0	0.000000E+0	0.000000E+0	0.000000E+0	0.000000E+0	0.000000E+0	0.000000E+0	0.000000E+0
100.0   	98      	3.607471E-2 	5.417444E-5	1.61E+1    	100.00    	6976.81	24.3 	35.3 	0.000000E+0	0.000000E+0	0.000000E+0	0.000000E+0	0.000000E+0	0.000000E+0	0.000000E+0	0.000000E+0
100.0   	99      	3.513827E-2 	2.284822E-4	1.67E+1    	100.00    	6978.76	24.3 	35.3 	0.000000E+0	0.000000E+0	0.000000E+0	0.000000E+0	0.000000E+0	0.000000E+0	0.000000E+0	0.000000E+0
100.0   	100     	3.522660E-2 	2.237947E-4	1.35E+1    	100.00    	6980.70	24.3 	35.3 	0.000000E+0	0.000000E+0	0.000000E+0	0.000000E+0	0.000000E+0	0.000000E+0	0.000000E+0	0.000000E+0
100.0   	101     	3.581101E-2 	2.350826E-4	1.46E+1    	100.00    	6982.65	24.3 	35.3 	0.000000E+0	0.000000E+0	0.000000E+0	0.000000E+0	0.000000E+0	0.000000E+0	0.000000E+0	0.000000E+0
100.0   	102     	5.495353E-2 	1.121523E-4	1.30E+1    	100.00    	6984.60	24.3 	35.3 	0.000000E+0	0.000000E+0	0.000000E+0	0.000000E+0	0.000000E+0	0.000000E+0	0.000000E+0	0.000000E+0
100.0   	103     	3.609720E-2 	1.602291E-4	1.56E+1    	100.00    	6986.55	24.3 	35.3 	0.000000E+0	0.000000E+0	0.000000E+0	0.000000E+0	0.000000E+0	0.000000E+0	0.000000E+0	0.000000E+0
100.0   	104     	5.202765E-1 	1.806400E-4	1.22E+1    	100.00    	6988.49	24.3 	35.3 	0.000000E+0	0.000000E+0	0.000000E+0	0.000000E+0	0.000000E+0	0.000000E+0	0.000000E+0	0.000000E+0
100.0   	105     	3.513479E-2 	1.582724E-4	1.38E+1    	100.00    	6990.44	24.3 	35.3 	0.000000E+0	0.000000E+0	0.000000E+0	0.000000E+0	0.000000E+0	0.000000E+0	0.000000E+0	0.000000E+0
100.0   	106     	3.618456E-2 	1.526861E-4	1.50E+1    	100.00    	6992.39	24.3 	35.3 	0.000000E+0	0.000000E+0	0.000000E+0	0.000000E+0	0.000000E+0	0.000000E+0	0.000000E+0	0.000000E+0
100.0   	107     	3.547194E-2 	2.072716E-4	1.62E+1    	100.00    	6994.33	24.3 	35.3 	0.000000E+0	0.000000E+0	0.000000E+0	0.000000E+0	0.000000E+0	0.000000E+0	0.000000E+0	0.000000E+0
100.0   	108     	3.483975E-2 	1.913980E-4	1.27E+1    	100.00    	6996.27	24.3 	35.3 	0.000000E+0	0.000000E+0	0.000000E+0	0.000000E+0	0.000000E+0	0.000000E+0	0.000000E+0	0.000000E+0
100.0   	109     	3.521647E-2 	3.857873E-5	1.73E+1    	100.00    	6998.22	24.3 	35.3 	0.000000E+0	0.000000E+0	0.000000E+0	0.000000E+0	0.000000E+0	0.000000E+0	0.000000E+0	0.000000E+0
100.0   	110     	3.532441E-2 	1.365161E-4	1.51E+1    	100.00    	7000.17	24.3 	35.3 	0.000000E+0	0.000000E+0	0.000000E+0	0.000000E+0	0.000000E+0	0.000000E+0	0.000000E+0	0.000000E+0
100.0   	111     	3.759746E-2 	1.043206E-4	1.56E+1    	100.00    	7002.11	24.3 	35.3 	0.000000E+0	0.000000E+0	0.000000E+0	0.000000E+0	0.000000E+0	0.000000E+0	0.000000E+0	0.000000E+0
100.0   	112     	4.402389E-1 	2.690791E-4	1.27E+1    	100.00    	7004.06	24.3 	35.3 	0.000000E+0	0.000000E+0	0.000000E+0	0.000000E+0	0.000000E+0	0.000000E+0	0.000000E+0	0.000000E+0
100.0   	113     	1.245044E-1 	2.360855E-4	1.45E+1    	100.00    	7006.00	24.3 	35.3 	0.000000E+0	0.000000E+0	0.000000E+0	0.000000E+0	0.000000E+0	0.000000E+0	0.000000E+0	0.000000E+0
100.0   	114     	5.435140E-2 	1.640777E-4	1.56E+1    	100.00    	7007.95	24.3 	35.3 	0.000000E+0	0.000000E+0	0.000000E+0	0.000000E+0	0.000000E+0	0.000000E+0	0.000000E+0	0.000000E+0
100.0   	115     	3.497398E-2 	2.170902E-4	1.58E+1    	100.00    	7009.90	24.3 	35.3 	0.000000E+0	0.000000E+0	0.000000E+0	0.000000E+0	0.000000E+0	0.000000E+0	0.000000E+0	0.000000E+0
100.0   	116     	3.558307E-2 	1.937317E-4	1.63E+1    	100.00    	7011.84	24.3 	35.3 	0.000000E+0	0.000000E+0	0.000000E+0	0.000000E+0	0.000000E+0	0.000000E+0	0.000000E+0	0.000000E+0
100.0   	117     	4.538813E-2 	1.567112E-4	1.44E+1    	100.00    	7013.78	24.3 	35.3 	0.000000E+0	0.000000E+0	0.000000E+0	0.000000E+0	0.000000E+0	0.000000E+0	0.000000E+0	0.000000E+0
100.0   	118     	3.514301E-2 	1.904313E-4	1.13E+1    	100.00    	7015.72	24.3 	35.3 	0.000000E+0	0.000000E+0	0.000000E+0	0.000000E+0	0.000000E+0	0.000000E+0	0.000000E+0	0.000000E+0
100.0   	119     	5.273335E-2 	2.369565E-4	1.79E+1    	100.00    	7017.68	24.3 	35.3 	0.000000E+0	0.000000E+0	0.000000E+0	0.000000E+0	0.000000E+0	0.000000E+0	0.000000E+0	0.000000E+0
100.0   	120     	3.617761E-2 	1.486237E-4	1.53E+1    	100.00    	7019.84	24.3 	35.3 	0.000000E+0	0.000000E+0	0.000000E+0	0.000000E+0	0.000000E+0	0.000000E+0	0.000000E+0	0.000000E+0
100.0   	121     	3.579233E-2 	1.458016E-4	1.32E+1    	100.00    	7021.89	24.3 	35.3 	0.000000E+0	0.000000E+0	0.000000E+0	0.000000E+0	0.000000E+0	0.000000E+0	0.000000E+0	0.000000E+0
100.0   	122     	4.177027E-2 	8.197759E-5	1.66E+1    	100.00    	7023.90	24.3 	35.3 	0.000000E+0	0.000000E+0	0.000000E+0	0.000000E+0	0.000000E+0	0.000000E+0	0.000000E+0	0.000000E+0
100.0   	123     	3.553590E-2 	1.063764E-4	1.32E+1    	100.00    	7025.91	24.3 	35.3 	0.000000E+0	0.000000E+0	0.000000E+0	0.000000E+0	0.000000E+0	0.000000E+0	0.000000E+0	0.000000E+0
100.0   	124     	3.480206E-2 	2.449154E-4	1.18E+1    	100.00    	7028.06	24.3 	35.3 	0.000000E+0	0.000000E+0	0.000000E+0	0.000000E+0	0.000000E+0	0.000000E+0	0.000000E+0	0.000000E+0
100.0   	125     	3.421355E-2 	1.045430E-3	1.65E+1    	100.00    	7030.01	24.3 	35.3 	0.000000E+0	0.000000E+0	0.000000E+0	0.000000E+0	0.000000E+0	0.000000E+0	0.000000E+0	0.000000E+0
100.0   	126     	3.429965E-2 	2.297407E-4	1.26E+1    	100.00    	7031.96	24.3 	35.3 	0.000000E+0	0.000000E+0	0.000000E+0	0.000000E+0	0.000000E+0	0.000000E+0	0.000000E+0	0.000000E+0
100.0   	127     	3.604370E-2 	1.467381E-4	1.45E+1    	100.00    	7033.91	24.3 	35.3 	0.000000E+0	0.000000E+0	0.000000E+0	0.000000E+0	0.000000E+0	0.000000E+0	0.000000E+0	0.000000E+0
100.0   	128     	1.238529E-1 	8.426037E-5	1.28E+1    	100.00    	7035.85	24.3 	35.3 	0.000000E+0	0.000000E+0	0.000000E+0	0.000000E+0	0.000000E+0	0.000000E+0	0.000000E+0	0.000000E+0
100.0   	129     	1.247675E-1 	1.127956E-4	1.66E+1    	100.00    	7037.80	24.3 	35.3 	0.000000E+0	0.000000E+0	0.000000E+0	0.000000E+0	0.000000E+0	0.000000E+0	0.000000E+0	0.000000E+0
100.0   	130     	3.841582E-2 	4.377548E-4	1.30E+1    	100.00    	7039.74	24.3 	35.3 	0.000000E+0	0.000000E+0	0.000000E+0	0.000000E+0	0.000000E+0	0.000000E+0	0.000000E+0	0.000000E+0
100.0   	131     	3.546181E-2 	1.292144E-4	1.11E+1    	100.00    	7041.68	24.3 	35.3 	0.000000E+0	0.000000E+0	0.000000E+0	0.000000E+0	0.000000E+0	0.000000E+0	0.000000E+0	0.000000E+0
100.0   	132     	3.547069E-2 	8.129760E-5	1.67E+1    	100.00    	7043.63	24.3 	35.3 	0.000000E+0	0.000000E+0	0.000000E+0	0.000000E+0	0.000000E+0	0.000000E+0	0.000000E+0	0.000000E+0
100.0   	133     	3.589172E-2 	1.401936E-4	1.36E+1    	100.00    	7045.57	24.3 	35.3 	0.000000E+0	0.000000E+0	0.000000E+0	0.000000E+0	0.000000E+0	0.000000E+0	0.000000E+0	0.000000E+0
100.0   	134     	3.499075E-2 	1.936772E-4	1.33E+1    	100.00    	7047.52	24.3 	35.3 	0.000000E+0	0.000000E+0	0.000000E+0	0.000000E+0	0.000000E+0	0.000000E+0	0.000000E+0	0.000000E+0
100.0   	135     	3.529879E-2 	2.149921E-4	1.48E+1    	100.00    	7049.46	24.3 	35.3 	0.000000E+0	0.000000E+0	0.000000E+0	0.000000E+0	0.000000E+0	0.000000E+0	0.000000E+0	0.000000E+0
100.0   	136     	3.637419E-2 	2.074530E-4	1.75E+1    	100.00    	7051.41	24.3 	35.3 	0.000000E+0	0.000000E+0	0.000000E+0	0.000000E+0	0.000000E+0	0.000000E+0	0.000000E+0	0.000000E+0
100.0   	137     	3.606932E-2 	1.103149E-4	1.31E+1    	100.00    	7053.36	24.3 	35.3 	0.000000E+0	0.000000E+0	0.000000E+0	0.000000E+0	0.000000E+0	0.000000E+0	0.000000E+0	0.000000E+0
100.0   	138     	3.618331E-2 	2.672834E-4	1.19E+1    	100.00    	7055.30	24.3 	35.3 	0.000000E+0	0.000000E+0	0.000000E+0	0.000000E+0	0.000000E+0	0.000000E+0	0.000000E+0	0.000000E+0
100.0   	139     	3.456401E-2 	2.187280E-4	1.21E+1    	100.00    	7057.24	24.3 	35.3 	0.000000E+0	0.000000E+0	0.000000E+0	0.000000E+0	0.000000E+0	0.000000E+0	0.000000E+0	0.000000E+0
100.0   	140     	3.363421E-2 	2.880655E-4	1.64E+1    	100.00    	7059.19	24.3 	35.3 	0.000000E+0	0.000000E+0	0.000000E+0	0.000000E+0	0.000000E+0	0.000000E+0	0.000000E+0	0.000000E+0
100.0   	141     	3.304949E-2 	2.595644E-4	1.50E+1    	100.00    	7061.13	24.3 	35.3 	0.000000E+0	0.000000E+0	0.000000E+0	0.000000E+0	0.000000E+0	0.000000E+0	0.000000E+0	0.000000E+0
100.0   	142     	3.316218E-2 	6.802662E-5	1.43E+1    	100.00    	7063.07	24.3 	35.3 	0.000000E+0	0.000000E+0	0.000000E+0	0.000000E+0	0.000000E+0	0.000000E+0	0.000000E+0	0.000000E+0
100.0   	143     	3.445573E-2 	1.092697E-4	1.19E+1    	100.00    	7065.02	24.3 	35.3 	0.000000E+0	0.000000E+0	0.000000E+0	0.000000E+0	0.000000E+0	0.000000E+0	0.000000E+0	0.000000E+0
100.0   	144     	1.200748E-1 	8.663402E-5	1.52E+1    	100.00    	7066.97	24.3 	35.3 	0.000000E+0	0.000000E+0	0.000000E+0	0.000000E+0	0.000000E+0	0.000000E+0	0.000000E+0	0.000000E+0
100.0   	145     	1.237273E-1 	6.279780E-5	1.23E+1    	100.00    	7068.91	24.3 	35.3 	0.000000E+0	0.000000E+0	0.000000E+0	0.000000E+0	0.000000E+0	0.000000E+0	0.000000E+0	0.000000E+0
100.0   	146     	3.767880E-2 	9.702633E-5	1.51E+1    	100.00    	7070.86	24.3 	35.3 	0.000000E+0	0.000000E+0	0.000000E+0	0.000000E+0	0.000000E+0	0.000000E+0	0.000000E+0	0.000000E+0
100.0   	147     	3.657776E-2 	7.770443E-5	1.64E+1    	100.00    	7072.81	24.3 	35.3 	0.000000E+0	0.000000E+0	0.000000E+0	0.000000E+0	0.000000E+0	0.000000E+0	0.000000E+0	0.000000E+0
100.0   	148     	3.769369E-2 	9.843939E-5	1.59E+1    	100.00    	7074.76	24.3 	35.3 	0.000000E+0	0.000000E+0	0.000000E+0	0.000000E+0	0.000000E+0	0.000000E+0	0.000000E+0	0.000000E+0
100.0   	149     	3.621843E-2 	9.193755E-5	1.29E+1    	100.00    	7076.70	24.3 	35.3 	0.000000E+0	0.000000E+0	0.000000E+0	0.000000E+0	0.000000E+0	0.000000E+0	0.000000E+0	0.000000E+0
100.0   	150     	2.047189E-1 	1.019727E-4	1.78E+1    	100.00    	7078.65	24.3 	35.3 	0.000000E+0	0.000000E+0	0.000000E+0	0.000000E+0	0.000000E+0	0.000000E+0	0.000000E+0	0.000000E+0
100.0   	151     	3.571699E-2 	1.905194E-4	1.30E+1    	100.00    	7080.59	24.3 	35.3 	0.000000E+0	0.000000E+0	0.000000E+0	0.000000E+0	0.000000E+0	0.000000E+0	0.000000E+0	0.000000E+0
100.0   	152     	3.548715E-2 	2.206187E-4	1.59E+1    	100.00    	7082.54	24.3 	35.3 	0.000000E+0	0.000000E+0	0.000000E+0	0.000000E+0	0.000000E+0	0.000000E+0	0.000000E+0	0.000000E+0
100.0   	153     	3.552165E-2 	1.745325E-4	1.16E+1    	100.00    	7084.48	24.3 	35.3 	0.000000E+0	0.000000E+0	0.000000E+0	0.000000E+0	0.000000E+0	0.000000E+0	0.000000E+0	0.000000E+0
100.0   	154     	3.538900E-2 	1.721689E-4	1.30E+1    	100.00    	7086.43	24.3 	35.3 	0.000000E+0	0.000000E+0	0.000000E+0	0.000000E+0	0.000000E+0	0.000000E+0	0.000000E+0	0.000000E+0
100.0   	155     	1.817002E-1 	4.657320E-5	1.37E+1    	100.00    	7088.38	24.3 	35.3 	0.000000E+0	0.000000E+0	0.000000E+0	0.000000E+0	0.000000E+0	0.000000E+0	0.000000E+0	0.000000E+0
100.0   	156     	3.248757E-2 	9.139996E-5	1.61E+1    	100.00    	7090.33	24.3 	35.3 	0.000000E+0	0.000000E+0	0.000000E+0	0.000000E+0	0.000000E+0	0.000000E+0	0.000000E+0	0.000000E+0
100.0   	157     	3.225203E-2 	2.112216E-4	1.22E+1    	100.00    	7092.28	24.3 	35.3 	0.000000E+0	0.000000E+0	0.000000E+0	0.000000E+0	0.000000E+0	0.000000E+0	0.000000E+0	0.000000E+0
100.0   	158     	3.249485E-2 	2.478436E-4	1.29E+1    	100.00    	7094.22	24.3 	35.3 	0.000000E+0	0.000000E+0	0.000000E+0	0.000000E+0	0.000000E+0	0.000000E+0	0.000000E+0	0.000000E+0
100.0   	159     	5.983705E-2 	1.199454E-4	1.22E+1    	100.00    	7096.17	24.3 	35.3 	0.000000E+0	0.000000E+0	0.000000E+0	0.000000E+0	0.000000E+0	0.000000E+0	0.000000E+0	0.000000E+0
100.0   	160     	1.201062E-1 	2.231748E-4	1.65E+1    	100.00    	7098.11	24.3 	35.3 	0.000000E+0	0.000000E+0	0.000000E+0	0.000000E+0	0.000000E+0	0.000000E+0	0.000000E+0	0.000000E+0
100.0   	161     	1.258854E-1 	1.835173E-4	1.38E+1    	100.00    	7100.06	24.3 	35.3 	0.000000E+0	0.000000E+0	0.000000E+0	0.000000E+0	0.000000E+0	0.000000E+0	0.000000E+0	0.000000E+0
100.0   	162     	3.935794E-2 	8.823951E-5	1.28E+1    	100.00    	7102.01	24.3 	35.3 	0.000000E+0	0.000000E+0	0.000000E+0	0.000000E+0	0.000000E+0	0.000000E+0	0.000000E+0	0.000000E+0
100.0   	163     	5.047933E-2 	2.104000E-4	1.32E+1    	100.00    	7103.96	24.3 	35.3 	0.000000E+0	0.000000E+0	0.000000E+0	0.000000E+0	0.000000E+0	0.000000E+0	0.000000E+0	0.000000E+0
100.0   	164     	1.484772E-3 	3.332486E-4	1.45E+1    	100.00    	7105.90	24.3 	35.3 	0.000000E+0	0.000000E+0	0.000000E+0	0.000000E+0	0.000000E+0	0.000000E+0	0.000000E+0	0.000000E+0
100.0   	165     	3.917180E-2 	3.166341E-4	1.59E+1    	100.00    	7107.85	24.3 	35.3 	0.000000E+0	0.000000E+0	0.000000E+0	0.000000E+0	0.000000E+0	0.000000E+0	0.000000E+0	0.000000E+0
100.0   	166     	3.753539E-2 	1.905956E-4	1.48E+1    	100.00    	7109.80	24.3 	35.3 	0.000000E+0	0.000000E+0	0.000000E+0	0.000000E+0	0.000000E+0	0.000000E+0	0.000000E+0	0.000000E+0
100.0   	167     	3.674522E-2 	2.712094E-4	1.59E+1    	100.00    	7111.74	24.3 	35.3 	0.000000E+0	0.000000E+0	0.000000E+0	0.000000E+0	0.000000E+0	0.000000E+0	0.000000E+0	0.000000E+0
100.0   	168     	6.198248E-2 	1.991719E-4	1.48E+1    	100.00    	7113.69	24.3 	35.3 	0.000000E+0	0.000000E+0	0.000000E+0	0.000000E+0	0.000000E+0	0.000000E+0	0.000000E+0	0.000000E+0
100.0   	169     	3.431960E-2 	9.769900E-5	1.52E+1    	100.00    	7115.63	24.3 	35.3 	0.000000E+0	0.000000E+0	0.000000E+0	0.000000E+0	0.000000E+0	0.000000E+0	0.000000E+0	0.000000E+0
100.0   	170     	3.338698E-2 	1.434704E-4	1.60E+1    	100.00    	7117.58	24.3 	35.3 	0.000000E+0	0.000000E+0	0.000000E+0	0.000000E+0	0.000000E+0	0.000000E+0	0.000000E+0	0.000000E+0
100.0   	171     	1.310111E-1 	2.211837E-4	1.41E+1    	100.00    	7119.52	24.3 	35.3 	0.000000E+0	0.000000E+0	0.000000E+0	0.000000E+0	0.000000E+0	0.000000E+0	0.000000E+0	0.000000E+0
100.0   	172     	3.213649E-2 	1.741384E-4	1.39E+1    	100.00    	7121.48	24.3 	35.3 	0.000000E+0	0.000000E+0	0.000000E+0	0.000000E+0	0.000000E+0	0.000000E+0	0.000000E+0	0.000000E+0
100.0   	173     	3.127729E-2 	1.980477E-4	1.08E+1    	100.00    	7123.42	24.3 	35.3 	0.000000E+0	0.000000E+0	0.000000E+0	0.000000E+0	0.000000E+0	0.000000E+0	0.000000E+0	0.000000E+0
100.0   	174     	3.125007E-2 	2.057235E-4	1.46E+1    	100.00    	7125.37	24.3 	35.2 	0.000000E+0	0.000000E+0	0.000000E+0	0.000000E+0	0.000000E+0	0.000000E+0	0.000000E+0	0.000000E+0
100.0   	175     	1.030021E-1 	1.963643E-4	1.55E+1    	100.00    	7127.32	24.3 	35.2 	0.000000E+0	0.000000E+0	0.000000E+0	0.000000E+0	0.000000E+0	0.000000E+0	0.000000E+0	0.000000E+0
100.0   	176     	1.208951E-1 	1.712761E-4	1.38E+1    	100.00    	7129.27	24.3 	35.2 	0.000000E+0	0.000000E+0	0.000000E+0	0.000000E+0	0.000000E+0	0.000000E+0	0.000000E+0	0.000000E+0
100.0   	177     	1.983747E-1 	2.757174E-4	1.32E+1    	100.00    	7131.21	24.3 	35.2 	0.000000E+0	0.000000E+0	0.000000E+0	0.000000E+0	0.000000E+0	0.000000E+0	0.000000E+0	0.000000E+0
100.0   	178     	4.114820E-2 	2.272957E-4	1.43E+1    	100.00    	7133.16	24.3 	35.2 	0.000000E+0	0.000000E+0	0.000000E+0	0.000000E+0	0.000000E+0	0.000000E+0	0.000000E+0	0.000000E+0
100.0   	179     	4.347123E-2 	1.906123E-4	1.13E+1    	100.00    	7135.11	24.3 	35.2 	0.000000E+0	0.000000E+0	0.000000E+0	0.000000E+0	0.000000E+0	0.000000E+0	0.000000E+0	0.000000E+0
100.0   	180     	5.223824E-2 	3.111118E-4	1.58E+1    	100.00    	7137.06	24.3 	35.2 	0.000000E+0	0.000000E+0	0.000000E+0	0.000000E+0	0.000000E+0	0.000000E+0	0.000000E+0	0.000000E+0
100.0   	181     	3.945259E-2 	9.704572E-5	1.47E+1    	100.00    	7139.01	24.3 	35.2 	0.000000E+0	0.000000E+0	0.000000E+0	0.000000E+0	0.000000E+0	0.000000E+0	0.000000E+0	0.000000E+0
100.0   	182     	3.872605E-2 	2.018192E-4	1.71E+1    	100.00    	7140.95	24.3 	35.2 	0.000000E+0	0.000000E+0	0.000000E+0	0.000000E+0	0.000000E+0	0.000000E+0	0.000000E+0	0.000000E+0
100.0   	183     	3.745309E-2 	6.854709E-6	1.28E+1    	100.00    	7142.90	24.3 	35.2 	0.000000E+0	0.000000E+0	0.000000E+0	0.000000E+0	0.000000E+0	0.000000E+0	0.000000E+0	0.000000E+0
100.0   	184     	3.508034E-2 	1.465963E-4	1.44E+1    	100.00    	7144.85	24.3 	35.2 	0.000000E+0	0.000000E+0	0.000000E+0	0.000000E+0	0.000000E+0	0.000000E+0	0.000000E+0	0.000000E+0
100.0   	185     	1.332379E-1 	8.200307E-5	1.63E+1    	100.00    	7146.79	24.3 	35.2 	0.000000E+0	0.000000E+0	0.000000E+0	0.000000E+0	0.000000E+0	0.000000E+0	0.000000E+0	0.000000E+0
100.0   	186     	3.222259E-2 	1.108050E-4	1.20E+1    	100.00    	7148.74	24.3 	35.2 	0.000000E+0	0.000000E+0	0.000000E+0	0.000000E+0	0.000000E+0	0.000000E+0	0.000000E+0	0.000000E+0
100.0   	187     	5.487534E-2 	1.262540E-4	1.46E+1    	100.00    	7150.69	24.3 	35.2 	0.000000E+0	0.000000E+0	0.000000E+0	0.000000E+0	0.000000E+0	0.000000E+0	0.000000E+0	0.000000E+0
100.0   	188     	3.178509E-2 	2.758813E-4	1.38E+1    	100.00    	7152.64	24.3 	35.2 	0.000000E+0	0.000000E+0	0.000000E+0	0.000000E+0	0.000000E+0	0.000000E+0	0.000000E+0	0.000000E+0
100.0   	189     	3.068371E-2 	1.524770E-4	1.69E+1    	100.00    	7154.59	24.3 	35.2 	0.000000E+0	0.000000E+0	0.000000E+0	0.000000E+0	0.000000E+0	0.000000E+0	0.000000E+0	0.000000E+0
100.0   	190     	3.086511E-2 	1.516723E-4	1.56E+1    	100.00    	7156.54	24.3 	35.2 	0.000000E+0	0.000000E+0	0.000000E+0	0.000000E+0	0.000000E+0	0.000000E+0	0.000000E+0	0.000000E+0
100.0   	191     	4.027854E-2 	1.558349E-4	1.27E+1    	100.00    	7158.49	24.3 	35.2 	0.000000E+0	0.000000E+0	0.000000E+0	0.000000E+0	0.000000E+0	0.000000E+0	0.000000E+0	0.000000E+0
100.0   	192     	1.190919E-1 	2.581375E-4	1.35E+1    	100.00    	7160.44	24.3 	35.2 	0.000000E+0	0.000000E+0	0.000000E+0	0.000000E+0	0.000000E+0	0.000000E+0	0.000000E+0	0.000000E+0
100.0   	193     	1.277487E-1 	1.340237E-4	1.69E+1    	100.00    	7162.38	24.3 	35.2 	0.000000E+0	0.000000E+0	0.000000E+0	0.000000E+0	0.000000E+0	0.000000E+0	0.000000E+0	0.000000E+0
100.0   	194     	7.038131E-2 	1.886993E-4	1.37E+1    	100.00    	7164.32	24.3 	35.2 	0.000000E+0	0.000000E+0	0.000000E+0	0.000000E+0	0.000000E+0	0.000000E+0	0.000000E+0	0.000000E+0
100.0   	195     	4.100477E-2 	1.346420E-4	1.51E+1    	100.00    	7166.26	24.3 	35.2 	0.000000E+0	0.000000E+0	0.000000E+0	0.000000E+0	0.000000E+0	0.000000E+0	0.000000E+0	0.000000E+0
100.0   	196     	3.954725E-2 	2.315173E-4	1.41E+1    	100.00    	7168.21	24.3 	35.2 	0.000000E+0	0.000000E+0	0.000000E+0	0.000000E+0	0.000000E+0	0.000000E+0	0.000000E+0	0.000000E+0
100.0   	197     	3.918986E-2 	7.926016E-5	1.23E+1    	100.00    	7170.15	24.3 	35.2 	0.000000E+0	0.000000E+0	0.000000E+0	0.000000E+0	0.000000E+0	0.000000E+0	0.000000E+0	0.000000E+0
100.0   	198     	5.547112E-2 	3.263653E-4	1.36E+1    	100.00    	7172.10	24.3 	35.2 	0.000000E+0	0.000000E+0	0.000000E+0	0.000000E+0	0.000000E+0	0.000000E+0	0.000000E+0	0.000000E+0
100.0   	199     	3.709124E-2 	1.004266E-4	1.50E+1    	100.00    	7174.05	24.3 	35.2 	0.000000E+0	0.000000E+0	0.000000E+0	0.000000E+0	0.000000E+0	0.000000E+0	0.000000E+0	0.000000E+0
100.0   	200     	3.451114E-2 	1.437466E-4	1.25E+1    	100.00    	7175.99	24.3 	35.2 	0.000000E+0	0.000000E+0	0.000000E+0	0.000000E+0	0.000000E+0	0.000000E+0	0.000000E+0	0.000000E+0
100.0   	201     	1.488338E-1 	2.048007E-4	1.27E+1    	100.00    	7177.94	24.3 	35.2 	0.000000E+0	0.000000E+0	0.000000E+0	0.000000E+0	0.000000E+0	0.000000E+0	0.000000E+0	0.000000E+0
100.0   	202     	6.333079E-2 	2.786889E-4	1.59E+1    	100.00    	7179.88	24.3 	35.2 	0.000000E+0	0.000000E+0	0.000000E+0	0.000000E+0	0.000000E+0	0.000000E+0	0.000000E+0	0.000000E+0
100.0   	203     	3.213901E-2 	2.450102E-4	1.36E+1    	100.00    	7181.84	24.3 	35.2 	0.000000E+0	0.000000E+0	0.000000E+0	0.000000E+0	0.000000E+0	0.000000E+0	0.000000E+0	0.000000E+0
100.0   	204     	3.053427E-2 	2.266603E-4	1.26E+1    	100.00    	7183.78	24.3 	35.2 	0.000000E+0	0.000000E+0	0.000000E+0	0.000000E+0	0.000000E+0	0.000000E+0	0.000000E+0	0.000000E+0
100.0   	205     	3.047477E-2 	4.246827E-4	1.45E+1    	100.00    	7185.73	24.3 	35.2 	0.000000E+0	0.000000E+0	0.000000E+0	0.000000E+0	0.000000E+0	0.000000E+0	0.000000E+0	0.000000E+0
100.0   	206     	3.048868E-2 	3.479113E-4	1.33E+1    	100.00    	7187.67	24.3 	35.2 	0.000000E+0	0.000000E+0	0.000000E+0	0.000000E+0	0.000000E+0	0.000000E+0	0.000000E+0	0.000000E+0
100.0   	207     	3.190759E-2 	4.293748E-5	1.57E+1    	100.00    	7189.62	24.3 	35.2 	0.000000E+0	0.000000E+0	0.000000E+0	0.000000E+0	0.000000E+0	0.000000E+0	0.000000E+0	0.000000E+0
100.0   	208     	1.246548E-1 	1.859117E-4	1.56E+1    	100.00    	7191.57	24.3 	35.2 	0.000000E+0	0.000000E+0	0.000000E+0	0.000000E+0	0.000000E+0	0.000000E+0	0.000000E+0	0.000000E+0
100.0   	209     	1.318354E-1 	1.476340E-4	1.21E+1    	100.00    	7193.51	24.3 	35.2 	0.000000E+0	0.000000E+0	0.000000E+0	0.000000E+0	0.000000E+0	0.000000E+0	0.000000E+0	0.000000E+0
100.0   	210     	4.289001E-2 	1.888804E-4	1.06E+1    	100.00    	7195.46	24.3 	35.2 	0.000000E+0	0.000000E+0	0.000000E+0	0.000000E+0	0.000000E+0	0.000000E+0	0.000000E+0	0.000000E+0
100.0   	211     	4.116275E-2 	2.673666E-4	1.27E+1    	100.00    	7197.41	24.3 	35.2 	0.000000E+0	0.000000E+0	0.000000E+0	0.000000E+0	0.000000E+0	0.000000E+0	0.000000E+0	0.000000E+0
100.0   	212     	1.545597E-1 	1.874516E-4	1.59E+1    	100.00    	7199.35	24.3 	35.2 	0.000000E+0	0.000000E+0	0.000000E+0	0.000000E+0	0.000000E+0	0.000000E+0	0.000000E+0	0.000000E+0
100.0   	213     	3.806883E-2 	5.238399E-5	1.31E+1    	100.00    	7201.30	24.3 	35.2 	0.000000E+0	0.000000E+0	0.000000E+0	0.000000E+0	0.000000E+0	0.000000E+0	0.000000E+0	0.000000E+0
100.0   	214     	3.747398E-2 	1.628131E-4	1.40E+1    	100.00    	7203.24	24.3 	35.2 	0.000000E+0	0.000000E+0	0.000000E+0	0.000000E+0	0.000000E+0	0.000000E+0	0.000000E+0	0.000000E+0
100.0   	215     	3.531333E-2 	1.271590E-4	1.62E+1    	100.00    	7205.19	24.3 	35.2 	0.000000E+0	0.000000E+0	0.000000E+0	0.000000E+0	0.000000E+0	0.000000E+0	0.000000E+0	0.000000E+0
100.0   	216     	3.359371E-2 	2.869299E-4	1.17E+1    	100.00    	7207.14	24.3 	35.2 	0.000000E+0	0.000000E+0	0.000000E+0	0.000000E+0	0.000000E+0	0.000000E+0	0.000000E+0	0.000000E+0
100.0   	217     	3.243754E-2 	1.012956E-4	1.65E+1    	100.00    	7209.09	24.3 	35.2 	0.000000E+0	0.000000E+0	0.000000E+0	0.000000E+0	0.000000E+0	0.000000E+0	0.000000E+0	0.000000E+0
100.0   	218     	3.129153E-2 	1.811497E-4	1.47E+1    	100.00    	7211.03	24.3 	35.2 	0.000000E+0	0.000000E+0	0.000000E+0	0.000000E+0	0.000000E+0	0.000000E+0	0.000000E+0	0.000000E+0
100.0   	219     	3.027248E-2 	2.789314E-4	1.12E+1    	100.00    	7212.98	24.3 	35.2 	0.000000E+0	0.000000E+0	0.000000E+0	0.000000E+0	0.000000E+0	0.000000E+0	0.000000E+0	0.000000E+0
100.0   	220     	3.002745E-2 	1.960588E-4	1.71E+1    	100.00    	7214.93	24.3 	35.2 	0.000000E+0	0.000000E+0	0.000000E+0	0.000000E+0	0.000000E+0	0.000000E+0	0.000000E+0	0.000000E+0
100.0   	221     	6.493965E-2 	1.207534E-4	1.48E+1    	100.00    	7216.88	24.3 	35.2 	0.000000E+0	0.000000E+0	0.000000E+0	0.000000E+0	0.000000E+0	0.000000E+0	0.000000E+0	0.000000E+0
100.0   	222     	3.077772E-2 	1.251633E-4	1.59E+1    	100.00    	7218.82	24.3 	35.2 	0.000000E+0	0.000000E+0	0.000000E+0	0.000000E+0	0.000000E+0	0.000000E+0	0.000000E+0	0.000000E+0
100.0   	223     	3.360065E-2 	1.439587E-4	1.49E+1    	100.00    	7220.77	24.3 	35.2 	0.000000E+0	0.000000E+0	0.000000E+0	0.000000E+0	0.000000E+0	0.000000E+0	0.000000E+0	0.000000E+0
100.0   	224     	1.298002E-1 	2.952220E-4	1.46E+1    	100.00    	7222.71	24.3 	35.2 	0.000000E+0	0.000000E+0	0.000000E+0	0.000000E+0	0.000000E+0	0.000000E+0	0.000000E+0	0.000000E+0
100.0   	225     	1.412051E-1 	4.308205E-5	1.51E+1    	100.00    	7224.66	24.3 	35.2 	0.000000E+0	0.000000E+0	0.000000E+0	0.000000E+0	0.000000E+0	0.000000E+0	0.000000E+0	0.000000E+0
100.0   	226     	4.407114E-2 	1.480166E-4	1.15E+1    	100.00    	7226.60	24.3 	35.2 	0.000000E+0	0.000000E+0	0.000000E+0	0.000000E+0	0.000000E+0	0.000000E+0	0.000000E+0	0.000000E+0
100.0   	227     	4.156134E-2 	1.234798E-4	1.42E+1    	100.00    	7228.55	24.3 	35.2 	0.000000E+0	0.000000E+0	0.000000E+0	0.000000E+0	0.000000E+0	0.000000E+0	0.000000E+0	0.000000E+0
100.0   	228     	3.918223E-2 	1.995352E-4	1.62E+1    	100.00    	7230.49	24.3 	35.2 	0.000000E+0	0.000000E+0	0.000000E+0	0.000000E+0	0.000000E+0	0.000000E+0	0.000000E+0	0.000000E+0
100.0   	229     	6.426884E-2 	1.562271E-4	1.40E+1    	100.00    	7232.44	24.3 	35.2 	0.000000E+0	0.000000E+0	0.000000E+0	0.000000E+0	0.000000E+0	0.000000E+0	0.000000E+0	0.000000E+0
100.0   	230     	5.446504E-2 	2.266945E-4	1.22E+1    	100.00    	7234.36	24.3 	35.2 	0.000000E+0	0.000000E+0	0.000000E+0	0.000000E+0	0.000000E+0	0.000000E+0	0.000000E+0	0.000000E+0
100.0   	231     	3.462794E-2 	4.850824E-5	1.41E+1    	100.00    	7236.30	24.3 	35.2 	0.000000E+0	0.000000E+0	0.000000E+0	0.000000E+0	0.000000E+0	0.000000E+0	0.000000E+0	0.000000E+0
100.0   	232     	3.354462E-2 	7.823866E-5	1.61E+1    	100.00    	7238.24	24.3 	35.2 	0.000000E+0	0.000000E+0	0.000000E+0	0.000000E+0	0.000000E+0	0.000000E+0	0.000000E+0	0.000000E+0
100.0   	233     	3.243597E-2 	1.204325E-4	1.48E+1    	100.00    	7240.19	24.3 	35.2 	0.000000E+0	0.000000E+0	0.000000E+0	0.000000E+0	0.000000E+0	0.000000E+0	0.000000E+0	0.000000E+0
100.0   	234     	4.416897E-2 	2.046690E-4	1.32E+1    	100.00    	7242.14	24.3 	35.2 	0.000000E+0	0.000000E+0	0.000000E+0	0.000000E+0	0.000000E+0	0.000000E+0	0.000000E+0	0.000000E+0
100.0   	235     	3.019111E-2 	1.937697E-4	1.32E+1    	100.00    	7244.08	24.3 	35.2 	0.000000E+0	0.000000E+0	0.000000E+0	0.000000E+0	0.000000E+0	0.000000E+0	0.000000E+0	0.000000E+0
100.0   	236     	3.022213E-2 	1.651999E-5	1.25E+1    	100.00    	7246.03	24.3 	35.2 	0.000000E+0	0.000000E+0	0.000000E+0	0.000000E+0	0.000000E+0	0.000000E+0	0.000000E+0	0.000000E+0
100.0   	237     	3.039562E-2 	7.035431E-5	1.45E+1    	100.00    	7247.98	24.3 	35.2 	0.000000E+0	0.000000E+0	0.000000E+0	0.000000E+0	0.000000E+0	0.000000E+0	0.000000E+0	0.000000E+0
100.0   	238     	1.605284E-1 	1.000188E-4	1.62E+1    	100.00    	7249.92	24.3 	35.2 	0.000000E+0	0.000000E+0	0.000000E+0	0.000000E+0	0.000000E+0	0.000000E+0	0.000000E+0	0.000000E+0
100.0   	239     	5.096684E-2 	1.856824E-4	1.37E+1    	100.00    	7251.87	24.3 	35.2 	0.000000E+0	0.000000E+0	0.000000E+0	0.000000E+0	0.000000E+0	0.000000E+0	0.000000E+0	0.000000E+0
100.0   	240     	1.491342E-1 	8.358985E-5	1.55E+1    	100.00    	7253.82	24.3 	35.2 	0.000000E+0	0.000000E+0	0.000000E+0	0.000000E+0	0.000000E+0	0.000000E+0	0.000000E+0	0.000000E+0
100.0   	241     	2.561357E-1 	2.128270E-4	1.34E+1    	100.00    	7255.77	24.3 	35.2 	0.000000E+0	0.000000E+0	0.000000E+0	0.000000E+0	0.000000E+0	0.000000E+0	0.000000E+0	0.000000E+0
100.0   	242     	1.352757E-1 	6.753518E-5	1.32E+1    	100.00    	7257.71	24.3 	35.2 	0.000000E+0	0.000000E+0	0.000000E+0	0.000000E+0	0.000000E+0	0.000000E+0	0.000000E+0	0.000000E+0
100.0   	243     	1.272469E-1 	1.192439E-4	1.07E+1    	100.00    	7259.66	24.3 	35.2 	0.000000E+0	0.000000E+0	0.000000E+0	0.000000E+0	0.000000E+0	0.000000E+0	0.000000E+0	0.000000E+0
100.0   	244     	1.230026E-1 	6.949894E-5	1.58E+1    	100.00    	7261.61	24.3 	35.2 	0.000000E+0	0.000000E+0	0.000000E+0	0.000000E+0	0.000000E+0	0.000000E+0	0.000000E+0	0.000000E+0
100.0   	245     	1.200264E-1 	1.671507E-4	1.27E+1    	100.00    	7263.56	24.3 	35.2 	0.000000E+0	0.000000E+0	0.000000E+0	0.000000E+0	0.000000E+0	0.000000E+0	0.000000E+0	0.000000E+0
100.0   	246     	1.173390E-1 	1.059189E-4	1.73E+1    	100.00    	7265.51	24.3 	35.2 	0.000000E+0	0.000000E+0	0.000000E+0	0.000000E+0	0.000000E+0	0.000000E+0	0.000000E+0	0.000000E+0
100.0   	247     	1.159724E-1 	6.684739E-5	1.61E+1    	100.00    	7267.45	24.3 	35.2 	0.000000E+0	0.000000E+0	0.000000E+0	0.000000E+0	0.000000E+0	0.000000E+0	0.000000E+0	0.000000E+0
100.0   	248     	1.607865E-1 	1.349544E-4	1.25E+1    	100.00    	7269.41	24.3 	35.2 	0.000000E+0	0.000000E+0	0.000000E+0	0.000000E+0	0.000000E+0	0.000000E+0	0.000000E+0	0.000000E+0
100.0   	249     	2.481132E-1 	9.955985E-5	1.56E+1    	100.00    	7271.36	24.3 	35.2 	0.000000E+0	0.000000E+0	0.000000E+0	0.000000E+0	0.000000E+0	0.000000E+0	0.000000E+0	0.000000E+0
100.0   	250     	1.131725E-1 	1.538146E-4	1.55E+1    	100.00    	7273.30	24.3 	35.2 	0.000000E+0	0.000000E+0	0.000000E+0	0.000000E+0	0.000000E+0	0.000000E+0	0.000000E+0	0.000000E+0
100.0   	251     	1.116631E-1 	8.191485E-5	1.67E+1    	100.00    	7275.25	24.3 	35.2 	0.000000E+0	0.000000E+0	0.000000E+0	0.000000E+0	0.000000E+0	0.000000E+0	0.000000E+0	0.000000E+0
100.0   	252     	1.331923E-1 	5.024205E-5	1.24E+1    	100.00    	7277.24	24.3 	35.2 	0.000000E+0	0.000000E+0	0.000000E+0	0.000000E+0	0.000000E+0	0.000000E+0	0.000000E+0	0.000000E+0
100.0   	253     	1.557377E-1 	1.675912E-4	1.69E+1    	100.00    	7279.19	24.3 	35.2 	0.000000E+0	0.000000E+0	0.000000E+0	0.000000E+0	0.000000E+0	0.000000E+0	0.000000E+0	0.000000E+0
100.0   	254     	4.533119E-1 	1.150965E-4	1.49E+1    	100.00    	7281.14	24.3 	35.2 	0.000000E+0	0.000000E+0	0.000000E+0	0.000000E+0	0.000000E+0	0.000000E+0	0.000000E+0	0.000000E+0
100.0   	255     	1.405146E-1 	6.388837E-5	1.47E+1    	100.00    	7283.08	24.3 	35.2 	0.000000E+0	0.000000E+0	0.000000E+0	0.000000E+0	0.000000E+0	0.000000E+0	0.000000E+0	0.000000E+0
100.0   	256     	3.022714E-1 	5.181129E-5	1.60E+1    	100.00    	7285.03	24.3 	35.2 	0.000000E+0	0.000000E+0	0.000000E+0	0.000000E+0	0.000000E+0	0.000000E+0	0.000000E+0	0.000000E+0
100.0   	257     	2.447802E-3 	9.530096E-5	1.18E+1    	100.00    	7286.97	24.3 	35.2 	0.000000E+0	0.000000E+0	0.000000E+0	0.000000E+0	0.000000E+0	0.000000E+0	0.000000E+0	0.000000E+0
100.0   	258     	1.769376E-3 	1.993360E-4	1.44E+1    	100.00    	7288.92	24.3 	35.2 	0.000000E+0	0.000000E+0	0.000000E+0	0.000000E+0	0.000000E+0	0.000000E+0	0.000000E+0	0.000000E+0
100.0   	259     	1.647810E-3 	2.625548E-4	1.26E+1    	100.00    	7290.87	24.3 	35.2 	0.000000E+0	0.000000E+0	0.000000E+0	0.000000E+0	0.000000E+0	0.000000E+0	0.000000E+0	0.000000E+0
100.0   	260     	1.881444E-3 	1.237361E-4	1.27E+1    	100.00    	7292.82	24.3 	35.2 	0.000000E+0	0.000000E+0	0.000000E+0	0.000000E+0	0.000000E+0	0.000000E+0	0.000000E+0	0.000000E+0
100.0   	261     	2.280649E-3 	1.285444E-4	1.46E+1    	100.00    	7294.76	24.3 	35.2 	0.000000E+0	0.000000E+0	0.000000E+0	0.000000E+0	0.000000E+0	0.000000E+0	0.000000E+0	0.000000E+0
100.0   	262     	1.702894E-3 	1.395893E-4	1.33E+1    	100.00    	7296.71	24.3 	35.2 	0.000000E+0	0.000000E+0	0.000000E+0	0.000000E+0	0.000000E+0	0.000000E+0	0.000000E+0	0.000000E+0
100.0   	263     	1.415758E-3 	6.843595E-5	1.13E+1    	100.00    	7298.65	24.3 	35.2 	0.000000E+0	0.000000E+0	0.000000E+0	0.000000E+0	0.000000E+0	0.000000E+0	0.000000E+0	0.000000E+0
100.0   	264     	-1.713379E-3	1.200665E-4	1.24E+1    	100.00    	7300.60	24.3 	35.2 	0.000000E+0	0.000000E+0	0.000000E+0	0.000000E+0	0.000000E+0	0.000000E+0	0.000000E+0	0.000000E+0
120.0   	1       	2.728819E-1 	1.085411E-4	3.84E+1    	120.00    	7320.05	24.3 	35.2 	0.000000E+0	0.000000E+0	0.000000E+0	0.000000E+0	0.000000E+0	0.000000E+0	0.000000E+0	0.000000E+0
120.0   	2       	2.379060E-1 	1.193474E-4	1.34E+1    	120.00    	7321.86	24.3 	35.2 	0.000000E+0	0.000000E+0	0.000000E+0	0.000000E+0	0.000000E+0	0.000000E+0	0.000000E+0	0.000000E+0
120.0   	3       	2.326869E-3 	8.922636E-5	1.86E+1    	120.00    	7323.82	24.3 	35.2 	0.000000E+0	0.000000E+0	0.000000E+0	0.000000E+0	0.000000E+0	0.000000E+0	0.000000E+0	0.000000E+0
120.0   	4       	1.740738E-1 	1.613205E-4	1.36E+1    	120.00    	7325.76	24.3 	35.2 	0.000000E+0	0.000000E+0	0.000000E+0	0.000000E+0	0.000000E+0	0.000000E+0	0.000000E+0	0.000000E+0
120.0   	5       	1.467259E-1 	1.471466E-4	1.85E+1    	120.00    	7327.71	24.3 	35.2 	0.000000E+0	0.000000E+0	0.000000E+0	0.000000E+0	0.000000E+0	0.000000E+0	0.000000E+0	0.000000E+0
120.0   	6       	1.414913E-1 	2.816049E-5	1.93E+1    	120.00    	7329.66	24.3 	35.2 	0.000000E+0	0.000000E+0	0.000000E+0	0.000000E+0	0.000000E+0	0.000000E+0	0.000000E+0	0.000000E+0
120.0   	7       	1.391648E-1 	1.498154E-4	1.44E+1    	120.00    	7331.61	24.3 	35.2 	0.000000E+0	0.000000E+0	0.000000E+0	0.000000E+0	0.000000E+0	0.000000E+0	0.000000E+0	0.000000E+0
120.0   	8       	1.370288E-1 	8.187655E-5	1.73E+1    	120.00    	7333.56	24.3 	35.2 	0.000000E+0	0.000000E+0	0.000000E+0	0.000000E+0	0.000000E+0	0.000000E+0	0.000000E+0	0.000000E+0
120.0   	9       	1.599053E-1 	1.114289E-2	1.40E+1    	120.00    	7335.50	24.3 	35.2 	0.000000E+0	0.000000E+0	0.000000E+0	0.000000E+0	0.000000E+0	0.000000E+0	0.000000E+0	0.000000E+0
120.0   	10      	1.361352E-1 	4.129084E-3	1.56E+1    	120.00    	7337.45	24.3 	35.2 	0.000000E+0	0.000000E+0	0.000000E+0	0.000000E+0	0.000000E+0	0.000000E+0	0.000000E+0	0.000000E+0
120.0   	11      	1.370393E-1 	2.521260E-3	1.49E+1    	120.00    	7339.40	24.3 	35.2 	0.000000E+0	0.000000E+0	0.000000E+0	0.000000E+0	0.000000E+0	0.000000E+0	0.000000E+0	0.000000E+0
120.0   	12      	1.355899E-1 	1.134610E-3	1.30E+1    	120.00    	7341.33	24.3 	35.2 	0.000000E+0	0.000000E+0	0.000000E+0	0.000000E+0	0.000000E+0	0.000000E+0	0.000000E+0	0.000000E+0
120.0   	13      	1.393850E-1 	4.193570E-5	1.82E+1    	120.00    	7343.28	24.3 	35.2 	0.000000E+0	0.000000E+0	0.000000E+0	0.000000E+0	0.000000E+0	0.000000E+0	0.000000E+0	0.000000E+0
120.0   	14      	1.432584E-1 	5.790026E-5	1.43E+1    	120.00    	7345.23	24.3 	35.2 	0.000000E+0	0.000000E+0	0.000000E+0	0.000000E+0	0.000000E+0	0.000000E+0	0.000000E+0	0.000000E+0
120.0   	15      	1.513912E-1 	1.099595E-4	1.76E+1    	120.00    	7347.17	24.3 	35.2 	0.000000E+0	0.000000E+0	0.000000E+0	0.000000E+0	0.000000E+0	0.000000E+0	0.000000E+0	0.000000E+0
120.0   	16      	2.671624E-1 	7.916135E-5	1.50E+1    	120.00    	7349.12	24.3 	35.2 	0.000000E+0	0.000000E+0	0.000000E+0	0.000000E+0	0.000000E+0	0.000000E+0	0.000000E+0	0.000000E+0
120.0   	17      	1.429833E-1 	1.341396E-4	1.48E+1    	120.00    	7351.06	24.3 	35.2 	0.000000E+0	0.000000E+0	0.000000E+0	0.000000E+0	0.000000E+0	0.000000E+0	0.000000E+0	0.000000E+0
120.0   	18      	4.619819E-2 	2.329647E-4	1.48E+1    	120.00    	7353.00	24.3 	35.2 	0.000000E+0	0.000000E+0	0.000000E+0	0.000000E+0	0.000000E+0	0.000000E+0	0.000000E+0	0.000000E+0
120.0   	19      	8.697464E-2 	2.063530E-5	1.59E+1    	120.00    	7354.95	24.3 	35.2 	0.000000E+0	0.000000E+0	0.000000E+0	0.000000E+0	0.000000E+0	0.000000E+0	0.000000E+0	0.000000E+0
120.0   	20      	4.403280E-2 	6.177392E-5	1.73E+1    	120.00    	7356.89	24.3 	35.2 	0.000000E+0	0.000000E+0	0.000000E+0	0.000000E+0	0.000000E+0	0.000000E+0	0.000000E+0	0.000000E+0
120.0   	21      	4.370388E-2 	1.733793E-4	1.42E+1    	120.00    	7358.83	24.3 	35.2 	0.000000E+0	0.000000E+0	0.000000E+0	0.000000E+0	0.000000E+0	0.000000E+0	0.000000E+0	0.000000E+0
120.0   	22      	4.277314E-2 	6.738624E-5	1.64E+1    	120.00    	7360.76	24.3 	35.2 	0.000000E+0	0.000000E+0	0.000000E+0	0.000000E+0	0.000000E+0	0.000000E+0	0.000000E+0	0.000000E+0
120.0   	23      	4.434241E-2 	3.619501E-5	1.90E+1    	120.00    	7362.70	24.3 	35.2 	0.000000E+0	0.000000E+0	0.000000E+0	0.000000E+0	0.000000E+0	0.000000E+0	0.000000E+0	0.000000E+0
120.0   	24      	6.712650E-2 	1.211935E-4	1.73E+1    	120.00    	7364.65	24.3 	35.2 	0.000000E+0	0.000000E+0	0.000000E+0	0.000000E+0	0.000000E+0	0.000000E+0	0.000000E+0	0.000000E+0
120.0   	25      	8.219402E-2 	7.074864E-3	1.62E+1    	120.00    	7366.59	24.3 	35.2 	0.000000E+0	0.000000E+0	0.000000E+0	0.000000E+0	0.000000E+0	0.000000E+0	0.000000E+0	0.000000E+0
120.0   	26      	4.267817E-2 	2.452949E-3	1.74E+1    	120.00    	7368.54	24.3 	35.2 	0.000000E+0	0.000000E+0	0.000000E+0	0.000000E+0	0.000000E+0	0.000000E+0	0.000000E+0	0.000000E+0
120.0   	27      	8.163178E-2 	1.445867E-4	1.88E+1    	120.00    	7370.48	24.3 	35.2 	0.000000E+0	0.000000E+0	0.000000E+0	0.000000E+0	0.000000E+0	0.000000E+0	0.000000E+0	0.000000E+0
120.0   	28      	4.294853E-2 	1.131969E-4	1.36E+1    	120.00    	7372.43	24.3 	35.2 	0.000000E+0	0.000000E+0	0.000000E+0	0.000000E+0	0.000000E+0	0.000000E+0	0.000000E+0	0.000000E+0
120.0   	29      	4.464411E-2 	1.290586E-4	1.70E+1    	120.00    	7374.38	24.3 	35.2 	0.000000E+0	0.000000E+0	0.000000E+0	0.000000E+0	0.000000E+0	0.000000E+0	0.000000E+0	0.000000E+0
120.0   	30      	1.966985E-1 	1.460004E-4	1.62E+1    	120.00    	7376.33	24.3 	35.2 	0.000000E+0	0.000000E+0	0.000000E+0	0.000000E+0	0.000000E+0	0.000000E+0	0.000000E+0	0.000000E+0
120.0   	31      	1.051975E-1 	7.814322E-5	1.81E+1    	120.00    	7378.27	24.3 	35.2 	0.000000E+0	0.000000E+0	0.000000E+0	0.000000E+0	0.000000E+0	0.000000E+0	0.000000E+0	0.000000E+0
120.0   	32      	1.482409E-1 	6.063665E-5	1.39E+1    	120.00    	7380.22	24.3 	35.2 	0.000000E+0	0.000000E+0	0.000000E+0	0.000000E+0	0.000000E+0	0.000000E+0	0.000000E+0	0.000000E+0
120.0   	33      	1.355649E-1 	1.865158E-4	1.42E+1    	120.00    	7382.16	24.3 	35.2 	0.000000E+0	0.000000E+0	0.000000E+0	0.000000E+0	0.000000E+0	0.000000E+0	0.000000E+0	0.000000E+0
120.0   	34      	7.326048E-2 	6.458223E-5	1.48E+1    	120.00    	7384.11	24.3 	35.2 	0.000000E+0	0.000000E+0	0.000000E+0	0.000000E+0	0.000000E+0	0.000000E+0	0.000000E+0	0.000000E+0
120.0   	35      	4.012243E-2 	7.813190E-5	1.46E+1    	120.00    	7386.05	24.3 	35.2 	0.000000E+0	0.000000E+0	0.000000E+0	0.000000E+0	0.000000E+0	0.000000E+0	0.000000E+0	0.000000E+0
120.0   	36      	1.204506E-1 	1.145931E-4	1.74E+1    	120.00    	7388.00	24.3 	35.2 	0.000000E+0	0.000000E+0	0.000000E+0	0.000000E+0	0.000000E+0	0.000000E+0	0.000000E+0	0.000000E+0
120.0   	37      	3.929205E-2 	6.758159E-5	1.68E+1    	120.00    	7389.95	24.3 	35.2 	0.000000E+0	0.000000E+0	0.000000E+0	0.000000E+0	0.000000E+0	0.000000E+0	0.000000E+0	0.000000E+0
120.0   	38      	3.892767E-2 	1.437411E-4	1.67E+1    	120.00    	7391.89	24.3 	35.2 	0.000000E+0	0.000000E+0	0.000000E+0	0.000000E+0	0.000000E+0	0.000000E+0	0.000000E+0	0.000000E+0
120.0   	39      	3.932054E-2 	6.148618E-5	1.74E+1    	120.00    	7393.84	24.3 	35.2 	0.000000E+0	0.000000E+0	0.000000E+0	0.000000E+0	0.000000E+0	0.000000E+0	0.000000E+0	0.000000E+0
120.0   	40      	3.766292E-2 	1.813607E-4	1.93E+1    	120.00    	7395.79	24.3 	35.2 	0.000000E+0	0.000000E+0	0.000000E+0	0.000000E+0	0.000000E+0	0.000000E+0	0.000000E+0	0.000000E+0
120.0   	41      	3.815141E-2 	2.748952E-4	1.56E+1    	120.00    	7397.74	24.3 	35.2 	0.000000E+0	0.000000E+0	0.000000E+0	0.000000E+0	0.000000E+0	0.000000E+0	0.000000E+0	0.000000E+0
120.0   	42      	3.904511E-2 	2.043492E-4	1.62E+1    	120.00    	7399.69	24.3 	35.2 	0.000000E+0	0.000000E+0	0.000000E+0	0.000000E+0	0.000000E+0	0.000000E+0	0.000000E+0	0.000000E+0
120.0   	43      	3.942407E-2 	6.290483E-5	1.55E+1    	120.00    	7401.63	24.3 	35.2 	0.000000E+0	0.000000E+0	0.000000E+0	0.000000E+0	0.000000E+0	0.000000E+0	0.000000E+0	0.000000E+0
120.0   	44      	6.484525E-2 	2.219527E-4	1.68E+1    	120.00    	7403.57	24.3 	35.2 	0.000000E+0	0.000000E+0	0.000000E+0	0.000000E+0	0.000000E+0	0.000000E+0	0.000000E+0	0.000000E+0
120.0   	45      	4.229764E-2 	1.135110E-4	1.48E+1    	120.00    	7405.52	24.3 	35.2 	0.000000E+0	0.000000E+0	0.000000E+0	0.000000E+0	0.000000E+0	0.000000E+0	0.000000E+0	0.000000E+0
120.0   	46      	4.320781E-2 	1.508996E-4	1.56E+1    	120.00    	7407.48	24.3 	35.2 	0.000000E+0	0.000000E+0	0.000000E+0	0.000000E+0	0.000000E+0	0.000000E+0	0.000000E+0	0.000000E+0
120.0   	47      	4.539028E-2 	1.185597E-4	1.69E+1    	120.00    	7409.42	24.3 	35.2 	0.000000E+0	0.000000E+0	0.000000E+0	0.000000E+0	0.000000E+0	0.000000E+0	0.000000E+0	0.000000E+0
120.0   	48      	2.633508E-1 	1.703282E-4	1.52E+1    	120.00    	7411.37	24.3 	35.2 	0.000000E+0	0.000000E+0	0.000000E+0	0.000000E+0	0.000000E+0	0.000000E+0	0.000000E+0	0.000000E+0
120.0   	49      	1.962205E-1 	1.393247E-4	1.82E+1    	120.00    	7413.31	24.3 	35.2 	0.000000E+0	0.000000E+0	0.000000E+0	0.000000E+0	0.000000E+0	0.000000E+0	0.000000E+0	0.000000E+0
120.0   	50      	3.914232E-2 	2.495937E-5	1.65E+1    	120.00    	7415.25	24.3 	35.2 	0.000000E+0	0.000000E+0	0.000000E+0	0.000000E+0	0.000000E+0	0.000000E+0	0.000000E+0	0.000000E+0
120.0   	51      	3.418458E-1 	9.319658E-5	1.55E+1    	120.00    	7417.20	24.3 	35.2 	0.000000E+0	0.000000E+0	0.000000E+0	0.000000E+0	0.000000E+0	0.000000E+0	0.000000E+0	0.000000E+0
120.0   	52      	3.761641E-2 	9.708644E-5	1.36E+1    	120.00    	7419.15	24.3 	35.2 	0.000000E+0	0.000000E+0	0.000000E+0	0.000000E+0	0.000000E+0	0.000000E+0	0.000000E+0	0.000000E+0
120.0   	53      	3.970677E-2 	4.131296E-5	1.59E+1    	120.00    	7421.09	24.3 	35.2 	0.000000E+0	0.000000E+0	0.000000E+0	0.000000E+0	0.000000E+0	0.000000E+0	0.000000E+0	0.000000E+0
120.0   	54      	3.646057E-2 	1.202829E-4	1.86E+1    	120.00    	7423.03	24.3 	35.2 	0.000000E+0	0.000000E+0	0.000000E+0	0.000000E+0	0.000000E+0	0.000000E+0	0.000000E+0	0.000000E+0
120.0   	55      	3.651821E-2 	1.346982E-4	1.54E+1    	120.00    	7424.97	24.3 	35.2 	0.000000E+0	0.000000E+0	0.000000E+0	0.000000E+0	0.000000E+0	0.000000E+0	0.000000E+0	0.000000E+0
120.0   	56      	3.600249E-2 	1.085109E-4	1.78E+1    	120.00    	7426.91	24.3 	35.2 	0.000000E+0	0.000000E+0	0.000000E+0	0.000000E+0	0.000000E+0	0.000000E+0	0.000000E+0	0.000000E+0
120.0   	57      	4.098985E-2 	2.147720E-4	1.78E+1    	120.00    	7428.86	24.3 	35.2 	0.000000E+0	0.000000E+0	0.000000E+0	0.000000E+0	0.000000E+0	0.000000E+0	0.000000E+0	0.000000E+0
120.0   	58      	3.724854E-2 	3.418935E-5	1.92E+1    	120.00    	7430.82	24.3 	35.2 	0.000000E+0	0.000000E+0	0.000000E+0	0.000000E+0	0.000000E+0	0.000000E+0	0.000000E+0	0.000000E+0
120.0   	59      	3.791431E-2 	1.165332E-4	1.41E+1    	120.00    	7432.77	24.3 	35.2 	0.000000E+0	0.000000E+0	0.000000E+0	0.000000E+0	0.000000E+0	0.000000E+0	0.000000E+0	0.000000E+0
120.0   	60      	5.194820E-2 	1.208355E-4	1.23E+1    	120.00    	7434.71	24.3 	35.2 	0.000000E+0	0.000000E+0	0.000000E+0	0.000000E+0	0.000000E+0	0.000000E+0	0.000000E+0	0.000000E+0
120.0   	61      	5.615583E-2 	9.962146E-5	1.66E+1    	120.00    	7436.65	24.3 	35.2 	0.000000E+0	0.000000E+0	0.000000E+0	0.000000E+0	0.000000E+0	0.000000E+0	0.000000E+0	0.000000E+0
120.0   	62      	8.319534E-2 	1.500413E-4	1.92E+1    	120.00    	7438.60	24.3 	35.2 	0.000000E+0	0.000000E+0	0.000000E+0	0.000000E+0	0.000000E+0	0.000000E+0	0.000000E+0	0.000000E+0
120.0   	63      	4.970617E-2 	3.402920E-3	1.54E+1    	120.00    	7440.54	24.3 	35.2 	0.000000E+0	0.000000E+0	0.000000E+0	0.000000E+0	0.000000E+0	0.000000E+0	0.000000E+0	0.000000E+0
120.0   	64      	5.716952E-1 	8.273987E-4	1.75E+1    	120.00    	7442.49	24.3 	35.2 	0.000000E+0	0.000000E+0	0.000000E+0	0.000000E+0	0.000000E+0	0.000000E+0	0.000000E+0	0.000000E+0
120.0   	65      	1.296296E-1 	1.597427E-4	1.34E+1    	120.00    	7444.43	24.3 	35.2 	0.000000E+0	0.000000E+0	0.000000E+0	0.000000E+0	0.000000E+0	0.000000E+0	0.000000E+0	0.000000E+0
120.0   	66      	3.750907E-2 	1.628560E-4	1.75E+1    	120.00    	7446.38	24.3 	35.2 	0.000000E+0	0.000000E+0	0.000000E+0	0.000000E+0	0.000000E+0	0.000000E+0	0.000000E+0	0.000000E+0
120.0   	67      	1.019940E-1 	6.960706E-5	1.50E+1    	120.00    	7448.33	24.3 	35.2 	0.000000E+0	0.000000E+0	0.000000E+0	0.000000E+0	0.000000E+0	0.000000E+0	0.000000E+0	0.000000E+0
120.0   	68      	3.755816E-2 	1.746479E-4	1.25E+1    	120.00    	7450.28	24.3 	35.2 	0.000000E+0	0.000000E+0	0.000000E+0	0.000000E+0	0.000000E+0	0.000000E+0	0.000000E+0	0.000000E+0
120.0   	69      	1.586484E+1 	1.501967E-2	1.52E+1    	120.00    	7452.22	24.3 	35.2 	0.000000E+0	0.000000E+0	0.000000E+0	0.000000E+0	0.000000E+0	0.000000E+0	0.000000E+0	0.000000E+0
120.0   	70      	3.889409E-2 	9.538856E-5	1.52E+1    	120.00    	7454.33	24.3 	35.2 	0.000000E+0	0.000000E+0	0.000000E+0	0.000000E+0	0.000000E+0	0.000000E+0	0.000000E+0	0.000000E+0
120.0   	71      	3.419586E-1 	2.219122E-4	1.68E+1    	120.00    	7456.36	24.3 	35.2 	0.000000E+0	0.000000E+0	0.000000E+0	0.000000E+0	0.000000E+0	0.000000E+0	0.000000E+0	0.000000E+0
120.0   	72      	3.621332E-2 	3.188285E-5	1.80E+1    	120.00    	7458.31	24.3 	35.2 	0.000000E+0	0.000000E+0	0.000000E+0	0.000000E+0	0.000000E+0	0.000000E+0	0.000000E+0	0.000000E+0
120.0   	73      	3.614178E-2 	1.140045E-4	1.46E+1    	120.00    	7460.25	24.3 	35.2 	0.000000E+0	0.000000E+0	0.000000E+0	0.000000E+0	0.000000E+0	0.000000E+0	0.000000E+0	0.000000E+0
120.0   	74      	3.745273E-2 	1.219995E-4	1.40E+1    	120.00    	7462.20	24.3 	35.2 	0.000000E+0	0.000000E+0	0.000000E+0	0.000000E+0	0.000000E+0	0.000000E+0	0.000000E+0	0.000000E+0
120.0   	75      	3.628551E-2 	1.492100E-5	1.47E+1    	120.00    	7464.15	24.3 	35.2 	0.000000E+0	0.000000E+0	0.000000E+0	0.000000E+0	0.000000E+0	0.000000E+0	0.000000E+0	0.000000E+0
120.0   	76      	6.005985E-2 	2.154721E-4	1.81E+1    	120.00    	7466.08	24.3 	35.2 	0.000000E+0	0.000000E+0	0.000000E+0	0.000000E+0	0.000000E+0	0.000000E+0	0.000000E+0	0.000000E+0
120.0   	77      	1.087149E-3 	1.691606E-4	1.75E+1    	120.00    	7468.03	24.3 	35.2 	0.000000E+0	0.000000E+0	0.000000E+0	0.000000E+0	0.000000E+0	0.000000E+0	0.000000E+0	0.000000E+0
120.0   	78      	2.276215E-3 	1.931117E-3	1.83E+1    	120.00    	7469.96	24.3 	35.2 	0.000000E+0	0.000000E+0	0.000000E+0	0.000000E+0	0.000000E+0	0.000000E+0	0.000000E+0	0.000000E+0
120.0   	79      	9.553649E-2 	7.963564E-2	1.60E+1    	120.00    	7471.91	24.3 	35.2 	0.000000E+0	0.000000E+0	0.000000E+0	0.000000E+0	0.000000E+0	0.000000E+0	0.000000E+0	0.000000E+0
120.0   	80      	3.261517E-1 	9.415831E-4	1.48E+1    	120.00    	7473.86	24.3 	35.2 	0.000000E+0	0.000000E+0	0.000000E+0	0.000000E+0	0.000000E+0	0.000000E+0	0.000000E+0	0.000000E+0
120.0   	81      	1.258390E-1 	1.963437E-4	1.56E+1    	120.00    	7475.80	24.3 	35.2 	0.000000E+0	0.000000E+0	0.000000E+0	0.000000E+0	0.000000E+0	0.000000E+0	0.000000E+0	0.000000E+0
120.0   	82      	4.025633E-2 	1.649587E-4	1.83E+1    	120.00    	7477.73	24.3 	35.2 	0.000000E+0	0.000000E+0	0.000000E+0	0.000000E+0	0.000000E+0	0.000000E+0	0.000000E+0	0.000000E+0
120.0   	83      	5.163763E-2 	1.325346E-4	1.44E+1    	120.00    	7479.68	24.3 	35.2 	0.000000E+0	0.000000E+0	0.000000E+0	0.000000E+0	0.000000E+0	0.000000E+0	0.000000E+0	0.000000E+0
120.0   	84      	3.816155E-2 	1.860651E-4	1.32E+1    	120.00    	7481.63	24.3 	35.2 	0.000000E+0	0.000000E+0	0.000000E+0	0.000000E+0	0.000000E+0	0.000000E+0	0.000000E+0	0.000000E+0
120.0   	85      	3.698831E-2 	1.528480E-4	1.78E+1    	120.00    	7483.57	24.3 	35.2 	0.000000E+0	0.000000E+0	0.000000E+0	0.000000E+0	0.000000E+0	0.000000E+0	0.000000E+0	0.000000E+0
120.0   	86      	3.557858E-2 	2.458921E-4	1.41E+1    	120.00    	7485.52	24.3 	35.2 	0.000000E+0	0.000000E+0	0.000000E+0	0.000000E+0	0.000000E+0	0.000000E+0	0.000000E+0	0.000000E+0
120.0   	87      	3.514837E-2 	1.051487E-4	1.59E+1    	120.00    	7487.47	24.3 	35.2 	0.000000E+0	0.000000E+0	0.000000E+0	0.000000E+0	0.000000E+0	0.000000E+0	0.000000E+0	0.000000E+0
120.0   	88      	3.520660E-2 	4.258639E-5	1.44E+1    	120.00    	7489.42	24.3 	35.2 	0.000000E+0	0.000000E+0	0.000000E+0	0.000000E+0	0.000000E+0	0.000000E+0	0.000000E+0	0.000000E+0
120.0   	89      	3.639948E-2 	7.598596E-5	1.76E+1    	120.00    	7491.37	24.3 	35.2 	0.000000E+0	0.000000E+0	0.000000E+0	0.000000E+0	0.000000E+0	0.000000E+0	0.000000E+0	0.000000E+0
120.0   	90      	4.771124E-1 	3.168443E-5	1.43E+1    	120.00    	7493.32	24.3 	35.2 	0.000000E+0	0.000000E+0	0.000000E+0	0.000000E+0	0.000000E+0	0.000000E+0	0.000000E+0	0.000000E+0
120.0   	91      	3.593728E-2 	1.387334E-4	1.75E+1    	120.00    	7495.26	24.3 	35.2 	0.000000E+0	0.000000E+0	0.000000E+0	0.000000E+0	0.000000E+0	0.000000E+0	0.000000E+0	0.000000E+0
120.0   	92      	2.113469E-1 	5.595573E-5	1.49E+1    	120.00    	7497.21	24.3 	35.2 	0.000000E+0	0.000000E+0	0.000000E+0	0.000000E+0	0.000000E+0	0.000000E+0	0.000000E+0	0.000000E+0
120.0   	93      	3.826919E-2 	2.988535E-4	1.47E+1    	120.00    	7499.15	24.3 	35.2 	0.000000E+0	0.000000E+0	0.000000E+0	0.000000E+0	0.000000E+0	0.000000E+0	0.000000E+0	0.000000E+0
120.0   	94      	3.930723E-2 	1.734078E-4	1.34E+1    	120.00    	7501.10	24.3 	35.2 	0.000000E+0	0.000000E+0	0.000000E+0	0.000000E+0	0.000000E+0	0.000000E+0	0.000000E+0	0.000000E+0
120.0   	95      	4.694215E-2 	1.027800E-4	1.66E+1    	120.00    	7503.05	24.3 	35.2 	0.000000E+0	0.000000E+0	0.000000E+0	0.000000E+0	0.000000E+0	0.000000E+0	0.000000E+0	0.000000E+0
120.0   	96      	1.345772E-1 	1.086075E-4	1.47E+1    	120.00    	7505.00	24.3 	35.2 	0.000000E+0	0.000000E+0	0.000000E+0	0.000000E+0	0.000000E+0	0.000000E+0	0.000000E+0	0.000000E+0
120.0   	97      	1.484675E-1 	5.950776E-5	1.72E+1    	120.00    	7506.95	24.3 	35.2 	0.000000E+0	0.000000E+0	0.000000E+0	0.000000E+0	0.000000E+0	0.000000E+0	0.000000E+0	0.000000E+0
120.0   	98      	3.637161E-2 	9.146861E-5	1.59E+1    	120.00    	7508.89	24.3 	35.2 	0.000000E+0	0.000000E+0	0.000000E+0	0.000000E+0	0.000000E+0	0.000000E+0	0.000000E+0	0.000000E+0
120.0   	99      	3.550451E-2 	2.431686E-4	1.32E+1    	120.00    	7510.83	24.3 	35.2 	0.000000E+0	0.000000E+0	0.000000E+0	0.000000E+0	0.000000E+0	0.000000E+0	0.000000E+0	0.000000E+0
120.0   	100     	3.554567E-2 	8.321647E-5	1.64E+1    	120.00    	7512.78	24.3 	35.2 	0.000000E+0	0.000000E+0	0.000000E+0	0.000000E+0	0.000000E+0	0.000000E+0	0.000000E+0	0.000000E+0
120.0   	101     	3.610283E-2 	1.092221E-4	1.36E+1    	120.00    	7514.73	24.3 	35.2 	0.000000E+0	0.000000E+0	0.000000E+0	0.000000E+0	0.000000E+0	0.000000E+0	0.000000E+0	0.000000E+0
120.0   	102     	5.756111E-2 	1.173321E-4	1.38E+1    	120.00    	7516.68	24.3 	35.2 	0.000000E+0	0.000000E+0	0.000000E+0	0.000000E+0	0.000000E+0	0.000000E+0	0.000000E+0	0.000000E+0
120.0   	103     	3.653116E-2 	1.297465E-4	1.49E+1    	120.00    	7518.63	24.3 	35.2 	0.000000E+0	0.000000E+0	0.000000E+0	0.000000E+0	0.000000E+0	0.000000E+0	0.000000E+0	0.000000E+0
120.0   	104     	5.955171E-1 	2.336699E-4	1.44E+1    	120.00    	7520.56	24.3 	35.2 	0.000000E+0	0.000000E+0	0.000000E+0	0.000000E+0	0.000000E+0	0.000000E+0	0.000000E+0	0.000000E+0
120.0   	105     	3.555674E-2 	1.191442E-4	1.79E+1    	120.00    	7522.51	24.3 	35.2 	0.000000E+0	0.000000E+0	0.000000E+0	0.000000E+0	0.000000E+0	0.000000E+0	0.000000E+0	0.000000E+0
120.0   	106     	3.653876E-2 	1.029086E-4	1.65E+1    	120.00    	7524.46	24.3 	35.2 	0.000000E+0	0.000000E+0	0.000000E+0	0.000000E+0	0.000000E+0	0.000000E+0	0.000000E+0	0.000000E+0
120.0   	107     	3.574321E-2 	6.569323E-5	1.55E+1    	120.00    	7526.41	24.3 	35.2 	0.000000E+0	0.000000E+0	0.000000E+0	0.000000E+0	0.000000E+0	0.000000E+0	0.000000E+0	0.000000E+0
120.0   	108     	3.514076E-2 	9.092405E-5	1.58E+1    	120.00    	7528.36	24.3 	35.2 	0.000000E+0	0.000000E+0	0.000000E+0	0.000000E+0	0.000000E+0	0.000000E+0	0.000000E+0	0.000000E+0
120.0   	109     	3.546938E-2 	7.826625E-5	1.74E+1    	120.00    	7530.31	24.3 	35.2 	0.000000E+0	0.000000E+0	0.000000E+0	0.000000E+0	0.000000E+0	0.000000E+0	0.000000E+0	0.000000E+0
120.0   	110     	3.559946E-2 	8.593799E-5	1.64E+1    	120.00    	7532.25	24.3 	35.2 	0.000000E+0	0.000000E+0	0.000000E+0	0.000000E+0	0.000000E+0	0.000000E+0	0.000000E+0	0.000000E+0
120.0   	111     	3.776045E-2 	1.602496E-4	1.59E+1    	120.00    	7534.20	24.3 	35.2 	0.000000E+0	0.000000E+0	0.000000E+0	0.000000E+0	0.000000E+0	0.000000E+0	0.000000E+0	0.000000E+0
120.0   	112     	4.966776E-1 	1.902533E-4	1.44E+1    	120.00    	7536.15	24.3 	35.2 	0.000000E+0	0.000000E+0	0.000000E+0	0.000000E+0	0.000000E+0	0.000000E+0	0.000000E+0	0.000000E+0
120.0   	113     	1.287033E-1 	1.400023E-4	1.61E+1    	120.00    	7538.09	24.3 	35.2 	0.000000E+0	0.000000E+0	0.000000E+0	0.000000E+0	0.000000E+0	0.000000E+0	0.000000E+0	0.000000E+0
120.0   	114     	5.714573E-2 	8.237847E-5	1.61E+1    	120.00    	7540.03	24.3 	35.2 	0.000000E+0	0.000000E+0	0.000000E+0	0.000000E+0	0.000000E+0	0.000000E+0	0.000000E+0	0.000000E+0
120.0   	115     	3.542158E-2 	7.751381E-5	1.33E+1    	120.00    	7541.99	24.3 	35.2 	0.000000E+0	0.000000E+0	0.000000E+0	0.000000E+0	0.000000E+0	0.000000E+0	0.000000E+0	0.000000E+0
120.0   	116     	3.587552E-2 	1.156630E-4	1.45E+1    	120.00    	7543.93	24.3 	35.2 	0.000000E+0	0.000000E+0	0.000000E+0	0.000000E+0	0.000000E+0	0.000000E+0	0.000000E+0	0.000000E+0
120.0   	117     	4.887609E-2 	4.347359E-5	1.30E+1    	120.00    	7545.88	24.3 	35.2 	0.000000E+0	0.000000E+0	0.000000E+0	0.000000E+0	0.000000E+0	0.000000E+0	0.000000E+0	0.000000E+0
120.0   	118     	3.538928E-2 	6.934966E-5	1.27E+1    	120.00    	7547.82	24.3 	35.2 	0.000000E+0	0.000000E+0	0.000000E+0	0.000000E+0	0.000000E+0	0.000000E+0	0.000000E+0	0.000000E+0
120.0   	119     	5.500156E-2 	1.147263E-4	1.42E+1    	120.00    	7549.77	24.3 	35.2 	0.000000E+0	0.000000E+0	0.000000E+0	0.000000E+0	0.000000E+0	0.000000E+0	0.000000E+0	0.000000E+0
120.0   	120     	3.625828E-2 	3.854953E-5	1.69E+1    	120.00    	7551.72	24.3 	35.2 	0.000000E+0	0.000000E+0	0.000000E+0	0.000000E+0	0.000000E+0	0.000000E+0	0.000000E+0	0.000000E+0
120.0   	121     	3.599994E-2 	7.826342E-5	1.50E+1    	120.00    	7553.67	24.3 	35.2 	0.000000E+0	0.000000E+0	0.000000E+0	0.000000E+0	0.000000E+0	0.000000E+0	0.000000E+0	0.000000E+0
120.0   	122     	4.249769E-2 	5.386140E-5	1.54E+1    	120.00    	7555.62	24.3 	35.2 	0.000000E+0	0.000000E+0	0.000000E+0	0.000000E+0	0.000000E+0	0.000000E+0	0.000000E+0	0.000000E+0
120.0   	123     	3.551496E-2 	1.441252E-5	1.35E+1    	120.00    	7557.56	24.3 	35.2 	0.000000E+0	0.000000E+0	0.000000E+0	0.000000E+0	0.000000E+0	0.000000E+0	0.000000E+0	0.000000E+0
120.0   	124     	3.489541E-2 	8.396613E-5	1.52E+1    	120.00    	7559.51	24.3 	35.2 	0.000000E+0	0.000000E+0	0.000000E+0	0.000000E+0	0.000000E+0	0.000000E+0	0.000000E+0	0.000000E+0
120.0   	125     	3.426415E-2 	3.013804E-4	1.48E+1    	120.00    	7561.45	24.3 	35.2 	0.000000E+0	0.000000E+0	0.000000E+0	0.000000E+0	0.000000E+0	0.000000E+0	0.000000E+0	0.000000E+0
120.0   	126     	3.463233E-2 	1.113199E-4	1.31E+1    	120.00    	7563.39	24.3 	35.2 	0.000000E+0	0.000000E+0	0.000000E+0	0.000000E+0	0.000000E+0	0.000000E+0	0.000000E+0	0.000000E+0
120.0   	127     	3.634154E-2 	4.990638E-5	1.80E+1    	120.00    	7565.34	24.3 	35.2 	0.000000E+0	0.000000E+0	0.000000E+0	0.000000E+0	0.000000E+0	0.000000E+0	0.000000E+0	0.000000E+0
120.0   	128     	1.277701E-1 	1.954908E-4	1.41E+1    	120.00    	7567.29	24.3 	35.2 	0.000000E+0	0.000000E+0	0.000000E+0	0.000000E+0	0.000000E+0	0.000000E+0	0.000000E+0	0.000000E+0
120.0   	129     	1.290639E-1 	1.721995E-4	1.63E+1    	120.00    	7569.23	24.3 	35.2 	0.000000E+0	0.000000E+0	0.000000E+0	0.000000E+0	0.000000E+0	0.000000E+0	0.000000E+0	0.000000E+0
120.0   	130     	3.877189E-2 	9.071545E-5	1.40E+1    	120.00    	7571.16	24.3 	35.2 	0.000000E+0	0.000000E+0	0.000000E+0	0.000000E+0	0.000000E+0	0.000000E+0	0.000000E+0	0.000000E+0
120.0   	131     	3.573086E-2 	1.172677E-4	1.84E+1    	120.00    	7573.11	24.3 	35.2 	0.000000E+0	0.000000E+0	0.000000E+0	0.000000E+0	0.000000E+0	0.000000E+0	0.000000E+0	0.000000E+0
120.0   	132     	3.548645E-2 	2.504727E-4	1.54E+1    	120.00    	7575.06	24.3 	35.2 	0.000000E+0	0.000000E+0	0.000000E+0	0.000000E+0	0.000000E+0	0.000000E+0	0.000000E+0	0.000000E+0
120.0   	133     	3.627821E-2 	2.796108E-5	1.64E+1    	120.00    	7577.02	24.3 	35.2 	0.000000E+0	0.000000E+0	0.000000E+0	0.000000E+0	0.000000E+0	0.000000E+0	0.000000E+0	0.000000E+0
120.0   	134     	3.511037E-2 	1.004860E-4	1.43E+1    	120.00    	7578.96	24.3 	35.2 	0.000000E+0	0.000000E+0	0.000000E+0	0.000000E+0	0.000000E+0	0.000000E+0	0.000000E+0	0.000000E+0
120.0   	135     	3.542566E-2 	1.125506E-4	1.58E+1    	120.00    	7580.91	24.3 	35.2 	0.000000E+0	0.000000E+0	0.000000E+0	0.000000E+0	0.000000E+0	0.000000E+0	0.000000E+0	0.000000E+0
120.0   	136     	3.644094E-2 	1.285055E-4	1.56E+1    	120.00    	7582.86	24.3 	35.2 	0.000000E+0	0.000000E+0	0.000000E+0	0.000000E+0	0.000000E+0	0.000000E+0	0.000000E+0	0.000000E+0
120.0   	137     	3.629436E-2 	2.131384E-4	1.23E+1    	120.00    	7584.81	24.3 	35.2 	0.000000E+0	0.000000E+0	0.000000E+0	0.000000E+0	0.000000E+0	0.000000E+0	0.000000E+0	0.000000E+0
120.0   	138     	3.665146E-2 	4.228784E-5	1.29E+1    	120.00    	7586.74	24.3 	35.2 	0.000000E+0	0.000000E+0	0.000000E+0	0.000000E+0	0.000000E+0	0.000000E+0	0.000000E+0	0.000000E+0
120.0   	139     	3.461114E-2 	1.119720E-4	1.30E+1    	120.00    	7588.69	24.3 	35.2 	0.000000E+0	0.000000E+0	0.000000E+0	0.000000E+0	0.000000E+0	0.000000E+0	0.000000E+0	0.000000E+0
120.0   	140     	3.388521E-2 	1.115032E-4	1.47E+1    	120.00    	7590.64	24.3 	35.2 	0.000000E+0	0.000000E+0	0.000000E+0	0.000000E+0	0.000000E+0	0.000000E+0	0.000000E+0	0.000000E+0
120.0   	141     	3.347841E-2 	1.616032E-4	1.23E+1    	120.00    	7592.59	24.3 	35.2 	0.000000E+0	0.000000E+0	0.000000E+0	0.000000E+0	0.000000E+0	0.000000E+0	0.000000E+0	0.000000E+0
120.0   	142     	3.328339E-2 	1.183003E-4	1.29E+1    	120.00    	7594.53	24.3 	35.2 	0.000000E+0	0.000000E+0	0.000000E+0	0.000000E+0	0.000000E+0	0.000000E+0	0.000000E+0	0.000000E+0
120.0   	143     	3.478936E-2 	9.697342E-5	1.26E+1    	120.00    	7596.48	24.3 	35.2 	0.000000E+0	0.000000E+0	0.000000E+0	0.000000E+0	0.000000E+0	0.000000E+0	0.000000E+0	0.000000E+0
120.0   	144     	1.245875E-1 	4.501670E-5	1.40E+1    	120.00    	7598.43	24.3 	35.2 	0.000000E+0	0.000000E+0	0.000000E+0	0.000000E+0	0.000000E+0	0.000000E+0	0.000000E+0	0.000000E+0
120.0   	145     	1.279701E-1 	1.778789E-4	1.44E+1    	120.00    	7600.37	24.3 	35.2 	0.000000E+0	0.000000E+0	0.000000E+0	0.000000E+0	0.000000E+0	0.000000E+0	0.000000E+0	0.000000E+0
120.0   	146     	3.796337E-2 	1.319192E-4	1.83E+1    	120.00    	7602.32	24.3 	35.2 	0.000000E+0	0.000000E+0	0.000000E+0	0.000000E+0	0.000000E+0	0.000000E+0	0.000000E+0	0.000000E+0
120.0   	147     	3.702631E-2 	4.191553E-5	1.39E+1    	120.00    	7604.27	24.3 	35.2 	0.000000E+0	0.000000E+0	0.000000E+0	0.000000E+0	0.000000E+0	0.000000E+0	0.000000E+0	0.000000E+0
120.0   	148     	3.811783E-2 	1.076297E-4	1.62E+1    	120.00    	7606.19	24.3 	35.2 	0.000000E+0	0.000000E+0	0.000000E+0	0.000000E+0	0.000000E+0	0.000000E+0	0.000000E+0	0.000000E+0
120.0   	149     	3.613702E-2 	2.021740E-4	1.79E+1    	120.00    	7608.14	24.3 	35.2 	0.000000E+0	0.000000E+0	0.000000E+0	0.000000E+0	0.000000E+0	0.000000E+0	0.000000E+0	0.000000E+0
120.0   	150     	2.362064E-1 	9.911944E-5	1.46E+1    	120.00    	7610.09	24.3 	35.2 	0.000000E+0	0.000000E+0	0.000000E+0	0.000000E+0	0.000000E+0	0.000000E+0	0.000000E+0	0.000000E+0
120.0   	151     	3.580970E-2 	4.010902E-5	1.59E+1    	120.00    	7612.04	24.3 	35.2 	0.000000E+0	0.000000E+0	0.000000E+0	0.000000E+0	0.000000E+0	0.000000E+0	0.000000E+0	0.000000E+0
120.0   	152     	3.557161E-2 	8.675167E-5	1.45E+1    	120.00    	7613.97	24.3 	35.2 	0.000000E+0	0.000000E+0	0.000000E+0	0.000000E+0	0.000000E+0	0.000000E+0	0.000000E+0	0.000000E+0
120.0   	153     	3.555546E-2 	1.457488E-4	1.69E+1    	120.00    	7615.92	24.3 	35.2 	0.000000E+0	0.000000E+0	0.000000E+0	0.000000E+0	0.000000E+0	0.000000E+0	0.000000E+0	0.000000E+0
120.0   	154     	3.547410E-2 	1.923984E-4	1.76E+1    	120.00    	7617.87	24.3 	35.2 	0.000000E+0	0.000000E+0	0.000000E+0	0.000000E+0	0.000000E+0	0.000000E+0	0.000000E+0	0.000000E+0
120.0   	155     	2.111923E-1 	1.062859E-4	1.29E+1    	120.00    	7619.82	24.3 	35.2 	0.000000E+0	0.000000E+0	0.000000E+0	0.000000E+0	0.000000E+0	0.000000E+0	0.000000E+0	0.000000E+0
120.0   	156     	3.281739E-2 	1.181675E-4	1.73E+1    	120.00    	7621.77	24.3 	35.2 	0.000000E+0	0.000000E+0	0.000000E+0	0.000000E+0	0.000000E+0	0.000000E+0	0.000000E+0	0.000000E+0
120.0   	157     	3.241439E-2 	2.414308E-5	1.58E+1    	120.00    	7623.72	24.3 	35.2 	0.000000E+0	0.000000E+0	0.000000E+0	0.000000E+0	0.000000E+0	0.000000E+0	0.000000E+0	0.000000E+0
120.0   	158     	3.253500E-2 	1.693956E-4	1.85E+1    	120.00    	7625.67	24.3 	35.2 	0.000000E+0	0.000000E+0	0.000000E+0	0.000000E+0	0.000000E+0	0.000000E+0	0.000000E+0	0.000000E+0
120.0   	159     	6.478792E-2 	2.335144E-4	1.29E+1    	120.00    	7627.61	24.3 	35.2 	0.000000E+0	0.000000E+0	0.000000E+0	0.000000E+0	0.000000E+0	0.000000E+0	0.000000E+0	0.000000E+0
120.0   	160     	1.244485E-1 	1.844308E-4	1.43E+1    	120.00    	7629.56	24.3 	35.2 	0.000000E+0	0.000000E+0	0.000000E+0	0.000000E+0	0.000000E+0	0.000000E+0	0.000000E+0	0.000000E+0
120.0   	161     	1.301330E-1 	5.990225E-5	1.70E+1    	120.00    	7631.51	24.3 	35.2 	0.000000E+0	0.000000E+0	0.000000E+0	0.000000E+0	0.000000E+0	0.000000E+0	0.000000E+0	0.000000E+0
120.0   	162     	3.971246E-2 	1.371159E-4	1.65E+1    	120.00    	7633.46	24.3 	35.2 	0.000000E+0	0.000000E+0	0.000000E+0	0.000000E+0	0.000000E+0	0.000000E+0	0.000000E+0	0.000000E+0
120.0   	163     	5.077239E-2 	6.601538E-5	1.56E+1    	120.00    	7635.40	24.3 	35.2 	0.000000E+0	0.000000E+0	0.000000E+0	0.000000E+0	0.000000E+0	0.000000E+0	0.000000E+0	0.000000E+0
120.0   	164     	1.481604E-3 	2.252014E-4	1.40E+1    	120.00    	7637.34	24.3 	35.2 	0.000000E+0	0.000000E+0	0.000000E+0	0.000000E+0	0.000000E+0	0.000000E+0	0.000000E+0	0.000000E+0
120.0   	165     	3.944653E-2 	8.983119E-5	1.77E+1    	120.00    	7639.29	24.3 	35.2 	0.000000E+0	0.000000E+0	0.000000E+0	0.000000E+0	0.000000E+0	0.000000E+0	0.000000E+0	0.000000E+0
120.0   	166     	3.771642E-2 	7.872275E-5	1.62E+1    	120.00    	7641.23	24.3 	35.2 	0.000000E+0	0.000000E+0	0.000000E+0	0.000000E+0	0.000000E+0	0.000000E+0	0.000000E+0	0.000000E+0
120.0   	167     	3.690408E-2 	1.263960E-4	1.58E+1    	120.00    	7643.18	24.3 	35.2 	0.000000E+0	0.000000E+0	0.000000E+0	0.000000E+0	0.000000E+0	0.000000E+0	0.000000E+0	0.000000E+0
120.0   	168     	6.507758E-2 	1.416506E-4	1.53E+1    	120.00    	7645.13	24.3 	35.2 	0.000000E+0	0.000000E+0	0.000000E+0	0.000000E+0	0.000000E+0	0.000000E+0	0.000000E+0	0.000000E+0
120.0   	169     	3.453957E-2 	6.757895E-5	1.65E+1    	120.00    	7647.08	24.3 	35.2 	0.000000E+0	0.000000E+0	0.000000E+0	0.000000E+0	0.000000E+0	0.000000E+0	0.000000E+0	0.000000E+0
120.0   	170     	3.368608E-2 	1.420582E-4	1.35E+1    	120.00    	7649.02	24.3 	35.2 	0.000000E+0	0.000000E+0	0.000000E+0	0.000000E+0	0.000000E+0	0.000000E+0	0.000000E+0	0.000000E+0
120.0   	171     	1.522795E-1 	1.640098E-4	1.63E+1    	120.00    	7650.96	24.3 	35.2 	0.000000E+0	0.000000E+0	0.000000E+0	0.000000E+0	0.000000E+0	0.000000E+0	0.000000E+0	0.000000E+0
120.0   	172     	3.191449E-2 	8.138130E-5	1.43E+1    	120.00    	7652.90	24.3 	35.2 	0.000000E+0	0.000000E+0	0.000000E+0	0.000000E+0	0.000000E+0	0.000000E+0	0.000000E+0	0.000000E+0
120.0   	173     	3.153872E-2 	1.599277E-4	1.69E+1    	120.00    	7654.85	24.3 	35.2 	0.000000E+0	0.000000E+0	0.000000E+0	0.000000E+0	0.000000E+0	0.000000E+0	0.000000E+0	0.000000E+0
120.0   	174     	3.143617E-2 	2.205201E-4	1.25E+1    	120.00    	7656.80	24.3 	35.2 	0.000000E+0	0.000000E+0	0.000000E+0	0.000000E+0	0.000000E+0	0.000000E+0	0.000000E+0	0.000000E+0
120.0   	175     	1.175070E-1 	5.815620E-5	1.62E+1    	120.00    	7658.74	24.3 	35.2 	0.000000E+0	0.000000E+0	0.000000E+0	0.000000E+0	0.000000E+0	0.000000E+0	0.000000E+0	0.000000E+0
120.0   	176     	1.250016E-1 	1.153511E-4	1.60E+1    	120.00    	7660.69	24.3 	35.2 	0.000000E+0	0.000000E+0	0.000000E+0	0.000000E+0	0.000000E+0	0.000000E+0	0.000000E+0	0.000000E+0
120.0   	177     	2.182168E-1 	2.847756E-4	1.40E+1    	120.00    	7662.64	24.3 	35.2 	0.000000E+0	0.000000E+0	0.000000E+0	0.000000E+0	0.000000E+0	0.000000E+0	0.000000E+0	0.000000E+0
120.0   	178     	4.119877E-2 	2.165047E-4	1.32E+1    	120.00    	7664.58	24.3 	35.2 	0.000000E+0	0.000000E+0	0.000000E+0	0.000000E+0	0.000000E+0	0.000000E+0	0.000000E+0	0.000000E+0
120.0   	179     	4.407773E-2 	2.253367E-4	1.32E+1    	120.00    	7666.52	24.3 	35.2 	0.000000E+0	0.000000E+0	0.000000E+0	0.000000E+0	0.000000E+0	0.000000E+0	0.000000E+0	0.000000E+0
120.0   	180     	5.254330E-2 	1.621514E-4	1.54E+1    	120.00    	7668.47	24.3 	35.2 	0.000000E+0	0.000000E+0	0.000000E+0	0.000000E+0	0.000000E+0	0.000000E+0	0.000000E+0	0.000000E+0
120.0   	181     	3.983907E-2 	2.168833E-4	1.59E+1    	120.00    	7670.41	24.3 	35.2 	0.000000E+0	0.000000E+0	0.000000E+0	0.000000E+0	0.000000E+0	0.000000E+0	0.000000E+0	0.000000E+0
120.0   	182     	3.887383E-2 	1.136656E-4	1.26E+1    	120.00    	7672.36	24.3 	35.2 	0.000000E+0	0.000000E+0	0.000000E+0	0.000000E+0	0.000000E+0	0.000000E+0	0.000000E+0	0.000000E+0
120.0   	183     	3.768760E-2 	7.413308E-5	1.87E+1    	120.00    	7674.31	24.3 	35.2 	0.000000E+0	0.000000E+0	0.000000E+0	0.000000E+0	0.000000E+0	0.000000E+0	0.000000E+0	0.000000E+0
120.0   	184     	3.542693E-2 	2.876521E-5	1.21E+1    	120.00    	7676.26	24.3 	35.2 	0.000000E+0	0.000000E+0	0.000000E+0	0.000000E+0	0.000000E+0	0.000000E+0	0.000000E+0	0.000000E+0
120.0   	185     	1.502360E-1 	1.711419E-4	1.60E+1    	120.00    	7678.20	24.3 	35.2 	0.000000E+0	0.000000E+0	0.000000E+0	0.000000E+0	0.000000E+0	0.000000E+0	0.000000E+0	0.000000E+0
120.0   	186     	3.234599E-2 	9.803422E-5	1.91E+1    	120.00    	7680.15	24.3 	35.2 	0.000000E+0	0.000000E+0	0.000000E+0	0.000000E+0	0.000000E+0	0.000000E+0	0.000000E+0	0.000000E+0
120.0   	187     	5.897840E-2 	1.216545E-4	1.22E+1    	120.00    	7682.10	24.3 	35.2 	0.000000E+0	0.000000E+0	0.000000E+0	0.000000E+0	0.000000E+0	0.000000E+0	0.000000E+0	0.000000E+0
120.0   	188     	3.198068E-2 	1.542190E-4	1.68E+1    	120.00    	7684.04	24.3 	35.2 	0.000000E+0	0.000000E+0	0.000000E+0	0.000000E+0	0.000000E+0	0.000000E+0	0.000000E+0	0.000000E+0
120.0   	189     	3.097268E-2 	2.303694E-4	1.78E+1    	120.00    	7685.98	24.3 	35.2 	0.000000E+0	0.000000E+0	0.000000E+0	0.000000E+0	0.000000E+0	0.000000E+0	0.000000E+0	0.000000E+0
120.0   	190     	3.099042E-2 	2.526459E-4	1.41E+1    	120.00    	7687.93	24.3 	35.2 	0.000000E+0	0.000000E+0	0.000000E+0	0.000000E+0	0.000000E+0	0.000000E+0	0.000000E+0	0.000000E+0
120.0   	191     	4.143715E-2 	8.987450E-5	1.28E+1    	120.00    	7689.88	24.3 	35.2 	0.000000E+0	0.000000E+0	0.000000E+0	0.000000E+0	0.000000E+0	0.000000E+0	0.000000E+0	0.000000E+0
120.0   	192     	1.232002E-1 	1.316755E-4	1.46E+1    	120.00    	7691.83	24.3 	35.2 	0.000000E+0	0.000000E+0	0.000000E+0	0.000000E+0	0.000000E+0	0.000000E+0	0.000000E+0	0.000000E+0
120.0   	193     	1.325215E-1 	1.302323E-4	1.68E+1    	120.00    	7693.78	24.3 	35.2 	0.000000E+0	0.000000E+0	0.000000E+0	0.000000E+0	0.000000E+0	0.000000E+0	0.000000E+0	0.000000E+0
120.0   	194     	7.083926E-2 	9.976359E-5	1.27E+1    	120.00    	7695.72	24.3 	35.2 	0.000000E+0	0.000000E+0	0.000000E+0	0.000000E+0	0.000000E+0	0.000000E+0	0.000000E+0	0.000000E+0
120.0   	195     	4.130038E-2 	1.298601E-4	1.67E+1    	120.00    	7697.67	24.3 	35.2 	0.000000E+0	0.000000E+0	0.000000E+0	0.000000E+0	0.000000E+0	0.000000E+0	0.000000E+0	0.000000E+0
120.0   	196     	3.978271E-2 	5.322812E-5	1.28E+1    	120.00    	7699.62	24.3 	35.2 	0.000000E+0	0.000000E+0	0.000000E+0	0.000000E+0	0.000000E+0	0.000000E+0	0.000000E+0	0.000000E+0
120.0   	197     	3.959150E-2 	6.505054E-5	1.40E+1    	120.00    	7701.56	24.3 	35.2 	0.000000E+0	0.000000E+0	0.000000E+0	0.000000E+0	0.000000E+0	0.000000E+0	0.000000E+0	0.000000E+0
120.0   	198     	5.778266E-2 	7.013114E-5	1.27E+1    	120.00    	7703.51	24.3 	35.2 	0.000000E+0	0.000000E+0	0.000000E+0	0.000000E+0	0.000000E+0	0.000000E+0	0.000000E+0	0.000000E+0
120.0   	199     	3.723205E-2 	1.675058E-4	1.44E+1    	120.00    	7705.46	24.3 	35.2 	0.000000E+0	0.000000E+0	0.000000E+0	0.000000E+0	0.000000E+0	0.000000E+0	0.000000E+0	0.000000E+0
120.0   	200     	3.484726E-2 	8.224557E-5	1.61E+1    	120.00    	7707.40	24.3 	35.2 	0.000000E+0	0.000000E+0	0.000000E+0	0.000000E+0	0.000000E+0	0.000000E+0	0.000000E+0	0.000000E+0
120.0   	201     	1.714270E-1 	4.995101E-5	1.73E+1    	120.00    	7709.35	24.3 	35.2 	0.000000E+0	0.000000E+0	0.000000E+0	0.000000E+0	0.000000E+0	0.000000E+0	0.000000E+0	0.000000E+0
120.0   	202     	6.781153E-2 	7.594630E-5	1.54E+1    	120.00    	7711.30	24.3 	35.2 	0.000000E+0	0.000000E+0	0.000000E+0	0.000000E+0	0.000000E+0	0.000000E+0	0.000000E+0	0.000000E+0
120.0   	203     	3.249732E-2 	1.489552E-4	1.49E+1    	120.00    	7713.25	24.3 	35.2 	0.000000E+0	0.000000E+0	0.000000E+0	0.000000E+0	0.000000E+0	0.000000E+0	0.000000E+0	0.000000E+0
120.0   	204     	3.055226E-2 	7.752606E-5	1.54E+1    	120.00    	7715.19	24.3 	35.2 	0.000000E+0	0.000000E+0	0.000000E+0	0.000000E+0	0.000000E+0	0.000000E+0	0.000000E+0	0.000000E+0
120.0   	205     	3.049401E-2 	2.033196E-4	1.37E+1    	120.00    	7717.14	24.3 	35.2 	0.000000E+0	0.000000E+0	0.000000E+0	0.000000E+0	0.000000E+0	0.000000E+0	0.000000E+0	0.000000E+0
120.0   	206     	3.080618E-2 	2.074428E-4	1.64E+1    	120.00    	7719.07	24.3 	35.2 	0.000000E+0	0.000000E+0	0.000000E+0	0.000000E+0	0.000000E+0	0.000000E+0	0.000000E+0	0.000000E+0
120.0   	207     	3.202118E-2 	1.342652E-4	1.77E+1    	120.00    	7721.02	24.3 	35.2 	0.000000E+0	0.000000E+0	0.000000E+0	0.000000E+0	0.000000E+0	0.000000E+0	0.000000E+0	0.000000E+0
120.0   	208     	1.289718E-1 	7.520587E-5	1.71E+1    	120.00    	7722.97	24.3 	35.2 	0.000000E+0	0.000000E+0	0.000000E+0	0.000000E+0	0.000000E+0	0.000000E+0	0.000000E+0	0.000000E+0
120.0   	209     	1.366427E-1 	2.069765E-4	1.48E+1    	120.00    	7724.90	24.3 	35.2 	0.000000E+0	0.000000E+0	0.000000E+0	0.000000E+0	0.000000E+0	0.000000E+0	0.000000E+0	0.000000E+0
120.0   	210     	4.321124E-2 	1.040295E-4	1.68E+1    	120.00    	7726.85	24.3 	35.2 	0.000000E+0	0.000000E+0	0.000000E+0	0.000000E+0	0.000000E+0	0.000000E+0	0.000000E+0	0.000000E+0
120.0   	211     	4.167838E-2 	8.976147E-5	1.18E+1    	120.00    	7728.80	24.3 	35.2 	0.000000E+0	0.000000E+0	0.000000E+0	0.000000E+0	0.000000E+0	0.000000E+0	0.000000E+0	0.000000E+0
120.0   	212     	1.771457E-1 	8.937166E-5	1.85E+1    	120.00    	7730.75	24.3 	35.2 	0.000000E+0	0.000000E+0	0.000000E+0	0.000000E+0	0.000000E+0	0.000000E+0	0.000000E+0	0.000000E+0
120.0   	213     	3.837902E-2 	2.580532E-4	1.56E+1    	120.00    	7732.69	24.3 	35.2 	0.000000E+0	0.000000E+0	0.000000E+0	0.000000E+0	0.000000E+0	0.000000E+0	0.000000E+0	0.000000E+0
120.0   	214     	3.753059E-2 	1.093723E-4	1.79E+1    	120.00    	7734.65	24.3 	35.2 	0.000000E+0	0.000000E+0	0.000000E+0	0.000000E+0	0.000000E+0	0.000000E+0	0.000000E+0	0.000000E+0
120.0   	215     	3.564508E-2 	1.829954E-4	1.45E+1    	120.00    	7736.59	24.3 	35.2 	0.000000E+0	0.000000E+0	0.000000E+0	0.000000E+0	0.000000E+0	0.000000E+0	0.000000E+0	0.000000E+0
120.0   	216     	3.392477E-2 	2.693938E-4	1.40E+1    	120.00    	7738.54	24.3 	35.2 	0.000000E+0	0.000000E+0	0.000000E+0	0.000000E+0	0.000000E+0	0.000000E+0	0.000000E+0	0.000000E+0
120.0   	217     	3.260845E-2 	4.925681E-5	1.76E+1    	120.00    	7740.49	24.3 	35.2 	0.000000E+0	0.000000E+0	0.000000E+0	0.000000E+0	0.000000E+0	0.000000E+0	0.000000E+0	0.000000E+0
120.0   	218     	3.132978E-2 	6.481973E-5	1.24E+1    	120.00    	7742.44	24.3 	35.2 	0.000000E+0	0.000000E+0	0.000000E+0	0.000000E+0	0.000000E+0	0.000000E+0	0.000000E+0	0.000000E+0
120.0   	219     	3.053422E-2 	1.346121E-4	1.82E+1    	120.00    	7744.39	24.3 	35.2 	0.000000E+0	0.000000E+0	0.000000E+0	0.000000E+0	0.000000E+0	0.000000E+0	0.000000E+0	0.000000E+0
120.0   	220     	2.997545E-2 	2.091155E-4	1.35E+1    	120.00    	7746.34	24.3 	35.2 	0.000000E+0	0.000000E+0	0.000000E+0	0.000000E+0	0.000000E+0	0.000000E+0	0.000000E+0	0.000000E+0
120.0   	221     	7.194192E-2 	1.538485E-4	1.62E+1    	120.00    	7748.29	24.3 	35.2 	0.000000E+0	0.000000E+0	0.000000E+0	0.000000E+0	0.000000E+0	0.000000E+0	0.000000E+0	0.000000E+0
120.0   	222     	3.112306E-2 	1.401712E-5	1.60E+1    	120.00    	7750.23	24.3 	35.2 	0.000000E+0	0.000000E+0	0.000000E+0	0.000000E+0	0.000000E+0	0.000000E+0	0.000000E+0	0.000000E+0
120.0   	223     	3.398998E-2 	1.071482E-4	1.77E+1    	120.00    	7752.17	24.3 	35.2 	0.000000E+0	0.000000E+0	0.000000E+0	0.000000E+0	0.000000E+0	0.000000E+0	0.000000E+0	0.000000E+0
120.0   	224     	1.341310E-1 	1.186039E-4	1.37E+1    	120.00    	7754.11	24.3 	35.2 	0.000000E+0	0.000000E+0	0.000000E+0	0.000000E+0	0.000000E+0	0.000000E+0	0.000000E+0	0.000000E+0
120.0   	225     	1.458852E-1 	3.005112E-5	1.70E+1    	120.00    	7756.06	24.3 	35.2 	0.000000E+0	0.000000E+0	0.000000E+0	0.000000E+0	0.000000E+0	0.000000E+0	0.000000E+0	0.000000E+0
120.0   	226     	4.429679E-2 	2.924007E-5	1.65E+1    	120.00    	7758.01	24.3 	35.2 	0.000000E+0	0.000000E+0	0.000000E+0	0.000000E+0	0.000000E+0	0.000000E+0	0.000000E+0	0.000000E+0
120.0   	227     	4.177588E-2 	6.088052E-5	1.33E+1    	120.00    	7759.96	24.3 	35.2 	0.000000E+0	0.000000E+0	0.000000E+0	0.000000E+0	0.000000E+0	0.000000E+0	0.000000E+0	0.000000E+0
120.0   	228     	3.940344E-2 	5.826257E-5	1.36E+1    	120.00    	7761.90	24.3 	35.2 	0.000000E+0	0.000000E+0	0.000000E+0	0.000000E+0	0.000000E+0	0.000000E+0	0.000000E+0	0.000000E+0
120.0   	229     	6.873150E-2 	1.473686E-4	1.37E+1    	120.00    	7763.85	24.3 	35.2 	0.000000E+0	0.000000E+0	0.000000E+0	0.000000E+0	0.000000E+0	0.000000E+0	0.000000E+0	0.000000E+0
120.0   	230     	5.710424E-2 	1.642434E-4	1.71E+1    	120.00    	7765.79	24.3 	35.2 	0.000000E+0	0.000000E+0	0.000000E+0	0.000000E+0	0.000000E+0	0.000000E+0	0.000000E+0	0.000000E+0
120.0   	231     	3.479471E-2 	1.223159E-4	1.64E+1    	120.00    	7767.74	24.3 	35.2 	0.000000E+0	0.000000E+0	0.000000E+0	0.000000E+0	0.000000E+0	0.000000E+0	0.000000E+0	0.000000E+0
120.0   	232     	3.373039E-2 	1.282312E-4	1.67E+1    	120.00    	7769.68	24.3 	35.2 	0.000000E+0	0.000000E+0	0.000000E+0	0.000000E+0	0.000000E+0	0.000000E+0	0.000000E+0	0.000000E+0
120.0   	233     	3.264864E-2 	1.078891E-4	1.75E+1    	120.00    	7771.63	24.3 	35.2 	0.000000E+0	0.000000E+0	0.000000E+0	0.000000E+0	0.000000E+0	0.000000E+0	0.000000E+0	0.000000E+0
120.0   	234     	4.593664E-2 	1.189808E-4	1.44E+1    	120.00    	7773.58	24.3 	35.2 	0.000000E+0	0.000000E+0	0.000000E+0	0.000000E+0	0.000000E+0	0.000000E+0	0.000000E+0	0.000000E+0
120.0   	235     	3.044430E-2 	7.120508E-6	1.28E+1    	120.00    	7775.53	24.3 	35.2 	0.000000E+0	0.000000E+0	0.000000E+0	0.000000E+0	0.000000E+0	0.000000E+0	0.000000E+0	0.000000E+0
120.0   	236     	3.025561E-2 	4.487219E-5	1.63E+1    	120.00    	7777.48	24.3 	35.2 	0.000000E+0	0.000000E+0	0.000000E+0	0.000000E+0	0.000000E+0	0.000000E+0	0.000000E+0	0.000000E+0
120.0   	237     	3.058802E-2 	4.206334E-5	1.84E+1    	120.00    	7779.42	24.3 	35.2 	0.000000E+0	0.000000E+0	0.000000E+0	0.000000E+0	0.000000E+0	0.000000E+0	0.000000E+0	0.000000E+0
120.0   	238     	1.863986E-1 	5.420664E-5	1.71E+1    	120.00    	7781.36	24.3 	35.2 	0.000000E+0	0.000000E+0	0.000000E+0	0.000000E+0	0.000000E+0	0.000000E+0	0.000000E+0	0.000000E+0
120.0   	239     	5.280605E-2 	3.513659E-5	1.45E+1    	120.00    	7783.31	24.3 	35.2 	0.000000E+0	0.000000E+0	0.000000E+0	0.000000E+0	0.000000E+0	0.000000E+0	0.000000E+0	0.000000E+0
120.0   	240     	1.537964E-1 	1.908510E-4	1.59E+1    	120.00    	7785.26	24.3 	35.2 	0.000000E+0	0.000000E+0	0.000000E+0	0.000000E+0	0.000000E+0	0.000000E+0	0.000000E+0	0.000000E+0
120.0   	241     	2.670874E-1 	1.254070E-4	1.59E+1    	120.00    	7787.20	24.3 	35.2 	0.000000E+0	0.000000E+0	0.000000E+0	0.000000E+0	0.000000E+0	0.000000E+0	0.000000E+0	0.000000E+0
120.0   	242     	1.410693E-1 	1.764372E-4	1.72E+1    	120.00    	7789.14	24.3 	35.2 	0.000000E+0	0.000000E+0	0.000000E+0	0.000000E+0	0.000000E+0	0.000000E+0	0.000000E+0	0.000000E+0
120.0   	243     	1.323468E-1 	5.619362E-5	1.47E+1    	120.00    	7791.09	24.3 	35.2 	0.000000E+0	0.000000E+0	0.000000E+0	0.000000E+0	0.000000E+0	0.000000E+0	0.000000E+0	0.000000E+0
120.0   	244     	1.276294E-1 	7.510812E-5	1.41E+1    	120.00    	7793.04	24.3 	35.2 	0.000000E+0	0.000000E+0	0.000000E+0	0.000000E+0	0.000000E+0	0.000000E+0	0.000000E+0	0.000000E+0
120.0   	245     	1.248017E-1 	1.237450E-4	1.37E+1    	120.00    	7794.98	24.3 	35.2 	0.000000E+0	0.000000E+0	0.000000E+0	0.000000E+0	0.000000E+0	0.000000E+0	0.000000E+0	0.000000E+0
120.0   	246     	1.223733E-1 	7.420730E-5	1.56E+1    	120.00    	7796.93	24.3 	35.2 	0.000000E+0	0.000000E+0	0.000000E+0	0.000000E+0	0.000000E+0	0.000000E+0	0.000000E+0	0.000000E+0
120.0   	247     	1.214685E-1 	3.803647E-5	1.43E+1    	120.00    	7798.87	24.3 	35.2 	0.000000E+0	0.000000E+0	0.000000E+0	0.000000E+0	0.000000E+0	0.000000E+0	0.000000E+0	0.000000E+0
120.0   	248     	1.725162E-1 	1.267213E-4	1.65E+1    	120.00    	7800.82	24.3 	35.2 	0.000000E+0	0.000000E+0	0.000000E+0	0.000000E+0	0.000000E+0	0.000000E+0	0.000000E+0	0.000000E+0
120.0   	249     	2.885307E-1 	1.364345E-4	1.21E+1    	120.00    	7802.77	24.3 	35.2 	0.000000E+0	0.000000E+0	0.000000E+0	0.000000E+0	0.000000E+0	0.000000E+0	0.000000E+0	0.000000E+0
120.0   	250     	1.181245E-1 	1.093186E-4	1.45E+1    	120.00    	7804.72	24.3 	35.2 	0.000000E+0	0.000000E+0	0.000000E+0	0.000000E+0	0.000000E+0	0.000000E+0	0.000000E+0	0.000000E+0
120.0   	251     	1.169462E-1 	8.624270E-5	1.25E+1    	120.00    	7806.67	24.3 	35.2 	0.000000E+0	0.000000E+0	0.000000E+0	0.000000E+0	0.000000E+0	0.000000E+0	0.000000E+0	0.000000E+0
120.0   	252     	1.418080E-1 	1.861538E-4	1.45E+1    	120.00    	7808.61	24.3 	35.2 	0.000000E+0	0.000000E+0	0.000000E+0	0.000000E+0	0.000000E+0	0.000000E+0	0.000000E+0	0.000000E+0
120.0   	253     	1.695287E-1 	1.695696E-4	1.46E+1    	120.00    	7810.56	24.3 	35.2 	0.000000E+0	0.000000E+0	0.000000E+0	0.000000E+0	0.000000E+0	0.000000E+0	0.000000E+0	0.000000E+0
120.0   	254     	5.147310E-1 	8.461188E-5	1.60E+1    	120.00    	7812.51	24.3 	35.2 	0.000000E+0	0.000000E+0	0.000000E+0	0.000000E+0	0.000000E+0	0.000000E+0	0.000000E+0	0.000000E+0
120.0   	255     	1.451653E-1 	1.785400E-4	1.74E+1    	120.00    	7814.44	24.3 	35.2 	0.000000E+0	0.000000E+0	0.000000E+0	0.000000E+0	0.000000E+0	0.000000E+0	0.000000E+0	0.000000E+0
120.0   	256     	3.129182E-1 	1.424345E-4	1.65E+1    	120.00    	7816.39	24.3 	35.2 	0.000000E+0	0.000000E+0	0.000000E+0	0.000000E+0	0.000000E+0	0.000000E+0	0.000000E+0	0.000000E+0
120.0   	257     	2.737465E-3 	5.121502E-5	1.69E+1    	120.00    	7818.32	24.3 	35.2 	0.000000E+0	0.000000E+0	0.000000E+0	0.000000E+0	0.000000E+0	0.000000E+0	0.000000E+0	0.000000E+0
120.0   	258     	1.805463E-3 	1.109289E-4	1.63E+1    	120.00    	7820.28	24.3 	35.2 	0.000000E+0	0.000000E+0	0.000000E+0	0.000000E+0	0.000000E+0	0.000000E+0	0.000000E+0	0.000000E+0
120.0   	259     	1.619947E-3 	4.469145E-5	1.43E+1    	120.00    	7822.23	24.3 	35.2 	0.000000E+0	0.000000E+0	0.000000E+0	0.000000E+0	0.000000E+0	0.000000E+0	0.000000E+0	0.000000E+0
120.0   	260     	1.928612E-3 	1.373154E-4	1.44E+1    	120.00    	7824.18	24.3 	35.2 	0.000000E+0	0.000000E+0	0.000000E+0	0.000000E+0	0.000000E+0	0.000000E+0	0.000000E+0	0.000000E+0
120.0   	261     	2.260068E-3 	1.845541E-4	1.44E+1    	120.00    	7826.13	24.3 	35.2 	0.000000E+0	0.000000E+0	0.000000E+0	0.000000E+0	0.000000E+0	0.000000E+0	0.000000E+0	0.000000E+0
120.0   	262     	1.646856E-3 	8.393357E-5	1.73E+1    	120.00    	7828.08	24.3 	35.2 	0.000000E+0	0.000000E+0	0.000000E+0	0.000000E+0	0.000000E+0	0.000000E+0	0.000000E+0	0.000000E+0
120.0   	263     	1.281527E-3 	1.509830E-4	1.24E+1    	120.00    	7830.02	24.3 	35.2 	0.000000E+0	0.000000E+0	0.000000E+0	0.000000E+0	0.000000E+0	0.000000E+0	0.000000E+0	0.000000E+0
120.0   	264     	-1.325620E-3	2.104813E-4	1.78E+1    	120.00    	7831.97	24.3 	35.2 	0.000000E+0	0.000000E+0	0.000000E+0	0.000000E+0	0.000000E+0	0.000000E+0	0.000000E+0	0.000000E+0
140.0   	1       	2.826020E-1 	2.498515E-4	4.13E+1    	140.00    	7851.43	24.3 	35.2 	0.000000E+0	0.000000E+0	0.000000E+0	0.000000E+0	0.000000E+0	0.000000E+0	0.000000E+0	0.000000E+0
140.0   	2       	2.486749E-1 	2.472627E-4	1.75E+1    	140.00    	7853.24	24.3 	35.2 	0.000000E+0	0.000000E+0	0.000000E+0	0.000000E+0	0.000000E+0	0.000000E+0	0.000000E+0	0.000000E+0
140.0   	3       	2.643126E-3 	1.353996E-4	1.93E+1    	140.00    	7855.18	24.3 	35.2 	0.000000E+0	0.000000E+0	0.000000E+0	0.000000E+0	0.000000E+0	0.000000E+0	0.000000E+0	0.000000E+0
140.0   	4       	1.824808E-1 	2.091067E-4	1.63E+1    	140.00    	7857.13	24.3 	35.2 	0.000000E+0	0.000000E+0	0.000000E+0	0.000000E+0	0.000000E+0	0.000000E+0	0.000000E+0	0.000000E+0
140.0   	5       	1.520910E-1 	1.020601E-4	1.73E+1    	140.00    	7859.08	24.3 	35.2 	0.000000E+0	0.000000E+0	0.000000E+0	0.000000E+0	0.000000E+0	0.000000E+0	0.000000E+0	0.000000E+0
140.0   	6       	1.459006E-1 	5.164223E-5	1.70E+1    	140.00    	7861.03	24.3 	35.2 	0.000000E+0	0.000000E+0	0.000000E+0	0.000000E+0	0.000000E+0	0.000000E+0	0.000000E+0	0.000000E+0
140.0   	7       	1.433218E-1 	6.631682E-5	1.80E+1    	140.00    	7862.98	24.3 	35.2 	0.000000E+0	0.000000E+0	0.000000E+0	0.000000E+0	0.000000E+0	0.000000E+0	0.000000E+0	0.000000E+0
140.0   	8       	1.414280E-1 	9.541239E-5	2.05E+1    	140.00    	7864.93	24.3 	35.2 	0.000000E+0	0.000000E+0	0.000000E+0	0.000000E+0	0.000000E+0	0.000000E+0	0.000000E+0	0.000000E+0
140.0   	9       	1.665560E-1 	1.137279E-2	1.46E+1    	140.00    	7866.88	24.3 	35.2 	0.000000E+0	0.000000E+0	0.000000E+0	0.000000E+0	0.000000E+0	0.000000E+0	0.000000E+0	0.000000E+0
140.0   	10      	1.404096E-1 	3.920877E-3	1.89E+1    	140.00    	7868.82	24.3 	35.2 	0.000000E+0	0.000000E+0	0.000000E+0	0.000000E+0	0.000000E+0	0.000000E+0	0.000000E+0	0.000000E+0
140.0   	11      	1.415670E-1 	2.403090E-3	1.90E+1    	140.00    	7870.77	24.3 	35.2 	0.000000E+0	0.000000E+0	0.000000E+0	0.000000E+0	0.000000E+0	0.000000E+0	0.000000E+0	0.000000E+0
140.0   	12      	1.392825E-1 	1.359147E-4	1.68E+1    	140.00    	7872.73	24.3 	35.2 	0.000000E+0	0.000000E+0	0.000000E+0	0.000000E+0	0.000000E+0	0.000000E+0	0.000000E+0	0.000000E+0
140.0   	13      	1.444728E-1 	3.849368E-5	1.75E+1    	140.00    	7874.68	24.3 	35.2 	0.000000E+0	0.000000E+0	0.000000E+0	0.000000E+0	0.000000E+0	0.000000E+0	0.000000E+0	0.000000E+0
140.0   	14      	1.481654E-1 	1.981749E-4	1.43E+1    	140.00    	7876.63	24.3 	35.2 	0.000000E+0	0.000000E+0	0.000000E+0	0.000000E+0	0.000000E+0	0.000000E+0	0.000000E+0	0.000000E+0
140.0   	15      	1.571055E-1 	2.415706E-5	1.94E+1    	140.00    	7878.58	24.3 	35.2 	0.000000E+0	0.000000E+0	0.000000E+0	0.000000E+0	0.000000E+0	0.000000E+0	0.000000E+0	0.000000E+0
140.0   	16      	2.788985E-1 	1.468181E-4	1.55E+1    	140.00    	7880.53	24.4 	35.2 	0.000000E+0	0.000000E+0	0.000000E+0	0.000000E+0	0.000000E+0	0.000000E+0	0.000000E+0	0.000000E+0
140.0   	17      	1.473731E-1 	1.429671E-4	1.88E+1    	140.00    	7882.48	24.4 	35.2 	0.000000E+0	0.000000E+0	0.000000E+0	0.000000E+0	0.000000E+0	0.000000E+0	0.000000E+0	0.000000E+0
140.0   	18      	4.661598E-2 	1.602925E-4	1.53E+1    	140.00    	7884.43	24.4 	35.2 	0.000000E+0	0.000000E+0	0.000000E+0	0.000000E+0	0.000000E+0	0.000000E+0	0.000000E+0	0.000000E+0
140.0   	19      	8.744116E-2 	2.088824E-4	1.54E+1    	140.00    	7886.38	24.3 	35.2 	0.000000E+0	0.000000E+0	0.000000E+0	0.000000E+0	0.000000E+0	0.000000E+0	0.000000E+0	0.000000E+0
140.0   	20      	4.434045E-2 	7.348811E-5	1.86E+1    	140.00    	7888.33	24.4 	35.2 	0.000000E+0	0.000000E+0	0.000000E+0	0.000000E+0	0.000000E+0	0.000000E+0	0.000000E+0	0.000000E+0
140.0   	21      	4.418310E-2 	1.237415E-4	1.62E+1    	140.00    	7890.27	24.3 	35.2 	0.000000E+0	0.000000E+0	0.000000E+0	0.000000E+0	0.000000E+0	0.000000E+0	0.000000E+0	0.000000E+0
140.0   	22      	4.301681E-2 	1.673639E-4	1.79E+1    	140.00    	7892.23	24.4 	35.2 	0.000000E+0	0.000000E+0	0.000000E+0	0.000000E+0	0.000000E+0	0.000000E+0	0.000000E+0	0.000000E+0
140.0   	23      	4.507457E-2 	1.236096E-4	1.43E+1    	140.00    	7894.18	24.4 	35.2 	0.000000E+0	0.000000E+0	0.000000E+0	0.000000E+0	0.000000E+0	0.000000E+0	0.000000E+0	0.000000E+0
140.0   	24      	7.090059E-2 	3.458411E-5	1.74E+1    	140.00    	7896.13	24.3 	35.2 	0.000000E+0	0.000000E+0	0.000000E+0	0.000000E+0	0.000000E+0	0.000000E+0	0.000000E+0	0.000000E+0
140.0   	25      	8.850297E-2 	6.990679E-3	1.78E+1    	140.00    	7898.08	24.3 	35.2 	0.000000E+0	0.000000E+0	0.000000E+0	0.000000E+0	0.000000E+0	0.000000E+0	0.000000E+0	0.000000E+0
140.0   	26      	4.166694E-2 	9.500425E-5	1.68E+1    	140.00    	7900.02	24.4 	35.2 	0.000000E+0	0.000000E+0	0.000000E+0	0.000000E+0	0.000000E+0	0.000000E+0	0.000000E+0	0.000000E+0
140.0   	27      	8.801350E-2 	2.624279E-4	1.51E+1    	140.00    	7901.96	24.4 	35.2 	0.000000E+0	0.000000E+0	0.000000E+0	0.000000E+0	0.000000E+0	0.000000E+0	0.000000E+0	0.000000E+0
140.0   	28      	4.327895E-2 	9.143843E-5	1.65E+1    	140.00    	7903.91	24.3 	35.2 	0.000000E+0	0.000000E+0	0.000000E+0	0.000000E+0	0.000000E+0	0.000000E+0	0.000000E+0	0.000000E+0
140.0   	29      	4.502393E-2 	4.993077E-5	1.74E+1    	140.00    	7905.86	24.3 	35.2 	0.000000E+0	0.000000E+0	0.000000E+0	0.000000E+0	0.000000E+0	0.000000E+0	0.000000E+0	0.000000E+0
140.0   	30      	2.226752E-1 	2.046160E-4	1.77E+1    	140.00    	7907.80	24.4 	35.2 	0.000000E+0	0.000000E+0	0.000000E+0	0.000000E+0	0.000000E+0	0.000000E+0	0.000000E+0	0.000000E+0
140.0   	31      	1.143951E-1 	2.834155E-5	1.39E+1    	140.00    	7909.75	24.3 	35.2 	0.000000E+0	0.000000E+0	0.000000E+0	0.000000E+0	0.000000E+0	0.000000E+0	0.000000E+0	0.000000E+0
140.0   	32      	1.534259E-1 	1.403705E-4	1.78E+1    	140.00    	7911.70	24.4 	35.2 	0.000000E+0	0.000000E+0	0.000000E+0	0.000000E+0	0.000000E+0	0.000000E+0	0.000000E+0	0.000000E+0
140.0   	33      	1.399197E-1 	6.208245E-5	1.87E+1    	140.00    	7913.65	24.4 	35.2 	0.000000E+0	0.000000E+0	0.000000E+0	0.000000E+0	0.000000E+0	0.000000E+0	0.000000E+0	0.000000E+0
140.0   	34      	7.759496E-2 	1.016553E-4	1.76E+1    	140.00    	7915.60	24.3 	35.2 	0.000000E+0	0.000000E+0	0.000000E+0	0.000000E+0	0.000000E+0	0.000000E+0	0.000000E+0	0.000000E+0
140.0   	35      	4.045445E-2 	1.689185E-4	1.45E+1    	140.00    	7917.54	24.4 	35.2 	0.000000E+0	0.000000E+0	0.000000E+0	0.000000E+0	0.000000E+0	0.000000E+0	0.000000E+0	0.000000E+0
140.0   	36      	1.348191E-1 	1.261790E-4	1.65E+1    	140.00    	7919.50	24.4 	35.2 	0.000000E+0	0.000000E+0	0.000000E+0	0.000000E+0	0.000000E+0	0.000000E+0	0.000000E+0	0.000000E+0
140.0   	37      	3.954935E-2 	1.294979E-4	1.39E+1    	140.00    	7921.45	24.4 	35.2 	0.000000E+0	0.000000E+0	0.000000E+0	0.000000E+0	0.000000E+0	0.000000E+0	0.000000E+0	0.000000E+0
140.0   	38      	3.897635E-2 	8.782122E-5	1.63E+1    	140.00    	7923.40	24.4 	35.2 	0.000000E+0	0.000000E+0	0.000000E+0	0.000000E+0	0.000000E+0	0.000000E+0	0.000000E+0	0.000000E+0
140.0   	39      	3.955282E-2 	1.446338E-4	1.43E+1    	140.00    	7925.35	24.4 	35.2 	0.000000E+0	0.000000E+0	0.000000E+0	0.000000E+0	0.000000E+0	0.000000E+0	0.000000E+0	0.000000E+0
140.0   	40      	3.800667E-2 	1.696197E-4	1.51E+1    	140.00    	7927.29	24.4 	35.2 	0.000000E+0	0.000000E+0	0.000000E+0	0.000000E+0	0.000000E+0	0.000000E+0	0.000000E+0	0.000000E+0
140.0   	41      	3.866261E-2 	1.465506E-4	1.83E+1    	140.00    	7929.24	24.4 	35.2 	0.000000E+0	0.000000E+0	0.000000E+0	0.000000E+0	0.000000E+0	0.000000E+0	0.000000E+0	0.000000E+0
140.0   	42      	3.935117E-2 	4.579217E-5	1.51E+1    	140.00    	7931.19	24.4 	35.2 	0.000000E+0	0.000000E+0	0.000000E+0	0.000000E+0	0.000000E+0	0.000000E+0	0.000000E+0	0.000000E+0
140.0   	43      	3.973739E-2 	4.632949E-5	1.52E+1    	140.00    	7933.14	24.4 	35.2 	0.000000E+0	0.000000E+0	0.000000E+0	0.000000E+0	0.000000E+0	0.000000E+0	0.000000E+0	0.000000E+0
140.0   	44      	6.803494E-2 	1.330377E-4	1.53E+1    	140.00    	7935.09	24.4 	35.2 	0.000000E+0	0.000000E+0	0.000000E+0	0.000000E+0	0.000000E+0	0.000000E+0	0.000000E+0	0.000000E+0
140.0   	45      	4.257803E-2 	2.515965E-4	1.33E+1    	140.00    	7937.04	24.4 	35.2 	0.000000E+0	0.000000E+0	0.000000E+0	0.000000E+0	0.000000E+0	0.000000E+0	0.000000E+0	0.000000E+0
140.0   	46      	4.349897E-2 	1.729699E-4	1.84E+1    	140.00    	7938.99	24.4 	35.2 	0.000000E+0	0.000000E+0	0.000000E+0	0.000000E+0	0.000000E+0	0.000000E+0	0.000000E+0	0.000000E+0
140.0   	47      	4.572925E-2 	1.634556E-4	1.88E+1    	140.00    	7940.94	24.4 	35.2 	0.000000E+0	0.000000E+0	0.000000E+0	0.000000E+0	0.000000E+0	0.000000E+0	0.000000E+0	0.000000E+0
140.0   	48      	2.913597E-1 	6.960912E-5	1.74E+1    	140.00    	7942.89	24.4 	35.2 	0.000000E+0	0.000000E+0	0.000000E+0	0.000000E+0	0.000000E+0	0.000000E+0	0.000000E+0	0.000000E+0
140.0   	49      	2.104980E-1 	1.241703E-4	1.78E+1    	140.00    	7944.84	24.4 	35.2 	0.000000E+0	0.000000E+0	0.000000E+0	0.000000E+0	0.000000E+0	0.000000E+0	0.000000E+0	0.000000E+0
140.0   	50      	3.944107E-2 	2.219902E-4	1.47E+1    	140.00    	7946.79	24.4 	35.2 	0.000000E+0	0.000000E+0	0.000000E+0	0.000000E+0	0.000000E+0	0.000000E+0	0.000000E+0	0.000000E+0
140.0   	51      	3.856369E-1 	1.410372E-4	1.59E+1    	140.00    	7948.74	24.4 	35.2 	0.000000E+0	0.000000E+0	0.000000E+0	0.000000E+0	0.000000E+0	0.000000E+0	0.000000E+0	0.000000E+0
140.0   	52      	3.803167E-2 	1.379744E-4	1.81E+1    	140.00    	7950.69	24.4 	35.2 	0.000000E+0	0.000000E+0	0.000000E+0	0.000000E+0	0.000000E+0	0.000000E+0	0.000000E+0	0.000000E+0
140.0   	53      	4.001567E-2 	6.719298E-5	1.31E+1    	140.00    	7952.64	24.4 	35.2 	0.000000E+0	0.000000E+0	0.000000E+0	0.000000E+0	0.000000E+0	0.000000E+0	0.000000E+0	0.000000E+0
140.0   	54      	3.669319E-2 	1.733374E-4	1.69E+1    	140.00    	7954.58	24.4 	35.2 	0.000000E+0	0.000000E+0	0.000000E+0	0.000000E+0	0.000000E+0	0.000000E+0	0.000000E+0	0.000000E+0
140.0   	55      	3.672454E-2 	1.183606E-4	1.80E+1    	140.00    	7956.53	24.4 	35.2 	0.000000E+0	0.000000E+0	0.000000E+0	0.000000E+0	0.000000E+0	0.000000E+0	0.000000E+0	0.000000E+0
140.0   	56      	3.624300E-2 	2.023100E-4	1.54E+1    	140.00    	7958.49	24.4 	35.2 	0.000000E+0	0.000000E+0	0.000000E+0	0.000000E+0	0.000000E+0	0.000000E+0	0.000000E+0	0.000000E+0
140.0   	57      	4.163812E-2 	5.842781E-5	1.37E+1    	140.00    	7960.43	24.4 	35.2 	0.000000E+0	0.000000E+0	0.000000E+0	0.000000E+0	0.000000E+0	0.000000E+0	0.000000E+0	0.000000E+0
140.0   	58      	3.766507E-2 	1.261510E-5	1.89E+1    	140.00    	7962.38	24.4 	35.2 	0.000000E+0	0.000000E+0	0.000000E+0	0.000000E+0	0.000000E+0	0.000000E+0	0.000000E+0	0.000000E+0
140.0   	59      	3.805574E-2 	1.565604E-4	1.50E+1    	140.00    	7964.33	24.4 	35.2 	0.000000E+0	0.000000E+0	0.000000E+0	0.000000E+0	0.000000E+0	0.000000E+0	0.000000E+0	0.000000E+0
140.0   	60      	5.308935E-2 	4.192413E-5	1.38E+1    	140.00    	7966.28	24.4 	35.2 	0.000000E+0	0.000000E+0	0.000000E+0	0.000000E+0	0.000000E+0	0.000000E+0	0.000000E+0	0.000000E+0
140.0   	61      	5.710827E-2 	9.628643E-5	1.63E+1    	140.00    	7968.24	24.4 	35.2 	0.000000E+0	0.000000E+0	0.000000E+0	0.000000E+0	0.000000E+0	0.000000E+0	0.000000E+0	0.000000E+0
140.0   	62      	8.675952E-2 	3.134284E-4	1.60E+1    	140.00    	7970.19	24.4 	35.2 	0.000000E+0	0.000000E+0	0.000000E+0	0.000000E+0	0.000000E+0	0.000000E+0	0.000000E+0	0.000000E+0
140.0   	63      	4.814570E-2 	8.195859E-5	1.86E+1    	140.00    	7972.14	24.4 	35.2 	0.000000E+0	0.000000E+0	0.000000E+0	0.000000E+0	0.000000E+0	0.000000E+0	0.000000E+0	0.000000E+0
140.0   	64      	6.511151E-1 	6.646821E-4	1.34E+1    	140.00    	7974.09	24.4 	35.2 	0.000000E+0	0.000000E+0	0.000000E+0	0.000000E+0	0.000000E+0	0.000000E+0	0.000000E+0	0.000000E+0
140.0   	65      	1.337620E-1 	1.940215E-5	1.40E+1    	140.00    	7976.04	24.4 	35.2 	0.000000E+0	0.000000E+0	0.000000E+0	0.000000E+0	0.000000E+0	0.000000E+0	0.000000E+0	0.000000E+0
140.0   	66      	3.771889E-2 	1.221445E-4	2.02E+1    	140.00    	7977.98	24.4 	35.2 	0.000000E+0	0.000000E+0	0.000000E+0	0.000000E+0	0.000000E+0	0.000000E+0	0.000000E+0	0.000000E+0
140.0   	67      	1.115560E-1 	8.998505E-5	1.36E+1    	140.00    	7979.93	24.4 	35.2 	0.000000E+0	0.000000E+0	0.000000E+0	0.000000E+0	0.000000E+0	0.000000E+0	0.000000E+0	0.000000E+0
140.0   	68      	3.796741E-2 	1.485876E-4	1.86E+1    	140.00    	7981.87	24.4 	35.2 	0.000000E+0	0.000000E+0	0.000000E+0	0.000000E+0	0.000000E+0	0.000000E+0	0.000000E+0	0.000000E+0
140.0   	69      	1.645194E+1 	2.966014E-2	1.45E+1    	140.00    	7983.82	24.4 	35.2 	0.000000E+0	0.000000E+0	0.000000E+0	0.000000E+0	0.000000E+0	0.000000E+0	0.000000E+0	0.000000E+0
140.0   	70      	3.950280E-2 	1.519211E-4	1.57E+1    	140.00    	7985.96	24.4 	35.2 	0.000000E+0	0.000000E+0	0.000000E+0	0.000000E+0	0.000000E+0	0.000000E+0	0.000000E+0	0.000000E+0
140.0   	71      	3.875666E-1 	3.127077E-4	1.62E+1    	140.00    	7987.99	24.4 	35.2 	0.000000E+0	0.000000E+0	0.000000E+0	0.000000E+0	0.000000E+0	0.000000E+0	0.000000E+0	0.000000E+0
140.0   	72      	3.636870E-2 	5.929318E-5	1.81E+1    	140.00    	7989.94	24.4 	35.2 	0.000000E+0	0.000000E+0	0.000000E+0	0.000000E+0	0.000000E+0	0.000000E+0	0.000000E+0	0.000000E+0
140.0   	73      	3.646272E-2 	2.214530E-4	2.02E+1    	140.00    	7991.89	24.4 	35.2 	0.000000E+0	0.000000E+0	0.000000E+0	0.000000E+0	0.000000E+0	0.000000E+0	0.000000E+0	0.000000E+0
140.0   	74      	3.795885E-2 	1.758552E-5	1.60E+1    	140.00    	7993.84	24.4 	35.2 	0.000000E+0	0.000000E+0	0.000000E+0	0.000000E+0	0.000000E+0	0.000000E+0	0.000000E+0	0.000000E+0
140.0   	75      	3.654345E-2 	1.279647E-4	1.77E+1    	140.00    	7995.79	24.4 	35.2 	0.000000E+0	0.000000E+0	0.000000E+0	0.000000E+0	0.000000E+0	0.000000E+0	0.000000E+0	0.000000E+0
140.0   	76      	6.084736E-2 	5.491996E-5	1.50E+1    	140.00    	7997.74	24.4 	35.2 	0.000000E+0	0.000000E+0	0.000000E+0	0.000000E+0	0.000000E+0	0.000000E+0	0.000000E+0	0.000000E+0
140.0   	77      	1.153945E-3 	5.121816E-5	1.60E+1    	140.00    	7999.69	24.4 	35.2 	0.000000E+0	0.000000E+0	0.000000E+0	0.000000E+0	0.000000E+0	0.000000E+0	0.000000E+0	0.000000E+0
140.0   	78      	1.264747E-3 	2.429392E-5	1.76E+1    	140.00    	8001.64	24.4 	35.2 	0.000000E+0	0.000000E+0	0.000000E+0	0.000000E+0	0.000000E+0	0.000000E+0	0.000000E+0	0.000000E+0
140.0   	79      	4.961334E-2 	1.323775E-4	1.82E+1    	140.00    	8003.59	24.4 	35.2 	0.000000E+0	0.000000E+0	0.000000E+0	0.000000E+0	0.000000E+0	0.000000E+0	0.000000E+0	0.000000E+0
140.0   	80      	3.621944E-1 	1.080725E-4	1.66E+1    	140.00    	8005.55	24.4 	35.2 	0.000000E+0	0.000000E+0	0.000000E+0	0.000000E+0	0.000000E+0	0.000000E+0	0.000000E+0	0.000000E+0
140.0   	81      	1.300004E-1 	9.778350E-5	1.63E+1    	140.00    	8007.49	24.4 	35.2 	0.000000E+0	0.000000E+0	0.000000E+0	0.000000E+0	0.000000E+0	0.000000E+0	0.000000E+0	0.000000E+0
140.0   	82      	4.070863E-2 	1.818985E-4	1.69E+1    	140.00    	8009.45	24.4 	35.2 	0.000000E+0	0.000000E+0	0.000000E+0	0.000000E+0	0.000000E+0	0.000000E+0	0.000000E+0	0.000000E+0
140.0   	83      	5.403875E-2 	1.014520E-4	1.40E+1    	140.00    	8011.40	24.4 	35.2 	0.000000E+0	0.000000E+0	0.000000E+0	0.000000E+0	0.000000E+0	0.000000E+0	0.000000E+0	0.000000E+0
140.0   	84      	3.870281E-2 	2.289141E-4	1.55E+1    	140.00    	8013.35	24.4 	35.2 	0.000000E+0	0.000000E+0	0.000000E+0	0.000000E+0	0.000000E+0	0.000000E+0	0.000000E+0	0.000000E+0
140.0   	85      	3.719306E-2 	1.518954E-4	1.73E+1    	140.00    	8015.30	24.4 	35.2 	0.000000E+0	0.000000E+0	0.000000E+0	0.000000E+0	0.000000E+0	0.000000E+0	0.000000E+0	0.000000E+0
140.0   	86      	3.580676E-2 	4.531142E-5	1.44E+1    	140.00    	8017.25	24.4 	35.2 	0.000000E+0	0.000000E+0	0.000000E+0	0.000000E+0	0.000000E+0	0.000000E+0	0.000000E+0	0.000000E+0
140.0   	87      	3.544365E-2 	9.175332E-5	1.70E+1    	140.00    	8019.20	24.4 	35.2 	0.000000E+0	0.000000E+0	0.000000E+0	0.000000E+0	0.000000E+0	0.000000E+0	0.000000E+0	0.000000E+0
140.0   	88      	3.538286E-2 	5.135359E-5	1.70E+1    	140.00    	8021.15	24.4 	35.2 	0.000000E+0	0.000000E+0	0.000000E+0	0.000000E+0	0.000000E+0	0.000000E+0	0.000000E+0	0.000000E+0
140.0   	89      	3.678815E-2 	2.800300E-5	1.51E+1    	140.00    	8023.10	24.4 	35.2 	0.000000E+0	0.000000E+0	0.000000E+0	0.000000E+0	0.000000E+0	0.000000E+0	0.000000E+0	0.000000E+0
140.0   	90      	5.290921E-1 	1.750079E-4	1.57E+1    	140.00    	8025.05	24.4 	35.2 	0.000000E+0	0.000000E+0	0.000000E+0	0.000000E+0	0.000000E+0	0.000000E+0	0.000000E+0	0.000000E+0
140.0   	91      	3.613823E-2 	1.422235E-4	1.77E+1    	140.00    	8027.00	24.4 	35.2 	0.000000E+0	0.000000E+0	0.000000E+0	0.000000E+0	0.000000E+0	0.000000E+0	0.000000E+0	0.000000E+0
140.0   	92      	2.470044E-1 	1.706162E-4	1.75E+1    	140.00    	8028.95	24.4 	35.2 	0.000000E+0	0.000000E+0	0.000000E+0	0.000000E+0	0.000000E+0	0.000000E+0	0.000000E+0	0.000000E+0
140.0   	93      	3.843689E-2 	6.177423E-5	1.43E+1    	140.00    	8030.90	24.4 	35.2 	0.000000E+0	0.000000E+0	0.000000E+0	0.000000E+0	0.000000E+0	0.000000E+0	0.000000E+0	0.000000E+0
140.0   	94      	3.962593E-2 	2.121921E-4	1.96E+1    	140.00    	8032.85	24.4 	35.2 	0.000000E+0	0.000000E+0	0.000000E+0	0.000000E+0	0.000000E+0	0.000000E+0	0.000000E+0	0.000000E+0
140.0   	95      	4.799402E-2 	9.266501E-5	2.02E+1    	140.00    	8034.81	24.4 	35.2 	0.000000E+0	0.000000E+0	0.000000E+0	0.000000E+0	0.000000E+0	0.000000E+0	0.000000E+0	0.000000E+0
140.0   	96      	1.388037E-1 	3.091445E-5	1.82E+1    	140.00    	8036.76	24.4 	35.2 	0.000000E+0	0.000000E+0	0.000000E+0	0.000000E+0	0.000000E+0	0.000000E+0	0.000000E+0	0.000000E+0
140.0   	97      	1.552345E-1 	2.105160E-5	1.84E+1    	140.00    	8038.71	24.4 	35.2 	0.000000E+0	0.000000E+0	0.000000E+0	0.000000E+0	0.000000E+0	0.000000E+0	0.000000E+0	0.000000E+0
140.0   	98      	3.672515E-2 	8.528193E-5	1.46E+1    	140.00    	8040.66	24.4 	35.2 	0.000000E+0	0.000000E+0	0.000000E+0	0.000000E+0	0.000000E+0	0.000000E+0	0.000000E+0	0.000000E+0
140.0   	99      	3.552026E-2 	9.089846E-5	1.83E+1    	140.00    	8042.61	24.4 	35.2 	0.000000E+0	0.000000E+0	0.000000E+0	0.000000E+0	0.000000E+0	0.000000E+0	0.000000E+0	0.000000E+0
140.0   	100     	3.570547E-2 	1.157293E-4	1.78E+1    	140.00    	8044.56	24.4 	35.2 	0.000000E+0	0.000000E+0	0.000000E+0	0.000000E+0	0.000000E+0	0.000000E+0	0.000000E+0	0.000000E+0
140.0   	101     	3.634116E-2 	1.162498E-4	1.37E+1    	140.00    	8046.51	24.4 	35.2 	0.000000E+0	0.000000E+0	0.000000E+0	0.000000E+0	0.000000E+0	0.000000E+0	0.000000E+0	0.000000E+0
140.0   	102     	6.022656E-2 	1.266040E-4	1.54E+1    	140.00    	8048.46	24.4 	35.2 	0.000000E+0	0.000000E+0	0.000000E+0	0.000000E+0	0.000000E+0	0.000000E+0	0.000000E+0	0.000000E+0
140.0   	103     	3.682709E-2 	2.258765E-4	1.59E+1    	140.00    	8050.41	24.4 	35.2 	0.000000E+0	0.000000E+0	0.000000E+0	0.000000E+0	0.000000E+0	0.000000E+0	0.000000E+0	0.000000E+0
140.0   	104     	6.670744E-1 	1.826800E-5	1.82E+1    	140.00    	8052.36	24.4 	35.2 	0.000000E+0	0.000000E+0	0.000000E+0	0.000000E+0	0.000000E+0	0.000000E+0	0.000000E+0	0.000000E+0
140.0   	105     	3.585869E-2 	4.748337E-5	1.41E+1    	140.00    	8054.31	24.4 	35.2 	0.000000E+0	0.000000E+0	0.000000E+0	0.000000E+0	0.000000E+0	0.000000E+0	0.000000E+0	0.000000E+0
140.0   	106     	3.669698E-2 	3.606683E-5	1.27E+1    	140.00    	8056.27	24.4 	35.2 	0.000000E+0	0.000000E+0	0.000000E+0	0.000000E+0	0.000000E+0	0.000000E+0	0.000000E+0	0.000000E+0
140.0   	107     	3.595619E-2 	6.264377E-5	1.54E+1    	140.00    	8058.22	24.4 	35.2 	0.000000E+0	0.000000E+0	0.000000E+0	0.000000E+0	0.000000E+0	0.000000E+0	0.000000E+0	0.000000E+0
140.0   	108     	3.530435E-2 	1.133239E-4	1.65E+1    	140.00    	8060.17	24.4 	35.2 	0.000000E+0	0.000000E+0	0.000000E+0	0.000000E+0	0.000000E+0	0.000000E+0	0.000000E+0	0.000000E+0
140.0   	109     	3.580992E-2 	2.726442E-4	1.80E+1    	140.00    	8062.12	24.4 	35.2 	0.000000E+0	0.000000E+0	0.000000E+0	0.000000E+0	0.000000E+0	0.000000E+0	0.000000E+0	0.000000E+0
140.0   	110     	3.591441E-2 	1.126563E-4	1.91E+1    	140.00    	8064.07	24.4 	35.2 	0.000000E+0	0.000000E+0	0.000000E+0	0.000000E+0	0.000000E+0	0.000000E+0	0.000000E+0	0.000000E+0
140.0   	111     	3.813076E-2 	1.201280E-4	1.80E+1    	140.00    	8066.02	24.4 	35.2 	0.000000E+0	0.000000E+0	0.000000E+0	0.000000E+0	0.000000E+0	0.000000E+0	0.000000E+0	0.000000E+0
140.0   	112     	5.498731E-1 	1.699619E-4	1.64E+1    	140.00    	8067.97	24.4 	35.2 	0.000000E+0	0.000000E+0	0.000000E+0	0.000000E+0	0.000000E+0	0.000000E+0	0.000000E+0	0.000000E+0
140.0   	113     	1.327496E-1 	1.468295E-4	1.76E+1    	140.00    	8069.91	24.4 	35.2 	0.000000E+0	0.000000E+0	0.000000E+0	0.000000E+0	0.000000E+0	0.000000E+0	0.000000E+0	0.000000E+0
140.0   	114     	6.002710E-2 	1.952050E-4	1.93E+1    	140.00    	8071.87	24.4 	35.2 	0.000000E+0	0.000000E+0	0.000000E+0	0.000000E+0	0.000000E+0	0.000000E+0	0.000000E+0	0.000000E+0
140.0   	115     	3.563676E-2 	2.668734E-4	1.71E+1    	140.00    	8073.82	24.4 	35.2 	0.000000E+0	0.000000E+0	0.000000E+0	0.000000E+0	0.000000E+0	0.000000E+0	0.000000E+0	0.000000E+0
140.0   	116     	3.635414E-2 	1.277914E-4	1.71E+1    	140.00    	8075.77	24.4 	35.2 	0.000000E+0	0.000000E+0	0.000000E+0	0.000000E+0	0.000000E+0	0.000000E+0	0.000000E+0	0.000000E+0
140.0   	117     	5.310137E-2 	5.710610E-5	1.59E+1    	140.00    	8077.72	24.4 	35.2 	0.000000E+0	0.000000E+0	0.000000E+0	0.000000E+0	0.000000E+0	0.000000E+0	0.000000E+0	0.000000E+0
140.0   	118     	3.551931E-2 	2.043599E-5	1.39E+1    	140.00    	8079.67	24.4 	35.2 	0.000000E+0	0.000000E+0	0.000000E+0	0.000000E+0	0.000000E+0	0.000000E+0	0.000000E+0	0.000000E+0
140.0   	119     	5.739891E-2 	8.221799E-5	1.70E+1    	140.00    	8081.63	24.4 	35.2 	0.000000E+0	0.000000E+0	0.000000E+0	0.000000E+0	0.000000E+0	0.000000E+0	0.000000E+0	0.000000E+0
140.0   	120     	3.668718E-2 	1.335525E-4	1.83E+1    	140.00    	8083.59	24.4 	35.2 	0.000000E+0	0.000000E+0	0.000000E+0	0.000000E+0	0.000000E+0	0.000000E+0	0.000000E+0	0.000000E+0
140.0   	121     	3.618509E-2 	2.104544E-4	1.57E+1    	140.00    	8085.54	24.4 	35.2 	0.000000E+0	0.000000E+0	0.000000E+0	0.000000E+0	0.000000E+0	0.000000E+0	0.000000E+0	0.000000E+0
140.0   	122     	4.339036E-2 	1.169076E-4	1.66E+1    	140.00    	8087.49	24.4 	35.2 	0.000000E+0	0.000000E+0	0.000000E+0	0.000000E+0	0.000000E+0	0.000000E+0	0.000000E+0	0.000000E+0
140.0   	123     	3.564689E-2 	1.569332E-4	1.82E+1    	140.00    	8089.44	24.4 	35.2 	0.000000E+0	0.000000E+0	0.000000E+0	0.000000E+0	0.000000E+0	0.000000E+0	0.000000E+0	0.000000E+0
140.0   	124     	3.526954E-2 	5.320894E-5	1.61E+1    	140.00    	8091.40	24.4 	35.2 	0.000000E+0	0.000000E+0	0.000000E+0	0.000000E+0	0.000000E+0	0.000000E+0	0.000000E+0	0.000000E+0
140.0   	125     	3.495360E-2 	9.211404E-4	1.46E+1    	140.00    	8093.35	24.4 	35.2 	0.000000E+0	0.000000E+0	0.000000E+0	0.000000E+0	0.000000E+0	0.000000E+0	0.000000E+0	0.000000E+0
140.0   	126     	3.483708E-2 	1.279995E-4	1.58E+1    	140.00    	8095.30	24.4 	35.2 	0.000000E+0	0.000000E+0	0.000000E+0	0.000000E+0	0.000000E+0	0.000000E+0	0.000000E+0	0.000000E+0
140.0   	127     	3.653078E-2 	8.692321E-5	1.60E+1    	140.00    	8097.25	24.4 	35.2 	0.000000E+0	0.000000E+0	0.000000E+0	0.000000E+0	0.000000E+0	0.000000E+0	0.000000E+0	0.000000E+0
140.0   	128     	1.319071E-1 	3.184562E-5	1.69E+1    	140.00    	8099.20	24.4 	35.2 	0.000000E+0	0.000000E+0	0.000000E+0	0.000000E+0	0.000000E+0	0.000000E+0	0.000000E+0	0.000000E+0
140.0   	129     	1.332694E-1 	1.467527E-4	1.60E+1    	140.00    	8101.15	24.4 	35.2 	0.000000E+0	0.000000E+0	0.000000E+0	0.000000E+0	0.000000E+0	0.000000E+0	0.000000E+0	0.000000E+0
140.0   	130     	3.915487E-2 	1.025070E-4	1.56E+1    	140.00    	8103.11	24.4 	35.2 	0.000000E+0	0.000000E+0	0.000000E+0	0.000000E+0	0.000000E+0	0.000000E+0	0.000000E+0	0.000000E+0
140.0   	131     	3.595524E-2 	1.792290E-4	1.50E+1    	140.00    	8105.06	24.4 	35.2 	0.000000E+0	0.000000E+0	0.000000E+0	0.000000E+0	0.000000E+0	0.000000E+0	0.000000E+0	0.000000E+0
140.0   	132     	3.573870E-2 	1.076162E-4	1.58E+1    	140.00    	8107.01	24.4 	35.2 	0.000000E+0	0.000000E+0	0.000000E+0	0.000000E+0	0.000000E+0	0.000000E+0	0.000000E+0	0.000000E+0
140.0   	133     	3.663270E-2 	1.426967E-4	1.46E+1    	140.00    	8108.96	24.4 	35.2 	0.000000E+0	0.000000E+0	0.000000E+0	0.000000E+0	0.000000E+0	0.000000E+0	0.000000E+0	0.000000E+0
140.0   	134     	3.553164E-2 	1.229330E-4	1.67E+1    	140.00    	8110.91	24.4 	35.2 	0.000000E+0	0.000000E+0	0.000000E+0	0.000000E+0	0.000000E+0	0.000000E+0	0.000000E+0	0.000000E+0
140.0   	135     	3.572604E-2 	2.579496E-5	1.62E+1    	140.00    	8112.86	24.4 	35.2 	0.000000E+0	0.000000E+0	0.000000E+0	0.000000E+0	0.000000E+0	0.000000E+0	0.000000E+0	0.000000E+0
140.0   	136     	3.687140E-2 	1.766112E-4	1.42E+1    	140.00    	8114.82	24.4 	35.2 	0.000000E+0	0.000000E+0	0.000000E+0	0.000000E+0	0.000000E+0	0.000000E+0	0.000000E+0	0.000000E+0
140.0   	137     	3.652919E-2 	1.039877E-4	1.35E+1    	140.00    	8116.77	24.4 	35.2 	0.000000E+0	0.000000E+0	0.000000E+0	0.000000E+0	0.000000E+0	0.000000E+0	0.000000E+0	0.000000E+0
140.0   	138     	3.681347E-2 	5.010201E-5	1.41E+1    	140.00    	8118.73	24.4 	35.2 	0.000000E+0	0.000000E+0	0.000000E+0	0.000000E+0	0.000000E+0	0.000000E+0	0.000000E+0	0.000000E+0
140.0   	139     	3.499982E-2 	8.614694E-5	1.68E+1    	140.00    	8120.68	24.4 	35.2 	0.000000E+0	0.000000E+0	0.000000E+0	0.000000E+0	0.000000E+0	0.000000E+0	0.000000E+0	0.000000E+0
140.0   	140     	3.411782E-2 	1.795957E-4	1.66E+1    	140.00    	8122.63	24.4 	35.2 	0.000000E+0	0.000000E+0	0.000000E+0	0.000000E+0	0.000000E+0	0.000000E+0	0.000000E+0	0.000000E+0
140.0   	141     	3.368064E-2 	7.463143E-5	1.28E+1    	140.00    	8124.59	24.4 	35.2 	0.000000E+0	0.000000E+0	0.000000E+0	0.000000E+0	0.000000E+0	0.000000E+0	0.000000E+0	0.000000E+0
140.0   	142     	3.362776E-2 	1.563662E-4	1.66E+1    	140.00    	8126.54	24.4 	35.2 	0.000000E+0	0.000000E+0	0.000000E+0	0.000000E+0	0.000000E+0	0.000000E+0	0.000000E+0	0.000000E+0
140.0   	143     	3.505396E-2 	1.982529E-4	1.59E+1    	140.00    	8128.49	24.4 	35.2 	0.000000E+0	0.000000E+0	0.000000E+0	0.000000E+0	0.000000E+0	0.000000E+0	0.000000E+0	0.000000E+0
140.0   	144     	1.287632E-1 	7.185005E-5	1.59E+1    	140.00    	8130.44	24.4 	35.2 	0.000000E+0	0.000000E+0	0.000000E+0	0.000000E+0	0.000000E+0	0.000000E+0	0.000000E+0	0.000000E+0
140.0   	145     	1.320676E-1 	1.552704E-4	1.45E+1    	140.00    	8132.40	24.4 	35.2 	0.000000E+0	0.000000E+0	0.000000E+0	0.000000E+0	0.000000E+0	0.000000E+0	0.000000E+0	0.000000E+0
140.0   	146     	3.818299E-2 	1.030377E-4	1.54E+1    	140.00    	8134.35	24.4 	35.2 	0.000000E+0	0.000000E+0	0.000000E+0	0.000000E+0	0.000000E+0	0.000000E+0	0.000000E+0	0.000000E+0
140.0   	147     	3.719242E-2 	1.837602E-4	1.39E+1    	140.00    	8136.30	24.4 	35.2 	0.000000E+0	0.000000E+0	0.000000E+0	0.000000E+0	0.000000E+0	0.000000E+0	0.000000E+0	0.000000E+0
140.0   	148     	3.846823E-2 	1.506139E-4	1.65E+1    	140.00    	8138.25	24.4 	35.2 	0.000000E+0	0.000000E+0	0.000000E+0	0.000000E+0	0.000000E+0	0.000000E+0	0.000000E+0	0.000000E+0
140.0   	149     	3.638229E-2 	1.605134E-4	1.58E+1    	140.00    	8140.21	24.4 	35.2 	0.000000E+0	0.000000E+0	0.000000E+0	0.000000E+0	0.000000E+0	0.000000E+0	0.000000E+0	0.000000E+0
140.0   	150     	2.677718E-1 	1.665373E-4	1.48E+1    	140.00    	8142.16	24.4 	35.2 	0.000000E+0	0.000000E+0	0.000000E+0	0.000000E+0	0.000000E+0	0.000000E+0	0.000000E+0	0.000000E+0
140.0   	151     	3.602299E-2 	8.292184E-5	1.74E+1    	140.00    	8144.11	24.4 	35.2 	0.000000E+0	0.000000E+0	0.000000E+0	0.000000E+0	0.000000E+0	0.000000E+0	0.000000E+0	0.000000E+0
140.0   	152     	3.592989E-2 	2.244962E-4	1.54E+1    	140.00    	8146.06	24.4 	35.2 	0.000000E+0	0.000000E+0	0.000000E+0	0.000000E+0	0.000000E+0	0.000000E+0	0.000000E+0	0.000000E+0
140.0   	153     	3.597898E-2 	1.194155E-4	1.44E+1    	140.00    	8148.01	24.4 	35.2 	0.000000E+0	0.000000E+0	0.000000E+0	0.000000E+0	0.000000E+0	0.000000E+0	0.000000E+0	0.000000E+0
140.0   	154     	3.585962E-2 	1.110897E-4	1.72E+1    	140.00    	8149.97	24.4 	35.2 	0.000000E+0	0.000000E+0	0.000000E+0	0.000000E+0	0.000000E+0	0.000000E+0	0.000000E+0	0.000000E+0
140.0   	155     	2.406154E-1 	2.051426E-4	1.38E+1    	140.00    	8151.93	24.4 	35.2 	0.000000E+0	0.000000E+0	0.000000E+0	0.000000E+0	0.000000E+0	0.000000E+0	0.000000E+0	0.000000E+0
140.0   	156     	3.297719E-2 	1.563881E-4	1.70E+1    	140.00    	8153.88	24.4 	35.2 	0.000000E+0	0.000000E+0	0.000000E+0	0.000000E+0	0.000000E+0	0.000000E+0	0.000000E+0	0.000000E+0
140.0   	157     	3.268532E-2 	1.569897E-4	1.88E+1    	140.00    	8155.83	24.4 	35.2 	0.000000E+0	0.000000E+0	0.000000E+0	0.000000E+0	0.000000E+0	0.000000E+0	0.000000E+0	0.000000E+0
140.0   	158     	3.298702E-2 	1.240162E-4	1.62E+1    	140.00    	8157.78	24.4 	35.2 	0.000000E+0	0.000000E+0	0.000000E+0	0.000000E+0	0.000000E+0	0.000000E+0	0.000000E+0	0.000000E+0
140.0   	159     	6.998092E-2 	6.612290E-5	1.72E+1    	140.00    	8159.73	24.4 	35.2 	0.000000E+0	0.000000E+0	0.000000E+0	0.000000E+0	0.000000E+0	0.000000E+0	0.000000E+0	0.000000E+0
140.0   	160     	1.286502E-1 	1.334819E-4	1.67E+1    	140.00    	8161.68	24.4 	35.2 	0.000000E+0	0.000000E+0	0.000000E+0	0.000000E+0	0.000000E+0	0.000000E+0	0.000000E+0	0.000000E+0
140.0   	161     	1.344115E-1 	1.747627E-4	1.51E+1    	140.00    	8163.64	24.4 	35.2 	0.000000E+0	0.000000E+0	0.000000E+0	0.000000E+0	0.000000E+0	0.000000E+0	0.000000E+0	0.000000E+0
140.0   	162     	3.980195E-2 	4.214231E-5	1.54E+1    	140.00    	8165.59	24.4 	35.2 	0.000000E+0	0.000000E+0	0.000000E+0	0.000000E+0	0.000000E+0	0.000000E+0	0.000000E+0	0.000000E+0
140.0   	163     	5.121645E-2 	6.959110E-5	1.73E+1    	140.00    	8167.54	24.4 	35.2 	0.000000E+0	0.000000E+0	0.000000E+0	0.000000E+0	0.000000E+0	0.000000E+0	0.000000E+0	0.000000E+0
140.0   	164     	1.420502E-3 	1.808491E-4	1.40E+1    	140.00    	8169.49	24.4 	35.2 	0.000000E+0	0.000000E+0	0.000000E+0	0.000000E+0	0.000000E+0	0.000000E+0	0.000000E+0	0.000000E+0
140.0   	165     	3.974908E-2 	1.106535E-4	1.52E+1    	140.00    	8171.45	24.4 	35.2 	0.000000E+0	0.000000E+0	0.000000E+0	0.000000E+0	0.000000E+0	0.000000E+0	0.000000E+0	0.000000E+0
140.0   	166     	3.818614E-2 	7.669885E-5	1.84E+1    	140.00    	8173.40	24.4 	35.2 	0.000000E+0	0.000000E+0	0.000000E+0	0.000000E+0	0.000000E+0	0.000000E+0	0.000000E+0	0.000000E+0
140.0   	167     	3.728232E-2 	1.053838E-4	1.70E+1    	140.00    	8175.36	24.4 	35.2 	0.000000E+0	0.000000E+0	0.000000E+0	0.000000E+0	0.000000E+0	0.000000E+0	0.000000E+0	0.000000E+0
140.0   	168     	6.800959E-2 	1.594440E-4	1.26E+1    	140.00    	8177.31	24.4 	35.2 	0.000000E+0	0.000000E+0	0.000000E+0	0.000000E+0	0.000000E+0	0.000000E+0	0.000000E+0	0.000000E+0
140.0   	169     	3.475982E-2 	7.086865E-5	1.76E+1    	140.00    	8179.26	24.4 	35.2 	0.000000E+0	0.000000E+0	0.000000E+0	0.000000E+0	0.000000E+0	0.000000E+0	0.000000E+0	0.000000E+0
140.0   	170     	3.396428E-2 	1.343504E-5	1.37E+1    	140.00    	8181.22	24.4 	35.2 	0.000000E+0	0.000000E+0	0.000000E+0	0.000000E+0	0.000000E+0	0.000000E+0	0.000000E+0	0.000000E+0
140.0   	171     	1.732717E-1 	1.135307E-4	1.40E+1    	140.00    	8183.17	24.4 	35.2 	0.000000E+0	0.000000E+0	0.000000E+0	0.000000E+0	0.000000E+0	0.000000E+0	0.000000E+0	0.000000E+0
140.0   	172     	3.212845E-2 	3.223514E-5	1.94E+1    	140.00    	8185.12	24.4 	35.2 	0.000000E+0	0.000000E+0	0.000000E+0	0.000000E+0	0.000000E+0	0.000000E+0	0.000000E+0	0.000000E+0
140.0   	173     	3.177135E-2 	1.549653E-4	1.63E+1    	140.00    	8187.07	24.4 	35.2 	0.000000E+0	0.000000E+0	0.000000E+0	0.000000E+0	0.000000E+0	0.000000E+0	0.000000E+0	0.000000E+0
140.0   	174     	3.189070E-2 	4.880670E-5	1.56E+1    	140.00    	8189.03	24.4 	35.2 	0.000000E+0	0.000000E+0	0.000000E+0	0.000000E+0	0.000000E+0	0.000000E+0	0.000000E+0	0.000000E+0
140.0   	175     	1.320423E-1 	8.241232E-5	1.65E+1    	140.00    	8190.98	24.4 	35.2 	0.000000E+0	0.000000E+0	0.000000E+0	0.000000E+0	0.000000E+0	0.000000E+0	0.000000E+0	0.000000E+0
140.0   	176     	1.290379E-1 	5.296757E-5	1.42E+1    	140.00    	8192.93	24.4 	35.2 	0.000000E+0	0.000000E+0	0.000000E+0	0.000000E+0	0.000000E+0	0.000000E+0	0.000000E+0	0.000000E+0
140.0   	177     	2.383719E-1 	7.079350E-5	1.45E+1    	140.00    	8194.87	24.4 	35.2 	0.000000E+0	0.000000E+0	0.000000E+0	0.000000E+0	0.000000E+0	0.000000E+0	0.000000E+0	0.000000E+0
140.0   	178     	4.161057E-2 	6.419020E-5	1.56E+1    	140.00    	8196.83	24.4 	35.2 	0.000000E+0	0.000000E+0	0.000000E+0	0.000000E+0	0.000000E+0	0.000000E+0	0.000000E+0	0.000000E+0
140.0   	179     	4.467439E-2 	1.640400E-4	1.79E+1    	140.00    	8198.77	24.4 	35.2 	0.000000E+0	0.000000E+0	0.000000E+0	0.000000E+0	0.000000E+0	0.000000E+0	0.000000E+0	0.000000E+0
140.0   	180     	5.306336E-2 	1.511630E-4	1.60E+1    	140.00    	8200.73	24.4 	35.2 	0.000000E+0	0.000000E+0	0.000000E+0	0.000000E+0	0.000000E+0	0.000000E+0	0.000000E+0	0.000000E+0
140.0   	181     	4.003273E-2 	1.361659E-4	1.87E+1    	140.00    	8202.68	24.4 	35.2 	0.000000E+0	0.000000E+0	0.000000E+0	0.000000E+0	0.000000E+0	0.000000E+0	0.000000E+0	0.000000E+0
140.0   	182     	3.931631E-2 	1.509403E-5	1.73E+1    	140.00    	8204.63	24.4 	35.2 	0.000000E+0	0.000000E+0	0.000000E+0	0.000000E+0	0.000000E+0	0.000000E+0	0.000000E+0	0.000000E+0
140.0   	183     	3.783031E-2 	1.583239E-4	1.45E+1    	140.00    	8206.58	24.4 	35.2 	0.000000E+0	0.000000E+0	0.000000E+0	0.000000E+0	0.000000E+0	0.000000E+0	0.000000E+0	0.000000E+0
140.0   	184     	3.567758E-2 	2.391018E-4	1.78E+1    	140.00    	8208.54	24.4 	35.2 	0.000000E+0	0.000000E+0	0.000000E+0	0.000000E+0	0.000000E+0	0.000000E+0	0.000000E+0	0.000000E+0
140.0   	185     	1.678458E-1 	8.537260E-5	1.70E+1    	140.00    	8210.49	24.4 	35.2 	0.000000E+0	0.000000E+0	0.000000E+0	0.000000E+0	0.000000E+0	0.000000E+0	0.000000E+0	0.000000E+0
140.0   	186     	3.266726E-2 	1.546435E-4	1.75E+1    	140.00    	8212.44	24.4 	35.2 	0.000000E+0	0.000000E+0	0.000000E+0	0.000000E+0	0.000000E+0	0.000000E+0	0.000000E+0	0.000000E+0
140.0   	187     	6.315075E-2 	1.080079E-4	1.47E+1    	140.00    	8214.39	24.4 	35.2 	0.000000E+0	0.000000E+0	0.000000E+0	0.000000E+0	0.000000E+0	0.000000E+0	0.000000E+0	0.000000E+0
140.0   	188     	3.216294E-2 	2.008487E-4	1.55E+1    	140.00    	8216.34	24.4 	35.2 	0.000000E+0	0.000000E+0	0.000000E+0	0.000000E+0	0.000000E+0	0.000000E+0	0.000000E+0	0.000000E+0
140.0   	189     	3.116288E-2 	2.675735E-4	1.50E+1    	140.00    	8218.29	24.4 	35.2 	0.000000E+0	0.000000E+0	0.000000E+0	0.000000E+0	0.000000E+0	0.000000E+0	0.000000E+0	0.000000E+0
140.0   	190     	3.123887E-2 	7.752857E-5	1.56E+1    	140.00    	8220.24	24.4 	35.2 	0.000000E+0	0.000000E+0	0.000000E+0	0.000000E+0	0.000000E+0	0.000000E+0	0.000000E+0	0.000000E+0
140.0   	191     	4.273849E-2 	4.092045E-5	1.58E+1    	140.00    	8222.18	24.4 	35.2 	0.000000E+0	0.000000E+0	0.000000E+0	0.000000E+0	0.000000E+0	0.000000E+0	0.000000E+0	0.000000E+0
140.0   	192     	1.273516E-1 	7.666553E-5	1.67E+1    	140.00    	8224.13	24.4 	35.2 	0.000000E+0	0.000000E+0	0.000000E+0	0.000000E+0	0.000000E+0	0.000000E+0	0.000000E+0	0.000000E+0
140.0   	193     	1.368865E-1 	1.902242E-4	1.49E+1    	140.00    	8226.08	24.4 	35.2 	0.000000E+0	0.000000E+0	0.000000E+0	0.000000E+0	0.000000E+0	0.000000E+0	0.000000E+0	0.000000E+0
140.0   	194     	7.139123E-2 	9.370658E-5	1.48E+1    	140.00    	8228.03	24.4 	35.2 	0.000000E+0	0.000000E+0	0.000000E+0	0.000000E+0	0.000000E+0	0.000000E+0	0.000000E+0	0.000000E+0
140.0   	195     	4.145418E-2 	4.009477E-5	1.81E+1    	140.00    	8229.98	24.4 	35.2 	0.000000E+0	0.000000E+0	0.000000E+0	0.000000E+0	0.000000E+0	0.000000E+0	0.000000E+0	0.000000E+0
140.0   	196     	4.012264E-2 	2.532931E-4	1.63E+1    	140.00    	8231.94	24.4 	35.2 	0.000000E+0	0.000000E+0	0.000000E+0	0.000000E+0	0.000000E+0	0.000000E+0	0.000000E+0	0.000000E+0
140.0   	197     	3.966836E-2 	2.274000E-4	1.47E+1    	140.00    	8233.87	24.4 	35.2 	0.000000E+0	0.000000E+0	0.000000E+0	0.000000E+0	0.000000E+0	0.000000E+0	0.000000E+0	0.000000E+0
140.0   	198     	6.045413E-2 	1.176393E-4	1.68E+1    	140.00    	8235.82	24.4 	35.2 	0.000000E+0	0.000000E+0	0.000000E+0	0.000000E+0	0.000000E+0	0.000000E+0	0.000000E+0	0.000000E+0
140.0   	199     	3.755266E-2 	2.832128E-5	1.57E+1    	140.00    	8237.77	24.4 	35.2 	0.000000E+0	0.000000E+0	0.000000E+0	0.000000E+0	0.000000E+0	0.000000E+0	0.000000E+0	0.000000E+0
140.0   	200     	3.516884E-2 	9.544422E-5	1.80E+1    	140.00    	8239.72	24.4 	35.2 	0.000000E+0	0.000000E+0	0.000000E+0	0.000000E+0	0.000000E+0	0.000000E+0	0.000000E+0	0.000000E+0
140.0   	201     	1.940185E-1 	9.790306E-5	1.92E+1    	140.00    	8241.67	24.4 	35.2 	0.000000E+0	0.000000E+0	0.000000E+0	0.000000E+0	0.000000E+0	0.000000E+0	0.000000E+0	0.000000E+0
140.0   	202     	7.252837E-2 	1.853133E-4	1.50E+1    	140.00    	8243.60	24.4 	35.2 	0.000000E+0	0.000000E+0	0.000000E+0	0.000000E+0	0.000000E+0	0.000000E+0	0.000000E+0	0.000000E+0
140.0   	203     	3.287018E-2 	1.174112E-4	2.00E+1    	140.00    	8245.55	24.4 	35.2 	0.000000E+0	0.000000E+0	0.000000E+0	0.000000E+0	0.000000E+0	0.000000E+0	0.000000E+0	0.000000E+0
140.0   	204     	3.080705E-2 	9.757576E-5	1.65E+1    	140.00    	8247.50	24.4 	35.2 	0.000000E+0	0.000000E+0	0.000000E+0	0.000000E+0	0.000000E+0	0.000000E+0	0.000000E+0	0.000000E+0
140.0   	205     	3.069783E-2 	4.337083E-5	1.61E+1    	140.00    	8249.46	24.4 	35.2 	0.000000E+0	0.000000E+0	0.000000E+0	0.000000E+0	0.000000E+0	0.000000E+0	0.000000E+0	0.000000E+0
140.0   	206     	3.096883E-2 	7.376141E-5	1.59E+1    	140.00    	8251.41	24.4 	35.2 	0.000000E+0	0.000000E+0	0.000000E+0	0.000000E+0	0.000000E+0	0.000000E+0	0.000000E+0	0.000000E+0
140.0   	207     	3.229812E-2 	9.186718E-5	1.35E+1    	140.00    	8253.36	24.4 	35.2 	0.000000E+0	0.000000E+0	0.000000E+0	0.000000E+0	0.000000E+0	0.000000E+0	0.000000E+0	0.000000E+0
140.0   	208     	1.334051E-1 	3.525363E-4	1.71E+1    	140.00    	8255.31	24.4 	35.2 	0.000000E+0	0.000000E+0	0.000000E+0	0.000000E+0	0.000000E+0	0.000000E+0	0.000000E+0	0.000000E+0
140.0   	209     	1.414500E-1 	8.742204E-5	1.55E+1    	140.00    	8257.26	24.4 	35.2 	0.000000E+0	0.000000E+0	0.000000E+0	0.000000E+0	0.000000E+0	0.000000E+0	0.000000E+0	0.000000E+0
140.0   	210     	4.362018E-2 	1.218883E-4	2.01E+1    	140.00    	8259.21	24.4 	35.2 	0.000000E+0	0.000000E+0	0.000000E+0	0.000000E+0	0.000000E+0	0.000000E+0	0.000000E+0	0.000000E+0
140.0   	211     	4.202368E-2 	1.905913E-4	1.38E+1    	140.00    	8261.17	24.4 	35.2 	0.000000E+0	0.000000E+0	0.000000E+0	0.000000E+0	0.000000E+0	0.000000E+0	0.000000E+0	0.000000E+0
140.0   	212     	2.005853E-1 	1.060017E-4	1.46E+1    	140.00    	8263.13	24.4 	35.2 	0.000000E+0	0.000000E+0	0.000000E+0	0.000000E+0	0.000000E+0	0.000000E+0	0.000000E+0	0.000000E+0
140.0   	213     	3.868886E-2 	1.667692E-4	1.53E+1    	140.00    	8265.08	24.4 	35.2 	0.000000E+0	0.000000E+0	0.000000E+0	0.000000E+0	0.000000E+0	0.000000E+0	0.000000E+0	0.000000E+0
140.0   	214     	3.790217E-2 	2.003844E-4	1.42E+1    	140.00    	8267.03	24.4 	35.2 	0.000000E+0	0.000000E+0	0.000000E+0	0.000000E+0	0.000000E+0	0.000000E+0	0.000000E+0	0.000000E+0
140.0   	215     	3.583555E-2 	1.397788E-4	1.38E+1    	140.00    	8268.99	24.4 	35.2 	0.000000E+0	0.000000E+0	0.000000E+0	0.000000E+0	0.000000E+0	0.000000E+0	0.000000E+0	0.000000E+0
140.0   	216     	3.413046E-2 	7.659185E-5	1.79E+1    	140.00    	8270.94	24.4 	35.2 	0.000000E+0	0.000000E+0	0.000000E+0	0.000000E+0	0.000000E+0	0.000000E+0	0.000000E+0	0.000000E+0
140.0   	217     	3.279008E-2 	5.296286E-5	1.75E+1    	140.00    	8272.88	24.4 	35.2 	0.000000E+0	0.000000E+0	0.000000E+0	0.000000E+0	0.000000E+0	0.000000E+0	0.000000E+0	0.000000E+0
140.0   	218     	3.160482E-2 	1.074778E-4	1.48E+1    	140.00    	8274.83	24.4 	35.2 	0.000000E+0	0.000000E+0	0.000000E+0	0.000000E+0	0.000000E+0	0.000000E+0	0.000000E+0	0.000000E+0
140.0   	219     	3.072568E-2 	1.044507E-4	1.50E+1    	140.00    	8276.78	24.4 	35.2 	0.000000E+0	0.000000E+0	0.000000E+0	0.000000E+0	0.000000E+0	0.000000E+0	0.000000E+0	0.000000E+0
140.0   	220     	3.020903E-2 	1.634017E-4	1.61E+1    	140.00    	8278.73	24.4 	35.2 	0.000000E+0	0.000000E+0	0.000000E+0	0.000000E+0	0.000000E+0	0.000000E+0	0.000000E+0	0.000000E+0
140.0   	221     	7.966337E-2 	1.196923E-4	1.42E+1    	140.00    	8280.68	24.4 	35.2 	0.000000E+0	0.000000E+0	0.000000E+0	0.000000E+0	0.000000E+0	0.000000E+0	0.000000E+0	0.000000E+0
140.0   	222     	3.139841E-2 	1.744100E-4	1.84E+1    	140.00    	8282.63	24.4 	35.2 	0.000000E+0	0.000000E+0	0.000000E+0	0.000000E+0	0.000000E+0	0.000000E+0	0.000000E+0	0.000000E+0
140.0   	223     	3.421024E-2 	2.229117E-4	1.39E+1    	140.00    	8284.58	24.4 	35.2 	0.000000E+0	0.000000E+0	0.000000E+0	0.000000E+0	0.000000E+0	0.000000E+0	0.000000E+0	0.000000E+0
140.0   	224     	1.391003E-1 	9.739071E-4	1.81E+1    	140.00    	8286.53	24.4 	35.2 	0.000000E+0	0.000000E+0	0.000000E+0	0.000000E+0	0.000000E+0	0.000000E+0	0.000000E+0	0.000000E+0
140.0   	225     	1.504056E-1 	1.672538E-4	1.55E+1    	140.00    	8288.49	24.4 	35.2 	0.000000E+0	0.000000E+0	0.000000E+0	0.000000E+0	0.000000E+0	0.000000E+0	0.000000E+0	0.000000E+0
140.0   	226     	4.459996E-2 	8.837747E-5	1.74E+1    	140.00    	8290.44	24.4 	35.2 	0.000000E+0	0.000000E+0	0.000000E+0	0.000000E+0	0.000000E+0	0.000000E+0	0.000000E+0	0.000000E+0
140.0   	227     	4.212973E-2 	1.008775E-4	1.86E+1    	140.00    	8292.40	24.4 	35.2 	0.000000E+0	0.000000E+0	0.000000E+0	0.000000E+0	0.000000E+0	0.000000E+0	0.000000E+0	0.000000E+0
140.0   	228     	3.965505E-2 	6.697057E-5	1.43E+1    	140.00    	8294.35	24.4 	35.2 	0.000000E+0	0.000000E+0	0.000000E+0	0.000000E+0	0.000000E+0	0.000000E+0	0.000000E+0	0.000000E+0
140.0   	229     	7.336031E-2 	1.274662E-4	1.46E+1    	140.00    	8296.30	24.4 	35.2 	0.000000E+0	0.000000E+0	0.000000E+0	0.000000E+0	0.000000E+0	0.000000E+0	0.000000E+0	0.000000E+0
140.0   	230     	5.998686E-2 	6.483284E-5	1.72E+1    	140.00    	8298.25	24.4 	35.2 	0.000000E+0	0.000000E+0	0.000000E+0	0.000000E+0	0.000000E+0	0.000000E+0	0.000000E+0	0.000000E+0
140.0   	231     	3.518943E-2 	1.861893E-5	1.68E+1    	140.00    	8300.20	24.4 	35.2 	0.000000E+0	0.000000E+0	0.000000E+0	0.000000E+0	0.000000E+0	0.000000E+0	0.000000E+0	0.000000E+0
140.0   	232     	3.392406E-2 	4.909150E-5	1.71E+1    	140.00    	8302.15	24.4 	35.2 	0.000000E+0	0.000000E+0	0.000000E+0	0.000000E+0	0.000000E+0	0.000000E+0	0.000000E+0	0.000000E+0
140.0   	233     	3.299585E-2 	6.748464E-5	1.72E+1    	140.00    	8304.11	24.4 	35.2 	0.000000E+0	0.000000E+0	0.000000E+0	0.000000E+0	0.000000E+0	0.000000E+0	0.000000E+0	0.000000E+0
140.0   	234     	4.758496E-2 	1.264717E-4	1.59E+1    	140.00    	8306.06	24.4 	35.2 	0.000000E+0	0.000000E+0	0.000000E+0	0.000000E+0	0.000000E+0	0.000000E+0	0.000000E+0	0.000000E+0
140.0   	235     	3.073043E-2 	1.385502E-4	1.98E+1    	140.00    	8307.98	24.4 	35.2 	0.000000E+0	0.000000E+0	0.000000E+0	0.000000E+0	0.000000E+0	0.000000E+0	0.000000E+0	0.000000E+0
140.0   	236     	3.062564E-2 	6.198686E-5	1.50E+1    	140.00    	8309.94	24.4 	35.2 	0.000000E+0	0.000000E+0	0.000000E+0	0.000000E+0	0.000000E+0	0.000000E+0	0.000000E+0	0.000000E+0
140.0   	237     	3.075418E-2 	8.071465E-5	1.59E+1    	140.00    	8311.89	24.4 	35.2 	0.000000E+0	0.000000E+0	0.000000E+0	0.000000E+0	0.000000E+0	0.000000E+0	0.000000E+0	0.000000E+0
140.0   	238     	2.129956E-1 	7.534740E-4	1.85E+1    	140.00    	8313.84	24.4 	35.2 	0.000000E+0	0.000000E+0	0.000000E+0	0.000000E+0	0.000000E+0	0.000000E+0	0.000000E+0	0.000000E+0
140.0   	239     	5.473294E-2 	1.055982E-4	1.77E+1    	140.00    	8315.80	24.4 	35.2 	0.000000E+0	0.000000E+0	0.000000E+0	0.000000E+0	0.000000E+0	0.000000E+0	0.000000E+0	0.000000E+0
140.0   	240     	1.584526E-1 	3.946606E-5	1.56E+1    	140.00    	8317.74	24.4 	35.2 	0.000000E+0	0.000000E+0	0.000000E+0	0.000000E+0	0.000000E+0	0.000000E+0	0.000000E+0	0.000000E+0
140.0   	241     	2.775944E-1 	1.846299E-4	1.74E+1    	140.00    	8319.69	24.4 	35.2 	0.000000E+0	0.000000E+0	0.000000E+0	0.000000E+0	0.000000E+0	0.000000E+0	0.000000E+0	0.000000E+0
140.0   	242     	1.463791E-1 	8.908380E-5	1.36E+1    	140.00    	8321.65	24.4 	35.2 	0.000000E+0	0.000000E+0	0.000000E+0	0.000000E+0	0.000000E+0	0.000000E+0	0.000000E+0	0.000000E+0
140.0   	243     	1.367257E-1 	1.137514E-4	1.78E+1    	140.00    	8323.59	24.4 	35.2 	0.000000E+0	0.000000E+0	0.000000E+0	0.000000E+0	0.000000E+0	0.000000E+0	0.000000E+0	0.000000E+0
140.0   	244     	1.321888E-1 	1.491384E-4	1.80E+1    	140.00    	8325.54	24.4 	35.2 	0.000000E+0	0.000000E+0	0.000000E+0	0.000000E+0	0.000000E+0	0.000000E+0	0.000000E+0	0.000000E+0
140.0   	245     	1.292583E-1 	6.230626E-5	1.73E+1    	140.00    	8327.49	24.4 	35.2 	0.000000E+0	0.000000E+0	0.000000E+0	0.000000E+0	0.000000E+0	0.000000E+0	0.000000E+0	0.000000E+0
140.0   	246     	1.269593E-1 	2.064140E-4	1.62E+1    	140.00    	8329.44	24.4 	35.2 	0.000000E+0	0.000000E+0	0.000000E+0	0.000000E+0	0.000000E+0	0.000000E+0	0.000000E+0	0.000000E+0
140.0   	247     	1.259433E-1 	3.091424E-5	1.80E+1    	140.00    	8331.39	24.4 	35.2 	0.000000E+0	0.000000E+0	0.000000E+0	0.000000E+0	0.000000E+0	0.000000E+0	0.000000E+0	0.000000E+0
140.0   	248     	1.830699E-1 	2.453861E-5	1.67E+1    	140.00    	8333.34	24.4 	35.2 	0.000000E+0	0.000000E+0	0.000000E+0	0.000000E+0	0.000000E+0	0.000000E+0	0.000000E+0	0.000000E+0
140.0   	249     	3.284083E-1 	2.429406E-4	1.51E+1    	140.00    	8335.30	24.4 	35.2 	0.000000E+0	0.000000E+0	0.000000E+0	0.000000E+0	0.000000E+0	0.000000E+0	0.000000E+0	0.000000E+0
140.0   	250     	1.224971E-1 	8.385154E-5	1.67E+1    	140.00    	8337.25	24.4 	35.2 	0.000000E+0	0.000000E+0	0.000000E+0	0.000000E+0	0.000000E+0	0.000000E+0	0.000000E+0	0.000000E+0
140.0   	251     	1.213119E-1 	5.332845E-5	1.81E+1    	140.00    	8339.20	24.4 	35.2 	0.000000E+0	0.000000E+0	0.000000E+0	0.000000E+0	0.000000E+0	0.000000E+0	0.000000E+0	0.000000E+0
140.0   	252     	1.499057E-1 	7.002616E-5	1.61E+1    	140.00    	8341.15	24.4 	35.2 	0.000000E+0	0.000000E+0	0.000000E+0	0.000000E+0	0.000000E+0	0.000000E+0	0.000000E+0	0.000000E+0
140.0   	253     	1.827612E-1 	1.729870E-4	1.83E+1    	140.00    	8343.10	24.4 	35.2 	0.000000E+0	0.000000E+0	0.000000E+0	0.000000E+0	0.000000E+0	0.000000E+0	0.000000E+0	0.000000E+0
140.0   	254     	5.721888E-1 	1.096205E-4	1.37E+1    	140.00    	8345.05	24.4 	35.2 	0.000000E+0	0.000000E+0	0.000000E+0	0.000000E+0	0.000000E+0	0.000000E+0	0.000000E+0	0.000000E+0
140.0   	255     	1.497660E-1 	8.693218E-5	1.79E+1    	140.00    	8347.00	24.4 	35.2 	0.000000E+0	0.000000E+0	0.000000E+0	0.000000E+0	0.000000E+0	0.000000E+0	0.000000E+0	0.000000E+0
140.0   	256     	3.233422E-1 	1.233185E-4	1.50E+1    	140.00    	8348.95	24.4 	35.2 	0.000000E+0	0.000000E+0	0.000000E+0	0.000000E+0	0.000000E+0	0.000000E+0	0.000000E+0	0.000000E+0
140.0   	257     	2.910311E-3 	3.511574E-4	1.61E+1    	140.00    	8350.90	24.4 	35.2 	0.000000E+0	0.000000E+0	0.000000E+0	0.000000E+0	0.000000E+0	0.000000E+0	0.000000E+0	0.000000E+0
140.0   	258     	2.154959E-3 	8.579776E-5	1.76E+1    	140.00    	8352.85	24.4 	35.2 	0.000000E+0	0.000000E+0	0.000000E+0	0.000000E+0	0.000000E+0	0.000000E+0	0.000000E+0	0.000000E+0
140.0   	259     	1.737077E-3 	9.680834E-5	1.64E+1    	140.00    	8354.81	24.4 	35.2 	0.000000E+0	0.000000E+0	0.000000E+0	0.000000E+0	0.000000E+0	0.000000E+0	0.000000E+0	0.000000E+0
140.0   	260     	2.179336E-3 	1.784102E-4	1.53E+1    	140.00    	8356.76	24.4 	35.2 	0.000000E+0	0.000000E+0	0.000000E+0	0.000000E+0	0.000000E+0	0.000000E+0	0.000000E+0	0.000000E+0
140.0   	261     	2.528203E-3 	1.318107E-4	1.56E+1    	140.00    	8358.71	24.4 	35.2 	0.000000E+0	0.000000E+0	0.000000E+0	0.000000E+0	0.000000E+0	0.000000E+0	0.000000E+0	0.000000E+0
140.0   	262     	1.733279E-3 	1.355229E-4	1.63E+1    	140.00    	8360.67	24.4 	35.2 	0.000000E+0	0.000000E+0	0.000000E+0	0.000000E+0	0.000000E+0	0.000000E+0	0.000000E+0	0.000000E+0
140.0   	263     	1.243534E-3 	2.360779E-4	1.47E+1    	140.00    	8362.62	24.4 	35.2 	0.000000E+0	0.000000E+0	0.000000E+0	0.000000E+0	0.000000E+0	0.000000E+0	0.000000E+0	0.000000E+0
140.0   	264     	-8.954474E-4	1.945283E-4	1.51E+1    	140.00    	8364.57	24.4 	35.2 	0.000000E+0	0.000000E+0	0.000000E+0	0.000000E+0	0.000000E+0	0.000000E+0	0.000000E+0	0.000000E+0
160.0   	1       	2.922223E-1 	2.326381E-4	4.15E+1    	160.00    	8384.00	24.4 	35.2 	0.000000E+0	0.000000E+0	0.000000E+0	0.000000E+0	0.000000E+0	0.000000E+0	0.000000E+0	0.000000E+0
160.0   	2       	2.586755E-1 	1.189623E-4	1.96E+1    	160.00    	8385.82	24.4 	35.2 	0.000000E+0	0.000000E+0	0.000000E+0	0.000000E+0	0.000000E+0	0.000000E+0	0.000000E+0	0.000000E+0
160.0   	3       	2.854909E-3 	2.636170E-4	1.72E+1    	160.00    	8387.77	24.4 	35.2 	0.000000E+0	0.000000E+0	0.000000E+0	0.000000E+0	0.000000E+0	0.000000E+0	0.000000E+0	0.000000E+0
160.0   	4       	1.910029E-1 	1.028713E-4	1.81E+1    	160.00    	8389.72	24.4 	35.2 	0.000000E+0	0.000000E+0	0.000000E+0	0.000000E+0	0.000000E+0	0.000000E+0	0.000000E+0	0.000000E+0
160.0   	5       	1.573642E-1 	1.431073E-4	1.67E+1    	160.00    	8391.65	24.4 	35.2 	0.000000E+0	0.000000E+0	0.000000E+0	0.000000E+0	0.000000E+0	0.000000E+0	0.000000E+0	0.000000E+0
160.0   	6       	1.502589E-1 	9.806918E-5	2.05E+1    	160.00    	8393.61	24.4 	35.2 	0.000000E+0	0.000000E+0	0.000000E+0	0.000000E+0	0.000000E+0	0.000000E+0	0.000000E+0	0.000000E+0
160.0   	7       	1.475531E-1 	6.654114E-5	1.87E+1    	160.00    	8395.56	24.4 	35.2 	0.000000E+0	0.000000E+0	0.000000E+0	0.000000E+0	0.000000E+0	0.000000E+0	0.000000E+0	0.000000E+0
160.0   	8       	1.455144E-1 	1.515455E-4	1.85E+1    	160.00    	8397.51	24.4 	35.2 	0.000000E+0	0.000000E+0	0.000000E+0	0.000000E+0	0.000000E+0	0.000000E+0	0.000000E+0	0.000000E+0
160.0   	9       	1.732282E-1 	1.122782E-2	2.00E+1    	160.00    	8399.46	24.4 	35.2 	0.000000E+0	0.000000E+0	0.000000E+0	0.000000E+0	0.000000E+0	0.000000E+0	0.000000E+0	0.000000E+0
160.0   	10      	1.447255E-1 	4.128356E-3	1.85E+1    	160.00    	8401.41	24.4 	35.2 	0.000000E+0	0.000000E+0	0.000000E+0	0.000000E+0	0.000000E+0	0.000000E+0	0.000000E+0	0.000000E+0
160.0   	11      	1.458297E-1 	2.651581E-3	1.58E+1    	160.00    	8403.36	24.4 	35.2 	0.000000E+0	0.000000E+0	0.000000E+0	0.000000E+0	0.000000E+0	0.000000E+0	0.000000E+0	0.000000E+0
160.0   	12      	1.444887E-1 	1.305518E-3	1.86E+1    	160.00    	8405.31	24.4 	35.2 	0.000000E+0	0.000000E+0	0.000000E+0	0.000000E+0	0.000000E+0	0.000000E+0	0.000000E+0	0.000000E+0
160.0   	13      	1.490442E-1 	7.188122E-5	1.97E+1    	160.00    	8407.26	24.4 	35.2 	0.000000E+0	0.000000E+0	0.000000E+0	0.000000E+0	0.000000E+0	0.000000E+0	0.000000E+0	0.000000E+0
160.0   	14      	1.528729E-1 	1.081249E-4	1.65E+1    	160.00    	8409.22	24.4 	35.2 	0.000000E+0	0.000000E+0	0.000000E+0	0.000000E+0	0.000000E+0	0.000000E+0	0.000000E+0	0.000000E+0
160.0   	15      	1.621619E-1 	6.126198E-5	1.86E+1    	160.00    	8411.17	24.4 	35.2 	0.000000E+0	0.000000E+0	0.000000E+0	0.000000E+0	0.000000E+0	0.000000E+0	0.000000E+0	0.000000E+0
160.0   	16      	2.886212E-1 	1.263500E-4	1.76E+1    	160.00    	8413.12	24.4 	35.2 	0.000000E+0	0.000000E+0	0.000000E+0	0.000000E+0	0.000000E+0	0.000000E+0	0.000000E+0	0.000000E+0
160.0   	17      	1.518503E-1 	4.286728E-5	1.90E+1    	160.00    	8415.06	24.4 	35.2 	0.000000E+0	0.000000E+0	0.000000E+0	0.000000E+0	0.000000E+0	0.000000E+0	0.000000E+0	0.000000E+0
160.0   	18      	4.708537E-2 	8.045411E-5	1.45E+1    	160.00    	8417.01	24.4 	35.2 	0.000000E+0	0.000000E+0	0.000000E+0	0.000000E+0	0.000000E+0	0.000000E+0	0.000000E+0	0.000000E+0
160.0   	19      	8.750740E-2 	4.543596E-5	1.94E+1    	160.00    	8418.96	24.4 	35.2 	0.000000E+0	0.000000E+0	0.000000E+0	0.000000E+0	0.000000E+0	0.000000E+0	0.000000E+0	0.000000E+0
160.0   	20      	4.474555E-2 	1.705691E-4	1.53E+1    	160.00    	8420.91	24.4 	35.2 	0.000000E+0	0.000000E+0	0.000000E+0	0.000000E+0	0.000000E+0	0.000000E+0	0.000000E+0	0.000000E+0
160.0   	21      	4.448881E-2 	4.231292E-5	2.00E+1    	160.00    	8422.86	24.4 	35.2 	0.000000E+0	0.000000E+0	0.000000E+0	0.000000E+0	0.000000E+0	0.000000E+0	0.000000E+0	0.000000E+0
160.0   	22      	4.350079E-2 	1.415512E-4	1.43E+1    	160.00    	8424.82	24.4 	35.2 	0.000000E+0	0.000000E+0	0.000000E+0	0.000000E+0	0.000000E+0	0.000000E+0	0.000000E+0	0.000000E+0
160.0   	23      	4.589062E-2 	2.798084E-4	1.48E+1    	160.00    	8426.77	24.4 	35.2 	0.000000E+0	0.000000E+0	0.000000E+0	0.000000E+0	0.000000E+0	0.000000E+0	0.000000E+0	0.000000E+0
160.0   	24      	7.481111E-2 	1.412832E-4	1.79E+1    	160.00    	8428.72	24.4 	35.2 	0.000000E+0	0.000000E+0	0.000000E+0	0.000000E+0	0.000000E+0	0.000000E+0	0.000000E+0	0.000000E+0
160.0   	25      	9.505873E-2 	7.021011E-3	1.69E+1    	160.00    	8430.68	24.4 	35.2 	0.000000E+0	0.000000E+0	0.000000E+0	0.000000E+0	0.000000E+0	0.000000E+0	0.000000E+0	0.000000E+0
160.0   	26      	4.355872E-2 	2.468302E-3	1.69E+1    	160.00    	8432.63	24.4 	35.2 	0.000000E+0	0.000000E+0	0.000000E+0	0.000000E+0	0.000000E+0	0.000000E+0	0.000000E+0	0.000000E+0
160.0   	27      	9.450815E-2 	1.049575E-4	1.67E+1    	160.00    	8434.59	24.4 	35.2 	0.000000E+0	0.000000E+0	0.000000E+0	0.000000E+0	0.000000E+0	0.000000E+0	0.000000E+0	0.000000E+0
160.0   	28      	4.363343E-2 	1.033610E-4	1.60E+1    	160.00    	8436.53	24.4 	35.2 	0.000000E+0	0.000000E+0	0.000000E+0	0.000000E+0	0.000000E+0	0.000000E+0	0.000000E+0	0.000000E+0
160.0   	29      	4.546639E-2 	2.175465E-4	1.43E+1    	160.00    	8438.48	24.4 	35.2 	0.000000E+0	0.000000E+0	0.000000E+0	0.000000E+0	0.000000E+0	0.000000E+0	0.000000E+0	0.000000E+0
160.0   	30      	2.484747E-1 	1.472696E-4	1.79E+1    	160.00    	8440.43	24.4 	35.2 	0.000000E+0	0.000000E+0	0.000000E+0	0.000000E+0	0.000000E+0	0.000000E+0	0.000000E+0	0.000000E+0
160.0   	31      	1.238516E-1 	5.566950E-5	1.70E+1    	160.00    	8442.37	24.4 	35.2 	0.000000E+0	0.000000E+0	0.000000E+0	0.000000E+0	0.000000E+0	0.000000E+0	0.000000E+0	0.000000E+0
160.0   	32      	1.579481E-1 	1.088481E-4	1.79E+1    	160.00    	8444.32	24.4 	35.2 	0.000000E+0	0.000000E+0	0.000000E+0	0.000000E+0	0.000000E+0	0.000000E+0	0.000000E+0	0.000000E+0
160.0   	33      	1.441949E-1 	4.523763E-5	1.88E+1    	160.00    	8446.26	24.4 	35.2 	0.000000E+0	0.000000E+0	0.000000E+0	0.000000E+0	0.000000E+0	0.000000E+0	0.000000E+0	0.000000E+0
160.0   	34      	8.212402E-2 	4.501025E-5	1.51E+1    	160.00    	8448.22	24.4 	35.2 	0.000000E+0	0.000000E+0	0.000000E+0	0.000000E+0	0.000000E+0	0.000000E+0	0.000000E+0	0.000000E+0
160.0   	35      	4.069876E-2 	1.662036E-4	1.74E+1    	160.00    	8450.16	24.4 	35.2 	0.000000E+0	0.000000E+0	0.000000E+0	0.000000E+0	0.000000E+0	0.000000E+0	0.000000E+0	0.000000E+0
160.0   	36      	1.491569E-1 	8.440197E-5	1.48E+1    	160.00    	8452.11	24.4 	35.2 	0.000000E+0	0.000000E+0	0.000000E+0	0.000000E+0	0.000000E+0	0.000000E+0	0.000000E+0	0.000000E+0
160.0   	37      	3.997601E-2 	1.166066E-4	1.59E+1    	160.00    	8454.07	24.4 	35.2 	0.000000E+0	0.000000E+0	0.000000E+0	0.000000E+0	0.000000E+0	0.000000E+0	0.000000E+0	0.000000E+0
160.0   	38      	3.929220E-2 	1.147073E-4	1.74E+1    	160.00    	8456.02	24.4 	35.2 	0.000000E+0	0.000000E+0	0.000000E+0	0.000000E+0	0.000000E+0	0.000000E+0	0.000000E+0	0.000000E+0
160.0   	39      	3.983989E-2 	1.032932E-4	1.72E+1    	160.00    	8457.98	24.4 	35.2 	0.000000E+0	0.000000E+0	0.000000E+0	0.000000E+0	0.000000E+0	0.000000E+0	0.000000E+0	0.000000E+0
160.0   	40      	3.826081E-2 	8.638085E-5	1.75E+1    	160.00    	8459.94	24.4 	35.2 	0.000000E+0	0.000000E+0	0.000000E+0	0.000000E+0	0.000000E+0	0.000000E+0	0.000000E+0	0.000000E+0
160.0   	41      	3.888889E-2 	1.306668E-4	1.93E+1    	160.00    	8461.89	24.4 	35.2 	0.000000E+0	0.000000E+0	0.000000E+0	0.000000E+0	0.000000E+0	0.000000E+0	0.000000E+0	0.000000E+0
160.0   	42      	3.954704E-2 	6.798932E-5	1.61E+1    	160.00    	8463.84	24.4 	35.2 	0.000000E+0	0.000000E+0	0.000000E+0	0.000000E+0	0.000000E+0	0.000000E+0	0.000000E+0	0.000000E+0
160.0   	43      	3.994815E-2 	2.166372E-4	1.59E+1    	160.00    	8465.79	24.4 	35.2 	0.000000E+0	0.000000E+0	0.000000E+0	0.000000E+0	0.000000E+0	0.000000E+0	0.000000E+0	0.000000E+0
160.0   	44      	7.141013E-2 	6.031663E-5	1.53E+1    	160.00    	8467.74	24.4 	35.2 	0.000000E+0	0.000000E+0	0.000000E+0	0.000000E+0	0.000000E+0	0.000000E+0	0.000000E+0	0.000000E+0
160.0   	45      	4.310980E-2 	1.145055E-4	1.70E+1    	160.00    	8469.69	24.4 	35.2 	0.000000E+0	0.000000E+0	0.000000E+0	0.000000E+0	0.000000E+0	0.000000E+0	0.000000E+0	0.000000E+0
160.0   	46      	4.393954E-2 	1.345832E-4	1.88E+1    	160.00    	8471.65	24.4 	35.2 	0.000000E+0	0.000000E+0	0.000000E+0	0.000000E+0	0.000000E+0	0.000000E+0	0.000000E+0	0.000000E+0
160.0   	47      	4.612962E-2 	1.030846E-4	1.84E+1    	160.00    	8473.60	24.4 	35.2 	0.000000E+0	0.000000E+0	0.000000E+0	0.000000E+0	0.000000E+0	0.000000E+0	0.000000E+0	0.000000E+0
160.0   	48      	3.193201E-1 	1.836712E-4	1.74E+1    	160.00    	8475.55	24.4 	35.2 	0.000000E+0	0.000000E+0	0.000000E+0	0.000000E+0	0.000000E+0	0.000000E+0	0.000000E+0	0.000000E+0
160.0   	49      	2.252270E-1 	2.321408E-4	2.05E+1    	160.00    	8477.51	24.4 	35.2 	0.000000E+0	0.000000E+0	0.000000E+0	0.000000E+0	0.000000E+0	0.000000E+0	0.000000E+0	0.000000E+0
160.0   	50      	3.982026E-2 	6.457308E-5	1.79E+1    	160.00    	8479.46	24.4 	35.2 	0.000000E+0	0.000000E+0	0.000000E+0	0.000000E+0	0.000000E+0	0.000000E+0	0.000000E+0	0.000000E+0
160.0   	51      	4.272010E-1 	1.725931E-4	1.86E+1    	160.00    	8481.41	24.4 	35.2 	0.000000E+0	0.000000E+0	0.000000E+0	0.000000E+0	0.000000E+0	0.000000E+0	0.000000E+0	0.000000E+0
160.0   	52      	3.842289E-2 	1.008862E-4	1.77E+1    	160.00    	8483.36	24.4 	35.2 	0.000000E+0	0.000000E+0	0.000000E+0	0.000000E+0	0.000000E+0	0.000000E+0	0.000000E+0	0.000000E+0
160.0   	53      	4.057687E-2 	9.927011E-5	1.87E+1    	160.00    	8485.32	24.4 	35.2 	0.000000E+0	0.000000E+0	0.000000E+0	0.000000E+0	0.000000E+0	0.000000E+0	0.000000E+0	0.000000E+0
160.0   	54      	3.710910E-2 	1.033973E-4	1.66E+1    	160.00    	8487.27	24.4 	35.2 	0.000000E+0	0.000000E+0	0.000000E+0	0.000000E+0	0.000000E+0	0.000000E+0	0.000000E+0	0.000000E+0
160.0   	55      	3.707267E-2 	8.324269E-5	1.66E+1    	160.00    	8489.23	24.4 	35.2 	0.000000E+0	0.000000E+0	0.000000E+0	0.000000E+0	0.000000E+0	0.000000E+0	0.000000E+0	0.000000E+0
160.0   	56      	3.653927E-2 	1.850854E-4	1.83E+1    	160.00    	8491.18	24.4 	35.2 	0.000000E+0	0.000000E+0	0.000000E+0	0.000000E+0	0.000000E+0	0.000000E+0	0.000000E+0	0.000000E+0
160.0   	57      	4.247445E-2 	4.861020E-5	1.53E+1    	160.00    	8493.13	24.4 	35.2 	0.000000E+0	0.000000E+0	0.000000E+0	0.000000E+0	0.000000E+0	0.000000E+0	0.000000E+0	0.000000E+0
160.0   	58      	3.801990E-2 	8.919835E-5	1.62E+1    	160.00    	8495.09	24.4 	35.2 	0.000000E+0	0.000000E+0	0.000000E+0	0.000000E+0	0.000000E+0	0.000000E+0	0.000000E+0	0.000000E+0
160.0   	59      	3.847164E-2 	5.494756E-5	1.74E+1    	160.00    	8497.04	24.4 	35.2 	0.000000E+0	0.000000E+0	0.000000E+0	0.000000E+0	0.000000E+0	0.000000E+0	0.000000E+0	0.000000E+0
160.0   	60      	5.437484E-2 	3.334938E-5	1.73E+1    	160.00    	8498.99	24.4 	35.2 	0.000000E+0	0.000000E+0	0.000000E+0	0.000000E+0	0.000000E+0	0.000000E+0	0.000000E+0	0.000000E+0
160.0   	61      	5.829694E-2 	4.422181E-5	1.70E+1    	160.00    	8500.94	24.4 	35.2 	0.000000E+0	0.000000E+0	0.000000E+0	0.000000E+0	0.000000E+0	0.000000E+0	0.000000E+0	0.000000E+0
160.0   	62      	9.047972E-2 	1.234514E-4	1.60E+1    	160.00    	8502.87	24.4 	35.2 	0.000000E+0	0.000000E+0	0.000000E+0	0.000000E+0	0.000000E+0	0.000000E+0	0.000000E+0	0.000000E+0
160.0   	63      	4.871415E-2 	4.966997E-5	1.50E+1    	160.00    	8504.82	24.4 	35.2 	0.000000E+0	0.000000E+0	0.000000E+0	0.000000E+0	0.000000E+0	0.000000E+0	0.000000E+0	0.000000E+0
160.0   	64      	7.247315E-1 	5.201805E-4	1.72E+1    	160.00    	8506.77	24.4 	35.2 	0.000000E+0	0.000000E+0	0.000000E+0	0.000000E+0	0.000000E+0	0.000000E+0	0.000000E+0	0.000000E+0
160.0   	65      	1.382846E-1 	2.396282E-4	1.91E+1    	160.00    	8508.71	24.4 	35.2 	0.000000E+0	0.000000E+0	0.000000E+0	0.000000E+0	0.000000E+0	0.000000E+0	0.000000E+0	0.000000E+0
160.0   	66      	3.815189E-2 	8.651383E-5	1.36E+1    	160.00    	8510.66	24.4 	35.2 	0.000000E+0	0.000000E+0	0.000000E+0	0.000000E+0	0.000000E+0	0.000000E+0	0.000000E+0	0.000000E+0
160.0   	67      	1.215356E-1 	3.181525E-5	1.68E+1    	160.00    	8512.62	24.4 	35.2 	0.000000E+0	0.000000E+0	0.000000E+0	0.000000E+0	0.000000E+0	0.000000E+0	0.000000E+0	0.000000E+0
160.0   	68      	3.830006E-2 	1.068218E-4	1.56E+1    	160.00    	8514.55	24.4 	35.2 	0.000000E+0	0.000000E+0	0.000000E+0	0.000000E+0	0.000000E+0	0.000000E+0	0.000000E+0	0.000000E+0
160.0   	69      	1.649386E+1 	2.236167E-2	1.80E+1    	160.00    	8516.49	24.4 	35.2 	0.000000E+0	0.000000E+0	0.000000E+0	0.000000E+0	0.000000E+0	0.000000E+0	0.000000E+0	0.000000E+0
160.0   	70      	4.001240E-2 	8.011017E-5	1.49E+1    	160.00    	8518.60	24.4 	35.2 	0.000000E+0	0.000000E+0	0.000000E+0	0.000000E+0	0.000000E+0	0.000000E+0	0.000000E+0	0.000000E+0
160.0   	71      	4.303984E-1 	1.724358E-4	1.98E+1    	160.00    	8520.63	24.4 	35.2 	0.000000E+0	0.000000E+0	0.000000E+0	0.000000E+0	0.000000E+0	0.000000E+0	0.000000E+0	0.000000E+0
160.0   	72      	3.678049E-2 	6.813359E-5	1.81E+1    	160.00    	8522.58	24.4 	35.2 	0.000000E+0	0.000000E+0	0.000000E+0	0.000000E+0	0.000000E+0	0.000000E+0	0.000000E+0	0.000000E+0
160.0   	73      	3.680581E-2 	1.136688E-4	1.65E+1    	160.00    	8524.53	24.4 	35.2 	0.000000E+0	0.000000E+0	0.000000E+0	0.000000E+0	0.000000E+0	0.000000E+0	0.000000E+0	0.000000E+0
160.0   	74      	3.842289E-2 	1.690592E-4	1.87E+1    	160.00    	8526.47	24.4 	35.2 	0.000000E+0	0.000000E+0	0.000000E+0	0.000000E+0	0.000000E+0	0.000000E+0	0.000000E+0	0.000000E+0
160.0   	75      	3.688654E-2 	2.550022E-4	1.79E+1    	160.00    	8528.42	24.4 	35.2 	0.000000E+0	0.000000E+0	0.000000E+0	0.000000E+0	0.000000E+0	0.000000E+0	0.000000E+0	0.000000E+0
160.0   	76      	6.167065E-2 	1.454694E-4	1.75E+1    	160.00    	8530.37	24.4 	35.2 	0.000000E+0	0.000000E+0	0.000000E+0	0.000000E+0	0.000000E+0	0.000000E+0	0.000000E+0	0.000000E+0
160.0   	77      	1.142230E-3 	1.555248E-4	1.53E+1    	160.00    	8532.32	24.4 	35.2 	0.000000E+0	0.000000E+0	0.000000E+0	0.000000E+0	0.000000E+0	0.000000E+0	0.000000E+0	0.000000E+0
160.0   	78      	1.081446E-3 	2.394844E-4	1.67E+1    	160.00    	8534.27	24.4 	35.2 	0.000000E+0	0.000000E+0	0.000000E+0	0.000000E+0	0.000000E+0	0.000000E+0	0.000000E+0	0.000000E+0
160.0   	79      	9.580612E-2 	7.980076E-2	1.86E+1    	160.00    	8536.23	24.4 	35.2 	0.000000E+0	0.000000E+0	0.000000E+0	0.000000E+0	0.000000E+0	0.000000E+0	0.000000E+0	0.000000E+0
160.0   	80      	3.995240E-1 	7.849484E-4	1.69E+1    	160.00    	8538.17	24.4 	35.2 	0.000000E+0	0.000000E+0	0.000000E+0	0.000000E+0	0.000000E+0	0.000000E+0	0.000000E+0	0.000000E+0
160.0   	81      	1.340324E-1 	2.519663E-5	1.42E+1    	160.00    	8540.12	24.4 	35.2 	0.000000E+0	0.000000E+0	0.000000E+0	0.000000E+0	0.000000E+0	0.000000E+0	0.000000E+0	0.000000E+0
160.0   	82      	4.121636E-2 	6.308074E-5	1.67E+1    	160.00    	8542.07	24.4 	35.2 	0.000000E+0	0.000000E+0	0.000000E+0	0.000000E+0	0.000000E+0	0.000000E+0	0.000000E+0	0.000000E+0
160.0   	83      	5.652789E-2 	1.524706E-4	1.79E+1    	160.00    	8544.02	24.4 	35.2 	0.000000E+0	0.000000E+0	0.000000E+0	0.000000E+0	0.000000E+0	0.000000E+0	0.000000E+0	0.000000E+0
160.0   	84      	3.936532E-2 	1.854304E-4	1.41E+1    	160.00    	8545.94	24.4 	35.2 	0.000000E+0	0.000000E+0	0.000000E+0	0.000000E+0	0.000000E+0	0.000000E+0	0.000000E+0	0.000000E+0
160.0   	85      	3.751590E-2 	1.495766E-4	1.71E+1    	160.00    	8547.86	24.4 	35.2 	0.000000E+0	0.000000E+0	0.000000E+0	0.000000E+0	0.000000E+0	0.000000E+0	0.000000E+0	0.000000E+0
160.0   	86      	3.620655E-2 	1.065390E-4	1.72E+1    	160.00    	8549.81	24.4 	35.2 	0.000000E+0	0.000000E+0	0.000000E+0	0.000000E+0	0.000000E+0	0.000000E+0	0.000000E+0	0.000000E+0
160.0   	87      	3.580227E-2 	9.511888E-5	1.57E+1    	160.00    	8551.74	24.4 	35.2 	0.000000E+0	0.000000E+0	0.000000E+0	0.000000E+0	0.000000E+0	0.000000E+0	0.000000E+0	0.000000E+0
160.0   	88      	3.588331E-2 	4.238167E-5	1.95E+1    	160.00    	8553.69	24.4 	35.2 	0.000000E+0	0.000000E+0	0.000000E+0	0.000000E+0	0.000000E+0	0.000000E+0	0.000000E+0	0.000000E+0
160.0   	89      	3.719046E-2 	1.830616E-4	1.51E+1    	160.00    	8555.64	24.4 	35.2 	0.000000E+0	0.000000E+0	0.000000E+0	0.000000E+0	0.000000E+0	0.000000E+0	0.000000E+0	0.000000E+0
160.0   	90      	5.768526E-1 	2.062055E-4	1.65E+1    	160.00    	8557.59	24.4 	35.2 	0.000000E+0	0.000000E+0	0.000000E+0	0.000000E+0	0.000000E+0	0.000000E+0	0.000000E+0	0.000000E+0
160.0   	91      	3.643667E-2 	1.788770E-4	1.98E+1    	160.00    	8559.53	24.4 	35.2 	0.000000E+0	0.000000E+0	0.000000E+0	0.000000E+0	0.000000E+0	0.000000E+0	0.000000E+0	0.000000E+0
160.0   	92      	2.821847E-1 	1.481643E-4	1.47E+1    	160.00    	8561.48	24.4 	35.2 	0.000000E+0	0.000000E+0	0.000000E+0	0.000000E+0	0.000000E+0	0.000000E+0	0.000000E+0	0.000000E+0
160.0   	93      	3.893575E-2 	4.347125E-4	1.56E+1    	160.00    	8563.43	24.4 	35.2 	0.000000E+0	0.000000E+0	0.000000E+0	0.000000E+0	0.000000E+0	0.000000E+0	0.000000E+0	0.000000E+0
160.0   	94      	3.987376E-2 	1.106470E-4	1.65E+1    	160.00    	8565.37	24.4 	35.2 	0.000000E+0	0.000000E+0	0.000000E+0	0.000000E+0	0.000000E+0	0.000000E+0	0.000000E+0	0.000000E+0
160.0   	95      	4.898101E-2 	1.031033E-4	1.73E+1    	160.00    	8567.32	24.4 	35.2 	0.000000E+0	0.000000E+0	0.000000E+0	0.000000E+0	0.000000E+0	0.000000E+0	0.000000E+0	0.000000E+0
160.0   	96      	1.429991E-1 	3.109622E-4	1.52E+1    	160.00    	8569.27	24.4 	35.2 	0.000000E+0	0.000000E+0	0.000000E+0	0.000000E+0	0.000000E+0	0.000000E+0	0.000000E+0	0.000000E+0
160.0   	97      	1.616255E-1 	1.338591E-4	1.43E+1    	160.00    	8571.22	24.4 	35.2 	0.000000E+0	0.000000E+0	0.000000E+0	0.000000E+0	0.000000E+0	0.000000E+0	0.000000E+0	0.000000E+0
160.0   	98      	3.698308E-2 	9.369914E-5	1.49E+1    	160.00    	8573.16	24.4 	35.2 	0.000000E+0	0.000000E+0	0.000000E+0	0.000000E+0	0.000000E+0	0.000000E+0	0.000000E+0	0.000000E+0
160.0   	99      	3.591117E-2 	5.709476E-5	1.60E+1    	160.00    	8575.11	24.4 	35.2 	0.000000E+0	0.000000E+0	0.000000E+0	0.000000E+0	0.000000E+0	0.000000E+0	0.000000E+0	0.000000E+0
160.0   	100     	3.608718E-2 	1.161211E-4	1.75E+1    	160.00    	8577.06	24.4 	35.2 	0.000000E+0	0.000000E+0	0.000000E+0	0.000000E+0	0.000000E+0	0.000000E+0	0.000000E+0	0.000000E+0
160.0   	101     	3.672130E-2 	6.024508E-5	1.69E+1    	160.00    	8579.01	24.4 	35.2 	0.000000E+0	0.000000E+0	0.000000E+0	0.000000E+0	0.000000E+0	0.000000E+0	0.000000E+0	0.000000E+0
160.0   	102     	6.304301E-2 	3.452301E-5	1.42E+1    	160.00    	8580.96	24.4 	35.2 	0.000000E+0	0.000000E+0	0.000000E+0	0.000000E+0	0.000000E+0	0.000000E+0	0.000000E+0	0.000000E+0
160.0   	103     	3.723920E-2 	3.636013E-5	1.70E+1    	160.00    	8582.91	24.4 	35.2 	0.000000E+0	0.000000E+0	0.000000E+0	0.000000E+0	0.000000E+0	0.000000E+0	0.000000E+0	0.000000E+0
160.0   	104     	7.338334E-1 	6.537166E-5	1.61E+1    	160.00    	8584.86	24.4 	35.2 	0.000000E+0	0.000000E+0	0.000000E+0	0.000000E+0	0.000000E+0	0.000000E+0	0.000000E+0	0.000000E+0
160.0   	105     	3.620084E-2 	1.320011E-4	1.43E+1    	160.00    	8586.80	24.4 	35.2 	0.000000E+0	0.000000E+0	0.000000E+0	0.000000E+0	0.000000E+0	0.000000E+0	0.000000E+0	0.000000E+0
160.0   	106     	3.711891E-2 	1.516176E-4	1.37E+1    	160.00    	8588.73	24.4 	35.2 	0.000000E+0	0.000000E+0	0.000000E+0	0.000000E+0	0.000000E+0	0.000000E+0	0.000000E+0	0.000000E+0
160.0   	107     	3.628819E-2 	1.499442E-4	1.99E+1    	160.00    	8590.68	24.4 	35.2 	0.000000E+0	0.000000E+0	0.000000E+0	0.000000E+0	0.000000E+0	0.000000E+0	0.000000E+0	0.000000E+0
160.0   	108     	3.565190E-2 	2.322570E-4	1.48E+1    	160.00    	8592.64	24.4 	35.2 	0.000000E+0	0.000000E+0	0.000000E+0	0.000000E+0	0.000000E+0	0.000000E+0	0.000000E+0	0.000000E+0
160.0   	109     	3.590421E-2 	8.885610E-5	1.56E+1    	160.00    	8594.57	24.4 	35.2 	0.000000E+0	0.000000E+0	0.000000E+0	0.000000E+0	0.000000E+0	0.000000E+0	0.000000E+0	0.000000E+0
160.0   	110     	3.612423E-2 	9.957900E-5	1.93E+1    	160.00    	8596.50	24.4 	35.2 	0.000000E+0	0.000000E+0	0.000000E+0	0.000000E+0	0.000000E+0	0.000000E+0	0.000000E+0	0.000000E+0
160.0   	111     	3.844314E-2 	2.163093E-4	1.79E+1    	160.00    	8598.45	24.4 	35.2 	0.000000E+0	0.000000E+0	0.000000E+0	0.000000E+0	0.000000E+0	0.000000E+0	0.000000E+0	0.000000E+0
160.0   	112     	5.995802E-1 	2.423214E-4	1.62E+1    	160.00    	8600.38	24.4 	35.2 	0.000000E+0	0.000000E+0	0.000000E+0	0.000000E+0	0.000000E+0	0.000000E+0	0.000000E+0	0.000000E+0
160.0   	113     	1.369142E-1 	5.853925E-5	1.71E+1    	160.00    	8602.33	24.4 	35.2 	0.000000E+0	0.000000E+0	0.000000E+0	0.000000E+0	0.000000E+0	0.000000E+0	0.000000E+0	0.000000E+0
160.0   	114     	6.320161E-2 	1.133023E-4	1.50E+1    	160.00    	8604.25	24.4 	35.2 	0.000000E+0	0.000000E+0	0.000000E+0	0.000000E+0	0.000000E+0	0.000000E+0	0.000000E+0	0.000000E+0
160.0   	115     	3.586558E-2 	1.039450E-4	1.90E+1    	160.00    	8606.17	24.4 	35.2 	0.000000E+0	0.000000E+0	0.000000E+0	0.000000E+0	0.000000E+0	0.000000E+0	0.000000E+0	0.000000E+0
160.0   	116     	3.687388E-2 	1.950425E-4	1.80E+1    	160.00    	8608.12	24.4 	35.2 	0.000000E+0	0.000000E+0	0.000000E+0	0.000000E+0	0.000000E+0	0.000000E+0	0.000000E+0	0.000000E+0
160.0   	117     	5.800468E-2 	1.161067E-4	1.79E+1    	160.00    	8610.06	24.4 	35.2 	0.000000E+0	0.000000E+0	0.000000E+0	0.000000E+0	0.000000E+0	0.000000E+0	0.000000E+0	0.000000E+0
160.0   	118     	3.585324E-2 	8.868927E-5	1.77E+1    	160.00    	8612.01	24.4 	35.2 	0.000000E+0	0.000000E+0	0.000000E+0	0.000000E+0	0.000000E+0	0.000000E+0	0.000000E+0	0.000000E+0
160.0   	119     	5.999124E-2 	1.421723E-4	1.94E+1    	160.00    	8613.96	24.4 	35.2 	0.000000E+0	0.000000E+0	0.000000E+0	0.000000E+0	0.000000E+0	0.000000E+0	0.000000E+0	0.000000E+0
160.0   	120     	3.705305E-2 	4.450914E-5	2.04E+1    	160.00    	8615.91	24.4 	35.2 	0.000000E+0	0.000000E+0	0.000000E+0	0.000000E+0	0.000000E+0	0.000000E+0	0.000000E+0	0.000000E+0
160.0   	121     	3.668329E-2 	1.507900E-4	1.45E+1    	160.00    	8617.86	24.4 	35.2 	0.000000E+0	0.000000E+0	0.000000E+0	0.000000E+0	0.000000E+0	0.000000E+0	0.000000E+0	0.000000E+0
160.0   	122     	4.435013E-2 	1.209759E-4	1.84E+1    	160.00    	8619.81	24.4 	35.2 	0.000000E+0	0.000000E+0	0.000000E+0	0.000000E+0	0.000000E+0	0.000000E+0	0.000000E+0	0.000000E+0
160.0   	123     	3.612233E-2 	1.228293E-4	1.56E+1    	160.00    	8621.77	24.4 	35.2 	0.000000E+0	0.000000E+0	0.000000E+0	0.000000E+0	0.000000E+0	0.000000E+0	0.000000E+0	0.000000E+0
160.0   	124     	3.558351E-2 	4.755187E-5	1.84E+1    	160.00    	8623.72	24.4 	35.2 	0.000000E+0	0.000000E+0	0.000000E+0	0.000000E+0	0.000000E+0	0.000000E+0	0.000000E+0	0.000000E+0
160.0   	125     	3.509914E-2 	1.023476E-3	1.47E+1    	160.00    	8625.66	24.4 	35.2 	0.000000E+0	0.000000E+0	0.000000E+0	0.000000E+0	0.000000E+0	0.000000E+0	0.000000E+0	0.000000E+0
160.0   	126     	3.514726E-2 	1.560705E-4	2.02E+1    	160.00    	8627.61	24.4 	35.2 	0.000000E+0	0.000000E+0	0.000000E+0	0.000000E+0	0.000000E+0	0.000000E+0	0.000000E+0	0.000000E+0
160.0   	127     	3.691091E-2 	1.227045E-4	1.58E+1    	160.00    	8629.56	24.4 	35.2 	0.000000E+0	0.000000E+0	0.000000E+0	0.000000E+0	0.000000E+0	0.000000E+0	0.000000E+0	0.000000E+0
160.0   	128     	1.361003E-1 	9.220978E-5	1.62E+1    	160.00    	8631.51	24.4 	35.2 	0.000000E+0	0.000000E+0	0.000000E+0	0.000000E+0	0.000000E+0	0.000000E+0	0.000000E+0	0.000000E+0
160.0   	129     	1.373263E-1 	1.303848E-4	1.81E+1    	160.00    	8633.45	24.4 	35.2 	0.000000E+0	0.000000E+0	0.000000E+0	0.000000E+0	0.000000E+0	0.000000E+0	0.000000E+0	0.000000E+0
160.0   	130     	3.959136E-2 	4.981729E-5	1.58E+1    	160.00    	8635.39	24.4 	35.2 	0.000000E+0	0.000000E+0	0.000000E+0	0.000000E+0	0.000000E+0	0.000000E+0	0.000000E+0	0.000000E+0
160.0   	131     	3.640123E-2 	2.336778E-4	1.56E+1    	160.00    	8637.34	24.4 	35.2 	0.000000E+0	0.000000E+0	0.000000E+0	0.000000E+0	0.000000E+0	0.000000E+0	0.000000E+0	0.000000E+0
160.0   	132     	3.609540E-2 	4.705465E-5	1.60E+1    	160.00    	8639.26	24.4 	35.2 	0.000000E+0	0.000000E+0	0.000000E+0	0.000000E+0	0.000000E+0	0.000000E+0	0.000000E+0	0.000000E+0
160.0   	133     	3.734050E-2 	5.744424E-5	1.51E+1    	160.00    	8641.22	24.4 	35.2 	0.000000E+0	0.000000E+0	0.000000E+0	0.000000E+0	0.000000E+0	0.000000E+0	0.000000E+0	0.000000E+0
160.0   	134     	3.574401E-2 	1.679198E-4	1.46E+1    	160.00    	8643.17	24.4 	35.2 	0.000000E+0	0.000000E+0	0.000000E+0	0.000000E+0	0.000000E+0	0.000000E+0	0.000000E+0	0.000000E+0
160.0   	135     	3.623755E-2 	1.577114E-4	1.83E+1    	160.00    	8645.11	24.4 	35.2 	0.000000E+0	0.000000E+0	0.000000E+0	0.000000E+0	0.000000E+0	0.000000E+0	0.000000E+0	0.000000E+0
160.0   	136     	3.723161E-2 	1.755030E-4	1.72E+1    	160.00    	8647.07	24.4 	35.2 	0.000000E+0	0.000000E+0	0.000000E+0	0.000000E+0	0.000000E+0	0.000000E+0	0.000000E+0	0.000000E+0
160.0   	137     	3.703088E-2 	1.712707E-4	1.70E+1    	160.00    	8649.01	24.4 	35.2 	0.000000E+0	0.000000E+0	0.000000E+0	0.000000E+0	0.000000E+0	0.000000E+0	0.000000E+0	0.000000E+0
160.0   	138     	3.710623E-2 	2.367595E-4	1.68E+1    	160.00    	8650.95	24.4 	35.2 	0.000000E+0	0.000000E+0	0.000000E+0	0.000000E+0	0.000000E+0	0.000000E+0	0.000000E+0	0.000000E+0
160.0   	139     	3.516879E-2 	3.454575E-5	1.81E+1    	160.00    	8652.90	24.4 	35.2 	0.000000E+0	0.000000E+0	0.000000E+0	0.000000E+0	0.000000E+0	0.000000E+0	0.000000E+0	0.000000E+0
160.0   	140     	3.428334E-2 	9.141569E-5	1.42E+1    	160.00    	8654.85	24.4 	35.2 	0.000000E+0	0.000000E+0	0.000000E+0	0.000000E+0	0.000000E+0	0.000000E+0	0.000000E+0	0.000000E+0
160.0   	141     	3.404843E-2 	1.458712E-4	2.00E+1    	160.00    	8656.79	24.4 	35.2 	0.000000E+0	0.000000E+0	0.000000E+0	0.000000E+0	0.000000E+0	0.000000E+0	0.000000E+0	0.000000E+0
160.0   	142     	3.396137E-2 	5.648795E-5	1.86E+1    	160.00    	8658.74	24.4 	35.2 	0.000000E+0	0.000000E+0	0.000000E+0	0.000000E+0	0.000000E+0	0.000000E+0	0.000000E+0	0.000000E+0
160.0   	143     	3.526532E-2 	9.229185E-5	1.50E+1    	160.00    	8660.68	24.4 	35.2 	0.000000E+0	0.000000E+0	0.000000E+0	0.000000E+0	0.000000E+0	0.000000E+0	0.000000E+0	0.000000E+0
160.0   	144     	1.327452E-1 	1.649210E-4	1.57E+1    	160.00    	8662.63	24.4 	35.2 	0.000000E+0	0.000000E+0	0.000000E+0	0.000000E+0	0.000000E+0	0.000000E+0	0.000000E+0	0.000000E+0
160.0   	145     	1.361553E-1 	8.778367E-5	1.74E+1    	160.00    	8664.58	24.4 	35.2 	0.000000E+0	0.000000E+0	0.000000E+0	0.000000E+0	0.000000E+0	0.000000E+0	0.000000E+0	0.000000E+0
160.0   	146     	3.855362E-2 	2.683267E-4	1.65E+1    	160.00    	8666.53	24.4 	35.2 	0.000000E+0	0.000000E+0	0.000000E+0	0.000000E+0	0.000000E+0	0.000000E+0	0.000000E+0	0.000000E+0
160.0   	147     	3.751558E-2 	1.816257E-4	1.81E+1    	160.00    	8668.47	24.4 	35.2 	0.000000E+0	0.000000E+0	0.000000E+0	0.000000E+0	0.000000E+0	0.000000E+0	0.000000E+0	0.000000E+0
160.0   	148     	3.891673E-2 	1.137562E-4	1.40E+1    	160.00    	8670.42	24.4 	35.2 	0.000000E+0	0.000000E+0	0.000000E+0	0.000000E+0	0.000000E+0	0.000000E+0	0.000000E+0	0.000000E+0
160.0   	149     	3.690173E-2 	1.643911E-4	1.76E+1    	160.00    	8672.36	24.4 	35.2 	0.000000E+0	0.000000E+0	0.000000E+0	0.000000E+0	0.000000E+0	0.000000E+0	0.000000E+0	0.000000E+0
160.0   	150     	2.995317E-1 	6.276260E-5	1.62E+1    	160.00    	8674.30	24.4 	35.2 	0.000000E+0	0.000000E+0	0.000000E+0	0.000000E+0	0.000000E+0	0.000000E+0	0.000000E+0	0.000000E+0
160.0   	151     	3.638412E-2 	1.565740E-4	1.92E+1    	160.00    	8676.23	24.4 	35.2 	0.000000E+0	0.000000E+0	0.000000E+0	0.000000E+0	0.000000E+0	0.000000E+0	0.000000E+0	0.000000E+0
160.0   	152     	3.624578E-2 	1.499120E-4	1.85E+1    	160.00    	8678.18	24.4 	35.2 	0.000000E+0	0.000000E+0	0.000000E+0	0.000000E+0	0.000000E+0	0.000000E+0	0.000000E+0	0.000000E+0
160.0   	153     	3.607578E-2 	9.245550E-4	1.57E+1    	160.00    	8680.13	24.4 	35.2 	0.000000E+0	0.000000E+0	0.000000E+0	0.000000E+0	0.000000E+0	0.000000E+0	0.000000E+0	0.000000E+0
160.0   	154     	3.599349E-2 	3.853574E-4	1.65E+1    	160.00    	8682.08	24.4 	35.2 	0.000000E+0	0.000000E+0	0.000000E+0	0.000000E+0	0.000000E+0	0.000000E+0	0.000000E+0	0.000000E+0
160.0   	155     	2.694782E-1 	3.073609E-4	2.03E+1    	160.00    	8684.03	24.4 	35.2 	0.000000E+0	0.000000E+0	0.000000E+0	0.000000E+0	0.000000E+0	0.000000E+0	0.000000E+0	0.000000E+0
160.0   	156     	3.348397E-2 	2.916129E-4	1.45E+1    	160.00    	8685.98	24.4 	35.2 	0.000000E+0	0.000000E+0	0.000000E+0	0.000000E+0	0.000000E+0	0.000000E+0	0.000000E+0	0.000000E+0
160.0   	157     	3.295624E-2 	1.583427E-4	1.73E+1    	160.00    	8687.90	24.4 	35.2 	0.000000E+0	0.000000E+0	0.000000E+0	0.000000E+0	0.000000E+0	0.000000E+0	0.000000E+0	0.000000E+0
160.0   	158     	3.305818E-2 	8.171527E-5	1.82E+1    	160.00    	8689.86	24.4 	35.2 	0.000000E+0	0.000000E+0	0.000000E+0	0.000000E+0	0.000000E+0	0.000000E+0	0.000000E+0	0.000000E+0
160.0   	159     	7.529451E-2 	1.533705E-4	1.60E+1    	160.00    	8691.81	24.4 	35.2 	0.000000E+0	0.000000E+0	0.000000E+0	0.000000E+0	0.000000E+0	0.000000E+0	0.000000E+0	0.000000E+0
160.0   	160     	1.327331E-1 	1.073514E-4	1.74E+1    	160.00    	8693.76	24.4 	35.2 	0.000000E+0	0.000000E+0	0.000000E+0	0.000000E+0	0.000000E+0	0.000000E+0	0.000000E+0	0.000000E+0
160.0   	161     	1.386939E-1 	2.006931E-4	1.86E+1    	160.00    	8695.71	24.4 	35.2 	0.000000E+0	0.000000E+0	0.000000E+0	0.000000E+0	0.000000E+0	0.000000E+0	0.000000E+0	0.000000E+0
160.0   	162     	4.015678E-2 	1.560635E-4	1.77E+1    	160.00    	8697.66	24.4 	35.2 	0.000000E+0	0.000000E+0	0.000000E+0	0.000000E+0	0.000000E+0	0.000000E+0	0.000000E+0	0.000000E+0
160.0   	163     	5.163962E-2 	5.648404E-5	1.73E+1    	160.00    	8699.60	24.4 	35.2 	0.000000E+0	0.000000E+0	0.000000E+0	0.000000E+0	0.000000E+0	0.000000E+0	0.000000E+0	0.000000E+0
160.0   	164     	1.582587E-3 	9.977674E-5	1.63E+1    	160.00    	8701.55	24.4 	35.2 	0.000000E+0	0.000000E+0	0.000000E+0	0.000000E+0	0.000000E+0	0.000000E+0	0.000000E+0	0.000000E+0
160.0   	165     	4.016721E-2 	1.237864E-4	1.40E+1    	160.00    	8703.50	24.4 	35.2 	0.000000E+0	0.000000E+0	0.000000E+0	0.000000E+0	0.000000E+0	0.000000E+0	0.000000E+0	0.000000E+0
160.0   	166     	3.847351E-2 	1.516700E-4	1.78E+1    	160.00    	8705.45	24.4 	35.2 	0.000000E+0	0.000000E+0	0.000000E+0	0.000000E+0	0.000000E+0	0.000000E+0	0.000000E+0	0.000000E+0
160.0   	167     	3.751462E-2 	6.250258E-5	1.56E+1    	160.00    	8707.40	24.4 	35.2 	0.000000E+0	0.000000E+0	0.000000E+0	0.000000E+0	0.000000E+0	0.000000E+0	0.000000E+0	0.000000E+0
160.0   	168     	7.103018E-2 	7.579519E-5	1.96E+1    	160.00    	8709.35	24.4 	35.2 	0.000000E+0	0.000000E+0	0.000000E+0	0.000000E+0	0.000000E+0	0.000000E+0	0.000000E+0	0.000000E+0
160.0   	169     	3.503203E-2 	9.925000E-6	1.94E+1    	160.00    	8711.27	24.4 	35.2 	0.000000E+0	0.000000E+0	0.000000E+0	0.000000E+0	0.000000E+0	0.000000E+0	0.000000E+0	0.000000E+0
160.0   	170     	3.423202E-2 	6.152640E-5	1.74E+1    	160.00    	8713.22	24.4 	35.2 	0.000000E+0	0.000000E+0	0.000000E+0	0.000000E+0	0.000000E+0	0.000000E+0	0.000000E+0	0.000000E+0
160.0   	171     	1.951195E-1 	4.969671E-5	1.45E+1    	160.00    	8715.18	24.4 	35.2 	0.000000E+0	0.000000E+0	0.000000E+0	0.000000E+0	0.000000E+0	0.000000E+0	0.000000E+0	0.000000E+0
160.0   	172     	3.259153E-2 	2.042808E-5	1.43E+1    	160.00    	8717.13	24.4 	35.2 	0.000000E+0	0.000000E+0	0.000000E+0	0.000000E+0	0.000000E+0	0.000000E+0	0.000000E+0	0.000000E+0
160.0   	173     	3.206318E-2 	6.323064E-5	1.63E+1    	160.00    	8719.08	24.4 	35.2 	0.000000E+0	0.000000E+0	0.000000E+0	0.000000E+0	0.000000E+0	0.000000E+0	0.000000E+0	0.000000E+0
160.0   	174     	3.196029E-2 	9.814402E-5	1.57E+1    	160.00    	8721.03	24.5 	35.2 	0.000000E+0	0.000000E+0	0.000000E+0	0.000000E+0	0.000000E+0	0.000000E+0	0.000000E+0	0.000000E+0
160.0   	175     	1.461256E-1 	1.255039E-4	1.43E+1    	160.00    	8722.98	24.5 	35.2 	0.000000E+0	0.000000E+0	0.000000E+0	0.000000E+0	0.000000E+0	0.000000E+0	0.000000E+0	0.000000E+0
160.0   	176     	1.332830E-1 	2.785702E-5	1.67E+1    	160.00    	8724.91	24.4 	35.2 	0.000000E+0	0.000000E+0	0.000000E+0	0.000000E+0	0.000000E+0	0.000000E+0	0.000000E+0	0.000000E+0
160.0   	177     	2.590916E-1 	1.382688E-4	1.72E+1    	160.00    	8726.87	24.5 	35.2 	0.000000E+0	0.000000E+0	0.000000E+0	0.000000E+0	0.000000E+0	0.000000E+0	0.000000E+0	0.000000E+0
160.0   	178     	4.185677E-2 	1.557564E-4	1.46E+1    	160.00    	8728.80	24.5 	35.2 	0.000000E+0	0.000000E+0	0.000000E+0	0.000000E+0	0.000000E+0	0.000000E+0	0.000000E+0	0.000000E+0
160.0   	179     	4.519286E-2 	9.474256E-5	1.50E+1    	160.00    	8730.75	24.4 	35.2 	0.000000E+0	0.000000E+0	0.000000E+0	0.000000E+0	0.000000E+0	0.000000E+0	0.000000E+0	0.000000E+0
160.0   	180     	5.349506E-2 	6.812622E-5	1.89E+1    	160.00    	8732.68	24.4 	35.2 	0.000000E+0	0.000000E+0	0.000000E+0	0.000000E+0	0.000000E+0	0.000000E+0	0.000000E+0	0.000000E+0
160.0   	181     	4.030808E-2 	1.707842E-4	1.80E+1    	160.00    	8734.63	24.5 	35.2 	0.000000E+0	0.000000E+0	0.000000E+0	0.000000E+0	0.000000E+0	0.000000E+0	0.000000E+0	0.000000E+0
160.0   	182     	3.950050E-2 	9.010711E-5	1.91E+1    	160.00    	8736.58	24.5 	35.2 	0.000000E+0	0.000000E+0	0.000000E+0	0.000000E+0	0.000000E+0	0.000000E+0	0.000000E+0	0.000000E+0
160.0   	183     	3.821994E-2 	6.705077E-5	1.63E+1    	160.00    	8738.52	24.5 	35.2 	0.000000E+0	0.000000E+0	0.000000E+0	0.000000E+0	0.000000E+0	0.000000E+0	0.000000E+0	0.000000E+0
160.0   	184     	3.599853E-2 	5.747217E-5	1.47E+1    	160.00    	8740.47	24.5 	35.2 	0.000000E+0	0.000000E+0	0.000000E+0	0.000000E+0	0.000000E+0	0.000000E+0	0.000000E+0	0.000000E+0
160.0   	185     	1.849618E-1 	7.336009E-5	1.75E+1    	160.00    	8742.43	24.5 	35.2 	0.000000E+0	0.000000E+0	0.000000E+0	0.000000E+0	0.000000E+0	0.000000E+0	0.000000E+0	0.000000E+0
160.0   	186     	3.275711E-2 	1.396468E-4	1.98E+1    	160.00    	8744.38	24.5 	35.2 	0.000000E+0	0.000000E+0	0.000000E+0	0.000000E+0	0.000000E+0	0.000000E+0	0.000000E+0	0.000000E+0
160.0   	187     	6.732438E-2 	1.547226E-4	1.38E+1    	160.00    	8746.33	24.5 	35.2 	0.000000E+0	0.000000E+0	0.000000E+0	0.000000E+0	0.000000E+0	0.000000E+0	0.000000E+0	0.000000E+0
160.0   	188     	3.239653E-2 	5.926388E-5	1.77E+1    	160.00    	8748.27	24.5 	35.2 	0.000000E+0	0.000000E+0	0.000000E+0	0.000000E+0	0.000000E+0	0.000000E+0	0.000000E+0	0.000000E+0
160.0   	189     	3.157278E-2 	4.853303E-5	1.77E+1    	160.00    	8750.22	24.5 	35.2 	0.000000E+0	0.000000E+0	0.000000E+0	0.000000E+0	0.000000E+0	0.000000E+0	0.000000E+0	0.000000E+0
160.0   	190     	3.140121E-2 	7.554760E-5	1.70E+1    	160.00    	8752.16	24.5 	35.2 	0.000000E+0	0.000000E+0	0.000000E+0	0.000000E+0	0.000000E+0	0.000000E+0	0.000000E+0	0.000000E+0
160.0   	191     	4.407503E-2 	1.712376E-4	1.85E+1    	160.00    	8754.11	24.5 	35.2 	0.000000E+0	0.000000E+0	0.000000E+0	0.000000E+0	0.000000E+0	0.000000E+0	0.000000E+0	0.000000E+0
160.0   	192     	1.314507E-1 	1.268522E-4	1.84E+1    	160.00    	8756.07	24.5 	35.2 	0.000000E+0	0.000000E+0	0.000000E+0	0.000000E+0	0.000000E+0	0.000000E+0	0.000000E+0	0.000000E+0
160.0   	193     	1.410227E-1 	1.206101E-4	1.72E+1    	160.00    	8758.01	24.5 	35.2 	0.000000E+0	0.000000E+0	0.000000E+0	0.000000E+0	0.000000E+0	0.000000E+0	0.000000E+0	0.000000E+0
160.0   	194     	7.176495E-2 	1.781398E-4	1.42E+1    	160.00    	8759.96	24.5 	35.2 	0.000000E+0	0.000000E+0	0.000000E+0	0.000000E+0	0.000000E+0	0.000000E+0	0.000000E+0	0.000000E+0
160.0   	195     	4.190044E-2 	1.493413E-4	1.92E+1    	160.00    	8761.88	24.5 	35.2 	0.000000E+0	0.000000E+0	0.000000E+0	0.000000E+0	0.000000E+0	0.000000E+0	0.000000E+0	0.000000E+0
160.0   	196     	4.046256E-2 	1.365289E-4	1.49E+1    	160.00    	8763.83	24.5 	35.2 	0.000000E+0	0.000000E+0	0.000000E+0	0.000000E+0	0.000000E+0	0.000000E+0	0.000000E+0	0.000000E+0
160.0   	197     	3.992820E-2 	8.172318E-5	1.58E+1    	160.00    	8765.79	24.5 	35.2 	0.000000E+0	0.000000E+0	0.000000E+0	0.000000E+0	0.000000E+0	0.000000E+0	0.000000E+0	0.000000E+0
160.0   	198     	6.291795E-2 	5.491011E-5	1.73E+1    	160.00    	8767.74	24.5 	35.2 	0.000000E+0	0.000000E+0	0.000000E+0	0.000000E+0	0.000000E+0	0.000000E+0	0.000000E+0	0.000000E+0
160.0   	199     	3.780302E-2 	1.355128E-4	1.83E+1    	160.00    	8769.69	24.5 	35.2 	0.000000E+0	0.000000E+0	0.000000E+0	0.000000E+0	0.000000E+0	0.000000E+0	0.000000E+0	0.000000E+0
160.0   	200     	3.544928E-2 	1.006939E-4	1.48E+1    	160.00    	8771.63	24.5 	35.2 	0.000000E+0	0.000000E+0	0.000000E+0	0.000000E+0	0.000000E+0	0.000000E+0	0.000000E+0	0.000000E+0
160.0   	201     	2.166461E-1 	1.244619E-4	1.80E+1    	160.00    	8773.58	24.5 	35.2 	0.000000E+0	0.000000E+0	0.000000E+0	0.000000E+0	0.000000E+0	0.000000E+0	0.000000E+0	0.000000E+0
160.0   	202     	7.731808E-2 	1.666285E-4	1.67E+1    	160.00    	8775.53	24.5 	35.2 	0.000000E+0	0.000000E+0	0.000000E+0	0.000000E+0	0.000000E+0	0.000000E+0	0.000000E+0	0.000000E+0
160.0   	203     	3.312148E-2 	8.001127E-5	1.96E+1    	160.00    	8777.48	24.5 	35.2 	0.000000E+0	0.000000E+0	0.000000E+0	0.000000E+0	0.000000E+0	0.000000E+0	0.000000E+0	0.000000E+0
160.0   	204     	3.111440E-2 	2.899843E-4	1.55E+1    	160.00    	8779.43	24.5 	35.2 	0.000000E+0	0.000000E+0	0.000000E+0	0.000000E+0	0.000000E+0	0.000000E+0	0.000000E+0	0.000000E+0
160.0   	205     	3.105456E-2 	2.087525E-4	1.51E+1    	160.00    	8781.38	24.5 	35.2 	0.000000E+0	0.000000E+0	0.000000E+0	0.000000E+0	0.000000E+0	0.000000E+0	0.000000E+0	0.000000E+0
160.0   	206     	3.117897E-2 	1.635928E-4	1.70E+1    	160.00    	8783.32	24.5 	35.1 	0.000000E+0	0.000000E+0	0.000000E+0	0.000000E+0	0.000000E+0	0.000000E+0	0.000000E+0	0.000000E+0
160.0   	207     	3.265422E-2 	6.593604E-5	1.83E+1    	160.00    	8785.25	24.5 	35.1 	0.000000E+0	0.000000E+0	0.000000E+0	0.000000E+0	0.000000E+0	0.000000E+0	0.000000E+0	0.000000E+0
160.0   	208     	1.374352E-1 	1.794181E-4	1.72E+1    	160.00    	8787.20	24.5 	35.1 	0.000000E+0	0.000000E+0	0.000000E+0	0.000000E+0	0.000000E+0	0.000000E+0	0.000000E+0	0.000000E+0
160.0   	209     	1.458017E-1 	4.746198E-5	1.72E+1    	160.00    	8789.15	24.5 	35.1 	0.000000E+0	0.000000E+0	0.000000E+0	0.000000E+0	0.000000E+0	0.000000E+0	0.000000E+0	0.000000E+0
160.0   	210     	4.404652E-2 	2.490338E-4	1.54E+1    	160.00    	8791.08	24.5 	35.2 	0.000000E+0	0.000000E+0	0.000000E+0	0.000000E+0	0.000000E+0	0.000000E+0	0.000000E+0	0.000000E+0
160.0   	211     	4.236581E-2 	7.932376E-5	1.66E+1    	160.00    	8793.03	24.5 	35.2 	0.000000E+0	0.000000E+0	0.000000E+0	0.000000E+0	0.000000E+0	0.000000E+0	0.000000E+0	0.000000E+0
160.0   	212     	2.232746E-1 	1.703921E-4	1.87E+1    	160.00    	8794.98	24.5 	35.1 	0.000000E+0	0.000000E+0	0.000000E+0	0.000000E+0	0.000000E+0	0.000000E+0	0.000000E+0	0.000000E+0
160.0   	213     	3.913484E-2 	1.774905E-4	1.76E+1    	160.00    	8796.92	24.5 	35.1 	0.000000E+0	0.000000E+0	0.000000E+0	0.000000E+0	0.000000E+0	0.000000E+0	0.000000E+0	0.000000E+0
160.0   	214     	3.813509E-2 	5.990841E-5	1.81E+1    	160.00    	8798.87	24.5 	35.2 	0.000000E+0	0.000000E+0	0.000000E+0	0.000000E+0	0.000000E+0	0.000000E+0	0.000000E+0	0.000000E+0
160.0   	215     	3.614351E-2 	1.807632E-4	1.66E+1    	160.00    	8800.82	24.5 	35.2 	0.000000E+0	0.000000E+0	0.000000E+0	0.000000E+0	0.000000E+0	0.000000E+0	0.000000E+0	0.000000E+0
160.0   	216     	3.444858E-2 	9.782055E-5	1.90E+1    	160.00    	8802.77	24.5 	35.1 	0.000000E+0	0.000000E+0	0.000000E+0	0.000000E+0	0.000000E+0	0.000000E+0	0.000000E+0	0.000000E+0
160.0   	217     	3.299488E-2 	7.795462E-5	1.61E+1    	160.00    	8804.71	24.5 	35.1 	0.000000E+0	0.000000E+0	0.000000E+0	0.000000E+0	0.000000E+0	0.000000E+0	0.000000E+0	0.000000E+0
160.0   	218     	3.196757E-2 	4.635442E-5	1.56E+1    	160.00    	8806.66	24.5 	35.1 	0.000000E+0	0.000000E+0	0.000000E+0	0.000000E+0	0.000000E+0	0.000000E+0	0.000000E+0	0.000000E+0
160.0   	219     	3.105203E-2 	1.969240E-4	1.68E+1    	160.00    	8808.61	24.5 	35.1 	0.000000E+0	0.000000E+0	0.000000E+0	0.000000E+0	0.000000E+0	0.000000E+0	0.000000E+0	0.000000E+0
160.0   	220     	3.068924E-2 	1.538925E-4	1.80E+1    	160.00    	8810.56	24.5 	35.1 	0.000000E+0	0.000000E+0	0.000000E+0	0.000000E+0	0.000000E+0	0.000000E+0	0.000000E+0	0.000000E+0
160.0   	221     	8.705022E-2 	1.394304E-4	1.79E+1    	160.00    	8812.50	24.5 	35.1 	0.000000E+0	0.000000E+0	0.000000E+0	0.000000E+0	0.000000E+0	0.000000E+0	0.000000E+0	0.000000E+0
160.0   	222     	3.158674E-2 	1.943818E-4	1.85E+1    	160.00    	8814.43	24.5 	35.1 	0.000000E+0	0.000000E+0	0.000000E+0	0.000000E+0	0.000000E+0	0.000000E+0	0.000000E+0	0.000000E+0
160.0   	223     	3.449319E-2 	6.864978E-5	1.58E+1    	160.00    	8816.38	24.5 	35.1 	0.000000E+0	0.000000E+0	0.000000E+0	0.000000E+0	0.000000E+0	0.000000E+0	0.000000E+0	0.000000E+0
160.0   	224     	1.426765E-1 	4.495401E-5	1.79E+1    	160.00    	8818.33	24.5 	35.1 	0.000000E+0	0.000000E+0	0.000000E+0	0.000000E+0	0.000000E+0	0.000000E+0	0.000000E+0	0.000000E+0
160.0   	225     	1.549346E-1 	2.155239E-4	1.45E+1    	160.00    	8820.27	24.5 	35.1 	0.000000E+0	0.000000E+0	0.000000E+0	0.000000E+0	0.000000E+0	0.000000E+0	0.000000E+0	0.000000E+0
160.0   	226     	4.508869E-2 	5.571595E-5	1.81E+1    	160.00    	8822.22	24.5 	35.1 	0.000000E+0	0.000000E+0	0.000000E+0	0.000000E+0	0.000000E+0	0.000000E+0	0.000000E+0	0.000000E+0
160.0   	227     	4.242597E-2 	1.693061E-4	1.59E+1    	160.00    	8824.17	24.5 	35.1 	0.000000E+0	0.000000E+0	0.000000E+0	0.000000E+0	0.000000E+0	0.000000E+0	0.000000E+0	0.000000E+0
160.0   	228     	3.998990E-2 	4.707046E-5	1.61E+1    	160.00    	8826.11	24.5 	35.1 	0.000000E+0	0.000000E+0	0.000000E+0	0.000000E+0	0.000000E+0	0.000000E+0	0.000000E+0	0.000000E+0
160.0   	229     	7.818103E-2 	5.890155E-5	1.55E+1    	160.00    	8828.05	24.5 	35.1 	0.000000E+0	0.000000E+0	0.000000E+0	0.000000E+0	0.000000E+0	0.000000E+0	0.000000E+0	0.000000E+0
160.0   	230     	6.316234E-2 	1.561601E-4	1.71E+1    	160.00    	8830.00	24.5 	35.1 	0.000000E+0	0.000000E+0	0.000000E+0	0.000000E+0	0.000000E+0	0.000000E+0	0.000000E+0	0.000000E+0
160.0   	231     	3.545783E-2 	1.146161E-4	1.76E+1    	160.00    	8831.96	24.5 	35.1 	0.000000E+0	0.000000E+0	0.000000E+0	0.000000E+0	0.000000E+0	0.000000E+0	0.000000E+0	0.000000E+0
160.0   	232     	3.427732E-2 	9.431236E-5	1.67E+1    	160.00    	8833.89	24.5 	35.1 	0.000000E+0	0.000000E+0	0.000000E+0	0.000000E+0	0.000000E+0	0.000000E+0	0.000000E+0	0.000000E+0
160.0   	233     	3.329624E-2 	2.169121E-4	1.97E+1    	160.00    	8835.82	24.5 	35.1 	0.000000E+0	0.000000E+0	0.000000E+0	0.000000E+0	0.000000E+0	0.000000E+0	0.000000E+0	0.000000E+0
160.0   	234     	4.946695E-2 	1.227852E-4	1.82E+1    	160.00    	8837.76	24.5 	35.1 	0.000000E+0	0.000000E+0	0.000000E+0	0.000000E+0	0.000000E+0	0.000000E+0	0.000000E+0	0.000000E+0
160.0   	235     	3.096210E-2 	9.188261E-5	1.96E+1    	160.00    	8839.68	24.5 	35.1 	0.000000E+0	0.000000E+0	0.000000E+0	0.000000E+0	0.000000E+0	0.000000E+0	0.000000E+0	0.000000E+0
160.0   	236     	3.089595E-2 	1.057156E-4	1.46E+1    	160.00    	8841.63	24.5 	35.1 	0.000000E+0	0.000000E+0	0.000000E+0	0.000000E+0	0.000000E+0	0.000000E+0	0.000000E+0	0.000000E+0
160.0   	237     	3.117550E-2 	1.011627E-4	2.00E+1    	160.00    	8843.58	24.5 	35.1 	0.000000E+0	0.000000E+0	0.000000E+0	0.000000E+0	0.000000E+0	0.000000E+0	0.000000E+0	0.000000E+0
160.0   	238     	2.374632E-1 	2.277756E-4	1.84E+1    	160.00    	8845.52	24.5 	35.1 	0.000000E+0	0.000000E+0	0.000000E+0	0.000000E+0	0.000000E+0	0.000000E+0	0.000000E+0	0.000000E+0
160.0   	239     	5.670292E-2 	5.703117E-5	1.63E+1    	160.00    	8847.46	24.5 	35.1 	0.000000E+0	0.000000E+0	0.000000E+0	0.000000E+0	0.000000E+0	0.000000E+0	0.000000E+0	0.000000E+0
160.0   	240     	1.628173E-1 	7.822973E-5	1.56E+1    	160.00    	8849.40	24.5 	35.1 	0.000000E+0	0.000000E+0	0.000000E+0	0.000000E+0	0.000000E+0	0.000000E+0	0.000000E+0	0.000000E+0
160.0   	241     	2.872587E-1 	1.115542E-4	1.60E+1    	160.00    	8851.35	24.5 	35.1 	0.000000E+0	0.000000E+0	0.000000E+0	0.000000E+0	0.000000E+0	0.000000E+0	0.000000E+0	0.000000E+0
160.0   	242     	1.512870E-1 	9.040846E-5	1.60E+1    	160.00    	8853.30	24.5 	35.1 	0.000000E+0	0.000000E+0	0.000000E+0	0.000000E+0	0.000000E+0	0.000000E+0	0.000000E+0	0.000000E+0
160.0   	243     	1.411955E-1 	3.106997E-5	1.63E+1    	160.00    	8855.25	24.5 	35.1 	0.000000E+0	0.000000E+0	0.000000E+0	0.000000E+0	0.000000E+0	0.000000E+0	0.000000E+0	0.000000E+0
160.0   	244     	1.368088E-1 	2.484572E-5	1.96E+1    	160.00    	8857.19	24.5 	35.1 	0.000000E+0	0.000000E+0	0.000000E+0	0.000000E+0	0.000000E+0	0.000000E+0	0.000000E+0	0.000000E+0
160.0   	245     	1.336901E-1 	1.441657E-4	1.52E+1    	160.00    	8859.14	24.5 	35.1 	0.000000E+0	0.000000E+0	0.000000E+0	0.000000E+0	0.000000E+0	0.000000E+0	0.000000E+0	0.000000E+0
160.0   	246     	1.313817E-1 	1.107789E-4	1.55E+1    	160.00    	8861.09	24.5 	35.1 	0.000000E+0	0.000000E+0	0.000000E+0	0.000000E+0	0.000000E+0	0.000000E+0	0.000000E+0	0.000000E+0
160.0   	247     	1.305994E-1 	4.652143E-5	1.54E+1    	160.00    	8863.03	24.5 	35.1 	0.000000E+0	0.000000E+0	0.000000E+0	0.000000E+0	0.000000E+0	0.000000E+0	0.000000E+0	0.000000E+0
160.0   	248     	1.938539E-1 	2.911237E-5	1.68E+1    	160.00    	8864.98	24.5 	35.1 	0.000000E+0	0.000000E+0	0.000000E+0	0.000000E+0	0.000000E+0	0.000000E+0	0.000000E+0	0.000000E+0
160.0   	249     	3.682133E-1 	9.696568E-5	1.38E+1    	160.00    	8866.92	24.5 	35.1 	0.000000E+0	0.000000E+0	0.000000E+0	0.000000E+0	0.000000E+0	0.000000E+0	0.000000E+0	0.000000E+0
160.0   	250     	1.269306E-1 	7.805443E-5	1.67E+1    	160.00    	8868.85	24.5 	35.1 	0.000000E+0	0.000000E+0	0.000000E+0	0.000000E+0	0.000000E+0	0.000000E+0	0.000000E+0	0.000000E+0
160.0   	251     	1.255165E-1 	6.598192E-5	1.68E+1    	160.00    	8870.79	24.5 	35.1 	0.000000E+0	0.000000E+0	0.000000E+0	0.000000E+0	0.000000E+0	0.000000E+0	0.000000E+0	0.000000E+0
160.0   	252     	1.577192E-1 	9.555571E-5	1.52E+1    	160.00    	8872.72	24.5 	35.1 	0.000000E+0	0.000000E+0	0.000000E+0	0.000000E+0	0.000000E+0	0.000000E+0	0.000000E+0	0.000000E+0
160.0   	253     	1.958996E-1 	1.326482E-4	1.55E+1    	160.00    	8874.67	24.5 	35.1 	0.000000E+0	0.000000E+0	0.000000E+0	0.000000E+0	0.000000E+0	0.000000E+0	0.000000E+0	0.000000E+0
160.0   	254     	6.255214E-1 	1.559268E-4	1.63E+1    	160.00    	8876.62	24.5 	35.1 	0.000000E+0	0.000000E+0	0.000000E+0	0.000000E+0	0.000000E+0	0.000000E+0	0.000000E+0	0.000000E+0
160.0   	255     	1.544500E-1 	3.833054E-5	1.48E+1    	160.00    	8878.55	24.5 	35.1 	0.000000E+0	0.000000E+0	0.000000E+0	0.000000E+0	0.000000E+0	0.000000E+0	0.000000E+0	0.000000E+0
160.0   	256     	3.335828E-1 	1.319170E-4	1.99E+1    	160.00    	8880.50	24.5 	35.1 	0.000000E+0	0.000000E+0	0.000000E+0	0.000000E+0	0.000000E+0	0.000000E+0	0.000000E+0	0.000000E+0
160.0   	257     	3.239863E-3 	2.004179E-4	1.97E+1    	160.00    	8882.42	24.5 	35.1 	0.000000E+0	0.000000E+0	0.000000E+0	0.000000E+0	0.000000E+0	0.000000E+0	0.000000E+0	0.000000E+0
160.0   	258     	2.025159E-3 	1.505342E-4	1.55E+1    	160.00    	8884.35	24.5 	35.1 	0.000000E+0	0.000000E+0	0.000000E+0	0.000000E+0	0.000000E+0	0.000000E+0	0.000000E+0	0.000000E+0
160.0   	259     	1.701619E-3 	1.080096E-5	1.89E+1    	160.00    	8886.29	24.5 	35.1 	0.000000E+0	0.000000E+0	0.000000E+0	0.000000E+0	0.000000E+0	0.000000E+0	0.000000E+0	0.000000E+0
160.0   	260     	2.154640E-3 	1.938809E-4	1.55E+1    	160.00    	8888.24	24.5 	35.1 	0.000000E+0	0.000000E+0	0.000000E+0	0.000000E+0	0.000000E+0	0.000000E+0	0.000000E+0	0.000000E+0
160.0   	261     	2.727326E-3 	6.758650E-5	1.64E+1    	160.00    	8890.19	24.5 	35.1 	0.000000E+0	0.000000E+0	0.000000E+0	0.000000E+0	0.000000E+0	0.000000E+0	0.000000E+0	0.000000E+0
160.0   	262     	1.797542E-3 	9.039094E-5	1.57E+1    	160.00    	8892.14	24.5 	35.1 	0.000000E+0	0.000000E+0	0.000000E+0	0.000000E+0	0.000000E+0	0.000000E+0	0.000000E+0	0.000000E+0
160.0   	263     	1.493945E-3 	1.107177E-4	1.65E+1    	160.00    	8894.08	24.5 	35.1 	0.000000E+0	0.000000E+0	0.000000E+0	0.000000E+0	0.000000E+0	0.000000E+0	0.000000E+0	0.000000E+0
160.0   	264     	-1.372462E-3	1.723317E-5	1.97E+1    	160.00    	8896.03	24.5 	35.1 	0.000000E+0	0.000000E+0	0.000000E+0	0.000000E+0	0.000000E+0	0.000000E+0	0.000000E+0	0.000000E+0
180.0   	1       	3.022009E-1 	1.743406E-4	4.42E+1    	180.00    	8915.45	24.5 	35.1 	0.000000E+0	0.000000E+0	0.000000E+0	0.000000E+0	0.000000E+0	0.000000E+0	0.000000E+0	0.000000E+0
180.0   	2       	2.682448E-1 	9.125165E-5	1.99E+1    	180.00    	8917.25	24.5 	35.1 	0.000000E+0	0.000000E+0	0.000000E+0	0.000000E+0	0.000000E+0	0.000000E+0	0.000000E+0	0.000000E+0
180.0   	3       	3.129061E-3 	3.680907E-5	1.88E+1    	180.00    	8919.18	24.5 	35.1 	0.000000E+0	0.000000E+0	0.000000E+0	0.000000E+0	0.000000E+0	0.000000E+0	0.000000E+0	0.000000E+0
180.0   	4       	1.996991E-1 	1.190525E-4	1.62E+1    	180.00    	8921.11	24.5 	35.1 	0.000000E+0	0.000000E+0	0.000000E+0	0.000000E+0	0.000000E+0	0.000000E+0	0.000000E+0	0.000000E+0
180.0   	5       	1.626397E-1 	2.926044E-5	1.82E+1    	180.00    	8923.06	24.5 	35.1 	0.000000E+0	0.000000E+0	0.000000E+0	0.000000E+0	0.000000E+0	0.000000E+0	0.000000E+0	0.000000E+0
180.0   	6       	1.548023E-1 	5.245884E-5	1.82E+1    	180.00    	8924.99	24.5 	35.1 	0.000000E+0	0.000000E+0	0.000000E+0	0.000000E+0	0.000000E+0	0.000000E+0	0.000000E+0	0.000000E+0
180.0   	7       	1.516583E-1 	1.288583E-4	1.71E+1    	180.00    	8926.93	24.5 	35.1 	0.000000E+0	0.000000E+0	0.000000E+0	0.000000E+0	0.000000E+0	0.000000E+0	0.000000E+0	0.000000E+0
180.0   	8       	1.498105E-1 	8.494906E-5	1.73E+1    	180.00    	8928.87	24.5 	35.1 	0.000000E+0	0.000000E+0	0.000000E+0	0.000000E+0	0.000000E+0	0.000000E+0	0.000000E+0	0.000000E+0
180.0   	9       	1.798694E-1 	1.122048E-2	1.60E+1    	180.00    	8930.81	24.5 	35.1 	0.000000E+0	0.000000E+0	0.000000E+0	0.000000E+0	0.000000E+0	0.000000E+0	0.000000E+0	0.000000E+0
180.0   	10      	1.488652E-1 	3.963111E-3	1.97E+1    	180.00    	8932.75	24.5 	35.1 	0.000000E+0	0.000000E+0	0.000000E+0	0.000000E+0	0.000000E+0	0.000000E+0	0.000000E+0	0.000000E+0
180.0   	11      	1.502109E-1 	2.553126E-3	1.90E+1    	180.00    	8934.71	24.5 	35.1 	0.000000E+0	0.000000E+0	0.000000E+0	0.000000E+0	0.000000E+0	0.000000E+0	0.000000E+0	0.000000E+0
180.0   	12      	1.479743E-1 	1.301631E-4	1.86E+1    	180.00    	8936.64	24.5 	35.1 	0.000000E+0	0.000000E+0	0.000000E+0	0.000000E+0	0.000000E+0	0.000000E+0	0.000000E+0	0.000000E+0
180.0   	13      	1.535092E-1 	9.961548E-5	1.96E+1    	180.00    	8938.59	24.5 	35.1 	0.000000E+0	0.000000E+0	0.000000E+0	0.000000E+0	0.000000E+0	0.000000E+0	0.000000E+0	0.000000E+0
180.0   	14      	1.574425E-1 	9.030000E-5	1.81E+1    	180.00    	8940.54	24.5 	35.1 	0.000000E+0	0.000000E+0	0.000000E+0	0.000000E+0	0.000000E+0	0.000000E+0	0.000000E+0	0.000000E+0
180.0   	15      	1.669366E-1 	1.985528E-4	2.04E+1    	180.00    	8942.47	24.5 	35.1 	0.000000E+0	0.000000E+0	0.000000E+0	0.000000E+0	0.000000E+0	0.000000E+0	0.000000E+0	0.000000E+0
180.0   	16      	2.982175E-1 	9.970542E-5	1.58E+1    	180.00    	8944.41	24.5 	35.1 	0.000000E+0	0.000000E+0	0.000000E+0	0.000000E+0	0.000000E+0	0.000000E+0	0.000000E+0	0.000000E+0
180.0   	17      	1.565529E-1 	1.889400E-4	2.09E+1    	180.00    	8946.34	24.5 	35.1 	0.000000E+0	0.000000E+0	0.000000E+0	0.000000E+0	0.000000E+0	0.000000E+0	0.000000E+0	0.000000E+0
180.0   	18      	4.747725E-2 	1.221821E-4	1.57E+1    	180.00    	8948.28	24.5 	35.1 	0.000000E+0	0.000000E+0	0.000000E+0	0.000000E+0	0.000000E+0	0.000000E+0	0.000000E+0	0.000000E+0
180.0   	19      	8.746901E-2 	1.408641E-4	2.04E+1    	180.00    	8950.22	24.5 	35.1 	0.000000E+0	0.000000E+0	0.000000E+0	0.000000E+0	0.000000E+0	0.000000E+0	0.000000E+0	0.000000E+0
180.0   	20      	4.515673E-2 	1.236402E-4	1.92E+1    	180.00    	8952.16	24.5 	35.1 	0.000000E+0	0.000000E+0	0.000000E+0	0.000000E+0	0.000000E+0	0.000000E+0	0.000000E+0	0.000000E+0
180.0   	21      	4.489682E-2 	7.328566E-5	1.87E+1    	180.00    	8954.11	24.5 	35.1 	0.000000E+0	0.000000E+0	0.000000E+0	0.000000E+0	0.000000E+0	0.000000E+0	0.000000E+0	0.000000E+0
180.0   	22      	4.389677E-2 	5.228419E-5	1.95E+1    	180.00    	8956.06	24.5 	35.1 	0.000000E+0	0.000000E+0	0.000000E+0	0.000000E+0	0.000000E+0	0.000000E+0	0.000000E+0	0.000000E+0
180.0   	23      	4.690644E-2 	1.176304E-4	1.90E+1    	180.00    	8958.00	24.5 	35.1 	0.000000E+0	0.000000E+0	0.000000E+0	0.000000E+0	0.000000E+0	0.000000E+0	0.000000E+0	0.000000E+0
180.0   	24      	7.857324E-2 	2.224860E-4	1.93E+1    	180.00    	8959.93	24.5 	35.1 	0.000000E+0	0.000000E+0	0.000000E+0	0.000000E+0	0.000000E+0	0.000000E+0	0.000000E+0	0.000000E+0
180.0   	25      	1.016000E-1 	6.941441E-3	2.01E+1    	180.00    	8961.87	24.5 	35.1 	0.000000E+0	0.000000E+0	0.000000E+0	0.000000E+0	0.000000E+0	0.000000E+0	0.000000E+0	0.000000E+0
180.0   	26      	4.231452E-2 	1.035923E-4	1.79E+1    	180.00    	8963.80	24.5 	35.1 	0.000000E+0	0.000000E+0	0.000000E+0	0.000000E+0	0.000000E+0	0.000000E+0	0.000000E+0	0.000000E+0
180.0   	27      	1.009586E-1 	1.319785E-4	2.04E+1    	180.00    	8965.74	24.5 	35.1 	0.000000E+0	0.000000E+0	0.000000E+0	0.000000E+0	0.000000E+0	0.000000E+0	0.000000E+0	0.000000E+0
180.0   	28      	4.418072E-2 	6.045708E-5	1.83E+1    	180.00    	8967.67	24.5 	35.1 	0.000000E+0	0.000000E+0	0.000000E+0	0.000000E+0	0.000000E+0	0.000000E+0	0.000000E+0	0.000000E+0
180.0   	29      	4.589371E-2 	3.661008E-5	2.10E+1    	180.00    	8969.62	24.5 	35.1 	0.000000E+0	0.000000E+0	0.000000E+0	0.000000E+0	0.000000E+0	0.000000E+0	0.000000E+0	0.000000E+0
180.0   	30      	2.739468E-1 	1.392055E-4	1.63E+1    	180.00    	8971.57	24.5 	35.1 	0.000000E+0	0.000000E+0	0.000000E+0	0.000000E+0	0.000000E+0	0.000000E+0	0.000000E+0	0.000000E+0
180.0   	31      	1.332811E-1 	8.150646E-5	2.06E+1    	180.00    	8973.52	24.5 	35.1 	0.000000E+0	0.000000E+0	0.000000E+0	0.000000E+0	0.000000E+0	0.000000E+0	0.000000E+0	0.000000E+0
180.0   	32      	1.625251E-1 	2.663361E-4	1.62E+1    	180.00    	8975.47	24.5 	35.1 	0.000000E+0	0.000000E+0	0.000000E+0	0.000000E+0	0.000000E+0	0.000000E+0	0.000000E+0	0.000000E+0
180.0   	33      	1.484567E-1 	9.231784E-5	2.12E+1    	180.00    	8977.40	24.5 	35.1 	0.000000E+0	0.000000E+0	0.000000E+0	0.000000E+0	0.000000E+0	0.000000E+0	0.000000E+0	0.000000E+0
180.0   	34      	8.673549E-2 	7.563487E-5	1.70E+1    	180.00    	8979.35	24.5 	35.1 	0.000000E+0	0.000000E+0	0.000000E+0	0.000000E+0	0.000000E+0	0.000000E+0	0.000000E+0	0.000000E+0
180.0   	35      	4.109792E-2 	8.133535E-5	1.78E+1    	180.00    	8981.27	24.5 	35.1 	0.000000E+0	0.000000E+0	0.000000E+0	0.000000E+0	0.000000E+0	0.000000E+0	0.000000E+0	0.000000E+0
180.0   	36      	1.637606E-1 	1.867504E-4	1.75E+1    	180.00    	8983.20	24.5 	35.1 	0.000000E+0	0.000000E+0	0.000000E+0	0.000000E+0	0.000000E+0	0.000000E+0	0.000000E+0	0.000000E+0
180.0   	37      	4.042994E-2 	3.803903E-5	1.67E+1    	180.00    	8985.14	24.5 	35.1 	0.000000E+0	0.000000E+0	0.000000E+0	0.000000E+0	0.000000E+0	0.000000E+0	0.000000E+0	0.000000E+0
180.0   	38      	3.986896E-2 	2.611523E-5	2.05E+1    	180.00    	8987.09	24.5 	35.1 	0.000000E+0	0.000000E+0	0.000000E+0	0.000000E+0	0.000000E+0	0.000000E+0	0.000000E+0	0.000000E+0
180.0   	39      	4.032926E-2 	8.451171E-5	1.63E+1    	180.00    	8989.03	24.5 	35.1 	0.000000E+0	0.000000E+0	0.000000E+0	0.000000E+0	0.000000E+0	0.000000E+0	0.000000E+0	0.000000E+0
180.0   	40      	3.875808E-2 	9.871261E-5	1.97E+1    	180.00    	8990.99	24.5 	35.1 	0.000000E+0	0.000000E+0	0.000000E+0	0.000000E+0	0.000000E+0	0.000000E+0	0.000000E+0	0.000000E+0
180.0   	41      	3.940582E-2 	9.107301E-5	1.92E+1    	180.00    	8992.93	24.5 	35.1 	0.000000E+0	0.000000E+0	0.000000E+0	0.000000E+0	0.000000E+0	0.000000E+0	0.000000E+0	0.000000E+0
180.0   	42      	4.000447E-2 	1.263538E-4	1.51E+1    	180.00    	8994.88	24.5 	35.1 	0.000000E+0	0.000000E+0	0.000000E+0	0.000000E+0	0.000000E+0	0.000000E+0	0.000000E+0	0.000000E+0
180.0   	43      	4.043595E-2 	9.034496E-5	1.78E+1    	180.00    	8996.81	24.5 	35.1 	0.000000E+0	0.000000E+0	0.000000E+0	0.000000E+0	0.000000E+0	0.000000E+0	0.000000E+0	0.000000E+0
180.0   	44      	7.483951E-2 	5.484216E-5	1.47E+1    	180.00    	8998.76	24.5 	35.1 	0.000000E+0	0.000000E+0	0.000000E+0	0.000000E+0	0.000000E+0	0.000000E+0	0.000000E+0	0.000000E+0
180.0   	45      	4.345449E-2 	8.115846E-5	2.12E+1    	180.00    	9000.71	24.5 	35.1 	0.000000E+0	0.000000E+0	0.000000E+0	0.000000E+0	0.000000E+0	0.000000E+0	0.000000E+0	0.000000E+0
180.0   	46      	4.448844E-2 	8.837048E-5	1.54E+1    	180.00    	9002.66	24.5 	35.1 	0.000000E+0	0.000000E+0	0.000000E+0	0.000000E+0	0.000000E+0	0.000000E+0	0.000000E+0	0.000000E+0
180.0   	47      	4.766590E-2 	1.502380E-3	2.08E+1    	180.00    	9004.59	24.5 	35.1 	0.000000E+0	0.000000E+0	0.000000E+0	0.000000E+0	0.000000E+0	0.000000E+0	0.000000E+0	0.000000E+0
180.0   	48      	3.470309E-1 	6.031636E-4	1.68E+1    	180.00    	9006.54	24.5 	35.1 	0.000000E+0	0.000000E+0	0.000000E+0	0.000000E+0	0.000000E+0	0.000000E+0	0.000000E+0	0.000000E+0
180.0   	49      	2.399776E-1 	1.415419E-4	1.63E+1    	180.00    	9008.48	24.5 	35.1 	0.000000E+0	0.000000E+0	0.000000E+0	0.000000E+0	0.000000E+0	0.000000E+0	0.000000E+0	0.000000E+0
180.0   	50      	4.020579E-2 	4.069067E-5	1.60E+1    	180.00    	9010.43	24.5 	35.1 	0.000000E+0	0.000000E+0	0.000000E+0	0.000000E+0	0.000000E+0	0.000000E+0	0.000000E+0	0.000000E+0
180.0   	51      	4.660092E-1 	1.236360E-4	1.78E+1    	180.00    	9012.37	24.5 	35.1 	0.000000E+0	0.000000E+0	0.000000E+0	0.000000E+0	0.000000E+0	0.000000E+0	0.000000E+0	0.000000E+0
180.0   	52      	3.869193E-2 	6.742174E-5	2.01E+1    	180.00    	9014.32	24.5 	35.1 	0.000000E+0	0.000000E+0	0.000000E+0	0.000000E+0	0.000000E+0	0.000000E+0	0.000000E+0	0.000000E+0
180.0   	53      	4.099060E-2 	8.559712E-5	1.90E+1    	180.00    	9016.27	24.5 	35.1 	0.000000E+0	0.000000E+0	0.000000E+0	0.000000E+0	0.000000E+0	0.000000E+0	0.000000E+0	0.000000E+0
180.0   	54      	3.743259E-2 	2.090340E-4	1.79E+1    	180.00    	9018.20	24.5 	35.1 	0.000000E+0	0.000000E+0	0.000000E+0	0.000000E+0	0.000000E+0	0.000000E+0	0.000000E+0	0.000000E+0
180.0   	55      	3.754655E-2 	4.781423E-5	1.60E+1    	180.00    	9020.15	24.5 	35.1 	0.000000E+0	0.000000E+0	0.000000E+0	0.000000E+0	0.000000E+0	0.000000E+0	0.000000E+0	0.000000E+0
180.0   	56      	3.702578E-2 	1.282935E-4	2.16E+1    	180.00    	9022.10	24.5 	35.1 	0.000000E+0	0.000000E+0	0.000000E+0	0.000000E+0	0.000000E+0	0.000000E+0	0.000000E+0	0.000000E+0
180.0   	57      	4.318256E-2 	1.395003E-4	1.78E+1    	180.00    	9024.04	24.5 	35.1 	0.000000E+0	0.000000E+0	0.000000E+0	0.000000E+0	0.000000E+0	0.000000E+0	0.000000E+0	0.000000E+0
180.0   	58      	3.841017E-2 	1.564525E-4	1.54E+1    	180.00    	9025.99	24.5 	35.1 	0.000000E+0	0.000000E+0	0.000000E+0	0.000000E+0	0.000000E+0	0.000000E+0	0.000000E+0	0.000000E+0
180.0   	59      	3.885876E-2 	8.088087E-4	1.74E+1    	180.00    	9027.94	24.5 	35.1 	0.000000E+0	0.000000E+0	0.000000E+0	0.000000E+0	0.000000E+0	0.000000E+0	0.000000E+0	0.000000E+0
180.0   	60      	5.622959E-2 	9.669673E-4	1.50E+1    	180.00    	9029.89	24.5 	35.1 	0.000000E+0	0.000000E+0	0.000000E+0	0.000000E+0	0.000000E+0	0.000000E+0	0.000000E+0	0.000000E+0
180.0   	61      	6.007948E-2 	1.283811E-3	1.91E+1    	180.00    	9031.83	24.5 	35.1 	0.000000E+0	0.000000E+0	0.000000E+0	0.000000E+0	0.000000E+0	0.000000E+0	0.000000E+0	0.000000E+0
180.0   	62      	9.612230E-2 	3.376774E-3	1.87E+1    	180.00    	9033.78	24.5 	35.1 	0.000000E+0	0.000000E+0	0.000000E+0	0.000000E+0	0.000000E+0	0.000000E+0	0.000000E+0	0.000000E+0
180.0   	63      	5.118116E-2 	3.631779E-3	1.95E+1    	180.00    	9035.73	24.5 	35.1 	0.000000E+0	0.000000E+0	0.000000E+0	0.000000E+0	0.000000E+0	0.000000E+0	0.000000E+0	0.000000E+0
180.0   	64      	7.925029E-1 	5.280180E-5	1.87E+1    	180.00    	9037.66	24.5 	35.1 	0.000000E+0	0.000000E+0	0.000000E+0	0.000000E+0	0.000000E+0	0.000000E+0	0.000000E+0	0.000000E+0
180.0   	65      	1.425947E-1 	8.401555E-5	1.92E+1    	180.00    	9039.58	24.5 	35.1 	0.000000E+0	0.000000E+0	0.000000E+0	0.000000E+0	0.000000E+0	0.000000E+0	0.000000E+0	0.000000E+0
180.0   	66      	3.846750E-2 	1.395375E-4	1.99E+1    	180.00    	9041.52	24.5 	35.1 	0.000000E+0	0.000000E+0	0.000000E+0	0.000000E+0	0.000000E+0	0.000000E+0	0.000000E+0	0.000000E+0
180.0   	67      	1.316509E-1 	2.104065E-4	1.55E+1    	180.00    	9043.47	24.5 	35.1 	0.000000E+0	0.000000E+0	0.000000E+0	0.000000E+0	0.000000E+0	0.000000E+0	0.000000E+0	0.000000E+0
180.0   	68      	3.868371E-2 	1.651189E-4	1.84E+1    	180.00    	9045.42	24.5 	35.1 	0.000000E+0	0.000000E+0	0.000000E+0	0.000000E+0	0.000000E+0	0.000000E+0	0.000000E+0	0.000000E+0
180.0   	69      	1.720208E+1 	1.820238E-2	1.68E+1    	180.00    	9047.36	24.5 	35.1 	0.000000E+0	0.000000E+0	0.000000E+0	0.000000E+0	0.000000E+0	0.000000E+0	0.000000E+0	0.000000E+0
180.0   	70      	4.060783E-2 	1.316015E-4	1.64E+1    	180.00    	9049.48	24.5 	35.1 	0.000000E+0	0.000000E+0	0.000000E+0	0.000000E+0	0.000000E+0	0.000000E+0	0.000000E+0	0.000000E+0
180.0   	71      	4.697048E-1 	1.180955E-4	1.58E+1    	180.00    	9051.51	24.5 	35.1 	0.000000E+0	0.000000E+0	0.000000E+0	0.000000E+0	0.000000E+0	0.000000E+0	0.000000E+0	0.000000E+0
180.0   	72      	3.720118E-2 	2.290597E-4	1.59E+1    	180.00    	9053.46	24.5 	35.1 	0.000000E+0	0.000000E+0	0.000000E+0	0.000000E+0	0.000000E+0	0.000000E+0	0.000000E+0	0.000000E+0
180.0   	73      	3.709988E-2 	1.713814E-4	1.85E+1    	180.00    	9055.41	24.5 	35.1 	0.000000E+0	0.000000E+0	0.000000E+0	0.000000E+0	0.000000E+0	0.000000E+0	0.000000E+0	0.000000E+0
180.0   	74      	3.888790E-2 	6.431925E-5	1.50E+1    	180.00    	9057.36	24.5 	35.1 	0.000000E+0	0.000000E+0	0.000000E+0	0.000000E+0	0.000000E+0	0.000000E+0	0.000000E+0	0.000000E+0
180.0   	75      	3.714388E-2 	9.138932E-5	1.56E+1    	180.00    	9059.31	24.5 	35.1 	0.000000E+0	0.000000E+0	0.000000E+0	0.000000E+0	0.000000E+0	0.000000E+0	0.000000E+0	0.000000E+0
180.0   	76      	7.459418E-2 	2.078282E-2	1.67E+1    	180.00    	9061.26	24.5 	35.1 	0.000000E+0	0.000000E+0	0.000000E+0	0.000000E+0	0.000000E+0	0.000000E+0	0.000000E+0	0.000000E+0
180.0   	77      	1.818287E-2 	2.941383E-2	1.75E+1    	180.00    	9063.21	24.5 	35.1 	0.000000E+0	0.000000E+0	0.000000E+0	0.000000E+0	0.000000E+0	0.000000E+0	0.000000E+0	0.000000E+0
180.0   	78      	2.362945E-3 	1.892822E-3	1.70E+1    	180.00    	9065.16	24.5 	35.1 	0.000000E+0	0.000000E+0	0.000000E+0	0.000000E+0	0.000000E+0	0.000000E+0	0.000000E+0	0.000000E+0
180.0   	79      	9.604886E-2 	7.954240E-2	2.02E+1    	180.00    	9067.11	24.5 	35.1 	0.000000E+0	0.000000E+0	0.000000E+0	0.000000E+0	0.000000E+0	0.000000E+0	0.000000E+0	0.000000E+0
180.0   	80      	4.362679E-1 	7.410261E-4	1.81E+1    	180.00    	9069.04	24.5 	35.1 	0.000000E+0	0.000000E+0	0.000000E+0	0.000000E+0	0.000000E+0	0.000000E+0	0.000000E+0	0.000000E+0
180.0   	81      	1.381547E-1 	7.460311E-5	1.69E+1    	180.00    	9070.99	24.5 	35.1 	0.000000E+0	0.000000E+0	0.000000E+0	0.000000E+0	0.000000E+0	0.000000E+0	0.000000E+0	0.000000E+0
180.0   	82      	4.187132E-2 	9.035429E-5	1.78E+1    	180.00    	9072.92	24.5 	35.1 	0.000000E+0	0.000000E+0	0.000000E+0	0.000000E+0	0.000000E+0	0.000000E+0	0.000000E+0	0.000000E+0
180.0   	83      	5.903766E-2 	1.957080E-4	1.97E+1    	180.00    	9074.84	24.5 	35.1 	0.000000E+0	0.000000E+0	0.000000E+0	0.000000E+0	0.000000E+0	0.000000E+0	0.000000E+0	0.000000E+0
180.0   	84      	4.002187E-2 	1.396254E-4	1.78E+1    	180.00    	9076.78	24.5 	35.1 	0.000000E+0	0.000000E+0	0.000000E+0	0.000000E+0	0.000000E+0	0.000000E+0	0.000000E+0	0.000000E+0
180.0   	85      	3.791633E-2 	1.793167E-4	1.71E+1    	180.00    	9078.70	24.5 	35.1 	0.000000E+0	0.000000E+0	0.000000E+0	0.000000E+0	0.000000E+0	0.000000E+0	0.000000E+0	0.000000E+0
180.0   	86      	3.648729E-2 	1.769933E-4	2.17E+1    	180.00    	9080.65	24.5 	35.1 	0.000000E+0	0.000000E+0	0.000000E+0	0.000000E+0	0.000000E+0	0.000000E+0	0.000000E+0	0.000000E+0
180.0   	87      	3.627457E-2 	8.168411E-5	1.61E+1    	180.00    	9082.60	24.5 	35.1 	0.000000E+0	0.000000E+0	0.000000E+0	0.000000E+0	0.000000E+0	0.000000E+0	0.000000E+0	0.000000E+0
180.0   	88      	3.610931E-2 	1.983228E-4	1.72E+1    	180.00    	9084.53	24.5 	35.1 	0.000000E+0	0.000000E+0	0.000000E+0	0.000000E+0	0.000000E+0	0.000000E+0	0.000000E+0	0.000000E+0
180.0   	89      	3.759564E-2 	5.053339E-5	1.68E+1    	180.00    	9086.47	24.5 	35.1 	0.000000E+0	0.000000E+0	0.000000E+0	0.000000E+0	0.000000E+0	0.000000E+0	0.000000E+0	0.000000E+0
180.0   	90      	6.209008E-1 	2.187216E-4	1.67E+1    	180.00    	9088.42	24.5 	35.1 	0.000000E+0	0.000000E+0	0.000000E+0	0.000000E+0	0.000000E+0	0.000000E+0	0.000000E+0	0.000000E+0
180.0   	91      	3.695616E-2 	5.097788E-5	1.84E+1    	180.00    	9090.36	24.5 	35.1 	0.000000E+0	0.000000E+0	0.000000E+0	0.000000E+0	0.000000E+0	0.000000E+0	0.000000E+0	0.000000E+0
180.0   	92      	3.157484E-1 	3.307507E-5	1.93E+1    	180.00    	9092.31	24.5 	35.1 	0.000000E+0	0.000000E+0	0.000000E+0	0.000000E+0	0.000000E+0	0.000000E+0	0.000000E+0	0.000000E+0
180.0   	93      	3.943619E-2 	4.787387E-4	2.05E+1    	180.00    	9094.25	24.5 	35.1 	0.000000E+0	0.000000E+0	0.000000E+0	0.000000E+0	0.000000E+0	0.000000E+0	0.000000E+0	0.000000E+0
180.0   	94      	4.045181E-2 	1.065523E-4	2.06E+1    	180.00    	9096.21	24.5 	35.1 	0.000000E+0	0.000000E+0	0.000000E+0	0.000000E+0	0.000000E+0	0.000000E+0	0.000000E+0	0.000000E+0
180.0   	95      	4.981702E-2 	1.994456E-4	1.59E+1    	180.00    	9098.16	24.5 	35.1 	0.000000E+0	0.000000E+0	0.000000E+0	0.000000E+0	0.000000E+0	0.000000E+0	0.000000E+0	0.000000E+0
180.0   	96      	1.471737E-1 	1.067233E-4	1.97E+1    	180.00    	9100.09	24.5 	35.1 	0.000000E+0	0.000000E+0	0.000000E+0	0.000000E+0	0.000000E+0	0.000000E+0	0.000000E+0	0.000000E+0
180.0   	97      	1.687093E-1 	3.740218E-5	2.00E+1    	180.00    	9102.02	24.5 	35.1 	0.000000E+0	0.000000E+0	0.000000E+0	0.000000E+0	0.000000E+0	0.000000E+0	0.000000E+0	0.000000E+0
180.0   	98      	3.732620E-2 	9.188178E-5	1.76E+1    	180.00    	9103.98	24.5 	35.1 	0.000000E+0	0.000000E+0	0.000000E+0	0.000000E+0	0.000000E+0	0.000000E+0	0.000000E+0	0.000000E+0
180.0   	99      	3.627774E-2 	1.005322E-4	1.58E+1    	180.00    	9105.91	24.5 	35.1 	0.000000E+0	0.000000E+0	0.000000E+0	0.000000E+0	0.000000E+0	0.000000E+0	0.000000E+0	0.000000E+0
180.0   	100     	3.646228E-2 	5.416115E-5	2.14E+1    	180.00    	9107.85	24.5 	35.1 	0.000000E+0	0.000000E+0	0.000000E+0	0.000000E+0	0.000000E+0	0.000000E+0	0.000000E+0	0.000000E+0
180.0   	101     	3.704100E-2 	8.906542E-5	2.02E+1    	180.00    	9109.80	24.5 	35.1 	0.000000E+0	0.000000E+0	0.000000E+0	0.000000E+0	0.000000E+0	0.000000E+0	0.000000E+0	0.000000E+0
180.0   	102     	6.576901E-2 	2.304391E-5	1.93E+1    	180.00    	9111.75	24.5 	35.1 	0.000000E+0	0.000000E+0	0.000000E+0	0.000000E+0	0.000000E+0	0.000000E+0	0.000000E+0	0.000000E+0
180.0   	103     	3.753739E-2 	7.120105E-5	1.93E+1    	180.00    	9113.70	24.5 	35.1 	0.000000E+0	0.000000E+0	0.000000E+0	0.000000E+0	0.000000E+0	0.000000E+0	0.000000E+0	0.000000E+0
180.0   	104     	7.964421E-1 	8.394679E-5	1.58E+1    	180.00    	9115.66	24.5 	35.1 	0.000000E+0	0.000000E+0	0.000000E+0	0.000000E+0	0.000000E+0	0.000000E+0	0.000000E+0	0.000000E+0
180.0   	105     	3.656041E-2 	1.891901E-4	1.76E+1    	180.00    	9117.59	24.5 	35.1 	0.000000E+0	0.000000E+0	0.000000E+0	0.000000E+0	0.000000E+0	0.000000E+0	0.000000E+0	0.000000E+0
180.0   	106     	3.749117E-2 	5.156930E-5	1.75E+1    	180.00    	9119.54	24.5 	35.1 	0.000000E+0	0.000000E+0	0.000000E+0	0.000000E+0	0.000000E+0	0.000000E+0	0.000000E+0	0.000000E+0
180.0   	107     	3.667725E-2 	7.015021E-5	2.03E+1    	180.00    	9121.49	24.5 	35.1 	0.000000E+0	0.000000E+0	0.000000E+0	0.000000E+0	0.000000E+0	0.000000E+0	0.000000E+0	0.000000E+0
180.0   	108     	3.588107E-2 	1.357309E-4	1.84E+1    	180.00    	9123.44	24.5 	35.1 	0.000000E+0	0.000000E+0	0.000000E+0	0.000000E+0	0.000000E+0	0.000000E+0	0.000000E+0	0.000000E+0
180.0   	109     	3.634010E-2 	1.621433E-4	1.59E+1    	180.00    	9125.39	24.5 	35.1 	0.000000E+0	0.000000E+0	0.000000E+0	0.000000E+0	0.000000E+0	0.000000E+0	0.000000E+0	0.000000E+0
180.0   	110     	3.658197E-2 	1.032075E-4	1.64E+1    	180.00    	9127.34	24.5 	35.1 	0.000000E+0	0.000000E+0	0.000000E+0	0.000000E+0	0.000000E+0	0.000000E+0	0.000000E+0	0.000000E+0
180.0   	111     	3.889993E-2 	9.802478E-5	1.89E+1    	180.00    	9129.27	24.5 	35.1 	0.000000E+0	0.000000E+0	0.000000E+0	0.000000E+0	0.000000E+0	0.000000E+0	0.000000E+0	0.000000E+0
180.0   	112     	6.455731E-1 	2.703377E-4	1.71E+1    	180.00    	9131.23	24.5 	35.1 	0.000000E+0	0.000000E+0	0.000000E+0	0.000000E+0	0.000000E+0	0.000000E+0	0.000000E+0	0.000000E+0
180.0   	113     	1.412109E-1 	5.699336E-5	1.75E+1    	180.00    	9133.18	24.5 	35.1 	0.000000E+0	0.000000E+0	0.000000E+0	0.000000E+0	0.000000E+0	0.000000E+0	0.000000E+0	0.000000E+0
180.0   	114     	6.646453E-2 	1.007980E-4	1.88E+1    	180.00    	9135.12	24.5 	35.1 	0.000000E+0	0.000000E+0	0.000000E+0	0.000000E+0	0.000000E+0	0.000000E+0	0.000000E+0	0.000000E+0
180.0   	115     	3.617388E-2 	1.443569E-4	1.97E+1    	180.00    	9137.07	24.5 	35.1 	0.000000E+0	0.000000E+0	0.000000E+0	0.000000E+0	0.000000E+0	0.000000E+0	0.000000E+0	0.000000E+0
180.0   	116     	3.739556E-2 	2.152548E-4	1.47E+1    	180.00    	9139.01	24.5 	35.1 	0.000000E+0	0.000000E+0	0.000000E+0	0.000000E+0	0.000000E+0	0.000000E+0	0.000000E+0	0.000000E+0
180.0   	117     	6.382870E-2 	1.099035E-4	1.84E+1    	180.00    	9140.96	24.5 	35.1 	0.000000E+0	0.000000E+0	0.000000E+0	0.000000E+0	0.000000E+0	0.000000E+0	0.000000E+0	0.000000E+0
180.0   	118     	3.617579E-2 	1.065607E-4	1.95E+1    	180.00    	9142.90	24.5 	35.1 	0.000000E+0	0.000000E+0	0.000000E+0	0.000000E+0	0.000000E+0	0.000000E+0	0.000000E+0	0.000000E+0
180.0   	119     	6.277449E-2 	1.215084E-4	1.80E+1    	180.00    	9144.85	24.5 	35.1 	0.000000E+0	0.000000E+0	0.000000E+0	0.000000E+0	0.000000E+0	0.000000E+0	0.000000E+0	0.000000E+0
180.0   	120     	3.742151E-2 	9.131837E-5	2.13E+1    	180.00    	9146.80	24.5 	35.1 	0.000000E+0	0.000000E+0	0.000000E+0	0.000000E+0	0.000000E+0	0.000000E+0	0.000000E+0	0.000000E+0
180.0   	121     	3.697326E-2 	5.231115E-5	1.89E+1    	180.00    	9148.75	24.5 	35.1 	0.000000E+0	0.000000E+0	0.000000E+0	0.000000E+0	0.000000E+0	0.000000E+0	0.000000E+0	0.000000E+0
180.0   	122     	4.522828E-2 	1.635489E-4	2.06E+1    	180.00    	9150.69	24.5 	35.1 	0.000000E+0	0.000000E+0	0.000000E+0	0.000000E+0	0.000000E+0	0.000000E+0	0.000000E+0	0.000000E+0
180.0   	123     	3.648572E-2 	6.717691E-5	1.85E+1    	180.00    	9152.64	24.5 	35.1 	0.000000E+0	0.000000E+0	0.000000E+0	0.000000E+0	0.000000E+0	0.000000E+0	0.000000E+0	0.000000E+0
180.0   	124     	3.587979E-2 	7.522236E-5	1.86E+1    	180.00    	9154.59	24.5 	35.1 	0.000000E+0	0.000000E+0	0.000000E+0	0.000000E+0	0.000000E+0	0.000000E+0	0.000000E+0	0.000000E+0
180.0   	125     	3.507601E-2 	1.614733E-4	1.51E+1    	180.00    	9156.54	24.5 	35.1 	0.000000E+0	0.000000E+0	0.000000E+0	0.000000E+0	0.000000E+0	0.000000E+0	0.000000E+0	0.000000E+0
180.0   	126     	3.561513E-2 	3.546336E-4	1.68E+1    	180.00    	9158.48	24.5 	35.1 	0.000000E+0	0.000000E+0	0.000000E+0	0.000000E+0	0.000000E+0	0.000000E+0	0.000000E+0	0.000000E+0
180.0   	127     	3.718819E-2 	7.133824E-5	1.57E+1    	180.00    	9160.44	24.5 	35.1 	0.000000E+0	0.000000E+0	0.000000E+0	0.000000E+0	0.000000E+0	0.000000E+0	0.000000E+0	0.000000E+0
180.0   	128     	1.400891E-1 	1.325200E-4	1.69E+1    	180.00    	9162.37	24.5 	35.1 	0.000000E+0	0.000000E+0	0.000000E+0	0.000000E+0	0.000000E+0	0.000000E+0	0.000000E+0	0.000000E+0
180.0   	129     	1.415256E-1 	1.478693E-4	1.54E+1    	180.00    	9164.32	24.5 	35.1 	0.000000E+0	0.000000E+0	0.000000E+0	0.000000E+0	0.000000E+0	0.000000E+0	0.000000E+0	0.000000E+0
180.0   	130     	4.009818E-2 	7.746313E-5	1.92E+1    	180.00    	9166.26	24.5 	35.1 	0.000000E+0	0.000000E+0	0.000000E+0	0.000000E+0	0.000000E+0	0.000000E+0	0.000000E+0	0.000000E+0
180.0   	131     	3.689189E-2 	1.194684E-4	1.72E+1    	180.00    	9168.21	24.5 	35.1 	0.000000E+0	0.000000E+0	0.000000E+0	0.000000E+0	0.000000E+0	0.000000E+0	0.000000E+0	0.000000E+0
180.0   	132     	3.656835E-2 	1.018991E-4	1.68E+1    	180.00    	9170.15	24.5 	35.1 	0.000000E+0	0.000000E+0	0.000000E+0	0.000000E+0	0.000000E+0	0.000000E+0	0.000000E+0	0.000000E+0
180.0   	133     	3.763901E-2 	1.369615E-4	1.78E+1    	180.00    	9172.10	24.5 	35.1 	0.000000E+0	0.000000E+0	0.000000E+0	0.000000E+0	0.000000E+0	0.000000E+0	0.000000E+0	0.000000E+0
180.0   	134     	3.631732E-2 	1.938624E-4	1.84E+1    	180.00    	9174.05	24.5 	35.1 	0.000000E+0	0.000000E+0	0.000000E+0	0.000000E+0	0.000000E+0	0.000000E+0	0.000000E+0	0.000000E+0
180.0   	135     	3.661900E-2 	9.754774E-5	1.86E+1    	180.00    	9175.99	24.5 	35.1 	0.000000E+0	0.000000E+0	0.000000E+0	0.000000E+0	0.000000E+0	0.000000E+0	0.000000E+0	0.000000E+0
180.0   	136     	3.771371E-2 	1.336887E-4	1.86E+1    	180.00    	9177.94	24.5 	35.1 	0.000000E+0	0.000000E+0	0.000000E+0	0.000000E+0	0.000000E+0	0.000000E+0	0.000000E+0	0.000000E+0
180.0   	137     	3.728603E-2 	4.939058E-5	1.66E+1    	180.00    	9179.87	24.5 	35.1 	0.000000E+0	0.000000E+0	0.000000E+0	0.000000E+0	0.000000E+0	0.000000E+0	0.000000E+0	0.000000E+0
180.0   	138     	3.753676E-2 	1.864461E-4	1.88E+1    	180.00    	9181.79	24.5 	35.1 	0.000000E+0	0.000000E+0	0.000000E+0	0.000000E+0	0.000000E+0	0.000000E+0	0.000000E+0	0.000000E+0
180.0   	139     	3.544704E-2 	1.992259E-4	1.60E+1    	180.00    	9183.72	24.5 	35.1 	0.000000E+0	0.000000E+0	0.000000E+0	0.000000E+0	0.000000E+0	0.000000E+0	0.000000E+0	0.000000E+0
180.0   	140     	3.475626E-2 	1.182987E-4	1.59E+1    	180.00    	9185.65	24.5 	35.1 	0.000000E+0	0.000000E+0	0.000000E+0	0.000000E+0	0.000000E+0	0.000000E+0	0.000000E+0	0.000000E+0
180.0   	141     	3.427697E-2 	1.543449E-4	1.69E+1    	180.00    	9187.60	24.5 	35.1 	0.000000E+0	0.000000E+0	0.000000E+0	0.000000E+0	0.000000E+0	0.000000E+0	0.000000E+0	0.000000E+0
180.0   	142     	3.419467E-2 	7.892284E-5	1.46E+1    	180.00    	9189.54	24.5 	35.1 	0.000000E+0	0.000000E+0	0.000000E+0	0.000000E+0	0.000000E+0	0.000000E+0	0.000000E+0	0.000000E+0
180.0   	143     	3.573891E-2 	8.574567E-5	1.72E+1    	180.00    	9191.49	24.5 	35.1 	0.000000E+0	0.000000E+0	0.000000E+0	0.000000E+0	0.000000E+0	0.000000E+0	0.000000E+0	0.000000E+0
180.0   	144     	1.368248E-1 	2.368306E-4	1.54E+1    	180.00    	9193.44	24.5 	35.1 	0.000000E+0	0.000000E+0	0.000000E+0	0.000000E+0	0.000000E+0	0.000000E+0	0.000000E+0	0.000000E+0
180.0   	145     	1.403452E-1 	5.985953E-5	1.82E+1    	180.00    	9195.36	24.5 	35.1 	0.000000E+0	0.000000E+0	0.000000E+0	0.000000E+0	0.000000E+0	0.000000E+0	0.000000E+0	0.000000E+0
180.0   	146     	3.914624E-2 	6.889888E-5	1.58E+1    	180.00    	9197.30	24.5 	35.1 	0.000000E+0	0.000000E+0	0.000000E+0	0.000000E+0	0.000000E+0	0.000000E+0	0.000000E+0	0.000000E+0
180.0   	147     	3.801794E-2 	1.599157E-4	1.86E+1    	180.00    	9199.23	24.5 	35.1 	0.000000E+0	0.000000E+0	0.000000E+0	0.000000E+0	0.000000E+0	0.000000E+0	0.000000E+0	0.000000E+0
180.0   	148     	3.944350E-2 	1.441648E-4	1.96E+1    	180.00    	9201.18	24.5 	35.1 	0.000000E+0	0.000000E+0	0.000000E+0	0.000000E+0	0.000000E+0	0.000000E+0	0.000000E+0	0.000000E+0
180.0   	149     	3.725026E-2 	8.226688E-5	1.88E+1    	180.00    	9203.13	24.5 	35.1 	0.000000E+0	0.000000E+0	0.000000E+0	0.000000E+0	0.000000E+0	0.000000E+0	0.000000E+0	0.000000E+0
180.0   	150     	3.317188E-1 	5.861169E-5	1.84E+1    	180.00    	9205.08	24.5 	35.1 	0.000000E+0	0.000000E+0	0.000000E+0	0.000000E+0	0.000000E+0	0.000000E+0	0.000000E+0	0.000000E+0
180.0   	151     	3.696408E-2 	4.387714E-5	1.90E+1    	180.00    	9207.03	24.5 	35.1 	0.000000E+0	0.000000E+0	0.000000E+0	0.000000E+0	0.000000E+0	0.000000E+0	0.000000E+0	0.000000E+0
180.0   	152     	3.678298E-2 	1.912149E-4	2.02E+1    	180.00    	9208.95	24.5 	35.1 	0.000000E+0	0.000000E+0	0.000000E+0	0.000000E+0	0.000000E+0	0.000000E+0	0.000000E+0	0.000000E+0
180.0   	153     	3.663705E-2 	9.435321E-5	1.83E+1    	180.00    	9210.91	24.5 	35.1 	0.000000E+0	0.000000E+0	0.000000E+0	0.000000E+0	0.000000E+0	0.000000E+0	0.000000E+0	0.000000E+0
180.0   	154     	3.662692E-2 	1.681187E-4	1.92E+1    	180.00    	9212.86	24.5 	35.1 	0.000000E+0	0.000000E+0	0.000000E+0	0.000000E+0	0.000000E+0	0.000000E+0	0.000000E+0	0.000000E+0
180.0   	155     	2.970972E-1 	4.509283E-5	1.66E+1    	180.00    	9214.78	24.5 	35.1 	0.000000E+0	0.000000E+0	0.000000E+0	0.000000E+0	0.000000E+0	0.000000E+0	0.000000E+0	0.000000E+0
180.0   	156     	3.375526E-2 	8.942371E-5	1.46E+1    	180.00    	9216.74	24.5 	35.1 	0.000000E+0	0.000000E+0	0.000000E+0	0.000000E+0	0.000000E+0	0.000000E+0	0.000000E+0	0.000000E+0
180.0   	157     	3.337757E-2 	2.251497E-4	1.98E+1    	180.00    	9218.69	24.5 	35.1 	0.000000E+0	0.000000E+0	0.000000E+0	0.000000E+0	0.000000E+0	0.000000E+0	0.000000E+0	0.000000E+0
180.0   	158     	3.361246E-2 	8.335020E-5	1.65E+1    	180.00    	9220.64	24.5 	35.1 	0.000000E+0	0.000000E+0	0.000000E+0	0.000000E+0	0.000000E+0	0.000000E+0	0.000000E+0	0.000000E+0
180.0   	159     	8.072059E-2 	6.227311E-5	1.97E+1    	180.00    	9222.59	24.5 	35.1 	0.000000E+0	0.000000E+0	0.000000E+0	0.000000E+0	0.000000E+0	0.000000E+0	0.000000E+0	0.000000E+0
180.0   	160     	1.368742E-1 	1.737358E-4	1.82E+1    	180.00    	9224.52	24.5 	35.1 	0.000000E+0	0.000000E+0	0.000000E+0	0.000000E+0	0.000000E+0	0.000000E+0	0.000000E+0	0.000000E+0
180.0   	161     	1.430810E-1 	1.218269E-4	1.73E+1    	180.00    	9226.45	24.5 	35.1 	0.000000E+0	0.000000E+0	0.000000E+0	0.000000E+0	0.000000E+0	0.000000E+0	0.000000E+0	0.000000E+0
180.0   	162     	4.060090E-2 	4.396151E-5	1.91E+1    	180.00    	9228.37	24.5 	35.1 	0.000000E+0	0.000000E+0	0.000000E+0	0.000000E+0	0.000000E+0	0.000000E+0	0.000000E+0	0.000000E+0
180.0   	163     	5.219991E-2 	9.813254E-5	1.80E+1    	180.00    	9230.32	24.5 	35.1 	0.000000E+0	0.000000E+0	0.000000E+0	0.000000E+0	0.000000E+0	0.000000E+0	0.000000E+0	0.000000E+0
180.0   	164     	1.564858E-3 	2.105323E-4	1.84E+1    	180.00    	9232.27	24.5 	35.1 	0.000000E+0	0.000000E+0	0.000000E+0	0.000000E+0	0.000000E+0	0.000000E+0	0.000000E+0	0.000000E+0
180.0   	165     	4.082977E-2 	1.063535E-4	1.79E+1    	180.00    	9234.21	24.5 	35.1 	0.000000E+0	0.000000E+0	0.000000E+0	0.000000E+0	0.000000E+0	0.000000E+0	0.000000E+0	0.000000E+0
180.0   	166     	3.901296E-2 	3.114588E-4	1.50E+1    	180.00    	9236.14	24.5 	35.1 	0.000000E+0	0.000000E+0	0.000000E+0	0.000000E+0	0.000000E+0	0.000000E+0	0.000000E+0	0.000000E+0
180.0   	167     	3.809331E-2 	2.101021E-4	1.71E+1    	180.00    	9238.09	24.5 	35.1 	0.000000E+0	0.000000E+0	0.000000E+0	0.000000E+0	0.000000E+0	0.000000E+0	0.000000E+0	0.000000E+0
180.0   	168     	7.402595E-2 	1.448678E-4	1.76E+1    	180.00    	9240.04	24.5 	35.1 	0.000000E+0	0.000000E+0	0.000000E+0	0.000000E+0	0.000000E+0	0.000000E+0	0.000000E+0	0.000000E+0
180.0   	169     	3.549231E-2 	6.324761E-5	1.65E+1    	180.00    	9241.99	24.5 	35.1 	0.000000E+0	0.000000E+0	0.000000E+0	0.000000E+0	0.000000E+0	0.000000E+0	0.000000E+0	0.000000E+0
180.0   	170     	3.465877E-2 	6.840515E-5	1.55E+1    	180.00    	9243.95	24.5 	35.1 	0.000000E+0	0.000000E+0	0.000000E+0	0.000000E+0	0.000000E+0	0.000000E+0	0.000000E+0	0.000000E+0
180.0   	171     	2.162036E-1 	6.343677E-5	1.45E+1    	180.00    	9245.89	24.5 	35.1 	0.000000E+0	0.000000E+0	0.000000E+0	0.000000E+0	0.000000E+0	0.000000E+0	0.000000E+0	0.000000E+0
180.0   	172     	3.289038E-2 	5.366989E-5	1.75E+1    	180.00    	9247.83	24.5 	35.1 	0.000000E+0	0.000000E+0	0.000000E+0	0.000000E+0	0.000000E+0	0.000000E+0	0.000000E+0	0.000000E+0
180.0   	173     	3.242565E-2 	2.271894E-4	2.02E+1    	180.00    	9249.77	24.5 	35.1 	0.000000E+0	0.000000E+0	0.000000E+0	0.000000E+0	0.000000E+0	0.000000E+0	0.000000E+0	0.000000E+0
180.0   	174     	3.243229E-2 	1.966628E-4	1.68E+1    	180.00    	9251.72	24.5 	35.1 	0.000000E+0	0.000000E+0	0.000000E+0	0.000000E+0	0.000000E+0	0.000000E+0	0.000000E+0	0.000000E+0
180.0   	175     	1.605424E-1 	7.072343E-5	1.70E+1    	180.00    	9253.67	24.5 	35.1 	0.000000E+0	0.000000E+0	0.000000E+0	0.000000E+0	0.000000E+0	0.000000E+0	0.000000E+0	0.000000E+0
180.0   	176     	1.375377E-1 	8.258628E-5	1.74E+1    	180.00    	9255.61	24.5 	35.1 	0.000000E+0	0.000000E+0	0.000000E+0	0.000000E+0	0.000000E+0	0.000000E+0	0.000000E+0	0.000000E+0
180.0   	177     	2.799486E-1 	8.874865E-5	1.80E+1    	180.00    	9257.57	24.5 	35.1 	0.000000E+0	0.000000E+0	0.000000E+0	0.000000E+0	0.000000E+0	0.000000E+0	0.000000E+0	0.000000E+0
180.0   	178     	4.233859E-2 	1.535644E-4	2.00E+1    	180.00    	9259.51	24.5 	35.1 	0.000000E+0	0.000000E+0	0.000000E+0	0.000000E+0	0.000000E+0	0.000000E+0	0.000000E+0	0.000000E+0
180.0   	179     	4.578766E-2 	4.977942E-5	2.08E+1    	180.00    	9261.45	24.5 	35.1 	0.000000E+0	0.000000E+0	0.000000E+0	0.000000E+0	0.000000E+0	0.000000E+0	0.000000E+0	0.000000E+0
180.0   	180     	5.409589E-2 	1.812852E-5	1.67E+1    	180.00    	9263.40	24.5 	35.1 	0.000000E+0	0.000000E+0	0.000000E+0	0.000000E+0	0.000000E+0	0.000000E+0	0.000000E+0	0.000000E+0
180.0   	181     	4.091053E-2 	6.809941E-5	1.72E+1    	180.00    	9265.35	24.5 	35.1 	0.000000E+0	0.000000E+0	0.000000E+0	0.000000E+0	0.000000E+0	0.000000E+0	0.000000E+0	0.000000E+0
180.0   	182     	4.009818E-2 	5.296137E-5	1.88E+1    	180.00    	9267.29	24.5 	35.1 	0.000000E+0	0.000000E+0	0.000000E+0	0.000000E+0	0.000000E+0	0.000000E+0	0.000000E+0	0.000000E+0
180.0   	183     	3.855201E-2 	5.505602E-5	1.65E+1    	180.00    	9269.24	24.5 	35.1 	0.000000E+0	0.000000E+0	0.000000E+0	0.000000E+0	0.000000E+0	0.000000E+0	0.000000E+0	0.000000E+0
180.0   	184     	3.626033E-2 	1.380321E-4	1.69E+1    	180.00    	9271.19	24.5 	35.1 	0.000000E+0	0.000000E+0	0.000000E+0	0.000000E+0	0.000000E+0	0.000000E+0	0.000000E+0	0.000000E+0
180.0   	185     	2.021655E-1 	1.597999E-5	1.73E+1    	180.00    	9273.14	24.5 	35.1 	0.000000E+0	0.000000E+0	0.000000E+0	0.000000E+0	0.000000E+0	0.000000E+0	0.000000E+0	0.000000E+0
180.0   	186     	3.314901E-2 	1.227403E-4	1.97E+1    	180.00    	9275.08	24.5 	35.1 	0.000000E+0	0.000000E+0	0.000000E+0	0.000000E+0	0.000000E+0	0.000000E+0	0.000000E+0	0.000000E+0
180.0   	187     	7.189131E-2 	1.464995E-4	1.68E+1    	180.00    	9277.02	24.5 	35.1 	0.000000E+0	0.000000E+0	0.000000E+0	0.000000E+0	0.000000E+0	0.000000E+0	0.000000E+0	0.000000E+0
180.0   	188     	3.283085E-2 	1.556305E-4	1.77E+1    	180.00    	9278.97	24.5 	35.1 	0.000000E+0	0.000000E+0	0.000000E+0	0.000000E+0	0.000000E+0	0.000000E+0	0.000000E+0	0.000000E+0
180.0   	189     	3.168865E-2 	9.063982E-5	1.58E+1    	180.00    	9280.92	24.5 	35.1 	0.000000E+0	0.000000E+0	0.000000E+0	0.000000E+0	0.000000E+0	0.000000E+0	0.000000E+0	0.000000E+0
180.0   	190     	3.181591E-2 	9.237420E-5	1.90E+1    	180.00    	9282.85	24.5 	35.1 	0.000000E+0	0.000000E+0	0.000000E+0	0.000000E+0	0.000000E+0	0.000000E+0	0.000000E+0	0.000000E+0
180.0   	191     	4.555437E-2 	1.265615E-4	1.84E+1    	180.00    	9284.81	24.5 	35.1 	0.000000E+0	0.000000E+0	0.000000E+0	0.000000E+0	0.000000E+0	0.000000E+0	0.000000E+0	0.000000E+0
180.0   	192     	1.357066E-1 	1.388141E-4	1.67E+1    	180.00    	9286.76	24.5 	35.1 	0.000000E+0	0.000000E+0	0.000000E+0	0.000000E+0	0.000000E+0	0.000000E+0	0.000000E+0	0.000000E+0
180.0   	193     	1.450618E-1 	2.759245E-5	2.13E+1    	180.00    	9288.69	24.5 	35.1 	0.000000E+0	0.000000E+0	0.000000E+0	0.000000E+0	0.000000E+0	0.000000E+0	0.000000E+0	0.000000E+0
180.0   	194     	7.280048E-2 	1.664482E-4	1.91E+1    	180.00    	9290.63	24.5 	35.1 	0.000000E+0	0.000000E+0	0.000000E+0	0.000000E+0	0.000000E+0	0.000000E+0	0.000000E+0	0.000000E+0
180.0   	195     	4.241614E-2 	2.629721E-4	1.98E+1    	180.00    	9292.58	24.5 	35.1 	0.000000E+0	0.000000E+0	0.000000E+0	0.000000E+0	0.000000E+0	0.000000E+0	0.000000E+0	0.000000E+0
180.0   	196     	4.101055E-2 	1.008945E-4	1.83E+1    	180.00    	9294.52	24.5 	35.1 	0.000000E+0	0.000000E+0	0.000000E+0	0.000000E+0	0.000000E+0	0.000000E+0	0.000000E+0	0.000000E+0
180.0   	197     	4.058349E-2 	2.807433E-5	1.92E+1    	180.00    	9296.45	24.5 	35.1 	0.000000E+0	0.000000E+0	0.000000E+0	0.000000E+0	0.000000E+0	0.000000E+0	0.000000E+0	0.000000E+0
180.0   	198     	6.569683E-2 	1.596320E-4	1.65E+1    	180.00    	9298.37	24.5 	35.1 	0.000000E+0	0.000000E+0	0.000000E+0	0.000000E+0	0.000000E+0	0.000000E+0	0.000000E+0	0.000000E+0
180.0   	199     	3.826964E-2 	1.487283E-4	1.57E+1    	180.00    	9300.33	24.5 	35.1 	0.000000E+0	0.000000E+0	0.000000E+0	0.000000E+0	0.000000E+0	0.000000E+0	0.000000E+0	0.000000E+0
180.0   	200     	3.597067E-2 	1.221000E-4	1.96E+1    	180.00    	9302.27	24.5 	35.1 	0.000000E+0	0.000000E+0	0.000000E+0	0.000000E+0	0.000000E+0	0.000000E+0	0.000000E+0	0.000000E+0
180.0   	201     	2.386621E-1 	9.804847E-5	1.63E+1    	180.00    	9304.20	24.5 	35.1 	0.000000E+0	0.000000E+0	0.000000E+0	0.000000E+0	0.000000E+0	0.000000E+0	0.000000E+0	0.000000E+0
180.0   	202     	8.219836E-2 	1.639851E-4	1.70E+1    	180.00    	9306.15	24.5 	35.1 	0.000000E+0	0.000000E+0	0.000000E+0	0.000000E+0	0.000000E+0	0.000000E+0	0.000000E+0	0.000000E+0
180.0   	203     	3.366314E-2 	1.875641E-4	2.02E+1    	180.00    	9308.09	24.5 	35.1 	0.000000E+0	0.000000E+0	0.000000E+0	0.000000E+0	0.000000E+0	0.000000E+0	0.000000E+0	0.000000E+0
180.0   	204     	3.138854E-2 	3.278147E-5	1.91E+1    	180.00    	9310.02	24.5 	35.1 	0.000000E+0	0.000000E+0	0.000000E+0	0.000000E+0	0.000000E+0	0.000000E+0	0.000000E+0	0.000000E+0
180.0   	205     	3.136068E-2 	6.198417E-5	1.82E+1    	180.00    	9311.96	24.5 	35.1 	0.000000E+0	0.000000E+0	0.000000E+0	0.000000E+0	0.000000E+0	0.000000E+0	0.000000E+0	0.000000E+0
180.0   	206     	3.168391E-2 	4.142755E-5	1.67E+1    	180.00    	9313.91	24.5 	35.1 	0.000000E+0	0.000000E+0	0.000000E+0	0.000000E+0	0.000000E+0	0.000000E+0	0.000000E+0	0.000000E+0
180.0   	207     	3.289355E-2 	4.913722E-5	2.04E+1    	180.00    	9315.86	24.5 	35.1 	0.000000E+0	0.000000E+0	0.000000E+0	0.000000E+0	0.000000E+0	0.000000E+0	0.000000E+0	0.000000E+0
180.0   	208     	1.417716E-1 	8.735607E-5	1.56E+1    	180.00    	9317.81	24.5 	35.1 	0.000000E+0	0.000000E+0	0.000000E+0	0.000000E+0	0.000000E+0	0.000000E+0	0.000000E+0	0.000000E+0
180.0   	209     	1.503357E-1 	1.800009E-5	1.77E+1    	180.00    	9319.76	24.5 	35.1 	0.000000E+0	0.000000E+0	0.000000E+0	0.000000E+0	0.000000E+0	0.000000E+0	0.000000E+0	0.000000E+0
180.0   	210     	4.447355E-2 	1.371724E-4	1.65E+1    	180.00    	9321.70	24.5 	35.1 	0.000000E+0	0.000000E+0	0.000000E+0	0.000000E+0	0.000000E+0	0.000000E+0	0.000000E+0	0.000000E+0
180.0   	211     	4.285778E-2 	1.477879E-4	1.75E+1    	180.00    	9323.65	24.5 	35.1 	0.000000E+0	0.000000E+0	0.000000E+0	0.000000E+0	0.000000E+0	0.000000E+0	0.000000E+0	0.000000E+0
180.0   	212     	2.456304E-1 	1.265934E-4	1.62E+1    	180.00    	9325.59	24.5 	35.1 	0.000000E+0	0.000000E+0	0.000000E+0	0.000000E+0	0.000000E+0	0.000000E+0	0.000000E+0	0.000000E+0
180.0   	213     	3.958216E-2 	9.208591E-5	2.02E+1    	180.00    	9327.54	24.5 	35.1 	0.000000E+0	0.000000E+0	0.000000E+0	0.000000E+0	0.000000E+0	0.000000E+0	0.000000E+0	0.000000E+0
180.0   	214     	3.869671E-2 	5.453986E-5	1.76E+1    	180.00    	9329.48	24.5 	35.1 	0.000000E+0	0.000000E+0	0.000000E+0	0.000000E+0	0.000000E+0	0.000000E+0	0.000000E+0	0.000000E+0
180.0   	215     	3.669846E-2 	2.484704E-4	1.54E+1    	180.00    	9331.43	24.5 	35.1 	0.000000E+0	0.000000E+0	0.000000E+0	0.000000E+0	0.000000E+0	0.000000E+0	0.000000E+0	0.000000E+0
180.0   	216     	3.496965E-2 	1.430958E-4	1.87E+1    	180.00    	9333.38	24.5 	35.1 	0.000000E+0	0.000000E+0	0.000000E+0	0.000000E+0	0.000000E+0	0.000000E+0	0.000000E+0	0.000000E+0
180.0   	217     	3.336904E-2 	8.235574E-5	1.73E+1    	180.00    	9335.33	24.5 	35.1 	0.000000E+0	0.000000E+0	0.000000E+0	0.000000E+0	0.000000E+0	0.000000E+0	0.000000E+0	0.000000E+0
180.0   	218     	3.219392E-2 	2.389820E-4	1.40E+1    	180.00    	9337.27	24.5 	35.1 	0.000000E+0	0.000000E+0	0.000000E+0	0.000000E+0	0.000000E+0	0.000000E+0	0.000000E+0	0.000000E+0
180.0   	219     	3.134580E-2 	2.499974E-4	1.62E+1    	180.00    	9339.23	24.5 	35.1 	0.000000E+0	0.000000E+0	0.000000E+0	0.000000E+0	0.000000E+0	0.000000E+0	0.000000E+0	0.000000E+0
180.0   	220     	3.085605E-2 	1.966226E-4	1.78E+1    	180.00    	9341.15	24.5 	35.1 	0.000000E+0	0.000000E+0	0.000000E+0	0.000000E+0	0.000000E+0	0.000000E+0	0.000000E+0	0.000000E+0
180.0   	221     	9.517801E-2 	5.661305E-5	2.00E+1    	180.00    	9343.10	24.5 	35.1 	0.000000E+0	0.000000E+0	0.000000E+0	0.000000E+0	0.000000E+0	0.000000E+0	0.000000E+0	0.000000E+0
180.0   	222     	3.198370E-2 	1.291741E-4	1.41E+1    	180.00    	9345.05	24.5 	35.1 	0.000000E+0	0.000000E+0	0.000000E+0	0.000000E+0	0.000000E+0	0.000000E+0	0.000000E+0	0.000000E+0
180.0   	223     	3.495730E-2 	8.911115E-5	1.97E+1    	180.00    	9347.00	24.5 	35.1 	0.000000E+0	0.000000E+0	0.000000E+0	0.000000E+0	0.000000E+0	0.000000E+0	0.000000E+0	0.000000E+0
180.0   	224     	1.469350E-1 	2.105137E-5	1.54E+1    	180.00    	9348.94	24.5 	35.1 	0.000000E+0	0.000000E+0	0.000000E+0	0.000000E+0	0.000000E+0	0.000000E+0	0.000000E+0	0.000000E+0
180.0   	225     	1.595038E-1 	2.647873E-4	1.76E+1    	180.00    	9350.89	24.5 	35.1 	0.000000E+0	0.000000E+0	0.000000E+0	0.000000E+0	0.000000E+0	0.000000E+0	0.000000E+0	0.000000E+0
180.0   	226     	4.565977E-2 	2.509646E-4	1.91E+1    	180.00    	9352.83	24.5 	35.1 	0.000000E+0	0.000000E+0	0.000000E+0	0.000000E+0	0.000000E+0	0.000000E+0	0.000000E+0	0.000000E+0
180.0   	227     	4.288216E-2 	1.228098E-4	2.07E+1    	180.00    	9354.77	24.5 	35.1 	0.000000E+0	0.000000E+0	0.000000E+0	0.000000E+0	0.000000E+0	0.000000E+0	0.000000E+0	0.000000E+0
180.0   	228     	4.041476E-2 	1.011393E-4	1.82E+1    	180.00    	9356.73	24.5 	35.1 	0.000000E+0	0.000000E+0	0.000000E+0	0.000000E+0	0.000000E+0	0.000000E+0	0.000000E+0	0.000000E+0
180.0   	229     	8.271059E-2 	1.692062E-4	1.69E+1    	180.00    	9358.67	24.5 	35.1 	0.000000E+0	0.000000E+0	0.000000E+0	0.000000E+0	0.000000E+0	0.000000E+0	0.000000E+0	0.000000E+0
180.0   	230     	6.622490E-2 	1.098291E-4	1.64E+1    	180.00    	9360.61	24.5 	35.1 	0.000000E+0	0.000000E+0	0.000000E+0	0.000000E+0	0.000000E+0	0.000000E+0	0.000000E+0	0.000000E+0
180.0   	231     	3.564364E-2 	1.471950E-4	1.43E+1    	180.00    	9362.56	24.5 	35.1 	0.000000E+0	0.000000E+0	0.000000E+0	0.000000E+0	0.000000E+0	0.000000E+0	0.000000E+0	0.000000E+0
180.0   	232     	3.472685E-2 	1.275366E-4	1.67E+1    	180.00    	9364.51	24.5 	35.1 	0.000000E+0	0.000000E+0	0.000000E+0	0.000000E+0	0.000000E+0	0.000000E+0	0.000000E+0	0.000000E+0
180.0   	233     	3.357513E-2 	9.642842E-5	1.63E+1    	180.00    	9366.46	24.5 	35.1 	0.000000E+0	0.000000E+0	0.000000E+0	0.000000E+0	0.000000E+0	0.000000E+0	0.000000E+0	0.000000E+0
180.0   	234     	5.141071E-2 	2.591353E-4	2.06E+1    	180.00    	9368.41	24.5 	35.1 	0.000000E+0	0.000000E+0	0.000000E+0	0.000000E+0	0.000000E+0	0.000000E+0	0.000000E+0	0.000000E+0
180.0   	235     	3.124671E-2 	1.080967E-4	1.48E+1    	180.00    	9370.36	24.5 	35.1 	0.000000E+0	0.000000E+0	0.000000E+0	0.000000E+0	0.000000E+0	0.000000E+0	0.000000E+0	0.000000E+0
180.0   	236     	3.105360E-2 	6.491512E-5	1.82E+1    	180.00    	9372.30	24.5 	35.1 	0.000000E+0	0.000000E+0	0.000000E+0	0.000000E+0	0.000000E+0	0.000000E+0	0.000000E+0	0.000000E+0
180.0   	237     	3.142462E-2 	6.314469E-5	1.76E+1    	180.00    	9374.23	24.5 	35.1 	0.000000E+0	0.000000E+0	0.000000E+0	0.000000E+0	0.000000E+0	0.000000E+0	0.000000E+0	0.000000E+0
180.0   	238     	2.627114E-1 	8.712890E-4	1.80E+1    	180.00    	9376.18	24.5 	35.1 	0.000000E+0	0.000000E+0	0.000000E+0	0.000000E+0	0.000000E+0	0.000000E+0	0.000000E+0	0.000000E+0
180.0   	239     	5.897500E-2 	3.347226E-5	1.90E+1    	180.00    	9378.12	24.5 	35.1 	0.000000E+0	0.000000E+0	0.000000E+0	0.000000E+0	0.000000E+0	0.000000E+0	0.000000E+0	0.000000E+0
180.0   	240     	1.677464E-1 	2.508158E-4	1.40E+1    	180.00    	9380.07	24.5 	35.1 	0.000000E+0	0.000000E+0	0.000000E+0	0.000000E+0	0.000000E+0	0.000000E+0	0.000000E+0	0.000000E+0
180.0   	241     	2.969669E-1 	1.162847E-4	1.68E+1    	180.00    	9382.01	24.5 	35.1 	0.000000E+0	0.000000E+0	0.000000E+0	0.000000E+0	0.000000E+0	0.000000E+0	0.000000E+0	0.000000E+0
180.0   	242     	1.561341E-1 	1.733206E-4	2.12E+1    	180.00    	9383.96	24.5 	35.1 	0.000000E+0	0.000000E+0	0.000000E+0	0.000000E+0	0.000000E+0	0.000000E+0	0.000000E+0	0.000000E+0
180.0   	243     	1.457482E-1 	1.130567E-4	1.71E+1    	180.00    	9385.91	24.5 	35.1 	0.000000E+0	0.000000E+0	0.000000E+0	0.000000E+0	0.000000E+0	0.000000E+0	0.000000E+0	0.000000E+0
180.0   	244     	1.409897E-1 	8.153044E-5	2.07E+1    	180.00    	9387.86	24.5 	35.1 	0.000000E+0	0.000000E+0	0.000000E+0	0.000000E+0	0.000000E+0	0.000000E+0	0.000000E+0	0.000000E+0
180.0   	245     	1.378698E-1 	5.426438E-5	1.62E+1    	180.00    	9389.79	24.5 	35.1 	0.000000E+0	0.000000E+0	0.000000E+0	0.000000E+0	0.000000E+0	0.000000E+0	0.000000E+0	0.000000E+0
180.0   	246     	1.357985E-1 	1.328441E-4	1.97E+1    	180.00    	9391.74	24.5 	35.1 	0.000000E+0	0.000000E+0	0.000000E+0	0.000000E+0	0.000000E+0	0.000000E+0	0.000000E+0	0.000000E+0
180.0   	247     	1.346962E-1 	8.410606E-5	1.63E+1    	180.00    	9393.69	24.5 	35.1 	0.000000E+0	0.000000E+0	0.000000E+0	0.000000E+0	0.000000E+0	0.000000E+0	0.000000E+0	0.000000E+0
180.0   	248     	2.039418E-1 	1.429150E-4	1.93E+1    	180.00    	9395.64	24.5 	35.1 	0.000000E+0	0.000000E+0	0.000000E+0	0.000000E+0	0.000000E+0	0.000000E+0	0.000000E+0	0.000000E+0
180.0   	249     	4.065108E-1 	1.843800E-5	1.62E+1    	180.00    	9397.59	24.5 	35.1 	0.000000E+0	0.000000E+0	0.000000E+0	0.000000E+0	0.000000E+0	0.000000E+0	0.000000E+0	0.000000E+0
180.0   	250     	1.308647E-1 	1.083935E-4	1.64E+1    	180.00    	9399.53	24.5 	35.1 	0.000000E+0	0.000000E+0	0.000000E+0	0.000000E+0	0.000000E+0	0.000000E+0	0.000000E+0	0.000000E+0
180.0   	251     	1.297513E-1 	3.566712E-4	1.51E+1    	180.00    	9401.48	24.5 	35.1 	0.000000E+0	0.000000E+0	0.000000E+0	0.000000E+0	0.000000E+0	0.000000E+0	0.000000E+0	0.000000E+0
180.0   	252     	1.657070E-1 	6.078166E-5	1.77E+1    	180.00    	9403.44	24.5 	35.1 	0.000000E+0	0.000000E+0	0.000000E+0	0.000000E+0	0.000000E+0	0.000000E+0	0.000000E+0	0.000000E+0
180.0   	253     	2.089887E-1 	1.291892E-4	1.85E+1    	180.00    	9405.38	24.5 	35.1 	0.000000E+0	0.000000E+0	0.000000E+0	0.000000E+0	0.000000E+0	0.000000E+0	0.000000E+0	0.000000E+0
180.0   	254     	6.751010E-1 	2.067348E-4	1.63E+1    	180.00    	9407.33	24.5 	35.1 	0.000000E+0	0.000000E+0	0.000000E+0	0.000000E+0	0.000000E+0	0.000000E+0	0.000000E+0	0.000000E+0
180.0   	255     	1.589191E-1 	1.167058E-4	1.82E+1    	180.00    	9409.28	24.5 	35.1 	0.000000E+0	0.000000E+0	0.000000E+0	0.000000E+0	0.000000E+0	0.000000E+0	0.000000E+0	0.000000E+0
180.0   	256     	3.435727E-1 	2.088474E-4	1.76E+1    	180.00    	9411.23	24.5 	35.1 	0.000000E+0	0.000000E+0	0.000000E+0	0.000000E+0	0.000000E+0	0.000000E+0	0.000000E+0	0.000000E+0
180.0   	257     	3.287348E-3 	1.053855E-4	1.78E+1    	180.00    	9413.16	24.5 	35.1 	0.000000E+0	0.000000E+0	0.000000E+0	0.000000E+0	0.000000E+0	0.000000E+0	0.000000E+0	0.000000E+0
180.0   	258     	2.137544E-3 	1.801040E-4	1.91E+1    	180.00    	9415.12	24.5 	35.1 	0.000000E+0	0.000000E+0	0.000000E+0	0.000000E+0	0.000000E+0	0.000000E+0	0.000000E+0	0.000000E+0
180.0   	259     	1.623424E-3 	3.630152E-5	1.76E+1    	180.00    	9417.05	24.5 	35.1 	0.000000E+0	0.000000E+0	0.000000E+0	0.000000E+0	0.000000E+0	0.000000E+0	0.000000E+0	0.000000E+0
180.0   	260     	2.243282E-3 	2.484447E-4	1.75E+1    	180.00    	9419.00	24.5 	35.1 	0.000000E+0	0.000000E+0	0.000000E+0	0.000000E+0	0.000000E+0	0.000000E+0	0.000000E+0	0.000000E+0
180.0   	261     	2.859021E-3 	1.137571E-4	1.55E+1    	180.00    	9420.94	24.5 	35.1 	0.000000E+0	0.000000E+0	0.000000E+0	0.000000E+0	0.000000E+0	0.000000E+0	0.000000E+0	0.000000E+0
180.0   	262     	1.802290E-3 	7.431172E-5	1.74E+1    	180.00    	9422.89	24.5 	35.1 	0.000000E+0	0.000000E+0	0.000000E+0	0.000000E+0	0.000000E+0	0.000000E+0	0.000000E+0	0.000000E+0
180.0   	263     	1.458172E-3 	1.786166E-4	1.81E+1    	180.00    	9424.84	24.5 	35.1 	0.000000E+0	0.000000E+0	0.000000E+0	0.000000E+0	0.000000E+0	0.000000E+0	0.000000E+0	0.000000E+0
180.0   	264     	-2.310416E-4	9.347828E-5	1.62E+1    	180.00    	9426.79	24.5 	35.1 	0.000000E+0	0.000000E+0	0.000000E+0	0.000000E+0	0.000000E+0	0.000000E+0	0.000000E+0	0.000000E+0
200.0   	1       	3.117922E-1 	3.240997E-4	4.49E+1    	200.00    	9446.18	24.5 	35.1 	0.000000E+0	0.000000E+0	0.000000E+0	0.000000E+0	0.000000E+0	0.000000E+0	0.000000E+0	0.000000E+0
200.0   	2       	2.779289E-1 	2.324512E-4	1.98E+1    	200.00    	9447.98	24.5 	35.1 	0.000000E+0	0.000000E+0	0.000000E+0	0.000000E+0	0.000000E+0	0.000000E+0	0.000000E+0	0.000000E+0
200.0   	3       	3.171481E-3 	6.639422E-5	2.11E+1    	200.00    	9449.92	24.5 	35.1 	0.000000E+0	0.000000E+0	0.000000E+0	0.000000E+0	0.000000E+0	0.000000E+0	0.000000E+0	0.000000E+0
200.0   	4       	2.082872E-1 	1.127774E-4	2.03E+1    	200.00    	9451.86	24.5 	35.1 	0.000000E+0	0.000000E+0	0.000000E+0	0.000000E+0	0.000000E+0	0.000000E+0	0.000000E+0	0.000000E+0
200.0   	5       	1.678740E-1 	2.729493E-5	1.74E+1    	200.00    	9453.81	24.5 	35.1 	0.000000E+0	0.000000E+0	0.000000E+0	0.000000E+0	0.000000E+0	0.000000E+0	0.000000E+0	0.000000E+0
200.0   	6       	1.590994E-1 	1.513951E-4	1.84E+1    	200.00    	9455.75	24.5 	35.1 	0.000000E+0	0.000000E+0	0.000000E+0	0.000000E+0	0.000000E+0	0.000000E+0	0.000000E+0	0.000000E+0
200.0   	7       	1.559333E-1 	1.314915E-4	1.70E+1    	200.00    	9457.69	24.5 	35.1 	0.000000E+0	0.000000E+0	0.000000E+0	0.000000E+0	0.000000E+0	0.000000E+0	0.000000E+0	0.000000E+0
200.0   	8       	1.531817E-1 	7.813552E-4	2.03E+1    	200.00    	9459.63	24.5 	35.1 	0.000000E+0	0.000000E+0	0.000000E+0	0.000000E+0	0.000000E+0	0.000000E+0	0.000000E+0	0.000000E+0
200.0   	9       	1.867748E-1 	1.126367E-2	1.77E+1    	200.00    	9461.58	24.5 	35.1 	0.000000E+0	0.000000E+0	0.000000E+0	0.000000E+0	0.000000E+0	0.000000E+0	0.000000E+0	0.000000E+0
200.0   	10      	1.530044E-1 	4.062609E-3	1.98E+1    	200.00    	9463.52	24.5 	35.1 	0.000000E+0	0.000000E+0	0.000000E+0	0.000000E+0	0.000000E+0	0.000000E+0	0.000000E+0	0.000000E+0
200.0   	11      	1.543793E-1 	2.578610E-3	1.87E+1    	200.00    	9465.48	24.5 	35.1 	0.000000E+0	0.000000E+0	0.000000E+0	0.000000E+0	0.000000E+0	0.000000E+0	0.000000E+0	0.000000E+0
200.0   	12      	1.525419E-1 	1.275853E-4	1.61E+1    	200.00    	9467.41	24.5 	35.1 	0.000000E+0	0.000000E+0	0.000000E+0	0.000000E+0	0.000000E+0	0.000000E+0	0.000000E+0	0.000000E+0
200.0   	13      	1.581581E-1 	2.517664E-5	1.60E+1    	200.00    	9469.36	24.5 	35.1 	0.000000E+0	0.000000E+0	0.000000E+0	0.000000E+0	0.000000E+0	0.000000E+0	0.000000E+0	0.000000E+0
200.0   	14      	1.620341E-1 	6.486139E-6	1.89E+1    	200.00    	9471.31	24.5 	35.1 	0.000000E+0	0.000000E+0	0.000000E+0	0.000000E+0	0.000000E+0	0.000000E+0	0.000000E+0	0.000000E+0
200.0   	15      	1.716997E-1 	1.375471E-4	1.73E+1    	200.00    	9473.25	24.5 	35.1 	0.000000E+0	0.000000E+0	0.000000E+0	0.000000E+0	0.000000E+0	0.000000E+0	0.000000E+0	0.000000E+0
200.0   	16      	3.075106E-1 	8.217556E-5	1.95E+1    	200.00    	9475.18	24.5 	35.1 	0.000000E+0	0.000000E+0	0.000000E+0	0.000000E+0	0.000000E+0	0.000000E+0	0.000000E+0	0.000000E+0
200.0   	17      	1.610888E-1 	3.991508E-5	1.76E+1    	200.00    	9477.14	24.5 	35.1 	0.000000E+0	0.000000E+0	0.000000E+0	0.000000E+0	0.000000E+0	0.000000E+0	0.000000E+0	0.000000E+0
200.0   	18      	4.824812E-2 	4.744928E-5	2.10E+1    	200.00    	9479.07	24.5 	35.1 	0.000000E+0	0.000000E+0	0.000000E+0	0.000000E+0	0.000000E+0	0.000000E+0	0.000000E+0	0.000000E+0
200.0   	19      	8.752507E-2 	1.555491E-4	1.96E+1    	200.00    	9481.02	24.5 	35.1 	0.000000E+0	0.000000E+0	0.000000E+0	0.000000E+0	0.000000E+0	0.000000E+0	0.000000E+0	0.000000E+0
200.0   	20      	4.568195E-2 	1.824116E-4	1.69E+1    	200.00    	9482.98	24.5 	35.1 	0.000000E+0	0.000000E+0	0.000000E+0	0.000000E+0	0.000000E+0	0.000000E+0	0.000000E+0	0.000000E+0
200.0   	21      	4.554455E-2 	5.845184E-5	1.91E+1    	200.00    	9484.93	24.5 	35.1 	0.000000E+0	0.000000E+0	0.000000E+0	0.000000E+0	0.000000E+0	0.000000E+0	0.000000E+0	0.000000E+0
200.0   	22      	4.441311E-2 	2.286580E-4	1.66E+1    	200.00    	9486.88	24.5 	35.1 	0.000000E+0	0.000000E+0	0.000000E+0	0.000000E+0	0.000000E+0	0.000000E+0	0.000000E+0	0.000000E+0
200.0   	23      	4.777229E-2 	1.998436E-4	2.04E+1    	200.00    	9488.83	24.5 	35.1 	0.000000E+0	0.000000E+0	0.000000E+0	0.000000E+0	0.000000E+0	0.000000E+0	0.000000E+0	0.000000E+0
200.0   	24      	8.296824E-2 	1.406799E-4	2.27E+1    	200.00    	9490.77	24.5 	35.1 	0.000000E+0	0.000000E+0	0.000000E+0	0.000000E+0	0.000000E+0	0.000000E+0	0.000000E+0	0.000000E+0
200.0   	25      	1.086530E-1 	6.905929E-3	2.01E+1    	200.00    	9492.72	24.5 	35.1 	0.000000E+0	0.000000E+0	0.000000E+0	0.000000E+0	0.000000E+0	0.000000E+0	0.000000E+0	0.000000E+0
200.0   	26      	4.289830E-2 	4.670560E-5	2.07E+1    	200.00    	9494.67	24.5 	35.1 	0.000000E+0	0.000000E+0	0.000000E+0	0.000000E+0	0.000000E+0	0.000000E+0	0.000000E+0	0.000000E+0
200.0   	27      	1.075387E-1 	1.410129E-4	1.54E+1    	200.00    	9496.62	24.5 	35.1 	0.000000E+0	0.000000E+0	0.000000E+0	0.000000E+0	0.000000E+0	0.000000E+0	0.000000E+0	0.000000E+0
200.0   	28      	4.450461E-2 	1.545913E-4	1.67E+1    	200.00    	9498.54	24.5 	35.1 	0.000000E+0	0.000000E+0	0.000000E+0	0.000000E+0	0.000000E+0	0.000000E+0	0.000000E+0	0.000000E+0
200.0   	29      	4.647780E-2 	4.081424E-5	1.94E+1    	200.00    	9500.49	24.5 	35.1 	0.000000E+0	0.000000E+0	0.000000E+0	0.000000E+0	0.000000E+0	0.000000E+0	0.000000E+0	0.000000E+0
200.0   	30      	2.980349E-1 	1.425575E-4	1.93E+1    	200.00    	9502.44	24.5 	35.1 	0.000000E+0	0.000000E+0	0.000000E+0	0.000000E+0	0.000000E+0	0.000000E+0	0.000000E+0	0.000000E+0
200.0   	31      	1.426805E-1 	2.198473E-3	1.87E+1    	200.00    	9504.39	24.5 	35.1 	0.000000E+0	0.000000E+0	0.000000E+0	0.000000E+0	0.000000E+0	0.000000E+0	0.000000E+0	0.000000E+0
200.0   	32      	1.669461E-1 	8.976842E-5	2.01E+1    	200.00    	9506.33	24.5 	35.1 	0.000000E+0	0.000000E+0	0.000000E+0	0.000000E+0	0.000000E+0	0.000000E+0	0.000000E+0	0.000000E+0
200.0   	33      	1.526859E-1 	1.239146E-4	1.71E+1    	200.00    	9508.28	24.5 	35.1 	0.000000E+0	0.000000E+0	0.000000E+0	0.000000E+0	0.000000E+0	0.000000E+0	0.000000E+0	0.000000E+0
200.0   	34      	9.130336E-2 	6.516249E-5	2.14E+1    	200.00    	9510.22	24.5 	35.1 	0.000000E+0	0.000000E+0	0.000000E+0	0.000000E+0	0.000000E+0	0.000000E+0	0.000000E+0	0.000000E+0
200.0   	35      	4.162534E-2 	6.835367E-5	1.66E+1    	200.00    	9512.17	24.5 	35.1 	0.000000E+0	0.000000E+0	0.000000E+0	0.000000E+0	0.000000E+0	0.000000E+0	0.000000E+0	0.000000E+0
200.0   	36      	1.788730E-1 	1.368387E-3	2.06E+1    	200.00    	9514.13	24.5 	35.1 	0.000000E+0	0.000000E+0	0.000000E+0	0.000000E+0	0.000000E+0	0.000000E+0	0.000000E+0	0.000000E+0
200.0   	37      	4.095609E-2 	1.487631E-4	2.18E+1    	200.00    	9516.08	24.5 	35.1 	0.000000E+0	0.000000E+0	0.000000E+0	0.000000E+0	0.000000E+0	0.000000E+0	0.000000E+0	0.000000E+0
200.0   	38      	4.031914E-2 	1.054759E-4	1.89E+1    	200.00    	9518.02	24.5 	35.1 	0.000000E+0	0.000000E+0	0.000000E+0	0.000000E+0	0.000000E+0	0.000000E+0	0.000000E+0	0.000000E+0
200.0   	39      	4.058697E-2 	1.038958E-4	2.03E+1    	200.00    	9519.97	24.5 	35.1 	0.000000E+0	0.000000E+0	0.000000E+0	0.000000E+0	0.000000E+0	0.000000E+0	0.000000E+0	0.000000E+0
200.0   	40      	3.906012E-2 	2.161330E-4	1.99E+1    	200.00    	9521.91	24.5 	35.1 	0.000000E+0	0.000000E+0	0.000000E+0	0.000000E+0	0.000000E+0	0.000000E+0	0.000000E+0	0.000000E+0
200.0   	41      	3.981928E-2 	3.060190E-4	1.66E+1    	200.00    	9523.87	24.5 	35.1 	0.000000E+0	0.000000E+0	0.000000E+0	0.000000E+0	0.000000E+0	0.000000E+0	0.000000E+0	0.000000E+0
200.0   	42      	4.053915E-2 	6.108661E-5	2.07E+1    	200.00    	9525.82	24.5 	35.1 	0.000000E+0	0.000000E+0	0.000000E+0	0.000000E+0	0.000000E+0	0.000000E+0	0.000000E+0	0.000000E+0
200.0   	43      	4.094375E-2 	1.071840E-4	1.75E+1    	200.00    	9527.77	24.5 	35.1 	0.000000E+0	0.000000E+0	0.000000E+0	0.000000E+0	0.000000E+0	0.000000E+0	0.000000E+0	0.000000E+0
200.0   	44      	7.816959E-2 	5.632062E-5	2.00E+1    	200.00    	9529.72	24.5 	35.1 	0.000000E+0	0.000000E+0	0.000000E+0	0.000000E+0	0.000000E+0	0.000000E+0	0.000000E+0	0.000000E+0
200.0   	45      	4.394329E-2 	6.467834E-5	1.59E+1    	200.00    	9531.65	24.5 	35.1 	0.000000E+0	0.000000E+0	0.000000E+0	0.000000E+0	0.000000E+0	0.000000E+0	0.000000E+0	0.000000E+0
200.0   	46      	4.487213E-2 	1.719158E-4	1.82E+1    	200.00    	9533.59	24.5 	35.1 	0.000000E+0	0.000000E+0	0.000000E+0	0.000000E+0	0.000000E+0	0.000000E+0	0.000000E+0	0.000000E+0
200.0   	47      	4.706854E-2 	1.193437E-4	1.96E+1    	200.00    	9535.54	24.5 	35.1 	0.000000E+0	0.000000E+0	0.000000E+0	0.000000E+0	0.000000E+0	0.000000E+0	0.000000E+0	0.000000E+0
200.0   	48      	3.732448E-1 	1.222925E-4	1.70E+1    	200.00    	9537.48	24.5 	35.1 	0.000000E+0	0.000000E+0	0.000000E+0	0.000000E+0	0.000000E+0	0.000000E+0	0.000000E+0	0.000000E+0
200.0   	49      	2.547697E-1 	1.648219E-4	1.82E+1    	200.00    	9539.43	24.5 	35.1 	0.000000E+0	0.000000E+0	0.000000E+0	0.000000E+0	0.000000E+0	0.000000E+0	0.000000E+0	0.000000E+0
200.0   	50      	4.083706E-2 	9.910134E-5	1.67E+1    	200.00    	9541.38	24.5 	35.1 	0.000000E+0	0.000000E+0	0.000000E+0	0.000000E+0	0.000000E+0	0.000000E+0	0.000000E+0	0.000000E+0
200.0   	51      	5.022519E-1 	3.767529E-4	1.63E+1    	200.00    	9543.32	24.5 	35.1 	0.000000E+0	0.000000E+0	0.000000E+0	0.000000E+0	0.000000E+0	0.000000E+0	0.000000E+0	0.000000E+0
200.0   	52      	3.922474E-2 	5.046193E-5	1.64E+1    	200.00    	9545.26	24.5 	35.1 	0.000000E+0	0.000000E+0	0.000000E+0	0.000000E+0	0.000000E+0	0.000000E+0	0.000000E+0	0.000000E+0
200.0   	53      	4.159559E-2 	1.092330E-4	1.78E+1    	200.00    	9547.21	24.5 	35.1 	0.000000E+0	0.000000E+0	0.000000E+0	0.000000E+0	0.000000E+0	0.000000E+0	0.000000E+0	0.000000E+0
200.0   	54      	3.782421E-2 	1.717384E-4	1.55E+1    	200.00    	9549.16	24.5 	35.1 	0.000000E+0	0.000000E+0	0.000000E+0	0.000000E+0	0.000000E+0	0.000000E+0	0.000000E+0	0.000000E+0
200.0   	55      	3.777199E-2 	2.116289E-5	1.79E+1    	200.00    	9551.11	24.5 	35.1 	0.000000E+0	0.000000E+0	0.000000E+0	0.000000E+0	0.000000E+0	0.000000E+0	0.000000E+0	0.000000E+0
200.0   	56      	3.722653E-2 	1.236627E-4	1.90E+1    	200.00    	9553.03	24.5 	35.1 	0.000000E+0	0.000000E+0	0.000000E+0	0.000000E+0	0.000000E+0	0.000000E+0	0.000000E+0	0.000000E+0
200.0   	57      	4.383632E-2 	1.991671E-4	1.81E+1    	200.00    	9554.99	24.5 	35.1 	0.000000E+0	0.000000E+0	0.000000E+0	0.000000E+0	0.000000E+0	0.000000E+0	0.000000E+0	0.000000E+0
200.0   	58      	3.886258E-2 	1.048800E-4	1.84E+1    	200.00    	9556.94	24.5 	35.1 	0.000000E+0	0.000000E+0	0.000000E+0	0.000000E+0	0.000000E+0	0.000000E+0	0.000000E+0	0.000000E+0
200.0   	59      	3.925292E-2 	1.384162E-4	1.99E+1    	200.00    	9558.89	24.5 	35.1 	0.000000E+0	0.000000E+0	0.000000E+0	0.000000E+0	0.000000E+0	0.000000E+0	0.000000E+0	0.000000E+0
200.0   	60      	5.689032E-2 	1.536707E-4	1.78E+1    	200.00    	9560.84	24.5 	35.1 	0.000000E+0	0.000000E+0	0.000000E+0	0.000000E+0	0.000000E+0	0.000000E+0	0.000000E+0	0.000000E+0
200.0   	61      	6.085227E-2 	2.017939E-4	1.92E+1    	200.00    	9562.78	24.5 	35.1 	0.000000E+0	0.000000E+0	0.000000E+0	0.000000E+0	0.000000E+0	0.000000E+0	0.000000E+0	0.000000E+0
200.0   	62      	1.001150E-1 	3.345626E-3	1.97E+1    	200.00    	9564.72	24.5 	35.1 	0.000000E+0	0.000000E+0	0.000000E+0	0.000000E+0	0.000000E+0	0.000000E+0	0.000000E+0	0.000000E+0
200.0   	63      	5.196568E-2 	3.612029E-3	1.89E+1    	200.00    	9566.68	24.5 	35.1 	0.000000E+0	0.000000E+0	0.000000E+0	0.000000E+0	0.000000E+0	0.000000E+0	0.000000E+0	0.000000E+0
200.0   	64      	8.549208E-1 	6.639158E-4	1.80E+1    	200.00    	9568.60	24.5 	35.1 	0.000000E+0	0.000000E+0	0.000000E+0	0.000000E+0	0.000000E+0	0.000000E+0	0.000000E+0	0.000000E+0
200.0   	65      	1.466963E-1 	1.885446E-4	2.14E+1    	200.00    	9570.55	24.5 	35.1 	0.000000E+0	0.000000E+0	0.000000E+0	0.000000E+0	0.000000E+0	0.000000E+0	0.000000E+0	0.000000E+0
200.0   	66      	3.891863E-2 	6.696570E-5	2.08E+1    	200.00    	9572.51	24.5 	35.1 	0.000000E+0	0.000000E+0	0.000000E+0	0.000000E+0	0.000000E+0	0.000000E+0	0.000000E+0	0.000000E+0
200.0   	67      	1.415469E-1 	1.897199E-4	1.93E+1    	200.00    	9574.46	24.5 	35.1 	0.000000E+0	0.000000E+0	0.000000E+0	0.000000E+0	0.000000E+0	0.000000E+0	0.000000E+0	0.000000E+0
200.0   	68      	3.904684E-2 	2.033602E-4	1.74E+1    	200.00    	9576.41	24.5 	35.1 	0.000000E+0	0.000000E+0	0.000000E+0	0.000000E+0	0.000000E+0	0.000000E+0	0.000000E+0	0.000000E+0
200.0   	69      	1.733519E+1 	1.147025E-2	1.99E+1    	200.00    	9578.36	24.5 	35.1 	0.000000E+0	0.000000E+0	0.000000E+0	0.000000E+0	0.000000E+0	0.000000E+0	0.000000E+0	0.000000E+0
200.0   	70      	4.118971E-2 	2.051516E-4	1.77E+1    	200.00    	9580.48	24.5 	35.1 	0.000000E+0	0.000000E+0	0.000000E+0	0.000000E+0	0.000000E+0	0.000000E+0	0.000000E+0	0.000000E+0
200.0   	71      	5.066715E-1 	8.408799E-5	1.83E+1    	200.00    	9582.52	24.5 	35.1 	0.000000E+0	0.000000E+0	0.000000E+0	0.000000E+0	0.000000E+0	0.000000E+0	0.000000E+0	0.000000E+0
200.0   	72      	3.744305E-2 	3.114591E-3	1.92E+1    	200.00    	9584.48	24.5 	35.1 	0.000000E+0	0.000000E+0	0.000000E+0	0.000000E+0	0.000000E+0	0.000000E+0	0.000000E+0	0.000000E+0
200.0   	73      	3.739081E-2 	2.011810E-4	1.90E+1    	200.00    	9586.42	24.5 	35.1 	0.000000E+0	0.000000E+0	0.000000E+0	0.000000E+0	0.000000E+0	0.000000E+0	0.000000E+0	0.000000E+0
200.0   	74      	3.956599E-2 	2.550763E-4	2.08E+1    	200.00    	9588.36	24.5 	35.1 	0.000000E+0	0.000000E+0	0.000000E+0	0.000000E+0	0.000000E+0	0.000000E+0	0.000000E+0	0.000000E+0
200.0   	75      	3.770518E-2 	2.482092E-4	1.65E+1    	200.00    	9590.31	24.5 	35.1 	0.000000E+0	0.000000E+0	0.000000E+0	0.000000E+0	0.000000E+0	0.000000E+0	0.000000E+0	0.000000E+0
200.0   	76      	7.552143E-2 	2.059962E-2	1.71E+1    	200.00    	9592.26	24.5 	35.1 	0.000000E+0	0.000000E+0	0.000000E+0	0.000000E+0	0.000000E+0	0.000000E+0	0.000000E+0	0.000000E+0
200.0   	77      	1.813636E-2 	2.917786E-2	1.88E+1    	200.00    	9594.21	24.5 	35.1 	0.000000E+0	0.000000E+0	0.000000E+0	0.000000E+0	0.000000E+0	0.000000E+0	0.000000E+0	0.000000E+0
200.0   	78      	2.398086E-3 	1.853666E-3	1.84E+1    	200.00    	9596.15	24.5 	35.1 	0.000000E+0	0.000000E+0	0.000000E+0	0.000000E+0	0.000000E+0	0.000000E+0	0.000000E+0	0.000000E+0
200.0   	79      	9.591657E-2 	7.992437E-2	2.02E+1    	200.00    	9598.10	24.5 	35.1 	0.000000E+0	0.000000E+0	0.000000E+0	0.000000E+0	0.000000E+0	0.000000E+0	0.000000E+0	0.000000E+0
200.0   	80      	4.721853E-1 	1.956802E-4	1.50E+1    	200.00    	9600.05	24.5 	35.1 	0.000000E+0	0.000000E+0	0.000000E+0	0.000000E+0	0.000000E+0	0.000000E+0	0.000000E+0	0.000000E+0
200.0   	81      	1.423231E-1 	1.517248E-4	1.82E+1    	200.00    	9601.97	24.5 	35.1 	0.000000E+0	0.000000E+0	0.000000E+0	0.000000E+0	0.000000E+0	0.000000E+0	0.000000E+0	0.000000E+0
200.0   	82      	4.253360E-2 	2.504290E-4	1.98E+1    	200.00    	9603.93	24.5 	35.1 	0.000000E+0	0.000000E+0	0.000000E+0	0.000000E+0	0.000000E+0	0.000000E+0	0.000000E+0	0.000000E+0
200.0   	83      	6.158103E-2 	1.030791E-4	1.96E+1    	200.00    	9605.88	24.5 	35.1 	0.000000E+0	0.000000E+0	0.000000E+0	0.000000E+0	0.000000E+0	0.000000E+0	0.000000E+0	0.000000E+0
200.0   	84      	4.074937E-2 	2.523871E-4	2.10E+1    	200.00    	9607.84	24.5 	35.1 	0.000000E+0	0.000000E+0	0.000000E+0	0.000000E+0	0.000000E+0	0.000000E+0	0.000000E+0	0.000000E+0
200.0   	85      	3.833454E-2 	4.703516E-5	1.65E+1    	200.00    	9609.79	24.5 	35.1 	0.000000E+0	0.000000E+0	0.000000E+0	0.000000E+0	0.000000E+0	0.000000E+0	0.000000E+0	0.000000E+0
200.0   	86      	3.693526E-2 	5.708793E-5	1.54E+1    	200.00    	9611.73	24.5 	35.1 	0.000000E+0	0.000000E+0	0.000000E+0	0.000000E+0	0.000000E+0	0.000000E+0	0.000000E+0	0.000000E+0
200.0   	87      	3.651993E-2 	2.488194E-4	1.61E+1    	200.00    	9613.66	24.5 	35.1 	0.000000E+0	0.000000E+0	0.000000E+0	0.000000E+0	0.000000E+0	0.000000E+0	0.000000E+0	0.000000E+0
200.0   	88      	3.646103E-2 	1.948923E-4	1.74E+1    	200.00    	9615.61	24.5 	35.1 	0.000000E+0	0.000000E+0	0.000000E+0	0.000000E+0	0.000000E+0	0.000000E+0	0.000000E+0	0.000000E+0
200.0   	89      	3.804613E-2 	2.005217E-4	1.94E+1    	200.00    	9617.56	24.5 	35.1 	0.000000E+0	0.000000E+0	0.000000E+0	0.000000E+0	0.000000E+0	0.000000E+0	0.000000E+0	0.000000E+0
200.0   	90      	6.613275E-1 	1.862912E-4	1.80E+1    	200.00    	9619.52	24.5 	35.1 	0.000000E+0	0.000000E+0	0.000000E+0	0.000000E+0	0.000000E+0	0.000000E+0	0.000000E+0	0.000000E+0
200.0   	91      	3.737057E-2 	1.193081E-4	1.61E+1    	200.00    	9621.46	24.5 	35.1 	0.000000E+0	0.000000E+0	0.000000E+0	0.000000E+0	0.000000E+0	0.000000E+0	0.000000E+0	0.000000E+0
200.0   	92      	3.474454E-1 	1.664315E-4	2.06E+1    	200.00    	9623.41	24.5 	35.1 	0.000000E+0	0.000000E+0	0.000000E+0	0.000000E+0	0.000000E+0	0.000000E+0	0.000000E+0	0.000000E+0
200.0   	93      	3.982689E-2 	3.610823E-4	1.93E+1    	200.00    	9625.36	24.5 	35.1 	0.000000E+0	0.000000E+0	0.000000E+0	0.000000E+0	0.000000E+0	0.000000E+0	0.000000E+0	0.000000E+0
200.0   	94      	4.083106E-2 	1.673130E-4	2.14E+1    	200.00    	9627.30	24.5 	35.1 	0.000000E+0	0.000000E+0	0.000000E+0	0.000000E+0	0.000000E+0	0.000000E+0	0.000000E+0	0.000000E+0
200.0   	95      	5.087951E-2 	1.649474E-4	1.89E+1    	200.00    	9629.26	24.5 	35.1 	0.000000E+0	0.000000E+0	0.000000E+0	0.000000E+0	0.000000E+0	0.000000E+0	0.000000E+0	0.000000E+0
200.0   	96      	1.513333E-1 	9.826313E-5	1.83E+1    	200.00    	9631.21	24.5 	35.1 	0.000000E+0	0.000000E+0	0.000000E+0	0.000000E+0	0.000000E+0	0.000000E+0	0.000000E+0	0.000000E+0
200.0   	97      	1.752781E-1 	3.940106E-5	2.23E+1    	200.00    	9633.16	24.5 	35.1 	0.000000E+0	0.000000E+0	0.000000E+0	0.000000E+0	0.000000E+0	0.000000E+0	0.000000E+0	0.000000E+0
200.0   	98      	3.784322E-2 	7.374666E-5	1.77E+1    	200.00    	9635.10	24.5 	35.1 	0.000000E+0	0.000000E+0	0.000000E+0	0.000000E+0	0.000000E+0	0.000000E+0	0.000000E+0	0.000000E+0
200.0   	99      	3.660477E-2 	2.215272E-4	2.09E+1    	200.00    	9637.06	24.5 	35.1 	0.000000E+0	0.000000E+0	0.000000E+0	0.000000E+0	0.000000E+0	0.000000E+0	0.000000E+0	0.000000E+0
200.0   	100     	3.691723E-2 	6.721169E-5	1.68E+1    	200.00    	9638.98	24.5 	35.1 	0.000000E+0	0.000000E+0	0.000000E+0	0.000000E+0	0.000000E+0	0.000000E+0	0.000000E+0	0.000000E+0
200.0   	101     	3.741361E-2 	3.584547E-5	1.81E+1    	200.00    	9640.92	24.5 	35.1 	0.000000E+0	0.000000E+0	0.000000E+0	0.000000E+0	0.000000E+0	0.000000E+0	0.000000E+0	0.000000E+0
200.0   	102     	6.891423E-2 	1.673478E-4	1.85E+1    	200.00    	9642.88	24.5 	35.1 	0.000000E+0	0.000000E+0	0.000000E+0	0.000000E+0	0.000000E+0	0.000000E+0	0.000000E+0	0.000000E+0
200.0   	103     	3.790938E-2 	5.507262E-5	1.92E+1    	200.00    	9644.82	24.5 	35.1 	0.000000E+0	0.000000E+0	0.000000E+0	0.000000E+0	0.000000E+0	0.000000E+0	0.000000E+0	0.000000E+0
200.0   	104     	8.548450E-1 	8.995399E-5	2.04E+1    	200.00    	9646.77	24.5 	35.1 	0.000000E+0	0.000000E+0	0.000000E+0	0.000000E+0	0.000000E+0	0.000000E+0	0.000000E+0	0.000000E+0
200.0   	105     	3.697642E-2 	1.278726E-4	1.68E+1    	200.00    	9648.71	24.5 	35.1 	0.000000E+0	0.000000E+0	0.000000E+0	0.000000E+0	0.000000E+0	0.000000E+0	0.000000E+0	0.000000E+0
200.0   	106     	3.781981E-2 	2.869882E-4	1.82E+1    	200.00    	9650.66	24.5 	35.1 	0.000000E+0	0.000000E+0	0.000000E+0	0.000000E+0	0.000000E+0	0.000000E+0	0.000000E+0	0.000000E+0
200.0   	107     	3.698972E-2 	2.037733E-4	1.87E+1    	200.00    	9652.61	24.5 	35.1 	0.000000E+0	0.000000E+0	0.000000E+0	0.000000E+0	0.000000E+0	0.000000E+0	0.000000E+0	0.000000E+0
200.0   	108     	3.636862E-2 	1.110884E-4	1.80E+1    	200.00    	9654.57	24.5 	35.1 	0.000000E+0	0.000000E+0	0.000000E+0	0.000000E+0	0.000000E+0	0.000000E+0	0.000000E+0	0.000000E+0
200.0   	109     	3.673680E-2 	2.006362E-4	1.96E+1    	200.00    	9656.52	24.5 	35.1 	0.000000E+0	0.000000E+0	0.000000E+0	0.000000E+0	0.000000E+0	0.000000E+0	0.000000E+0	0.000000E+0
200.0   	110     	3.693686E-2 	1.197272E-4	1.82E+1    	200.00    	9658.44	24.5 	35.1 	0.000000E+0	0.000000E+0	0.000000E+0	0.000000E+0	0.000000E+0	0.000000E+0	0.000000E+0	0.000000E+0
200.0   	111     	3.922856E-2 	1.169735E-4	2.03E+1    	200.00    	9660.38	24.5 	35.1 	0.000000E+0	0.000000E+0	0.000000E+0	0.000000E+0	0.000000E+0	0.000000E+0	0.000000E+0	0.000000E+0
200.0   	112     	6.882049E-1 	1.418152E-4	1.79E+1    	200.00    	9662.34	24.5 	35.1 	0.000000E+0	0.000000E+0	0.000000E+0	0.000000E+0	0.000000E+0	0.000000E+0	0.000000E+0	0.000000E+0
200.0   	113     	1.451999E-1 	1.360778E-4	2.05E+1    	200.00    	9664.27	24.5 	35.1 	0.000000E+0	0.000000E+0	0.000000E+0	0.000000E+0	0.000000E+0	0.000000E+0	0.000000E+0	0.000000E+0
200.0   	114     	6.971231E-2 	2.585982E-4	1.80E+1    	200.00    	9666.23	24.5 	35.1 	0.000000E+0	0.000000E+0	0.000000E+0	0.000000E+0	0.000000E+0	0.000000E+0	0.000000E+0	0.000000E+0
200.0   	115     	3.677856E-2 	3.798000E-5	1.88E+1    	200.00    	9668.18	24.5 	35.1 	0.000000E+0	0.000000E+0	0.000000E+0	0.000000E+0	0.000000E+0	0.000000E+0	0.000000E+0	0.000000E+0
200.0   	116     	3.801988E-2 	2.110205E-4	1.85E+1    	200.00    	9670.13	24.5 	35.1 	0.000000E+0	0.000000E+0	0.000000E+0	0.000000E+0	0.000000E+0	0.000000E+0	0.000000E+0	0.000000E+0
200.0   	117     	7.059428E-2 	1.055575E-4	1.72E+1    	200.00    	9672.08	24.5 	35.1 	0.000000E+0	0.000000E+0	0.000000E+0	0.000000E+0	0.000000E+0	0.000000E+0	0.000000E+0	0.000000E+0
200.0   	118     	3.668835E-2 	6.209313E-5	1.43E+1    	200.00    	9674.04	24.5 	35.1 	0.000000E+0	0.000000E+0	0.000000E+0	0.000000E+0	0.000000E+0	0.000000E+0	0.000000E+0	0.000000E+0
200.0   	119     	6.551862E-2 	8.757888E-5	1.83E+1    	200.00    	9675.98	24.5 	35.1 	0.000000E+0	0.000000E+0	0.000000E+0	0.000000E+0	0.000000E+0	0.000000E+0	0.000000E+0	0.000000E+0
200.0   	120     	3.788817E-2 	8.538255E-5	2.01E+1    	200.00    	9677.93	24.5 	35.1 	0.000000E+0	0.000000E+0	0.000000E+0	0.000000E+0	0.000000E+0	0.000000E+0	0.000000E+0	0.000000E+0
200.0   	121     	3.738007E-2 	1.798541E-5	1.90E+1    	200.00    	9679.87	24.5 	35.1 	0.000000E+0	0.000000E+0	0.000000E+0	0.000000E+0	0.000000E+0	0.000000E+0	0.000000E+0	0.000000E+0
200.0   	122     	4.623343E-2 	5.992449E-5	1.87E+1    	200.00    	9681.82	24.5 	35.1 	0.000000E+0	0.000000E+0	0.000000E+0	0.000000E+0	0.000000E+0	0.000000E+0	0.000000E+0	0.000000E+0
200.0   	123     	3.688400E-2 	1.402281E-4	1.60E+1    	200.00    	9683.77	24.5 	35.1 	0.000000E+0	0.000000E+0	0.000000E+0	0.000000E+0	0.000000E+0	0.000000E+0	0.000000E+0	0.000000E+0
200.0   	124     	3.627080E-2 	7.907891E-5	1.71E+1    	200.00    	9685.73	24.5 	35.1 	0.000000E+0	0.000000E+0	0.000000E+0	0.000000E+0	0.000000E+0	0.000000E+0	0.000000E+0	0.000000E+0
200.0   	125     	3.545591E-2 	1.791177E-4	1.67E+1    	200.00    	9687.68	24.5 	35.1 	0.000000E+0	0.000000E+0	0.000000E+0	0.000000E+0	0.000000E+0	0.000000E+0	0.000000E+0	0.000000E+0
200.0   	126     	3.592287E-2 	1.207919E-4	2.05E+1    	200.00    	9689.64	24.5 	35.1 	0.000000E+0	0.000000E+0	0.000000E+0	0.000000E+0	0.000000E+0	0.000000E+0	0.000000E+0	0.000000E+0
200.0   	127     	3.755070E-2 	1.218529E-4	2.03E+1    	200.00    	9691.58	24.5 	35.1 	0.000000E+0	0.000000E+0	0.000000E+0	0.000000E+0	0.000000E+0	0.000000E+0	0.000000E+0	0.000000E+0
200.0   	128     	1.440096E-1 	8.276777E-5	1.82E+1    	200.00    	9693.53	24.5 	35.1 	0.000000E+0	0.000000E+0	0.000000E+0	0.000000E+0	0.000000E+0	0.000000E+0	0.000000E+0	0.000000E+0
200.0   	129     	1.456045E-1 	1.875010E-4	1.59E+1    	200.00    	9695.49	24.5 	35.1 	0.000000E+0	0.000000E+0	0.000000E+0	0.000000E+0	0.000000E+0	0.000000E+0	0.000000E+0	0.000000E+0
200.0   	130     	4.036729E-2 	3.659962E-5	1.73E+1    	200.00    	9697.42	24.5 	35.1 	0.000000E+0	0.000000E+0	0.000000E+0	0.000000E+0	0.000000E+0	0.000000E+0	0.000000E+0	0.000000E+0
200.0   	131     	3.731202E-2 	5.488643E-4	2.01E+1    	200.00    	9699.38	24.5 	35.1 	0.000000E+0	0.000000E+0	0.000000E+0	0.000000E+0	0.000000E+0	0.000000E+0	0.000000E+0	0.000000E+0
200.0   	132     	3.678175E-2 	2.242425E-4	1.67E+1    	200.00    	9701.33	24.5 	35.1 	0.000000E+0	0.000000E+0	0.000000E+0	0.000000E+0	0.000000E+0	0.000000E+0	0.000000E+0	0.000000E+0
200.0   	133     	3.801163E-2 	5.414436E-5	1.61E+1    	200.00    	9703.29	24.5 	35.1 	0.000000E+0	0.000000E+0	0.000000E+0	0.000000E+0	0.000000E+0	0.000000E+0	0.000000E+0	0.000000E+0
200.0   	134     	3.670164E-2 	7.194541E-5	2.02E+1    	200.00    	9705.21	24.5 	35.1 	0.000000E+0	0.000000E+0	0.000000E+0	0.000000E+0	0.000000E+0	0.000000E+0	0.000000E+0	0.000000E+0
200.0   	135     	3.679252E-2 	8.475485E-5	1.67E+1    	200.00    	9707.17	24.5 	35.1 	0.000000E+0	0.000000E+0	0.000000E+0	0.000000E+0	0.000000E+0	0.000000E+0	0.000000E+0	0.000000E+0
200.0   	136     	3.812719E-2 	2.104191E-4	2.00E+1    	200.00    	9709.12	24.5 	35.1 	0.000000E+0	0.000000E+0	0.000000E+0	0.000000E+0	0.000000E+0	0.000000E+0	0.000000E+0	0.000000E+0
200.0   	137     	3.772896E-2 	1.757070E-4	2.11E+1    	200.00    	9711.07	24.5 	35.1 	0.000000E+0	0.000000E+0	0.000000E+0	0.000000E+0	0.000000E+0	0.000000E+0	0.000000E+0	0.000000E+0
200.0   	138     	3.780492E-2 	5.346091E-5	2.05E+1    	200.00    	9713.03	24.5 	35.1 	0.000000E+0	0.000000E+0	0.000000E+0	0.000000E+0	0.000000E+0	0.000000E+0	0.000000E+0	0.000000E+0
200.0   	139     	3.600454E-2 	2.216741E-4	1.80E+1    	200.00    	9714.98	24.5 	35.1 	0.000000E+0	0.000000E+0	0.000000E+0	0.000000E+0	0.000000E+0	0.000000E+0	0.000000E+0	0.000000E+0
200.0   	140     	3.503899E-2 	1.201503E-4	1.62E+1    	200.00    	9716.94	24.5 	35.1 	0.000000E+0	0.000000E+0	0.000000E+0	0.000000E+0	0.000000E+0	0.000000E+0	0.000000E+0	0.000000E+0
200.0   	141     	3.453311E-2 	4.590795E-5	1.61E+1    	200.00    	9718.88	24.5 	35.1 	0.000000E+0	0.000000E+0	0.000000E+0	0.000000E+0	0.000000E+0	0.000000E+0	0.000000E+0	0.000000E+0
200.0   	142     	3.460242E-2 	1.823733E-4	1.72E+1    	200.00    	9720.84	24.5 	35.1 	0.000000E+0	0.000000E+0	0.000000E+0	0.000000E+0	0.000000E+0	0.000000E+0	0.000000E+0	0.000000E+0
200.0   	143     	3.611630E-2 	8.470142E-5	1.64E+1    	200.00    	9722.80	24.5 	35.1 	0.000000E+0	0.000000E+0	0.000000E+0	0.000000E+0	0.000000E+0	0.000000E+0	0.000000E+0	0.000000E+0
200.0   	144     	1.407311E-1 	2.221984E-4	1.80E+1    	200.00    	9724.74	24.5 	35.1 	0.000000E+0	0.000000E+0	0.000000E+0	0.000000E+0	0.000000E+0	0.000000E+0	0.000000E+0	0.000000E+0
200.0   	145     	1.441983E-1 	6.976362E-5	1.78E+1    	200.00    	9726.68	24.5 	35.1 	0.000000E+0	0.000000E+0	0.000000E+0	0.000000E+0	0.000000E+0	0.000000E+0	0.000000E+0	0.000000E+0
200.0   	146     	3.928491E-2 	2.117657E-4	1.59E+1    	200.00    	9728.62	24.5 	35.1 	0.000000E+0	0.000000E+0	0.000000E+0	0.000000E+0	0.000000E+0	0.000000E+0	0.000000E+0	0.000000E+0
200.0   	147     	3.838489E-2 	1.721475E-4	2.07E+1    	200.00    	9730.57	24.5 	35.1 	0.000000E+0	0.000000E+0	0.000000E+0	0.000000E+0	0.000000E+0	0.000000E+0	0.000000E+0	0.000000E+0
200.0   	148     	3.969869E-2 	1.107246E-4	1.90E+1    	200.00    	9732.52	24.5 	35.1 	0.000000E+0	0.000000E+0	0.000000E+0	0.000000E+0	0.000000E+0	0.000000E+0	0.000000E+0	0.000000E+0
200.0   	149     	3.741047E-2 	2.096780E-4	1.57E+1    	200.00    	9734.47	24.5 	35.1 	0.000000E+0	0.000000E+0	0.000000E+0	0.000000E+0	0.000000E+0	0.000000E+0	0.000000E+0	0.000000E+0
200.0   	150     	3.624938E-1 	1.074616E-5	1.82E+1    	200.00    	9736.42	24.5 	35.1 	0.000000E+0	0.000000E+0	0.000000E+0	0.000000E+0	0.000000E+0	0.000000E+0	0.000000E+0	0.000000E+0
200.0   	151     	3.719520E-2 	1.942656E-4	1.72E+1    	200.00    	9738.34	24.5 	35.1 	0.000000E+0	0.000000E+0	0.000000E+0	0.000000E+0	0.000000E+0	0.000000E+0	0.000000E+0	0.000000E+0
200.0   	152     	3.704737E-2 	1.322799E-4	2.16E+1    	200.00    	9740.30	24.5 	35.1 	0.000000E+0	0.000000E+0	0.000000E+0	0.000000E+0	0.000000E+0	0.000000E+0	0.000000E+0	0.000000E+0
200.0   	153     	3.709168E-2 	1.108159E-4	1.79E+1    	200.00    	9742.25	24.5 	35.1 	0.000000E+0	0.000000E+0	0.000000E+0	0.000000E+0	0.000000E+0	0.000000E+0	0.000000E+0	0.000000E+0
200.0   	154     	3.708312E-2 	2.243987E-5	1.80E+1    	200.00    	9744.20	24.5 	35.1 	0.000000E+0	0.000000E+0	0.000000E+0	0.000000E+0	0.000000E+0	0.000000E+0	0.000000E+0	0.000000E+0
200.0   	155     	3.233523E-1 	1.921304E-4	1.86E+1    	200.00    	9746.16	24.5 	35.1 	0.000000E+0	0.000000E+0	0.000000E+0	0.000000E+0	0.000000E+0	0.000000E+0	0.000000E+0	0.000000E+0
200.0   	156     	3.419945E-2 	1.635170E-4	1.56E+1    	200.00    	9748.11	24.5 	35.1 	0.000000E+0	0.000000E+0	0.000000E+0	0.000000E+0	0.000000E+0	0.000000E+0	0.000000E+0	0.000000E+0
200.0   	157     	3.382272E-2 	7.419503E-5	1.74E+1    	200.00    	9750.03	24.5 	35.1 	0.000000E+0	0.000000E+0	0.000000E+0	0.000000E+0	0.000000E+0	0.000000E+0	0.000000E+0	0.000000E+0
200.0   	158     	3.387369E-2 	1.885596E-5	1.70E+1    	200.00    	9751.98	24.5 	35.1 	0.000000E+0	0.000000E+0	0.000000E+0	0.000000E+0	0.000000E+0	0.000000E+0	0.000000E+0	0.000000E+0
200.0   	159     	8.625345E-2 	2.664224E-4	2.00E+1    	200.00    	9753.93	24.5 	35.1 	0.000000E+0	0.000000E+0	0.000000E+0	0.000000E+0	0.000000E+0	0.000000E+0	0.000000E+0	0.000000E+0
200.0   	160     	1.407743E-1 	4.473258E-5	1.79E+1    	200.00    	9755.87	24.5 	35.1 	0.000000E+0	0.000000E+0	0.000000E+0	0.000000E+0	0.000000E+0	0.000000E+0	0.000000E+0	0.000000E+0
200.0   	161     	1.470013E-1 	1.685383E-4	1.81E+1    	200.00    	9757.83	24.5 	35.1 	0.000000E+0	0.000000E+0	0.000000E+0	0.000000E+0	0.000000E+0	0.000000E+0	0.000000E+0	0.000000E+0
200.0   	162     	4.104696E-2 	1.273552E-4	2.09E+1    	200.00    	9759.75	24.5 	35.1 	0.000000E+0	0.000000E+0	0.000000E+0	0.000000E+0	0.000000E+0	0.000000E+0	0.000000E+0	0.000000E+0
200.0   	163     	5.239277E-2 	6.143142E-4	1.82E+1    	200.00    	9761.69	24.5 	35.1 	0.000000E+0	0.000000E+0	0.000000E+0	0.000000E+0	0.000000E+0	0.000000E+0	0.000000E+0	0.000000E+0
200.0   	164     	1.389475E-3 	4.967745E-4	1.80E+1    	200.00    	9763.65	24.5 	35.1 	0.000000E+0	0.000000E+0	0.000000E+0	0.000000E+0	0.000000E+0	0.000000E+0	0.000000E+0	0.000000E+0
200.0   	165     	4.115936E-2 	2.517215E-4	1.62E+1    	200.00    	9765.60	24.5 	35.1 	0.000000E+0	0.000000E+0	0.000000E+0	0.000000E+0	0.000000E+0	0.000000E+0	0.000000E+0	0.000000E+0
200.0   	166     	3.934380E-2 	2.009748E-4	2.06E+1    	200.00    	9767.55	24.5 	35.1 	0.000000E+0	0.000000E+0	0.000000E+0	0.000000E+0	0.000000E+0	0.000000E+0	0.000000E+0	0.000000E+0
200.0   	167     	3.844472E-2 	2.644809E-4	1.91E+1    	200.00    	9769.50	24.5 	35.1 	0.000000E+0	0.000000E+0	0.000000E+0	0.000000E+0	0.000000E+0	0.000000E+0	0.000000E+0	0.000000E+0
200.0   	168     	7.665452E-2 	1.980564E-4	1.94E+1    	200.00    	9771.46	24.5 	35.1 	0.000000E+0	0.000000E+0	0.000000E+0	0.000000E+0	0.000000E+0	0.000000E+0	0.000000E+0	0.000000E+0
200.0   	169     	3.584406E-2 	2.642288E-4	1.72E+1    	200.00    	9773.41	24.5 	35.1 	0.000000E+0	0.000000E+0	0.000000E+0	0.000000E+0	0.000000E+0	0.000000E+0	0.000000E+0	0.000000E+0
200.0   	170     	3.502791E-2 	1.055618E-4	1.97E+1    	200.00    	9775.37	24.5 	35.1 	0.000000E+0	0.000000E+0	0.000000E+0	0.000000E+0	0.000000E+0	0.000000E+0	0.000000E+0	0.000000E+0
200.0   	171     	2.373455E-1 	8.223887E-4	1.89E+1    	200.00    	9777.32	24.5 	35.1 	0.000000E+0	0.000000E+0	0.000000E+0	0.000000E+0	0.000000E+0	0.000000E+0	0.000000E+0	0.000000E+0
200.0   	172     	3.320635E-2 	3.761753E-4	1.94E+1    	200.00    	9779.27	24.5 	35.1 	0.000000E+0	0.000000E+0	0.000000E+0	0.000000E+0	0.000000E+0	0.000000E+0	0.000000E+0	0.000000E+0
200.0   	173     	3.263397E-2 	2.550220E-4	1.87E+1    	200.00    	9781.22	24.5 	35.1 	0.000000E+0	0.000000E+0	0.000000E+0	0.000000E+0	0.000000E+0	0.000000E+0	0.000000E+0	0.000000E+0
200.0   	174     	3.293535E-2 	1.488248E-4	1.92E+1    	200.00    	9783.18	24.5 	35.1 	0.000000E+0	0.000000E+0	0.000000E+0	0.000000E+0	0.000000E+0	0.000000E+0	0.000000E+0	0.000000E+0
200.0   	175     	1.740738E-1 	1.421693E-4	1.87E+1    	200.00    	9785.12	24.5 	35.1 	0.000000E+0	0.000000E+0	0.000000E+0	0.000000E+0	0.000000E+0	0.000000E+0	0.000000E+0	0.000000E+0
200.0   	176     	1.414039E-1 	1.770521E-4	1.92E+1    	200.00    	9787.08	24.5 	35.1 	0.000000E+0	0.000000E+0	0.000000E+0	0.000000E+0	0.000000E+0	0.000000E+0	0.000000E+0	0.000000E+0
200.0   	177     	3.001411E-1 	4.245309E-4	1.73E+1    	200.00    	9789.02	24.5 	35.1 	0.000000E+0	0.000000E+0	0.000000E+0	0.000000E+0	0.000000E+0	0.000000E+0	0.000000E+0	0.000000E+0
200.0   	178     	4.291573E-2 	4.256394E-5	1.88E+1    	200.00    	9790.96	24.5 	35.1 	0.000000E+0	0.000000E+0	0.000000E+0	0.000000E+0	0.000000E+0	0.000000E+0	0.000000E+0	0.000000E+0
200.0   	179     	4.643353E-2 	1.319064E-5	1.85E+1    	200.00    	9792.91	24.5 	35.1 	0.000000E+0	0.000000E+0	0.000000E+0	0.000000E+0	0.000000E+0	0.000000E+0	0.000000E+0	0.000000E+0
200.0   	180     	5.492187E-2 	4.358369E-4	1.74E+1    	200.00    	9794.86	24.5 	35.1 	0.000000E+0	0.000000E+0	0.000000E+0	0.000000E+0	0.000000E+0	0.000000E+0	0.000000E+0	0.000000E+0
200.0   	181     	4.076081E-2 	8.389274E-3	1.84E+1    	200.00    	9796.80	24.5 	35.1 	0.000000E+0	0.000000E+0	0.000000E+0	0.000000E+0	0.000000E+0	0.000000E+0	0.000000E+0	0.000000E+0
200.0   	182     	4.059587E-2 	4.440058E-4	1.69E+1    	200.00    	9798.76	24.5 	35.1 	0.000000E+0	0.000000E+0	0.000000E+0	0.000000E+0	0.000000E+0	0.000000E+0	0.000000E+0	0.000000E+0
200.0   	183     	3.892087E-2 	4.831230E-4	1.89E+1    	200.00    	9800.71	24.5 	35.1 	0.000000E+0	0.000000E+0	0.000000E+0	0.000000E+0	0.000000E+0	0.000000E+0	0.000000E+0	0.000000E+0
200.0   	184     	3.678777E-2 	4.546860E-4	1.86E+1    	200.00    	9802.65	24.5 	35.1 	0.000000E+0	0.000000E+0	0.000000E+0	0.000000E+0	0.000000E+0	0.000000E+0	0.000000E+0	0.000000E+0
200.0   	185     	2.188381E-1 	1.949456E-4	1.72E+1    	200.00    	9804.59	24.5 	35.1 	0.000000E+0	0.000000E+0	0.000000E+0	0.000000E+0	0.000000E+0	0.000000E+0	0.000000E+0	0.000000E+0
200.0   	186     	3.365778E-2 	2.701444E-4	2.05E+1    	200.00    	9806.54	24.5 	35.1 	0.000000E+0	0.000000E+0	0.000000E+0	0.000000E+0	0.000000E+0	0.000000E+0	0.000000E+0	0.000000E+0
200.0   	187     	7.639527E-2 	2.672538E-4	1.87E+1    	200.00    	9808.49	24.5 	35.1 	0.000000E+0	0.000000E+0	0.000000E+0	0.000000E+0	0.000000E+0	0.000000E+0	0.000000E+0	0.000000E+0
200.0   	188     	3.328580E-2 	1.536699E-4	1.69E+1    	200.00    	9810.43	24.5 	35.1 	0.000000E+0	0.000000E+0	0.000000E+0	0.000000E+0	0.000000E+0	0.000000E+0	0.000000E+0	0.000000E+0
200.0   	189     	3.231202E-2 	5.978053E-4	1.97E+1    	200.00    	9812.37	24.5 	35.1 	0.000000E+0	0.000000E+0	0.000000E+0	0.000000E+0	0.000000E+0	0.000000E+0	0.000000E+0	0.000000E+0
200.0   	190     	3.224079E-2 	2.050312E-4	1.93E+1    	200.00    	9814.32	24.5 	35.1 	0.000000E+0	0.000000E+0	0.000000E+0	0.000000E+0	0.000000E+0	0.000000E+0	0.000000E+0	0.000000E+0
200.0   	191     	4.691505E-2 	2.716747E-4	1.55E+1    	200.00    	9816.27	24.5 	35.1 	0.000000E+0	0.000000E+0	0.000000E+0	0.000000E+0	0.000000E+0	0.000000E+0	0.000000E+0	0.000000E+0
200.0   	192     	1.393930E-1 	6.224230E-5	1.79E+1    	200.00    	9818.23	24.5 	35.1 	0.000000E+0	0.000000E+0	0.000000E+0	0.000000E+0	0.000000E+0	0.000000E+0	0.000000E+0	0.000000E+0
200.0   	193     	1.492414E-1 	6.311310E-4	1.68E+1    	200.00    	9820.17	24.5 	35.1 	0.000000E+0	0.000000E+0	0.000000E+0	0.000000E+0	0.000000E+0	0.000000E+0	0.000000E+0	0.000000E+0
200.0   	194     	7.340932E-2 	4.415836E-4	1.60E+1    	200.00    	9822.09	24.5 	35.1 	0.000000E+0	0.000000E+0	0.000000E+0	0.000000E+0	0.000000E+0	0.000000E+0	0.000000E+0	0.000000E+0
200.0   	195     	4.268084E-2 	2.519196E-4	1.95E+1    	200.00    	9824.05	24.5 	35.1 	0.000000E+0	0.000000E+0	0.000000E+0	0.000000E+0	0.000000E+0	0.000000E+0	0.000000E+0	0.000000E+0
200.0   	196     	4.145823E-2 	3.949830E-5	1.87E+1    	200.00    	9826.00	24.5 	35.1 	0.000000E+0	0.000000E+0	0.000000E+0	0.000000E+0	0.000000E+0	0.000000E+0	0.000000E+0	0.000000E+0
200.0   	197     	4.142341E-2 	1.835482E-4	2.00E+1    	200.00    	9827.94	24.5 	35.1 	0.000000E+0	0.000000E+0	0.000000E+0	0.000000E+0	0.000000E+0	0.000000E+0	0.000000E+0	0.000000E+0
200.0   	198     	6.852265E-2 	5.764859E-5	1.61E+1    	200.00    	9829.90	24.5 	35.1 	0.000000E+0	0.000000E+0	0.000000E+0	0.000000E+0	0.000000E+0	0.000000E+0	0.000000E+0	0.000000E+0
200.0   	199     	3.851849E-2 	6.120584E-5	1.93E+1    	200.00    	9831.82	24.5 	35.1 	0.000000E+0	0.000000E+0	0.000000E+0	0.000000E+0	0.000000E+0	0.000000E+0	0.000000E+0	0.000000E+0
200.0   	200     	3.616283E-2 	5.541411E-5	2.10E+1    	200.00    	9833.76	24.5 	35.1 	0.000000E+0	0.000000E+0	0.000000E+0	0.000000E+0	0.000000E+0	0.000000E+0	0.000000E+0	0.000000E+0
200.0   	201     	2.596170E-1 	9.704289E-5	1.66E+1    	200.00    	9835.72	24.5 	35.1 	0.000000E+0	0.000000E+0	0.000000E+0	0.000000E+0	0.000000E+0	0.000000E+0	0.000000E+0	0.000000E+0
200.0   	202     	8.731588E-2 	1.034349E-4	1.51E+1    	200.00    	9837.67	24.5 	35.1 	0.000000E+0	0.000000E+0	0.000000E+0	0.000000E+0	0.000000E+0	0.000000E+0	0.000000E+0	0.000000E+0
200.0   	203     	3.414470E-2 	7.639075E-5	2.00E+1    	200.00    	9839.62	24.5 	35.1 	0.000000E+0	0.000000E+0	0.000000E+0	0.000000E+0	0.000000E+0	0.000000E+0	0.000000E+0	0.000000E+0
200.0   	204     	3.180106E-2 	7.711162E-5	1.89E+1    	200.00    	9841.58	24.5 	35.1 	0.000000E+0	0.000000E+0	0.000000E+0	0.000000E+0	0.000000E+0	0.000000E+0	0.000000E+0	0.000000E+0
200.0   	205     	3.154495E-2 	2.019296E-4	1.68E+1    	200.00    	9843.51	24.5 	35.1 	0.000000E+0	0.000000E+0	0.000000E+0	0.000000E+0	0.000000E+0	0.000000E+0	0.000000E+0	0.000000E+0
200.0   	206     	3.197455E-2 	1.459729E-4	1.81E+1    	200.00    	9845.47	24.5 	35.1 	0.000000E+0	0.000000E+0	0.000000E+0	0.000000E+0	0.000000E+0	0.000000E+0	0.000000E+0	0.000000E+0
200.0   	207     	3.327313E-2 	1.109626E-4	2.12E+1    	200.00    	9847.42	24.5 	35.1 	0.000000E+0	0.000000E+0	0.000000E+0	0.000000E+0	0.000000E+0	0.000000E+0	0.000000E+0	0.000000E+0
200.0   	208     	1.459727E-1 	1.296582E-4	1.75E+1    	200.00    	9849.38	24.5 	35.1 	0.000000E+0	0.000000E+0	0.000000E+0	0.000000E+0	0.000000E+0	0.000000E+0	0.000000E+0	0.000000E+0
200.0   	209     	1.541901E-1 	4.351853E-4	1.89E+1    	200.00    	9851.33	24.5 	35.1 	0.000000E+0	0.000000E+0	0.000000E+0	0.000000E+0	0.000000E+0	0.000000E+0	0.000000E+0	0.000000E+0
200.0   	210     	4.500926E-2 	6.882903E-5	1.80E+1    	200.00    	9853.29	24.5 	35.1 	0.000000E+0	0.000000E+0	0.000000E+0	0.000000E+0	0.000000E+0	0.000000E+0	0.000000E+0	0.000000E+0
200.0   	211     	4.335578E-2 	1.242072E-4	1.89E+1    	200.00    	9855.24	24.5 	35.1 	0.000000E+0	0.000000E+0	0.000000E+0	0.000000E+0	0.000000E+0	0.000000E+0	0.000000E+0	0.000000E+0
200.0   	212     	2.674531E-1 	7.028672E-5	1.91E+1    	200.00    	9857.19	24.5 	35.1 	0.000000E+0	0.000000E+0	0.000000E+0	0.000000E+0	0.000000E+0	0.000000E+0	0.000000E+0	0.000000E+0
200.0   	213     	3.995228E-2 	1.448835E-4	1.96E+1    	200.00    	9859.14	24.5 	35.1 	0.000000E+0	0.000000E+0	0.000000E+0	0.000000E+0	0.000000E+0	0.000000E+0	0.000000E+0	0.000000E+0
200.0   	214     	3.895758E-2 	1.792445E-4	1.99E+1    	200.00    	9861.08	24.5 	35.1 	0.000000E+0	0.000000E+0	0.000000E+0	0.000000E+0	0.000000E+0	0.000000E+0	0.000000E+0	0.000000E+0
200.0   	215     	3.693656E-2 	1.392280E-4	1.87E+1    	200.00    	9863.04	24.5 	35.1 	0.000000E+0	0.000000E+0	0.000000E+0	0.000000E+0	0.000000E+0	0.000000E+0	0.000000E+0	0.000000E+0
200.0   	216     	3.527201E-2 	1.033393E-4	1.74E+1    	200.00    	9864.98	24.5 	35.1 	0.000000E+0	0.000000E+0	0.000000E+0	0.000000E+0	0.000000E+0	0.000000E+0	0.000000E+0	0.000000E+0
200.0   	217     	3.371698E-2 	1.311483E-4	2.09E+1    	200.00    	9866.92	24.5 	35.1 	0.000000E+0	0.000000E+0	0.000000E+0	0.000000E+0	0.000000E+0	0.000000E+0	0.000000E+0	0.000000E+0
200.0   	218     	3.259027E-2 	1.501361E-4	1.60E+1    	200.00    	9868.87	24.5 	35.1 	0.000000E+0	0.000000E+0	0.000000E+0	0.000000E+0	0.000000E+0	0.000000E+0	0.000000E+0	0.000000E+0
200.0   	219     	3.175009E-2 	1.204962E-4	1.94E+1    	200.00    	9870.82	24.5 	35.1 	0.000000E+0	0.000000E+0	0.000000E+0	0.000000E+0	0.000000E+0	0.000000E+0	0.000000E+0	0.000000E+0
200.0   	220     	3.117867E-2 	1.969567E-4	2.07E+1    	200.00    	9872.77	24.5 	35.1 	0.000000E+0	0.000000E+0	0.000000E+0	0.000000E+0	0.000000E+0	0.000000E+0	0.000000E+0	0.000000E+0
200.0   	221     	1.031152E-1 	1.402148E-4	1.95E+1    	200.00    	9874.73	24.5 	35.1 	0.000000E+0	0.000000E+0	0.000000E+0	0.000000E+0	0.000000E+0	0.000000E+0	0.000000E+0	0.000000E+0
200.0   	222     	3.228542E-2 	2.128681E-4	1.79E+1    	200.00    	9876.69	24.5 	35.1 	0.000000E+0	0.000000E+0	0.000000E+0	0.000000E+0	0.000000E+0	0.000000E+0	0.000000E+0	0.000000E+0
200.0   	223     	3.518177E-2 	2.184104E-4	2.03E+1    	200.00    	9878.63	24.5 	35.1 	0.000000E+0	0.000000E+0	0.000000E+0	0.000000E+0	0.000000E+0	0.000000E+0	0.000000E+0	0.000000E+0
200.0   	224     	1.510740E-1 	8.730758E-5	1.67E+1    	200.00    	9880.58	24.5 	35.1 	0.000000E+0	0.000000E+0	0.000000E+0	0.000000E+0	0.000000E+0	0.000000E+0	0.000000E+0	0.000000E+0
200.0   	225     	1.639353E-1 	2.269314E-4	1.95E+1    	200.00    	9882.53	24.5 	35.1 	0.000000E+0	0.000000E+0	0.000000E+0	0.000000E+0	0.000000E+0	0.000000E+0	0.000000E+0	0.000000E+0
200.0   	226     	4.607421E-2 	1.565851E-4	1.74E+1    	200.00    	9884.48	24.5 	35.1 	0.000000E+0	0.000000E+0	0.000000E+0	0.000000E+0	0.000000E+0	0.000000E+0	0.000000E+0	0.000000E+0
200.0   	227     	4.337763E-2 	4.994277E-5	1.99E+1    	200.00    	9886.43	24.5 	35.1 	0.000000E+0	0.000000E+0	0.000000E+0	0.000000E+0	0.000000E+0	0.000000E+0	0.000000E+0	0.000000E+0
200.0   	228     	4.091148E-2 	1.105966E-4	1.78E+1    	200.00    	9888.37	24.5 	35.1 	0.000000E+0	0.000000E+0	0.000000E+0	0.000000E+0	0.000000E+0	0.000000E+0	0.000000E+0	0.000000E+0
200.0   	229     	8.794275E-2 	9.860540E-5	1.90E+1    	200.00    	9890.33	24.5 	35.1 	0.000000E+0	0.000000E+0	0.000000E+0	0.000000E+0	0.000000E+0	0.000000E+0	0.000000E+0	0.000000E+0
200.0   	230     	6.958385E-2 	1.704923E-4	1.93E+1    	200.00    	9892.28	24.5 	35.1 	0.000000E+0	0.000000E+0	0.000000E+0	0.000000E+0	0.000000E+0	0.000000E+0	0.000000E+0	0.000000E+0
200.0   	231     	3.616000E-2 	1.374515E-4	1.55E+1    	200.00    	9894.23	24.5 	35.1 	0.000000E+0	0.000000E+0	0.000000E+0	0.000000E+0	0.000000E+0	0.000000E+0	0.000000E+0	0.000000E+0
200.0   	232     	3.510011E-2 	1.101173E-4	2.06E+1    	200.00    	9896.18	24.5 	35.1 	0.000000E+0	0.000000E+0	0.000000E+0	0.000000E+0	0.000000E+0	0.000000E+0	0.000000E+0	0.000000E+0
200.0   	233     	3.390883E-2 	1.351956E-4	1.81E+1    	200.00    	9898.13	24.5 	35.1 	0.000000E+0	0.000000E+0	0.000000E+0	0.000000E+0	0.000000E+0	0.000000E+0	0.000000E+0	0.000000E+0
200.0   	234     	5.342037E-2 	1.131093E-4	1.84E+1    	200.00    	9900.08	24.5 	35.1 	0.000000E+0	0.000000E+0	0.000000E+0	0.000000E+0	0.000000E+0	0.000000E+0	0.000000E+0	0.000000E+0
200.0   	235     	3.164973E-2 	1.543066E-5	1.80E+1    	200.00    	9902.00	24.5 	35.1 	0.000000E+0	0.000000E+0	0.000000E+0	0.000000E+0	0.000000E+0	0.000000E+0	0.000000E+0	0.000000E+0
200.0   	236     	3.136261E-2 	9.278324E-5	2.05E+1    	200.00    	9903.96	24.5 	35.1 	0.000000E+0	0.000000E+0	0.000000E+0	0.000000E+0	0.000000E+0	0.000000E+0	0.000000E+0	0.000000E+0
200.0   	237     	3.165322E-2 	9.029515E-5	1.53E+1    	200.00    	9905.91	24.5 	35.1 	0.000000E+0	0.000000E+0	0.000000E+0	0.000000E+0	0.000000E+0	0.000000E+0	0.000000E+0	0.000000E+0
200.0   	238     	2.857070E-1 	1.444456E-4	1.84E+1    	200.00    	9907.86	24.5 	35.1 	0.000000E+0	0.000000E+0	0.000000E+0	0.000000E+0	0.000000E+0	0.000000E+0	0.000000E+0	0.000000E+0
200.0   	239     	6.090013E-2 	9.435478E-5	2.08E+1    	200.00    	9909.80	24.5 	35.1 	0.000000E+0	0.000000E+0	0.000000E+0	0.000000E+0	0.000000E+0	0.000000E+0	0.000000E+0	0.000000E+0
200.0   	240     	1.719291E-1 	2.771501E-4	1.92E+1    	200.00    	9911.75	24.5 	35.1 	0.000000E+0	0.000000E+0	0.000000E+0	0.000000E+0	0.000000E+0	0.000000E+0	0.000000E+0	0.000000E+0
200.0   	241     	3.058510E-1 	1.447039E-4	1.68E+1    	200.00    	9913.69	24.5 	35.1 	0.000000E+0	0.000000E+0	0.000000E+0	0.000000E+0	0.000000E+0	0.000000E+0	0.000000E+0	0.000000E+0
200.0   	242     	1.605732E-1 	1.260519E-4	1.49E+1    	200.00    	9915.65	24.5 	35.1 	0.000000E+0	0.000000E+0	0.000000E+0	0.000000E+0	0.000000E+0	0.000000E+0	0.000000E+0	0.000000E+0
200.0   	243     	1.499505E-1 	7.541770E-5	1.64E+1    	200.00    	9917.59	24.5 	35.1 	0.000000E+0	0.000000E+0	0.000000E+0	0.000000E+0	0.000000E+0	0.000000E+0	0.000000E+0	0.000000E+0
200.0   	244     	1.451616E-1 	2.305355E-4	1.84E+1    	200.00    	9919.54	24.5 	35.1 	0.000000E+0	0.000000E+0	0.000000E+0	0.000000E+0	0.000000E+0	0.000000E+0	0.000000E+0	0.000000E+0
200.0   	245     	1.420694E-1 	1.255007E-4	1.77E+1    	200.00    	9921.48	24.5 	35.1 	0.000000E+0	0.000000E+0	0.000000E+0	0.000000E+0	0.000000E+0	0.000000E+0	0.000000E+0	0.000000E+0
200.0   	246     	1.398106E-1 	1.221016E-4	2.11E+1    	200.00    	9923.42	24.5 	35.1 	0.000000E+0	0.000000E+0	0.000000E+0	0.000000E+0	0.000000E+0	0.000000E+0	0.000000E+0	0.000000E+0
200.0   	247     	1.389764E-1 	2.895558E-4	1.62E+1    	200.00    	9925.37	24.5 	35.1 	0.000000E+0	0.000000E+0	0.000000E+0	0.000000E+0	0.000000E+0	0.000000E+0	0.000000E+0	0.000000E+0
200.0   	248     	2.137572E-1 	1.883244E-4	1.76E+1    	200.00    	9927.32	24.5 	35.1 	0.000000E+0	0.000000E+0	0.000000E+0	0.000000E+0	0.000000E+0	0.000000E+0	0.000000E+0	0.000000E+0
200.0   	249     	4.431354E-1 	1.501470E-4	2.11E+1    	200.00    	9929.28	24.5 	35.1 	0.000000E+0	0.000000E+0	0.000000E+0	0.000000E+0	0.000000E+0	0.000000E+0	0.000000E+0	0.000000E+0
200.0   	250     	1.348160E-1 	1.794776E-4	1.98E+1    	200.00    	9931.20	24.5 	35.1 	0.000000E+0	0.000000E+0	0.000000E+0	0.000000E+0	0.000000E+0	0.000000E+0	0.000000E+0	0.000000E+0
200.0   	251     	1.336722E-1 	6.791409E-5	1.83E+1    	200.00    	9933.16	24.5 	35.1 	0.000000E+0	0.000000E+0	0.000000E+0	0.000000E+0	0.000000E+0	0.000000E+0	0.000000E+0	0.000000E+0
200.0   	252     	1.734398E-1 	9.643196E-5	1.49E+1    	200.00    	9935.11	24.5 	35.1 	0.000000E+0	0.000000E+0	0.000000E+0	0.000000E+0	0.000000E+0	0.000000E+0	0.000000E+0	0.000000E+0
200.0   	253     	2.221705E-1 	8.323703E-5	1.78E+1    	200.00    	9937.05	24.5 	35.1 	0.000000E+0	0.000000E+0	0.000000E+0	0.000000E+0	0.000000E+0	0.000000E+0	0.000000E+0	0.000000E+0
200.0   	254     	7.211732E-1 	1.945872E-4	1.60E+1    	200.00    	9939.00	24.5 	35.1 	0.000000E+0	0.000000E+0	0.000000E+0	0.000000E+0	0.000000E+0	0.000000E+0	0.000000E+0	0.000000E+0
200.0   	255     	1.632992E-1 	4.767686E-5	1.57E+1    	200.00    	9940.95	24.5 	35.1 	0.000000E+0	0.000000E+0	0.000000E+0	0.000000E+0	0.000000E+0	0.000000E+0	0.000000E+0	0.000000E+0
200.0   	256     	3.534178E-1 	1.154076E-4	1.93E+1    	200.00    	9942.89	24.5 	35.1 	0.000000E+0	0.000000E+0	0.000000E+0	0.000000E+0	0.000000E+0	0.000000E+0	0.000000E+0	0.000000E+0
200.0   	257     	3.610258E-3 	1.847666E-4	1.96E+1    	200.00    	9944.84	24.5 	35.1 	0.000000E+0	0.000000E+0	0.000000E+0	0.000000E+0	0.000000E+0	0.000000E+0	0.000000E+0	0.000000E+0
200.0   	258     	2.203711E-3 	4.507906E-5	1.53E+1    	200.00    	9946.80	24.5 	35.1 	0.000000E+0	0.000000E+0	0.000000E+0	0.000000E+0	0.000000E+0	0.000000E+0	0.000000E+0	0.000000E+0
200.0   	259     	1.688640E-3 	1.717622E-4	1.88E+1    	200.00    	9948.73	24.5 	35.1 	0.000000E+0	0.000000E+0	0.000000E+0	0.000000E+0	0.000000E+0	0.000000E+0	0.000000E+0	0.000000E+0
200.0   	260     	2.414551E-3 	1.606892E-4	1.58E+1    	200.00    	9950.69	24.5 	35.1 	0.000000E+0	0.000000E+0	0.000000E+0	0.000000E+0	0.000000E+0	0.000000E+0	0.000000E+0	0.000000E+0
200.0   	261     	2.989136E-3 	1.310630E-4	1.67E+1    	200.00    	9952.65	24.5 	35.1 	0.000000E+0	0.000000E+0	0.000000E+0	0.000000E+0	0.000000E+0	0.000000E+0	0.000000E+0	0.000000E+0
200.0   	262     	1.875737E-3 	1.341851E-4	1.92E+1    	200.00    	9954.60	24.5 	35.1 	0.000000E+0	0.000000E+0	0.000000E+0	0.000000E+0	0.000000E+0	0.000000E+0	0.000000E+0	0.000000E+0
200.0   	263     	1.618360E-3 	1.869407E-4	1.68E+1    	200.00    	9956.55	24.5 	35.1 	0.000000E+0	0.000000E+0	0.000000E+0	0.000000E+0	0.000000E+0	0.000000E+0	0.000000E+0	0.000000E+0
200.0   	264     	-1.112273E-3	6.842642E-5	2.11E+1    	200.00    	9958.51	24.5 	35.1 	0.000000E+0	0.000000E+0	0.000000E+0	0.000000E+0	0.000000E+0	0.000000E+0	0.000000E+0	0.000000E+0
