#Measurement:		CV
#Sensor type:		CALICE_6in_256ch
#Needle measurement:	0
#Identifier:		77_20250509_3
#Timestamp:		10.5.2025 0:43 
#Voltage delay:		20.0 s
#Switch delay:		0.3 s
#Compliance level:		2000.00 uA
#Mask pads above:		5.00 uA
#Voltage limit:		100.0 V
#LCR freq.:		2000 Hz
#LCR voltg.:		0.50 V
#Repeat:			1
#Sampling number:		3
#Source as DMM:		0
#Custom channels:		None
#Masked channels:		None
#Vltg. sign inversion?:	1
#VISA source:		GPIB0::18::INSTR
#VISA DMM:		GPIB0::25::INSTR
#VISA LCR:		GPIB0::17::INSTR
#HexPlot cmd:		C:\Users\calice\Desktop\ProbeStation\HGCAL_sensor_tests-CALICE_6in_256ch\bin\HexPlot.exe -i "D:\ProbeStationData\Ferran\CALICE_6in_256ch_77_20250509_3\CALICE_6in_256ch_77_20250509_3_CV.txt" -o  "D:\ProbeStationData\Ferran\CALICE_6in_256ch_77_20250509_3\CALICE_6in_256ch_77_20250509_3_CV.pdf" --CV  --select 200  --if SELECTOR:PADNUM:VAL  --pn 0 --invertx -g "C:\Users\calice\Desktop\SensorTest_CALICE_6in_256ch-melissa_20241018\HGCAL_sensor_tests-CALICE_6in_256ch\src\..\geo\hex_positions_HPK_256ch_6inch_CALICE.txt" --colorpalette 1
#HexPlot analysis cmd:	C:\Users\calice\Desktop\ProbeStation\HGCAL_sensor_tests-CALICE_6in_256ch\bin\HexPlot.exe -i "D:\ProbeStationData\Ferran\CALICE_6in_256ch_77_20250509_3\CALICE_6in_256ch_77_20250509_3_CV.txt" -o  "D:\ProbeStationData\Ferran\CALICE_6in_256ch_77_20250509_3\CALICE_6in_256ch_77_20250509_3_CV_analysis.pdf" --CV  --select 200  --if SELECTOR:PADNUM:VAL -p PAD --sc 1-120--invertx -g "C:\Users\calice\Desktop\SensorTest_CALICE_6in_256ch-melissa_20241018\HGCAL_sensor_tests-CALICE_6in_256ch\src\..\geo\hex_positions_HPK_256ch_6inch_CALICE.txt" --colorpalette 1
#HexPlot on matrix cmd:	C:\Users\calice\Desktop\ProbeStation\HGCAL_sensor_tests-CALICE_6in_256ch\bin\HexPlot.exe -i "D:\ProbeStationData\Ferran\CALICE_6in_256ch_77_20250509_3\CALICE_6in_256ch_77_20250509_3_CV.txt" -o  "D:\ProbeStationData\Ferran\CALICE_6in_256ch_77_20250509_3\CALICE_6in_256ch_77_20250509_3_CV.pdf" --CV  --select 200  --if SELECTOR:PADNUM:VAL  --pn 0 --invertx -g "C:\Users\calice\Desktop\SensorTest_CALICE_6in_256ch-melissa_20241018\HGCAL_sensor_tests-CALICE_6in_256ch\geo\switch_matrix.txt" -m "C:\Users\calice\Desktop\SensorTest_CALICE_6in_256ch-melissa_20241018\HGCAL_sensor_tests-CALICE_6in_256ch\src\..\maps\Probe_card_CALICE_6in_256ch.txt"  --colorpalette 1
#Voltage file:		C:\Users\calice\Desktop\ProbeStation\SensorTest_CALICE_6in_256ch\HGCAL_sensor_tests-CALICE_6in_256ch\config\Voltages_20250214.txt
#CV correction file:		None
#Comments:		stabilization on cv+iv

#Voltage	#Channel	#Cs        	#Error     	#Tot. curr.	#Act. vlt.	#Time   	#Temp	#Hum.	#Cp        	#Error      	#Impedance 	#Error     	#Phase      	#Error      	#Cs uncorr.	#Cp uncorr.
#[V]    	#       	#[pF]      	#[pF]      	#[nA]      	#[V]      	#[s]    	#[C] 	#[%] 	#[pF]      	#[pF]       	#[Ohm]     	#[Ohm]     	#[Rad]      	#[Rad]      	#[pF]      	#[pF]      
5.0     	1       	1.100103E+1	1.253832E-3	2.52E+1    	5.00      	3676.25 	23.3 	33.3 	1.100099E+1	1.560378E-6 	7.233650E+6	8.228609E+2	-1.572730E+0	1.493318E-4 	1.100103E+1	1.100099E+1
5.0     	2       	1.110534E+1	5.939924E-4	2.58E+1    	5.00      	3678.74 	23.3 	33.3 	1.110525E+1	3.602179E-7 	7.165723E+6	3.852705E+2	-1.573720E+0	9.848858E-5 	1.110534E+1	1.110525E+1
5.0     	3       	5.943826E-1	1.668066E-3	2.62E+1    	5.00      	3681.31 	23.3 	33.3 	5.492249E-1	1.163876E-6 	1.392783E+8	3.046446E+5	-1.850027E+0	3.631120E-3 	5.943826E-1	5.492249E-1
5.0     	4       	1.135174E+1	4.848715E-4	2.61E+1    	5.00      	3683.88 	23.3 	33.3 	1.135171E+1	2.354824E-7 	7.010167E+6	2.995552E+2	-1.572357E+0	1.154701E-5 	1.135174E+1	1.135171E+1
5.0     	5       	1.358902E+0	2.705654E-3	2.63E+1    	5.00      	3686.45 	23.3 	33.3 	1.357789E+0	7.247838E-6 	5.858427E+7	1.162623E+5	-1.599407E+0	7.750054E-4 	1.358902E+0	1.357789E+0
5.0     	6       	1.095215E+1	2.166342E-3	2.63E+1    	5.00      	3689.02 	23.3 	33.3 	1.095205E+1	4.724913E-6 	7.265953E+6	1.439768E+3	-1.573857E+0	1.320353E-4 	1.095215E+1	1.095205E+1
5.0     	7       	1.069313E+1	1.832782E-3	2.63E+1    	5.00      	3691.59 	23.3 	33.3 	1.069296E+1	3.403384E-6 	7.441987E+6	1.279857E+3	-1.574770E+0	2.306513E-4 	1.069313E+1	1.069296E+1
5.0     	8       	1.069252E+1	6.619002E-4	2.64E+1    	5.00      	3694.16 	23.3 	33.3 	1.069249E+1	4.354324E-7 	7.442360E+6	4.600000E+2	-1.572667E+0	6.429101E-5 	1.069252E+1	1.069249E+1
5.0     	9       	1.065336E+1	2.641749E-3	2.64E+1    	5.00      	3696.74 	23.3 	33.3 	1.065332E+1	6.965251E-6 	7.469720E+6	1.851135E+3	-1.572760E+0	1.587451E-4 	1.065336E+1	1.065332E+1
5.0     	10      	1.113958E+1	1.257030E-3	2.67E+1    	5.00      	3699.31 	23.3 	33.3 	1.113725E+1	1.636821E-6 	7.144417E+6	8.134699E+2	-1.585247E+0	7.023769E-5 	1.113958E+1	1.113725E+1
5.0     	11      	4.344237E+0	5.860528E-2	2.66E+1    	5.00      	3701.88 	23.3 	33.3 	2.184019E+0	2.286915E-4 	2.583670E+7	2.645456E+5	-7.881673E-1	3.317959E-3 	4.344237E+0	2.184019E+0
5.0     	12      	2.591155E+0	6.133200E-4	2.66E+1    	5.00      	3704.46 	23.3 	33.3 	2.578355E+0	3.100055E-7 	3.078733E+7	6.800980E+3	-1.500457E+0	7.124839E-4 	2.591155E+0	2.578355E+0
5.0     	13      	1.109537E+1	1.565248E-3	2.66E+1    	5.00      	3707.04 	23.3 	33.3 	1.109532E+1	2.444836E-6 	7.172150E+6	1.011187E+3	-1.572997E+0	8.736895E-5 	1.109537E+1	1.109532E+1
5.0     	14      	1.081251E+1	8.350870E-4	2.68E+1    	5.00      	3709.60 	23.3 	33.3 	1.081246E+1	6.996197E-7 	7.359777E+6	5.688878E+2	-1.573063E+0	6.658328E-5 	1.081251E+1	1.081246E+1
5.0     	15      	1.080775E+1	6.828182E-4	2.70E+1    	5.00      	3712.17 	23.3 	33.4 	1.080754E+1	4.765610E-7 	7.363070E+6	4.677606E+2	-1.575217E+0	1.209683E-4 	1.080775E+1	1.080754E+1
5.0     	16      	1.091844E+1	4.533070E-4	2.68E+1    	5.00      	3714.74 	23.3 	33.3 	1.091840E+1	2.031271E-7 	7.288367E+6	3.017173E+2	-1.572793E+0	6.110101E-5 	1.091844E+1	1.091840E+1
5.0     	17      	1.067766E+1	1.595652E-3	2.70E+1    	5.00      	3717.31 	23.3 	33.3 	1.067748E+1	2.539539E-6 	7.452770E+6	1.112969E+3	-1.574877E+0	7.571878E-5 	1.067766E+1	1.067748E+1
5.0     	18      	1.050400E+1	1.347667E-3	2.70E+1    	5.00      	3719.89 	23.3 	33.3 	1.050372E+1	1.825908E-6 	7.576023E+6	9.732591E+2	-1.576000E+0	1.509967E-4 	1.050400E+1	1.050372E+1
5.0     	19      	1.071563E+1	1.628794E-3	2.67E+1    	5.00      	3722.47 	23.3 	33.4 	1.071556E+1	2.676421E-6 	7.426323E+6	1.131209E+3	-1.573470E+0	1.345362E-4 	1.071563E+1	1.071556E+1
5.0     	20      	1.032078E+1	1.002694E-3	2.69E+1    	5.00      	3725.03 	23.3 	33.4 	1.032049E+1	1.025580E-6 	7.710520E+6	7.528612E+2	-1.576090E+0	1.400000E-4 	1.032078E+1	1.032049E+1
5.0     	21      	1.060404E+1	1.441292E-3	2.72E+1    	5.00      	3727.60 	23.3 	33.4 	1.060381E+1	2.088024E-6 	7.504530E+6	1.021372E+3	-1.575437E+0	1.150362E-4 	1.060404E+1	1.060381E+1
5.0     	22      	1.037832E+1	1.601755E-3	2.69E+1    	5.00      	3730.17 	23.3 	33.3 	1.037807E+1	2.598661E-6 	7.667757E+6	1.187322E+3	-1.575793E+0	1.011599E-4 	1.037832E+1	1.037807E+1
5.0     	23      	1.032627E+1	7.002576E-4	2.69E+1    	5.00      	3732.74 	23.3 	33.4 	1.032612E+1	4.868094E-7 	7.706370E+6	5.216321E+2	-1.574647E+0	4.509250E-5 	1.032627E+1	1.032612E+1
5.0     	24      	1.034119E+1	1.754617E-3	2.71E+1    	5.00      	3735.31 	23.3 	33.4 	1.034107E+1	3.106304E-6 	7.695240E+6	1.308472E+3	-1.574120E+0	1.352775E-4 	1.034119E+1	1.034107E+1
5.0     	25      	1.056518E+1	1.030270E-3	2.73E+1    	5.00      	3737.88 	23.3 	33.3 	1.056214E+1	1.063936E-6 	7.533133E+6	7.349376E+2	-1.587763E+0	1.457166E-4 	1.056518E+1	1.056214E+1
5.0     	26      	5.533528E+0	7.887271E-2	2.72E+1    	5.00      	3740.46 	23.3 	33.3 	2.707753E+0	1.160507E-3 	2.056067E+7	2.779607E+5	-7.747410E-1	8.661108E-4 	5.533528E+0	2.707753E+0
5.0     	27      	1.081087E+1	1.653171E-3	2.69E+1    	5.00      	3743.03 	23.3 	33.3 	1.080762E+1	2.710943E-6 	7.361983E+6	1.123581E+3	-1.588143E+0	2.081666E-5 	1.081087E+1	1.080762E+1
5.0     	28      	1.062471E+1	7.251336E-4	2.70E+1    	5.00      	3745.59 	23.3 	33.3 	1.062437E+1	5.452503E-7 	7.489967E+6	5.158811E+2	-1.576480E+0	1.322876E-4 	1.062471E+1	1.062437E+1
5.0     	29      	1.035796E+1	1.036249E-3	2.72E+1    	5.00      	3748.17 	23.3 	33.3 	1.035769E+1	1.078559E-6 	7.682837E+6	7.694370E+2	-1.575873E+0	4.932883E-5 	1.035796E+1	1.035769E+1
5.0     	30      	1.037952E+1	7.743394E-4	2.71E+1    	5.00      	3750.74 	23.3 	33.3 	1.037930E+1	6.110598E-7 	7.666860E+6	5.747173E+2	-1.575330E+0	7.810250E-5 	1.037952E+1	1.037930E+1
5.0     	31      	1.045811E+1	1.195667E-3	2.70E+1    	5.00      	3753.32 	23.3 	33.3 	1.045783E+1	1.406085E-6 	7.609267E+6	8.663333E+2	-1.575913E+0	1.530795E-4 	1.045811E+1	1.045783E+1
5.0     	32      	1.072327E+1	2.106795E-3	2.70E+1    	5.00      	3755.90 	23.3 	33.3 	1.072312E+1	4.388808E-6 	7.421060E+6	1.453823E+3	-1.574460E+0	1.558846E-4 	1.072327E+1	1.072312E+1
5.0     	33      	1.076020E+1	1.561899E-3	2.72E+1    	5.00      	3758.48 	23.3 	33.3 	1.076009E+1	2.464408E-6 	7.395577E+6	1.076212E+3	-1.573867E+0	1.357694E-4 	1.076020E+1	1.076009E+1
5.0     	34      	1.039022E+1	2.013501E-3	2.73E+1    	5.00      	3761.06 	23.3 	33.3 	1.038995E+1	4.092384E-6 	7.658980E+6	1.487582E+3	-1.575903E+0	1.594783E-4 	1.039022E+1	1.038995E+1
5.0     	35      	1.029854E+1	1.553286E-3	2.71E+1    	5.00      	3763.63 	23.3 	33.3 	1.029841E+1	2.421626E-6 	7.727113E+6	1.166633E+3	-1.574423E+0	7.234178E-5 	1.029854E+1	1.029841E+1
5.0     	36      	1.035512E+1	7.074070E-4	2.70E+1    	5.00      	3766.20 	23.3 	33.3 	1.035482E+1	5.318257E-7 	7.684957E+6	5.330416E+2	-1.576177E+0	2.650157E-4 	1.035512E+1	1.035482E+1
5.0     	37      	1.060491E+1	8.458503E-4	2.70E+1    	5.00      	3768.77 	23.3 	33.3 	1.060452E+1	7.229192E-7 	7.503970E+6	6.000833E+2	-1.576910E+0	9.000000E-5 	1.060491E+1	1.060452E+1
5.0     	38      	1.038936E+1	6.077483E-4	2.71E+1    	5.00      	3771.35 	23.3 	33.3 	1.038917E+1	3.777250E-7 	7.659587E+6	4.505922E+2	-1.575050E+0	8.660254E-5 	1.038936E+1	1.038917E+1
5.0     	39      	1.039340E+1	1.395403E-3	2.71E+1    	5.00      	3773.92 	23.3 	33.3 	1.039315E+1	1.967046E-6 	7.656630E+6	1.030679E+3	-1.575720E+0	7.211103E-5 	1.039340E+1	1.039315E+1
5.0     	40      	1.043663E+1	8.335056E-4	2.71E+1    	5.00      	3776.48 	23.3 	33.3 	1.043547E+1	7.145647E-7 	7.625247E+6	6.132971E+2	-1.581333E+0	7.023769E-5 	1.043663E+1	1.043547E+1
5.0     	41      	1.017168E+1	2.457374E-3	2.68E+1    	5.00      	3779.06 	23.3 	33.3 	9.528934E+0	7.754094E-5 	8.082983E+6	4.614459E+3	-1.316697E+0	1.390048E-3 	1.017168E+1	9.528934E+0
5.0     	42      	1.063647E+1	1.124579E-3	2.73E+1    	5.00      	3781.64 	23.3 	33.3 	1.063343E+1	1.136976E-6 	7.482640E+6	7.707788E+2	-1.587697E+0	1.619671E-4 	1.063647E+1	1.063343E+1
5.0     	43      	1.041030E+1	2.775089E-4	2.73E+1    	5.00      	3784.22 	23.3 	33.3 	1.041004E+1	7.153487E-8 	7.644203E+6	2.000833E+2	-1.575820E+0	9.848858E-5 	1.041030E+1	1.041004E+1
5.0     	44      	1.033943E+1	7.268463E-4	2.72E+1    	5.00      	3786.79 	23.3 	33.3 	1.033920E+1	5.181241E-7 	7.696590E+6	5.384236E+2	-1.575590E+0	7.211103E-5 	1.033943E+1	1.033920E+1
5.0     	45      	1.039824E+1	8.300463E-4	2.74E+1    	5.00      	3789.37 	23.3 	33.3 	1.039798E+1	6.959057E-7 	7.653070E+6	6.124541E+2	-1.575733E+0	1.001665E-4 	1.039824E+1	1.039798E+1
5.0     	46      	1.037105E+1	8.932426E-4	2.75E+1    	5.00      	3791.94 	23.3 	33.3 	1.037090E+1	7.815472E-7 	7.673093E+6	6.574445E+2	-1.574583E+0	1.674316E-4 	1.037105E+1	1.037090E+1
5.0     	47      	1.038011E+1	1.193679E-3	2.71E+1    	5.00      	3794.51 	23.3 	33.3 	1.037982E+1	1.424561E-6 	7.666450E+6	8.815328E+2	-1.576057E+0	6.658328E-5 	1.038011E+1	1.037982E+1
5.0     	48      	1.071986E+1	2.803679E-4	2.73E+1    	5.00      	3797.09 	23.3 	33.3 	1.071966E+1	8.424314E-8 	7.423437E+6	1.975686E+2	-1.575133E+0	1.193035E-4 	1.071986E+1	1.071966E+1
5.0     	49      	1.070269E+1	2.605584E-3	2.68E+1    	5.00      	3799.67 	23.3 	33.3 	1.070257E+1	6.799794E-6 	7.435317E+6	1.811086E+3	-1.574163E+0	3.511885E-5 	1.070269E+1	1.070257E+1
5.0     	50      	1.029564E+1	3.121919E-4	2.74E+1    	5.00      	3802.23 	23.3 	33.3 	1.029534E+1	9.745800E-8 	7.729353E+6	2.343786E+2	-1.576240E+0	0.000000E+0 	1.029564E+1	1.029534E+1
5.0     	51      	1.035660E+1	1.579952E-3	2.72E+1    	5.00      	3804.79 	23.3 	33.3 	1.035647E+1	2.504941E-6 	7.683793E+6	1.173300E+3	-1.574430E+0	5.196152E-5 	1.035660E+1	1.035647E+1
5.0     	52      	1.062900E+1	1.404034E-3	2.73E+1    	5.00      	3807.37 	23.3 	33.3 	1.062869E+1	2.005913E-6 	7.486937E+6	9.932438E+2	-1.576233E+0	1.078579E-4 	1.062900E+1	1.062869E+1
5.0     	53      	1.550701E+0	3.215778E-3	2.73E+1    	5.00      	3809.94 	23.3 	33.3 	1.447336E+0	1.772199E-6 	5.311803E+7	6.886148E+4	-1.309677E+0	3.521027E-3 	1.550701E+0	1.447336E+0
5.0     	54      	1.053045E+1	4.956746E-4	2.69E+1    	5.00      	3812.53 	23.3 	33.3 	1.053003E+1	2.554221E-7 	7.557043E+6	3.592121E+2	-1.577150E+0	7.549834E-5 	1.053045E+1	1.053003E+1
5.0     	55      	1.041153E+1	8.651056E-4	2.73E+1    	5.00      	3815.10 	23.3 	33.3 	1.041133E+1	7.390690E-7 	7.643277E+6	6.331140E+2	-1.575180E+0	1.053565E-4 	1.041153E+1	1.041133E+1
5.0     	56      	1.041344E+1	1.615707E-3	2.74E+1    	5.00      	3817.66 	23.3 	33.3 	1.041281E+1	2.573915E-6 	7.642037E+6	1.181539E+3	-1.578590E+0	7.810250E-5 	1.041344E+1	1.041281E+1
5.0     	57      	1.045147E+1	9.896882E-4	2.72E+1    	5.00      	3820.23 	23.3 	33.3 	1.044859E+1	1.000458E-6 	7.615047E+6	7.250747E+2	-1.587413E+0	3.214550E-5 	1.045147E+1	1.044859E+1
5.0     	58      	1.040660E+1	8.030632E-4	2.68E+1    	5.00      	3822.80 	23.3 	33.3 	1.040635E+1	6.252494E-7 	7.646920E+6	5.855766E+2	-1.575657E+0	1.357694E-4 	1.040660E+1	1.040635E+1
5.0     	59      	1.026547E+1	1.026369E-3	2.73E+1    	5.00      	3825.38 	23.3 	33.3 	1.026517E+1	1.024552E-6 	7.752070E+6	7.697402E+2	-1.576170E+0	1.900000E-4 	1.026547E+1	1.026517E+1
5.0     	60      	1.041926E+1	6.356120E-4	2.71E+1    	5.00      	3827.95 	23.3 	33.3 	1.041899E+1	4.045714E-7 	7.637633E+6	4.660830E+2	-1.575930E+0	3.605551E-5 	1.041926E+1	1.041899E+1
5.0     	61      	1.066571E+1	5.692635E-4	2.74E+1    	5.00      	3830.52 	23.3 	33.3 	1.066551E+1	3.234997E-7 	7.461127E+6	3.980368E+2	-1.575113E+0	7.505553E-5 	1.066571E+1	1.066551E+1
5.0     	62      	1.071918E+1	1.046065E-3	2.74E+1    	5.00      	3833.09 	23.3 	33.3 	1.071910E+1	1.065973E-6 	7.423867E+6	7.197453E+2	-1.573657E+0	2.302897E-4 	1.071918E+1	1.071910E+1
5.0     	63      	1.037744E+1	8.325589E-4	2.75E+1    	5.00      	3835.67 	23.3 	33.3 	1.037720E+1	6.971915E-7 	7.668403E+6	6.161439E+2	-1.575563E+0	2.516611E-5 	1.037744E+1	1.037720E+1
5.0     	64      	1.087792E+1	1.002198E-3	2.73E+1    	5.00      	3838.26 	23.3 	33.3 	1.087769E+1	1.005647E-6 	7.315583E+6	6.741909E+2	-1.575393E+0	1.011599E-4 	1.087792E+1	1.087769E+1
5.0     	65      	1.062468E+1	4.100531E-4	2.75E+1    	5.00      	3840.82 	23.3 	33.3 	1.062449E+1	1.790924E-7 	7.489937E+6	2.936551E+2	-1.574923E+0	2.254625E-4 	1.062468E+1	1.062449E+1
5.0     	66      	1.033855E+1	1.580010E-3	2.70E+1    	5.00      	3843.38 	23.3 	33.3 	1.033829E+1	2.506261E-6 	7.697257E+6	1.177469E+3	-1.575783E+0	3.055050E-5 	1.033855E+1	1.033829E+1
5.0     	67      	1.042590E+1	1.904853E-3	2.73E+1    	5.00      	3845.95 	23.3 	33.3 	1.042561E+1	3.598129E-6 	7.632777E+6	1.391773E+3	-1.576123E+0	1.270171E-4 	1.042590E+1	1.042561E+1
5.0     	68      	1.039530E+1	1.381508E-3	2.73E+1    	5.00      	3848.52 	23.3 	33.3 	1.039500E+1	1.932802E-6 	7.655250E+6	1.020588E+3	-1.576140E+0	8.717798E-5 	1.039530E+1	1.039500E+1
5.0     	69      	1.050926E+1	4.589284E-4	2.74E+1    	5.00      	3851.09 	23.3 	33.3 	1.050882E+1	2.109425E-7 	7.572287E+6	3.308071E+2	-1.577283E+0	3.214550E-5 	1.050926E+1	1.050882E+1
5.0     	70      	1.039490E+1	1.381035E-3	2.73E+1    	5.00      	3853.66 	23.3 	33.3 	1.039465E+1	1.928738E-6 	7.655527E+6	1.020016E+3	-1.575697E+0	8.144528E-5 	1.039490E+1	1.039465E+1
5.0     	71      	1.022426E+1	9.809897E-4	2.73E+1    	5.00      	3856.24 	23.3 	33.3 	1.022361E+1	9.722410E-7 	7.783447E+6	7.487545E+2	-1.578763E+0	8.962886E-5 	1.022426E+1	1.022361E+1
5.0     	72      	1.025595E+1	8.781457E-4	2.74E+1    	5.00      	3858.81 	23.3 	33.3 	1.018161E+1	1.502619E-6 	7.787427E+6	7.543430E+2	-1.485560E+0	4.582576E-4 	1.025595E+1	1.018161E+1
5.0     	73      	1.018787E+1	2.423665E-3	2.72E+1    	5.00      	3861.38 	23.3 	33.3 	9.726388E+0	7.650301E-5 	7.994157E+6	4.509727E+3	-1.356327E+0	1.554231E-3 	1.018787E+1	9.726388E+0
5.0     	74      	1.028865E+1	1.871386E-3	2.72E+1    	5.00      	3863.95 	23.3 	33.3 	1.028742E+1	3.582119E-6 	7.734953E+6	1.414826E+3	-1.581750E+0	9.643651E-5 	1.028865E+1	1.028742E+1
5.0     	75      	1.043265E+1	2.740364E-3	2.73E+1    	5.00      	3866.52 	23.3 	33.3 	1.043239E+1	7.370762E-6 	7.627827E+6	1.994601E+3	-1.575750E+0	2.563201E-4 	1.043265E+1	1.043239E+1
5.0     	76      	1.061567E+1	6.789944E-4	2.72E+1    	5.00      	3869.10 	23.3 	33.3 	1.061549E+1	4.515239E-7 	7.496290E+6	4.769696E+2	-1.574983E+0	1.096966E-4 	1.061567E+1	1.061549E+1
5.0     	77      	5.929703E-1	1.752053E-3	2.74E+1    	5.00      	3871.66 	23.3 	33.3 	5.544671E-1	2.816460E-6 	1.387837E+8	4.138083E+5	-1.828457E+0	7.128347E-4 	5.929703E-1	5.544671E-1
5.0     	78      	5.978477E-1	1.140811E-3	2.73E+1    	5.00      	3874.24 	23.3 	33.3 	5.585866E-1	3.867273E-6 	1.377057E+8	3.739202E+5	-1.829943E+0	3.053675E-3 	5.978477E-1	5.585866E-1
5.0     	79      	1.096767E+1	1.418184E-3	2.71E+1    	5.00      	3876.81 	23.3 	33.3 	1.096736E+1	1.992542E-6 	7.255743E+6	9.360734E+2	-1.576057E+0	1.222020E-4 	1.096767E+1	1.096736E+1
5.0     	80      	2.067978E+0	1.704370E-4	2.73E+1    	5.00      	3879.38 	23.3 	33.3 	2.006046E+0	7.073806E-8 	3.907030E+7	1.808314E+3	-1.396867E+0	5.706429E-4 	2.067978E+0	2.006046E+0
5.0     	81      	1.058727E+1	2.987678E-3	2.75E+1    	5.00      	3881.95 	23.3 	33.3 	1.058709E+1	8.876763E-6 	7.516400E+6	2.117994E+3	-1.574977E+0	9.291573E-5 	1.058727E+1	1.058709E+1
5.0     	82      	1.040801E+1	1.527211E-3	2.70E+1    	5.00      	3884.53 	23.3 	33.3 	1.040754E+1	2.348632E-6 	7.645963E+6	1.123937E+3	-1.577567E+0	4.163332E-5 	1.040801E+1	1.040754E+1
5.0     	83      	1.041146E+1	1.971938E-3	2.74E+1    	5.00      	3887.09 	23.3 	33.3 	1.041112E+1	3.882620E-6 	7.643380E+6	1.446962E+3	-1.576500E+0	1.452584E-4 	1.041146E+1	1.041112E+1
5.0     	84      	1.033547E+1	1.066802E-3	2.74E+1    	5.00      	3889.66 	23.3 	33.3 	1.033514E+1	1.130783E-6 	7.699577E+6	7.934944E+2	-1.576473E+0	6.806859E-5 	1.033547E+1	1.033514E+1
5.0     	85      	1.042255E+1	1.746406E-3	2.75E+1    	5.00      	3892.23 	23.3 	33.3 	1.042225E+1	3.012144E-6 	7.635233E+6	1.275395E+3	-1.576200E+0	9.848858E-5 	1.042255E+1	1.042225E+1
5.0     	86      	1.039971E+1	5.398956E-4	2.74E+1    	5.00      	3894.81 	23.3 	33.3 	1.039939E+1	2.996249E-7 	7.652010E+6	4.000000E+2	-1.576307E+0	9.291573E-5 	1.039971E+1	1.039939E+1
5.0     	87      	1.078564E+1	5.413365E-4	2.73E+1    	5.00      	3897.37 	23.3 	33.3 	1.078538E+1	3.011488E-7 	7.378183E+6	3.728717E+2	-1.575710E+0	7.000000E-5 	1.078564E+1	1.078538E+1
5.0     	88      	1.088658E+1	1.223474E-3	2.75E+1    	5.00      	3899.95 	23.3 	33.3 	1.088595E+1	1.524378E-6 	7.309897E+6	8.252474E+2	-1.578410E+0	1.609348E-4 	1.088658E+1	1.088595E+1
5.0     	89      	1.085157E+1	8.826007E-4	2.73E+1    	5.00      	3902.52 	23.3 	33.3 	1.085040E+1	7.495686E-7 	7.333663E+6	5.907904E+2	-1.581140E+0	9.165151E-5 	1.085157E+1	1.085040E+1
5.0     	90      	1.079717E+1	2.323720E-3	2.75E+1    	5.00      	3905.09 	23.3 	33.3 	1.079691E+1	5.401655E-6 	7.370307E+6	1.586390E+3	-1.575727E+0	1.096966E-4 	1.079717E+1	1.079691E+1
5.0     	91      	1.041565E+1	1.973397E-3	2.76E+1    	5.00      	3907.67 	23.3 	33.3 	1.041534E+1	3.876108E-6 	7.640297E+6	1.445764E+3	-1.576280E+0	4.582576E-5 	1.041565E+1	1.041534E+1
5.0     	92      	1.047781E+1	1.166930E-3	2.76E+1    	5.00      	3910.24 	23.3 	33.3 	1.047751E+1	1.369946E-6 	7.594967E+6	8.471914E+2	-1.576193E+0	4.618802E-5 	1.047781E+1	1.047751E+1
5.0     	93      	1.062055E+1	1.772736E-3	2.76E+1    	5.00      	3912.81 	23.3 	33.3 	1.062030E+1	3.174238E-6 	7.492870E+6	1.253914E+3	-1.575610E+0	1.777639E-4 	1.062055E+1	1.062030E+1
5.0     	94      	1.078032E+1	1.361228E-3	2.77E+1    	5.00      	3915.39 	23.3 	33.3 	1.078008E+1	1.814423E-6 	7.381820E+6	9.273079E+2	-1.575513E+0	1.422439E-4 	1.078032E+1	1.078008E+1
5.0     	95      	1.045080E+1	3.103544E-4	2.73E+1    	5.00      	3917.97 	23.3 	33.3 	1.045046E+1	9.618096E-8 	7.614610E+6	2.260531E+2	-1.576510E+0	2.000000E-5 	1.045080E+1	1.045046E+1
5.0     	96      	1.115161E+1	1.227788E-3	2.72E+1    	5.00      	3920.53 	23.3 	33.3 	1.115146E+1	1.518413E-6 	7.136010E+6	7.871467E+2	-1.574463E+0	6.110101E-5 	1.115161E+1	1.115146E+1
5.0     	97      	1.064678E+1	1.717933E-3	2.77E+1    	5.00      	3923.11 	23.3 	33.3 	1.064658E+1	2.968259E-6 	7.474390E+6	1.207849E+3	-1.575137E+0	5.507571E-5 	1.064678E+1	1.064658E+1
5.0     	98      	1.040577E+1	4.666450E-4	2.74E+1    	5.00      	3925.69 	23.3 	33.3 	1.039475E+1	6.999642E-7 	7.651490E+6	4.788528E+2	-1.538243E+0	5.541059E-4 	1.040577E+1	1.039475E+1
5.0     	99      	1.042129E+1	5.613458E-4	2.74E+1    	5.00      	3928.26 	23.3 	33.3 	1.042086E+1	2.857908E-7 	7.636203E+6	4.015387E+2	-1.577203E+0	2.013289E-4 	1.042129E+1	1.042086E+1
5.0     	100     	1.036416E+1	6.201368E-4	2.77E+1    	5.00      	3930.83 	23.3 	33.3 	1.036387E+1	3.796459E-7 	7.678247E+6	4.579665E+2	-1.576120E+0	5.000000E-5 	1.036416E+1	1.036387E+1
5.0     	101     	1.035666E+1	7.062337E-4	2.73E+1    	5.00      	3933.41 	23.3 	33.3 	1.035636E+1	4.940960E-7 	7.683813E+6	5.227173E+2	-1.576213E+0	8.144528E-5 	1.035666E+1	1.035636E+1
5.0     	102     	1.074835E+1	9.656005E-4	2.75E+1    	5.00      	3935.98 	23.3 	33.3 	1.074810E+1	9.465928E-7 	7.403777E+6	6.676326E+2	-1.575630E+0	7.211103E-5 	1.074835E+1	1.074810E+1
5.0     	103     	1.096701E+1	6.105047E-4	2.73E+1    	5.00      	3938.55 	23.3 	33.3 	1.096687E+1	3.813130E-7 	7.256123E+6	4.062429E+2	-1.574417E+0	1.011599E-4 	1.096701E+1	1.096687E+1
5.0     	104     	1.100830E+1	1.224224E-3	2.76E+1    	5.00      	3941.13 	23.3 	33.3 	1.100818E+1	1.491205E-6 	7.228900E+6	8.029321E+2	-1.574100E+0	1.100000E-4 	1.100830E+1	1.100818E+1
5.0     	105     	1.099598E+1	9.681554E-4	2.74E+1    	5.00      	3943.71 	23.3 	33.3 	1.099577E+1	9.341509E-7 	7.237030E+6	6.366318E+2	-1.575227E+0	8.386497E-5 	1.099598E+1	1.099577E+1
5.0     	106     	1.095239E+1	6.760225E-4	2.75E+1    	5.00      	3946.28 	23.3 	33.3 	1.095215E+1	4.619746E-7 	7.265843E+6	4.497036E+2	-1.575417E+0	8.504901E-5 	1.095239E+1	1.095215E+1
5.0     	107     	1.083554E+1	9.909284E-4	2.77E+1    	5.00      	3948.85 	23.3 	33.3 	1.083539E+1	9.725563E-7 	7.344167E+6	6.700249E+2	-1.574443E+0	1.404754E-4 	1.083554E+1	1.083539E+1
5.0     	108     	1.040203E+1	8.267674E-4	2.73E+1    	5.00      	3951.43 	23.3 	33.3 	1.040171E+1	6.965811E-7 	7.650307E+6	6.109283E+2	-1.576347E+0	7.767453E-5 	1.040203E+1	1.040171E+1
5.0     	109     	1.044332E+1	1.503430E-3	2.73E+1    	5.00      	3954.00 	23.3 	33.3 	1.044301E+1	2.272904E-6 	7.620053E+6	1.098605E+3	-1.576287E+0	1.569501E-4 	1.044332E+1	1.044301E+1
5.0     	110     	1.046611E+1	1.267206E-3	2.73E+1    	5.00      	3956.57 	23.3 	33.3 	1.046583E+1	1.619009E-6 	7.603450E+6	9.224424E+2	-1.576013E+0	1.404754E-4 	1.046611E+1	1.046583E+1
5.0     	111     	1.038731E+1	6.752705E-4	2.72E+1    	5.00      	3959.15 	23.3 	33.3 	1.038699E+1	4.651885E-7 	7.661143E+6	5.005330E+2	-1.576360E+0	1.100000E-4 	1.038731E+1	1.038699E+1
5.0     	112     	1.103349E+1	6.064687E-4	2.73E+1    	5.00      	3961.72 	23.3 	33.3 	1.103293E+1	3.739850E-7 	7.212543E+6	3.980368E+2	-1.563673E+0	1.527525E-4 	1.103349E+1	1.103293E+1
5.0     	113     	1.076243E+1	2.622796E-4	2.74E+1    	5.00      	3964.29 	23.3 	33.3 	1.076224E+1	6.892047E-8 	7.394070E+6	1.802776E+2	-1.575010E+0	1.000000E-5 	1.076243E+1	1.076224E+1
5.0     	114     	1.045265E+1	1.047491E-3	2.73E+1    	5.00      	3966.86 	23.3 	33.3 	1.045220E+1	1.086430E-6 	7.613303E+6	7.610738E+2	-1.577367E+0	6.110101E-5 	1.045265E+1	1.045220E+1
5.0     	115     	1.046131E+1	4.433587E-4	2.73E+1    	5.00      	3969.43 	23.3 	33.3 	1.046099E+1	2.170100E-7 	7.606950E+6	3.304542E+2	-1.576303E+0	2.837840E-4 	1.046131E+1	1.046099E+1
5.0     	116     	1.032945E+1	7.603160E-4	2.72E+1    	5.00      	3972.01 	23.3 	33.3 	1.032912E+1	5.730108E-7 	7.704063E+6	5.658033E+2	-1.576387E+0	6.658328E-5 	1.032945E+1	1.032912E+1
5.0     	117     	1.040620E+1	9.236251E-4	2.74E+1    	5.00      	3974.58 	23.3 	33.3 	1.040590E+1	8.615148E-7 	7.647233E+6	6.803920E+2	-1.576170E+0	8.888194E-5 	1.040620E+1	1.040590E+1
5.0     	118     	1.093187E+1	1.756003E-3	2.73E+1    	5.00      	3977.15 	23.3 	33.3 	1.093163E+1	3.049036E-6 	7.279483E+6	1.166033E+3	-1.575487E+0	9.609024E-5 	1.093187E+1	1.093163E+1
5.0     	119     	1.100074E+1	5.086270E-4	2.72E+1    	5.00      	3979.74 	23.3 	33.3 	1.100051E+1	2.617585E-7 	7.233903E+6	3.354599E+2	-1.575413E+0	4.725816E-5 	1.100074E+1	1.100051E+1
5.0     	120     	1.081238E+1	1.080667E-3	2.73E+1    	5.00      	3982.32 	23.3 	33.3 	1.081213E+1	1.153072E-6 	7.359930E+6	7.332803E+2	-1.575613E+0	1.305118E-4 	1.081238E+1	1.081213E+1
5.0     	121     	1.084709E+1	1.871484E-3	2.74E+1    	5.00      	3984.88 	23.3 	33.3 	1.084686E+1	3.492176E-6 	7.336377E+6	1.264766E+3	-1.575417E+0	6.110101E-5 	1.084709E+1	1.084686E+1
5.0     	122     	1.106036E+1	6.628025E-4	2.76E+1    	5.00      	3987.45 	23.3 	33.3 	1.106014E+1	4.475882E-7 	7.194907E+6	4.331666E+2	-1.575207E+0	1.123981E-4 	1.106036E+1	1.106014E+1
5.0     	123     	1.094705E+1	1.729388E-3	2.74E+1    	5.00      	3990.01 	23.3 	33.3 	1.094683E+1	3.030816E-6 	7.269380E+6	1.152345E+3	-1.575213E+0	1.193035E-4 	1.094705E+1	1.094683E+1
5.0     	124     	1.048502E+1	1.398296E-4	2.76E+1    	5.00      	3992.59 	23.3 	33.3 	1.048438E+1	2.421950E-8 	7.589867E+6	1.069268E+2	-1.578587E+0	1.011599E-4 	1.048502E+1	1.048438E+1
5.0     	125     	1.047449E+1	1.061935E-3	2.74E+1    	5.00      	3995.15 	23.3 	33.3 	1.047421E+1	1.127674E-6 	7.597367E+6	7.702164E+2	-1.575950E+0	1.307670E-4 	1.047449E+1	1.047421E+1
5.0     	126     	1.041368E+1	7.453995E-4	2.74E+1    	5.00      	3997.73 	23.3 	33.3 	1.041337E+1	5.160203E-7 	7.641740E+6	5.370289E+2	-1.576237E+0	2.779089E-4 	1.041368E+1	1.041337E+1
5.0     	127     	1.043983E+1	8.221055E-4	2.72E+1    	5.00      	4000.31 	23.3 	33.3 	1.043955E+1	6.719039E-7 	7.622587E+6	5.993608E+2	-1.575963E+0	1.069268E-4 	1.043983E+1	1.043955E+1
5.0     	128     	1.090344E+1	2.118549E-3	2.74E+1    	5.00      	4002.87 	23.3 	33.3 	1.090340E+1	4.461079E-6 	7.298393E+6	1.415780E+3	-1.572697E+0	1.553491E-4 	1.090344E+1	1.090340E+1
5.0     	129     	1.058444E+1	1.588185E-3	2.75E+1    	5.00      	4005.44 	23.3 	33.3 	1.058434E+1	2.541273E-6 	7.518383E+6	1.130324E+3	-1.573843E+0	1.069268E-4 	1.058444E+1	1.058434E+1
5.0     	130     	1.044641E+1	6.504008E-4	2.72E+1    	5.00      	4008.01 	23.3 	33.3 	1.044611E+1	4.107787E-7 	7.617793E+6	4.707795E+2	-1.576137E+0	1.792577E-4 	1.044641E+1	1.044611E+1
5.0     	131     	1.046452E+1	6.738796E-4	2.75E+1    	5.00      	4010.58 	23.3 	33.3 	1.046430E+1	4.420748E-7 	7.604583E+6	4.864497E+2	-1.575410E+0	9.848858E-5 	1.046452E+1	1.046430E+1
5.0     	132     	1.032375E+1	2.324708E-3	2.74E+1    	5.00      	4013.16 	23.3 	33.3 	1.032345E+1	5.382314E-6 	7.708307E+6	1.733936E+3	-1.576173E+0	7.637626E-5 	1.032375E+1	1.032345E+1
5.0     	133     	1.042240E+1	1.480681E-3	2.72E+1    	5.00      	4015.73 	23.3 	33.3 	1.042215E+1	2.200549E-6 	7.635327E+6	1.085833E+3	-1.575600E+0	7.937254E-5 	1.042240E+1	1.042215E+1
5.0     	134     	1.097175E+1	1.414440E-3	2.70E+1    	5.00      	4018.30 	23.3 	33.3 	1.097153E+1	1.988096E-6 	7.253017E+6	9.335059E+2	-1.575287E+0	5.507571E-5 	1.097175E+1	1.097153E+1
5.0     	135     	1.115436E+1	6.815213E-4	2.75E+1    	5.00      	4020.87 	23.3 	33.3 	1.115413E+1	4.674576E-7 	7.134277E+6	4.366158E+2	-1.575257E+0	4.041452E-5 	1.115436E+1	1.115413E+1
5.0     	136     	1.089691E+1	9.784537E-4	2.72E+1    	5.00      	4023.44 	23.3 	33.3 	1.089673E+1	9.555858E-7 	7.302813E+6	6.554642E+2	-1.574860E+0	5.567764E-5 	1.089691E+1	1.089673E+1
5.0     	137     	1.093438E+1	1.305605E-3	2.75E+1    	5.00      	4026.02 	23.3 	33.3 	1.093422E+1	1.677590E-6 	7.277787E+6	8.655827E+2	-1.574633E+0	2.055075E-4 	1.093438E+1	1.093422E+1
5.0     	138     	1.101125E+1	2.832505E-3	2.78E+1    	5.00      	4028.58 	23.3 	33.3 	1.101102E+1	7.978865E-6 	7.227003E+6	1.856269E+3	-1.575363E+0	9.073772E-5 	1.101125E+1	1.101102E+1
5.0     	139     	1.097593E+1	2.425086E-3	2.75E+1    	5.00      	4031.16 	23.3 	33.3 	1.097539E+1	5.870939E-6 	7.250357E+6	1.601260E+3	-1.577827E+0	5.686241E-5 	1.097593E+1	1.097539E+1
5.0     	140     	1.045030E+1	1.202137E-3	2.72E+1    	5.00      	4033.72 	23.3 	33.3 	1.034916E+1	4.983090E-6 	7.651970E+6	1.255747E+3	-1.472257E+0	5.499394E-4 	1.045030E+1	1.034916E+1
5.0     	141     	1.047256E+1	3.428569E-4	2.74E+1    	5.00      	4036.30 	23.3 	33.3 	1.047189E+1	1.292388E-7 	7.598907E+6	2.548202E+2	-1.578823E+0	1.040833E-4 	1.047256E+1	1.047189E+1
5.0     	142     	1.043900E+1	3.396145E-4	2.75E+1    	5.00      	4038.87 	23.3 	33.3 	1.043878E+1	1.188313E-7 	7.623173E+6	2.498666E+2	-1.575373E+0	6.658328E-5 	1.043900E+1	1.043878E+1
5.0     	143     	1.044460E+1	8.489060E-4	2.75E+1    	5.00      	4041.44 	23.3 	33.3 	1.044429E+1	7.235821E-7 	7.619120E+6	6.199193E+2	-1.576217E+0	2.516611E-5 	1.044460E+1	1.044429E+1
5.0     	144     	1.073673E+1	1.375335E-3	2.72E+1    	5.00      	4044.01 	23.3 	33.3 	1.073660E+1	1.891391E-6 	7.411750E+6	9.493682E+2	-1.574227E+0	3.214550E-5 	1.073673E+1	1.073660E+1
5.0     	145     	1.080896E+1	1.537559E-3	2.73E+1    	5.00      	4046.59 	23.3 	33.3 	1.080875E+1	2.369571E-6 	7.362250E+6	1.047903E+3	-1.575240E+0	8.185353E-5 	1.080896E+1	1.080875E+1
5.0     	146     	1.041060E+1	3.525775E-4	2.73E+1    	5.00      	4049.15 	23.3 	33.3 	1.041032E+1	1.305964E-7 	7.643990E+6	2.621068E+2	-1.575937E+0	9.291573E-5 	1.041060E+1	1.041032E+1
5.0     	147     	1.044474E+1	4.680871E-4	2.72E+1    	5.00      	4051.73 	23.3 	33.3 	1.044448E+1	2.264646E-7 	7.618997E+6	3.442867E+2	-1.575800E+0	1.212436E-4 	1.044474E+1	1.044448E+1
5.0     	148     	1.065152E+1	1.183669E-3	2.74E+1    	5.00      	4054.30 	23.3 	33.3 	1.065130E+1	1.365784E-6 	7.471077E+6	8.250051E+2	-1.575323E+0	2.482606E-4 	1.065152E+1	1.065130E+1
5.0     	149     	1.044674E+1	6.358490E-4	2.76E+1    	5.00      	4056.87 	23.3 	33.3 	1.044645E+1	4.090892E-7 	7.617553E+6	4.650090E+2	-1.576087E+0	9.609024E-5 	1.044674E+1	1.044645E+1
5.0     	150     	1.085869E+1	1.663354E-3	2.74E+1    	5.00      	4059.44 	23.3 	33.3 	1.085847E+1	2.795793E-6 	7.328537E+6	1.125448E+3	-1.575280E+0	1.212436E-4 	1.085869E+1	1.085847E+1
5.0     	151     	1.096625E+1	1.744082E-3	2.75E+1    	5.00      	4062.01 	23.3 	33.3 	1.096601E+1	3.023780E-6 	7.256660E+6	1.152345E+3	-1.575410E+0	1.249000E-4 	1.096625E+1	1.096601E+1
5.0     	152     	1.109058E+1	1.385498E-3	2.76E+1    	5.00      	4064.59 	23.3 	33.3 	1.109035E+1	1.905128E-6 	7.175307E+6	8.947253E+2	-1.575353E+0	9.712535E-5 	1.109058E+1	1.109035E+1
5.0     	153     	1.109086E+1	1.270428E-3	2.76E+1    	5.00      	4067.16 	23.3 	33.3 	1.109066E+1	1.598196E-6 	7.175113E+6	8.198984E+2	-1.574993E+0	7.571878E-5 	1.109086E+1	1.109066E+1
5.0     	154     	1.086118E+1	1.136761E-3	2.74E+1    	5.00      	4069.74 	23.3 	33.3 	1.086092E+1	1.288120E-6 	7.326870E+6	7.662898E+2	-1.575680E+0	7.549834E-5 	1.086118E+1	1.086092E+1
5.0     	155     	1.087557E+1	1.415323E-3	2.72E+1    	5.00      	4072.31 	23.3 	33.3 	1.087534E+1	2.031255E-6 	7.317163E+6	9.555278E+2	-1.575450E+0	1.153256E-4 	1.087557E+1	1.087534E+1
5.0     	156     	1.047102E+1	6.284415E-4	2.72E+1    	5.00      	4074.89 	23.3 	33.3 	1.047030E+1	3.985856E-7 	7.600043E+6	4.572016E+2	-1.579047E+0	4.163332E-5 	1.047102E+1	1.047030E+1
5.0     	157     	1.041325E+1	5.514376E-3	2.75E+1    	5.00      	4077.46 	23.3 	33.3 	1.041277E+1	3.514690E-5 	7.642120E+6	4.200048E+3	-1.577160E+0	2.814587E-3 	1.041325E+1	1.041277E+1
5.0     	158     	1.049064E+1	1.115103E-3	2.74E+1    	5.00      	4080.03 	23.3 	33.3 	1.049033E+1	1.212564E-6 	7.585683E+6	8.013322E+2	-1.576247E+0	1.274101E-4 	1.049064E+1	1.049033E+1
5.0     	159     	1.039992E+1	1.673944E-3	2.75E+1    	5.00      	4082.61 	23.3 	33.3 	1.039960E+1	2.807857E-6 	7.651857E+6	1.232166E+3	-1.576267E+0	1.361372E-4 	1.039992E+1	1.039960E+1
5.0     	160     	1.068192E+1	9.545175E-4	2.71E+1    	5.00      	4085.19 	23.3 	33.3 	1.068171E+1	8.962957E-7 	7.449810E+6	6.630234E+2	-1.575200E+0	9.000000E-5 	1.068192E+1	1.068171E+1
5.0     	161     	2.621471E+0	1.263388E-3	2.74E+1    	5.00      	4087.75 	23.3 	33.3 	2.618131E+0	1.925436E-6 	3.037540E+7	1.535024E+4	-1.535103E+0	9.763367E-4 	2.621471E+0	2.618131E+0
5.0     	162     	1.085217E+1	6.642538E-4	2.73E+1    	5.00      	4090.33 	23.3 	33.3 	1.085090E+1	4.364943E-7 	7.333293E+6	4.476978E+2	-1.581597E+0	2.081666E-5 	1.085217E+1	1.085090E+1
5.0     	163     	1.071132E+1	2.167455E-3	2.74E+1    	5.00      	4092.90 	23.3 	33.3 	1.071105E+1	4.718655E-6 	7.429380E+6	1.505025E+3	-1.575820E+0	6.244998E-5 	1.071132E+1	1.071105E+1
5.0     	164     	5.972950E-1	1.132968E-3	2.74E+1    	5.00      	4095.48 	23.3 	33.3 	5.544330E-1	6.126948E-7 	1.382840E+8	2.180275E+5	-1.841983E+0	1.999608E-3 	5.972950E-1	5.544330E-1
5.0     	165     	1.081731E+1	1.064102E-3	2.72E+1    	5.00      	4098.05 	23.3 	33.3 	1.081708E+1	1.137543E-6 	7.356573E+6	7.245228E+2	-1.575353E+0	5.033223E-5 	1.081731E+1	1.081708E+1
5.0     	166     	1.048427E+1	7.695699E-4	2.74E+1    	5.00      	4100.63 	23.3 	33.3 	1.048395E+1	5.696067E-7 	7.590293E+6	5.517548E+2	-1.576237E+0	1.357694E-4 	1.048427E+1	1.048395E+1
5.0     	167     	1.088687E+1	2.277272E-3	2.73E+1    	5.00      	4103.20 	23.3 	33.3 	1.088664E+1	5.251881E-6 	7.309567E+6	1.533960E+3	-1.575423E+0	1.582193E-4 	1.088687E+1	1.088664E+1
5.0     	168     	1.093370E+1	2.530181E-4	2.73E+1    	5.00      	4105.77 	23.3 	33.3 	1.093348E+1	6.122137E-8 	7.278257E+6	1.665333E+2	-1.575233E+0	1.193035E-4 	1.093370E+1	1.093348E+1
5.0     	169     	1.094564E+1	8.983717E-4	2.71E+1    	5.00      	4108.35 	23.3 	33.3 	1.094542E+1	7.859508E-7 	7.270317E+6	5.928181E+2	-1.575267E+0	1.305118E-4 	1.094564E+1	1.094542E+1
5.0     	170     	1.085691E+1	8.414443E-4	2.76E+1    	5.00      	4110.92 	23.3 	33.3 	1.085666E+1	6.963835E-7 	7.329747E+6	5.657149E+2	-1.575600E+0	7.549834E-5 	1.085691E+1	1.085666E+1
5.0     	171     	1.052739E+1	8.048237E-4	2.77E+1    	5.00      	4113.49 	23.3 	33.3 	1.052709E+1	6.386861E-7 	7.559197E+6	5.758761E+2	-1.576110E+0	1.100000E-4 	1.052739E+1	1.052709E+1
5.0     	172     	1.046452E+1	1.516863E-3	2.75E+1    	5.00      	4116.07 	23.3 	33.3 	1.046421E+1	2.254404E-6 	7.604617E+6	1.096646E+3	-1.576223E+0	1.450287E-4 	1.046452E+1	1.046421E+1
5.0     	173     	1.033686E+1	5.443290E-4	2.75E+1    	5.00      	4118.64 	23.3 	33.3 	1.033654E+1	2.926941E-7 	7.698537E+6	4.041452E+2	-1.576367E+0	7.571878E-5 	1.033686E+1	1.033654E+1
5.0     	174     	1.044899E+1	1.048869E-3	2.73E+1    	5.00      	4121.22 	23.3 	33.3 	1.044869E+1	1.111662E-6 	7.615917E+6	7.664420E+2	-1.576133E+0	1.184624E-4 	1.044899E+1	1.044869E+1
5.0     	175     	1.046554E+1	7.178834E-4	2.73E+1    	5.00      	4123.78 	23.3 	33.3 	1.046524E+1	4.966537E-7 	7.603870E+6	5.168172E+2	-1.576210E+0	1.307670E-4 	1.046554E+1	1.046524E+1
5.0     	176     	1.062950E+1	1.057209E-3	2.74E+1    	5.00      	4126.36 	23.2 	33.3 	1.062933E+1	1.132720E-6 	7.486537E+6	7.471501E+2	-1.574807E+0	8.326664E-5 	1.062950E+1	1.062933E+1
5.0     	177     	1.111992E+1	2.757866E-3	2.72E+1    	5.00      	4128.94 	23.3 	33.3 	1.111961E+1	7.743493E-6 	7.156400E+6	1.782779E+3	-1.576033E+0	2.362908E-4 	1.111992E+1	1.111961E+1
5.0     	178     	4.518946E+0	1.944778E-1	2.73E+1    	5.00      	4131.52 	23.3 	33.3 	2.047471E+0	3.184320E-3 	2.618360E+7	9.171859E+5	-7.386133E-1	7.060966E-3 	4.518946E+0	2.047471E+0
5.0     	179     	1.066258E+1	1.382946E-3	2.72E+1    	5.00      	4134.07 	23.3 	33.3 	1.066141E+1	1.916587E-6 	7.463657E+6	9.686245E+2	-1.581270E+0	2.645751E-5 	1.066258E+1	1.066141E+1
5.0     	180     	1.075278E+1	1.510360E-4	2.75E+1    	5.00      	4136.66 	23.3 	33.3 	1.075263E+1	2.294348E-8 	7.400693E+6	1.040833E+2	-1.574643E+0	7.094599E-5 	1.075278E+1	1.075263E+1
5.0     	181     	1.033473E+1	8.366920E-4	2.72E+1    	5.00      	4139.23 	23.3 	33.3 	1.033440E+1	7.123605E-7 	7.700127E+6	6.261257E+2	-1.576480E+0	7.810250E-5 	1.033473E+1	1.033440E+1
5.0     	182     	1.049075E+1	5.837070E-4	2.73E+1    	5.00      	4141.79 	23.3 	33.3 	1.049046E+1	3.239366E-7 	7.585597E+6	4.168133E+2	-1.576047E+0	1.365040E-4 	1.049075E+1	1.049046E+1
5.0     	183     	1.047261E+1	8.263996E-4	2.74E+1    	5.00      	4144.36 	23.3 	33.3 	1.047230E+1	6.636448E-7 	7.598743E+6	5.953430E+2	-1.576257E+0	1.026320E-4 	1.047261E+1	1.047230E+1
5.0     	184     	1.049908E+1	1.261497E-3	2.77E+1    	5.00      	4146.93 	23.3 	33.3 	1.049878E+1	1.597185E-6 	7.579580E+6	9.114823E+2	-1.576130E+0	1.300000E-4 	1.049908E+1	1.049878E+1
5.0     	185     	1.048834E+1	1.595215E-3	2.72E+1    	5.00      	4149.50 	23.3 	33.3 	1.048813E+1	2.514858E-6 	7.587307E+6	1.150493E+3	-1.575287E+0	1.721434E-4 	1.048834E+1	1.048813E+1
5.0     	186     	1.046050E+1	1.042359E-3	2.76E+1    	5.00      	4152.08 	23.3 	33.3 	1.046021E+1	1.094282E-6 	7.607530E+6	7.594077E+2	-1.576103E+0	3.511885E-5 	1.046050E+1	1.046021E+1
5.0     	187     	1.046717E+1	1.230859E-4	2.76E+1    	5.00      	4154.65 	23.3 	33.3 	1.046687E+1	1.390323E-8 	7.602687E+6	8.736895E+1	-1.576180E+0	1.352775E-4 	1.046717E+1	1.046687E+1
5.0     	188     	1.034646E+1	1.008611E-3	2.73E+1    	5.00      	4157.22 	23.3 	33.3 	1.034615E+1	1.030918E-6 	7.691390E+6	7.522633E+2	-1.576197E+0	6.110101E-5 	1.034646E+1	1.034615E+1
5.0     	189     	1.044277E+1	1.410993E-3	2.74E+1    	5.00      	4159.80 	23.2 	33.3 	1.044248E+1	2.029203E-6 	7.620447E+6	1.034666E+3	-1.576053E+0	1.582193E-4 	1.044277E+1	1.044248E+1
5.0     	190     	1.039634E+1	6.624505E-4	2.73E+1    	5.00      	4162.37 	23.2 	33.3 	1.039602E+1	4.157574E-7 	7.654490E+6	4.812484E+2	-1.576360E+0	1.587451E-4 	1.039634E+1	1.039602E+1
5.0     	191     	1.046048E+1	1.479798E-3	2.71E+1    	5.00      	4164.94 	23.2 	33.3 	1.046019E+1	2.220787E-6 	7.607547E+6	1.080015E+3	-1.576033E+0	1.021437E-4 	1.046048E+1	1.046019E+1
5.0     	192     	1.058015E+1	6.838089E-4	2.75E+1    	5.00      	4167.51 	23.2 	33.3 	1.057994E+1	4.827497E-7 	7.521467E+6	4.900340E+2	-1.575287E+0	1.193035E-4 	1.058015E+1	1.057994E+1
5.0     	193     	1.097058E+1	6.209610E-4	2.76E+1    	5.00      	4170.08 	23.2 	33.3 	1.097046E+1	3.932017E-7 	7.253757E+6	4.125934E+2	-1.574060E+0	8.544004E-5 	1.097058E+1	1.097046E+1
5.0     	194     	1.056540E+1	9.076452E-4	2.73E+1    	5.00      	4172.65 	23.2 	33.3 	1.056412E+1	7.930305E-7 	7.532350E+6	6.409368E+2	-1.581807E+0	1.404754E-4 	1.056540E+1	1.056412E+1
5.0     	195     	1.062262E+1	3.736696E-4	2.76E+1    	5.00      	4175.22 	23.2 	33.3 	1.062232E+1	1.388611E-7 	7.491427E+6	2.631223E+2	-1.576130E+0	1.216553E-4 	1.062262E+1	1.062232E+1
5.0     	196     	1.043263E+1	1.246267E-3	2.74E+1    	5.00      	4177.79 	23.2 	33.3 	1.043232E+1	1.573878E-6 	7.627863E+6	9.141845E+2	-1.576270E+0	1.081665E-4 	1.043263E+1	1.043232E+1
5.0     	197     	1.044305E+1	6.625845E-4	2.76E+1    	5.00      	4180.37 	23.2 	33.3 	1.044279E+1	4.359504E-7 	7.620233E+6	4.826317E+2	-1.575837E+0	3.511885E-5 	1.044305E+1	1.044279E+1
5.0     	198     	1.036527E+1	1.558126E-3	2.72E+1    	5.00      	4182.95 	23.2 	33.3 	1.036494E+1	2.417532E-6 	7.677440E+6	1.152953E+3	-1.576410E+0	1.100000E-4 	1.036527E+1	1.036494E+1
5.0     	199     	1.034340E+1	5.906451E-4	2.72E+1    	5.00      	4185.51 	23.2 	33.3 	1.034305E+1	3.354781E-7 	7.693680E+6	4.350862E+2	-1.576633E+0	1.021437E-4 	1.034340E+1	1.034305E+1
5.0     	200     	1.038165E+1	1.272107E-3	2.74E+1    	5.00      	4188.08 	23.2 	33.3 	1.038140E+1	1.611696E-6 	7.665297E+6	9.383674E+2	-1.575613E+0	6.110101E-5 	1.038165E+1	1.038140E+1
5.0     	201     	1.041815E+1	7.111216E-4	2.76E+1    	5.00      	4190.65 	23.2 	33.3 	1.041789E+1	5.004661E-7 	7.638447E+6	5.200321E+2	-1.575813E+0	3.511885E-5 	1.041815E+1	1.041789E+1
5.0     	202     	1.039773E+1	1.303209E-3	2.73E+1    	5.00      	4193.22 	23.2 	33.3 	1.039742E+1	1.730274E-6 	7.653467E+6	9.638119E+2	-1.576260E+0	1.212436E-4 	1.039773E+1	1.039742E+1
5.0     	203     	1.033438E+1	8.379803E-4	2.75E+1    	5.00      	4195.79 	23.2 	33.3 	1.033411E+1	7.243819E-7 	7.700367E+6	6.293118E+2	-1.575860E+0	1.509967E-4 	1.033438E+1	1.033411E+1
5.0     	204     	1.042825E+1	4.698509E-4	2.74E+1    	5.00      	4198.37 	23.2 	33.3 	1.042798E+1	2.241564E-7 	7.631050E+6	3.451087E+2	-1.575957E+0	1.305118E-4 	1.042825E+1	1.042798E+1
5.0     	205     	1.038783E+1	2.444433E-3	2.75E+1    	5.00      	4200.93 	23.2 	33.3 	1.038756E+1	5.983951E-6 	7.660747E+6	1.803256E+3	-1.575913E+0	1.817507E-4 	1.038783E+1	1.038756E+1
5.0     	206     	1.072542E+1	1.555586E-4	2.72E+1    	5.00      	4203.51 	23.2 	33.3 	1.072502E+1	2.220993E-8 	7.419660E+6	1.053565E+2	-1.576900E+0	5.000000E-5 	1.072542E+1	1.072502E+1
5.0     	207     	1.036754E+1	1.706841E-3	2.73E+1    	5.00      	4206.08 	23.2 	33.3 	1.036721E+1	2.888935E-6 	7.675760E+6	1.261071E+3	-1.576433E+0	6.429101E-5 	1.036754E+1	1.036721E+1
5.0     	208     	1.067328E+1	1.847792E-3	2.72E+1    	5.00      	4208.67 	23.2 	33.3 	1.067313E+1	3.391174E-6 	7.455817E+6	1.288462E+3	-1.574563E+0	1.026320E-4 	1.067328E+1	1.067313E+1
5.0     	209     	1.075957E+1	1.402348E-3	2.70E+1    	5.00      	4211.23 	23.2 	33.3 	1.075941E+1	1.978693E-6 	7.396027E+6	9.654187E+2	-1.567010E+0	5.567764E-5 	1.075957E+1	1.075941E+1
5.0     	210     	1.064372E+1	2.246795E-4	2.72E+1    	5.00      	4213.80 	23.2 	33.3 	1.064348E+1	4.777634E-8 	7.476557E+6	1.556706E+2	-1.575527E+0	8.144528E-5 	1.064372E+1	1.064348E+1
5.0     	211     	1.512494E+0	1.094876E-3	2.72E+1    	5.00      	4216.36 	23.2 	33.3 	1.507715E+0	1.240083E-6 	5.269677E+7	3.854625E+4	-1.627037E+0	2.052641E-4 	1.512494E+0	1.507715E+0
5.0     	212     	1.062103E+1	5.799622E-4	2.70E+1    	5.00      	4218.94 	23.2 	33.3 	1.062080E+1	3.409827E-7 	7.492523E+6	4.105281E+2	-1.575463E+0	4.041452E-5 	1.062103E+1	1.062080E+1
5.0     	213     	1.042976E+1	5.814733E-4	2.74E+1    	5.00      	4221.52 	23.2 	33.3 	1.042946E+1	3.292886E-7 	7.629957E+6	4.225321E+2	-1.576193E+0	1.700980E-4 	1.042976E+1	1.042946E+1
5.0     	214     	1.041756E+1	6.940649E-4	2.75E+1    	5.00      	4224.09 	23.2 	33.3 	1.041719E+1	4.903075E-7 	7.638920E+6	5.111751E+2	-1.576730E+0	8.717798E-5 	1.041756E+1	1.041719E+1
5.0     	215     	1.061937E+1	3.624750E-3	2.73E+1    	5.00      	4226.66 	23.2 	33.3 	1.061668E+1	1.379099E-5 	7.494567E+6	2.589311E+3	-1.586703E+0	2.793445E-4 	1.061937E+1	1.061668E+1
5.0     	216     	1.040351E+1	7.865015E-4	2.76E+1    	5.00      	4229.24 	23.2 	33.3 	1.040323E+1	6.193838E-7 	7.649203E+6	5.784750E+2	-1.575997E+0	9.291573E-5 	1.040351E+1	1.040323E+1
5.0     	217     	1.040884E+1	2.644114E-3	2.73E+1    	5.00      	4231.81 	23.2 	33.3 	1.040855E+1	6.948177E-6 	7.645290E+6	1.939356E+3	-1.576093E+0	7.371115E-5 	1.040884E+1	1.040855E+1
5.0     	218     	1.045568E+1	9.014853E-4	2.70E+1    	5.00      	4234.39 	23.2 	33.3 	1.045536E+1	8.265111E-7 	7.611047E+6	6.589638E+2	-1.576293E+0	1.527525E-4 	1.045568E+1	1.045536E+1
5.0     	219     	1.066759E+1	9.017709E-4	2.73E+1    	5.00      	4236.97 	23.2 	33.3 	1.066721E+1	7.786966E-7 	7.459877E+6	6.238857E+2	-1.576787E+0	1.527525E-4 	1.066759E+1	1.066721E+1
5.0     	220     	1.041290E+1	9.602029E-4	2.73E+1    	5.00      	4239.53 	23.2 	33.3 	1.041260E+1	9.003154E-7 	7.642310E+6	7.005712E+2	-1.576167E+0	1.365040E-4 	1.041290E+1	1.041260E+1
5.0     	221     	1.073323E+1	6.903692E-4	2.72E+1    	5.00      	4242.11 	23.2 	33.3 	1.073282E+1	4.595799E-7 	7.414263E+6	4.724757E+2	-1.577030E+0	2.475884E-4 	1.073323E+1	1.073282E+1
5.0     	222     	1.531367E+0	4.111911E-3	2.74E+1    	5.00      	4244.68 	23.2 	33.3 	1.377416E+0	4.922656E-6 	5.479227E+7	1.165540E+5	-1.248167E+0	1.850793E-3 	1.531367E+0	1.377416E+0
5.0     	223     	1.063199E+1	1.249490E-4	2.73E+1    	5.00      	4247.26 	23.2 	33.3 	1.063157E+1	1.387864E-8 	7.484870E+6	8.544004E+1	-1.577080E+0	6.082763E-5 	1.063199E+1	1.063157E+1
5.0     	224     	1.070081E+1	1.871385E-3	2.76E+1    	5.00      	4249.83 	23.2 	33.3 	1.070060E+1	3.464603E-6 	7.436657E+6	1.296932E+3	-1.575160E+0	1.374773E-4 	1.070081E+1	1.070060E+1
5.0     	225     	1.063543E+1	8.459293E-4	2.75E+1    	5.00      	4252.40 	23.2 	33.3 	1.063543E+1	7.151228E-7 	7.482297E+6	5.950070E+2	-1.570930E+0	9.539392E-5 	1.063543E+1	1.063543E+1
5.0     	226     	1.046091E+1	1.104698E-3	2.73E+1    	5.00      	4254.98 	23.2 	33.3 	1.046060E+1	1.262193E-6 	7.607240E+6	8.101852E+2	-1.576227E+0	1.656301E-4 	1.046091E+1	1.046060E+1
5.0     	227     	1.065154E+1	4.621517E-4	2.75E+1    	5.00      	4257.55 	23.2 	33.3 	1.065124E+1	2.260685E-7 	7.471087E+6	3.288363E+2	-1.576090E+0	1.216553E-4 	1.065154E+1	1.065124E+1
5.0     	228     	1.036196E+1	1.140051E-3	2.77E+1    	5.00      	4260.12 	23.2 	33.3 	1.036167E+1	1.310786E-6 	7.679877E+6	8.467192E+2	-1.576077E+0	1.450287E-4 	1.036196E+1	1.036167E+1
5.0     	229     	1.064310E+1	1.517497E-3	2.74E+1    	5.00      	4262.70 	23.2 	33.3 	1.064265E+1	2.329295E-6 	7.477067E+6	1.069081E+3	-1.577343E+0	6.350853E-5 	1.064310E+1	1.064265E+1
5.0     	230     	1.060130E+1	1.076319E-3	2.73E+1    	5.00      	4265.27 	23.2 	33.3 	1.059875E+1	1.129208E-6 	7.507290E+6	7.574299E+2	-1.586303E+0	4.163332E-5 	1.060130E+1	1.059875E+1
5.0     	231     	7.953224E+0	1.652731E-2	2.74E+1    	5.00      	4267.85 	23.2 	33.3 	4.326702E+0	2.102237E-4 	1.356570E+7	3.676901E+4	-8.294730E-1	7.052751E-4 	7.953224E+0	4.326702E+0
5.0     	232     	1.060396E+1	6.894256E-4	2.74E+1    	5.00      	4270.42 	23.2 	33.3 	1.060155E+1	4.446822E-7 	7.505357E+6	4.800347E+2	-1.585873E+0	7.505553E-5 	1.060396E+1	1.060155E+1
5.0     	233     	1.043482E+1	1.173389E-3	2.73E+1    	5.00      	4273.00 	23.2 	33.3 	1.043453E+1	1.351096E-6 	7.626253E+6	8.536002E+2	-1.576150E+0	1.081665E-4 	1.043482E+1	1.043453E+1
5.0     	234     	1.063748E+1	1.170750E-3	2.72E+1    	5.00      	4275.57 	23.2 	33.3 	1.063712E+1	1.361551E-6 	7.480987E+6	8.219692E+2	-1.576617E+0	7.505553E-5 	1.063748E+1	1.063712E+1
5.0     	235     	1.575595E+0	1.292600E-3	2.73E+1    	5.00      	4278.14 	23.2 	33.3 	1.556145E+0	8.691432E-7 	5.082097E+7	3.607386E+4	-1.459463E+0	9.932942E-4 	1.575595E+0	1.556145E+0
5.0     	236     	1.068770E+1	1.317974E-3	2.74E+1    	5.00      	4280.71 	23.2 	33.3 	1.068736E+1	1.724787E-6 	7.445827E+6	9.166424E+2	-1.576443E+0	9.237604E-5 	1.068770E+1	1.068736E+1
5.0     	237     	1.035210E+1	9.601778E-4	2.74E+1    	5.00      	4283.29 	23.2 	33.3 	1.035180E+1	9.551130E-7 	7.687197E+6	7.193284E+2	-1.576233E+0	1.650253E-4 	1.035210E+1	1.035180E+1
5.0     	238     	1.063858E+1	1.181738E-3	2.74E+1    	5.00      	4285.86 	23.2 	33.3 	1.063815E+1	1.413826E-6 	7.480233E+6	8.334467E+2	-1.577160E+0	6.557439E-5 	1.063858E+1	1.063815E+1
5.0     	239     	1.049446E+1	1.394207E-3	2.74E+1    	5.00      	4288.44 	23.2 	33.3 	1.049413E+1	1.917185E-6 	7.582927E+6	1.004009E+3	-1.576353E+0	8.504901E-5 	1.049446E+1	1.049413E+1
5.0     	240     	1.065029E+1	2.637819E-4	2.75E+1    	5.00      	4291.00 	23.2 	33.3 	1.065012E+1	6.737188E-8 	7.471920E+6	1.835756E+2	-1.574777E+0	6.506407E-5 	1.065029E+1	1.065012E+1
5.0     	241     	1.123908E+1	1.744472E-3	2.74E+1    	5.00      	4293.58 	23.2 	33.3 	1.123908E+1	3.046008E-6 	7.080427E+6	1.099197E+3	-1.570337E+0	1.001665E-4 	1.123908E+1	1.123908E+1
5.0     	242     	1.070839E+1	5.125468E-4	2.71E+1    	5.00      	4296.15 	23.2 	33.3 	1.070828E+1	2.694422E-7 	7.431357E+6	3.579572E+2	-1.574017E+0	1.550269E-4 	1.070839E+1	1.070828E+1
5.0     	243     	1.068246E+1	9.071663E-4	2.75E+1    	5.00      	4298.72 	23.2 	33.3 	1.068228E+1	8.291648E-7 	7.449420E+6	6.337981E+2	-1.574847E+0	6.658328E-5 	1.068246E+1	1.068228E+1
5.0     	244     	1.094672E+1	2.021520E-3	2.73E+1    	5.00      	4301.30 	23.2 	33.3 	1.094667E+1	4.069027E-6 	7.269543E+6	1.341131E+3	-1.572823E+0	1.137248E-4 	1.094672E+1	1.094667E+1
5.0     	245     	1.532584E+0	9.351170E-3	2.74E+1    	5.00      	4303.88 	23.2 	33.3 	1.450912E+0	5.514687E-6 	5.336573E+7	2.056686E+5	-1.338007E+0	9.484241E-3 	1.532584E+0	1.450912E+0
5.0     	246     	1.087588E+1	4.908029E-4	2.72E+1    	5.00      	4306.45 	23.2 	33.3 	1.087569E+1	2.416756E-7 	7.316940E+6	3.304542E+2	-1.575067E+0	6.658328E-5 	1.087588E+1	1.087569E+1
5.0     	247     	1.079757E+1	1.603655E-3	2.73E+1    	5.00      	4309.03 	23.2 	33.3 	1.079655E+1	2.713528E-6 	7.370290E+6	1.109640E+3	-1.580527E+0	2.402776E-4 	1.079757E+1	1.079655E+1
5.0     	248     	1.065112E+1	2.303221E-3	2.72E+1    	5.00      	4311.59 	23.2 	33.3 	1.065095E+1	5.307908E-6 	7.471337E+6	1.615931E+3	-1.574877E+0	1.001665E-4 	1.065112E+1	1.065095E+1
5.0     	249     	1.062541E+1	7.738026E-4	2.75E+1    	5.00      	4314.15 	23.2 	33.3 	1.062529E+1	5.900326E-7 	7.489400E+6	5.434151E+2	-1.574127E+0	8.020806E-5 	1.062541E+1	1.062529E+1
5.0     	250     	1.063261E+1	1.120331E-3	2.72E+1    	5.00      	4316.73 	23.2 	33.3 	1.063249E+1	1.264659E-6 	7.484327E+6	7.900844E+2	-1.574143E+0	7.371115E-5 	1.063261E+1	1.063249E+1
5.0     	251     	1.081880E+1	1.474027E-3	2.75E+1    	5.00      	4319.31 	23.2 	33.3 	1.081858E+1	2.158869E-6 	7.355553E+6	1.000616E+3	-1.575337E+0	4.932883E-5 	1.081880E+1	1.081858E+1
5.0     	252     	1.058261E+1	1.103883E-3	2.71E+1    	5.00      	4321.87 	23.2 	33.3 	1.058238E+1	1.183796E-6 	7.519730E+6	7.787169E+2	-1.575453E+0	1.960442E-4 	1.058261E+1	1.058238E+1
5.0     	253     	1.072319E+1	9.139744E-4	2.74E+1    	5.00      	4324.44 	23.2 	33.3 	1.072307E+1	8.291946E-7 	7.421103E+6	6.313742E+2	-1.574160E+0	6.557439E-5 	1.072319E+1	1.072307E+1
5.0     	254     	1.093803E+1	3.227676E-4	2.74E+1    	5.00      	4327.01 	23.2 	33.3 	1.093803E+1	1.066419E-7 	7.275303E+6	2.159475E+2	-1.570090E+0	2.357965E-4 	1.093803E+1	1.093803E+1
5.0     	255     	1.082797E+1	9.850818E-4	2.72E+1    	5.00      	4329.58 	23.2 	33.3 	1.082795E+1	9.730332E-7 	7.349260E+6	6.690291E+2	-1.572107E+0	1.242310E-4 	1.082797E+1	1.082795E+1
5.0     	256     	1.104599E+1	1.278704E-3	2.75E+1    	5.00      	4332.15 	23.2 	33.3 	1.104599E+1	1.635146E-6 	7.204197E+6	8.339265E+2	-1.570417E+0	9.609024E-5 	1.104599E+1	1.104599E+1
5.0     	257     	5.629593E+0	1.152664E-3	2.72E+1    	5.00      	4334.72 	23.2 	33.3 	5.627600E+0	1.444281E-6 	1.413807E+7	2.956913E+3	-1.589610E+0	2.351595E-4 	5.629593E+0	5.627600E+0
5.0     	258     	8.085485E+0	7.743722E-4	2.73E+1    	5.00      	4337.30 	23.2 	33.3 	8.084493E+0	5.641798E-7 	9.842620E+6	9.286011E+2	-1.581873E+0	1.331666E-4 	8.085485E+0	8.084493E+0
5.0     	259     	1.123820E+1	4.221347E-4	2.72E+1    	5.00      	4339.87 	23.2 	33.3 	1.123790E+1	1.632039E-7 	7.081073E+6	2.602563E+2	-1.575940E+0	1.734935E-4 	1.123820E+1	1.123790E+1
5.0     	260     	2.366726E+1	1.208714E-3	2.74E+1    	5.00      	4342.45 	23.2 	33.3 	2.366642E+1	1.415960E-6 	3.362403E+6	1.703917E+2	-1.564840E+0	7.000000E-5 	2.366726E+1	2.366642E+1
5.0     	261     	2.816960E+1	1.351970E-3	2.72E+1    	5.00      	4345.03 	23.2 	33.3 	2.816757E+1	1.837723E-6 	2.825043E+6	1.357694E+2	-1.562317E+0	6.027714E-5 	2.816960E+1	2.816757E+1
5.0     	262     	3.426192E+1	1.254854E-3	2.73E+1    	5.00      	4347.59 	23.2 	33.3 	3.425734E+1	1.572682E-6 	2.322777E+6	8.504901E+1	-1.559243E+0	2.309401E-5 	3.426192E+1	3.425734E+1
5.0     	263     	5.022462E+1	9.568383E-4	2.72E+1    	5.00      	4350.15 	23.2 	33.3 	5.020655E+1	9.591520E-7 	1.584717E+6	3.055050E+1	-1.551827E+0	1.527525E-5 	5.022462E+1	5.020655E+1
5.0     	264     	1.100856E+2	7.615488E-4	2.73E+1    	5.00      	4352.72 	23.2 	33.3 	1.098733E+2	7.244191E-7 	7.235670E+5	5.291503E+0	-1.526863E+0	1.527525E-5 	1.100856E+2	1.098733E+2
10.0    	1       	8.189053E+0	7.701747E-4	4.14E+1    	10.00     	4385.81 	23.2 	33.3 	8.188564E+0	5.778912E-7 	9.717833E+6	9.079831E+2	-1.578523E+0	1.517674E-4 	8.189053E+0	8.188564E+0
10.0    	2       	8.280905E+0	8.702322E-4	3.84E+1    	10.00     	4388.15 	23.2 	33.3 	8.280265E+0	7.253462E-7 	9.610127E+6	9.991163E+2	-1.579587E+0	1.418920E-4 	8.280905E+0	8.280265E+0
10.0    	3       	5.913814E-1	1.618621E-3	3.91E+1    	10.00     	4390.70 	23.2 	33.3 	5.485471E-1	2.064162E-6 	1.397177E+8	3.551582E+5	-1.843273E+0	3.055820E-3 	5.913814E-1	5.485471E-1
10.0    	4       	8.533159E+0	6.230802E-4	3.87E+1    	10.00     	4393.27 	23.2 	33.3 	8.532662E+0	3.714707E-7 	9.325947E+6	6.735231E+2	-1.578427E+0	1.289703E-4 	8.533159E+0	8.532662E+0
10.0    	5       	1.310195E+0	1.481958E-3	3.83E+1    	10.00     	4395.84 	23.2 	33.3 	1.308980E+0	2.416485E-6 	6.076537E+7	7.040748E+4	-1.601237E+0	1.158203E-3 	1.310195E+0	1.308980E+0
10.0    	6       	8.165029E+0	9.722774E-4	3.86E+1    	10.00     	4398.42 	23.2 	33.3 	8.164350E+0	9.500944E-7 	9.746540E+6	1.162067E+3	-1.579920E+0	1.322876E-4 	8.165029E+0	8.164350E+0
10.0    	7       	7.900292E+0	1.845125E-3	3.83E+1    	10.00     	4400.99 	23.2 	33.3 	7.899495E+0	3.490288E-6 	1.007323E+7	2.367136E+3	-1.580840E+0	1.652271E-4 	7.900292E+0	7.899495E+0
10.0    	8       	7.897824E+0	1.042355E-3	3.83E+1    	10.00     	4403.57 	23.2 	33.3 	7.897311E+0	1.137437E-6 	1.007620E+7	1.345362E+3	-1.578853E+0	2.079263E-4 	7.897824E+0	7.897311E+0
10.0    	9       	7.845517E+0	1.274726E-3	3.84E+1    	10.00     	4406.14 	23.2 	33.3 	7.845027E+0	1.537735E-6 	1.014337E+7	1.625833E+3	-1.578700E+0	2.816026E-4 	7.845517E+0	7.845027E+0
10.0    	10      	8.296415E+0	2.122917E-3	3.82E+1    	10.00     	4408.71 	23.2 	33.3 	8.288948E+0	4.593743E-6 	9.596110E+6	2.468218E+3	-1.600800E+0	6.082763E-5 	8.296415E+0	8.288948E+0
10.0    	11      	4.959539E+0	1.219573E-1	3.88E+1    	10.00     	4411.29 	23.2 	33.3 	2.779788E+0	5.624121E-3 	2.144157E+7	5.533688E+5	-8.460180E-1	1.349547E-3 	4.959539E+0	2.779788E+0
10.0    	12      	2.398990E+0	2.385067E-3	3.85E+1    	10.00     	4413.86 	23.2 	33.3 	2.392791E+0	5.835868E-6 	3.321420E+7	3.326094E+4	-1.519940E+0	1.600000E-4 	2.398990E+0	2.392791E+0
10.0    	13      	8.215686E+0	9.295515E-4	3.84E+1    	10.00     	4416.45 	23.2 	33.3 	8.215371E+0	8.800284E-7 	9.686227E+6	1.100924E+3	-1.576980E+0	1.252996E-4 	8.215686E+0	8.215371E+0
10.0    	14      	7.982536E+0	5.366524E-4	3.82E+1    	10.00     	4419.01 	23.2 	33.3 	7.981964E+0	2.713516E-7 	9.969303E+6	6.603282E+2	-1.579257E+0	1.800926E-4 	7.982536E+0	7.981964E+0
10.0    	15      	7.988168E+0	9.195934E-4	3.86E+1    	10.00     	4421.58 	23.2 	33.3 	7.987314E+0	8.125509E-7 	9.962450E+6	1.135385E+3	-1.581133E+0	2.685765E-4 	7.988168E+0	7.987314E+0
10.0    	16      	8.128355E+0	6.854243E-4	3.82E+1    	10.00     	4424.16 	23.2 	33.3 	8.127859E+0	4.544477E-7 	9.790407E+6	8.187999E+2	-1.578610E+0	1.345362E-4 	8.128355E+0	8.127859E+0
10.0    	17      	7.869542E+0	6.753476E-4	3.84E+1    	10.00     	4426.73 	23.2 	33.3 	7.868740E+0	4.523008E-7 	1.011260E+7	8.660254E+2	-1.580890E+0	4.358899E-5 	7.869542E+0	7.868740E+0
10.0    	18      	7.666546E+0	5.065740E-4	3.84E+1    	10.00     	4429.30 	23.2 	33.3 	7.665562E+0	2.784404E-7 	1.038050E+7	7.000000E+2	-1.582123E+0	1.887679E-4 	7.666546E+0	7.665562E+0
10.0    	19      	7.908301E+0	5.455901E-4	3.82E+1    	10.00     	4431.88 	23.2 	33.3 	7.907868E+0	3.081151E-7 	1.006280E+7	7.000000E+2	-1.578193E+0	2.663331E-4 	7.908301E+0	7.907868E+0
10.0    	20      	7.538445E+0	2.754996E-3	3.84E+1    	10.00     	4434.45 	23.2 	33.3 	7.537425E+0	7.797453E-6 	1.055693E+7	3.885014E+3	-1.582427E+0	2.695057E-4 	7.538445E+0	7.537425E+0
10.0    	21      	7.817616E+0	8.123289E-4	3.83E+1    	10.00     	4437.03 	23.2 	33.3 	7.816669E+0	6.185505E-7 	1.017987E+7	1.040833E+3	-1.581800E+0	2.151743E-4 	7.817616E+0	7.816669E+0
10.0    	22      	7.577372E+0	7.307392E-4	3.84E+1    	10.00     	4439.60 	23.2 	33.3 	7.576393E+0	5.105705E-7 	1.050267E+7	1.001665E+3	-1.582160E+0	1.135782E-4 	7.577372E+0	7.576393E+0
10.0    	23      	7.544883E+0	1.165300E-3	3.84E+1    	10.00     	4442.19 	23.2 	33.3 	7.544088E+0	1.357565E-6 	1.054777E+7	1.628906E+3	-1.581057E+0	9.073772E-5 	7.544883E+0	7.544088E+0
10.0    	24      	7.554048E+0	1.700319E-3	3.81E+1    	10.00     	4444.77 	23.2 	33.3 	7.553304E+0	2.891913E-6 	1.053493E+7	2.371357E+3	-1.580720E+0	1.000000E-5 	7.554048E+0	7.553304E+0
10.0    	25      	7.779246E+0	1.559224E-3	3.85E+1    	10.00     	4447.32 	23.2 	33.3 	7.773457E+0	2.657739E-6 	1.023327E+7	2.098412E+3	-1.598080E+0	1.705872E-4 	7.779246E+0	7.773457E+0
10.0    	26      	3.727390E+0	1.246819E-2	3.84E+1    	10.00     	4449.90 	23.2 	33.3 	2.243602E+0	1.834211E-5 	2.751800E+7	7.074044E+4	-8.880430E-1	1.099710E-3 	3.727390E+0	2.243602E+0
10.0    	27      	8.000880E+0	2.063821E-3	3.81E+1    	10.00     	4452.47 	23.2 	33.3 	7.993158E+0	4.803951E-6 	9.950893E+6	2.647647E+3	-1.601867E+0	2.640707E-4 	8.000880E+0	7.993158E+0
10.0    	28      	7.818227E+0	2.003371E-3	3.85E+1    	10.00     	4455.05 	23.2 	33.3 	7.816981E+0	4.132693E-6 	1.017927E+7	2.627420E+3	-1.583423E+0	2.138535E-4 	7.818227E+0	7.816981E+0
10.0    	29      	7.565365E+0	1.420501E-3	3.85E+1    	10.00     	4457.62 	23.2 	33.3 	7.564391E+0	2.166378E-6 	1.051933E+7	2.010804E+3	-1.582143E+0	3.156475E-4 	7.565365E+0	7.564391E+0
10.0    	30      	7.573873E+0	3.595771E-4	3.84E+1    	10.00     	4460.19 	23.2 	33.3 	7.572970E+0	1.235763E-7 	1.050747E+7	4.932883E+2	-1.581713E+0	4.932883E-5 	7.573873E+0	7.572970E+0
10.0    	31      	7.634685E+0	1.520187E-3	3.84E+1    	10.00     	4462.76 	23.2 	33.3 	7.633734E+0	2.269463E-6 	1.042380E+7	2.066398E+3	-1.581960E+0	8.000000E-5 	7.634685E+0	7.633734E+0
10.0    	32      	7.904135E+0	7.881731E-4	3.81E+1    	10.00     	4465.33 	23.2 	33.3 	7.903447E+0	6.279987E-7 	1.006827E+7	1.006645E+3	-1.580127E+0	1.429452E-4 	7.904135E+0	7.903447E+0
10.0    	33      	7.917611E+0	2.808876E-4	3.85E+1    	10.00     	4467.91 	23.2 	33.3 	7.916969E+0	8.282857E-8 	1.005110E+7	3.605551E+2	-1.579797E+0	2.000833E-4 	7.917611E+0	7.916969E+0
10.0    	34      	7.581166E+0	1.316211E-3	3.83E+1    	10.00     	4470.48 	23.2 	33.3 	7.580203E+0	1.740110E-6 	1.049740E+7	1.824829E+3	-1.582067E+0	3.214550E-5 	7.581166E+0	7.580203E+0
10.0    	35      	7.520747E+0	7.360408E-5	3.82E+1    	10.00     	4473.06 	23.2 	33.3 	7.519979E+0	5.089058E-9 	1.058160E+7	1.000000E+2	-1.580897E+0	1.882374E-4 	7.520747E+0	7.519979E+0
10.0    	36      	7.563735E+0	1.783497E-3	3.82E+1    	10.00     	4475.63 	23.2 	33.3 	7.562714E+0	3.187894E-6 	1.052163E+7	2.482606E+3	-1.582417E+0	2.040425E-4 	7.563735E+0	7.562714E+0
10.0    	37      	7.806756E+0	4.199825E-4	3.85E+1    	10.00     	4478.20 	23.2 	33.3 	7.805394E+0	1.874743E-7 	1.019430E+7	5.567764E+2	-1.584007E+0	1.266228E-4 	7.806756E+0	7.805394E+0
10.0    	38      	7.583325E+0	2.787928E-4	3.85E+1    	10.00     	4480.77 	23.2 	33.3 	7.582474E+0	7.201536E-8 	1.049433E+7	3.785939E+2	-1.581390E+0	7.000000E-5 	7.583325E+0	7.582474E+0
10.0    	39      	7.588527E+0	1.827155E-3	3.81E+1    	10.00     	4483.36 	23.2 	33.3 	7.587588E+0	3.287720E-6 	1.048720E+7	2.515949E+3	-1.581917E+0	9.073772E-5 	7.588527E+0	7.587588E+0
10.0    	40      	7.612583E+0	1.654545E-4	3.84E+1    	10.00     	4485.91 	23.2 	33.3 	7.610174E+0	1.922822E-8 	1.045507E+7	2.081666E+2	-1.588587E+0	1.350309E-4 	7.612583E+0	7.610174E+0
10.0    	41      	7.433242E+0	2.967662E-4	3.83E+1    	10.00     	4488.49 	23.2 	33.3 	7.159848E+0	2.236127E-6 	1.090810E+7	1.352775E+3	-1.377820E+0	4.350862E-4 	7.433242E+0	7.159848E+0
10.0    	42      	7.811378E+0	5.266053E-4	3.83E+1    	10.00     	4491.06 	23.2 	33.3 	7.805318E+0	3.452199E-7 	1.019133E+7	7.234178E+2	-1.598653E+0	2.919475E-4 	7.811378E+0	7.805318E+0
10.0    	43      	7.602158E+0	4.507593E-4	3.84E+1    	10.00     	4493.63 	23.2 	33.3 	7.601163E+0	1.805518E-7 	1.046843E+7	6.027714E+2	-1.582237E+0	1.913984E-4 	7.602158E+0	7.601163E+0
10.0    	44      	7.550762E+0	1.351408E-3	3.85E+1    	10.00     	4496.20 	23.2 	33.3 	7.549853E+0	1.830733E-6 	1.053963E+7	1.887679E+3	-1.581763E+0	9.712535E-5 	7.550762E+0	7.549853E+0
10.0    	45      	7.592119E+0	2.199483E-4	3.82E+1    	10.00     	4498.77 	23.2 	33.3 	7.591185E+0	4.975565E-8 	1.048223E+7	3.055050E+2	-1.581887E+0	1.242310E-4 	7.592119E+0	7.591185E+0
10.0    	46      	7.569908E+0	1.201239E-3	3.82E+1    	10.00     	4501.36 	23.2 	33.3 	7.569107E+0	1.368240E-6 	1.051290E+7	1.646208E+3	-1.581083E+0	2.596793E-4 	7.569908E+0	7.569107E+0
10.0    	47      	7.573719E+0	5.820732E-4	3.83E+1    	10.00     	4503.93 	23.2 	33.3 	7.572691E+0	3.398957E-7 	1.050777E+7	8.082904E+2	-1.582443E+0	4.041452E-5 	7.573719E+0	7.572691E+0
10.0    	48      	7.896766E+0	9.250721E-4	3.84E+1    	10.00     	4506.49 	23.2 	33.3 	7.895966E+0	8.923012E-7 	1.007773E+7	1.193035E+3	-1.580863E+0	1.250333E-4 	7.896766E+0	7.895966E+0
10.0    	49      	7.889747E+0	1.081338E-3	3.84E+1    	10.00     	4509.06 	23.2 	33.3 	7.889103E+0	1.179715E-6 	1.008660E+7	1.385641E+3	-1.579830E+0	1.058301E-4 	7.889747E+0	7.889103E+0
10.0    	50      	7.518634E+0	4.770908E-4	3.82E+1    	10.00     	4511.63 	23.2 	33.3 	7.517592E+0	1.902550E-7 	1.058477E+7	6.429101E+2	-1.582570E+0	2.330236E-4 	7.518634E+0	7.517592E+0
10.0    	51      	7.563005E+0	1.167961E-3	3.82E+1    	10.00     	4514.21 	23.2 	33.3 	7.562198E+0	1.404389E-6 	1.052250E+7	1.637071E+3	-1.581127E+0	1.154701E-4 	7.563005E+0	7.562198E+0
10.0    	52      	7.822662E+0	9.177695E-4	3.83E+1    	10.00     	4516.80 	23.2 	33.3 	7.821459E+0	8.885357E-7 	1.017347E+7	1.209683E+3	-1.583200E+0	1.664332E-4 	7.822662E+0	7.821459E+0
10.0    	53      	1.444695E+0	5.077465E-4	3.82E+1    	10.00     	4519.41 	23.2 	33.3 	1.377363E+0	2.620563E-7 	5.641283E+7	5.686241E+2	-1.353203E+0	1.637753E-3 	1.444695E+0	1.377363E+0
10.0    	54      	7.749889E+0	1.030043E-3	3.80E+1    	10.00     	4522.02 	23.2 	33.3 	7.748543E+0	1.001098E-6 	1.026910E+7	1.345362E+3	-1.583973E+0	1.501111E-4 	7.749889E+0	7.748543E+0
10.0    	55      	7.604407E+0	9.176730E-4	3.83E+1    	10.00     	4524.59 	23.2 	33.3 	7.603514E+0	8.509030E-7 	1.046527E+7	1.266228E+3	-1.581630E+0	3.000000E-5 	7.604407E+0	7.603514E+0
10.0    	56      	7.598601E+0	2.242960E-4	3.83E+1    	10.00     	4527.16 	23.2 	33.3 	7.597268E+0	4.795788E-8 	1.047357E+7	3.055050E+2	-1.584040E+0	4.000000E-5 	7.598601E+0	7.597268E+0
10.0    	57      	7.626423E+0	5.787922E-4	3.82E+1    	10.00     	4529.74 	23.2 	33.3 	7.621907E+0	2.790514E-7 	1.043753E+7	7.571878E+2	-1.595133E+0	1.803700E-4 	7.626423E+0	7.621907E+0
10.0    	58      	7.598901E+0	2.151150E-3	3.86E+1    	10.00     	4532.30 	23.2 	33.3 	7.597984E+0	4.455194E-6 	1.047287E+7	2.936551E+3	-1.581783E+0	2.902298E-4 	7.598901E+0	7.597984E+0
10.0    	59      	7.498481E+0	1.125465E-3	3.85E+1    	10.00     	4534.88 	23.2 	33.3 	7.497462E+0	1.199811E-6 	1.061320E+7	1.571623E+3	-1.582453E+0	2.112660E-4 	7.498481E+0	7.497462E+0
10.0    	60      	7.602748E+0	1.774498E-3	3.82E+1    	10.00     	4537.45 	23.2 	33.3 	7.601734E+0	3.226185E-6 	1.046763E+7	2.458319E+3	-1.582347E+0	1.331666E-4 	7.602748E+0	7.601734E+0
10.0    	61      	7.879998E+0	7.045973E-4	3.83E+1    	10.00     	4540.03 	23.2 	33.3 	7.879165E+0	5.269858E-7 	1.009920E+7	9.165151E+2	-1.581077E+0	2.311565E-4 	7.879998E+0	7.879165E+0
10.0    	62      	7.915228E+0	8.928352E-4	3.81E+1    	10.00     	4542.59 	23.2 	33.3 	7.914626E+0	8.021905E-7 	1.005410E+7	1.135782E+3	-1.579517E+0	1.553491E-4 	7.915228E+0	7.914626E+0
10.0    	63      	7.577496E+0	9.265036E-4	3.83E+1    	10.00     	4545.16 	23.2 	33.3 	7.576558E+0	8.632469E-7 	1.050247E+7	1.285820E+3	-1.581920E+0	1.552417E-4 	7.577496E+0	7.576558E+0
10.0    	64      	8.061418E+0	4.501157E-4	3.83E+1    	10.00     	4547.73 	23.2 	33.3 	8.060388E+0	1.945529E-7 	9.872030E+6	5.456189E+2	-1.582100E+0	1.053565E-4 	8.061418E+0	8.060388E+0
10.0    	65      	7.828376E+0	1.171175E-3	3.83E+1    	10.00     	4550.31 	23.2 	33.3 	7.827543E+0	1.332211E-6 	1.016580E+7	1.509967E+3	-1.581113E+0	1.193035E-4 	7.828376E+0	7.827543E+0
10.0    	66      	7.550004E+0	4.074736E-4	3.83E+1    	10.00     	4552.87 	23.2 	33.3 	7.549082E+0	1.523217E-7 	1.054070E+7	5.567764E+2	-1.581847E+0	1.504438E-4 	7.550004E+0	7.549082E+0
10.0    	67      	7.612974E+0	8.610883E-4	3.84E+1    	10.00     	4555.44 	23.2 	33.3 	7.611968E+0	7.473399E-7 	1.045357E+7	1.184624E+3	-1.582287E+0	1.258306E-4 	7.612974E+0	7.611968E+0
10.0    	68      	7.588373E+0	1.589253E-3	3.78E+1    	10.00     	4558.02 	23.2 	33.3 	7.587404E+0	2.525445E-6 	1.048743E+7	2.196209E+3	-1.582097E+0	7.505553E-5 	7.588373E+0	7.587404E+0
10.0    	69      	7.738031E+0	6.319849E-4	3.81E+1    	10.00     	4560.60 	23.2 	33.3 	7.736642E+0	3.857431E-7 	1.028487E+7	8.326664E+2	-1.584193E+0	1.365040E-4 	7.738031E+0	7.736642E+0
10.0    	70      	7.585856E+0	8.083982E-4	3.85E+1    	10.00     	4563.17 	23.2 	33.3 	7.584954E+0	6.258095E-7 	1.049087E+7	1.106044E+3	-1.581697E+0	1.050397E-4 	7.585856E+0	7.584954E+0
10.0    	71      	7.468259E+0	9.872356E-4	3.80E+1    	10.00     	4565.74 	23.2 	33.3 	7.466799E+0	9.535882E-7 	1.065647E+7	1.401190E+3	-1.584777E+0	5.131601E-5 	7.468259E+0	7.466799E+0
10.0    	72      	7.517040E+0	1.088459E-3	3.83E+1    	10.00     	4568.32 	23.2 	33.3 	7.502402E+0	1.110479E-6 	1.059660E+7	1.509967E+3	-1.526653E+0	1.504438E-4 	7.517040E+0	7.502402E+0
10.0    	73      	7.470780E+0	7.552635E-4	3.84E+1    	10.00     	4570.90 	23.2 	33.3 	7.293419E+0	1.588332E-7 	1.078057E+7	7.571878E+2	-1.416100E+0	2.621068E-4 	7.470780E+0	7.293419E+0
10.0    	74      	7.514759E+0	1.180602E-3	3.80E+1    	10.00     	4573.48 	23.2 	33.3 	7.512428E+0	1.438764E-6 	1.059113E+7	1.677299E+3	-1.588410E+0	9.165151E-5 	7.514759E+0	7.512428E+0
10.0    	75      	7.603863E+0	2.760583E-3	3.83E+1    	10.00     	4576.06 	23.2 	33.3 	7.602945E+0	7.789205E-6 	1.046603E+7	3.821431E+3	-1.581780E+0	3.051229E-4 	7.603863E+0	7.602945E+0
10.0    	76      	7.851262E+0	1.087361E-3	3.82E+1    	10.00     	4578.63 	23.2 	33.3 	7.850531E+0	1.169172E-6 	1.013610E+7	1.400000E+3	-1.580443E+0	1.184624E-4 	7.851262E+0	7.850531E+0
10.0    	77      	5.913350E-1	1.225152E-3	3.81E+1    	10.00     	4581.21 	23.2 	33.3 	5.551738E-1	1.944760E-7 	1.388863E+8	1.988525E+5	-1.820667E+0	2.496684E-3 	5.913350E-1	5.551738E-1
10.0    	78      	5.918884E-1	7.399330E-4	3.82E+1    	10.00     	4583.77 	23.2 	33.3 	5.555261E-1	8.274634E-7 	1.387773E+8	1.761174E+5	-1.821257E+0	2.783744E-3 	5.918884E-1	5.555261E-1
10.0    	79      	8.162710E+0	5.573896E-4	3.84E+1    	10.00     	4586.34 	23.2 	33.3 	8.161689E+0	2.761304E-7 	9.749513E+6	6.467096E+2	-1.581983E+0	1.877054E-4 	8.162710E+0	8.161689E+0
10.0    	80      	1.932662E+0	1.185676E-3	3.84E+1    	10.00     	4588.91 	23.2 	33.3 	1.893453E+0	2.491908E-7 	4.159920E+7	1.693901E+4	-1.427883E+0	1.665423E-3 	1.932662E+0	1.893453E+0
10.0    	81      	7.798041E+0	5.984871E-4	3.81E+1    	10.00     	4591.49 	23.2 	33.3 	7.797282E+0	3.775819E-7 	1.020530E+7	7.937254E+2	-1.580663E+0	1.350309E-4 	7.798041E+0	7.797282E+0
10.0    	82      	7.603997E+0	2.682567E-4	3.84E+1    	10.00     	4594.07 	23.2 	33.3 	7.602761E+0	7.959229E-8 	1.046607E+7	3.785939E+2	-1.583543E+0	1.193035E-4 	7.603997E+0	7.602761E+0
10.0    	83      	7.605999E+0	1.493324E-3	3.81E+1    	10.00     	4596.65 	23.2 	33.3 	7.604974E+0	2.224183E-6 	1.046317E+7	2.052641E+3	-1.582403E+0	2.843120E-4 	7.605999E+0	7.604974E+0
10.0    	84      	7.559392E+0	5.734700E-4	3.83E+1    	10.00     	4599.23 	23.2 	33.3 	7.558339E+0	3.623382E-7 	1.052770E+7	8.185353E+2	-1.582597E+0	1.674316E-4 	7.559392E+0	7.558339E+0
10.0    	85      	7.614262E+0	7.100771E-4	3.84E+1    	10.00     	4601.79 	23.2 	33.3 	7.613254E+0	5.254703E-7 	1.045180E+7	9.848858E+2	-1.582303E+0	8.962886E-5 	7.614262E+0	7.613254E+0
10.0    	86      	7.613134E+0	1.388425E-3	3.83E+1    	10.00     	4604.35 	23.2 	33.3 	7.612148E+0	1.905282E-6 	1.045333E+7	1.900877E+3	-1.582173E+0	1.365040E-4 	7.613134E+0	7.612148E+0
10.0    	87      	7.883433E+0	4.351675E-4	3.82E+1    	10.00     	4606.93 	23.2 	33.3 	7.882547E+0	2.052411E-7 	1.009483E+7	5.686241E+2	-1.581393E+0	1.365040E-4 	7.883433E+0	7.882547E+0
10.0    	88      	7.949081E+0	1.406747E-3	3.84E+1    	10.00     	4609.50 	23.2 	33.3 	7.947708E+0	2.008257E-6 	1.001177E+7	1.778576E+3	-1.583940E+0	1.249000E-4 	7.949081E+0	7.947708E+0
10.0    	89      	7.911581E+0	8.634352E-4	3.83E+1    	10.00     	4612.07 	23.2 	33.3 	7.909620E+0	7.516405E-7 	1.005960E+7	1.100000E+3	-1.586540E+0	1.479865E-4 	7.911581E+0	7.909620E+0
10.0    	90      	7.881357E+0	7.493644E-4	3.83E+1    	10.00     	4614.65 	23.2 	33.3 	7.880459E+0	5.717217E-7 	1.009750E+7	9.643651E+2	-1.581470E+0	9.848858E-5 	7.881357E+0	7.880459E+0
10.0    	91      	7.630535E+0	1.236255E-3	3.81E+1    	10.00     	4617.22 	23.2 	33.3 	7.629588E+0	1.568693E-6 	1.042947E+7	1.700980E+3	-1.581933E+0	1.650253E-4 	7.630535E+0	7.629588E+0
10.0    	92      	7.650875E+0	1.223041E-3	3.80E+1    	10.00     	4619.79 	23.2 	33.3 	7.649935E+0	1.493658E-6 	1.040173E+7	1.662328E+3	-1.581883E+0	4.725816E-5 	7.650875E+0	7.649935E+0
10.0    	93      	7.862620E+0	5.013154E-4	3.83E+1    	10.00     	4622.37 	23.2 	33.3 	7.861771E+0	2.476533E-7 	1.012153E+7	6.429101E+2	-1.581187E+0	1.021437E-4 	7.862620E+0	7.861771E+0
10.0    	94      	7.964302E+0	1.601097E-3	3.83E+1    	10.00     	4624.94 	23.2 	33.3 	7.963479E+0	2.535154E-6 	9.992287E+6	2.003505E+3	-1.580960E+0	1.493318E-4 	7.964302E+0	7.963479E+0
10.0    	95      	7.632166E+0	1.631943E-3	3.84E+1    	10.00     	4627.51 	23.2 	33.3 	7.631128E+0	2.683732E-6 	1.042730E+7	2.233831E+3	-1.582457E+0	6.658328E-5 	7.632166E+0	7.631128E+0
10.0    	96      	8.275775E+0	6.936688E-4	3.84E+1    	10.00     	4630.08 	23.2 	33.3 	8.275073E+0	4.815704E-7 	9.616120E+6	8.061638E+2	-1.580010E+0	5.000000E-5 	8.275775E+0	8.275073E+0
10.0    	97      	7.816307E+0	1.881075E-3	3.82E+1    	10.00     	4632.65 	23.2 	33.3 	7.815472E+0	3.500134E-6 	1.018150E+7	2.443358E+3	-1.581130E+0	2.088061E-4 	7.816307E+0	7.815472E+0
10.0    	98      	7.605813E+0	6.205819E-5	3.84E+1    	10.00     	4635.23 	23.2 	33.3 	7.604046E+0	5.069426E-9 	1.046393E+7	5.773503E+1	-1.555557E+0	4.499259E-4 	7.605813E+0	7.604046E+0
10.0    	99      	7.616368E+0	1.382190E-3	3.83E+1    	10.00     	4637.79 	23.2 	33.3 	7.615228E+0	1.947202E-6 	1.044900E+7	1.905256E+3	-1.583033E+0	8.504901E-5 	7.616368E+0	7.615228E+0
10.0    	100     	7.576901E+0	9.593767E-4	3.82E+1    	10.00     	4640.37 	23.2 	33.3 	7.575902E+0	9.254255E-7 	1.050333E+7	1.331666E+3	-1.582277E+0	1.026320E-4 	7.576901E+0	7.575902E+0
10.0    	101     	7.566150E+0	3.105779E-4	3.82E+1    	10.00     	4642.94 	23.2 	33.3 	7.565188E+0	1.143522E-7 	1.051823E+7	4.509250E+2	-1.582067E+0	1.692139E-4 	7.566150E+0	7.565188E+0
10.0    	102     	7.862779E+0	1.246089E-3	3.82E+1    	10.00     	4645.51 	23.2 	33.3 	7.861870E+0	1.468714E-6 	1.012137E+7	1.582193E+3	-1.581547E+0	2.064784E-4 	7.862779E+0	7.861870E+0
10.0    	103     	7.977570E+0	2.946509E-3	3.84E+1    	10.00     	4648.08 	23.2 	33.3 	7.976801E+0	8.702479E-6 	9.975633E+6	3.686466E+3	-1.580610E+0	1.802776E-4 	7.977570E+0	7.976801E+0
10.0    	104     	7.983711E+0	1.158533E-3	3.83E+1    	10.00     	4650.65 	23.2 	33.3 	7.982967E+0	1.367627E-6 	9.967943E+6	1.453421E+3	-1.580450E+0	9.539392E-5 	7.983711E+0	7.982967E+0
10.0    	105     	7.985311E+0	7.878206E-4	3.84E+1    	10.00     	4653.23 	23.2 	33.3 	7.984465E+0	6.498090E-7 	9.966010E+6	9.945853E+2	-1.581090E+0	2.066398E-4 	7.985311E+0	7.984465E+0
10.0    	106     	7.986996E+0	4.318183E-4	3.82E+1    	10.00     	4655.80 	23.2 	33.3 	7.986161E+0	1.979827E-7 	9.963900E+6	5.467175E+2	-1.581020E+0	1.637071E-4 	7.986996E+0	7.986161E+0
10.0    	107     	7.911161E+0	1.516410E-3	3.82E+1    	10.00     	4658.37 	23.2 	33.3 	7.910407E+0	2.306728E-6 	1.005937E+7	1.929594E+3	-1.580560E+0	1.053565E-4 	7.911161E+0	7.910407E+0
10.0    	108     	7.604442E+0	1.753467E-3	3.81E+1    	10.00     	4660.94 	23.2 	33.3 	7.603479E+0	2.936115E-6 	1.046527E+7	2.386071E+3	-1.582053E+0	2.369247E-4 	7.604442E+0	7.603479E+0
10.0    	109     	7.637714E+0	1.584739E-4	3.82E+1    	10.00     	4663.51 	23.2 	33.3 	7.636712E+0	1.849259E-8 	1.041970E+7	2.000000E+2	-1.582250E+0	2.029778E-4 	7.637714E+0	7.636712E+0
10.0    	110     	7.641824E+0	1.075089E-3	3.82E+1    	10.00     	4666.09 	23.2 	33.3 	7.640866E+0	1.130356E-6 	1.041407E+7	1.457166E+3	-1.581993E+0	7.023769E-5 	7.641824E+0	7.640866E+0
10.0    	111     	7.590686E+0	1.511284E-3	3.82E+1    	10.00     	4668.65 	23.2 	33.3 	7.589626E+0	2.193165E-6 	1.048430E+7	2.066398E+3	-1.582613E+0	1.800926E-4 	7.590686E+0	7.589626E+0
10.0    	112     	7.947225E+0	1.690221E-3	3.83E+1    	10.00     	4671.23 	23.2 	33.3 	7.946813E+0	2.787991E-6 	1.001350E+7	2.116601E+3	-1.578000E+0	1.852026E-4 	7.947225E+0	7.946813E+0
10.0    	113     	7.824640E+0	7.207246E-4	3.81E+1    	10.00     	4673.81 	23.2 	33.3 	7.823788E+0	4.913086E-7 	1.017067E+7	9.237604E+2	-1.581230E+0	2.170253E-4 	7.824640E+0	7.823788E+0
10.0    	114     	7.633728E+0	9.786773E-4	3.83E+1    	10.00     	4676.39 	23.2 	33.3 	7.632543E+0	9.973820E-7 	1.042527E+7	1.350309E+3	-1.583260E+0	1.212436E-4 	7.633728E+0	7.632543E+0
10.0    	115     	7.634961E+0	8.849913E-4	3.81E+1    	10.00     	4678.95 	23.2 	33.3 	7.633946E+0	8.191017E-7 	1.042347E+7	1.222020E+3	-1.582330E+0	1.212436E-4 	7.634961E+0	7.633946E+0
10.0    	116     	7.555257E+0	1.679760E-4	3.84E+1    	10.00     	4681.52 	23.2 	33.3 	7.554199E+0	2.666863E-8 	1.053347E+7	2.309401E+2	-1.582630E+0	3.000000E-5 	7.555257E+0	7.554199E+0
10.0    	117     	7.603403E+0	4.972381E-4	3.79E+1    	10.00     	4684.09 	23.2 	33.3 	7.602435E+0	2.597194E-7 	1.046670E+7	6.928203E+2	-1.582083E+0	1.619671E-4 	7.603403E+0	7.602435E+0
10.0    	118     	7.983525E+0	1.187559E-3	3.82E+1    	10.00     	4686.66 	23.2 	33.3 	7.982656E+0	1.406636E-6 	9.968253E+6	1.481936E+3	-1.581230E+0	9.848858E-5 	7.983525E+0	7.982656E+0
10.0    	119     	7.989349E+0	1.569827E-3	3.81E+1    	10.00     	4689.23 	23.2 	33.3 	7.988491E+0	2.520685E-6 	9.960980E+6	1.968680E+3	-1.581157E+0	1.123981E-4 	7.989349E+0	7.988491E+0
10.0    	120     	7.930187E+0	6.348669E-4	3.83E+1    	10.00     	4691.80 	23.2 	33.3 	7.929324E+0	3.841201E-7 	1.003530E+7	7.937254E+2	-1.581227E+0	1.665333E-4 	7.930187E+0	7.929324E+0
10.0    	121     	7.879234E+0	5.907287E-4	3.83E+1    	10.00     	4694.37 	23.2 	33.3 	7.878369E+0	3.447722E-7 	1.010020E+7	7.549834E+2	-1.581273E+0	4.041452E-5 	7.879234E+0	7.878369E+0
10.0    	122     	8.036942E+0	8.872828E-4	3.81E+1    	10.00     	4696.94 	23.2 	33.3 	8.036122E+0	8.051950E-7 	9.901967E+6	1.099288E+3	-1.580900E+0	1.417745E-4 	8.036942E+0	8.036122E+0
10.0    	123     	7.974801E+0	1.512971E-3	3.81E+1    	10.00     	4699.51 	23.2 	33.3 	7.973958E+0	2.227057E-6 	9.979143E+6	1.880222E+3	-1.581080E+0	1.345362E-4 	7.974801E+0	7.973958E+0
10.0    	124     	7.677941E+0	1.349972E-3	3.83E+1    	10.00     	4702.08 	23.2 	33.3 	7.676404E+0	1.693632E-6 	1.036547E+7	1.789786E+3	-1.584943E+0	2.218859E-4 	7.677941E+0	7.676404E+0
10.0    	125     	7.652765E+0	2.468816E-3	3.84E+1    	10.00     	4704.66 	23.2 	33.3 	7.651773E+0	6.066279E-6 	1.039920E+7	3.351119E+3	-1.582180E+0	7.549834E-5 	7.652765E+0	7.651773E+0
10.0    	126     	7.597625E+0	1.292409E-3	3.84E+1    	10.00     	4707.23 	23.2 	33.3 	7.596599E+0	1.623195E-6 	1.047470E+7	1.769181E+3	-1.582417E+0	1.289703E-4 	7.597625E+0	7.596599E+0
10.0    	127     	7.626594E+0	7.386497E-4	3.84E+1    	10.00     	4709.80 	23.2 	33.3 	7.625632E+0	5.369372E-7 	1.043487E+7	1.006645E+3	-1.582030E+0	4.582576E-5 	7.626594E+0	7.625632E+0
10.0    	128     	7.895112E+0	3.296704E-4	3.81E+1    	10.00     	4712.37 	23.2 	33.3 	7.894225E+0	1.246902E-7 	1.007990E+7	4.358899E+2	-1.581393E+0	1.429452E-4 	7.895112E+0	7.894225E+0
10.0    	129     	7.772457E+0	1.767848E-4	3.80E+1    	10.00     	4714.95 	23.2 	33.3 	7.771738E+0	4.216831E-8 	1.023887E+7	2.516611E+2	-1.580417E+0	1.985783E-4 	7.772457E+0	7.771738E+0
10.0    	130     	7.631585E+0	1.034504E-3	3.81E+1    	10.00     	4717.52 	23.2 	33.3 	7.630587E+0	1.044033E-6 	1.042807E+7	1.404754E+3	-1.582227E+0	2.122106E-4 	7.631585E+0	7.630587E+0
10.0    	131     	7.633609E+0	5.591271E-4	3.83E+1    	10.00     	4720.10 	23.2 	33.3 	7.632711E+0	3.344627E-7 	1.042523E+7	7.767453E+2	-1.581640E+0	1.345362E-4 	7.633609E+0	7.632711E+0
10.0    	132     	7.548140E+0	4.431115E-4	3.81E+1    	10.00     	4722.67 	23.2 	33.3 	7.547128E+0	2.174289E-7 	1.054337E+7	6.350853E+2	-1.582377E+0	1.662328E-4 	7.548140E+0	7.547128E+0
10.0    	133     	7.613178E+0	6.542313E-4	3.83E+1    	10.00     	4725.24 	23.2 	33.3 	7.612298E+0	4.101951E-7 	1.045320E+7	8.888194E+2	-1.581543E+0	1.078579E-4 	7.613178E+0	7.612298E+0
10.0    	134     	7.997349E+0	1.807812E-3	3.80E+1    	10.00     	4727.82 	23.2 	33.3 	7.996510E+0	3.329910E-6 	9.951003E+6	2.260118E+3	-1.581040E+0	1.081665E-4 	7.997349E+0	7.996510E+0
10.0    	135     	8.115567E+0	2.246987E-4	3.80E+1    	10.00     	4730.39 	23.2 	33.3 	8.114736E+0	4.512181E-8 	9.806037E+6	2.640707E+2	-1.580913E+0	8.326664E-5 	8.115567E+0	8.114736E+0
10.0    	136     	7.978113E+0	7.033615E-4	3.82E+1    	10.00     	4732.97 	23.2 	33.3 	7.977291E+0	5.223248E-7 	9.974987E+6	8.914221E+2	-1.580947E+0	2.059935E-4 	7.978113E+0	7.977291E+0
10.0    	137     	8.002347E+0	1.519862E-3	3.81E+1    	10.00     	4735.54 	23.2 	33.3 	8.001585E+0	2.435402E-6 	9.944740E+6	1.913740E+3	-1.580547E+0	3.946306E-4 	8.002347E+0	8.001585E+0
10.0    	138     	8.028253E+0	3.325670E-4	3.79E+1    	10.00     	4738.12 	23.2 	33.3 	8.027375E+0	1.181100E-7 	9.912720E+6	4.172529E+2	-1.581253E+0	1.550269E-4 	8.028253E+0	8.027375E+0
10.0    	139     	8.009550E+0	2.022063E-3	3.79E+1    	10.00     	4740.69 	23.2 	33.3 	8.008181E+0	4.074867E-6 	9.936173E+6	2.506817E+3	-1.583873E+0	5.507571E-5 	8.009550E+0	8.008181E+0
10.0    	140     	7.650942E+0	1.272834E-3	3.84E+1    	10.00     	4743.26 	23.2 	33.3 	7.610357E+0	2.308221E-6 	1.042870E+7	1.907878E+3	-1.497900E+0	2.330236E-4 	7.650942E+0	7.610357E+0
10.0    	141     	7.648290E+0	2.321376E-3	3.82E+1    	10.00     	4745.84 	23.2 	33.3 	7.646737E+0	5.352191E-6 	1.040567E+7	3.153305E+3	-1.585043E+0	4.041452E-5 	7.648290E+0	7.646737E+0
10.0    	142     	7.613162E+0	5.562655E-5	3.83E+1    	10.00     	4748.41 	23.2 	33.3 	7.612265E+0	8.169623E-10	1.045323E+7	5.773503E+1	-1.581650E+0	1.664332E-4 	7.613162E+0	7.612265E+0
10.0    	143     	7.630133E+0	4.333405E-4	3.80E+1    	10.00     	4750.99 	23.2 	33.3 	7.629112E+0	2.121427E-7 	1.043007E+7	6.110101E+2	-1.582363E+0	1.556706E-4 	7.630133E+0	7.629112E+0
10.0    	144     	7.880137E+0	5.161336E-4	3.81E+1    	10.00     	4753.56 	23.2 	33.3 	7.879443E+0	2.492072E-7 	1.009893E+7	6.506407E+2	-1.580183E+0	1.167619E-4 	7.880137E+0	7.879443E+0
10.0    	145     	8.000136E+0	1.085171E-3	3.81E+1    	10.00     	4756.14 	23.2 	33.3 	7.999297E+0	1.241863E-6 	9.947537E+6	1.367382E+3	-1.581037E+0	2.300725E-4 	8.000136E+0	7.999297E+0
10.0    	146     	7.600970E+0	1.267125E-3	3.82E+1    	10.00     	4758.71 	23.2 	33.3 	7.599978E+0	1.729336E-6 	1.047007E+7	1.778576E+3	-1.582217E+0	2.977135E-4 	7.600970E+0	7.599978E+0
10.0    	147     	7.629377E+0	2.263736E-4	3.82E+1    	10.00     	4761.28 	23.2 	33.3 	7.628405E+0	5.950140E-8 	1.043107E+7	3.214550E+2	-1.582087E+0	1.159023E-4 	7.629377E+0	7.628405E+0
10.0    	148     	7.855541E+0	1.457866E-3	3.82E+1    	10.00     	4763.85 	23.2 	33.3 	7.854725E+0	2.110341E-6 	1.013063E+7	1.877054E+3	-1.580987E+0	3.511885E-5 	7.855541E+0	7.854725E+0
10.0    	149     	7.625993E+0	2.107393E-3	3.82E+1    	10.00     	4766.43 	23.2 	33.3 	7.625015E+0	4.434447E-6 	1.043570E+7	2.882707E+3	-1.582120E+0	1.153256E-4 	7.625993E+0	7.625015E+0
10.0    	150     	7.927876E+0	8.857603E-4	3.82E+1    	10.00     	4769.00 	23.2 	33.3 	7.927000E+0	7.913685E-7 	1.003823E+7	1.123981E+3	-1.581310E+0	4.582576E-5 	7.927876E+0	7.927000E+0
10.0    	151     	8.007981E+0	1.419962E-3	3.81E+1    	10.00     	4771.58 	23.2 	33.3 	8.007133E+0	2.042698E-6 	9.937797E+6	1.767946E+3	-1.581090E+0	6.082763E-5 	8.007981E+0	8.007133E+0
10.0    	152     	8.105915E+0	4.438730E-4	3.80E+1    	10.00     	4774.15 	23.2 	33.3 	8.105100E+0	1.956931E-7 	9.817703E+6	5.366874E+2	-1.580823E+0	7.571878E-5 	8.105915E+0	8.105100E+0
10.0    	153     	8.114017E+0	2.784854E-4	3.81E+1    	10.00     	4776.72 	23.2 	33.3 	8.113202E+0	7.943584E-8 	9.807900E+6	3.386739E+2	-1.580817E+0	2.081666E-5 	8.114017E+0	8.113202E+0
10.0    	154     	7.954706E+0	1.434269E-3	3.85E+1    	10.00     	4779.29 	23.2 	33.3 	7.953842E+0	2.043434E-6 	1.000437E+7	1.800926E+3	-1.581220E+0	7.549834E-5 	7.954706E+0	7.953842E+0
10.0    	155     	7.943908E+0	1.160900E-3	3.83E+1    	10.00     	4781.87 	23.2 	33.3 	7.943043E+0	1.297442E-6 	1.001797E+7	1.450287E+3	-1.581227E+0	1.361372E-4 	7.943908E+0	7.943043E+0
10.0    	156     	7.644763E+0	1.864407E-3	3.80E+1    	10.00     	4784.44 	23.2 	33.3 	7.643113E+0	3.579350E-6 	1.041053E+7	2.557994E+3	-1.585487E+0	1.446836E-4 	7.644763E+0	7.643113E+0
10.0    	157     	7.604741E+0	7.973507E-3	3.82E+1    	10.00     	4787.01 	23.2 	33.3 	7.603772E+0	6.593485E-5 	1.046487E+7	1.107986E+4	-1.582063E+0	8.476045E-4 	7.604741E+0	7.603772E+0
10.0    	158     	7.656335E+0	1.371770E-3	3.82E+1    	10.00     	4789.59 	23.2 	33.3 	7.655369E+0	1.865869E-6 	1.039433E+7	1.858315E+3	-1.582030E+0	7.000000E-5 	7.656335E+0	7.655369E+0
10.0    	159     	7.594054E+0	5.527924E-4	3.82E+1    	10.00     	4792.15 	23.2 	33.3 	7.593066E+0	3.354070E-7 	1.047960E+7	7.810250E+2	-1.582203E+0	1.582193E-4 	7.594054E+0	7.593066E+0
10.0    	160     	7.863760E+0	1.119900E-3	3.82E+1    	10.00     	4794.73 	23.2 	33.3 	7.862910E+0	1.236970E-6 	1.012007E+7	1.436431E+3	-1.581190E+0	7.810250E-5 	7.863760E+0	7.862910E+0
10.0    	161     	2.408006E+0	9.332290E-4	3.80E+1    	10.00     	4797.30 	23.2 	33.3 	2.406735E+0	7.652247E-7 	3.305577E+7	1.241021E+4	-1.547833E+0	6.825198E-4 	2.408006E+0	2.406735E+0
10.0    	162     	8.029173E+0	1.408697E-3	3.80E+1    	10.00     	4799.87 	23.2 	33.3 	8.025592E+0	2.160665E-6 	9.913253E+6	1.776973E+3	-1.591913E+0	2.853653E-4 	8.029173E+0	8.025592E+0
10.0    	163     	7.896713E+0	1.811385E-3	3.79E+1    	10.00     	4802.44 	23.2 	33.3 	7.895811E+0	3.253480E-6 	1.007787E+7	2.307235E+3	-1.581483E+0	4.725816E-5 	7.896713E+0	7.895811E+0
10.0    	164     	5.912273E-1	3.902419E-4	3.82E+1    	10.00     	4805.02 	23.2 	33.3 	5.517933E-1	3.859610E-7 	1.393237E+8	1.223533E+5	-1.832017E+0	1.056046E-3 	5.912273E-1	5.517933E-1
10.0    	165     	7.984708E+0	1.244634E-3	3.80E+1    	10.00     	4807.59 	23.2 	33.3 	7.983925E+0	1.538632E-6 	9.966723E+6	1.550946E+3	-1.580703E+0	1.250333E-4 	7.984708E+0	7.983925E+0
10.0    	166     	7.666126E+0	1.844877E-3	3.80E+1    	10.00     	4810.16 	23.2 	33.3 	7.665145E+0	3.241279E-6 	1.038107E+7	2.468468E+3	-1.582103E+0	2.565801E-4 	7.666126E+0	7.665145E+0
10.0    	167     	7.951350E+0	8.335346E-4	3.82E+1    	10.00     	4812.73 	23.2 	33.3 	7.950469E+0	6.812112E-7 	1.000860E+7	1.044031E+3	-1.581320E+0	7.000000E-5 	7.951350E+0	7.950469E+0
10.0    	168     	7.964376E+0	1.781486E-3	3.80E+1    	10.00     	4815.30 	23.2 	33.3 	7.963505E+0	3.143259E-6 	9.992223E+6	2.230030E+3	-1.581253E+0	1.619671E-4 	7.964376E+0	7.963505E+0
10.0    	169     	7.976599E+0	1.640328E-3	3.83E+1    	10.00     	4817.87 	23.2 	33.3 	7.975757E+0	2.718092E-6 	9.976893E+6	2.056850E+3	-1.581070E+0	6.928203E-5 	7.976599E+0	7.975757E+0
10.0    	170     	7.933302E+0	1.304324E-3	3.82E+1    	10.00     	4820.44 	23.2 	33.3 	7.932427E+0	1.680521E-6 	1.003137E+7	1.644182E+3	-1.581293E+0	5.686241E-5 	7.933302E+0	7.932427E+0
10.0    	171     	7.690029E+0	7.852926E-4	3.81E+1    	10.00     	4823.02 	23.2 	33.3 	7.689093E+0	6.022625E-7 	1.034877E+7	1.050397E+3	-1.581823E+0	2.052641E-4 	7.690029E+0	7.689093E+0
10.0    	172     	7.642270E+0	1.863418E-3	3.80E+1    	10.00     	4825.59 	23.2 	33.3 	7.641300E+0	3.490009E-6 	1.041347E+7	2.542309E+3	-1.582060E+0	7.937254E-5 	7.642270E+0	7.641300E+0
10.0    	173     	7.544090E+0	1.406429E-3	3.81E+1    	10.00     	4828.17 	23.2 	33.3 	7.543069E+0	2.014530E-6 	1.054903E+7	1.975686E+3	-1.582433E+0	9.291573E-5 	7.544090E+0	7.543069E+0
10.0    	174     	7.630443E+0	1.529561E-3	3.82E+1    	10.00     	4830.75 	23.2 	33.3 	7.629486E+0	2.296371E-6 	1.042960E+7	2.080865E+3	-1.581997E+0	8.326664E-5 	7.630443E+0	7.629486E+0
10.0    	175     	7.638275E+0	2.005821E-3	3.83E+1    	10.00     	4833.32 	23.2 	33.3 	7.637325E+0	4.051980E-6 	1.041890E+7	2.740438E+3	-1.581943E+0	3.326159E-4 	7.638275E+0	7.637325E+0
10.0    	176     	7.823649E+0	3.349689E-4	3.83E+1    	10.00     	4835.89 	23.2 	33.3 	7.822881E+0	1.126828E-7 	1.017190E+7	4.358899E+2	-1.580703E+0	9.018500E-5 	7.823649E+0	7.822881E+0
10.0    	177     	8.227453E+0	7.685064E-4	3.82E+1    	10.00     	4838.45 	23.2 	33.3 	8.224644E+0	6.101934E-7 	9.673840E+6	9.094504E+2	-1.589273E+0	3.134220E-4 	8.227453E+0	8.224644E+0
10.0    	178     	3.803842E+0	1.530238E-2	3.83E+1    	10.00     	4841.02 	23.2 	33.3 	2.039023E+0	1.438000E-5 	2.857397E+7	8.320891E+4	-8.214757E-1	1.229623E-3 	3.803842E+0	2.039023E+0
10.0    	179     	7.836822E+0	1.664663E-3	3.78E+1    	10.00     	4843.59 	23.2 	33.3 	7.833640E+0	3.119615E-6 	1.015637E+7	2.223361E+3	-1.590947E+0	3.280752E-4 	7.836822E+0	7.833640E+0
10.0    	180     	7.930008E+0	5.878649E-4	3.83E+1    	10.00     	4846.16 	23.2 	33.3 	7.929292E+0	3.333146E-7 	1.003543E+7	7.371115E+2	-1.580300E+0	1.833030E-4 	7.930008E+0	7.929292E+0
10.0    	181     	7.544245E+0	1.559662E-3	3.82E+1    	10.00     	4848.73 	23.2 	33.3 	7.543248E+0	2.427093E-6 	1.054880E+7	2.179449E+3	-1.582293E+0	1.050397E-4 	7.544245E+0	7.543248E+0
10.0    	182     	7.664865E+0	1.001433E-3	3.83E+1    	10.00     	4851.30 	23.2 	33.3 	7.663896E+0	1.028171E-6 	1.038277E+7	1.365040E+3	-1.582037E+0	1.150362E-4 	7.664865E+0	7.663896E+0
10.0    	183     	7.645773E+0	1.835854E-3	3.81E+1    	10.00     	4853.87 	23.2 	33.3 	7.644846E+0	3.343706E-6 	1.040867E+7	2.494661E+3	-1.581807E+0	1.950214E-4 	7.645773E+0	7.644846E+0
10.0    	184     	7.677126E+0	9.838240E-4	3.80E+1    	10.00     	4856.45 	23.2 	33.3 	7.676181E+0	9.444295E-7 	1.036617E+7	1.320353E+3	-1.581890E+0	1.539480E-4 	7.677126E+0	7.676181E+0
10.0    	185     	7.669458E+0	1.128224E-3	3.82E+1    	10.00     	4859.02 	23.2 	33.3 	7.668609E+0	1.287661E-6 	1.037647E+7	1.530795E+3	-1.581320E+0	7.810250E-5 	7.669458E+0	7.668609E+0
10.0    	186     	7.631671E+0	1.343463E-3	3.85E+1    	10.00     	4861.59 	23.2 	33.3 	7.630744E+0	1.869349E-6 	1.042790E+7	1.852026E+3	-1.581817E+0	1.537314E-4 	7.631671E+0	7.630744E+0
10.0    	187     	7.644054E+0	6.953279E-4	3.79E+1    	10.00     	4864.16 	23.2 	33.3 	7.643137E+0	4.977834E-7 	1.041100E+7	9.539392E+2	-1.581750E+0	1.562050E-4 	7.644054E+0	7.643137E+0
10.0    	188     	7.557104E+0	2.355993E-3	3.84E+1    	10.00     	4866.73 	23.2 	33.3 	7.556130E+0	5.468067E-6 	1.053083E+7	3.271595E+3	-1.582147E+0	1.011599E-4 	7.557104E+0	7.556130E+0
10.0    	189     	7.618783E+0	1.165023E-3	3.83E+1    	10.00     	4869.31 	23.2 	33.3 	7.617819E+0	1.348379E-6 	1.044557E+7	1.594783E+3	-1.582047E+0	1.601041E-4 	7.618783E+0	7.617819E+0
10.0    	190     	7.588430E+0	1.034872E-3	3.82E+1    	10.00     	4871.88 	23.2 	33.3 	7.587491E+0	1.089725E-6 	1.048733E+7	1.436431E+3	-1.581923E+0	6.806859E-5 	7.588430E+0	7.587491E+0
10.0    	191     	7.636264E+0	1.055242E-3	3.80E+1    	10.00     	4874.46 	23.2 	33.3 	7.635280E+0	1.134775E-6 	1.042167E+7	1.446836E+3	-1.582150E+0	1.743560E-4 	7.636264E+0	7.635280E+0
10.0    	192     	7.786426E+0	1.265540E-3	3.80E+1    	10.00     	4877.03 	23.2 	33.3 	7.785550E+0	1.614143E-6 	1.022060E+7	1.664332E+3	-1.581403E+0	1.101514E-4 	7.786426E+0	7.785550E+0
10.0    	193     	8.023989E+0	1.130543E-3	3.83E+1    	10.00     	4879.60 	23.2 	33.3 	8.023366E+0	1.287571E-6 	9.917830E+6	1.400000E+3	-1.579610E+0	6.000000E-5 	8.023989E+0	8.023366E+0
10.0    	194     	7.774014E+0	9.767419E-4	3.81E+1    	10.00     	4882.18 	23.2 	33.3 	7.770839E+0	8.505707E-7 	1.023843E+7	1.250333E+3	-1.591007E+0	2.324507E-4 	7.774014E+0	7.770839E+0
10.0    	195     	7.822377E+0	2.631984E-4	3.78E+1    	10.00     	4884.75 	23.2 	33.3 	7.821437E+0	7.732022E-8 	1.017367E+7	3.511885E+2	-1.581757E+0	2.302897E-4 	7.822377E+0	7.821437E+0
10.0    	196     	7.615061E+0	2.317625E-3	3.81E+1    	10.00     	4887.33 	23.2 	33.3 	7.614058E+0	5.466455E-6 	1.045070E+7	3.195309E+3	-1.582277E+0	1.250333E-4 	7.615061E+0	7.614058E+0
10.0    	197     	7.623558E+0	2.395697E-3	3.83E+1    	10.00     	4889.90 	23.2 	33.3 	7.622630E+0	5.665503E-6 	1.043900E+7	3.269557E+3	-1.581830E+0	1.200000E-4 	7.623558E+0	7.622630E+0
10.0    	198     	7.563209E+0	2.135204E-3	3.81E+1    	10.00     	4892.47 	23.2 	33.3 	7.562234E+0	4.559198E-6 	1.052233E+7	2.970410E+3	-1.582147E+0	1.289703E-4 	7.563209E+0	7.562234E+0
10.0    	199     	7.557975E+0	2.169391E-3	3.79E+1    	10.00     	4895.06 	23.2 	33.3 	7.556981E+0	4.742089E-6 	1.052963E+7	3.028751E+3	-1.582263E+0	8.082904E-5 	7.557975E+0	7.556981E+0
10.0    	200     	7.582130E+0	9.569890E-4	3.83E+1    	10.00     	4897.62 	23.2 	33.3 	7.581261E+0	8.692437E-7 	1.049600E+7	1.307670E+3	-1.581500E+0	2.497999E-4 	7.582130E+0	7.581261E+0
10.0    	201     	7.608758E+0	3.835292E-4	3.82E+1    	10.00     	4900.20 	23.2 	33.3 	7.607838E+0	1.492460E-7 	1.045930E+7	5.291503E+2	-1.581790E+0	5.196152E-5 	7.608758E+0	7.607838E+0
10.0    	202     	7.591809E+0	9.823384E-4	3.80E+1    	10.00     	4902.77 	23.2 	33.3 	7.590868E+0	9.264472E-7 	1.048267E+7	1.342882E+3	-1.581930E+0	1.228821E-4 	7.591809E+0	7.590868E+0
10.0    	203     	7.542970E+0	5.382379E-4	3.83E+1    	10.00     	4905.35 	23.2 	33.3 	7.542044E+0	3.068256E-7 	1.055053E+7	7.637626E+2	-1.581877E+0	1.331666E-4 	7.542970E+0	7.542044E+0
10.0    	204     	7.607576E+0	1.163291E-3	3.80E+1    	10.00     	4907.92 	23.2 	33.3 	7.606645E+0	1.316283E-6 	1.046093E+7	1.588500E+3	-1.581857E+0	1.550269E-4 	7.607576E+0	7.606645E+0
10.0    	205     	7.584872E+0	1.127816E-3	3.80E+1    	10.00     	4910.49 	23.2 	33.3 	7.583914E+0	1.240479E-6 	1.049227E+7	1.550269E+3	-1.582037E+0	1.833939E-4 	7.584872E+0	7.583914E+0
10.0    	206     	7.894025E+0	7.505879E-4	3.81E+1    	10.00     	4913.08 	23.2 	33.3 	7.892859E+0	5.446617E-7 	1.008147E+7	9.504385E+2	-1.582953E+0	1.616581E-4 	7.894025E+0	7.892859E+0
10.0    	207     	7.570750E+0	8.783287E-4	3.80E+1    	10.00     	4915.64 	23.2 	33.3 	7.569752E+0	8.297564E-7 	1.051187E+7	1.242310E+3	-1.582277E+0	1.975686E-4 	7.570750E+0	7.569752E+0
10.0    	208     	7.842921E+0	9.799049E-4	3.82E+1    	10.00     	4918.22 	23.2 	33.3 	7.842211E+0	9.677268E-7 	1.014687E+7	1.270171E+3	-1.580310E+0	9.848858E-5 	7.842921E+0	7.842211E+0
10.0    	209     	7.867212E+0	1.371859E-3	3.78E+1    	10.00     	4920.79 	23.2 	33.3 	7.866557E+0	1.831735E-6 	1.011550E+7	1.752142E+3	-1.579920E+0	1.400000E-4 	7.867212E+0	7.866557E+0
10.0    	210     	7.833749E+0	9.291401E-4	3.82E+1    	10.00     	4923.36 	23.2 	33.3 	7.832906E+0	8.766667E-7 	1.015883E+7	1.209683E+3	-1.581170E+0	6.000000E-5 	7.833749E+0	7.832906E+0
10.0    	211     	1.430963E+0	9.976420E-4	3.83E+1    	10.00     	4925.94 	23.2 	33.3 	1.425652E+0	5.240782E-7 	5.571463E+7	3.355657E+4	-1.631747E+0	1.575352E-3 	1.430963E+0	1.425652E+0
10.0    	212     	7.819985E+0	1.911255E-3	3.81E+1    	10.00     	4928.51 	23.2 	33.3 	7.819166E+0	3.656066E-6 	1.017670E+7	2.487971E+3	-1.581027E+0	2.421432E-4 	7.819985E+0	7.819166E+0
10.0    	213     	7.613647E+0	1.203778E-3	3.84E+1    	10.00     	4931.08 	23.2 	33.3 	7.612703E+0	1.425767E-6 	1.045260E+7	1.646208E+3	-1.581937E+0	7.023769E-5 	7.613647E+0	7.612703E+0
10.0    	214     	7.603842E+0	1.026202E-3	3.82E+1    	10.00     	4933.65 	23.2 	33.3 	7.602820E+0	1.019454E-6 	1.046613E+7	1.401190E+3	-1.582390E+0	1.044031E-4 	7.603842E+0	7.602820E+0
10.0    	215     	7.771216E+0	5.725544E-3	3.82E+1    	10.00     	4936.23 	23.2 	33.3 	7.765854E+0	3.332035E-5 	1.024357E+7	7.583095E+3	-1.597067E+0	1.250333E-4 	7.771216E+0	7.765854E+0
10.0    	216     	7.589837E+0	9.076776E-4	3.82E+1    	10.00     	4938.80 	23.2 	33.3 	7.588883E+0	8.216003E-7 	1.048540E+7	1.252996E+3	-1.582007E+0	1.703917E-4 	7.589837E+0	7.588883E+0
10.0    	217     	7.594440E+0	1.744283E-3	3.81E+1    	10.00     	4941.39 	23.2 	33.3 	7.593551E+0	3.007503E-6 	1.047900E+7	2.400000E+3	-1.581617E+0	6.027714E-5 	7.594440E+0	7.593551E+0
10.0    	218     	7.631311E+0	3.724067E-4	3.80E+1    	10.00     	4943.96 	23.2 	33.3 	7.630324E+0	1.435511E-7 	1.042843E+7	5.131601E+2	-1.582170E+0	1.300000E-4 	7.631311E+0	7.630324E+0
10.0    	219     	7.851210E+0	7.420706E-4	3.81E+1    	10.00     	4946.52 	23.2 	33.3 	7.850119E+0	5.649997E-7 	1.013640E+7	9.643651E+2	-1.582583E+0	5.507571E-5 	7.851210E+0	7.850119E+0
10.0    	220     	7.600697E+0	5.081456E-4	3.80E+1    	10.00     	4949.09 	23.2 	33.3 	7.599768E+0	2.581489E-7 	1.047040E+7	7.000000E+2	-1.581850E+0	0.000000E+0 	7.600697E+0	7.599768E+0
10.0    	221     	7.903662E+0	1.615440E-3	3.81E+1    	10.00     	4951.66 	23.2 	33.3 	7.902455E+0	2.650469E-6 	1.006920E+7	2.066398E+3	-1.583157E+0	7.371115E-5 	7.903662E+0	7.902455E+0
10.0    	222     	1.350568E+0	1.402445E-3	3.79E+1    	10.00     	4954.24 	23.2 	33.3 	1.298620E+0	9.266723E-7 	6.008847E+7	5.224608E+4	-1.373397E+0	1.208980E-3 	1.350568E+0	1.298620E+0
10.0    	223     	7.825963E+0	1.429604E-3	3.81E+1    	10.00     	4956.81 	23.2 	33.3 	7.824773E+0	2.130746E-6 	1.016917E+7	1.877054E+3	-1.583127E+0	2.177919E-4 	7.825963E+0	7.824773E+0
10.0    	224     	7.875393E+0	6.101071E-4	3.80E+1    	10.00     	4959.38 	23.2 	33.3 	7.874570E+0	3.686408E-7 	1.010510E+7	7.810250E+2	-1.581020E+0	2.000000E-5 	7.875393E+0	7.874570E+0
10.0    	225     	7.824173E+0	1.211402E-3	3.84E+1    	10.00     	4961.95 	23.2 	33.3 	7.823742E+0	1.455498E-6 	1.017100E+7	1.571623E+3	-1.578217E+0	1.096966E-4 	7.824173E+0	7.823742E+0
10.0    	226     	7.636250E+0	3.343166E-4	3.81E+1    	10.00     	4964.52 	23.2 	33.3 	7.635294E+0	1.283746E-7 	1.042167E+7	4.725816E+2	-1.581983E+0	1.594783E-4 	7.636250E+0	7.635294E+0
10.0    	227     	7.835407E+0	6.322933E-4	3.82E+1    	10.00     	4967.09 	23.2 	33.3 	7.834488E+0	3.779832E-7 	1.015673E+7	8.082904E+2	-1.581627E+0	1.331666E-4 	7.835407E+0	7.834488E+0
10.0    	228     	7.566395E+0	9.747689E-4	3.81E+1    	10.00     	4969.67 	23.2 	33.3 	7.565471E+0	9.784767E-7 	1.051787E+7	1.365040E+3	-1.581847E+0	1.069268E-4 	7.566395E+0	7.565471E+0
10.0    	229     	7.842054E+0	2.409001E-3	3.82E+1    	10.00     	4972.24 	23.2 	33.3 	7.840812E+0	5.589818E-6 	1.014833E+7	3.089229E+3	-1.583383E+0	2.874601E-4 	7.842054E+0	7.840812E+0
10.0    	230     	7.759983E+0	2.080536E-3	3.82E+1    	10.00     	4974.81 	23.2 	33.3 	7.754817E+0	4.278687E-6 	1.025827E+7	2.742870E+3	-1.596600E+0	4.358899E-5 	7.759983E+0	7.754817E+0
10.0    	231     	6.308637E+0	2.075671E-3	3.80E+1    	10.00     	4977.38 	23.2 	33.3 	4.336459E+0	1.503659E-5 	1.521440E+7	8.478797E+3	-9.774720E-1	5.618158E-4 	6.308637E+0	4.336459E+0
10.0    	232     	7.755736E+0	4.141113E-3	3.80E+1    	10.00     	4979.95 	23.2 	33.3 	7.750652E+0	1.738761E-5 	1.026383E+7	5.501212E+3	-1.596400E+0	8.717798E-5 	7.755736E+0	7.750652E+0
10.0    	233     	7.622193E+0	2.045323E-3	3.80E+1    	10.00     	4982.53 	23.2 	33.3 	7.621269E+0	4.176228E-6 	1.044087E+7	2.800595E+3	-1.581807E+0	1.934770E-4 	7.622193E+0	7.621269E+0
10.0    	234     	7.830068E+0	1.431319E-3	3.82E+1    	10.00     	4985.09 	23.2 	33.3 	7.828983E+0	2.158400E-6 	1.016377E+7	1.882374E+3	-1.582567E+0	2.247962E-4 	7.830068E+0	7.828983E+0
10.0    	235     	1.479088E+0	8.518341E-4	3.80E+1    	10.00     	4987.67 	23.2 	33.3 	1.468564E+0	8.478990E-7 	5.399417E+7	3.208899E+4	-1.486350E+0	1.146691E-3 	1.479088E+0	1.468564E+0
10.0    	236     	7.867998E+0	1.713961E-4	3.80E+1    	10.00     	4990.24 	23.2 	33.3 	7.866912E+0	3.529793E-8 	1.011477E+7	2.309401E+2	-1.582543E+0	9.073772E-5 	7.867998E+0	7.866912E+0
10.0    	237     	7.562934E+0	1.884639E-3	3.82E+1    	10.00     	4992.81 	23.2 	33.3 	7.561982E+0	3.433970E-6 	1.052270E+7	2.600000E+3	-1.582013E+0	2.272297E-4 	7.562934E+0	7.561982E+0
10.0    	238     	7.828128E+0	4.255024E-4	3.80E+1    	10.00     	4995.38 	23.2 	33.3 	7.826816E+0	1.786633E-7 	1.016643E+7	5.507571E+2	-1.583740E+0	5.567764E-5 	7.828128E+0	7.826816E+0
10.0    	239     	7.660403E+0	8.711034E-4	3.78E+1    	10.00     	4997.96 	23.2 	33.3 	7.659456E+0	7.524782E-7 	1.038880E+7	1.178983E+3	-1.581917E+0	7.234178E-5 	7.660403E+0	7.659456E+0
10.0    	240     	7.843160E+0	4.577841E-4	3.79E+1    	10.00     	5000.52 	23.2 	33.3 	7.842384E+0	2.328936E-7 	1.014660E+7	6.082763E+2	-1.580740E+0	1.769181E-4 	7.843160E+0	7.842384E+0
10.0    	241     	8.122310E+0	7.145267E-4	3.79E+1    	10.00     	5003.10 	23.2 	33.3 	8.122145E+0	5.107479E-7 	9.797493E+6	8.619358E+2	-1.575300E+0	1.178983E-4 	8.122310E+0	8.122145E+0
10.0    	242     	7.834087E+0	1.000358E-3	3.80E+1    	10.00     	5005.66 	23.2 	33.3 	7.833392E+0	1.009393E-6 	1.015830E+7	1.300000E+3	-1.580217E+0	5.507571E-5 	7.834087E+0	7.833392E+0
10.0    	243     	7.851081E+0	1.323830E-3	3.80E+1    	10.00     	5008.24 	23.2 	33.3 	7.850299E+0	1.731422E-6 	1.013637E+7	1.703917E+3	-1.580780E+0	7.937254E-5 	7.851081E+0	7.850299E+0
10.0    	244     	8.094370E+0	1.182322E-3	3.82E+1    	10.00     	5010.81 	23.2 	33.3 	8.093474E+0	1.363815E-6 	9.831757E+6	1.427387E+3	-1.581320E+0	1.228821E-4 	8.094370E+0	8.093474E+0
10.0    	245     	1.427817E+0	2.146305E-3	3.80E+1    	10.00     	5013.38 	23.2 	33.3 	1.385524E+0	2.188372E-6 	5.657797E+7	7.210897E+4	-1.397833E+0	1.552621E-3 	1.427817E+0	1.385524E+0
10.0    	246     	8.085440E+0	2.197095E-4	3.82E+1    	10.00     	5015.95 	23.2 	33.3 	8.084428E+0	4.288859E-8 	9.842687E+6	2.596793E+2	-1.581983E+0	1.001665E-4 	8.085440E+0	8.084428E+0
10.0    	247     	7.979147E+0	2.552564E-3	3.84E+1    	10.00     	5018.52 	23.2 	33.3 	7.975108E+0	6.607516E-6 	9.975707E+6	3.203441E+3	-1.593297E+0	1.106044E-4 	7.979147E+0	7.975108E+0
10.0    	248     	7.817323E+0	2.451204E-4	3.81E+1    	10.00     	5021.10 	23.2 	33.3 	7.816605E+0	4.654957E-8 	1.018010E+7	3.000000E+2	-1.580380E+0	2.100000E-4 	7.817323E+0	7.816605E+0
10.0    	249     	7.817984E+0	1.347941E-3	3.82E+1    	10.00     	5023.67 	23.2 	33.3 	7.817326E+0	1.768735E-6 	1.017920E+7	1.743560E+3	-1.579967E+0	1.350309E-4 	7.817984E+0	7.817326E+0
10.0    	250     	7.831120E+0	9.686346E-4	3.78E+1    	10.00     	5026.24 	23.2 	33.3 	7.830448E+0	9.188068E-7 	1.016213E+7	1.250333E+3	-1.580057E+0	1.365040E-4 	7.831120E+0	7.830448E+0
10.0    	251     	8.027611E+0	1.644502E-4	3.79E+1    	10.00     	5028.82 	23.2 	33.3 	8.026802E+0	2.380024E-8 	9.913470E+6	1.967232E+2	-1.580833E+0	8.621678E-5 	8.027611E+0	8.026802E+0
10.0    	252     	7.780114E+0	4.957474E-4	3.82E+1    	10.00     	5031.40 	23.2 	33.3 	7.779329E+0	2.441522E-7 	1.022883E+7	6.506407E+2	-1.580840E+0	1.135782E-4 	7.780114E+0	7.779329E+0
10.0    	253     	7.866721E+0	1.127565E-3	3.80E+1    	10.00     	5033.96 	23.2 	33.3 	7.866063E+0	1.272303E-6 	1.011613E+7	1.450287E+3	-1.579940E+0	7.810250E-5 	7.866721E+0	7.866063E+0
10.0    	254     	7.907965E+0	1.715661E-3	3.80E+1    	10.00     	5036.54 	23.2 	33.3 	7.907262E+0	2.997931E-6 	1.006340E+7	2.193171E+3	-1.580223E+0	1.457166E-4 	7.907965E+0	7.907262E+0
10.0    	255     	7.856979E+0	8.488595E-4	3.80E+1    	10.00     	5039.11 	23.2 	33.3 	7.856389E+0	7.277110E-7 	1.012863E+7	1.096966E+3	-1.579463E+0	7.571878E-5 	7.856979E+0	7.856389E+0
10.0    	256     	8.036374E+0	8.616798E-4	3.80E+1    	10.00     	5041.70 	23.2 	33.3 	8.035992E+0	7.521984E-7 	9.902397E+6	1.065145E+3	-1.577693E+0	1.619671E-4 	8.036374E+0	8.035992E+0
10.0    	257     	5.632001E+0	1.166036E-3	3.79E+1    	10.00     	5044.28 	23.2 	33.3 	5.629999E+0	1.378876E-6 	1.413203E+7	2.936551E+3	-1.589650E+0	1.652271E-4 	5.632001E+0	5.629999E+0
10.0    	258     	8.091119E+0	9.087381E-4	3.83E+1    	10.00     	5046.85 	23.2 	33.3 	8.090131E+0	8.011370E-7 	9.835763E+6	1.096464E+3	-1.581847E+0	1.069268E-4 	8.091119E+0	8.090131E+0
10.0    	259     	1.124556E+1	1.310424E-3	3.80E+1    	10.00     	5049.43 	23.2 	33.3 	1.124528E+1	1.699712E-6 	7.076433E+6	8.224557E+2	-1.575843E+0	5.859465E-5 	1.124556E+1	1.124528E+1
10.0    	260     	2.368377E+1	6.743916E-4	3.83E+1    	10.00     	5052.00 	23.2 	33.3 	2.368293E+1	4.493981E-7 	3.360060E+6	9.539392E+1	-1.564840E+0	1.732051E-5 	2.368377E+1	2.368293E+1
10.0    	261     	2.818795E+1	8.341818E-4	3.80E+1    	10.00     	5054.57 	23.2 	33.3 	2.818593E+1	7.063873E-7 	2.823203E+6	8.386497E+1	-1.562323E+0	3.214550E-5 	2.818795E+1	2.818593E+1
10.0    	262     	3.428518E+1	7.606487E-4	3.81E+1    	10.00     	5057.15 	23.2 	33.3 	3.428062E+1	5.994469E-7 	2.321200E+6	5.196152E+1	-1.559270E+0	2.000000E-5 	3.428518E+1	3.428062E+1
10.0    	263     	5.025962E+1	1.105538E-3	3.79E+1    	10.00     	5059.72 	23.2 	33.3 	5.024152E+1	1.261669E-6 	1.583613E+6	3.511885E+1	-1.551817E+0	1.154701E-5 	5.025962E+1	5.024152E+1
10.0    	264     	1.101610E+2	1.143481E-3	3.79E+1    	10.00     	5062.30 	23.2 	33.3 	1.099483E+2	1.302504E-6 	7.230727E+5	7.505553E+0	-1.526840E+0	0.000000E+0 	1.101610E+2	1.099483E+2
15.0    	1       	6.908907E+0	3.711729E-4	4.96E+1    	15.00     	5094.15 	23.2 	33.3 	6.907946E+0	1.428204E-7 	1.151890E+7	6.244998E+2	-1.582593E+0	5.507571E-5 	6.908907E+0	6.907946E+0
15.0    	2       	7.002363E+0	1.081533E-3	4.58E+1    	15.00     	5096.44 	23.2 	33.3 	7.001345E+0	1.138803E-6 	1.136520E+7	1.743560E+3	-1.582853E+0	1.778576E-4 	7.002363E+0	7.001345E+0
15.0    	3       	5.899943E-1	1.610611E-3	4.59E+1    	15.00     	5099.01 	23.2 	33.3 	5.468967E-1	1.593438E-6 	1.400927E+8	3.458849E+5	-1.844467E+0	1.980715E-3 	5.899943E-1	5.468967E-1
15.0    	4       	7.253188E+0	2.027261E-3	4.57E+1    	15.00     	5101.59 	23.2 	33.3 	7.252279E+0	4.055922E-6 	1.097207E+7	3.056687E+3	-1.581990E+0	1.044031E-4 	7.253188E+0	7.252279E+0
15.0    	5       	1.276597E+0	1.939096E-3	4.57E+1    	15.00     	5104.16 	23.2 	33.3 	1.274866E+0	3.615543E-6 	6.237803E+7	9.384457E+4	-1.607630E+0	3.758989E-4 	1.276597E+0	1.274866E+0
15.0    	6       	6.897638E+0	7.708742E-4	4.59E+1    	15.00     	5106.74 	23.2 	33.3 	6.896422E+0	6.744631E-7 	1.153793E+7	1.331666E+3	-1.584077E+0	3.000556E-4 	6.897638E+0	6.896422E+0
15.0    	7       	6.630129E+0	2.324316E-3	4.59E+1    	15.00     	5109.31 	23.2 	33.3 	6.628880E+0	5.475456E-6 	1.200353E+7	4.221769E+3	-1.584523E+0	1.721434E-4 	6.630129E+0	6.628880E+0
15.0    	8       	6.622194E+0	9.044724E-4	4.59E+1    	15.00     	5111.90 	23.2 	33.3 	6.621221E+0	8.356596E-7 	1.201767E+7	1.650253E+3	-1.582913E+0	9.609024E-5 	6.622194E+0	6.621221E+0
15.0    	9       	6.580863E+0	4.172860E-4	4.59E+1    	15.00     	5114.48 	23.2 	33.3 	6.579943E+0	1.635512E-7 	1.209310E+7	7.549834E+2	-1.582617E+0	1.001665E-4 	6.580863E+0	6.579943E+0
15.0    	10      	7.009868E+0	1.676935E-3	4.59E+1    	15.00     	5117.05 	23.2 	33.3 	6.999104E+0	2.673867E-6 	1.136093E+7	2.685765E+3	-1.609993E+0	1.457166E-4 	7.009868E+0	6.999104E+0
15.0    	11      	4.224935E+0	8.605313E-2	4.56E+1    	15.00     	5119.60 	23.2 	33.3 	2.606760E+0	3.186472E-3 	2.398607E+7	5.101625E+5	-9.034760E-1	8.331272E-4 	4.224935E+0	2.606760E+0
15.0    	12      	2.279800E+0	1.342678E-3	4.59E+1    	15.00     	5122.18 	23.2 	33.3 	2.276395E+0	1.506929E-6 	3.493157E+7	1.970008E+4	-1.532143E+0	7.254194E-4 	2.279800E+0	2.276395E+0
15.0    	13      	6.917248E+0	1.245689E-3	4.58E+1    	15.00     	5124.75 	23.2 	33.3 	6.916098E+0	1.638903E-6 	1.150517E+7	2.100794E+3	-1.583690E+0	1.951922E-4 	6.917248E+0	6.916098E+0
15.0    	14      	6.695056E+0	2.123757E-3	4.61E+1    	15.00     	5127.32 	23.2 	33.3 	6.693974E+0	4.590887E-6 	1.188697E+7	3.787259E+3	-1.583513E+0	2.020726E-4 	6.695056E+0	6.693974E+0
15.0    	15      	6.707185E+0	1.343120E-3	4.60E+1    	15.00     	5129.89 	23.2 	33.3 	6.705842E+0	1.883695E-6 	1.186570E+7	2.402082E+3	-1.584947E+0	1.715615E-4 	6.707185E+0	6.705842E+0
15.0    	16      	6.855956E+0	4.612016E-4	4.57E+1    	15.00     	5132.47 	23.2 	33.3 	6.855039E+0	1.944782E-7 	1.160783E+7	7.637626E+2	-1.582363E+0	1.357694E-4 	6.855956E+0	6.855039E+0
15.0    	17      	6.600209E+0	1.270851E-3	4.56E+1    	15.00     	5135.04 	23.2 	33.3 	6.598908E+0	1.530737E-6 	1.205800E+7	2.291288E+3	-1.584833E+0	2.177919E-4 	6.600209E+0	6.598908E+0
15.0    	18      	6.383341E+0	1.222170E-3	4.58E+1    	15.00     	5137.61 	23.2 	33.3 	6.381801E+0	1.474731E-6 	1.246793E+7	2.379776E+3	-1.586330E+0	1.509967E-4 	6.383341E+0	6.381801E+0
15.0    	19      	6.637991E+0	9.901967E-4	4.57E+1    	15.00     	5140.18 	23.2 	33.3 	6.637275E+0	1.008003E-6 	1.198883E+7	1.800926E+3	-1.581180E+0	1.058301E-4 	6.637991E+0	6.637275E+0
15.0    	20      	6.278978E+0	3.940731E-4	4.53E+1    	15.00     	5142.76 	23.2 	33.3 	6.277427E+0	1.737246E-7 	1.267520E+7	8.185353E+2	-1.586510E+0	1.212436E-4 	6.278978E+0	6.277427E+0
15.0    	21      	6.553628E+0	2.347366E-3	4.56E+1    	15.00     	5145.32 	23.2 	33.3 	6.552053E+0	5.422291E-6 	1.214397E+7	4.331666E+3	-1.586297E+0	3.501904E-4 	6.553628E+0	6.552053E+0
15.0    	22      	6.307254E+0	3.946303E-4	4.58E+1    	15.00     	5147.90 	23.2 	33.3 	6.305738E+0	1.761314E-7 	1.261833E+7	8.144528E+2	-1.586300E+0	1.552417E-4 	6.307254E+0	6.305738E+0
15.0    	23      	6.284743E+0	6.768636E-4	4.54E+1    	15.00     	5150.47 	23.2 	33.3 	6.283329E+0	4.895850E-7 	1.266343E+7	1.386843E+3	-1.585793E+0	1.537314E-4 	6.284743E+0	6.283329E+0
15.0    	24      	6.292831E+0	7.954565E-4	4.57E+1    	15.00     	5153.05 	23.2 	33.3 	6.291506E+0	6.263953E-7 	1.264707E+7	1.594783E+3	-1.585307E+0	1.193035E-4 	6.292831E+0	6.291506E+0
15.0    	25      	6.492578E+0	5.017696E-4	4.58E+1    	15.00     	5155.61 	23.2 	33.3 	6.485010E+0	3.174309E-7 	1.226383E+7	1.006645E+3	-1.604943E+0	1.404754E-4 	6.492578E+0	6.485010E+0
15.0    	26      	3.596798E+0	2.702366E-3	4.58E+1    	15.00     	5158.19 	23.2 	33.3 	2.324716E+0	5.865693E-6 	2.751993E+7	2.466279E+4	-9.339010E-1	1.967308E-4 	3.596798E+0	2.324716E+0
15.0    	27      	6.710078E+0	9.841112E-4	4.59E+1    	15.00     	5160.76 	23.2 	33.3 	6.698094E+0	1.147450E-6 	1.187000E+7	1.819341E+3	-1.613070E+0	1.609348E-4 	6.710078E+0	6.698094E+0
15.0    	28      	6.543172E+0	4.080691E-4	4.58E+1    	15.00     	5163.34 	23.2 	33.3 	6.541211E+0	1.265841E-7 	1.216373E+7	7.094599E+2	-1.588110E+0	2.707397E-4 	6.543172E+0	6.541211E+0
15.0    	29      	6.301155E+0	1.282490E-3	4.61E+1    	15.00     	5165.92 	23.2 	33.3 	6.299622E+0	1.630921E-6 	1.263057E+7	2.565801E+3	-1.586397E+0	3.511885E-5 	6.301155E+0	6.299622E+0
15.0    	30      	6.304012E+0	1.209657E-3	4.57E+1    	15.00     	5168.48 	23.2 	33.3 	6.302554E+0	1.410695E-6 	1.262477E+7	2.400694E+3	-1.586007E+0	1.861003E-4 	6.304012E+0	6.302554E+0
15.0    	31      	6.354919E+0	4.490339E-4	4.56E+1    	15.00     	5171.05 	23.2 	33.3 	6.353416E+0	1.915877E-7 	1.252367E+7	8.736895E+2	-1.586173E+0	1.001665E-4 	6.354919E+0	6.353416E+0
15.0    	32      	6.624221E+0	3.499436E-4	4.56E+1    	15.00     	5173.61 	23.2 	33.3 	6.623052E+0	1.354785E-7 	1.201417E+7	6.506407E+2	-1.584077E+0	1.955335E-4 	6.624221E+0	6.623052E+0
15.0    	33      	6.630457E+0	8.604495E-4	4.56E+1    	15.00     	5176.19 	23.2 	33.3 	6.629251E+0	7.494813E-7 	1.200290E+7	1.562050E+3	-1.584283E+0	2.753785E-4 	6.630457E+0	6.629251E+0
15.0    	34      	6.309952E+0	1.261611E-3	4.56E+1    	15.00     	5178.76 	23.2 	33.3 	6.308441E+0	1.498829E-6 	1.261293E+7	2.484619E+3	-1.586270E+0	3.080584E-4 	6.309952E+0	6.308441E+0
15.0    	35      	6.262733E+0	9.140935E-4	4.57E+1    	15.00     	5181.33 	23.2 	33.3 	6.261395E+0	8.470770E-7 	1.270787E+7	1.861003E+3	-1.585410E+0	1.900000E-4 	6.262733E+0	6.261395E+0
15.0    	36      	6.298250E+0	1.099493E-3	4.58E+1    	15.00     	5183.90 	23.2 	33.3 	6.296710E+0	1.150560E-6 	1.263640E+7	2.179449E+3	-1.586433E+0	1.484363E-4 	6.298250E+0	6.296710E+0
15.0    	37      	6.533193E+0	8.476844E-4	4.56E+1    	15.00     	5186.47 	23.2 	33.3 	6.530319E+0	6.636546E-7 	1.218317E+7	1.550269E+3	-1.591770E+0	1.249000E-4 	6.533193E+0	6.530319E+0
15.0    	38      	6.314011E+0	9.914944E-5	4.57E+1    	15.00     	5189.05 	23.2 	33.3 	6.312523E+0	5.647043E-9 	1.260480E+7	1.732051E+2	-1.586147E+0	1.504438E-4 	6.314011E+0	6.312523E+0
15.0    	39      	6.318393E+0	5.004664E-4	4.57E+1    	15.00     	5191.62 	23.2 	33.3 	6.316896E+0	2.600701E-7 	1.259607E+7	1.006645E+3	-1.586187E+0	1.921805E-4 	6.318393E+0	6.316896E+0
15.0    	40      	6.331239E+0	1.308654E-3	4.58E+1    	15.00     	5194.18 	23.2 	33.3 	6.328071E+0	1.624999E-6 	1.257217E+7	2.565801E+3	-1.593167E+0	1.193035E-4 	6.331239E+0	6.328071E+0
15.0    	41      	6.201231E+0	1.397665E-3	4.56E+1    	15.00     	5196.76 	23.2 	33.3 	6.063956E+0	5.276139E-6 	1.297697E+7	3.496188E+3	-1.421460E+0	1.039375E-3 	6.201231E+0	6.063956E+0
15.0    	42      	6.520289E+0	1.097719E-3	4.58E+1    	15.00     	5199.32 	23.2 	33.3 	6.511955E+0	1.142362E-6 	1.221240E+7	2.029778E+3	-1.606557E+0	1.222020E-4 	6.520289E+0	6.511955E+0
15.0    	43      	6.329261E+0	8.249116E-4	4.58E+1    	15.00     	5201.90 	23.2 	33.3 	6.327767E+0	6.443454E-7 	1.257443E+7	1.616581E+3	-1.586160E+0	2.426932E-4 	6.329261E+0	6.327767E+0
15.0    	44      	6.287519E+0	6.277869E-4	4.58E+1    	15.00     	5204.47 	23.2 	33.3 	6.286048E+0	3.535446E-7 	1.265790E+7	1.228821E+3	-1.586090E+0	3.831449E-4 	6.287519E+0	6.286048E+0
15.0    	45      	6.321258E+0	1.112251E-4	4.58E+1    	15.00     	5207.04 	23.2 	33.3 	6.319785E+0	1.493462E-8 	1.259033E+7	2.309401E+2	-1.586063E+0	1.514376E-4 	6.321258E+0	6.319785E+0
15.0    	46      	6.302193E+0	6.202635E-4	4.58E+1    	15.00     	5209.62 	23.2 	33.3 	6.300845E+0	3.923088E-7 	1.262830E+7	1.249000E+3	-1.585420E+0	7.211103E-5 	6.302193E+0	6.300845E+0
15.0    	47      	6.303165E+0	5.271630E-4	4.56E+1    	15.00     	5212.19 	23.2 	33.3 	6.301570E+0	2.653413E-7 	1.262660E+7	1.044031E+3	-1.586703E+0	6.110101E-5 	6.303165E+0	6.301570E+0
15.0    	48      	6.617492E+0	3.243368E-4	4.56E+1    	15.00     	5214.77 	23.2 	33.3 	6.616195E+0	1.199053E-7 	1.202650E+7	6.082763E+2	-1.584793E+0	2.557994E-4 	6.617492E+0	6.616195E+0
15.0    	49      	6.617366E+0	8.767029E-4	4.56E+1    	15.00     	5217.34 	23.2 	33.3 	6.616175E+0	7.593513E-7 	1.202663E+7	1.588500E+3	-1.584213E+0	9.073772E-5 	6.617366E+0	6.616175E+0
15.0    	50      	6.262099E+0	9.342987E-4	4.58E+1    	15.00     	5219.91 	23.2 	33.3 	6.260485E+0	8.663149E-7 	1.270943E+7	1.892969E+3	-1.586847E+0	8.020806E-5 	6.262099E+0	6.260485E+0
15.0    	51      	6.298261E+0	7.826101E-4	4.59E+1    	15.00     	5222.49 	23.2 	33.3 	6.296898E+0	6.144100E-7 	1.263620E+7	1.571623E+3	-1.585510E+0	6.000000E-5 	6.298261E+0	6.296898E+0
15.0    	52      	6.545448E+0	1.509077E-3	4.58E+1    	15.00     	5225.06 	23.2 	33.3 	6.542846E+0	2.763790E-6 	1.216010E+7	2.946184E+3	-1.590730E+0	6.000833E-4 	6.545448E+0	6.542846E+0
15.0    	53      	1.722859E+0	2.241903E-2	4.58E+1    	15.00     	5227.64 	23.2 	33.3 	1.423965E+0	5.299669E-5 	5.080913E+7	4.625421E+5	-1.141303E+0	8.730718E-3 	1.722859E+0	1.423965E+0
15.0    	54      	6.484039E+0	6.667953E-4	4.60E+1    	15.00     	5230.21 	23.2 	33.3 	6.481248E+0	5.012437E-7 	1.227547E+7	1.301281E+3	-1.591547E+0	1.973153E-4 	6.484039E+0	6.481248E+0
15.0    	55      	6.331277E+0	2.818085E-3	4.58E+1    	15.00     	5232.78 	23.2 	33.3 	6.329813E+0	7.818588E-6 	1.257040E+7	5.574944E+3	-1.586000E+0	1.868154E-4 	6.331277E+0	6.329813E+0
15.0    	56      	6.323639E+0	3.460556E-4	4.58E+1    	15.00     	5235.36 	23.2 	33.3 	6.321823E+0	1.044256E-7 	1.258593E+7	6.658328E+2	-1.587740E+0	1.352775E-4 	6.323639E+0	6.321823E+0
15.0    	57      	6.341518E+0	1.432428E-3	4.55E+1    	15.00     	5237.94 	23.2 	33.3 	6.336684E+0	2.158946E-6 	1.255343E+7	2.872862E+3	-1.598410E+0	2.116601E-4 	6.341518E+0	6.336684E+0
15.0    	58      	6.326541E+0	5.716133E-4	4.58E+1    	15.00     	5240.51 	23.2 	33.3 	6.325053E+0	2.928416E-7 	1.257983E+7	1.106044E+3	-1.586130E+0	2.227106E-4 	6.326541E+0	6.325053E+0
15.0    	59      	6.246055E+0	1.103836E-3	4.56E+1    	15.00     	5243.09 	23.2 	33.3 	6.244425E+0	1.179988E-6 	1.274210E+7	2.233831E+3	-1.586950E+0	1.777639E-4 	6.246055E+0	6.244425E+0
15.0    	60      	6.325509E+0	1.250465E-3	4.59E+1    	15.00     	5245.67 	23.2 	33.3 	6.323940E+0	1.705091E-6 	1.258197E+7	2.542309E+3	-1.586540E+0	3.988734E-4 	6.325509E+0	6.323940E+0
15.0    	61      	6.617697E+0	6.956050E-4	4.59E+1    	15.00     	5248.24 	23.2 	33.3 	6.616358E+0	4.870206E-7 	1.202617E+7	1.266228E+3	-1.585023E+0	4.932883E-5 	6.617697E+0	6.616358E+0
15.0    	62      	6.643539E+0	8.961597E-4	4.57E+1    	15.00     	5250.82 	23.2 	33.3 	6.642476E+0	7.620654E-7 	1.197913E+7	1.594783E+3	-1.583450E+0	2.170253E-4 	6.643539E+0	6.642476E+0
15.0    	63      	6.311977E+0	7.796340E-4	4.56E+1    	15.00     	5253.40 	23.2 	33.3 	6.310486E+0	5.623294E-7 	1.260887E+7	1.527525E+3	-1.586167E+0	2.154840E-4 	6.311977E+0	6.310486E+0
15.0    	64      	6.784933E+0	1.223190E-3	4.57E+1    	15.00     	5255.95 	23.2 	33.3 	6.783225E+0	1.462959E-6 	1.173003E+7	2.103172E+3	-1.586663E+0	7.234178E-5 	6.784933E+0	6.783225E+0
15.0    	65      	6.567576E+0	2.947923E-4	4.57E+1    	15.00     	5258.53 	23.2 	33.3 	6.566260E+0	1.043250E-7 	1.211793E+7	5.686241E+2	-1.584950E+0	2.749545E-4 	6.567576E+0	6.566260E+0
15.0    	66      	6.288147E+0	1.487595E-3	4.53E+1    	15.00     	5261.10 	23.2 	33.3 	6.286645E+0	2.299510E-6 	1.265667E+7	3.023795E+3	-1.586250E+0	1.664332E-4 	6.288147E+0	6.286645E+0
15.0    	67      	6.339002E+0	1.345820E-3	4.58E+1    	15.00     	5263.68 	23.2 	33.3 	6.337415E+0	1.880584E-6 	1.255520E+7	2.690725E+3	-1.586617E+0	2.173323E-4 	6.339002E+0	6.337415E+0
15.0    	68      	6.316186E+0	1.946682E-3	4.57E+1    	15.00     	5266.24 	23.2 	33.3 	6.314625E+0	3.771364E-6 	1.260053E+7	3.879863E+3	-1.586520E+0	1.833030E-4 	6.316186E+0	6.314625E+0
15.0    	69      	6.475048E+0	1.705967E-3	4.58E+1    	15.00     	5268.82 	23.2 	33.3 	6.472239E+0	2.983748E-6 	1.229253E+7	3.259346E+3	-1.591627E+0	8.386497E-5 	6.475048E+0	6.472239E+0
15.0    	70      	6.313565E+0	6.442088E-4	4.57E+1    	15.00     	5271.39 	23.2 	33.3 	6.312135E+0	4.348315E-7 	1.260563E+7	1.301281E+3	-1.585847E+0	1.601041E-4 	6.313565E+0	6.312135E+0
15.0    	71      	6.221367E+0	7.138272E-4	4.58E+1    	15.00     	5273.97 	23.2 	33.3 	6.219417E+0	5.164062E-7 	1.279300E+7	1.473092E+3	-1.588503E+0	2.516611E-5 	6.221367E+0	6.219417E+0
15.0    	72      	6.269692E+0	9.562517E-4	4.56E+1    	15.00     	5276.54 	23.2 	33.3 	6.265912E+0	8.523301E-7 	1.269623E+7	1.900877E+3	-1.546243E+0	3.397548E-4 	6.269692E+0	6.265912E+0
15.0    	73      	6.252954E+0	5.447455E-4	4.56E+1    	15.00     	5279.11 	23.2 	33.3 	6.193453E+0	1.217016E-6 	1.278737E+7	1.677299E+3	-1.473093E+0	5.052062E-4 	6.252954E+0	6.193453E+0
15.0    	74      	6.255740E+0	5.663172E-3	4.58E+1    	15.00     	5281.68 	23.2 	33.3 	6.253006E+0	3.159476E-5 	1.272350E+7	1.147650E+4	-1.591703E+0	2.371357E-4 	6.255740E+0	6.253006E+0
15.0    	75      	6.328685E+0	1.904763E-3	4.56E+1    	15.00     	5284.26 	23.2 	33.3 	6.327269E+0	3.884049E-6 	1.257550E+7	3.850974E+3	-1.585750E+0	3.517101E-4 	6.328685E+0	6.327269E+0
15.0    	76      	6.598026E+0	6.826292E-4	4.56E+1    	15.00     	5286.83 	23.2 	33.3 	6.596896E+0	4.940837E-7 	1.206183E+7	1.266228E+3	-1.583883E+0	2.272297E-4 	6.598026E+0	6.596896E+0
15.0    	77      	5.873182E-1	5.924589E-4	4.55E+1    	15.00     	5289.40 	23.2 	33.3 	5.526724E-1	1.731066E-7 	1.396753E+8	1.077513E+5	-1.816123E+0	1.772719E-3 	5.873182E-1	5.526724E-1
15.0    	78      	5.900820E-1	1.901349E-3	4.58E+1    	15.00     	5291.97 	23.2 	33.3 	5.549299E-1	3.127061E-6 	1.390650E+8	4.388428E+5	-1.817353E+0	2.117199E-3 	5.900820E-1	5.549299E-1
15.0    	79      	6.886721E+0	6.963168E-4	4.57E+1    	15.00     	5294.54 	23.2 	33.3 	6.885098E+0	4.136186E-7 	1.155657E+7	1.123981E+3	-1.586147E+0	2.581343E-4 	6.886721E+0	6.885098E+0
15.0    	80      	1.839651E+0	2.268017E-4	4.54E+1    	15.00     	5297.11 	23.2 	33.3 	1.814386E+0	3.465659E-7 	4.355697E+7	6.091251E+3	-1.453343E+0	1.711968E-3 	1.839651E+0	1.814386E+0
15.0    	81      	6.540025E+0	5.037492E-4	4.54E+1    	15.00     	5299.68 	23.2 	33.3 	6.538731E+0	2.394568E-7 	1.216897E+7	9.237604E+2	-1.584860E+0	1.389244E-4 	6.540025E+0	6.538731E+0
15.0    	82      	6.333878E+0	1.007394E-3	4.53E+1    	15.00     	5302.26 	23.2 	33.3 	6.332081E+0	1.019228E-6 	1.256557E+7	2.000833E+3	-1.587643E+0	1.193035E-4 	6.333878E+0	6.332081E+0
15.0    	83      	6.336688E+0	5.101239E-4	4.59E+1    	15.00     	5304.83 	23.2 	33.3 	6.335119E+0	2.358344E-7 	1.255977E+7	9.865766E+2	-1.586533E+0	1.882374E-4 	6.336688E+0	6.335119E+0
15.0    	84      	6.302370E+0	1.082060E-3	4.59E+1    	15.00     	5307.41 	23.2 	33.3 	6.300768E+0	1.042155E-6 	1.262820E+7	2.107131E+3	-1.586740E+0	3.051229E-4 	6.302370E+0	6.300768E+0
15.0    	85      	6.342945E+0	1.299053E-3	4.54E+1    	15.00     	5309.99 	23.2 	33.3 	6.341419E+0	1.795437E-6 	1.254733E+7	2.610236E+3	-1.586307E+0	2.138535E-4 	6.342945E+0	6.341419E+0
15.0    	86      	6.351829E+0	1.071558E-3	4.65E+1    	15.00     	5312.54 	23.2 	33.3 	6.350318E+0	1.161063E-6 	1.252977E+7	2.119748E+3	-1.586220E+0	1.053565E-4 	6.351829E+0	6.350318E+0
15.0    	87      	6.570531E+0	1.130018E-3	4.56E+1    	15.00     	5315.12 	23.2 	33.3 	6.569160E+0	1.174425E-6 	1.211253E+7	2.040425E+3	-1.585237E+0	2.759227E-4 	6.570531E+0	6.569160E+0
15.0    	88      	6.621660E+0	5.728480E-4	4.56E+1    	15.00     	5317.69 	23.2 	33.3 	6.619881E+0	3.668513E-7 	1.201937E+7	1.069268E+3	-1.587187E+0	2.203028E-4 	6.621660E+0	6.619881E+0
15.0    	89      	6.585826E+0	1.304193E-3	4.55E+1    	15.00     	5320.26 	23.2 	33.3 	6.583330E+0	1.591747E-6 	1.208543E+7	2.354428E+3	-1.590263E+0	2.098412E-4 	6.585826E+0	6.583330E+0
15.0    	90      	6.559404E+0	6.204256E-5	4.57E+1    	15.00     	5322.83 	23.2 	33.3 	6.558050E+0	4.181069E-9 	1.213307E+7	1.154701E+2	-1.585163E+0	1.159023E-4 	6.559404E+0	6.558050E+0
15.0    	91      	6.369952E+0	9.698736E-4	4.57E+1    	15.00     	5325.40 	23.2 	33.3 	6.368524E+0	8.912049E-7 	1.249403E+7	1.877054E+3	-1.585767E+0	1.514376E-4 	6.369952E+0	6.368524E+0
15.0    	92      	6.368443E+0	9.389105E-4	4.57E+1    	15.00     	5327.97 	23.2 	33.3 	6.366941E+0	8.340075E-7 	1.249707E+7	1.817507E+3	-1.586153E+0	1.616581E-4 	6.368443E+0	6.366941E+0
15.0    	93      	6.613774E+0	7.317746E-4	4.58E+1    	15.00     	5330.54 	23.2 	33.3 	6.612472E+0	4.939136E-7 	1.203327E+7	1.305118E+3	-1.584823E+0	1.628906E-4 	6.613774E+0	6.612472E+0
15.0    	94      	6.690806E+0	7.703219E-4	4.54E+1    	15.00     	5333.11 	23.2 	33.3 	6.689556E+0	6.497864E-7 	1.189467E+7	1.401190E+3	-1.584463E+0	2.274496E-4 	6.690806E+0	6.689556E+0
15.0    	95      	6.358378E+0	1.515973E-3	4.57E+1    	15.00     	5335.69 	23.2 	33.3 	6.356827E+0	2.428754E-6 	1.251690E+7	3.026549E+3	-1.586410E+0	2.951271E-4 	6.358378E+0	6.356827E+0
15.0    	96      	6.885134E+0	1.536866E-3	4.54E+1    	15.00     	5338.26 	23.2 	33.3 	6.883826E+0	2.359264E-6 	1.155897E+7	2.579406E+3	-1.584580E+0	5.291503E-5 	6.885134E+0	6.883826E+0
15.0    	97      	6.545655E+0	4.911936E-4	4.57E+1    	15.00     	5340.83 	23.2 	33.3 	6.544252E+0	2.170481E-7 	1.215860E+7	8.888194E+2	-1.585440E+0	1.571623E-4 	6.545655E+0	6.544252E+0
15.0    	98      	6.339605E+0	6.165555E-4	4.56E+1    	15.00     	5343.40 	23.2 	33.3 	6.339202E+0	3.364095E-7 	1.255283E+7	1.184624E+3	-1.562830E+0	3.996248E-4 	6.339605E+0	6.339202E+0
15.0    	99      	6.345739E+0	1.412035E-4	4.54E+1    	15.00     	5345.97 	23.2 	33.3 	6.343985E+0	2.825389E-8 	1.254203E+7	3.055050E+2	-1.587420E+0	1.374773E-4 	6.345739E+0	6.343985E+0
15.0    	100     	6.314283E+0	1.016640E-3	4.56E+1    	15.00     	5348.54 	23.2 	33.3 	6.312752E+0	1.059881E-6 	1.260430E+7	2.042058E+3	-1.586367E+0	1.767295E-4 	6.314283E+0	6.312752E+0
15.0    	101     	6.304776E+0	2.663788E-3	4.56E+1    	15.00     	5351.11 	23.2 	33.3 	6.303322E+0	7.225012E-6 	1.262323E+7	5.359415E+3	-1.585987E+0	1.401190E-4 	6.304776E+0	6.303322E+0
15.0    	102     	6.555063E+0	2.467972E-4	4.57E+1    	15.00     	5353.68 	23.2 	33.3 	6.553676E+0	5.814419E-8 	1.214113E+7	4.509250E+2	-1.585343E+0	1.721434E-4 	6.555063E+0	6.553676E+0
15.0    	103     	6.628492E+0	2.084807E-3	4.55E+1    	15.00     	5356.26 	23.2 	33.3 	6.627204E+0	4.393569E-6 	1.200653E+7	3.787259E+3	-1.584737E+0	1.401190E-4 	6.628492E+0	6.627204E+0
15.0    	104     	6.609376E+0	9.104640E-4	4.59E+1    	15.00     	5358.83 	23.2 	33.3 	6.608119E+0	8.725020E-7 	1.204123E+7	1.680278E+3	-1.584590E+0	1.493318E-4 	6.609376E+0	6.608119E+0
15.0    	105     	6.610187E+0	1.386944E-3	4.54E+1    	15.00     	5361.40 	23.2 	33.3 	6.608845E+0	1.846928E-6 	1.203983E+7	2.500667E+3	-1.585043E+0	2.750152E-4 	6.610187E+0	6.608845E+0
15.0    	106     	6.646853E+0	9.182411E-4	4.57E+1    	15.00     	5363.97 	23.2 	33.3 	6.645524E+0	8.273910E-7 	1.197340E+7	1.646208E+3	-1.584933E+0	2.182506E-4 	6.646853E+0	6.645524E+0
15.0    	107     	6.583407E+0	7.728526E-4	4.55E+1    	15.00     	5366.55 	23.2 	33.3 	6.582117E+0	6.387929E-7 	1.208877E+7	1.443376E+3	-1.584797E+0	1.604161E-4 	6.583407E+0	6.582117E+0
15.0    	108     	6.337174E+0	1.434822E-3	4.56E+1    	15.00     	5369.12 	23.2 	33.3 	6.335710E+0	2.102393E-6 	1.255870E+7	2.858321E+3	-1.586000E+0	1.473092E-4 	6.337174E+0	6.335710E+0
15.0    	109     	6.367672E+0	1.918056E-3	4.58E+1    	15.00     	5371.69 	23.2 	33.3 	6.366117E+0	3.630949E-6 	1.249863E+7	3.752777E+3	-1.586423E+0	1.517674E-4 	6.367672E+0	6.366117E+0
15.0    	110     	6.359724E+0	4.943222E-4	4.59E+1    	15.00     	5374.27 	23.2 	33.3 	6.358258E+0	2.531390E-7 	1.251417E+7	9.814955E+2	-1.585977E+0	5.507571E-5 	6.359724E+0	6.358258E+0
15.0    	111     	6.323795E+0	1.291916E-3	4.54E+1    	15.00     	5376.84 	23.2 	33.3 	6.322204E+0	1.547565E-6 	1.258540E+7	2.523886E+3	-1.586657E+0	2.768273E-4 	6.323795E+0	6.322204E+0
15.0    	112     	6.653641E+0	7.068465E-4	4.56E+1    	15.00     	5379.42 	23.2 	33.3 	6.652776E+0	5.237829E-7 	1.196077E+7	1.285820E+3	-1.582200E+0	1.200000E-4 	6.653641E+0	6.652776E+0
15.0    	113     	6.525184E+0	1.776419E-3	4.57E+1    	15.00     	5381.99 	23.2 	33.3 	6.523797E+0	3.142889E-6 	1.219673E+7	3.317127E+3	-1.585377E+0	4.509250E-5 	6.525184E+0	6.523797E+0
15.0    	114     	6.357311E+0	2.408702E-3	4.57E+1    	15.00     	5384.57 	23.2 	33.3 	6.355525E+0	5.651268E-6 	1.251923E+7	4.712041E+3	-1.587553E+0	1.443376E-4 	6.357311E+0	6.355525E+0
15.0    	115     	6.351669E+0	7.932560E-4	4.54E+1    	15.00     	5387.14 	23.2 	33.3 	6.350106E+0	6.110103E-7 	1.253013E+7	1.553491E+3	-1.586483E+0	9.609024E-5 	6.351669E+0	6.350106E+0
15.0    	116     	6.299766E+0	4.341978E-4	4.56E+1    	15.00     	5389.71 	23.2 	33.3 	6.298151E+0	1.913530E-7 	1.263343E+7	8.736895E+2	-1.586807E+0	1.365040E-4 	6.299766E+0	6.298151E+0
15.0    	117     	6.333027E+0	9.268408E-4	4.58E+1    	15.00     	5392.29 	23.2 	33.3 	6.331521E+0	8.742745E-7 	1.256697E+7	1.847521E+3	-1.586220E+0	1.322876E-4 	6.333027E+0	6.331521E+0
15.0    	118     	6.641340E+0	6.138622E-4	4.56E+1    	15.00     	5394.87 	23.2 	33.3 	6.640018E+0	3.755031E-7 	1.198333E+7	1.106044E+3	-1.584907E+0	2.375570E-4 	6.641340E+0	6.640018E+0
15.0    	119     	6.644946E+0	1.299634E-3	4.55E+1    	15.00     	5397.43 	23.2 	33.3 	6.643621E+0	1.668531E-6 	1.197683E+7	2.335237E+3	-1.584917E+0	1.792577E-4 	6.644946E+0	6.643621E+0
15.0    	120     	6.620196E+0	1.647747E-3	4.57E+1    	15.00     	5400.01 	23.2 	33.3 	6.618849E+0	2.588500E-6 	1.202163E+7	2.956913E+3	-1.585060E+0	2.088061E-4 	6.620196E+0	6.618849E+0
15.0    	121     	6.602315E+0	1.780665E-3	4.55E+1    	15.00     	5402.58 	23.2 	33.3 	6.600963E+0	3.144960E-6 	1.205420E+7	3.244996E+3	-1.585103E+0	1.501111E-4 	6.602315E+0	6.600963E+0
15.0    	122     	6.671177E+0	1.476169E-3	4.58E+1    	15.00     	5405.16 	23.2 	33.3 	6.669854E+0	2.137599E-6 	1.192973E+7	2.627420E+3	-1.584880E+0	2.264950E-4 	6.671177E+0	6.669854E+0
15.0    	123     	6.626651E+0	9.337388E-4	4.57E+1    	15.00     	5407.73 	23.2 	33.3 	6.625255E+0	8.957028E-7 	1.200997E+7	1.703917E+3	-1.585313E+0	7.234178E-5 	6.626651E+0	6.625255E+0
15.0    	124     	6.406245E+0	9.182327E-4	4.58E+1    	15.00     	5410.31 	23.2 	33.3 	6.404106E+0	8.651136E-7 	1.242393E+7	1.792577E+3	-1.589067E+0	1.193035E-4 	6.406245E+0	6.404106E+0
15.0    	125     	6.371962E+0	5.481447E-4	4.58E+1    	15.00     	5412.88 	23.2 	33.3 	6.370458E+0	2.743104E-7 	1.249017E+7	1.050397E+3	-1.586157E+0	1.747379E-4 	6.371962E+0	6.370458E+0
15.0    	126     	6.321014E+0	3.542573E-4	4.55E+1    	15.00     	5415.45 	23.2 	33.3 	6.319493E+0	9.882895E-8 	1.259087E+7	6.658328E+2	-1.586307E+0	2.173323E-4 	6.321014E+0	6.319493E+0
15.0    	127     	6.353310E+0	6.667972E-4	4.57E+1    	15.00     	5418.03 	23.2 	33.3 	6.351811E+0	4.938162E-7 	1.252683E+7	1.350309E+3	-1.586157E+0	1.850225E-4 	6.353310E+0	6.351811E+0
15.0    	128     	6.602963E+0	5.196808E-4	4.56E+1    	15.00     	5420.60 	23.2 	33.3 	6.601665E+0	2.720558E-7 	1.205297E+7	9.504385E+2	-1.584817E+0	3.055050E-5 	6.602963E+0	6.601665E+0
15.0    	129     	6.511436E+0	1.249782E-3	4.56E+1    	15.00     	5423.17 	23.2 	33.3 	6.510214E+0	1.561036E-6 	1.222233E+7	2.345918E+3	-1.584493E+0	4.725816E-5 	6.511436E+0	6.510214E+0
15.0    	130     	6.354036E+0	1.157750E-3	4.57E+1    	15.00     	5425.75 	23.2 	33.3 	6.352574E+0	1.316503E-6 	1.252537E+7	2.272297E+3	-1.585963E+0	1.006645E-4 	6.354036E+0	6.352574E+0
15.0    	131     	6.349660E+0	9.419161E-4	4.57E+1    	15.00     	5428.33 	23.2 	33.3 	6.348231E+0	9.104940E-7 	1.253397E+7	1.871719E+3	-1.585800E+0	1.039230E-4 	6.349660E+0	6.348231E+0
15.0    	132     	6.292918E+0	8.142488E-4	4.60E+1    	15.00     	5430.89 	23.2 	33.3 	6.291385E+0	6.888711E-7 	1.264710E+7	1.652271E+3	-1.586407E+0	1.026320E-4 	6.292918E+0	6.291385E+0
15.0    	133     	6.342099E+0	1.197413E-3	4.55E+1    	15.00     	5433.46 	23.2 	33.3 	6.340648E+0	1.434262E-6 	1.254893E+7	2.369247E+3	-1.585923E+0	1.800926E-4 	6.342099E+0	6.340648E+0
15.0    	134     	6.646947E+0	5.034413E-4	4.59E+1    	15.00     	5436.03 	23.2 	33.3 	6.645614E+0	2.797251E-7 	1.197323E+7	9.291573E+2	-1.584957E+0	2.498666E-4 	6.646947E+0	6.645614E+0
15.0    	135     	6.735503E+0	7.081563E-4	4.57E+1    	15.00     	5438.60 	23.2 	33.3 	6.734169E+0	5.123298E-7 	1.181580E+7	1.249000E+3	-1.584870E+0	7.000000E-5 	6.735503E+0	6.734169E+0
15.0    	136     	6.654567E+0	5.827611E-4	4.57E+1    	15.00     	5441.17 	23.2 	33.3 	6.653259E+0	3.539928E-7 	1.195950E+7	1.058301E+3	-1.584820E+0	9.539392E-5 	6.654567E+0	6.653259E+0
15.0    	137     	6.683746E+0	1.047746E-3	4.55E+1    	15.00     	5443.75 	23.2 	33.3 	6.682457E+0	1.211601E-6 	1.190727E+7	1.913984E+3	-1.584683E+0	2.990541E-4 	6.683746E+0	6.682457E+0
15.0    	138     	6.676570E+0	1.595656E-3	4.56E+1    	15.00     	5446.32 	23.2 	33.3 	6.675243E+0	2.581483E-6 	1.192010E+7	2.858321E+3	-1.584890E+0	2.751363E-4 	6.676570E+0	6.675243E+0
15.0    	139     	6.661103E+0	1.450468E-3	4.58E+1    	15.00     	5448.89 	23.2 	33.3 	6.659124E+0	2.287506E-6 	1.194837E+7	2.657693E+3	-1.588033E+0	2.730079E-4 	6.661103E+0	6.659124E+0
15.0    	140     	6.382901E+0	8.313398E-4	4.55E+1    	15.00     	5451.46 	23.2 	33.3 	6.361374E+0	7.381984E-7 	1.248837E+7	1.650253E+3	-1.512690E+0	2.042058E-4 	6.382901E+0	6.361374E+0
15.0    	141     	6.368442E+0	8.165863E-4	4.59E+1    	15.00     	5454.04 	23.2 	33.3 	6.366161E+0	6.745298E-7 	1.249783E+7	1.607275E+3	-1.589723E+0	5.773503E-5 	6.368442E+0	6.366161E+0
15.0    	142     	6.334534E+0	2.639566E-4	4.52E+1    	15.00     	5456.60 	23.2 	33.3 	6.333104E+0	6.762174E-8 	1.256390E+7	5.196152E+2	-1.585823E+0	5.859465E-5 	6.334534E+0	6.333104E+0
15.0    	143     	6.354113E+0	5.543194E-4	4.56E+1    	15.00     	5459.18 	23.2 	33.3 	6.352564E+0	2.653114E-7 	1.252530E+7	1.053565E+3	-1.586407E+0	2.650157E-4 	6.354113E+0	6.352564E+0
15.0    	144     	6.599424E+0	1.161225E-3	4.51E+1    	15.00     	5461.74 	23.2 	33.3 	6.598233E+0	1.391401E-6 	1.205933E+7	2.138535E+3	-1.584227E+0	2.272297E-4 	6.599424E+0	6.598233E+0
15.0    	145     	6.726732E+0	1.578323E-3	4.56E+1    	15.00     	5464.32 	23.2 	33.3 	6.725331E+0	2.360514E-6 	1.183127E+7	2.739221E+3	-1.585230E+0	2.291288E-4 	6.726732E+0	6.725331E+0
15.0    	146     	6.331067E+0	1.104433E-3	4.55E+1    	15.00     	5466.89 	23.2 	33.3 	6.329518E+0	1.236560E-6 	1.257090E+7	2.200000E+3	-1.586437E+0	2.914332E-4 	6.331067E+0	6.329518E+0
15.0    	147     	6.353910E+0	1.359907E-3	4.57E+1    	15.00     	5469.46 	23.2 	33.3 	6.352430E+0	1.775334E-6 	1.252563E+7	2.653928E+3	-1.586060E+0	1.646208E-4 	6.353910E+0	6.352430E+0
15.0    	148     	6.587413E+0	8.062401E-4	4.57E+1    	15.00     	5472.03 	23.2 	33.3 	6.586138E+0	6.522166E-7 	1.208140E+7	1.479865E+3	-1.584710E+0	9.165151E-5 	6.587413E+0	6.586138E+0
15.0    	149     	6.346614E+0	8.612966E-4	4.55E+1    	15.00     	5474.61 	23.2 	33.3 	6.345100E+0	7.400207E-7 	1.254007E+7	1.700980E+3	-1.586243E+0	2.081666E-5 	6.346614E+0	6.345100E+0
15.0    	150     	6.596033E+0	1.129243E-3	4.56E+1    	15.00     	5477.19 	23.2 	33.3 	6.594624E+0	1.166122E-6 	1.206573E+7	2.020726E+3	-1.585413E+0	2.706166E-4 	6.596033E+0	6.594624E+0
15.0    	151     	6.671555E+0	8.730212E-4	4.55E+1    	15.00     	5479.76 	23.2 	33.3 	6.670222E+0	7.534306E-7 	1.192907E+7	1.556706E+3	-1.584930E+0	2.645751E-5 	6.671555E+0	6.670222E+0
15.0    	152     	6.748306E+0	1.247768E-3	4.56E+1    	15.00     	5482.32 	23.2 	33.3 	6.746987E+0	1.548397E-6 	1.179337E+7	2.177919E+3	-1.584777E+0	1.106044E-4 	6.748306E+0	6.746987E+0
15.0    	153     	6.749871E+0	1.179738E-3	4.56E+1    	15.00     	5484.89 	23.2 	33.3 	6.748589E+0	1.446695E-6 	1.179060E+7	2.080865E+3	-1.584577E+0	1.305118E-4 	6.749871E+0	6.748589E+0
15.0    	154     	6.639350E+0	2.368702E-4	4.57E+1    	15.00     	5487.46 	23.2 	33.3 	6.638019E+0	4.446504E-8 	1.198693E+7	4.041452E+2	-1.584953E+0	1.446836E-4 	6.639350E+0	6.638019E+0
15.0    	155     	6.615359E+0	7.853530E-4	4.57E+1    	15.00     	5490.03 	23.2 	33.3 	6.614002E+0	6.008601E-7 	1.203043E+7	1.418920E+3	-1.585120E+0	1.178983E-4 	6.615359E+0	6.614002E+0
15.0    	156     	6.367080E+0	6.649730E-4	4.60E+1    	15.00     	5492.60 	23.2 	33.3 	6.364841E+0	4.422903E-7 	1.250047E+7	1.305118E+3	-1.589550E+0	1.824829E-4 	6.367080E+0	6.364841E+0
15.0    	157     	6.334890E+0	3.562010E-3	4.57E+1    	15.00     	5495.18 	23.2 	33.3 	6.333155E+0	1.697210E-5 	1.256350E+7	7.621024E+3	-1.587210E+0	2.577382E-3 	6.334890E+0	6.333155E+0
15.0    	158     	6.370567E+0	9.165677E-4	4.56E+1    	15.00     	5497.74 	23.2 	33.3 	6.369065E+0	8.927366E-7 	1.249290E+7	1.824829E+3	-1.586147E+0	3.008876E-4 	6.370567E+0	6.369065E+0
15.0    	159     	6.323604E+0	1.013074E-3	4.56E+1    	15.00     	5500.32 	23.2 	33.3 	6.322059E+0	1.148101E-6 	1.258573E+7	2.074448E+3	-1.586427E+0	3.265476E-4 	6.323604E+0	6.322059E+0
15.0    	160     	6.589066E+0	8.569657E-4	4.58E+1    	15.00     	5502.89 	23.2 	33.3 	6.587721E+0	7.675959E-7 	1.207843E+7	1.588500E+3	-1.585080E+0	1.081665E-4 	6.589066E+0	6.587721E+0
15.0    	161     	2.271447E+0	8.002229E-4	4.55E+1    	15.00     	5505.46 	23.2 	33.3 	2.271104E+0	6.694189E-7 	3.503647E+7	1.248092E+4	-1.558513E+0	3.292922E-4 	2.271447E+0	2.271104E+0
15.0    	162     	6.752055E+0	1.471852E-4	4.55E+1    	15.00     	5508.03 	23.2 	33.3 	6.747436E+0	2.426105E-8 	1.178970E+7	2.645751E+2	-1.596953E+0	2.516611E-5 	6.752055E+0	6.747436E+0
15.0    	163     	6.623824E+0	7.067141E-4	4.54E+1    	15.00     	5510.60 	23.2 	33.3 	6.622420E+0	5.285989E-7 	1.201510E+7	1.300000E+3	-1.585357E+0	2.484619E-4 	6.623824E+0	6.622420E+0
15.0    	164     	5.895459E-1	1.136877E-3	4.57E+1    	15.00     	5513.17 	23.2 	33.3 	5.509515E-1	9.229973E-7 	1.396290E+8	2.555719E+5	-1.829533E+0	5.873103E-4 	5.895459E-1	5.509515E-1
15.0    	165     	6.701065E+0	1.048653E-3	4.57E+1    	15.00     	5515.74 	23.2 	33.3 	6.699877E+0	1.009061E-6 	1.187640E+7	1.819341E+3	-1.584113E+0	2.715388E-4 	6.701065E+0	6.699877E+0
15.0    	166     	6.390780E+0	9.064616E-4	4.55E+1    	15.00     	5518.32 	23.2 	33.3 	6.389328E+0	8.874279E-7 	1.245333E+7	1.800926E+3	-1.585873E+0	2.532456E-4 	6.390780E+0	6.389328E+0
15.0    	167     	6.617938E+0	1.221473E-3	4.55E+1    	15.00     	5520.89 	23.2 	33.3 	6.616594E+0	1.422780E-6 	1.202573E+7	2.193931E+3	-1.585050E+0	1.552417E-4 	6.617938E+0	6.616594E+0
15.0    	168     	6.623067E+0	2.838661E-4	4.53E+1    	15.00     	5523.47 	23.2 	33.3 	6.621707E+0	5.636428E-8 	1.201643E+7	4.725816E+2	-1.585120E+0	2.645751E-4 	6.623067E+0	6.621707E+0
15.0    	169     	6.634559E+0	5.201584E-4	4.57E+1    	15.00     	5526.05 	23.2 	33.3 	6.633218E+0	2.866829E-7 	1.199560E+7	9.539392E+2	-1.585013E+0	1.789786E-4 	6.634559E+0	6.633218E+0
15.0    	170     	6.606312E+0	1.368538E-3	4.55E+1    	15.00     	5528.63 	23.2 	33.3 	6.604967E+0	1.957637E-6 	1.204690E+7	2.523886E+3	-1.585063E+0	1.650253E-4 	6.606312E+0	6.604967E+0
15.0    	171     	6.406243E+0	8.345643E-4	4.57E+1    	15.00     	5531.20 	23.2 	33.3 	6.404829E+0	6.560582E-7 	1.242323E+7	1.594783E+3	-1.585653E+0	1.436431E-4 	6.406243E+0	6.404829E+0
15.0    	172     	6.364586E+0	1.310393E-3	4.56E+1    	15.00     	5533.78 	23.2 	33.3 	6.363126E+0	1.686178E-6 	1.250460E+7	2.563201E+3	-1.585943E+0	1.205543E-4 	6.364586E+0	6.363126E+0
15.0    	173     	6.282717E+0	1.371548E-3	4.53E+1    	15.00     	5536.35 	23.2 	33.3 	6.281123E+0	1.915239E-6 	1.266770E+7	2.778489E+3	-1.586727E+0	1.357694E-4 	6.282717E+0	6.281123E+0
15.0    	174     	6.355137E+0	6.359169E-4	4.57E+1    	15.00     	5538.93 	23.2 	33.3 	6.353705E+0	4.005598E-7 	1.252317E+7	1.250333E+3	-1.585803E+0	3.214550E-5 	6.355137E+0	6.353705E+0
15.0    	175     	6.357170E+0	1.155198E-3	4.57E+1    	15.00     	5541.50 	23.2 	33.3 	6.355665E+0	1.360211E-6 	1.251923E+7	2.285461E+3	-1.586183E+0	2.362908E-4 	6.357170E+0	6.355665E+0
15.0    	176     	6.553648E+0	2.019253E-3	4.57E+1    	15.00     	5544.06 	23.2 	33.3 	6.552357E+0	4.195919E-6 	1.214367E+7	3.768731E+3	-1.584830E+0	1.928730E-4 	6.553648E+0	6.552357E+0
15.0    	177     	6.952611E+0	2.130575E-3	4.56E+1    	15.00     	5546.63 	23.2 	33.3 	6.948721E+0	4.519647E-6 	1.144890E+7	3.502856E+3	-1.594447E+0	4.800347E-4 	6.952611E+0	6.948721E+0
15.0    	178     	2.831869E+0	1.225227E-2	4.52E+1    	15.00     	5549.22 	23.2 	33.3 	1.749647E+0	2.505514E-5 	3.575050E+7	1.281930E+5	-9.043620E-1	9.498358E-4 	2.831869E+0	1.749647E+0
15.0    	179     	6.561533E+0	2.542147E-4	4.55E+1    	15.00     	5551.78 	23.2 	33.3 	6.557363E+0	5.622623E-8 	1.213173E+7	4.509250E+2	-1.596007E+0	1.890326E-4 	6.561533E+0	6.557363E+0
15.0    	180     	6.647579E+0	1.988951E-3	4.55E+1    	15.00     	5554.35 	23.2 	33.3 	6.646390E+0	3.825112E-6 	1.197197E+7	3.552933E+3	-1.584167E+0	2.138535E-4 	6.647579E+0	6.646390E+0
15.0    	181     	6.280142E+0	8.418596E-4	4.54E+1    	15.00     	5556.93 	23.2 	33.3 	6.278641E+0	6.621602E-7 	1.267280E+7	1.670329E+3	-1.586253E+0	2.030599E-4 	6.280142E+0	6.278641E+0
15.0    	182     	6.385382E+0	5.262784E-4	4.55E+1    	15.00     	5559.50 	23.2 	33.3 	6.383892E+0	3.059578E-7 	1.246390E+7	1.053565E+3	-1.586073E+0	1.436431E-4 	6.385382E+0	6.383892E+0
15.0    	183     	6.367277E+0	1.489652E-3	4.57E+1    	15.00     	5562.07 	23.2 	33.3 	6.365832E+0	2.054604E-6 	1.249930E+7	2.868798E+3	-1.585863E+0	3.423935E-4 	6.367277E+0	6.365832E+0
15.0    	184     	6.399857E+0	1.428491E-3	4.56E+1    	15.00     	5564.65 	23.2 	33.3 	6.398373E+0	2.075082E-6 	1.243570E+7	2.787472E+3	-1.586023E+0	8.386497E-5 	6.399857E+0	6.398373E+0
15.0    	185     	6.392902E+0	2.816131E-4	4.56E+1    	15.00     	5567.23 	23.2 	33.3 	6.391552E+0	8.422445E-8 	1.244910E+7	5.567764E+2	-1.585327E+0	6.110101E-5 	6.392902E+0	6.391552E+0
15.0    	186     	6.353313E+0	7.827396E-4	4.55E+1    	15.00     	5569.80 	23.2 	33.3 	6.351877E+0	6.031213E-7 	1.252677E+7	1.537314E+3	-1.585830E+0	6.082763E-5 	6.353313E+0	6.351877E+0
15.0    	187     	6.365926E+0	1.444908E-3	4.56E+1    	15.00     	5572.37 	23.2 	33.3 	6.364467E+0	1.978269E-6 	1.250197E+7	2.800595E+3	-1.585930E+0	2.042058E-4 	6.365926E+0	6.364467E+0
15.0    	188     	6.293526E+0	4.310699E-4	4.59E+1    	15.00     	5574.95 	23.2 	33.3 	6.292005E+0	1.828485E-7 	1.264587E+7	8.621678E+2	-1.586340E+0	1.705872E-4 	6.293526E+0	6.292005E+0
15.0    	189     	6.340210E+0	1.821679E-3	4.55E+1    	15.00     	5577.52 	23.2 	33.3 	6.338766E+0	3.389027E-6 	1.255267E+7	3.625374E+3	-1.585887E+0	2.122106E-4 	6.340210E+0	6.338766E+0
15.0    	190     	6.318301E+0	2.054343E-4	4.55E+1    	15.00     	5580.10 	23.2 	33.3 	6.316854E+0	2.445856E-8 	1.259620E+7	3.605551E+2	-1.585930E+0	2.605763E-4 	6.318301E+0	6.316854E+0
15.0    	191     	6.356781E+0	2.286675E-3	4.53E+1    	15.00     	5582.67 	23.2 	33.3 	6.355276E+0	5.224185E-6 	1.252000E+7	4.503332E+3	-1.586187E+0	6.658328E-5 	6.356781E+0	6.355276E+0
15.0    	192     	6.523824E+0	1.155853E-3	4.56E+1    	15.00     	5585.24 	23.2 	33.3 	6.522412E+0	1.416301E-6 	1.219930E+7	2.193171E+3	-1.585507E+0	3.397548E-4 	6.523824E+0	6.522412E+0
15.0    	193     	6.691339E+0	9.279886E-4	4.56E+1    	15.00     	5587.81 	23.2 	33.3 	6.690185E+0	8.499971E-7 	1.189363E+7	1.644182E+3	-1.583930E+0	1.571623E-4 	6.691339E+0	6.690185E+0
15.0    	194     	6.508499E+0	1.244551E-3	4.56E+1    	15.00     	5590.39 	23.2 	33.3 	6.504244E+0	1.730442E-6 	1.223070E+7	2.406242E+3	-1.596367E+0	2.154840E-4 	6.508499E+0	6.504244E+0
15.0    	195     	6.550297E+0	9.568309E-4	4.55E+1    	15.00     	5592.95 	23.2 	33.3 	6.548839E+0	9.523662E-7 	1.215003E+7	1.792577E+3	-1.585717E+0	1.965536E-4 	6.550297E+0	6.548839E+0
15.0    	196     	6.340216E+0	1.379813E-3	4.54E+1    	15.00     	5595.53 	23.2 	33.3 	6.338726E+0	1.926266E-6 	1.255270E+7	2.740438E+3	-1.586127E+0	4.725816E-5 	6.340216E+0	6.338726E+0
15.0    	197     	6.346316E+0	1.663047E-3	4.54E+1    	15.00     	5598.10 	23.2 	33.3 	6.344893E+0	2.818455E-6 	1.254057E+7	3.302020E+3	-1.585770E+0	1.800000E-4 	6.346316E+0	6.344893E+0
15.0    	198     	6.295360E+0	1.493791E-4	4.55E+1    	15.00     	5600.67 	23.2 	33.3 	6.293888E+0	2.416756E-8 	1.264213E+7	3.055050E+2	-1.586087E+0	1.050397E-4 	6.295360E+0	6.293888E+0
15.0    	199     	6.294961E+0	1.371037E-3	4.57E+1    	15.00     	5603.25 	23.2 	33.3 	6.293490E+0	1.816372E-6 	1.264293E+7	2.730079E+3	-1.586080E+0	1.824829E-4 	6.294961E+0	6.293490E+0
15.0    	200     	6.314927E+0	4.446034E-4	4.55E+1    	15.00     	5605.81 	23.2 	33.3 	6.313544E+0	2.107801E-7 	1.260287E+7	9.018500E+2	-1.585597E+0	8.962886E-5 	6.314927E+0	6.313544E+0
15.0    	201     	6.335468E+0	8.601636E-4	4.53E+1    	15.00     	5608.39 	23.2 	33.3 	6.334053E+0	7.165019E-7 	1.256203E+7	1.692139E+3	-1.585737E+0	1.171893E-4 	6.335468E+0	6.334053E+0
15.0    	202     	6.322041E+0	9.570137E-4	4.54E+1    	15.00     	5610.96 	23.2 	33.3 	6.320575E+0	9.469603E-7 	1.258877E+7	1.921805E+3	-1.586027E+0	1.040833E-4 	6.322041E+0	6.320575E+0
15.0    	203     	6.279940E+0	1.725876E-3	4.55E+1    	15.00     	5613.53 	23.2 	33.3 	6.278547E+0	2.975751E-6 	1.267310E+7	3.482815E+3	-1.585690E+0	1.000000E-5 	6.279940E+0	6.278547E+0
15.0    	204     	6.331211E+0	2.418093E-3	4.54E+1    	15.00     	5616.10 	23.2 	33.3 	6.329710E+0	5.643063E-6 	1.257057E+7	4.759552E+3	-1.586193E+0	3.538832E-4 	6.331211E+0	6.329710E+0
15.0    	205     	6.315164E+0	1.565676E-3	4.57E+1    	15.00     	5618.68 	23.2 	33.3 	6.313709E+0	2.442059E-6 	1.260247E+7	3.121431E+3	-1.585980E+0	3.605551E-5 	6.315164E+0	6.313709E+0
15.0    	206     	6.609125E+0	1.616239E-3	4.54E+1    	15.00     	5621.25 	23.2 	33.3 	6.607383E+0	2.654702E-6 	1.204213E+7	2.956913E+3	-1.587033E+0	9.291573E-5 	6.609125E+0	6.607383E+0
15.0    	207     	6.306222E+0	3.822492E-4	4.54E+1    	15.00     	5623.82 	23.2 	33.3 	6.304772E+0	1.764416E-7 	1.262033E+7	8.020806E+2	-1.585960E+0	2.722132E-4 	6.306222E+0	6.304772E+0
15.0    	208     	6.559523E+0	4.785963E-4	4.53E+1    	15.00     	5626.39 	23.2 	33.3 	6.558292E+0	2.526121E-7 	1.213273E+7	9.073772E+2	-1.584497E+0	1.582193E-4 	6.559523E+0	6.558292E+0
15.0    	209     	6.585249E+0	6.092859E-4	4.56E+1    	15.00     	5628.96 	23.2 	33.3 	6.584197E+0	3.792192E-7 	1.208517E+7	1.123981E+3	-1.583437E+0	1.703917E-4 	6.585249E+0	6.584197E+0
15.0    	210     	6.554523E+0	1.593077E-3	4.54E+1    	15.00     	5631.55 	23.2 	33.3 	6.553209E+0	2.684735E-6 	1.214207E+7	2.993883E+3	-1.584957E+0	2.610236E-4 	6.554523E+0	6.553209E+0
15.0    	211     	1.372426E+0	1.302493E-3	4.52E+1    	15.00     	5634.12 	23.2 	33.3 	1.367198E+0	2.257250E-6 	5.809387E+7	5.950179E+4	-1.632550E+0	1.281757E-3 	1.372426E+0	1.367198E+0
15.0    	212     	6.548171E+0	8.765698E-4	4.55E+1    	15.00     	5636.68 	23.2 	33.3 	6.546870E+0	8.010085E-7 	1.215383E+7	1.644182E+3	-1.584893E+0	1.677299E-4 	6.548171E+0	6.546870E+0
15.0    	213     	6.339285E+0	4.203916E-4	4.57E+1    	15.00     	5639.25 	23.2 	33.3 	6.337872E+0	1.534429E-7 	1.255447E+7	8.020806E+2	-1.585727E+0	3.484729E-4 	6.339285E+0	6.337872E+0
15.0    	214     	6.330663E+0	5.945442E-4	4.54E+1    	15.00     	5641.82 	23.2 	33.3 	6.329083E+0	3.239087E-7 	1.257173E+7	1.154701E+3	-1.586593E+0	2.540341E-4 	6.330663E+0	6.329083E+0
15.0    	215     	6.474728E+0	1.721552E-3	4.57E+1    	15.00     	5644.39 	23.2 	33.3 	6.467752E+0	2.858888E-6 	1.229710E+7	3.241913E+3	-1.603627E+0	8.386497E-5 	6.474728E+0	6.467752E+0
15.0    	216     	6.318770E+0	1.013413E-3	4.53E+1    	15.00     	5646.97 	23.2 	33.3 	6.317355E+0	1.109996E-6 	1.259523E+7	2.059935E+3	-1.585757E+0	2.615977E-4 	6.318770E+0	6.317355E+0
15.0    	217     	6.320573E+0	1.557467E-4	4.56E+1    	15.00     	5649.53 	23.2 	33.3 	6.319165E+0	2.292995E-8 	1.259163E+7	3.055050E+2	-1.585720E+0	9.539392E-5 	6.320573E+0	6.319165E+0
15.0    	218     	6.351785E+0	6.383317E-4	4.55E+1    	15.00     	5652.11 	23.2 	33.3 	6.350328E+0	4.725321E-7 	1.252980E+7	1.307670E+3	-1.585940E+0	2.594224E-4 	6.351785E+0	6.350328E+0
15.0    	219     	6.571542E+0	1.672094E-3	4.57E+1    	15.00     	5654.68 	23.2 	33.3 	6.569850E+0	2.738431E-6 	1.211097E+7	3.066486E+3	-1.586843E+0	8.144528E-5 	6.571542E+0	6.569850E+0
15.0    	220     	6.328490E+0	4.964387E-4	4.57E+1    	15.00     	5657.25 	23.2 	33.3 	6.327095E+0	3.036319E-7 	1.257587E+7	1.040833E+3	-1.585643E+0	2.926317E-4 	6.328490E+0	6.327095E+0
15.0    	221     	6.617603E+0	1.289681E-3	4.56E+1    	15.00     	5659.83 	23.2 	33.3 	6.615901E+0	1.828159E-6 	1.202667E+7	2.400694E+3	-1.586833E+0	3.592121E-4 	6.617603E+0	6.615901E+0
15.0    	222     	1.272312E+0	1.144069E-3	4.54E+1    	15.00     	5662.41 	23.2 	33.3 	1.248051E+0	1.253090E-7 	6.315057E+7	3.656806E+4	-1.432280E+0	2.356183E-3 	1.272312E+0	1.248051E+0
15.0    	223     	6.552039E+0	2.245080E-3	4.56E+1    	15.00     	5664.97 	23.2 	33.3 	6.550262E+0	5.014512E-6 	1.214710E+7	4.158125E+3	-1.587267E+0	4.725816E-5 	6.552039E+0	6.550262E+0
15.0    	224     	6.596577E+0	7.539578E-4	4.55E+1    	15.00     	5667.53 	23.2 	33.3 	6.595246E+0	6.359620E-7 	1.206467E+7	1.418920E+3	-1.585000E+0	2.325941E-4 	6.596577E+0	6.595246E+0
15.0    	225     	6.567255E+0	6.197015E-4	4.54E+1    	15.00     	5670.10 	23.2 	33.3 	6.566545E+0	3.932554E-7 	1.211797E+7	1.150362E+3	-1.581197E+0	5.686241E-5 	6.567255E+0	6.566545E+0
15.0    	226     	6.356538E+0	6.612297E-4	4.55E+1    	15.00     	5672.68 	23.2 	33.3 	6.355078E+0	4.357364E-7 	1.252043E+7	1.301281E+3	-1.585953E+0	1.101514E-4 	6.356538E+0	6.355078E+0
15.0    	227     	6.558971E+0	6.222084E-4	4.55E+1    	15.00     	5675.25 	23.2 	33.3 	6.557582E+0	3.899691E-7 	1.213390E+7	1.153256E+3	-1.585350E+0	3.605551E-5 	6.558971E+0	6.557582E+0
15.0    	228     	6.302463E+0	2.436264E-3	4.57E+1    	15.00     	5677.82 	23.2 	33.3 	6.301075E+0	5.875692E-6 	1.262780E+7	4.869292E+3	-1.585633E+0	1.026320E-4 	6.302463E+0	6.301075E+0
15.0    	229     	6.571687E+0	5.620251E-4	4.54E+1    	15.00     	5680.40 	23.2 	33.3 	6.569848E+0	2.984535E-7 	1.211083E+7	1.021437E+3	-1.587527E+0	7.505553E-5 	6.571687E+0	6.569848E+0
15.0    	230     	6.466174E+0	1.442109E-3	4.56E+1    	15.00     	5682.97 	23.2 	33.3 	6.459384E+0	1.992141E-6 	1.231320E+7	2.718455E+3	-1.603207E+0	9.073772E-5 	6.466174E+0	6.459384E+0
15.0    	231     	5.256252E+0	2.573835E-2	4.53E+1    	15.00     	5685.55 	23.2 	33.3 	3.848054E+0	1.343299E-3 	1.769487E+7	1.277365E+5	-1.026747E+0	3.919405E-3 	5.256252E+0	3.848054E+0
15.0    	232     	6.472353E+0	1.398176E-3	4.54E+1    	15.00     	5688.12 	23.2 	33.3 	6.465743E+0	2.072680E-6 	1.230127E+7	2.695057E+3	-1.602757E+0	3.552933E-4 	6.472353E+0	6.465743E+0
15.0    	233     	6.347024E+0	1.324407E-3	4.57E+1    	15.00     	5690.70 	23.2 	33.3 	6.345635E+0	1.636123E-6 	1.253913E+7	2.571640E+3	-1.585590E+0	2.722132E-4 	6.347024E+0	6.345635E+0
15.0    	234     	6.556859E+0	1.938835E-4	4.54E+1    	15.00     	5693.27 	23.2 	33.3 	6.555228E+0	1.853738E-8 	1.213803E+7	3.055050E+2	-1.586570E+0	2.783882E-4 	6.556859E+0	6.555228E+0
15.0    	235     	1.416887E+0	2.393666E-4	4.56E+1    	15.00     	5695.84 	23.2 	33.3 	1.409328E+0	9.127354E-8 	5.631400E+7	8.961585E+3	-1.497700E+0	1.500100E-3 	1.416887E+0	1.409328E+0
15.0    	236     	6.588305E+0	9.412118E-4	4.54E+1    	15.00     	5698.42 	23.2 	33.3 	6.586664E+0	8.333460E-7 	1.208010E+7	1.700000E+3	-1.586580E+0	1.374773E-4 	6.588305E+0	6.586664E+0
15.0    	237     	6.299454E+0	1.212735E-3	4.57E+1    	15.00     	5700.99 	23.1 	33.3 	6.297998E+0	1.578144E-6 	1.263390E+7	2.475884E+3	-1.586000E+0	2.325941E-4 	6.299454E+0	6.297998E+0
15.0    	238     	6.553847E+0	9.985660E-5	4.54E+1    	15.00     	5703.57 	23.2 	33.3 	6.552013E+0	7.601598E-9 	1.214380E+7	1.732051E+2	-1.587527E+0	6.506407E-5 	6.553847E+0	6.552013E+0
15.0    	239     	6.380598E+0	2.854412E-4	4.54E+1    	15.00     	5706.14 	23.2 	33.3 	6.379188E+0	8.778829E-8 	1.247317E+7	5.686241E+2	-1.585663E+0	7.094599E-5 	6.380598E+0	6.379188E+0
15.0    	240     	6.572063E+0	3.345803E-4	4.54E+1    	15.00     	5708.71 	23.1 	33.3 	6.570811E+0	1.060027E-7 	1.210960E+7	6.082763E+2	-1.584597E+0	4.932883E-5 	6.572063E+0	6.570811E+0
15.0    	241     	6.805845E+0	3.865555E-4	4.58E+1    	15.00     	5711.29 	23.2 	33.3 	6.805130E+0	1.510610E-7 	1.169313E+7	6.658328E+2	-1.581047E+0	1.159023E-4 	6.805845E+0	6.805130E+0
15.0    	242     	6.563171E+0	1.877455E-3	4.57E+1    	15.00     	5713.86 	23.2 	33.3 	6.561892E+0	3.443463E-6 	1.212603E+7	3.448671E+3	-1.584760E+0	1.307670E-4 	6.563171E+0	6.561892E+0
15.0    	243     	6.573105E+0	1.362634E-3	4.56E+1    	15.00     	5716.44 	23.1 	33.3 	6.571867E+0	1.869737E-6 	1.210767E+7	2.514624E+3	-1.584520E+0	1.928730E-4 	6.573105E+0	6.571867E+0
15.0    	244     	6.817687E+0	8.428090E-4	4.52E+1    	15.00     	5719.01 	23.2 	33.3 	6.816141E+0	6.971431E-7 	1.167353E+7	1.436431E+3	-1.585853E+0	4.725816E-5 	6.817687E+0	6.816141E+0
15.0    	245     	1.375413E+0	4.607028E-3	4.56E+1    	15.00     	5721.59 	23.2 	33.3 	1.343570E+0	2.519782E-6 	5.853897E+7	1.306974E+5	-1.418183E+0	7.589152E-3 	1.375413E+0	1.343570E+0
15.0    	246     	6.820010E+0	6.885703E-4	4.54E+1    	15.00     	5724.16 	23.2 	33.3 	6.818336E+0	4.570692E-7 	1.166967E+7	1.167619E+3	-1.586463E+0	5.859465E-5 	6.820010E+0	6.818336E+0
15.0    	247     	6.700932E+0	6.079372E-4	4.54E+1    	15.00     	5726.73 	23.2 	33.3 	6.695274E+0	4.808904E-7 	1.188060E+7	1.153256E+3	-1.599857E+0	2.565801E-4 	6.700932E+0	6.695274E+0
15.0    	248     	6.551077E+0	1.602596E-3	4.52E+1    	15.00     	5729.30 	23.2 	33.3 	6.549929E+0	2.564983E-6 	1.214830E+7	2.971532E+3	-1.584037E+0	1.154701E-5 	6.551077E+0	6.549929E+0
15.0    	249     	6.551799E+0	1.585938E-3	4.54E+1    	15.00     	5731.88 	23.2 	33.3 	6.550717E+0	2.564838E-6 	1.214690E+7	2.954657E+3	-1.583643E+0	1.193035E-4 	6.551799E+0	6.550717E+0
15.0    	250     	6.565503E+0	5.076243E-4	4.54E+1    	15.00     	5734.45 	23.2 	33.3 	6.564288E+0	2.665035E-7 	1.212167E+7	9.451631E+2	-1.584400E+0	7.810250E-5 	6.565503E+0	6.564288E+0
15.0    	251     	6.763903E+0	1.042928E-3	4.53E+1    	15.00     	5737.02 	23.2 	33.3 	6.762511E+0	1.095485E-6 	1.176623E+7	1.817507E+3	-1.585143E+0	7.505553E-5 	6.763903E+0	6.762511E+0
15.0    	252     	6.519323E+0	4.688550E-4	4.54E+1    	15.00     	5739.59 	23.2 	33.3 	6.518078E+0	2.045905E-7 	1.220757E+7	8.621678E+2	-1.584617E+0	1.778576E-4 	6.519323E+0	6.518078E+0
15.0    	253     	6.571781E+0	1.767102E-3	4.55E+1    	15.00     	5742.17 	23.2 	33.3 	6.570587E+0	3.003566E-6 	1.211007E+7	3.225420E+3	-1.584270E+0	1.967232E-4 	6.571781E+0	6.570587E+0
15.0    	254     	6.612481E+0	1.002204E-3	4.55E+1    	15.00     	5744.74 	23.1 	33.3 	6.611311E+0	1.067246E-6 	1.203550E+7	1.852026E+3	-1.584100E+0	2.515949E-4 	6.612481E+0	6.611311E+0
15.0    	255     	6.576531E+0	8.963708E-4	4.56E+1    	15.00     	5747.31 	23.1 	33.3 	6.575538E+0	8.052985E-7 	1.210113E+7	1.650253E+3	-1.583083E+0	1.619671E-4 	6.576531E+0	6.575538E+0
15.0    	256     	6.758653E+0	8.526795E-4	4.53E+1    	15.00     	5749.89 	23.2 	33.3 	6.757729E+0	7.056331E-7 	1.177497E+7	1.474223E+3	-1.582490E+0	2.325941E-4 	6.758653E+0	6.757729E+0
15.0    	257     	5.634028E+0	8.416302E-4	4.56E+1    	15.00     	5752.46 	23.1 	33.3 	5.631957E+0	6.710552E-7 	1.412703E+7	2.081666E+3	-1.589967E+0	2.343786E-4 	5.634028E+0	5.631957E+0
15.0    	258     	8.092119E+0	9.137712E-5	4.55E+1    	15.00     	5755.03 	23.2 	33.3 	8.091160E+0	1.188153E-8 	9.834530E+6	1.212436E+2	-1.581683E+0	1.457166E-4 	8.092119E+0	8.091160E+0
15.0    	259     	1.124909E+1	1.459789E-3	4.54E+1    	15.00     	5757.60 	23.2 	33.3 	1.124881E+1	2.131668E-6 	7.074213E+6	9.181685E+2	-1.575820E+0	3.000000E-5 	1.124909E+1	1.124881E+1
15.0    	260     	2.369156E+1	1.645175E-3	4.53E+1    	15.00     	5760.17 	23.1 	33.3 	2.369070E+1	2.689744E-6 	3.358957E+6	2.328805E+2	-1.564773E+0	5.131601E-5 	2.369156E+1	2.369070E+1
15.0    	261     	2.819612E+1	1.516414E-3	4.51E+1    	15.00     	5762.75 	23.1 	33.3 	2.819408E+1	2.297722E-6 	2.822387E+6	1.517674E+2	-1.562290E+0	2.645751E-5 	2.819612E+1	2.819408E+1
15.0    	262     	3.429549E+1	8.761968E-5	4.55E+1    	15.00     	5765.33 	23.1 	33.3 	3.429090E+1	6.893316E-9 	2.320503E+6	5.773503E+0	-1.559223E+0	5.773503E-6 	3.429549E+1	3.429090E+1
15.0    	263     	5.027392E+1	6.595364E-4	4.55E+1    	15.00     	5767.89 	23.1 	33.3 	5.025579E+1	4.387149E-7 	1.583163E+6	2.081666E+1	-1.551807E+0	5.773503E-6 	5.027392E+1	5.025579E+1
15.0    	264     	1.101965E+2	8.880539E-4	4.54E+1    	15.00     	5770.47 	23.1 	33.3 	1.099835E+2	6.235865E-7 	7.228407E+5	5.507571E+0	-1.526820E+0	1.000000E-5 	1.101965E+2	1.099835E+2
20.0    	1       	6.136938E+0	1.432801E-3	5.57E+1    	20.00     	5802.29 	23.1 	33.3 	6.135582E+0	2.061074E-6 	1.296840E+7	3.031501E+3	-1.585660E+0	1.732051E-5 	6.136938E+0	6.135582E+0
20.0    	2       	6.230827E+0	1.602947E-3	5.10E+1    	20.00     	5804.63 	23.1 	33.3 	6.229502E+0	2.522133E-6 	1.277293E+7	3.271595E+3	-1.585383E+0	8.144528E-5 	6.230827E+0	6.229502E+0
20.0    	3       	5.894111E-1	2.261507E-3	5.13E+1    	20.00     	5807.20 	23.1 	33.3 	5.463133E-1	5.034620E-6 	1.402377E+8	5.576471E+5	-1.844613E+0	4.854208E-4 	5.894111E-1	5.463133E-1
20.0    	4       	6.480112E+0	1.380027E-3	5.09E+1    	20.00     	5809.77 	23.1 	33.3 	6.478771E+0	2.164401E-6 	1.228153E+7	2.702468E+3	-1.585180E+0	4.911212E-4 	6.480112E+0	6.478771E+0
20.0    	5       	1.248241E+0	4.128180E-4	5.07E+1    	20.00     	5812.33 	23.1 	33.3 	1.248224E+0	1.648900E-7 	6.375213E+7	2.090845E+4	-1.567387E+0	1.690631E-3 	1.248241E+0	1.248224E+0
20.0    	6       	6.131968E+0	2.676116E-4	5.07E+1    	20.00     	5814.91 	23.1 	33.3 	6.130214E+0	7.271896E-8 	1.297933E+7	5.686241E+2	-1.587713E+0	4.041452E-5 	6.131968E+0	6.130214E+0
20.0    	7       	5.861603E+0	5.489430E-4	5.11E+1    	20.00     	5817.48 	23.1 	33.3 	5.859957E+0	2.815352E-7 	1.357797E+7	1.250333E+3	-1.587557E+0	1.305118E-4 	5.861603E+0	5.859957E+0
20.0    	8       	5.856932E+0	1.774743E-3	5.09E+1    	20.00     	5820.05 	23.1 	33.3 	5.855485E+0	3.109633E-6 	1.358857E+7	4.105281E+3	-1.586513E+0	1.365040E-4 	5.856932E+0	5.855485E+0
20.0    	9       	5.818111E+0	1.709572E-3	5.07E+1    	20.00     	5822.62 	23.1 	33.3 	5.816788E+0	3.118290E-6 	1.367910E+7	4.085340E+3	-1.585873E+0	3.382800E-4 	5.818111E+0	5.816788E+0
20.0    	10      	6.241697E+0	3.589954E-4	5.10E+1    	20.00     	5825.19 	23.1 	33.3 	6.229019E+0	1.447914E-7 	1.276230E+7	7.549834E+2	-1.615880E+0	1.000000E-4 	6.241697E+0	6.229019E+0
20.0    	11      	3.415561E+0	1.557697E-2	5.10E+1    	20.00     	5827.78 	23.1 	33.3 	2.246029E+0	9.924206E-5 	2.873143E+7	1.290346E+5	-9.457187E-1	3.079242E-4 	3.415561E+0	2.246029E+0
20.0    	12      	2.188352E+0	6.332254E-4	5.09E+1    	20.00     	5830.35 	23.1 	33.3 	2.186008E+0	4.092291E-7 	3.638360E+7	1.055320E+4	-1.538063E+0	7.061397E-4 	2.188352E+0	2.186008E+0
20.0    	13      	6.123408E+0	1.649256E-3	5.10E+1    	20.00     	5832.91 	23.1 	33.3 	6.121604E+0	2.624927E-6 	1.299753E+7	3.470351E+3	-1.587963E+0	2.013289E-4 	6.123408E+0	6.121604E+0
20.0    	14      	5.917579E+0	1.173985E-3	5.10E+1    	20.00     	5835.50 	23.1 	33.3 	5.916089E+0	1.560828E-6 	1.344933E+7	2.753785E+3	-1.586657E+0	4.561067E-4 	5.917579E+0	5.916089E+0
20.0    	15      	5.932589E+0	2.065371E-3	5.08E+1    	20.00     	5838.06 	23.1 	33.3 	5.930776E+0	4.412780E-6 	1.341567E+7	4.712041E+3	-1.588277E+0	2.003331E-4 	5.932589E+0	5.930776E+0
20.0    	16      	6.092857E+0	4.244848E-4	5.07E+1    	20.00     	5840.62 	23.1 	33.3 	6.091503E+0	1.783566E-7 	1.306223E+7	9.073772E+2	-1.585703E+0	1.404754E-4 	6.092857E+0	6.091503E+0
20.0    	17      	5.836743E+0	1.129448E-3	5.10E+1    	20.00     	5843.19 	23.1 	33.3 	5.835016E+0	1.175955E-6 	1.363590E+7	2.586503E+3	-1.587997E+0	2.318045E-4 	5.836743E+0	5.835016E+0
20.0    	18      	5.609649E+0	2.587508E-4	5.08E+1    	20.00     	5845.76 	23.1 	33.3 	5.607635E+0	6.536485E-8 	1.418837E+7	6.506407E+2	-1.589747E+0	2.516611E-5 	5.609649E+0	5.607635E+0
20.0    	19      	5.873841E+0	1.227951E-3	5.08E+1    	20.00     	5848.33 	23.1 	33.3 	5.872837E+0	1.444524E-6 	1.354893E+7	2.802380E+3	-1.583870E+0	1.732051E-4 	5.873841E+0	5.872837E+0
20.0    	20      	5.520674E+0	1.205431E-3	5.09E+1    	20.00     	5850.91 	23.1 	33.3 	5.518669E+0	1.397177E-6 	1.441707E+7	3.118226E+3	-1.589857E+0	1.234234E-4 	5.520674E+0	5.518669E+0
20.0    	21      	5.791280E+0	1.596468E-3	5.11E+1    	20.00     	5853.48 	23.1 	33.3 	5.789072E+0	2.542396E-6 	1.374353E+7	3.787259E+3	-1.590327E+0	1.137248E-4 	5.791280E+0	5.789072E+0
20.0    	22      	5.544079E+0	4.429630E-4	5.11E+1    	20.00     	5856.05 	23.1 	33.3 	5.542068E+0	2.193620E-7 	1.435620E+7	1.178983E+3	-1.589840E+0	2.291288E-4 	5.544079E+0	5.542068E+0
20.0    	23      	5.523449E+0	1.177641E-3	5.07E+1    	20.00     	5858.62 	23.1 	33.3 	5.521538E+0	1.293500E-6 	1.440970E+7	3.019934E+3	-1.589400E+0	2.193171E-4 	5.523449E+0	5.521538E+0
20.0    	24      	5.533045E+0	1.020006E-3	5.09E+1    	20.00     	5861.20 	23.1 	33.3 	5.531189E+0	1.014088E-6 	1.438463E+7	2.635021E+3	-1.589110E+0	1.153256E-4 	5.533045E+0	5.531189E+0
20.0    	25      	5.725526E+0	1.053471E-3	5.08E+1    	20.00     	5863.77 	23.1 	33.3 	5.716462E+0	1.000152E-6 	1.390973E+7	2.494661E+3	-1.610593E+0	1.939931E-4 	5.725526E+0	5.716462E+0
20.0    	26      	3.149755E+0	1.210636E-2	5.12E+1    	20.00     	5866.35 	23.1 	33.3 	2.164974E+0	3.273440E-5 	3.047393E+7	9.892221E+4	-9.774340E-1	8.921463E-4 	3.149755E+0	2.164974E+0
20.0    	27      	5.943380E+0	2.781560E-3	5.08E+1    	20.00     	5868.93 	23.1 	33.3 	5.929022E+0	7.961933E-6 	1.340547E+7	6.326400E+3	-1.619967E+0	1.823001E-4 	5.943380E+0	5.929022E+0
20.0    	28      	5.771403E+0	1.259023E-3	5.08E+1    	20.00     	5871.49 	23.1 	33.3 	5.768868E+0	1.603111E-6 	1.379127E+7	3.017173E+3	-1.591753E+0	1.167619E-4 	5.771403E+0	5.768868E+0
20.0    	29      	5.538320E+0	3.574504E-4	5.08E+1    	20.00     	5874.07 	23.1 	33.3 	5.536307E+0	1.285713E-7 	1.437113E+7	9.291573E+2	-1.589860E+0	2.645751E-5 	5.538320E+0	5.536307E+0
20.0    	30      	5.538556E+0	4.645676E-4	5.07E+1    	20.00     	5876.64 	23.1 	33.3 	5.536637E+0	1.687849E-7 	1.437040E+7	1.135782E+3	-1.589410E+0	2.600000E-4 	5.538556E+0	5.536637E+0
20.0    	31      	5.585132E+0	6.870394E-4	5.10E+1    	20.00     	5879.22 	23.1 	33.3 	5.583140E+0	5.120230E-7 	1.425063E+7	1.789786E+3	-1.589683E+0	1.365040E-4 	5.585132E+0	5.583140E+0
20.0    	32      	5.856547E+0	1.201506E-3	5.09E+1    	20.00     	5881.79 	23.1 	33.2 	5.854950E+0	1.325714E-6 	1.358963E+7	2.730079E+3	-1.587313E+0	2.579406E-4 	5.856547E+0	5.854950E+0
20.0    	33      	5.856478E+0	9.745132E-4	5.12E+1    	20.00     	5884.36 	23.1 	33.3 	5.854818E+0	9.823586E-7 	1.358987E+7	2.281082E+3	-1.587633E+0	1.266228E-4 	5.856478E+0	5.854818E+0
20.0    	34      	5.543941E+0	1.079067E-3	5.10E+1    	20.00     	5886.94 	23.1 	33.3 	5.541949E+0	1.120705E-6 	1.435653E+7	2.768273E+3	-1.589750E+0	9.539392E-5 	5.543941E+0	5.541949E+0
20.0    	35      	5.506717E+0	6.103591E-4	5.08E+1    	20.00     	5889.51 	23.1 	33.3 	5.504875E+0	4.348538E-7 	1.445340E+7	1.664332E+3	-1.589087E+0	4.077172E-4 	5.506717E+0	5.504875E+0
20.0    	36      	5.537387E+0	8.443330E-4	5.08E+1    	20.00     	5892.09 	23.1 	33.3 	5.535365E+0	6.252495E-7 	1.437357E+7	2.122106E+3	-1.589903E+0	3.053413E-4 	5.537387E+0	5.535365E+0
20.0    	37      	5.764137E+0	4.332649E-4	5.09E+1    	20.00     	5894.66 	23.1 	33.3 	5.760312E+0	3.227695E-7 	1.381020E+7	1.200000E+3	-1.596557E+0	4.561067E-4 	5.764137E+0	5.760312E+0
20.0    	38      	5.549670E+0	1.192260E-3	5.06E+1    	20.00     	5897.24 	23.1 	33.3 	5.547763E+0	1.500261E-6 	1.434160E+7	3.124100E+3	-1.589333E+0	1.628906E-4 	5.549670E+0	5.547763E+0
20.0    	39      	5.553279E+0	1.707025E-3	5.09E+1    	20.00     	5899.81 	23.1 	33.3 	5.551304E+0	2.898021E-6 	1.433237E+7	4.400379E+3	-1.589653E+0	2.081666E-4 	5.553279E+0	5.551304E+0
20.0    	40      	5.564781E+0	1.664113E-3	5.11E+1    	20.00     	5902.38 	23.1 	33.3 	5.560684E+0	2.573752E-6 	1.430547E+7	4.202777E+3	-1.597933E+0	2.267892E-4 	5.564781E+0	5.560684E+0
20.0    	41      	5.444607E+0	1.873373E-3	5.08E+1    	20.00     	5904.95 	23.1 	33.3 	5.348863E+0	1.107448E-5 	1.474607E+7	6.971609E+3	-1.437800E+0	1.281757E-3 	5.444607E+0	5.348863E+0
20.0    	42      	5.755790E+0	3.329824E-3	5.08E+1    	20.00     	5907.53 	23.1 	33.3 	5.746345E+0	1.169386E-5 	1.383700E+7	8.122192E+3	-1.611317E+0	2.042874E-4 	5.755790E+0	5.746345E+0
20.0    	43      	5.562682E+0	4.013533E-4	5.06E+1    	20.00     	5910.10 	23.1 	33.3 	5.560734E+0	1.653336E-7 	1.430810E+7	1.039230E+3	-1.589510E+0	6.082763E-5 	5.562682E+0	5.560734E+0
20.0    	44      	5.525938E+0	1.223198E-3	5.07E+1    	20.00     	5912.68 	23.1 	33.3 	5.524059E+0	1.402186E-6 	1.440317E+7	3.137409E+3	-1.589233E+0	2.112660E-4 	5.525938E+0	5.524059E+0
20.0    	45      	5.556702E+0	6.569030E-4	5.06E+1    	20.00     	5915.25 	23.1 	33.3 	5.554754E+0	4.380752E-7 	1.432350E+7	1.700000E+3	-1.589520E+0	2.645751E-5 	5.556702E+0	5.554754E+0
20.0    	46      	5.539049E+0	8.653099E-4	5.07E+1    	20.00     	5917.82 	23.1 	33.3 	5.537119E+0	6.938285E-7 	1.436913E+7	2.203028E+3	-1.589463E+0	1.858315E-4 	5.539049E+0	5.537119E+0
20.0    	47      	5.537328E+0	9.954630E-4	5.07E+1    	20.00     	5920.40 	23.1 	33.3 	5.535219E+0	9.693116E-7 	1.437383E+7	2.569695E+3	-1.590313E+0	1.950214E-4 	5.537328E+0	5.535219E+0
20.0    	48      	5.846673E+0	9.938605E-4	5.09E+1    	20.00     	5922.97 	23.1 	33.3 	5.844892E+0	1.037809E-6 	1.361280E+7	2.343075E+3	-1.588250E+0	1.276715E-4 	5.846673E+0	5.844892E+0
20.0    	49      	5.853252E+0	1.015133E-3	5.07E+1    	20.00     	5925.54 	23.1 	33.3 	5.851642E+0	9.813968E-7 	1.359730E+7	2.330236E+3	-1.587380E+0	1.249000E-4 	5.853252E+0	5.851642E+0
20.0    	50      	5.504952E+0	1.165623E-3	5.08E+1    	20.00     	5928.11 	23.1 	33.3 	5.502832E+0	1.426354E-6 	1.445840E+7	3.100000E+3	-1.590423E+0	1.365040E-4 	5.504952E+0	5.502832E+0
20.0    	51      	5.536223E+0	1.270089E-3	5.07E+1    	20.00     	5930.69 	23.1 	33.3 	5.534347E+0	1.574979E-6 	1.437640E+7	3.278719E+3	-1.589203E+0	1.556706E-4 	5.536223E+0	5.534347E+0
20.0    	52      	5.774552E+0	1.988335E-3	5.10E+1    	20.00     	5933.27 	23.1 	33.3 	5.770966E+0	4.053624E-6 	1.378500E+7	4.775982E+3	-1.595720E+0	2.981610E-4 	5.774552E+0	5.770966E+0
20.0    	53      	1.697611E+0	5.354652E-3	5.08E+1    	20.00     	5935.84 	23.1 	33.3 	1.404202E+0	1.438877E-6 	5.154157E+7	1.025634E+5	-1.142053E+0	2.575972E-3 	1.697611E+0	1.404202E+0
20.0    	54      	5.723169E+0	2.320715E-3	5.09E+1    	20.00     	5938.41 	23.1 	33.3 	5.719420E+0	5.812762E-6 	1.390900E+7	5.750652E+3	-1.596393E+0	4.387862E-4 	5.723169E+0	5.719420E+0
20.0    	55      	5.565368E+0	4.553148E-4	5.09E+1    	20.00     	5940.98 	23.1 	33.3 	5.563441E+0	1.994599E-7 	1.430117E+7	1.159023E+3	-1.589403E+0	5.859465E-5 	5.565368E+0	5.563441E+0
20.0    	56      	5.555881E+0	6.193411E-4	5.08E+1    	20.00     	5943.54 	23.1 	33.3 	5.553481E+0	3.593805E-7 	1.432620E+7	1.571623E+3	-1.591580E+0	1.212436E-4 	5.555881E+0	5.553481E+0
20.0    	57      	5.570908E+0	5.498334E-4	5.09E+1    	20.00     	5946.12 	23.1 	33.3 	5.565221E+0	4.160338E-7 	1.429177E+7	1.530795E+3	-1.602750E+0	3.360060E-4 	5.570908E+0	5.565221E+0
20.0    	58      	5.561033E+0	6.455486E-4	5.09E+1    	20.00     	5948.69 	23.1 	33.3 	5.559092E+0	4.602906E-7 	1.431233E+7	1.703917E+3	-1.589480E+0	1.967232E-4 	5.561033E+0	5.559092E+0
20.0    	59      	5.492100E+0	1.057451E-3	5.09E+1    	20.00     	5951.27 	23.1 	33.2 	5.490011E+0	1.133213E-6 	1.449220E+7	2.800000E+3	-1.590303E+0	1.234234E-4 	5.492100E+0	5.490011E+0
20.0    	60      	5.556246E+0	1.266395E-3	5.10E+1    	20.00     	5953.83 	23.1 	33.3 	5.554202E+0	1.593413E-6 	1.432480E+7	3.260368E+3	-1.589980E+0	3.000000E-5 	5.556246E+0	5.554202E+0
20.0    	61      	5.856613E+0	3.553988E-4	5.12E+1    	20.00     	5956.41 	23.1 	33.3 	5.854826E+0	1.019876E-7 	1.358970E+7	7.810250E+2	-1.588260E+0	2.910326E-4 	5.856613E+0	5.854826E+0
20.0    	62      	5.878138E+0	1.806033E-3	5.08E+1    	20.00     	5958.98 	23.1 	33.3 	5.876637E+0	3.174605E-6 	1.353960E+7	4.132796E+3	-1.586780E+0	1.311488E-4 	5.878138E+0	5.876637E+0
20.0    	63      	5.549165E+0	1.656642E-3	5.09E+1    	20.00     	5961.55 	23.1 	33.3 	5.547186E+0	2.663395E-6 	1.434300E+7	4.250882E+3	-1.589680E+0	1.153256E-4 	5.549165E+0	5.547186E+0
20.0    	64      	6.017295E+0	8.891191E-4	5.11E+1    	20.00     	5964.12 	23.1 	33.3 	6.015044E+0	6.858018E-7 	1.322727E+7	1.887679E+3	-1.590137E+0	2.610236E-4 	6.017295E+0	6.015044E+0
20.0    	65      	5.813058E+0	1.325401E-3	5.09E+1    	20.00     	5966.69 	23.1 	33.2 	5.811276E+0	1.704236E-6 	1.369153E+7	3.098925E+3	-1.588303E+0	9.609024E-5 	5.813058E+0	5.811276E+0
20.0    	66      	5.527233E+0	1.331130E-3	5.09E+1    	20.00     	5969.27 	23.1 	33.3 	5.525271E+0	1.634653E-6 	1.439990E+7	3.400000E+3	-1.589633E+0	2.542309E-4 	5.527233E+0	5.525271E+0
20.0    	67      	5.572654E+0	1.788710E-3	5.07E+1    	20.00     	5971.84 	23.1 	33.3 	5.570726E+0	3.395893E-6 	1.428247E+7	4.654389E+3	-1.589393E+0	2.657693E-4 	5.572654E+0	5.570726E+0
20.0    	68      	5.550117E+0	1.327236E-3	5.06E+1    	20.00     	5974.41 	23.1 	33.3 	5.548116E+0	1.748878E-6 	1.434057E+7	3.423935E+3	-1.589783E+0	4.509250E-5 	5.550117E+0	5.548116E+0
20.0    	69      	5.715304E+0	2.075089E-3	5.11E+1    	20.00     	5977.00 	23.1 	33.2 	5.711402E+0	4.299515E-6 	1.392833E+7	5.056020E+3	-1.596927E+0	1.721434E-4 	5.715304E+0	5.711402E+0
20.0    	70      	5.547542E+0	1.019809E-3	5.11E+1    	20.00     	5979.56 	23.1 	33.2 	5.545637E+0	1.061585E-6 	1.434710E+7	2.651415E+3	-1.589327E+0	8.621678E-5 	5.547542E+0	5.545637E+0
20.0    	71      	5.474102E+0	3.371101E-4	5.08E+1    	20.00     	5982.12 	23.1 	33.2 	5.471529E+0	1.159443E-7 	1.454050E+7	9.000000E+2	-1.592477E+0	5.686241E-5 	5.474102E+0	5.471529E+0
20.0    	72      	5.517324E+0	8.359834E-4	5.08E+1    	20.00     	5984.69 	23.1 	33.3 	5.515082E+0	7.647144E-7 	1.442613E+7	2.236813E+3	-1.550637E+0	1.761628E-4 	5.517324E+0	5.515082E+0
20.0    	73      	5.498831E+0	1.992909E-3	5.06E+1    	20.00     	5987.27 	23.1 	33.2 	5.451797E+0	2.951817E-6 	1.453400E+7	4.911212E+3	-1.478180E+0	3.604164E-4 	5.498831E+0	5.451797E+0
20.0    	74      	5.500413E+0	2.676994E-3	5.08E+1    	20.00     	5989.84 	23.1 	33.3 	5.497028E+0	6.883122E-6 	1.447200E+7	6.976389E+3	-1.595607E+0	2.013289E-4 	5.500413E+0	5.497028E+0
20.0    	75      	5.556957E+0	2.910162E-3	5.11E+1    	20.00     	5992.41 	23.1 	33.3 	5.555226E+0	8.943613E-6 	1.432257E+7	7.605480E+3	-1.588437E+0	7.145162E-4 	5.556957E+0	5.555226E+0
20.0    	76      	5.841463E+0	1.327304E-3	5.06E+1    	20.00     	5994.98 	23.1 	33.3 	5.839949E+0	1.709168E-6 	1.362463E+7	3.073001E+3	-1.586897E+0	1.422439E-4 	5.841463E+0	5.839949E+0
20.0    	77      	5.855680E-1	1.872043E-3	5.08E+1    	20.00     	5997.55 	23.1 	33.3 	5.510962E-1	8.353632E-7 	1.400843E+8	3.404487E+5	-1.815853E+0	3.088079E-3 	5.855680E-1	5.510962E-1
20.0    	78      	5.894615E-1	1.590832E-3	5.08E+1    	20.00     	6000.12 	23.1 	33.3 	5.547030E-1	2.127413E-6 	1.391663E+8	3.687714E+5	-1.816077E+0	1.124515E-3 	5.894615E-1	5.547030E-1
20.0    	79      	6.115401E+0	1.614268E-3	5.10E+1    	20.00     	6002.70 	23.1 	33.3 	6.113335E+0	2.581261E-6 	1.301483E+7	3.426855E+3	-1.589177E+0	2.928026E-4 	6.115401E+0	6.113335E+0
20.0    	80      	1.767317E+0	1.526154E-3	5.07E+1    	20.00     	6005.26 	23.1 	33.3 	1.751863E+0	2.038576E-6 	4.522547E+7	3.792695E+4	-1.477147E+0	3.865661E-4 	1.767317E+0	1.751863E+0
20.0    	81      	5.785749E+0	7.166592E-4	5.06E+1    	20.00     	6007.84 	23.1 	33.3 	5.783995E+0	5.208011E-7 	1.375613E+7	1.709776E+3	-1.588207E+0	1.703917E-4 	5.785749E+0	5.783995E+0
20.0    	82      	5.569642E+0	2.325253E-4	5.10E+1    	20.00     	6010.41 	23.1 	33.3 	5.567395E+0	6.587982E-8 	1.429060E+7	6.244998E+2	-1.590880E+0	2.455606E-4 	5.569642E+0	5.567395E+0
20.0    	83      	5.571872E+0	1.016017E-3	5.08E+1    	20.00     	6012.98 	23.1 	33.2 	5.569870E+0	1.013365E-6 	1.428457E+7	2.592939E+3	-1.589753E+0	6.658328E-5 	5.571872E+0	5.569870E+0
20.0    	84      	5.546577E+0	2.420621E-3	5.06E+1    	20.00     	6015.56 	23.1 	33.3 	5.544516E+0	5.948830E-6 	1.434980E+7	6.286493E+3	-1.590070E+0	2.107131E-4 	5.546577E+0	5.544516E+0
20.0    	85      	5.577903E+0	7.153043E-4	5.09E+1    	20.00     	6018.12 	23.1 	33.3 	5.576019E+0	4.794981E-7 	1.426897E+7	1.800926E+3	-1.589177E+0	1.106044E-4 	5.577903E+0	5.576019E+0
20.0    	86      	5.593692E+0	2.009853E-3	5.08E+1    	20.00     	6020.70 	23.1 	33.3 	5.591745E+0	3.893899E-6 	1.422877E+7	5.065899E+3	-1.589453E+0	1.975686E-4 	5.593692E+0	5.591745E+0
20.0    	87      	5.781890E+0	1.214136E-3	5.07E+1    	20.00     	6023.27 	23.1 	33.3 	5.780095E+0	1.434238E-6 	1.376537E+7	2.871121E+3	-1.588417E+0	8.020806E-5 	5.781890E+0	5.780095E+0
20.0    	88      	5.816352E+0	1.818375E-3	5.05E+1    	20.00     	6025.85 	23.1 	33.2 	5.814268E+0	3.299753E-6 	1.368413E+7	4.277071E+3	-1.589727E+0	5.507571E-5 	5.816352E+0	5.814268E+0
20.0    	89      	5.789739E+0	1.113704E-3	5.09E+1    	20.00     	6028.43 	23.1 	33.3 	5.786711E+0	1.162375E-6 	1.374817E+7	2.602563E+3	-1.593667E+0	1.975686E-4 	5.789739E+0	5.786711E+0
20.0    	90      	5.764444E+0	8.352017E-4	5.10E+1    	20.00     	6030.99 	23.1 	33.3 	5.762649E+0	7.009189E-7 	1.380703E+7	2.003331E+3	-1.588443E+0	2.081666E-5 	5.764444E+0	5.762649E+0
20.0    	91      	5.609493E+0	1.442161E-3	5.09E+1    	20.00     	6033.57 	23.1 	33.3 	5.607660E+0	1.995779E-6 	1.418853E+7	3.611556E+3	-1.588870E+0	1.752142E-4 	5.609493E+0	5.607660E+0
20.0    	92      	5.596942E+0	1.078358E-3	5.05E+1    	20.00     	6036.15 	23.1 	33.3 	5.595022E+0	1.167871E-6 	1.422047E+7	2.742870E+3	-1.589317E+0	8.621678E-5 	5.596942E+0	5.595022E+0
20.0    	93      	5.860900E+0	1.618534E-3	5.08E+1    	20.00     	6038.72 	23.1 	33.2 	5.859251E+0	2.567750E-6 	1.357960E+7	3.732292E+3	-1.587570E+0	1.014889E-4 	5.860900E+0	5.859251E+0
20.0    	94      	5.922418E+0	1.470572E-3	5.07E+1    	20.00     	6041.29 	23.1 	33.3 	5.920878E+0	2.172079E-6 	1.343840E+7	3.340659E+3	-1.586927E+0	8.962886E-5 	5.922418E+0	5.920878E+0
20.0    	95      	5.587539E+0	1.503812E-3	5.10E+1    	20.00     	6043.87 	23.1 	33.3 	5.585516E+0	2.435737E-6 	1.424453E+7	3.906832E+3	-1.589827E+0	2.702468E-4 	5.587539E+0	5.585516E+0
20.0    	96      	6.080537E+0	1.778220E-3	5.09E+1    	20.00     	6046.44 	23.1 	33.2 	6.078473E+0	2.943862E-6 	1.308947E+7	3.760762E+3	-1.589217E+0	2.900575E-4 	6.080537E+0	6.078473E+0
20.0    	97      	5.784606E+0	2.129410E-3	5.08E+1    	20.00     	6049.02 	23.1 	33.2 	5.782645E+0	4.545099E-6 	1.375910E+7	5.068530E+3	-1.589207E+0	1.527525E-5 	5.784606E+0	5.782645E+0
20.0    	98      	5.574982E+0	9.216632E-4	5.10E+1    	20.00     	6051.59 	23.1 	33.3 	5.574955E+0	8.417188E-7 	1.427407E+7	2.354428E+3	-1.568613E+0	4.338587E-4 	5.574982E+0	5.574955E+0
20.0    	99      	5.580204E+0	1.385288E-3	5.08E+1    	20.00     	6054.16 	23.1 	33.3 	5.578046E+0	1.988338E-6 	1.426343E+7	3.572581E+3	-1.590460E+0	1.997498E-4 	5.580204E+0	5.578046E+0
20.0    	100     	5.554381E+0	1.181945E-4	5.08E+1    	20.00     	6056.74 	23.1 	33.2 	5.552423E+0	7.593929E-9 	1.432950E+7	2.645751E+2	-1.589570E+0	1.571623E-4 	5.554381E+0	5.552423E+0
20.0    	101     	5.545124E+0	1.057702E-3	5.08E+1    	20.00     	6059.32 	23.1 	33.3 	5.543238E+0	1.131782E-6 	1.435333E+7	2.746513E+3	-1.589240E+0	6.082763E-5 	5.545124E+0	5.543238E+0
20.0    	102     	5.767147E+0	1.185567E-3	5.05E+1    	20.00     	6061.90 	23.1 	33.3 	5.765347E+0	1.478330E-6 	1.380057E+7	2.872862E+3	-1.588463E+0	2.764658E-4 	5.767147E+0	5.765347E+0
20.0    	103     	5.816713E+0	6.538417E-4	5.06E+1    	20.00     	6064.46 	23.1 	33.3 	5.814983E+0	4.199055E-7 	1.368287E+7	1.530795E+3	-1.588043E+0	1.715615E-4 	5.816713E+0	5.814983E+0
20.0    	104     	5.792987E+0	1.424496E-3	5.11E+1    	20.00     	6067.03 	23.1 	33.3 	5.791298E+0	1.882998E-6 	1.373887E+7	3.317127E+3	-1.587873E+0	2.653928E-4 	5.792987E+0	5.791298E+0
20.0    	105     	5.797265E+0	1.026000E-3	5.06E+1    	20.00     	6069.61 	23.1 	33.2 	5.795571E+0	1.059450E-6 	1.372873E+7	2.433790E+3	-1.587890E+0	7.549834E-5 	5.797265E+0	5.795571E+0
20.0    	106     	5.836612E+0	8.123630E-4	5.08E+1    	20.00     	6072.18 	23.1 	33.3 	5.834891E+0	6.733904E-7 	1.363620E+7	1.907878E+3	-1.587967E+0	1.021437E-4 	5.836612E+0	5.834891E+0
20.0    	107     	5.784593E+0	1.423905E-3	5.08E+1    	20.00     	6074.75 	23.1 	33.2 	5.782909E+0	2.068299E-6 	1.375880E+7	3.404409E+3	-1.587860E+0	1.252996E-4 	5.784593E+0	5.782909E+0
20.0    	108     	5.573799E+0	8.765730E-4	5.07E+1    	20.00     	6077.32 	23.1 	33.3 	5.571870E+0	8.174459E-7 	1.427953E+7	2.281082E+3	-1.589400E+0	2.116601E-4 	5.573799E+0	5.571870E+0
20.0    	109     	5.602884E+0	2.096372E-3	5.11E+1    	20.00     	6079.90 	23.1 	33.3 	5.600872E+0	4.283241E-6 	1.420550E+7	5.282992E+3	-1.589743E+0	2.311565E-4 	5.602884E+0	5.600872E+0
20.0    	110     	5.588004E+0	2.208327E-3	5.10E+1    	20.00     	6082.47 	23.1 	33.3 	5.586071E+0	4.773882E-6 	1.424323E+7	5.601190E+3	-1.589397E+0	1.137248E-4 	5.588004E+0	5.586071E+0
20.0    	111     	5.562169E+0	1.257378E-4	5.06E+1    	20.00     	6085.04 	23.1 	33.3 	5.560132E+0	1.272242E-8 	1.430953E+7	3.055050E+2	-1.589933E+0	1.222020E-4 	5.562169E+0	5.560132E+0
20.0    	112     	5.856602E+0	9.366253E-4	5.08E+1    	20.00     	6087.62 	23.1 	33.3 	5.855211E+0	8.473445E-7 	1.358927E+7	2.154840E+3	-1.586210E+0	1.539480E-4 	5.856602E+0	5.855211E+0
20.0    	113     	5.764379E+0	2.314441E-3	5.08E+1    	20.00     	6090.18 	23.1 	33.3 	5.762520E+0	5.215222E-6 	1.380727E+7	5.507571E+3	-1.588753E+0	1.450287E-4 	5.764379E+0	5.762520E+0
20.0    	114     	5.588829E+0	5.767819E-4	5.08E+1    	20.00     	6092.76 	23.1 	33.3 	5.586580E+0	2.762266E-7 	1.424153E+7	1.404754E+3	-1.590857E+0	2.311565E-4 	5.588829E+0	5.586580E+0
20.0    	115     	5.579345E+0	7.500974E-4	5.06E+1    	20.00     	6095.34 	23.1 	33.2 	5.577340E+0	6.135106E-7 	1.426543E+7	1.960442E+3	-1.589750E+0	1.946792E-4 	5.579345E+0	5.577340E+0
20.0    	116     	5.545326E+0	9.295047E-4	5.07E+1    	20.00     	6097.92 	23.1 	33.2 	5.543242E+0	7.651141E-7 	1.435307E+7	2.335237E+3	-1.590183E+0	2.811287E-4 	5.545326E+0	5.543242E+0
20.0    	117     	5.568596E+0	4.703722E-4	5.10E+1    	20.00     	6100.49 	23.1 	33.2 	5.566623E+0	2.332984E-7 	1.429293E+7	1.222020E+3	-1.589617E+0	2.458319E-4 	5.568596E+0	5.566623E+0
20.0    	118     	5.833496E+0	1.116820E-3	5.07E+1    	20.00     	6103.10 	23.1 	33.2 	5.831733E+0	1.243235E-6 	1.364353E+7	2.610236E+3	-1.588180E+0	2.645751E-5 	5.833496E+0	5.831733E+0
20.0    	119     	5.838975E+0	6.736617E-4	5.06E+1    	20.00     	6105.63 	23.1 	33.3 	5.837209E+0	4.284703E-7 	1.363073E+7	1.550269E+3	-1.588190E+0	1.609348E-4 	5.838975E+0	5.837209E+0
20.0    	120     	5.834739E+0	9.513193E-4	5.08E+1    	20.00     	6108.21 	23.1 	33.3 	5.832942E+0	1.006996E-6 	1.364067E+7	2.285461E+3	-1.588343E+0	2.757414E-4 	5.834739E+0	5.832942E+0
20.0    	121     	5.843071E+0	1.266445E-3	5.07E+1    	20.00     	6110.82 	23.1 	33.3 	5.841343E+0	1.568232E-6 	1.362113E+7	2.936551E+3	-1.587993E+0	7.637626E-5 	5.843071E+0	5.841343E+0
20.0    	122     	5.861230E+0	1.639101E-3	5.09E+1    	20.00     	6113.43 	23.1 	33.3 	5.859524E+0	2.622453E-6 	1.357890E+7	3.774917E+3	-1.587857E+0	2.468468E-4 	5.861230E+0	5.859524E+0
20.0    	123     	5.815077E+0	1.345706E-3	5.09E+1    	20.00     	6116.01 	23.1 	33.3 	5.813362E+0	1.941163E-6 	1.368670E+7	3.223352E+3	-1.587970E+0	2.424871E-4 	5.815077E+0	5.813362E+0
20.0    	124     	5.642964E+0	1.473079E-3	5.10E+1    	20.00     	6118.58 	23.1 	33.3 	5.640220E+0	2.129718E-6 	1.410550E+7	3.666061E+3	-1.592850E+0	1.249000E-4 	5.642964E+0	5.640220E+0
20.0    	125     	5.598169E+0	9.341516E-4	5.09E+1    	20.00     	6121.16 	23.1 	33.3 	5.596183E+0	9.161967E-7 	1.421743E+7	2.400694E+3	-1.589630E+0	3.031501E-4 	5.598169E+0	5.596183E+0
20.0    	126     	5.552595E+0	3.806469E-4	5.08E+1    	20.00     	6123.73 	23.1 	33.3 	5.550592E+0	1.323179E-7 	1.433417E+7	9.609024E+2	-1.589790E+0	9.848858E-5 	5.552595E+0	5.550592E+0
20.0    	127     	5.584062E+0	7.147722E-4	5.06E+1    	20.00     	6126.29 	23.1 	33.2 	5.582094E+0	5.218603E-7 	1.425333E+7	1.833939E+3	-1.589570E+0	1.915724E-4 	5.584062E+0	5.582094E+0
20.0    	128     	5.833142E+0	1.447563E-3	5.09E+1    	20.00     	6128.87 	23.1 	33.3 	5.831375E+0	2.095680E-6 	1.364437E+7	3.385754E+3	-1.588203E+0	2.272297E-4 	5.833142E+0	5.831375E+0
20.0    	129     	5.753285E+0	4.654090E-4	5.08E+1    	20.00     	6131.43 	23.1 	33.3 	5.751559E+0	2.033439E-7 	1.383373E+7	1.101514E+3	-1.588120E+0	1.389244E-4 	5.753285E+0	5.751559E+0
20.0    	130     	5.585977E+0	1.141140E-3	5.10E+1    	20.00     	6134.01 	23.1 	33.3 	5.584020E+0	1.347722E-6 	1.424843E+7	2.936551E+3	-1.589517E+0	1.357694E-4 	5.585977E+0	5.584020E+0
20.0    	131     	5.576185E+0	4.704872E-4	5.07E+1    	20.00     	6136.57 	23.1 	33.3 	5.574299E+0	1.661219E-7 	1.427337E+7	1.123981E+3	-1.589187E+0	3.082748E-4 	5.576185E+0	5.574299E+0
20.0    	132     	5.537516E+0	3.667990E-4	5.11E+1    	20.00     	6139.15 	23.1 	33.2 	5.535519E+0	1.420672E-7 	1.437320E+7	9.643651E+2	-1.589783E+0	1.715615E-4 	5.537516E+0	5.535519E+0
20.0    	133     	5.578386E+0	1.346510E-3	5.07E+1    	20.00     	6141.72 	23.1 	33.3 	5.576501E+0	1.810633E-6 	1.426773E+7	3.442867E+3	-1.589180E+0	7.549834E-5 	5.578386E+0	5.576501E+0
20.0    	134     	5.835711E+0	4.034427E-4	5.06E+1    	20.00     	6144.29 	23.1 	33.3 	5.833966E+0	1.949363E-7 	1.363833E+7	9.865766E+2	-1.588087E+0	2.589080E-4 	5.835711E+0	5.833966E+0
20.0    	135     	5.905512E+0	4.847214E-4	5.08E+1    	20.00     	6146.86 	23.1 	33.3 	5.903775E+0	2.531496E-7 	1.347710E+7	1.126943E+3	-1.587947E+0	1.709776E-4 	5.905512E+0	5.903775E+0
20.0    	136     	5.867930E+0	6.495913E-4	5.08E+1    	20.00     	6149.44 	23.1 	33.3 	5.866161E+0	4.786660E-7 	1.356347E+7	1.550269E+3	-1.588157E+0	2.371357E-4 	5.867930E+0	5.866161E+0
20.0    	137     	5.904679E+0	6.851147E-4	5.07E+1    	20.00     	6152.01 	23.1 	33.3 	5.903031E+0	5.133950E-7 	1.347890E+7	1.600000E+3	-1.587503E+0	1.625833E-4 	5.904679E+0	5.903031E+0
20.0    	138     	5.864850E+0	9.672706E-4	5.07E+1    	20.00     	6154.58 	23.1 	33.2 	5.863130E+0	9.710530E-7 	1.357053E+7	2.259056E+3	-1.587920E+0	2.200000E-4 	5.864850E+0	5.863130E+0
20.0    	139     	5.846041E+0	1.575607E-3	5.06E+1    	20.00     	6157.14 	23.1 	33.3 	5.843522E+0	2.538957E-6 	1.361513E+7	3.690980E+3	-1.591557E+0	1.858315E-4 	5.846041E+0	5.843522E+0
20.0    	140     	5.616159E+0	1.579268E-3	5.06E+1    	20.00     	6159.72 	23.1 	33.2 	5.600926E+0	3.152575E-6 	1.418863E+7	4.244212E+3	-1.518693E+0	3.510461E-4 	5.616159E+0	5.600926E+0
20.0    	141     	5.596559E+0	7.403302E-4	5.08E+1    	20.00     	6162.29 	23.1 	33.3 	5.593726E+0	4.336297E-7 	1.422260E+7	1.777639E+3	-1.593293E+0	3.419552E-4 	5.596559E+0	5.593726E+0
20.0    	142     	5.563650E+0	1.081747E-3	5.06E+1    	20.00     	6164.86 	23.1 	33.3 	5.561788E+0	1.138518E-6 	1.430550E+7	2.762245E+3	-1.589093E+0	2.830783E-4 	5.563650E+0	5.561788E+0
20.0    	143     	5.583954E+0	2.068750E-3	5.06E+1    	20.00     	6167.43 	23.1 	33.2 	5.581994E+0	4.235276E-6 	1.425360E+7	5.267827E+3	-1.589533E+0	2.205297E-4 	5.583954E+0	5.581994E+0
20.0    	144     	5.830337E+0	4.959890E-4	5.04E+1    	20.00     	6170.01 	23.1 	33.3 	5.828711E+0	2.813792E-7 	1.365077E+7	1.201388E+3	-1.587500E+0	2.260531E-4 	5.830337E+0	5.828711E+0
20.0    	145     	5.960909E+0	1.550017E-3	5.09E+1    	20.00     	6172.58 	23.1 	33.3 	5.959054E+0	2.226008E-6 	1.335197E+7	3.407834E+3	-1.588433E+0	2.967041E-4 	5.960909E+0	5.959054E+0
20.0    	146     	5.564845E+0	1.490601E-3	5.06E+1    	20.00     	6175.15 	23.1 	33.3 	5.562797E+0	2.410824E-6 	1.430267E+7	3.911948E+3	-1.589980E+0	3.278719E-4 	5.564845E+0	5.562797E+0
20.0    	147     	5.584914E+0	6.108583E-4	5.05E+1    	20.00     	6177.73 	23.1 	33.3 	5.582992E+0	3.546533E-7 	1.425110E+7	1.539480E+3	-1.589350E+0	7.810250E-5 	5.584914E+0	5.582992E+0
20.0    	148     	5.824468E+0	1.109550E-3	5.07E+1    	20.00     	6180.30 	23.1 	33.3 	5.822862E+0	1.170249E-6 	1.366450E+7	2.570992E+3	-1.587400E+0	1.637071E-4 	5.824468E+0	5.822862E+0
20.0    	149     	5.579549E+0	6.610506E-4	5.08E+1    	20.00     	6182.88 	23.1 	33.2 	5.577553E+0	4.106362E-7 	1.426490E+7	1.664332E+3	-1.589713E+0	1.069268E-4 	5.579549E+0	5.577553E+0
20.0    	150     	5.795337E+0	7.508873E-4	5.07E+1    	20.00     	6185.45 	23.1 	33.3 	5.793531E+0	5.842274E-7 	1.373343E+7	1.795364E+3	-1.588453E+0	1.193035E-4 	5.795337E+0	5.793531E+0
20.0    	151     	5.866148E+0	1.097824E-3	5.07E+1    	20.00     	6188.03 	23.1 	33.2 	5.864426E+0	1.210328E-6 	1.356753E+7	2.542309E+3	-1.587930E+0	1.732051E-5 	5.866148E+0	5.864426E+0
20.0    	152     	5.928182E+0	9.932433E-4	5.08E+1    	20.00     	6190.60 	23.1 	33.3 	5.926493E+0	1.060623E-6 	1.342550E+7	2.291288E+3	-1.587677E+0	1.903506E-4 	5.928182E+0	5.926493E+0
20.0    	153     	5.926138E+0	1.553047E-4	5.10E+1    	20.00     	6193.17 	23.1 	33.3 	5.924418E+0	3.213462E-8 	1.343017E+7	3.785939E+2	-1.587830E+0	1.500000E-4 	5.926138E+0	5.924418E+0
20.0    	154     	5.843758E+0	1.189641E-3	5.06E+1    	20.00     	6195.75 	23.1 	33.3 	5.841999E+0	1.562541E-6 	1.361957E+7	2.843120E+3	-1.588147E+0	3.056687E-4 	5.843758E+0	5.841999E+0
20.0    	155     	5.812403E+0	1.176593E-3	5.03E+1    	20.00     	6198.32 	23.1 	33.3 	5.810601E+0	1.340130E-6 	1.369310E+7	2.749545E+3	-1.588403E+0	1.778576E-4 	5.812403E+0	5.810601E+0
20.0    	156     	5.597669E+0	1.883937E-3	5.07E+1    	20.00     	6200.90 	23.1 	33.3 	5.594873E+0	3.502939E-6 	1.421973E+7	4.772141E+3	-1.593147E+0	5.507571E-5 	5.597669E+0	5.594873E+0
20.0    	157     	5.560370E+0	1.977524E-2	5.07E+1    	20.00     	6203.48 	23.1 	33.3 	5.558606E+0	3.859986E-4 	1.431393E+7	5.085138E+4	-1.588603E+0	6.264450E-4 	5.560370E+0	5.558606E+0
20.0    	158     	5.595702E+0	9.231710E-4	5.09E+1    	20.00     	6206.06 	23.1 	33.3 	5.593823E+0	8.088512E-7 	1.422357E+7	2.315887E+3	-1.589123E+0	2.441994E-4 	5.595702E+0	5.593823E+0
20.0    	159     	5.558634E+0	5.682967E-4	5.08E+1    	20.00     	6208.64 	23.1 	33.3 	5.556651E+0	3.320972E-7 	1.431857E+7	1.474223E+3	-1.589687E+0	8.326664E-5 	5.558634E+0	5.556651E+0
20.0    	160     	5.820992E+0	1.379244E-3	5.07E+1    	20.00     	6211.21 	23.1 	33.3 	5.819154E+0	1.841630E-6 	1.367293E+7	3.214550E+3	-1.588567E+0	1.069268E-4 	5.820992E+0	5.819154E+0
20.0    	161     	2.170559E+0	8.015503E-4	5.04E+1    	20.00     	6213.78 	23.1 	33.3 	2.170477E+0	6.496958E-7 	3.666290E+7	1.357461E+4	-1.564673E+0	3.842308E-4 	2.170559E+0	2.170477E+0
20.0    	162     	5.974860E+0	1.881101E-3	5.07E+1    	20.00     	6216.35 	23.1 	33.3 	5.968959E+0	4.211438E-6 	1.332530E+7	4.386342E+3	-1.602223E+0	5.248174E-4 	5.974860E+0	5.968959E+0
20.0    	163     	5.856324E+0	2.945896E-4	5.06E+1    	20.00     	6218.93 	23.1 	33.3 	5.854569E+0	1.003856E-7 	1.359033E+7	7.094599E+2	-1.588110E+0	1.216553E-4 	5.856324E+0	5.854569E+0
20.0    	164     	5.885903E-1	1.777649E-4	5.05E+1    	20.00     	6221.50 	23.1 	33.3 	5.503343E-1	1.786786E-7 	1.398203E+8	3.350124E+4	-1.828580E+0	2.015217E-3 	5.885903E-1	5.503343E-1
20.0    	165     	5.923034E+0	1.885639E-3	5.06E+1    	20.00     	6224.07 	23.1 	33.3 	5.921496E+0	3.561012E-6 	1.343700E+7	4.279019E+3	-1.586913E+0	1.855622E-4 	5.923034E+0	5.921496E+0
20.0    	166     	5.622117E+0	2.845272E-4	5.05E+1    	20.00     	6226.66 	23.1 	33.2 	5.620206E+0	9.067194E-8 	1.415677E+7	7.371115E+2	-1.589230E+0	1.212436E-4 	5.622117E+0	5.620206E+0
20.0    	167     	5.813068E+0	7.279956E-4	5.07E+1    	20.00     	6229.23 	23.1 	33.3 	5.811294E+0	5.661462E-7 	1.369150E+7	1.743560E+3	-1.588267E+0	1.234234E-4 	5.813068E+0	5.811294E+0
20.0    	168     	5.819651E+0	2.886912E-4	5.09E+1    	20.00     	6231.79 	23.1 	33.2 	5.817857E+0	7.892825E-8 	1.367603E+7	6.658328E+2	-1.588357E+0	2.891943E-4 	5.819651E+0	5.817857E+0
20.0    	169     	5.830391E+0	6.772585E-4	5.04E+1    	20.00     	6234.36 	23.1 	33.3 	5.828600E+0	4.800024E-7 	1.365083E+7	1.604161E+3	-1.588327E+0	8.144528E-5 	5.830391E+0	5.828600E+0
20.0    	170     	5.808570E+0	1.274080E-3	5.09E+1    	20.00     	6236.93 	23.1 	33.3 	5.806828E+0	1.619695E-6 	1.370207E+7	3.003886E+3	-1.588113E+0	2.081666E-5 	5.808570E+0	5.806828E+0
20.0    	171     	5.634494E+0	5.882439E-4	5.06E+1    	20.00     	6239.50 	23.1 	33.3 	5.632634E+0	3.703997E-7 	1.412560E+7	1.500000E+3	-1.588963E+0	1.803700E-4 	5.634494E+0	5.632634E+0
20.0    	172     	5.594068E+0	2.951100E-4	5.07E+1    	20.00     	6242.07 	23.1 	33.3 	5.592127E+0	1.097917E-7 	1.422780E+7	7.937254E+2	-1.589420E+0	3.143247E-4 	5.594068E+0	5.592127E+0
20.0    	173     	5.521516E+0	7.269160E-4	5.07E+1    	20.00     	6244.65 	23.1 	33.2 	5.519410E+0	5.855547E-7 	1.441500E+7	1.946792E+3	-1.590323E+0	3.017173E-4 	5.521516E+0	5.519410E+0
20.0    	174     	5.585496E+0	2.213989E-4	5.03E+1    	20.00     	6247.22 	23.1 	33.3 	5.583586E+0	6.521104E-8 	1.424960E+7	6.082763E+2	-1.589290E+0	1.646208E-4 	5.585496E+0	5.583586E+0
20.0    	175     	5.585753E+0	1.922472E-3	5.06E+1    	20.00     	6249.79 	23.1 	33.3 	5.583826E+0	3.817663E-6 	1.424897E+7	4.944020E+3	-1.589370E+0	1.969772E-4 	5.585753E+0	5.583826E+0
20.0    	176     	5.790288E+0	7.335717E-4	5.07E+1    	20.00     	6252.36 	23.1 	33.3 	5.788603E+0	5.452217E-7 	1.374527E+7	1.747379E+3	-1.587853E+0	7.023769E-5 	5.790288E+0	5.788603E+0
20.0    	177     	6.179847E+0	2.742886E-5	5.08E+1    	20.00     	6254.93 	23.1 	33.3 	6.174730E+0	9.169158E-9 	1.288227E+7	1.154701E+2	-1.599573E+0	2.450170E-4 	6.179847E+0	6.174730E+0
20.0    	178     	2.677955E+0	6.946212E-2	5.06E+1    	20.00     	6257.51 	23.1 	33.3 	1.738706E+0	9.793086E-4 	3.689067E+7	8.050282E+5	-9.370740E-1	5.358296E-3 	2.677955E+0	1.738706E+0
20.0    	179     	5.785681E+0	1.763192E-4	5.06E+1    	20.00     	6260.08 	23.1 	33.3 	5.780141E+0	3.643893E-8 	1.376080E+7	4.358899E+2	-1.601743E+0	8.144528E-5 	5.785681E+0	5.780141E+0
20.0    	180     	5.874617E+0	1.184972E-3	5.08E+1    	20.00     	6262.65 	23.1 	33.3 	5.873072E+0	1.489756E-6 	1.354777E+7	2.773686E+3	-1.587013E+0	2.484619E-4 	5.874617E+0	5.873072E+0
20.0    	181     	5.521090E+0	1.137613E-3	5.08E+1    	20.00     	6265.22 	23.1 	33.3 	5.519172E+0	1.291174E-6 	1.441587E+7	2.968726E+3	-1.589437E+0	1.379613E-4 	5.521090E+0	5.519172E+0
20.0    	182     	5.614199E+0	5.744177E-4	5.06E+1    	20.00     	6267.79 	23.1 	33.3 	5.612291E+0	3.053293E-7 	1.417673E+7	1.422439E+3	-1.589230E+0	1.928730E-4 	5.614199E+0	5.612291E+0
20.0    	183     	5.596829E+0	5.619469E-4	5.07E+1    	20.00     	6270.36 	23.1 	33.3 	5.595003E+0	3.422990E-7 	1.422063E+7	1.457166E+3	-1.588860E+0	1.539480E-4 	5.596829E+0	5.595003E+0
20.0    	184     	5.629265E+0	8.969313E-4	5.08E+1    	20.00     	6272.93 	23.1 	33.3 	5.627371E+0	8.130592E-7 	1.413877E+7	2.259056E+3	-1.589140E+0	5.567764E-5 	5.629265E+0	5.627371E+0
20.0    	185     	5.625086E+0	6.500070E-4	5.06E+1    	20.00     	6275.51 	23.1 	33.3 	5.623303E+0	4.318995E-7 	1.414913E+7	1.644182E+3	-1.588600E+0	1.113553E-4 	5.625086E+0	5.623303E+0
20.0    	186     	5.584314E+0	5.248160E-4	5.04E+1    	20.00     	6278.08 	23.1 	33.3 	5.582469E+0	2.973098E-7 	1.425253E+7	1.365040E+3	-1.588970E+0	2.088061E-4 	5.584314E+0	5.582469E+0
20.0    	187     	5.594960E+0	7.711605E-4	5.06E+1    	20.00     	6280.66 	23.1 	33.3 	5.593123E+0	5.779525E-7 	1.422540E+7	1.946792E+3	-1.588917E+0	1.234234E-4 	5.594960E+0	5.593123E+0
20.0    	188     	5.533032E+0	5.503870E-4	5.08E+1    	20.00     	6283.22 	23.1 	33.3 	5.531073E+0	3.214841E-7 	1.438480E+7	1.452584E+3	-1.589613E+0	1.115049E-4 	5.533032E+0	5.531073E+0
20.0    	189     	5.568996E+0	1.617264E-3	5.05E+1    	20.00     	6285.80 	23.1 	33.3 	5.567133E+0	2.605756E-6 	1.429177E+7	4.147690E+3	-1.589087E+0	4.618802E-5 	5.568996E+0	5.567133E+0
20.0    	190     	5.552499E+0	6.879576E-4	5.05E+1    	20.00     	6288.36 	23.1 	33.3 	5.550638E+0	4.591849E-7 	1.433423E+7	1.761628E+3	-1.589103E+0	2.565801E-4 	5.552499E+0	5.550638E+0
20.0    	191     	5.588582E+0	1.374571E-3	5.08E+1    	20.00     	6290.94 	23.1 	33.3 	5.586617E+0	1.966113E-6 	1.424180E+7	3.538361E+3	-1.589547E+0	1.823001E-4 	5.588582E+0	5.586617E+0
20.0    	192     	5.767111E+0	2.326126E-3	5.07E+1    	20.00     	6293.51 	23.1 	33.3 	5.765272E+0	5.410763E-6 	1.380070E+7	5.567764E+3	-1.588653E+0	1.379613E-4 	5.767111E+0	5.765272E+0
20.0    	193     	5.880674E+0	7.103863E-4	5.05E+1    	20.00     	6296.08 	23.1 	33.3 	5.879110E+0	5.776627E-7 	1.353383E+7	1.692139E+3	-1.587103E+0	2.858904E-4 	5.880674E+0	5.879110E+0
20.0    	194     	5.739567E+0	4.717338E-4	5.06E+1    	20.00     	6298.65 	23.1 	33.3 	5.734066E+0	2.634060E-7 	1.387137E+7	1.184624E+3	-1.601760E+0	3.041381E-4 	5.739567E+0	5.734066E+0
20.0    	195     	5.783002E+0	1.037179E-3	5.07E+1    	20.00     	6301.22 	23.1 	33.2 	5.781167E+0	1.121167E-6 	1.376277E+7	2.494661E+3	-1.588610E+0	1.400000E-4 	5.783002E+0	5.781167E+0
20.0    	196     	5.571824E+0	1.194623E-4	5.08E+1    	20.00     	6303.80 	23.1 	33.3 	5.569943E+0	1.480978E-8 	1.428453E+7	3.055050E+2	-1.589173E+0	1.817507E-4 	5.571824E+0	5.569943E+0
20.0    	197     	5.578119E+0	1.112060E-3	5.08E+1    	20.00     	6306.36 	23.1 	33.3 	5.576247E+0	1.259504E-6 	1.426840E+7	2.858321E+3	-1.589117E+0	7.505553E-5 	5.578119E+0	5.576247E+0
20.0    	198     	5.531398E+0	1.012372E-3	5.07E+1    	20.00     	6308.94 	23.1 	33.2 	5.529530E+0	1.035250E-6 	1.438893E+7	2.640707E+3	-1.589177E+0	4.509250E-5 	5.531398E+0	5.529530E+0
20.0    	199     	5.534030E+0	1.973403E-3	5.05E+1    	20.00     	6311.51 	23.1 	33.2 	5.532153E+0	3.838087E-6 	1.438210E+7	5.109795E+3	-1.589213E+0	8.020806E-5 	5.534030E+0	5.532153E+0
20.0    	200     	5.551998E+0	5.151548E-4	5.08E+1    	20.00     	6314.09 	23.1 	33.3 	5.550234E+0	2.776605E-7 	1.433540E+7	1.345362E+3	-1.588623E+0	1.193035E-4 	5.551998E+0	5.550234E+0
20.0    	201     	5.570957E+0	2.296847E-3	5.07E+1    	20.00     	6316.66 	23.1 	33.3 	5.569122E+0	5.131852E-6 	1.428670E+7	5.850641E+3	-1.588943E+0	2.610236E-4 	5.570957E+0	5.569122E+0
20.0    	202     	5.558822E+0	1.467648E-3	5.06E+1    	20.00     	6319.23 	23.1 	33.3 	5.556981E+0	2.117233E-6 	1.431790E+7	3.764306E+3	-1.588997E+0	9.504385E-5 	5.558822E+0	5.556981E+0
20.0    	203     	5.520671E+0	1.658515E-3	5.08E+1    	20.00     	6321.79 	23.1 	33.3 	5.518825E+0	2.781124E-6 	1.441687E+7	4.343194E+3	-1.589083E+0	1.450287E-4 	5.520671E+0	5.518825E+0
20.0    	204     	5.563700E+0	1.475007E-3	5.08E+1    	20.00     	6324.36 	23.1 	33.3 	5.561841E+0	1.992541E-6 	1.430537E+7	3.711244E+3	-1.589073E+0	3.435598E-4 	5.563700E+0	5.561841E+0
20.0    	205     	5.550176E+0	7.338232E-4	5.09E+1    	20.00     	6326.94 	23.1 	33.3 	5.548211E+0	5.585839E-7 	1.434037E+7	1.913984E+3	-1.589613E+0	7.023769E-5 	5.550176E+0	5.548211E+0
20.0    	206     	5.833923E+0	1.108992E-4	5.08E+1    	20.00     	6329.51 	23.1 	33.3 	5.831763E+0	2.202618E-8 	1.364300E+7	3.000000E+2	-1.590037E+0	2.386071E-4 	5.833923E+0	5.831763E+0
20.0    	207     	5.545137E+0	1.473385E-3	5.06E+1    	20.00     	6332.09 	23.1 	33.3 	5.543199E+0	2.036306E-6 	1.435337E+7	3.754109E+3	-1.589487E+0	2.250185E-4 	5.545137E+0	5.543199E+0
20.0    	208     	5.791851E+0	1.647360E-3	5.05E+1    	20.00     	6334.66 	23.1 	33.3 	5.790215E+0	2.605321E-6 	1.374150E+7	3.869108E+3	-1.587603E+0	1.709776E-4 	5.791851E+0	5.790215E+0
20.0    	209     	5.816710E+0	4.248901E-4	5.07E+1    	20.00     	6337.24 	23.1 	33.3 	5.815184E+0	1.717878E-7 	1.368263E+7	9.865766E+2	-1.586997E+0	1.800926E-4 	5.816710E+0	5.815184E+0
20.0    	210     	5.786518E+0	7.532491E-4	5.05E+1    	20.00     	6339.81 	23.1 	33.3 	5.784712E+0	6.107011E-7 	1.375437E+7	1.823001E+3	-1.588463E+0	3.066486E-4 	5.786518E+0	5.784712E+0
20.0    	211     	1.329730E+0	1.108397E-3	5.08E+1    	20.00     	6342.40 	23.1 	33.3 	1.324143E+0	1.114576E-6 	5.997097E+7	4.882892E+4	-1.635657E+0	7.050059E-4 	1.329730E+0	1.324143E+0
20.0    	212     	5.780380E+0	1.820573E-3	5.04E+1    	20.00     	6344.97 	23.1 	33.3 	5.778638E+0	3.423163E-6 	1.376890E+7	4.371499E+3	-1.588157E+0	2.631223E-4 	5.780380E+0	5.778638E+0
20.0    	213     	5.569852E+0	5.449507E-4	5.07E+1    	20.00     	6347.55 	23.1 	33.3 	5.568016E+0	3.241858E-7 	1.428953E+7	1.429452E+3	-1.588953E+0	1.588500E-4 	5.569852E+0	5.568016E+0
20.0    	214     	5.564847E+0	1.773537E-3	5.05E+1    	20.00     	6350.12 	23.1 	33.3 	5.562873E+0	3.007681E-6 	1.430257E+7	4.508141E+3	-1.589630E+0	2.100000E-4 	5.564847E+0	5.562873E+0
20.0    	215     	5.693014E+0	1.252851E-3	5.09E+1    	20.00     	6352.69 	23.1 	33.3 	5.684762E+0	1.727658E-6 	1.398823E+7	3.153305E+3	-1.608877E+0	2.953529E-4 	5.693014E+0	5.684762E+0
20.0    	216     	5.553659E+0	1.574189E-3	5.03E+1    	20.00     	6355.25 	23.1 	33.3 	5.551853E+0	2.339279E-6 	1.433117E+7	4.005413E+3	-1.588830E+0	2.271563E-4 	5.553659E+0	5.551853E+0
20.0    	217     	5.551854E+0	1.413263E-3	5.05E+1    	20.00     	6357.83 	23.1 	33.2 	5.550069E+0	2.056343E-6 	1.433580E+7	3.675595E+3	-1.588723E+0	3.251666E-4 	5.551854E+0	5.550069E+0
20.0    	218     	5.581185E+0	7.028641E-4	5.06E+1    	20.00     	6360.40 	23.1 	33.3 	5.579308E+0	4.508569E-7 	1.426057E+7	1.755942E+3	-1.589133E+0	1.767295E-4 	5.581185E+0	5.579308E+0
20.0    	219     	5.800227E+0	2.363666E-3	5.05E+1    	20.00     	6362.98 	23.1 	33.3 	5.798045E+0	5.231434E-6 	1.372230E+7	5.502727E+3	-1.590193E+0	3.385754E-4 	5.800227E+0	5.798045E+0
20.0    	220     	5.561878E+0	1.296642E-3	5.08E+1    	20.00     	6365.55 	23.1 	33.3 	5.560113E+0	1.739373E-6 	1.430993E+7	3.365016E+3	-1.588607E+0	1.331666E-4 	5.561878E+0	5.560113E+0
20.0    	221     	5.841337E+0	1.962794E-3	5.06E+1    	20.00     	6368.12 	23.1 	33.3 	5.839218E+0	3.903975E-6 	1.362563E+7	4.593836E+3	-1.589843E+0	1.644182E-4 	5.841337E+0	5.839218E+0
20.0    	222     	1.221511E+0	1.300810E-3	5.08E+1    	20.00     	6370.70 	23.1 	33.3 	1.209684E+0	1.420498E-6 	6.546447E+7	6.705940E+4	-1.472240E+0	5.109795E-4 	1.221511E+0	1.209684E+0
20.0    	223     	5.784544E+0	3.425979E-4	5.11E+1    	20.00     	6373.27 	23.1 	33.3 	5.782285E+0	6.950993E-8 	1.375960E+7	7.211103E+2	-1.590557E+0	3.448671E-4 	5.784544E+0	5.782285E+0
20.0    	224     	5.829680E+0	4.976488E-4	5.11E+1    	20.00     	6375.85 	23.1 	33.3 	5.827974E+0	2.594892E-7 	1.365240E+7	1.178983E+3	-1.587903E+0	1.365040E-4 	5.829680E+0	5.827974E+0
20.0    	225     	5.805157E+0	2.025815E-3	5.09E+1    	20.00     	6378.43 	23.1 	33.3 	5.803717E+0	4.012052E-6 	1.370977E+7	4.758501E+3	-1.586543E+0	1.222020E-4 	5.805157E+0	5.803717E+0
20.0    	226     	5.587793E+0	1.610958E-3	5.05E+1    	20.00     	6381.01 	23.1 	33.3 	5.585916E+0	2.659262E-6 	1.424370E+7	4.132796E+3	-1.589127E+0	1.137248E-4 	5.587793E+0	5.585916E+0
20.0    	227     	5.788187E+0	7.188968E-4	5.05E+1    	20.00     	6383.59 	23.1 	33.3 	5.786381E+0	4.447252E-7 	1.375040E+7	1.646208E+3	-1.588460E+0	2.722132E-4 	5.788187E+0	5.786381E+0
20.0    	228     	5.540288E+0	1.896567E-3	5.05E+1    	20.00     	6386.16 	23.1 	33.3 	5.538478E+0	3.547299E-6 	1.436577E+7	4.901360E+3	-1.588873E+0	1.150362E-4 	5.540288E+0	5.538478E+0
20.0    	229     	5.803618E+0	1.504368E-3	5.07E+1    	20.00     	6388.73 	23.1 	33.3 	5.801193E+0	2.453547E-6 	1.371457E+7	3.629509E+3	-1.591237E+0	2.638813E-4 	5.803618E+0	5.801193E+0
20.0    	230     	5.690708E+0	1.146424E-3	5.07E+1    	20.00     	6391.29 	23.1 	33.3 	5.682623E+0	1.530022E-6 	1.399370E+7	2.930870E+3	-1.608497E+0	2.757414E-4 	5.690708E+0	5.682623E+0
20.0    	231     	4.687723E+0	4.336115E-3	5.06E+1    	20.00     	6393.85 	23.1 	33.3 	3.624529E+0	5.299537E-5 	1.930563E+7	2.826700E+4	-1.074423E+0	1.011056E-3 	4.687723E+0	3.624529E+0
20.0    	232     	5.689479E+0	1.418303E-3	5.07E+1    	20.00     	6396.43 	23.1 	33.3 	5.681578E+0	2.066882E-6 	1.399650E+7	3.515679E+3	-1.608070E+0	8.185353E-5 	5.689479E+0	5.681578E+0
20.0    	233     	5.577953E+0	1.149139E-3	5.05E+1    	20.00     	6399.00 	23.1 	33.3 	5.576152E+0	1.314524E-6 	1.426873E+7	2.936551E+3	-1.588770E+0	1.652271E-4 	5.577953E+0	5.576152E+0
20.0    	234     	5.788839E+0	3.492172E-4	5.08E+1    	20.00     	6401.58 	23.1 	33.3 	5.786712E+0	1.419981E-7 	1.374923E+7	8.621678E+2	-1.589967E+0	1.436431E-4 	5.788839E+0	5.786712E+0
20.0    	235     	1.372370E+0	5.707412E-4	5.08E+1    	20.00     	6404.15 	23.1 	33.3 	1.366355E+0	7.132039E-7 	5.811293E+7	3.003171E+4	-1.504553E+0	1.544841E-3 	1.372370E+0	1.366355E+0
20.0    	236     	5.814734E+0	1.639220E-4	5.08E+1    	20.00     	6406.72 	23.1 	33.3 	5.812628E+0	3.238068E-8 	1.368797E+7	4.041452E+2	-1.589830E+0	1.153256E-4 	5.814734E+0	5.812628E+0
20.0    	237     	5.539190E+0	2.032150E-3	5.05E+1    	20.00     	6409.30 	23.1 	33.3 	5.537288E+0	4.213413E-6 	1.436873E+7	5.299371E+3	-1.589327E+0	1.159023E-4 	5.539190E+0	5.537288E+0
20.0    	238     	5.786002E+0	8.798894E-4	5.05E+1    	20.00     	6411.86 	23.1 	33.3 	5.783770E+0	7.865721E-7 	1.375610E+7	2.100000E+3	-1.590437E+0	2.193931E-4 	5.786002E+0	5.783770E+0
20.0    	239     	5.606487E+0	3.265394E-4	5.05E+1    	20.00     	6414.43 	23.1 	33.3 	5.604686E+0	9.017078E-8 	1.419610E+7	7.937254E+2	-1.588720E+0	1.307670E-4 	5.606487E+0	5.604686E+0
20.0    	240     	5.807789E+0	1.409643E-3	5.04E+1    	20.00     	6417.01 	23.1 	33.3 	5.806139E+0	1.863120E-6 	1.370380E+7	3.274141E+3	-1.587653E+0	2.272297E-4 	5.807789E+0	5.806139E+0
20.0    	241     	6.008055E+0	1.099482E-3	5.05E+1    	20.00     	6419.58 	23.1 	33.3 	6.006662E+0	1.260888E-6 	1.324667E+7	2.450170E+3	-1.586027E+0	1.594783E-4 	6.008055E+0	6.006662E+0
20.0    	242     	5.800841E+0	3.863409E-4	5.07E+1    	20.00     	6422.15 	23.1 	33.3 	5.799092E+0	1.559551E-7 	1.372033E+7	9.237604E+2	-1.588160E+0	1.135782E-4 	5.800841E+0	5.799092E+0
20.0    	243     	5.807835E+0	4.469436E-4	5.02E+1    	20.00     	6424.72 	23.1 	33.3 	5.806178E+0	1.881859E-7 	1.370370E+7	1.039230E+3	-1.587687E+0	7.505553E-5 	5.807835E+0	5.806178E+0
20.0    	244     	6.044366E+0	6.277133E-4	5.07E+1    	20.00     	6427.29 	23.1 	33.3 	6.042250E+0	2.859874E-7 	1.316787E+7	1.266228E+3	-1.589507E+0	4.209909E-4 	6.044366E+0	6.042250E+0
20.0    	245     	1.343542E+0	3.553193E-4	5.05E+1    	20.00     	6429.86 	23.1 	33.3 	1.313295E+0	8.126118E-8 	5.990780E+7	4.257934E+3	-1.420190E+0	1.528038E-3 	1.343542E+0	1.313295E+0
20.0    	246     	6.057211E+0	2.266992E-4	5.05E+1    	20.00     	6432.44 	23.1 	33.3 	6.055037E+0	3.068820E-8 	1.314000E+7	4.358899E+2	-1.589743E+0	2.274496E-4 	6.057211E+0	6.055037E+0
20.0    	247     	5.916637E+0	7.129032E-4	5.07E+1    	20.00     	6435.01 	23.1 	33.3 	5.910437E+0	4.863801E-7 	1.345683E+7	1.604161E+3	-1.603173E+0	1.001665E-4 	5.916637E+0	5.910437E+0
20.0    	248     	5.791528E+0	1.099541E-3	5.08E+1    	20.00     	6437.58 	23.1 	33.3 	5.790004E+0	1.154655E-6 	1.374213E+7	2.579406E+3	-1.587017E+0	2.538372E-4 	5.791528E+0	5.790004E+0
20.0    	249     	5.790816E+0	1.161221E-3	5.03E+1    	20.00     	6440.16 	23.1 	33.3 	5.789311E+0	1.282725E-6 	1.374380E+7	2.722132E+3	-1.586917E+0	1.913984E-4 	5.790816E+0	5.789311E+0
20.0    	250     	5.805132E+0	4.568201E-4	5.02E+1    	20.00     	6442.72 	23.1 	33.3 	5.803572E+0	2.228420E-7 	1.370997E+7	1.096966E+3	-1.587193E+0	8.144528E-5 	5.805132E+0	5.803572E+0
20.0    	251     	6.003122E+0	3.310641E-3	5.05E+1    	20.00     	6445.30 	23.1 	33.3 	6.001206E+0	1.067156E-5 	1.325813E+7	7.266590E+3	-1.588660E+0	2.007486E-4 	6.003122E+0	6.001206E+0
20.0    	252     	5.761178E+0	2.216673E-3	5.05E+1    	20.00     	6447.86 	23.1 	33.3 	5.759490E+0	4.715288E-6 	1.381473E+7	5.262446E+3	-1.587910E+0	2.264950E-4 	5.761178E+0	5.759490E+0
20.0    	253     	5.803721E+0	1.762084E-3	5.07E+1    	20.00     	6450.44 	23.1 	33.3 	5.802133E+0	3.149075E-6 	1.371333E+7	4.178915E+3	-1.587337E+0	2.490649E-4 	5.803721E+0	5.802133E+0
20.0    	254     	5.839595E+0	1.825088E-3	5.06E+1    	20.00     	6453.01 	23.1 	33.3 	5.837989E+0	3.157428E-6 	1.362910E+7	4.203570E+3	-1.587380E+0	3.702702E-4 	5.839595E+0	5.837989E+0
20.0    	255     	5.811251E+0	1.217369E-3	5.02E+1    	20.00     	6455.58 	23.1 	33.2 	5.809829E+0	1.418159E-6 	1.369537E+7	2.837840E+3	-1.586443E+0	1.761628E-4 	5.811251E+0	5.809829E+0
20.0    	256     	5.999441E+0	1.743522E-3	5.04E+1    	20.00     	6458.15 	23.1 	33.3 	5.998008E+0	3.022315E-6 	1.326573E+7	3.850108E+3	-1.586250E+0	2.645751E-5 	5.999441E+0	5.998008E+0
20.0    	257     	5.634533E+0	2.213719E-3	5.07E+1    	20.00     	6460.72 	23.1 	33.3 	5.632543E+0	4.805762E-6 	1.412567E+7	5.522982E+3	-1.589593E+0	1.975686E-4 	5.634533E+0	5.632543E+0
20.0    	258     	8.095225E+0	3.142578E-4	5.06E+1    	20.00     	6463.29 	23.1 	33.2 	8.094244E+0	1.395597E-7 	9.830770E+6	4.176123E+2	-1.581803E+0	3.419552E-4 	8.095225E+0	8.094244E+0
20.0    	259     	1.125034E+1	1.762600E-3	5.06E+1    	20.00     	6465.86 	23.1 	33.3 	1.125004E+1	3.119429E-6 	7.073433E+6	1.109249E+3	-1.576017E+0	3.214550E-5 	1.125034E+1	1.125004E+1
20.0    	260     	2.369452E+1	1.442357E-3	5.06E+1    	20.00     	6468.43 	23.1 	33.3 	2.369367E+1	2.063856E-6 	3.358537E+6	2.040425E+2	-1.564810E+0	5.291503E-5 	2.369452E+1	2.369367E+1
20.0    	261     	2.820233E+1	4.698354E-4	5.04E+1    	20.00     	6471.01 	23.1 	33.3 	2.820026E+1	2.255356E-7 	2.821767E+6	4.725816E+1	-1.562230E+0	3.464102E-5 	2.820233E+1	2.820026E+1
20.0    	262     	3.430135E+1	8.992686E-4	5.04E+1    	20.00     	6473.58 	23.1 	33.2 	3.429677E+1	7.795640E-7 	2.320107E+6	6.027714E+1	-1.559237E+0	2.081666E-5 	3.430135E+1	3.429677E+1
20.0    	263     	5.028408E+1	9.914139E-4	5.05E+1    	20.00     	6476.15 	23.1 	33.2 	5.026595E+1	9.013188E-7 	1.582843E+6	3.055050E+1	-1.551807E+0	2.309401E-5 	5.028408E+1	5.026595E+1
20.0    	264     	1.102157E+2	4.876786E-4	5.05E+1    	20.00     	6478.72 	23.1 	33.3 	1.100028E+2	1.632590E-7 	7.227143E+5	2.886751E+0	-1.526830E+0	1.732051E-5 	1.102157E+2	1.100028E+2
25.0    	1       	5.602741E+0	4.877066E-4	5.98E+1    	25.00     	6510.60 	23.1 	33.2 	5.600988E+0	2.376743E-7 	1.420553E+7	1.234234E+3	-1.588480E+0	3.026549E-4 	5.602741E+0	5.600988E+0
25.0    	2       	5.700417E+0	1.701554E-3	2.05E+1    	25.00     	6512.87 	23.1 	33.2 	5.698708E+0	2.817065E-6 	1.396203E+7	4.140451E+3	-1.588113E+0	1.159023E-4 	5.700417E+0	5.698708E+0
25.0    	3       	5.872351E-1	1.530996E-3	2.02E+1    	25.00     	6515.46 	23.1 	33.2 	5.448939E-1	2.524244E-6 	1.406793E+8	3.789648E+5	-1.842647E+0	2.232136E-3 	5.872351E-1	5.448939E-1
25.0    	4       	5.948956E+0	1.692769E-3	2.29E+1    	25.00     	6518.05 	23.1 	33.2 	5.947337E+0	2.846847E-6 	1.337853E+7	3.800439E+3	-1.587290E+0	1.682260E-4 	5.948956E+0	5.947337E+0
25.0    	5       	1.225244E+0	8.798640E-4	1.95E+1    	25.00     	6520.62 	23.1 	33.2 	1.224605E+0	7.587771E-7 	6.496523E+7	4.643752E+4	-1.593620E+0	4.400000E-4 	1.225244E+0	1.224605E+0
25.0    	6       	5.604642E+0	2.250234E-4	2.26E+1    	25.00     	6523.18 	23.1 	33.2 	5.602532E+0	5.672203E-8 	1.420117E+7	5.859465E+2	-1.590203E+0	1.365040E-4 	5.604642E+0	5.602532E+0
25.0    	7       	5.336042E+0	1.113291E-3	2.39E+1    	25.00     	6525.75 	23.1 	33.2 	5.334017E+0	1.233474E-6 	1.491603E+7	3.108590E+3	-1.590280E+0	1.228821E-4 	5.336042E+0	5.334017E+0
25.0    	8       	5.332448E+0	1.635778E-4	2.02E+1    	25.00     	6528.33 	23.1 	33.2 	5.330652E+0	3.195832E-8 	1.492577E+7	4.725816E+2	-1.589150E+0	3.004996E-4 	5.332448E+0	5.330652E+0
25.0    	9       	5.294637E+0	3.417270E-4	2.07E+1    	25.00     	6530.90 	23.1 	33.2 	5.292871E+0	1.651549E-7 	1.503233E+7	1.059874E+3	-1.589057E+0	4.186088E-4 	5.294637E+0	5.292871E+0
25.0    	10      	5.667789E+0	2.605094E-3	2.17E+1    	25.00     	6533.48 	23.1 	33.2 	5.651090E+0	6.842604E-6 	1.406103E+7	6.485625E+3	-1.625103E+0	2.055075E-4 	5.667789E+0	5.651090E+0
25.0    	11      	4.225672E+0	2.260052E-2	2.44E+1    	25.00     	6536.05 	23.1 	33.2 	3.076163E+0	5.705928E-4 	2.207243E+7	1.442502E+5	-1.022107E+0	1.975989E-3 	4.225672E+0	3.076163E+0
25.0    	12      	2.097662E+0	6.803721E-3	2.22E+1    	25.00     	6538.63 	23.1 	33.2 	2.095969E+0	4.000719E-5 	3.795183E+7	1.188438E+5	-1.542613E+0	4.293685E-3 	2.097662E+0	2.095969E+0
25.0    	13      	5.574370E+0	1.674877E-3	2.00E+1    	25.00     	6541.21 	23.1 	33.2 	5.571846E+0	2.911318E-6 	1.427883E+7	4.331666E+3	-1.592073E+0	2.203028E-4 	5.574370E+0	5.571846E+0
25.0    	14      	5.384770E+0	7.334258E-4	2.02E+1    	25.00     	6543.78 	23.1 	33.2 	5.382838E+0	5.689939E-7 	1.478090E+7	2.042058E+3	-1.589740E+0	1.670329E-4 	5.384770E+0	5.382838E+0
25.0    	15      	5.401984E+0	5.153778E-4	2.31E+1    	25.00     	6546.35 	23.1 	33.2 	5.399850E+0	2.626185E-7 	1.473407E+7	1.401190E+3	-1.590670E+0	1.587451E-4 	5.401984E+0	5.399850E+0
25.0    	16      	5.561953E+0	1.058123E-3	2.10E+1    	25.00     	6548.92 	23.1 	33.2 	5.560271E+0	1.108229E-6 	1.430963E+7	2.715388E+3	-1.588183E+0	9.291573E-5 	5.561953E+0	5.560271E+0
25.0    	17      	5.314679E+0	8.163149E-4	2.23E+1    	25.00     	6551.49 	23.1 	33.2 	5.312607E+0	6.848021E-7 	1.497607E+7	2.315887E+3	-1.590543E+0	1.709776E-4 	5.314679E+0	5.312607E+0
25.0    	18      	5.081038E+0	2.105282E-4	2.07E+1    	25.00     	6554.07 	23.1 	33.2 	5.078610E+0	1.766739E-8 	1.566540E+7	5.291503E+2	-1.592653E+0	3.523256E-4 	5.081038E+0	5.078610E+0
25.0    	19      	5.346833E+0	1.197526E-3	2.00E+1    	25.00     	6556.64 	23.1 	33.2 	5.345638E+0	1.427612E-6 	1.488477E+7	3.330666E+3	-1.585747E+0	1.527525E-5 	5.346833E+0	5.345638E+0
25.0    	20      	5.001009E+0	9.639539E-4	2.34E+1    	25.00     	6559.22 	23.1 	33.2 	4.998590E+0	8.332737E-7 	1.591613E+7	2.987195E+3	-1.592790E+0	2.586503E-4 	5.001009E+0	4.998590E+0
25.0    	21      	5.267325E+0	9.633510E-4	2.05E+1    	25.00     	6561.79 	23.1 	33.2 	5.264741E+0	9.432309E-7 	1.511147E+7	2.775488E+3	-1.592947E+0	8.020806E-5 	5.267325E+0	5.264741E+0
25.0    	22      	5.020954E+0	3.888729E-4	2.05E+1    	25.00     	6564.37 	23.1 	33.2 	5.018573E+0	1.257050E-7 	1.585283E+7	1.171893E+3	-1.592570E+0	2.511971E-4 	5.020954E+0	5.018573E+0
25.0    	23      	5.005396E+0	8.749551E-4	2.20E+1    	25.00     	6566.95 	23.1 	33.2 	5.003049E+0	8.528516E-7 	1.590207E+7	2.857155E+3	-1.592450E+0	2.364318E-4 	5.005396E+0	5.003049E+0
25.0    	24      	5.011285E+0	1.378416E-3	2.30E+1    	25.00     	6569.53 	23.1 	33.2 	5.008985E+0	1.992308E-6 	1.588330E+7	4.422669E+3	-1.592220E+0	2.100000E-4 	5.011285E+0	5.008985E+0
25.0    	25      	5.200173E+0	2.564886E-3	2.24E+1    	25.00     	6572.10 	23.1 	33.2 	5.190459E+0	6.699304E-6 	1.531717E+7	7.592321E+3	-1.614030E+0	2.718455E-4 	5.200173E+0	5.190459E+0
25.0    	26      	2.815871E+0	3.897302E-2	2.22E+1    	25.00     	6574.67 	23.1 	33.2 	2.030024E+0	5.141138E-4 	3.328733E+7	4.192323E+5	-1.014247E+0	2.170768E-3 	2.815871E+0	2.030024E+0
25.0    	27      	5.363602E+0	3.025374E-4	2.33E+1    	25.00     	6577.25 	23.1 	33.2 	5.344546E+0	6.862016E-8 	1.486300E+7	7.810250E+2	-1.630437E+0	9.291573E-5 	5.363602E+0	5.344546E+0
25.0    	28      	5.238967E+0	1.996618E-3	1.91E+1    	25.00     	6579.81 	23.1 	33.2 	5.235774E+0	4.130773E-6 	1.519417E+7	5.844941E+3	-1.595483E+0	2.804164E-4 	5.238967E+0	5.235774E+0
25.0    	29      	5.017174E+0	4.541869E-4	2.20E+1    	25.00     	6582.37 	23.1 	33.2 	5.014801E+0	1.963569E-7 	1.586477E+7	1.418920E+3	-1.592547E+0	7.505553E-5 	5.017174E+0	5.014801E+0
25.0    	30      	5.015221E+0	1.383389E-3	2.31E+1    	25.00     	6584.95 	23.1 	33.2 	5.012836E+0	2.060283E-6 	1.587097E+7	4.460194E+3	-1.592607E+0	2.874601E-4 	5.015221E+0	5.012836E+0
25.0    	31      	5.059351E+0	8.970858E-4	2.31E+1    	25.00     	6587.52 	23.1 	33.2 	5.056987E+0	7.636817E-7 	1.573247E+7	2.753785E+3	-1.592417E+0	1.205543E-4 	5.059351E+0	5.056987E+0
25.0    	32      	5.328133E+0	1.944855E-3	2.31E+1    	25.00     	6590.10 	23.1 	33.2 	5.326093E+0	3.734032E-6 	1.493820E+7	5.436911E+3	-1.590367E+0	7.234178E-5 	5.328133E+0	5.326093E+0
25.0    	33      	5.323657E+0	1.703135E-3	2.11E+1    	25.00     	6592.66 	23.1 	33.2 	5.321566E+0	2.828982E-6 	1.495083E+7	4.754296E+3	-1.590620E+0	1.216553E-4 	5.323657E+0	5.321566E+0
25.0    	34      	5.020690E+0	7.523855E-4	2.35E+1    	25.00     	6595.24 	23.1 	33.2 	5.018373E+0	6.077521E-7 	1.585357E+7	2.419366E+3	-1.592280E+0	1.410674E-4 	5.020690E+0	5.018373E+0
25.0    	35      	4.987452E+0	9.718869E-4	2.24E+1    	25.00     	6597.82 	23.2 	33.2 	4.985121E+0	8.230338E-7 	1.595927E+7	3.007214E+3	-1.592413E+0	3.153305E-4 	4.987452E+0	4.985121E+0
25.0    	36      	5.016939E+0	8.725678E-4	2.17E+1    	25.00     	6600.40 	23.1 	33.2 	5.014510E+0	7.405921E-7 	1.586560E+7	2.740438E+3	-1.592803E+0	1.517674E-4 	5.016939E+0	5.014510E+0
25.0    	37      	5.234781E+0	1.698408E-3	2.36E+1    	25.00     	6602.96 	23.1 	33.2 	5.229814E+0	3.032807E-6 	1.520890E+7	4.995998E+3	-1.601603E+0	3.797806E-4 	5.234781E+0	5.229814E+0
25.0    	38      	5.026331E+0	8.185706E-4	2.28E+1    	25.00     	6605.53 	23.1 	33.2 	5.023953E+0	7.005452E-7 	1.583587E+7	2.608320E+3	-1.592547E+0	1.026320E-4 	5.026331E+0	5.023953E+0
25.0    	39      	5.028734E+0	1.787015E-3	2.11E+1    	25.00     	6608.10 	23.1 	33.2 	5.026333E+0	2.810441E-6 	1.582833E+7	5.451911E+3	-1.592647E+0	5.001333E-4 	5.028734E+0	5.026333E+0
25.0    	40      	5.032981E+0	2.147523E-3	2.29E+1    	25.00     	6610.67 	23.1 	33.2 	5.028741E+0	4.356529E-6 	1.581787E+7	6.657577E+3	-1.599827E+0	2.003331E-4 	5.032981E+0	5.028741E+0
25.0    	41      	4.945262E+0	2.592593E-3	2.01E+1    	25.00     	6613.24 	23.2 	33.2 	4.894536E+0	6.581944E-6 	1.617483E+7	8.450641E+3	-1.469343E+0	4.152509E-4 	4.945262E+0	4.894536E+0
25.0    	42      	5.225165E+0	1.575409E-3	2.00E+1    	25.00     	6615.81 	23.2 	33.2 	5.215429E+0	2.628623E-6 	1.524387E+7	4.665119E+3	-1.613977E+0	2.400694E-4 	5.225165E+0	5.215429E+0
25.0    	43      	5.037494E+0	5.521037E-4	2.11E+1    	25.00     	6618.38 	23.1 	33.2 	5.035158E+0	3.376126E-7 	1.580070E+7	1.777639E+3	-1.592330E+0	1.345362E-4 	5.037494E+0	5.035158E+0
25.0    	44      	5.007136E+0	1.495726E-3	1.97E+1    	25.00     	6620.95 	23.1 	33.2 	5.004792E+0	2.265400E-6 	1.589653E+7	4.764801E+3	-1.592433E+0	6.429101E-5 	5.007136E+0	5.004792E+0
25.0    	45      	5.033004E+0	6.812880E-4	2.40E+1    	25.00     	6623.52 	23.1 	33.2 	5.030646E+0	4.158318E-7 	1.581483E+7	2.084067E+3	-1.592447E+0	1.662328E-4 	5.033004E+0	5.030646E+0
25.0    	46      	5.016026E+0	8.766508E-4	2.18E+1    	25.00     	6626.11 	23.2 	33.2 	5.013694E+0	7.215679E-7 	1.586833E+7	2.730079E+3	-1.592360E+0	2.206808E-4 	5.016026E+0	5.013694E+0
25.0    	47      	5.011887E+0	1.584711E-3	2.41E+1    	25.00     	6628.68 	23.1 	33.2 	5.009371E+0	2.477045E-6 	1.588173E+7	5.006329E+3	-1.593203E+0	1.550269E-4 	5.011887E+0	5.009371E+0
25.0    	48      	5.318821E+0	1.388435E-3	2.30E+1    	25.00     	6631.25 	23.1 	33.2 	5.316703E+0	1.917674E-6 	1.496447E+7	3.901709E+3	-1.590753E+0	1.504438E-4 	5.318821E+0	5.316703E+0
25.0    	49      	5.329673E+0	1.819083E-3	2.24E+1    	25.00     	6633.81 	23.2 	33.2 	5.327669E+0	3.192371E-6 	1.493383E+7	5.052062E+3	-1.590187E+0	1.817507E-4 	5.329673E+0	5.327669E+0
25.0    	50      	4.988478E+0	2.162854E-3	2.03E+1    	25.00     	6636.40 	23.2 	33.2 	4.985908E+0	4.590934E-6 	1.595637E+7	6.887912E+3	-1.593493E+0	2.500667E-4 	4.988478E+0	4.985908E+0
25.0    	51      	5.014548E+0	9.880571E-4	2.37E+1    	25.00     	6638.97 	23.1 	33.2 	5.012224E+0	1.098735E-6 	1.587300E+7	3.223352E+3	-1.592327E+0	3.308071E-4 	5.014548E+0	5.012224E+0
25.0    	52      	5.241907E+0	8.406185E-4	2.01E+1    	25.00     	6641.52 	23.1 	33.2 	5.236972E+0	6.865167E-7 	1.518817E+7	2.419366E+3	-1.601487E+0	6.429101E-5 	5.241907E+0	5.236972E+0
25.0    	53      	1.869982E+0	2.660591E-2	2.03E+1    	25.00     	6644.09 	23.2 	33.2 	1.458053E+0	8.814586E-5 	4.819673E+7	4.948521E+5	-1.082340E+0	7.281504E-3 	1.869982E+0	1.458053E+0
25.0    	54      	5.196015E+0	4.918914E-4	2.36E+1    	25.00     	6646.66 	23.2 	33.2 	5.190973E+0	3.124166E-7 	1.532253E+7	1.550269E+3	-1.601950E+0	2.088061E-4 	5.196015E+0	5.190973E+0
25.0    	55      	5.040618E+0	1.121642E-3	2.05E+1    	25.00     	6649.24 	23.2 	33.2 	5.038285E+0	1.351801E-6 	1.579090E+7	3.579106E+3	-1.592313E+0	2.138535E-4 	5.040618E+0	5.038285E+0
25.0    	56      	5.031894E+0	7.539977E-4	2.07E+1    	25.00     	6651.81 	23.2 	33.2 	5.028660E+0	6.229783E-7 	1.581970E+7	2.426932E+3	-1.596150E+0	1.442221E-4 	5.031894E+0	5.028660E+0
25.0    	57      	5.041579E+0	5.412790E-4	2.36E+1    	25.00     	6654.38 	23.2 	33.2 	5.035262E+0	2.347357E-7 	1.579413E+7	1.607275E+3	-1.606200E+0	1.682260E-4 	5.041579E+0	5.035262E+0
25.0    	58      	5.034770E+0	1.580518E-3	2.24E+1    	25.00     	6656.95 	23.1 	33.2 	5.032403E+0	2.394012E-6 	1.580930E+7	4.911212E+3	-1.592480E+0	1.637071E-4 	5.034770E+0	5.032403E+0
25.0    	59      	4.976056E+0	1.545357E-3	2.25E+1    	25.00     	6659.54 	23.2 	33.2 	4.973471E+0	2.577117E-6 	1.599623E+7	5.065899E+3	-1.593590E+0	3.244996E-4 	4.976056E+0	4.973471E+0
25.0    	60      	5.029346E+0	4.594344E-4	2.00E+1    	25.00     	6662.11 	23.2 	33.2 	5.026822E+0	2.820621E-7 	1.582660E+7	1.558846E+3	-1.593200E+0	3.207803E-4 	5.029346E+0	5.026822E+0
25.0    	61      	5.335146E+0	1.155268E-3	2.29E+1    	25.00     	6664.67 	23.2 	33.2 	5.332982E+0	1.320022E-6 	1.491873E+7	3.219213E+3	-1.590937E+0	4.521430E-4 	5.335146E+0	5.332982E+0
25.0    	62      	5.350686E+0	1.255121E-3	2.31E+1    	25.00     	6667.24 	23.2 	33.2 	5.348783E+0	1.615150E-6 	1.487503E+7	3.511885E+3	-1.589657E+0	1.001665E-4 	5.350686E+0	5.348783E+0
25.0    	63      	5.027177E+0	3.704381E-4	2.35E+1    	25.00     	6669.81 	23.2 	33.2 	5.024799E+0	1.192121E-7 	1.583320E+7	1.126943E+3	-1.592547E+0	1.457166E-4 	5.027177E+0	5.024799E+0
25.0    	64      	5.489429E+0	8.470986E-4	2.22E+1    	25.00     	6672.39 	23.2 	33.2 	5.486724E+0	7.893342E-7 	1.450007E+7	2.289833E+3	-1.592993E+0	3.885014E-4 	5.489429E+0	5.486724E+0
25.0    	65      	5.295342E+0	3.508681E-4	2.12E+1    	25.00     	6674.96 	23.2 	33.2 	5.293223E+0	1.259998E-7 	1.503083E+7	1.001665E+3	-1.590800E+0	7.810250E-5 	5.295342E+0	5.293223E+0
25.0    	66      	5.007549E+0	1.456659E-3	2.37E+1    	25.00     	6677.54 	23.2 	33.2 	5.005177E+0	2.006556E-6 	1.589527E+7	4.561067E+3	-1.592563E+0	2.318045E-4 	5.007549E+0	5.005177E+0
25.0    	67      	5.047333E+0	1.906899E-4	2.32E+1    	25.00     	6680.11 	23.2 	33.2 	5.044928E+0	4.366321E-8 	1.577000E+7	6.244998E+2	-1.592627E+0	8.326664E-5 	5.047333E+0	5.044928E+0
25.0    	68      	5.026216E+0	9.677470E-4	2.36E+1    	25.00     	6682.69 	23.2 	33.2 	5.023729E+0	8.828714E-7 	1.583640E+7	3.004996E+3	-1.593043E+0	1.700980E-4 	5.026216E+0	5.023729E+0
25.0    	69      	5.193948E+0	9.159870E-4	2.08E+1    	25.00     	6685.26 	23.2 	33.2 	5.189064E+0	7.922325E-7 	1.532840E+7	2.666458E+3	-1.601463E+0	8.082904E-5 	5.193948E+0	5.189064E+0
25.0    	70      	5.023071E+0	8.377748E-4	2.39E+1    	25.00     	6687.84 	23.2 	33.2 	5.020743E+0	8.239370E-7 	1.584607E+7	2.753785E+3	-1.592327E+0	3.330666E-4 	5.023071E+0	5.020743E+0
25.0    	71      	4.964137E+0	8.040854E-4	2.16E+1    	25.00     	6690.41 	23.2 	33.2 	4.960779E+0	6.121547E-7 	1.603590E+7	2.563201E+3	-1.596810E+0	8.888194E-5 	4.964137E+0	4.960779E+0
25.0    	72      	4.989684E+0	1.503583E-3	2.38E+1    	25.00     	6692.98 	23.2 	33.2 	4.981517E+0	2.305885E-6 	1.596147E+7	4.827353E+3	-1.530330E+0	4.703190E-4 	4.989684E+0	4.981517E+0
25.0    	73      	4.980428E+0	5.245176E-5	2.29E+1    	25.00     	6695.56 	23.2 	33.2 	4.937898E+0	9.499286E-7 	1.604670E+7	1.558846E+3	-1.478260E+0	1.079491E-3 	4.980428E+0	4.937898E+0
25.0    	74      	4.991177E+0	2.884179E-3	2.36E+1    	25.00     	6698.13 	23.2 	33.2 	4.987192E+0	7.885016E-6 	1.595000E+7	9.094504E+3	-1.599053E+0	4.221769E-4 	4.991177E+0	4.987192E+0
25.0    	75      	5.027811E+0	2.557594E-3	2.06E+1    	25.00     	6700.70 	23.2 	33.2 	5.025501E+0	6.659944E-6 	1.583110E+7	8.087645E+3	-1.592227E+0	6.543190E-4 	5.027811E+0	5.025501E+0
25.0    	76      	5.320733E+0	4.589901E-4	2.25E+1    	25.00     	6703.28 	23.2 	33.2 	5.318891E+0	2.246287E-7 	1.495870E+7	1.311488E+3	-1.589400E+0	1.044031E-4 	5.320733E+0	5.318891E+0
25.0    	77      	5.846052E-1	8.227017E-4	2.35E+1    	25.00     	6705.85 	23.2 	33.2 	5.501132E-1	2.311461E-8 	1.403243E+8	9.364472E+4	-1.816137E+0	3.036550E-3 	5.846052E-1	5.501132E-1
25.0    	78      	5.881651E-1	6.130620E-4	2.24E+1    	25.00     	6708.43 	23.2 	33.2 	5.529189E-1	4.039739E-7 	1.395437E+8	1.522049E+5	-1.818107E+0	4.899320E-4 	5.881651E-1	5.529189E-1
25.0    	79      	5.586275E+0	2.598344E-3	2.29E+1    	25.00     	6711.00 	23.2 	33.2 	5.583906E+0	7.057135E-6 	1.424820E+7	6.701492E+3	-1.591390E+0	2.800000E-4 	5.586275E+0	5.583906E+0
25.0    	80      	1.713861E+0	3.779498E-4	2.16E+1    	25.00     	6713.57 	23.2 	33.2 	1.703236E+0	2.061919E-7 	4.657630E+7	1.134063E+4	-1.491980E+0	2.981610E-4 	1.713861E+0	1.703236E+0
25.0    	81      	5.270899E+0	1.733184E-3	2.18E+1    	25.00     	6716.16 	23.2 	33.2 	5.268792E+0	3.013982E-6 	1.510053E+7	4.969239E+3	-1.590790E+0	1.951922E-4 	5.270899E+0	5.268792E+0
25.0    	82      	5.047862E+0	8.241337E-4	2.12E+1    	25.00     	6718.73 	23.2 	33.2 	5.045252E+0	6.171389E-7 	1.576867E+7	2.514624E+3	-1.593533E+0	1.709776E-4 	5.047862E+0	5.045252E+0
25.0    	83      	5.048533E+0	1.780519E-4	2.37E+1    	25.00     	6721.32 	23.2 	33.2 	5.046160E+0	3.245254E-8 	1.576620E+7	5.567764E+2	-1.592477E+0	1.594783E-4 	5.048533E+0	5.046160E+0
25.0    	84      	5.029444E+0	6.636942E-4	2.06E+1    	25.00     	6723.89 	23.2 	33.2 	5.026999E+0	4.108859E-7 	1.582617E+7	2.050203E+3	-1.592843E+0	3.288363E-4 	5.029444E+0	5.026999E+0
25.0    	85      	5.051158E+0	1.455236E-3	2.24E+1    	25.00     	6726.45 	23.2 	33.2 	5.048831E+0	2.056498E-6 	1.575793E+7	4.508141E+3	-1.592263E+0	1.985783E-4 	5.051158E+0	5.048831E+0
25.0    	86      	5.073281E+0	1.156007E-3	2.30E+1    	25.00     	6729.01 	23.2 	33.2 	5.070977E+0	1.427444E-6 	1.568917E+7	3.635015E+3	-1.592110E+0	2.351595E-4 	5.073281E+0	5.070977E+0
25.0    	87      	5.239332E+0	5.247406E-4	2.13E+1    	25.00     	6731.61 	23.2 	33.2 	5.237224E+0	2.726505E-7 	1.519153E+7	1.517674E+3	-1.590853E+0	1.069268E-4 	5.239332E+0	5.237224E+0
25.0    	88      	5.265322E+0	1.031906E-3	2.16E+1    	25.00     	6734.17 	23.2 	33.2 	5.262331E+0	9.904445E-7 	1.511780E+7	2.910326E+3	-1.594630E+0	1.900000E-4 	5.265322E+0	5.262331E+0
25.0    	89      	5.244730E+0	1.862570E-3	2.41E+1    	25.00     	6736.73 	23.2 	33.2 	5.241030E+0	3.085966E-6 	1.517820E+7	5.237366E+3	-1.597357E+0	4.271222E-4 	5.244730E+0	5.241030E+0
25.0    	90      	5.219274E+0	1.742291E-3	2.34E+1    	25.00     	6739.30 	23.2 	33.2 	5.217162E+0	3.185454E-6 	1.524993E+7	5.153963E+3	-1.590913E+0	2.059935E-4 	5.219274E+0	5.217162E+0
25.0    	91      	5.088988E+0	8.234257E-4	2.18E+1    	25.00     	6741.87 	23.2 	33.2 	5.086747E+0	6.399223E-7 	1.564063E+7	2.494661E+3	-1.591783E+0	1.674316E-4 	5.088988E+0	5.086747E+0
25.0    	92      	5.068887E+0	1.364507E-3	2.01E+1    	25.00     	6744.46 	23.2 	33.2 	5.066671E+0	1.847296E-6 	1.570263E+7	4.219400E+3	-1.591710E+0	7.937254E-5 	5.068887E+0	5.066671E+0
25.0    	93      	5.343464E+0	1.497964E-3	2.37E+1    	25.00     	6747.03 	23.2 	33.2 	5.341542E+0	2.298636E-6 	1.489517E+7	4.201587E+3	-1.589763E+0	1.289703E-4 	5.343464E+0	5.341542E+0
25.0    	94      	5.394242E+0	3.781188E-4	1.97E+1    	25.00     	6749.59 	23.2 	33.2 	5.392487E+0	1.573611E-7 	1.475470E+7	1.058301E+3	-1.588833E+0	2.375570E-4 	5.394242E+0	5.392487E+0
25.0    	95      	5.061124E+0	3.329700E-4	2.15E+1    	25.00     	6752.16 	23.2 	33.2 	5.058752E+0	8.997961E-8 	1.572697E+7	9.814955E+2	-1.592443E+0	2.421432E-4 	5.061124E+0	5.058752E+0
25.0    	96      	5.546213E+0	1.524550E-3	2.23E+1    	25.00     	6754.74 	23.2 	33.2 	5.543720E+0	2.283944E-6 	1.435130E+7	3.928104E+3	-1.592000E+0	1.249000E-4 	5.546213E+0	5.543720E+0
25.0    	97      	5.260936E+0	1.554059E-3	2.15E+1    	25.00     	6757.32 	23.2 	33.2 	5.258553E+0	2.423293E-6 	1.512953E+7	4.474744E+3	-1.592083E+0	4.725816E-5 	5.260936E+0	5.258553E+0
25.0    	98      	5.051985E+0	1.003910E-3	2.36E+1    	25.00     	6759.88 	23.2 	33.2 	5.051957E+0	9.970920E-7 	1.575177E+7	3.121431E+3	-1.573127E+0	3.781975E-4 	5.051985E+0	5.051957E+0
25.0    	99      	5.056330E+0	2.126339E-3	2.10E+1    	25.00     	6762.45 	23.2 	33.2 	5.053711E+0	4.250668E-6 	1.574227E+7	6.522525E+3	-1.593553E+0	2.800595E-4 	5.056330E+0	5.053711E+0
25.0    	100     	5.035055E+0	1.733129E-3	2.08E+1    	25.00     	6765.02 	23.2 	33.2 	5.032670E+0	2.804772E-6 	1.580843E+7	5.350078E+3	-1.592557E+0	2.853653E-4 	5.035055E+0	5.032670E+0
25.0    	101     	5.025655E+0	2.996005E-4	2.10E+1    	25.00     	6767.59 	23.2 	33.2 	5.023402E+0	7.994227E-8 	1.583780E+7	9.165151E+2	-1.591970E+0	1.637071E-4 	5.025655E+0	5.023402E+0
25.0    	102     	5.227214E+0	4.327701E-4	2.18E+1    	25.00     	6770.16 	23.2 	33.2 	5.225077E+0	1.967823E-7 	1.522680E+7	1.276715E+3	-1.591020E+0	5.567764E-5 	5.227214E+0	5.225077E+0
25.0    	103     	5.262233E+0	1.346484E-3	2.08E+1    	25.00     	6772.73 	23.2 	33.2 	5.260130E+0	1.863968E-6 	1.512540E+7	3.897435E+3	-1.590787E+0	9.712535E-5 	5.262233E+0	5.260130E+0
25.0    	104     	5.242851E+0	8.144970E-4	2.34E+1    	25.00     	6775.30 	23.2 	33.2 	5.240744E+0	6.124565E-7 	1.518133E+7	2.311565E+3	-1.590840E+0	2.805352E-4 	5.242851E+0	5.240744E+0
25.0    	105     	5.250592E+0	7.595904E-4	2.36E+1    	25.00     	6777.88 	23.2 	33.2 	5.248495E+0	6.362882E-7 	1.515893E+7	2.247962E+3	-1.590780E+0	2.511971E-4 	5.250592E+0	5.248495E+0
25.0    	106     	5.281020E+0	1.628021E-3	2.06E+1    	25.00     	6780.45 	23.2 	33.2 	5.278928E+0	2.731913E-6 	1.507157E+7	4.682236E+3	-1.590700E+0	1.473092E-4 	5.281020E+0	5.278928E+0
25.0    	107     	5.238014E+0	5.734941E-4	2.23E+1    	25.00     	6783.02 	23.2 	33.2 	5.235899E+0	3.595732E-7 	1.519537E+7	1.700980E+3	-1.590887E+0	2.362908E-4 	5.238014E+0	5.235899E+0
25.0    	108     	5.054069E+0	5.574844E-4	2.37E+1    	25.00     	6785.59 	23.2 	33.2 	5.051777E+0	3.988388E-7 	1.574880E+7	1.852026E+3	-1.592093E+0	3.868247E-4 	5.054069E+0	5.051777E+0
25.0    	109     	5.076975E+0	1.335881E-3	2.39E+1    	25.00     	6788.18 	23.2 	33.2 	5.074552E+0	1.704507E-6 	1.567793E+7	4.077172E+3	-1.592640E+0	3.815757E-4 	5.076975E+0	5.074552E+0
25.0    	110     	5.060379E+0	9.136384E-4	2.08E+1    	25.00     	6790.75 	23.2 	33.2 	5.058124E+0	7.875925E-7 	1.572910E+7	2.800000E+3	-1.591910E+0	1.300000E-4 	5.060379E+0	5.058124E+0
25.0    	111     	5.038095E+0	1.231136E-3	1.99E+1    	25.00     	6793.31 	23.2 	33.2 	5.035684E+0	1.570689E-6 	1.579893E+7	3.894012E+3	-1.592673E+0	3.617089E-4 	5.038095E+0	5.035684E+0
25.0    	112     	5.318511E+0	1.157109E-3	2.32E+1    	25.00     	6795.87 	23.2 	33.2 	5.316706E+0	1.317834E-6 	1.496490E+7	3.241913E+3	-1.589217E+0	3.924708E-4 	5.318511E+0	5.316706E+0
25.0    	113     	5.245716E+0	1.239012E-3	2.20E+1    	25.00     	6798.45 	23.2 	33.2 	5.243452E+0	1.671713E-6 	1.517327E+7	3.661056E+3	-1.591570E+0	3.923009E-4 	5.245716E+0	5.243452E+0
25.0    	114     	5.060914E+0	7.695639E-4	2.39E+1    	25.00     	6801.02 	23.2 	33.2 	5.058276E+0	6.853911E-7 	1.572803E+7	2.482606E+3	-1.593627E+0	2.871121E-4 	5.060914E+0	5.058276E+0
25.0    	115     	5.049015E+0	4.529544E-4	2.24E+1    	25.00     	6803.59 	23.2 	33.2 	5.046596E+0	2.918186E-7 	1.576477E+7	1.550269E+3	-1.592683E+0	4.176522E-4 	5.049015E+0	5.046596E+0
25.0    	116     	5.028834E+0	1.725453E-3	2.00E+1    	25.00     	6806.16 	23.2 	33.2 	5.026381E+0	3.127141E-6 	1.582810E+7	5.499091E+3	-1.592883E+0	2.030599E-4 	5.028834E+0	5.026381E+0
25.0    	117     	5.046864E+0	5.367672E-4	2.03E+1    	25.00     	6808.73 	23.2 	33.2 	5.044501E+0	3.109494E-7 	1.577140E+7	1.708801E+3	-1.592433E+0	2.345918E-4 	5.046864E+0	5.044501E+0
25.0    	118     	5.281320E+0	1.281492E-3	2.10E+1    	25.00     	6811.30 	23.2 	33.2 	5.279188E+0	1.691036E-6 	1.507077E+7	3.682843E+3	-1.590883E+0	4.050103E-4 	5.281320E+0	5.279188E+0
25.0    	119     	5.285139E+0	1.107148E-4	2.07E+1    	25.00     	6813.87 	23.2 	33.2 	5.283059E+0	2.060459E-8 	1.505980E+7	3.605551E+2	-1.590633E+0	1.975686E-4 	5.285139E+0	5.283059E+0
25.0    	120     	5.300518E+0	4.667142E-4	2.20E+1    	25.00     	6816.44 	23.2 	33.2 	5.298389E+0	1.736933E-7 	1.501617E+7	1.250333E+3	-1.590837E+0	3.053413E-4 	5.300518E+0	5.298389E+0
25.0    	121     	5.316162E+0	1.181636E-3	2.22E+1    	25.00     	6819.02 	23.2 	33.2 	5.314106E+0	1.369944E-6 	1.497187E+7	3.312602E+3	-1.590460E+0	5.291503E-5 	5.316162E+0	5.314106E+0
25.0    	122     	5.309709E+0	2.338286E-3	2.32E+1    	25.00     	6821.59 	23.2 	33.2 	5.307629E+0	5.079089E-6 	1.499010E+7	6.483826E+3	-1.590587E+0	4.119871E-4 	5.309709E+0	5.307629E+0
25.0    	123     	5.258353E+0	1.573336E-3	2.11E+1    	25.00     	6824.17 	23.2 	33.2 	5.256224E+0	2.416119E-6 	1.513660E+7	4.503332E+3	-1.590920E+0	1.113553E-4 	5.258353E+0	5.256224E+0
25.0    	124     	5.118884E+0	1.979059E-4	2.06E+1    	25.00     	6826.74 	23.2 	33.2 	5.115788E+0	4.883080E-8 	1.555057E+7	6.350853E+2	-1.595393E+0	1.436431E-4 	5.118884E+0	5.115788E+0
25.0    	125     	5.068991E+0	1.245969E-3	2.14E+1    	25.00     	6829.32 	23.2 	33.2 	5.066610E+0	1.474264E-6 	1.570257E+7	3.810949E+3	-1.592470E+0	2.029778E-4 	5.068991E+0	5.066610E+0
25.0    	126     	5.025991E+0	1.694277E-4	2.19E+1    	25.00     	6831.89 	23.2 	33.2 	5.023616E+0	2.527100E-8 	1.583693E+7	5.131601E+2	-1.592537E+0	2.003331E-4 	5.025991E+0	5.023616E+0
25.0    	127     	5.057846E+0	1.509055E-3	2.26E+1    	25.00     	6834.47 	23.2 	33.2 	5.055536E+0	2.403221E-6 	1.573707E+7	4.760602E+3	-1.592167E+0	1.985783E-4 	5.057846E+0	5.055536E+0
25.0    	128     	5.304093E+0	8.710487E-5	2.02E+1    	25.00     	6837.03 	23.2 	33.2 	5.301971E+0	8.795994E-9 	1.500603E+7	2.516611E+2	-1.590797E+0	1.582193E-4 	5.304093E+0	5.301971E+0
25.0    	129     	5.238010E+0	6.324440E-4	2.18E+1    	25.00     	6839.61 	23.2 	33.2 	5.235903E+0	4.204769E-7 	1.519537E+7	1.858315E+3	-1.590853E+0	1.001665E-4 	5.238010E+0	5.235903E+0
25.0    	130     	5.058484E+0	1.540174E-3	2.41E+1    	25.00     	6842.19 	23.2 	33.2 	5.056182E+0	2.428841E-6 	1.573507E+7	4.821134E+3	-1.592130E+0	9.539392E-5 	5.058484E+0	5.056182E+0
25.0    	131     	5.044106E+0	1.221117E-3	2.10E+1    	25.00     	6844.76 	23.2 	33.2 	5.041760E+0	1.607229E-6 	1.578000E+7	3.893584E+3	-1.592363E+0	2.177919E-4 	5.044106E+0	5.041760E+0
25.0    	132     	5.020119E+0	9.748582E-4	2.40E+1    	25.00     	6847.33 	23.2 	33.2 	5.017699E+0	9.821838E-7 	1.585553E+7	3.102150E+3	-1.592753E+0	4.142865E-4 	5.020119E+0	5.017699E+0
25.0    	133     	5.055828E+0	4.653652E-4	2.17E+1    	25.00     	6849.91 	23.2 	33.2 	5.053570E+0	2.464850E-7 	1.574327E+7	1.497776E+3	-1.591933E+0	1.501111E-4 	5.055828E+0	5.053570E+0
25.0    	134     	5.281900E+0	1.188452E-3	2.35E+1    	25.00     	6852.48 	23.2 	33.2 	5.279799E+0	1.441266E-6 	1.506907E+7	3.407834E+3	-1.590740E+0	2.981610E-4 	5.281900E+0	5.279799E+0
25.0    	135     	5.339201E+0	1.032299E-3	2.16E+1    	25.00     	6855.07 	23.2 	33.2 	5.337132E+0	9.745707E-7 	1.490727E+7	2.818392E+3	-1.590483E+0	3.510461E-4 	5.339201E+0	5.337132E+0
25.0    	136     	5.334928E+0	1.050394E-3	2.02E+1    	25.00     	6857.62 	23.2 	33.2 	5.332866E+0	1.022040E-6 	1.491920E+7	2.882707E+3	-1.590453E+0	1.861003E-4 	5.334928E+0	5.332866E+0
25.0    	137     	5.367644E+0	9.263408E-4	2.27E+1    	25.00     	6860.20 	23.2 	33.2 	5.365618E+0	8.010833E-7 	1.482820E+7	2.515949E+3	-1.590223E+0	1.604161E-4 	5.367644E+0	5.365618E+0
25.0    	138     	5.312993E+0	2.221574E-3	2.30E+1    	25.00     	6862.78 	23.2 	33.2 	5.310890E+0	5.367337E-6 	1.498087E+7	6.401042E+3	-1.590690E+0	4.521062E-4 	5.312993E+0	5.310890E+0
25.0    	139     	5.285460E+0	5.358095E-4	2.21E+1    	25.00     	6865.35 	23.2 	33.2 	5.282574E+0	2.679974E-7 	1.506003E+7	1.501111E+3	-1.594167E+0	8.504901E-5 	5.285460E+0	5.282574E+0
25.0    	140     	5.093437E+0	8.550572E-4	2.14E+1    	25.00     	6867.93 	23.2 	33.2 	5.082716E+0	7.063503E-7 	1.564000E+7	2.605763E+3	-1.524903E+0	6.350853E-5 	5.093437E+0	5.082716E+0
25.0    	141     	5.066529E+0	9.918648E-4	2.11E+1    	25.00     	6870.50 	23.2 	33.2 	5.063288E+0	9.541982E-7 	1.571153E+7	3.053413E+3	-1.596090E+0	6.082763E-5 	5.066529E+0	5.063288E+0
25.0    	142     	5.035186E+0	2.164293E-4	2.18E+1    	25.00     	6873.08 	23.2 	33.2 	5.032899E+0	4.749655E-8 	1.580787E+7	6.806859E+2	-1.592110E+0	1.249000E-4 	5.035186E+0	5.032899E+0
25.0    	143     	5.056568E+0	8.792442E-4	2.10E+1    	25.00     	6875.65 	23.2 	33.2 	5.054222E+0	7.195727E-7 	1.574110E+7	2.688866E+3	-1.592337E+0	1.929594E-4 	5.056568E+0	5.054222E+0
25.0    	144     	5.302768E+0	1.817056E-3	2.37E+1    	25.00     	6878.22 	23.2 	33.2 	5.300753E+0	3.267798E-6 	1.500963E+7	5.131601E+3	-1.590290E+0	4.582576E-5 	5.302768E+0	5.300753E+0
25.0    	145     	5.436246E+0	9.086682E-4	2.06E+1    	25.00     	6880.80 	23.2 	33.2 	5.433904E+0	1.033419E-6 	1.464147E+7	2.592939E+3	-1.591550E+0	4.853864E-4 	5.436246E+0	5.433904E+0
25.0    	146     	5.041281E+0	1.446872E-3	2.09E+1    	25.00     	6883.38 	23.2 	33.2 	5.038878E+0	1.969816E-6 	1.578893E+7	4.463556E+3	-1.592630E+0	2.563201E-4 	5.041281E+0	5.038878E+0
25.0    	147     	5.059534E+0	5.091999E-4	2.30E+1    	25.00     	6885.95 	23.2 	33.2 	5.057211E+0	3.267366E-7 	1.573183E+7	1.680278E+3	-1.592227E+0	3.089229E-4 	5.059534E+0	5.057211E+0
25.0    	148     	5.300610E+0	4.366827E-4	2.05E+1    	25.00     	6888.52 	23.2 	33.2 	5.298578E+0	2.038581E-7 	1.501577E+7	1.258306E+3	-1.590377E+0	7.371115E-5 	5.300610E+0	5.298578E+0
25.0    	149     	5.054492E+0	9.642933E-4	2.31E+1    	25.00     	6891.10 	23.2 	33.2 	5.052124E+0	9.887276E-7 	1.574760E+7	3.051229E+3	-1.592440E+0	2.264950E-4 	5.054492E+0	5.052124E+0
25.0    	150     	5.243713E+0	8.839667E-4	2.42E+1    	25.00     	6893.67 	23.2 	33.2 	5.241540E+0	7.707522E-7 	1.517893E+7	2.550163E+3	-1.591153E+0	1.550269E-4 	5.243713E+0	5.241540E+0
25.0    	151     	5.312217E+0	1.330631E-3	2.36E+1    	25.00     	6896.23 	23.2 	33.2 	5.310129E+0	1.684241E-6 	1.498303E+7	3.707200E+3	-1.590623E+0	1.847521E-4 	5.312217E+0	5.310129E+0
25.0    	152     	5.362453E+0	4.283328E-4	2.35E+1    	25.00     	6898.80 	23.2 	33.2 	5.360419E+0	1.829190E-7 	1.484257E+7	1.184624E+3	-1.590273E+0	8.020806E-5 	5.362453E+0	5.360419E+0
25.0    	153     	5.360035E+0	1.288488E-3	2.06E+1    	25.00     	6901.37 	23.2 	33.2 	5.357927E+0	1.623037E-6 	1.484937E+7	3.550117E+3	-1.590627E+0	1.059874E-4 	5.360035E+0	5.357927E+0
25.0    	154     	5.294285E+0	8.165832E-4	2.31E+1    	25.00     	6903.94 	23.2 	33.2 	5.292214E+0	6.656109E-7 	1.503377E+7	2.318045E+3	-1.590577E+0	6.429101E-5 	5.294285E+0	5.292214E+0
25.0    	155     	5.261187E+0	9.020350E-4	2.28E+1    	25.00     	6906.51 	23.2 	33.2 	5.258996E+0	7.878594E-7 	1.512853E+7	2.573584E+3	-1.591203E+0	1.357694E-4 	5.261187E+0	5.258996E+0
25.0    	156     	5.072266E+0	1.164123E-3	2.10E+1    	25.00     	6909.08 	23.2 	33.2 	5.069040E+0	1.421040E-6 	1.569373E+7	3.646002E+3	-1.596020E+0	1.153256E-4 	5.072266E+0	5.069040E+0
25.0    	157     	5.035112E+0	2.210157E-2	2.04E+1    	25.00     	6911.66 	23.2 	33.2 	5.033273E+0	4.905286E-4 	1.580760E+7	6.964682E+4	-1.589853E+0	1.858019E-3 	5.035112E+0	5.033273E+0
25.0    	158     	5.064180E+0	1.309028E-3	2.05E+1    	25.00     	6914.23 	23.2 	33.2 	5.061942E+0	1.744916E-6 	1.571727E+7	4.082075E+3	-1.591817E+0	2.159475E-4 	5.064180E+0	5.061942E+0
25.0    	159     	5.035380E+0	1.738107E-4	2.37E+1    	25.00     	6916.80 	23.2 	33.2 	5.032981E+0	3.132426E-8 	1.580743E+7	5.507571E+2	-1.592627E+0	1.527525E-5 	5.035380E+0	5.032981E+0
25.0    	160     	5.297133E+0	8.130578E-4	2.10E+1    	25.00     	6919.39 	23.2 	33.2 	5.294978E+0	7.048171E-7 	1.502580E+7	2.343075E+3	-1.590967E+0	2.638813E-4 	5.297133E+0	5.294978E+0
25.0    	161     	2.088184E+0	1.621263E-3	2.07E+1    	25.00     	6921.95 	23.2 	33.2 	2.088177E+0	2.616935E-6 	3.810853E+7	2.955035E+4	-1.569090E+0	6.050620E-4 	2.088184E+0	2.088177E+0
25.0    	162     	5.428184E+0	2.515234E-3	2.42E+1    	25.00     	6924.51 	23.2 	33.2 	5.420483E+0	7.146148E-6 	1.467047E+7	7.015934E+3	-1.608470E+0	4.731807E-4 	5.428184E+0	5.420483E+0
25.0    	163     	5.328400E+0	1.722268E-3	2.14E+1    	25.00     	6927.09 	23.2 	33.2 	5.326349E+0	2.979800E-6 	1.493747E+7	4.834598E+3	-1.590413E+0	1.929594E-4 	5.328400E+0	5.326349E+0
25.0    	164     	5.863284E-1	2.026914E-3	2.17E+1    	25.00     	6929.65 	23.2 	33.2 	5.480618E-1	1.577371E-6 	1.403807E+8	3.915027E+5	-1.829110E+0	3.394422E-3 	5.863284E-1	5.480618E-1
25.0    	165     	5.389022E+0	1.077907E-3	1.99E+1    	25.00     	6932.23 	23.2 	33.2 	5.387214E+0	1.239980E-6 	1.476907E+7	3.002221E+3	-1.589110E+0	3.214032E-4 	5.389022E+0	5.387214E+0
25.0    	166     	5.097217E+0	5.590252E-4	2.10E+1    	25.00     	6934.80 	23.2 	33.2 	5.095049E+0	3.811472E-7 	1.561527E+7	1.800926E+3	-1.591417E+0	3.552933E-4 	5.097217E+0	5.095049E+0
25.0    	167     	5.260124E+0	3.143070E-4	1.99E+1    	25.00     	6937.37 	23.2 	33.2 	5.258020E+0	6.129880E-8 	1.513147E+7	8.082904E+2	-1.590793E+0	3.164385E-4 	5.260124E+0	5.258020E+0
25.0    	168     	5.271574E+0	1.444032E-4	2.17E+1    	25.00     	6939.94 	23.2 	33.2 	5.269443E+0	1.989421E-8 	1.509863E+7	4.041452E+2	-1.590900E+0	2.042058E-4 	5.271574E+0	5.269443E+0
25.0    	169     	5.282755E+0	1.414849E-3	1.98E+1    	25.00     	6942.52 	23.2 	33.2 	5.280604E+0	1.925773E-6 	1.506670E+7	3.996248E+3	-1.590977E+0	2.956913E-4 	5.282755E+0	5.280604E+0
25.0    	170     	5.257904E+0	1.174452E-3	2.12E+1    	25.00     	6945.08 	23.2 	33.2 	5.255910E+0	1.313344E-6 	1.513770E+7	3.340659E+3	-1.590270E+0	2.406242E-4 	5.257904E+0	5.255910E+0
25.0    	171     	5.104936E+0	2.075553E-3	2.24E+1    	25.00     	6947.65 	23.2 	33.2 	5.102780E+0	4.011375E-6 	1.559163E+7	6.230837E+3	-1.591350E+0	3.465545E-4 	5.104936E+0	5.102780E+0
25.0    	172     	5.066572E+0	7.438102E-4	2.34E+1    	25.00     	6950.23 	23.2 	33.2 	5.064254E+0	5.770775E-7 	1.570997E+7	2.328805E+3	-1.592187E+0	3.265476E-4 	5.066572E+0	5.064254E+0
25.0    	173     	5.000553E+0	1.578003E-3	2.29E+1    	25.00     	6952.80 	23.2 	33.2 	4.998062E+0	2.627108E-6 	1.591770E+7	5.092151E+3	-1.593113E+0	3.552933E-4 	5.000553E+0	4.998062E+0
25.0    	174     	5.059881E+0	6.678824E-4	2.11E+1    	25.00     	6955.37 	23.2 	33.2 	5.057657E+0	4.663226E-7 	1.573060E+7	2.100000E+3	-1.591763E+0	7.234178E-5 	5.059881E+0	5.057657E+0
25.0    	175     	5.057833E+0	1.189939E-3	2.12E+1    	25.00     	6957.94 	23.2 	33.2 	5.055505E+0	1.239382E-6 	1.573713E+7	3.583760E+3	-1.592250E+0	3.502856E-4 	5.057833E+0	5.055505E+0
25.0    	176     	5.268837E+0	1.187644E-3	1.99E+1    	25.00     	6960.51 	23.2 	33.2 	5.266783E+0	1.536018E-6 	1.510637E+7	3.477547E+3	-1.590537E+0	5.330416E-4 	5.268837E+0	5.266783E+0
25.0    	177     	5.637479E+0	1.188689E-3	2.36E+1    	25.00     	6963.10 	23.2 	33.2 	5.630609E+0	1.202391E-6 	1.412440E+7	2.861818E+3	-1.605710E+0	3.274141E-4 	5.637479E+0	5.630609E+0
25.0    	178     	2.711346E+0	6.876833E-2	2.30E+1    	25.00     	6965.67 	23.2 	33.2 	1.805877E+0	1.446986E-3 	3.597570E+7	8.298754E+5	-9.547103E-1	3.054648E-3 	2.711346E+0	1.805877E+0
25.0    	179     	5.248612E+0	9.987516E-4	2.06E+1    	25.00     	6968.24 	23.2 	33.2 	5.241642E+0	9.903034E-7 	1.517170E+7	2.882707E+3	-1.607247E+0	1.266228E-4 	5.248612E+0	5.241642E+0
25.0    	180     	5.344913E+0	1.180878E-3	2.41E+1    	25.00     	6970.80 	23.2 	33.2 	5.343035E+0	1.339992E-6 	1.489107E+7	3.257811E+3	-1.589543E+0	2.573584E-4 	5.344913E+0	5.343035E+0
25.0    	181     	5.000514E+0	9.691667E-4	2.37E+1    	25.00     	6973.39 	23.2 	33.2 	4.998206E+0	1.027324E-6 	1.591753E+7	3.156475E+3	-1.592280E+0	2.137756E-4 	5.000514E+0	4.998206E+0
25.0    	182     	5.085000E+0	9.246494E-4	2.03E+1    	25.00     	6975.96 	23.2 	33.2 	5.082697E+0	8.061770E-7 	1.565300E+7	2.805352E+3	-1.592080E+0	1.777639E-4 	5.085000E+0	5.082697E+0
25.0    	183     	5.070623E+0	1.019302E-3	2.15E+1    	25.00     	6978.53 	23.2 	33.2 	5.068443E+0	1.040441E-6 	1.569720E+7	3.157531E+3	-1.591533E+0	5.686241E-5 	5.070623E+0	5.068443E+0
25.0    	184     	5.103492E+0	1.058612E-3	2.04E+1    	25.00     	6981.09 	23.2 	33.2 	5.101147E+0	1.151768E-6 	1.559633E+7	3.257811E+3	-1.592237E+0	7.094599E-5 	5.103492E+0	5.101147E+0
25.0    	185     	5.099828E+0	1.173236E-3	2.03E+1    	25.00     	6983.67 	23.2 	33.2 	5.097641E+0	1.358831E-6 	1.560730E+7	3.579106E+3	-1.591503E+0	1.450287E-4 	5.099828E+0	5.097641E+0
25.0    	186     	5.057715E+0	1.096156E-3	2.43E+1    	25.00     	6986.24 	23.2 	33.2 	5.055537E+0	1.085019E-6 	1.573727E+7	3.326159E+3	-1.591550E+0	2.707397E-4 	5.057715E+0	5.055537E+0
25.0    	187     	5.066273E+0	5.049268E-4	1.97E+1    	25.00     	6988.81 	23.2 	33.2 	5.064102E+0	2.978946E-7 	1.571067E+7	1.628906E+3	-1.591497E+0	2.335237E-4 	5.066273E+0	5.064102E+0
25.0    	188     	5.013595E+0	9.789977E-4	2.21E+1    	25.00     	6991.39 	23.2 	33.2 	5.011240E+0	8.797784E-7 	1.587607E+7	3.035347E+3	-1.592473E+0	2.285461E-4 	5.013595E+0	5.011240E+0
25.0    	189     	5.042763E+0	1.818668E-3	2.09E+1    	25.00     	6993.96 	23.2 	33.2 	5.040568E+0	3.267287E-6 	1.578397E+7	5.675679E+3	-1.591657E+0	3.592121E-4 	5.042763E+0	5.040568E+0
25.0    	190     	5.027889E+0	1.201017E-3	2.34E+1    	25.00     	6996.54 	23.2 	33.2 	5.025675E+0	1.467507E-6 	1.583070E+7	3.798684E+3	-1.591780E+0	1.417745E-4 	5.027889E+0	5.025675E+0
25.0    	191     	5.061440E+0	1.555508E-3	2.03E+1    	25.00     	6999.11 	23.2 	33.2 	5.059144E+0	2.355697E-6 	1.572587E+7	4.801389E+3	-1.592100E+0	1.058301E-4 	5.061440E+0	5.059144E+0
25.0    	192     	5.247932E+0	1.318529E-3	2.22E+1    	25.00     	7001.69 	23.2 	33.2 	5.245732E+0	1.691499E-6 	1.516677E+7	3.785939E+3	-1.591277E+0	9.018500E-5 	5.247932E+0	5.245732E+0
25.0    	193     	5.303073E+0	3.048826E-4	2.43E+1    	25.00     	7004.26 	23.2 	33.2 	5.301083E+0	8.117318E-8 	1.500873E+7	8.326664E+2	-1.590167E+0	2.247962E-4 	5.303073E+0	5.301083E+0
25.0    	194     	5.199308E+0	2.097668E-3	2.07E+1    	25.00     	7006.84 	23.2 	33.2 	5.191841E+0	5.194770E-6 	1.531640E+7	6.450581E+3	-1.608700E+0	4.744470E-4 	5.199308E+0	5.191841E+0
25.0    	195     	5.254865E+0	1.588566E-3	1.99E+1    	25.00     	7009.40 	23.2 	33.2 	5.252632E+0	2.474046E-6 	1.514680E+7	4.557412E+3	-1.591410E+0	1.014889E-4 	5.254865E+0	5.252632E+0
25.0    	196     	5.045885E+0	9.118954E-4	2.22E+1    	25.00     	7011.99 	23.2 	33.2 	5.043646E+0	8.056571E-7 	1.577427E+7	2.829016E+3	-1.591860E+0	9.539392E-5 	5.045885E+0	5.043646E+0
25.0    	197     	5.051664E+0	1.390070E-3	2.10E+1    	25.00     	7014.56 	23.2 	33.2 	5.049437E+0	1.995450E-6 	1.575620E+7	4.371499E+3	-1.591793E+0	1.274101E-4 	5.051664E+0	5.049437E+0
25.0    	198     	5.010822E+0	6.518117E-4	2.09E+1    	25.00     	7017.13 	23.2 	33.2 	5.008606E+0	4.373197E-7 	1.588463E+7	2.081666E+3	-1.591827E+0	4.932883E-5 	5.010822E+0	5.008606E+0
25.0    	199     	5.014446E+0	1.333180E-3	1.97E+1    	25.00     	7019.70 	23.2 	33.2 	5.012200E+0	1.814769E-6 	1.587320E+7	4.243819E+3	-1.591960E+0	9.165151E-5 	5.014446E+0	5.012200E+0
25.0    	200     	5.029185E+0	1.461070E-3	2.13E+1    	25.00     	7022.28 	23.2 	33.2 	5.027026E+0	2.054772E-6 	1.582653E+7	4.554485E+3	-1.591517E+0	1.823001E-4 	5.029185E+0	5.027026E+0
25.0    	201     	5.046498E+0	2.215452E-3	2.14E+1    	25.00     	7024.84 	23.2 	33.2 	5.044292E+0	4.884139E-6 	1.577230E+7	6.915924E+3	-1.591703E+0	2.631223E-4 	5.046498E+0	5.044292E+0
25.0    	202     	5.034855E+0	1.986464E-3	2.35E+1    	25.00     	7027.42 	23.2 	33.2 	5.032658E+0	3.785863E-6 	1.580877E+7	6.171980E+3	-1.591683E+0	4.366158E-4 	5.034855E+0	5.032658E+0
25.0    	203     	5.001080E+0	1.999414E-3	2.15E+1    	25.00     	7030.00 	23.2 	33.2 	4.998876E+0	3.907202E-6 	1.591557E+7	6.328770E+3	-1.591793E+0	1.921805E-4 	5.001080E+0	4.998876E+0
25.0    	204     	5.036953E+0	9.949392E-4	2.07E+1    	25.00     	7032.57 	23.2 	33.2 	5.034721E+0	9.959623E-7 	1.580223E+7	3.126233E+3	-1.591850E+0	1.646208E-4 	5.036953E+0	5.034721E+0
25.0    	205     	5.026824E+0	3.348712E-4	2.04E+1    	25.00     	7035.15 	23.2 	33.2 	5.024454E+0	1.160312E-7 	1.583430E+7	1.058301E+3	-1.592507E+0	3.274650E-4 	5.026824E+0	5.024454E+0
25.0    	206     	5.302190E+0	4.584231E-4	2.23E+1    	25.00     	7037.71 	23.2 	33.2 	5.299729E+0	1.609402E-7 	1.501190E+7	1.216553E+3	-1.592340E+0	2.783882E-4 	5.302190E+0	5.299729E+0
25.0    	207     	5.022977E+0	4.240117E-4	2.04E+1    	25.00     	7040.29 	23.2 	33.2 	5.020711E+0	2.261221E-7 	1.584627E+7	1.418920E+3	-1.592037E+0	2.608320E-4 	5.022977E+0	5.020711E+0
25.0    	208     	5.271922E+0	5.686239E-4	2.13E+1    	25.00     	7042.86 	23.2 	33.2 	5.269956E+0	3.531631E-7 	1.509740E+7	1.664332E+3	-1.590110E+0	2.351595E-4 	5.271922E+0	5.269956E+0
25.0    	209     	5.289336E+0	2.000420E-3	2.06E+1    	25.00     	7045.43 	23.2 	33.2 	5.287431E+0	4.075811E-6 	1.504760E+7	5.719266E+3	-1.589777E+0	2.055075E-4 	5.289336E+0	5.287431E+0
25.0    	210     	5.257436E+0	1.765827E-3	2.32E+1    	25.00     	7048.01 	23.2 	33.2 	5.255290E+0	3.226217E-6 	1.513927E+7	5.128678E+3	-1.591000E+0	1.473092E-4 	5.257436E+0	5.255290E+0
25.0    	211     	1.294053E+0	1.354347E-3	2.14E+1    	25.00     	7050.58 	23.2 	33.2 	1.288605E+0	1.809960E-6 	6.162467E+7	6.442626E+4	-1.635723E+0	4.301550E-4 	1.294053E+0	1.288605E+0
25.0    	212     	5.253663E+0	1.443655E-3	2.08E+1    	25.00     	7053.15 	23.2 	33.2 	5.251637E+0	2.115117E-6 	1.514997E+7	4.178915E+3	-1.590437E+0	5.507571E-5 	5.253663E+0	5.251637E+0
25.0    	213     	5.044925E+0	8.483211E-4	2.32E+1    	25.00     	7055.72 	23.2 	33.2 	5.042730E+0	6.932827E-7 	1.577720E+7	2.628688E+3	-1.591660E+0	1.044031E-4 	5.044925E+0	5.042730E+0
25.0    	214     	5.041986E+0	1.145545E-3	2.00E+1    	25.00     	7058.30 	23.2 	33.2 	5.039662E+0	1.155404E-6 	1.578660E+7	3.477068E+3	-1.592263E+0	3.251666E-4 	5.041986E+0	5.039662E+0
25.0    	215     	5.157283E+0	2.570365E-3	2.05E+1    	25.00     	7060.87 	23.2 	33.2 	5.148038E+0	6.329156E-6 	1.544397E+7	7.619930E+3	-1.613147E+0	1.429452E-4 	5.157283E+0	5.148038E+0
25.0    	216     	5.028946E+0	5.014601E-4	2.05E+1    	25.00     	7063.44 	23.2 	33.2 	5.026778E+0	2.572128E-7 	1.582730E+7	1.587451E+3	-1.591560E+0	3.000000E-5 	5.028946E+0	5.026778E+0
25.0    	217     	5.029048E+0	9.767300E-4	2.12E+1    	25.00     	7066.01 	23.2 	33.2 	5.026951E+0	9.165083E-7 	1.582687E+7	3.043572E+3	-1.591220E+0	1.228821E-4 	5.029048E+0	5.026951E+0
25.0    	218     	5.053796E+0	7.434719E-4	2.26E+1    	25.00     	7068.58 	23.2 	33.2 	5.051601E+0	5.869028E-7 	1.574950E+7	2.351595E+3	-1.591640E+0	2.271563E-4 	5.053796E+0	5.051601E+0
25.0    	219     	5.271438E+0	1.114869E-3	2.16E+1    	25.00     	7071.16 	23.2 	33.2 	5.268811E+0	1.185578E-6 	1.509973E+7	3.156475E+3	-1.593123E+0	1.386843E-4 	5.271438E+0	5.268811E+0
25.0    	220     	5.038799E+0	1.732622E-3	2.04E+1    	25.00     	7073.73 	23.2 	33.2 	5.036701E+0	2.811821E-6 	1.579623E+7	5.346338E+3	-1.591200E+0	2.688866E-4 	5.038799E+0	5.036701E+0
25.0    	221     	5.308858E+0	1.090848E-3	2.10E+1    	25.00     	7076.30 	23.2 	33.2 	5.306308E+0	1.207662E-6 	1.499317E+7	3.092464E+3	-1.592717E+0	8.082904E-5 	5.308858E+0	5.306308E+0
25.0    	222     	1.189727E+0	2.387581E-4	2.21E+1    	25.00     	7078.87 	23.2 	33.2 	1.181080E+0	2.774998E-7 	6.713160E+7	1.597999E+4	-1.485473E+0	2.953935E-3 	1.189727E+0	1.181080E+0
25.0    	223     	5.255046E+0	1.500962E-3	2.30E+1    	25.00     	7081.44 	23.2 	33.2 	5.252405E+0	2.410233E-6 	1.514687E+7	4.401515E+3	-1.593217E+0	2.409011E-4 	5.255046E+0	5.252405E+0
25.0    	224     	5.304161E+0	1.578552E-3	2.38E+1    	25.00     	7084.02 	23.2 	33.2 	5.302092E+0	2.572152E-6 	1.500577E+7	4.501481E+3	-1.590550E+0	3.218695E-4 	5.304161E+0	5.302092E+0
25.0    	225     	5.269925E+0	1.576102E-3	2.43E+1    	25.00     	7086.60 	23.2 	33.2 	5.267998E+0	2.604505E-6 	1.510307E+7	4.570923E+3	-1.589920E+0	2.351595E-4 	5.269925E+0	5.267998E+0
25.0    	226     	5.058888E+0	1.639836E-3	2.44E+1    	25.00     	7089.17 	23.2 	33.2 	5.056722E+0	2.844025E-6 	1.573360E+7	5.173007E+3	-1.591490E+0	2.523886E-4 	5.058888E+0	5.056722E+0
25.0    	227     	5.258321E+0	6.481649E-4	2.18E+1    	25.00     	7091.75 	23.2 	33.2 	5.256210E+0	3.600433E-7 	1.513667E+7	1.795364E+3	-1.590830E+0	3.377869E-4 	5.258321E+0	5.256210E+0
25.0    	228     	5.020259E+0	7.164289E-4	2.04E+1    	25.00     	7094.31 	23.2 	33.2 	5.018107E+0	5.827922E-7 	1.585467E+7	2.335237E+3	-1.591503E+0	3.807011E-4 	5.020259E+0	5.018107E+0
25.0    	229     	5.277628E+0	1.118669E-3	2.28E+1    	25.00     	7096.87 	23.2 	33.2 	5.274781E+0	1.420332E-6 	1.508233E+7	3.302020E+3	-1.594023E+0	3.271595E-4 	5.277628E+0	5.274781E+0
25.0    	230     	5.154169E+0	1.071134E-3	2.31E+1    	25.00     	7099.44 	23.2 	33.2 	5.145304E+0	1.075839E-6 	1.545273E+7	3.162805E+3	-1.612280E+0	8.888194E-5 	5.154169E+0	5.145304E+0
25.0    	231     	4.302483E+0	6.078430E-3	2.12E+1    	25.00     	7102.01 	23.2 	33.2 	3.463334E+0	9.342573E-5 	2.061507E+7	4.307962E+4	-1.113380E+0	1.460411E-3 	4.302483E+0	3.463334E+0
25.0    	232     	5.154700E+0	7.696008E-4	2.14E+1    	25.00     	7104.59 	23.2 	33.2 	5.145840E+0	4.976028E-7 	1.545113E+7	2.212088E+3	-1.612267E+0	1.588500E-4 	5.154700E+0	5.145840E+0
25.0    	233     	5.053350E+0	1.405401E-3	2.40E+1    	25.00     	7107.16 	23.2 	33.2 	5.051256E+0	2.145165E-6 	1.575073E+7	4.473626E+3	-1.591153E+0	3.592121E-4 	5.053350E+0	5.051256E+0
25.0    	234     	5.262459E+0	6.048157E-4	2.21E+1    	25.00     	7109.74 	23.2 	33.2 	5.259951E+0	3.855093E-7 	1.512533E+7	1.761628E+3	-1.592630E+0	9.848858E-5 	5.262459E+0	5.259951E+0
25.0    	235     	1.339886E+0	2.452669E-3	2.35E+1    	25.00     	7112.32 	23.2 	33.2 	1.332294E+0	5.454015E-6 	5.956033E+7	1.065237E+5	-1.495460E+0	1.080555E-3 	1.339886E+0	1.332294E+0
25.0    	236     	5.285728E+0	1.719658E-3	2.15E+1    	25.00     	7114.89 	23.2 	33.2 	5.283219E+0	2.862682E-6 	1.505873E+7	4.860384E+3	-1.592583E+0	2.050203E-4 	5.285728E+0	5.283219E+0
25.0    	237     	5.018669E+0	8.221030E-4	2.00E+1    	25.00     	7117.45 	23.2 	33.2 	5.016427E+0	5.895189E-7 	1.585983E+7	2.510644E+3	-1.591930E+0	4.028647E-4 	5.018669E+0	5.016427E+0
25.0    	238     	5.256175E+0	8.943435E-4	2.09E+1    	25.00     	7120.01 	23.2 	33.2 	5.253450E+0	6.588749E-7 	1.514373E+7	2.458319E+3	-1.593567E+0	3.458805E-4 	5.256175E+0	5.253450E+0
25.0    	239     	5.078612E+0	4.529749E-4	2.13E+1    	25.00     	7122.59 	23.2 	33.2 	5.076455E+0	2.413910E-7 	1.567247E+7	1.457166E+3	-1.591410E+0	1.928730E-4 	5.078612E+0	5.076455E+0
25.0    	240     	5.285216E+0	4.806050E-4	2.38E+1    	25.00     	7125.15 	23.2 	33.2 	5.283216E+0	2.181090E-7 	1.505947E+7	1.350309E+3	-1.590250E+0	6.557439E-5 	5.285216E+0	5.283216E+0
25.0    	241     	5.474072E+0	9.825106E-4	2.12E+1    	25.00     	7127.73 	23.2 	33.2 	5.472262E+0	1.011738E-6 	1.453957E+7	2.640707E+3	-1.588980E+0	1.752142E-4 	5.474072E+0	5.472262E+0
25.0    	242     	5.277498E+0	8.018514E-4	2.06E+1    	25.00     	7130.30 	23.2 	33.2 	5.275494E+0	6.603410E-7 	1.508150E+7	2.306513E+3	-1.590283E+0	2.285461E-4 	5.277498E+0	5.275494E+0
25.0    	243     	5.282217E+0	1.325002E-3	2.31E+1    	25.00     	7132.87 	23.2 	33.2 	5.280253E+0	1.793252E-6 	1.506797E+7	3.800439E+3	-1.590080E+0	1.252996E-4 	5.282217E+0	5.280253E+0
25.0    	244     	5.518121E+0	3.355278E-4	2.41E+1    	25.00     	7135.45 	23.2 	33.2 	5.515559E+0	9.925575E-8 	1.442447E+7	8.504901E+2	-1.592347E+0	8.621678E-5 	5.518121E+0	5.515559E+0
25.0    	245     	1.317814E+0	2.049539E-3	2.43E+1    	25.00     	7138.04 	23.2 	33.2 	1.291305E+0	2.242177E-6 	6.100273E+7	8.132911E+4	-1.428500E+0	2.274621E-3 	1.317814E+0	1.291305E+0
25.0    	246     	5.534595E+0	1.887030E-3	2.24E+1    	25.00     	7140.60 	23.2 	33.2 	5.531871E+0	3.820323E-6 	1.438173E+7	4.990324E+3	-1.592980E+0	4.396590E-4 	5.534595E+0	5.531871E+0
25.0    	247     	5.399780E+0	1.891789E-3	2.41E+1    	25.00     	7143.17 	23.2 	33.2 	5.392560E+0	3.817305E-6 	1.474703E+7	5.253887E+3	-1.607370E+0	2.078461E-4 	5.399780E+0	5.392560E+0
25.0    	248     	5.269589E+0	1.136915E-3	2.41E+1    	25.00     	7145.74 	23.2 	33.2 	5.267753E+0	1.295386E-6 	1.510390E+7	3.260368E+3	-1.589463E+0	2.122106E-4 	5.269589E+0	5.267753E+0
25.0    	249     	5.269388E+0	8.519891E-4	2.28E+1    	25.00     	7148.32 	23.2 	33.2 	5.267465E+0	8.031755E-7 	1.510460E+7	2.505993E+3	-1.589897E+0	2.218859E-4 	5.269388E+0	5.267465E+0
25.0    	250     	5.283550E+0	1.711896E-3	2.16E+1    	25.00     	7150.89 	23.2 	33.2 	5.281655E+0	2.837846E-6 	1.506407E+7	4.841832E+3	-1.589737E+0	1.625833E-4 	5.283550E+0	5.281655E+0
25.0    	251     	5.480559E+0	3.807266E-4	2.45E+1    	25.00     	7153.47 	23.2 	33.2 	5.478236E+0	1.407188E-7 	1.452303E+7	1.001665E+3	-1.591383E+0	2.886751E-5 	5.480559E+0	5.478236E+0
25.0    	252     	5.243471E+0	1.629489E-3	2.09E+1    	25.00     	7156.04 	23.2 	33.2 	5.241437E+0	2.629045E-6 	1.517943E+7	4.705670E+3	-1.590493E+0	1.159023E-4 	5.243471E+0	5.241437E+0
25.0    	253     	5.277708E+0	1.557159E-3	2.09E+1    	25.00     	7158.62 	23.2 	33.2 	5.275774E+0	2.575055E-6 	1.508080E+7	4.517743E+3	-1.589940E+0	2.666458E-4 	5.277708E+0	5.275774E+0
25.0    	254     	5.311447E+0	2.634685E-4	2.15E+1    	25.00     	7161.19 	23.2 	33.2 	5.309621E+0	9.634108E-8 	1.498483E+7	8.082904E+2	-1.589337E+0	2.909181E-4 	5.311447E+0	5.309621E+0
25.0    	255     	5.286710E+0	4.830331E-4	2.05E+1    	25.00     	7163.76 	23.2 	33.2 	5.284834E+0	2.359631E-7 	1.505503E+7	1.379613E+3	-1.589637E+0	6.506407E-5 	5.286710E+0	5.284834E+0
25.0    	256     	5.482141E+0	5.794564E-4	2.27E+1    	25.00     	7166.34 	23.2 	33.2 	5.480328E+0	3.854820E-7 	1.451817E+7	1.588500E+3	-1.588980E+0	3.195309E-4 	5.482141E+0	5.480328E+0
25.0    	257     	5.636074E+0	1.858904E-3	2.40E+1    	25.00     	7168.91 	23.2 	33.2 	5.634060E+0	3.599761E-6 	1.412183E+7	4.705670E+3	-1.589703E+0	2.100794E-4 	5.636074E+0	5.634060E+0
25.0    	258     	8.094300E+0	8.000635E-4	2.38E+1    	25.00     	7171.49 	23.2 	33.2 	8.093330E+0	6.525479E-7 	9.831887E+6	9.765415E+2	-1.581743E+0	1.096966E-4 	8.094300E+0	8.093330E+0
25.0    	259     	1.125309E+1	6.516018E-4	2.31E+1    	25.00     	7174.07 	23.2 	33.2 	1.125279E+1	4.112851E-7 	7.071703E+6	4.062429E+2	-1.575933E+0	1.159023E-4 	1.125309E+1	1.125279E+1
25.0    	260     	2.369694E+1	1.501906E-4	2.39E+1    	25.00     	7176.65 	23.2 	33.2 	2.369609E+1	2.062138E-8 	3.358193E+6	2.081666E+1	-1.564813E+0	2.516611E-5 	2.369694E+1	2.369609E+1
25.0    	261     	2.820540E+1	9.050959E-4	2.36E+1    	25.00     	7179.22 	23.2 	33.2 	2.820339E+1	7.864388E-7 	2.821457E+6	8.962886E+1	-1.562357E+0	4.041452E-5 	2.820540E+1	2.820339E+1
25.0    	262     	3.430663E+1	1.085763E-3	2.09E+1    	25.00     	7181.80 	23.2 	33.2 	3.430204E+1	1.316047E-6 	2.319750E+6	7.549834E+1	-1.559230E+0	7.937254E-5 	3.430663E+1	3.430204E+1
25.0    	263     	5.029086E+1	6.310520E-4	2.00E+1    	25.00     	7184.37 	23.2 	33.2 	5.027273E+1	4.100778E-7 	1.582630E+6	2.000000E+1	-1.551807E+0	2.081666E-5 	5.029086E+1	5.027273E+1
25.0    	264     	1.102286E+2	6.183824E-4	2.19E+1    	25.00     	7186.94 	23.2 	33.2 	1.100154E+2	3.809116E-7 	7.226303E+5	4.041452E+0	-1.526810E+0	1.000000E-5 	1.102286E+2	1.100154E+2
30.0    	1       	5.209003E+0	7.860492E-4	6.41E+1    	30.00     	7218.82 	23.2 	33.2 	5.206942E+0	5.293158E-7 	1.527993E+7	2.218859E+3	-1.590683E+0	3.955165E-4 	5.209003E+0	5.206942E+0
30.0    	2       	5.309457E+0	1.793781E-3	2.45E+1    	30.00     	7221.26 	23.2 	33.2 	5.307503E+0	3.316981E-6 	1.499063E+7	5.105226E+3	-1.589980E+0	1.385641E-4 	5.309457E+0	5.307503E+0
30.0    	3       	5.849940E-1	4.201629E-4	2.28E+1    	30.00     	7223.82 	23.2 	33.2 	5.420745E-1	3.638866E-7 	1.413140E+8	1.292942E+5	-1.845087E+0	7.150058E-4 	5.849940E-1	5.420745E-1
30.0    	4       	5.553904E+0	1.715301E-3	2.25E+1    	30.00     	7226.43 	23.2 	33.2 	5.551945E+0	2.992721E-6 	1.433073E+7	4.445597E+3	-1.589577E+0	2.354428E-4 	5.553904E+0	5.551945E+0
30.0    	5       	1.208204E+0	7.543214E-4	2.55E+1    	30.00     	7229.00 	23.2 	33.2 	1.207906E+0	5.249560E-7 	6.587240E+7	4.030434E+4	-1.586493E+0	9.569918E-4 	1.208204E+0	1.207906E+0
30.0    	6       	5.216487E+0	1.226165E-3	2.49E+1    	30.00     	7231.57 	23.2 	33.2 	5.214022E+0	1.419705E-6 	1.525860E+7	3.536948E+3	-1.592537E+0	1.721434E-4 	5.216487E+0	5.214022E+0
30.0    	7       	4.948346E+0	4.004202E-4	2.43E+1    	30.00     	7234.14 	23.2 	33.2 	4.945986E+0	1.624317E-7 	1.608547E+7	1.305118E+3	-1.592633E+0	1.474223E-4 	4.948346E+0	4.945986E+0
30.0    	8       	4.947659E+0	1.170825E-3	2.33E+1    	30.00     	7236.73 	23.2 	33.2 	4.945525E+0	1.363535E-6 	1.608733E+7	3.803069E+3	-1.591567E+0	3.055050E-5 	4.947659E+0	4.945525E+0
30.0    	9       	4.913864E+0	1.348870E-3	2.51E+1    	30.00     	7239.30 	23.2 	33.2 	4.911628E+0	1.827505E-6 	1.619817E+7	4.452340E+3	-1.592130E+0	8.888194E-5 	4.913864E+0	4.911628E+0
30.0    	10      	5.247992E+0	1.181253E-3	2.31E+1    	30.00     	7241.86 	23.2 	33.2 	5.227688E+0	1.457970E-6 	1.519283E+7	3.453018E+3	-1.633037E+0	2.993883E-4 	5.247992E+0	5.227688E+0
30.0    	11      	3.899364E+0	3.453478E-2	2.39E+1    	30.00     	7244.43 	23.2 	33.2 	2.902581E+0	1.567438E-3 	2.365583E+7	2.641318E+5	-1.040707E+0	4.136500E-3 	3.899364E+0	2.902581E+0
30.0    	12      	2.044091E+0	5.779693E-3	2.33E+1    	30.00     	7247.01 	23.2 	33.2 	2.042717E+0	2.673179E-5 	3.894377E+7	1.041978E+5	-1.545267E+0	5.497930E-3 	2.044091E+0	2.042717E+0
30.0    	13      	5.164823E+0	1.494576E-3	2.43E+1    	30.00     	7249.57 	23.2 	33.2 	5.161756E+0	2.474099E-6 	1.541217E+7	4.578573E+3	-1.595167E+0	3.481858E-4 	5.164823E+0	5.161756E+0
30.0    	14      	4.992862E+0	8.090989E-4	2.58E+1    	30.00     	7252.14 	23.2 	33.2 	4.990575E+0	6.771347E-7 	1.594190E+7	2.605763E+3	-1.592197E+0	1.150362E-4 	4.992862E+0	4.990575E+0
30.0    	15      	5.009304E+0	8.004680E-4	2.20E+1    	30.00     	7254.72 	23.2 	33.2 	5.006888E+0	6.197035E-7 	1.588977E+7	2.514624E+3	-1.592760E+0	4.215448E-4 	5.009304E+0	5.006888E+0
30.0    	16      	5.177829E+0	3.659064E-4	2.55E+1    	30.00     	7257.29 	23.2 	33.2 	5.175822E+0	1.413812E-7 	1.537187E+7	1.101514E+3	-1.590487E+0	5.033223E-5 	5.177829E+0	5.175822E+0
30.0    	17      	4.931195E+0	1.925024E-3	2.55E+1    	30.00     	7259.86 	23.2 	33.2 	4.928811E+0	3.954252E-6 	1.614147E+7	6.406507E+3	-1.592783E+0	3.066486E-4 	4.931195E+0	4.928811E+0
30.0    	18      	4.692348E+0	5.351135E-4	2.15E+1    	30.00     	7262.43 	23.2 	33.2 	4.689594E+0	2.216843E-7 	1.696397E+7	1.817507E+3	-1.595027E+0	3.329164E-4 	4.692348E+0	4.689594E+0
30.0    	19      	4.962169E+0	1.129530E-3	2.20E+1    	30.00     	7265.00 	23.2 	33.2 	4.960808E+0	1.338774E-6 	1.603903E+7	3.696395E+3	-1.587357E+0	1.778576E-4 	4.962169E+0	4.960808E+0
30.0    	20      	4.622221E+0	1.198503E-3	2.38E+1    	30.00     	7267.58 	23.2 	33.2 	4.619422E+0	1.375413E-6 	1.722150E+7	4.419276E+3	-1.595403E+0	1.429452E-4 	4.622221E+0	4.619422E+0
30.0    	21      	4.882598E+0	1.021372E-3	2.54E+1    	30.00     	7270.15 	23.2 	33.1 	4.879593E+0	1.038653E-6 	1.630320E+7	3.407345E+3	-1.595610E+0	1.732051E-5 	4.882598E+0	4.879593E+0
30.0    	22      	4.638906E+0	5.516084E-4	2.44E+1    	30.00     	7272.72 	23.2 	33.2 	4.636147E+0	2.951040E-7 	1.715947E+7	2.023199E+3	-1.595187E+0	2.411086E-4 	4.638906E+0	4.636147E+0
30.0    	23      	4.624387E+0	6.363035E-4	2.26E+1    	30.00     	7275.29 	23.2 	33.2 	4.621676E+0	4.652232E-7 	1.721327E+7	2.454248E+3	-1.595010E+0	2.306513E-4 	4.624387E+0	4.621676E+0
30.0    	24      	4.630542E+0	2.374300E-3	2.25E+1    	30.00     	7277.86 	23.2 	33.1 	4.627857E+0	5.228786E-6 	1.719033E+7	8.655827E+3	-1.594877E+0	3.962743E-4 	4.630542E+0	4.627857E+0
30.0    	25      	4.798675E+0	2.357386E-3	2.32E+1    	30.00     	7280.44 	23.2 	33.1 	4.786018E+0	5.575559E-6 	1.660513E+7	8.173942E+3	-1.622177E+0	4.041452E-5 	4.798675E+0	4.786018E+0
30.0    	26      	3.134087E+0	5.869684E-3	2.25E+1    	30.00     	7283.01 	23.2 	33.1 	2.323321E+0	2.264039E-5 	2.949043E+7	5.775209E+4	-1.037217E+0	2.122106E-4 	3.134087E+0	2.323321E+0
30.0    	27      	4.962162E+0	2.880865E-3	2.52E+1    	30.00     	7285.58 	23.2 	33.1 	4.939319E+0	8.947966E-6 	1.607390E+7	9.535722E+3	-1.638697E+0	1.844813E-4 	4.962162E+0	4.939319E+0
30.0    	28      	4.851954E+0	2.898068E-4	2.48E+1    	30.00     	7288.14 	23.2 	33.1 	4.848279E+0	8.524083E-8 	1.640733E+7	9.814955E+2	-1.598320E+0	1.552417E-4 	4.851954E+0	4.848279E+0
30.0    	29      	4.635110E+0	5.542955E-4	2.37E+1    	30.00     	7290.72 	23.2 	33.1 	4.632381E+0	3.213433E-7 	1.717347E+7	2.074448E+3	-1.595063E+0	2.837840E-4 	4.635110E+0	4.632381E+0
30.0    	30      	4.631220E+0	1.118426E-3	2.49E+1    	30.00     	7293.29 	23.2 	33.1 	4.628561E+0	1.153492E-6 	1.718777E+7	4.069808E+3	-1.594763E+0	1.975686E-4 	4.631220E+0	4.628561E+0
30.0    	31      	4.670486E+0	9.032579E-4	2.49E+1    	30.00     	7295.86 	23.2 	33.1 	4.667767E+0	7.563697E-7 	1.704333E+7	3.234708E+3	-1.594927E+0	2.250185E-4 	4.670486E+0	4.667767E+0
30.0    	32      	4.942384E+0	9.591054E-4	2.16E+1    	30.00     	7298.43 	23.2 	33.1 	4.940030E+0	1.019199E-6 	1.610487E+7	3.208323E+3	-1.592623E+0	2.358672E-4 	4.942384E+0	4.940030E+0
30.0    	33      	4.934339E+0	1.354818E-3	2.51E+1    	30.00     	7301.01 	23.2 	33.1 	4.931963E+0	1.731285E-6 	1.613117E+7	4.366158E+3	-1.592743E+0	1.814754E-4 	4.934339E+0	4.931963E+0
30.0    	34      	4.638206E+0	9.146803E-4	2.48E+1    	30.00     	7303.57 	23.2 	33.1 	4.635549E+0	8.025740E-7 	1.716187E+7	3.350124E+3	-1.594733E+0	9.504385E-5 	4.638206E+0	4.635549E+0
30.0    	35      	4.608724E+0	1.414636E-3	2.15E+1    	30.00     	7306.15 	23.2 	33.1 	4.606023E+0	2.153022E-6 	1.727177E+7	5.400309E+3	-1.595003E+0	3.942503E-4 	4.608724E+0	4.606023E+0
30.0    	36      	4.636551E+0	2.813273E-3	2.40E+1    	30.00     	7308.72 	23.2 	33.1 	4.633786E+0	8.087786E-6 	1.716820E+7	1.047473E+4	-1.595220E+0	2.007486E-4 	4.636551E+0	4.633786E+0
30.0    	37      	4.846381E+0	6.532509E-4	2.29E+1    	30.00     	7311.29 	23.2 	33.1 	4.840451E+0	4.392162E-7 	1.643003E+7	2.227854E+3	-1.605783E+0	2.454248E-4 	4.846381E+0	4.840451E+0
30.0    	38      	4.641699E+0	2.218088E-3	2.25E+1    	30.00     	7313.86 	23.2 	33.1 	4.639070E+0	5.021025E-6 	1.714890E+7	8.239539E+3	-1.594597E+0	4.309679E-4 	4.641699E+0	4.639070E+0
30.0    	39      	4.645816E+0	4.581913E-4	2.47E+1    	30.00     	7316.44 	23.2 	33.1 	4.643076E+0	2.421176E-7 	1.713390E+7	1.752142E+3	-1.595083E+0	1.908752E-4 	4.645816E+0	4.643076E+0
30.0    	40      	4.647437E+0	8.902501E-4	2.47E+1    	30.00     	7319.01 	23.2 	33.1 	4.642992E+0	8.622622E-7 	1.713107E+7	3.353108E+3	-1.601727E+0	1.942507E-4 	4.647437E+0	4.642992E+0
30.0    	41      	4.573411E+0	1.863590E-3	2.20E+1    	30.00     	7321.58 	23.2 	33.1 	4.541319E+0	5.847290E-6 	1.746140E+7	8.146165E+3	-1.486933E+0	1.006098E-3 	4.573411E+0	4.541319E+0
30.0    	42      	4.812129E+0	2.768047E-3	2.42E+1    	30.00     	7324.16 	23.2 	33.1 	4.799771E+0	8.097472E-6 	1.655813E+7	9.671780E+3	-1.621493E+0	2.983845E-4 	4.812129E+0	4.799771E+0
30.0    	43      	4.653222E+0	1.037634E-3	2.38E+1    	30.00     	7326.73 	23.2 	33.1 	4.650531E+0	1.048296E-6 	1.710653E+7	3.789899E+3	-1.594843E+0	2.173323E-4 	4.653222E+0	4.650531E+0
30.0    	44      	4.626486E+0	7.205817E-4	2.32E+1    	30.00     	7329.32 	23.2 	33.1 	4.623876E+0	5.675522E-7 	1.720527E+7	2.739221E+3	-1.594550E+0	3.044667E-4 	4.626486E+0	4.623876E+0
30.0    	45      	4.650304E+0	5.168785E-4	2.18E+1    	30.00     	7331.90 	23.2 	33.1 	4.647651E+0	2.818041E-7 	1.711720E+7	1.928730E+3	-1.594683E+0	6.429101E-5 	4.650304E+0	4.647651E+0
30.0    	46      	4.633983E+0	1.119089E-3	2.40E+1    	30.00     	7334.46 	23.2 	33.1 	4.631261E+0	1.384881E-6 	1.717763E+7	4.257151E+3	-1.595033E+0	2.592939E-4 	4.633983E+0	4.631261E+0
30.0    	47      	4.631255E+0	7.588492E-4	2.22E+1    	30.00     	7337.03 	23.2 	33.1 	4.628364E+0	5.375917E-7 	1.718807E+7	2.768273E+3	-1.595780E+0	2.325941E-4 	4.631255E+0	4.628364E+0
30.0    	48      	4.927810E+0	4.537665E-4	2.48E+1    	30.00     	7339.60 	23.2 	33.1 	4.925359E+0	2.137592E-7 	1.615267E+7	1.501111E+3	-1.593100E+0	1.345362E-4 	4.927810E+0	4.925359E+0
30.0    	49      	4.946525E+0	1.266242E-3	2.29E+1    	30.00     	7342.18 	23.2 	33.1 	4.944180E+0	1.647131E-6 	1.609137E+7	4.147690E+3	-1.592570E+0	8.660254E-5 	4.946525E+0	4.944180E+0
30.0    	50      	4.609654E+0	1.323588E-3	2.54E+1    	30.00     	7344.75 	23.2 	33.1 	4.606729E+0	1.971775E-6 	1.726870E+7	5.109795E+3	-1.595987E+0	4.650090E-4 	4.609654E+0	4.606729E+0
30.0    	51      	4.633917E+0	1.885358E-3	2.24E+1    	30.00     	7347.33 	23.2 	33.1 	4.631237E+0	3.457965E-6 	1.717780E+7	6.941902E+3	-1.594850E+0	1.126943E-4 	4.633917E+0	4.631237E+0
30.0    	52      	4.855578E+0	2.109062E-3	2.22E+1    	30.00     	7349.90 	23.2 	33.1 	4.850020E+0	5.305539E-6 	1.639827E+7	7.454082E+3	-1.604633E+0	6.101093E-4 	4.855578E+0	4.850020E+0
30.0    	53      	1.726157E+0	3.017878E-2	2.46E+1    	30.00     	7352.47 	23.2 	33.1 	1.402748E+0	1.405238E-4 	5.114607E+7	6.678469E+5	-1.123307E+0	9.622153E-3 	1.726157E+0	1.402748E+0
30.0    	54      	4.811905E+0	8.858234E-4	2.46E+1    	30.00     	7355.07 	23.2 	33.1 	4.806202E+0	7.447618E-7 	1.654743E+7	3.008876E+3	-1.605230E+0	8.544004E-5 	4.811905E+0	4.806202E+0
30.0    	55      	4.655623E+0	1.886149E-4	2.15E+1    	30.00     	7357.64 	23.2 	33.1 	4.652918E+0	4.556199E-8 	1.709773E+7	7.371115E+2	-1.594900E+0	1.562050E-4 	4.655623E+0	4.652918E+0
30.0    	56      	4.646491E+0	4.501801E-4	2.32E+1    	30.00     	7360.20 	23.2 	33.1 	4.642402E+0	2.619370E-7 	1.713390E+7	1.769181E+3	-1.600467E+0	3.501904E-4 	4.646491E+0	4.642402E+0
30.0    	57      	4.653292E+0	4.596941E-4	2.47E+1    	30.00     	7362.77 	23.2 	33.1 	4.646765E+0	3.113836E-7 	1.711333E+7	1.871719E+3	-1.608257E+0	3.002221E-4 	4.653292E+0	4.646765E+0
30.0    	58      	4.652977E+0	1.339171E-4	2.40E+1    	30.00     	7365.34 	23.2 	33.1 	4.650268E+0	1.528976E-8 	1.710747E+7	4.725816E+2	-1.594930E+0	8.888194E-5 	4.652977E+0	4.650268E+0
30.0    	59      	4.597875E+0	4.911443E-4	2.54E+1    	30.00     	7367.92 	23.2 	33.1 	4.594925E+0	1.836190E-7 	1.731300E+7	1.732051E+3	-1.596130E+0	2.688866E-4 	4.597875E+0	4.594925E+0
30.0    	60      	4.645468E+0	1.267871E-3	2.45E+1    	30.00     	7370.49 	23.2 	33.1 	4.642575E+0	1.510461E-6 	1.713547E+7	4.605793E+3	-1.595753E+0	2.569695E-4 	4.645468E+0	4.642575E+0
30.0    	61      	4.950273E+0	2.049115E-3	2.20E+1    	30.00     	7373.06 	23.2 	33.1 	4.947814E+0	4.334771E-6 	1.607937E+7	6.709943E+3	-1.593087E+0	2.600641E-4 	4.950273E+0	4.947814E+0
30.0    	62      	4.962645E+0	7.688765E-4	2.49E+1    	30.00     	7375.64 	23.2 	33.1 	4.960393E+0	4.876386E-7 	1.603893E+7	2.371357E+3	-1.592100E+0	3.318132E-4 	4.962645E+0	4.960393E+0
30.0    	63      	4.643145E+0	5.214219E-4	2.45E+1    	30.00     	7378.21 	23.2 	33.1 	4.640401E+0	2.949791E-7 	1.714377E+7	1.965536E+3	-1.595107E+0	1.201388E-4 	4.643145E+0	4.640401E+0
30.0    	64      	5.104144E+0	6.665548E-4	2.53E+1    	30.00     	7380.80 	23.2 	33.1 	5.101018E+0	5.015913E-7 	1.559553E+7	2.100794E+3	-1.595547E+0	1.800926E-4 	5.104144E+0	5.101018E+0
30.0    	65      	4.918055E+0	1.665923E-3	2.30E+1    	30.00     	7383.37 	23.2 	33.1 	4.915552E+0	2.677204E-6 	1.618480E+7	5.434151E+3	-1.593357E+0	1.792577E-4 	4.918055E+0	4.915552E+0
30.0    	66      	4.626236E+0	2.205588E-4	2.39E+1    	30.00     	7385.93 	23.2 	33.1 	4.623517E+0	1.859288E-8 	1.720640E+7	6.557439E+2	-1.595040E+0	4.521062E-4 	4.626236E+0	4.623517E+0
30.0    	67      	4.663241E+0	5.809851E-4	2.44E+1    	30.00     	7388.50 	23.2 	33.1 	4.660550E+0	3.078262E-7 	1.706977E+7	2.079263E+3	-1.594820E+0	1.153256E-4 	4.663241E+0	4.660550E+0
30.0    	68      	4.642628E+0	6.703629E-4	2.40E+1    	30.00     	7391.07 	23.2 	33.1 	4.639871E+0	4.190213E-7 	1.714570E+7	2.433105E+3	-1.595167E+0	1.619671E-4 	4.642628E+0	4.639871E+0
30.0    	69      	4.806585E+0	2.128929E-3	2.50E+1    	30.00     	7393.66 	23.2 	33.1 	4.800356E+0	4.953800E-6 	1.656667E+7	7.507552E+3	-1.606803E+0	2.993883E-4 	4.806585E+0	4.800356E+0
30.0    	70      	4.640747E+0	1.417110E-3	2.28E+1    	30.00     	7396.24 	23.2 	33.1 	4.638037E+0	1.856716E-6 	1.715257E+7	5.139390E+3	-1.594967E+0	2.409011E-4 	4.640747E+0	4.638037E+0
30.0    	71      	4.593333E+0	1.098027E-3	2.36E+1    	30.00     	7398.81 	23.2 	33.1 	4.589055E+0	1.098006E-6 	1.733263E+7	4.050103E+3	-1.601320E+0	2.080865E-4 	4.593333E+0	4.589055E+0
30.0    	72      	4.594905E+0	7.040336E-4	2.20E+1    	30.00     	7401.37 	23.2 	33.1 	4.575317E+0	3.719327E-7 	1.735567E+7	2.396525E+3	-1.505460E+0	6.032412E-4 	4.594905E+0	4.575317E+0
30.0    	73      	4.621233E+0	6.702914E-4	2.23E+1    	30.00     	7403.93 	23.2 	33.1 	4.603482E+0	2.220889E-6 	1.725313E+7	3.962743E+3	-1.508793E+0	1.620319E-3 	4.621233E+0	4.603482E+0
30.0    	74      	4.614049E+0	2.480222E-3	2.14E+1    	30.00     	7406.50 	23.2 	33.1 	4.609938E+0	6.199971E-6 	1.725447E+7	9.300179E+3	-1.600650E+0	4.358899E-5 	4.614049E+0	4.609938E+0
30.0    	75      	4.640460E+0	3.825671E-3	2.31E+1    	30.00     	7409.07 	23.2 	33.1 	4.637966E+0	1.343744E-5 	1.715323E+7	1.385364E+4	-1.593973E+0	7.471501E-4 	4.640460E+0	4.637966E+0
30.0    	76      	4.937909E+0	3.340715E-4	2.57E+1    	30.00     	7411.66 	23.2 	33.1 	4.935839E+0	1.268852E-7 	1.611900E+7	1.126943E+3	-1.591273E+0	1.101514E-4 	4.937909E+0	4.935839E+0
30.0    	77      	5.814346E-1	2.242180E-3	2.41E+1    	30.00     	7414.23 	23.2 	33.1 	5.475168E-1	4.891639E-6 	1.410410E+8	5.447486E+5	-1.814720E+0	3.275653E-3 	5.814346E-1	5.475168E-1
30.0    	78      	5.870463E-1	8.740279E-4	2.27E+1    	30.00     	7416.79 	23.2 	33.1 	5.527166E-1	1.481557E-6 	1.397023E+8	2.407682E+5	-1.815030E+0	3.033463E-3 	5.870463E-1	5.527166E-1
30.0    	79      	5.192907E+0	2.738134E-3	2.40E+1    	30.00     	7419.36 	23.2 	33.1 	5.190152E+0	7.760267E-6 	1.532833E+7	8.156184E+3	-1.593830E+0	4.176123E-4 	5.192907E+0	5.190152E+0
30.0    	80      	1.676976E+0	1.814506E-3	2.14E+1    	30.00     	7421.94 	23.2 	33.1 	1.665840E+0	2.262206E-6 	4.761133E+7	4.725107E+4	-1.489223E+0	1.095460E-3 	1.676976E+0	1.665840E+0
30.0    	81      	4.893481E+0	1.074346E-3	2.52E+1    	30.00     	7424.51 	23.2 	33.1 	4.890916E+0	1.130683E-6 	1.626620E+7	3.551056E+3	-1.593690E+0	3.477068E-4 	4.893481E+0	4.890916E+0
30.0    	82      	4.663935E+0	2.321862E-3	2.40E+1    	30.00     	7427.08 	23.2 	33.1 	4.660987E+0	5.673365E-6 	1.706770E+7	8.608717E+3	-1.595937E+0	5.161718E-4 	4.663935E+0	4.660987E+0
30.0    	83      	4.664525E+0	3.435421E-4	2.41E+1    	30.00     	7429.65 	23.2 	33.1 	4.661780E+0	8.697704E-8 	1.706517E+7	1.167619E+3	-1.595053E+0	2.311565E-4 	4.664525E+0	4.661780E+0
30.0    	84      	4.653676E+0	7.931927E-4	2.50E+1    	30.00     	7432.24 	23.2 	33.1 	4.650947E+0	5.935039E-7 	1.710493E+7	2.872862E+3	-1.595013E+0	2.608320E-4 	4.653676E+0	4.650947E+0
30.0    	85      	4.666138E+0	1.235455E-3	2.26E+1    	30.00     	7434.81 	23.2 	33.1 	4.663539E+0	1.727621E-6 	1.705900E+7	4.660472E+3	-1.594400E+0	4.543127E-4 	4.666138E+0	4.663539E+0
30.0    	86      	4.689948E+0	8.606818E-4	2.18E+1    	30.00     	7437.37 	23.2 	33.1 	4.687388E+0	7.075169E-7 	1.697230E+7	3.078961E+3	-1.594160E+0	2.165641E-4 	4.689948E+0	4.687388E+0
30.0    	87      	4.839629E+0	1.933229E-3	2.52E+1    	30.00     	7439.94 	23.2 	33.1 	4.837209E+0	3.822853E-6 	1.644700E+7	6.609085E+3	-1.593160E+0	1.300000E-4 	4.839629E+0	4.837209E+0
30.0    	88      	4.857174E+0	1.329723E-3	2.22E+1    	30.00     	7442.51 	23.2 	33.1 	4.853298E+0	1.703720E-6 	1.639003E+7	4.446722E+3	-1.599050E+0	1.053565E-4 	4.857174E+0	4.853298E+0
30.0    	89      	4.839769E+0	5.932159E-4	2.50E+1    	30.00     	7445.08 	23.2 	33.1 	4.835912E+0	4.136849E-7 	1.644897E+7	2.100794E+3	-1.599030E+0	2.381176E-4 	4.839769E+0	4.835912E+0
30.0    	90      	4.816666E+0	1.845389E-3	2.43E+1    	30.00     	7447.66 	23.2 	33.1 	4.814225E+0	3.263262E-6 	1.652547E+7	6.264450E+3	-1.593310E+0	2.586503E-4 	4.816666E+0	4.814225E+0
30.0    	91      	4.707484E+0	3.860905E-4	2.20E+1    	30.00     	7450.23 	23.2 	33.1 	4.704956E+0	1.595688E-7 	1.690900E+7	1.410674E+3	-1.593970E+0	1.153256E-4 	4.707484E+0	4.704956E+0
30.0    	92      	4.681733E+0	9.005545E-4	2.36E+1    	30.00     	7452.79 	23.2 	33.1 	4.679112E+0	7.929871E-7 	1.700220E+7	3.251154E+3	-1.594460E+0	2.600000E-4 	4.681733E+0	4.679112E+0
30.0    	93      	4.966081E+0	6.697682E-4	2.23E+1    	30.00     	7455.36 	23.2 	33.1 	4.963850E+0	5.625964E-7 	1.602780E+7	2.291288E+3	-1.591987E+0	4.042689E-4 	4.966081E+0	4.963850E+0
30.0    	94      	5.004958E+0	9.125694E-4	2.21E+1    	30.00     	7457.94 	23.2 	33.1 	5.002919E+0	7.187708E-7 	1.590297E+7	2.797022E+3	-1.590980E+0	3.207803E-4 	5.004958E+0	5.002919E+0
30.0    	95      	4.675557E+0	1.148151E-3	2.42E+1    	30.00     	7460.51 	23.2 	33.1 	4.672807E+0	1.246250E-6 	1.702490E+7	4.124318E+3	-1.595050E+0	1.400000E-4 	4.675557E+0	4.672807E+0
30.0    	96      	5.156808E+0	1.266551E-3	2.34E+1    	30.00     	7463.08 	23.2 	33.1 	5.153782E+0	1.565126E-6 	1.543607E+7	3.768731E+3	-1.595020E+0	1.252996E-4 	5.156808E+0	5.153782E+0
30.0    	97      	4.882368E+0	1.587897E-3	2.54E+1    	30.00     	7465.65 	23.2 	33.1 	4.879644E+0	2.537559E-6 	1.630350E+7	5.311309E+3	-1.594417E+0	1.662328E-4 	4.882368E+0	4.879644E+0
30.0    	98      	4.667881E+0	5.563787E-4	2.46E+1    	30.00     	7468.22 	23.2 	33.1 	4.667778E+0	2.923296E-7 	1.704807E+7	2.003331E+3	-1.575490E+0	3.604164E-4 	4.667881E+0	4.667778E+0
30.0    	99      	4.672274E+0	2.550172E-3	2.32E+1    	30.00     	7470.80 	23.2 	33.1 	4.669360E+0	6.702105E-6 	1.703717E+7	9.371410E+3	-1.595770E+0	1.752142E-4 	4.672274E+0	4.669360E+0
30.0    	100     	4.657263E+0	5.549602E-4	2.19E+1    	30.00     	7473.37 	23.2 	33.1 	4.654600E+0	3.168453E-7 	1.709163E+7	2.050203E+3	-1.594713E+0	2.003331E-4 	4.657263E+0	4.654600E+0
30.0    	101     	4.645910E+0	1.333953E-3	2.51E+1    	30.00     	7475.94 	23.2 	33.1 	4.643290E+0	1.808378E-6 	1.713333E+7	4.939973E+3	-1.594543E+0	1.040833E-4 	4.645910E+0	4.643290E+0
30.0    	102     	4.829171E+0	2.163787E-3	2.49E+1    	30.00     	7478.52 	23.2 	33.1 	4.826709E+0	4.843569E-6 	1.648270E+7	7.450503E+3	-1.593380E+0	1.752142E-4 	4.829171E+0	4.826709E+0
30.0    	103     	4.856810E+0	1.701060E-3	2.23E+1    	30.00     	7481.09 	23.2 	33.1 	4.854373E+0	2.641316E-6 	1.638883E+7	5.612783E+3	-1.593197E+0	3.666515E-4 	4.856810E+0	4.854373E+0
30.0    	104     	4.844186E+0	7.426666E-4	2.16E+1    	30.00     	7483.67 	23.2 	33.1 	4.841780E+0	5.463519E-7 	1.643150E+7	2.511971E+3	-1.593087E+0	2.458319E-4 	4.844186E+0	4.841780E+0
30.0    	105     	4.849465E+0	1.448802E-3	2.28E+1    	30.00     	7486.24 	23.2 	33.1 	4.847084E+0	2.293074E-6 	1.641357E+7	5.014313E+3	-1.592957E+0	3.701801E-4 	4.849465E+0	4.847084E+0
30.0    	106     	4.871084E+0	1.311313E-3	2.51E+1    	30.00     	7488.82 	23.2 	33.1 	4.868684E+0	1.449408E-6 	1.634073E+7	4.219400E+3	-1.592993E+0	5.118919E-4 	4.871084E+0	4.868684E+0
30.0    	107     	4.832404E+0	6.982190E-4	2.51E+1    	30.00     	7491.39 	23.2 	33.1 	4.829981E+0	5.268488E-7 	1.647160E+7	2.426932E+3	-1.593190E+0	1.907878E-4 	4.832404E+0	4.829981E+0
30.0    	108     	4.673506E+0	6.447429E-4	2.30E+1    	30.00     	7493.96 	23.2 	33.1 	4.670942E+0	4.924974E-7 	1.703203E+7	2.454248E+3	-1.594220E+0	2.651415E-4 	4.673506E+0	4.670942E+0
30.0    	109     	4.693130E+0	1.316755E-3	2.48E+1    	30.00     	7496.54 	23.2 	33.1 	4.690380E+0	1.697252E-6 	1.696113E+7	4.735328E+3	-1.595003E+0	1.550269E-4 	4.693130E+0	4.690380E+0
30.0    	110     	4.673186E+0	5.018926E-4	2.52E+1    	30.00     	7499.11 	23.2 	33.1 	4.670622E+0	2.548189E-7 	1.703320E+7	1.833030E+3	-1.594223E+0	2.177919E-4 	4.673186E+0	4.670622E+0
30.0    	111     	4.655469E+0	5.520218E-4	2.46E+1    	30.00     	7501.70 	23.2 	33.1 	4.652709E+0	2.940503E-7 	1.709840E+7	2.007486E+3	-1.595143E+0	2.554082E-4 	4.655469E+0	4.652709E+0
30.0    	112     	4.931231E+0	6.882228E-4	2.21E+1    	30.00     	7504.26 	23.2 	33.1 	4.928876E+0	4.889960E-7 	1.614130E+7	2.271563E+3	-1.592650E+0	5.291503E-5 	4.931231E+0	4.928876E+0
30.0    	113     	4.869000E+0	1.770968E-3	2.29E+1    	30.00     	7506.84 	23.2 	33.1 	4.866439E+0	3.230887E-6 	1.634800E+7	5.992495E+3	-1.593733E+0	2.400694E-4 	4.869000E+0	4.866439E+0
30.0    	114     	4.673035E+0	3.907346E-4	2.12E+1    	30.00     	7509.41 	23.2 	33.1 	4.670060E+0	1.212093E-7 	1.703450E+7	1.345362E+3	-1.596027E+0	2.400694E-4 	4.673035E+0	4.670060E+0
30.0    	115     	4.660415E+0	1.109324E-3	2.47E+1    	30.00     	7511.98 	23.2 	33.1 	4.657682E+0	1.346350E-6 	1.708020E+7	4.158125E+3	-1.595013E+0	3.803069E-4 	4.660415E+0	4.657682E+0
30.0    	116     	4.652428E+0	4.822776E-4	2.21E+1    	30.00     	7514.56 	23.2 	33.1 	4.649602E+0	2.242146E-7 	1.710970E+7	1.757840E+3	-1.595447E+0	5.773503E-5 	4.652428E+0	4.649602E+0
30.0    	117     	4.666318E+0	1.011479E-3	2.23E+1    	30.00     	7517.13 	23.2 	33.1 	4.663668E+0	9.495173E-7 	1.705843E+7	3.629509E+3	-1.594627E+0	3.089229E-4 	4.666318E+0	4.663668E+0
30.0    	118     	4.873797E+0	6.371361E-4	2.43E+1    	30.00     	7519.72 	23.2 	33.1 	4.871358E+0	3.715769E-7 	1.633170E+7	2.088061E+3	-1.593170E+0	2.433105E-4 	4.873797E+0	4.871358E+0
30.0    	119     	4.878823E+0	1.168612E-3	2.20E+1    	30.00     	7522.28 	23.2 	33.1 	4.876447E+0	1.255612E-6 	1.631477E+7	3.827967E+3	-1.592870E+0	2.253886E-4 	4.878823E+0	4.876447E+0
30.0    	120     	4.906929E+0	1.130783E-3	2.28E+1    	30.00     	7524.85 	23.2 	33.1 	4.904591E+0	1.098516E-6 	1.622123E+7	3.601851E+3	-1.592623E+0	4.200397E-4 	4.906929E+0	4.904591E+0
30.0    	121     	4.919820E+0	5.631458E-4	2.58E+1    	30.00     	7527.42 	23.2 	33.1 	4.917453E+0	3.232716E-7 	1.617877E+7	1.861003E+3	-1.592730E+0	8.544004E-5 	4.919820E+0	4.917453E+0
30.0    	122     	4.906447E+0	9.221915E-4	2.45E+1    	30.00     	7530.00 	23.2 	33.1 	4.904106E+0	7.827698E-7 	1.622283E+7	2.987195E+3	-1.592640E+0	2.783882E-4 	4.906447E+0	4.904106E+0
30.0    	123     	4.847167E+0	8.315756E-4	2.51E+1    	30.00     	7532.57 	23.2 	33.1 	4.844677E+0	6.543691E-7 	1.642153E+7	2.779089E+3	-1.593463E+0	1.501111E-4 	4.847167E+0	4.844677E+0
30.0    	124     	4.732686E+0	1.463708E-3	2.16E+1    	30.00     	7535.14 	23.2 	33.1 	4.729184E+0	1.903742E-6 	1.682067E+7	5.052062E+3	-1.598000E+0	4.911212E-4 	4.732686E+0	4.729184E+0
30.0    	125     	4.679319E+0	1.058778E-3	2.11E+1    	30.00     	7537.72 	23.2 	33.1 	4.676536E+0	9.716285E-7 	1.701127E+7	3.716629E+3	-1.595183E+0	3.347138E-4 	4.679319E+0	4.676536E+0
30.0    	126     	4.642519E+0	1.011634E-3	2.31E+1    	30.00     	7540.29 	23.2 	33.1 	4.639818E+0	1.111073E-6 	1.714600E+7	3.815757E+3	-1.594917E+0	2.030599E-4 	4.642519E+0	4.639818E+0
30.0    	127     	4.671668E+0	9.112599E-4	2.48E+1    	30.00     	7542.86 	23.2 	33.1 	4.668996E+0	8.560938E-7 	1.703893E+7	3.350124E+3	-1.594717E+0	6.506407E-5 	4.671668E+0	4.668996E+0
30.0    	128     	4.917831E+0	2.381784E-4	2.21E+1    	30.00     	7545.43 	23.2 	33.1 	4.915370E+0	4.770243E-8 	1.618547E+7	7.505553E+2	-1.593167E+0	1.379613E-4 	4.917831E+0	4.915370E+0
30.0    	129     	4.861339E+0	1.318440E-3	2.58E+1    	30.00     	7548.01 	23.2 	33.1 	4.858878E+0	1.529597E-6 	1.637360E+7	4.303487E+3	-1.593297E+0	4.225321E-4 	4.861339E+0	4.858878E+0
30.0    	130     	4.671838E+0	7.761597E-4	2.35E+1    	30.00     	7550.57 	23.2 	33.1 	4.669209E+0	6.062247E-7 	1.703823E+7	2.836077E+3	-1.594520E+0	6.244998E-5 	4.671838E+0	4.669209E+0
30.0    	131     	4.656326E+0	1.852696E-3	2.32E+1    	30.00     	7553.15 	23.2 	33.1 	4.653668E+0	3.337153E-6 	1.709507E+7	6.757465E+3	-1.594687E+0	1.761628E-4 	4.656326E+0	4.653668E+0
30.0    	132     	4.643348E+0	6.797785E-4	2.59E+1    	30.00     	7555.72 	23.2 	33.1 	4.640686E+0	3.632180E-7 	1.714287E+7	2.367136E+3	-1.594740E+0	3.858756E-4 	4.643348E+0	4.640686E+0
30.0    	133     	4.674494E+0	1.662592E-3	2.12E+1    	30.00     	7558.29 	23.2 	33.1 	4.671894E+0	2.804204E-6 	1.702850E+7	6.080296E+3	-1.594383E+0	1.301281E-4 	4.674494E+0	4.671894E+0
30.0    	134     	4.873754E+0	6.047448E-4	2.25E+1    	30.00     	7560.86 	23.2 	33.1 	4.871302E+0	3.661089E-7 	1.633187E+7	2.025669E+3	-1.593227E+0	2.315887E-4 	4.873754E+0	4.871302E+0
30.0    	135     	4.924413E+0	3.601228E-4	2.17E+1    	30.00     	7563.44 	23.2 	33.1 	4.922131E+0	1.207932E-7 	1.616353E+7	1.159023E+3	-1.592327E+0	2.328805E-4 	4.924413E+0	4.922131E+0
30.0    	136     	4.928597E+0	6.153926E-4	2.23E+1    	30.00     	7566.03 	23.2 	33.1 	4.926199E+0	3.828492E-7 	1.615000E+7	2.022375E+3	-1.592857E+0	2.081666E-5 	4.928597E+0	4.926199E+0
30.0    	137     	4.954768E+0	8.519384E-4	2.21E+1    	30.00     	7568.59 	23.2 	33.1 	4.952437E+0	7.992697E-7 	1.606457E+7	2.830783E+3	-1.592490E+0	2.007486E-4 	4.954768E+0	4.952437E+0
30.0    	138     	4.907809E+0	1.205547E-3	2.45E+1    	30.00     	7571.15 	23.2 	33.1 	4.905506E+0	1.411208E-6 	1.621827E+7	3.955165E+3	-1.592457E+0	2.542309E-4 	4.907809E+0	4.905506E+0
30.0    	139     	4.872407E+0	1.146180E-4	2.42E+1    	30.00     	7573.72 	23.2 	33.1 	4.869130E+0	1.297510E-9 	1.633777E+7	2.516611E+2	-1.596730E+0	3.151190E-4 	4.872407E+0	4.869130E+0
30.0    	140     	4.707907E+0	6.080823E-4	2.49E+1    	30.00     	7576.30 	23.2 	33.1 	4.700955E+0	2.664893E-7 	1.691543E+7	2.020726E+3	-1.532360E+0	2.570992E-4 	4.707907E+0	4.700955E+0
30.0    	141     	4.677165E+0	1.593708E-3	2.54E+1    	30.00     	7578.87 	23.2 	33.1 	4.673506E+0	2.409039E-6 	1.702070E+7	5.726255E+3	-1.598770E+0	2.605763E-4 	4.677165E+0	4.673506E+0
30.0    	142     	4.649653E+0	2.643557E-4	2.24E+1    	30.00     	7581.45 	23.2 	33.1 	4.646980E+0	5.769877E-8 	1.711963E+7	9.291573E+2	-1.594773E+0	1.078579E-4 	4.649653E+0	4.646980E+0
30.0    	143     	4.670903E+0	1.715742E-4	2.43E+1    	30.00     	7584.02 	23.2 	33.1 	4.668245E+0	1.492695E-8 	1.704170E+7	5.291503E+2	-1.594650E+0	3.051229E-4 	4.670903E+0	4.668245E+0
30.0    	144     	4.917260E+0	1.170117E-3	2.17E+1    	30.00     	7586.59 	23.2 	33.1 	4.914848E+0	1.453960E-6 	1.618727E+7	3.911948E+3	-1.592943E+0	1.942507E-4 	4.917260E+0	4.914848E+0
30.0    	145     	5.054318E+0	8.476007E-4	2.17E+1    	30.00     	7589.17 	23.2 	33.1 	5.051636E+0	6.668809E-7 	1.574863E+7	2.592939E+3	-1.593833E+0	2.136196E-4 	5.054318E+0	5.051636E+0
30.0    	146     	4.659102E+0	7.040280E-4	2.34E+1    	30.00     	7591.73 	23.2 	33.1 	4.656304E+0	5.205803E-7 	1.708513E+7	2.610236E+3	-1.595303E+0	3.600463E-4 	4.659102E+0	4.656304E+0
30.0    	147     	4.672890E+0	1.463113E-3	2.29E+1    	30.00     	7594.29 	23.2 	33.1 	4.670206E+0	2.193465E-6 	1.703450E+7	5.367495E+3	-1.594767E+0	1.171893E-4 	4.672890E+0	4.670206E+0
30.0    	148     	4.917567E+0	1.053277E-3	2.40E+1    	30.00     	7596.87 	23.2 	33.1 	4.915291E+0	9.779459E-7 	1.618603E+7	3.362043E+3	-1.592310E+0	3.034798E-4 	4.917567E+0	4.915291E+0
30.0    	149     	4.670179E+0	7.978514E-4	2.41E+1    	30.00     	7599.45 	23.2 	33.1 	4.667508E+0	6.513326E-7 	1.704437E+7	2.929733E+3	-1.594713E+0	4.509250E-5 	4.670179E+0	4.667508E+0
30.0    	150     	4.839411E+0	1.058746E-3	2.24E+1    	30.00     	7602.03 	23.2 	33.1 	4.836878E+0	1.189382E-6 	1.644793E+7	3.652853E+3	-1.593673E+0	2.272297E-4 	4.839411E+0	4.836878E+0
30.0    	151     	4.904625E+0	7.370180E-4	2.20E+1    	30.00     	7604.59 	23.2 	33.1 	4.902219E+0	5.908686E-7 	1.622897E+7	2.490649E+3	-1.592947E+0	2.345918E-4 	4.904625E+0	4.902219E+0
30.0    	152     	4.945661E+0	1.202015E-4	2.24E+1    	30.00     	7607.15 	23.2 	33.1 	4.943302E+0	2.187070E-8 	1.609420E+7	4.358899E+2	-1.592640E+0	1.400000E-4 	4.945661E+0	4.943302E+0
30.0    	153     	4.942711E+0	9.135546E-4	2.23E+1    	30.00     	7609.73 	23.2 	33.1 	4.940316E+0	8.054380E-7 	1.610387E+7	2.950141E+3	-1.592810E+0	1.734935E-4 	4.942711E+0	4.940316E+0
30.0    	154     	4.889149E+0	9.214286E-4	2.24E+1    	30.00     	7612.32 	23.2 	33.1 	4.886774E+0	7.794372E-7 	1.628030E+7	3.004996E+3	-1.592837E+0	1.792577E-4 	4.889149E+0	4.886774E+0
30.0    	155     	4.853625E+0	1.207133E-3	2.85E+1    	30.00     	7614.87 	23.2 	33.1 	4.851143E+0	1.307482E-6 	1.639967E+7	3.971566E+3	-1.593410E+0	3.000000E-4 	4.853625E+0	4.851143E+0
30.0    	156     	4.685695E+0	1.596233E-3	2.29E+1    	30.00     	7617.45 	23.2 	33.1 	4.682075E+0	2.536749E-6 	1.698963E+7	5.783886E+3	-1.598593E+0	1.101514E-4 	4.685695E+0	4.682075E+0
30.0    	157     	4.680387E+0	2.374652E-2	2.27E+1    	30.00     	7620.01 	23.2 	33.1 	4.676878E+0	5.828475E-4 	1.700900E+7	8.680029E+4	-1.597877E+0	5.046190E-3 	4.680387E+0	4.676878E+0
30.0    	158     	4.676584E+0	9.555435E-4	2.45E+1    	30.00     	7622.58 	23.2 	33.1 	4.674050E+0	9.585839E-7 	1.702077E+7	3.521837E+3	-1.594073E+0	1.305118E-4 	4.676584E+0	4.674050E+0
30.0    	159     	4.653017E+0	6.041750E-4	2.24E+1    	30.00     	7625.15 	23.2 	33.1 	4.650318E+0	3.912607E-7 	1.710730E+7	2.260531E+3	-1.594883E+0	1.778576E-4 	4.653017E+0	4.650318E+0
30.0    	160     	4.910640E+0	1.330949E-3	2.17E+1    	30.00     	7627.73 	23.2 	33.1 	4.908164E+0	1.788474E-6 	1.620920E+7	4.403408E+3	-1.593250E+0	3.235738E-4 	4.910640E+0	4.908164E+0
30.0    	161     	2.020645E+0	2.856336E-4	2.53E+1    	30.00     	7630.30 	23.2 	33.1 	2.020623E+0	7.984096E-8 	3.938243E+7	5.537448E+3	-1.574103E+0	2.577466E-4 	2.020645E+0	2.020623E+0
30.0    	162     	5.039195E+0	1.463471E-3	2.26E+1    	30.00     	7632.88 	23.2 	33.1 	5.030954E+0	2.414372E-6 	1.580463E+7	4.735328E+3	-1.611247E+0	2.281082E-4 	5.039195E+0	5.030954E+0
30.0    	163     	4.942346E+0	7.256381E-4	2.39E+1    	30.00     	7635.45 	23.2 	33.1 	4.939965E+0	5.304933E-7 	1.610503E+7	2.369247E+3	-1.592743E+0	6.110101E-5 	4.942346E+0	4.939965E+0
30.0    	164     	5.838072E-1	1.450322E-3	2.49E+1    	30.00     	7638.02 	23.2 	33.1 	5.471388E-1	2.651101E-6 	1.408020E+8	3.820903E+5	-1.824113E+0	1.372929E-3 	5.838072E-1	5.471388E-1
30.0    	165     	4.995474E+0	6.598014E-4	2.49E+1    	30.00     	7640.60 	23.2 	33.1 	4.993372E+0	3.913963E-7 	1.593327E+7	2.050203E+3	-1.591310E+0	1.664332E-4 	4.995474E+0	4.993372E+0
30.0    	166     	4.710701E+0	7.601659E-4	2.52E+1    	30.00     	7643.17 	23.2 	33.1 	4.708146E+0	5.523329E-7 	1.689750E+7	2.696294E+3	-1.594087E+0	1.985783E-4 	4.710701E+0	4.708146E+0
30.0    	167     	4.851263E+0	6.059516E-4	2.29E+1    	30.00     	7645.75 	23.2 	33.1 	4.848851E+0	3.624544E-7 	1.640753E+7	2.042874E+3	-1.593097E+0	9.504385E-5 	4.851263E+0	4.848851E+0
30.0    	168     	4.867063E+0	3.715444E-4	2.27E+1    	30.00     	7648.32 	23.2 	33.1 	4.864586E+0	1.387319E-7 	1.635437E+7	1.250333E+3	-1.593357E+0	5.773503E-6 	4.867063E+0	4.864586E+0
30.0    	169     	4.880866E+0	3.713404E-4	2.28E+1    	30.00     	7650.91 	23.2 	33.1 	4.878372E+0	1.460981E-7 	1.630813E+7	1.258306E+3	-1.593403E+0	1.401190E-4 	4.880866E+0	4.878372E+0
30.0    	170     	4.854725E+0	2.172934E-3	2.25E+1    	30.00     	7653.48 	23.2 	33.1 	4.852352E+0	4.583802E-6 	1.639577E+7	7.285831E+3	-1.592910E+0	1.587451E-4 	4.854725E+0	4.852352E+0
30.0    	171     	4.718408E+0	8.769454E-4	2.19E+1    	30.00     	7656.04 	23.2 	33.1 	4.715941E+0	8.862505E-7 	1.686973E+7	3.251666E+3	-1.593667E+0	3.066486E-4 	4.718408E+0	4.715941E+0
30.0    	172     	4.678107E+0	7.006629E-4	2.34E+1    	30.00     	7658.62 	23.2 	33.1 	4.675494E+0	5.073741E-7 	1.701537E+7	2.569695E+3	-1.594430E+0	1.307670E-4 	4.678107E+0	4.675494E+0
30.0    	173     	4.622064E+0	5.348566E-4	2.21E+1    	30.00     	7661.19 	23.2 	33.1 	4.619257E+0	2.884760E-7 	1.722210E+7	1.997498E+3	-1.595440E+0	5.196152E-5 	4.622064E+0	4.619257E+0
30.0    	174     	4.672172E+0	7.339354E-4	2.38E+1    	30.00     	7663.77 	23.2 	33.1 	4.669588E+0	6.070607E-7 	1.703693E+7	2.759227E+3	-1.594313E+0	2.107922E-4 	4.672172E+0	4.669588E+0
30.0    	175     	4.669651E+0	8.450467E-4	2.37E+1    	30.00     	7666.34 	23.2 	33.1 	4.667104E+0	7.287245E-7 	1.704607E+7	3.098925E+3	-1.594153E+0	2.871121E-4 	4.669651E+0	4.667104E+0
30.0    	176     	4.887577E+0	1.775335E-3	2.17E+1    	30.00     	7668.93 	23.2 	33.1 	4.885144E+0	3.090511E-6 	1.628563E+7	5.887558E+3	-1.593110E+0	1.153256E-4 	4.887577E+0	4.885144E+0
30.0    	177     	5.246773E+0	1.267517E-3	2.41E+1    	30.00     	7671.49 	23.2 	33.1 	5.238643E+0	1.753590E-6 	1.517870E+7	3.751000E+3	-1.610170E+0	1.946792E-4 	5.246773E+0	5.238643E+0
30.0    	178     	2.668174E+0	6.496729E-3	2.51E+1    	30.00     	7674.06 	23.2 	33.1 	1.829527E+0	1.405196E-5 	3.601763E+7	8.067530E+4	-9.756407E-1	3.405148E-4 	2.668174E+0	1.829527E+0
30.0    	179     	4.856752E+0	1.946343E-3	2.25E+1    	30.00     	7676.63 	23.2 	33.1 	4.848966E+0	3.577595E-6 	1.639807E+7	6.480998E+3	-1.610843E+0	3.855299E-4 	4.856752E+0	4.848966E+0
30.0    	180     	4.955736E+0	1.466579E-3	2.27E+1    	30.00     	7679.21 	23.2 	33.1 	4.953587E+0	2.173485E-6 	1.606113E+7	4.764801E+3	-1.591617E+0	4.536886E-4 	4.955736E+0	4.953587E+0
30.0    	181     	4.622184E+0	3.745840E-4	2.34E+1    	30.00     	7681.78 	23.2 	33.1 	4.619620E+0	1.117172E-7 	1.722120E+7	1.307670E+3	-1.594350E+0	4.924429E-4 	4.622184E+0	4.619620E+0
30.0    	182     	4.696717E+0	9.494360E-4	2.31E+1    	30.00     	7684.36 	23.2 	33.1 	4.694063E+0	7.726971E-7 	1.694800E+7	3.296968E+3	-1.594567E+0	4.508141E-4 	4.696717E+0	4.694063E+0
30.0    	183     	4.686678E+0	1.304414E-3	2.54E+1    	30.00     	7686.93 	23.2 	33.1 	4.684180E+0	1.715291E-6 	1.698403E+7	4.738495E+3	-1.593883E+0	1.001665E-4 	4.686678E+0	4.684180E+0
30.0    	184     	4.717511E+0	1.987134E-3	2.52E+1    	30.00     	7689.50 	23.2 	33.1 	4.714919E+0	3.856750E-6 	1.687317E+7	7.067060E+3	-1.594240E+0	3.179623E-4 	4.717511E+0	4.714919E+0
30.0    	185     	4.711258E+0	1.462452E-3	2.57E+1    	30.00     	7692.08 	23.2 	33.1 	4.708797E+0	2.045581E-6 	1.689533E+7	5.186842E+3	-1.593653E+0	2.706166E-4 	4.711258E+0	4.708797E+0
30.0    	186     	4.673786E+0	1.178930E-3	2.46E+1    	30.00     	7694.66 	23.2 	33.1 	4.671358E+0	1.410461E-6 	1.703077E+7	4.310839E+3	-1.593590E+0	3.176476E-4 	4.673786E+0	4.671358E+0
30.0    	187     	4.680164E+0	1.709033E-3	2.47E+1    	30.00     	7697.23 	23.2 	33.1 	4.677709E+0	2.868638E-6 	1.700760E+7	6.183041E+3	-1.593703E+0	1.026320E-4 	4.680164E+0	4.677709E+0
30.0    	188     	4.633738E+0	1.208394E-3	2.30E+1    	30.00     	7699.80 	23.2 	33.1 	4.631093E+0	1.570920E-6 	1.717840E+7	4.563989E+3	-1.594690E+0	2.066398E-4 	4.633738E+0	4.631093E+0
30.0    	189     	4.657964E+0	9.846235E-4	2.18E+1    	30.00     	7702.36 	23.2 	33.1 	4.655462E+0	1.045380E-6 	1.708877E+7	3.682843E+3	-1.593973E+0	1.800926E-4 	4.657964E+0	4.655462E+0
30.0    	190     	4.647133E+0	3.308596E-4	2.36E+1    	30.00     	7704.95 	23.2 	33.1 	4.644597E+0	1.131781E-7 	1.712867E+7	1.222020E+3	-1.594157E+0	3.544479E-4 	4.647133E+0	4.644597E+0
30.0    	191     	4.675541E+0	1.313162E-3	2.59E+1    	30.00     	7707.51 	23.2 	33.1 	4.672914E+0	1.691517E-6 	1.702473E+7	4.760602E+3	-1.594500E+0	8.888194E-5 	4.675541E+0	4.672914E+0
30.0    	192     	4.868682E+0	1.058396E-3	2.56E+1    	30.00     	7710.07 	23.2 	33.1 	4.866201E+0	1.086111E-6 	1.634893E+7	3.527511E+3	-1.593370E+0	1.946792E-4 	4.868682E+0	4.866201E+0
30.0    	193     	4.898289E+0	1.035490E-3	2.50E+1    	30.00     	7712.65 	23.2 	33.1 	4.895963E+0	9.865010E-7 	1.624983E+7	3.365016E+3	-1.592587E+0	2.550163E-4 	4.898289E+0	4.895963E+0
30.0    	194     	4.822777E+0	1.704291E-3	2.38E+1    	30.00     	7715.22 	23.2 	33.1 	4.815115E+0	3.353306E-6 	1.651347E+7	6.047589E+3	-1.610663E+0	6.132971E-4 	4.822777E+0	4.815115E+0
30.0    	195     	4.869019E+0	1.127905E-3	2.12E+1    	30.00     	7717.79 	23.2 	33.1 	4.866519E+0	1.215372E-6 	1.634783E+7	3.744774E+3	-1.593453E+0	1.305118E-4 	4.869019E+0	4.866519E+0
30.0    	196     	4.659720E+0	1.071644E-3	2.53E+1    	30.00     	7720.37 	23.2 	33.1 	4.657195E+0	1.097187E-6 	1.708237E+7	3.885014E+3	-1.594080E+0	1.126943E-4 	4.659720E+0	4.657195E+0
30.0    	197     	4.666694E+0	1.753464E-3	2.50E+1    	30.00     	7722.93 	23.2 	33.1 	4.664114E+0	3.066312E-6 	1.705693E+7	6.406507E+3	-1.594313E+0	8.144528E-5 	4.666694E+0	4.664114E+0
30.0    	198     	4.629440E+0	8.942539E-4	2.50E+1    	30.00     	7725.51 	23.2 	33.1 	4.626948E+0	8.325069E-7 	1.719407E+7	3.356089E+3	-1.594000E+0	1.153256E-4 	4.629440E+0	4.626948E+0
30.0    	199     	4.632062E+0	1.493287E-3	2.54E+1    	30.00     	7728.08 	23.2 	33.1 	4.629533E+0	2.254195E-6 	1.718440E+7	5.556078E+3	-1.594163E+0	1.401190E-4 	4.632062E+0	4.629533E+0
30.0    	200     	4.646697E+0	1.790249E-3	2.29E+1    	30.00     	7730.65 	23.2 	33.1 	4.644184E+0	3.081682E-6 	1.713023E+7	6.537839E+3	-1.594053E+0	2.236813E-4 	4.646697E+0	4.644184E+0
30.0    	201     	4.661971E+0	7.777442E-4	2.45E+1    	30.00     	7733.22 	23.2 	33.1 	4.659491E+0	6.032775E-7 	1.707403E+7	2.844878E+3	-1.593860E+0	3.119295E-4 	4.661971E+0	4.659491E+0
30.0    	202     	4.652969E+0	1.358420E-3	2.20E+1    	30.00     	7735.79 	23.2 	33.1 	4.650476E+0	1.777910E-6 	1.710710E+7	4.948737E+3	-1.593943E+0	1.401190E-4 	4.652969E+0	4.650476E+0
30.0    	203     	4.620753E+0	8.343652E-4	2.39E+1    	30.00     	7738.36 	23.2 	33.1 	4.618225E+0	5.653484E-7 	1.722647E+7	2.956913E+3	-1.594183E+0	4.209909E-4 	4.620753E+0	4.618225E+0
30.0    	204     	4.651461E+0	5.943747E-4	2.31E+1    	30.00     	7740.93 	23.2 	33.1 	4.648812E+0	2.766186E-7 	1.711293E+7	2.059935E+3	-1.594663E+0	3.579572E-4 	4.651461E+0	4.648812E+0
30.0    	205     	4.646210E+0	5.605182E-5	2.54E+1    	30.00     	7743.51 	23.2 	33.1 	4.643550E+0	1.452926E-9 	1.713230E+7	1.732051E+2	-1.594723E+0	8.621678E-5 	4.646210E+0	4.643550E+0
30.0    	206     	4.909712E+0	3.932201E-4	2.13E+1    	30.00     	7746.08 	23.2 	33.1 	4.906811E+0	1.117071E-7 	1.621297E+7	1.201388E+3	-1.595107E+0	2.478575E-4 	4.909712E+0	4.906811E+0
30.0    	207     	4.642242E+0	8.199020E-4	2.47E+1    	30.00     	7748.65 	23.2 	33.1 	4.639698E+0	6.429520E-7 	1.714673E+7	2.995552E+3	-1.594210E+0	1.044031E-4 	4.642242E+0	4.639698E+0
30.0    	208     	4.888838E+0	1.510377E-3	2.21E+1    	30.00     	7751.22 	23.2 	33.1 	4.886525E+0	2.190396E-6 	1.628123E+7	4.980295E+3	-1.592547E+0	3.023795E-4 	4.888838E+0	4.886525E+0
30.0    	209     	4.903822E+0	1.993105E-3	2.11E+1    	30.00     	7753.79 	23.2 	33.1 	4.901593E+0	4.290606E-6 	1.623133E+7	6.726316E+3	-1.592117E+0	4.808673E-4 	4.903822E+0	4.901593E+0
30.0    	210     	4.869432E+0	1.161529E-3	2.63E+1    	30.00     	7756.36 	23.2 	33.1 	4.866979E+0	1.168463E-6 	1.634637E+7	3.764749E+3	-1.593240E+0	4.095119E-4 	4.869432E+0	4.866979E+0
30.0    	211     	1.265649E+0	1.644470E-3	2.30E+1    	30.00     	7758.94 	23.2 	33.1 	1.259676E+0	2.836515E-6 	6.302380E+7	8.308797E+4	-1.639543E+0	4.895236E-4 	1.265649E+0	1.259676E+0
30.0    	212     	4.868186E+0	4.229926E-4	2.17E+1    	30.00     	7761.50 	23.2 	33.1 	4.865823E+0	1.692141E-7 	1.635040E+7	1.400000E+3	-1.592830E+0	1.824829E-4 	4.868186E+0	4.865823E+0
30.0    	213     	4.660387E+0	1.273581E-3	2.38E+1    	30.00     	7764.08 	23.2 	33.1 	4.657964E+0	1.607589E-6 	1.707973E+7	4.657610E+3	-1.593600E+0	5.291503E-5 	4.660387E+0	4.657964E+0
30.0    	214     	4.656788E+0	8.128134E-4	2.34E+1    	30.00     	7766.65 	23.2 	33.1 	4.654167E+0	8.089870E-7 	1.709330E+7	3.143247E+3	-1.594523E+0	3.962743E-4 	4.656788E+0	4.654167E+0
30.0    	215     	4.755459E+0	2.463136E-3	2.10E+1    	30.00     	7769.24 	23.2 	33.1 	4.745731E+0	6.445234E-6 	1.675107E+7	8.818919E+3	-1.616040E+0	2.605763E-4 	4.755459E+0	4.745731E+0
30.0    	216     	4.647000E+0	1.255017E-3	2.42E+1    	30.00     	7771.81 	23.2 	33.1 	4.644586E+0	1.626838E-6 	1.712893E+7	4.665119E+3	-1.593590E+0	1.000000E-4 	4.647000E+0	4.644586E+0
30.0    	217     	4.645447E+0	8.424255E-4	2.22E+1    	30.00     	7774.37 	23.2 	33.1 	4.643066E+0	8.421327E-7 	1.713460E+7	3.244996E+3	-1.593437E+0	4.743768E-4 	4.645447E+0	4.643066E+0
30.0    	218     	4.666239E+0	1.441587E-3	2.22E+1    	30.00     	7776.94 	23.2 	33.1 	4.663784E+0	2.013680E-6 	1.705837E+7	5.230997E+3	-1.593733E+0	1.266228E-4 	4.666239E+0	4.663784E+0
30.0    	219     	4.881915E+0	8.902170E-4	2.28E+1    	30.00     	7779.50 	23.2 	33.1 	4.879078E+0	6.342895E-7 	1.630520E+7	2.816026E+3	-1.594903E+0	4.460194E-4 	4.881915E+0	4.879078E+0
30.0    	220     	4.654781E+0	7.281754E-4	2.29E+1    	30.00     	7782.08 	23.2 	33.1 	4.652417E+0	5.209710E-7 	1.710020E+7	2.662705E+3	-1.593333E+0	2.250185E-4 	4.654781E+0	4.652417E+0
30.0    	221     	4.917256E+0	5.028788E-4	2.36E+1    	30.00     	7784.65 	23.2 	33.1 	4.914366E+0	3.605271E-7 	1.618807E+7	1.814754E+3	-1.595040E+0	4.618441E-4 	4.917256E+0	4.914366E+0
30.0    	222     	1.165032E+0	7.966423E-4	2.31E+1    	30.00     	7787.23 	23.2 	33.1 	1.157966E+0	2.808557E-7 	6.851303E+7	1.289742E+4	-1.493067E+0	7.262543E-3 	1.165032E+0	1.157966E+0
30.0    	223     	4.866915E+0	1.442150E-3	2.11E+1    	30.00     	7789.80 	23.2 	33.1 	4.863842E+0	2.185442E-6 	1.635587E+7	4.908496E+3	-1.595927E+0	1.908752E-4 	4.866915E+0	4.863842E+0
30.0    	224     	4.918346E+0	1.247899E-3	2.18E+1    	30.00     	7792.38 	23.2 	33.1 	4.916030E+0	1.472714E-6 	1.618353E+7	4.050103E+3	-1.592493E+0	2.818392E-4 	4.918346E+0	4.916030E+0
30.0    	225     	4.886343E+0	9.193652E-4	2.36E+1    	30.00     	7794.95 	23.2 	33.1 	4.884038E+0	7.709009E-7 	1.628953E+7	2.995552E+3	-1.592513E+0	2.800595E-4 	4.886343E+0	4.884038E+0
30.0    	226     	4.672371E+0	1.480667E-3	2.28E+1    	30.00     	7797.52 	23.2 	33.1 	4.669792E+0	2.303729E-6 	1.703620E+7	5.467175E+3	-1.594293E+0	2.107922E-4 	4.672371E+0	4.669792E+0
30.0    	227     	4.870296E+0	9.026265E-4	2.15E+1    	30.00     	7800.11 	23.2 	33.1 	4.867863E+0	8.086672E-7 	1.634343E+7	3.023795E+3	-1.593150E+0	2.645751E-5 	4.870296E+0	4.867863E+0
30.0    	228     	4.638541E+0	2.002685E-3	2.27E+1    	30.00     	7802.69 	23.2 	33.1 	4.636044E+0	3.818419E-6 	1.716033E+7	7.321430E+3	-1.593997E+0	3.066486E-4 	4.638541E+0	4.636044E+0
30.0    	229     	4.892216E+0	3.223093E-4	2.18E+1    	30.00     	7805.25 	23.2 	33.1 	4.888873E+0	6.307634E-8 	1.627170E+7	9.539392E+2	-1.596940E+0	2.783882E-4 	4.892216E+0	4.888873E+0
30.0    	230     	4.758077E+0	1.303233E-3	2.43E+1    	30.00     	7807.83 	23.2 	33.1 	4.748578E+0	1.644082E-6 	1.674143E+7	4.552289E+3	-1.615490E+0	1.113553E-4 	4.758077E+0	4.748578E+0
30.0    	231     	4.072815E+0	1.703580E-2	2.24E+1    	30.00     	7810.41 	23.2 	33.1 	3.424378E+0	9.266604E-4 	2.130910E+7	1.392104E+5	-1.160360E+0	5.408669E-3 	4.072815E+0	3.424378E+0
30.0    	232     	4.752816E+0	1.763112E-3	2.40E+1    	30.00     	7812.98 	23.2 	33.1 	4.743629E+0	2.995522E-6 	1.675943E+7	6.164684E+3	-1.614777E+0	1.331666E-4 	4.752816E+0	4.743629E+0
30.0    	233     	4.666268E+0	1.926170E-4	2.15E+1    	30.00     	7815.54 	23.2 	33.1 	4.663828E+0	3.757608E-8 	1.705823E+7	7.023769E+2	-1.593663E+0	1.965536E-4 	4.666268E+0	4.663828E+0
30.0    	234     	4.874997E+0	6.610141E-4	2.43E+1    	30.00     	7818.12 	23.2 	33.1 	4.872227E+0	4.280329E-7 	1.632823E+7	2.203028E+3	-1.594633E+0	5.507571E-5 	4.874997E+0	4.872227E+0
30.0    	235     	1.299861E+0	9.520536E-4	2.47E+1    	30.00     	7820.69 	23.2 	33.1 	1.297919E+0	1.046012E-6 	6.126580E+7	4.652784E+4	-1.532147E+0	9.971125E-4 	1.299861E+0	1.297919E+0
30.0    	236     	4.894665E+0	9.835997E-4	2.42E+1    	30.00     	7823.27 	23.2 	33.1 	4.891798E+0	8.406893E-7 	1.626277E+7	3.156475E+3	-1.595000E+0	3.671512E-4 	4.894665E+0	4.891798E+0
30.0    	237     	4.637681E+0	1.222183E-3	2.21E+1    	30.00     	7825.84 	23.2 	33.1 	4.635102E+0	1.509107E-6 	1.716367E+7	4.535784E+3	-1.594383E+0	2.203028E-4 	4.637681E+0	4.635102E+0
30.0    	238     	4.868402E+0	8.893611E-4	2.45E+1    	30.00     	7828.41 	23.2 	33.1 	4.865290E+0	7.152492E-7 	1.635093E+7	2.914332E+3	-1.596080E+0	2.080865E-4 	4.868402E+0	4.865290E+0
30.0    	239     	4.690266E+0	9.589794E-4	2.33E+1    	30.00     	7830.99 	23.2 	33.1 	4.687862E+0	8.615642E-7 	1.697087E+7	3.415162E+3	-1.593437E+0	1.625833E-4 	4.690266E+0	4.687862E+0
30.0    	240     	4.902307E+0	2.098891E-4	2.49E+1    	30.00     	7833.58 	23.2 	33.1 	4.900068E+0	5.145897E-8 	1.623637E+7	7.234178E+2	-1.592167E+0	8.144528E-5 	4.902307E+0	4.900068E+0
30.0    	241     	5.096667E+0	1.242272E-3	2.17E+1    	30.00     	7836.14 	23.2 	33.1 	5.094555E+0	1.502153E-6 	1.561687E+7	3.780653E+3	-1.591157E+0	2.396525E-4 	5.096667E+0	5.094555E+0
30.0    	242     	4.897630E+0	1.531424E-3	2.39E+1    	30.00     	7838.71 	23.2 	33.1 	4.895336E+0	2.408626E-6 	1.625197E+7	5.115988E+3	-1.592437E+0	1.674316E-4 	4.897630E+0	4.895336E+0
30.0    	243     	4.901361E+0	6.982799E-4	2.22E+1    	30.00     	7841.28 	23.2 	33.1 	4.899102E+0	4.673368E-7 	1.623953E+7	2.289833E+3	-1.592267E+0	9.814955E-5 	4.901361E+0	4.899102E+0
30.0    	244     	5.131764E+0	2.369649E-3	2.58E+1    	30.00     	7843.85 	23.2 	33.1 	5.128752E+0	5.303434E-6 	1.551140E+7	7.063285E+3	-1.595027E+0	2.872862E-4 	5.131764E+0	5.128752E+0
30.0    	245     	1.293242E+0	3.266543E-4	2.22E+1    	30.00     	7846.43 	23.2 	33.1 	1.271049E+0	2.967585E-7 	6.206820E+7	2.094922E+4	-1.439420E+0	7.518643E-4 	1.293242E+0	1.271049E+0
30.0    	246     	5.149962E+0	1.798174E-3	2.28E+1    	30.00     	7849.01 	23.2 	33.1 	5.146887E+0	3.060617E-6 	1.545667E+7	5.325724E+3	-1.595230E+0	2.515949E-4 	5.149962E+0	5.146887E+0
30.0    	247     	5.000264E+0	9.038458E-4	2.51E+1    	30.00     	7851.57 	23.2 	33.1 	4.992683E+0	8.318823E-7 	1.592673E+7	2.893671E+3	-1.609743E+0	6.658328E-5 	5.000264E+0	4.992683E+0
30.0    	248     	4.890175E+0	6.200867E-4	2.37E+1    	30.00     	7854.14 	23.2 	33.1 	4.887989E+0	3.779280E-7 	1.627657E+7	2.055075E+3	-1.591940E+0	1.014889E-4 	4.890175E+0	4.887989E+0
30.0    	249     	4.888552E+0	8.912813E-4	2.34E+1    	30.00     	7856.71 	23.2 	33.1 	4.886310E+0	7.508071E-7 	1.628207E+7	2.928026E+3	-1.592210E+0	1.212436E-4 	4.888552E+0	4.886310E+0
30.0    	250     	4.903161E+0	1.204915E-3	2.28E+1    	30.00     	7859.28 	23.2 	33.1 	4.900945E+0	1.449121E-6 	1.623350E+7	3.988734E+3	-1.592053E+0	4.163332E-5 	4.903161E+0	4.900945E+0
30.0    	251     	5.097773E+0	3.376733E-4	2.45E+1    	30.00     	7861.86 	23.2 	33.1 	5.095320E+0	1.594578E-7 	1.561400E+7	1.126943E+3	-1.592730E+0	3.377869E-4 	5.097773E+0	5.095320E+0
30.0    	252     	4.864638E+0	6.468697E-4	2.19E+1    	30.00     	7864.43 	23.2 	33.1 	4.862292E+0	4.321542E-7 	1.636230E+7	2.193171E+3	-1.592760E+0	1.571623E-4 	4.864638E+0	4.862292E+0
30.0    	253     	4.894182E+0	8.016264E-4	2.54E+1    	30.00     	7867.00 	23.2 	33.1 	4.891879E+0	6.988823E-7 	1.626343E+7	2.720907E+3	-1.592490E+0	2.107131E-4 	4.894182E+0	4.891879E+0
30.0    	254     	4.923273E+0	2.115160E-3	2.43E+1    	30.00     	7869.57 	23.2 	33.1 	4.921141E+0	4.196957E-6 	1.616703E+7	6.839103E+3	-1.591603E+0	4.050103E-4 	4.923273E+0	4.921141E+0
30.0    	255     	4.905676E+0	9.205709E-4	2.42E+1    	30.00     	7872.15 	23.2 	33.1 	4.903405E+0	8.793237E-7 	1.622527E+7	3.073001E+3	-1.592313E+0	2.052641E-4 	4.905676E+0	4.903405E+0
30.0    	256     	5.107115E+0	5.407352E-4	2.27E+1    	30.00     	7874.71 	23.2 	33.1 	5.105119E+0	3.294242E-7 	1.558473E+7	1.700980E+3	-1.590570E+0	1.708801E-4 	5.107115E+0	5.105119E+0
30.0    	257     	5.636159E+0	2.460089E-4	2.39E+1    	30.00     	7877.29 	23.2 	33.1 	5.634161E+0	5.770433E-8 	1.412160E+7	6.082763E+2	-1.589627E+0	1.305118E-4 	5.636159E+0	5.634161E+0
30.0    	258     	8.094493E+0	4.351877E-4	2.24E+1    	30.00     	7879.87 	23.2 	33.1 	8.093504E+0	2.042055E-7 	9.831663E+6	5.387331E+2	-1.581850E+0	1.000000E-4 	8.094493E+0	8.093504E+0
30.0    	259     	1.125382E+1	2.098581E-3	2.19E+1    	30.00     	7882.43 	23.2 	33.1 	1.125354E+1	4.411585E-6 	7.071240E+6	1.319129E+3	-1.575820E+0	1.732051E-5 	1.125382E+1	1.125354E+1
30.0    	260     	2.370061E+1	9.545610E-4	2.33E+1    	30.00     	7885.00 	23.2 	33.1 	2.369975E+1	9.056768E-7 	3.357673E+6	1.350309E+2	-1.564770E+0	1.000000E-5 	2.370061E+1	2.369975E+1
30.0    	261     	2.820855E+1	1.516996E-3	2.41E+1    	30.00     	7887.58 	23.2 	33.1 	2.820650E+1	2.224739E-6 	2.821143E+6	1.504438E+2	-1.562260E+0	5.291503E-5 	2.820855E+1	2.820650E+1
30.0    	262     	3.430856E+1	4.056490E-4	2.24E+1    	30.00     	7890.14 	23.2 	33.1 	3.430395E+1	1.421348E-7 	2.319620E+6	2.645751E+1	-1.559203E+0	3.785939E-5 	3.430856E+1	3.430395E+1
30.0    	263     	5.029489E+1	1.294781E-3	2.58E+1    	30.00     	7892.72 	23.2 	33.1 	5.027674E+1	1.624642E-6 	1.582503E+6	4.041452E+1	-1.551797E+0	3.785939E-5 	5.029489E+1	5.027674E+1
30.0    	264     	1.102409E+2	6.784138E-4	2.42E+1    	30.00     	7895.29 	23.2 	33.1 	1.100275E+2	5.371636E-7 	7.225503E+5	4.618802E+0	-1.526793E+0	1.154701E-5 	1.102409E+2	1.100275E+2
35.0    	1       	4.910948E+0	2.276427E-3	6.74E+1    	35.00     	7927.15 	23.2 	33.1 	4.908584E+0	5.069771E-6 	1.620800E+7	7.471948E+3	-1.592740E+0	1.311488E-4 	4.910948E+0	4.908584E+0
35.0    	2       	5.015137E+0	1.442297E-3	2.45E+1    	35.00     	7929.62 	23.2 	33.1 	5.012919E+0	1.923944E-6 	1.587097E+7	4.476978E+3	-1.591827E+0	2.853653E-4 	5.015137E+0	5.012919E+0
35.0    	3       	5.842583E-1	1.284318E-3	2.68E+1    	35.00     	7932.21 	23.2 	33.1 	5.418565E-1	3.037646E-6 	1.414320E+8	3.832140E+5	-1.843560E+0	1.857121E-3 	5.842583E-1	5.418565E-1
35.0    	4       	5.255480E+0	5.073061E-4	2.54E+1    	35.00     	7934.79 	23.2 	33.1 	5.253335E+0	2.923810E-7 	1.514490E+7	1.509967E+3	-1.591000E+0	1.946792E-4 	5.255480E+0	5.253335E+0
35.0    	5       	1.193393E+0	2.594553E-4	2.36E+1    	35.00     	7937.36 	23.2 	33.1 	1.192540E+0	1.981940E-9 	6.670553E+7	8.271235E+3	-1.597390E+0	3.474608E-3 	1.193393E+0	1.192540E+0
35.0    	6       	4.926258E+0	1.798585E-3	2.33E+1    	35.00     	7939.94 	23.2 	33.1 	4.923517E+0	3.017892E-6 	1.615823E+7	5.800287E+3	-1.594383E+0	2.600641E-4 	4.926258E+0	4.923517E+0
35.0    	7       	4.657510E+0	1.178081E-3	2.63E+1    	35.00     	7942.50 	23.2 	33.1 	4.654862E+0	1.350548E-6 	1.709070E+7	4.293018E+3	-1.594640E+0	2.981610E-4 	4.657510E+0	4.654862E+0
35.0    	8       	4.660856E+0	1.363928E-3	2.47E+1    	35.00     	7945.07 	23.2 	33.1 	4.658441E+0	1.935422E-6 	1.707800E+7	5.047772E+3	-1.593560E+0	2.622975E-4 	4.660856E+0	4.658441E+0
35.0    	9       	4.627672E+0	1.064185E-3	2.61E+1    	35.00     	7947.64 	23.2 	33.1 	4.625146E+0	1.014881E-6 	1.720070E+7	3.850974E+3	-1.594160E+0	2.600000E-4 	4.627672E+0	4.625146E+0
35.0    	10      	4.900626E+0	1.194051E-3	2.57E+1    	35.00     	7950.23 	23.2 	33.1 	4.879884E+0	1.612245E-6 	1.627270E+7	4.095119E+3	-1.635900E+0	2.286919E-4 	4.900626E+0	4.879884E+0
35.0    	11      	4.358316E+0	6.034838E-3	2.66E+1    	35.00     	7952.79 	23.2 	33.1 	3.818141E+0	1.036979E-4 	1.950770E+7	3.954099E+4	-1.211033E+0	1.704475E-3 	4.358316E+0	3.818141E+0
35.0    	12      	1.966602E+0	6.758361E-3	2.50E+1    	35.00     	7955.36 	23.2 	33.1 	1.965762E+0	4.192384E-5 	4.047340E+7	1.363147E+5	-1.550357E+0	3.619424E-3 	1.966602E+0	1.965762E+0
35.0    	13      	4.851015E+0	1.933544E-3	2.61E+1    	35.00     	7957.92 	23.2 	33.1 	4.847583E+0	4.151781E-6 	1.641010E+7	6.717887E+3	-1.597397E+0	4.680100E-4 	4.851015E+0	4.847583E+0
35.0    	14      	4.694943E+0	8.253085E-4	2.48E+1    	35.00     	7960.50 	23.2 	33.1 	4.692422E+0	7.026454E-7 	1.695417E+7	3.002221E+3	-1.593970E+0	2.816026E-4 	4.694943E+0	4.692422E+0
35.0    	15      	4.714085E+0	1.021423E-3	2.27E+1    	35.00     	7963.06 	23.2 	33.1 	4.711381E+0	1.029713E-6 	1.688563E+7	3.647373E+3	-1.594747E+0	7.571878E-5 	4.714085E+0	4.711381E+0
35.0    	16      	4.889910E+0	1.926126E-3	2.31E+1    	35.00     	7965.64 	23.2 	33.1 	4.887594E+0	3.639290E-6 	1.627767E+7	6.379916E+3	-1.592560E+0	3.605551E-4 	4.889910E+0	4.887594E+0
35.0    	17      	4.642376E+0	1.400745E-3	2.54E+1    	35.00     	7968.22 	23.2 	33.1 	4.639727E+0	1.965642E-6 	1.714643E+7	5.178159E+3	-1.594683E+0	2.886751E-5 	4.642376E+0	4.639727E+0
35.0    	18      	4.399109E+0	1.673556E-3	2.66E+1    	35.00     	7970.79 	23.2 	33.1 	4.396008E+0	2.862846E-6 	1.809583E+7	6.924112E+3	-1.597350E+0	1.135782E-4 	4.399109E+0	4.396008E+0
35.0    	19      	4.672074E+0	1.221749E-3	2.41E+1    	35.00     	7973.37 	23.2 	33.1 	4.670527E+0	1.488921E-6 	1.703540E+7	4.453089E+3	-1.588993E+0	4.041452E-5 	4.672074E+0	4.670527E+0
35.0    	20      	4.339103E+0	1.334161E-3	2.53E+1    	35.00     	7975.94 	23.2 	33.1 	4.335988E+0	1.908018E-6 	1.834620E+7	5.741951E+3	-1.597593E+0	2.150194E-4 	4.339103E+0	4.335988E+0
35.0    	21      	4.595137E+0	2.112523E-3	2.53E+1    	35.00     	7978.51 	23.2 	33.1 	4.591828E+0	4.671320E-6 	1.732400E+7	8.057915E+3	-1.597637E+0	2.059935E-4 	4.595137E+0	4.591828E+0
35.0    	22      	4.352474E+0	1.004153E-3	2.59E+1    	35.00     	7981.09 	23.2 	33.1 	4.349432E+0	1.102312E-6 	1.828967E+7	4.315476E+3	-1.597233E+0	3.513308E-4 	4.352474E+0	4.349432E+0
35.0    	23      	4.339946E+0	1.532852E-3	2.44E+1    	35.00     	7983.66 	23.2 	33.1 	4.336895E+0	2.338092E-6 	1.834250E+7	6.471476E+3	-1.597313E+0	8.326664E-5 	4.339946E+0	4.336895E+0
35.0    	24      	4.343760E+0	4.569820E-4	2.59E+1    	35.00     	7986.24 	23.2 	33.1 	4.340782E+0	2.534775E-7 	1.832623E+7	2.023199E+3	-1.596983E+0	3.200521E-4 	4.343760E+0	4.340782E+0
35.0    	25      	4.518844E+0	1.170019E-3	2.54E+1    	35.00     	7988.81 	23.2 	33.1 	4.506146E+0	1.460733E-6 	1.763493E+7	4.647939E+3	-1.623830E+0	1.249000E-4 	4.518844E+0	4.506146E+0
35.0    	26      	2.624032E+0	5.611141E-3	2.54E+1    	35.00     	7991.39 	23.2 	33.1 	1.989820E+0	1.525412E-5 	3.482570E+7	7.122970E+4	-1.056843E+0	2.902298E-4 	2.624032E+0	1.989820E+0
35.0    	27      	4.630547E+0	5.037689E-3	2.54E+1    	35.00     	7993.96 	23.2 	33.1 	4.607698E+0	2.498352E-5 	1.722790E+7	1.870802E+4	-1.641100E+0	2.645751E-5 	4.630547E+0	4.607698E+0
35.0    	28      	4.555967E+0	2.295743E-3	2.32E+1    	35.00     	7996.54 	23.2 	33.1 	4.551771E+0	5.565359E-6 	1.747470E+7	8.931405E+3	-1.601143E+0	4.545694E-4 	4.555967E+0	4.551771E+0
35.0    	29      	4.348270E+0	4.092537E-4	2.47E+1    	35.00     	7999.11 	23.2 	33.1 	4.345191E+0	2.454767E-7 	1.830743E+7	1.903506E+3	-1.597410E+0	4.121893E-4 	4.348270E+0	4.345191E+0
35.0    	30      	4.344233E+0	1.271620E-3	2.34E+1    	35.00     	8001.68 	23.2 	33.1 	4.341226E+0	1.525064E-6 	1.832430E+7	5.284884E+3	-1.597107E+0	3.852705E-4 	4.344233E+0	4.341226E+0
35.0    	31      	4.378351E+0	2.050129E-4	2.20E+1    	35.00     	8004.25 	23.2 	33.1 	4.375372E+0	2.062419E-8 	1.818140E+7	7.211103E+2	-1.596883E+0	3.023795E-4 	4.378351E+0	4.375372E+0
35.0    	32      	4.647850E+0	2.123846E-3	2.29E+1    	35.00     	8006.83 	23.2 	33.1 	4.645238E+0	4.504728E-6 	1.712617E+7	7.823256E+3	-1.594507E+0	1.563117E-4 	4.647850E+0	4.645238E+0
35.0    	33      	4.641826E+0	4.893863E-4	2.29E+1    	35.00     	8009.40 	23.2 	33.1 	4.639158E+0	2.465527E-7 	1.714850E+7	1.819341E+3	-1.594773E+0	2.335237E-4 	4.641826E+0	4.639158E+0
35.0    	34      	4.350827E+0	9.514153E-4	2.60E+1    	35.00     	8011.99 	23.2 	33.1 	4.347829E+0	1.009970E-6 	1.829650E+7	4.114608E+3	-1.597047E+0	2.589080E-4 	4.350827E+0	4.347829E+0
35.0    	35      	4.327320E+0	1.060289E-3	2.43E+1    	35.00     	8014.56 	23.2 	33.1 	4.324334E+0	1.160862E-6 	1.839590E+7	4.543127E+3	-1.597070E+0	2.685144E-4 	4.327320E+0	4.324334E+0
35.0    	36      	4.351324E+0	9.731163E-4	2.22E+1    	35.00     	8017.14 	23.2 	33.1 	4.348236E+0	8.861908E-7 	1.829460E+7	4.026164E+3	-1.597440E+0	1.513275E-4 	4.351324E+0	4.348236E+0
35.0    	37      	4.557114E+0	1.943228E-4	2.35E+1    	35.00     	8019.71 	23.2 	33.1 	4.550676E+0	6.704809E-8 	1.747460E+7	8.660254E+2	-1.608390E+0	2.251666E-4 	4.557114E+0	4.550676E+0
35.0    	38      	4.352960E+0	1.173920E-3	2.32E+1    	35.00     	8022.28 	23.2 	33.1 	4.349945E+0	1.292865E-6 	1.828757E+7	4.856267E+3	-1.597117E+0	1.833939E-4 	4.352960E+0	4.349945E+0
35.0    	39      	4.359731E+0	2.533866E-4	2.45E+1    	35.00     	8024.85 	23.2 	33.1 	4.356679E+0	5.269935E-8 	1.825923E+7	1.011599E+3	-1.597257E+0	1.069268E-4 	4.359731E+0	4.356679E+0
35.0    	40      	4.363262E+0	6.047280E-4	2.69E+1    	35.00     	8027.42 	23.2 	33.1 	4.357909E+0	2.687985E-7 	1.824927E+7	2.350177E+3	-1.605830E+0	2.800000E-4 	4.363262E+0	4.357909E+0
35.0    	41      	4.266468E+0	7.156511E-4	2.61E+1    	35.00     	8029.99 	23.2 	33.1 	4.220577E+0	1.203086E-6 	1.875297E+7	2.400694E+3	-1.466907E+0	1.693586E-3 	4.266468E+0	4.220577E+0
35.0    	42      	4.536832E+0	8.753972E-4	2.26E+1    	35.00     	8032.56 	23.2 	33.1 	4.524056E+0	6.999955E-7 	1.756507E+7	3.317127E+3	-1.623887E+0	1.418920E-4 	4.536832E+0	4.524056E+0
35.0    	43      	4.364563E+0	9.799250E-4	2.51E+1    	35.00     	8035.14 	23.2 	33.1 	4.361564E+0	1.019686E-6 	1.823890E+7	4.158125E+3	-1.597010E+0	2.306513E-4 	4.364563E+0	4.361564E+0
35.0    	44      	4.342239E+0	1.090589E-3	2.39E+1    	35.00     	8037.73 	23.2 	33.1 	4.339257E+0	1.083335E-6 	1.833267E+7	4.500370E+3	-1.597003E+0	2.157159E-4 	4.342239E+0	4.339257E+0
35.0    	45      	4.360372E+0	3.917235E-4	2.48E+1    	35.00     	8040.29 	23.2 	33.1 	4.357518E+0	1.847155E-7 	1.825613E+7	1.715615E+3	-1.596383E+0	3.212994E-4 	4.360372E+0	4.357518E+0
35.0    	46      	4.346608E+0	1.399407E-3	2.36E+1    	35.00     	8042.86 	23.2 	33.1 	4.343594E+0	1.914596E-6 	1.831430E+7	5.864299E+3	-1.597133E+0	1.721434E-4 	4.346608E+0	4.343594E+0
35.0    	47      	4.341931E+0	8.400600E-4	2.62E+1    	35.00     	8045.43 	23.2 	33.1 	4.338760E+0	7.897276E-7 	1.833437E+7	3.650114E+3	-1.597823E+0	2.579406E-4 	4.341931E+0	4.338760E+0
35.0    	48      	4.634311E+0	8.795945E-4	2.50E+1    	35.00     	8048.01 	23.2 	33.1 	4.631598E+0	8.026295E-7 	1.717640E+7	3.290897E+3	-1.594997E+0	7.767453E-5 	4.634311E+0	4.631598E+0
35.0    	49      	4.655196E+0	1.252252E-3	2.60E+1    	35.00     	8050.58 	23.2 	33.1 	4.652620E+0	1.375723E-6 	1.709907E+7	4.455708E+3	-1.594320E+0	3.675595E-4 	4.655196E+0	4.652620E+0
35.0    	50      	4.327654E+0	9.888348E-4	2.28E+1    	35.00     	8053.15 	23.2 	33.1 	4.324439E+0	1.079887E-6 	1.839497E+7	4.309679E+3	-1.598057E+0	3.370954E-4 	4.327654E+0	4.324439E+0
35.0    	51      	4.348344E+0	1.469264E-3	2.24E+1    	35.00     	8055.71 	23.2 	33.1 	4.345292E+0	2.055795E-6 	1.830707E+7	6.107645E+3	-1.597290E+0	5.121523E-4 	4.348344E+0	4.345292E+0
35.0    	52      	4.560260E+0	7.980119E-4	2.55E+1    	35.00     	8058.28 	23.2 	33.1 	4.553771E+0	8.272773E-7 	1.746263E+7	3.262412E+3	-1.608523E+0	5.064912E-4 	4.560260E+0	4.553771E+0
35.0    	53      	1.704718E+0	4.574403E-2	2.27E+1    	35.00     	8060.85 	23.2 	33.1 	1.392985E+0	3.536080E-4 	5.165527E+7	1.039276E+6	-1.129290E+0	1.404911E-2 	1.704718E+0	1.392985E+0
35.0    	54      	4.529484E+0	2.521180E-3	2.49E+1    	35.00     	8063.42 	23.2 	33.1 	4.523153E+0	6.504473E-6 	1.758107E+7	9.847504E+3	-1.608193E+0	9.865766E-5 	4.529484E+0	4.523153E+0
35.0    	55      	4.365902E+0	1.870679E-3	2.42E+1    	35.00     	8065.99 	23.2 	33.1 	4.362906E+0	3.578533E-6 	1.823330E+7	7.858117E+3	-1.596993E+0	1.193035E-4 	4.365902E+0	4.362906E+0
35.0    	56      	4.363723E+0	1.178206E-3	2.27E+1    	35.00     	8068.57 	23.2 	33.1 	4.358468E+0	1.380335E-6 	1.824713E+7	4.921721E+3	-1.605503E+0	1.250333E-4 	4.363723E+0	4.358468E+0
35.0    	57      	4.365719E+0	1.363184E-3	2.29E+1    	35.00     	8071.14 	23.2 	33.1 	4.358370E+0	1.846291E-6 	1.824317E+7	5.688878E+3	-1.611837E+0	2.638813E-4 	4.365719E+0	4.358370E+0
35.0    	58      	4.362253E+0	7.415120E-4	2.52E+1    	35.00     	8073.71 	23.2 	33.1 	4.359267E+0	5.248319E-7 	1.824853E+7	3.061590E+3	-1.596960E+0	3.897435E-4 	4.362253E+0	4.359267E+0
35.0    	59      	4.318222E+0	1.027516E-3	2.59E+1    	35.00     	8076.29 	23.2 	33.1 	4.315004E+0	9.322338E-7 	1.843517E+7	4.254801E+3	-1.598100E+0	3.143247E-4 	4.318222E+0	4.315004E+0
35.0    	60      	4.356122E+0	1.506071E-3	2.54E+1    	35.00     	8078.85 	23.2 	33.1 	4.352942E+0	2.454730E-6 	1.827463E+7	6.448514E+3	-1.597817E+0	2.902298E-4 	4.356122E+0	4.352942E+0
35.0    	61      	4.663812E+0	1.010339E-3	2.34E+1    	35.00     	8081.43 	23.2 	33.1 	4.661072E+0	1.116478E-6 	1.706777E+7	3.781975E+3	-1.595037E+0	2.829016E-4 	4.663812E+0	4.661072E+0
35.0    	62      	4.671175E+0	1.545626E-3	2.31E+1    	35.00     	8084.00 	23.2 	33.1 	4.668722E+0	2.410669E-6 	1.704033E+7	5.651843E+3	-1.593717E+0	3.271595E-4 	4.671175E+0	4.668722E+0
35.0    	63      	4.355827E+0	8.068354E-4	2.29E+1    	35.00     	8086.57 	23.2 	33.1 	4.352808E+0	6.324472E-7 	1.827553E+7	3.360556E+3	-1.597127E+0	2.281082E-4 	4.355827E+0	4.352808E+0
35.0    	64      	4.813099E+0	1.172468E-3	2.42E+1    	35.00     	8089.16 	23.2 	33.1 	4.809639E+0	1.181075E-6 	1.653947E+7	3.879863E+3	-1.597610E+0	4.667976E-4 	4.813099E+0	4.809639E+0
35.0    	65      	4.638382E+0	1.641701E-3	2.75E+1    	35.00     	8091.71 	23.2 	33.1 	4.635662E+0	2.831291E-6 	1.716133E+7	6.150068E+3	-1.595017E+0	2.494661E-4 	4.638382E+0	4.635662E+0
35.0    	66      	4.341631E+0	1.613892E-3	2.55E+1    	35.00     	8094.30 	23.2 	33.1 	4.338555E+0	2.431925E-6 	1.833543E+7	6.702487E+3	-1.597413E+0	2.468468E-4 	4.341631E+0	4.338555E+0
35.0    	67      	4.373619E+0	1.595548E-3	2.70E+1    	35.00     	8096.86 	23.2 	33.1 	4.370631E+0	2.423820E-6 	1.820110E+7	6.557439E+3	-1.596930E+0	5.524491E-4 	4.373619E+0	4.370631E+0
35.0    	68      	4.356321E+0	1.002566E-3	2.50E+1    	35.00     	8099.42 	23.2 	33.1 	4.353284E+0	1.002312E-6 	1.827350E+7	4.203570E+3	-1.597203E+0	1.154701E-5 	4.356321E+0	4.353284E+0
35.0    	69      	4.529192E+0	2.343169E-4	2.44E+1    	35.00     	8101.99 	23.2 	33.1 	4.522860E+0	7.052064E-8 	1.758220E+7	9.539392E+2	-1.608193E+0	2.914332E-4 	4.529192E+0	4.522860E+0
35.0    	70      	4.353441E+0	9.286596E-4	2.23E+1    	35.00     	8104.56 	23.2 	33.1 	4.350590E+0	9.633742E-7 	1.828520E+7	4.011234E+3	-1.596390E+0	3.214032E-4 	4.353441E+0	4.350590E+0
35.0    	71      	4.320261E+0	1.124032E-3	2.26E+1    	35.00     	8107.14 	23.2 	33.1 	4.315277E+0	1.198929E-6 	1.843023E+7	4.735328E+3	-1.604767E+0	1.193035E-4 	4.320261E+0	4.315277E+0
35.0    	72      	4.303771E+0	2.609785E-3	2.48E+1    	35.00     	8109.71 	23.2 	33.1 	4.277535E+0	2.193583E-5 	1.854680E+7	1.568088E+4	-1.492687E+0	3.372675E-3 	4.303771E+0	4.277535E+0
35.0    	73      	4.340780E+0	1.093253E-3	2.60E+1    	35.00     	8112.28 	23.2 	33.1 	4.327910E+0	2.412458E-6 	1.835977E+7	5.492116E+3	-1.516333E+0	1.480417E-3 	4.340780E+0	4.327910E+0
35.0    	74      	4.335651E+0	3.642018E-3	2.43E+1    	35.00     	8114.85 	23.2 	33.1 	4.331130E+0	1.276562E-5 	1.836380E+7	1.529150E+4	-1.603093E+0	5.036202E-4 	4.335651E+0	4.331130E+0
35.0    	75      	4.356984E+0	2.456370E-3	2.34E+1    	35.00     	8117.43 	23.2 	33.1 	4.353989E+0	5.663714E-6 	1.827063E+7	1.014117E+4	-1.597013E+0	4.544594E-4 	4.356984E+0	4.353989E+0
35.0    	76      	4.650965E+0	7.470093E-4	2.63E+1    	35.00     	8120.00 	23.2 	33.1 	4.648728E+0	5.584434E-7 	1.711400E+7	2.749545E+3	-1.592730E+0	1.417745E-4 	4.650965E+0	4.648728E+0
35.0    	77      	5.825475E-1	1.281167E-3	2.26E+1    	35.00     	8122.58 	23.2 	33.1 	5.482095E-1	4.268341E-7 	1.408160E+8	2.251666E+5	-1.816017E+0	3.032727E-3 	5.825475E-1	5.482095E-1
35.0    	78      	5.880119E-1	9.936364E-4	2.36E+1    	35.00     	8125.16 	23.2 	33.1 	5.525140E-1	2.292546E-6 	1.396133E+8	3.087415E+5	-1.819037E+0	2.159660E-3 	5.880119E-1	5.525140E-1
35.0    	79      	4.896337E+0	7.153713E-4	2.62E+1    	35.00     	8127.73 	23.2 	33.1 	4.893356E+0	3.450349E-7 	1.625740E+7	2.163331E+3	-1.595467E+0	5.337915E-4 	4.896337E+0	4.893356E+0
35.0    	80      	1.637953E+0	2.435932E-4	2.30E+1    	35.00     	8130.31 	23.2 	33.1 	1.631827E+0	9.997822E-8 	4.867460E+7	8.314445E+3	-1.509607E+0	4.152509E-4 	1.637953E+0	1.631827E+0
35.0    	81      	4.615994E+0	1.382022E-3	2.28E+1    	35.00     	8132.88 	23.2 	33.1 	4.613287E+0	1.825309E-6 	1.724457E+7	5.107184E+3	-1.595013E+0	1.750238E-4 	4.615994E+0	4.613287E+0
35.0    	82      	4.378553E+0	1.234985E-3	2.60E+1    	35.00     	8135.45 	23.2 	33.1 	4.375299E+0	1.400599E-6 	1.818113E+7	5.021288E+3	-1.598060E+0	3.034798E-4 	4.378553E+0	4.375299E+0
35.0    	83      	4.376417E+0	2.119373E-3	2.36E+1    	35.00     	8138.03 	23.2 	33.1 	4.373490E+0	4.302806E-6 	1.818933E+7	8.715695E+3	-1.596663E+0	1.929594E-4 	4.376417E+0	4.373490E+0
35.0    	84      	4.374491E+0	3.753513E-4	2.29E+1    	35.00     	8140.60 	23.2 	33.1 	4.371440E+0	1.225255E-7 	1.819760E+7	1.500000E+3	-1.597210E+0	3.634556E-4 	4.374491E+0	4.371440E+0
35.0    	85      	4.379294E+0	1.960343E-3	2.29E+1    	35.00     	8143.18 	23.2 	33.1 	4.376469E+0	4.007625E-6 	1.817717E+7	8.224557E+3	-1.596197E+0	3.013857E-4 	4.379294E+0	4.376469E+0
35.0    	86      	4.404408E+0	1.207707E-3	2.38E+1    	35.00     	8145.75 	23.2 	33.1 	4.401576E+0	1.449786E-6 	1.807350E+7	4.948737E+3	-1.596157E+0	2.702468E-4 	4.404408E+0	4.401576E+0
35.0    	87      	4.530045E+0	1.519468E-3	2.48E+1    	35.00     	8148.34 	23.2 	33.1 	4.527363E+0	2.222088E-6 	1.757180E+7	5.838664E+3	-1.595127E+0	1.418920E-4 	4.530045E+0	4.527363E+0
35.0    	88      	4.547101E+0	6.736936E-4	2.62E+1    	35.00     	8150.90 	23.2 	33.1 	4.542586E+0	6.551572E-7 	1.750940E+7	2.851315E+3	-1.602307E+0	5.804596E-4 	4.547101E+0	4.542586E+0
35.0    	89      	4.531084E+0	1.583427E-3	2.39E+1    	35.00     	8153.47 	23.2 	33.1 	4.527012E+0	2.492656E-6 	1.757047E+7	6.132971E+3	-1.600780E+0	6.082763E-5 	4.531084E+0	4.527012E+0
35.0    	90      	4.510505E+0	4.757022E-4	2.37E+1    	35.00     	8156.04 	23.2 	33.1 	4.507777E+0	2.391402E-7 	1.764803E+7	1.887679E+3	-1.595390E+0	9.643651E-5 	4.510505E+0	4.507777E+0
35.0    	91      	4.420854E+0	1.029534E-3	2.65E+1    	35.00     	8158.63 	23.2 	33.1 	4.418076E+0	1.039719E-6 	1.800613E+7	4.174127E+3	-1.595863E+0	4.163332E-5 	4.420854E+0	4.418076E+0
35.0    	92      	4.391991E+0	3.932227E-4	2.36E+1    	35.00     	8161.20 	23.2 	33.1 	4.389133E+0	1.556731E-7 	1.812467E+7	1.625833E+3	-1.596310E+0	4.582576E-5 	4.391991E+0	4.389133E+0
35.0    	93      	4.684526E+0	1.313131E-3	2.31E+1    	35.00     	8163.76 	23.2 	33.1 	4.682159E+0	1.844221E-6 	1.699160E+7	4.844585E+3	-1.593273E+0	2.916048E-4 	4.684526E+0	4.682159E+0
35.0    	94      	4.712580E+0	1.152446E-3	2.48E+1    	35.00     	8166.33 	23.2 	33.1 	4.710356E+0	1.294621E-6 	1.689017E+7	4.105281E+3	-1.592523E+0	1.429452E-4 	4.712580E+0	4.710356E+0
35.0    	95      	4.386714E+0	3.290828E-4	2.45E+1    	35.00     	8168.90 	23.2 	33.1 	4.383748E+0	8.294008E-8 	1.814670E+7	1.276715E+3	-1.596803E+0	1.789786E-4 	4.386714E+0	4.383748E+0
35.0    	96      	4.863519E+0	1.025711E-3	2.40E+1    	35.00     	8171.48 	23.2 	33.1 	4.860183E+0	1.017185E-6 	1.636773E+7	3.423935E+3	-1.596987E+0	1.001665E-4 	4.863519E+0	4.860183E+0
35.0    	97      	4.600753E+0	1.199680E-3	2.68E+1    	35.00     	8174.05 	23.2 	33.1 	4.597804E+0	1.269295E-6 	1.730217E+7	4.375310E+3	-1.596113E+0	3.113412E-4 	4.600753E+0	4.597804E+0
35.0    	98      	4.382618E+0	1.240792E-3	2.49E+1    	35.00     	8176.62 	23.2 	33.1 	4.382257E+0	1.496755E-6 	1.815827E+7	5.105226E+3	-1.579870E+0	2.286919E-4 	4.382618E+0	4.382257E+0
35.0    	99      	4.383921E+0	8.342277E-4	2.52E+1    	35.00     	8179.21 	23.2 	33.0 	4.380762E+0	6.963884E-7 	1.815867E+7	3.455913E+3	-1.597643E+0	1.939931E-4 	4.383921E+0	4.380762E+0
35.0    	100     	4.375737E+0	4.176889E-4	2.54E+1    	35.00     	8181.78 	23.2 	33.1 	4.372742E+0	1.510259E-7 	1.819230E+7	1.664332E+3	-1.596957E+0	4.445597E-4 	4.375737E+0	4.372742E+0
35.0    	101     	4.361095E+0	1.138060E-3	2.47E+1    	35.00     	8184.35 	23.2 	33.1 	4.358180E+0	1.334682E-6 	1.825323E+7	4.801389E+3	-1.596650E+0	1.276715E-4 	4.361095E+0	4.358180E+0
35.0    	102     	4.524400E+0	1.485281E-3	2.69E+1    	35.00     	8186.92 	23.2 	33.0 	4.521648E+0	2.270998E-6 	1.759387E+7	5.819221E+3	-1.595463E+0	1.069268E-4 	4.524400E+0	4.521648E+0
35.0    	103     	4.546613E+0	1.961687E-3	2.34E+1    	35.00     	8189.49 	23.2 	33.0 	4.543888E+0	3.814166E-6 	1.750783E+7	7.540778E+3	-1.595280E+0	1.571623E-4 	4.546613E+0	4.543888E+0
35.0    	104     	4.541572E+0	1.017739E-3	2.21E+1    	35.00     	8192.07 	23.2 	33.0 	4.538866E+0	1.081738E-6 	1.752723E+7	3.971566E+3	-1.595207E+0	1.365040E-4 	4.541572E+0	4.538866E+0
35.0    	105     	4.544708E+0	4.042084E-4	2.34E+1    	35.00     	8194.64 	23.2 	33.0 	4.542090E+0	1.834022E-7 	1.751497E+7	1.604161E+3	-1.594800E+0	1.417745E-4 	4.544708E+0	4.542090E+0
35.0    	106     	4.558607E+0	1.228188E-3	2.65E+1    	35.00     	8197.21 	23.2 	33.0 	4.556049E+0	1.565729E-6 	1.746143E+7	4.750088E+3	-1.594487E+0	1.123981E-4 	4.558607E+0	4.556049E+0
35.0    	107     	4.523618E+0	6.237789E-4	2.51E+1    	35.00     	8199.79 	23.2 	33.0 	4.520904E+0	4.071587E-7 	1.759683E+7	2.454248E+3	-1.595293E+0	1.446836E-4 	4.523618E+0	4.520904E+0
35.0    	108     	4.387526E+0	1.095638E-3	2.27E+1    	35.00     	8202.36 	23.2 	33.0 	4.384645E+0	1.233417E-6 	1.814317E+7	4.563259E+3	-1.596427E+0	1.209683E-4 	4.387526E+0	4.384645E+0
35.0    	109     	4.404294E+0	1.486300E-3	2.46E+1    	35.00     	8204.92 	23.2 	33.0 	4.401187E+0	2.002132E-6 	1.807453E+7	5.955110E+3	-1.597357E+0	3.442867E-4 	4.404294E+0	4.401187E+0
35.0    	110     	4.383442E+0	6.817021E-4	2.37E+1    	35.00     	8207.49 	23.2 	33.0 	4.380598E+0	5.513922E-7 	1.816000E+7	2.951271E+3	-1.596270E+0	2.751363E-4 	4.383442E+0	4.380598E+0
35.0    	111     	4.369849E+0	1.114861E-3	2.67E+1    	35.00     	8210.07 	23.2 	33.0 	4.366833E+0	1.230920E-6 	1.821687E+7	4.637169E+3	-1.597070E+0	1.300000E-4 	4.369849E+0	4.366833E+0
35.0    	112     	4.642079E+0	1.002437E-3	2.66E+1    	35.00     	8212.64 	23.2 	33.0 	4.639410E+0	1.064403E-6 	1.714757E+7	3.758102E+3	-1.594777E+0	1.955335E-4 	4.642079E+0	4.639410E+0
35.0    	113     	4.589788E+0	1.828240E-3	2.51E+1    	35.00     	8215.21 	23.2 	33.0 	4.586952E+0	3.377841E-6 	1.734330E+7	6.928203E+3	-1.595653E+0	3.980368E-4 	4.589788E+0	4.586952E+0
35.0    	114     	4.383394E+0	1.001685E-3	2.66E+1    	35.00     	8217.78 	23.2 	33.0 	4.380131E+0	1.167679E-6 	1.816107E+7	4.315476E+3	-1.598083E+0	3.435598E-4 	4.383394E+0	4.380131E+0
35.0    	115     	4.368853E+0	2.225157E-3	2.32E+1    	35.00     	8220.36 	23.2 	33.0 	4.365880E+0	4.974980E-6 	1.822093E+7	9.295339E+3	-1.596883E+0	1.789786E-4 	4.368853E+0	4.365880E+0
35.0    	116     	4.369364E+0	1.369820E-3	2.22E+1    	35.00     	8222.93 	23.2 	33.0 	4.366295E+0	2.005367E-6 	1.821900E+7	5.810336E+3	-1.597300E+0	2.271563E-4 	4.369364E+0	4.366295E+0
35.0    	117     	4.379303E+0	1.387849E-3	2.62E+1    	35.00     	8225.50 	23.2 	33.0 	4.376411E+0	1.828569E-6 	1.817727E+7	5.688878E+3	-1.596497E+0	1.569501E-4 	4.379303E+0	4.376411E+0
35.0    	118     	4.563417E+0	8.690886E-5	2.35E+1    	35.00     	8228.07 	23.2 	33.0 	4.560714E+0	4.933843E-9 	1.744330E+7	3.000000E+2	-1.595137E+0	8.386497E-5 	4.563417E+0	4.560714E+0
35.0    	119     	4.568078E+0	1.161027E-3	2.33E+1    	35.00     	8230.64 	23.2 	33.0 	4.565426E+0	1.430843E-6 	1.742540E+7	4.497777E+3	-1.594890E+0	1.646208E-4 	4.568078E+0	4.565426E+0
35.0    	120     	4.586998E+0	1.153077E-4	2.57E+1    	35.00     	8233.22 	23.2 	33.0 	4.584348E+0	5.664059E-9 	1.735350E+7	3.605551E+2	-1.594833E+0	1.817507E-4 	4.586998E+0	4.584348E+0
35.0    	121     	4.610587E+0	1.738319E-3	2.64E+1    	35.00     	8235.78 	23.2 	33.0 	4.608039E+0	3.153253E-6 	1.726450E+7	6.579514E+3	-1.594303E+0	2.343786E-4 	4.610587E+0	4.608039E+0
35.0    	122     	4.599100E+0	1.112197E-3	2.28E+1    	35.00     	8238.36 	23.2 	33.0 	4.596516E+0	1.343072E-6 	1.730770E+7	4.272002E+3	-1.594500E+0	4.132796E-4 	4.599100E+0	4.596516E+0
35.0    	123     	4.533231E+0	1.299551E-3	2.30E+1    	35.00     	8240.93 	23.2 	33.0 	4.530521E+0	1.512901E-6 	1.755950E+7	4.900000E+3	-1.595247E+0	3.967787E-4 	4.533231E+0	4.530521E+0
35.0    	124     	4.439295E+0	1.399428E-3	2.59E+1    	35.00     	8243.50 	23.2 	33.0 	4.435599E+0	2.122333E-6 	1.793317E+7	5.770904E+3	-1.599653E+0	3.036994E-4 	4.439295E+0	4.435599E+0
35.0    	125     	4.388456E+0	9.491775E-4	2.79E+1    	35.00     	8246.07 	23.2 	33.0 	4.385439E+0	1.102001E-6 	1.813960E+7	4.132796E+3	-1.597017E+0	4.461315E-4 	4.388456E+0	4.385439E+0
35.0    	126     	4.355084E+0	5.064096E-4	2.37E+1    	35.00     	8248.65 	23.2 	33.0 	4.352138E+0	1.772396E-7 	1.827850E+7	1.946792E+3	-1.596807E+0	3.787259E-4 	4.355084E+0	4.352138E+0
35.0    	127     	4.380996E+0	1.650493E-3	2.49E+1    	35.00     	8251.23 	23.2 	33.0 	4.377996E+0	2.558476E-6 	1.817047E+7	6.741909E+3	-1.596963E+0	2.956913E-4 	4.380996E+0	4.377996E+0
35.0    	128     	4.630163E+0	7.693431E-4	2.58E+1    	35.00     	8253.79 	23.2 	33.0 	4.627374E+0	5.858609E-7 	1.719193E+7	2.850146E+3	-1.595340E+0	3.000000E-5 	4.630163E+0	4.627374E+0
35.0    	129     	4.580974E+0	9.057598E-4	2.37E+1    	35.00     	8256.36 	23.2 	33.0 	4.578268E+0	7.897440E-7 	1.737643E+7	3.403430E+3	-1.595103E+0	1.650253E-4 	4.580974E+0	4.578268E+0
35.0    	130     	4.379953E+0	7.420961E-4	2.29E+1    	35.00     	8258.94 	23.2 	33.0 	4.377062E+0	5.857233E-7 	1.817457E+7	3.126233E+3	-1.596490E+0	2.858321E-4 	4.379953E+0	4.377062E+0
35.0    	131     	4.366522E+0	5.356625E-4	2.35E+1    	35.00     	8261.51 	23.2 	33.0 	4.363514E+0	2.555662E-7 	1.823073E+7	2.173323E+3	-1.597047E+0	1.934770E-4 	4.366522E+0	4.363514E+0
35.0    	132     	4.359777E+0	5.880227E-4	2.54E+1    	35.00     	8264.08 	23.2 	33.0 	4.356776E+0	3.114464E-7 	1.825893E+7	2.400694E+3	-1.597037E+0	1.331666E-4 	4.359777E+0	4.356776E+0
35.0    	133     	4.387892E+0	5.761469E-4	2.55E+1    	35.00     	8266.65 	23.2 	33.0 	4.385004E+0	3.673139E-7 	1.814167E+7	2.441994E+3	-1.596457E+0	2.891943E-4 	4.387892E+0	4.385004E+0
35.0    	134     	4.560952E+0	1.548389E-3	2.63E+1    	35.00     	8269.21 	23.2 	33.0 	4.558317E+0	2.358024E-6 	1.745260E+7	5.900000E+3	-1.594833E+0	3.821431E-4 	4.560952E+0	4.558317E+0
35.0    	135     	4.606016E+0	8.650556E-4	2.56E+1    	35.00     	8271.80 	23.2 	33.0 	4.603363E+0	6.511119E-7 	1.728183E+7	3.137409E+3	-1.594793E+0	2.857155E-4 	4.606016E+0	4.603363E+0
35.0    	136     	4.601301E+0	7.076842E-4	2.45E+1    	35.00     	8274.37 	23.2 	33.0 	4.598673E+0	4.728193E-7 	1.729950E+7	2.622975E+3	-1.594693E+0	1.656301E-4 	4.601301E+0	4.598673E+0
35.0    	137     	4.626287E+0	1.546746E-3	2.26E+1    	35.00     	8276.93 	23.2 	33.0 	4.623681E+0	2.386364E-6 	1.720600E+7	5.750652E+3	-1.594533E+0	5.773503E-6 	4.626287E+0	4.623681E+0
35.0    	138     	4.598974E+0	6.694783E-4	2.36E+1    	35.00     	8279.51 	23.2 	33.0 	4.596322E+0	4.452857E-7 	1.730830E+7	2.515949E+3	-1.594813E+0	4.041452E-5 	4.598974E+0	4.596322E+0
35.0    	139     	4.555763E+0	8.140484E-4	2.29E+1    	35.00     	8282.08 	23.2 	33.0 	4.552269E+0	6.486616E-7 	1.747413E+7	3.106981E+3	-1.598493E+0	8.082904E-5 	4.555763E+0	4.552269E+0
35.0    	140     	4.416388E+0	1.130482E-3	2.43E+1    	35.00     	8284.66 	23.2 	33.0 	4.412279E+0	1.080530E-6 	1.802707E+7	4.428694E+3	-1.540293E+0	3.920884E-4 	4.416388E+0	4.412279E+0
35.0    	141     	4.385872E+0	1.233624E-3	2.40E+1    	35.00     	8287.23 	23.2 	33.0 	4.381966E+0	1.422842E-6 	1.815213E+7	5.021288E+3	-1.600640E+0	2.847806E-4 	4.385872E+0	4.381966E+0
35.0    	142     	4.360821E+0	8.411675E-4	2.22E+1    	35.00     	8289.81 	23.2 	33.0 	4.357944E+0	6.764636E-7 	1.825430E+7	3.482815E+3	-1.596487E+0	8.504901E-5 	4.360821E+0	4.357944E+0
35.0    	143     	4.380722E+0	1.324734E-3	2.53E+1    	35.00     	8292.38 	23.2 	33.0 	4.377739E+0	1.814307E-6 	1.817157E+7	5.542863E+3	-1.596893E+0	2.173323E-4 	4.380722E+0	4.377739E+0
35.0    	144     	4.628849E+0	2.517392E-3	2.38E+1    	35.00     	8294.95 	23.2 	33.0 	4.626178E+0	6.378411E-6 	1.719660E+7	9.369632E+3	-1.594820E+0	5.196152E-5 	4.628849E+0	4.626178E+0
35.0    	145     	4.769954E+0	3.933517E-4	2.24E+1    	35.00     	8297.53 	23.2 	33.0 	4.767021E+0	1.451078E-7 	1.668820E+7	1.352775E+3	-1.595597E+0	1.890326E-4 	4.769954E+0	4.767021E+0
35.0    	146     	4.371045E+0	1.294442E-3	2.62E+1    	35.00     	8300.10 	23.2 	33.0 	4.367972E+0	1.769257E-6 	1.821200E+7	5.469004E+3	-1.597313E+0	1.814754E-4 	4.371045E+0	4.367972E+0
35.0    	147     	4.383240E+0	8.702512E-4	2.60E+1    	35.00     	8302.67 	23.2 	33.0 	4.380300E+0	6.874392E-7 	1.816103E+7	3.521837E+3	-1.596697E+0	1.960442E-4 	4.383240E+0	4.380300E+0
35.0    	148     	4.633034E+0	2.245526E-3	2.51E+1    	35.00     	8305.25 	23.2 	33.0 	4.630466E+0	5.062667E-6 	1.718087E+7	8.334467E+3	-1.594340E+0	3.774917E-4 	4.633034E+0	4.630466E+0
35.0    	149     	4.380439E+0	8.085065E-4	2.57E+1    	35.00     	8307.82 	23.2 	33.0 	4.377460E+0	6.092995E-7 	1.817273E+7	3.292922E+3	-1.596877E+0	3.906832E-4 	4.380439E+0	4.377460E+0
35.0    	150     	4.527118E+0	1.215201E-3	2.27E+1    	35.00     	8310.40 	23.2 	33.0 	4.524349E+0	1.605624E-6 	1.758333E+7	4.821134E+3	-1.595527E+0	2.802380E-4 	4.527118E+0	4.524349E+0
35.0    	151     	4.590790E+0	4.433215E-4	2.34E+1    	35.00     	8312.97 	23.2 	33.0 	4.588173E+0	2.037616E-7 	1.733910E+7	1.682260E+3	-1.594670E+0	3.988734E-4 	4.590790E+0	4.588173E+0
35.0    	152     	4.627614E+0	2.380360E-3	2.67E+1    	35.00     	8315.55 	23.2 	33.0 	4.625080E+0	5.931175E-6 	1.720093E+7	8.950047E+3	-1.594197E+0	2.843120E-4 	4.627614E+0	4.625080E+0
35.0    	153     	4.623469E+0	1.684943E-3	2.36E+1    	35.00     	8318.11 	23.2 	33.0 	4.620804E+0	2.703369E-6 	1.721660E+7	6.199193E+3	-1.594807E+0	1.985783E-4 	4.623469E+0	4.620804E+0
35.0    	154     	4.576111E+0	2.004607E-3	2.44E+1    	35.00     	8320.69 	23.2 	33.0 	4.573548E+0	3.763076E-6 	1.739463E+7	7.496888E+3	-1.594463E+0	3.202083E-4 	4.576111E+0	4.573548E+0
35.0    	155     	4.541014E+0	1.781019E-3	2.32E+1    	35.00     	8323.27 	23.2 	33.0 	4.538268E+0	3.030726E-6 	1.752947E+7	6.798774E+3	-1.595390E+0	1.969772E-4 	4.541014E+0	4.538268E+0
35.0    	156     	4.395538E+0	8.605154E-4	2.44E+1    	35.00     	8325.84 	23.2 	33.0 	4.391680E+0	6.757309E-7 	1.811210E+7	3.464102E+3	-1.600427E+0	3.510461E-4 	4.395538E+0	4.391680E+0
35.0    	157     	4.365213E+0	1.365508E-2	2.33E+1    	35.00     	8328.41 	23.2 	33.0 	4.362516E+0	1.780990E-4 	1.823567E+7	5.651498E+4	-1.595627E+0	1.417615E-3 	4.365213E+0	4.362516E+0
35.0    	158     	4.384314E+0	7.629800E-4	2.37E+1    	35.00     	8330.99 	23.2 	33.0 	4.381399E+0	6.858481E-7 	1.815653E+7	3.295957E+3	-1.596583E+0	2.902298E-4 	4.384314E+0	4.381399E+0
35.0    	159     	4.364074E+0	1.860257E-3	2.51E+1    	35.00     	8333.56 	23.2 	33.0 	4.361065E+0	3.249966E-6 	1.824097E+7	7.657894E+3	-1.597053E+0	4.303874E-4 	4.364074E+0	4.361065E+0
35.0    	160     	4.621189E+0	5.663007E-4	2.32E+1    	35.00     	8336.13 	23.2 	33.0 	4.618398E+0	2.795460E-7 	1.722533E+7	2.040425E+3	-1.595373E+0	2.193931E-4 	4.621189E+0	4.618398E+0
35.0    	161     	1.969113E+0	2.390410E-3	2.32E+1    	35.00     	8338.72 	23.2 	33.0 	1.968975E+0	5.651896E-6 	4.041430E+7	4.894364E+4	-1.579163E+0	4.660830E-4 	1.969113E+0	1.968975E+0
35.0    	162     	4.743710E+0	9.562457E-4	2.64E+1    	35.00     	8341.29 	23.2 	33.0 	4.734693E+0	7.854872E-7 	1.679133E+7	3.259346E+3	-1.614407E+0	2.837840E-4 	4.743710E+0	4.734693E+0
35.0    	163     	4.651529E+0	1.441869E-3	2.38E+1    	35.00     	8343.86 	23.2 	33.0 	4.648925E+0	2.127209E-6 	1.711260E+7	5.335729E+3	-1.594460E+0	7.937254E-5 	4.651529E+0	4.648925E+0
35.0    	164     	5.830607E-1	1.355355E-3	2.33E+1    	35.00     	8346.44 	23.2 	33.0 	5.454105E-1	3.789187E-8 	1.411147E+8	1.866583E+5	-1.827703E+0	3.854301E-3 	5.830607E-1	5.454105E-1
35.0    	165     	4.695816E+0	1.008957E-3	2.57E+1    	35.00     	8349.00 	23.2 	33.0 	4.693469E+0	1.036656E-6 	1.695070E+7	3.659235E+3	-1.593153E+0	1.625833E-4 	4.695816E+0	4.693469E+0
35.0    	166     	4.422044E+0	4.155465E-4	2.38E+1    	35.00     	8351.56 	23.2 	33.0 	4.419226E+0	1.960219E-7 	1.800137E+7	1.747379E+3	-1.596043E+0	1.379613E-4 	4.422044E+0	4.419226E+0
35.0    	167     	4.537382E+0	4.613275E-4	2.67E+1    	35.00     	8354.14 	23.2 	33.0 	4.534705E+0	2.443887E-7 	1.754337E+7	1.844813E+3	-1.595083E+0	3.023795E-4 	4.537382E+0	4.534705E+0
35.0    	168     	4.555095E+0	7.164531E-4	2.43E+1    	35.00     	8356.71 	23.2 	33.0 	4.552310E+0	5.787374E-7 	1.747533E+7	2.830783E+3	-1.595523E+0	4.015387E-4 	4.555095E+0	4.552310E+0
35.0    	169     	4.568183E+0	1.068610E-3	2.61E+1    	35.00     	8359.28 	23.2 	33.0 	4.565408E+0	1.292233E-6 	1.742523E+7	4.200397E+3	-1.595443E+0	6.451615E-4 	4.568183E+0	4.565408E+0
35.0    	170     	4.543720E+0	7.744152E-4	2.33E+1    	35.00     	8361.86 	23.2 	33.0 	4.541106E+0	6.179274E-7 	1.751877E+7	3.008876E+3	-1.594787E+0	6.506407E-5 	4.543720E+0	4.541106E+0
35.0    	171     	4.423627E+0	8.417824E-4	2.33E+1    	35.00     	8364.42 	23.2 	33.0 	4.420936E+0	7.296174E-7 	1.799467E+7	3.450121E+3	-1.595463E+0	1.301281E-4 	4.423627E+0	4.420936E+0
35.0    	172     	4.386840E+0	7.155687E-4	2.31E+1    	35.00     	8367.00 	23.2 	33.0 	4.383897E+0	5.369129E-7 	1.814613E+7	2.995552E+3	-1.596700E+0	1.609348E-4 	4.386840E+0	4.383897E+0
35.0    	173     	4.336371E+0	5.539948E-4	2.35E+1    	35.00     	8369.57 	23.2 	33.0 	4.333222E+0	3.470865E-7 	1.835783E+7	2.419366E+3	-1.597747E+0	2.112660E-4 	4.336371E+0	4.333222E+0
35.0    	174     	4.383228E+0	2.303763E-3	2.54E+1    	35.00     	8372.14 	23.2 	33.0 	4.380394E+0	5.093027E-6 	1.816087E+7	9.447927E+3	-1.596227E+0	3.332166E-4 	4.383228E+0	4.380394E+0
35.0    	175     	4.377657E+0	1.855288E-3	2.39E+1    	35.00     	8374.71 	23.2 	33.0 	4.374816E+0	3.526539E-6 	1.818400E+7	7.754354E+3	-1.596270E+0	3.830144E-4 	4.377657E+0	4.374816E+0
35.0    	176     	4.602996E+0	1.512867E-3	2.52E+1    	35.00     	8377.28 	23.2 	33.0 	4.600312E+0	2.238875E-6 	1.729323E+7	5.651843E+3	-1.594943E+0	3.971566E-4 	4.602996E+0	4.600312E+0
35.0    	177     	4.961569E+0	7.942602E-4	2.63E+1    	35.00     	8379.85 	23.2 	33.0 	4.953107E+0	6.688715E-7 	1.605247E+7	2.608320E+3	-1.612107E+0	1.504438E-4 	4.961569E+0	4.953107E+0
35.0    	178     	2.494172E+0	2.352050E-2	2.25E+1    	35.00     	8382.43 	23.2 	33.0 	1.760419E+0	1.910645E-4 	3.797873E+7	3.261644E+5	-9.975253E-1	1.484132E-3 	2.494172E+0	1.760419E+0
35.0    	179     	4.563540E+0	1.995958E-3	2.57E+1    	35.00     	8385.00 	23.2 	33.0 	4.554811E+0	4.395482E-6 	1.745437E+7	7.836028E+3	-1.614547E+0	2.631223E-4 	4.563540E+0	4.554811E+0
35.0    	180     	4.662589E+0	1.792170E-3	2.42E+1    	35.00     	8387.57 	23.2 	33.0 	4.660221E+0	3.284125E-6 	1.707157E+7	6.600253E+3	-1.593333E+0	1.026320E-4 	4.662589E+0	4.660221E+0
35.0    	181     	4.342467E+0	1.108476E-3	2.46E+1    	35.00     	8390.14 	23.2 	33.0 	4.339612E+0	1.280232E-6 	1.833143E+7	4.726874E+3	-1.596440E+0	3.051229E-4 	4.342467E+0	4.339612E+0
35.0    	182     	4.404249E+0	1.101921E-3	2.34E+1    	35.00     	8392.72 	23.2 	33.0 	4.401345E+0	1.311068E-6 	1.807430E+7	4.611941E+3	-1.596477E+0	2.676440E-4 	4.404249E+0	4.401345E+0
35.0    	183     	4.393692E+0	5.022839E-4	2.33E+1    	35.00     	8395.31 	23.2 	33.0 	4.390890E+0	2.361804E-7 	1.811753E+7	2.025669E+3	-1.596050E+0	4.978956E-4 	4.393692E+0	4.390890E+0
35.0    	184     	4.425208E+0	2.956961E-3	2.55E+1    	35.00     	8397.87 	23.2 	33.0 	4.422340E+0	9.150436E-6 	1.798860E+7	1.215771E+4	-1.596257E+0	3.121431E-4 	4.425208E+0	4.422340E+0
35.0    	185     	4.420024E+0	1.833834E-3	2.32E+1    	35.00     	8400.43 	23.2 	33.0 	4.417304E+0	3.319395E-6 	1.800940E+7	7.448490E+3	-1.595607E+0	8.736895E-5 	4.420024E+0	4.417304E+0
35.0    	186     	4.384186E+0	1.172638E-3	2.27E+1    	35.00     	8403.02 	23.2 	33.0 	4.381559E+0	1.355375E-6 	1.815647E+7	4.839766E+3	-1.595277E+0	5.507571E-5 	4.384186E+0	4.381559E+0
35.0    	187     	4.388247E+0	1.538256E-3	2.68E+1    	35.00     	8405.57 	23.2 	33.0 	4.385488E+0	2.393076E-6 	1.813993E+7	6.379916E+3	-1.595870E+0	1.044031E-4 	4.388247E+0	4.385488E+0
35.0    	188     	4.349356E+0	2.070710E-3	2.42E+1    	35.00     	8408.15 	23.2 	33.0 	4.346386E+0	4.423202E-6 	1.830263E+7	8.783128E+3	-1.596927E+0	1.823001E-4 	4.349356E+0	4.346386E+0
35.0    	189     	4.367197E+0	8.196170E-4	2.28E+1    	35.00     	8410.72 	23.2 	33.0 	4.364436E+0	8.521482E-7 	1.822740E+7	3.637307E+3	-1.595940E+0	4.877499E-4 	4.367197E+0	4.364436E+0
35.0    	190     	4.358057E+0	1.136509E-3	2.46E+1    	35.00     	8413.28 	23.2 	33.0 	4.355267E+0	1.361229E-6 	1.826570E+7	4.828043E+3	-1.596100E+0	2.325941E-4 	4.358057E+0	4.355267E+0
35.0    	191     	4.383252E+0	1.637175E-3	2.34E+1    	35.00     	8415.86 	23.2 	33.0 	4.380322E+0	2.397180E-6 	1.816097E+7	6.601010E+3	-1.596653E+0	4.007909E-4 	4.383252E+0	4.380322E+0
35.0    	192     	4.586866E+0	1.579955E-3	2.70E+1    	35.00     	8418.43 	23.2 	33.0 	4.584163E+0	2.587627E-6 	1.735410E+7	6.032412E+3	-1.595073E+0	2.157159E-4 	4.586866E+0	4.584163E+0
35.0    	193     	4.610882E+0	6.785021E-4	2.43E+1    	35.00     	8421.01 	23.2 	33.0 	4.608313E+0	3.997622E-7 	1.726343E+7	2.454248E+3	-1.594400E+0	2.233831E-4 	4.610882E+0	4.608313E+0
35.0    	194     	4.535566E+0	3.109618E-4	2.73E+1    	35.00     	8423.58 	23.2 	33.0 	4.527260E+0	2.214592E-7 	1.756130E+7	1.513275E+3	-1.613603E+0	4.215843E-4 	4.535566E+0	4.527260E+0
35.0    	195     	4.579321E+0	4.927282E-4	2.28E+1    	35.00     	8426.15 	23.2 	33.0 	4.576548E+0	3.166006E-7 	1.738283E+7	2.003331E+3	-1.595403E+0	3.292922E-4 	4.579321E+0	4.576548E+0
35.0    	196     	4.372031E+0	2.720254E-3	2.43E+1    	35.00     	8428.71 	23.2 	33.0 	4.369227E+0	7.354014E-6 	1.820733E+7	1.131651E+4	-1.596127E+0	9.504385E-5 	4.372031E+0	4.369227E+0
35.0    	197     	4.376574E+0	1.680565E-3	2.47E+1    	35.00     	8431.29 	23.2 	33.0 	4.373718E+0	2.718078E-6 	1.818853E+7	6.921223E+3	-1.596343E+0	2.145538E-4 	4.376574E+0	4.373718E+0
35.0    	198     	4.346526E+0	1.922886E-3	2.53E+1    	35.00     	8433.86 	23.2 	33.0 	4.343802E+0	3.745037E-6 	1.831403E+7	8.129166E+3	-1.595833E+0	1.750238E-4 	4.346526E+0	4.343802E+0
35.0    	199     	4.349043E+0	1.199501E-3	2.63E+1    	35.00     	8436.43 	23.2 	33.0 	4.346271E+0	1.388694E-6 	1.830353E+7	5.005330E+3	-1.596043E+0	1.069268E-4 	4.349043E+0	4.346271E+0
35.0    	200     	4.362832E+0	1.728374E-3	2.49E+1    	35.00     	8439.01 	23.2 	33.0 	4.360091E+0	2.741735E-6 	1.824560E+7	7.078842E+3	-1.595860E+0	4.357752E-4 	4.362832E+0	4.360091E+0
35.0    	201     	4.372799E+0	1.806542E-3	2.26E+1    	35.00     	8441.58 	23.2 	33.0 	4.370042E+0	3.542216E-6 	1.820403E+7	7.681363E+3	-1.595910E+0	4.313931E-4 	4.372799E+0	4.370042E+0
35.0    	202     	4.364654E+0	1.931350E-3	2.38E+1    	35.00     	8444.17 	23.2 	33.0 	4.361873E+0	3.633985E-6 	1.823807E+7	8.020806E+3	-1.596040E+0	1.493318E-4 	4.364654E+0	4.361873E+0
35.0    	203     	4.338709E+0	7.795088E-4	2.28E+1    	35.00     	8446.73 	23.2 	33.0 	4.335941E+0	5.798870E-7 	1.834713E+7	3.253204E+3	-1.596053E+0	4.331666E-4 	4.338709E+0	4.335941E+0
35.0    	204     	4.363568E+0	1.200893E-3	2.27E+1    	35.00     	8449.31 	23.2 	33.0 	4.360741E+0	1.541084E-6 	1.824270E+7	5.106858E+3	-1.596253E+0	2.454248E-4 	4.363568E+0	4.360741E+0
35.0    	205     	4.359056E+0	6.881093E-4	2.48E+1    	35.00     	8451.88 	23.2 	33.0 	4.356113E+0	4.386137E-7 	1.826183E+7	2.829016E+3	-1.596783E+0	1.563117E-4 	4.359056E+0	4.356113E+0
35.0    	206     	4.613889E+0	1.072146E-3	2.64E+1    	35.00     	8454.45 	23.2 	33.0 	4.610720E+0	1.124085E-6 	1.725330E+7	3.988734E+3	-1.597007E+0	7.371115E-5 	4.613889E+0	4.610720E+0
35.0    	207     	4.355870E+0	4.639557E-4	2.53E+1    	35.00     	8457.02 	23.2 	33.0 	4.353114E+0	1.757022E-7 	1.827480E+7	1.852026E+3	-1.595953E+0	2.454248E-4 	4.355870E+0	4.353114E+0
35.0    	208     	4.603168E+0	8.448196E-4	2.42E+1    	35.00     	8459.60 	23.2 	33.0 	4.600530E+0	6.861666E-7 	1.729250E+7	3.143247E+3	-1.594740E+0	1.609348E-4 	4.603168E+0	4.600530E+0
35.0    	209     	4.617488E+0	2.231961E-5	2.44E+1    	35.00     	8462.18 	23.2 	33.0 	4.615040E+0	1.631746E-9 	1.723850E+7	1.000000E+2	-1.593823E+0	1.755942E-4 	4.617488E+0	4.615040E+0
35.0    	210     	4.577189E+0	1.512285E-3	2.47E+1    	35.00     	8464.75 	23.2 	33.0 	4.574487E+0	2.390914E-6 	1.739080E+7	5.812917E+3	-1.595093E+0	1.616581E-4 	4.577189E+0	4.574487E+0
35.0    	211     	1.241419E+0	1.812520E-3	2.26E+1    	35.00     	8467.32 	23.2 	33.0 	1.235097E+0	2.660006E-6 	6.426593E+7	8.930875E+4	-1.642210E+0	1.364295E-3 	1.241419E+0	1.235097E+0
35.0    	212     	4.578078E+0	6.025263E-4	2.70E+1    	35.00     	8469.90 	23.2 	33.0 	4.575544E+0	2.877817E-7 	1.738710E+7	2.163331E+3	-1.594323E+0	3.150132E-4 	4.578078E+0	4.575544E+0
35.0    	213     	4.371475E+0	2.155672E-3	2.53E+1    	35.00     	8472.47 	23.2 	33.0 	4.368741E+0	4.704943E-6 	1.820950E+7	9.007219E+3	-1.595807E+0	2.569695E-4 	4.371475E+0	4.368741E+0
35.0    	214     	4.369578E+0	1.471347E-3	2.28E+1    	35.00     	8475.05 	23.2 	33.0 	4.366672E+0	2.164868E-6 	1.821777E+7	6.132971E+3	-1.596590E+0	3.772267E-4 	4.369578E+0	4.366672E+0
35.0    	215     	4.456400E+0	2.307212E-4	2.40E+1    	35.00     	8477.62 	23.2 	33.0 	4.446150E+0	8.385669E-8 	1.787747E+7	1.006645E+3	-1.618773E+0	3.550117E-4 	4.456400E+0	4.446150E+0
35.0    	216     	4.359882E+0	4.826976E-4	2.57E+1    	35.00     	8480.19 	23.2 	33.0 	4.357148E+0	2.421915E-7 	1.825793E+7	2.040425E+3	-1.595840E+0	1.652271E-4 	4.359882E+0	4.357148E+0
35.0    	217     	4.358530E+0	8.173557E-4	2.31E+1    	35.00     	8482.76 	23.2 	33.0 	4.355954E+0	7.247537E-7 	1.826327E+7	3.496188E+3	-1.595107E+0	2.200757E-4 	4.358530E+0	4.355954E+0
35.0    	218     	4.377035E+0	1.243899E-3	2.41E+1    	35.00     	8485.34 	23.2 	33.0 	4.374331E+0	1.723011E-6 	1.818630E+7	5.311309E+3	-1.595653E+0	3.758102E-4 	4.377035E+0	4.374331E+0
35.0    	219     	4.591000E+0	1.458109E-3	2.61E+1    	35.00     	8487.91 	23.2 	33.0 	4.587804E+0	2.017333E-6 	1.733940E+7	5.436911E+3	-1.597183E+0	1.550269E-4 	4.591000E+0	4.587804E+0
35.0    	220     	4.369060E+0	3.975981E-4	2.37E+1    	35.00     	8490.49 	23.2 	33.0 	4.366358E+0	1.267478E-7 	1.821950E+7	1.571623E+3	-1.595667E+0	1.950214E-4 	4.369060E+0	4.366358E+0
35.0    	221     	4.619962E+0	1.227823E-3	2.67E+1    	35.00     	8493.06 	23.2 	33.0 	4.616783E+0	1.264855E-6 	1.723063E+7	4.389001E+3	-1.597030E+0	4.243819E-4 	4.619962E+0	4.616783E+0
35.0    	222     	1.145234E+0	2.633168E-3	2.39E+1    	35.00     	8495.63 	23.2 	33.0 	1.138544E+0	7.110454E-6 	6.968987E+7	1.619092E+5	-1.494293E+0	3.286842E-4 	1.145234E+0	1.138544E+0
35.0    	223     	4.577293E+0	2.065944E-4	2.49E+1    	35.00     	8498.21 	23.2 	33.0 	4.573997E+0	7.098396E-8 	1.739153E+7	8.962886E+2	-1.597633E+0	2.857155E-4 	4.577293E+0	4.573997E+0
35.0    	224     	4.628827E+0	1.547764E-4	2.41E+1    	35.00     	8500.79 	23.2 	33.0 	4.626162E+0	1.284432E-8 	1.719667E+7	4.932883E+2	-1.594793E+0	2.514624E-4 	4.628827E+0	4.626162E+0
35.0    	225     	4.601894E+0	9.793776E-4	2.57E+1    	35.00     	8503.35 	23.2 	33.0 	4.599321E+0	1.027344E-6 	1.729717E+7	3.744774E+3	-1.594440E+0	3.377869E-4 	4.601894E+0	4.599321E+0
35.0    	226     	4.383848E+0	2.328453E-3	2.51E+1    	35.00     	8505.94 	23.2 	33.0 	4.381093E+0	5.259313E-6 	1.815813E+7	9.573052E+3	-1.595867E+0	2.450170E-4 	4.383848E+0	4.381093E+0
35.0    	227     	4.580130E+0	1.158866E-3	2.61E+1    	35.00     	8508.52 	23.2 	33.0 	4.577408E+0	1.413107E-6 	1.737967E+7	4.454586E+3	-1.595177E+0	2.371357E-4 	4.580130E+0	4.577408E+0
35.0    	228     	4.353696E+0	1.922516E-3	2.58E+1    	35.00     	8511.09 	23.2 	33.0 	4.351003E+0	3.976929E-6 	1.828380E+7	8.227393E+3	-1.595670E+0	3.857460E-4 	4.353696E+0	4.351003E+0
35.0    	229     	4.602903E+0	4.198883E-4	2.42E+1    	35.00     	8513.65 	23.2 	33.0 	4.599394E+0	1.999394E-7 	1.729513E+7	1.628906E+3	-1.598410E+0	1.493318E-4 	4.602903E+0	4.599394E+0
35.0    	230     	4.460211E+0	3.049828E-3	2.33E+1    	35.00     	8516.22 	23.2 	33.0 	4.450250E+0	9.068965E-6 	1.786160E+7	1.214455E+4	-1.618070E+0	4.900000E-4 	4.460211E+0	4.450250E+0
35.0    	231     	3.803261E+0	2.208852E-3	2.47E+1    	35.00     	8518.79 	23.2 	33.0 	3.224672E+0	7.722018E-6 	2.272320E+7	1.638872E+4	-1.170123E+0	3.350124E-4 	3.803261E+0	3.224672E+0
35.0    	232     	4.469469E+0	2.529020E-3	2.59E+1    	35.00     	8521.37 	23.3 	33.0 	4.459504E+0	5.713734E-6 	1.782457E+7	9.823102E+3	-1.618033E+0	3.178574E-4 	4.469469E+0	4.459504E+0
35.0    	233     	4.376451E+0	8.306892E-4	2.54E+1    	35.00     	8523.93 	23.2 	33.0 	4.373792E+0	6.874088E-7 	1.818863E+7	3.450121E+3	-1.595447E+0	5.773503E-6 	4.376451E+0	4.373792E+0
35.0    	234     	4.584406E+0	1.577261E-3	2.27E+1    	35.00     	8526.50 	23.2 	33.0 	4.581360E+0	2.475848E-6 	1.736407E+7	5.967691E+3	-1.596573E+0	7.023769E-5 	4.584406E+0	4.581360E+0
35.0    	235     	1.273795E+0	9.294008E-4	2.53E+1    	35.00     	8529.07 	23.2 	33.0 	1.272733E+0	7.676171E-7 	6.249883E+7	4.429451E+4	-1.541920E+0	7.101408E-4 	1.273795E+0	1.272733E+0
35.0    	236     	4.600248E+0	3.880950E-4	2.32E+1    	35.00     	8531.64 	23.2 	33.0 	4.597175E+0	9.173554E-8 	1.730430E+7	1.300000E+3	-1.596643E+0	3.592121E-4 	4.600248E+0	4.597175E+0
35.0    	237     	4.353359E+0	2.932548E-4	2.30E+1    	35.00     	8534.21 	23.2 	33.0 	4.350577E+0	9.218658E-8 	1.828540E+7	1.252996E+3	-1.596077E+0	1.150362E-4 	4.353359E+0	4.350577E+0
35.0    	238     	4.580929E+0	4.523127E-4	2.32E+1    	35.00     	8536.78 	23.2 	33.0 	4.577469E+0	1.815786E-7 	1.737803E+7	1.665333E+3	-1.598283E+0	1.814754E-4 	4.580929E+0	4.577469E+0
35.0    	239     	4.397799E+0	1.021375E-3	2.43E+1    	35.00     	8539.35 	23.2 	33.0 	4.395163E+0	9.365472E-7 	1.810027E+7	4.091862E+3	-1.595283E+0	3.980368E-4 	4.397799E+0	4.395163E+0
35.0    	240     	4.613983E+0	3.434241E-4	2.40E+1    	35.00     	8541.93 	23.2 	33.0 	4.611518E+0	8.945348E-8 	1.725163E+7	1.201388E+3	-1.593910E+0	2.095233E-4 	4.613983E+0	4.611518E+0
35.0    	241     	4.818593E+0	5.851913E-4	2.51E+1    	35.00     	8544.50 	23.2 	33.0 	4.816262E+0	4.082022E-7 	1.651867E+7	2.098412E+3	-1.592790E+0	2.651415E-4 	4.818593E+0	4.816262E+0
35.0    	242     	4.611848E+0	8.569848E-4	2.41E+1    	35.00     	8547.06 	23.3 	33.0 	4.609287E+0	7.315776E-7 	1.725980E+7	3.204684E+3	-1.594363E+0	2.081666E-5 	4.611848E+0	4.609287E+0
35.0    	243     	4.613680E+0	1.196541E-3	2.70E+1    	35.00     	8549.64 	23.2 	33.0 	4.611215E+0	1.372047E-6 	1.725277E+7	4.427565E+3	-1.593913E+0	1.950214E-4 	4.613680E+0	4.611215E+0
35.0    	244     	4.840696E+0	2.105515E-4	2.58E+1    	35.00     	8552.22 	23.2 	33.0 	4.837397E+0	3.621025E-8 	1.644487E+7	6.806859E+2	-1.596907E+0	9.609024E-5 	4.840696E+0	4.837397E+0
35.0    	245     	1.266015E+0	8.245283E-4	2.53E+1    	35.00     	8554.78 	23.2 	33.0 	1.249744E+0	2.629117E-7 	6.326453E+7	2.708253E+4	-1.457210E+0	2.930392E-3 	1.266015E+0	1.249744E+0
35.0    	246     	4.861400E+0	1.935249E-3	2.33E+1    	35.00     	8557.37 	23.2 	33.0 	4.858106E+0	3.490529E-6 	1.637480E+7	6.409368E+3	-1.596830E+0	2.615339E-4 	4.861400E+0	4.858106E+0
35.0    	247     	4.709353E+0	1.260159E-3	2.59E+1    	35.00     	8559.93 	23.3 	33.0 	4.701421E+0	1.301363E-6 	1.691200E+7	4.313931E+3	-1.611847E+0	3.164385E-4 	4.709353E+0	4.701421E+0
35.0    	248     	4.605985E+0	1.910612E-3	2.32E+1    	35.00     	8562.50 	23.3 	33.0 	4.603537E+0	3.754872E-6 	1.728157E+7	7.223111E+3	-1.593850E+0	1.452584E-4 	4.605985E+0	4.603537E+0
35.0    	249     	4.605163E+0	6.505192E-4	2.40E+1    	35.00     	8565.08 	23.2 	33.0 	4.602635E+0	3.549119E-7 	1.728480E+7	2.338803E+3	-1.594227E+0	2.768273E-4 	4.605163E+0	4.602635E+0
35.0    	250     	4.616567E+0	3.354514E-4	2.64E+1    	35.00     	8567.65 	23.2 	33.0 	4.614159E+0	1.174275E-7 	1.724187E+7	1.266228E+3	-1.593640E+0	9.539392E-5 	4.616567E+0	4.614159E+0
35.0    	251     	4.810802E+0	4.072366E-4	2.57E+1    	35.00     	8570.21 	23.2 	33.0 	4.808078E+0	1.622267E-7 	1.654610E+7	1.389244E+3	-1.594590E+0	2.700000E-4 	4.810802E+0	4.808078E+0
35.0    	252     	4.582088E+0	2.088867E-3	2.61E+1    	35.00     	8572.78 	23.2 	33.0 	4.579545E+0	4.320505E-6 	1.737190E+7	7.901899E+3	-1.594353E+0	1.059874E-4 	4.582088E+0	4.579545E+0
35.0    	253     	4.606399E+0	1.268560E-3	2.40E+1    	35.00     	8575.35 	23.2 	33.0 	4.603868E+0	1.543961E-6 	1.728017E+7	4.712041E+3	-1.594237E+0	1.193035E-4 	4.606399E+0	4.603868E+0
35.0    	254     	4.632547E+0	4.742662E-4	2.47E+1    	35.00     	8577.92 	23.3 	33.0 	4.630144E+0	2.721117E-7 	1.718237E+7	1.847521E+3	-1.593570E+0	2.271563E-4 	4.632547E+0	4.630144E+0
35.0    	255     	4.617837E+0	8.037880E-4	2.65E+1    	35.00     	8580.49 	23.3 	33.0 	4.615335E+0	5.706114E-7 	1.723730E+7	2.910326E+3	-1.594077E+0	2.402776E-4 	4.617837E+0	4.615335E+0
35.0    	256     	4.826670E+0	6.440970E-4	2.54E+1    	35.00     	8583.07 	23.3 	33.0 	4.824388E+0	3.979828E-7 	1.649093E+7	2.177919E+3	-1.592543E+0	1.436431E-4 	4.826670E+0	4.824388E+0
35.0    	257     	5.636469E+0	2.391015E-3	2.41E+1    	35.00     	8585.64 	23.3 	33.0 	5.634410E+0	5.964467E-6 	1.412090E+7	6.055576E+3	-1.589910E+0	2.523886E-4 	5.636469E+0	5.634410E+0
35.0    	258     	8.096505E+0	7.266688E-4	2.64E+1    	35.00     	8588.23 	23.3 	33.0 	8.095522E+0	4.722974E-7 	9.829217E+6	8.581569E+2	-1.581813E+0	2.532456E-4 	8.096505E+0	8.095522E+0
35.0    	259     	1.125365E+1	1.210201E-3	2.28E+1    	35.00     	8590.79 	23.3 	33.0 	1.125337E+1	1.445797E-6 	7.071347E+6	7.580457E+2	-1.575860E+0	6.928203E-5 	1.125365E+1	1.125337E+1
35.0    	260     	2.370047E+1	6.521755E-4	2.42E+1    	35.00     	8593.36 	23.3 	33.0 	2.369961E+1	4.251877E-7 	3.357693E+6	9.237604E+1	-1.564760E+0	8.000000E-5 	2.370047E+1	2.369961E+1
35.0    	261     	2.821185E+1	1.893781E-3	2.42E+1    	35.00     	8595.93 	23.3 	33.0 	2.820980E+1	3.562097E-6 	2.820813E+6	1.890326E+2	-1.562257E+0	1.527525E-5 	2.821185E+1	2.820980E+1
35.0    	262     	3.431180E+1	9.054133E-4	2.51E+1    	35.00     	8598.51 	23.3 	33.0 	3.430721E+1	7.995837E-7 	2.319400E+6	6.082763E+1	-1.559227E+0	1.527525E-5 	3.431180E+1	3.430721E+1
35.0    	263     	5.029850E+1	3.322134E-4	2.40E+1    	35.00     	8601.09 	23.3 	33.0 	5.028034E+1	9.206933E-8 	1.582390E+6	1.000000E+1	-1.551797E+0	1.527525E-5 	5.029850E+1	5.028034E+1
35.0    	264     	1.102480E+2	1.303745E-3	2.59E+1    	35.00     	8603.67 	23.3 	32.9 	1.100345E+2	1.693176E-6 	7.225040E+5	8.544004E+0	-1.526780E+0	2.719480E-16	1.102480E+2	1.100345E+2
40.0    	1       	4.702695E+0	1.009864E-3	6.99E+1    	40.00     	8635.56 	23.3 	32.9 	4.700107E+0	1.040103E-6 	1.692633E+7	3.652853E+3	-1.594257E+0	2.059935E-4 	4.702695E+0	4.700107E+0
40.0    	2       	4.799353E+0	8.765677E-4	2.55E+1    	40.00     	8637.82 	23.3 	32.9 	4.796947E+0	7.926384E-7 	1.658503E+7	3.053413E+3	-1.593190E+0	1.113553E-4 	4.799353E+0	4.796947E+0
40.0    	3       	5.864844E-1	9.817072E-4	2.56E+1    	40.00     	8640.40 	23.3 	32.9 	5.437312E-1	9.501453E-7 	1.409193E+8	2.228594E+5	-1.844177E+0	2.529038E-3 	5.864844E-1	5.437312E-1
40.0    	4       	5.037075E+0	1.349837E-3	2.53E+1    	40.00     	8642.97 	23.3 	32.9 	5.034727E+0	2.009308E-6 	1.580203E+7	4.340891E+3	-1.592387E+0	3.635015E-4 	5.037075E+0	5.034727E+0
40.0    	5       	1.182774E+0	5.790392E-4	2.54E+1    	40.00     	8645.54 	23.3 	32.9 	1.181583E+0	2.111457E-7 	6.731430E+7	2.955791E+4	-1.602510E+0	1.568088E-3 	1.182774E+0	1.181583E+0
40.0    	6       	4.718319E+0	1.333423E-3	2.45E+1    	40.00     	8648.12 	23.3 	32.9 	4.715341E+0	1.688568E-6 	1.687097E+7	4.707795E+3	-1.595923E+0	1.556706E-4 	4.718319E+0	4.715341E+0
40.0    	7       	4.451584E+0	2.850823E-4	2.39E+1    	40.00     	8650.70 	23.3 	32.9 	4.448738E+0	8.282582E-8 	1.788193E+7	1.150362E+3	-1.596083E+0	8.504901E-5 	4.451584E+0	4.448738E+0
40.0    	8       	4.455796E+0	6.441034E-4	2.72E+1    	40.00     	8653.28 	23.3 	32.9 	4.453210E+0	4.598979E-7 	1.786450E+7	2.651415E+3	-1.594890E+0	1.609348E-4 	4.455796E+0	4.453210E+0
40.0    	9       	4.423158E+0	5.187181E-4	2.40E+1    	40.00     	8655.84 	23.3 	32.9 	4.420421E+0	3.142077E-7 	1.799667E+7	2.196209E+3	-1.595673E+0	2.059935E-4 	4.423158E+0	4.420421E+0
40.0    	10      	4.713407E+0	7.182751E-3	2.48E+1    	40.00     	8658.41 	23.3 	32.9 	4.689735E+0	5.384335E-5 	1.692580E+7	2.612949E+4	-1.641723E+0	3.797806E-4 	4.713407E+0	4.689735E+0
40.0    	11      	3.847142E+0	8.262809E-2	2.63E+1    	40.00     	8660.98 	23.3 	32.9 	3.140771E+0	1.423359E-2 	2.290713E+7	6.860558E+5	-1.127883E+0	1.745672E-2 	3.847142E+0	3.140771E+0
40.0    	12      	1.950327E+0	1.809144E-2	2.37E+1    	40.00     	8663.56 	23.3 	32.9 	1.949674E+0	3.047799E-4 	4.081120E+7	3.700544E+5	-1.553850E+0	8.290362E-3 	1.950327E+0	1.949674E+0
40.0    	13      	4.637073E+0	1.056171E-3	2.75E+1    	40.00     	8666.13 	23.3 	32.9 	4.633315E+0	1.282889E-6 	1.716810E+7	4.050926E+3	-1.599267E+0	4.202777E-4 	4.637073E+0	4.633315E+0
40.0    	14      	4.480288E+0	5.404845E-4	2.61E+1    	40.00     	8668.73 	23.3 	32.9 	4.477474E+0	4.290541E-7 	1.776727E+7	2.371357E+3	-1.595857E+0	5.118919E-4 	4.480288E+0	4.477474E+0
40.0    	15      	4.497176E+0	7.389771E-4	2.73E+1    	40.00     	8671.29 	23.3 	32.9 	4.494223E+0	6.575377E-7 	1.770080E+7	3.051229E+3	-1.596420E+0	3.235738E-4 	4.497176E+0	4.494223E+0
40.0    	16      	4.686968E+0	9.086344E-4	2.52E+1    	40.00     	8673.86 	23.3 	32.9 	4.684496E+0	6.795882E-7 	1.698293E+7	3.139002E+3	-1.593760E+0	4.521062E-4 	4.686968E+0	4.684496E+0
40.0    	17      	4.432102E+0	9.135752E-4	2.30E+1    	40.00     	8676.42 	23.3 	32.9 	4.429270E+0	6.725327E-7 	1.796053E+7	3.513308E+3	-1.596073E+0	4.252450E-4 	4.432102E+0	4.429270E+0
40.0    	18      	4.190324E+0	5.628379E-4	2.39E+1    	40.00     	8679.00 	23.3 	32.9 	4.186973E+0	3.748969E-7 	1.899837E+7	2.665208E+3	-1.599077E+0	2.112660E-4 	4.190324E+0	4.186973E+0
40.0    	19      	4.467593E+0	6.540897E-4	2.61E+1    	40.00     	8681.57 	23.3 	32.9 	4.465934E+0	3.927113E-7 	1.781547E+7	2.554082E+3	-1.590070E+0	1.664332E-4 	4.467593E+0	4.465934E+0
40.0    	20      	4.143497E+0	3.983821E-4	2.73E+1    	40.00     	8684.14 	23.3 	32.9 	4.140201E+0	1.700441E-7 	1.921303E+7	1.877054E+3	-1.599003E+0	2.154840E-4 	4.143497E+0	4.140201E+0
40.0    	21      	4.393896E+0	1.495669E-3	2.32E+1    	40.00     	8686.72 	23.3 	32.9 	4.390315E+0	2.206829E-6 	1.811830E+7	6.148984E+3	-1.599347E+0	2.122106E-4 	4.393896E+0	4.390315E+0
40.0    	22      	4.151969E+0	5.323310E-4	2.71E+1    	40.00     	8689.29 	23.3 	32.9 	4.148707E+0	3.964216E-7 	1.917373E+7	2.683903E+3	-1.598827E+0	4.214657E-4 	4.151969E+0	4.148707E+0
40.0    	23      	4.143682E+0	4.553583E-4	2.80E+1    	40.00     	8691.86 	23.3 	32.9 	4.140390E+0	2.277917E-7 	1.921217E+7	2.145538E+3	-1.598983E+0	5.120872E-4 	4.143682E+0	4.140390E+0
40.0    	24      	4.145481E+0	1.449879E-3	2.78E+1    	40.00     	8694.43 	23.3 	32.9 	4.142157E+0	2.237097E-6 	1.920390E+7	6.824222E+3	-1.599113E+0	2.122106E-4 	4.145481E+0	4.142157E+0
40.0    	25      	4.299170E+0	3.084024E-3	2.62E+1    	40.00     	8697.02 	23.3 	32.9 	4.285284E+0	9.966473E-6 	1.853993E+7	1.348345E+4	-1.627660E+0	2.426932E-4 	4.299170E+0	4.285284E+0
40.0    	26      	2.811198E+0	4.567154E-3	2.74E+1    	40.00     	8699.59 	23.3 	32.9 	2.166663E+0	9.789815E-6 	3.224403E+7	4.942280E+4	-1.071480E+0	2.402082E-4 	2.811198E+0	2.166663E+0
40.0    	27      	4.426562E+0	2.498370E-3	2.75E+1    	40.00     	8702.15 	23.3 	32.9 	4.400528E+0	6.231228E-6 	1.803037E+7	1.020065E+4	-1.647560E+0	1.228821E-4 	4.426562E+0	4.400528E+0
40.0    	28      	4.351216E+0	9.458411E-4	2.65E+1    	40.00     	8704.72 	23.3 	32.9 	4.346743E+0	9.333077E-7 	1.829797E+7	4.021608E+3	-1.602863E+0	1.011599E-4 	4.351216E+0	4.346743E+0
40.0    	29      	4.147619E+0	2.548637E-3	2.47E+1    	40.00     	8707.29 	23.3 	32.9 	4.144352E+0	6.615094E-6 	1.919387E+7	1.184961E+4	-1.598863E+0	1.823001E-4 	4.147619E+0	4.144352E+0
40.0    	30      	4.143492E+0	1.358134E-3	2.77E+1    	40.00     	8709.86 	23.3 	32.9 	4.140206E+0	2.044606E-6 	1.921303E+7	6.467096E+3	-1.598963E+0	3.600463E-4 	4.143492E+0	4.140206E+0
40.0    	31      	4.170933E+0	1.979247E-3	2.43E+1    	40.00     	8712.43 	23.3 	32.9 	4.167696E+0	3.732645E-6 	1.908647E+7	8.952281E+3	-1.598657E+0	2.059935E-4 	4.170933E+0	4.167696E+0
40.0    	32      	4.434691E+0	1.100411E-3	2.65E+1    	40.00     	8715.00 	23.3 	32.9 	4.431814E+0	1.069468E-6 	1.795013E+7	4.315476E+3	-1.596263E+0	5.885859E-4 	4.434691E+0	4.431814E+0
40.0    	33      	4.430110E+0	2.775252E-4	2.62E+1    	40.00     	8717.57 	23.3 	32.9 	4.427119E+0	1.148319E-7 	1.796893E+7	1.250333E+3	-1.596783E+0	2.715388E-4 	4.430110E+0	4.427119E+0
40.0    	34      	4.151233E+0	4.576313E-4	2.36E+1    	40.00     	8720.15 	23.3 	32.9 	4.148015E+0	1.554439E-7 	1.917703E+7	1.965536E+3	-1.598643E+0	3.394604E-4 	4.151233E+0	4.148015E+0
40.0    	35      	4.134103E+0	3.247477E-4	2.43E+1    	40.00     	8722.72 	23.3 	32.9 	4.130667E+0	8.081394E-8 	1.925703E+7	1.418920E+3	-1.599627E+0	1.700980E-4 	4.134103E+0	4.130667E+0
40.0    	36      	4.152043E+0	1.441329E-3	2.67E+1    	40.00     	8725.28 	23.3 	32.9 	4.148749E+0	2.020739E-6 	1.917347E+7	6.612362E+3	-1.598967E+0	1.814754E-4 	4.152043E+0	4.148749E+0
40.0    	37      	4.349504E+0	7.342558E-4	2.39E+1    	40.00     	8727.86 	23.3 	32.9 	4.341839E+0	5.664079E-7 	1.831190E+7	3.122499E+3	-1.612787E+0	3.372437E-4 	4.349504E+0	4.341839E+0
40.0    	38      	4.152697E+0	1.295798E-3	2.60E+1    	40.00     	8730.43 	23.3 	32.9 	4.149467E+0	1.624617E-6 	1.917030E+7	5.935487E+3	-1.598687E+0	1.795364E-4 	4.152697E+0	4.149467E+0
40.0    	39      	4.154792E+0	2.521997E-3	2.69E+1    	40.00     	8733.01 	23.3 	32.9 	4.151605E+0	6.230373E-6 	1.916053E+7	1.157598E+4	-1.598490E+0	5.302829E-4 	4.154792E+0	4.151605E+0
40.0    	40      	4.156120E+0	9.754905E-4	2.61E+1    	40.00     	8735.58 	23.3 	32.9 	4.151331E+0	1.048336E-6 	1.915810E+7	4.590207E+3	-1.604743E+0	7.008804E-4 	4.156120E+0	4.151331E+0
40.0    	41      	4.105153E+0	1.651755E-3	2.55E+1    	40.00     	8738.14 	23.3 	32.9 	4.094168E+0	3.565725E-6 	1.941077E+7	8.379936E+3	-1.519047E+0	5.783886E-4 	4.105153E+0	4.094168E+0
40.0    	42      	4.315212E+0	1.104231E-3	2.71E+1    	40.00     	8740.73 	23.3 	32.9 	4.302426E+0	1.043536E-6 	1.846853E+7	4.554485E+3	-1.625257E+0	1.965536E-4 	4.315212E+0	4.302426E+0
40.0    	43      	4.160407E+0	4.316947E-4	2.48E+1    	40.00     	8743.30 	23.3 	32.9 	4.157159E+0	1.310359E-7 	1.913480E+7	1.819341E+3	-1.598737E+0	4.147690E-4 	4.160407E+0	4.157159E+0
40.0    	44      	4.143437E+0	1.341441E-3	2.67E+1    	40.00     	8745.87 	23.3 	32.9 	4.140175E+0	1.774054E-6 	1.921323E+7	6.200269E+3	-1.598860E+0	1.345362E-4 	4.143437E+0	4.140175E+0
40.0    	45      	4.158434E+0	1.121948E-3	2.35E+1    	40.00     	8748.45 	23.3 	32.9 	4.155279E+0	1.350598E-6 	1.914367E+7	5.259594E+3	-1.598343E+0	1.892969E-4 	4.158434E+0	4.155279E+0
40.0    	46      	4.144853E+0	2.173135E-3	2.59E+1    	40.00     	8751.01 	23.3 	32.9 	4.141563E+0	4.769200E-6 	1.920673E+7	1.009571E+4	-1.598973E+0	1.193035E-4 	4.144853E+0	4.141563E+0
40.0    	47      	4.140814E+0	1.217700E-3	2.51E+1    	40.00     	8753.58 	23.3 	32.9 	4.137412E+0	1.582423E-6 	1.922573E+7	5.749203E+3	-1.599460E+0	2.722132E-4 	4.140814E+0	4.137412E+0
40.0    	48      	4.423528E+0	8.993985E-4	2.39E+1    	40.00     	8756.14 	23.3 	32.9 	4.420510E+0	6.921982E-7 	1.799573E+7	3.523256E+3	-1.596917E+0	2.950141E-4 	4.423528E+0	4.420510E+0
40.0    	49      	4.453135E+0	5.326684E-4	2.56E+1    	40.00     	8758.73 	23.3 	32.9 	4.450306E+0	2.756482E-7 	1.787567E+7	2.122106E+3	-1.596003E+0	1.703917E-4 	4.453135E+0	4.450306E+0
40.0    	50      	4.136458E+0	1.116283E-3	2.51E+1    	40.00     	8761.29 	23.3 	32.9 	4.133022E+0	1.175299E-6 	1.924607E+7	5.120872E+3	-1.599620E+0	1.311488E-4 	4.136458E+0	4.133022E+0
40.0    	51      	4.147671E+0	1.221421E-3	2.62E+1    	40.00     	8763.86 	23.3 	32.9 	4.144428E+0	1.450407E-6 	1.919357E+7	5.614564E+3	-1.598760E+0	1.509967E-4 	4.147671E+0	4.144428E+0
40.0    	52      	4.354353E+0	1.131047E-3	2.72E+1    	40.00     	8766.43 	23.3 	32.9 	4.347079E+0	1.352752E-6 	1.829067E+7	4.822171E+3	-1.611680E+0	9.539392E-5 	4.354353E+0	4.347079E+0
40.0    	53      	1.748218E+0	1.306330E-2	2.65E+1    	40.00     	8769.00 	23.3 	32.9 	1.410719E+0	3.620704E-5 	5.067367E+7	2.962784E+5	-1.115913E+0	3.523554E-3 	1.748218E+0	1.410719E+0
40.0    	54      	4.332672E+0	1.204261E-3	2.36E+1    	40.00     	8771.58 	23.3 	32.9 	4.325589E+0	1.691867E-6 	1.838187E+7	5.316327E+3	-1.611240E+0	3.244996E-4 	4.332672E+0	4.325589E+0
40.0    	55      	4.164225E+0	2.487404E-4	2.47E+1    	40.00     	8774.15 	23.3 	32.9 	4.160969E+0	4.900584E-8 	1.911727E+7	1.078579E+3	-1.598760E+0	1.442221E-4 	4.164225E+0	4.160969E+0
40.0    	56      	4.164934E+0	6.797188E-4	2.54E+1    	40.00     	8776.72 	23.3 	32.9 	4.159014E+0	4.688493E-7 	1.912013E+7	3.134220E+3	-1.608507E+0	4.163332E-5 	4.164934E+0	4.159014E+0
40.0    	57      	4.161542E+0	1.958750E-4	2.59E+1    	40.00     	8779.30 	23.3 	32.9 	4.154331E+0	8.632967E-8 	1.913870E+7	1.081665E+3	-1.612433E+0	4.880915E-4 	4.161542E+0	4.154331E+0
40.0    	58      	4.157002E+0	6.772273E-4	2.43E+1    	40.00     	8781.87 	23.3 	32.9 	4.153701E+0	4.110295E-7 	1.915060E+7	3.034798E+3	-1.598980E+0	3.034798E-4 	4.157002E+0	4.153701E+0
40.0    	59      	4.126244E+0	5.107710E-4	2.40E+1    	40.00     	8784.45 	23.3 	32.9 	4.122877E+0	2.428933E-7 	1.929357E+7	2.345918E+3	-1.599367E+0	1.594783E-4 	4.126244E+0	4.122877E+0
40.0    	60      	4.154889E+0	1.003477E-3	2.50E+1    	40.00     	8787.04 	23.3 	32.9 	4.151463E+0	9.730400E-7 	1.916063E+7	4.588391E+3	-1.599513E+0	2.775488E-4 	4.154889E+0	4.151463E+0
40.0    	61      	4.457732E+0	1.099688E-3	2.67E+1    	40.00     	8789.60 	23.3 	32.9 	4.454817E+0	1.121481E-6 	1.785740E+7	4.320880E+3	-1.596370E+0	4.687217E-4 	4.457732E+0	4.454817E+0
40.0    	62      	4.463560E+0	5.046664E-4	2.69E+1    	40.00     	8792.17 	23.3 	32.9 	4.460900E+0	2.734662E-7 	1.783357E+7	2.052641E+3	-1.595207E+0	1.517674E-4 	4.463560E+0	4.460900E+0
40.0    	63      	4.154045E+0	1.297351E-3	2.71E+1    	40.00     	8794.74 	23.3 	32.9 	4.150833E+0	1.718097E-6 	1.916403E+7	6.016921E+3	-1.598603E+0	2.936551E-4 	4.154045E+0	4.150833E+0
40.0    	64      	4.607217E+0	5.650841E-4	2.68E+1    	40.00     	8797.31 	23.3 	32.9 	4.603477E+0	4.027388E-7 	1.727937E+7	2.250185E+3	-1.599290E+0	2.800000E-4 	4.607217E+0	4.603477E+0
40.0    	65      	4.445370E+0	1.757233E-3	2.74E+1    	40.00     	8799.89 	23.3 	32.9 	4.442494E+0	2.791331E-6 	1.790700E+7	6.907243E+3	-1.596233E+0	3.807011E-4 	4.445370E+0	4.442494E+0
40.0    	66      	4.145805E+0	6.691268E-4	2.60E+1    	40.00     	8802.47 	23.3 	32.9 	4.142523E+0	3.771350E-7 	1.920230E+7	2.971532E+3	-1.598937E+0	2.804164E-4 	4.145805E+0	4.142523E+0
40.0    	67      	4.171566E+0	2.585083E-4	2.55E+1    	40.00     	8805.03 	23.3 	32.9 	4.168257E+0	4.416640E-8 	1.908373E+7	1.069268E+3	-1.598967E+0	2.548202E-4 	4.171566E+0	4.168257E+0
40.0    	68      	4.154213E+0	8.981316E-4	2.65E+1    	40.00     	8807.61 	23.3 	32.9 	4.150853E+0	8.028899E-7 	1.916360E+7	4.138840E+3	-1.599240E+0	2.095233E-4 	4.154213E+0	4.150853E+0
40.0    	69      	4.330780E+0	1.560916E-3	2.56E+1    	40.00     	8810.18 	23.3 	32.9 	4.323292E+0	2.954957E-6 	1.839077E+7	6.971609E+3	-1.612390E+0	4.543127E-4 	4.330780E+0	4.323292E+0
40.0    	70      	4.155034E+0	1.737947E-3	2.64E+1    	40.00     	8812.76 	23.3 	32.9 	4.151897E+0	3.067820E-6 	1.915930E+7	8.046738E+3	-1.598277E+0	8.082904E-5 	4.155034E+0	4.151897E+0
40.0    	71      	4.139878E+0	1.975408E-3	2.66E+1    	40.00     	8815.33 	23.3 	32.9 	4.133817E+0	3.800681E-6 	1.923627E+7	9.127066E+3	-1.609070E+0	1.824829E-4 	4.139878E+0	4.133817E+0
40.0    	72      	4.078781E+0	1.286030E-3	2.57E+1    	40.00     	8817.91 	23.3 	32.9 	4.029222E+0	5.060730E-6 	1.962973E+7	8.558232E+3	-1.460347E+0	1.120550E-3 	4.078781E+0	4.029222E+0
40.0    	73      	4.138632E+0	1.013443E-3	2.35E+1    	40.00     	8820.48 	23.3 	32.9 	4.123349E+0	1.558847E-6 	1.926357E+7	5.269092E+3	-1.509993E+0	5.161718E-4 	4.138632E+0	4.123349E+0
40.0    	74      	4.140259E+0	2.302938E-3	2.66E+1    	40.00     	8823.05 	23.3 	32.9 	4.135243E+0	5.434428E-6 	1.923207E+7	1.077234E+4	-1.605610E+0	1.907878E-4 	4.140259E+0	4.135243E+0
40.0    	75      	4.152997E+0	2.660296E-3	2.69E+1    	40.00     	8825.63 	23.3 	32.9 	4.150121E+0	6.786542E-6 	1.916810E+7	1.215689E+4	-1.597113E+0	4.956141E-4 	4.152997E+0	4.150121E+0
40.0    	76      	4.449534E+0	1.194389E-3	2.42E+1    	40.00     	8828.20 	23.3 	32.9 	4.447139E+0	1.393210E-6 	1.788927E+7	4.775284E+3	-1.593997E+0	6.506407E-5 	4.449534E+0	4.447139E+0
40.0    	77      	5.817161E-1	1.534007E-3	2.53E+1    	40.00     	8830.77 	23.3 	32.9 	5.472250E-1	4.267089E-6 	1.410440E+8	4.496009E+5	-1.816763E+0	2.653042E-3 	5.817161E-1	5.472250E-1
40.0    	78      	5.866139E-1	1.408525E-3	2.58E+1    	40.00     	8833.35 	23.3 	32.9 	5.512199E-1	1.844652E-6 	1.399437E+8	3.403885E+5	-1.818970E+0	5.332917E-4 	5.866139E-1	5.512199E-1
40.0    	79      	4.685892E+0	2.489783E-3	2.72E+1    	40.00     	8835.93 	23.3 	32.9 	4.682595E+0	5.459168E-6 	1.698833E+7	8.751190E+3	-1.597320E+0	6.269769E-4 	4.685892E+0	4.682595E+0
40.0    	80      	1.613362E+0	1.360811E-3	2.52E+1    	40.00     	8838.50 	23.3 	32.9 	1.607559E+0	9.169538E-7 	4.941297E+7	3.556970E+4	-1.510810E+0	2.086241E-3 	1.613362E+0	1.607559E+0
40.0    	81      	4.423332E+0	7.389616E-4	2.52E+1    	40.00     	8841.08 	23.3 	32.9 	4.420411E+0	4.663259E-7 	1.799633E+7	2.891943E+3	-1.596497E+0	3.202083E-4 	4.423332E+0	4.420411E+0
40.0    	82      	4.178135E+0	1.301050E-3	2.68E+1    	40.00     	8843.65 	23.3 	32.9 	4.174674E+0	1.511171E-6 	1.905407E+7	5.772637E+3	-1.599580E+0	2.946184E-4 	4.178135E+0	4.174674E+0
40.0    	83      	4.177352E+0	1.188499E-3	2.36E+1    	40.00     	8846.22 	23.3 	32.9 	4.174185E+0	1.373889E-6 	1.905697E+7	5.387331E+3	-1.598330E+0	7.549834E-5 	4.177352E+0	4.174185E+0
40.0    	84      	4.188881E+0	1.045350E-3	2.41E+1    	40.00     	8848.80 	23.3 	32.9 	4.185639E+0	1.310702E-6 	1.900467E+7	4.970245E+3	-1.598617E+0	4.611218E-4 	4.188881E+0	4.185639E+0
40.0    	85      	4.178672E+0	7.322496E-4	2.60E+1    	40.00     	8851.37 	23.3 	32.9 	4.175539E+0	5.319838E-7 	1.905087E+7	3.330666E+3	-1.598180E+0	2.553429E-4 	4.178672E+0	4.175539E+0
40.0    	86      	4.199378E+0	2.018787E-3	2.35E+1    	40.00     	8853.95 	23.3 	32.9 	4.196319E+0	4.166119E-6 	1.895673E+7	9.165879E+3	-1.597790E+0	1.389244E-4 	4.199378E+0	4.196319E+0
40.0    	87      	4.298755E+0	7.392765E-4	2.56E+1    	40.00     	8856.51 	23.3 	32.9 	4.295791E+0	4.950096E-7 	1.851813E+7	3.108590E+3	-1.597057E+0	1.665333E-4 	4.298755E+0	4.295791E+0
40.0    	88      	4.309653E+0	8.026403E-4	2.50E+1    	40.00     	8859.09 	23.3 	32.9 	4.304323E+0	6.018627E-7 	1.847637E+7	3.385754E+3	-1.605970E+0	8.544004E-5 	4.309653E+0	4.304323E+0
40.0    	89      	4.296955E+0	6.545349E-4	2.37E+1    	40.00     	8861.65 	23.3 	32.9 	4.292335E+0	3.388488E-7 	1.852947E+7	2.663331E+3	-1.603590E+0	3.604164E-4 	4.296955E+0	4.292335E+0
40.0    	90      	4.278763E+0	1.138119E-3	2.64E+1    	40.00     	8864.21 	23.3 	32.9 	4.275886E+0	1.358077E-6 	1.860450E+7	5.008992E+3	-1.596730E+0	1.493318E-4 	4.278763E+0	4.275886E+0
40.0    	91      	4.213110E+0	3.245962E-4	2.29E+1    	40.00     	8866.79 	23.3 	32.9 	4.210119E+0	1.756310E-7 	1.889477E+7	1.665333E+3	-1.597440E+0	4.667976E-4 	4.213110E+0	4.210119E+0
40.0    	92      	4.186952E+0	2.456038E-4	2.58E+1    	40.00     	8869.35 	23.3 	32.9 	4.183970E+0	1.059212E-7 	1.901283E+7	1.289703E+3	-1.597487E+0	4.508141E-4 	4.186952E+0	4.183970E+0
40.0    	93      	4.491280E+0	1.062072E-3	2.54E+1    	40.00     	8871.92 	23.3 	32.9 	4.488637E+0	1.238104E-6 	1.772343E+7	4.289911E+3	-1.595053E+0	4.387862E-4 	4.491280E+0	4.488637E+0
40.0    	94      	4.500497E+0	1.445056E-3	2.40E+1    	40.00     	8874.50 	23.3 	32.9 	4.498172E+0	2.015976E-6 	1.768650E+7	5.629387E+3	-1.593530E+0	2.088061E-4 	4.500497E+0	4.498172E+0
40.0    	95      	4.183983E+0	7.052342E-4	2.37E+1    	40.00     	8877.07 	23.3 	32.9 	4.180795E+0	4.221132E-7 	1.902680E+7	3.078961E+3	-1.598403E+0	3.450121E-4 	4.183983E+0	4.180795E+0
40.0    	96      	4.654904E+0	3.701686E-4	2.39E+1    	40.00     	8879.64 	23.3 	32.9 	4.651279E+0	1.665344E-7 	1.710207E+7	1.429452E+3	-1.598707E+0	1.761628E-4 	4.654904E+0	4.651279E+0
40.0    	97      	4.406493E+0	2.250285E-4	2.49E+1    	40.00     	8882.21 	23.3 	32.9 	4.403358E+0	4.042248E-8 	1.806557E+7	8.736895E+2	-1.597470E+0	1.014889E-4 	4.406493E+0	4.403358E+0
40.0    	98      	4.179217E+0	7.078742E-4	2.46E+1    	40.00     	8884.78 	23.3 	32.9 	4.178737E+0	5.646343E-7 	1.904233E+7	3.324655E+3	-1.581510E+0	4.903060E-4 	4.179217E+0	4.178737E+0
40.0    	99      	4.181860E+0	6.420451E-4	2.56E+1    	40.00     	8887.37 	23.3 	32.9 	4.178466E+0	3.619246E-7 	1.903693E+7	2.830783E+3	-1.599290E+0	2.291288E-4 	4.181860E+0	4.178466E+0
40.0    	100     	4.181919E+0	3.953377E-4	2.71E+1    	40.00     	8889.93 	23.3 	32.9 	4.178728E+0	1.820338E-7 	1.903620E+7	1.868154E+3	-1.598423E+0	2.542309E-4 	4.181919E+0	4.178728E+0
40.0    	101     	4.166770E+0	1.509025E-3	2.67E+1    	40.00     	8892.50 	23.3 	32.9 	4.163712E+0	2.143099E-6 	1.910513E+7	6.819335E+3	-1.597890E+0	2.200000E-4 	4.166770E+0	4.163712E+0
40.0    	102     	4.294401E+0	9.536835E-4	2.71E+1    	40.00     	8895.07 	23.3 	32.9 	4.291429E+0	1.025273E-6 	1.853693E+7	4.244212E+3	-1.597107E+0	3.511885E-4 	4.294401E+0	4.291429E+0
40.0    	103     	4.310142E+0	5.657673E-4	2.36E+1    	40.00     	8897.64 	23.3 	32.9 	4.307191E+0	2.738707E-7 	1.846917E+7	2.324507E+3	-1.596960E+0	4.775982E-4 	4.310142E+0	4.307191E+0
40.0    	104     	4.306882E+0	1.480307E-3	2.41E+1    	40.00     	8900.22 	23.3 	32.9 	4.303940E+0	2.190096E-6 	1.848313E+7	6.353214E+3	-1.596933E+0	2.311565E-4 	4.306882E+0	4.303940E+0
40.0    	105     	4.310546E+0	6.656198E-4	2.35E+1    	40.00     	8902.78 	23.3 	32.9 	4.307735E+0	5.583258E-7 	1.846713E+7	3.027100E+3	-1.596333E+0	3.810949E-4 	4.310546E+0	4.307735E+0
40.0    	106     	4.318606E+0	2.398000E-4	2.70E+1    	40.00     	8905.36 	23.3 	32.9 	4.315728E+0	7.310453E-8 	1.843280E+7	1.081665E+3	-1.596610E+0	3.026549E-4 	4.318606E+0	4.315728E+0
40.0    	107     	4.287678E+0	1.456997E-3	2.67E+1    	40.00     	8907.93 	23.3 	32.9 	4.284680E+0	2.118547E-6 	1.856607E+7	6.308988E+3	-1.597243E+0	8.082904E-5 	4.287678E+0	4.284680E+0
40.0    	108     	4.186224E+0	1.196901E-3	2.63E+1    	40.00     	8910.51 	23.3 	32.9 	4.183114E+0	1.293333E-6 	1.901643E+7	5.299371E+3	-1.598050E+0	4.912230E-4 	4.186224E+0	4.183114E+0
40.0    	109     	4.201056E+0	5.622442E-4	2.59E+1    	40.00     	8913.08 	23.3 	32.9 	4.197771E+0	3.062995E-7 	1.894967E+7	2.514624E+3	-1.598763E+0	2.254625E-4 	4.201056E+0	4.197771E+0
40.0    	110     	4.179220E+0	5.687716E-4	2.64E+1    	40.00     	8915.64 	23.3 	32.9 	4.176204E+0	2.744279E-7 	1.904810E+7	2.487971E+3	-1.597660E+0	3.100000E-4 	4.179220E+0	4.176204E+0
40.0    	111     	4.168814E+0	1.864269E-3	2.39E+1    	40.00     	8918.23 	23.3 	32.9 	4.165580E+0	3.281609E-6 	1.909617E+7	8.422787E+3	-1.598653E+0	3.202083E-4 	4.168814E+0	4.165580E+0
40.0    	112     	4.435010E+0	1.173170E-3	2.47E+1    	40.00     	8920.79 	23.3 	32.9 	4.432204E+0	1.306377E-6 	1.794870E+7	4.687217E+3	-1.595953E+0	2.055075E-4 	4.435010E+0	4.432204E+0
40.0    	113     	4.395993E+0	6.655804E-4	2.61E+1    	40.00     	8923.36 	23.3 	32.9 	4.392939E+0	3.560126E-7 	1.810857E+7	2.600641E+3	-1.597157E+0	2.973774E-4 	4.395993E+0	4.392939E+0
40.0    	114     	4.177641E+0	5.601035E-4	2.51E+1    	40.00     	8925.93 	23.3 	32.9 	4.174101E+0	2.663896E-7 	1.905650E+7	2.455606E+3	-1.599910E+0	1.852026E-4 	4.177641E+0	4.174101E+0
40.0    	115     	4.166524E+0	2.823612E-4	2.44E+1    	40.00     	8928.52 	23.3 	32.9 	4.163390E+0	1.083146E-7 	1.910643E+7	1.401190E+3	-1.598227E+0	2.369247E-4 	4.166524E+0	4.163390E+0
40.0    	116     	4.175092E+0	1.051531E-3	2.63E+1    	40.00     	8931.09 	23.3 	32.9 	4.171686E+0	1.178049E-6 	1.906783E+7	4.880915E+3	-1.599360E+0	1.539480E-4 	4.175092E+0	4.171686E+0
40.0    	117     	4.177953E+0	1.222357E-3	2.43E+1    	40.00     	8933.65 	23.3 	32.9 	4.174797E+0	1.350564E-6 	1.905420E+7	5.434151E+3	-1.598280E+0	5.406478E-4 	4.177953E+0	4.174797E+0
40.0    	118     	4.322615E+0	8.317139E-4	2.46E+1    	40.00     	8936.22 	23.3 	32.9 	4.319658E+0	6.291740E-7 	1.841587E+7	3.458805E+3	-1.596950E+0	3.843176E-4 	4.322615E+0	4.319658E+0
40.0    	119     	4.323651E+0	4.889758E-4	2.59E+1    	40.00     	8938.80 	23.3 	32.9 	4.320766E+0	2.872044E-7 	1.841130E+7	2.179449E+3	-1.596627E+0	3.286842E-4 	4.323651E+0	4.320766E+0
40.0    	120     	4.337540E+0	4.352020E-4	2.65E+1    	40.00     	8941.37 	23.3 	32.9 	4.334699E+0	1.934313E-7 	1.835223E+7	1.844813E+3	-1.596387E+0	3.397548E-4 	4.337540E+0	4.334699E+0
40.0    	121     	4.364078E+0	7.963304E-4	2.67E+1    	40.00     	8943.96 	23.3 	32.9 	4.361283E+0	6.436737E-7 	1.824050E+7	3.342155E+3	-1.596107E+0	4.041452E-5 	4.364078E+0	4.361283E+0
40.0    	122     	4.356066E+0	7.166177E-4	2.40E+1    	40.00     	8946.53 	23.3 	32.9 	4.353300E+0	3.755482E-7 	1.827400E+7	2.787472E+3	-1.595997E+0	5.150081E-4 	4.356066E+0	4.353300E+0
40.0    	123     	4.292983E+0	1.166753E-3	2.50E+1    	40.00     	8949.11 	23.3 	32.9 	4.289961E+0	1.634729E-6 	1.854317E+7	5.272887E+3	-1.597320E+0	8.085172E-4 	4.292983E+0	4.289961E+0
40.0    	124     	4.224060E+0	8.121886E-4	2.37E+1    	40.00     	8951.68 	23.3 	32.9 	4.220130E+0	6.058770E-7 	1.884787E+7	3.550117E+3	-1.601300E+0	1.539480E-4 	4.224060E+0	4.220130E+0
40.0    	125     	4.182223E+0	2.761349E-4	2.50E+1    	40.00     	8954.30 	23.3 	32.9 	4.178980E+0	1.029882E-7 	1.903493E+7	1.357694E+3	-1.598647E+0	2.285461E-4 	4.182223E+0	4.178980E+0
40.0    	126     	4.156304E+0	3.408646E-4	2.39E+1    	40.00     	8956.83 	23.3 	32.9 	4.153184E+0	1.004010E-7 	1.915340E+7	1.513275E+3	-1.598200E+0	2.042058E-4 	4.156304E+0	4.153184E+0
40.0    	127     	4.174529E+0	1.228541E-3	2.62E+1    	40.00     	8959.41 	23.3 	32.9 	4.171315E+0	1.488636E-6 	1.906997E+7	5.594044E+3	-1.598547E+0	2.683903E-4 	4.174529E+0	4.171315E+0
40.0    	128     	4.418923E+0	5.482517E-4	2.46E+1    	40.00     	8961.98 	23.3 	32.9 	4.415967E+0	3.432956E-7 	1.801437E+7	2.311565E+3	-1.596663E+0	2.247962E-4 	4.418923E+0	4.415967E+0
40.0    	129     	4.387435E+0	1.908784E-3	2.42E+1    	40.00     	8964.56 	23.3 	32.9 	4.384447E+0	3.729351E-6 	1.814377E+7	7.941243E+3	-1.596893E+0	2.450170E-4 	4.387435E+0	4.384447E+0
40.0    	130     	4.176504E+0	9.570955E-4	2.37E+1    	40.00     	8967.12 	23.3 	32.9 	4.173354E+0	9.178371E-7 	1.906080E+7	4.371499E+3	-1.598263E+0	1.242310E-4 	4.176504E+0	4.173354E+0
40.0    	131     	4.163022E+0	7.530639E-4	2.40E+1    	40.00     	8969.71 	23.3 	32.9 	4.159894E+0	5.360224E-7 	1.912250E+7	3.411744E+3	-1.598213E+0	1.692139E-4 	4.163022E+0	4.159894E+0
40.0    	132     	4.163325E+0	1.158121E-3	2.65E+1    	40.00     	8972.28 	23.3 	32.9 	4.160114E+0	1.223034E-6 	1.912130E+7	5.200000E+3	-1.598570E+0	2.424871E-4 	4.163325E+0	4.160114E+0
40.0    	133     	4.185037E+0	5.515870E-4	2.47E+1    	40.00     	8974.84 	23.3 	32.9 	4.181837E+0	2.790375E-7 	1.902203E+7	2.454248E+3	-1.598453E+0	1.386843E-4 	4.185037E+0	4.181837E+0
40.0    	134     	4.321023E+0	1.284012E-4	2.76E+1    	40.00     	8977.42 	23.3 	32.9 	4.318138E+0	1.884770E-8 	1.842250E+7	5.567764E+2	-1.596637E+0	2.236813E-4 	4.321023E+0	4.318138E+0
40.0    	135     	4.357628E+0	1.108963E-3	2.57E+1    	40.00     	8980.00 	23.3 	32.9 	4.354742E+0	1.017045E-6 	1.826770E+7	4.439595E+3	-1.596533E+0	4.760602E-4 	4.357628E+0	4.354742E+0
40.0    	136     	4.345120E+0	8.680104E-4	2.62E+1    	40.00     	8982.56 	23.3 	32.9 	4.342219E+0	6.928744E-7 	1.832033E+7	3.585155E+3	-1.596637E+0	1.861003E-4 	4.345120E+0	4.342219E+0
40.0    	137     	4.366348E+0	1.850586E-3	2.45E+1    	40.00     	8985.13 	23.3 	32.9 	4.363481E+0	3.490322E-6 	1.823117E+7	7.768097E+3	-1.596420E+0	1.081665E-4 	4.366348E+0	4.363481E+0
40.0    	138     	4.356138E+0	1.040181E-3	2.51E+1    	40.00     	8987.70 	23.3 	32.9 	4.353291E+0	1.024494E-6 	1.827387E+7	4.306197E+3	-1.596363E+0	1.331666E-4 	4.356138E+0	4.353291E+0
40.0    	139     	4.311489E+0	7.044770E-4	2.37E+1    	40.00     	8990.28 	23.3 	32.9 	4.307773E+0	5.909673E-7 	1.846503E+7	3.153305E+3	-1.600157E+0	3.496188E-4 	4.311489E+0	4.307773E+0
40.0    	140     	4.199845E+0	5.065736E-4	2.38E+1    	40.00     	8992.85 	23.3 	32.9 	4.197268E+0	3.030911E-7 	1.895353E+7	2.386071E+3	-1.546023E+0	2.193931E-4 	4.199845E+0	4.197268E+0
40.0    	141     	4.178542E+0	9.697997E-4	2.37E+1    	40.00     	8995.42 	23.3 	32.9 	4.174529E+0	1.066436E-6 	1.905347E+7	4.562163E+3	-1.601790E+0	4.648656E-4 	4.178542E+0	4.174529E+0
40.0    	142     	4.159001E+0	9.783950E-4	2.67E+1    	40.00     	8997.99 	23.3 	32.9 	4.155813E+0	7.977785E-7 	1.914113E+7	4.308519E+3	-1.598487E+0	3.852705E-4 	4.159001E+0	4.155813E+0
40.0    	143     	4.174267E+0	1.238039E-3	2.60E+1    	40.00     	9000.57 	23.3 	32.9 	4.171037E+0	1.548157E-6 	1.907120E+7	5.671860E+3	-1.598620E+0	8.717798E-5 	4.174267E+0	4.171037E+0
40.0    	144     	4.418713E+0	1.992799E-3	2.50E+1    	40.00     	9003.14 	23.3 	32.9 	4.415819E+0	4.045030E-6 	1.801510E+7	8.162720E+3	-1.596393E+0	1.209683E-4 	4.418713E+0	4.415819E+0
40.0    	145     	4.571941E+0	1.906166E-3	2.70E+1    	40.00     	9005.71 	23.3 	32.9 	4.568785E+0	3.640924E-6 	1.741163E+7	7.266590E+3	-1.597073E+0	2.250185E-4 	4.571941E+0	4.568785E+0
40.0    	146     	4.168631E+0	7.833401E-4	2.55E+1    	40.00     	9008.28 	23.3 	32.9 	4.165326E+0	6.302184E-7 	1.909717E+7	3.614323E+3	-1.598957E+0	8.386497E-5 	4.168631E+0	4.165326E+0
40.0    	147     	4.175998E+0	1.828566E-3	2.63E+1    	40.00     	9010.87 	23.3 	32.9 	4.172823E+0	3.389784E-6 	1.906317E+7	8.376953E+3	-1.598373E+0	1.021437E-4 	4.175998E+0	4.172823E+0
40.0    	148     	4.434967E+0	5.116821E-4	2.56E+1    	40.00     	9013.44 	23.3 	32.9 	4.432197E+0	2.965412E-7 	1.794880E+7	2.137756E+3	-1.595787E+0	1.761628E-4 	4.434967E+0	4.432197E+0
40.0    	149     	4.174751E+0	7.544403E-4	2.74E+1    	40.00     	9016.00 	23.3 	32.9 	4.171516E+0	6.134459E-7 	1.906900E+7	3.508561E+3	-1.598637E+0	3.711244E-4 	4.174751E+0	4.171516E+0
40.0    	150     	4.290664E+0	8.599697E-4	2.46E+1    	40.00     	9018.57 	23.3 	32.9 	4.287576E+0	6.661582E-7 	1.855333E+7	3.625374E+3	-1.597627E+0	2.050203E-4 	4.290664E+0	4.287576E+0
40.0    	151     	4.348035E+0	7.623712E-4	2.68E+1    	40.00     	9021.14 	23.3 	32.9 	4.345126E+0	4.875138E-7 	1.830807E+7	3.073001E+3	-1.596663E+0	3.987898E-4 	4.348035E+0	4.345126E+0
40.0    	152     	4.373831E+0	7.177914E-4	2.53E+1    	40.00     	9023.72 	23.3 	32.9 	4.371043E+0	5.477148E-7 	1.819980E+7	3.031501E+3	-1.596043E+0	2.779089E-4 	4.373831E+0	4.371043E+0
40.0    	153     	4.373076E+0	3.542238E-4	2.42E+1    	40.00     	9026.29 	23.3 	32.8 	4.370180E+0	1.235260E-7 	1.820317E+7	1.464013E+3	-1.596533E+0	2.638813E-4 	4.373076E+0	4.370180E+0
40.0    	154     	4.333646E+0	6.571859E-4	2.30E+1    	40.00     	9028.86 	23.3 	32.9 	4.330835E+0	4.861041E-7 	1.836867E+7	2.871121E+3	-1.596267E+0	1.882374E-4 	4.333646E+0	4.330835E+0
40.0    	155     	4.302008E+0	7.777317E-4	2.50E+1    	40.00     	9031.43 	23.3 	32.8 	4.299010E+0	6.420299E-7 	1.850420E+7	3.395585E+3	-1.597200E+0	2.088061E-4 	4.302008E+0	4.299010E+0
40.0    	156     	4.185820E+0	8.575378E-4	2.61E+1    	40.00     	9034.00 	23.3 	32.9 	4.181729E+0	7.854713E-7 	1.902050E+7	3.961060E+3	-1.602063E+0	2.874601E-4 	4.185820E+0	4.181729E+0
40.0    	157     	4.174107E+0	1.597966E-2	2.64E+1    	40.00     	9036.58 	23.3 	32.8 	4.172140E+0	2.672071E-4 	1.906923E+7	7.366426E+4	-1.592087E+0	5.250108E-3 	4.174107E+0	4.172140E+0
40.0    	158     	4.176176E+0	9.188352E-4	2.30E+1    	40.00     	9039.15 	23.3 	32.8 	4.173025E+0	7.674328E-7 	1.906230E+7	4.095119E+3	-1.598267E+0	3.312602E-4 	4.176176E+0	4.173025E+0
40.0    	159     	4.162701E+0	1.901746E-3	2.46E+1    	40.00     	9041.72 	23.3 	32.8 	4.159447E+0	3.829813E-6 	1.912427E+7	8.868108E+3	-1.598757E+0	2.650157E-4 	4.162701E+0	4.159447E+0
40.0    	160     	4.412006E+0	9.818632E-4	2.38E+1    	40.00     	9044.28 	23.3 	32.9 	4.409076E+0	7.683142E-7 	1.804257E+7	3.800439E+3	-1.596563E+0	4.875791E-4 	4.412006E+0	4.409076E+0
40.0    	161     	1.930198E+0	1.315767E-3	2.34E+1    	40.00     	9046.86 	23.3 	32.9 	1.929905E+0	1.731842E-6 	4.123077E+7	2.811269E+4	-1.583127E+0	9.073772E-5 	1.930198E+0	1.929905E+0
40.0    	162     	4.542568E+0	8.110809E-4	2.46E+1    	40.00     	9049.43 	23.3 	32.9 	4.533352E+0	1.003769E-6 	1.753597E+7	3.500476E+3	-1.615853E+0	5.046121E-4 	4.542568E+0	4.533352E+0
40.0    	163     	4.446762E+0	1.157572E-3	2.67E+1    	40.00     	9052.00 	23.3 	32.8 	4.443865E+0	1.441795E-6 	1.790143E+7	4.747982E+3	-1.596323E+0	1.950214E-4 	4.446762E+0	4.443865E+0
40.0    	164     	5.813703E-1	3.683437E-4	2.64E+1    	40.00     	9054.57 	23.3 	32.9 	5.440507E-1	3.671090E-7 	1.414960E+8	3.659235E+4	-1.826937E+0	3.306983E-3 	5.813703E-1	5.440507E-1
40.0    	165     	4.479409E+0	1.188843E-3	2.72E+1    	40.00     	9057.15 	23.3 	32.9 	4.476875E+0	1.248023E-6 	1.777020E+7	4.573839E+3	-1.594580E+0	3.934463E-4 	4.479409E+0	4.476875E+0
40.0    	166     	4.209353E+0	1.337339E-3	2.45E+1    	40.00     	9059.72 	23.3 	32.9 	4.206409E+0	1.732226E-6 	1.891153E+7	5.961823E+3	-1.597243E+0	2.510644E-4 	4.209353E+0	4.206409E+0
40.0    	167     	4.299278E+0	4.557850E-4	2.63E+1    	40.00     	9062.30 	23.3 	32.9 	4.296351E+0	1.365793E-7 	1.851580E+7	1.769181E+3	-1.596887E+0	5.253887E-4 	4.299278E+0	4.296351E+0
40.0    	168     	4.314289E+0	1.976722E-3	2.49E+1    	40.00     	9064.86 	23.3 	32.9 	4.311249E+0	4.019480E-6 	1.845160E+7	8.515868E+3	-1.597347E+0	1.474223E-4 	4.314289E+0	4.311249E+0
40.0    	169     	4.328906E+0	1.477016E-3	2.59E+1    	40.00     	9067.45 	23.3 	32.9 	4.325995E+0	2.080952E-6 	1.838900E+7	6.202419E+3	-1.596730E+0	2.389561E-4 	4.328906E+0	4.325995E+0
40.0    	170     	4.305161E+0	1.150603E-3	2.54E+1    	40.00     	9070.01 	23.3 	32.9 	4.302369E+0	1.330703E-6 	1.849020E+7	4.948737E+3	-1.596263E+0	2.362908E-4 	4.305161E+0	4.302369E+0
40.0    	171     	4.210452E+0	3.085090E-4	2.51E+1    	40.00     	9072.57 	23.3 	32.9 	4.207535E+0	8.182663E-8 	1.890653E+7	1.331666E+3	-1.597117E+0	2.223361E-4 	4.210452E+0	4.207535E+0
40.0    	172     	4.178556E+0	1.043910E-3	2.38E+1    	40.00     	9075.14 	23.3 	32.9 	4.175392E+0	9.794702E-7 	1.905147E+7	4.636090E+3	-1.598317E+0	3.365016E-4 	4.178556E+0	4.175392E+0
40.0    	173     	4.141292E+0	6.678783E-4	2.53E+1    	40.00     	9077.71 	23.3 	32.9 	4.137924E+0	3.448367E-7 	1.922343E+7	2.914332E+3	-1.599313E+0	3.403430E-4 	4.141292E+0	4.137924E+0
40.0    	174     	4.177871E+0	5.141932E-4	2.31E+1    	40.00     	9080.29 	23.3 	32.9 	4.174878E+0	3.025470E-7 	1.905420E+7	2.426932E+3	-1.597567E+0	2.119748E-4 	4.177871E+0	4.174878E+0
40.0    	175     	4.173841E+0	7.110481E-4	2.73E+1    	40.00     	9082.86 	23.3 	32.9 	4.170821E+0	5.446835E-7 	1.907267E+7	3.308071E+3	-1.597700E+0	3.274141E-4 	4.173841E+0	4.170821E+0
40.0    	176     	4.401004E+0	1.057782E-3	2.41E+1    	40.00     	9085.43 	23.3 	32.9 	4.398115E+0	1.062297E-6 	1.808760E+7	4.293018E+3	-1.596420E+0	1.900000E-4 	4.401004E+0	4.398115E+0
40.0    	177     	4.759005E+0	1.491785E-3	2.68E+1    	40.00     	9088.01 	23.3 	32.9 	4.749979E+0	2.198817E-6 	1.673733E+7	5.229085E+3	-1.614360E+0	3.459769E-4 	4.759005E+0	4.749979E+0
40.0    	178     	2.320904E+0	5.731626E-3	2.53E+1    	40.00     	9090.59 	23.3 	32.9 	1.677054E+0	6.349982E-6 	4.033567E+7	8.001727E+4	-1.016083E+0	7.829006E-4 	2.320904E+0	1.677054E+0
40.0    	179     	4.359509E+0	3.161298E-3	2.62E+1    	40.00     	9093.17 	23.3 	32.9 	4.350706E+0	1.039997E-5 	1.827223E+7	1.338668E+4	-1.615747E+0	4.705670E-4 	4.359509E+0	4.350706E+0
40.0    	180     	4.452756E+0	1.929781E-3	2.49E+1    	40.00     	9095.73 	23.3 	32.9 	4.450239E+0	3.588186E-6 	1.787657E+7	7.678759E+3	-1.594573E+0	1.850225E-4 	4.452756E+0	4.450239E+0
40.0    	181     	4.149724E+0	1.977917E-4	2.88E+1    	40.00     	9098.31 	23.3 	32.9 	4.146712E+0	4.197667E-8 	1.918353E+7	9.291573E+2	-1.597740E+0	1.200000E-4 	4.149724E+0	4.146712E+0
40.0    	182     	4.191877E+0	2.766035E-3	2.75E+1    	40.00     	9100.88 	23.3 	32.9 	4.188716E+0	7.543035E-6 	1.899090E+7	1.249520E+4	-1.598260E+0	1.587451E-4 	4.191877E+0	4.188716E+0
40.0    	183     	4.186065E+0	9.206399E-4	2.74E+1    	40.00     	9103.45 	23.3 	32.9 	4.183126E+0	8.845888E-7 	1.901677E+7	4.225321E+3	-1.597297E+0	3.536005E-4 	4.186065E+0	4.183126E+0
40.0    	184     	4.211373E+0	2.498496E-3	2.39E+1    	40.00     	9106.03 	23.3 	32.9 	4.208264E+0	6.019505E-6 	1.890283E+7	1.111815E+4	-1.597970E+0	2.007486E-4 	4.211373E+0	4.208264E+0
40.0    	185     	4.209607E+0	1.134677E-3	2.43E+1    	40.00     	9108.60 	23.3 	32.9 	4.206644E+0	1.419532E-6 	1.891043E+7	5.225259E+3	-1.597327E+0	2.950141E-4 	4.209607E+0	4.206644E+0
40.0    	186     	4.180009E+0	2.006580E-3	2.64E+1    	40.00     	9111.20 	23.3 	32.9 	4.177171E+0	4.073556E-6 	1.904410E+7	9.170060E+3	-1.596857E+0	3.085990E-4 	4.180009E+0	4.177171E+0
40.0    	187     	4.181405E+0	1.403471E-3	2.55E+1    	40.00     	9113.76 	23.3 	32.9 	4.178555E+0	1.965233E-6 	1.903777E+7	6.389314E+3	-1.596907E+0	1.305118E-4 	4.181405E+0	4.178555E+0
40.0    	188     	4.151334E+0	1.809550E-3	2.29E+1    	40.00     	9116.33 	23.3 	32.9 	4.148189E+0	3.196319E-6 	1.917640E+7	8.310836E+3	-1.598320E+0	3.988734E-4 	4.151334E+0	4.148189E+0
40.0    	189     	4.164677E+0	3.345513E-4	2.69E+1    	40.00     	9118.90 	23.3 	32.9 	4.161722E+0	1.001487E-7 	1.911450E+7	1.493318E+3	-1.597440E+0	1.389244E-4 	4.164677E+0	4.161722E+0
40.0    	190     	4.158269E+0	7.385736E-4	2.53E+1    	40.00     	9121.48 	23.3 	32.9 	4.155285E+0	6.277682E-7 	1.914403E+7	3.524675E+3	-1.597587E+0	2.872862E-4 	4.158269E+0	4.155285E+0
40.0    	191     	4.175343E+0	1.634780E-3	2.48E+1    	40.00     	9124.04 	23.3 	32.8 	4.172150E+0	2.821156E-6 	1.906620E+7	7.571658E+3	-1.598457E+0	2.444040E-4 	4.175343E+0	4.172150E+0
40.0    	192     	4.388902E+0	7.377223E-4	2.38E+1    	40.00     	9126.62 	23.3 	32.8 	4.385929E+0	6.212896E-7 	1.813767E+7	3.153305E+3	-1.596827E+0	2.742870E-4 	4.388902E+0	4.385929E+0
40.0    	193     	4.408073E+0	1.944036E-3	2.67E+1    	40.00     	9129.20 	23.3 	32.8 	4.405340E+0	3.578654E-6 	1.805827E+7	7.858965E+3	-1.595697E+0	2.371357E-4 	4.408073E+0	4.405340E+0
40.0    	194     	4.330442E+0	3.333313E-3	2.68E+1    	40.00     	9131.77 	23.3 	32.9 	4.321126E+0	1.289433E-5 	1.839610E+7	1.472786E+4	-1.617193E+0	6.939981E-4 	4.330442E+0	4.321126E+0
40.0    	195     	4.377968E+0	6.033645E-4	2.43E+1    	40.00     	9134.34 	23.3 	32.8 	4.374970E+0	3.942731E-7 	1.818303E+7	2.550163E+3	-1.596963E+0	4.285246E-4 	4.377968E+0	4.374970E+0
40.0    	196     	4.169435E+0	3.798204E-4	2.41E+1    	40.00     	9136.93 	23.3 	32.8 	4.166413E+0	1.010194E-7 	1.909283E+7	1.594783E+3	-1.597723E+0	3.350124E-4 	4.169435E+0	4.166413E+0
40.0    	197     	4.171574E+0	1.763109E-3	2.64E+1    	40.00     	9139.50 	23.3 	32.8 	4.168541E+0	3.132992E-6 	1.908307E+7	8.082904E+3	-1.597767E+0	1.724336E-4 	4.171574E+0	4.168541E+0
40.0    	198     	4.153128E+0	1.159764E-3	2.63E+1    	40.00     	9142.08 	23.3 	32.8 	4.150104E+0	1.276552E-6 	1.916783E+7	5.278573E+3	-1.597777E+0	5.450076E-4 	4.153128E+0	4.150104E+0
40.0    	199     	4.155233E+0	2.650796E-4	2.71E+1    	40.00     	9144.65 	23.3 	32.8 	4.152260E+0	1.015691E-7 	1.915800E+7	1.345362E+3	-1.597550E+0	2.622975E-4 	4.155233E+0	4.152260E+0
40.0    	200     	4.163245E+0	1.173768E-3	2.34E+1    	40.00     	9147.22 	23.3 	32.8 	4.160309E+0	1.404383E-6 	1.912103E+7	5.416949E+3	-1.597353E+0	2.084067E-4 	4.163245E+0	4.160309E+0
40.0    	201     	4.170669E+0	8.250800E-4	2.34E+1    	40.00     	9149.78 	23.3 	32.8 	4.167698E+0	7.194028E-7 	1.908707E+7	3.827967E+3	-1.597490E+0	2.700000E-4 	4.170669E+0	4.167698E+0
40.0    	202     	4.163759E+0	1.242595E-3	2.36E+1    	40.00     	9152.35 	23.3 	32.8 	4.160883E+0	1.724381E-6 	1.911853E+7	5.870548E+3	-1.597080E+0	3.342155E-4 	4.163759E+0	4.160883E+0
40.0    	203     	4.144984E+0	4.346721E-4	2.57E+1    	40.00     	9154.94 	23.3 	32.9 	4.142049E+0	1.282710E-7 	1.920530E+7	1.835756E+3	-1.597403E+0	3.731398E-4 	4.144984E+0	4.142049E+0
40.0    	204     	4.161719E+0	1.117259E-3	2.51E+1    	40.00     	9157.51 	23.3 	32.8 	4.158659E+0	1.328145E-6 	1.912833E+7	5.217598E+3	-1.597913E+0	1.662328E-4 	4.161719E+0	4.158659E+0
40.0    	205     	4.159374E+0	4.220333E-4	2.49E+1    	40.00     	9160.07 	23.3 	32.8 	4.156193E+0	1.989831E-7 	1.913940E+7	1.997498E+3	-1.598457E+0	1.365040E-4 	4.159374E+0	4.156193E+0
40.0    	206     	4.404192E+0	6.741815E-4	2.79E+1    	40.00     	9162.64 	23.3 	32.8 	4.400753E+0	5.676128E-7 	1.807563E+7	2.929733E+3	-1.598743E+0	3.501904E-4 	4.404192E+0	4.400753E+0
40.0    	207     	4.159056E+0	1.644818E-3	2.56E+1    	40.00     	9165.21 	23.3 	32.8 	4.155975E+0	2.755442E-6 	1.914063E+7	7.605480E+3	-1.598017E+0	1.342882E-4 	4.159056E+0	4.155975E+0
40.0    	208     	4.400932E+0	9.292251E-4	2.39E+1    	40.00     	9167.78 	23.3 	32.8 	4.398220E+0	8.619532E-7 	1.808753E+7	3.818813E+3	-1.595623E+0	5.773503E-6 	4.400932E+0	4.398220E+0
40.0    	209     	4.411343E+0	1.493729E-3	2.37E+1    	40.00     	9170.35 	23.3 	32.8 	4.408696E+0	2.123014E-6 	1.804470E+7	6.035727E+3	-1.595297E+0	1.877054E-4 	4.411343E+0	4.408696E+0
40.0    	210     	4.375633E+0	1.372645E-3	2.47E+1    	40.00     	9172.93 	23.3 	32.8 	4.372638E+0	1.731440E-6 	1.819273E+7	5.589574E+3	-1.596957E+0	2.990541E-4 	4.375633E+0	4.372638E+0
40.0    	211     	1.224526E+0	7.761625E-4	2.31E+1    	40.00     	9175.50 	23.3 	32.8 	1.217704E+0	5.023060E-7 	6.516813E+7	3.960358E+4	-1.645507E+0	3.914503E-4 	1.224526E+0	1.217704E+0
40.0    	212     	4.376262E+0	1.797479E-3	2.46E+1    	40.00     	9178.07 	23.3 	32.8 	4.373500E+0	3.153448E-6 	1.818963E+7	7.429895E+3	-1.595920E+0	1.000000E-4 	4.376262E+0	4.373500E+0
40.0    	213     	4.167381E+0	1.077081E-3	2.40E+1    	40.00     	9180.65 	23.3 	32.8 	4.164510E+0	1.187702E-6 	1.910190E+7	4.966890E+3	-1.597047E+0	1.250333E-4 	4.167381E+0	4.164510E+0
40.0    	214     	4.168443E+0	1.001533E-3	2.45E+1    	40.00     	9183.23 	23.3 	32.8 	4.165310E+0	8.662818E-7 	1.909763E+7	4.427565E+3	-1.598210E+0	3.482815E-4 	4.168443E+0	4.165310E+0
40.0    	215     	4.259787E+0	1.971642E-3	2.72E+1    	40.00     	9185.81 	23.3 	32.8 	4.249042E+0	3.676115E-6 	1.870470E+7	8.549269E+3	-1.621040E+0	1.562050E-4 	4.259787E+0	4.249042E+0
40.0    	216     	4.159692E+0	1.484862E-3	2.67E+1    	40.00     	9188.37 	23.3 	32.8 	4.156817E+0	2.051420E-6 	1.913723E+7	6.709943E+3	-1.597087E+0	3.695042E-4 	4.159692E+0	4.156817E+0
40.0    	217     	4.158926E+0	2.509419E-3	2.59E+1    	40.00     	9190.93 	23.3 	32.8 	4.156107E+0	6.074505E-6 	1.914063E+7	1.145266E+4	-1.596833E+0	3.002221E-4 	4.158926E+0	4.156107E+0
40.0    	218     	4.171593E+0	7.126350E-4	2.40E+1    	40.00     	9193.50 	23.3 	32.8 	4.168579E+0	4.420404E-7 	1.908293E+7	3.150132E+3	-1.597677E+0	2.773686E-4 	4.171593E+0	4.168579E+0
40.0    	219     	4.383823E+0	1.134013E-3	2.62E+1    	40.00     	9196.07 	23.3 	32.8 	4.380474E+0	1.496378E-6 	1.815947E+7	4.885011E+3	-1.598440E+0	3.732292E-4 	4.383823E+0	4.380474E+0
40.0    	220     	4.167378E+0	4.687769E-4	2.74E+1    	40.00     	9198.65 	23.3 	32.8 	4.164499E+0	2.202473E-7 	1.910193E+7	2.150194E+3	-1.597080E+0	9.848858E-5 	4.167378E+0	4.164499E+0
40.0    	221     	4.408061E+0	1.290466E-3	2.30E+1    	40.00     	9201.22 	23.3 	32.8 	4.404701E+0	1.640143E-6 	1.805960E+7	5.267827E+3	-1.598407E+0	1.973153E-4 	4.408061E+0	4.404701E+0
40.0    	222     	1.128238E+0	2.436651E-3	2.77E+1    	40.00     	9203.78 	23.3 	32.8 	1.123065E+0	3.359913E-6 	7.069497E+7	1.341765E+5	-1.503113E+0	3.962125E-3 	1.128238E+0	1.123065E+0
40.0    	223     	4.376438E+0	7.617037E-4	2.45E+1    	40.00     	9206.35 	23.3 	32.8 	4.372875E+0	6.136292E-7 	1.819057E+7	3.200521E+3	-1.599333E+0	5.348208E-4 	4.376438E+0	4.372875E+0
40.0    	224     	4.418617E+0	2.675111E-3	2.69E+1    	40.00     	9208.95 	23.3 	32.8 	4.415768E+0	7.135106E-6 	1.801540E+7	1.090550E+4	-1.596190E+0	1.053565E-4 	4.418617E+0	4.415768E+0
40.0    	225     	4.400941E+0	1.296980E-3	2.34E+1    	40.00     	9211.51 	23.3 	32.8 	4.398179E+0	1.572533E-6 	1.808760E+7	5.242137E+3	-1.595850E+0	3.061046E-4 	4.400941E+0	4.398179E+0
40.0    	226     	4.176909E+0	2.122401E-3	2.70E+1    	40.00     	9214.07 	23.3 	32.8 	4.173972E+0	4.497061E-6 	1.905847E+7	9.681081E+3	-1.597313E+0	2.836077E-4 	4.176909E+0	4.173972E+0
40.0    	227     	4.375656E+0	2.119464E-4	2.40E+1    	40.00     	9216.64 	23.3 	32.8 	4.372806E+0	6.259970E-8 	1.819233E+7	9.609024E+2	-1.596320E+0	1.757840E-4 	4.375656E+0	4.372806E+0
40.0    	228     	4.156241E+0	1.797187E-3	2.67E+1    	40.00     	9219.23 	23.3 	32.8 	4.153378E+0	3.195755E-6 	1.915310E+7	8.260145E+3	-1.597043E+0	2.450170E-4 	4.156241E+0	4.153378E+0
40.0    	229     	4.402697E+0	5.408424E-4	2.70E+1    	40.00     	9221.79 	23.3 	32.8 	4.398921E+0	3.552854E-7 	1.808247E+7	2.335237E+3	-1.600087E+0	2.375570E-4 	4.402697E+0	4.398921E+0
40.0    	230     	4.260224E+0	2.768205E-3	2.54E+1    	40.00     	9224.36 	23.3 	32.8 	4.249834E+0	7.057748E-6 	1.870200E+7	1.191470E+4	-1.620200E+0	3.994997E-4 	4.260224E+0	4.249834E+0
40.0    	231     	3.611287E+0	5.719522E-3	2.49E+1    	40.00     	9226.92 	23.3 	32.8 	3.077350E+0	5.279993E-5 	2.387107E+7	4.686772E+4	-1.176113E+0	1.017169E-3 	3.611287E+0	3.077350E+0
40.0    	232     	4.262182E+0	1.476560E-3	2.68E+1    	40.00     	9229.50 	23.3 	32.8 	4.251911E+0	2.412440E-6 	1.869313E+7	6.651566E+3	-1.619907E+0	2.138535E-4 	4.262182E+0	4.251911E+0
40.0    	233     	4.172316E+0	4.726323E-4	2.60E+1    	40.00     	9232.07 	23.3 	32.8 	4.169445E+0	2.097283E-7 	1.907930E+7	2.128380E+3	-1.597030E+0	6.557439E-5 	4.172316E+0	4.169445E+0
40.0    	234     	4.380645E+0	1.127116E-3	2.35E+1    	40.00     	9234.64 	23.3 	32.8 	4.377415E+0	1.037912E-6 	1.817240E+7	4.450843E+3	-1.597950E+0	5.109795E-4 	4.380645E+0	4.377415E+0
40.0    	235     	1.253736E+0	1.637385E-3	2.75E+1    	40.00     	9237.21 	23.3 	32.8 	1.252835E+0	2.702736E-6 	6.349517E+7	8.317490E+4	-1.543997E+0	6.368935E-4 	1.253736E+0	1.252835E+0
40.0    	236     	4.391340E+0	1.899918E-3	2.45E+1    	40.00     	9239.79 	23.3 	32.8 	4.388058E+0	3.669741E-6 	1.812823E+7	7.876759E+3	-1.598137E+0	2.055075E-4 	4.391340E+0	4.388058E+0
40.0    	237     	4.155760E+0	7.649030E-4	2.44E+1    	40.00     	9242.36 	23.3 	32.8 	4.152774E+0	5.523565E-7 	1.915560E+7	3.477068E+3	-1.597607E+0	1.011599E-4 	4.155760E+0	4.152774E+0
40.0    	238     	4.377193E+0	1.186619E-3	2.54E+1    	40.00     	9244.93 	23.3 	32.8 	4.373531E+0	1.409367E-6 	1.818763E+7	4.931869E+3	-1.599723E+0	2.836077E-4 	4.377193E+0	4.373531E+0
40.0    	239     	4.188286E+0	5.035601E-4	2.59E+1    	40.00     	9247.51 	23.3 	32.8 	4.185396E+0	3.085859E-7 	1.900657E+7	2.396525E+3	-1.597063E+0	4.398106E-4 	4.188286E+0	4.185396E+0
40.0    	240     	4.409805E+0	1.074395E-3	2.57E+1    	40.00     	9250.08 	23.3 	32.8 	4.407188E+0	1.157516E-6 	1.805093E+7	4.401515E+3	-1.595157E+0	1.877054E-4 	4.409805E+0	4.407188E+0
40.0    	241     	4.625265E+0	2.022739E-3	2.36E+1    	40.00     	9252.66 	23.3 	32.8 	4.622733E+0	3.910043E-6 	1.720967E+7	7.444685E+3	-1.594193E+0	2.055075E-4 	4.625265E+0	4.622733E+0
40.0    	242     	4.411769E+0	7.111081E-4	2.42E+1    	40.00     	9255.23 	23.3 	32.8 	4.409052E+0	5.635188E-7 	1.804310E+7	2.986637E+3	-1.595617E+0	3.821431E-4 	4.411769E+0	4.409052E+0
40.0    	243     	4.410286E+0	7.091354E-4	2.45E+1    	40.00     	9257.81 	23.3 	32.8 	4.407602E+0	4.103696E-7 	1.804910E+7	2.762245E+3	-1.595467E+0	3.234708E-4 	4.410286E+0	4.407602E+0
40.0    	244     	4.638953E+0	1.736984E-3	2.40E+1    	40.00     	9260.38 	23.3 	32.8 	4.635469E+0	2.956110E-6 	1.716063E+7	6.395571E+3	-1.598203E+0	2.542309E-4 	4.638953E+0	4.635469E+0
40.0    	245     	1.250370E+0	7.165237E-4	2.67E+1    	40.00     	9262.95 	23.3 	32.8 	1.235856E+0	4.891250E-7 	6.401580E+7	3.593341E+4	-1.462850E+0	8.937002E-4 	1.250370E+0	1.235856E+0
40.0    	246     	4.659320E+0	1.525839E-3	2.58E+1    	40.00     	9265.53 	23.3 	32.8 	4.655778E+0	2.115185E-6 	1.708570E+7	5.467175E+3	-1.598370E+0	2.787472E-4 	4.659320E+0	4.655778E+0
40.0    	247     	4.509430E+0	2.915880E-3	2.31E+1    	40.00     	9268.10 	23.3 	32.8 	4.500639E+0	8.768838E-6 	1.766413E+7	1.152143E+4	-1.614963E+0	4.373023E-4 	4.509430E+0	4.500639E+0
40.0    	248     	4.403076E+0	1.551729E-3	2.49E+1    	40.00     	9270.68 	23.3 	32.8 	4.400457E+0	2.523660E-6 	1.807853E+7	6.450065E+3	-1.595190E+0	1.757840E-4 	4.403076E+0	4.400457E+0
40.0    	249     	4.403419E+0	8.787539E-4	2.63E+1    	40.00     	9273.26 	23.3 	32.8 	4.400698E+0	8.489154E-7 	1.807733E+7	3.696395E+3	-1.595660E+0	2.165641E-4 	4.403419E+0	4.400698E+0
40.0    	250     	4.414162E+0	3.253621E-4	2.59E+1    	40.00     	9275.84 	23.3 	32.8 	4.411582E+0	9.946983E-8 	1.803303E+7	1.305118E+3	-1.594973E+0	2.409011E-4 	4.414162E+0	4.411582E+0
40.0    	251     	4.609448E+0	1.033152E-3	2.40E+1    	40.00     	9278.40 	23.3 	32.8 	4.606543E+0	1.012727E-6 	1.726943E+7	3.821431E+3	-1.595903E+0	1.331666E-4 	4.609448E+0	4.606543E+0
40.0    	252     	4.385899E+0	6.389899E-4	2.68E+1    	40.00     	9280.99 	23.3 	32.8 	4.383130E+0	4.127142E-7 	1.814967E+7	2.650157E+3	-1.595927E+0	2.285461E-4 	4.385899E+0	4.383130E+0
40.0    	253     	4.403016E+0	9.765547E-4	2.60E+1    	40.00     	9283.56 	23.3 	32.8 	4.400322E+0	1.068001E-6 	1.807893E+7	4.128357E+3	-1.595537E+0	2.665208E-4 	4.403016E+0	4.400322E+0
40.0    	254     	4.422563E+0	8.020139E-4	2.60E+1    	40.00     	9286.12 	23.3 	32.8 	4.419968E+0	6.648236E-7 	1.799880E+7	3.290897E+3	-1.595023E+0	1.960442E-4 	4.422563E+0	4.419968E+0
40.0    	255     	4.412591E+0	8.918548E-4	2.38E+1    	40.00     	9288.69 	23.3 	32.8 	4.409925E+0	7.753340E-7 	1.803963E+7	3.622614E+3	-1.595377E+0	2.236813E-4 	4.412591E+0	4.409925E+0
40.0    	256     	4.631013E+0	9.281235E-4	2.76E+1    	40.00     	9291.27 	23.3 	32.8 	4.628643E+0	1.064020E-6 	1.718800E+7	3.637307E+3	-1.593417E+0	5.001333E-4 	4.631013E+0	4.628643E+0
40.0    	257     	5.636630E+0	1.238139E-3	2.52E+1    	40.00     	9293.84 	23.3 	32.8 	5.634621E+0	1.383797E-6 	1.412043E+7	3.023795E+3	-1.589673E+0	3.800439E-4 	5.636630E+0	5.634621E+0
40.0    	258     	8.096684E+0	2.833996E-4	2.37E+1    	40.00     	9296.41 	23.3 	32.8 	8.095722E+0	8.138203E-8 	9.828987E+6	3.450121E+2	-1.581700E+0	1.044031E-4 	8.096684E+0	8.095722E+0
40.0    	259     	1.125525E+1	1.165211E-3	2.48E+1    	40.00     	9298.99 	23.3 	32.8 	1.125496E+1	1.354714E-6 	7.070347E+6	7.315964E+2	-1.575860E+0	1.153256E-4 	1.125525E+1	1.125496E+1
40.0    	260     	2.370134E+1	1.053649E-3	2.42E+1    	40.00     	9301.57 	23.3 	32.8 	2.370048E+1	1.112103E-6 	3.357570E+6	1.493318E+2	-1.564760E+0	2.000000E-5 	2.370134E+1	2.370048E+1
40.0    	261     	2.821149E+1	5.187272E-4	2.40E+1    	40.00     	9304.14 	23.3 	32.8 	2.820943E+1	2.912481E-7 	2.820850E+6	5.291503E+1	-1.562253E+0	4.725816E-5 	2.821149E+1	2.820943E+1
40.0    	262     	3.431269E+1	1.533955E-3	2.67E+1    	40.00     	9306.70 	23.3 	32.8 	3.430810E+1	2.418074E-6 	2.319340E+6	1.044031E+2	-1.559227E+0	4.618802E-5 	3.431269E+1	3.430810E+1
40.0    	263     	5.029987E+1	2.620887E-3	2.67E+1    	40.00     	9309.28 	23.3 	32.8 	5.028172E+1	7.139493E-6 	1.582347E+6	8.326664E+1	-1.551797E+0	3.511885E-5 	5.029987E+1	5.028172E+1
40.0    	264     	1.102533E+2	1.621150E-3	2.41E+1    	40.00     	9311.87 	23.3 	32.8 	1.100399E+2	2.440817E-6 	7.224690E+5	1.044031E+1	-1.526783E+0	5.773503E-6 	1.102533E+2	1.100399E+2
45.0    	1       	4.571859E+0	1.003368E-3	7.05E+1    	45.00     	9343.75 	23.3 	32.8 	4.569251E+0	1.030125E-6 	1.741090E+7	3.843176E+3	-1.594683E+0	1.877054E-4 	4.571859E+0	4.569251E+0
45.0    	2       	4.659280E+0	1.344377E-3	2.43E+1    	45.00     	9346.01 	23.3 	32.8 	4.656763E+0	1.702563E-6 	1.708397E+7	4.858326E+3	-1.594040E+0	2.523886E-4 	4.659280E+0	4.656763E+0
45.0    	3       	5.846620E-1	1.000011E-3	2.74E+1    	45.00     	9348.58 	23.3 	32.8 	5.426929E-1	3.599661E-7 	1.412737E+8	1.937842E+5	-1.842030E+0	1.587671E-3 	5.846620E-1	5.426929E-1
45.0    	4       	4.896242E+0	9.321165E-4	2.67E+1    	45.00     	9351.15 	23.3 	32.8 	4.893712E+0	7.391675E-7 	1.625697E+7	2.973774E+3	-1.593530E+0	4.160529E-4 	4.896242E+0	4.893712E+0
45.0    	5       	1.174368E+0	1.478062E-3	2.67E+1    	45.00     	9353.73 	23.3 	32.8 	1.172107E+0	2.399518E-6 	6.782737E+7	8.741449E+4	-1.614677E+0	1.006048E-3 	1.174368E+0	1.172107E+0
45.0    	6       	4.589791E+0	2.487224E-3	2.30E+1    	45.00     	9356.30 	23.3 	32.8 	4.586739E+0	6.091454E-6 	1.734370E+7	9.366429E+3	-1.596583E+0	2.200757E-4 	4.589791E+0	4.586739E+0
45.0    	7       	4.323832E+0	1.370642E-3	2.67E+1    	45.00     	9358.87 	23.3 	32.8 	4.320820E+0	1.762745E-6 	1.841080E+7	5.745433E+3	-1.597190E+0	2.306513E-4 	4.323832E+0	4.320820E+0
45.0    	8       	4.330943E+0	5.225976E-4	2.51E+1    	45.00     	9361.45 	23.3 	32.8 	4.328101E+0	2.613813E-7 	1.838020E+7	2.193171E+3	-1.596413E+0	1.650253E-4 	4.330943E+0	4.328101E+0
45.0    	9       	4.300852E+0	1.641791E-3	2.69E+1    	45.00     	9364.01 	23.3 	32.8 	4.297921E+0	2.807369E-6 	1.850903E+7	7.138861E+3	-1.596903E+0	1.861003E-4 	4.300852E+0	4.297921E+0
45.0    	10      	4.578618E+0	1.512664E-3	2.36E+1    	45.00     	9366.60 	23.3 	32.8 	4.556328E+0	2.817925E-6 	1.742270E+7	6.085228E+3	-1.640627E+0	2.900575E-4 	4.578618E+0	4.556328E+0
45.0    	11      	3.903399E+0	7.289059E-3	2.48E+1    	45.00     	9369.17 	23.3 	32.8 	3.328414E+0	1.072212E-4 	2.207760E+7	5.457948E+4	-1.176887E+0	1.646704E-3 	3.903399E+0	3.328414E+0
45.0    	12      	1.923706E+0	5.443455E-3	2.71E+1    	45.00     	9371.73 	23.3 	32.8 	1.923135E+0	2.749225E-5 	4.137310E+7	1.149522E+5	-1.553750E+0	3.026103E-3 	1.923706E+0	1.923135E+0
45.0    	13      	4.502298E+0	1.970349E-3	2.42E+1    	45.00     	9374.30 	23.3 	32.8 	4.498272E+0	3.868036E-6 	1.768277E+7	7.729381E+3	-1.600700E+0	4.616276E-4 	4.502298E+0	4.498272E+0
45.0    	14      	4.340676E+0	9.720089E-4	2.45E+1    	45.00     	9376.87 	23.3 	32.8 	4.337695E+0	1.052682E-6 	1.833927E+7	4.219400E+3	-1.597003E+0	4.235957E-4 	4.340676E+0	4.337695E+0
45.0    	15      	4.356077E+0	2.952805E-4	2.81E+1    	45.00     	9379.44 	23.3 	32.8 	4.353019E+0	1.069130E-7 	1.827457E+7	1.305118E+3	-1.597297E+0	1.594783E-4 	4.356077E+0	4.353019E+0
45.0    	16      	4.562497E+0	8.580652E-4	2.33E+1    	45.00     	9382.03 	23.3 	32.8 	4.559856E+0	7.997411E-7 	1.744670E+7	3.351119E+3	-1.594857E+0	1.965536E-4 	4.562497E+0	4.559856E+0
45.0    	17      	4.299927E+0	5.170256E-4	2.73E+1    	45.00     	9384.59 	23.3 	32.8 	4.296816E+0	2.820170E-7 	1.851340E+7	2.251666E+3	-1.597697E+0	3.214550E-4 	4.299927E+0	4.296816E+0
45.0    	18      	4.060103E+0	2.167847E-3	2.57E+1    	45.00     	9387.16 	23.3 	32.8 	4.056627E+0	4.635864E-6 	1.960827E+7	1.043568E+4	-1.600060E+0	1.374773E-4 	4.060103E+0	4.056627E+0
45.0    	19      	4.341290E+0	1.181572E-3	2.51E+1    	45.00     	9389.73 	23.3 	32.8 	4.339606E+0	1.569448E-6 	1.833393E+7	5.140363E+3	-1.590490E+0	4.464303E-4 	4.341290E+0	4.339606E+0
45.0    	20      	4.030537E+0	4.621524E-4	2.77E+1    	45.00     	9392.31 	23.3 	32.7 	4.027072E+0	2.312944E-7 	1.975213E+7	2.311565E+3	-1.600123E+0	1.001665E-4 	4.030537E+0	4.027072E+0
45.0    	21      	4.274069E+0	1.472094E-3	2.71E+1    	45.00     	9394.87 	23.3 	32.7 	4.270369E+0	2.354790E-6 	1.862673E+7	6.554642E+3	-1.600223E+0	3.384277E-4 	4.274069E+0	4.270369E+0
45.0    	22      	4.033310E+0	9.593950E-4	2.80E+1    	45.00     	9397.44 	23.3 	32.8 	4.029755E+0	8.891667E-7 	1.973877E+7	4.657610E+3	-1.600487E+0	6.658328E-5 	4.033310E+0	4.029755E+0
45.0    	23      	4.026067E+0	9.951532E-4	2.51E+1    	45.00     	9400.01 	23.3 	32.8 	4.022618E+0	9.181063E-7 	1.977403E+7	4.798264E+3	-1.600067E+0	1.700980E-4 	4.026067E+0	4.022618E+0
45.0    	24      	4.026504E+0	6.754202E-4	2.51E+1    	45.00     	9402.58 	23.3 	32.8 	4.023022E+0	4.739657E-7 	1.977197E+7	3.350124E+3	-1.600207E+0	7.505553E-5 	4.026504E+0	4.023022E+0
45.0    	25      	4.189725E+0	1.507966E-3	2.71E+1    	45.00     	9405.15 	23.3 	32.7 	4.176573E+0	2.914971E-6 	1.902337E+7	7.310495E+3	-1.626853E+0	4.366158E-4 	4.189725E+0	4.176573E+0
45.0    	26      	2.453306E+0	1.321305E-2	2.41E+1    	45.00     	9407.72 	23.3 	32.8 	1.913434E+0	7.302238E-5 	3.672947E+7	1.807000E+5	-1.082523E+0	9.850042E-4 	2.453306E+0	1.913434E+0
45.0    	27      	4.323405E+0	2.186651E-3	2.47E+1    	45.00     	9410.30 	23.3 	32.7 	4.298152E+0	4.705751E-6 	1.846020E+7	9.301613E+3	-1.647297E+0	4.598188E-4 	4.323405E+0	4.298152E+0
45.0    	28      	4.227276E+0	1.085542E-3	2.62E+1    	45.00     	9412.87 	23.3 	32.8 	4.222683E+0	1.028214E-6 	1.883500E+7	4.677606E+3	-1.603763E+0	3.187998E-4 	4.227276E+0	4.222683E+0
45.0    	29      	4.026734E+0	1.511950E-3	2.70E+1    	45.00     	9415.44 	23.3 	32.8 	4.023240E+0	2.600283E-6 	1.977087E+7	7.670941E+3	-1.600253E+0	6.017752E-4 	4.026734E+0	4.023240E+0
45.0    	30      	4.022904E+0	1.106225E-3	2.47E+1    	45.00     	9418.02 	23.3 	32.8 	4.019504E+0	1.188756E-6 	1.978947E+7	5.404936E+3	-1.599873E+0	6.806859E-5 	4.022904E+0	4.019504E+0
45.0    	31      	4.042330E+0	2.548421E-4	2.71E+1    	45.00     	9420.60 	23.3 	32.8 	4.038913E+0	4.024935E-8 	1.969437E+7	1.101514E+3	-1.599873E+0	3.317127E-4 	4.042330E+0	4.038913E+0
45.0    	32      	4.299639E+0	9.774332E-4	2.49E+1    	45.00     	9423.17 	23.3 	32.8 	4.296641E+0	9.664649E-7 	1.851440E+7	4.222558E+3	-1.597203E+0	9.865766E-5 	4.299639E+0	4.296641E+0
45.0    	33      	4.296342E+0	3.082624E-3	2.54E+1    	45.00     	9425.73 	23.3 	32.8 	4.293214E+0	9.149783E-6 	1.852890E+7	1.316852E+4	-1.597780E+0	4.158125E-4 	4.296342E+0	4.293214E+0
45.0    	34      	4.032727E+0	1.113475E-3	2.40E+1    	45.00     	9428.30 	23.3 	32.8 	4.029331E+0	1.216628E-6 	1.974123E+7	5.426171E+3	-1.599817E+0	1.234234E-4 	4.032727E+0	4.029331E+0
45.0    	35      	4.019803E+0	1.309518E-3	2.34E+1    	45.00     	9430.88 	23.3 	32.8 	4.016338E+0	1.767390E-6 	1.980490E+7	6.504614E+3	-1.600163E+0	1.342882E-4 	4.019803E+0	4.016338E+0
45.0    	36      	4.031616E+0	5.119638E-4	2.87E+1    	45.00     	9433.45 	23.3 	32.8 	4.028224E+0	2.317898E-7 	1.974667E+7	2.433790E+3	-1.599807E+0	1.357694E-4 	4.031616E+0	4.028224E+0
45.0    	37      	4.228311E+0	1.304805E-3	2.64E+1    	45.00     	9436.03 	23.3 	32.7 	4.220140E+0	1.963855E-6 	1.883837E+7	6.033517E+3	-1.614770E+0	2.861818E-4 	4.228311E+0	4.220140E+0
45.0    	38      	4.028913E+0	9.921778E-4	2.84E+1    	45.00     	9438.60 	23.3 	32.7 	4.026331E+0	1.029967E-6 	1.975793E+7	4.921721E+3	-1.596113E+0	1.858315E-4 	4.028913E+0	4.026331E+0
45.0    	39      	4.034936E+0	3.720985E-4	2.50E+1    	45.00     	9441.17 	23.3 	32.7 	4.031466E+0	9.967707E-8 	1.973060E+7	1.682260E+3	-1.600127E+0	2.371357E-4 	4.034936E+0	4.031466E+0
45.0    	40      	4.036130E+0	8.630822E-4	2.60E+1    	45.00     	9443.76 	23.3 	32.7 	4.030818E+0	5.824710E-7 	1.972927E+7	3.971566E+3	-1.607080E+0	4.557412E-4 	4.036130E+0	4.030818E+0
45.0    	41      	3.975772E+0	1.212834E-3	2.46E+1    	45.00     	9446.33 	23.3 	32.7 	3.958220E+0	2.567895E-6 	2.005993E+7	7.116413E+3	-1.504307E+0	7.651362E-4 	3.975772E+0	3.958220E+0
45.0    	42      	4.212665E+0	2.036353E-3	2.70E+1    	45.00     	9448.91 	23.3 	32.7 	4.200481E+0	4.625452E-6 	1.891743E+7	9.410809E+3	-1.624600E+0	4.084116E-4 	4.212665E+0	4.200481E+0
45.0    	43      	4.037565E+0	1.821456E-3	2.50E+1    	45.00     	9451.49 	23.3 	32.7 	4.034170E+0	3.490911E-6 	1.971757E+7	9.011844E+3	-1.599797E+0	3.448671E-4 	4.037565E+0	4.034170E+0
45.0    	44      	4.024698E+0	3.493051E-4	2.63E+1    	45.00     	9454.06 	23.3 	32.7 	4.021382E+0	1.084522E-7 	1.978043E+7	1.662328E+3	-1.599503E+0	2.627420E-4 	4.024698E+0	4.021382E+0
45.0    	45      	4.035061E+0	1.566254E-3	2.69E+1    	45.00     	9456.62 	23.3 	32.7 	4.031723E+0	2.551924E-6 	1.972967E+7	7.736494E+3	-1.599560E+0	3.306055E-4 	4.035061E+0	4.031723E+0
45.0    	46      	4.023583E+0	9.670379E-4	2.66E+1    	45.00     	9459.19 	23.3 	32.7 	4.020071E+0	8.338986E-7 	1.978640E+7	4.622770E+3	-1.600343E+0	3.100538E-4 	4.023583E+0	4.020071E+0
45.0    	47      	4.022694E+0	7.064946E-4	2.42E+1    	45.00     	9461.77 	23.3 	32.7 	4.019212E+0	5.704497E-7 	1.979070E+7	3.593049E+3	-1.600220E+0	3.579106E-4 	4.022694E+0	4.019212E+0
45.0    	48      	4.288782E+0	6.501814E-4	2.48E+1    	45.00     	9464.34 	23.3 	32.7 	4.285638E+0	4.233450E-7 	1.856160E+7	2.816026E+3	-1.597873E+0	5.131601E-5 	4.288782E+0	4.285638E+0
45.0    	49      	4.324261E+0	1.102299E-3	2.49E+1    	45.00     	9466.91 	23.3 	32.7 	4.321283E+0	1.071823E-6 	1.840890E+7	4.550824E+3	-1.597040E+0	3.377869E-4 	4.324261E+0	4.321283E+0
45.0    	50      	4.022823E+0	1.847406E-3	2.48E+1    	45.00     	9469.50 	23.3 	32.7 	4.019221E+0	3.344388E-6 	1.979037E+7	9.047283E+3	-1.600723E+0	2.396525E-4 	4.022823E+0	4.019221E+0
45.0    	51      	4.028306E+0	1.143217E-3	2.76E+1    	45.00     	9472.06 	23.3 	32.7 	4.024832E+0	1.183883E-6 	1.976310E+7	5.474486E+3	-1.600167E+0	2.532456E-4 	4.028306E+0	4.024832E+0
45.0    	52      	4.226694E+0	3.178636E-4	2.66E+1    	45.00     	9474.63 	23.3 	32.7 	4.218470E+0	1.427843E-7 	1.884570E+7	1.539480E+3	-1.614920E+0	2.930870E-4 	4.226694E+0	4.218470E+0
45.0    	53      	1.906809E+0	1.195731E-2	2.59E+1    	45.00     	9477.21 	23.3 	32.7 	1.488160E+0	3.769452E-5 	4.724107E+7	2.435329E+5	-1.083140E+0	2.416692E-3 	1.906809E+0	1.488160E+0
45.0    	54      	4.213831E+0	1.241093E-3	2.50E+1    	45.00     	9479.78 	23.3 	32.7 	4.205467E+0	1.760979E-6 	1.890360E+7	5.766281E+3	-1.615363E+0	2.437895E-4 	4.213831E+0	4.205467E+0
45.0    	55      	4.039543E+0	8.012771E-4	2.52E+1    	45.00     	9482.36 	23.3 	32.7 	4.036096E+0	6.116407E-7 	1.970803E+7	3.855299E+3	-1.600007E+0	4.628535E-4 	4.039543E+0	4.036096E+0
45.0    	56      	4.039170E+0	7.192610E-4	2.48E+1    	45.00     	9484.93 	23.3 	32.7 	4.033753E+0	6.449294E-7 	1.971467E+7	3.716629E+3	-1.607427E+0	3.056687E-4 	4.039170E+0	4.033753E+0
45.0    	57      	4.041982E+0	1.655894E-3	2.44E+1    	45.00     	9487.50 	23.3 	32.7 	4.034617E+0	2.625443E-6 	1.970570E+7	7.992496E+3	-1.613497E+0	1.040833E-4 	4.041982E+0	4.034617E+0
45.0    	58      	4.033687E+0	5.133274E-4	2.87E+1    	45.00     	9490.07 	23.3 	32.7 	4.030264E+0	2.194918E-7 	1.973660E+7	2.402082E+3	-1.599930E+0	2.163331E-4 	4.033687E+0	4.030264E+0
45.0    	59      	4.013726E+0	1.960222E-3	2.49E+1    	45.00     	9492.64 	23.3 	32.7 	4.010127E+0	3.805479E-6 	1.983523E+7	9.670746E+3	-1.600747E+0	6.350853E-5 	4.013726E+0	4.010127E+0
45.0    	60      	4.032017E+0	1.820721E-3	2.53E+1    	45.00     	9495.21 	23.3 	32.7 	4.028476E+0	3.106419E-6 	1.974507E+7	8.775154E+3	-1.600437E+0	2.538372E-4 	4.032017E+0	4.028476E+0
45.0    	61      	4.332297E+0	1.332628E-3	2.43E+1    	45.00     	9497.79 	23.3 	32.7 	4.329182E+0	1.717876E-6 	1.837503E+7	5.608327E+3	-1.597617E+0	1.504438E-4 	4.332297E+0	4.329182E+0
45.0    	62      	4.334622E+0	1.501896E-3	2.76E+1    	45.00     	9500.37 	23.3 	32.7 	4.331778E+0	2.026731E-6 	1.836460E+7	6.200000E+3	-1.596413E+0	3.701801E-4 	4.334622E+0	4.331778E+0
45.0    	63      	4.031935E+0	1.225833E-3	2.76E+1    	45.00     	9502.93 	23.3 	32.7 	4.028476E+0	1.578014E-6 	1.974527E+7	6.074811E+3	-1.600090E+0	4.491102E-4 	4.031935E+0	4.028476E+0
45.0    	64      	4.480277E+0	1.038001E-3	2.58E+1    	45.00     	9505.50 	23.3 	32.8 	4.476410E+0	1.016120E-6 	1.776940E+7	4.058325E+3	-1.600180E+0	1.833030E-4 	4.480277E+0	4.476410E+0
45.0    	65      	4.328728E+0	1.371543E-3	2.52E+1    	45.00     	9508.07 	23.3 	32.7 	4.325639E+0	2.110901E-6 	1.839013E+7	6.001111E+3	-1.597513E+0	3.682843E-4 	4.328728E+0	4.325639E+0
45.0    	66      	4.026456E+0	5.790910E-4	2.44E+1    	45.00     	9510.64 	23.3 	32.8 	4.023057E+0	3.854905E-7 	1.977200E+7	2.946184E+3	-1.599853E+0	2.281082E-4 	4.026456E+0	4.023057E+0
45.0    	67      	4.047957E+0	1.065976E-3	2.42E+1    	45.00     	9513.22 	23.3 	32.7 	4.044517E+0	1.034770E-6 	1.966703E+7	5.061950E+3	-1.599953E+0	2.236813E-4 	4.047957E+0	4.044517E+0
45.0    	68      	4.033997E+0	1.597277E-3	2.71E+1    	45.00     	9515.79 	23.3 	32.7 	4.030580E+0	2.563020E-6 	1.973507E+7	7.827090E+3	-1.599903E+0	2.354428E-4 	4.033997E+0	4.030580E+0
45.0    	69      	4.215854E+0	1.220276E-3	2.73E+1    	45.00     	9518.36 	23.3 	32.7 	4.207885E+0	1.757081E-6 	1.889363E+7	5.704676E+3	-1.614287E+0	4.219400E-4 	4.215854E+0	4.207885E+0
45.0    	70      	4.034416E+0	4.367335E-4	2.53E+1    	45.00     	9520.95 	23.3 	32.7 	4.031141E+0	1.940547E-7 	1.973267E+7	2.145538E+3	-1.599290E+0	8.888194E-5 	4.034416E+0	4.031141E+0
45.0    	71      	4.026516E+0	5.489923E-4	2.43E+1    	45.00     	9523.51 	23.3 	32.7 	4.021057E+0	3.501022E-7 	1.977677E+7	2.802380E+3	-1.607627E+0	1.814754E-4 	4.026516E+0	4.021057E+0
45.0    	72      	3.984893E+0	1.332569E-4	2.56E+1    	45.00     	9526.08 	23.3 	32.7 	3.962422E+0	9.061698E-7 	2.002633E+7	2.458319E+3	-1.495643E+0	1.596319E-3 	3.984893E+0	3.962422E+0
45.0    	73      	4.013246E+0	3.027810E-3	2.39E+1    	45.00     	9528.65 	23.3 	32.7 	4.002277E+0	9.432151E-6 	1.985587E+7	1.510640E+4	-1.518493E+0	4.300388E-4 	4.013246E+0	4.002277E+0
45.0    	74      	4.030577E+0	4.851399E-3	2.67E+1    	45.00     	9531.22 	23.3 	32.7 	4.025599E+0	2.422100E-5 	1.975567E+7	2.395002E+4	-1.605947E+0	3.212994E-4 	4.030577E+0	4.025599E+0
45.0    	75      	4.034754E+0	5.094249E-3	2.40E+1    	45.00     	9533.79 	23.3 	32.7 	4.031493E+0	2.412748E-5 	1.973100E+7	2.445833E+4	-1.599220E+0	8.884256E-4 	4.034754E+0	4.031493E+0
45.0    	76      	4.324350E+0	2.039300E-3	2.56E+1    	45.00     	9536.36 	23.3 	32.7 	4.321806E+0	3.889356E-6 	1.840760E+7	8.542248E+3	-1.595050E+0	3.157531E-4 	4.324350E+0	4.321806E+0
45.0    	77      	5.807740E-1	3.073552E-4	2.49E+1    	45.00     	9538.93 	23.3 	32.7 	5.466937E-1	4.735659E-7 	1.412260E+8	6.939741E+4	-1.815457E+0	3.332812E-3 	5.807740E-1	5.466937E-1
45.0    	78      	5.861520E-1	1.679159E-3	2.72E+1    	45.00     	9541.51 	23.3 	32.7 	5.511226E-1	2.303603E-6 	1.400113E+8	3.930615E+5	-1.817760E+0	5.556078E-4 	5.861520E-1	5.511226E-1
45.0    	79      	4.554308E+0	9.391636E-4	2.72E+1    	45.00     	9544.07 	23.3 	32.7 	4.550945E+0	7.392323E-7 	1.747947E+7	3.453018E+3	-1.597973E+0	3.177001E-4 	4.554308E+0	4.550945E+0
45.0    	80      	1.599561E+0	1.551511E-3	2.42E+1    	45.00     	9546.64 	23.3 	32.7 	1.593397E+0	2.931411E-6 	4.984573E+7	5.096404E+4	-1.508687E+0	9.550567E-4 	1.599561E+0	1.593397E+0
45.0    	81      	4.307964E+0	1.449414E-3	2.57E+1    	45.00     	9549.22 	23.3 	32.7 	4.304924E+0	2.257591E-6 	1.847870E+7	6.331666E+3	-1.597363E+0	2.814842E-4 	4.307964E+0	4.304924E+0
45.0    	82      	4.058181E+0	1.275486E-3	2.70E+1    	45.00     	9551.79 	23.3 	32.7 	4.054548E+0	1.743283E-6 	1.961793E+7	6.278004E+3	-1.600723E+0	1.965536E-4 	4.058181E+0	4.054548E+0
45.0    	83      	4.056504E+0	2.137672E-3	2.55E+1    	45.00     	9554.36 	23.3 	32.7 	4.053139E+0	4.861369E-6 	1.962540E+7	1.050571E+4	-1.599603E+0	3.089229E-4 	4.056504E+0	4.053139E+0
45.0    	84      	4.079421E+0	1.349591E-3	2.59E+1    	45.00     	9556.93 	23.3 	32.7 	4.076071E+0	1.543864E-6 	1.951507E+7	6.201075E+3	-1.599450E+0	5.121523E-4 	4.079421E+0	4.076071E+0
45.0    	85      	4.057890E+0	1.704689E-3	2.55E+1    	45.00     	9559.51 	23.3 	32.7 	4.054591E+0	2.832413E-6 	1.961853E+7	8.186778E+3	-1.599310E+0	4.603260E-4 	4.057890E+0	4.054591E+0
45.0    	86      	4.073650E+0	7.323256E-5	2.52E+1    	45.00     	9562.09 	23.3 	32.7 	4.070463E+0	1.127246E-9 	1.954233E+7	2.516611E+2	-1.598770E+0	1.946792E-4 	4.073650E+0	4.070463E+0
45.0    	87      	4.136761E+0	1.339308E-3	2.73E+1    	45.00     	9564.65 	23.3 	32.7 	4.133636E+0	1.999783E-6 	1.924393E+7	6.401042E+3	-1.598283E+0	5.688878E-4 	4.136761E+0	4.133636E+0
45.0    	88      	4.145359E+0	7.785747E-4	2.75E+1    	45.00     	9567.22 	23.3 	32.7 	4.140022E+0	4.808290E-7 	1.920913E+7	3.412233E+3	-1.606683E+0	2.829016E-4 	4.145359E+0	4.140022E+0
45.0    	89      	4.135108E+0	5.958612E-4	2.41E+1    	45.00     	9569.78 	23.3 	32.7 	4.130379E+0	4.364785E-7 	1.925537E+7	2.926317E+3	-1.604620E+0	2.551470E-4 	4.135108E+0	4.130379E+0
45.0    	90      	4.122153E+0	2.004096E-3	2.45E+1    	45.00     	9572.35 	23.3 	32.7 	4.119137E+0	3.747353E-6 	1.931190E+7	9.230926E+3	-1.597847E+0	2.995552E-4 	4.122153E+0	4.119137E+0
45.0    	91      	4.080711E+0	1.504752E-3	2.47E+1    	45.00     	9574.92 	23.3 	32.7 	4.077554E+0	2.193837E-6 	1.950843E+7	7.139561E+3	-1.598613E+0	1.001665E-4 	4.080711E+0	4.077554E+0
45.0    	92      	4.063884E+0	1.187192E-3	2.43E+1    	45.00     	9577.50 	23.3 	32.7 	4.060716E+0	1.398286E-6 	1.958927E+7	5.714310E+3	-1.598720E+0	7.000000E-5 	4.063884E+0	4.060716E+0
45.0    	93      	4.374798E+0	4.507233E-4	2.83E+1    	45.00     	9580.08 	23.3 	32.7 	4.372078E+0	1.977353E-7 	1.819563E+7	1.861003E+3	-1.595737E+0	1.761628E-4 	4.374798E+0	4.372078E+0
45.0    	94      	4.367716E+0	7.621160E-4	2.35E+1    	45.00     	9582.65 	23.3 	32.7 	4.365354E+0	5.267207E-7 	1.822440E+7	3.104835E+3	-1.594053E+0	1.789786E-4 	4.367716E+0	4.365354E+0
45.0    	95      	4.059647E+0	6.088969E-4	2.45E+1    	45.00     	9585.23 	23.3 	32.7 	4.056280E+0	4.441871E-7 	1.961020E+7	3.080584E+3	-1.599597E+0	2.836077E-4 	4.059647E+0	4.056280E+0
45.0    	96      	4.526192E+0	1.646673E-3	2.51E+1    	45.00     	9587.80 	23.3 	32.7 	4.522428E+0	2.549295E-6 	1.758887E+7	6.300265E+3	-1.599633E+0	4.186088E-4 	4.526192E+0	4.522428E+0
45.0    	97      	4.292989E+0	3.113273E-4	2.68E+1    	45.00     	9590.39 	23.3 	32.7 	4.289661E+0	7.825001E-8 	1.854380E+7	1.276715E+3	-1.598643E+0	1.429452E-4 	4.292989E+0	4.289661E+0
45.0    	98      	4.054734E+0	2.637943E-3	2.41E+1    	45.00     	9592.95 	23.3 	32.7 	4.054206E+0	6.886179E-6 	1.962710E+7	1.274009E+4	-1.582197E+0	5.598512E-4 	4.054734E+0	4.054206E+0
45.0    	99      	4.058008E+0	1.056714E-3	2.52E+1    	45.00     	9595.52 	23.3 	32.7 	4.054404E+0	1.057127E-6 	1.961870E+7	5.040833E+3	-1.600600E+0	1.852026E-4 	4.058008E+0	4.054404E+0
45.0    	100     	4.067406E+0	1.109677E-3	2.39E+1    	45.00     	9598.09 	23.3 	32.7 	4.063988E+0	1.246129E-6 	1.957290E+7	5.356305E+3	-1.599790E+0	2.007486E-4 	4.067406E+0	4.063988E+0
45.0    	101     	4.051196E+0	7.186952E-4	2.52E+1    	45.00     	9600.68 	23.3 	32.7 	4.048019E+0	5.805367E-7 	1.965067E+7	3.592121E+3	-1.598803E+0	1.955335E-4 	4.051196E+0	4.048019E+0
45.0    	102     	4.133828E+0	4.556219E-4	2.80E+1    	45.00     	9603.25 	23.3 	32.7 	4.130642E+0	1.543756E-7 	1.925773E+7	1.975686E+3	-1.598560E+0	3.051229E-4 	4.133828E+0	4.130642E+0
45.0    	103     	4.143135E+0	9.911242E-4	2.63E+1    	45.00     	9605.82 	23.3 	32.7 	4.139930E+0	9.822218E-7 	1.921450E+7	4.596738E+3	-1.598613E+0	1.604161E-4 	4.143135E+0	4.139930E+0
45.0    	104     	4.141857E+0	8.151681E-4	2.39E+1    	45.00     	9608.39 	23.3 	32.7 	4.138723E+0	6.099383E-7 	1.922027E+7	3.695042E+3	-1.598307E+0	5.220473E-4 	4.141857E+0	4.138723E+0
45.0    	105     	4.146050E+0	1.258045E-3	2.44E+1    	45.00     	9610.96 	23.3 	32.7 	4.143055E+0	1.655906E-6 	1.920050E+7	5.892368E+3	-1.597673E+0	2.836077E-4 	4.146050E+0	4.143055E+0
45.0    	106     	4.150484E+0	1.506269E-3	2.50E+1    	45.00     	9613.54 	23.3 	32.7 	4.147452E+0	2.444016E-6 	1.918007E+7	7.093894E+3	-1.597827E+0	2.753785E-4 	4.150484E+0	4.147452E+0
45.0    	107     	4.125793E+0	1.572968E-3	2.68E+1    	45.00     	9616.12 	23.3 	32.7 	4.122630E+0	2.495036E-6 	1.929520E+7	7.374958E+3	-1.598490E+0	6.000000E-5 	4.125793E+0	4.122630E+0
45.0    	108     	4.061598E+0	1.074860E-3	2.77E+1    	45.00     	9618.70 	23.3 	32.7 	4.058443E+0	1.113705E-6 	1.960027E+7	5.142308E+3	-1.598670E+0	1.322876E-4 	4.061598E+0	4.058443E+0
45.0    	109     	4.074764E+0	2.558493E-4	2.74E+1    	45.00     	9621.26 	23.3 	32.7 	4.071404E+0	6.578963E-8 	1.953740E+7	1.228821E+3	-1.599517E+0	5.773503E-6 	4.074764E+0	4.071404E+0
45.0    	110     	4.056397E+0	5.908211E-4	2.45E+1    	45.00     	9623.83 	23.3 	32.7 	4.053134E+0	3.881101E-7 	1.962567E+7	2.936551E+3	-1.599160E+0	1.907878E-4 	4.056397E+0	4.053134E+0
45.0    	111     	4.045317E+0	1.144044E-3	2.76E+1    	45.00     	9626.41 	23.3 	32.7 	4.041908E+0	1.315425E-6 	1.967980E+7	5.574944E+3	-1.599827E+0	1.457166E-4 	4.045317E+0	4.041908E+0
45.0    	112     	4.305608E+0	1.182307E-3	2.76E+1    	45.00     	9628.98 	23.3 	32.7 	4.302652E+0	1.535023E-6 	1.848863E+7	5.200321E+3	-1.597003E+0	2.577466E-4 	4.305608E+0	4.302652E+0
45.0    	113     	4.279362E+0	1.399796E-3	2.87E+1    	45.00     	9631.56 	23.3 	32.7 	4.276252E+0	1.982172E-6 	1.860240E+7	6.102459E+3	-1.597757E+0	2.441994E-4 	4.279362E+0	4.276252E+0
45.0    	114     	4.050090E+0	2.223041E-3	2.72E+1    	45.00     	9634.13 	23.3 	32.7 	4.046434E+0	5.025290E-6 	1.965720E+7	1.084297E+4	-1.600843E+0	8.504901E-5 	4.050090E+0	4.046434E+0
45.0    	115     	4.043875E+0	1.337060E-3	2.75E+1    	45.00     	9636.70 	23.3 	32.7 	4.040474E+0	1.796568E-6 	1.968680E+7	6.513831E+3	-1.599800E+0	4.708503E-4 	4.043875E+0	4.040474E+0
45.0    	116     	4.056121E+0	5.231624E-4	2.63E+1    	45.00     	9639.27 	23.3 	32.7 	4.052653E+0	2.154347E-7 	1.962750E+7	2.389561E+3	-1.600037E+0	2.500667E-4 	4.056121E+0	4.052653E+0
45.0    	117     	4.054567E+0	3.444639E-4	2.53E+1    	45.00     	9641.86 	23.3 	32.7 	4.051315E+0	1.306217E-7 	1.963450E+7	1.705872E+3	-1.599120E+0	2.206808E-4 	4.054567E+0	4.051315E+0
45.0    	118     	4.149923E+0	1.113581E-3	2.51E+1    	45.00     	9644.43 	23.3 	32.7 	4.146830E+0	1.130986E-6 	1.918280E+7	5.031898E+3	-1.598100E+0	3.642801E-4 	4.149923E+0	4.146830E+0
45.0    	119     	4.150947E+0	3.747794E-4	2.61E+1    	45.00     	9647.00 	23.3 	32.7 	4.147898E+0	8.869649E-8 	1.917797E+7	1.550269E+3	-1.597900E+0	4.026164E-4 	4.150947E+0	4.147898E+0
45.0    	120     	4.158076E+0	1.393109E-3	2.64E+1    	45.00     	9649.58 	23.3 	32.7 	4.154972E+0	1.688320E-6 	1.914520E+7	6.200000E+3	-1.598117E+0	4.497036E-4 	4.158076E+0	4.154972E+0
45.0    	121     	4.180019E+0	7.879492E-4	2.69E+1    	45.00     	9652.15 	23.3 	32.7 	4.177000E+0	5.968834E-7 	1.904447E+7	3.550117E+3	-1.597673E+0	4.101626E-4 	4.180019E+0	4.177000E+0
45.0    	122     	4.176850E+0	1.489848E-3	2.53E+1    	45.00     	9654.71 	23.3 	32.7 	4.173884E+0	2.302699E-6 	1.905880E+7	6.863672E+3	-1.597447E+0	1.619671E-4 	4.176850E+0	4.173884E+0
45.0    	123     	4.125079E+0	7.294339E-4	2.69E+1    	45.00     	9657.28 	23.3 	32.7 	4.121962E+0	5.658719E-7 	1.929843E+7	3.464583E+3	-1.598287E+0	2.702468E-4 	4.125079E+0	4.121962E+0
45.0    	124     	4.081408E+0	1.089100E-3	2.48E+1    	45.00     	9659.85 	23.3 	32.7 	4.077359E+0	1.240229E-6 	1.950723E+7	5.255790E+3	-1.602297E+0	5.477530E-4 	4.081408E+0	4.077359E+0
45.0    	125     	4.053965E+0	1.973533E-4	2.52E+1    	45.00     	9662.42 	23.3 	32.7 	4.050528E+0	4.094765E-8 	1.963787E+7	9.609024E+2	-1.599917E+0	2.138535E-4 	4.053965E+0	4.050528E+0
45.0    	126     	4.036868E+0	9.373476E-4	2.69E+1    	45.00     	9665.00 	23.3 	32.7 	4.033516E+0	8.642425E-7 	1.972087E+7	4.562163E+3	-1.599613E+0	1.001665E-4 	4.036868E+0	4.033516E+0
45.0    	127     	4.046906E+0	4.958422E-4	2.75E+1    	45.00     	9667.56 	23.3 	32.7 	4.043621E+0	2.326599E-7 	1.967177E+7	2.371357E+3	-1.599287E+0	3.329164E-4 	4.046906E+0	4.043621E+0
45.0    	128     	4.289763E+0	4.748570E-4	2.40E+1    	45.00     	9670.14 	23.3 	32.7 	4.286597E+0	2.449811E-7 	1.855740E+7	2.095233E+3	-1.597967E+0	2.502665E-4 	4.289763E+0	4.286597E+0
45.0    	129     	4.269804E+0	1.447835E-3	2.52E+1    	45.00     	9672.71 	23.3 	32.7 	4.266705E+0	2.154224E-6 	1.864403E+7	6.365794E+3	-1.597740E+0	2.535744E-4 	4.269804E+0	4.266705E+0
45.0    	130     	4.048008E+0	5.416895E-4	2.68E+1    	45.00     	9675.28 	23.3 	32.7 	4.044768E+0	2.735893E-7 	1.966630E+7	2.586503E+3	-1.599093E+0	1.527525E-4 	4.048008E+0	4.044768E+0
45.0    	131     	4.041319E+0	2.342235E-3	2.73E+1    	45.00     	9677.86 	23.3 	32.7 	4.037970E+0	5.369273E-6 	1.969913E+7	1.135796E+4	-1.599583E+0	1.305118E-4 	4.041319E+0	4.037970E+0
45.0    	132     	4.043697E+0	1.919536E-3	2.52E+1    	45.00     	9680.43 	23.3 	32.7 	4.040352E+0	3.597239E-6 	1.968753E+7	9.291573E+3	-1.599560E+0	1.802776E-4 	4.043697E+0	4.040352E+0
45.0    	133     	4.053833E+0	4.610281E-4	2.52E+1    	45.00     	9683.02 	23.3 	32.7 	4.050578E+0	2.431937E-7 	1.963807E+7	2.309401E+3	-1.599133E+0	2.409011E-4 	4.053833E+0	4.050578E+0
45.0    	134     	4.148182E+0	7.004784E-4	2.65E+1    	45.00     	9685.59 	23.3 	32.7 	4.145083E+0	7.062295E-7 	1.919087E+7	3.564174E+3	-1.598127E+0	6.451615E-4 	4.148182E+0	4.145083E+0
45.0    	135     	4.172467E+0	1.075053E-3	2.44E+1    	45.00     	9688.14 	23.3 	32.7 	4.169309E+0	1.254519E-6 	1.907927E+7	5.020292E+3	-1.598310E+0	2.598076E-4 	4.172467E+0	4.169309E+0
45.0    	136     	4.159116E+0	9.700126E-4	2.72E+1    	45.00     	9690.72 	23.3 	32.7 	4.156046E+0	8.848528E-7 	1.914033E+7	4.398106E+3	-1.597967E+0	1.844813E-4 	4.159116E+0	4.156046E+0
45.0    	137     	4.176466E+0	9.524182E-4	2.51E+1    	45.00     	9693.29 	23.3 	32.7 	4.173450E+0	9.578645E-7 	1.906067E+7	4.400379E+3	-1.597667E+0	5.352881E-4 	4.176466E+0	4.173450E+0
45.0    	138     	4.177183E+0	1.183766E-3	2.71E+1    	45.00     	9695.86 	23.3 	32.7 	4.174164E+0	1.464897E-6 	1.905740E+7	5.461685E+3	-1.597680E+0	2.179449E-4 	4.177183E+0	4.174164E+0
45.0    	139     	4.138935E+0	1.115516E-3	2.47E+1    	45.00     	9698.43 	23.3 	32.7 	4.134931E+0	1.181682E-6 	1.923587E+7	5.118919E+3	-1.601903E+0	2.702468E-4 	4.138935E+0	4.134931E+0
45.0    	140     	4.058026E+0	1.548471E-4	2.41E+1    	45.00     	9701.00 	23.3 	32.7 	4.055446E+0	5.273909E-8 	1.961613E+7	9.291573E+2	-1.545580E+0	3.716181E-4 	4.058026E+0	4.055446E+0
45.0    	141     	4.051344E+0	1.114467E-3	2.79E+1    	45.00     	9703.57 	23.3 	32.7 	4.047033E+0	1.659035E-6 	1.965270E+7	5.828379E+3	-1.603420E+0	7.104224E-4 	4.051344E+0	4.047033E+0
45.0    	142     	4.037061E+0	1.084919E-3	2.71E+1    	45.00     	9706.14 	23.3 	32.7 	4.033719E+0	1.115746E-6 	1.971990E+7	5.230679E+3	-1.599570E+0	1.552417E-4 	4.037061E+0	4.033719E+0
45.0    	143     	4.047295E+0	1.954296E-3	2.36E+1    	45.00     	9708.71 	23.3 	32.7 	4.043919E+0	4.278689E-6 	1.967010E+7	9.777014E+3	-1.599677E+0	5.288037E-4 	4.047295E+0	4.043919E+0
45.0    	144     	4.286944E+0	1.044964E-3	2.61E+1    	45.00     	9711.29 	23.3 	32.7 	4.283844E+0	9.112508E-7 	1.856947E+7	4.331666E+3	-1.597687E+0	3.906832E-4 	4.286944E+0	4.283844E+0
45.0    	145     	4.451204E+0	1.733284E-3	2.51E+1    	45.00     	9713.86 	23.3 	32.7 	4.447874E+0	3.354193E-6 	1.788443E+7	7.165426E+3	-1.598147E+0	4.301550E-4 	4.451204E+0	4.447874E+0
45.0    	146     	4.043995E+0	5.369321E-4	2.44E+1    	45.00     	9716.42 	23.3 	32.7 	4.040477E+0	2.818340E-7 	1.968650E+7	2.598076E+3	-1.600297E+0	1.913984E-4 	4.043995E+0	4.040477E+0
45.0    	147     	4.048423E+0	2.963058E-4	2.42E+1    	45.00     	9719.01 	23.3 	32.7 	4.045121E+0	7.289222E-8 	1.966443E+7	1.357694E+3	-1.599353E+0	4.118657E-4 	4.048423E+0	4.045121E+0
45.0    	148     	4.312229E+0	5.549746E-4	2.70E+1    	45.00     	9721.58 	23.3 	32.7 	4.309414E+0	2.791525E-7 	1.845993E+7	2.318045E+3	-1.596347E+0	2.138535E-4 	4.312229E+0	4.309414E+0
45.0    	149     	4.049710E+0	9.817403E-4	2.79E+1    	45.00     	9724.14 	23.3 	32.7 	4.046387E+0	8.685897E-7 	1.965823E+7	4.645787E+3	-1.599447E+0	2.302897E-4 	4.049710E+0	4.046387E+0
45.0    	150     	4.123425E+0	6.111695E-4	2.40E+1    	45.00     	9726.72 	23.3 	32.7 	4.120184E+0	3.601303E-7 	1.930647E+7	2.836077E+3	-1.598837E+0	1.415392E-4 	4.123425E+0	4.120184E+0
45.0    	151     	4.167403E+0	8.697582E-5	2.39E+1    	45.00     	9729.28 	23.3 	32.7 	4.164314E+0	7.480325E-9 	1.910230E+7	3.605551E+2	-1.598023E+0	3.234708E-4 	4.167403E+0	4.164314E+0
45.0    	152     	4.184379E+0	4.539795E-4	2.43E+1    	45.00     	9731.85 	23.3 	32.7 	4.181410E+0	1.700678E-7 	1.902450E+7	1.969772E+3	-1.597433E+0	1.973153E-4 	4.184379E+0	4.181410E+0
45.0    	153     	4.184217E+0	1.139482E-3	2.48E+1    	45.00     	9734.43 	23.3 	32.7 	4.181118E+0	1.323585E-6 	1.902553E+7	5.208007E+3	-1.598017E+0	1.921805E-4 	4.184217E+0	4.181118E+0
45.0    	154     	4.158190E+0	3.348391E-4	2.81E+1    	45.00     	9737.00 	23.3 	32.7 	4.155205E+0	1.258946E-7 	1.914440E+7	1.587451E+3	-1.597593E+0	1.274101E-4 	4.158190E+0	4.155205E+0
45.0    	155     	4.132561E+0	5.594698E-4	2.52E+1    	45.00     	9739.58 	23.3 	32.7 	4.129406E+0	3.401992E-7 	1.926357E+7	2.663331E+3	-1.598433E+0	1.665333E-4 	4.132561E+0	4.129406E+0
45.0    	156     	4.055816E+0	1.926593E-3	2.56E+1    	45.00     	9742.15 	23.3 	32.7 	4.051555E+0	3.381022E-6 	1.963090E+7	9.114823E+3	-1.603213E+0	3.370954E-4 	4.055816E+0	4.051555E+0
45.0    	157     	4.024483E+0	1.309714E-2	2.48E+1    	45.00     	9744.73 	23.3 	32.7 	4.020856E+0	1.798478E-4 	1.978240E+7	6.506274E+4	-1.600800E+0	1.460411E-3 	4.024483E+0	4.020856E+0
45.0    	158     	4.046994E+0	1.436614E-3	2.55E+1    	45.00     	9747.31 	23.3 	32.7 	4.043794E+0	1.994755E-6 	1.967113E+7	6.925557E+3	-1.598920E+0	3.292416E-4 	4.046994E+0	4.043794E+0
45.0    	159     	4.038644E+0	1.194732E-3	2.86E+1    	45.00     	9749.87 	23.3 	32.7 	4.035207E+0	1.502175E-6 	1.971240E+7	5.902542E+3	-1.599970E+0	4.744470E-4 	4.038644E+0	4.035207E+0
45.0    	160     	4.280914E+0	1.012482E-3	2.54E+1    	45.00     	9752.45 	23.3 	32.7 	4.277844E+0	1.008696E-6 	1.859557E+7	4.382161E+3	-1.597580E+0	1.135782E-4 	4.280914E+0	4.277844E+0
45.0    	161     	1.905247E+0	2.349975E-3	2.81E+1    	45.00     	9755.02 	23.3 	32.7 	1.904852E+0	5.577582E-6 	4.177190E+7	5.165356E+4	-1.585190E+0	6.547519E-4 	1.905247E+0	1.904852E+0
45.0    	162     	4.413356E+0	7.840021E-4	2.74E+1    	45.00     	9757.60 	23.3 	32.7 	4.403561E+0	5.370783E-7 	1.805110E+7	3.104835E+3	-1.617923E+0	1.357694E-4 	4.413356E+0	4.403561E+0
45.0    	163     	4.319333E+0	1.119586E-3	2.72E+1    	45.00     	9760.17 	23.3 	32.8 	4.316360E+0	1.232980E-6 	1.842990E+7	4.757100E+3	-1.597033E+0	2.516611E-4 	4.319333E+0	4.316360E+0
45.0    	164     	5.822267E-1	9.919178E-4	2.70E+1    	45.00     	9762.75 	23.3 	32.8 	5.455323E-1	9.053845E-7 	1.412000E+8	2.418698E+5	-1.824557E+0	7.005950E-4 	5.822267E-1	5.455323E-1
45.0    	165     	4.338008E+0	4.714708E-4	2.54E+1    	45.00     	9765.32 	23.3 	32.8 	4.335365E+0	2.458660E-7 	1.834983E+7	2.040425E+3	-1.595483E+0	3.636390E-4 	4.338008E+0	4.335365E+0
45.0    	166     	4.071953E+0	1.624027E-3	2.50E+1    	45.00     	9767.89 	23.3 	32.8 	4.068786E+0	2.749896E-6 	1.955043E+7	7.883104E+3	-1.598687E+0	1.677299E-4 	4.071953E+0	4.068786E+0
45.0    	167     	4.131239E+0	9.416580E-4	2.42E+1    	45.00     	9770.47 	23.3 	32.8 	4.128113E+0	8.487359E-7 	1.926967E+7	4.346646E+3	-1.598303E+0	1.115049E-4 	4.131239E+0	4.128113E+0
45.0    	168     	4.141438E+0	5.371584E-4	2.55E+1    	45.00     	9773.06 	23.3 	32.8 	4.138238E+0	2.488612E-7 	1.922237E+7	2.402776E+3	-1.598597E+0	2.608320E-4 	4.141438E+0	4.138238E+0
45.0    	169     	4.152292E+0	1.823680E-3	2.42E+1    	45.00     	9775.64 	23.3 	32.7 	4.149194E+0	3.408115E-6 	1.917187E+7	8.477224E+3	-1.598113E+0	1.167619E-4 	4.152292E+0	4.149194E+0
45.0    	170     	4.135446E+0	5.519631E-4	2.44E+1    	45.00     	9778.20 	23.3 	32.7 	4.132444E+0	3.268255E-7 	1.924977E+7	2.615977E+3	-1.597743E+0	1.021437E-4 	4.135446E+0	4.132444E+0
45.0    	171     	4.073536E+0	1.021569E-3	2.47E+1    	45.00     	9780.78 	23.3 	32.8 	4.070382E+0	9.692167E-7 	1.954280E+7	4.812484E+3	-1.598623E+0	2.739221E-4 	4.073536E+0	4.070382E+0
45.0    	172     	4.048752E+0	3.639565E-4	2.71E+1    	45.00     	9783.36 	23.3 	32.7 	4.045464E+0	1.433962E-7 	1.966280E+7	1.802776E+3	-1.599300E+0	1.345362E-4 	4.048752E+0	4.045464E+0
45.0    	173     	4.025156E+0	1.221740E-3	2.71E+1    	45.00     	9785.92 	23.3 	32.8 	4.021630E+0	1.332512E-6 	1.977870E+7	5.838664E+3	-1.600400E+0	3.160696E-4 	4.025156E+0	4.021630E+0
45.0    	174     	4.047800E+0	2.474946E-3	2.44E+1    	45.00     	9788.48 	23.3 	32.7 	4.044663E+0	6.083619E-6 	1.966707E+7	1.200930E+4	-1.598637E+0	3.516153E-4 	4.047800E+0	4.044663E+0
45.0    	175     	4.048282E+0	1.595239E-3	2.40E+1    	45.00     	9791.06 	23.3 	32.7 	4.045111E+0	2.533349E-6 	1.966480E+7	7.744030E+3	-1.598787E+0	2.203028E-4 	4.048282E+0	4.045111E+0
45.0    	176     	4.273500E+0	1.419889E-3	2.43E+1    	45.00     	9793.65 	23.3 	32.7 	4.270541E+0	1.983090E-6 	1.862760E+7	6.161169E+3	-1.597110E+0	5.115662E-4 	4.273500E+0	4.270541E+0
45.0    	177     	4.636956E+0	2.947580E-3	2.39E+1    	45.00     	9796.21 	23.3 	32.7 	4.627790E+0	8.776628E-6 	1.717857E+7	1.095460E+4	-1.615270E+0	7.810250E-5 	4.636956E+0	4.627790E+0
45.0    	178     	2.220871E+0	6.816900E-2	2.50E+1    	45.00     	9798.78 	23.3 	32.7 	1.630669E+0	1.706025E-3 	4.183837E+7	1.176197E+6	-1.029290E+0	4.481975E-3 	2.220871E+0	1.630669E+0
45.0    	179     	4.233287E+0	8.288920E-4	2.75E+1    	45.00     	9801.35 	23.3 	32.7 	4.224174E+0	9.487709E-7 	1.881830E+7	4.011234E+3	-1.617210E+0	3.900000E-4 	4.233287E+0	4.224174E+0
45.0    	180     	4.322776E+0	1.092119E-3	2.63E+1    	45.00     	9803.94 	23.3 	32.7 	4.320186E+0	1.161007E-6 	1.841440E+7	4.622770E+3	-1.595273E+0	1.446836E-4 	4.322776E+0	4.320186E+0
45.0    	181     	4.035720E+0	6.174145E-4	3.01E+1    	45.00     	9806.49 	23.3 	32.7 	4.032537E+0	3.439075E-7 	1.972607E+7	2.939955E+3	-1.598883E+0	2.802380E-4 	4.035720E+0	4.032537E+0
45.0    	182     	4.056127E+0	6.347906E-4	2.99E+1    	45.00     	9809.07 	23.3 	32.7 	4.052867E+0	3.751106E-7 	1.962697E+7	3.013857E+3	-1.599147E+0	3.225420E-4 	4.056127E+0	4.052867E+0
45.0    	183     	4.056230E+0	1.156130E-3	2.56E+1    	45.00     	9811.65 	23.3 	32.7 	4.053177E+0	1.233226E-6 	1.962597E+7	5.484828E+3	-1.598233E+0	2.050203E-4 	4.056230E+0	4.053177E+0
45.0    	184     	4.072316E+0	5.326681E-4	2.45E+1    	45.00     	9814.23 	23.3 	32.7 	4.069130E+0	2.899507E-7 	1.954873E+7	2.569695E+3	-1.598773E+0	2.074448E-4 	4.072316E+0	4.069130E+0
45.0    	185     	4.070516E+0	7.614982E-4	2.49E+1    	45.00     	9816.80 	23.3 	32.7 	4.067448E+0	5.177059E-7 	1.955710E+7	3.559494E+3	-1.598253E+0	1.858315E-4 	4.070516E+0	4.067448E+0
45.0    	186     	4.050976E+0	1.116537E-3	2.41E+1    	45.00     	9819.36 	23.3 	32.7 	4.047964E+0	1.251485E-6 	1.965133E+7	5.424328E+3	-1.598070E+0	2.645751E-5 	4.050976E+0	4.047964E+0
45.0    	187     	4.049490E+0	9.425067E-4	2.49E+1    	45.00     	9821.93 	23.3 	32.7 	4.046442E+0	1.028044E-6 	1.965863E+7	4.750088E+3	-1.598233E+0	3.257811E-4 	4.049490E+0	4.046442E+0
45.0    	188     	4.033149E+0	6.877927E-4	2.62E+1    	45.00     	9824.50 	23.3 	32.7 	4.029847E+0	4.833171E-7 	1.973893E+7	3.385754E+3	-1.599413E+0	8.326664E-5 	4.033149E+0	4.029847E+0
45.0    	189     	4.040271E+0	6.145594E-4	2.71E+1    	45.00     	9827.07 	23.3 	32.7 	4.037158E+0	4.662641E-7 	1.970367E+7	3.164385E+3	-1.598557E+0	3.181719E-4 	4.040271E+0	4.037158E+0
45.0    	190     	4.038408E+0	2.010175E-3	2.62E+1    	45.00     	9829.64 	23.3 	32.7 	4.035306E+0	3.974308E-6 	1.971273E+7	9.772581E+3	-1.598513E+0	2.193931E-4 	4.038408E+0	4.035306E+0
45.0    	191     	4.047435E+0	4.886247E-4	2.73E+1    	45.00     	9832.21 	23.3 	32.7 	4.044079E+0	1.796681E-7 	1.966937E+7	2.214347E+3	-1.599593E+0	3.601851E-4 	4.047435E+0	4.044079E+0
45.0    	192     	4.265963E+0	1.595453E-3	2.47E+1    	45.00     	9834.78 	23.3 	32.7 	4.262892E+0	2.883255E-6 	1.866077E+7	7.205785E+3	-1.597630E+0	4.570558E-4 	4.265963E+0	4.262892E+0
45.0    	193     	4.281686E+0	1.466726E-3	2.57E+1    	45.00     	9837.36 	23.3 	32.7 	4.278822E+0	2.164590E-6 	1.859177E+7	6.379133E+3	-1.596657E+0	3.951371E-4 	4.281686E+0	4.278822E+0
45.0    	194     	4.219722E+0	3.882651E-3	2.59E+1    	45.00     	9839.93 	23.3 	32.7 	4.210655E+0	1.733745E-5 	1.887877E+7	1.800926E+4	-1.617163E+0	7.786099E-4 	4.219722E+0	4.210655E+0
45.0    	195     	4.255227E+0	1.678324E-3	2.47E+1    	45.00     	9842.51 	23.3 	32.7 	4.252140E+0	2.695030E-6 	1.870790E+7	7.301370E+3	-1.597737E+0	1.721434E-4 	4.255227E+0	4.252140E+0
45.0    	196     	4.047088E+0	1.055121E-3	2.54E+1    	45.00     	9845.09 	23.3 	32.7 	4.043905E+0	1.276462E-6 	1.967063E+7	5.310681E+3	-1.598840E+0	3.651027E-4 	4.047088E+0	4.043905E+0
45.0    	197     	4.044543E+0	9.770740E-4	2.67E+1    	45.00     	9847.64 	23.3 	32.7 	4.041326E+0	9.047855E-7 	1.968310E+7	4.693613E+3	-1.599000E+0	1.992486E-4 	4.044543E+0	4.041326E+0
45.0    	198     	4.034515E+0	1.354000E-3	2.51E+1    	45.00     	9850.21 	23.3 	32.7 	4.031466E+0	1.986662E-6 	1.973163E+7	6.760424E+3	-1.598290E+0	2.645751E-4 	4.034515E+0	4.031466E+0
45.0    	199     	4.037294E+0	1.626201E-3	2.64E+1    	45.00     	9852.79 	23.3 	32.7 	4.034181E+0	2.699109E-6 	1.971820E+7	7.986864E+3	-1.598567E+0	1.625833E-4 	4.037294E+0	4.034181E+0
45.0    	200     	4.039863E+0	4.347824E-4	2.45E+1    	45.00     	9855.37 	23.3 	32.7 	4.036772E+0	2.435521E-7 	1.970560E+7	2.264950E+3	-1.598460E+0	2.651415E-4 	4.039863E+0	4.036772E+0
45.0    	201     	4.043672E+0	1.341446E-3	2.74E+1    	45.00     	9857.93 	23.3 	32.7 	4.040554E+0	1.831044E-6 	1.968710E+7	6.557439E+3	-1.598567E+0	4.272392E-4 	4.043672E+0	4.040554E+0
45.0    	202     	4.041934E+0	1.315490E-3	2.51E+1    	45.00     	9860.50 	23.3 	32.7 	4.038899E+0	1.921385E-6 	1.969537E+7	6.585843E+3	-1.598203E+0	3.262412E-4 	4.041934E+0	4.038899E+0
45.0    	203     	4.028978E+0	1.552200E-3	2.71E+1    	45.00     	9863.07 	23.3 	32.7 	4.025899E+0	2.298041E-6 	1.975883E+7	7.521525E+3	-1.598443E+0	4.361575E-4 	4.028978E+0	4.025899E+0
45.0    	204     	4.038417E+0	1.298513E-3	2.46E+1    	45.00     	9865.64 	23.3 	32.7 	4.035269E+0	1.839754E-6 	1.971280E+7	6.481512E+3	-1.598720E+0	2.651415E-4 	4.038417E+0	4.035269E+0
45.0    	205     	4.039508E+0	9.604523E-4	2.35E+1    	45.00     	9868.21 	23.3 	32.7 	4.036240E+0	7.664070E-7 	1.970777E+7	4.479211E+3	-1.599243E+0	3.850108E-4 	4.039508E+0	4.036240E+0
45.0    	206     	4.271851E+0	6.359811E-4	2.60E+1    	45.00     	9870.78 	23.3 	32.7 	4.268338E+0	3.841358E-7 	1.863600E+7	2.740438E+3	-1.599477E+0	6.658328E-5 	4.271851E+0	4.268338E+0
45.0    	207     	4.038243E+0	7.918651E-4	2.76E+1    	45.00     	9873.35 	23.3 	32.7 	4.035143E+0	6.137655E-7 	1.971353E+7	3.843609E+3	-1.598503E+0	2.676440E-4 	4.038243E+0	4.035143E+0
45.0    	208     	4.274881E+0	1.670611E-3	2.37E+1    	45.00     	9875.93 	23.3 	32.7 	4.272005E+0	2.790080E-6 	1.862140E+7	7.277362E+3	-1.596737E+0	7.023769E-5 	4.274881E+0	4.272005E+0
45.0    	209     	4.283005E+0	1.018469E-3	2.56E+1    	45.00     	9878.50 	23.3 	32.7 	4.280235E+0	9.518750E-7 	1.858583E+7	4.324735E+3	-1.596227E+0	4.140451E-4 	4.283005E+0	4.280235E+0
45.0    	210     	4.251827E+0	4.417622E-4	2.60E+1    	45.00     	9881.08 	23.3 	32.7 	4.248799E+0	1.697610E-7 	1.872273E+7	1.877054E+3	-1.597487E+0	2.627420E-4 	4.251827E+0	4.248799E+0
45.0    	211     	1.211926E+0	6.488598E-4	2.66E+1    	45.00     	9883.64 	23.3 	32.7 	1.205254E+0	3.630590E-7 	6.584350E+7	3.408181E+4	-1.645060E+0	2.475884E-4 	1.211926E+0	1.205254E+0
45.0    	212     	4.252238E+0	7.986359E-4	2.41E+1    	45.00     	9886.21 	23.3 	32.7 	4.249356E+0	6.633993E-7 	1.872060E+7	3.551056E+3	-1.596833E+0	1.921805E-4 	4.252238E+0	4.249356E+0
45.0    	213     	4.044225E+0	1.036398E-3	2.48E+1    	45.00     	9888.78 	23.3 	32.7 	4.041206E+0	1.037999E-6 	1.968417E+7	5.002333E+3	-1.598120E+0	1.852026E-4 	4.044225E+0	4.041206E+0
45.0    	214     	4.043830E+0	1.015149E-3	2.74E+1    	45.00     	9891.36 	23.3 	32.7 	4.040683E+0	1.118461E-6 	1.968640E+7	5.047772E+3	-1.598697E+0	1.913984E-4 	4.043830E+0	4.040683E+0
45.0    	215     	4.136495E+0	5.645262E-4	2.77E+1    	45.00     	9893.93 	23.3 	32.7 	4.125265E+0	2.966731E-7 	1.926407E+7	2.573584E+3	-1.622923E+0	2.565801E-4 	4.136495E+0	4.125265E+0
45.0    	216     	4.039302E+0	1.252488E-4	2.46E+1    	45.00     	9896.51 	23.3 	32.7 	4.036309E+0	6.636631E-9 	1.970810E+7	5.000000E+2	-1.598020E+0	2.338803E-4 	4.039302E+0	4.036309E+0
45.0    	217     	4.038770E+0	1.023428E-3	2.75E+1    	45.00     	9899.08 	23.3 	32.7 	4.035858E+0	9.346423E-7 	1.971050E+7	4.856954E+3	-1.597650E+0	2.946184E-4 	4.038770E+0	4.035858E+0
45.0    	218     	4.045735E+0	8.494206E-4	2.42E+1    	45.00     	9901.66 	23.3 	32.7 	4.042627E+0	7.361001E-7 	1.967703E+7	4.152509E+3	-1.598517E+0	1.795364E-4 	4.045735E+0	4.042627E+0
45.0    	219     	4.258213E+0	1.374287E-3	2.49E+1    	45.00     	9904.25 	23.3 	32.7 	4.254690E+0	1.884726E-6 	1.869573E+7	6.033517E+3	-1.599567E+0	1.154701E-5 	4.258213E+0	4.254690E+0
45.0    	220     	4.043746E+0	1.608445E-3	2.77E+1    	45.00     	9906.82 	23.3 	32.7 	4.040795E+0	2.670362E-6 	1.968633E+7	7.894513E+3	-1.597817E+0	1.270171E-4 	4.043746E+0	4.040795E+0
45.0    	221     	4.276248E+0	5.927268E-4	2.70E+1    	45.00     	9909.39 	23.3 	32.7 	4.272657E+0	3.025794E-7 	1.861700E+7	2.487971E+3	-1.599777E+0	1.965536E-4 	4.276248E+0	4.272657E+0
45.0    	222     	1.116101E+0	2.031491E-3	3.18E+1    	45.00     	9911.95 	23.3 	32.7 	1.112309E+0	2.880284E-6 	7.142110E+7	1.195760E+5	-1.512520E+0	2.573500E-3 	1.116101E+0	1.112309E+0
45.0    	223     	4.253405E+0	1.207474E-3	2.71E+1    	45.00     	9914.55 	23.3 	32.7 	4.249629E+0	1.355443E-6 	1.871743E+7	5.217598E+3	-1.600597E+0	3.458805E-4 	4.253405E+0	4.249629E+0
45.0    	224     	4.286414E+0	2.036704E-3	2.52E+1    	45.00     	9917.11 	23.3 	32.7 	4.283467E+0	3.897535E-6 	1.857143E+7	8.690416E+3	-1.597017E+0	3.625374E-4 	4.286414E+0	4.283467E+0
45.0    	225     	4.275556E+0	1.251232E-3	2.68E+1    	45.00     	9919.68 	23.3 	32.7 	4.272675E+0	1.512522E-6 	1.861847E+7	5.404011E+3	-1.596757E+0	2.107922E-4 	4.275556E+0	4.272675E+0
45.0    	226     	4.051759E+0	1.262769E-3	2.38E+1    	45.00     	9922.26 	23.3 	32.7 	4.048638E+0	1.429211E-6 	1.964780E+7	5.963221E+3	-1.598553E+0	2.956913E-4 	4.051759E+0	4.048638E+0
45.0    	227     	4.253459E+0	3.700350E-4	2.62E+1    	45.00     	9924.83 	23.3 	32.7 	4.250452E+0	1.277178E-7 	1.871550E+7	1.600000E+3	-1.597387E+0	1.201388E-4 	4.253459E+0	4.250452E+0
45.0    	228     	4.039217E+0	1.054095E-3	2.64E+1    	45.00     	9927.40 	23.3 	32.7 	4.036204E+0	1.316855E-6 	1.970857E+7	5.368737E+3	-1.598107E+0	5.671273E-4 	4.039217E+0	4.036204E+0
45.0    	229     	4.277604E+0	7.062776E-4	2.56E+1    	45.00     	9929.97 	23.3 	32.7 	4.273582E+0	4.570640E-7 	1.861203E+7	3.008876E+3	-1.601467E+0	1.205543E-4 	4.277604E+0	4.273582E+0
45.0    	230     	4.138716E+0	1.267041E-3	2.54E+1    	45.00     	9932.56 	23.3 	32.7 	4.127893E+0	1.684552E-6 	1.925277E+7	5.971879E+3	-1.621957E+0	1.386843E-4 	4.138716E+0	4.127893E+0
45.0    	231     	3.466872E+0	4.889357E-3	2.71E+1    	45.00     	9935.14 	23.3 	32.7 	2.943674E+0	7.369611E-5 	2.491023E+7	5.384109E+4	-1.171820E+0	1.813643E-3 	3.466872E+0	2.943674E+0
45.0    	232     	4.138123E+0	1.063655E-3	2.56E+1    	45.00     	9937.70 	23.3 	32.7 	4.127370E+0	1.320882E-6 	1.925537E+7	5.153963E+3	-1.621793E+0	2.458319E-4 	4.138123E+0	4.127370E+0
45.0    	233     	4.046821E+0	1.279502E-3	2.47E+1    	45.00     	9940.26 	23.3 	32.7 	4.043884E+0	1.512801E-6 	1.967133E+7	6.100273E+3	-1.597737E+0	3.066486E-4 	4.046821E+0	4.043884E+0
45.0    	234     	4.254058E+0	1.135666E-3	2.40E+1    	45.00     	9942.84 	23.3 	32.7 	4.250596E+0	1.418895E-6 	1.871387E+7	5.118919E+3	-1.599323E+0	3.312602E-4 	4.254058E+0	4.250596E+0
45.0    	235     	1.243420E+0	6.773923E-4	2.45E+1    	45.00     	9945.41 	23.3 	32.7 	1.242040E+0	3.910286E-7 	6.403443E+7	3.352347E+4	-1.537487E+0	1.002464E-3 	1.243420E+0	1.242040E+0
45.0    	236     	4.260881E+0	1.751950E-3	2.76E+1    	45.00     	9947.98 	23.3 	32.8 	4.257353E+0	3.037166E-6 	1.868403E+7	7.663115E+3	-1.599573E+0	1.517674E-4 	4.260881E+0	4.257353E+0
45.0    	237     	4.036382E+0	1.092965E-3	2.39E+1    	45.00     	9950.56 	23.3 	32.7 	4.033211E+0	9.906951E-7 	1.972280E+7	5.102940E+3	-1.598827E+0	4.630695E-4 	4.036382E+0	4.033211E+0
45.0    	238     	4.254509E+0	1.693625E-3	2.70E+1    	45.00     	9953.13 	23.3 	32.8 	4.250707E+0	2.762724E-6 	1.871263E+7	7.381960E+3	-1.600693E+0	1.850225E-4 	4.254509E+0	4.250707E+0
45.0    	239     	4.057033E+0	1.224970E-3	2.45E+1    	45.00     	9955.70 	23.3 	32.7 	4.054001E+0	1.491976E-6 	1.962203E+7	5.918051E+3	-1.598137E+0	1.501111E-4 	4.057033E+0	4.054001E+0
45.0    	240     	4.281884E+0	8.010698E-4	2.41E+1    	45.00     	9958.28 	23.3 	32.7 	4.279068E+0	6.348220E-7 	1.859080E+7	3.465545E+3	-1.596440E+0	3.451087E-4 	4.281884E+0	4.279068E+0
45.0    	241     	4.504697E+0	9.464727E-4	2.46E+1    	45.00     	9960.86 	23.3 	32.7 	4.502034E+0	8.517033E-7 	1.767067E+7	3.667879E+3	-1.595113E+0	1.069268E-4 	4.504697E+0	4.502034E+0
45.0    	242     	4.286309E+0	3.360374E-4	2.69E+1    	45.00     	9963.43 	23.3 	32.7 	4.283478E+0	1.007287E-7 	1.857163E+7	1.415392E+3	-1.596500E+0	1.178983E-4 	4.286309E+0	4.283478E+0
45.0    	243     	4.283712E+0	1.426851E-3	2.63E+1    	45.00     	9966.01 	23.3 	32.7 	4.281034E+0	2.153770E-6 	1.858257E+7	6.278004E+3	-1.595797E+0	3.066486E-4 	4.283712E+0	4.281034E+0
45.0    	244     	4.515820E+0	1.787455E-3	2.46E+1    	45.00     	9968.58 	23.3 	32.7 	4.512149E+0	2.971221E-6 	1.762910E+7	6.856384E+3	-1.599310E+0	3.675595E-4 	4.515820E+0	4.512149E+0
45.0    	245     	1.246625E+0	2.535014E-3	2.44E+1    	45.00     	9971.14 	23.3 	32.7 	1.229101E+0	5.659334E-7 	6.428787E+7	8.458187E+4	-1.452060E+0	5.966666E-3 	1.246625E+0	1.229101E+0
45.0    	246     	4.530948E+0	9.888126E-4	2.56E+1    	45.00     	9973.70 	23.3 	32.7 	4.527216E+0	8.567290E-7 	1.757033E+7	3.709897E+3	-1.599500E+0	3.903844E-4 	4.530948E+0	4.527216E+0
45.0    	247     	4.381878E+0	1.314560E-3	2.74E+1    	45.00     	9976.28 	23.3 	32.8 	4.372798E+0	2.013074E-6 	1.817943E+7	5.675679E+3	-1.616333E+0	2.706166E-4 	4.381878E+0	4.372798E+0
45.0    	248     	4.280475E+0	1.285461E-3	2.88E+1    	45.00     	9978.87 	23.3 	32.8 	4.277762E+0	1.736335E-6 	1.859670E+7	5.655970E+3	-1.595973E+0	2.193931E-4 	4.280475E+0	4.277762E+0
45.0    	249     	4.278105E+0	2.955778E-4	2.65E+1    	45.00     	9981.44 	23.3 	32.7 	4.275226E+0	9.406866E-8 	1.860737E+7	1.305118E+3	-1.596740E+0	2.443358E-4 	4.278105E+0	4.275226E+0
45.0    	250     	4.288803E+0	1.335772E-3	3.04E+1    	45.00     	9983.99 	23.3 	32.7 	4.286048E+0	1.830418E-6 	1.856067E+7	5.819221E+3	-1.596143E+0	1.193035E-4 	4.288803E+0	4.286048E+0
45.0    	251     	4.485857E+0	7.557852E-4	2.43E+1    	45.00     	9986.58 	23.3 	32.8 	4.482809E+0	5.891690E-7 	1.774567E+7	3.013857E+3	-1.596867E+0	9.609024E-5 	4.485857E+0	4.482809E+0
45.0    	252     	4.265973E+0	5.493472E-4	2.58E+1    	45.00     	9989.14 	23.3 	32.7 	4.263094E+0	2.526852E-7 	1.866030E+7	2.300000E+3	-1.596773E+0	2.759227E-4 	4.265973E+0	4.263094E+0
45.0    	253     	4.275980E+0	1.507737E-3	2.62E+1    	45.00     	9991.72 	23.3 	32.7 	4.273124E+0	2.323943E-6 	1.861657E+7	6.601010E+3	-1.596643E+0	4.104063E-4 	4.275980E+0	4.273124E+0
45.0    	254     	4.289247E+0	4.683939E-4	2.57E+1    	45.00     	9994.28 	23.3 	32.7 	4.286513E+0	1.961229E-7 	1.855870E+7	1.969772E+3	-1.596047E+0	2.289833E-4 	4.289247E+0	4.286513E+0
45.0    	255     	4.283623E+0	8.585727E-4	2.70E+1    	45.00     	9996.85 	23.3 	32.7 	4.280830E+0	8.071953E-7 	1.858320E+7	3.810512E+3	-1.596333E+0	2.872862E-4 	4.283623E+0	4.280830E+0
45.0    	256     	4.508168E+0	7.134754E-4	2.49E+1    	45.00     	9999.42 	23.3 	32.7 	4.505637E+0	5.177165E-7 	1.765680E+7	2.805352E+3	-1.594490E+0	2.381176E-4 	4.508168E+0	4.505637E+0
45.0    	257     	5.636747E+0	6.470372E-4	2.41E+1    	45.00     	10001.99	23.3 	32.7 	5.634769E+0	4.066748E-7 	1.412010E+7	1.609348E+3	-1.589530E+0	8.544004E-5 	5.636747E+0	5.634769E+0
45.0    	258     	8.098003E+0	8.978399E-4	2.53E+1    	45.00     	10004.56	23.3 	32.7 	8.097034E+0	7.988472E-7 	9.827390E+6	1.087244E+3	-1.581733E+0	2.516611E-5 	8.098003E+0	8.097034E+0
45.0    	259     	1.125487E+1	7.014058E-4	2.77E+1    	45.00     	10007.14	23.3 	32.7 	1.125458E+1	4.722316E-7 	7.070583E+6	4.361575E+2	-1.575833E+0	1.450287E-4 	1.125487E+1	1.125458E+1
45.0    	260     	2.370308E+1	1.648932E-3	2.60E+1    	45.00     	10009.70	23.3 	32.7 	2.370223E+1	2.756889E-6 	3.357323E+6	2.343786E+2	-1.564793E+0	5.507571E-5 	2.370308E+1	2.370223E+1
45.0    	261     	2.821358E+1	6.049727E-4	2.54E+1    	45.00     	10012.28	23.3 	32.7 	2.821153E+1	3.544042E-7 	2.820640E+6	6.000000E+1	-1.562270E+0	2.645751E-5 	2.821358E+1	2.821153E+1
45.0    	262     	3.431493E+1	1.420861E-3	2.56E+1    	45.00     	10014.84	23.3 	32.7 	3.431030E+1	2.052489E-6 	2.319190E+6	9.643651E+1	-1.559187E+0	1.527525E-5 	3.431493E+1	3.431030E+1
45.0    	263     	5.030338E+1	3.726296E-4	2.78E+1    	45.00     	10017.42	23.3 	32.7 	5.028520E+1	1.306496E-7 	1.582237E+6	1.154701E+1	-1.551783E+0	5.773503E-6 	5.030338E+1	5.028520E+1
45.0    	264     	1.102574E+2	9.382144E-4	2.63E+1    	45.00     	10019.99	23.3 	32.7 	1.100439E+2	8.571492E-7 	7.224427E+5	6.110101E+0	-1.526773E+0	5.773503E-6 	1.102574E+2	1.100439E+2
50.0    	1       	4.495261E+0	3.785810E-4	7.30E+1    	50.00     	10051.89	23.3 	32.7 	4.492482E+0	1.139801E-7 	1.770800E+7	1.410674E+3	-1.595660E+0	1.969772E-4 	4.495261E+0	4.492482E+0
50.0    	2       	4.577803E+0	1.085673E-3	2.57E+1    	50.00     	10054.31	23.3 	32.7 	4.575275E+0	1.070852E-6 	1.738813E+7	4.027820E+3	-1.594297E+0	2.369247E-4 	4.577803E+0	4.575275E+0
50.0    	3       	5.851402E-1	2.048132E-3	2.71E+1    	50.00     	10056.89	23.3 	32.7 	5.420040E-1	4.000901E-6 	1.413067E+8	5.052231E+5	-1.845760E+0	1.357461E-3 	5.851402E-1	5.420040E-1
50.0    	4       	4.814726E+0	1.267002E-3	2.66E+1    	50.00     	10059.48	23.3 	32.7 	4.812242E+0	1.482903E-6 	1.653220E+7	4.267318E+3	-1.593510E+0	2.563201E-4 	4.814726E+0	4.812242E+0
50.0    	5       	1.172090E+0	1.239408E-3	2.71E+1    	50.00     	10062.06	23.3 	32.7 	1.168862E+0	1.797488E-6 	6.798740E+7	7.483208E+4	-1.623287E+0	1.265082E-3 	1.172090E+0	1.168862E+0
50.0    	6       	4.518003E+0	6.324923E-4	2.65E+1    	50.00     	10064.62	23.3 	32.7 	4.514901E+0	3.862458E-7 	1.761947E+7	2.444040E+3	-1.597003E+0	2.107922E-4 	4.518003E+0	4.514901E+0
50.0    	7       	4.253045E+0	2.137087E-3	2.41E+1    	50.00     	10067.20	23.3 	32.7 	4.250020E+0	4.760111E-6 	1.871737E+7	9.508067E+3	-1.597470E+0	3.536948E-4 	4.253045E+0	4.250020E+0
50.0    	8       	4.258651E+0	4.700488E-4	2.66E+1    	50.00     	10069.76	23.3 	32.7 	4.255769E+0	2.897502E-7 	1.869240E+7	2.211334E+3	-1.596810E+0	3.774917E-4 	4.258651E+0	4.255769E+0
50.0    	9       	4.230720E+0	2.251507E-3	2.68E+1    	50.00     	10072.34	23.3 	32.7 	4.227742E+0	5.132845E-6 	1.881607E+7	1.004507E+4	-1.597327E+0	1.700980E-4 	4.230720E+0	4.227742E+0
50.0    	10      	4.533368E+0	3.620841E-3	2.67E+1    	50.00     	10074.92	23.3 	32.7 	4.512963E+0	1.231684E-5 	1.759337E+7	1.386446E+4	-1.637937E+0	4.272392E-4 	4.533368E+0	4.512963E+0
50.0    	11      	3.829913E+0	1.799904E-2	2.59E+1    	50.00     	10077.50	23.3 	32.7 	3.270239E+0	9.628762E-4 	2.248647E+7	1.587294E+5	-1.178547E+0	5.829068E-3 	3.829913E+0	3.270239E+0
50.0    	12      	1.905237E+0	7.702190E-4	2.40E+1    	50.00     	10080.08	23.3 	32.7 	1.905024E+0	6.000327E-7 	4.177010E+7	1.693163E+4	-1.560227E+0	1.159023E-4 	1.905237E+0	1.905024E+0
50.0    	13      	4.429523E+0	2.856941E-3	2.53E+1    	50.00     	10082.66	23.3 	32.7 	4.425376E+0	8.286320E-6 	1.797367E+7	1.164531E+4	-1.601397E+0	1.446836E-4 	4.429523E+0	4.425376E+0
50.0    	14      	4.260859E+0	1.575527E-3	2.79E+1    	50.00     	10085.23	23.3 	32.7 	4.257770E+0	2.627672E-6 	1.868317E+7	7.007377E+3	-1.597720E+0	4.413615E-4 	4.260859E+0	4.257770E+0
50.0    	15      	4.277679E+0	1.295183E-3	2.66E+1    	50.00     	10087.80	23.3 	32.7 	4.274488E+0	1.614567E-6 	1.860990E+7	5.583010E+3	-1.598113E+0	1.096966E-4 	4.277679E+0	4.274488E+0
50.0    	16      	4.490212E+0	1.087790E-3	2.60E+1    	50.00     	10090.37	23.3 	32.7 	4.487476E+0	1.164193E-6 	1.772783E+7	4.277071E+3	-1.595480E+0	2.913760E-4 	4.490212E+0	4.487476E+0
50.0    	17      	4.226536E+0	6.050194E-4	2.48E+1    	50.00     	10092.99	23.3 	32.7 	4.223422E+0	2.918225E-7 	1.883500E+7	2.551470E+3	-1.597943E+0	3.251666E-4 	4.226536E+0	4.223422E+0
50.0    	18      	3.990945E+0	5.924680E-4	2.69E+1    	50.00     	10095.52	23.3 	32.7 	3.987321E+0	3.002239E-7 	1.994857E+7	2.850146E+3	-1.600933E+0	2.294196E-4 	3.990945E+0	3.987321E+0
50.0    	19      	4.271895E+0	1.044080E-3	2.46E+1    	50.00     	10098.10	23.3 	32.7 	4.270158E+0	1.085720E-6 	1.863193E+7	4.550092E+3	-1.590963E+0	4.725816E-5 	4.271895E+0	4.270158E+0
50.0    	20      	3.972607E+0	1.123953E-3	2.49E+1    	50.00     	10100.67	23.3 	32.7 	3.969099E+0	1.323034E-6 	2.004040E+7	5.737595E+3	-1.600513E+0	1.497776E-4 	3.972607E+0	3.969099E+0
50.0    	21      	4.210318E+0	7.270017E-4	2.63E+1    	50.00     	10103.23	23.3 	32.7 	4.206527E+0	6.237140E-7 	1.890910E+7	3.407345E+3	-1.600807E+0	2.731910E-4 	4.210318E+0	4.206527E+0
50.0    	22      	3.971841E+0	1.051883E-3	2.64E+1    	50.00     	10105.81	23.3 	32.7 	3.968201E+0	9.981603E-7 	2.004460E+7	5.173973E+3	-1.601070E+0	3.675595E-4 	3.971841E+0	3.968201E+0
50.0    	23      	3.965670E+0	8.164301E-4	2.49E+1    	50.00     	10108.38	23.3 	32.7 	3.962164E+0	7.012407E-7 	2.007547E+7	4.188476E+3	-1.600533E+0	9.291573E-5 	3.965670E+0	3.962164E+0
50.0    	24      	3.966471E+0	6.716879E-4	2.49E+1    	50.00     	10110.95	23.3 	32.7 	3.962969E+0	5.350645E-7 	2.007140E+7	3.551056E+3	-1.600510E+0	2.868798E-4 	3.966471E+0	3.962969E+0
50.0    	25      	4.147988E+0	1.441141E-3	2.57E+1    	50.00     	10113.53	23.3 	32.7 	4.136796E+0	2.327869E-6 	1.921053E+7	6.880649E+3	-1.622763E+0	2.150194E-4 	4.147988E+0	4.136796E+0
50.0    	26      	2.019915E+0	4.949161E-3	2.45E+1    	50.00     	10116.10	23.3 	32.7 	1.650017E+0	7.239686E-6 	4.358937E+7	8.445379E+4	-1.128597E+0	1.600667E-3 	2.019915E+0	1.650017E+0
50.0    	27      	4.226903E+0	1.177253E-3	2.72E+1    	50.00     	10118.67	23.3 	32.7 	4.205487E+0	5.899366E-7 	1.887430E+7	4.350862E+3	-1.642033E+0	6.748580E-4 	4.226903E+0	4.205487E+0
50.0    	28      	4.155891E+0	9.018238E-4	2.63E+1    	50.00     	10121.25	23.3 	32.7 	4.151112E+0	7.167275E-7 	1.915913E+7	4.027820E+3	-1.604710E+0	3.421988E-4 	4.155891E+0	4.151112E+0
50.0    	29      	3.962135E+0	1.858392E-3	2.59E+1    	50.00     	10123.82	23.3 	32.7 	3.958677E+0	3.589426E-6 	2.009327E+7	9.519104E+3	-1.600343E+0	1.871719E-4 	3.962135E+0	3.958677E+0
50.0    	30      	3.959823E+0	5.971507E-4	2.66E+1    	50.00     	10126.40	23.3 	32.7 	3.956300E+0	3.431854E-7 	2.010517E+7	3.003886E+3	-1.600630E+0	8.660254E-5 	3.959823E+0	3.956300E+0
50.0    	31      	3.973494E+0	4.418038E-4	2.77E+1    	50.00     	10128.98	23.3 	32.7 	3.970009E+0	2.843919E-7 	2.003587E+7	2.458319E+3	-1.600413E+0	4.129568E-4 	3.973494E+0	3.970009E+0
50.0    	32      	4.221281E+0	1.116221E-3	2.60E+1    	50.00     	10131.57	23.3 	32.7 	4.218192E+0	1.378605E-6 	1.885840E+7	5.117617E+3	-1.597847E+0	3.187998E-4 	4.221281E+0	4.218192E+0
50.0    	33      	4.219523E+0	4.596050E-4	2.43E+1    	50.00     	10134.16	23.3 	32.7 	4.216267E+0	1.700800E-7 	1.886663E+7	1.950214E+3	-1.598577E+0	2.000833E-4 	4.219523E+0	4.216267E+0
50.0    	34      	3.967454E+0	1.735060E-4	2.53E+1    	50.00     	10136.69	23.3 	32.7 	3.964080E+0	2.617721E-8 	2.006610E+7	8.185353E+2	-1.599960E+0	3.822303E-4 	3.967454E+0	3.964080E+0
50.0    	35      	3.957924E+0	4.375270E-4	2.70E+1    	50.00     	10139.27	23.3 	32.7 	3.954473E+0	1.815354E-7 	2.011463E+7	2.193931E+3	-1.600330E+0	1.473092E-4 	3.957924E+0	3.954473E+0
50.0    	36      	3.968601E+0	1.064583E-3	2.76E+1    	50.00     	10141.86	23.3 	32.7 	3.965161E+0	1.133155E-6 	2.006047E+7	5.381759E+3	-1.600243E+0	2.554082E-4 	3.968601E+0	3.965161E+0
50.0    	37      	4.166902E+0	6.453463E-4	2.51E+1    	50.00     	10144.42	23.3 	32.7 	4.158977E+0	3.751770E-7 	1.911570E+7	2.868798E+3	-1.614420E+0	4.084116E-4 	4.166902E+0	4.158977E+0
50.0    	38      	3.963939E+0	5.600825E-4	2.87E+1    	50.00     	10146.98	23.3 	32.7 	3.961394E+0	2.192677E-7 	2.008180E+7	2.605763E+3	-1.596130E+0	4.590207E-4 	3.963939E+0	3.961394E+0
50.0    	39      	3.968662E+0	4.602983E-4	2.55E+1    	50.00     	10149.57	23.3 	32.7 	3.965166E+0	2.893791E-7 	2.006030E+7	2.523886E+3	-1.600480E+0	3.328663E-4 	3.968662E+0	3.965166E+0
50.0    	40      	3.973021E+0	1.765651E-4	2.73E+1    	50.00     	10152.15	23.3 	32.7 	3.967880E+0	2.604476E-8 	2.004243E+7	8.020806E+2	-1.606773E+0	4.045162E-4 	3.973021E+0	3.967880E+0
50.0    	41      	3.924200E+0	1.239649E-3	2.51E+1    	50.00     	10154.72	23.3 	32.7 	3.915436E+0	1.702433E-6 	2.030133E+7	6.400260E+3	-1.523540E+0	1.657558E-3 	3.924200E+0	3.915436E+0
50.0    	42      	4.146007E+0	3.598044E-4	2.69E+1    	50.00     	10157.28	23.3 	32.7 	4.135269E+0	1.115427E-7 	1.921867E+7	1.607275E+3	-1.621710E+0	1.135782E-4 	4.146007E+0	4.135269E+0
50.0    	43      	3.972086E+0	5.205096E-4	2.56E+1    	50.00     	10159.84	23.3 	32.7 	3.968643E+0	3.083496E-7 	2.004287E+7	2.700617E+3	-1.600240E+0	5.047772E-4 	3.972086E+0	3.968643E+0
50.0    	44      	3.963398E+0	2.346372E-3	2.45E+1    	50.00     	10162.42	23.3 	32.7 	3.960031E+0	6.047206E-6 	2.008663E+7	1.218291E+4	-1.599943E+0	5.277626E-4 	3.963398E+0	3.960031E+0
50.0    	45      	3.971056E+0	2.106322E-4	2.72E+1    	50.00     	10165.00	23.3 	32.7 	3.967692E+0	5.506175E-8 	2.004787E+7	1.123981E+3	-1.599907E+0	1.209683E-4 	3.971056E+0	3.967692E+0
50.0    	46      	3.956865E+0	1.051189E-3	2.44E+1    	50.00     	10167.56	23.3 	32.7 	3.953251E+0	9.264366E-7 	2.012043E+7	5.118919E+3	-1.601023E+0	4.576389E-4 	3.956865E+0	3.953251E+0
50.0    	47      	3.959505E+0	1.875367E-3	2.83E+1    	50.00     	10170.12	23.3 	32.7 	3.955897E+0	3.612991E-6 	2.010700E+7	9.589578E+3	-1.600987E+0	1.680278E-4 	3.959505E+0	3.955897E+0
50.0    	48      	4.211130E+0	1.948794E-4	2.84E+1    	50.00     	10172.72	23.3 	32.7 	4.207941E+0	5.340132E-8 	1.890410E+7	9.539392E+2	-1.598320E+0	2.066398E-4 	4.211130E+0	4.207941E+0
50.0    	49      	4.254080E+0	1.608369E-4	3.10E+1    	50.00     	10175.27	23.3 	32.7 	4.251088E+0	2.268558E-8 	1.871273E+7	6.806859E+2	-1.597320E+0	1.652271E-4 	4.254080E+0	4.251088E+0
50.0    	50      	3.964775E+0	9.151205E-4	2.94E+1    	50.00     	10177.86	23.3 	32.7 	3.961124E+0	1.007071E-6 	2.008037E+7	4.860384E+3	-1.601143E+0	3.764749E-4 	3.964775E+0	3.961124E+0
50.0    	51      	3.962723E+0	1.023903E-3	2.83E+1    	50.00     	10180.42	23.3 	32.7 	3.959271E+0	1.044749E-6 	2.009027E+7	5.186842E+3	-1.600317E+0	1.861003E-4 	3.962723E+0	3.959271E+0
50.0    	52      	4.161548E+0	1.082867E-3	2.52E+1    	50.00     	10183.00	23.3 	32.7 	4.153645E+0	7.893625E-7 	1.914027E+7	4.523642E+3	-1.614383E+0	6.788471E-4 	4.161548E+0	4.153645E+0
50.0    	53      	1.776724E+0	1.652623E-2	2.81E+1    	50.00     	10185.58	23.3 	32.7 	1.427667E+0	5.898294E-5 	4.996697E+7	3.670694E+5	-1.111620E+0	3.987443E-3 	1.776724E+0	1.427667E+0
50.0    	54      	4.159120E+0	2.227031E-3	2.61E+1    	50.00     	10188.14	23.3 	32.7 	4.151068E+0	6.499009E-6 	1.915180E+7	1.098226E+4	-1.614800E+0	1.230122E-3 	4.159120E+0	4.151068E+0
50.0    	55      	3.972134E+0	5.205134E-4	2.76E+1    	50.00     	10190.70	23.3 	32.7 	3.968621E+0	3.196811E-7 	2.004280E+7	2.740438E+3	-1.600537E+0	2.182506E-4 	3.972134E+0	3.968621E+0
50.0    	56      	3.972585E+0	2.051219E-3	2.79E+1    	50.00     	10193.29	23.3 	32.7 	3.967340E+0	3.849295E-6 	2.004490E+7	1.013361E+4	-1.607140E+0	3.451087E-4 	3.972585E+0	3.967340E+0
50.0    	57      	3.972435E+0	1.036469E-3	2.67E+1    	50.00     	10195.86	23.3 	32.7 	3.965827E+0	9.786210E-7 	2.004910E+7	5.106858E+3	-1.611593E+0	4.085748E-4 	3.972435E+0	3.965827E+0
50.0    	58      	3.965227E+0	1.025101E-3	3.14E+1    	50.00     	10198.41	23.3 	32.7 	3.961751E+0	1.106266E-6 	2.007763E+7	5.259594E+3	-1.600410E+0	2.291288E-4 	3.965227E+0	3.961751E+0
50.0    	59      	3.954634E+0	6.128162E-4	2.50E+1    	50.00     	10201.00	23.3 	32.7 	3.950977E+0	4.526818E-7 	2.013190E+7	3.274141E+3	-1.601210E+0	2.523886E-4 	3.954634E+0	3.950977E+0
50.0    	60      	3.965365E+0	9.327472E-4	2.73E+1    	50.00     	10203.58	23.3 	32.7 	3.961706E+0	8.652536E-7 	2.007740E+7	4.714870E+3	-1.601177E+0	2.857155E-4 	3.965365E+0	3.961706E+0
50.0    	61      	4.262407E+0	2.508589E-3	2.48E+1    	50.00     	10206.14	23.3 	32.7 	4.259249E+0	5.912256E-6 	1.867653E+7	1.082605E+4	-1.598020E+0	3.407345E-4 	4.262407E+0	4.259249E+0
50.0    	62      	4.262514E+0	1.175131E-3	2.78E+1    	50.00     	10208.70	23.3 	32.7 	4.259520E+0	1.346793E-6 	1.867570E+7	5.117617E+3	-1.597303E+0	2.500667E-4 	4.262514E+0	4.259520E+0
50.0    	63      	3.967590E+0	9.551154E-4	2.68E+1    	50.00     	10211.27	23.3 	32.7 	3.964103E+0	8.114553E-7 	2.006570E+7	4.693613E+3	-1.600443E+0	2.730079E-4 	3.967590E+0	3.964103E+0
50.0    	64      	4.409286E+0	1.206511E-3	2.48E+1    	50.00     	10213.86	23.3 	32.7 	4.405266E+0	1.573810E-6 	1.805593E+7	5.040172E+3	-1.600997E+0	2.853653E-4 	4.409286E+0	4.405266E+0
50.0    	65      	4.263418E+0	6.376291E-4	2.71E+1    	50.00     	10216.42	23.3 	32.7 	4.260290E+0	3.314645E-7 	1.867203E+7	2.657693E+3	-1.597887E+0	2.779089E-4 	4.263418E+0	4.260290E+0
50.0    	66      	3.963453E+0	1.250155E-3	2.67E+1    	50.00     	10218.98	23.3 	32.7 	3.959987E+0	1.541239E-6 	2.008660E+7	6.315061E+3	-1.600370E+0	2.954657E-4 	3.963453E+0	3.959987E+0
50.0    	67      	3.979564E+0	4.921757E-4	2.56E+1    	50.00     	10221.56	23.3 	32.7 	3.975996E+0	2.077003E-7 	2.000550E+7	2.364318E+3	-1.600743E+0	5.291818E-4 	3.979564E+0	3.975996E+0
50.0    	68      	3.970062E+0	2.902199E-4	2.53E+1    	50.00     	10224.14	23.3 	32.7 	3.966548E+0	8.849123E-8 	2.005327E+7	1.457166E+3	-1.600547E+0	4.823208E-4 	3.970062E+0	3.966548E+0
50.0    	69      	4.158367E+0	1.617832E-3	2.49E+1    	50.00     	10226.70	23.3 	32.7 	4.150460E+0	2.142747E-6 	1.915493E+7	7.102347E+3	-1.614417E+0	4.300388E-4 	4.158367E+0	4.150460E+0
50.0    	70      	3.970774E+0	2.194531E-3	2.68E+1    	50.00     	10229.28	23.3 	32.7 	3.967434E+0	4.715631E-6 	2.004923E+7	1.102467E+4	-1.599800E+0	1.509967E-4 	3.970774E+0	3.967434E+0
50.0    	71      	3.968786E+0	1.342454E-3	2.55E+1    	50.00     	10231.85	23.3 	32.7 	3.963119E+0	1.958688E-6 	2.006517E+7	6.937098E+3	-1.608593E+0	2.236813E-4 	3.968786E+0	3.963119E+0
50.0    	72      	3.917278E+0	1.068167E-3	2.60E+1    	50.00     	10234.42	23.3 	32.7 	3.895521E+0	2.164036E-6 	2.037113E+7	6.561504E+3	-1.496203E+0	9.163151E-4 	3.917278E+0	3.895521E+0
50.0    	73      	3.943646E+0	1.071947E-3	2.76E+1    	50.00     	10237.01	23.3 	32.7 	3.932345E+0	3.979922E-6 	2.020763E+7	7.869138E+3	-1.517270E+0	2.228161E-3 	3.943646E+0	3.932345E+0
50.0    	74      	3.970007E+0	3.433864E-3	2.49E+1    	50.00     	10239.58	23.3 	32.7 	3.964432E+0	1.223843E-5 	2.005877E+7	1.752551E+4	-1.608277E+0	5.971879E-4 	3.970007E+0	3.964432E+0
50.0    	75      	3.966748E+0	1.785536E-3	2.81E+1    	50.00     	10242.17	23.3 	32.7 	3.963404E+0	4.879398E-6 	2.006960E+7	1.010594E+4	-1.599797E+0	1.883224E-3 	3.966748E+0	3.963404E+0
50.0    	76      	4.256017E+0	1.069098E-3	2.49E+1    	50.00     	10244.73	23.3 	32.7 	4.253396E+0	1.255464E-6 	1.870340E+7	4.812484E+3	-1.595613E+0	2.470493E-4 	4.256017E+0	4.253396E+0
50.0    	77      	5.808880E-1	3.433846E-3	2.74E+1    	50.00     	10247.30	23.3 	32.7 	5.465783E-1	8.522984E-6 	1.412300E+8	7.971355E+5	-1.816280E+0	1.169744E-3 	5.808880E-1	5.465783E-1
50.0    	78      	5.839486E-1	1.355894E-3	2.58E+1    	50.00     	10249.87	23.3 	32.7 	5.502458E-1	3.587159E-6 	1.403870E+8	4.043254E+5	-1.813407E+0	2.270888E-3 	5.839486E-1	5.502458E-1
50.0    	79      	4.478926E+0	1.082502E-3	2.59E+1    	50.00     	10252.44	23.3 	32.7 	4.475477E+0	1.298187E-6 	1.777393E+7	4.410593E+3	-1.598550E+0	2.424871E-4 	4.478926E+0	4.475477E+0
50.0    	80      	1.583621E+0	1.817530E-3	2.50E+1    	50.00     	10255.03	23.3 	32.7 	1.580330E+0	2.594436E-6 	5.030267E+7	5.451095E+4	-1.525210E+0	1.466561E-3 	1.583621E+0	1.580330E+0
50.0    	81      	4.243956E+0	8.958692E-4	2.52E+1    	50.00     	10257.59	23.3 	32.7 	4.240900E+0	8.400818E-7 	1.875753E+7	4.006661E+3	-1.597633E+0	9.712535E-5 	4.243956E+0	4.240900E+0
50.0    	82      	3.993543E+0	5.049433E-4	2.76E+1    	50.00     	10260.16	23.3 	32.7 	3.989752E+0	2.766081E-7 	1.993600E+7	2.570992E+3	-1.601610E+0	2.260531E-4 	3.993543E+0	3.989752E+0
50.0    	83      	3.989968E+0	8.776971E-4	2.83E+1    	50.00     	10262.75	23.3 	32.7 	3.986618E+0	9.600556E-7 	1.995277E+7	4.645787E+3	-1.599777E+0	4.554485E-4 	3.989968E+0	3.986618E+0
50.0    	84      	4.022246E+0	2.087382E-3	2.84E+1    	50.00     	10265.31	23.3 	32.7 	4.018822E+0	4.351321E-6 	1.979277E+7	1.026856E+4	-1.599973E+0	3.685557E-4 	4.022246E+0	4.018822E+0
50.0    	85      	3.991657E+0	1.584604E-4	2.52E+1    	50.00     	10267.88	23.3 	32.7 	3.988422E+0	1.744201E-8 	1.994403E+7	7.094599E+2	-1.599267E+0	2.953529E-4 	3.991657E+0	3.988422E+0
50.0    	86      	4.000798E+0	1.179126E-3	2.84E+1    	50.00     	10270.46	23.3 	32.7 	3.997475E+0	1.128726E-6 	1.989867E+7	5.577036E+3	-1.599620E+0	5.047772E-4 	4.000798E+0	3.997475E+0
50.0    	87      	4.038439E+0	2.006309E-3	2.40E+1    	50.00     	10273.03	23.3 	32.7 	4.035207E+0	4.072187E-6 	1.971290E+7	9.822932E+3	-1.599087E+0	1.159023E-4 	4.038439E+0	4.035207E+0
50.0    	88      	4.045122E+0	6.837752E-4	2.79E+1    	50.00     	10275.61	23.3 	32.7 	4.039858E+0	5.420323E-7 	1.968527E+7	3.453018E+3	-1.606877E+0	3.137409E-4 	4.045122E+0	4.039858E+0
50.0    	89      	4.037697E+0	2.211154E-4	2.57E+1    	50.00     	10278.18	23.3 	32.7 	4.032864E+0	2.664576E-8 	1.972043E+7	9.073772E+2	-1.605400E+0	4.095119E-4 	4.037697E+0	4.032864E+0
50.0    	90      	4.027978E+0	1.344809E-3	2.48E+1    	50.00     	10280.75	23.3 	32.7 	4.024820E+0	2.135845E-6 	1.976393E+7	6.887912E+3	-1.598797E+0	5.217598E-4 	4.027978E+0	4.024820E+0
50.0    	91      	4.005250E+0	7.627832E-4	2.53E+1    	50.00     	10283.33	23.3 	32.7 	4.002050E+0	6.050991E-7 	1.987623E+7	3.821431E+3	-1.599067E+0	2.914332E-4 	4.005250E+0	4.002050E+0
50.0    	92      	3.994310E+0	5.498879E-4	2.83E+1    	50.00     	10285.90	23.3 	32.7 	3.991121E+0	3.521557E-7 	1.993067E+7	2.853653E+3	-1.599053E+0	1.950214E-4 	3.994310E+0	3.991121E+0
50.0    	93      	4.312601E+0	5.217291E-4	2.45E+1    	50.00     	10288.48	23.3 	32.7 	4.309820E+0	3.115236E-7 	1.845827E+7	2.311565E+3	-1.596193E+0	1.686219E-4 	4.312601E+0	4.309820E+0
50.0    	94      	4.292841E+0	1.253773E-3	2.52E+1    	50.00     	10291.05	23.3 	32.7 	4.290427E+0	1.712817E-6 	1.854247E+7	5.533835E+3	-1.594510E+0	3.900000E-4 	4.292841E+0	4.290427E+0
50.0    	95      	3.992917E+0	1.518357E-3	2.54E+1    	50.00     	10293.62	23.3 	32.7 	3.989551E+0	2.651366E-6 	1.993807E+7	7.858965E+3	-1.599830E+0	4.978956E-4 	3.992917E+0	3.989551E+0
50.0    	96      	4.453740E+0	1.350109E-3	2.76E+1    	50.00     	10296.19	23.3 	32.7 	4.450051E+0	1.655671E-6 	1.787497E+7	5.293707E+3	-1.599577E+0	2.926317E-4 	4.453740E+0	4.450051E+0
50.0    	97      	4.229620E+0	1.793338E-3	2.74E+1    	50.00     	10298.76	23.3 	32.7 	4.226175E+0	3.481435E-6 	1.882200E+7	8.146165E+3	-1.599337E+0	3.917057E-4 	4.229620E+0	4.226175E+0
50.0    	98      	3.985478E+0	5.626793E-4	2.55E+1    	50.00     	10301.33	23.3 	32.7 	3.985249E+0	3.338316E-7 	1.996743E+7	2.857155E+3	-1.578373E+0	2.608320E-4 	3.985478E+0	3.985249E+0
50.0    	99      	3.990967E+0	1.450335E-3	2.63E+1    	50.00     	10303.91	23.3 	32.7 	3.987272E+0	1.988448E-6 	1.994863E+7	7.150058E+3	-1.601227E+0	3.300505E-4 	3.990967E+0	3.987272E+0
50.0    	100     	4.005114E+0	1.280200E-3	2.66E+1    	50.00     	10306.48	23.3 	32.7 	4.001823E+0	1.749082E-6 	1.987713E+7	6.459360E+3	-1.599463E+0	2.950141E-4 	4.005114E+0	4.001823E+0
50.0    	101     	3.988899E+0	4.176988E-4	2.69E+1    	50.00     	10309.05	23.3 	32.7 	3.985688E+0	1.537168E-7 	1.995777E+7	2.025669E+3	-1.599173E+0	1.504438E-4 	3.988899E+0	3.985688E+0
50.0    	102     	4.036682E+0	8.361877E-4	2.75E+1    	50.00     	10311.62	23.3 	32.7 	4.033429E+0	8.304578E-7 	1.972153E+7	4.266536E+3	-1.599183E+0	4.570923E-4 	4.036682E+0	4.033429E+0
50.0    	103     	4.040109E+0	9.950318E-4	2.71E+1    	50.00     	10314.19	23.3 	32.7 	4.036883E+0	1.063535E-6 	1.970473E+7	4.940985E+3	-1.599057E+0	3.370954E-4 	4.040109E+0	4.036883E+0
50.0    	104     	4.038705E+0	3.569238E-4	2.70E+1    	50.00     	10316.76	23.3 	32.7 	4.035540E+0	1.590465E-7 	1.971143E+7	1.844813E+3	-1.598793E+0	1.900877E-4 	4.038705E+0	4.035540E+0
50.0    	105     	4.044255E+0	1.443898E-3	2.80E+1    	50.00     	10319.33	23.3 	32.7 	4.041107E+0	2.166426E-6 	1.968433E+7	7.094599E+3	-1.598697E+0	4.932883E-4 	4.044255E+0	4.041107E+0
50.0    	106     	4.045807E+0	8.171441E-4	2.74E+1    	50.00     	10321.91	23.3 	32.7 	4.042651E+0	6.258485E-7 	1.967680E+7	3.912800E+3	-1.598730E+0	1.126943E-4 	4.045807E+0	4.042651E+0
50.0    	107     	4.029232E+0	5.748464E-4	2.44E+1    	50.00     	10324.48	23.3 	32.7 	4.025957E+0	3.301848E-7 	1.975807E+7	2.814842E+3	-1.599307E+0	2.844878E-4 	4.029232E+0	4.025957E+0
50.0    	108     	3.992611E+0	6.901582E-4	2.83E+1    	50.00     	10327.06	23.3 	32.7 	3.989442E+0	5.018130E-7 	1.993910E+7	3.487119E+3	-1.598973E+0	3.760762E-4 	3.992611E+0	3.989442E+0
50.0    	109     	4.006715E+0	1.080850E-3	2.43E+1    	50.00     	10329.64	23.3 	32.7 	4.003245E+0	1.119744E-6 	1.986963E+7	5.305029E+3	-1.600227E+0	1.950214E-4 	4.006715E+0	4.003245E+0
50.0    	110     	3.988247E+0	7.483211E-4	2.54E+1    	50.00     	10332.20	23.3 	32.7 	3.984916E+0	4.949501E-7 	1.996133E+7	3.635015E+3	-1.599700E+0	1.928730E-4 	3.988247E+0	3.984916E+0
50.0    	111     	3.978934E+0	1.030305E-3	2.38E+1    	50.00     	10334.77	23.3 	32.7 	3.975474E+0	1.068336E-6 	2.000840E+7	5.188449E+3	-1.600290E+0	2.749545E-4 	3.978934E+0	3.975474E+0
50.0    	112     	4.233420E+0	9.059100E-4	2.51E+1    	50.00     	10337.34	23.3 	32.7 	4.230409E+0	9.047123E-7 	1.880413E+7	4.125934E+3	-1.597467E+0	2.150194E-4 	4.233420E+0	4.230409E+0
50.0    	113     	4.213549E+0	1.265599E-3	2.54E+1    	50.00     	10339.93	23.3 	32.7 	4.210380E+0	1.875415E-6 	1.889320E+7	5.910161E+3	-1.598220E+0	4.550824E-4 	4.213549E+0	4.210380E+0
50.0    	114     	3.980041E+0	5.517966E-4	2.64E+1    	50.00     	10342.50	23.3 	32.7 	3.976143E+0	3.644125E-7 	2.000393E+7	2.900575E+3	-1.602097E+0	3.350124E-4 	3.980041E+0	3.976143E+0
50.0    	115     	3.976718E+0	2.168142E-3	2.40E+1    	50.00     	10345.06	23.3 	32.7 	3.973347E+0	4.329563E-6 	2.001933E+7	1.069782E+4	-1.599913E+0	3.760762E-4 	3.976718E+0	3.973347E+0
50.0    	116     	3.990405E+0	1.317100E-3	2.56E+1    	50.00     	10347.62	23.3 	32.7 	3.986848E+0	1.621687E-6 	1.995110E+7	6.478426E+3	-1.600660E+0	1.946792E-4 	3.990405E+0	3.986848E+0
50.0    	117     	3.983597E+0	1.114947E-3	2.50E+1    	50.00     	10350.20	23.3 	32.7 	3.980217E+0	1.023194E-6 	1.998477E+7	5.331354E+3	-1.599927E+0	5.980245E-4 	3.983597E+0	3.980217E+0
50.0    	118     	4.040237E+0	3.818905E-4	2.49E+1    	50.00     	10352.77	23.3 	32.7 	4.036986E+0	1.635634E-7 	1.970417E+7	1.903506E+3	-1.599163E+0	4.368447E-4 	4.040237E+0	4.036986E+0
50.0    	119     	4.039609E+0	5.666943E-4	2.43E+1    	50.00     	10355.34	23.3 	32.7 	4.036426E+0	2.100245E-7 	1.970707E+7	2.490649E+3	-1.598863E+0	6.285168E-4 	4.039609E+0	4.036426E+0
50.0    	120     	4.043878E+0	1.341857E-3	2.66E+1    	50.00     	10357.92	23.3 	32.7 	4.040758E+0	1.814517E-6 	1.968610E+7	6.547519E+3	-1.598577E+0	1.616581E-4 	4.043878E+0	4.040758E+0
50.0    	121     	4.060693E+0	8.906656E-4	2.53E+1    	50.00     	10360.48	23.3 	32.7 	4.057581E+0	6.834560E-7 	1.960453E+7	4.142865E+3	-1.598480E+0	4.613025E-4 	4.060693E+0	4.057581E+0
50.0    	122     	4.058762E+0	1.084922E-3	2.44E+1    	50.00     	10363.05	23.3 	32.7 	4.055648E+0	1.180241E-6 	1.961387E+7	5.248174E+3	-1.598500E+0	1.571623E-4 	4.058762E+0	4.055648E+0
50.0    	123     	4.023078E+0	1.197876E-3	2.68E+1    	50.00     	10365.62	23.3 	32.7 	4.019859E+0	1.337704E-6 	1.978817E+7	5.793387E+3	-1.599087E+0	1.985783E-4 	4.023078E+0	4.019859E+0
50.0    	124     	3.999201E+0	4.762278E-4	2.59E+1    	50.00     	10368.22	23.3 	32.7 	3.995054E+0	1.952107E-7 	1.990867E+7	2.272297E+3	-1.603000E+0	4.158125E-4 	3.999201E+0	3.995054E+0
50.0    	125     	3.984384E+0	5.209199E-4	2.55E+1    	50.00     	10370.78	23.3 	32.7 	3.980891E+0	2.778379E-7 	1.998110E+7	2.628688E+3	-1.600410E+0	5.291503E-5 	3.984384E+0	3.980891E+0
50.0    	126     	3.971746E+0	1.041929E-3	2.78E+1    	50.00     	10373.34	23.3 	32.7 	3.968414E+0	1.086316E-6 	2.004430E+7	5.256425E+3	-1.599763E+0	3.962743E-4 	3.971746E+0	3.968414E+0
50.0    	127     	3.977516E+0	5.819567E-4	2.87E+1    	50.00     	10375.91	23.3 	32.7 	3.974175E+0	3.242048E-7 	2.001523E+7	2.893671E+3	-1.599780E+0	2.722132E-4 	3.977516E+0	3.974175E+0
50.0    	128     	4.214756E+0	1.147031E-3	2.47E+1    	50.00     	10378.48	23.3 	32.7 	4.211580E+0	1.388204E-6 	1.888780E+7	5.211526E+3	-1.598250E+0	1.900000E-4 	4.214756E+0	4.211580E+0
50.0    	129     	4.201927E+0	1.074071E-3	2.52E+1    	50.00     	10381.06	23.3 	32.7 	4.198761E+0	1.062288E-6 	1.894547E+7	4.743768E+3	-1.598247E+0	3.348632E-4 	4.201927E+0	4.198761E+0
50.0    	130     	3.977551E+0	5.676253E-4	2.66E+1    	50.00     	10383.65	23.3 	32.7 	3.974273E+0	4.069823E-7 	2.001490E+7	3.034798E+3	-1.599503E+0	3.092464E-4 	3.977551E+0	3.974273E+0
50.0    	131     	3.972532E+0	1.427049E-3	2.55E+1    	50.00     	10386.22	23.3 	32.7 	3.969122E+0	2.120564E-6 	2.004053E+7	7.276217E+3	-1.600100E+0	2.402082E-4 	3.972532E+0	3.969122E+0
50.0    	132     	3.976500E+0	1.177189E-3	2.89E+1    	50.00     	10388.77	23.3 	32.7 	3.973139E+0	1.475361E-6 	2.002040E+7	6.022458E+3	-1.599873E+0	1.877054E-4 	3.976500E+0	3.973139E+0
50.0    	133     	3.980718E+0	9.309428E-4	3.29E+1    	50.00     	10391.35	23.3 	32.7 	3.977362E+0	9.690095E-7 	1.999917E+7	4.812830E+3	-1.599837E+0	2.402776E-4 	3.980718E+0	3.977362E+0
50.0    	134     	4.038333E+0	8.839283E-4	2.67E+1    	50.00     	10393.94	23.3 	32.7 	4.035149E+0	8.342079E-7 	1.971330E+7	4.386342E+3	-1.598880E+0	2.651415E-4 	4.038333E+0	4.035149E+0
50.0    	135     	4.052352E+0	1.576445E-3	2.41E+1    	50.00     	10396.51	23.3 	32.7 	4.049186E+0	2.475209E-6 	1.964503E+7	7.636971E+3	-1.598750E+0	8.660254E-5 	4.052352E+0	4.049186E+0
50.0    	136     	4.043406E+0	2.048818E-3	2.70E+1    	50.00     	10399.08	23.3 	32.7 	4.040069E+0	4.525298E-6 	1.968893E+7	1.017464E+4	-1.599527E+0	3.442867E-4 	4.043406E+0	4.040069E+0
50.0    	137     	4.052677E+0	9.174828E-4	2.73E+1    	50.00     	10401.65	23.3 	32.7 	4.049492E+0	7.358288E-7 	1.964350E+7	4.303487E+3	-1.598830E+0	2.879236E-4 	4.052677E+0	4.049492E+0
50.0    	138     	4.058085E+0	5.162588E-4	2.72E+1    	50.00     	10404.23	23.3 	32.7 	4.054988E+0	2.463887E-7 	1.961710E+7	2.443358E+3	-1.598427E+0	3.089229E-4 	4.058085E+0	4.054988E+0
50.0    	139     	4.032743E+0	9.468841E-4	2.42E+1    	50.00     	10406.81	23.3 	32.7 	4.028594E+0	1.007172E-6 	1.974300E+7	4.775982E+3	-1.602877E+0	2.973774E-4 	4.032743E+0	4.028594E+0
50.0    	140     	3.972611E+0	1.705890E-3	3.00E+1    	50.00     	10409.37	23.3 	32.7 	3.970377E+0	2.842989E-6 	2.003717E+7	8.555895E+3	-1.547083E+0	3.023795E-4 	3.972611E+0	3.970377E+0
50.0    	141     	3.980962E+0	2.552226E-3	2.84E+1    	50.00     	10411.97	23.3 	32.7 	3.976576E+0	6.572468E-6 	2.000053E+7	1.285392E+4	-1.603997E+0	1.386843E-4 	3.980962E+0	3.976576E+0
50.0    	142     	3.970083E+0	5.212759E-4	2.65E+1    	50.00     	10414.53	23.3 	32.7 	3.966659E+0	2.813253E-7 	2.005293E+7	2.650157E+3	-1.600163E+0	3.292922E-4 	3.970083E+0	3.966659E+0
50.0    	143     	3.976959E+0	1.596098E-3	2.73E+1    	50.00     	10417.11	23.3 	32.7 	3.973581E+0	2.507637E-6 	2.001813E+7	8.005207E+3	-1.599943E+0	2.010804E-4 	3.976959E+0	3.973581E+0
50.0    	144     	4.211228E+0	1.103989E-3	2.68E+1    	50.00     	10419.67	23.3 	32.7 	4.208125E+0	1.197421E-6 	1.890347E+7	4.933896E+3	-1.597947E+0	2.746513E-4 	4.211228E+0	4.208125E+0
50.0    	145     	4.383940E+0	6.612530E-4	2.46E+1    	50.00     	10422.25	23.3 	32.7 	4.380550E+0	4.962360E-7 	1.815907E+7	2.829016E+3	-1.598603E+0	2.214347E-4 	4.383940E+0	4.380550E+0
50.0    	146     	3.974059E+0	1.230141E-3	2.65E+1    	50.00     	10424.81	23.3 	32.7 	3.970581E+0	1.823676E-6 	2.003300E+7	6.504614E+3	-1.600383E+0	5.658916E-4 	3.974059E+0	3.970581E+0
50.0    	147     	3.978842E+0	1.272486E-3	2.45E+1    	50.00     	10427.39	23.3 	32.7 	3.975486E+0	1.379933E-6 	2.000860E+7	6.155485E+3	-1.599837E+0	4.331666E-4 	3.978842E+0	3.975486E+0
50.0    	148     	4.243031E+0	5.489520E-4	2.50E+1    	50.00     	10429.97	23.3 	32.7 	4.240076E+0	3.198635E-7 	1.876140E+7	2.463737E+3	-1.597190E+0	1.670329E-4 	4.243031E+0	4.240076E+0
50.0    	149     	3.977492E+0	9.090940E-4	2.59E+1    	50.00     	10432.55	23.3 	32.7 	3.974067E+0	8.101449E-7 	2.001557E+7	4.554485E+3	-1.600147E+0	6.429101E-5 	3.977492E+0	3.974067E+0
50.0    	150     	4.021680E+0	1.088627E-3	2.54E+1    	50.00     	10435.12	23.3 	32.7 	4.018304E+0	1.266425E-6 	1.979543E+7	5.450076E+3	-1.599770E+0	1.868154E-4 	4.021680E+0	4.018304E+0
50.0    	151     	4.049701E+0	5.033133E-4	2.49E+1    	50.00     	10437.74	23.3 	32.7 	4.046492E+0	2.874156E-7 	1.965800E+7	2.523886E+3	-1.598947E+0	1.457166E-4 	4.049701E+0	4.046492E+0
50.0    	152     	4.059210E+0	1.203920E-3	2.41E+1    	50.00     	10440.26	23.3 	32.7 	4.056056E+0	1.440790E-6 	1.961180E+7	5.810336E+3	-1.598673E+0	5.686241E-5 	4.059210E+0	4.056056E+0
50.0    	153     	4.057754E+0	9.183072E-4	2.69E+1    	50.00     	10442.83	23.3 	32.7 	4.054519E+0	9.025992E-7 	1.961903E+7	4.517005E+3	-1.599037E+0	2.236813E-4 	4.057754E+0	4.054519E+0
50.0    	154     	4.043167E+0	1.460016E-3	2.56E+1    	50.00     	10445.43	23.3 	32.7 	4.040061E+0	2.144770E-6 	1.968953E+7	7.124839E+3	-1.598517E+0	7.094599E-5 	4.043167E+0	4.040061E+0
50.0    	155     	4.026116E+0	2.199785E-3	2.95E+1    	50.00     	10447.97	23.3 	32.7 	4.022815E+0	4.576535E-6 	1.977343E+7	1.066130E+4	-1.599433E+0	3.995414E-4 	4.026116E+0	4.022815E+0
50.0    	156     	3.981525E+0	1.084453E-3	2.54E+1    	50.00     	10450.56	23.3 	32.7 	3.977139E+0	1.205797E-6 	1.999770E+7	5.480876E+3	-1.603993E+0	3.178574E-4 	3.981525E+0	3.977139E+0
50.0    	157     	3.966496E+0	5.118695E-3	2.49E+1    	50.00     	10453.13	23.3 	32.7 	3.963163E+0	2.656583E-5 	2.007087E+7	2.602044E+4	-1.599787E+0	4.046398E-4 	3.966496E+0	3.963163E+0
50.0    	158     	3.975767E+0	7.717536E-4	2.60E+1    	50.00     	10455.71	23.3 	32.7 	3.972576E+0	5.437171E-7 	2.002367E+7	3.801754E+3	-1.599130E+0	1.500000E-4 	3.975767E+0	3.972576E+0
50.0    	159     	3.972345E+0	1.083085E-3	2.56E+1    	50.00     	10458.28	23.3 	32.7 	3.968912E+0	1.040944E-6 	2.004153E+7	5.305029E+3	-1.600200E+0	4.063250E-4 	3.972345E+0	3.968912E+0
50.0    	160     	4.205667E+0	1.240847E-3	2.51E+1    	50.00     	10460.86	23.3 	32.7 	4.202463E+0	1.714911E-6 	1.892870E+7	5.741951E+3	-1.598400E+0	3.004996E-4 	4.205667E+0	4.202463E+0
50.0    	161     	1.893954E+0	7.530409E-4	2.78E+1    	50.00     	10463.42	23.3 	32.7 	1.893547E+0	5.333299E-7 	4.202110E+7	1.645387E+4	-1.585467E+0	4.605793E-4 	1.893954E+0	1.893547E+0
50.0    	162     	4.343952E+0	1.847213E-3	2.49E+1    	50.00     	10465.98	23.3 	32.7 	4.334315E+0	3.896511E-6 	1.833950E+7	8.072794E+3	-1.617913E+0	3.868247E-4 	4.343952E+0	4.334315E+0
50.0    	163     	4.245716E+0	1.324304E-4	2.54E+1    	50.00     	10468.56	23.3 	32.7 	4.242654E+0	1.660463E-8 	1.874977E+7	5.686241E+2	-1.597657E+0	1.965536E-4 	4.245716E+0	4.242654E+0
50.0    	164     	5.803082E-1	7.586278E-4	2.50E+1    	50.00     	10471.12	23.3 	32.7 	5.426562E-1	1.754431E-7 	1.418073E+8	1.472900E+5	-1.828353E+0	1.026856E-3 	5.803082E-1	5.426562E-1
50.0    	165     	4.255854E+0	1.135976E-3	2.83E+1    	50.00     	10473.70	23.3 	32.7 	4.253089E+0	1.261317E-6 	1.870443E+7	4.966219E+3	-1.596287E+0	9.073772E-5 	4.255854E+0	4.253089E+0
50.0    	166     	3.991672E+0	1.068153E-3	2.70E+1    	50.00     	10476.27	23.3 	32.7 	3.988473E+0	1.070308E-6 	1.994387E+7	5.253887E+3	-1.599110E+0	1.900000E-4 	3.991672E+0	3.988473E+0
50.0    	167     	4.025333E+0	1.891004E-3	2.71E+1    	50.00     	10478.84	23.3 	32.7 	4.022104E+0	3.191323E-6 	1.977710E+7	9.035486E+3	-1.599120E+0	4.521062E-4 	4.025333E+0	4.022104E+0
50.0    	168     	4.032293E+0	7.154567E-4	2.52E+1    	50.00     	10481.42	23.3 	32.7 	4.028934E+0	5.103810E-7 	1.974327E+7	3.501904E+3	-1.599660E+0	9.539392E-5 	4.032293E+0	4.028934E+0
50.0    	169     	4.040019E+0	1.901067E-3	2.51E+1    	50.00     	10483.99	23.3 	32.7 	4.036755E+0	3.648341E-6 	1.970527E+7	9.300179E+3	-1.599223E+0	1.844813E-4 	4.040019E+0	4.036755E+0
50.0    	170     	4.028980E+0	1.725770E-3	2.70E+1    	50.00     	10486.56	23.3 	32.7 	4.025897E+0	2.883648E-6 	1.975883E+7	8.400794E+3	-1.598463E+0	1.401190E-4 	4.028980E+0	4.025897E+0
50.0    	171     	3.991398E+0	1.386409E-3	2.75E+1    	50.00     	10489.15	23.3 	32.7 	3.988215E+0	1.944118E-6 	1.994520E+7	6.950540E+3	-1.599040E+0	4.000000E-5 	3.991398E+0	3.988215E+0
50.0    	172     	3.974882E+0	1.603225E-3	2.78E+1    	50.00     	10491.72	23.3 	32.7 	3.971464E+0	2.415596E-6 	2.002870E+7	7.956758E+3	-1.600127E+0	2.042874E-4 	3.974882E+0	3.971464E+0
50.0    	173     	3.963806E+0	1.782621E-4	2.73E+1    	50.00     	10494.28	23.3 	32.7 	3.960265E+0	4.487630E-8 	2.008500E+7	9.643651E+2	-1.600690E+0	3.897435E-4 	3.963806E+0	3.960265E+0
50.0    	174     	3.975619E+0	1.451938E-3	2.69E+1    	50.00     	10496.86	23.3 	32.7 	3.972459E+0	2.034068E-6 	2.002433E+7	7.250057E+3	-1.598990E+0	2.505993E-4 	3.975619E+0	3.972459E+0
50.0    	175     	3.976151E+0	2.090578E-3	2.88E+1    	50.00     	10499.42	23.3 	32.7 	3.972814E+0	4.661914E-6 	2.002210E+7	1.070140E+4	-1.599767E+0	5.231953E-4 	3.976151E+0	3.972814E+0
50.0    	176     	4.200173E+0	1.288407E-3	2.81E+1    	50.00     	10502.00	23.3 	32.7 	4.197043E+0	1.581245E-6 	1.895330E+7	5.745433E+3	-1.598097E+0	1.320353E-4 	4.200173E+0	4.197043E+0
50.0    	177     	4.571947E+0	5.331692E-4	2.51E+1    	50.00     	10504.58	23.3 	32.7 	4.562976E+0	2.643784E-7 	1.742270E+7	1.946792E+3	-1.615103E+0	5.795113E-4 	4.571947E+0	4.562976E+0
50.0    	178     	2.089334E+0	2.515257E-2	2.56E+1    	50.00     	10507.15	23.3 	32.7 	1.558928E+0	1.688232E-4 	4.409647E+7	4.489554E+5	-1.042777E+0	3.177363E-3 	2.089334E+0	1.558928E+0
50.0    	179     	4.167106E+0	2.879008E-3	2.86E+1    	50.00     	10509.73	23.3 	32.7 	4.158139E+0	9.608495E-6 	1.911717E+7	1.373256E+4	-1.617200E+0	6.158734E-4 	4.167106E+0	4.158139E+0
50.0    	180     	4.245847E+0	1.322567E-3	2.55E+1    	50.00     	10512.30	23.3 	32.7 	4.243248E+0	1.655785E-6 	1.874817E+7	5.762233E+3	-1.595537E+0	3.247050E-4 	4.245847E+0	4.243248E+0
50.0    	181     	3.971123E+0	1.682212E-3	2.82E+1    	50.00     	10514.87	23.3 	32.7 	3.967850E+0	3.022545E-6 	2.004730E+7	8.637708E+3	-1.599510E+0	4.348563E-4 	3.971123E+0	3.967850E+0
50.0    	182     	3.980367E+0	9.555311E-4	3.27E+1    	50.00     	10517.42	23.3 	32.7 	3.977049E+0	9.123677E-7 	2.000083E+7	4.801389E+3	-1.599673E+0	2.098412E-4 	3.980367E+0	3.977049E+0
50.0    	183     	3.981707E+0	6.676091E-4	2.80E+1    	50.00     	10520.01	23.3 	32.7 	3.978549E+0	3.983823E-7 	1.999370E+7	3.260368E+3	-1.598963E+0	2.510644E-4 	3.981707E+0	3.978549E+0
50.0    	184     	3.990675E+0	9.406498E-4	2.52E+1    	50.00     	10522.56	23.3 	32.7 	3.987337E+0	8.532501E-7 	1.994920E+7	4.660472E+3	-1.599723E+0	1.778576E-4 	3.990675E+0	3.987337E+0
50.0    	185     	3.988539E+0	1.753801E-3	2.79E+1    	50.00     	10525.16	23.3 	32.7 	3.985424E+0	3.339066E-6 	1.995933E+7	8.962329E+3	-1.598743E+0	5.122825E-4 	3.988539E+0	3.985424E+0
50.0    	186     	3.979160E+0	2.300078E-3	3.31E+1    	50.00     	10527.70	23.3 	32.7 	3.976044E+0	5.339473E-6 	2.000640E+7	1.159353E+4	-1.598787E+0	1.700980E-4 	3.979160E+0	3.976044E+0
50.0    	187     	3.978614E+0	1.269284E-3	2.95E+1    	50.00     	10530.27	23.3 	32.7 	3.975516E+0	1.678328E-6 	2.000910E+7	6.450581E+3	-1.598703E+0	2.602563E-4 	3.978614E+0	3.975516E+0
50.0    	188     	3.965853E+0	6.116774E-4	2.50E+1    	50.00     	10532.87	23.3 	32.7 	3.962586E+0	4.515977E-7 	2.007393E+7	3.247050E+3	-1.599503E+0	3.569781E-4 	3.965853E+0	3.962586E+0
50.0    	189     	3.971952E+0	1.230982E-3	2.84E+1    	50.00     	10535.43	23.3 	32.7 	3.968776E+0	1.716067E-6 	2.004287E+7	6.412748E+3	-1.599077E+0	3.775359E-4 	3.971952E+0	3.968776E+0
50.0    	190     	3.970665E+0	8.624667E-4	2.86E+1    	50.00     	10538.00	23.3 	32.7 	3.967489E+0	6.573797E-7 	2.004937E+7	4.221769E+3	-1.599083E+0	4.195633E-4 	3.970665E+0	3.967489E+0
50.0    	191     	3.974798E+0	8.193480E-4	2.69E+1    	50.00     	10540.57	23.3 	32.7 	3.971296E+0	6.904559E-7 	2.002933E+7	4.158525E+3	-1.600487E+0	1.501111E-4 	3.974798E+0	3.971296E+0
50.0    	192     	4.196726E+0	7.998272E-4	2.66E+1    	50.00     	10543.14	23.2 	32.7 	4.193599E+0	6.145718E-7 	1.896887E+7	3.580968E+3	-1.598097E+0	6.806859E-5 	4.196726E+0	4.193599E+0
50.0    	193     	4.209195E+0	1.212103E-3	2.57E+1    	50.00     	10545.73	23.3 	32.7 	4.206167E+0	1.313749E-6 	1.891243E+7	5.300314E+3	-1.597620E+0	3.148015E-4 	4.209195E+0	4.206167E+0
50.0    	194     	4.149776E+0	3.353691E-3	2.67E+1    	50.00     	10548.30	23.3 	32.7 	4.140172E+0	1.109654E-5 	1.919857E+7	1.548688E+4	-1.618923E+0	4.932883E-5 	4.149776E+0	4.140172E+0
50.0    	195     	4.187250E+0	1.295355E-3	2.86E+1    	50.00     	10550.86	23.3 	32.7 	4.184098E+0	1.654828E-6 	1.901187E+7	5.862025E+3	-1.598237E+0	1.115049E-4 	4.187250E+0	4.184098E+0
50.0    	196     	3.977186E+0	8.688086E-4	2.60E+1    	50.00     	10553.44	23.2 	32.7 	3.973936E+0	7.734322E-7 	2.001667E+7	4.400379E+3	-1.599387E+0	1.755942E-4 	3.977186E+0	3.973936E+0
50.0    	197     	3.972011E+0	1.279850E-3	2.56E+1    	50.00     	10556.01	23.3 	32.7 	3.968757E+0	1.794523E-6 	2.004277E+7	6.610850E+3	-1.599423E+0	3.932345E-4 	3.972011E+0	3.968757E+0
50.0    	198     	3.968891E+0	6.876365E-4	2.86E+1    	50.00     	10558.59	23.2 	32.7 	3.965846E+0	5.855105E-7 	2.005800E+7	3.671512E+3	-1.598493E+0	4.020365E-4 	3.968891E+0	3.965846E+0
50.0    	199     	3.970606E+0	1.122055E-3	2.40E+1    	50.00     	10561.16	23.2 	32.7 	3.967443E+0	1.205889E-6 	2.004963E+7	5.608327E+3	-1.599023E+0	1.331666E-4 	3.970606E+0	3.967443E+0
50.0    	200     	3.971449E+0	6.035564E-4	2.83E+1    	50.00     	10563.73	23.3 	32.7 	3.968368E+0	3.701599E-7 	2.004517E+7	3.056687E+3	-1.598650E+0	2.457641E-4 	3.971449E+0	3.968368E+0
50.0    	201     	3.974409E+0	1.126161E-3	2.71E+1    	50.00     	10566.31	23.3 	32.7 	3.971275E+0	1.286840E-6 	2.003037E+7	5.697660E+3	-1.598883E+0	6.658328E-5 	3.974409E+0	3.971275E+0
50.0    	202     	3.972823E+0	3.229248E-4	2.83E+1    	50.00     	10568.88	23.2 	32.7 	3.969794E+0	1.203788E-7 	2.003810E+7	1.682260E+3	-1.598413E+0	3.150132E-4 	3.972823E+0	3.969794E+0
50.0    	203     	3.963614E+0	4.539517E-4	2.74E+1    	50.00     	10571.47	23.2 	32.7 	3.960457E+0	1.621195E-7 	2.008500E+7	2.170253E+3	-1.599020E+0	2.487971E-4 	3.963614E+0	3.960457E+0
50.0    	204     	3.969148E+0	1.027688E-3	2.50E+1    	50.00     	10574.05	23.2 	32.7 	3.965879E+0	1.028914E-6 	2.005727E+7	5.159780E+3	-1.599497E+0	2.821938E-4 	3.969148E+0	3.965879E+0
50.0    	205     	3.969827E+0	1.823653E-3	2.51E+1    	50.00     	10576.61	23.2 	32.7 	3.966428E+0	3.308722E-6 	2.005417E+7	9.200181E+3	-1.600063E+0	3.356089E-4 	3.969827E+0	3.966428E+0
50.0    	206     	4.197674E+0	8.402232E-4	2.45E+1    	50.00     	10579.18	23.2 	32.7 	4.193963E+0	7.974172E-7 	1.896590E+7	3.915354E+3	-1.600533E+0	2.900575E-4 	4.197674E+0	4.193963E+0
50.0    	207     	3.970194E+0	1.098155E-3	2.42E+1    	50.00     	10581.76	23.2 	32.7 	3.967063E+0	1.195757E-6 	2.005163E+7	5.537448E+3	-1.598880E+0	1.732051E-5 	3.970194E+0	3.967063E+0
50.0    	208     	4.202128E+0	6.525951E-4	2.50E+1    	50.00     	10584.33	23.2 	32.7 	4.199255E+0	4.716131E-7 	1.894390E+7	3.019934E+3	-1.596943E+0	1.582193E-4 	4.202128E+0	4.199255E+0
50.0    	209     	4.208211E+0	1.099950E-3	2.47E+1    	50.00     	10586.92	23.2 	32.7 	4.205400E+0	1.332603E-6 	1.891637E+7	5.065899E+3	-1.596643E+0	3.784618E-4 	4.208211E+0	4.205400E+0
50.0    	210     	4.183727E+0	1.458199E-3	2.64E+1    	50.00     	10589.48	23.3 	32.7 	4.180583E+0	2.107656E-6 	1.902787E+7	6.616142E+3	-1.598210E+0	4.887740E-4 	4.183727E+0	4.180583E+0
50.0    	211     	1.205098E+0	1.204152E-3	2.73E+1    	50.00     	10592.05	23.2 	32.7 	1.198111E+0	1.183854E-6 	6.622633E+7	6.319196E+4	-1.647010E+0	6.035727E-4 	1.205098E+0	1.198111E+0
50.0    	212     	4.184829E+0	2.463689E-4	2.56E+1    	50.00     	10594.62	23.2 	32.7 	4.181884E+0	3.496268E-8 	1.902240E+7	9.848858E+2	-1.597327E+0	2.709859E-4 	4.184829E+0	4.181884E+0
50.0    	213     	3.975364E+0	5.361448E-4	2.86E+1    	50.00     	10597.19	23.2 	32.7 	3.972277E+0	2.236732E-7 	2.002543E+7	2.542309E+3	-1.598663E+0	2.829016E-4 	3.975364E+0	3.972277E+0
50.0    	214     	3.973759E+0	9.490644E-5	2.71E+1    	50.00     	10599.78	23.2 	32.7 	3.970391E+0	2.903145E-8 	2.003423E+7	6.429101E+2	-1.599913E+0	4.554485E-4 	3.973759E+0	3.970391E+0
50.0    	215     	4.045382E+0	5.616314E-4	2.43E+1    	50.00     	10602.34	23.2 	32.7 	4.034650E+0	1.869818E-7 	1.969733E+7	2.411086E+3	-1.622327E+0	3.869539E-4 	4.045382E+0	4.034650E+0
50.0    	216     	3.973169E+0	1.233622E-3	2.42E+1    	50.00     	10604.94	23.2 	32.7 	3.970162E+0	1.520062E-6 	2.003630E+7	6.221736E+3	-1.598313E+0	7.234178E-5 	3.973169E+0	3.970162E+0
50.0    	217     	3.970070E+0	7.299988E-4	2.80E+1    	50.00     	10607.51	23.2 	32.7 	3.967042E+0	5.128857E-7 	2.005200E+7	3.651027E+3	-1.598417E+0	2.631223E-4 	3.970070E+0	3.967042E+0
50.0    	218     	3.976023E+0	1.001079E-3	2.63E+1    	50.00     	10610.06	23.2 	32.7 	3.972889E+0	9.816450E-7 	2.002223E+7	5.014313E+3	-1.598873E+0	2.700617E-4 	3.976023E+0	3.972889E+0
50.0    	219     	4.184556E+0	5.951658E-4	2.49E+1    	50.00     	10612.64	23.2 	32.7 	4.180853E+0	4.075733E-7 	1.902537E+7	2.804164E+3	-1.600547E+0	2.444040E-4 	4.184556E+0	4.180853E+0
50.0    	220     	3.975424E+0	1.842880E-3	2.44E+1    	50.00     	10615.20	23.2 	32.7 	3.972482E+0	3.350911E-6 	2.002477E+7	9.255449E+3	-1.598003E+0	5.507571E-5 	3.975424E+0	3.972482E+0
50.0    	221     	4.199599E+0	1.873696E-3	2.55E+1    	50.00     	10617.78	23.2 	32.7 	4.195979E+0	3.568255E-6 	1.895700E+7	8.492349E+3	-1.600160E+0	2.954657E-4 	4.199599E+0	4.195979E+0
50.0    	222     	1.111959E+0	1.065209E-3	2.47E+1    	50.00     	10620.36	23.2 	32.7 	1.107903E+0	7.130532E-7 	7.169603E+7	6.158647E+4	-1.510380E+0	1.702733E-3 	1.111959E+0	1.107903E+0
50.0    	223     	4.185914E+0	1.820320E-3	2.73E+1    	50.00     	10622.93	23.2 	32.7 	4.182149E+0	3.194035E-6 	1.901933E+7	8.195324E+3	-1.600793E+0	3.403430E-4 	4.185914E+0	4.182149E+0
50.0    	224     	4.211293E+0	1.407732E-4	2.80E+1    	50.00     	10625.51	23.2 	32.7 	4.208253E+0	4.847565E-8 	1.890303E+7	8.020806E+2	-1.597663E+0	4.209909E-4 	4.211293E+0	4.208253E+0
50.0    	225     	4.205167E+0	4.843551E-4	2.58E+1    	50.00     	10628.09	23.2 	32.7 	4.202193E+0	2.089210E-7 	1.893043E+7	2.119748E+3	-1.597393E+0	1.250333E-4 	4.205167E+0	4.202193E+0
50.0    	226     	3.979723E+0	2.486474E-3	2.54E+1    	50.00     	10630.65	23.2 	32.7 	3.976541E+0	5.859676E-6 	2.000373E+7	1.234112E+4	-1.599077E+0	2.914332E-4 	3.979723E+0	3.976541E+0
50.0    	227     	4.184043E+0	9.831747E-4	3.04E+1    	50.00     	10633.21	23.2 	32.7 	4.180969E+0	7.737458E-7 	1.902627E+7	4.235957E+3	-1.597903E+0	4.701418E-4 	4.184043E+0	4.180969E+0
50.0    	228     	3.973597E+0	7.640789E-4	2.59E+1    	50.00     	10635.81	23.2 	32.7 	3.970553E+0	6.481870E-7 	2.003423E+7	3.957693E+3	-1.598480E+0	1.946792E-4 	3.973597E+0	3.970553E+0
50.0    	229     	4.209289E+0	1.579864E-3	2.63E+1    	50.00     	10638.39	23.2 	32.7 	4.204768E+0	2.435472E-6 	1.891537E+7	7.061397E+3	-1.603577E+0	7.505553E-5 	4.209289E+0	4.204768E+0
50.0    	230     	4.050477E+0	1.820735E-3	2.81E+1    	50.00     	10640.93	23.2 	32.7 	4.040071E+0	3.305280E-6 	1.967173E+7	8.848917E+3	-1.621503E+0	8.326664E-5 	4.050477E+0	4.040071E+0
50.0    	231     	3.551730E+0	4.460970E-3	2.56E+1    	50.00     	10643.50	23.2 	32.7 	3.142805E+0	6.912703E-5 	2.381840E+7	4.646816E+4	-1.224610E+0	1.925954E-3 	3.551730E+0	3.142805E+0
50.0    	232     	4.048657E+0	5.144951E-4	2.59E+1    	50.00     	10646.08	23.2 	32.7 	4.038340E+0	1.530276E-7 	1.968037E+7	2.196209E+3	-1.621297E+0	3.507611E-4 	4.048657E+0	4.038340E+0
50.0    	233     	3.976326E+0	7.850341E-4	2.44E+1    	50.00     	10648.64	23.2 	32.7 	3.973340E+0	6.139616E-7 	2.002033E+7	3.950105E+3	-1.598203E+0	1.234234E-4 	3.976326E+0	3.973340E+0
50.0    	234     	4.185437E+0	6.188504E-4	2.54E+1    	50.00     	10651.24	23.2 	32.7 	4.181906E+0	4.474771E-7 	1.902097E+7	2.926317E+3	-1.599847E+0	2.470493E-4 	4.185437E+0	4.181906E+0
50.0    	235     	1.235357E+0	1.780374E-3	3.31E+1    	50.00     	10653.78	23.2 	32.7 	1.234156E+0	2.977143E-6 	6.444800E+7	9.151432E+4	-1.539623E+0	9.420368E-4 	1.235357E+0	1.234156E+0
50.0    	236     	4.186530E+0	6.042195E-4	2.64E+1    	50.00     	10656.37	23.2 	32.7 	4.182954E+0	3.513231E-7 	1.901610E+7	2.718455E+3	-1.600027E+0	1.365040E-4 	4.186530E+0	4.182954E+0
50.0    	237     	3.968202E+0	9.669073E-4	2.73E+1    	50.00     	10658.95	23.2 	32.7 	3.965072E+0	9.899227E-7 	2.006170E+7	4.956813E+3	-1.598883E+0	3.617089E-4 	3.968202E+0	3.965072E+0
50.0    	238     	4.188039E+0	7.378103E-4	2.50E+1    	50.00     	10661.51	23.2 	32.7 	4.184396E+0	4.548711E-7 	1.900940E+7	3.204684E+3	-1.600290E+0	3.061046E-4 	4.188039E+0	4.184396E+0
50.0    	239     	3.982216E+0	4.009328E-4	2.50E+1    	50.00     	10664.09	23.2 	32.7 	3.979168E+0	1.461617E-7 	1.999087E+7	1.962991E+3	-1.598463E+0	2.307235E-4 	3.982216E+0	3.979168E+0
50.0    	240     	4.207239E+0	1.199092E-3	2.57E+1    	50.00     	10666.66	23.2 	32.7 	4.204372E+0	1.413856E-6 	1.892087E+7	5.368737E+3	-1.596903E+0	3.189566E-4 	4.207239E+0	4.204372E+0
50.0    	241     	4.434533E+0	2.821905E-3	2.38E+1    	50.00     	10669.24	23.2 	32.7 	4.431875E+0	8.085925E-6 	1.795033E+7	1.146749E+4	-1.595280E+0	1.664332E-4 	4.434533E+0	4.431875E+0
50.0    	242     	4.214646E+0	9.842727E-4	2.43E+1    	50.00     	10671.81	23.2 	32.7 	4.211779E+0	9.219075E-7 	1.888760E+7	4.357752E+3	-1.596880E+0	1.734935E-4 	4.214646E+0	4.211779E+0
50.0    	243     	4.208169E+0	1.835209E-3	2.76E+1    	50.00     	10674.37	23.2 	32.7 	4.205399E+0	3.492048E-6 	1.891647E+7	8.329066E+3	-1.596457E+0	2.510644E-4 	4.208169E+0	4.205399E+0
50.0    	244     	4.440269E+0	1.369442E-3	2.57E+1    	50.00     	10676.93	23.2 	32.7 	4.436062E+0	1.978130E-6 	1.793027E+7	5.604760E+3	-1.601580E+0	2.981610E-4 	4.440269E+0	4.436062E+0
50.0    	245     	1.275827E+0	3.494176E-3	2.48E+1    	50.00     	10679.52	23.2 	32.7 	1.237742E+0	4.737448E-6 	6.332580E+7	1.422293E+5	-1.397170E+0	2.950102E-3 	1.275827E+0	1.237742E+0
50.0    	246     	4.457385E+0	2.844141E-4	2.80E+1    	50.00     	10682.09	23.2 	32.7 	4.453218E+0	1.040769E-7 	1.786130E+7	1.216553E+3	-1.601377E+0	1.474223E-4 	4.457385E+0	4.453218E+0
50.0    	247     	4.290977E+0	1.751386E-3	2.84E+1    	50.00     	10684.66	23.2 	32.7 	4.282078E+0	3.038921E-6 	1.856457E+7	7.569236E+3	-1.616353E+0	1.154701E-5 	4.290977E+0	4.282078E+0
50.0    	248     	4.206439E+0	6.633735E-4	2.74E+1    	50.00     	10687.23	23.2 	32.7 	4.203645E+0	5.261807E-7 	1.892430E+7	3.124100E+3	-1.596573E+0	3.153305E-4 	4.206439E+0	4.203645E+0
50.0    	249     	4.203585E+0	3.120703E-4	2.55E+1    	50.00     	10689.80	23.2 	32.7 	4.200725E+0	9.273228E-8 	1.893730E+7	1.389244E+3	-1.596883E+0	4.041452E-5 	4.203585E+0	4.200725E+0
50.0    	250     	4.214896E+0	2.165026E-3	2.45E+1    	50.00     	10692.36	23.2 	32.7 	4.212081E+0	4.354336E-6 	1.888637E+7	9.526979E+3	-1.596640E+0	3.538361E-4 	4.214896E+0	4.212081E+0
50.0    	251     	4.415562E+0	8.500795E-4	2.42E+1    	50.00     	10694.93	23.2 	32.7 	4.412387E+0	8.595962E-7 	1.802853E+7	3.629509E+3	-1.597613E+0	3.365016E-4 	4.415562E+0	4.412387E+0
50.0    	252     	4.198880E+0	1.579062E-3	2.52E+1    	50.00     	10697.51	23.2 	32.7 	4.195974E+0	2.547531E-6 	1.895863E+7	7.166822E+3	-1.597103E+0	5.462905E-4 	4.198880E+0	4.195974E+0
50.0    	253     	4.202259E+0	3.168557E-4	2.55E+1    	50.00     	10700.10	23.2 	32.7 	4.199404E+0	1.332149E-7 	1.894327E+7	1.537314E+3	-1.596863E+0	2.214347E-4 	4.202259E+0	4.199404E+0
50.0    	254     	4.209559E+0	4.243587E-4	2.62E+1    	50.00     	10702.67	23.2 	32.7 	4.206767E+0	1.969907E-7 	1.891027E+7	1.950214E+3	-1.596553E+0	1.289703E-4 	4.209559E+0	4.206767E+0
50.0    	255     	4.208899E+0	1.894404E-3	2.56E+1    	50.00     	10705.23	23.2 	32.7 	4.206077E+0	3.316188E-6 	1.891330E+7	8.351647E+3	-1.596690E+0	3.318132E-4 	4.208899E+0	4.206077E+0
50.0    	256     	4.436125E+0	1.349807E-3	2.82E+1    	50.00     	10707.81	23.2 	32.7 	4.433576E+0	1.748616E-6 	1.794367E+7	5.404936E+3	-1.594767E+0	2.750152E-4 	4.436125E+0	4.433576E+0
50.0    	257     	5.638105E+0	3.219419E-4	2.51E+1    	50.00     	10710.39	23.2 	32.7 	5.636127E+0	1.104884E-7 	1.411670E+7	8.185353E+2	-1.589527E+0	1.457166E-4 	5.638105E+0	5.636127E+0
50.0    	258     	8.096982E+0	1.002662E-3	2.74E+1    	50.00     	10712.95	23.2 	32.7 	8.096028E+0	1.031515E-6 	9.828620E+6	1.225031E+3	-1.581653E+0	8.962886E-5 	8.096982E+0	8.096028E+0
50.0    	259     	1.125552E+1	4.870400E-4	2.44E+1    	50.00     	10715.53	23.2 	32.7 	1.125523E+1	2.233096E-7 	7.070173E+6	3.013857E+2	-1.575897E+0	1.361372E-4 	1.125552E+1	1.125523E+1
50.0    	260     	2.370362E+1	9.054954E-4	2.48E+1    	50.00     	10718.11	23.2 	32.7 	2.370276E+1	8.284658E-7 	3.357247E+6	1.285820E+2	-1.564773E+0	2.081666E-5 	2.370362E+1	2.370276E+1
50.0    	261     	2.821369E+1	1.340063E-3	2.76E+1    	50.00     	10720.69	23.2 	32.7 	2.821162E+1	1.706241E-6 	2.820630E+6	1.322876E+2	-1.562233E+0	7.094599E-5 	2.821369E+1	2.821162E+1
50.0    	262     	3.431428E+1	1.504430E-3	2.37E+1    	50.00     	10723.26	23.2 	32.7 	3.430967E+1	2.173160E-6 	2.319233E+6	1.006645E+2	-1.559200E+0	4.358899E-5 	3.431428E+1	3.430967E+1
50.0    	263     	5.030316E+1	4.700119E-4	2.79E+1    	50.00     	10725.88	23.2 	32.7 	5.028500E+1	2.511370E-7 	1.582243E+6	1.527525E+1	-1.551790E+0	1.732051E-5 	5.030316E+1	5.028500E+1
50.0    	264     	1.102589E+2	1.572025E-3	2.48E+1    	50.00     	10728.40	23.2 	32.7 	1.100457E+2	3.155357E-6 	7.224317E+5	1.096966E+1	-1.526800E+0	2.645751E-5 	1.102589E+2	1.100457E+2
55.0    	1       	4.455150E+0	1.751793E-3	7.45E+1    	55.00     	10760.34	23.2 	32.7 	4.452329E+0	2.876461E-6 	1.786757E+7	6.915442E+3	-1.595960E+0	2.685144E-4 	4.455150E+0	4.452329E+0
55.0    	2       	4.532445E+0	9.506484E-4	2.46E+1    	55.00     	10762.92	23.2 	32.7 	4.529845E+0	9.164193E-7 	1.756233E+7	3.695042E+3	-1.594750E+0	3.517101E-4 	4.532445E+0	4.529845E+0
55.0    	3       	5.856464E-1	1.696465E-3	2.68E+1    	55.00     	10765.52	23.2 	32.7 	5.432690E-1	3.183014E-6 	1.410807E+8	4.025026E+5	-1.843127E+0	4.288314E-3 	5.856464E-1	5.432690E-1
55.0    	4       	4.768977E+0	1.246051E-3	2.78E+1    	55.00     	10768.10	23.2 	32.7 	4.766341E+0	1.635408E-6 	1.669110E+7	4.417013E+3	-1.594307E+0	3.693688E-4 	4.768977E+0	4.766341E+0
55.0    	5       	1.169595E+0	5.160054E-4	2.67E+1    	55.00     	10770.67	23.2 	32.7 	1.166902E+0	2.218203E-7 	6.811697E+7	2.850725E+4	-1.618787E+0	1.246047E-3 	1.169595E+0	1.166902E+0
55.0    	6       	4.480180E+0	2.288988E-3	2.60E+1    	55.00     	10773.25	23.2 	32.7 	4.476962E+0	5.216779E-6 	1.776850E+7	9.070281E+3	-1.597603E+0	7.094599E-5 	4.480180E+0	4.476962E+0
55.0    	7       	4.216474E+0	4.742915E-4	2.40E+1    	55.00     	10775.82	23.2 	32.7 	4.213448E+0	1.946172E-7 	1.887977E+7	2.050203E+3	-1.597587E+0	1.457166E-4 	4.216474E+0	4.213448E+0
55.0    	8       	4.222152E+0	8.218086E-4	2.47E+1    	55.00     	10778.39	23.2 	32.7 	4.219216E+0	6.992302E-7 	1.885417E+7	3.700450E+3	-1.597170E+0	2.749545E-4 	4.222152E+0	4.219216E+0
55.0    	9       	4.196258E+0	1.161763E-3	2.72E+1    	55.00     	10780.99	23.2 	32.7 	4.193154E+0	1.069904E-6 	1.897093E+7	4.965212E+3	-1.597993E+0	5.519360E-4 	4.196258E+0	4.193154E+0
55.0    	10      	4.503505E+0	2.827420E-3	2.77E+1    	55.00     	10783.56	23.2 	32.7 	4.484024E+0	6.615540E-6 	1.770847E+7	1.063689E+4	-1.636613E+0	4.534681E-4 	4.503505E+0	4.484024E+0
55.0    	11      	3.696596E+0	4.898510E-2	2.55E+1    	55.00     	10786.14	23.2 	32.7 	3.088756E+0	5.354045E-3 	2.355597E+7	4.386569E+5	-1.153247E+0	1.178493E-2 	3.696596E+0	3.088756E+0
55.0    	12      	1.913171E+0	6.666172E-3	2.45E+1    	55.00     	10788.72	23.2 	32.7 	1.912578E+0	3.973487E-5 	4.160130E+7	1.408908E+5	-1.553737E+0	5.275664E-3 	1.913171E+0	1.912578E+0
55.0    	13      	4.392073E+0	1.099695E-3	3.32E+1    	55.00     	10791.27	23.2 	32.7 	4.387842E+0	1.354388E-6 	1.812717E+7	4.670475E+3	-1.601837E+0	3.601851E-4 	4.392073E+0	4.387842E+0
55.0    	14      	4.220825E+0	1.611283E-3	2.51E+1    	55.00     	10793.86	23.2 	32.7 	4.217679E+0	2.590256E-6 	1.886057E+7	7.197453E+3	-1.598100E+0	1.000000E-5 	4.220825E+0	4.217679E+0
55.0    	15      	4.233145E+0	1.528714E-3	2.74E+1    	55.00     	10796.40	23.2 	32.7 	4.229949E+0	2.456477E-6 	1.880577E+7	6.880649E+3	-1.598280E+0	2.137756E-4 	4.233145E+0	4.229949E+0
55.0    	16      	4.451248E+0	1.393436E-4	2.84E+1    	55.00     	10798.98	23.2 	32.7 	4.448476E+0	3.698826E-8 	1.788313E+7	6.658328E+2	-1.595757E+0	2.484619E-4 	4.451248E+0	4.448476E+0
55.0    	17      	4.186912E+0	1.228246E-3	2.56E+1    	55.00     	10801.57	23.2 	32.7 	4.183805E+0	1.506387E-6 	1.901330E+7	5.574944E+3	-1.598040E+0	3.874274E-4 	4.186912E+0	4.183805E+0
55.0    	18      	3.956050E+0	1.954519E-3	2.64E+1    	55.00     	10804.14	23.2 	32.7 	3.952521E+0	3.644272E-6 	2.012437E+7	9.833277E+3	-1.600667E+0	2.596793E-4 	3.956050E+0	3.952521E+0
55.0    	19      	4.237023E+0	1.410324E-3	2.84E+1    	55.00     	10806.70	23.2 	32.7 	4.235231E+0	1.986287E-6 	1.878543E+7	6.252466E+3	-1.591367E+0	5.507571E-5 	4.237023E+0	4.235231E+0
55.0    	20      	3.944612E+0	1.219809E-3	3.24E+1    	55.00     	10809.25	23.2 	32.7 	3.941075E+0	1.307493E-6 	2.018277E+7	6.048416E+3	-1.600743E+0	3.647373E-4 	3.944612E+0	3.941075E+0
55.0    	21      	4.182056E+0	1.619073E-3	2.52E+1    	55.00     	10811.84	23.2 	32.7 	4.178328E+0	2.457011E-6 	1.903680E+7	7.254654E+3	-1.600657E+0	2.030599E-4 	4.182056E+0	4.178328E+0
55.0    	22      	3.944010E+0	5.060243E-4	2.53E+1    	55.00     	10814.41	23.2 	32.7 	3.940413E+0	2.414696E-7 	2.018600E+7	2.553429E+3	-1.600997E+0	6.806859E-5 	3.944010E+0	3.940413E+0
55.0    	23      	3.938278E+0	6.554935E-4	2.90E+1    	55.00     	10816.98	23.2 	32.7 	3.934821E+0	4.317369E-7 	2.021503E+7	3.365016E+3	-1.600427E+0	3.066486E-4 	3.938278E+0	3.934821E+0
55.0    	24      	3.936663E+0	1.189098E-3	2.74E+1    	55.00     	10819.54	23.2 	32.7 	3.933075E+0	1.326684E-6 	2.022367E+7	6.013596E+3	-1.600990E+0	2.523886E-4 	3.936663E+0	3.933075E+0
55.0    	25      	4.132799E+0	1.682378E-3	2.81E+1    	55.00     	10822.14	23.2 	32.7 	4.119683E+0	2.382567E-6 	1.928573E+7	7.536799E+3	-1.627160E+0	2.868798E-4 	4.132799E+0	4.119683E+0
55.0    	26      	1.955001E+0	4.659661E-3	2.51E+1    	55.00     	10824.70	23.2 	32.6 	1.615285E+0	5.238455E-6 	4.478093E+7	8.397150E+4	-1.140817E+0	1.252611E-3 	1.955001E+0	1.615285E+0
55.0    	27      	4.233295E+0	6.441111E-4	2.75E+1    	55.00     	10827.27	23.2 	32.7 	4.210790E+0	3.539499E-7 	1.884817E+7	2.753785E+3	-1.643773E+0	1.985783E-4 	4.233295E+0	4.210790E+0
55.0    	28      	4.127411E+0	1.514954E-3	2.48E+1    	55.00     	10829.85	23.2 	32.6 	4.122580E+0	2.313516E-6 	1.929153E+7	7.100235E+3	-1.605013E+0	3.055050E-5 	4.127411E+0	4.122580E+0
55.0    	29      	3.933982E+0	3.570847E-4	2.54E+1    	55.00     	10832.40	23.2 	32.7 	3.930441E+0	2.115019E-7 	2.023733E+7	2.100794E+3	-1.600800E+0	4.563989E-4 	3.933982E+0	3.930441E+0
55.0    	30      	3.929596E+0	1.062946E-3	2.48E+1    	55.00     	10834.98	23.2 	32.7 	3.926042E+0	1.366111E-6 	2.025997E+7	5.755287E+3	-1.600873E+0	4.534681E-4 	3.929596E+0	3.926042E+0
55.0    	31      	3.942405E+0	1.425395E-3	2.39E+1    	55.00     	10837.54	23.2 	32.7 	3.938882E+0	2.102618E-6 	2.019403E+7	7.366365E+3	-1.600697E+0	1.422439E-4 	3.942405E+0	3.938882E+0
55.0    	32      	4.179531E+0	1.259637E-3	2.71E+1    	55.00     	10840.12	23.2 	32.6 	4.176376E+0	1.651672E-6 	1.904700E+7	5.800000E+3	-1.598277E+0	2.200757E-4 	4.179531E+0	4.176376E+0
55.0    	33      	4.179962E+0	1.487986E-4	2.43E+1    	55.00     	10842.70	23.2 	32.6 	4.176706E+0	3.638736E-8 	1.904527E+7	7.371115E+2	-1.598707E+0	4.801389E-4 	4.179962E+0	4.176706E+0
55.0    	34      	3.939724E+0	1.911472E-4	2.74E+1    	55.00     	10845.26	23.2 	32.7 	3.936297E+0	2.590337E-8 	2.020753E+7	9.018500E+2	-1.600290E+0	1.558846E-4 	3.939724E+0	3.936297E+0
55.0    	35      	3.932243E+0	3.081178E-4	2.53E+1    	55.00     	10847.83	23.2 	32.6 	3.928633E+0	7.620013E-8 	2.024647E+7	1.504438E+3	-1.601103E+0	1.357694E-4 	3.932243E+0	3.928633E+0
55.0    	36      	3.940773E+0	7.958321E-4	2.39E+1    	55.00     	10850.41	23.2 	32.6 	3.937236E+0	6.341203E-7 	2.020243E+7	4.080850E+3	-1.600760E+0	2.286919E-4 	3.940773E+0	3.937236E+0
55.0    	37      	4.125280E+0	1.503908E-3	2.90E+1    	55.00     	10852.97	23.2 	32.6 	4.115688E+0	2.278393E-6 	1.931267E+7	7.057148E+3	-1.619033E+0	2.315887E-4 	4.125280E+0	4.115688E+0
55.0    	38      	3.933918E+0	1.339641E-3	2.75E+1    	55.00     	10855.54	23.2 	32.6 	3.931322E+0	1.801635E-6 	2.023523E+7	6.900966E+3	-1.596490E+0	5.567764E-5 	3.933918E+0	3.931322E+0
55.0    	39      	3.938892E+0	1.590588E-3	2.64E+1    	55.00     	10858.11	23.2 	32.6 	3.935286E+0	2.628874E-6 	2.021227E+7	8.243988E+3	-1.601057E+0	1.379613E-4 	3.938892E+0	3.935286E+0
55.0    	40      	3.952408E+0	5.320997E-4	2.76E+1    	55.00     	10860.69	23.2 	32.6 	3.945346E+0	2.163796E-7 	2.015193E+7	2.542309E+3	-1.613077E+0	2.300725E-4 	3.952408E+0	3.945346E+0
55.0    	41      	3.819924E+0	1.223961E-3	2.57E+1    	55.00     	10863.28	23.2 	32.6 	3.749004E+0	2.047603E-6 	2.102833E+7	6.830325E+3	-1.434117E+0	9.932942E-4 	3.819924E+0	3.749004E+0
55.0    	42      	4.146464E+0	2.053053E-4	2.51E+1    	55.00     	10865.86	23.2 	32.6 	4.134225E+0	1.097371E-7 	1.922003E+7	1.242310E+3	-1.625150E+0	2.954657E-4 	4.146464E+0	4.134225E+0
55.0    	43      	3.937674E+0	9.696420E-4	2.45E+1    	55.00     	10868.42	23.2 	32.6 	3.934231E+0	9.173447E-7 	2.021810E+7	4.950758E+3	-1.600367E+0	6.506407E-5 	3.937674E+0	3.934231E+0
55.0    	44      	3.934540E+0	1.656504E-3	2.50E+1    	55.00     	10870.98	23.2 	32.6 	3.931115E+0	2.798350E-6 	2.023417E+7	8.562904E+3	-1.600307E+0	8.736895E-5 	3.934540E+0	3.931115E+0
55.0    	45      	3.939894E+0	1.259819E-3	2.49E+1    	55.00     	10873.54	23.2 	32.6 	3.936465E+0	1.838298E-6 	2.020667E+7	6.709198E+3	-1.600300E+0	5.237366E-4 	3.939894E+0	3.936465E+0
55.0    	46      	3.927902E+0	1.982893E-4	2.64E+1    	55.00     	10876.14	23.2 	32.6 	3.924261E+0	1.783015E-8 	2.026893E+7	8.504901E+2	-1.601247E+0	3.153305E-4 	3.927902E+0	3.924261E+0
55.0    	47      	3.929764E+0	7.493270E-4	2.80E+1    	55.00     	10878.70	23.2 	32.6 	3.926068E+0	5.458498E-7 	2.025947E+7	3.837100E+3	-1.601470E+0	1.473092E-4 	3.929764E+0	3.926068E+0
55.0    	48      	4.172628E+0	1.546552E-3	2.64E+1    	55.00     	10881.29	23.2 	32.7 	4.169512E+0	2.411210E-6 	1.907843E+7	7.086842E+3	-1.598127E+0	1.504438E-4 	4.172628E+0	4.169512E+0
55.0    	49      	4.217854E+0	6.235211E-4	2.91E+1    	55.00     	10883.83	23.2 	32.6 	4.214852E+0	4.050610E-7 	1.887353E+7	2.818392E+3	-1.597480E+0	2.078461E-4 	4.217854E+0	4.214852E+0
55.0    	50      	3.936180E+0	3.000262E-4	2.45E+1    	55.00     	10886.42	23.2 	32.7 	3.932404E+0	7.178209E-8 	2.022663E+7	1.457166E+3	-1.601777E+0	1.939931E-4 	3.936180E+0	3.932404E+0
55.0    	51      	3.933315E+0	9.228351E-4	2.87E+1    	55.00     	10888.99	23.2 	32.6 	3.929749E+0	8.873847E-7 	2.024083E+7	4.800347E+3	-1.600910E+0	9.539392E-5 	3.933315E+0	3.929749E+0
55.0    	52      	4.111173E+0	6.015887E-4	2.44E+1    	55.00     	10891.56	23.2 	32.7 	4.101064E+0	4.467411E-7 	1.938023E+7	2.993883E+3	-1.620403E+0	2.193931E-4 	4.111173E+0	4.101064E+0
55.0    	53      	2.191674E+0	1.857843E-2	2.85E+1    	55.00     	10894.14	23.2 	32.6 	1.654178E+0	1.203124E-4 	4.179533E+7	3.168692E+5	-1.052717E+0	1.648525E-3 	2.191674E+0	1.654178E+0
55.0    	54      	4.117202E+0	1.344819E-3	2.47E+1    	55.00     	10896.72	23.2 	32.7 	4.107469E+0	1.840894E-6 	1.935093E+7	6.351640E+3	-1.619437E+0	2.324507E-4 	4.117202E+0	4.107469E+0
55.0    	55      	3.939430E+0	1.335941E-3	2.61E+1    	55.00     	10899.30	23.2 	32.7 	3.935813E+0	1.533652E-6 	2.020953E+7	6.606310E+3	-1.601100E+0	4.058325E-4 	3.939430E+0	3.935813E+0
55.0    	56      	3.940364E+0	1.294697E-3	2.43E+1    	55.00     	10901.86	23.2 	32.6 	3.935269E+0	1.700626E-6 	2.020853E+7	6.668083E+3	-1.606763E+0	4.163332E-5 	3.940364E+0	3.935269E+0
55.0    	57      	3.957843E+0	1.040678E-3	2.78E+1    	55.00     	10904.43	23.2 	32.7 	3.947643E+0	1.068191E-6 	2.013223E+7	5.281414E+3	-1.621583E+0	6.350853E-5 	3.957843E+0	3.947643E+0
55.0    	58      	3.934180E+0	2.111603E-3	2.62E+1    	55.00     	10907.00	23.2 	32.7 	3.930672E+0	4.548531E-6 	2.023623E+7	1.092261E+4	-1.600660E+0	1.000000E-4 	3.934180E+0	3.930672E+0
55.0    	59      	3.928808E+0	1.257618E-3	2.53E+1    	55.00     	10909.59	23.2 	32.7 	3.925150E+0	1.474853E-6 	2.026430E+7	6.378871E+3	-1.601313E+0	2.084067E-4 	3.928808E+0	3.925150E+0
55.0    	60      	3.935570E+0	1.215534E-3	2.68E+1    	55.00     	10912.16	23.2 	32.7 	3.931886E+0	1.169015E-6 	2.022953E+7	5.904518E+3	-1.601393E+0	5.727419E-4 	3.935570E+0	3.931886E+0
55.0    	61      	4.225705E+0	1.867298E-3	2.83E+1    	55.00     	10914.72	23.2 	32.6 	4.222445E+0	3.454443E-6 	1.883903E+7	8.308028E+3	-1.598577E+0	3.426855E-4 	4.225705E+0	4.222445E+0
55.0    	62      	4.226465E+0	9.848037E-4	2.49E+1    	55.00     	10917.31	23.2 	32.6 	4.223448E+0	9.958481E-7 	1.883510E+7	4.417013E+3	-1.597513E+0	2.676440E-4 	4.226465E+0	4.223448E+0
55.0    	63      	3.936334E+0	4.158716E-4	2.46E+1    	55.00     	10919.87	23.2 	32.7 	3.932846E+0	1.285201E-7 	2.022510E+7	1.967232E+3	-1.600563E+0	5.553677E-4 	3.936334E+0	3.932846E+0
55.0    	64      	4.372041E+0	1.274773E-3	2.84E+1    	55.00     	10922.45	23.2 	32.7 	4.368096E+0	1.621171E-6 	1.820967E+7	5.307856E+3	-1.600840E+0	1.562050E-4 	4.372041E+0	4.368096E+0
55.0    	65      	4.232526E+0	1.707911E-4	2.75E+1    	55.00     	10925.02	23.2 	32.7 	4.229427E+0	2.377898E-8 	1.880830E+7	7.211103E+2	-1.597857E+0	1.101514E-4 	4.232526E+0	4.229427E+0
55.0    	66      	3.932945E+0	2.084133E-3	2.46E+1    	55.00     	10927.61	23.2 	32.6 	3.929499E+0	4.055193E-6 	2.024243E+7	1.055004E+4	-1.600400E+0	3.157531E-4 	3.932945E+0	3.929499E+0
55.0    	67      	3.948768E+0	2.018213E-3	2.56E+1    	55.00     	10930.17	23.2 	32.6 	3.945211E+0	4.036320E-6 	2.016157E+7	1.028121E+4	-1.600813E+0	3.008876E-4 	3.948768E+0	3.945211E+0
55.0    	68      	3.940062E+0	9.698794E-4	2.52E+1    	55.00     	10932.74	23.2 	32.6 	3.936557E+0	9.223625E-7 	2.020600E+7	4.950758E+3	-1.600627E+0	1.250333E-4 	3.940062E+0	3.936557E+0
55.0    	69      	4.118841E+0	5.464600E-3	2.83E+1    	55.00     	10935.32	23.2 	32.7 	4.109497E+0	3.428852E-5 	1.934233E+7	2.660006E+4	-1.618437E+0	1.073608E-3 	4.118841E+0	4.109497E+0
55.0    	70      	3.938882E+0	1.862950E-3	2.58E+1    	55.00     	10937.90	23.2 	32.6 	3.935451E+0	3.107840E-6 	2.021187E+7	9.305017E+3	-1.600310E+0	5.602678E-4 	3.938882E+0	3.935451E+0
55.0    	71      	3.940094E+0	1.908099E-3	2.50E+1    	55.00     	10940.47	23.2 	32.7 	3.934735E+0	3.761235E-6 	2.021060E+7	9.877247E+3	-1.607683E+0	1.305118E-4 	3.940094E+0	3.934735E+0
55.0    	72      	3.896594E+0	3.878678E-4	2.60E+1    	55.00     	10943.05	23.2 	32.7 	3.883506E+0	4.001194E-7 	2.045670E+7	2.621068E+3	-1.512813E+0	7.343251E-4 	3.896594E+0	3.883506E+0
55.0    	73      	3.887196E+0	1.073390E-3	2.70E+1    	55.00     	10945.64	23.2 	32.7 	3.858979E+0	4.411972E-6 	2.054640E+7	8.414868E+3	-1.485503E+0	1.593748E-3 	3.887196E+0	3.858979E+0
55.0    	74      	3.943758E+0	2.840699E-3	3.09E+1    	55.00     	10948.19	23.2 	32.7 	3.937819E+0	9.383369E-6 	2.019330E+7	1.512250E+4	-1.609607E+0	7.665725E-4 	3.943758E+0	3.937819E+0
55.0    	75      	3.933277E+0	2.025388E-3	2.56E+1    	55.00     	10950.78	23.2 	32.6 	3.929982E+0	4.598831E-6 	2.024033E+7	1.073421E+4	-1.599737E+0	6.069871E-4 	3.933277E+0	3.929982E+0
55.0    	76      	4.221016E+0	3.075906E-3	2.75E+1    	55.00     	10953.33	23.2 	32.6 	4.218430E+0	9.903695E-6 	1.885847E+7	1.391127E+4	-1.595547E+0	3.682843E-4 	4.221016E+0	4.218430E+0
55.0    	77      	5.798897E-1	1.499998E-3	2.70E+1    	55.00     	10955.90	23.2 	32.6 	5.461970E-1	1.326413E-6 	1.413983E+8	3.129702E+5	-1.814220E+0	3.284570E-3 	5.798897E-1	5.461970E-1
55.0    	78      	5.845109E-1	2.288248E-3	2.61E+1    	55.00     	10958.48	23.2 	32.6 	5.508233E-1	3.437233E-6 	1.402463E+8	5.103345E+5	-1.813230E+0	1.231219E-3 	5.845109E-1	5.508233E-1
55.0    	79      	4.438966E+0	2.906847E-3	2.63E+1    	55.00     	10961.05	23.2 	32.6 	4.435617E+0	7.354520E-6 	1.793380E+7	1.134769E+4	-1.598260E+0	9.250405E-4 	4.438966E+0	4.435617E+0
55.0    	80      	1.576596E+0	1.535880E-3	2.85E+1    	55.00     	10963.62	23.2 	32.6 	1.574657E+0	2.221669E-6 	5.050533E+7	4.848147E+4	-1.535733E+0	1.177172E-3 	1.576596E+0	1.574657E+0
55.0    	81      	4.214366E+0	2.500331E-4	2.81E+1    	55.00     	10966.20	23.2 	32.6 	4.211197E+0	9.582964E-8 	1.888953E+7	1.250333E+3	-1.598217E+0	3.280752E-4 	4.214366E+0	4.211197E+0
55.0    	82      	3.962037E+0	1.309627E-3	2.66E+1    	55.00     	10968.78	23.2 	32.6 	3.958341E+0	1.544160E-6 	2.009437E+7	6.473278E+3	-1.601343E+0	3.564174E-4 	3.962037E+0	3.958341E+0
55.0    	83      	3.959329E+0	1.276270E-3	3.30E+1    	55.00     	10971.33	23.2 	32.6 	3.955954E+0	1.564873E-6 	2.010730E+7	6.421059E+3	-1.600000E+0	1.058301E-4 	3.959329E+0	3.955954E+0
55.0    	84      	3.995418E+0	2.358047E-3	2.52E+1    	55.00     	10973.92	23.2 	32.6 	3.991951E+0	5.874866E-6 	1.992583E+7	1.192742E+4	-1.600257E+0	3.338163E-4 	3.995418E+0	3.991951E+0
55.0    	85      	3.961537E+0	1.117117E-3	2.96E+1    	55.00     	10976.47	23.2 	32.6 	3.958249E+0	1.304105E-6 	2.009587E+7	5.732655E+3	-1.599613E+0	1.588500E-4 	3.961537E+0	3.958249E+0
55.0    	86      	3.964441E+0	8.026558E-4	2.50E+1    	55.00     	10979.06	23.2 	32.6 	3.961195E+0	6.579139E-7 	2.008103E+7	4.085748E+3	-1.599413E+0	2.970410E-4 	3.964441E+0	3.961195E+0
55.0    	87      	3.982570E+0	6.207372E-4	3.21E+1    	55.00     	10981.61	23.2 	32.6 	3.979358E+0	3.894193E-7 	1.998950E+7	3.124100E+3	-1.599200E+0	1.252996E-4 	3.982570E+0	3.979358E+0
55.0    	88      	3.988121E+0	6.578710E-4	2.67E+1    	55.00     	10984.20	23.2 	32.6 	3.983140E+0	3.460118E-7 	1.996610E+7	3.119295E+3	-1.606143E+0	2.800595E-4 	3.988121E+0	3.983140E+0
55.0    	89      	3.987256E+0	7.045873E-4	2.88E+1    	55.00     	10986.78	23.2 	32.6 	3.981929E+0	3.973828E-7 	1.997130E+7	3.345146E+3	-1.607353E+0	2.650157E-4 	3.987256E+0	3.981929E+0
55.0    	90      	3.976917E+0	1.801092E-3	2.86E+1    	55.00     	10989.36	23.2 	32.6 	3.973795E+0	3.290429E-6 	2.001770E+7	9.103296E+3	-1.598817E+0	1.209683E-4 	3.976917E+0	3.973795E+0
55.0    	91      	3.965630E+0	9.915857E-4	3.06E+1    	55.00     	10991.91	23.2 	32.6 	3.962402E+0	9.619060E-7 	2.007497E+7	4.994330E+3	-1.599330E+0	9.539392E-5 	3.965630E+0	3.962402E+0
55.0    	92      	3.962539E+0	2.188286E-3	2.61E+1    	55.00     	10994.50	23.2 	32.6 	3.959272E+0	4.831758E-6 	2.009073E+7	1.112175E+4	-1.599510E+0	1.734935E-4 	3.962539E+0	3.959272E+0
55.0    	93      	4.280145E+0	2.295056E-3	2.59E+1    	55.00     	10997.07	23.2 	32.6 	4.277295E+0	5.488897E-6 	1.859843E+7	1.008183E+4	-1.596603E+0	2.409011E-4 	4.280145E+0	4.277295E+0
55.0    	94      	4.253884E+0	2.620448E-3	2.76E+1    	55.00     	10999.64	23.2 	32.6 	4.251347E+0	6.610027E-6 	1.871260E+7	1.142103E+4	-1.595220E+0	2.426932E-4 	4.253884E+0	4.251347E+0
55.0    	95      	3.960260E+0	1.017448E-3	3.31E+1    	55.00     	11002.19	23.2 	32.6 	3.956847E+0	9.275134E-7 	2.010267E+7	5.029248E+3	-1.600160E+0	2.406242E-4 	3.960260E+0	3.956847E+0
55.0    	96      	4.418132E+0	1.447277E-3	3.33E+1    	55.00     	11004.76	23.2 	32.6 	4.414373E+0	2.079744E-6 	1.801923E+7	5.894348E+3	-1.599970E+0	2.193171E-4 	4.418132E+0	4.414373E+0
55.0    	97      	4.196327E+0	6.395347E-4	2.64E+1    	55.00     	11007.35	23.2 	32.6 	4.192863E+0	3.635237E-7 	1.897143E+7	2.809508E+3	-1.599530E+0	1.571623E-4 	4.196327E+0	4.192863E+0
55.0    	98      	3.953585E+0	9.320016E-4	2.51E+1    	55.00     	11009.92	23.2 	32.6 	3.953177E+0	9.012904E-7 	2.012897E+7	4.789920E+3	-1.580960E+0	2.193171E-4 	3.953585E+0	3.953177E+0
55.0    	99      	3.958610E+0	1.344649E-3	2.59E+1    	55.00     	11012.48	23.2 	32.6 	3.954942E+0	1.647396E-6 	2.011170E+7	6.677574E+3	-1.601240E+0	3.637307E-4 	3.958610E+0	3.954942E+0
55.0    	100     	3.974877E+0	9.974664E-4	2.61E+1    	55.00     	11015.05	23.2 	32.6 	3.971482E+0	1.068522E-6 	2.002867E+7	5.118919E+3	-1.600027E+0	2.409011E-4 	3.974877E+0	3.971482E+0
55.0    	101     	3.959425E+0	1.150030E-3	2.40E+1    	55.00     	11017.62	23.2 	32.6 	3.956107E+0	1.288576E-6 	2.010667E+7	5.805457E+3	-1.599747E+0	6.110101E-5 	3.959425E+0	3.956107E+0
55.0    	102     	3.982462E+0	2.088817E-3	2.67E+1    	55.00     	11020.19	23.2 	32.6 	3.979202E+0	4.459241E-6 	1.999017E+7	1.054577E+4	-1.599410E+0	1.113553E-4 	3.982462E+0	3.979202E+0
55.0    	103     	3.983157E+0	2.722438E-4	2.90E+1    	55.00     	11022.76	23.2 	32.6 	3.979793E+0	9.031354E-8 	1.998693E+7	1.436431E+3	-1.599860E+0	1.587451E-4 	3.983157E+0	3.979793E+0
55.0    	104     	3.982580E+0	8.854700E-4	2.81E+1    	55.00     	11025.33	23.2 	32.6 	3.979268E+0	7.538082E-7 	1.998970E+7	4.403408E+3	-1.599637E+0	7.571878E-5 	3.982580E+0	3.979268E+0
55.0    	105     	3.986157E+0	2.030711E-3	2.44E+1    	55.00     	11027.92	23.2 	32.6 	3.982961E+0	4.278248E-6 	1.997147E+7	1.027538E+4	-1.599113E+0	2.419366E-4 	3.986157E+0	3.982961E+0
55.0    	106     	3.987127E+0	8.233642E-5	3.32E+1    	55.00     	11030.47	23.2 	32.6 	3.983866E+0	1.896314E-8 	1.996677E+7	5.507571E+2	-1.599400E+0	2.463737E-4 	3.987127E+0	3.983866E+0
55.0    	107     	3.975273E+0	1.063552E-3	2.50E+1    	55.00     	11033.06	23.2 	32.6 	3.971946E+0	1.159544E-6 	2.002650E+7	5.392588E+3	-1.599730E+0	1.058301E-4 	3.975273E+0	3.971946E+0
55.0    	108     	3.958554E+0	1.969387E-3	2.49E+1    	55.00     	11035.64	23.2 	32.6 	3.955234E+0	3.789576E-6 	2.011110E+7	9.950377E+3	-1.599760E+0	3.078961E-4 	3.958554E+0	3.955234E+0
55.0    	109     	3.974052E+0	1.085690E-3	2.70E+1    	55.00     	11038.22	23.2 	32.6 	3.970522E+0	1.053005E-6 	2.003317E+7	5.325724E+3	-1.600603E+0	2.510644E-4 	3.974052E+0	3.970522E+0
55.0    	110     	3.955337E+0	1.107550E-3	2.65E+1    	55.00     	11040.77	23.2 	32.6 	3.952055E+0	1.337828E-6 	2.012737E+7	5.763969E+3	-1.599607E+0	2.294196E-4 	3.955337E+0	3.952055E+0
55.0    	111     	3.946896E+0	1.810314E-3	2.51E+1    	55.00     	11043.34	23.2 	32.6 	3.943378E+0	3.159086E-6 	2.017103E+7	9.174058E+3	-1.600653E+0	1.331666E-4 	3.946896E+0	3.943378E+0
55.0    	112     	4.195865E+0	1.144078E-4	2.61E+1    	55.00     	11045.94	23.2 	32.6 	4.192808E+0	2.602728E-8 	1.897260E+7	6.082763E+2	-1.597790E+0	3.386739E-4 	4.195865E+0	4.192808E+0
55.0    	113     	4.181250E+0	8.480767E-4	2.47E+1    	55.00     	11048.51	23.2 	32.6 	4.177978E+0	6.865152E-7 	1.903943E+7	3.818813E+3	-1.598777E+0	1.106044E-4 	4.181250E+0	4.177978E+0
55.0    	114     	3.946755E+0	1.924934E-3	2.77E+1    	55.00     	11051.09	23.2 	32.6 	3.942945E+0	3.794793E-6 	2.017250E+7	9.901515E+3	-1.601870E+0	2.251666E-4 	3.946755E+0	3.942945E+0
55.0    	115     	3.943009E+0	1.298886E-3	2.75E+1    	55.00     	11053.66	23.2 	32.6 	3.939540E+0	1.552957E-6 	2.019080E+7	6.519969E+3	-1.600460E+0	2.264950E-4 	3.943009E+0	3.939540E+0
55.0    	116     	3.960410E+0	1.046457E-3	2.54E+1    	55.00     	11056.23	23.2 	32.6 	3.956828E+0	9.719316E-7 	2.010233E+7	5.159780E+3	-1.600873E+0	2.608320E-4 	3.960410E+0	3.956828E+0
55.0    	117     	3.949267E+0	8.032589E-4	2.78E+1    	55.00     	11058.81	23.2 	32.6 	3.945925E+0	5.866599E-7 	2.015847E+7	4.006661E+3	-1.599893E+0	1.761628E-4 	3.949267E+0	3.945925E+0
55.0    	118     	3.977635E+0	2.573380E-4	2.81E+1    	55.00     	11061.37	23.2 	32.6 	3.974308E+0	6.064599E-8 	2.001460E+7	1.252996E+3	-1.599717E+0	3.329164E-4 	3.977635E+0	3.974308E+0
55.0    	119     	3.978044E+0	1.663868E-3	2.56E+1    	55.00     	11063.95	23.2 	32.6 	3.974774E+0	2.564002E-6 	2.001240E+7	8.214621E+3	-1.599467E+0	2.857155E-4 	3.978044E+0	3.974774E+0
55.0    	120     	3.980038E+0	9.042987E-4	2.68E+1    	55.00     	11066.53	23.2 	32.6 	3.976808E+0	7.238568E-7 	2.000227E+7	4.410593E+3	-1.599290E+0	2.879236E-4 	3.980038E+0	3.976808E+0
55.0    	121     	3.988711E+0	6.956366E-4	2.59E+1    	55.00     	11069.09	23.2 	32.6 	3.985531E+0	4.999728E-7 	1.995863E+7	3.510461E+3	-1.599037E+0	6.658328E-5 	3.988711E+0	3.985531E+0
55.0    	122     	3.988196E+0	9.813386E-4	2.54E+1    	55.00     	11071.67	23.2 	32.6 	3.985100E+0	1.013674E-6 	1.996100E+7	4.975942E+3	-1.598660E+0	2.165641E-4 	3.988196E+0	3.985100E+0
55.0    	123     	3.965643E+0	5.164173E-4	2.79E+1    	55.00     	11074.23	23.2 	32.6 	3.962322E+0	2.764263E-7 	2.007513E+7	2.638813E+3	-1.599740E+0	4.358899E-5 	3.965643E+0	3.962322E+0
55.0    	124     	3.955391E+0	1.584446E-3	2.47E+1    	55.00     	11076.81	23.2 	32.6 	3.951032E+0	2.283175E-6 	2.012983E+7	7.881836E+3	-1.604000E+0	3.143247E-4 	3.955391E+0	3.951032E+0
55.0    	125     	3.949239E+0	1.492039E-3	2.46E+1    	55.00     	11079.39	23.2 	32.6 	3.945653E+0	2.360039E-6 	2.015923E+7	7.730675E+3	-1.600933E+0	2.454248E-4 	3.949239E+0	3.945653E+0
55.0    	126     	3.940285E+0	3.191099E-4	2.49E+1    	55.00     	11081.96	23.2 	32.6 	3.936828E+0	9.168082E-8 	2.020473E+7	1.582193E+3	-1.600420E+0	3.464102E-4 	3.940285E+0	3.936828E+0
55.0    	127     	3.943404E+0	4.215596E-4	2.45E+1    	55.00     	11084.53	23.2 	32.6 	3.940016E+0	1.018368E-7 	2.018857E+7	1.890326E+3	-1.600107E+0	5.161718E-4 	3.943404E+0	3.940016E+0
55.0    	128     	4.176496E+0	2.277825E-3	2.68E+1    	55.00     	11087.10	23.2 	32.6 	4.173260E+0	5.356487E-6 	1.906103E+7	1.048443E+4	-1.598633E+0	1.871719E-4 	4.176496E+0	4.173260E+0
55.0    	129     	4.168529E+0	1.026366E-3	2.93E+1    	55.00     	11089.69	23.2 	32.6 	4.165341E+0	9.849779E-7 	1.909737E+7	4.623130E+3	-1.598453E+0	3.400490E-4 	4.168529E+0	4.165341E+0
55.0    	130     	3.943950E+0	1.170991E-3	2.44E+1    	55.00     	11092.25	23.2 	32.6 	3.940616E+0	1.490058E-6 	2.018563E+7	6.123997E+3	-1.599873E+0	2.218859E-4 	3.943950E+0	3.940616E+0
55.0    	131     	3.939263E+0	9.468655E-4	2.45E+1    	55.00     	11094.83	23.2 	32.6 	3.935797E+0	9.593308E-7 	2.021000E+7	4.942671E+3	-1.600460E+0	1.652271E-4 	3.939263E+0	3.935797E+0
55.0    	132     	3.943664E+0	2.329928E-4	2.53E+1    	55.00     	11097.42	23.2 	32.6 	3.940225E+0	8.176006E-8 	2.018737E+7	1.327906E+3	-1.600327E+0	2.433790E-4 	3.943664E+0	3.940225E+0
55.0    	133     	3.943844E+0	1.245411E-3	2.49E+1    	55.00     	11099.98	23.2 	32.6 	3.940514E+0	1.440044E-6 	2.018617E+7	6.261257E+3	-1.599860E+0	2.381176E-4 	3.943844E+0	3.940514E+0
55.0    	134     	3.974429E+0	6.047594E-4	2.79E+1    	55.00     	11102.55	23.2 	32.6 	3.971215E+0	3.949933E-7 	2.003047E+7	3.108590E+3	-1.599233E+0	1.401190E-4 	3.974429E+0	3.971215E+0
55.0    	135     	3.982737E+0	4.448907E-4	2.67E+1    	55.00     	11105.17	23.2 	32.6 	3.979443E+0	3.106349E-7 	1.998887E+7	2.514624E+3	-1.599557E+0	5.162687E-4 	3.982737E+0	3.979443E+0
55.0    	136     	3.975227E+0	1.821300E-3	2.84E+1    	55.00     	11107.70	23.2 	32.6 	3.971846E+0	3.402268E-6 	2.002687E+7	9.239769E+3	-1.599963E+0	1.159023E-4 	3.975227E+0	3.971846E+0
55.0    	137     	3.980995E+0	1.396330E-3	2.47E+1    	55.00     	11110.28	23.2 	32.6 	3.977775E+0	1.612184E-6 	1.999743E+7	6.697263E+3	-1.599233E+0	5.551877E-4 	3.980995E+0	3.977775E+0
55.0    	138     	3.987379E+0	4.487581E-4	2.43E+1    	55.00     	11112.87	23.2 	32.6 	3.984226E+0	2.043271E-7 	1.996523E+7	2.250185E+3	-1.598917E+0	2.893671E-4 	3.987379E+0	3.984226E+0
55.0    	139     	3.971902E+0	1.977355E-3	2.80E+1    	55.00     	11115.40	23.2 	32.6 	3.967719E+0	3.720366E-6 	2.004567E+7	9.860189E+3	-1.603257E+0	1.814754E-4 	3.971902E+0	3.967719E+0
55.0    	140     	3.926935E+0	1.397706E-3	2.78E+1    	55.00     	11117.97	23.2 	32.6 	3.924504E+0	1.803308E-6 	2.027080E+7	7.073896E+3	-1.545917E+0	4.649014E-4 	3.926935E+0	3.924504E+0
55.0    	141     	3.946502E+0	7.087897E-4	2.81E+1    	55.00     	11120.55	23.2 	32.6 	3.942116E+0	5.294229E-7 	2.017527E+7	3.663787E+3	-1.604137E+0	4.077172E-4 	3.946502E+0	3.942116E+0
55.0    	142     	3.935945E+0	1.318392E-3	2.78E+1    	55.00     	11123.12	23.2 	32.6 	3.932470E+0	1.750096E-6 	2.022707E+7	6.788471E+3	-1.600513E+0	1.985783E-4 	3.935945E+0	3.932470E+0
55.0    	143     	3.940661E+0	9.126130E-4	2.85E+1    	55.00     	11125.69	23.2 	32.6 	3.937283E+0	8.372268E-7 	2.020260E+7	4.686150E+3	-1.600080E+0	1.868154E-4 	3.940661E+0	3.937283E+0
55.0    	144     	4.170832E+0	1.003085E-4	2.56E+1    	55.00     	11128.26	23.2 	32.6 	4.167622E+0	1.044765E-8 	1.908687E+7	4.618802E+2	-1.598540E+0	7.549834E-5 	4.170832E+0	4.167622E+0
55.0    	145     	4.349357E+0	2.379091E-4	2.54E+1    	55.00     	11130.84	23.2 	32.6 	4.346035E+0	5.683037E-8 	1.830337E+7	1.001665E+3	-1.598437E+0	8.621678E-5 	4.349357E+0	4.346035E+0
55.0    	146     	3.939527E+0	1.004978E-3	2.82E+1    	55.00     	11133.42	23.2 	32.6 	3.935936E+0	1.105008E-6 	2.020897E+7	5.276678E+3	-1.600990E+0	2.165641E-4 	3.939527E+0	3.935936E+0
55.0    	147     	3.942692E+0	9.479109E-4	2.73E+1    	55.00     	11136.00	23.2 	32.6 	3.939336E+0	8.797604E-7 	2.019213E+7	4.827353E+3	-1.599973E+0	3.555747E-4 	3.942692E+0	3.939336E+0
55.0    	148     	4.205919E+0	4.308486E-4	2.51E+1    	55.00     	11138.56	23.2 	32.6 	4.202950E+0	1.836223E-7 	1.892703E+7	1.929594E+3	-1.597367E+0	2.706166E-4 	4.205919E+0	4.202950E+0
55.0    	149     	3.941487E+0	7.787632E-4	2.46E+1    	55.00     	11141.12	23.2 	32.6 	3.937992E+0	5.820684E-7 	2.019867E+7	3.950105E+3	-1.600580E+0	1.967232E-4 	3.941487E+0	3.937992E+0
55.0    	150     	3.962212E+0	6.225541E-4	2.43E+1    	55.00     	11143.69	23.2 	32.6 	3.958848E+0	3.563805E-7 	2.009263E+7	3.092464E+3	-1.599937E+0	1.850225E-4 	3.962212E+0	3.958848E+0
55.0    	151     	3.980555E+0	1.355756E-3	2.66E+1    	55.00     	11146.26	23.2 	32.6 	3.977340E+0	1.822724E-6 	1.999963E+7	6.798774E+3	-1.599220E+0	8.888194E-5 	3.980555E+0	3.977340E+0
55.0    	152     	3.984421E+0	1.578413E-3	2.68E+1    	55.00     	11148.84	23.2 	32.6 	3.981241E+0	2.600142E-6 	1.998013E+7	8.000208E+3	-1.599050E+0	3.296968E-4 	3.984421E+0	3.981241E+0
55.0    	153     	3.982524E+0	2.248369E-3	2.62E+1    	55.00     	11151.41	23.2 	32.6 	3.979127E+0	5.142473E-6 	1.999020E+7	1.134196E+4	-1.600003E+0	1.069268E-4 	3.982524E+0	3.979127E+0
55.0    	154     	3.976756E+0	8.696953E-4	2.60E+1    	55.00     	11153.98	23.2 	32.6 	3.973598E+0	6.663495E-7 	2.001860E+7	4.243819E+3	-1.598977E+0	2.802380E-4 	3.976756E+0	3.973598E+0
55.0    	155     	3.965197E+0	1.130940E-3	2.56E+1    	55.00     	11156.56	23.2 	32.6 	3.961874E+0	1.223816E-6 	2.007740E+7	5.666569E+3	-1.599750E+0	1.732051E-4 	3.965197E+0	3.961874E+0
55.0    	156     	3.943294E+0	2.953995E-4	2.69E+1    	55.00     	11159.12	23.2 	32.6 	3.938813E+0	7.193944E-8 	2.019193E+7	1.429452E+3	-1.604510E+0	3.143247E-4 	3.943294E+0	3.938813E+0
55.0    	157     	3.948817E+0	1.393469E-2	2.47E+1    	55.00     	11161.70	23.2 	32.6 	3.946077E+0	2.092782E-4 	2.015940E+7	7.258808E+4	-1.597067E+0	2.589562E-3 	3.948817E+0	3.946077E+0
55.0    	158     	3.940474E+0	9.790253E-4	2.52E+1    	55.00     	11164.26	23.2 	32.6 	3.937185E+0	9.683970E-7 	2.020333E+7	5.029248E+3	-1.599687E+0	3.744774E-4 	3.940474E+0	3.937185E+0
55.0    	159     	3.937671E+0	1.086485E-3	2.56E+1    	55.00     	11166.84	23.2 	32.6 	3.934144E+0	1.274041E-6 	2.021833E+7	5.688878E+3	-1.600727E+0	2.916048E-4 	3.937671E+0	3.934144E+0
55.0    	160     	4.167397E+0	1.130547E-3	2.66E+1    	55.00     	11169.41	23.2 	32.6 	4.164161E+0	1.202871E-6 	1.910267E+7	5.103267E+3	-1.598663E+0	3.510461E-4 	4.167397E+0	4.164161E+0
55.0    	161     	1.887967E+0	1.529382E-3	2.57E+1    	55.00     	11171.98	23.2 	32.6 	1.887424E+0	2.163028E-6 	4.215590E+7	3.351074E+4	-1.587737E+0	9.295339E-4 	1.887967E+0	1.887424E+0
55.0    	162     	4.310346E+0	1.317752E-3	2.71E+1    	55.00     	11174.57	23.2 	32.6 	4.300636E+0	2.176443E-6 	1.848280E+7	5.992495E+3	-1.618277E+0	4.652240E-4 	4.310346E+0	4.300636E+0
55.0    	163     	4.208932E+0	7.652590E-4	2.55E+1    	55.00     	11177.14	23.2 	32.6 	4.205777E+0	5.265757E-7 	1.891390E+7	3.351119E+3	-1.598177E+0	1.715615E-4 	4.208932E+0	4.205777E+0
55.0    	164     	5.816718E-1	3.527770E-4	2.79E+1    	55.00     	11179.70	23.2 	32.6 	5.447255E-1	2.027969E-7 	1.413717E+8	6.092892E+4	-1.825563E+0	2.242863E-3 	5.816718E-1	5.447255E-1
55.0    	165     	4.211750E+0	5.024561E-4	2.73E+1    	55.00     	11182.26	23.2 	32.6 	4.208910E+0	2.809534E-7 	1.890053E+7	2.311565E+3	-1.596763E+0	3.607400E-4 	4.211750E+0	4.208910E+0
55.0    	166     	3.948304E+0	1.666036E-3	2.49E+1    	55.00     	11184.84	23.2 	32.6 	3.945127E+0	2.777759E-6 	2.016297E+7	8.511365E+3	-1.599167E+0	6.429101E-5 	3.948304E+0	3.945127E+0
55.0    	167     	3.965937E+0	8.450279E-4	2.79E+1    	55.00     	11187.41	23.2 	32.6 	3.962687E+0	6.573388E-7 	2.007347E+7	4.188476E+3	-1.599423E+0	3.527511E-4 	3.965937E+0	3.962687E+0
55.0    	168     	3.967981E+0	1.014731E-3	2.79E+1    	55.00     	11190.00	23.2 	32.6 	3.964635E+0	1.193741E-6 	2.006337E+7	5.326662E+3	-1.599837E+0	4.972256E-4 	3.967981E+0	3.964635E+0
55.0    	169     	3.973483E+0	8.151979E-4	2.72E+1    	55.00     	11192.56	23.2 	32.6 	3.970165E+0	8.276878E-7 	2.003550E+7	4.350862E+3	-1.599693E+0	4.150100E-4 	3.973483E+0	3.970165E+0
55.0    	170     	3.968279E+0	9.162872E-4	2.75E+1    	55.00     	11195.14	23.2 	32.6 	3.965114E+0	7.551253E-7 	2.006140E+7	4.513314E+3	-1.599040E+0	2.406242E-4 	3.968279E+0	3.965114E+0
55.0    	171     	3.948104E+0	1.911399E-4	2.77E+1    	55.00     	11197.70	23.2 	32.6 	3.944908E+0	6.918252E-8 	2.016403E+7	1.159023E+3	-1.599250E+0	3.340659E-4 	3.948104E+0	3.944908E+0
55.0    	172     	3.939018E+0	5.653452E-4	2.76E+1    	55.00     	11200.30	23.2 	32.6 	3.935665E+0	4.413879E-7 	2.021097E+7	3.156475E+3	-1.599977E+0	4.329357E-4 	3.939018E+0	3.935665E+0
55.0    	173     	3.932166E+0	1.671508E-3	2.80E+1    	55.00     	11202.87	23.2 	32.6 	3.928581E+0	2.547830E-6 	2.024680E+7	8.418432E+3	-1.600997E+0	3.137409E-4 	3.932166E+0	3.928581E+0
55.0    	174     	3.939860E+0	7.385828E-4	2.65E+1    	55.00     	11205.45	23.2 	32.6 	3.936590E+0	4.757163E-7 	2.020643E+7	3.652853E+3	-1.599603E+0	5.363146E-4 	3.939860E+0	3.936590E+0
55.0    	175     	3.940528E+0	1.263518E-3	2.96E+1    	55.00     	11208.00	23.2 	32.6 	3.937261E+0	1.702775E-6 	2.020300E+7	6.587109E+3	-1.599593E+0	2.417299E-4 	3.940528E+0	3.937261E+0
55.0    	176     	4.164538E+0	9.580294E-4	2.49E+1    	55.00     	11210.59	23.2 	32.6 	4.161339E+0	9.571244E-7 	1.911570E+7	4.444097E+3	-1.598513E+0	2.157159E-4 	4.164538E+0	4.161339E+0
55.0    	177     	4.533739E+0	2.776803E-3	2.51E+1    	55.00     	11213.16	23.2 	32.6 	4.524414E+0	8.096895E-6 	1.757037E+7	1.090015E+4	-1.616163E+0	3.271595E-4 	4.533739E+0	4.524414E+0
55.0    	178     	2.198387E+0	1.758834E-2	2.48E+1    	55.00     	11215.73	23.2 	32.6 	1.627294E+0	1.299757E-4 	4.207473E+7	3.145751E+5	-1.035983E+0	1.124292E-3 	2.198387E+0	1.627294E+0
55.0    	179     	4.129219E+0	2.422049E-3	2.58E+1    	55.00     	11218.30	23.2 	32.6 	4.119794E+0	7.018728E-6 	1.929383E+7	1.186269E+4	-1.618587E+0	5.904518E-4 	4.129219E+0	4.119794E+0
55.0    	180     	4.205440E+0	1.048704E-3	2.58E+1    	55.00     	11220.87	23.2 	32.6 	4.202808E+0	9.906712E-7 	1.892843E+7	4.601449E+3	-1.595813E+0	2.532456E-4 	4.205440E+0	4.202808E+0
55.0    	181     	3.939166E+0	7.670730E-4	2.53E+1    	55.00     	11223.45	23.2 	32.6 	3.935920E+0	7.628528E-7 	2.020993E+7	4.209909E+3	-1.599507E+0	4.798264E-4 	3.939166E+0	3.935920E+0
55.0    	182     	3.941213E+0	8.980375E-4	2.62E+1    	55.00     	11226.03	23.2 	32.6 	3.937836E+0	9.029099E-7 	2.019977E+7	4.735328E+3	-1.600070E+0	3.800000E-4 	3.941213E+0	3.937836E+0
55.0    	183     	3.942618E+0	5.290667E-4	2.69E+1    	55.00     	11228.61	23.2 	32.6 	3.939436E+0	2.555363E-7 	2.019207E+7	2.650157E+3	-1.599210E+0	1.044031E-4 	3.942618E+0	3.939436E+0
55.0    	184     	3.947022E+0	1.597655E-3	2.65E+1    	55.00     	11231.19	23.2 	32.6 	3.943565E+0	2.700148E-6 	2.017023E+7	8.286334E+3	-1.600397E+0	2.138535E-4 	3.947022E+0	3.943565E+0
55.0    	185     	3.945183E+0	1.256120E-3	2.66E+1    	55.00     	11233.76	23.2 	32.6 	3.941937E+0	1.670927E-6 	2.017910E+7	6.519969E+3	-1.599483E+0	1.680278E-4 	3.945183E+0	3.941937E+0
55.0    	186     	3.940855E+0	1.261877E-3	2.80E+1    	55.00     	11236.33	23.2 	32.6 	3.937726E+0	1.637673E-6 	2.020097E+7	6.515622E+3	-1.598977E+0	8.504901E-5 	3.940855E+0	3.937726E+0
55.0    	187     	3.941319E+0	1.353892E-3	2.64E+1    	55.00     	11238.91	23.2 	32.6 	3.938212E+0	1.616497E-6 	2.019853E+7	6.730032E+3	-1.598877E+0	3.690980E-4 	3.941319E+0	3.938212E+0
55.0    	188     	3.933642E+0	1.280126E-4	2.51E+1    	55.00     	11241.52	23.2 	32.6 	3.930263E+0	1.695453E-8 	2.023867E+7	6.350853E+2	-1.600107E+0	3.302020E-4 	3.933642E+0	3.930263E+0
55.0    	189     	3.936701E+0	3.914621E-4	2.79E+1    	55.00     	11244.05	23.2 	32.6 	3.933543E+0	1.628587E-7 	2.022237E+7	2.042874E+3	-1.599123E+0	5.859465E-5 	3.936701E+0	3.933543E+0
55.0    	190     	3.937313E+0	9.776208E-4	2.76E+1    	55.00     	11246.62	23.2 	32.6 	3.934112E+0	1.146437E-6 	2.021933E+7	5.262446E+3	-1.599310E+0	4.167733E-4 	3.937313E+0	3.934112E+0
55.0    	191     	3.937708E+0	5.108096E-4	2.59E+1    	55.00     	11249.19	23.2 	32.6 	3.934275E+0	2.729459E-7 	2.021790E+7	2.645751E+3	-1.600323E+0	3.453018E-4 	3.937708E+0	3.934275E+0
55.0    	192     	4.160719E+0	1.259228E-3	2.54E+1    	55.00     	11251.76	23.2 	32.6 	4.157528E+0	1.507175E-6 	1.913323E+7	5.713434E+3	-1.598487E+0	5.749203E-4 	4.160719E+0	4.157528E+0
55.0    	193     	4.171234E+0	1.148828E-3	2.49E+1    	55.00     	11254.34	23.2 	32.6 	4.168210E+0	1.399672E-6 	1.908460E+7	5.335729E+3	-1.597723E+0	1.588500E-4 	4.171234E+0	4.168210E+0
55.0    	194     	4.120611E+0	1.486453E-3	2.89E+1    	55.00     	11256.92	23.2 	32.6 	4.111207E+0	2.587568E-6 	1.933413E+7	7.266590E+3	-1.618587E+0	4.259499E-4 	4.120611E+0	4.111207E+0
55.0    	195     	4.153441E+0	3.683318E-4	3.33E+1    	55.00     	11259.47	23.2 	32.6 	4.150296E+0	1.697547E-7 	1.916667E+7	1.800926E+3	-1.598320E+0	2.022375E-4 	4.153441E+0	4.150296E+0
55.0    	196     	3.942103E+0	2.364516E-3	2.47E+1    	55.00     	11262.06	23.2 	32.6 	3.938873E+0	5.282897E-6 	2.019483E+7	1.195255E+4	-1.599420E+0	3.019934E-4 	3.942103E+0	3.938873E+0
55.0    	197     	3.937651E+0	5.472080E-4	2.59E+1    	55.00     	11264.64	23.2 	32.6 	3.934292E+0	2.858625E-7 	2.021800E+7	2.778489E+3	-1.600007E+0	9.073772E-5 	3.937651E+0	3.934292E+0
55.0    	198     	3.938147E+0	1.109390E-3	2.47E+1    	55.00     	11267.22	23.2 	32.6 	3.934953E+0	1.226382E-6 	2.021503E+7	5.686241E+3	-1.599277E+0	4.163332E-4 	3.938147E+0	3.934953E+0
55.0    	199     	3.937725E+0	3.248366E-5	2.56E+1    	55.00     	11269.76	23.2 	32.6 	3.934530E+0	1.519282E-8 	2.021720E+7	4.000000E+2	-1.599280E+0	4.050926E-4 	3.937725E+0	3.934530E+0
55.0    	200     	3.936857E+0	1.746673E-3	2.48E+1    	55.00     	11272.33	23.2 	32.6 	3.933674E+0	3.206390E-6 	2.022163E+7	9.089738E+3	-1.599233E+0	2.064784E-4 	3.936857E+0	3.933674E+0
55.0    	201     	3.938378E+0	1.780525E-3	2.80E+1    	55.00     	11274.92	23.2 	32.6 	3.935176E+0	3.013819E-6 	2.021387E+7	9.027920E+3	-1.599310E+0	3.051229E-4 	3.938378E+0	3.935176E+0
55.0    	202     	3.939740E+0	4.981543E-4	2.90E+1    	55.00     	11277.50	23.2 	32.6 	3.936618E+0	2.420349E-7 	2.020667E+7	2.538372E+3	-1.598950E+0	1.743560E-4 	3.939740E+0	3.936618E+0
55.0    	203     	3.934163E+0	8.134632E-4	2.84E+1    	55.00     	11280.06	23.2 	32.6 	3.930999E+0	6.425992E-7 	2.023543E+7	4.154917E+3	-1.599157E+0	1.150362E-4 	3.934163E+0	3.930999E+0
55.0    	204     	3.935122E+0	8.780422E-4	2.73E+1    	55.00     	11282.64	23.2 	32.6 	3.931790E+0	7.002890E-7 	2.023093E+7	4.407191E+3	-1.599897E+0	3.010537E-4 	3.935122E+0	3.931790E+0
55.0    	205     	3.936296E+0	9.025992E-4	3.25E+1    	55.00     	11285.19	23.2 	32.6 	3.932858E+0	8.180062E-7 	2.022517E+7	4.643634E+3	-1.600353E+0	1.184624E-4 	3.936296E+0	3.932858E+0
55.0    	206     	4.158499E+0	1.996911E-3	2.57E+1    	55.00     	11287.78	23.2 	32.6 	4.154897E+0	3.682223E-6 	1.914440E+7	9.014988E+3	-1.600233E+0	3.484729E-4 	4.158499E+0	4.154897E+0
55.0    	207     	3.938398E+0	1.438231E-3	2.59E+1    	55.00     	11290.35	23.2 	32.6 	3.935195E+0	2.019247E-6 	2.021377E+7	7.341889E+3	-1.599317E+0	8.082904E-5 	3.938398E+0	3.935195E+0
55.0    	208     	4.167045E+0	1.455574E-3	2.55E+1    	55.00     	11292.93	23.2 	32.6 	4.164076E+0	2.005314E-6 	1.910367E+7	6.583565E+3	-1.597493E+0	3.370954E-4 	4.167045E+0	4.164076E+0
55.0    	209     	4.167946E+0	2.042669E-3	2.50E+1    	55.00     	11295.50	23.2 	32.6 	4.165066E+0	3.837659E-6 	1.909933E+7	9.169696E+3	-1.597087E+0	3.821431E-4 	4.167946E+0	4.165066E+0
55.0    	210     	4.148903E+0	1.074759E-3	3.33E+1    	55.00     	11298.05	23.2 	32.6 	4.145746E+0	9.728313E-7 	1.918767E+7	4.764801E+3	-1.598383E+0	5.143280E-4 	4.148903E+0	4.145746E+0
55.0    	211     	1.202418E+0	1.913035E-3	2.57E+1    	55.00     	11300.65	23.2 	32.6 	1.195767E+0	3.803096E-6 	6.636510E+7	1.069051E+5	-1.645237E+0	3.707200E-4 	1.202418E+0	1.195767E+0
55.0    	212     	4.150340E+0	6.672376E-4	2.82E+1    	55.00     	11303.21	23.2 	32.6 	4.147322E+0	4.266266E-7 	1.918070E+7	3.051229E+3	-1.597763E+0	1.415392E-4 	4.150340E+0	4.147322E+0
55.0    	213     	3.939472E+0	3.299876E-4	2.51E+1    	55.00     	11305.78	23.2 	32.6 	3.936406E+0	1.303006E-7 	2.020790E+7	1.769181E+3	-1.598697E+0	2.468468E-4 	3.939472E+0	3.936406E+0
55.0    	214     	3.938948E+0	7.395861E-4	3.16E+1    	55.00     	11308.33	23.2 	32.6 	3.935618E+0	6.045290E-7 	2.021127E+7	3.894012E+3	-1.599873E+0	1.858315E-4 	3.938948E+0	3.935618E+0
55.0    	215     	4.001185E+0	9.914553E-4	2.44E+1    	55.00     	11310.92	23.2 	32.6 	3.990721E+0	9.475658E-7 	1.991453E+7	4.895236E+3	-1.621957E+0	1.242310E-4 	4.001185E+0	3.990721E+0
55.0    	216     	3.938704E+0	1.527534E-3	2.80E+1    	55.00     	11313.50	23.2 	32.6 	3.935590E+0	2.277141E-6 	2.021197E+7	7.792518E+3	-1.598917E+0	1.040833E-4 	3.938704E+0	3.935590E+0
55.0    	217     	3.936706E+0	7.597211E-4	3.03E+1    	55.00     	11316.05	23.2 	32.6 	3.933681E+0	6.052392E-7 	2.022200E+7	3.950949E+3	-1.598520E+0	1.300000E-4 	3.936706E+0	3.933681E+0
55.0    	218     	3.940240E+0	6.160593E-4	2.39E+1    	55.00     	11318.64	23.2 	32.6 	3.937081E+0	3.603461E-7 	2.020420E+7	3.119295E+3	-1.599113E+0	1.357694E-4 	3.940240E+0	3.937081E+0
55.0    	219     	4.149907E+0	1.132559E-3	3.10E+1    	55.00     	11321.20	23.2 	32.6 	4.146227E+0	1.219857E-6 	1.918423E+7	5.173329E+3	-1.600580E+0	1.587451E-4 	4.149907E+0	4.146227E+0
55.0    	220     	3.939763E+0	1.024597E-3	2.53E+1    	55.00     	11323.80	23.2 	32.6 	3.936739E+0	1.093942E-6 	2.020630E+7	5.311309E+3	-1.598500E+0	2.137756E-4 	3.939763E+0	3.936739E+0
55.0    	221     	4.161116E+0	1.583169E-3	2.82E+1    	55.00     	11326.34	23.2 	32.6 	4.157581E+0	2.816844E-6 	1.913220E+7	7.502666E+3	-1.599947E+0	3.980368E-4 	4.161116E+0	4.157581E+0
55.0    	222     	1.109354E+0	3.254116E-4	2.67E+1    	55.00     	11328.91	23.2 	32.6 	1.104879E+0	1.273465E-8 	7.187827E+7	1.406319E+4	-1.507257E+0	1.580390E-3 	1.109354E+0	1.104879E+0
55.0    	223     	4.153490E+0	1.367037E-3	2.63E+1    	55.00     	11331.50	23.2 	32.6 	4.149684E+0	1.849856E-6 	1.916797E+7	6.293118E+3	-1.601073E+0	2.212088E-4 	4.153490E+0	4.149684E+0
55.0    	224     	4.168411E+0	1.816077E-3	2.77E+1    	55.00     	11334.08	23.2 	32.6 	4.165372E+0	3.405473E-6 	1.909757E+7	8.391265E+3	-1.597800E+0	3.026549E-4 	4.168411E+0	4.165372E+0
55.0    	225     	4.165782E+0	8.655387E-4	2.58E+1    	55.00     	11336.62	23.2 	32.6 	4.162811E+0	9.035227E-7 	1.910947E+7	4.164533E+3	-1.597503E+0	4.572016E-4 	4.165782E+0	4.162811E+0
55.0    	226     	3.943684E+0	1.222067E-3	2.97E+1    	55.00     	11339.19	23.2 	32.6 	3.940440E+0	1.504390E-6 	2.018677E+7	6.269237E+3	-1.599483E+0	1.401190E-4 	3.943684E+0	3.940440E+0
55.0    	227     	4.149441E+0	2.733104E-4	2.81E+1    	55.00     	11341.78	23.2 	32.6 	4.146303E+0	9.864498E-8 	1.918513E+7	1.357694E+3	-1.598300E+0	1.992486E-4 	4.149441E+0	4.146303E+0
55.0    	228     	3.941091E+0	6.667117E-4	2.79E+1    	55.00     	11344.34	23.2 	32.6 	3.938024E+0	3.876658E-7 	2.019960E+7	3.300000E+3	-1.598693E+0	3.900427E-4 	3.941091E+0	3.938024E+0
55.0    	229     	4.176248E+0	2.139230E-4	2.60E+1    	55.00     	11346.92	23.2 	32.6 	4.171755E+0	4.588059E-8 	1.906503E+7	9.609024E+2	-1.603600E+0	2.893095E-4 	4.176248E+0	4.171755E+0
55.0    	230     	4.001941E+0	1.210639E-3	2.83E+1    	55.00     	11349.50	23.2 	32.6 	3.991865E+0	1.396434E-6 	1.990980E+7	5.957348E+3	-1.620993E+0	1.625833E-4 	4.001941E+0	3.991865E+0
55.0    	231     	3.614730E+0	2.033559E-3	2.92E+1    	55.00     	11352.12	23.2 	32.6 	3.292513E+0	9.388892E-6 	2.306687E+7	1.637997E+4	-1.267610E+0	9.439809E-4 	3.614730E+0	3.292513E+0
55.0    	232     	3.995059E+0	1.911050E-3	3.11E+1    	55.00     	11354.65	23.2 	32.6 	3.985559E+0	3.679378E-6 	1.994270E+7	9.568699E+3	-1.619580E+0	1.967232E-4 	3.995059E+0	3.985559E+0
55.0    	233     	3.939835E+0	1.980900E-3	2.47E+1    	55.00     	11357.25	23.2 	32.6 	3.936772E+0	4.139766E-6 	2.020603E+7	1.030065E+4	-1.598683E+0	3.271595E-4 	3.939835E+0	3.936772E+0
55.0    	234     	4.148998E+0	1.187948E-3	2.70E+1    	55.00     	11359.84	23.2 	32.6 	4.145464E+0	1.315513E-6 	1.918810E+7	5.400926E+3	-1.599987E+0	1.686219E-4 	4.148998E+0	4.145464E+0
55.0    	235     	1.230582E+0	1.616639E-3	2.98E+1    	55.00     	11362.37	23.2 	32.6 	1.229621E+0	2.328795E-6 	6.469187E+7	8.268375E+4	-1.542883E+0	1.340796E-3 	1.230582E+0	1.229621E+0
55.0    	236     	4.149236E+0	5.187881E-4	2.49E+1    	55.00     	11364.93	23.2 	32.6 	4.145701E+0	3.782622E-7 	1.918700E+7	2.621068E+3	-1.599990E+0	4.293018E-4 	4.149236E+0	4.145701E+0
55.0    	237     	3.937647E+0	1.022663E-3	2.80E+1    	55.00     	11367.51	23.2 	32.6 	3.934427E+0	9.406716E-7 	2.021767E+7	5.115988E+3	-1.599397E+0	2.709859E-4 	3.937647E+0	3.934427E+0
55.0    	238     	4.155794E+0	1.953647E-3	2.59E+1    	55.00     	11370.08	23.2 	32.6 	4.151960E+0	3.679960E-6 	1.915740E+7	8.923564E+3	-1.601173E+0	3.971566E-4 	4.155794E+0	4.151960E+0
55.0    	239     	3.943973E+0	1.961884E-3	2.71E+1    	55.00     	11372.65	23.2 	32.6 	3.940868E+0	3.587068E-6 	2.018493E+7	9.867286E+3	-1.598857E+0	3.931073E-4 	3.943973E+0	3.940868E+0
55.0    	240     	4.167546E+0	5.059013E-4	2.56E+1    	55.00     	11375.23	23.2 	32.6 	4.164694E+0	3.223909E-7 	1.910110E+7	2.457641E+3	-1.596957E+0	3.906832E-4 	4.167546E+0	4.164694E+0
55.0    	241     	4.398299E+0	3.399765E-4	2.83E+1    	55.00     	11377.80	23.2 	32.6 	4.395602E+0	1.460512E-7 	1.809833E+7	1.484363E+3	-1.595557E+0	2.542309E-4 	4.398299E+0	4.395602E+0
55.0    	242     	4.176758E+0	8.770748E-4	2.51E+1    	55.00     	11380.39	23.2 	32.6 	4.173874E+0	7.832668E-7 	1.905903E+7	4.020365E+3	-1.597077E+0	1.721434E-4 	4.176758E+0	4.173874E+0
55.0    	243     	4.170569E+0	7.958566E-4	2.68E+1    	55.00     	11382.95	23.2 	32.6 	4.167696E+0	5.881204E-7 	1.908730E+7	3.576311E+3	-1.597047E+0	2.205297E-4 	4.170569E+0	4.167696E+0
55.0    	244     	4.404763E+0	3.193760E-4	2.63E+1    	55.00     	11385.53	23.2 	32.6 	4.400556E+0	1.500545E-7 	1.807487E+7	1.450287E+3	-1.601703E+0	2.610236E-4 	4.404763E+0	4.400556E+0
55.0    	245     	1.264923E+0	1.616204E-3	2.54E+1    	55.00     	11388.10	23.2 	32.6 	1.231400E+0	2.573395E-6 	6.376157E+7	7.840774E+4	-1.407287E+0	2.365953E-3 	1.264923E+0	1.231400E+0
55.0    	246     	4.418872E+0	1.489357E-3	2.53E+1    	55.00     	11390.67	23.2 	32.6 	4.414711E+0	2.358935E-6 	1.801703E+7	6.169549E+3	-1.601487E+0	2.042874E-4 	4.418872E+0	4.414711E+0
55.0    	247     	4.262262E+0	2.895314E-3	2.82E+1    	55.00     	11393.25	23.2 	32.6 	4.252819E+0	7.720648E-6 	1.869097E+7	1.245003E+4	-1.617880E+0	5.370289E-4 	4.262262E+0	4.252819E+0
55.0    	248     	4.169070E+0	1.373848E-3	2.43E+1    	55.00     	11395.82	23.2 	32.6 	4.166313E+0	1.774456E-6 	1.909390E+7	6.199193E+3	-1.596513E+0	2.003331E-4 	4.169070E+0	4.166313E+0
55.0    	249     	4.164430E+0	6.899574E-4	2.83E+1    	55.00     	11398.40	23.2 	32.6 	4.161476E+0	4.116986E-7 	1.911563E+7	3.055050E+3	-1.597433E+0	3.056687E-4 	4.164430E+0	4.161476E+0
55.0    	250     	4.174423E+0	1.388126E-3	2.52E+1    	55.00     	11400.97	23.2 	32.6 	4.171669E+0	1.979012E-6 	1.906940E+7	6.385139E+3	-1.596487E+0	1.305118E-4 	4.174423E+0	4.171669E+0
55.0    	251     	4.377092E+0	1.765920E-3	2.48E+1    	55.00     	11403.54	23.2 	32.6 	4.373937E+0	3.331761E-6 	1.818700E+7	7.464583E+3	-1.597647E+0	2.638813E-4 	4.377092E+0	4.373937E+0
55.0    	252     	4.163618E+0	2.353934E-3	2.84E+1    	55.00     	11406.11	23.2 	32.6 	4.160663E+0	5.973796E-6 	1.911937E+7	1.102376E+4	-1.597440E+0	4.156922E-4 	4.163618E+0	4.160663E+0
55.0    	253     	4.162183E+0	4.434803E-4	2.79E+1    	55.00     	11408.69	23.2 	32.6 	4.159224E+0	1.432550E-7 	1.912597E+7	1.887679E+3	-1.597463E+0	3.259346E-4 	4.162183E+0	4.159224E+0
55.0    	254     	4.166840E+0	8.119233E-4	2.88E+1    	55.00     	11411.26	23.2 	32.6 	4.163976E+0	6.885101E-7 	1.910437E+7	3.764749E+3	-1.597013E+0	1.415392E-4 	4.166840E+0	4.163976E+0
55.0    	255     	4.169234E+0	2.012668E-3	2.51E+1    	55.00     	11413.84	23.2 	32.6 	4.166310E+0	3.874277E-6 	1.909353E+7	9.118297E+3	-1.597283E+0	2.136196E-4 	4.169234E+0	4.166310E+0
55.0    	256     	4.395248E+0	1.365494E-4	2.45E+1    	55.00     	11416.42	23.2 	32.6 	4.392664E+0	3.502811E-8 	1.811067E+7	6.658328E+2	-1.595043E+0	2.565801E-4 	4.395248E+0	4.392664E+0
55.0    	257     	5.636518E+0	7.929531E-4	3.33E+1    	55.00     	11418.97	23.2 	32.6 	5.634467E+0	6.275908E-7 	1.412077E+7	1.985783E+3	-1.589873E+0	6.806859E-5 	5.636518E+0	5.634467E+0
55.0    	258     	8.097111E+0	1.314715E-3	3.16E+1    	55.00     	11421.54	23.2 	32.6 	8.096130E+0	1.709681E-6 	9.828480E+6	1.591257E+3	-1.581797E+0	2.573584E-4 	8.097111E+0	8.096130E+0
55.0    	259     	1.125484E+1	1.293015E-3	3.03E+1    	55.00     	11424.11	23.2 	32.6 	1.125454E+1	1.676588E-6 	7.070607E+6	8.129166E+2	-1.575930E+0	3.605551E-5 	1.125484E+1	1.125454E+1
55.0    	260     	2.370292E+1	3.079562E-4	2.54E+1    	55.00     	11426.70	23.2 	32.6 	2.370206E+1	1.081272E-7 	3.357347E+6	4.509250E+1	-1.564763E+0	8.144528E-5 	2.370292E+1	2.370206E+1
55.0    	261     	2.821318E+1	1.550928E-3	2.83E+1    	55.00     	11429.26	23.2 	32.6 	2.821114E+1	2.336920E-6 	2.820680E+6	1.539480E+2	-1.562293E+0	5.131601E-5 	2.821318E+1	2.821114E+1
55.0    	262     	3.431424E+1	6.337262E-4	2.49E+1    	55.00     	11431.83	23.2 	32.6 	3.430961E+1	3.160401E-7 	2.319237E+6	4.041452E+1	-1.559183E+0	9.073772E-5 	3.431424E+1	3.430961E+1
55.0    	263     	5.030403E+1	1.000756E-3	2.54E+1    	55.00     	11434.41	23.2 	32.6 	5.028583E+1	1.087931E-6 	1.582217E+6	3.214550E+1	-1.551777E+0	2.516611E-5 	5.030403E+1	5.028583E+1
55.0    	264     	1.102590E+2	8.351252E-4	2.50E+1    	55.00     	11436.99	23.2 	32.6 	1.100458E+2	6.062129E-7 	7.224310E+5	5.291503E+0	-1.526813E+0	5.773503E-6 	1.102590E+2	1.100458E+2
60.0    	1       	4.430361E+0	1.422785E-3	7.40E+1    	60.00     	11468.88	23.2 	32.6 	4.427591E+0	2.142517E-6 	1.796747E+7	5.853489E+3	-1.595800E+0	3.451087E-4 	4.430361E+0	4.427591E+0
60.0    	2       	4.507042E+0	4.375476E-4	2.61E+1    	60.00     	11471.31	23.2 	32.6 	4.504467E+0	2.205667E-7 	1.766130E+7	1.777639E+3	-1.594700E+0	1.670329E-4 	4.507042E+0	4.504467E+0
60.0    	3       	5.855145E-1	8.621489E-4	2.92E+1    	60.00     	11473.86	23.2 	32.6 	5.429783E-1	7.684754E-7 	1.411337E+8	1.635675E+5	-1.843687E+0	3.636541E-3 	5.855145E-1	5.429783E-1
60.0    	4       	4.743276E+0	2.764684E-4	2.44E+1    	60.00     	11476.46	23.2 	32.6 	4.740658E+0	8.428268E-8 	1.678153E+7	1.001665E+3	-1.594290E+0	1.400000E-4 	4.743276E+0	4.740658E+0
60.0    	5       	1.167639E+0	7.575719E-4	2.67E+1    	60.00     	11479.04	23.2 	32.6 	1.164316E+0	6.205158E-7 	6.824967E+7	4.508540E+4	-1.624163E+0	1.047489E-3 	1.167639E+0	1.164316E+0
60.0    	6       	4.460335E+0	7.393428E-4	2.61E+1    	60.00     	11481.61	23.2 	32.6 	4.457158E+0	5.190390E-7 	1.784750E+7	2.920616E+3	-1.597487E+0	1.703917E-4 	4.460335E+0	4.457158E+0
60.0    	7       	4.195037E+0	7.460351E-4	2.42E+1    	60.00     	11484.20	23.2 	32.6 	4.191928E+0	5.427911E-7 	1.897647E+7	3.350124E+3	-1.598023E+0	3.510461E-4 	4.195037E+0	4.191928E+0
60.0    	8       	4.201809E+0	1.043411E-3	2.68E+1    	60.00     	11486.76	23.2 	32.6 	4.198879E+0	1.140367E-6 	1.894547E+7	4.760602E+3	-1.597203E+0	2.254625E-4 	4.201809E+0	4.198879E+0
60.0    	9       	4.179619E+0	1.717232E-3	2.59E+1    	60.00     	11489.32	23.2 	32.6 	4.176596E+0	2.918746E-6 	1.904630E+7	7.807689E+3	-1.597690E+0	2.007486E-4 	4.179619E+0	4.176596E+0
60.0    	10      	4.508078E+0	1.004395E-3	2.87E+1    	60.00     	11491.90	23.2 	32.6 	4.488814E+0	1.133166E-6 	1.769003E+7	4.067350E+3	-1.636213E+0	1.404754E-4 	4.508078E+0	4.488814E+0
60.0    	11      	3.596098E+0	2.412237E-2	2.48E+1    	60.00     	11494.47	23.2 	32.6 	2.954905E+0	1.257729E-3 	2.441343E+7	2.276083E+5	-1.134853E+0	5.679211E-3 	3.596098E+0	2.954905E+0
60.0    	12      	1.909294E+0	2.083854E-3	2.73E+1    	60.00     	11497.03	23.2 	32.6 	1.908953E+0	4.205466E-6 	4.168277E+7	4.510702E+4	-1.557453E+0	8.280902E-4 	1.909294E+0	1.908953E+0
60.0    	13      	4.373422E+0	5.150003E-4	2.58E+1    	60.00     	11499.61	23.2 	32.6 	4.369115E+0	2.227172E-7 	1.820467E+7	2.050203E+3	-1.602183E+0	2.893671E-4 	4.373422E+0	4.369115E+0
60.0    	14      	4.195254E+0	1.573986E-3	2.78E+1    	60.00     	11502.20	23.2 	32.6 	4.192109E+0	2.440890E-6 	1.897557E+7	7.094599E+3	-1.598180E+0	1.300000E-4 	4.195254E+0	4.192109E+0
60.0    	15      	4.211172E+0	4.617451E-4	3.39E+1    	60.00     	11504.75	23.2 	32.6 	4.207973E+0	2.337174E-7 	1.890393E+7	2.122106E+3	-1.598363E+0	1.001665E-4 	4.211172E+0	4.207973E+0
60.0    	16      	4.428003E+0	7.329434E-4	2.76E+1    	60.00     	11507.34	23.2 	32.6 	4.425169E+0	4.194371E-7 	1.797717E+7	2.802380E+3	-1.596097E+0	4.195633E-4 	4.428003E+0	4.425169E+0
60.0    	17      	4.167881E+0	1.661547E-3	2.45E+1    	60.00     	11509.90	23.2 	32.6 	4.164666E+0	2.655591E-6 	1.910040E+7	7.544534E+3	-1.598573E+0	2.458319E-4 	4.167881E+0	4.164666E+0
60.0    	18      	3.940255E+0	1.439015E-3	2.45E+1    	60.00     	11512.48	23.2 	32.6 	3.936598E+0	2.030175E-6 	2.020540E+7	7.343024E+3	-1.601267E+0	2.702468E-4 	3.940255E+0	3.936598E+0
60.0    	19      	4.221004E+0	1.054160E-3	2.67E+1    	60.00     	11515.04	23.2 	32.6 	4.219184E+0	1.066082E-6 	1.885680E+7	4.660472E+3	-1.591560E+0	3.659235E-4 	4.221004E+0	4.219184E+0
60.0    	20      	3.932751E+0	1.641006E-3	2.47E+1    	60.00     	11517.61	23.2 	32.6 	3.929122E+0	2.583921E-6 	2.024390E+7	8.364807E+3	-1.601180E+0	2.007486E-4 	3.932751E+0	3.929122E+0
60.0    	21      	4.168835E+0	6.656783E-4	2.58E+1    	60.00     	11520.17	23.2 	32.6 	4.165122E+0	4.637891E-7 	1.909717E+7	3.085990E+3	-1.600647E+0	9.291573E-5 	4.168835E+0	4.165122E+0
60.0    	22      	3.930318E+0	1.165038E-3	2.59E+1    	60.00     	11522.75	23.2 	32.6 	3.926664E+0	1.315583E-6 	2.025650E+7	5.957348E+3	-1.601290E+0	2.879236E-4 	3.930318E+0	3.926664E+0
60.0    	23      	3.924669E+0	6.396101E-4	2.72E+1    	60.00     	11525.34	23.2 	32.6 	3.921043E+0	3.047039E-7 	2.028560E+7	3.080584E+3	-1.601197E+0	3.768731E-4 	3.924669E+0	3.921043E+0
60.0    	24      	3.924700E+0	1.211705E-3	2.78E+1    	60.00     	11527.91	23.2 	32.6 	3.921127E+0	1.366491E-6 	2.028530E+7	6.153861E+3	-1.600973E+0	1.960442E-4 	3.924700E+0	3.921127E+0
60.0    	25      	4.131966E+0	1.123649E-3	2.50E+1    	60.00     	11530.47	23.2 	32.6 	4.118732E+0	1.380361E-6 	1.928990E+7	5.373081E+3	-1.627420E+0	1.757840E-4 	4.131966E+0	4.118732E+0
60.0    	26      	1.816095E+0	3.422877E-3	2.84E+1    	60.00     	11533.05	23.2 	32.6 	1.544523E+0	1.245203E-5 	4.751437E+7	9.903587E+4	-1.173747E+0	5.316327E-4 	1.816095E+0	1.544523E+0
60.0    	27      	4.224659E+0	1.131939E-3	2.78E+1    	60.00     	11535.63	23.2 	32.6 	4.203608E+0	1.007787E-6 	1.888353E+7	4.747982E+3	-1.641443E+0	4.856267E-4 	4.224659E+0	4.203608E+0
60.0    	28      	4.113914E+0	9.512358E-4	2.70E+1    	60.00     	11538.20	23.2 	32.6 	4.108968E+0	8.989736E-7 	1.935513E+7	4.465796E+3	-1.605473E+0	3.181719E-4 	4.113914E+0	4.108968E+0
60.0    	29      	3.921343E+0	7.440101E-4	2.74E+1    	60.00     	11540.78	23.2 	32.6 	3.917786E+0	4.192702E-7 	2.030263E+7	3.601851E+3	-1.600913E+0	4.410593E-4 	3.921343E+0	3.917786E+0
60.0    	30      	3.918988E+0	3.173717E-4	2.49E+1    	60.00     	11543.35	23.2 	32.6 	3.915511E+0	8.035655E-8 	2.031463E+7	1.550269E+3	-1.600587E+0	2.929733E-4 	3.918988E+0	3.915511E+0
60.0    	31      	3.927090E+0	1.684171E-3	2.61E+1    	60.00     	11545.93	23.2 	32.6 	3.923524E+0	3.012899E-6 	2.027293E+7	8.829685E+3	-1.600933E+0	3.089229E-4 	3.927090E+0	3.923524E+0
60.0    	32      	4.159590E+0	6.316631E-4	2.63E+1    	60.00     	11548.50	23.2 	32.6 	4.156455E+0	3.914190E-7 	1.913830E+7	2.893095E+3	-1.598253E+0	6.658328E-5 	4.159590E+0	4.156455E+0
60.0    	33      	4.160784E+0	2.106445E-3	2.45E+1    	60.00     	11551.08	23.2 	32.6 	4.157464E+0	4.461732E-6 	1.913323E+7	9.702749E+3	-1.599047E+0	8.504901E-5 	4.160784E+0	4.157464E+0
60.0    	34      	3.927196E+0	1.127448E-3	2.44E+1    	60.00     	11553.65	23.2 	32.6 	3.923779E+0	1.202473E-6 	2.027200E+7	5.741951E+3	-1.600297E+0	1.289703E-4 	3.927196E+0	3.923779E+0
60.0    	35      	3.920376E+0	3.439700E-4	2.80E+1    	60.00     	11556.21	23.2 	32.6 	3.916874E+0	1.589005E-7 	2.030750E+7	1.907878E+3	-1.600687E+0	4.712041E-4 	3.920376E+0	3.916874E+0
60.0    	36      	3.926653E+0	1.613195E-3	2.48E+1    	60.00     	11558.78	23.2 	32.6 	3.923161E+0	2.674023E-6 	2.027500E+7	8.388087E+3	-1.600620E+0	2.700000E-4 	3.926653E+0	3.923161E+0
60.0    	37      	4.104351E+0	5.884103E-4	2.56E+1    	60.00     	11561.36	23.2 	32.6 	4.094067E+0	3.294825E-7 	1.941290E+7	2.749545E+3	-1.620873E+0	1.305118E-4 	4.104351E+0	4.094067E+0
60.0    	38      	3.920685E+0	1.031467E-3	2.64E+1    	60.00     	11563.95	23.2 	32.6 	3.917981E+0	1.132893E-6 	2.030383E+7	5.424328E+3	-1.597060E+0	4.592385E-4 	3.920685E+0	3.917981E+0
60.0    	39      	3.925563E+0	5.188555E-4	2.48E+1    	60.00     	11566.52	23.2 	32.6 	3.921940E+0	2.431610E-7 	2.028097E+7	2.610236E+3	-1.601180E+0	2.868798E-4 	3.925563E+0	3.921940E+0
60.0    	40      	3.944844E+0	6.936455E-4	2.81E+1    	60.00     	11569.09	23.2 	32.6 	3.937447E+0	6.482468E-7 	2.019147E+7	3.839705E+3	-1.614110E+0	3.345146E-4 	3.944844E+0	3.937447E+0
60.0    	41      	3.780437E+0	5.718078E-4	2.73E+1    	60.00     	11571.67	23.2 	32.6 	3.685454E+0	8.007720E-7 	2.131933E+7	4.200397E+3	-1.411617E+0	2.853653E-4 	3.780437E+0	3.685454E+0
60.0    	42      	4.138407E+0	1.896435E-3	2.51E+1    	60.00     	11574.23	23.2 	32.6 	4.125787E+0	3.540769E-6 	1.925840E+7	8.801704E+3	-1.626047E+0	2.281082E-4 	4.138407E+0	4.125787E+0
60.0    	43      	3.924812E+0	1.482322E-3	2.57E+1    	60.00     	11576.80	23.2 	32.6 	3.921390E+0	2.153122E-6 	2.028433E+7	7.621898E+3	-1.600330E+0	3.822303E-4 	3.924812E+0	3.921390E+0
60.0    	44      	3.920560E+0	1.488439E-3	2.57E+1    	60.00     	11579.39	23.2 	32.6 	3.917116E+0	2.045169E-6 	2.030640E+7	7.562407E+3	-1.600440E+0	2.475884E-4 	3.920560E+0	3.917116E+0
60.0    	45      	3.926221E+0	8.433455E-4	2.52E+1    	60.00     	11581.95	23.2 	32.6 	3.922831E+0	6.138105E-7 	2.027697E+7	4.202777E+3	-1.600187E+0	2.579406E-4 	3.926221E+0	3.922831E+0
60.0    	46      	3.915151E+0	1.632731E-3	2.71E+1    	60.00     	11584.53	23.2 	32.6 	3.911553E+0	2.688222E-6 	2.033487E+7	8.500784E+3	-1.601113E+0	3.701801E-4 	3.915151E+0	3.911553E+0
60.0    	47      	3.915763E+0	2.223843E-3	2.84E+1    	60.00     	11587.09	23.2 	32.6 	3.912070E+0	4.504342E-6 	2.033193E+7	1.128554E+4	-1.601510E+0	4.257934E-4 	3.915763E+0	3.912070E+0
60.0    	48      	4.152804E+0	1.368276E-3	2.80E+1    	60.00     	11589.69	23.2 	32.6 	4.149504E+0	1.676613E-6 	1.916997E+7	6.150068E+3	-1.598990E+0	3.119295E-4 	4.152804E+0	4.149504E+0
60.0    	49      	4.200169E+0	7.258166E-4	2.79E+1    	60.00     	11592.25	23.2 	32.6 	4.197076E+0	4.984139E-7 	1.895323E+7	3.231615E+3	-1.597937E+0	1.154701E-4 	4.200169E+0	4.197076E+0
60.0    	50      	3.924224E+0	1.292379E-3	2.81E+1    	60.00     	11594.87	23.2 	32.6 	3.920560E+0	1.650050E-6 	2.028800E+7	6.664083E+3	-1.601360E+0	4.582576E-5 	3.924224E+0	3.920560E+0
60.0    	51      	3.921505E+0	1.114731E-3	2.55E+1    	60.00     	11597.40	23.2 	32.6 	3.918036E+0	1.267976E-6 	2.030157E+7	5.802011E+3	-1.600543E+0	5.507571E-5 	3.921505E+0	3.918036E+0
60.0    	52      	4.100396E+0	1.689456E-3	2.57E+1    	60.00     	11599.97	23.2 	32.6 	4.090526E+0	2.518176E-6 	1.943067E+7	7.769384E+3	-1.619877E+0	2.804164E-4 	4.100396E+0	4.090526E+0
60.0    	53      	2.229067E+0	2.823888E-2	2.89E+1    	60.00     	11602.53	23.2 	32.6 	1.680525E+0	3.119790E-4 	4.111923E+7	4.752687E+5	-1.051747E+0	1.975103E-3 	2.229067E+0	1.680525E+0
60.0    	54      	4.100957E+0	1.371425E-3	2.78E+1    	60.00     	11605.12	23.2 	32.6 	4.090724E+0	1.824033E-6 	1.942887E+7	6.453165E+3	-1.620770E+0	2.364318E-4 	4.100957E+0	4.090724E+0
60.0    	55      	3.924241E+0	5.397082E-4	2.50E+1    	60.00     	11607.68	23.2 	32.6 	3.920658E+0	2.486109E-7 	2.028770E+7	2.685144E+3	-1.601020E+0	1.752142E-4 	3.924241E+0	3.920658E+0
60.0    	56      	3.925839E+0	1.953717E-4	2.70E+1    	60.00     	11610.25	23.2 	32.6 	3.921008E+0	5.984319E-8 	2.028267E+7	1.137248E+3	-1.605883E+0	1.814754E-4 	3.925839E+0	3.921008E+0
60.0    	57      	3.947572E+0	1.447534E-4	2.67E+1    	60.00     	11612.83	23.2 	32.6 	3.937001E+0	1.155738E-8 	2.018563E+7	6.429101E+2	-1.622567E+0	1.069268E-4 	3.947572E+0	3.937001E+0
60.0    	58      	3.919913E+0	9.174921E-4	2.87E+1    	60.00     	11615.39	23.2 	32.6 	3.916360E+0	8.881764E-7 	2.031003E+7	4.821134E+3	-1.600903E+0	1.205543E-4 	3.919913E+0	3.916360E+0
60.0    	59      	3.917302E+0	2.105972E-3	2.84E+1    	60.00     	11617.96	23.2 	32.6 	3.913665E+0	4.511055E-6 	2.032380E+7	1.097770E+4	-1.601270E+0	2.463737E-4 	3.917302E+0	3.913665E+0
60.0    	60      	3.919888E+0	1.274968E-3	2.45E+1    	60.00     	11620.53	23.2 	32.6 	3.916205E+0	1.508535E-6 	2.031050E+7	6.486139E+3	-1.601453E+0	3.590729E-4 	3.919888E+0	3.916205E+0
60.0    	61      	4.208144E+0	7.884250E-4	2.78E+1    	60.00     	11623.11	23.2 	32.6 	4.204904E+0	6.634428E-7 	1.891763E+7	3.601851E+3	-1.598550E+0	2.645751E-4 	4.208144E+0	4.204904E+0
60.0    	62      	4.210028E+0	1.486746E-3	2.55E+1    	60.00     	11625.69	23.2 	32.6 	4.206995E+0	2.340121E-6 	1.890870E+7	6.775692E+3	-1.597637E+0	2.050203E-4 	4.210028E+0	4.206995E+0
60.0    	63      	3.921746E+0	9.205880E-4	2.70E+1    	60.00     	11628.26	23.2 	32.6 	3.918182E+0	7.837120E-7 	2.030057E+7	4.675824E+3	-1.600947E+0	1.939931E-4 	3.921746E+0	3.918182E+0
60.0    	64      	4.354741E+0	3.491983E-4	2.64E+1    	60.00     	11630.83	23.2 	32.6 	4.350750E+0	5.931160E-8 	1.828213E+7	1.242310E+3	-1.601073E+0	4.215843E-4 	4.354741E+0	4.350750E+0
60.0    	65      	4.216794E+0	4.078601E-4	2.76E+1    	60.00     	11633.40	23.2 	32.6 	4.213575E+0	1.551276E-7 	1.887877E+7	1.795364E+3	-1.598430E+0	6.557439E-5 	4.216794E+0	4.213575E+0
60.0    	66      	3.921058E+0	5.698331E-4	2.55E+1    	60.00     	11636.01	23.2 	32.6 	3.917620E+0	3.282640E-7 	2.030380E+7	2.954657E+3	-1.600410E+0	3.011644E-4 	3.921058E+0	3.917620E+0
60.0    	67      	3.934984E+0	2.929465E-4	2.55E+1    	60.00     	11638.54	23.2 	32.6 	3.931487E+0	9.145409E-8 	2.023207E+7	1.530795E+3	-1.600610E+0	7.000000E-5 	3.934984E+0	3.931487E+0
60.0    	68      	3.928108E+0	6.578785E-4	2.64E+1    	60.00     	11641.11	23.2 	32.6 	3.924649E+0	4.841879E-7 	2.026740E+7	3.482815E+3	-1.600473E+0	4.833563E-4 	3.928108E+0	3.924649E+0
60.0    	69      	4.098212E+0	1.247718E-3	2.53E+1    	60.00     	11643.68	23.2 	32.6 	4.088160E+0	1.685424E-6 	1.944147E+7	6.046762E+3	-1.620343E+0	1.357694E-4 	4.098212E+0	4.088160E+0
60.0    	70      	3.924898E+0	5.855211E-4	2.62E+1    	60.00     	11646.25	23.2 	32.6 	3.921535E+0	3.345632E-7 	2.028373E+7	3.007214E+3	-1.600070E+0	1.587451E-4 	3.924898E+0	3.921535E+0
60.0    	71      	3.924577E+0	1.076951E-3	2.86E+1    	60.00     	11648.83	23.2 	32.6 	3.919743E+0	1.379606E-6 	2.028920E+7	5.819794E+3	-1.605897E+0	4.903400E-4 	3.924577E+0	3.919743E+0
60.0    	72      	3.898134E+0	1.555585E-3	2.79E+1    	60.00     	11651.41	23.2 	32.6 	3.894654E+0	2.072733E-6 	2.042337E+7	7.848779E+3	-1.540917E+0	5.036202E-4 	3.898134E+0	3.894654E+0
60.0    	73      	3.878118E+0	1.082063E-3	3.15E+1    	60.00     	11653.95	23.2 	32.6 	3.856854E+0	3.458185E-6 	2.057610E+7	7.831347E+3	-1.496690E+0	1.367041E-3 	3.878118E+0	3.856854E+0
60.0    	74      	3.928055E+0	8.782303E-4	2.49E+1    	60.00     	11656.55	23.2 	32.6 	3.922483E+0	7.868462E-7 	2.027313E+7	4.545694E+3	-1.608467E+0	4.400379E-4 	3.928055E+0	3.922483E+0
60.0    	75      	3.920547E+0	1.696832E-3	2.53E+1    	60.00     	11659.11	23.2 	32.6 	3.917154E+0	2.312599E-6 	2.030633E+7	8.333867E+3	-1.600210E+0	7.998125E-4 	3.920547E+0	3.917154E+0
60.0    	76      	4.204980E+0	1.173621E-3	2.89E+1    	60.00     	11661.68	23.2 	32.6 	4.202335E+0	1.290428E-6 	1.893053E+7	5.198397E+3	-1.595873E+0	3.914503E-4 	4.204980E+0	4.202335E+0
60.0    	77      	5.797185E-1	1.222342E-3	2.50E+1    	60.00     	11664.27	23.2 	32.6 	5.464418E-1	5.714355E-7 	1.413873E+8	2.447250E+5	-1.812730E+0	1.707132E-3 	5.797185E-1	5.464418E-1
60.0    	78      	5.846685E-1	1.205246E-3	3.36E+1    	60.00     	11666.81	23.2 	32.6 	5.502912E-1	1.071702E-6 	1.402943E+8	2.764314E+5	-1.815720E+0	3.751000E-4 	5.846685E-1	5.502912E-1
60.0    	79      	4.424819E+0	2.425234E-3	2.50E+1    	60.00     	11669.40	23.2 	32.6 	4.421417E+0	5.885511E-6 	1.799127E+7	9.867286E+3	-1.598523E+0	3.775359E-4 	4.424819E+0	4.421417E+0
60.0    	80      	1.577011E+0	7.127930E-4	2.52E+1    	60.00     	11671.97	23.2 	32.6 	1.574015E+0	1.080034E-6 	5.050897E+7	2.779215E+4	-1.527267E+0	3.005068E-3 	1.577011E+0	1.574015E+0
60.0    	81      	4.198258E+0	9.614574E-4	2.53E+1    	60.00     	11674.53	23.2 	32.6 	4.195120E+0	9.979891E-7 	1.896197E+7	4.427565E+3	-1.598137E+0	2.454248E-4 	4.198258E+0	4.195120E+0
60.0    	82      	3.947894E+0	6.462906E-4	2.77E+1    	60.00     	11677.10	23.2 	32.6 	3.944074E+0	4.216613E-7 	2.016670E+7	3.304542E+3	-1.601907E+0	3.332166E-4 	3.947894E+0	3.944074E+0
60.0    	83      	3.945150E+0	1.449203E-3	2.79E+1    	60.00     	11679.70	23.2 	32.6 	3.941748E+0	2.072578E-6 	2.017967E+7	7.390760E+3	-1.600163E+0	4.618802E-5 	3.945150E+0	3.941748E+0
60.0    	84      	3.984762E+0	7.178814E-4	2.51E+1    	60.00     	11682.27	23.2 	32.6 	3.981350E+0	4.787117E-7 	1.997900E+7	3.534119E+3	-1.600063E+0	1.950214E-4 	3.984762E+0	3.981350E+0
60.0    	85      	3.947873E+0	5.483273E-4	2.67E+1    	60.00     	11684.84	23.2 	32.6 	3.944526E+0	2.989774E-7 	2.016560E+7	2.787472E+3	-1.599913E+0	4.163332E-4 	3.947873E+0	3.944526E+0
60.0    	86      	3.947793E+0	7.016617E-4	2.61E+1    	60.00     	11687.42	23.2 	32.6 	3.944579E+0	3.738932E-7 	2.016567E+7	3.353108E+3	-1.599330E+0	4.439595E-4 	3.947793E+0	3.944579E+0
60.0    	87      	3.957119E+0	7.197073E-4	2.46E+1    	60.00     	11689.98	23.2 	32.6 	3.953862E+0	4.964138E-7 	2.011823E+7	3.619853E+3	-1.599487E+0	2.138535E-4 	3.957119E+0	3.953862E+0
60.0    	88      	3.959575E+0	1.755651E-4	2.66E+1    	60.00     	11692.55	23.2 	32.6 	3.955105E+0	4.179040E-8 	2.010883E+7	8.504901E+2	-1.604397E+0	6.885734E-4 	3.959575E+0	3.955105E+0
60.0    	89      	3.962436E+0	5.415363E-4	2.77E+1    	60.00     	11695.11	23.2 	32.6 	3.957062E+0	2.226958E-7 	2.009660E+7	2.570992E+3	-1.607630E+0	2.451530E-4 	3.962436E+0	3.957062E+0
60.0    	90      	3.955569E+0	8.189095E-4	2.72E+1    	60.00     	11697.69	23.2 	32.6 	3.952386E+0	7.010006E-7 	2.012593E+7	4.214657E+3	-1.599167E+0	1.644182E-4 	3.955569E+0	3.952386E+0
60.0    	91      	3.949273E+0	8.002236E-4	2.85E+1    	60.00     	11700.26	23.2 	32.6 	3.945945E+0	7.086359E-7 	2.015840E+7	4.186884E+3	-1.599830E+0	3.994997E-4 	3.949273E+0	3.945945E+0
60.0    	92      	3.948126E+0	1.611794E-3	2.75E+1    	60.00     	11702.84	23.2 	32.6 	3.944848E+0	2.810267E-6 	2.016413E+7	8.400198E+3	-1.599617E+0	2.995552E-4 	3.948126E+0	3.944848E+0
60.0    	93      	4.265205E+0	1.736061E-3	2.70E+1    	60.00     	11705.42	23.2 	32.6 	4.262385E+0	2.975922E-6 	1.866353E+7	7.574519E+3	-1.596510E+0	3.500000E-4 	4.265205E+0	4.262385E+0
60.0    	94      	4.234787E+0	2.125816E-3	2.46E+1    	60.00     	11708.00	23.2 	32.6 	4.232254E+0	4.567009E-6 	1.879700E+7	9.462029E+3	-1.595253E+0	6.350853E-5 	4.234787E+0	4.232254E+0
60.0    	95      	3.945906E+0	6.435281E-4	2.84E+1    	60.00     	11710.56	23.1 	32.6 	3.942438E+0	3.919916E-7 	2.017597E+7	3.247050E+3	-1.600443E+0	1.209683E-4 	3.945906E+0	3.942438E+0
60.0    	96      	4.399802E+0	1.153472E-3	2.70E+1    	60.00     	11713.14	23.2 	32.6 	4.396125E+0	1.175032E-6 	1.809417E+7	4.600362E+3	-1.599707E+0	3.590729E-4 	4.399802E+0	4.396125E+0
60.0    	97      	4.181829E+0	1.227142E-3	2.82E+1    	60.00     	11715.72	23.1 	32.6 	4.178351E+0	1.582159E-6 	1.903727E+7	5.658033E+3	-1.599640E+0	1.322876E-4 	4.181829E+0	4.178351E+0
60.0    	98      	3.938442E+0	1.096771E-3	2.79E+1    	60.00     	11718.30	23.2 	32.6 	3.938099E+0	1.227496E-6 	2.020620E+7	5.655970E+3	-1.580123E+0	1.582193E-4 	3.938442E+0	3.938099E+0
60.0    	99      	3.944827E+0	9.144362E-4	2.76E+1    	60.00     	11720.87	23.1 	32.6 	3.941120E+0	1.031351E-6 	2.018210E+7	4.938623E+3	-1.601457E+0	4.272392E-4 	3.944827E+0	3.941120E+0
60.0    	100     	3.961492E+0	6.673791E-4	2.56E+1    	60.00     	11723.45	23.1 	32.6 	3.958070E+0	5.061296E-7 	2.009643E+7	3.496188E+3	-1.600190E+0	3.109662E-4 	3.961492E+0	3.958070E+0
60.0    	101     	3.945524E+0	1.478857E-3	2.57E+1    	60.00     	11726.02	23.2 	32.6 	3.942312E+0	2.232022E-6 	2.017727E+7	7.603508E+3	-1.599333E+0	2.538372E-4 	3.945524E+0	3.942312E+0
60.0    	102     	3.956480E+0	9.756932E-4	2.79E+1    	60.00     	11728.59	23.1 	32.6 	3.953217E+0	8.629681E-7 	2.012150E+7	4.844585E+3	-1.599520E+0	2.193171E-4 	3.956480E+0	3.953217E+0
60.0    	103     	3.955328E+0	6.218693E-4	2.56E+1    	60.00     	11731.17	23.1 	32.6 	3.951867E+0	4.479597E-7 	2.012787E+7	3.286842E+3	-1.600380E+0	2.088061E-4 	3.955328E+0	3.951867E+0
60.0    	104     	3.953256E+0	1.125317E-3	2.59E+1    	60.00     	11733.75	23.1 	32.6 	3.949908E+0	1.205837E-6 	2.013813E+7	5.661566E+3	-1.599900E+0	3.364521E-4 	3.953256E+0	3.949908E+0
60.0    	105     	3.957558E+0	2.614136E-4	3.28E+1    	60.00     	11736.30	23.1 	32.6 	3.954354E+0	1.082296E-7 	2.011587E+7	1.501111E+3	-1.599253E+0	3.013857E-4 	3.957558E+0	3.954354E+0
60.0    	106     	3.958100E+0	5.803818E-4	2.85E+1    	60.00     	11738.89	23.1 	32.6 	3.954835E+0	3.362555E-7 	2.011327E+7	2.948446E+3	-1.599520E+0	1.276715E-4 	3.958100E+0	3.954835E+0
60.0    	107     	3.949617E+0	8.336982E-4	2.61E+1    	60.00     	11741.47	23.1 	32.6 	3.946201E+0	7.086064E-7 	2.015687E+7	4.272392E+3	-1.600210E+0	3.304542E-4 	3.949617E+0	3.946201E+0
60.0    	108     	3.943824E+0	2.423510E-3	2.72E+1    	60.00     	11744.05	23.1 	32.6 	3.940561E+0	5.883692E-6 	2.018610E+7	1.241813E+4	-1.599563E+0	1.205543E-4 	3.943824E+0	3.940561E+0
60.0    	109     	3.958564E+0	5.828038E-4	2.45E+1    	60.00     	11746.62	23.1 	32.6 	3.955039E+0	3.242977E-7 	2.011157E+7	2.926317E+3	-1.600643E+0	1.965536E-4 	3.958564E+0	3.955039E+0
60.0    	110     	3.940488E+0	2.259615E-4	2.78E+1    	60.00     	11749.19	23.1 	32.6 	3.937144E+0	4.708289E-8 	2.020340E+7	1.135782E+3	-1.599930E+0	5.567764E-5 	3.940488E+0	3.937144E+0
60.0    	111     	3.932676E+0	4.049599E-4	2.87E+1    	60.00     	11751.74	23.1 	32.6 	3.929157E+0	2.139235E-7 	2.024400E+7	2.233831E+3	-1.600713E+0	2.478575E-4 	3.932676E+0	3.929157E+0
60.0    	112     	4.177447E+0	1.187248E-3	2.52E+1    	60.00     	11754.33	23.1 	32.6 	4.174353E+0	1.414108E-6 	1.905637E+7	5.422484E+3	-1.598017E+0	1.285820E-4 	4.177447E+0	4.174353E+0
60.0    	113     	4.166305E+0	1.437235E-3	2.57E+1    	60.00     	11756.89	23.1 	32.6 	4.163014E+0	2.095986E-6 	1.910780E+7	6.618912E+3	-1.598903E+0	1.778576E-4 	4.166305E+0	4.163014E+0
60.0    	114     	3.931107E+0	9.933185E-4	2.85E+1    	60.00     	11759.46	23.1 	32.6 	3.927259E+0	1.020649E-6 	2.025293E+7	5.163655E+3	-1.602087E+0	1.305118E-4 	3.931107E+0	3.927259E+0
60.0    	115     	3.930560E+0	3.471674E-4	2.53E+1    	60.00     	11762.05	23.1 	32.6 	3.927133E+0	1.175555E-7 	2.025467E+7	1.778576E+3	-1.600327E+0	4.618802E-5 	3.930560E+0	3.927133E+0
60.0    	116     	3.944906E+0	1.617179E-3	3.05E+1    	60.00     	11764.60	23.1 	32.6 	3.941328E+0	2.519689E-6 	2.018137E+7	8.200203E+3	-1.600913E+0	1.789786E-4 	3.944906E+0	3.941328E+0
60.0    	117     	3.931334E+0	7.451035E-4	2.70E+1    	60.00     	11767.19	23.1 	32.6 	3.927873E+0	5.243846E-7 	2.025077E+7	3.785939E+3	-1.600470E+0	1.100000E-4 	3.931334E+0	3.927873E+0
60.0    	118     	3.946933E+0	7.043429E-4	2.87E+1    	60.00     	11769.76	23.1 	32.6 	3.943653E+0	5.790150E-7 	2.017023E+7	3.744774E+3	-1.599623E+0	2.811287E-4 	3.946933E+0	3.943653E+0
60.0    	119     	3.945452E+0	9.700517E-4	3.21E+1    	60.00     	11772.32	23.1 	32.6 	3.942202E+0	9.739552E-7 	2.017773E+7	5.006329E+3	-1.599500E+0	1.479865E-4 	3.945452E+0	3.942202E+0
60.0    	120     	3.947417E+0	6.186251E-4	3.09E+1    	60.00     	11774.89	23.1 	32.6 	3.944095E+0	4.214675E-7 	2.016787E+7	3.233162E+3	-1.599810E+0	3.850974E-4 	3.947417E+0	3.944095E+0
60.0    	121     	3.950679E+0	4.074182E-4	2.76E+1    	60.00     	11777.48	23.1 	32.6 	3.947530E+0	1.573296E-7 	2.015077E+7	2.050203E+3	-1.599033E+0	1.320353E-4 	3.950679E+0	3.947530E+0
60.0    	122     	3.951117E+0	1.420503E-3	2.56E+1    	60.00     	11780.06	23.1 	32.6 	3.947916E+0	2.160612E-6 	2.014867E+7	7.371115E+3	-1.599260E+0	4.309292E-4 	3.951117E+0	3.947916E+0
60.0    	123     	3.937421E+0	9.516508E-4	2.51E+1    	60.00     	11782.62	23.1 	32.6 	3.934029E+0	9.167802E-7 	2.021927E+7	4.900340E+3	-1.600150E+0	3.214032E-4 	3.937421E+0	3.934029E+0
60.0    	124     	3.936402E+0	1.550374E-3	2.86E+1    	60.00     	11785.18	23.1 	32.6 	3.932092E+0	2.268724E-6 	2.022687E+7	7.858965E+3	-1.603890E+0	1.646208E-4 	3.936402E+0	3.932092E+0
60.0    	125     	3.933622E+0	5.909299E-4	2.66E+1    	60.00     	11787.75	23.1 	32.6 	3.930076E+0	3.220401E-7 	2.023920E+7	2.981610E+3	-1.600827E+0	9.712535E-5 	3.933622E+0	3.930076E+0
60.0    	126     	3.925083E+0	3.038321E-4	2.51E+1    	60.00     	11790.34	23.1 	32.6 	3.921647E+0	1.010314E-7 	2.028297E+7	1.594783E+3	-1.600383E+0	3.365016E-4 	3.925083E+0	3.921647E+0
60.0    	127     	3.926513E+0	1.446965E-3	3.25E+1    	60.00     	11792.89	23.1 	32.6 	3.923133E+0	2.221036E-6 	2.027543E+7	7.585732E+3	-1.600143E+0	2.059935E-4 	3.926513E+0	3.923133E+0
60.0    	128     	4.157975E+0	1.128019E-3	2.57E+1    	60.00     	11795.48	23.1 	32.6 	4.154725E+0	1.448735E-6 	1.914600E+7	5.370289E+3	-1.598757E+0	3.800439E-4 	4.157975E+0	4.154725E+0
60.0    	129     	4.152410E+0	1.231615E-3	3.27E+1    	60.00     	11798.03	23.1 	32.6 	4.149248E+0	1.517104E-6 	1.917147E+7	5.687120E+3	-1.598393E+0	1.550269E-4 	4.152410E+0	4.149248E+0
60.0    	130     	3.928624E+0	1.047358E-3	2.98E+1    	60.00     	11800.62	23.1 	32.6 	3.925283E+0	9.921241E-7 	2.026443E+7	5.272887E+3	-1.599960E+0	2.251666E-4 	3.928624E+0	3.925283E+0
60.0    	131     	3.924725E+0	1.234675E-3	2.58E+1    	60.00     	11803.18	23.1 	32.6 	3.921245E+0	1.439449E-6 	2.028493E+7	6.293118E+3	-1.600577E+0	2.973774E-4 	3.924725E+0	3.921245E+0
60.0    	132     	3.928025E+0	1.255305E-3	2.67E+1    	60.00     	11805.75	23.1 	32.6 	3.924603E+0	1.447617E-6 	2.026773E+7	6.344551E+3	-1.600317E+0	2.458319E-4 	3.928025E+0	3.924603E+0
60.0    	133     	3.926359E+0	1.247418E-3	2.51E+1    	60.00     	11808.34	23.1 	32.6 	3.922925E+0	1.505179E-6 	2.027637E+7	6.387749E+3	-1.600370E+0	4.200000E-4 	3.926359E+0	3.922925E+0
60.0    	134     	3.942980E+0	2.039052E-3	3.05E+1    	60.00     	11810.89	23.1 	32.6 	3.939739E+0	3.810926E-6 	2.019037E+7	1.022073E+4	-1.599467E+0	3.763420E-4 	3.942980E+0	3.939739E+0
60.0    	135     	3.946682E+0	1.077897E-3	2.70E+1    	60.00     	11813.48	23.1 	32.6 	3.943461E+0	1.072999E-6 	2.017137E+7	5.401234E+3	-1.599363E+0	3.407834E-4 	3.946682E+0	3.943461E+0
60.0    	136     	3.941327E+0	5.524543E-4	2.42E+1    	60.00     	11816.04	23.1 	32.6 	3.937905E+0	4.319707E-7 	2.019930E+7	3.100000E+3	-1.600263E+0	4.800347E-4 	3.941327E+0	3.937905E+0
60.0    	137     	3.943722E+0	1.771417E-3	2.72E+1    	60.00     	11818.63	23.1 	32.6 	3.940389E+0	3.004043E-6 	2.018680E+7	8.970507E+3	-1.599873E+0	2.468468E-4 	3.943722E+0	3.940389E+0
60.0    	138     	3.948677E+0	1.076149E-3	2.79E+1    	60.00     	11821.20	23.1 	32.6 	3.945471E+0	1.274333E-6 	2.016113E+7	5.632347E+3	-1.599293E+0	2.396525E-4 	3.948677E+0	3.945471E+0
60.0    	139     	3.942790E+0	5.277251E-4	2.71E+1    	60.00     	11823.78	23.1 	32.6 	3.938588E+0	2.581031E-7 	2.019380E+7	2.651415E+3	-1.603447E+0	1.833939E-4 	3.942790E+0	3.938588E+0
60.0    	140     	3.906568E+0	9.225782E-4	2.69E+1    	60.00     	11826.36	23.1 	32.6 	3.904616E+0	8.309334E-7 	2.037527E+7	4.781562E+3	-1.548440E+0	3.439477E-4 	3.906568E+0	3.904616E+0
60.0    	141     	3.930451E+0	2.085832E-3	2.81E+1    	60.00     	11828.95	23.1 	32.6 	3.926016E+0	4.523143E-6 	2.025783E+7	1.085833E+4	-1.604390E+0	3.244996E-4 	3.930451E+0	3.926016E+0
60.0    	142     	3.921640E+0	9.484005E-4	2.67E+1    	60.00     	11831.47	23.1 	32.6 	3.918249E+0	9.037841E-7 	2.030067E+7	4.913587E+3	-1.600207E+0	3.035347E-4 	3.921640E+0	3.918249E+0
60.0    	143     	3.924891E+0	1.512194E-3	2.61E+1    	60.00     	11834.05	23.1 	32.6 	3.921479E+0	2.098133E-6 	2.028390E+7	7.654410E+3	-1.600283E+0	3.225420E-4 	3.924891E+0	3.921479E+0
60.0    	144     	4.150449E+0	1.244527E-3	2.78E+1    	60.00     	11836.62	23.1 	32.6 	4.147257E+0	1.632201E-6 	1.918060E+7	5.827521E+3	-1.598530E+0	3.874274E-4 	4.150449E+0	4.147257E+0
60.0    	145     	4.334818E+0	2.096316E-3	2.58E+1    	60.00     	11839.24	23.1 	32.6 	4.331362E+0	4.344993E-6 	1.836507E+7	8.861339E+3	-1.599037E+0	7.637626E-5 	4.334818E+0	4.331362E+0
60.0    	146     	3.924586E+0	1.003091E-3	3.39E+1    	60.00     	11841.78	23.1 	32.6 	3.920984E+0	1.050159E-6 	2.028597E+7	5.236729E+3	-1.601093E+0	4.164533E-4 	3.924586E+0	3.920984E+0
60.0    	147     	3.927105E+0	1.126775E-3	2.80E+1    	60.00     	11844.33	23.1 	32.6 	3.923767E+0	1.255107E-6 	2.027227E+7	5.801149E+3	-1.599957E+0	1.973153E-4 	3.927105E+0	3.923767E+0
60.0    	148     	4.187858E+0	1.511728E-3	2.80E+1    	60.00     	11846.91	23.1 	32.6 	4.184827E+0	2.116204E-6 	1.900883E+7	6.735231E+3	-1.597700E+0	2.685144E-4 	4.187858E+0	4.184827E+0
60.0    	149     	3.926250E+0	9.933912E-4	2.86E+1    	60.00     	11849.48	23.1 	32.6 	3.922764E+0	1.177834E-6 	2.027707E+7	5.367805E+3	-1.600597E+0	4.528061E-4 	3.926250E+0	3.922764E+0
60.0    	150     	3.933288E+0	1.104430E-3	2.48E+1    	60.00     	11852.05	23.1 	32.6 	3.929854E+0	1.307881E-6 	2.024063E+7	5.787343E+3	-1.600350E+0	2.066398E-4 	3.933288E+0	3.929854E+0
60.0    	151     	3.943058E+0	6.170720E-4	2.86E+1    	60.00     	11854.63	23.1 	32.6 	3.939751E+0	4.165554E-7 	2.019013E+7	3.233162E+3	-1.599760E+0	1.637071E-4 	3.943058E+0	3.939751E+0
60.0    	152     	3.945498E+0	2.200570E-3	2.83E+1    	60.00     	11857.20	23.1 	32.6 	3.942274E+0	5.324507E-6 	2.017743E+7	1.152837E+4	-1.599383E+0	4.878866E-4 	3.945498E+0	3.942274E+0
60.0    	153     	3.944119E+0	1.350761E-3	2.86E+1    	60.00     	11859.77	23.1 	32.6 	3.940760E+0	1.777687E-6 	2.018483E+7	6.871924E+3	-1.599983E+0	1.365040E-4 	3.944119E+0	3.940760E+0
60.0    	154     	3.942413E+0	1.026748E-3	2.66E+1    	60.00     	11862.35	23.1 	32.6 	3.939147E+0	1.018446E-6 	2.019333E+7	5.215681E+3	-1.599580E+0	1.300000E-4 	3.942413E+0	3.939147E+0
60.0    	155     	3.934915E+0	1.267607E-3	2.72E+1    	60.00     	11864.92	23.1 	32.6 	3.931543E+0	1.667428E-6 	2.023210E+7	6.582553E+3	-1.600077E+0	1.159023E-4 	3.934915E+0	3.931543E+0
60.0    	156     	3.924125E+0	1.098132E-3	2.66E+1    	60.00     	11867.50	23.1 	32.6 	3.919679E+0	1.222901E-6 	2.029053E+7	5.701169E+3	-1.604463E+0	1.450287E-4 	3.924125E+0	3.919679E+0
60.0    	157     	3.920601E+0	2.377264E-2	2.73E+1    	60.00     	11870.09	23.1 	32.6 	3.915868E+0	5.882441E-4 	2.031003E+7	1.243482E+5	-1.605327E+0	4.901809E-3 	3.920601E+0	3.915868E+0
60.0    	158     	3.922844E+0	1.495898E-3	3.27E+1    	60.00     	11872.65	23.1 	32.6 	3.919607E+0	2.130622E-6 	2.029403E+7	7.648747E+3	-1.599523E+0	1.942507E-4 	3.922844E+0	3.919607E+0
60.0    	159     	3.921688E+0	9.799263E-4	2.46E+1    	60.00     	11875.23	23.1 	32.6 	3.918175E+0	9.205317E-7 	2.030073E+7	5.021288E+3	-1.600730E+0	9.848858E-5 	3.921688E+0	3.918175E+0
60.0    	160     	4.147193E+0	1.225426E-3	2.63E+1    	60.00     	11877.81	23.1 	32.6 	4.143985E+0	1.608501E-6 	1.919570E+7	5.771482E+3	-1.598610E+0	2.783882E-4 	4.147193E+0	4.143985E+0
60.0    	161     	1.887094E+0	3.032471E-4	2.90E+1    	60.00     	11880.39	23.1 	32.6 	1.886589E+0	1.004985E-7 	4.217497E+7	6.870468E+3	-1.587110E+0	1.325481E-3 	1.887094E+0	1.886589E+0
60.0    	162     	4.290671E+0	1.614745E-3	2.42E+1    	60.00     	11882.95	23.1 	32.6 	4.280584E+0	1.961628E-6 	1.856847E+7	6.530952E+3	-1.619300E+0	5.117617E-4 	4.290671E+0	4.280584E+0
60.0    	163     	4.190688E+0	5.227982E-4	2.74E+1    	60.00     	11885.53	23.1 	32.6 	4.187593E+0	2.211403E-7 	1.899613E+7	2.250185E+3	-1.597973E+0	2.773686E-4 	4.190688E+0	4.187593E+0
60.0    	164     	5.805465E-1	2.442121E-3	2.45E+1    	60.00     	11888.11	23.1 	32.6 	5.447708E-1	1.252131E-6 	1.415037E+8	4.398799E+5	-1.821627E+0	4.350590E-3 	5.805465E-1	5.447708E-1
60.0    	165     	4.191384E+0	7.288363E-4	2.61E+1    	60.00     	11890.68	23.1 	32.6 	4.188530E+0	4.727328E-7 	1.899243E+7	3.208323E+3	-1.596890E+0	2.821347E-4 	4.191384E+0	4.188530E+0
60.0    	166     	3.930218E+0	8.122986E-4	3.32E+1    	60.00     	11893.24	23.1 	32.6 	3.926906E+0	7.582725E-7 	2.025613E+7	4.338587E+3	-1.599830E+0	2.773085E-4 	3.930218E+0	3.926906E+0
60.0    	167     	3.937264E+0	7.869435E-4	2.65E+1    	60.00     	11895.83	23.1 	32.6 	3.933954E+0	5.782633E-7 	2.021987E+7	3.971566E+3	-1.599793E+0	3.102150E-4 	3.937264E+0	3.933954E+0
60.0    	168     	3.936950E+0	8.265664E-4	2.97E+1    	60.00     	11898.38	23.1 	32.6 	3.933554E+0	7.768929E-7 	2.022170E+7	4.386342E+3	-1.600170E+0	3.477068E-4 	3.936950E+0	3.933554E+0
60.0    	169     	3.937718E+0	1.064335E-3	2.76E+1    	60.00     	11900.96	23.1 	32.6 	3.934369E+0	1.034519E-6 	2.021763E+7	5.346338E+3	-1.599967E+0	2.122106E-4 	3.937718E+0	3.934369E+0
60.0    	170     	3.937947E+0	4.711892E-4	2.84E+1    	60.00     	11903.53	23.1 	32.6 	3.934672E+0	1.839176E-7 	2.021627E+7	2.309401E+3	-1.599637E+0	2.379776E-4 	3.937947E+0	3.934672E+0
60.0    	171     	3.926965E+0	7.883694E-4	2.45E+1    	60.00     	11906.12	23.1 	32.6 	3.923790E+0	5.919949E-7 	2.027257E+7	4.020365E+3	-1.599233E+0	2.510644E-4 	3.926965E+0	3.923790E+0
60.0    	172     	3.922495E+0	6.944680E-4	3.14E+1    	60.00     	11908.67	23.1 	32.6 	3.919144E+0	5.739192E-7 	2.029613E+7	3.758102E+3	-1.600030E+0	2.951271E-4 	3.922495E+0	3.919144E+0
60.0    	173     	3.918355E+0	1.125903E-3	2.56E+1    	60.00     	11911.26	23.1 	32.6 	3.914794E+0	1.335027E-6 	2.031813E+7	5.918051E+3	-1.600947E+0	1.569501E-4 	3.918355E+0	3.914794E+0
60.0    	174     	3.923654E+0	9.924296E-4	2.58E+1    	60.00     	11913.84	23.1 	32.6 	3.920395E+0	9.921257E-7 	2.028990E+7	5.141984E+3	-1.599620E+0	1.708801E-4 	3.923654E+0	3.920395E+0
60.0    	175     	3.925558E+0	1.659437E-3	2.75E+1    	60.00     	11916.41	23.1 	32.6 	3.922127E+0	2.793723E-6 	2.028050E+7	8.606974E+3	-1.600363E+0	1.877054E-4 	3.925558E+0	3.922127E+0
60.0    	176     	4.147109E+0	1.382914E-3	2.82E+1    	60.00     	11918.98	23.1 	32.6 	4.143940E+0	1.900059E-6 	1.919600E+7	6.392965E+3	-1.598443E+0	2.510644E-4 	4.147109E+0	4.143940E+0
60.0    	177     	4.516625E+0	3.069581E-3	2.49E+1    	60.00     	11921.56	23.1 	32.6 	4.507494E+0	1.075727E-5 	1.763663E+7	1.240578E+4	-1.615773E+0	6.025225E-4 	4.516625E+0	4.507494E+0
60.0    	178     	2.161596E+0	4.622373E-2	2.67E+1    	60.00     	11924.12	23.1 	32.6 	1.607340E+0	7.192463E-4 	4.270270E+7	8.182542E+5	-1.039890E+0	4.038428E-3 	2.161596E+0	1.607340E+0
60.0    	179     	4.111095E+0	2.107964E-3	2.53E+1    	60.00     	11926.70	23.1 	32.6 	4.101736E+0	4.944252E-6 	1.937883E+7	1.021975E+4	-1.618527E+0	3.695042E-4 	4.111095E+0	4.101736E+0
60.0    	180     	4.186442E+0	1.495648E-3	3.38E+1    	60.00     	11929.25	23.1 	32.6 	4.183762E+0	2.397899E-6 	1.901447E+7	6.913995E+3	-1.596103E+0	2.548202E-4 	4.186442E+0	4.183762E+0
60.0    	181     	3.926111E+0	1.385274E-3	2.76E+1    	60.00     	11931.84	23.1 	32.6 	3.922889E+0	1.596291E-6 	2.027710E+7	6.841783E+3	-1.599443E+0	5.361281E-4 	3.926111E+0	3.922889E+0
60.0    	182     	3.923577E+0	2.167648E-3	2.76E+1    	60.00     	11934.42	23.1 	32.6 	3.920150E+0	4.631527E-6 	2.029073E+7	1.117244E+4	-1.600353E+0	2.557994E-4 	3.923577E+0	3.920150E+0
60.0    	183     	3.926499E+0	6.061882E-4	3.30E+1    	60.00     	11936.97	23.1 	32.6 	3.923275E+0	3.236397E-7 	2.027510E+7	3.034798E+3	-1.599453E+0	1.903506E-4 	3.926499E+0	3.923275E+0
60.0    	184     	3.926725E+0	1.407437E-3	2.56E+1    	60.00     	11939.56	23.1 	32.6 	3.923334E+0	2.224675E-6 	2.027437E+7	7.484874E+3	-1.600187E+0	4.473626E-4 	3.926725E+0	3.923334E+0
60.0    	185     	3.924879E+0	1.080342E-3	2.62E+1    	60.00     	11942.12	23.1 	32.6 	3.921645E+0	1.084436E-6 	2.028350E+7	5.483612E+3	-1.599503E+0	2.650157E-4 	3.924879E+0	3.921645E+0
60.0    	186     	3.926464E+0	1.276140E-3	2.45E+1    	60.00     	11944.70	23.1 	32.6 	3.923337E+0	1.473937E-6 	2.027503E+7	6.431433E+3	-1.599020E+0	3.214032E-4 	3.926464E+0	3.923337E+0
60.0    	187     	3.924051E+0	6.862473E-4	3.24E+1    	60.00     	11947.26	23.1 	32.6 	3.920874E+0	5.155845E-7 	2.028763E+7	3.629509E+3	-1.599257E+0	2.657693E-4 	3.924051E+0	3.920874E+0
60.0    	188     	3.918920E+0	1.035956E-3	2.70E+1    	60.00     	11949.86	23.1 	32.6 	3.915527E+0	8.850832E-7 	2.031477E+7	5.124776E+3	-1.600220E+0	4.158125E-4 	3.918920E+0	3.915527E+0
60.0    	189     	3.923143E+0	4.213433E-4	2.53E+1    	60.00     	11952.40	23.1 	32.6 	3.919965E+0	2.015501E-7 	2.029233E+7	2.247962E+3	-1.599263E+0	2.596793E-4 	3.923143E+0	3.919965E+0
60.0    	190     	3.922068E+0	1.025510E-3	2.82E+1    	60.00     	11954.98	23.1 	32.6 	3.918863E+0	9.402811E-7 	2.029797E+7	5.163655E+3	-1.599387E+0	2.970410E-4 	3.922068E+0	3.918863E+0
60.0    	191     	3.920031E+0	1.500327E-3	2.64E+1    	60.00     	11957.56	23.1 	32.6 	3.916603E+0	2.087430E-6 	2.030910E+7	7.631514E+3	-1.600370E+0	2.696294E-4 	3.920031E+0	3.916603E+0
60.0    	192     	4.145046E+0	1.170948E-3	2.79E+1    	60.00     	11960.14	23.1 	32.6 	4.141858E+0	1.480401E-6 	1.920560E+7	5.532630E+3	-1.598530E+0	2.523886E-4 	4.145046E+0	4.141858E+0
60.0    	193     	4.151520E+0	1.038355E-3	2.45E+1    	60.00     	11962.70	23.1 	32.6 	4.148493E+0	1.026172E-6 	1.917527E+7	4.738495E+3	-1.597803E+0	1.096966E-4 	4.151520E+0	4.148493E+0
60.0    	194     	4.105310E+0	1.502054E-3	2.79E+1    	60.00     	11965.28	23.1 	32.6 	4.095713E+0	2.033628E-6 	1.940673E+7	6.929165E+3	-1.619163E+0	1.844813E-4 	4.105310E+0	4.095713E+0
60.0    	195     	4.138069E+0	8.529910E-4	2.61E+1    	60.00     	11967.86	23.1 	32.6 	4.134849E+0	6.426481E-7 	1.923807E+7	3.847510E+3	-1.598693E+0	2.554082E-4 	4.138069E+0	4.134849E+0
60.0    	196     	3.925857E+0	2.158186E-3	2.57E+1    	60.00     	11970.40	23.1 	32.6 	3.922642E+0	4.666886E-6 	2.027840E+7	1.116109E+4	-1.599417E+0	5.131601E-5 	3.925857E+0	3.922642E+0
60.0    	197     	3.921943E+0	3.791967E-4	2.40E+1    	60.00     	11972.97	23.1 	32.6 	3.918718E+0	1.807320E-7 	2.029867E+7	2.081666E+3	-1.599477E+0	2.281082E-4 	3.921943E+0	3.918718E+0
60.0    	198     	3.922319E+0	8.205198E-4	2.66E+1    	60.00     	11975.55	23.1 	32.6 	3.919230E+0	4.980520E-7 	2.029637E+7	3.950105E+3	-1.598857E+0	5.238638E-4 	3.922319E+0	3.919230E+0
60.0    	199     	3.922719E+0	1.133873E-3	2.88E+1    	60.00     	11978.12	23.1 	32.6 	3.919564E+0	1.320612E-6 	2.029447E+7	5.907904E+3	-1.599160E+0	1.928730E-4 	3.922719E+0	3.919564E+0
60.0    	200     	3.921248E+0	7.289796E-4	2.71E+1    	60.00     	11980.69	23.1 	32.6 	3.918022E+0	5.284569E-7 	2.030227E+7	3.764749E+3	-1.599480E+0	3.716181E-4 	3.921248E+0	3.918022E+0
60.0    	201     	3.921224E+0	1.169473E-3	2.61E+1    	60.00     	11983.26	23.1 	32.6 	3.918047E+0	1.187854E-6 	2.030227E+7	5.850071E+3	-1.599263E+0	4.041452E-4 	3.921224E+0	3.918047E+0
60.0    	202     	3.922727E+0	1.033146E-3	2.42E+1    	60.00     	11985.83	23.1 	32.6 	3.919621E+0	1.190322E-6 	2.029430E+7	5.494543E+3	-1.598933E+0	3.516153E-4 	3.922727E+0	3.919621E+0
60.0    	203     	3.920798E+0	8.356053E-4	2.64E+1    	60.00     	11988.41	23.1 	32.6 	3.917598E+0	6.460724E-7 	2.030453E+7	4.244212E+3	-1.599367E+0	2.676440E-4 	3.920798E+0	3.917598E+0
60.0    	204     	3.919134E+0	1.344845E-4	2.65E+1    	60.00     	11990.99	23.1 	32.6 	3.915891E+0	1.869239E-8 	2.031327E+7	7.023769E+2	-1.599567E+0	5.686241E-5 	3.919134E+0	3.915891E+0
60.0    	205     	3.920580E+0	1.539849E-4	2.78E+1    	60.00     	11993.55	23.1 	32.6 	3.917172E+0	4.618072E-8 	2.030620E+7	9.539392E+2	-1.600280E+0	2.821347E-4 	3.920580E+0	3.917172E+0
60.0    	206     	4.142966E+0	6.906018E-4	2.73E+1    	60.00     	11996.12	23.1 	32.6 	4.139367E+0	5.484661E-7 	1.921620E+7	3.315117E+3	-1.600273E+0	4.050103E-4 	4.142966E+0	4.139367E+0
60.0    	207     	3.924633E+0	1.326035E-3	2.72E+1    	60.00     	11998.72	23.1 	32.6 	3.921452E+0	1.549853E-6 	2.028463E+7	6.645550E+3	-1.599267E+0	3.700450E-4 	3.924633E+0	3.921452E+0
60.0    	208     	4.146527E+0	1.146168E-3	3.15E+1    	60.00     	12001.27	23.1 	32.6 	4.143542E+0	1.205818E-6 	1.919827E+7	5.196473E+3	-1.597630E+0	2.137756E-4 	4.146527E+0	4.143542E+0
60.0    	209     	4.149635E+0	1.892280E-3	2.50E+1    	60.00     	12003.87	23.1 	32.6 	4.146744E+0	3.580991E-6 	1.918367E+7	8.751190E+3	-1.597197E+0	8.386497E-5 	4.149635E+0	4.146744E+0
60.0    	210     	4.132718E+0	1.347287E-3	2.77E+1    	60.00     	12006.44	23.1 	32.6 	4.129479E+0	1.781015E-6 	1.926303E+7	6.252466E+3	-1.598793E+0	1.644182E-4 	4.132718E+0	4.129479E+0
60.0    	211     	1.199911E+0	1.236868E-3	2.78E+1    	60.00     	12009.01	23.1 	32.6 	1.192778E+0	1.392062E-6 	6.651753E+7	6.677173E+4	-1.647963E+0	1.467288E-3 	1.199911E+0	1.192778E+0
60.0    	212     	4.135861E+0	9.159653E-4	3.22E+1    	60.00     	12011.57	23.1 	32.6 	4.132874E+0	8.287451E-7 	1.924780E+7	4.250882E+3	-1.597677E+0	1.171893E-4 	4.135861E+0	4.132874E+0
60.0    	213     	3.924397E+0	8.954586E-4	2.48E+1    	60.00     	12014.17	23.1 	32.6 	3.921262E+0	8.641633E-7 	2.028573E+7	4.717344E+3	-1.599063E+0	2.554082E-4 	3.924397E+0	3.921262E+0
60.0    	214     	3.923824E+0	1.232947E-3	2.65E+1    	60.00     	12016.73	23.1 	32.6 	3.920444E+0	1.480725E-6 	2.028933E+7	6.331930E+3	-1.600150E+0	4.493328E-4 	3.923824E+0	3.920444E+0
60.0    	215     	4.010371E+0	2.431635E-3	3.22E+1    	60.00     	12019.29	23.1 	32.6 	3.999007E+0	5.684194E-6 	1.987110E+7	1.194529E+4	-1.624053E+0	1.955335E-4 	4.010371E+0	3.999007E+0
60.0    	216     	3.923808E+0	1.706783E-4	3.24E+1    	60.00     	12021.86	23.1 	32.6 	3.920717E+0	2.657022E-8 	2.028867E+7	8.621678E+2	-1.598870E+0	7.549834E-5 	3.923808E+0	3.920717E+0
60.0    	217     	3.922808E+0	1.200767E-3	2.50E+1    	60.00     	12024.45	23.1 	32.6 	3.919810E+0	1.437457E-6 	2.029360E+7	6.209670E+3	-1.598447E+0	1.527525E-5 	3.922808E+0	3.919810E+0
60.0    	218     	3.923702E+0	3.970274E-4	2.70E+1    	60.00     	12027.03	23.1 	32.6 	3.920527E+0	1.094679E-7 	2.028943E+7	1.882374E+3	-1.599247E+0	3.028751E-4 	3.923702E+0	3.920527E+0
60.0    	219     	4.133198E+0	5.600359E-4	3.10E+1    	60.00     	12029.58	23.1 	32.6 	4.129542E+0	3.519017E-7 	1.926177E+7	2.672702E+3	-1.600540E+0	5.208647E-4 	4.133198E+0	4.129542E+0
60.0    	220     	3.924044E+0	1.109916E-3	2.62E+1    	60.00     	12032.19	23.1 	32.6 	3.920972E+0	1.117449E-6 	2.028740E+7	5.602678E+3	-1.598780E+0	2.787472E-4 	3.924044E+0	3.920972E+0
60.0    	221     	4.143350E+0	1.265227E-3	2.84E+1    	60.00     	12034.76	23.1 	32.6 	4.139787E+0	1.438819E-6 	1.921433E+7	5.714310E+3	-1.600123E+0	4.174127E-4 	4.143350E+0	4.139787E+0
60.0    	222     	1.098979E+0	2.428151E-3	2.54E+1    	60.00     	12037.30	23.1 	32.6 	1.098349E+0	4.545579E-6 	7.243133E+7	1.502116E+5	-1.547607E+0	7.199655E-3 	1.098979E+0	1.098349E+0
60.0    	223     	4.137352E+0	1.842017E-3	2.58E+1    	60.00     	12039.89	23.1 	32.6 	4.133791E+0	3.291886E-6 	1.924220E+7	8.508231E+3	-1.600137E+0	1.386843E-4 	4.137352E+0	4.133791E+0
60.0    	224     	4.148093E+0	6.256148E-5	2.52E+1    	60.00     	12042.45	23.1 	32.6 	4.145014E+0	1.882132E-8 	1.919123E+7	4.618802E+2	-1.598043E+0	3.338163E-4 	4.148093E+0	4.145014E+0
60.0    	225     	4.147982E+0	1.124240E-3	2.56E+1    	60.00     	12045.03	23.1 	32.6 	4.144982E+0	1.314376E-6 	1.919157E+7	5.254839E+3	-1.597693E+0	1.965536E-4 	4.147982E+0	4.144982E+0
60.0    	226     	3.927237E+0	1.203430E-4	2.50E+1    	60.00     	12047.61	23.1 	32.6 	3.924021E+0	1.869119E-8 	2.027127E+7	6.506407E+2	-1.599417E+0	2.371357E-4 	3.927237E+0	3.924021E+0
60.0    	227     	4.133182E+0	6.636685E-4	2.54E+1    	60.00     	12050.18	23.1 	32.6 	4.130086E+0	4.377648E-7 	1.926053E+7	3.089229E+3	-1.598167E+0	6.027714E-5 	4.133182E+0	4.130086E+0
60.0    	228     	3.927212E+0	6.729897E-4	2.60E+1    	60.00     	12052.77	23.1 	32.6 	3.924162E+0	4.468007E-7 	2.027097E+7	3.458805E+3	-1.598667E+0	3.066486E-4 	3.927212E+0	3.924162E+0
60.0    	229     	4.162277E+0	8.226304E-4	2.70E+1    	60.00     	12055.34	23.1 	32.6 	4.157913E+0	6.979606E-7 	1.912877E+7	3.810949E+3	-1.603183E+0	1.497776E-4 	4.162277E+0	4.157913E+0
60.0    	230     	4.018821E+0	6.480254E-4	2.55E+1    	60.00     	12057.92	23.1 	32.6 	4.007829E+0	7.564427E-7 	1.982833E+7	3.744774E+3	-1.623117E+0	5.641217E-4 	4.018821E+0	4.007829E+0
60.0    	231     	3.341793E+0	7.582848E-3	3.25E+1    	60.00     	12060.47	23.1 	32.6 	2.840634E+0	1.380027E-4 	2.582830E+7	8.240346E+4	-1.173143E+0	2.285089E-3 	3.341793E+0	2.840634E+0
60.0    	232     	4.017185E+0	2.891470E-3	2.75E+1    	60.00     	12063.06	23.1 	32.6 	4.006096E+0	8.211202E-6 	1.983667E+7	1.423564E+4	-1.623360E+0	2.406242E-4 	4.017185E+0	4.006096E+0
60.0    	233     	3.922778E+0	2.243654E-3	2.56E+1    	60.00     	12065.64	23.1 	32.6 	3.919726E+0	5.360691E-6 	2.029390E+7	1.179322E+4	-1.598693E+0	3.477547E-4 	3.922778E+0	3.919726E+0
60.0    	234     	4.132768E+0	8.844080E-5	3.08E+1    	60.00     	12068.19	23.1 	32.6 	4.129157E+0	2.556629E-9 	1.926367E+7	3.055050E+2	-1.600360E+0	2.443358E-4 	4.132768E+0	4.129157E+0
60.0    	235     	1.229739E+0	1.362099E-3	2.50E+1    	60.00     	12070.78	23.1 	32.6 	1.228319E+0	2.293105E-6 	6.474830E+7	7.574457E+4	-1.536860E+0	2.297847E-3 	1.229739E+0	1.228319E+0
60.0    	236     	4.131792E+0	7.478349E-4	2.58E+1    	60.00     	12073.36	23.1 	32.6 	4.128131E+0	5.046997E-7 	1.926833E+7	3.401960E+3	-1.600567E+0	1.530795E-4 	4.131792E+0	4.128131E+0
60.0    	237     	3.920753E+0	9.393948E-4	3.27E+1    	60.00     	12075.91	23.1 	32.6 	3.917552E+0	8.136766E-7 	2.030477E+7	4.768997E+3	-1.599373E+0	2.218859E-4 	3.920753E+0	3.917552E+0
60.0    	238     	4.142800E+0	1.112589E-3	2.56E+1    	60.00     	12078.50	23.1 	32.6 	4.139145E+0	1.209353E-6 	1.921710E+7	5.129327E+3	-1.600503E+0	3.885014E-4 	4.142800E+0	4.139145E+0
60.0    	239     	3.926930E+0	2.668776E-4	2.83E+1    	60.00     	12081.04	23.1 	32.6 	3.923761E+0	8.378276E-8 	2.027273E+7	1.429452E+3	-1.599207E+0	2.702468E-4 	3.926930E+0	3.923761E+0
60.0    	240     	4.148188E+0	6.609642E-4	2.46E+1    	60.00     	12083.62	23.1 	32.6 	4.145193E+0	4.505426E-7 	1.919060E+7	3.078961E+3	-1.597667E+0	3.027100E-4 	4.148188E+0	4.145193E+0
60.0    	241     	4.377501E+0	1.715519E-3	2.57E+1    	60.00     	12086.19	23.1 	32.6 	4.374748E+0	2.995484E-6 	1.818447E+7	7.159842E+3	-1.595877E+0	1.357694E-4 	4.377501E+0	4.374748E+0
60.0    	242     	4.158069E+0	4.912930E-4	2.52E+1    	60.00     	12088.76	23.1 	32.6 	4.155123E+0	2.351013E-7 	1.914487E+7	2.247962E+3	-1.597417E+0	2.886751E-5 	4.158069E+0	4.155123E+0
60.0    	243     	4.150615E+0	8.046294E-4	2.49E+1    	60.00     	12091.34	23.1 	32.6 	4.147710E+0	6.320046E-7 	1.917917E+7	3.693688E+3	-1.597250E+0	3.300000E-4 	4.150615E+0	4.147710E+0
60.0    	244     	4.386489E+0	9.201652E-4	2.55E+1    	60.00     	12093.91	23.1 	32.6 	4.382331E+0	7.961724E-7 	1.815010E+7	3.751000E+3	-1.601590E+0	1.053565E-4 	4.386489E+0	4.382331E+0
60.0    	245     	1.258884E+0	3.403231E-3	2.45E+1    	60.00     	12096.49	23.1 	32.6 	1.227511E+0	4.556942E-6 	6.401563E+7	1.377761E+5	-1.412320E+0	4.603553E-3 	1.258884E+0	1.227511E+0
60.0    	246     	4.398243E+0	1.176357E-3	2.57E+1    	60.00     	12099.06	23.1 	32.6 	4.394121E+0	1.500143E-6 	1.810150E+7	4.942671E+3	-1.601413E+0	2.730079E-4 	4.398243E+0	4.394121E+0
60.0    	247     	4.251453E+0	5.371614E-3	2.68E+1    	60.00     	12101.64	23.1 	32.6 	4.242110E+0	2.796276E-5 	1.873833E+7	2.349837E+4	-1.617690E+0	3.465545E-4 	4.251453E+0	4.242110E+0
60.0    	248     	4.149564E+0	1.591088E-3	3.35E+1    	60.00     	12104.19	23.1 	32.6 	4.146743E+0	2.517187E-6 	1.918383E+7	7.349376E+3	-1.596870E+0	2.645751E-5 	4.149564E+0	4.146743E+0
60.0    	249     	4.145382E+0	8.465263E-4	2.58E+1    	60.00     	12106.78	23.1 	32.6 	4.142442E+0	7.433299E-7 	1.920347E+7	3.957693E+3	-1.597430E+0	2.523886E-4 	4.145382E+0	4.142442E+0
60.0    	250     	4.156469E+0	7.337217E-4	2.63E+1    	60.00     	12109.34	23.1 	32.6 	4.153597E+0	5.680181E-7 	1.915207E+7	3.421013E+3	-1.597083E+0	4.350096E-4 	4.156469E+0	4.153597E+0
60.0    	251     	4.359826E+0	9.778257E-4	2.57E+1    	60.00     	12111.91	23.1 	32.6 	4.356600E+0	1.059097E-6 	1.825920E+7	4.203570E+3	-1.598000E+0	2.364318E-4 	4.359826E+0	4.356600E+0
60.0    	252     	4.147296E+0	2.880110E-4	2.67E+1    	60.00     	12114.48	23.1 	32.6 	4.144313E+0	5.787626E-8 	1.919470E+7	1.216553E+3	-1.597620E+0	3.315117E-4 	4.147296E+0	4.144313E+0
60.0    	253     	4.144592E+0	5.516679E-4	2.70E+1    	60.00     	12117.05	23.1 	32.6 	4.141592E+0	1.869804E-7 	1.920727E+7	2.281082E+3	-1.597700E+0	5.373081E-4 	4.144592E+0	4.141592E+0
60.0    	254     	4.145732E+0	7.076320E-4	2.80E+1    	60.00     	12119.62	23.1 	32.6 	4.142956E+0	5.072467E-7 	1.920147E+7	3.288363E+3	-1.596677E+0	1.738774E-4 	4.145732E+0	4.142956E+0
60.0    	255     	4.149799E+0	1.038355E-3	2.56E+1    	60.00     	12122.20	23.1 	32.6 	4.146839E+0	1.144676E-6 	1.918307E+7	4.874765E+3	-1.597510E+0	1.539480E-4 	4.149799E+0	4.146839E+0
60.0    	256     	4.374125E+0	9.155450E-4	2.60E+1    	60.00     	12124.78	23.1 	32.6 	4.372143E+0	9.243846E-7 	1.819690E+7	3.903844E+3	-1.592083E+0	3.655589E-4 	4.374125E+0	4.372143E+0
60.0    	257     	5.636481E+0	1.236654E-3	2.74E+1    	60.00     	12127.36	23.1 	32.6 	5.634451E+0	1.665640E-6 	1.412083E+7	3.164385E+3	-1.589773E+0	5.052062E-4 	5.636481E+0	5.634451E+0
60.0    	258     	8.098294E+0	1.699614E-3	2.48E+1    	60.00     	12129.90	23.1 	32.6 	8.097342E+0	2.928991E-6 	9.827027E+6	2.069839E+3	-1.581643E+0	1.101514E-4 	8.098294E+0	8.097342E+0
60.0    	259     	1.125542E+1	1.023283E-3	2.51E+1    	60.00     	12132.48	23.1 	32.6 	1.125513E+1	1.051254E-6 	7.070237E+6	6.434542E+2	-1.575843E+0	2.081666E-5 	1.125542E+1	1.125513E+1
60.0    	260     	2.370367E+1	1.205344E-3	2.64E+1    	60.00     	12135.04	23.1 	32.6 	2.370281E+1	1.458383E-6 	3.357240E+6	1.708801E+2	-1.564777E+0	3.214550E-5 	2.370367E+1	2.370281E+1
60.0    	261     	2.821212E+1	5.618490E-4	2.56E+1    	60.00     	12137.62	23.1 	32.6 	2.821007E+1	3.313169E-7 	2.820787E+6	5.686241E+1	-1.562273E+0	4.041452E-5 	2.821212E+1	2.821007E+1
60.0    	262     	3.431550E+1	5.330521E-4	2.66E+1    	60.00     	12140.19	23.1 	32.6 	3.431091E+1	2.852339E-7 	2.319150E+6	3.605551E+1	-1.559230E+0	2.645751E-5 	3.431550E+1	3.431091E+1
60.0    	263     	5.030326E+1	1.448699E-3	2.59E+1    	60.00     	12142.76	23.1 	32.6 	5.028511E+1	2.145778E-6 	1.582240E+6	4.582576E+1	-1.551803E+0	2.081666E-5 	5.030326E+1	5.028511E+1
60.0    	264     	1.102598E+2	6.272820E-4	2.84E+1    	60.00     	12145.33	23.1 	32.6 	1.100467E+2	3.722962E-7 	7.224253E+5	4.041452E+0	-1.526827E+0	1.154701E-5 	1.102598E+2	1.100467E+2
80.0    	1       	4.387793E+0	1.656639E-3	7.57E+1    	80.00     	12179.85	23.1 	32.6 	4.384975E+0	2.681145E-6 	1.814193E+7	6.813467E+3	-1.596143E+0	1.006645E-4 	4.387793E+0	4.384975E+0
80.0    	2       	4.466746E+0	1.140328E-3	2.81E+1    	80.00     	12182.47	23.1 	32.6 	4.464191E+0	1.266433E-6 	1.782063E+7	4.521430E+3	-1.594717E+0	9.018500E-5 	4.466746E+0	4.464191E+0
80.0    	3       	5.854400E-1	1.788947E-3	2.58E+1    	80.00     	12185.05	23.1 	32.6 	5.433659E-1	2.797680E-6 	1.410930E+8	4.313224E+5	-1.842197E+0	6.058328E-4 	5.854400E-1	5.433659E-1
80.0    	4       	4.700603E+0	1.026595E-3	2.80E+1    	80.00     	12187.62	23.1 	32.6 	4.697756E+0	9.447537E-7 	1.693433E+7	3.600463E+3	-1.595407E+0	2.811287E-4 	4.700603E+0	4.697756E+0
80.0    	5       	1.164544E+0	1.744275E-3	2.79E+1    	80.00     	12190.20	23.1 	32.6 	1.162923E+0	3.224811E-6 	6.838130E+7	1.039095E+5	-1.608110E+0	8.265591E-4 	1.164544E+0	1.162923E+0
80.0    	6       	4.421674E+0	3.862880E-4	2.53E+1    	80.00     	12192.77	23.1 	32.6 	4.418402E+0	1.485813E-7 	1.800380E+7	1.571623E+3	-1.598003E+0	4.725816E-5 	4.421674E+0	4.418402E+0
80.0    	7       	4.156408E+0	1.276227E-3	2.64E+1    	80.00     	12195.35	23.1 	32.6 	4.153240E+0	1.678963E-6 	1.915303E+7	5.924807E+3	-1.598403E+0	3.435598E-4 	4.156408E+0	4.153240E+0
80.0    	8       	4.166507E+0	1.389554E-3	2.67E+1    	80.00     	12197.92	23.1 	32.6 	4.163568E+0	1.838877E-6 	1.910607E+7	6.297883E+3	-1.597357E+0	1.778576E-4 	4.166507E+0	4.163568E+0
80.0    	9       	4.150638E+0	1.368577E-3	3.13E+1    	80.00     	12200.48	23.1 	32.6 	4.147630E+0	2.205682E-6 	1.917930E+7	6.596211E+3	-1.597717E+0	5.253887E-4 	4.150638E+0	4.147630E+0
80.0    	10      	4.447177E+0	4.876409E-3	3.15E+1    	80.00     	12203.05	23.1 	32.6 	4.429901E+0	2.113867E-5 	1.792880E+7	1.912511E+4	-1.633163E+0	4.764801E-4 	4.447177E+0	4.429901E+0
80.0    	11      	3.721806E+0	4.989588E-2	2.80E+1    	80.00     	12205.64	23.1 	32.6 	3.163541E+0	6.422319E-3 	2.319740E+7	4.455411E+5	-1.173107E+0	1.424555E-2 	3.721806E+0	3.163541E+0
80.0    	12      	1.894523E+0	1.168510E-3	2.86E+1    	80.00     	12208.20	23.1 	32.6 	1.894229E+0	1.368194E-6 	4.200723E+7	2.592573E+4	-1.558327E+0	9.291573E-5 	1.894523E+0	1.894229E+0
80.0    	13      	4.344167E+0	4.408440E-4	2.80E+1    	80.00     	12210.78	23.1 	32.6 	4.339776E+0	1.985442E-7 	1.832750E+7	1.868154E+3	-1.602593E+0	1.703917E-4 	4.344167E+0	4.339776E+0
80.0    	14      	4.154399E+0	1.146292E-3	2.58E+1    	80.00     	12213.34	23.1 	32.6 	4.151158E+0	1.464290E-6 	1.916247E+7	5.435378E+3	-1.598730E+0	3.044667E-4 	4.154399E+0	4.151158E+0
80.0    	15      	4.170325E+0	1.017237E-3	2.59E+1    	80.00     	12215.92	23.1 	32.6 	4.167052E+0	1.111599E-6 	1.908933E+7	4.743768E+3	-1.598813E+0	1.619671E-4 	4.170325E+0	4.167052E+0
80.0    	16      	4.387321E+0	1.719660E-3	2.93E+1    	80.00     	12218.50	23.1 	32.6 	4.384576E+0	3.011253E-6 	1.814373E+7	7.144462E+3	-1.595810E+0	1.300000E-4 	4.387321E+0	4.384576E+0
80.0    	17      	4.144668E+0	1.331369E-3	2.83E+1    	80.00     	12221.07	23.1 	32.6 	4.141402E+0	1.530028E-6 	1.920753E+7	5.953430E+3	-1.598870E+0	4.059557E-4 	4.144668E+0	4.141402E+0
80.0    	18      	3.924762E+0	9.131172E-4	2.56E+1    	80.00     	12223.66	23.1 	32.6 	3.921092E+0	8.855234E-7 	2.028523E+7	4.793051E+3	-1.601380E+0	1.352775E-4 	3.924762E+0	3.921092E+0
80.0    	19      	4.201868E+0	5.137259E-4	2.57E+1    	80.00     	12226.24	23.1 	32.6 	4.200017E+0	2.506175E-7 	1.894277E+7	2.285461E+3	-1.591790E+0	2.271563E-4 	4.201868E+0	4.200017E+0
80.0    	20      	3.919339E+0	5.484992E-4	3.16E+1    	80.00     	12228.79	23.1 	32.6 	3.915751E+0	3.453650E-7 	2.031310E+7	2.944486E+3	-1.601057E+0	2.247962E-4 	3.919339E+0	3.915751E+0
80.0    	21      	4.152542E+0	6.398517E-4	2.82E+1    	80.00     	12231.39	23.1 	32.6 	4.148683E+0	4.311271E-7 	1.917247E+7	2.993883E+3	-1.601287E+0	1.285820E-4 	4.152542E+0	4.148683E+0
80.0    	22      	3.915826E+0	1.031869E-3	2.77E+1    	80.00     	12233.93	23.1 	32.6 	3.912186E+0	1.003039E-6 	2.033147E+7	5.278573E+3	-1.601290E+0	2.851315E-4 	3.915826E+0	3.912186E+0
80.0    	23      	3.911109E+0	2.205205E-3	2.52E+1    	80.00     	12236.51	23.1 	32.6 	3.907534E+0	5.057777E-6 	2.035583E+7	1.160014E+4	-1.601033E+0	2.003331E-4 	3.911109E+0	3.907534E+0
80.0    	24      	3.910075E+0	1.607606E-3	2.66E+1    	80.00     	12239.08	23.1 	32.6 	3.906455E+0	2.536103E-6 	2.036133E+7	8.334467E+3	-1.601230E+0	1.178983E-4 	3.910075E+0	3.906455E+0
80.0    	25      	4.120859E+0	1.778750E-3	2.59E+1    	80.00     	12241.66	23.1 	32.6 	4.109103E+0	2.726761E-6 	1.933850E+7	8.057915E+3	-1.624233E+0	2.850146E-4 	4.120859E+0	4.109103E+0
80.0    	26      	1.596797E+0	1.179280E-3	2.55E+1    	80.00     	12244.25	23.1 	32.6 	1.438276E+0	5.139060E-7 	5.251027E+7	2.121540E+4	-1.250260E+0	1.456812E-3 	1.596797E+0	1.438276E+0
80.0    	27      	4.209699E+0	2.717201E-3	3.33E+1    	80.00     	12246.80	23.1 	32.6 	4.190127E+0	6.387217E-6 	1.894747E+7	1.182765E+4	-1.639033E+0	3.219213E-4 	4.209699E+0	4.190127E+0
80.0    	28      	4.098851E+0	7.585547E-4	2.47E+1    	80.00     	12249.39	23.1 	32.6 	4.093907E+0	6.058849E-7 	1.942630E+7	3.637307E+3	-1.605530E+0	3.386739E-4 	4.098851E+0	4.093907E+0
80.0    	29      	3.905717E+0	1.100160E-3	2.63E+1    	80.00     	12251.97	23.1 	32.6 	3.902185E+0	1.364546E-6 	2.038383E+7	5.921430E+3	-1.600873E+0	3.477547E-4 	3.905717E+0	3.902185E+0
80.0    	30      	3.901687E+0	1.037850E-3	2.51E+1    	80.00     	12254.55	23.1 	32.6 	3.898128E+0	1.182372E-6 	2.040497E+7	5.558177E+3	-1.601003E+0	2.709859E-4 	3.901687E+0	3.898128E+0
80.0    	31      	3.910532E+0	2.597573E-4	2.61E+1    	80.00     	12257.09	23.1 	32.6 	3.907047E+0	8.925460E-8 	2.035860E+7	1.452584E+3	-1.600650E+0	2.080865E-4 	3.910532E+0	3.907047E+0
80.0    	32      	4.131300E+0	9.652202E-4	2.52E+1    	80.00     	12259.66	23.1 	32.6 	4.128066E+0	8.551095E-7 	1.926963E+7	4.409460E+3	-1.598780E+0	1.833030E-4 	4.131300E+0	4.128066E+0
80.0    	33      	4.134451E+0	9.667459E-4	2.61E+1    	80.00     	12262.24	23.1 	32.6 	4.131063E+0	8.700865E-7 	1.925530E+7	4.423799E+3	-1.599427E+0	2.720907E-4 	4.134451E+0	4.131063E+0
80.0    	34      	3.911756E+0	1.644946E-3	2.51E+1    	80.00     	12264.82	23.1 	32.6 	3.908359E+0	2.695659E-6 	2.035200E+7	8.553946E+3	-1.600267E+0	9.291573E-5 	3.911756E+0	3.908359E+0
80.0    	35      	3.906962E+0	1.068091E-3	2.62E+1    	80.00     	12267.39	23.1 	32.6 	3.903430E+0	1.115197E-6 	2.037733E+7	5.541059E+3	-1.600870E+0	6.928203E-5 	3.906962E+0	3.903430E+0
80.0    	36      	3.913731E+0	3.905101E-4	2.50E+1    	80.00     	12269.97	23.1 	32.6 	3.910150E+0	1.435212E-7 	2.034220E+7	1.997498E+3	-1.601050E+0	1.757840E-4 	3.913731E+0	3.910150E+0
80.0    	37      	4.085689E+0	1.298639E-3	2.86E+1    	80.00     	12272.55	23.1 	32.6 	4.075009E+0	2.278859E-6 	1.950263E+7	6.700249E+3	-1.621943E+0	6.536309E-4 	4.085689E+0	4.075009E+0
80.0    	38      	3.905117E+0	5.726824E-4	3.33E+1    	80.00     	12275.09	23.1 	32.6 	3.902542E+0	3.480544E-7 	2.038447E+7	3.035347E+3	-1.596477E+0	9.018500E-5 	3.905117E+0	3.902542E+0
80.0    	39      	3.909298E+0	2.446401E-4	3.39E+1    	80.00     	12277.66	23.1 	32.6 	3.905721E+0	4.564507E-8 	2.036527E+7	1.184624E+3	-1.601050E+0	2.778489E-4 	3.909298E+0	3.905721E+0
80.0    	40      	3.929325E+0	7.916263E-4	3.06E+1    	80.00     	12280.24	23.1 	32.6 	3.921910E+0	7.648252E-7 	2.027133E+7	4.301550E+3	-1.614250E+0	2.497999E-4 	3.929325E+0	3.921910E+0
80.0    	41      	3.776021E+0	1.645545E-3	2.57E+1    	80.00     	12282.83	23.1 	32.6 	3.689039E+0	9.390381E-6 	2.132143E+7	1.346564E+4	-1.418437E+0	1.317966E-3 	3.776021E+0	3.689039E+0
80.0    	42      	4.121895E+0	8.445341E-4	2.80E+1    	80.00     	12285.41	23.1 	32.6 	4.109656E+0	7.477697E-7 	1.933477E+7	4.012896E+3	-1.625313E+0	1.436431E-4 	4.121895E+0	4.109656E+0
80.0    	43      	3.909867E+0	1.865600E-3	3.18E+1    	80.00     	12287.95	23.1 	32.6 	3.906292E+0	3.714162E-6 	2.036230E+7	9.880789E+3	-1.601040E+0	3.364521E-4 	3.909867E+0	3.906292E+0
80.0    	44      	3.906165E+0	1.545201E-3	2.55E+1    	80.00     	12290.55	23.1 	32.6 	3.902733E+0	3.022227E-6 	2.038123E+7	8.571075E+3	-1.600433E+0	8.565824E-4 	3.906165E+0	3.902733E+0
80.0    	45      	3.910122E+0	7.853983E-4	2.89E+1    	80.00     	12293.12	23.1 	32.6 	3.906664E+0	6.032058E-7 	2.036067E+7	4.067350E+3	-1.600540E+0	1.562050E-4 	3.910122E+0	3.906664E+0
80.0    	46      	3.900542E+0	1.521153E-3	3.49E+1    	80.00     	12295.67	23.1 	32.6 	3.896917E+0	2.077284E-6 	2.041113E+7	7.752634E+3	-1.601283E+0	3.442867E-4 	3.900542E+0	3.896917E+0
80.0    	47      	3.901424E+0	5.383274E-4	3.41E+1    	80.00     	12298.24	23.1 	32.6 	3.897690E+0	2.547404E-7 	2.040680E+7	2.722132E+3	-1.601737E+0	3.400490E-4 	3.901424E+0	3.897690E+0
80.0    	48      	4.124557E+0	6.011835E-4	2.85E+1    	80.00     	12300.83	23.1 	32.6 	4.121245E+0	3.295450E-7 	1.930133E+7	2.750152E+3	-1.599137E+0	1.650253E-4 	4.124557E+0	4.121245E+0
80.0    	49      	4.176099E+0	1.010791E-3	2.87E+1    	80.00     	12303.41	23.1 	32.6 	4.172970E+0	1.206066E-6 	1.906260E+7	4.812484E+3	-1.598173E+0	4.923752E-4 	4.176099E+0	4.172970E+0
80.0    	50      	3.910402E+0	1.739942E-3	2.85E+1    	80.00     	12305.97	23.1 	32.6 	3.906641E+0	2.951557E-6 	2.036000E+7	9.006664E+3	-1.601813E+0	9.291573E-5 	3.910402E+0	3.906641E+0
80.0    	51      	3.905087E+0	6.337593E-4	3.36E+1    	80.00     	12308.52	23.1 	32.6 	3.901588E+0	4.755824E-7 	2.038703E+7	3.455913E+3	-1.600733E+0	2.498666E-4 	3.905087E+0	3.901588E+0
80.0    	52      	4.076886E+0	1.798537E-3	3.03E+1    	80.00     	12311.10	23.1 	32.6 	4.066303E+0	2.773214E-6 	1.954457E+7	8.312841E+3	-1.621767E+0	3.100538E-4 	4.076886E+0	4.066303E+0
80.0    	53      	2.372086E+0	7.704996E-3	3.35E+1    	80.00     	12313.66	23.1 	32.6 	1.778685E+0	2.995016E-5 	3.874167E+7	1.216877E+5	-1.047013E+0	5.687120E-4 	2.372086E+0	1.778685E+0
80.0    	54      	4.074000E+0	1.813230E-3	2.57E+1    	80.00     	12316.26	23.1 	32.6 	4.062834E+0	3.406216E-6 	1.955983E+7	8.793369E+3	-1.623173E+0	8.962886E-5 	4.074000E+0	4.062834E+0
80.0    	55      	3.909018E+0	4.736694E-4	2.81E+1    	80.00     	12318.81	23.1 	32.6 	3.905439E+0	2.002988E-7 	2.036673E+7	2.400694E+3	-1.601060E+0	1.135782E-4 	3.909018E+0	3.905439E+0
80.0    	56      	3.908835E+0	5.032237E-4	2.58E+1    	80.00     	12321.38	23.1 	32.6 	3.904024E+0	2.375470E-7 	2.037090E+7	2.563201E+3	-1.605887E+0	4.500370E-4 	3.908835E+0	3.904024E+0
80.0    	57      	3.929264E+0	1.538540E-3	2.77E+1    	80.00     	12323.95	23.1 	32.6 	3.918788E+0	2.282956E-6 	2.027957E+7	7.876759E+3	-1.622453E+0	2.409011E-4 	3.929264E+0	3.918788E+0
80.0    	58      	3.903759E+0	2.724833E-4	2.85E+1    	80.00     	12326.53	23.1 	32.6 	3.900199E+0	9.929876E-8 	2.039413E+7	1.530795E+3	-1.600997E+0	2.702468E-4 	3.903759E+0	3.900199E+0
80.0    	59      	3.902523E+0	4.726729E-4	2.65E+1    	80.00     	12329.09	23.1 	32.6 	3.898821E+0	1.712613E-7 	2.040097E+7	2.318045E+3	-1.601600E+0	2.426932E-4 	3.902523E+0	3.898821E+0
80.0    	60      	3.905137E+0	8.293942E-4	2.97E+1    	80.00     	12331.66	23.1 	32.6 	3.901488E+0	7.745401E-7 	2.038717E+7	4.461315E+3	-1.601370E+0	3.459769E-4 	3.905137E+0	3.901488E+0
80.0    	61      	4.189073E+0	1.152897E-4	2.88E+1    	80.00     	12334.26	23.1 	32.6 	4.185799E+0	2.696678E-8 	1.900387E+7	6.110101E+2	-1.598757E+0	3.821431E-4 	4.189073E+0	4.185799E+0
80.0    	62      	4.191825E+0	3.595004E-4	2.54E+1    	80.00     	12336.84	23.1 	32.6 	4.188736E+0	1.544181E-7 	1.899097E+7	1.700980E+3	-1.597943E+0	2.750152E-4 	4.191825E+0	4.188736E+0
80.0    	63      	3.907699E+0	1.149070E-3	2.90E+1    	80.00     	12339.39	23.1 	32.6 	3.904087E+0	1.394262E-6 	2.037370E+7	6.075360E+3	-1.601203E+0	1.484363E-4 	3.907699E+0	3.904087E+0
80.0    	64      	4.332346E+0	7.588840E-4	2.75E+1    	80.00     	12341.99	23.1 	32.6 	4.328426E+0	6.405402E-7 	1.837653E+7	3.308071E+3	-1.600883E+0	2.003331E-4 	4.332346E+0	4.328426E+0
80.0    	65      	4.194848E+0	8.187256E-4	3.09E+1    	80.00     	12344.53	23.1 	32.6 	4.191646E+0	7.618252E-7 	1.897753E+7	3.827967E+3	-1.598427E+0	2.450170E-4 	4.194848E+0	4.191646E+0
80.0    	66      	3.905405E+0	9.717538E-4	2.46E+1    	80.00     	12347.12	23.1 	32.6 	3.901833E+0	9.490572E-7 	2.038557E+7	5.081666E+3	-1.601047E+0	5.859465E-5 	3.905405E+0	3.901833E+0
80.0    	67      	3.918346E+0	6.769702E-4	2.55E+1    	80.00     	12349.70	23.1 	32.6 	3.914816E+0	4.402785E-7 	2.031810E+7	3.477068E+3	-1.600817E+0	7.234178E-5 	3.918346E+0	3.914816E+0
80.0    	68      	3.911311E+0	1.051636E-3	2.76E+1    	80.00     	12352.28	23.1 	32.6 	3.907805E+0	1.188846E-6 	2.035460E+7	5.575841E+3	-1.600740E+0	2.351595E-4 	3.911311E+0	3.907805E+0
80.0    	69      	4.071266E+0	2.542170E-3	2.54E+1    	80.00     	12354.86	23.1 	32.6 	4.060179E+0	7.601239E-6 	1.957280E+7	1.275970E+4	-1.623003E+0	5.299371E-4 	4.071266E+0	4.060179E+0
80.0    	70      	3.909367E+0	3.541912E-4	3.09E+1    	80.00     	12357.41	23.1 	32.6 	3.905909E+0	1.550183E-7 	2.036460E+7	1.946792E+3	-1.600540E+0	2.300000E-4 	3.909367E+0	3.905909E+0
80.0    	71      	3.910070E+0	1.124885E-3	2.90E+1    	80.00     	12360.00	23.1 	32.6 	3.905181E+0	1.340432E-6 	2.036467E+7	5.946708E+3	-1.606163E+0	1.563117E-4 	3.910070E+0	3.905181E+0
80.0    	72      	3.877285E+0	1.765462E-3	2.81E+1    	80.00     	12362.58	23.1 	32.6 	3.871884E+0	4.568779E-6 	2.053833E+7	1.033650E+4	-1.533483E+0	1.373511E-3 	3.877285E+0	3.871884E+0
80.0    	73      	3.852513E+0	6.027172E-4	3.02E+1    	80.00     	12365.13	23.1 	32.6 	3.821097E+0	2.264086E-6 	2.074073E+7	5.676560E+3	-1.480377E+0	1.340050E-3 	3.852513E+0	3.821097E+0
80.0    	74      	3.914531E+0	1.448017E-3	2.57E+1    	80.00     	12367.72	23.1 	32.6 	3.908558E+0	1.858422E-6 	2.034427E+7	7.311863E+3	-1.609867E+0	2.818392E-4 	3.914531E+0	3.908558E+0
80.0    	75      	3.905466E+0	1.102788E-3	2.78E+1    	80.00     	12370.28	23.1 	32.6 	3.902142E+0	1.187335E-6 	2.038460E+7	5.723635E+3	-1.599970E+0	1.053565E-4 	3.905466E+0	3.902142E+0
80.0    	76      	4.187213E+0	8.291727E-4	2.83E+1    	80.00     	12372.86	23.1 	32.6 	4.184560E+0	6.693411E-7 	1.901090E+7	3.740321E+3	-1.595970E+0	5.567764E-5 	4.187213E+0	4.184560E+0
80.0    	77      	5.790034E-1	7.260487E-4	2.66E+1    	80.00     	12375.42	23.1 	32.6 	5.458634E-1	4.942693E-8 	1.415493E+8	1.105185E+5	-1.812373E+0	2.061464E-3 	5.790034E-1	5.458634E-1
80.0    	78      	5.847900E-1	1.180019E-3	2.86E+1    	80.00     	12378.00	23.1 	32.6 	5.510689E-1	7.407022E-7 	1.401807E+8	2.456122E+5	-1.813293E+0	1.716460E-3 	5.847900E-1	5.510689E-1
80.0    	79      	4.406248E+0	2.161004E-3	2.66E+1    	80.00     	12380.58	23.1 	32.6 	4.402857E+0	4.483557E-6 	1.806710E+7	8.772685E+3	-1.598540E+0	1.734935E-4 	4.406248E+0	4.402857E+0
80.0    	80      	1.566853E+0	5.471692E-4	2.86E+1    	80.00     	12383.16	23.1 	32.6 	1.565954E+0	2.935519E-7 	5.080267E+7	1.765852E+4	-1.546833E+0	1.069268E-4 	1.566853E+0	1.565954E+0
80.0    	81      	4.177479E+0	1.863294E-3	2.63E+1    	80.00     	12385.74	23.1 	32.6 	4.174234E+0	3.468787E-6 	1.905657E+7	8.499608E+3	-1.598667E+0	1.738774E-4 	4.177479E+0	4.174234E+0
80.0    	82      	3.931941E+0	3.044852E-4	2.84E+1    	80.00     	12388.32	23.1 	32.6 	3.928197E+0	5.500099E-8 	2.024837E+7	1.365040E+3	-1.601653E+0	4.990324E-4 	3.931941E+0	3.928197E+0
80.0    	83      	3.929158E+0	1.396533E-3	3.31E+1    	80.00     	12390.86	23.1 	32.6 	3.925757E+0	1.891960E-6 	2.026183E+7	7.148660E+3	-1.600223E+0	2.250185E-4 	3.929158E+0	3.925757E+0
80.0    	84      	3.968770E+0	1.764557E-3	2.63E+1    	80.00     	12393.45	23.1 	32.6 	3.965295E+0	3.323315E-6 	2.005970E+7	9.071384E+3	-1.600390E+0	3.504283E-4 	3.968770E+0	3.965295E+0
80.0    	85      	3.931807E+0	1.532837E-3	2.82E+1    	80.00     	12396.02	23.1 	32.6 	3.928436E+0	2.413765E-6 	2.024810E+7	7.950472E+3	-1.600080E+0	1.473092E-4 	3.931807E+0	3.928436E+0
80.0    	86      	3.930589E+0	1.635992E-3	2.59E+1    	80.00     	12398.59	23.1 	32.6 	3.927299E+0	2.459605E-6 	2.025417E+7	8.258531E+3	-1.599733E+0	2.914332E-4 	3.930589E+0	3.927299E+0
80.0    	87      	3.933801E+0	1.883875E-4	2.79E+1    	80.00     	12401.17	23.1 	32.6 	3.930493E+0	4.429066E-8 	2.023767E+7	1.026320E+3	-1.599800E+0	1.000000E-4 	3.933801E+0	3.930493E+0
80.0    	88      	3.936789E+0	1.154170E-4	2.56E+1    	80.00     	12403.75	23.1 	32.6 	3.931990E+0	4.929261E-8 	2.022613E+7	8.621678E+2	-1.605717E+0	4.130779E-4 	3.936789E+0	3.931990E+0
80.0    	89      	3.939523E+0	1.412734E-3	2.76E+1    	80.00     	12406.33	23.1 	32.6 	3.934019E+0	1.994068E-6 	2.021390E+7	7.238094E+3	-1.608180E+0	5.879626E-4 	3.939523E+0	3.934019E+0
80.0    	90      	3.931721E+0	6.650282E-4	2.90E+1    	80.00     	12408.91	23.1 	32.6 	3.928417E+0	3.556837E-7 	2.024837E+7	3.247050E+3	-1.599790E+0	3.732292E-4 	3.931721E+0	3.928417E+0
80.0    	91      	3.929355E+0	1.279135E-3	3.23E+1    	80.00     	12411.46	23.1 	32.6 	3.926064E+0	1.655188E-6 	2.026053E+7	6.615386E+3	-1.599740E+0	1.705872E-4 	3.929355E+0	3.926064E+0
80.0    	92      	3.930656E+0	1.601557E-3	3.35E+1    	80.00     	12414.02	23.1 	32.6 	3.927309E+0	2.491991E-6 	2.025397E+7	8.195324E+3	-1.599980E+0	4.095119E-4 	3.930656E+0	3.927309E+0
80.0    	93      	4.247931E+0	1.522588E-3	2.64E+1    	80.00     	12416.61	23.1 	32.6 	4.245060E+0	2.386935E-6 	1.873957E+7	6.767816E+3	-1.596797E+0	3.271595E-4 	4.247931E+0	4.245060E+0
80.0    	94      	4.215658E+0	1.023588E-3	2.77E+1    	80.00     	12419.19	23.1 	32.6 	4.213103E+0	1.079712E-6 	1.888237E+7	4.619885E+3	-1.595413E+0	1.692139E-4 	4.215658E+0	4.213103E+0
80.0    	95      	3.929876E+0	5.749072E-4	2.77E+1    	80.00     	12421.76	23.1 	32.6 	3.926486E+0	4.197944E-7 	2.025810E+7	3.151190E+3	-1.600170E+0	3.724245E-4 	3.929876E+0	3.926486E+0
80.0    	96      	4.378910E+0	1.138025E-3	3.35E+1    	80.00     	12424.32	23.1 	32.6 	4.375248E+0	1.214421E-6 	1.818050E+7	4.651881E+3	-1.599717E+0	1.850225E-4 	4.378910E+0	4.375248E+0
80.0    	97      	4.161872E+0	8.486035E-4	2.72E+1    	80.00     	12426.90	23.1 	32.6 	4.158448E+0	6.862344E-7 	1.912847E+7	3.855299E+3	-1.599480E+0	8.717798E-5 	4.161872E+0	4.158448E+0
80.0    	98      	3.924102E+0	2.552591E-4	3.41E+1    	80.00     	12429.46	23.1 	32.6 	3.923620E+0	7.196760E-8 	2.028040E+7	1.352775E+3	-1.581870E+0	1.734935E-4 	3.924102E+0	3.923620E+0
80.0    	99      	3.928541E+0	1.224071E-3	3.30E+1    	80.00     	12432.03	23.1 	32.6 	3.924849E+0	1.402430E-6 	2.026577E+7	6.213158E+3	-1.601460E+0	2.251666E-4 	3.928541E+0	3.924849E+0
80.0    	100     	3.945788E+0	5.655609E-4	3.25E+1    	80.00     	12434.60	23.1 	32.6 	3.942334E+0	4.221335E-7 	2.017653E+7	3.108590E+3	-1.600387E+0	3.674688E-4 	3.945788E+0	3.942334E+0
80.0    	101     	3.929274E+0	6.076150E-4	2.64E+1    	80.00     	12437.20	23.1 	32.6 	3.926002E+0	4.056266E-7 	2.026090E+7	3.207803E+3	-1.599660E+0	2.330236E-4 	3.929274E+0	3.926002E+0
80.0    	102     	3.931425E+0	7.666781E-4	3.11E+1    	80.00     	12439.74	23.1 	32.6 	3.928157E+0	5.145136E-7 	2.024980E+7	3.822303E+3	-1.599633E+0	2.454248E-4 	3.931425E+0	3.928157E+0
80.0    	103     	3.929321E+0	7.461362E-4	2.88E+1    	80.00     	12442.34	23.1 	32.6 	3.925878E+0	6.080532E-7 	2.026110E+7	3.934463E+3	-1.600400E+0	2.206808E-4 	3.929321E+0	3.925878E+0
80.0    	104     	3.928834E+0	3.415111E-4	2.88E+1    	80.00     	12444.92	23.1 	32.6 	3.925473E+0	1.649203E-7 	2.026340E+7	1.928730E+3	-1.600050E+0	2.835489E-4 	3.928834E+0	3.925473E+0
80.0    	105     	3.929922E+0	1.442635E-3	2.92E+1    	80.00     	12447.48	23.1 	32.6 	3.926698E+0	2.059934E-6 	2.025743E+7	7.419119E+3	-1.599443E+0	8.020806E-5 	3.929922E+0	3.926698E+0
80.0    	106     	3.931641E+0	1.101304E-3	2.53E+1    	80.00     	12450.06	23.1 	32.6 	3.928407E+0	1.251187E-6 	2.024860E+7	5.716642E+3	-1.599477E+0	2.122106E-4 	3.931641E+0	3.928407E+0
80.0    	107     	3.925511E+0	1.921684E-4	3.13E+1    	80.00     	12452.61	23.1 	32.6 	3.922109E+0	6.867537E-8 	2.028067E+7	1.159023E+3	-1.600240E+0	4.371499E-4 	3.925511E+0	3.922109E+0
80.0    	108     	3.925840E+0	1.895053E-3	2.79E+1    	80.00     	12455.20	23.1 	32.6 	3.922555E+0	3.674397E-6 	2.027867E+7	9.847504E+3	-1.599730E+0	1.135782E-4 	3.925840E+0	3.922555E+0
80.0    	109     	3.941087E+0	1.161077E-3	2.63E+1    	80.00     	12457.77	23.1 	32.6 	3.937534E+0	1.287263E-6 	2.020087E+7	5.885859E+3	-1.600823E+0	2.157159E-4 	3.941087E+0	3.937534E+0
80.0    	110     	3.925084E+0	1.454166E-3	2.82E+1    	80.00     	12460.34	23.1 	32.6 	3.921776E+0	2.229552E-6 	2.028263E+7	7.613365E+3	-1.599830E+0	4.479955E-4 	3.925084E+0	3.921776E+0
80.0    	111     	3.915885E+0	1.440533E-3	2.56E+1    	80.00     	12462.91	23.1 	32.6 	3.912307E+0	1.952929E-6 	2.033100E+7	7.366817E+3	-1.601027E+0	3.827967E-4 	3.915885E+0	3.912307E+0
80.0    	112     	4.155353E+0	5.192066E-4	2.56E+1    	80.00     	12465.48	23.1 	32.6 	4.152227E+0	3.199818E-7 	1.915780E+7	2.500000E+3	-1.598230E+0	2.740438E-4 	4.155353E+0	4.152227E+0
80.0    	113     	4.144995E+0	1.145187E-3	3.30E+1    	80.00     	12468.03	23.1 	32.6 	4.141765E+0	1.562411E-6 	1.920593E+7	5.550075E+3	-1.598713E+0	5.071818E-4 	4.144995E+0	4.141765E+0
80.0    	114     	3.915194E+0	1.625405E-3	2.50E+1    	80.00     	12470.62	23.1 	32.6 	3.911292E+0	2.104460E-6 	2.033543E+7	7.990828E+3	-1.602363E+0	7.031595E-4 	3.915194E+0	3.911292E+0
80.0    	115     	3.912755E+0	6.163272E-4	2.62E+1    	80.00     	12473.20	23.1 	32.6 	3.909319E+0	4.346567E-7 	2.034690E+7	3.315117E+3	-1.600437E+0	2.926317E-4 	3.912755E+0	3.909319E+0
80.0    	116     	3.929648E+0	2.988107E-4	3.27E+1    	80.00     	12475.75	23.1 	32.6 	3.926041E+0	6.936620E-8 	2.025983E+7	1.401190E+3	-1.601093E+0	6.208328E-4 	3.929648E+0	3.926041E+0
80.0    	117     	3.915384E+0	9.594695E-4	2.52E+1    	80.00     	12478.36	23.0 	32.6 	3.911999E+0	9.744597E-7 	2.033310E+7	5.056679E+3	-1.600207E+0	1.415392E-4 	3.915384E+0	3.911999E+0
80.0    	118     	3.917204E+0	9.136280E-4	3.26E+1    	80.00     	12480.89	23.1 	32.6 	3.913864E+0	9.689754E-7 	2.032353E+7	4.921721E+3	-1.600000E+0	4.513314E-4 	3.917204E+0	3.913864E+0
80.0    	119     	3.915693E+0	1.964890E-3	3.08E+1    	80.00     	12483.46	23.1 	32.6 	3.912384E+0	3.923480E-6 	2.033130E+7	1.025037E+4	-1.599867E+0	1.167619E-4 	3.915693E+0	3.912384E+0
80.0    	120     	3.917212E+0	8.287943E-4	3.10E+1    	80.00     	12486.03	23.0 	32.6 	3.913971E+0	5.681558E-7 	2.032323E+7	4.105281E+3	-1.599567E+0	3.742103E-4 	3.917212E+0	3.913971E+0
80.0    	121     	3.918472E+0	1.084555E-3	2.77E+1    	80.00     	12488.63	23.0 	32.6 	3.915153E+0	1.327599E-6 	2.031690E+7	5.797413E+3	-1.599900E+0	4.430576E-4 	3.918472E+0	3.915153E+0
80.0    	122     	3.917709E+0	6.631717E-4	2.85E+1    	80.00     	12491.20	23.0 	32.6 	3.914451E+0	4.754423E-7 	2.032070E+7	3.508561E+3	-1.599637E+0	2.020726E-4 	3.917709E+0	3.914451E+0
80.0    	123     	3.914159E+0	5.712158E-4	3.40E+1    	80.00     	12493.75	23.0 	32.6 	3.910748E+0	3.688144E-7 	2.033953E+7	3.050137E+3	-1.600317E+0	4.986315E-4 	3.914159E+0	3.910748E+0
80.0    	124     	3.914482E+0	1.444834E-3	2.84E+1    	80.00     	12496.34	23.0 	32.6 	3.910144E+0	2.535436E-6 	2.034027E+7	7.894513E+3	-1.604087E+0	6.340610E-4 	3.914482E+0	3.910144E+0
80.0    	125     	3.916309E+0	2.011997E-4	2.49E+1    	80.00     	12498.92	23.1 	32.6 	3.912717E+0	4.284090E-8 	2.032883E+7	1.059874E+3	-1.601087E+0	2.516611E-5 	3.916309E+0	3.912717E+0
80.0    	126     	3.910156E+0	1.939484E-4	2.90E+1    	80.00     	12501.50	23.0 	32.6 	3.906693E+0	2.495637E-8 	2.036050E+7	9.165151E+2	-1.600560E+0	1.552417E-4 	3.910156E+0	3.906693E+0
80.0    	127     	3.911458E+0	8.180598E-4	2.52E+1    	80.00     	12504.08	23.1 	32.6 	3.908003E+0	8.321897E-7 	2.035370E+7	4.503332E+3	-1.600523E+0	4.129568E-4 	3.911458E+0	3.908003E+0
80.0    	128     	4.133577E+0	1.552442E-3	3.15E+1    	80.00     	12506.63	23.1 	32.6 	4.130307E+0	2.407216E-6 	1.925910E+7	7.233948E+3	-1.598927E+0	1.908752E-4 	4.133577E+0	4.130307E+0
80.0    	129     	4.130329E+0	1.383059E-3	2.49E+1    	80.00     	12509.22	23.0 	32.6 	4.127109E+0	1.917240E-6 	1.927413E+7	6.459360E+3	-1.598723E+0	1.026320E-4 	4.130329E+0	4.127109E+0
80.0    	130     	3.911981E+0	3.869070E-4	2.62E+1    	80.00     	12511.80	23.0 	32.6 	3.908607E+0	9.245244E-8 	2.035077E+7	1.792577E+3	-1.600170E+0	4.272002E-4 	3.911981E+0	3.908607E+0
80.0    	131     	3.907070E+0	1.304246E-3	3.05E+1    	80.00     	12514.35	23.0 	32.6 	3.903553E+0	1.625400E-6 	2.037673E+7	6.726316E+3	-1.600803E+0	2.596793E-4 	3.907070E+0	3.903553E+0
80.0    	132     	3.913399E+0	1.363842E-3	2.71E+1    	80.00     	12516.95	23.0 	32.6 	3.909944E+0	1.935920E-6 	2.034360E+7	7.163100E+3	-1.600513E+0	3.496188E-4 	3.913399E+0	3.909944E+0
80.0    	133     	3.908544E+0	1.302729E-3	2.73E+1    	80.00     	12519.50	23.0 	32.6 	3.905197E+0	1.786433E-6 	2.036860E+7	6.878953E+3	-1.600067E+0	1.537314E-4 	3.908544E+0	3.905197E+0
80.0    	134     	3.914434E+0	1.446302E-3	2.59E+1    	80.00     	12522.08	23.0 	32.6 	3.911192E+0	2.094157E-6 	2.033767E+7	7.516205E+3	-1.599577E+0	2.809508E-4 	3.914434E+0	3.911192E+0
80.0    	135     	3.913386E+0	1.923156E-3	2.50E+1    	80.00     	12524.66	23.0 	32.6 	3.910061E+0	3.922358E-6 	2.034333E+7	1.014906E+4	-1.599947E+0	4.833563E-4 	3.913386E+0	3.910061E+0
80.0    	136     	3.909956E+0	1.732485E-3	2.44E+1    	80.00     	12527.24	23.0 	32.6 	3.906446E+0	2.678064E-6 	2.036167E+7	8.778003E+3	-1.600760E+0	4.158125E-4 	3.909956E+0	3.906446E+0
80.0    	137     	3.910451E+0	5.418981E-4	2.93E+1    	80.00     	12529.81	23.0 	32.6 	3.907064E+0	3.334992E-7 	2.035877E+7	2.914332E+3	-1.600230E+0	1.946792E-4 	3.910451E+0	3.907064E+0
80.0    	138     	3.913083E+0	9.103054E-4	3.29E+1    	80.00     	12532.36	23.0 	32.6 	3.909748E+0	8.725764E-7 	2.034493E+7	4.796179E+3	-1.599993E+0	1.096966E-4 	3.913083E+0	3.909748E+0
80.0    	139     	3.914091E+0	7.633959E-4	2.92E+1    	80.00     	12534.94	23.0 	32.6 	3.909765E+0	4.748344E-7 	2.034227E+7	3.775359E+3	-1.604047E+0	3.162805E-4 	3.914091E+0	3.909765E+0
80.0    	140     	3.885097E+0	9.669125E-4	2.55E+1    	80.00     	12537.52	23.0 	32.6 	3.882753E+0	1.294863E-6 	2.048893E+7	5.551877E+3	-1.546243E+0	9.022380E-4 	3.885097E+0	3.882753E+0
80.0    	141     	3.913065E+0	1.843818E-4	2.56E+1    	80.00     	12540.09	23.0 	32.6 	3.908587E+0	3.473237E-8 	2.034800E+7	9.643651E+2	-1.604633E+0	2.309401E-5 	3.913065E+0	3.908587E+0
80.0    	142     	3.904873E+0	1.037060E-3	2.45E+1    	80.00     	12542.67	23.0 	32.6 	3.901420E+0	1.143534E-6 	2.038803E+7	5.499394E+3	-1.600537E+0	2.468468E-4 	3.904873E+0	3.901420E+0
80.0    	143     	3.907843E+0	1.653672E-3	2.84E+1    	80.00     	12545.25	23.0 	32.6 	3.904403E+0	2.455360E-6 	2.037250E+7	8.400000E+3	-1.600470E+0	3.903844E-4 	3.907843E+0	3.904403E+0
80.0    	144     	4.127709E+0	1.120168E-3	2.76E+1    	80.00     	12547.83	23.0 	32.6 	4.124520E+0	1.110255E-6 	1.928630E+7	5.076416E+3	-1.598593E+0	4.578573E-4 	4.127709E+0	4.124520E+0
80.0    	145     	4.311148E+0	4.297004E-4	2.83E+1    	80.00     	12550.41	23.0 	32.6 	4.307678E+0	1.700244E-7 	1.846597E+7	1.803700E+3	-1.599173E+0	9.712535E-5 	4.311148E+0	4.307678E+0
80.0    	146     	3.906388E+0	1.429081E-3	3.21E+1    	80.00     	12552.96	23.0 	32.6 	3.902830E+0	2.034895E-6 	2.038040E+7	7.450503E+3	-1.600980E+0	3.637307E-4 	3.906388E+0	3.902830E+0
80.0    	147     	3.908801E+0	1.154079E-4	2.61E+1    	80.00     	12555.56	23.0 	32.6 	3.905400E+0	9.713242E-9 	2.036740E+7	5.567764E+2	-1.600297E+0	8.962886E-5 	3.908801E+0	3.905400E+0
80.0    	148     	4.168671E+0	3.328681E-4	2.85E+1    	80.00     	12558.12	23.0 	32.6 	4.165649E+0	9.941727E-8 	1.909633E+7	1.484363E+3	-1.597727E+0	1.193035E-4 	4.168671E+0	4.165649E+0
80.0    	149     	3.909870E+0	1.233002E-3	3.10E+1    	80.00     	12560.67	23.0 	32.6 	3.906353E+0	1.411050E-6 	2.036213E+7	6.306610E+3	-1.600790E+0	2.343075E-4 	3.909870E+0	3.906353E+0
80.0    	150     	3.906838E+0	8.911636E-4	2.88E+1    	80.00     	12563.27	23.0 	32.6 	3.903362E+0	9.011602E-7 	2.037783E+7	4.801389E+3	-1.600630E+0	2.551470E-4 	3.906838E+0	3.903362E+0
80.0    	151     	3.910430E+0	1.243256E-3	2.69E+1    	80.00     	12565.84	23.0 	32.6 	3.907098E+0	1.619571E-6 	2.035873E+7	6.553116E+3	-1.599987E+0	1.457166E-4 	3.910430E+0	3.907098E+0
80.0    	152     	3.910153E+0	1.242474E-3	3.07E+1    	80.00     	12568.40	23.0 	32.6 	3.906838E+0	1.479627E-6 	2.036013E+7	6.404946E+3	-1.599917E+0	1.115049E-4 	3.910153E+0	3.906838E+0
80.0    	153     	3.908485E+0	3.713274E-4	2.51E+1    	80.00     	12570.98	23.0 	32.6 	3.905090E+0	8.109528E-8 	2.036903E+7	1.709776E+3	-1.600270E+0	3.831449E-4 	3.908485E+0	3.905090E+0
80.0    	154     	3.910545E+0	1.082190E-3	2.74E+1    	80.00     	12573.60	23.0 	32.6 	3.907200E+0	1.143324E-6 	2.035817E+7	5.601190E+3	-1.600047E+0	1.365040E-4 	3.910545E+0	3.907200E+0
80.0    	155     	3.908318E+0	6.540687E-4	2.65E+1    	80.00     	12576.13	23.0 	32.6 	3.904886E+0	3.966438E-7 	2.037000E+7	3.345146E+3	-1.600433E+0	2.289833E-4 	3.908318E+0	3.904886E+0
80.0    	156     	3.907147E+0	1.913882E-3	2.49E+1    	80.00     	12578.70	23.0 	32.6 	3.902582E+0	3.515578E-6 	2.037907E+7	9.885511E+3	-1.604983E+0	3.150132E-4 	3.907147E+0	3.902582E+0
80.0    	157     	3.885180E+0	2.778842E-2	2.61E+1    	80.00     	12581.28	23.0 	32.6 	3.881190E+0	8.319894E-4 	2.049357E+7	1.500713E+5	-1.602683E+0	4.243847E-3 	3.885180E+0	3.881190E+0
80.0    	158     	3.906115E+0	3.819069E-4	2.55E+1    	80.00     	12583.86	23.0 	32.6 	3.902808E+0	1.644320E-7 	2.038117E+7	2.052641E+3	-1.599893E+0	1.985783E-4 	3.906115E+0	3.902808E+0
80.0    	159     	3.906180E+0	8.585822E-4	2.81E+1    	80.00     	12586.40	23.0 	32.6 	3.902603E+0	7.621549E-7 	2.038153E+7	4.518112E+3	-1.601060E+0	1.907878E-4 	3.906180E+0	3.902603E+0
80.0    	160     	4.125200E+0	9.547103E-4	2.81E+1    	80.00     	12588.97	23.0 	32.6 	4.121997E+0	6.975217E-7 	1.929807E+7	4.186088E+3	-1.598660E+0	5.692978E-4 	4.125200E+0	4.121997E+0
80.0    	161     	1.883453E+0	1.141386E-3	2.45E+1    	80.00     	12591.55	23.0 	32.6 	1.882947E+0	1.255375E-6 	4.225653E+7	2.536579E+4	-1.587177E+0	5.954270E-4 	1.883453E+0	1.882947E+0
80.0    	162     	4.281457E+0	3.300639E-3	2.82E+1    	80.00     	12594.12	23.0 	32.6 	4.272081E+0	1.240984E-5 	1.860693E+7	1.485003E+4	-1.617607E+0	5.714310E-4 	4.281457E+0	4.272081E+0
80.0    	163     	4.172214E+0	1.036159E-3	2.68E+1    	80.00     	12596.69	23.0 	32.6 	4.169081E+0	9.980514E-7 	1.908037E+7	4.654389E+3	-1.598203E+0	1.913984E-4 	4.172214E+0	4.169081E+0
80.0    	164     	5.818404E-1	1.185521E-3	2.77E+1    	80.00     	12599.27	23.0 	32.6 	5.451383E-1	1.142432E-6 	1.412980E+8	2.821560E+5	-1.824670E+0	5.245951E-4 	5.818404E-1	5.451383E-1
80.0    	165     	4.169993E+0	7.194928E-4	2.80E+1    	80.00     	12601.84	23.0 	32.6 	4.167005E+0	4.904588E-7 	1.909020E+7	3.251154E+3	-1.597570E+0	1.135782E-4 	4.169993E+0	4.167005E+0
80.0    	166     	3.908029E+0	1.557573E-4	2.78E+1    	80.00     	12604.46	23.0 	32.6 	3.904740E+0	5.521977E-8 	2.037113E+7	1.001665E+3	-1.599810E+0	4.731807E-4 	3.908029E+0	3.904740E+0
80.0    	167     	3.910828E+0	1.695599E-3	2.82E+1    	80.00     	12606.98	23.0 	32.6 	3.907558E+0	2.918499E-6 	2.035650E+7	8.863972E+3	-1.599713E+0	1.616581E-4 	3.910828E+0	3.907558E+0
80.0    	168     	3.905935E+0	7.737886E-4	2.75E+1    	80.00     	12609.55	23.0 	32.6 	3.902465E+0	7.412585E-7 	2.038253E+7	4.266536E+3	-1.600607E+0	4.067350E-4 	3.905935E+0	3.902465E+0
80.0    	169     	3.907130E+0	1.626828E-3	2.52E+1    	80.00     	12612.12	23.0 	32.6 	3.903761E+0	2.688781E-6 	2.037603E+7	8.523106E+3	-1.600167E+0	8.504901E-5 	3.907130E+0	3.903761E+0
80.0    	170     	3.908391E+0	6.764956E-4	2.64E+1    	80.00     	12614.70	23.0 	32.6 	3.905145E+0	4.694339E-7 	2.036913E+7	3.547299E+3	-1.599617E+0	2.182506E-4 	3.908391E+0	3.905145E+0
80.0    	171     	3.908466E+0	1.301623E-3	2.52E+1    	80.00     	12617.28	23.0 	32.6 	3.905147E+0	1.703313E-6 	2.036893E+7	6.792888E+3	-1.599940E+0	2.151743E-4 	3.908466E+0	3.905147E+0
80.0    	172     	3.903407E+0	5.954424E-4	2.71E+1    	80.00     	12619.86	23.0 	32.6 	3.899965E+0	3.864989E-7 	2.039567E+7	3.177001E+3	-1.600493E+0	2.857155E-4 	3.903407E+0	3.899965E+0
80.0    	173     	3.902239E+0	1.347455E-3	2.75E+1    	80.00     	12622.40	23.0 	32.6 	3.898711E+0	1.720832E-6 	2.040200E+7	6.954135E+3	-1.600867E+0	1.644182E-4 	3.902239E+0	3.898711E+0
80.0    	174     	3.907421E+0	6.374907E-4	2.76E+1    	80.00     	12624.97	23.0 	32.6 	3.904070E+0	3.723950E-7 	2.037447E+7	3.251666E+3	-1.600087E+0	2.569695E-4 	3.907421E+0	3.904070E+0
80.0    	175     	3.907927E+0	7.553995E-4	2.67E+1    	80.00     	12627.55	23.0 	32.6 	3.904599E+0	5.155775E-7 	2.037177E+7	3.842308E+3	-1.599983E+0	1.616581E-4 	3.907927E+0	3.904599E+0
80.0    	176     	4.124157E+0	1.384611E-3	2.68E+1    	80.00     	12630.12	23.0 	32.6 	4.120918E+0	1.865796E-6 	1.930303E+7	6.437650E+3	-1.598823E+0	1.767295E-4 	4.124157E+0	4.120918E+0
80.0    	177     	4.493921E+0	2.683003E-3	2.80E+1    	80.00     	12632.71	23.0 	32.6 	4.484905E+0	8.431941E-6 	1.772560E+7	1.102679E+4	-1.615600E+0	5.650664E-4 	4.493921E+0	4.484905E+0
80.0    	178     	2.229329E+0	1.538001E-2	2.54E+1    	80.00     	12635.28	23.0 	32.6 	1.651539E+0	8.563936E-5 	4.147343E+7	2.585898E+5	-1.036670E+0	1.144727E-3 	2.229329E+0	1.651539E+0
80.0    	179     	4.095577E+0	1.348405E-3	2.52E+1    	80.00     	12637.86	23.0 	32.6 	4.086290E+0	1.901156E-6 	1.945217E+7	6.482541E+3	-1.618433E+0	1.150362E-4 	4.095577E+0	4.086290E+0
80.0    	180     	4.166372E+0	1.315194E-3	2.88E+1    	80.00     	12640.44	23.0 	32.6 	4.163790E+0	1.745757E-6 	1.910587E+7	6.046762E+3	-1.595693E+0	1.789786E-4 	4.166372E+0	4.163790E+0
80.0    	181     	3.910384E+0	6.506841E-4	2.71E+1    	80.00     	12642.97	23.0 	32.6 	3.907156E+0	5.084358E-7 	2.035870E+7	3.551056E+3	-1.599533E+0	2.853653E-4 	3.910384E+0	3.907156E+0
80.0    	182     	3.904581E+0	1.107246E-3	2.73E+1    	80.00     	12645.55	23.0 	32.6 	3.901112E+0	1.172383E-6 	2.038960E+7	5.719266E+3	-1.600607E+0	2.821938E-4 	3.904581E+0	3.901112E+0
80.0    	183     	3.908055E+0	5.479653E-4	2.89E+1    	80.00     	12648.12	23.0 	32.6 	3.904918E+0	2.630983E-7 	2.037060E+7	2.762245E+3	-1.599130E+0	2.910326E-4 	3.908055E+0	3.904918E+0
80.0    	184     	3.905206E+0	5.544810E-4	2.85E+1    	80.00     	12650.69	23.0 	32.6 	3.901840E+0	3.841986E-7 	2.038607E+7	3.066486E+3	-1.600157E+0	2.902298E-4 	3.905206E+0	3.901840E+0
80.0    	185     	3.903761E+0	5.826739E-4	2.80E+1    	80.00     	12653.27	23.0 	32.6 	3.900504E+0	2.749489E-7 	2.039333E+7	2.888483E+3	-1.599683E+0	3.647373E-4 	3.903761E+0	3.900504E+0
80.0    	186     	3.907619E+0	9.260903E-4	2.70E+1    	80.00     	12655.84	23.0 	32.6 	3.904447E+0	8.760466E-7 	2.037297E+7	4.850086E+3	-1.599290E+0	4.186884E-4 	3.907619E+0	3.904447E+0
80.0    	187     	3.907310E+0	2.788193E-4	2.60E+1    	80.00     	12658.42	23.0 	32.6 	3.904193E+0	7.410249E-8 	2.037443E+7	1.436431E+3	-1.599043E+0	8.621678E-5 	3.907310E+0	3.904193E+0
80.0    	188     	3.903500E+0	1.555558E-3	2.68E+1    	80.00     	12661.00	23.0 	32.6 	3.900114E+0	2.510414E-6 	2.039503E+7	8.205080E+3	-1.600250E+0	3.604164E-4 	3.903500E+0	3.900114E+0
80.0    	189     	3.904973E+0	4.052586E-4	2.77E+1    	80.00     	12663.58	23.0 	32.6 	3.901767E+0	1.774968E-7 	2.038687E+7	2.157159E+3	-1.599453E+0	1.457166E-4 	3.904973E+0	3.901767E+0
80.0    	190     	3.905123E+0	1.018726E-3	2.62E+1    	80.00     	12666.16	23.0 	32.6 	3.901872E+0	9.545587E-7 	2.038620E+7	5.211526E+3	-1.599657E+0	1.823001E-4 	3.905123E+0	3.901872E+0
80.0    	191     	3.903395E+0	2.869840E-4	2.81E+1    	80.00     	12668.74	23.0 	32.6 	3.899887E+0	7.652819E-8 	2.039590E+7	1.473092E+3	-1.600780E+0	4.358899E-5 	3.903395E+0	3.899887E+0
80.0    	192     	4.122456E+0	1.612520E-3	2.62E+1    	80.00     	12671.31	23.0 	32.6 	4.119218E+0	2.540765E-6 	1.931100E+7	7.514652E+3	-1.598823E+0	7.637626E-5 	4.122456E+0	4.119218E+0
80.0    	193     	4.128098E+0	1.036758E-3	2.67E+1    	80.00     	12673.91	23.0 	32.6 	4.125030E+0	1.018017E-6 	1.928420E+7	4.779121E+3	-1.598060E+0	2.389561E-4 	4.128098E+0	4.125030E+0
80.0    	194     	4.091818E+0	2.262757E-3	3.45E+1    	80.00     	12676.45	23.0 	32.6 	4.082361E+0	5.858647E-6 	1.947047E+7	1.115004E+4	-1.618890E+0	4.700000E-4 	4.091818E+0	4.082361E+0
80.0    	195     	4.121543E+0	1.237685E-3	2.85E+1    	80.00     	12679.01	23.0 	32.6 	4.118339E+0	1.391518E-6 	1.931520E+7	5.666569E+3	-1.598680E+0	2.523886E-4 	4.121543E+0	4.118339E+0
80.0    	196     	3.910048E+0	6.953518E-4	2.48E+1    	80.00     	12681.60	23.0 	32.6 	3.906827E+0	4.485062E-7 	2.036043E+7	3.550117E+3	-1.599503E+0	3.524675E-4 	3.910048E+0	3.906827E+0
80.0    	197     	3.905366E+0	6.481151E-4	2.57E+1    	80.00     	12684.17	23.0 	32.6 	3.902101E+0	4.433396E-7 	2.038497E+7	3.426855E+3	-1.599713E+0	2.800595E-4 	3.905366E+0	3.902101E+0
80.0    	198     	3.906798E+0	8.088142E-4	2.89E+1    	80.00     	12686.75	23.0 	32.6 	3.903683E+0	7.732300E-7 	2.037710E+7	4.403408E+3	-1.599033E+0	3.608786E-4 	3.906798E+0	3.903683E+0
80.0    	199     	3.907315E+0	1.072495E-3	2.65E+1    	80.00     	12689.33	23.0 	32.6 	3.904138E+0	9.812306E-7 	2.037457E+7	5.378042E+3	-1.599310E+0	4.660472E-4 	3.907315E+0	3.904138E+0
80.0    	200     	3.903446E+0	8.180550E-4	3.07E+1    	80.00     	12691.88	23.0 	32.6 	3.900257E+0	5.790580E-7 	2.039480E+7	4.124318E+3	-1.599380E+0	3.377869E-4 	3.903446E+0	3.900257E+0
80.0    	201     	3.905740E+0	8.159488E-4	2.53E+1    	80.00     	12694.47	23.0 	32.6 	3.902532E+0	7.018597E-7 	2.038287E+7	4.315476E+3	-1.599460E+0	1.835756E-4 	3.905740E+0	3.902532E+0
80.0    	202     	3.906801E+0	7.357544E-4	2.75E+1    	80.00     	12697.05	23.0 	32.6 	3.903693E+0	5.007281E-7 	2.037707E+7	3.763420E+3	-1.599003E+0	2.702468E-4 	3.906801E+0	3.903693E+0
80.0    	203     	3.905209E+0	1.978680E-3	2.76E+1    	80.00     	12699.62	23.0 	32.6 	3.902042E+0	3.861010E-6 	2.038553E+7	1.029968E+4	-1.599280E+0	6.557439E-5 	3.905209E+0	3.902042E+0
80.0    	204     	3.902412E+0	2.002922E-3	3.09E+1    	80.00     	12702.17	23.0 	32.6 	3.899009E+0	4.058609E-6 	2.040077E+7	1.050825E+4	-1.600330E+0	2.137756E-4 	3.902412E+0	3.899009E+0
80.0    	205     	3.904177E+0	1.562843E-3	2.54E+1    	80.00     	12704.76	23.0 	32.6 	3.900726E+0	2.681998E-6 	2.039167E+7	8.363213E+3	-1.600533E+0	3.312602E-4 	3.904177E+0	3.900726E+0
80.0    	206     	4.124432E+0	1.047660E-3	3.27E+1    	80.00     	12707.32	23.0 	32.6 	4.120886E+0	1.074766E-6 	1.930247E+7	4.878866E+3	-1.600120E+0	2.095233E-4 	4.124432E+0	4.120886E+0
80.0    	207     	3.907900E+0	1.197788E-3	2.78E+1    	80.00     	12709.92	23.0 	32.6 	3.904690E+0	1.102745E-6 	2.037160E+7	5.859181E+3	-1.599453E+0	6.986654E-4 	3.907900E+0	3.904690E+0
80.0    	208     	4.124351E+0	1.593075E-3	2.64E+1    	80.00     	12712.48	23.0 	32.6 	4.121394E+0	2.290182E-6 	1.930147E+7	7.272780E+3	-1.597577E+0	3.608786E-4 	4.124351E+0	4.121394E+0
80.0    	209     	4.124378E+0	4.533964E-4	2.55E+1    	80.00     	12715.07	23.0 	32.6 	4.121466E+0	2.494688E-7 	1.930123E+7	2.230097E+3	-1.597373E+0	2.203028E-4 	4.124378E+0	4.121466E+0
80.0    	210     	4.117227E+0	1.110145E-3	2.69E+1    	80.00     	12717.64	23.0 	32.6 	4.114004E+0	1.062173E-6 	1.933550E+7	5.026927E+3	-1.598777E+0	4.273562E-4 	4.117227E+0	4.114004E+0
80.0    	211     	1.198288E+0	5.205094E-4	3.36E+1    	80.00     	12720.19	23.0 	32.6 	1.191250E+0	1.230177E-7 	6.660520E+7	2.424954E+4	-1.647503E+0	9.241392E-4 	1.198288E+0	1.191250E+0
80.0    	212     	4.118327E+0	8.820033E-4	2.76E+1    	80.00     	12722.80	23.0 	32.6 	4.115274E+0	7.270581E-7 	1.932993E+7	4.067350E+3	-1.598023E+0	4.209909E-4 	4.118327E+0	4.115274E+0
80.0    	213     	3.907781E+0	2.094359E-3	3.20E+1    	80.00     	12725.35	23.0 	32.6 	3.904670E+0	4.400002E-6 	2.037197E+7	1.092993E+4	-1.599017E+0	1.738774E-4 	3.907781E+0	3.904670E+0
80.0    	214     	3.906783E+0	1.008024E-3	2.77E+1    	80.00     	12727.90	23.0 	32.6 	3.903443E+0	9.915059E-7 	2.037777E+7	5.227173E+3	-1.600043E+0	1.301281E-4 	3.906783E+0	3.903443E+0
80.0    	215     	3.999490E+0	1.177610E-3	2.85E+1    	80.00     	12730.48	23.0 	32.6 	3.987952E+0	1.258104E-6 	1.992567E+7	5.735271E+3	-1.624533E+0	1.234234E-4 	3.999490E+0	3.987952E+0
80.0    	216     	3.907447E+0	7.536140E-4	2.49E+1    	80.00     	12733.05	23.0 	32.6 	3.904299E+0	5.501300E-7 	2.037380E+7	3.893584E+3	-1.599180E+0	3.968627E-4 	3.907447E+0	3.904299E+0
80.0    	217     	3.905767E+0	1.096834E-3	2.59E+1    	80.00     	12735.62	23.0 	32.6 	3.902761E+0	1.283831E-6 	2.038220E+7	5.819794E+3	-1.598540E+0	3.064311E-4 	3.905767E+0	3.902761E+0
80.0    	218     	3.908138E+0	1.307470E-3	2.63E+1    	80.00     	12738.19	23.0 	32.6 	3.904862E+0	1.809999E-6 	2.037053E+7	6.917610E+3	-1.599753E+0	1.975686E-4 	3.908138E+0	3.904862E+0
80.0    	219     	4.115747E+0	1.342221E-3	2.52E+1    	80.00     	12740.76	23.0 	32.6 	4.111995E+0	2.007670E-6 	1.934370E+7	6.486139E+3	-1.600990E+0	4.003748E-4 	4.115747E+0	4.111995E+0
80.0    	220     	3.910078E+0	1.066962E-3	2.87E+1    	80.00     	12743.34	23.0 	32.6 	3.907040E+0	1.120379E-6 	2.035980E+7	5.534438E+3	-1.598677E+0	1.656301E-4 	3.910078E+0	3.907040E+0
80.0    	221     	4.125832E+0	1.175006E-3	2.81E+1    	80.00     	12745.92	23.0 	32.6 	4.122420E+0	1.361164E-6 	1.929560E+7	5.478138E+3	-1.599557E+0	1.415392E-4 	4.125832E+0	4.122420E+0
80.0    	222     	1.094210E+0	2.047719E-3	2.74E+1    	80.00     	12748.50	23.0 	32.6 	1.094208E+0	4.205330E-6 	7.272620E+7	1.362671E+5	-1.571897E+0	1.104280E-3 	1.094210E+0	1.094208E+0
80.0    	223     	4.123146E+0	1.664207E-4	3.11E+1    	80.00     	12751.05	23.0 	32.6 	4.119538E+0	1.497424E-8 	1.930863E+7	6.506407E+2	-1.600380E+0	3.704052E-4 	4.123146E+0	4.119538E+0
80.0    	224     	4.125067E+0	2.173454E-4	2.65E+1    	80.00     	12753.64	23.0 	32.6 	4.122044E+0	5.186630E-8 	1.929827E+7	1.040833E+3	-1.597873E+0	8.504901E-5 	4.125067E+0	4.122044E+0
80.0    	225     	4.125279E+0	1.515127E-3	2.62E+1    	80.00     	12756.22	23.0 	32.6 	4.122261E+0	2.246912E-6 	1.929727E+7	7.050059E+3	-1.597847E+0	2.358672E-4 	4.125279E+0	4.122261E+0
80.0    	226     	3.912322E+0	7.217219E-4	2.75E+1    	80.00     	12758.80	23.0 	32.6 	3.909048E+0	5.011310E-7 	2.034873E+7	3.716629E+3	-1.599727E+0	2.400694E-4 	3.912322E+0	3.909048E+0
80.0    	227     	4.117834E+0	3.727914E-4	2.95E+1    	80.00     	12761.34	23.0 	32.6 	4.114717E+0	1.095487E-7 	1.933240E+7	1.652271E+3	-1.598313E+0	1.950214E-4 	4.117834E+0	4.114717E+0
80.0    	228     	3.911948E+0	5.959480E-4	2.41E+1    	80.00     	12763.91	23.0 	32.6 	3.908858E+0	3.707566E-7 	2.035020E+7	3.132092E+3	-1.598907E+0	2.577466E-4 	3.911948E+0	3.908858E+0
80.0    	229     	4.144729E+0	1.409413E-3	2.60E+1    	80.00     	12766.49	23.0 	32.6 	4.140335E+0	2.395801E-6 	1.920987E+7	6.853709E+3	-1.603360E+0	6.383573E-4 	4.144729E+0	4.140335E+0
80.0    	230     	4.007325E+0	6.358226E-3	2.55E+1    	80.00     	12769.06	23.0 	32.6 	3.996049E+0	3.870033E-5 	1.988603E+7	3.122921E+4	-1.623867E+0	5.143280E-4 	4.007325E+0	3.996049E+0
80.0    	231     	3.324247E+0	4.439457E-3	2.84E+1    	80.00     	12771.64	23.0 	32.6 	2.824697E+0	7.933017E-5 	2.596923E+7	5.825335E+4	-1.172713E+0	2.163200E-3 	3.324247E+0	2.824697E+0
80.0    	232     	3.999672E+0	7.111382E-4	3.33E+1    	80.00     	12774.19	23.0 	32.6 	3.988651E+0	5.756936E-7 	1.992347E+7	3.666515E+3	-1.623313E+0	1.193035E-4 	3.999672E+0	3.988651E+0
80.0    	233     	3.905920E+0	1.336321E-3	2.95E+1    	80.00     	12776.78	23.0 	32.6 	3.902811E+0	1.562407E-6 	2.038167E+7	6.748580E+3	-1.599010E+0	4.158125E-4 	3.905920E+0	3.902811E+0
80.0    	234     	4.116512E+0	1.494163E-3	2.51E+1    	80.00     	12779.36	23.0 	32.6 	4.112903E+0	2.349468E-6 	1.933977E+7	7.112196E+3	-1.600410E+0	1.646208E-4 	4.116512E+0	4.112903E+0
80.0    	235     	1.228541E+0	8.611015E-4	2.66E+1    	80.00     	12781.90	23.0 	32.6 	1.227194E+0	8.168539E-7 	6.480953E+7	4.655989E+4	-1.537683E+0	5.887558E-4 	1.228541E+0	1.227194E+0
80.0    	236     	4.115107E+0	6.838786E-4	2.78E+1    	80.00     	12784.50	23.0 	32.6 	4.111415E+0	5.092731E-7 	1.934657E+7	3.280752E+3	-1.600750E+0	3.508561E-4 	4.115107E+0	4.111415E+0
80.0    	237     	3.906532E+0	1.201831E-3	3.29E+1    	80.00     	12787.05	23.0 	32.6 	3.903286E+0	1.412646E-6 	2.037883E+7	6.232442E+3	-1.599623E+0	4.389001E-4 	3.906532E+0	3.903286E+0
80.0    	238     	4.124963E+0	5.043395E-4	2.50E+1    	80.00     	12789.64	23.0 	32.6 	4.121393E+0	2.299671E-7 	1.930003E+7	2.300725E+3	-1.600220E+0	1.951922E-4 	4.124963E+0	4.121393E+0
80.0    	239     	3.909783E+0	1.143809E-3	2.74E+1    	80.00     	12792.22	23.0 	32.6 	3.906708E+0	1.374295E-6 	2.036143E+7	6.033517E+3	-1.598847E+0	2.236813E-4 	3.909783E+0	3.906708E+0
80.0    	240     	4.124653E+0	1.207052E-3	3.24E+1    	80.00     	12794.77	23.0 	32.6 	4.121732E+0	1.548326E-6 	1.929997E+7	5.736143E+3	-1.597413E+0	1.975686E-4 	4.124653E+0	4.121732E+0
80.0    	241     	4.349841E+0	1.525050E-3	3.12E+1    	80.00     	12797.33	23.0 	32.6 	4.347167E+0	2.123693E-6 	1.829997E+7	6.274021E+3	-1.595593E+0	3.611556E-4 	4.349841E+0	4.347167E+0
80.0    	242     	4.134939E+0	1.594072E-3	2.51E+1    	80.00     	12799.92	23.0 	32.6 	4.131964E+0	2.742598E-6 	1.925207E+7	7.559321E+3	-1.597617E+0	7.303652E-4 	4.134939E+0	4.131964E+0
80.0    	243     	4.128776E+0	1.082394E-3	2.70E+1    	80.00     	12802.50	23.0 	32.6 	4.125835E+0	1.190379E-6 	1.928073E+7	5.076744E+3	-1.597490E+0	1.352775E-4 	4.128776E+0	4.125835E+0
80.0    	244     	4.362913E+0	1.278829E-3	2.85E+1    	80.00     	12805.08	23.0 	32.6 	4.358752E+0	1.814213E-6 	1.824823E+7	5.493026E+3	-1.601683E+0	2.702468E-4 	4.362913E+0	4.358752E+0
80.0    	245     	1.263015E+0	3.393882E-3	2.53E+1    	80.00     	12807.66	23.0 	32.6 	1.228943E+0	4.766969E-6 	6.387360E+7	1.424062E+5	-1.405823E+0	2.799149E-3 	1.263015E+0	1.228943E+0
80.0    	246     	4.367405E+0	4.188997E-4	3.17E+1    	80.00     	12810.20	23.0 	32.6 	4.363094E+0	2.062886E-7 	1.822977E+7	1.823001E+3	-1.602220E+0	1.322876E-4 	4.367405E+0	4.363094E+0
80.0    	247     	4.208118E+0	1.267941E-3	2.87E+1    	80.00     	12812.80	23.0 	32.6 	4.198846E+0	1.377221E-6 	1.893133E+7	5.497575E+3	-1.617753E+0	2.458319E-4 	4.208118E+0	4.198846E+0
80.0    	248     	4.126644E+0	1.047063E-3	2.68E+1    	80.00     	12815.37	23.0 	32.6 	4.123873E+0	1.143788E-6 	1.929030E+7	4.948737E+3	-1.596713E+0	1.415392E-4 	4.126644E+0	4.123873E+0
80.0    	249     	4.121294E+0	1.591776E-3	2.95E+1    	80.00     	12817.95	23.0 	32.6 	4.118318E+0	2.645733E-6 	1.931583E+7	7.543430E+3	-1.597673E+0	2.311565E-4 	4.121294E+0	4.118318E+0
80.0    	250     	4.132127E+0	1.631065E-3	3.18E+1    	80.00     	12820.50	23.0 	32.6 	4.129326E+0	2.573907E-6 	1.926477E+7	7.540778E+3	-1.596830E+0	3.934463E-4 	4.132127E+0	4.129326E+0
80.0    	251     	4.336216E+0	1.789220E-3	3.15E+1    	80.00     	12823.07	23.0 	32.6 	4.333016E+0	3.178384E-6 	1.835860E+7	7.562407E+3	-1.597963E+0	1.193035E-4 	4.336216E+0	4.333016E+0
80.0    	252     	4.124914E+0	5.424456E-4	3.05E+1    	80.00     	12825.65	23.0 	32.6 	4.121884E+0	2.481704E-7 	1.929900E+7	2.426932E+3	-1.597903E+0	4.292241E-4 	4.124914E+0	4.121884E+0
80.0    	253     	4.120569E+0	4.814568E-4	2.86E+1    	80.00     	12828.23	23.0 	32.6 	4.117550E+0	2.096512E-7 	1.931933E+7	2.193931E+3	-1.597867E+0	3.927255E-4 	4.120569E+0	4.117550E+0
80.0    	254     	4.122288E+0	1.688836E-3	2.90E+1    	80.00     	12830.82	23.0 	32.6 	4.119401E+0	2.829904E-6 	1.931097E+7	7.900211E+3	-1.597263E+0	3.214550E-5 	4.122288E+0	4.119401E+0
80.0    	255     	4.127380E+0	4.561831E-4	2.66E+1    	80.00     	12833.39	23.0 	32.6 	4.124406E+0	2.365726E-7 	1.928733E+7	2.203028E+3	-1.597643E+0	1.457166E-4 	4.127380E+0	4.124406E+0
80.0    	256     	4.345415E+0	9.306268E-4	3.01E+1    	80.00     	12835.94	23.0 	32.6 	4.343474E+0	8.908863E-7 	1.831707E+7	3.951371E+3	-1.591933E+0	8.504901E-5 	4.345415E+0	4.343474E+0
80.0    	257     	5.636481E+0	2.838947E-3	3.25E+1    	80.00     	12838.52	23.0 	32.6 	5.634532E+0	8.072891E-6 	1.412073E+7	7.117818E+3	-1.589393E+0	1.464013E-4 	5.636481E+0	5.634532E+0
80.0    	258     	8.097159E+0	6.117248E-4	2.81E+1    	80.00     	12841.11	23.0 	32.6 	8.096219E+0	3.902437E-7 	9.828397E+6	7.503555E+2	-1.581567E+0	1.193035E-4 	8.097159E+0	8.096219E+0
80.0    	259     	1.125537E+1	2.130297E-3	3.21E+1    	80.00     	12843.66	23.0 	32.6 	1.125508E+1	4.535271E-6 	7.070267E+6	1.338108E+3	-1.575880E+0	1.732051E-5 	1.125537E+1	1.125508E+1
80.0    	260     	2.370447E+1	1.223583E-3	2.58E+1    	80.00     	12846.25	23.0 	32.6 	2.370361E+1	1.457925E-6 	3.357127E+6	1.721434E+2	-1.564790E+0	6.557439E-5 	2.370447E+1	2.370361E+1
80.0    	261     	2.821441E+1	9.412602E-4	2.69E+1    	80.00     	12848.83	23.0 	32.6 	2.821237E+1	9.018609E-7 	2.820557E+6	9.451631E+1	-1.562297E+0	3.214550E-5 	2.821441E+1	2.821237E+1
80.0    	262     	3.431477E+1	1.485568E-3	2.82E+1    	80.00     	12851.41	23.0 	32.6 	3.431016E+1	2.170983E-6 	2.319200E+6	1.000000E+2	-1.559197E+0	1.527525E-5 	3.431477E+1	3.431016E+1
80.0    	263     	5.030370E+1	1.307915E-3	2.54E+1    	80.00     	12853.99	23.0 	32.6 	5.028552E+1	1.794605E-6 	1.582227E+6	4.163332E+1	-1.551780E+0	3.605551E-5 	5.030370E+1	5.028552E+1
80.0    	264     	1.102607E+2	5.114189E-4	3.34E+1    	80.00     	12856.53	23.0 	32.6 	1.100477E+2	3.490419E-7 	7.224190E+5	3.605551E+0	-1.526827E+0	1.154701E-5 	1.102607E+2	1.100477E+2
100.0   	1       	4.365934E+0	1.303385E-3	7.80E+1    	100.00    	12890.99	23.0 	32.6 	4.363112E+0	1.614964E-6 	1.823280E+7	5.370289E+3	-1.596220E+0	5.524491E-4 	4.365934E+0	4.363112E+0
100.0   	2       	4.449347E+0	8.056031E-4	2.53E+1    	100.00    	12893.42	23.0 	32.6 	4.446795E+0	7.385804E-7 	1.789033E+7	3.348632E+3	-1.594747E+0	2.635021E-4 	4.449347E+0	4.446795E+0
100.0   	3       	5.844304E-1	1.214209E-3	2.55E+1    	100.00    	12896.00	23.0 	32.6 	5.418711E-1	1.410965E-6 	1.414090E+8	2.961824E+5	-1.844037E+0	1.466504E-3 	5.844304E-1	5.418711E-1
100.0   	4       	4.680135E+0	5.577859E-4	3.31E+1    	100.00    	12898.55	23.0 	32.6 	4.677352E+0	3.448502E-7 	1.700830E+7	2.080865E+3	-1.595183E+0	1.715615E-4 	4.680135E+0	4.677352E+0
100.0   	5       	1.164494E+0	2.131623E-4	2.70E+1    	100.00    	12901.14	23.0 	32.6 	1.161509E+0	1.020008E-7 	6.842427E+7	1.540855E+4	-1.621437E+0	1.223942E-3 	1.164494E+0	1.161509E+0
100.0   	6       	4.401930E+0	1.725766E-3	3.11E+1    	100.00    	12903.69	23.0 	32.6 	4.398650E+0	2.931703E-6 	1.808460E+7	7.066116E+3	-1.598093E+0	1.184624E-4 	4.401930E+0	4.398650E+0
100.0   	7       	4.138490E+0	9.246686E-4	3.18E+1    	100.00    	12906.27	23.0 	32.6 	4.135260E+0	8.331598E-7 	1.923613E+7	4.272392E+3	-1.598733E+0	6.506407E-5 	4.138490E+0	4.135260E+0
100.0   	8       	4.149146E+0	2.178483E-3	2.53E+1    	100.00    	12908.84	23.0 	32.6 	4.146153E+0	5.261013E-6 	1.918617E+7	1.034666E+4	-1.597657E+0	5.444569E-4 	4.149146E+0	4.146153E+0
100.0   	9       	4.137578E+0	7.188882E-4	3.33E+1    	100.00    	12911.41	23.0 	32.6 	4.134481E+0	5.655852E-7 	1.924007E+7	3.412233E+3	-1.598157E+0	4.916638E-4 	4.137578E+0	4.134481E+0
100.0   	10      	4.467620E+0	2.538094E-3	2.61E+1    	100.00    	12914.00	23.0 	32.6 	4.451005E+0	5.526529E-6 	1.784527E+7	9.782808E+3	-1.631817E+0	3.271595E-4 	4.467620E+0	4.451005E+0
100.0   	11      	3.523884E+0	4.255947E-2	2.70E+1    	100.00    	12916.58	23.0 	32.6 	2.883852E+0	3.531212E-3 	2.496733E+7	4.045822E+5	-1.130507E+0	9.046393E-3 	3.523884E+0	2.883852E+0
100.0   	12      	1.909191E+0	1.571260E-3	2.54E+1    	100.00    	12919.16	23.0 	32.6 	1.908764E+0	2.559062E-6 	4.168593E+7	3.461233E+4	-1.555860E+0	5.150728E-4 	1.909191E+0	1.908764E+0
100.0   	13      	4.332057E+0	1.247053E-3	2.63E+1    	100.00    	12921.70	23.0 	32.6 	4.327726E+0	1.576599E-6 	1.837863E+7	5.310681E+3	-1.602420E+0	3.605551E-5 	4.332057E+0	4.327726E+0
100.0   	14      	4.133474E+0	1.563739E-3	2.88E+1    	100.00    	12924.27	23.0 	32.6 	4.130295E+0	2.390631E-6 	1.925937E+7	7.245918E+3	-1.598530E+0	4.058325E-4 	4.133474E+0	4.130295E+0
100.0   	15      	4.150341E+0	9.568062E-4	2.80E+1    	100.00    	12926.84	23.0 	32.6 	4.147090E+0	1.066285E-6 	1.918123E+7	4.598188E+3	-1.598787E+0	3.550117E-4 	4.150341E+0	4.147090E+0
100.0   	16      	4.367262E+0	1.003341E-3	2.54E+1    	100.00    	12929.42	23.0 	32.6 	4.364434E+0	1.073893E-6 	1.822727E+7	4.257151E+3	-1.596247E+0	1.563117E-4 	4.367262E+0	4.364434E+0
100.0   	17      	4.137612E+0	7.558232E-4	2.81E+1    	100.00    	12932.00	23.0 	32.6 	4.134375E+0	5.077587E-7 	1.924023E+7	3.415162E+3	-1.598767E+0	1.855622E-4 	4.137612E+0	4.134375E+0
100.0   	18      	3.919772E+0	6.632696E-4	2.81E+1    	100.00    	12934.58	23.0 	32.6 	3.916193E+0	3.859893E-7 	2.031083E+7	3.329164E+3	-1.601017E+0	2.003331E-4 	3.919772E+0	3.916193E+0
100.0   	19      	4.195289E+0	1.200255E-3	3.06E+1    	100.00    	12937.13	23.0 	32.6 	4.193400E+0	1.477735E-6 	1.897257E+7	5.462905E+3	-1.592017E+0	1.721434E-4 	4.195289E+0	4.193400E+0
100.0   	20      	3.914116E+0	1.718838E-3	3.30E+1    	100.00    	12939.70	23.0 	32.6 	3.910535E+0	2.989307E-6 	2.034020E+7	8.960469E+3	-1.601047E+0	2.548202E-4 	3.914116E+0	3.910535E+0
100.0   	21      	4.146608E+0	2.202290E-4	2.67E+1    	100.00    	12942.29	23.0 	32.6 	4.142742E+0	5.259823E-8 	1.919993E+7	1.040833E+3	-1.601333E+0	6.658328E-5 	4.146608E+0	4.142742E+0
100.0   	22      	3.912528E+0	2.014029E-4	2.70E+1    	100.00    	12944.90	23.0 	32.6 	3.908867E+0	3.083489E-8 	2.034867E+7	9.712535E+2	-1.601393E+0	2.441994E-4 	3.912528E+0	3.908867E+0
100.0   	23      	3.906262E+0	1.127081E-3	3.13E+1    	100.00    	12947.44	23.0 	32.6 	3.902675E+0	1.236970E-6 	2.038113E+7	5.844941E+3	-1.601103E+0	1.021437E-4 	3.906262E+0	3.902675E+0
100.0   	24      	3.905869E+0	1.611431E-3	2.96E+1    	100.00    	12950.01	23.0 	32.6 	3.902135E+0	2.846516E-6 	2.038357E+7	8.611814E+3	-1.601717E+0	4.186088E-4 	3.905869E+0	3.902135E+0
100.0   	25      	4.115950E+0	1.431561E-3	2.56E+1    	100.00    	12952.58	23.0 	32.6 	4.105267E+0	1.766849E-6 	1.935907E+7	6.500256E+3	-1.621763E+0	2.494661E-4 	4.115950E+0	4.105267E+0
100.0   	26      	1.499581E+0	1.395382E-3	2.77E+1    	100.00    	12955.16	23.0 	32.6 	1.395123E+0	2.047104E-7 	5.501727E+7	3.449787E+4	-1.303707E+0	1.111500E-3 	1.499581E+0	1.395123E+0
100.0   	27      	4.221474E+0	2.123094E-3	2.75E+1    	100.00    	12957.73	23.0 	32.6 	4.202950E+0	4.573944E-6 	1.889213E+7	9.552138E+3	-1.637087E+0	2.589080E-4 	4.221474E+0	4.202950E+0
100.0   	28      	4.093552E+0	1.835378E-3	2.69E+1    	100.00    	12960.29	23.0 	32.6 	4.088649E+0	3.347428E-6 	1.945137E+7	8.712252E+3	-1.605410E+0	4.582576E-5 	4.093552E+0	4.088649E+0
100.0   	29      	3.902151E+0	8.671628E-4	3.44E+1    	100.00    	12962.85	23.0 	32.6 	3.898581E+0	7.756964E-7 	2.040257E+7	4.570923E+3	-1.601047E+0	7.637626E-5 	3.902151E+0	3.898581E+0
100.0   	30      	3.898594E+0	2.172297E-3	2.95E+1    	100.00    	12965.43	23.0 	32.6 	3.894984E+0	4.753981E-6 	2.042130E+7	1.140570E+4	-1.601230E+0	1.833030E-4 	3.898594E+0	3.894984E+0
100.0   	31      	3.905626E+0	1.144067E-3	2.42E+1    	100.00    	12968.01	23.0 	32.6 	3.902122E+0	1.230810E-6 	2.038423E+7	5.882460E+3	-1.600753E+0	2.482606E-4 	3.905626E+0	3.902122E+0
100.0   	32      	4.120687E+0	1.968898E-4	2.66E+1    	100.00    	12970.58	23.0 	32.6 	4.117432E+0	3.980897E-8 	1.931933E+7	9.291573E+2	-1.598907E+0	5.507571E-5 	4.120687E+0	4.117432E+0
100.0   	33      	4.125866E+0	4.420473E-4	2.54E+1    	100.00    	12973.15	23.0 	32.6 	4.122571E+0	1.521693E-7 	1.929517E+7	1.942507E+3	-1.599057E+0	3.202083E-4 	4.125866E+0	4.122571E+0
100.0   	34      	3.908750E+0	1.576820E-3	2.54E+1    	100.00    	12975.72	23.0 	32.6 	3.905248E+0	2.508707E-6 	2.036793E+7	8.240348E+3	-1.600733E+0	4.509250E-5 	3.908750E+0	3.905248E+0
100.0   	35      	3.901575E+0	1.280051E-3	2.88E+1    	100.00    	12978.27	23.0 	32.6 	3.898011E+0	1.728876E-6 	2.040557E+7	6.789944E+3	-1.601027E+0	1.556706E-4 	3.901575E+0	3.898011E+0
100.0   	36      	3.908449E+0	6.392861E-4	2.51E+1    	100.00    	12980.85	23.0 	32.6 	3.904844E+0	4.774355E-7 	2.036977E+7	3.467468E+3	-1.601170E+0	2.364318E-4 	3.908449E+0	3.904844E+0
100.0   	37      	4.058932E+0	1.400994E-3	2.92E+1    	100.00    	12983.43	23.0 	32.6 	4.047001E+0	1.957152E-6 	1.963440E+7	6.780118E+3	-1.625040E+0	1.322876E-4 	4.058932E+0	4.047001E+0
100.0   	38      	3.900927E+0	1.715275E-3	2.57E+1    	100.00    	12986.00	23.0 	32.6 	3.898303E+0	2.762900E-6 	2.040650E+7	8.833459E+3	-1.596733E+0	3.911948E-4 	3.900927E+0	3.898303E+0
100.0   	39      	3.905612E+0	1.105039E-3	2.68E+1    	100.00    	12988.56	23.0 	32.6 	3.902009E+0	1.221286E-6 	2.038457E+7	5.770904E+3	-1.601177E+0	1.101514E-4 	3.905612E+0	3.902009E+0
100.0   	40      	3.924674E+0	1.780959E-3	2.60E+1    	100.00    	12991.14	23.0 	32.6 	3.917356E+0	2.887853E-6 	2.029513E+7	9.004628E+3	-1.613990E+0	2.343075E-4 	3.924674E+0	3.917356E+0
100.0   	41      	3.778162E+0	2.756575E-3	2.63E+1    	100.00    	12993.72	23.0 	32.6 	3.699016E+0	2.048601E-5 	2.128663E+7	2.078950E+4	-1.425557E+0	1.693350E-3 	3.778162E+0	3.699016E+0
100.0   	42      	4.121906E+0	1.216944E-3	2.59E+1    	100.00    	12996.30	23.0 	32.6 	4.111729E+0	1.465562E-6 	1.932987E+7	5.692393E+3	-1.620507E+0	2.657693E-4 	4.121906E+0	4.111729E+0
100.0   	43      	3.905691E+0	3.277723E-4	2.50E+1    	100.00    	12998.88	23.0 	32.6 	3.902146E+0	1.134574E-7 	2.038400E+7	1.734935E+3	-1.600930E+0	6.000000E-5 	3.905691E+0	3.902146E+0
100.0   	44      	3.902562E+0	1.003810E-3	2.82E+1    	100.00    	13001.45	23.0 	32.6 	3.899089E+0	1.023566E-6 	2.040017E+7	5.269092E+3	-1.600633E+0	1.193035E-4 	3.902562E+0	3.899089E+0
100.0   	45      	3.906423E+0	1.932365E-3	3.34E+1    	100.00    	13004.01	23.0 	32.6 	3.903012E+0	3.555194E-6 	2.037983E+7	9.962597E+3	-1.600343E+0	4.724757E-4 	3.906423E+0	3.903012E+0
100.0   	46      	3.894938E+0	1.848539E-3	2.63E+1    	100.00    	13006.60	23.0 	32.6 	3.891205E+0	3.295048E-6 	2.044080E+7	9.614572E+3	-1.601760E+0	2.910326E-4 	3.894938E+0	3.891205E+0
100.0   	47      	3.897793E+0	7.836543E-4	2.63E+1    	100.00    	13009.17	23.0 	32.6 	3.894105E+0	6.321382E-7 	2.042570E+7	4.138840E+3	-1.601560E+0	6.244998E-5 	3.897793E+0	3.894105E+0
100.0   	48      	4.113866E+0	6.332767E-4	2.78E+1    	100.00    	13011.75	23.0 	32.6 	4.110559E+0	4.462961E-7 	1.935150E+7	3.061046E+3	-1.599153E+0	2.010804E-4 	4.113866E+0	4.110559E+0
100.0   	49      	4.166819E+0	1.410690E-3	3.39E+1    	100.00    	13014.30	23.0 	32.6 	4.163677E+0	1.845506E-6 	1.910510E+7	6.350591E+3	-1.598260E+0	2.381176E-4 	4.166819E+0	4.163677E+0
100.0   	50      	3.906762E+0	1.172235E-3	2.91E+1    	100.00    	13016.89	23.0 	32.6 	3.903030E+0	1.305823E-6 	2.037890E+7	6.039868E+3	-1.601707E+0	1.628906E-4 	3.906762E+0	3.903030E+0
100.0   	51      	3.900206E+0	1.383643E-3	2.79E+1    	100.00    	13019.45	23.0 	32.6 	3.896667E+0	1.852851E-6 	2.041267E+7	7.184242E+3	-1.600923E+0	1.607275E-4 	3.900206E+0	3.896667E+0
100.0   	52      	4.059197E+0	1.091376E-3	2.50E+1    	100.00    	13022.03	23.0 	32.6 	4.047740E+0	1.506250E-6 	1.963197E+7	5.612783E+3	-1.623947E+0	3.516153E-4 	4.059197E+0	4.047740E+0
100.0   	53      	2.635540E+0	1.925143E-2	2.85E+1    	100.00    	13024.61	23.0 	32.6 	1.987545E+0	3.029736E-4 	3.477087E+7	2.784458E+5	-1.051977E+0	1.345263E-3 	2.635540E+0	1.987545E+0
100.0   	54      	4.060449E+0	2.144572E-4	2.88E+1    	100.00    	13027.18	23.0 	32.6 	4.049035E+0	8.634481E-8 	1.962580E+7	1.216553E+3	-1.623840E+0	2.570992E-4 	4.060449E+0	4.049035E+0
100.0   	55      	3.906714E+0	1.350267E-3	2.64E+1    	100.00    	13029.77	23.0 	32.6 	3.903129E+0	1.686010E-6 	2.037877E+7	6.908208E+3	-1.601093E+0	3.807011E-4 	3.906714E+0	3.903129E+0
100.0   	56      	3.902997E+0	8.303991E-4	2.90E+1    	100.00    	13032.34	23.0 	32.6 	3.899138E+0	8.652218E-7 	2.039890E+7	4.603260E+3	-1.602247E+0	4.100406E-4 	3.902997E+0	3.899138E+0
100.0   	57      	3.927968E+0	1.667469E-3	2.56E+1    	100.00    	13034.92	23.0 	32.6 	3.917493E+0	2.958056E-6 	2.028627E+7	8.753476E+3	-1.622460E+0	2.835489E-4 	3.927968E+0	3.917493E+0
100.0   	58      	3.899586E+0	1.552862E-3	3.47E+1    	100.00    	13037.47	23.0 	32.6 	3.896014E+0	2.124489E-6 	2.041600E+7	7.880990E+3	-1.601063E+0	4.550092E-4 	3.899586E+0	3.896014E+0
100.0   	59      	3.897384E+0	1.325635E-3	2.83E+1    	100.00    	13040.07	23.0 	32.6 	3.893700E+0	1.688028E-6 	2.042783E+7	6.880649E+3	-1.601547E+0	1.625833E-4 	3.897384E+0	3.893700E+0
100.0   	60      	3.900168E+0	3.284743E-4	2.66E+1    	100.00    	13042.64	23.0 	32.6 	3.896424E+0	1.237592E-7 	2.041340E+7	1.769181E+3	-1.601783E+0	3.385754E-4 	3.900168E+0	3.896424E+0
100.0   	61      	4.185021E+0	8.684507E-4	2.81E+1    	100.00    	13045.22	23.0 	32.6 	4.181854E+0	6.481893E-7 	1.902203E+7	3.800439E+3	-1.598307E+0	4.409460E-4 	4.185021E+0	4.181854E+0
100.0   	62      	4.186253E+0	5.953942E-4	3.17E+1    	100.00    	13047.77	23.0 	32.6 	4.183188E+0	3.789186E-7 	1.901620E+7	2.751363E+3	-1.597860E+0	9.643651E-5 	4.186253E+0	4.183188E+0
100.0   	63      	3.901699E+0	1.261819E-4	2.58E+1    	100.00    	13050.36	23.0 	32.6 	3.898065E+0	2.372388E-8 	2.040510E+7	7.211103E+2	-1.601320E+0	2.426932E-4 	3.901699E+0	3.898065E+0
100.0   	64      	4.323560E+0	1.381304E-3	2.77E+1    	100.00    	13052.94	23.0 	32.6 	4.319419E+0	1.791610E-6 	1.841437E+7	5.787343E+3	-1.601747E+0	5.006329E-4 	4.323560E+0	4.319419E+0
100.0   	65      	4.187330E+0	1.606584E-3	3.13E+1    	100.00    	13055.49	23.0 	32.6 	4.184078E+0	2.554988E-6 	1.901173E+7	7.277591E+3	-1.598670E+0	1.153256E-4 	4.187330E+0	4.184078E+0
100.0   	66      	3.901600E+0	5.044160E-4	2.90E+1    	100.00    	13058.08	23.0 	32.6 	3.898087E+0	2.226122E-7 	2.040530E+7	2.553429E+3	-1.600807E+0	1.569501E-4 	3.901600E+0	3.898087E+0
100.0   	67      	3.914748E+0	5.488306E-4	3.05E+1    	100.00    	13060.63	23.0 	32.6 	3.911249E+0	2.779693E-7 	2.033670E+7	2.787472E+3	-1.600697E+0	3.781975E-4 	3.914748E+0	3.911249E+0
100.0   	68      	3.906428E+0	1.843251E-3	2.68E+1    	100.00    	13063.22	23.0 	32.6 	3.902816E+0	3.117339E-6 	2.038033E+7	9.417714E+3	-1.601207E+0	3.200521E-4 	3.906428E+0	3.902816E+0
100.0   	69      	4.063951E+0	4.749581E-3	2.62E+1    	100.00    	13065.78	23.0 	32.6 	4.052874E+0	2.417787E-5 	1.960807E+7	2.336350E+4	-1.623027E+0	4.705670E-4 	4.063951E+0	4.052874E+0
100.0   	70      	3.904970E+0	1.431158E-3	2.75E+1    	100.00    	13068.37	23.0 	32.6 	3.901566E+0	2.179053E-6 	2.038740E+7	7.594077E+3	-1.600323E+0	2.200757E-4 	3.904970E+0	3.901566E+0
100.0   	71      	3.902471E+0	1.492059E-3	2.77E+1    	100.00    	13070.94	23.0 	32.6 	3.898670E+0	2.300943E-6 	2.040150E+7	7.868926E+3	-1.602010E+0	2.029778E-4 	3.902471E+0	3.898670E+0
100.0   	72      	3.900613E+0	1.916073E-3	2.70E+1    	100.00    	13073.51	23.0 	32.6 	3.898973E+0	3.614050E-6 	2.040557E+7	9.984655E+3	-1.591307E+0	1.001665E-4 	3.900613E+0	3.898973E+0
100.0   	73      	3.854294E+0	3.659715E-4	3.30E+1    	100.00    	13076.06	23.0 	32.6 	3.829232E+0	1.221120E-8 	2.071390E+7	8.717798E+2	-1.490073E+0	6.947182E-4 	3.854294E+0	3.829232E+0
100.0   	74      	3.905334E+0	1.989976E-3	2.89E+1    	100.00    	13078.66	23.0 	32.6 	3.899571E+0	4.024340E-6 	2.039167E+7	1.043280E+4	-1.609217E+0	4.324735E-4 	3.905334E+0	3.899571E+0
100.0   	75      	3.901980E+0	1.157530E-3	2.53E+1    	100.00    	13081.23	23.0 	32.6 	3.898625E+0	8.115970E-7 	2.040290E+7	5.381450E+3	-1.600110E+0	1.155292E-3 	3.901980E+0	3.898625E+0
100.0   	76      	4.180955E+0	1.139903E-3	3.13E+1    	100.00    	13083.78	23.0 	32.6 	4.178288E+0	1.254568E-6 	1.903940E+7	5.146844E+3	-1.596057E+0	1.401190E-4 	4.180955E+0	4.178288E+0
100.0   	77      	5.799185E-1	5.563485E-4	2.47E+1    	100.00    	13086.38	23.0 	32.6 	5.465090E-1	3.312790E-8 	1.413540E+8	8.101852E+4	-1.813180E+0	1.745193E-3 	5.799185E-1	5.465090E-1
100.0   	78      	5.830250E-1	1.327712E-3	2.99E+1    	100.00    	13088.93	23.0 	32.6 	5.494611E-1	7.692942E-7 	1.405980E+8	2.719982E+5	-1.813090E+0	1.410993E-3 	5.830250E-1	5.494611E-1
100.0   	79      	4.398932E+0	1.517127E-3	2.68E+1    	100.00    	13091.52	23.0 	32.6 	4.395489E+0	1.992896E-6 	1.809727E+7	6.001111E+3	-1.598760E+0	1.184947E-3 	4.398932E+0	4.395489E+0
100.0   	80      	1.571019E+0	1.276442E-3	2.75E+1    	100.00    	13094.09	23.0 	32.6 	1.568902E+0	1.495874E-6 	5.068760E+7	4.033311E+4	-1.534080E+0	4.592385E-4 	1.571019E+0	1.568902E+0
100.0   	81      	4.169582E+0	1.333598E-3	3.04E+1    	100.00    	13096.64	23.0 	32.6 	4.166383E+0	1.768883E-6 	1.909257E+7	6.100273E+3	-1.598497E+0	1.331666E-4 	4.169582E+0	4.166383E+0
100.0   	82      	3.926244E+0	1.970204E-3	2.54E+1    	100.00    	13099.23	23.0 	32.6 	3.922422E+0	3.537930E-6 	2.027797E+7	9.948534E+3	-1.602003E+0	3.859188E-4 	3.926244E+0	3.922422E+0
100.0   	83      	3.926584E+0	1.408156E-3	2.96E+1    	100.00    	13101.81	23.0 	32.6 	3.923101E+0	1.847423E-6 	2.027533E+7	7.145162E+3	-1.600583E+0	3.146956E-4 	3.926584E+0	3.923101E+0
100.0   	84      	3.965079E+0	1.451040E-3	2.53E+1    	100.00    	13104.37	23.0 	32.6 	3.961597E+0	2.239623E-6 	2.007840E+7	7.464583E+3	-1.600433E+0	2.154840E-4 	3.965079E+0	3.961597E+0
100.0   	85      	3.926274E+0	2.898085E-4	2.87E+1    	100.00    	13106.93	23.0 	32.6 	3.922958E+0	4.749666E-8 	2.027650E+7	1.300000E+3	-1.599857E+0	4.292241E-4 	3.926274E+0	3.922958E+0
100.0   	86      	3.927632E+0	1.781111E-3	2.55E+1    	100.00    	13109.50	23.0 	32.6 	3.924299E+0	3.364960E-6 	2.026953E+7	9.332917E+3	-1.599933E+0	3.647373E-4 	3.927632E+0	3.924299E+0
100.0   	87      	3.928193E+0	4.661302E-4	2.61E+1    	100.00    	13112.10	23.0 	32.6 	3.924938E+0	2.398075E-7 	2.026643E+7	2.466441E+3	-1.599587E+0	1.137248E-4 	3.928193E+0	3.924938E+0
100.0   	88      	3.927304E+0	1.504952E-3	3.18E+1    	100.00    	13114.64	23.0 	32.6 	3.923762E+0	2.424389E-6 	2.027177E+7	7.907170E+3	-1.600830E+0	2.858321E-4 	3.927304E+0	3.923762E+0
100.0   	89      	3.935831E+0	1.151198E-3	2.50E+1    	100.00    	13117.24	23.0 	32.6 	3.930369E+0	1.146524E-6 	2.023277E+7	5.714310E+3	-1.608057E+0	3.212994E-4 	3.935831E+0	3.930369E+0
100.0   	90      	3.927217E+0	7.814054E-4	2.86E+1    	100.00    	13119.81	23.0 	32.6 	3.924068E+0	6.570319E-7 	2.027120E+7	4.107311E+3	-1.599113E+0	2.872862E-4 	3.927217E+0	3.924068E+0
100.0   	91      	3.926259E+0	1.521330E-3	3.26E+1    	100.00    	13122.36	23.0 	32.6 	3.922948E+0	2.462135E-6 	2.027657E+7	7.982690E+3	-1.599837E+0	2.466441E-4 	3.926259E+0	3.922948E+0
100.0   	92      	3.927898E+0	1.534014E-3	3.39E+1    	100.00    	13124.92	23.0 	32.6 	3.924665E+0	2.474767E-6 	2.026790E+7	8.020598E+3	-1.599490E+0	1.905256E-4 	3.927898E+0	3.924665E+0
100.0   	93      	4.243136E+0	1.078491E-3	2.92E+1    	100.00    	13127.50	23.0 	32.6 	4.240242E+0	1.176585E-6 	1.876080E+7	4.784349E+3	-1.596913E+0	9.291573E-5 	4.243136E+0	4.240242E+0
100.0   	94      	4.209994E+0	1.542921E-3	2.82E+1    	100.00    	13130.09	23.0 	32.6 	4.207386E+0	2.266598E-6 	1.890790E+7	6.846167E+3	-1.595687E+0	1.877054E-4 	4.209994E+0	4.207386E+0
100.0   	95      	3.926584E+0	8.988303E-4	2.64E+1    	100.00    	13132.66	23.0 	32.6 	3.923190E+0	7.870137E-7 	2.027510E+7	4.613025E+3	-1.600200E+0	6.082763E-5 	3.926584E+0	3.923190E+0
100.0   	96      	4.370290E+0	5.216086E-4	2.60E+1    	100.00    	13135.23	23.0 	32.6 	4.366504E+0	2.644431E-7 	1.821663E+7	2.159475E+3	-1.600233E+0	7.767453E-5 	4.370290E+0	4.366504E+0
100.0   	97      	4.155236E+0	1.068319E-3	3.27E+1    	100.00    	13137.79	23.0 	32.6 	4.151839E+0	1.087020E-6 	1.915897E+7	4.868607E+3	-1.599393E+0	1.530795E-4 	4.155236E+0	4.151839E+0
100.0   	98      	3.918063E+0	1.410223E-3	2.90E+1    	100.00    	13140.38	23.0 	32.6 	3.917464E+0	2.101045E-6 	2.031197E+7	7.414400E+3	-1.583157E+0	5.001333E-4 	3.918063E+0	3.917464E+0
100.0   	99      	3.924601E+0	1.270275E-3	2.48E+1    	100.00    	13142.95	23.0 	32.6 	3.920879E+0	1.498806E-6 	2.028620E+7	6.450581E+3	-1.601593E+0	2.052641E-4 	3.924601E+0	3.920879E+0
100.0   	100     	3.940773E+0	1.270236E-3	3.18E+1    	100.00    	13145.50	23.0 	32.6 	3.937315E+0	1.754109E-6 	2.020223E+7	6.653069E+3	-1.600420E+0	3.477068E-4 	3.940773E+0	3.937315E+0
100.0   	101     	3.926466E+0	8.327017E-4	2.87E+1    	100.00    	13148.09	23.0 	32.6 	3.923154E+0	5.751328E-7 	2.027550E+7	4.107311E+3	-1.599843E+0	3.873414E-4 	3.926466E+0	3.923154E+0
100.0   	102     	3.926176E+0	1.382000E-3	2.86E+1    	100.00    	13150.67	23.0 	32.6 	3.922850E+0	1.872687E-6 	2.027703E+7	7.102347E+3	-1.599903E+0	2.983845E-4 	3.926176E+0	3.922850E+0
100.0   	103     	3.923520E+0	2.929163E-4	3.33E+1    	100.00    	13153.23	23.0 	32.6 	3.920039E+0	9.878703E-8 	2.029117E+7	1.569501E+3	-1.600587E+0	1.415392E-4 	3.923520E+0	3.920039E+0
100.0   	104     	3.921632E+0	1.946423E-3	2.85E+1    	100.00    	13155.83	23.0 	32.6 	3.918244E+0	3.586311E-6 	2.030070E+7	9.941328E+3	-1.600193E+0	2.218859E-4 	3.921632E+0	3.918244E+0
100.0   	105     	3.924870E+0	1.005389E-3	2.77E+1    	100.00    	13158.41	23.0 	32.6 	3.921628E+0	9.750679E-7 	2.028357E+7	5.148139E+3	-1.599537E+0	3.050137E-4 	3.924870E+0	3.921628E+0
100.0   	106     	3.926815E+0	1.770627E-3	2.52E+1    	100.00    	13160.94	23.0 	32.6 	3.923528E+0	3.021586E-6 	2.027363E+7	9.063296E+3	-1.599733E+0	1.721434E-4 	3.926815E+0	3.923528E+0
100.0   	107     	3.920373E+0	2.136673E-3	2.51E+1    	100.00    	13163.52	23.0 	32.6 	3.916981E+0	4.608797E-6 	2.030723E+7	1.109519E+4	-1.600213E+0	2.350177E-4 	3.920373E+0	3.916981E+0
100.0   	108     	3.922804E+0	8.566753E-4	2.86E+1    	100.00    	13166.09	23.0 	32.6 	3.919505E+0	6.835603E-7 	2.029440E+7	4.355456E+3	-1.599797E+0	1.855622E-4 	3.922804E+0	3.919505E+0
100.0   	109     	3.937469E+0	7.042095E-4	2.86E+1    	100.00    	13168.67	23.0 	32.6 	3.933956E+0	4.460087E-7 	2.021933E+7	3.523256E+3	-1.600667E+0	2.040425E-4 	3.937469E+0	3.933956E+0
100.0   	110     	3.921154E+0	2.232072E-4	2.58E+1    	100.00    	13171.25	23.0 	32.6 	3.917833E+0	2.844975E-8 	2.030300E+7	1.014889E+3	-1.599903E+0	2.379776E-4 	3.921154E+0	3.917833E+0
100.0   	111     	3.909633E+0	4.595347E-4	2.92E+1    	100.00    	13173.83	23.0 	32.6 	3.906129E+0	2.725513E-7 	2.036333E+7	2.550163E+3	-1.600737E+0	4.178915E-4 	3.909633E+0	3.906129E+0
100.0   	112     	4.147597E+0	5.981264E-4	2.68E+1    	100.00    	13176.39	23.0 	32.6 	4.144445E+0	4.561084E-7 	1.919370E+7	2.946184E+3	-1.598367E+0	3.801754E-4 	4.147597E+0	4.144445E+0
100.0   	113     	4.136674E+0	6.144687E-4	2.45E+1    	100.00    	13178.97	23.0 	32.6 	4.133407E+0	4.242675E-7 	1.924467E+7	2.939955E+3	-1.598903E+0	3.685557E-4 	4.136674E+0	4.133407E+0
100.0   	114     	3.909701E+0	1.286831E-3	2.57E+1    	100.00    	13181.55	23.0 	32.6 	3.905946E+0	1.480492E-6 	2.036363E+7	6.520992E+3	-1.601787E+0	4.219400E-4 	3.909701E+0	3.905946E+0
100.0   	115     	3.908557E+0	2.795277E-4	2.66E+1    	100.00    	13184.13	23.0 	32.6 	3.905068E+0	9.990239E-8 	2.036890E+7	1.552417E+3	-1.600677E+0	1.644182E-4 	3.908557E+0	3.905068E+0
100.0   	116     	3.923676E+0	1.531603E-3	2.75E+1    	100.00    	13186.75	23.0 	32.6 	3.920064E+0	2.505345E-6 	2.029070E+7	8.054191E+3	-1.601143E+0	3.827967E-4 	3.923676E+0	3.920064E+0
100.0   	117     	3.910042E+0	2.235677E-3	3.08E+1    	100.00    	13189.29	23.0 	32.6 	3.906642E+0	4.889624E-6 	2.036093E+7	1.158677E+4	-1.600290E+0	1.249000E-4 	3.910042E+0	3.906642E+0
100.0   	118     	3.909952E+0	9.008522E-4	2.85E+1    	100.00    	13191.87	23.0 	32.6 	3.906564E+0	5.718826E-7 	2.036137E+7	4.315476E+3	-1.600233E+0	6.500256E-4 	3.909952E+0	3.906564E+0
100.0   	119     	3.910576E+0	7.750422E-4	2.71E+1    	100.00    	13194.45	23.0 	32.6 	3.907208E+0	7.053418E-7 	2.035807E+7	4.202777E+3	-1.600147E+0	3.863073E-4 	3.910576E+0	3.907208E+0
100.0   	120     	3.911082E+0	3.867057E-4	2.60E+1    	100.00    	13196.98	23.0 	32.6 	3.907815E+0	1.385327E-7 	2.035517E+7	1.975686E+3	-1.599700E+0	6.557439E-5 	3.911082E+0	3.907815E+0
100.0   	121     	3.910406E+0	1.771943E-3	2.73E+1    	100.00    	13199.56	23.0 	32.6 	3.907186E+0	2.955107E-6 	2.035857E+7	9.089738E+3	-1.599497E+0	2.557994E-4 	3.910406E+0	3.907186E+0
100.0   	122     	3.911953E+0	1.166141E-3	2.76E+1    	100.00    	13202.13	23.0 	32.6 	3.908737E+0	1.355882E-6 	2.035050E+7	6.065476E+3	-1.599473E+0	1.527525E-5 	3.911953E+0	3.908737E+0
100.0   	123     	3.909277E+0	2.507499E-4	2.86E+1    	100.00    	13204.72	23.0 	32.6 	3.905909E+0	3.262802E-8 	2.036483E+7	1.123981E+3	-1.600150E+0	3.044667E-4 	3.909277E+0	3.905909E+0
100.0   	124     	3.910545E+0	8.238796E-4	2.52E+1    	100.00    	13207.30	23.0 	32.6 	3.906164E+0	6.838491E-7 	2.036087E+7	4.300388E+3	-1.604273E+0	1.527525E-5 	3.910545E+0	3.906164E+0
100.0   	125     	3.911059E+0	9.377031E-4	2.54E+1    	100.00    	13209.89	23.0 	32.6 	3.907454E+0	9.702985E-7 	2.035617E+7	5.001333E+3	-1.601160E+0	4.050926E-4 	3.911059E+0	3.907454E+0
100.0   	126     	3.907094E+0	1.034478E-3	2.64E+1    	100.00    	13212.43	23.0 	32.6 	3.903656E+0	1.257738E-6 	2.037640E+7	5.624055E+3	-1.600460E+0	3.874274E-4 	3.907094E+0	3.903656E+0
100.0   	127     	3.906055E+0	5.167537E-4	2.95E+1    	100.00    	13215.02	23.0 	32.6 	3.902625E+0	3.067818E-7 	2.038180E+7	2.787472E+3	-1.600433E+0	3.723350E-4 	3.906055E+0	3.902625E+0
100.0   	128     	4.126106E+0	1.963735E-3	2.82E+1    	100.00    	13217.59	23.0 	32.6 	4.122830E+0	3.834740E-6 	1.929400E+7	9.168969E+3	-1.598973E+0	4.252450E-4 	4.126106E+0	4.122830E+0
100.0   	129     	4.123922E+0	1.147410E-3	2.58E+1    	100.00    	13220.17	23.0 	32.6 	4.120613E+0	1.100518E-6 	1.930430E+7	5.141984E+3	-1.599123E+0	4.266536E-4 	4.123922E+0	4.120613E+0
100.0   	130     	3.907874E+0	6.561067E-4	2.68E+1    	100.00    	13222.73	23.0 	32.6 	3.904422E+0	5.790512E-7 	2.037237E+7	3.695042E+3	-1.600517E+0	4.562163E-4 	3.907874E+0	3.904422E+0
100.0   	131     	3.904329E+0	1.124995E-3	3.16E+1    	100.00    	13225.29	23.0 	32.6 	3.900880E+0	1.370465E-6 	2.039087E+7	5.991105E+3	-1.600520E+0	4.714870E-4 	3.904329E+0	3.900880E+0
100.0   	132     	3.907216E+0	2.275118E-3	3.35E+1    	100.00    	13227.86	23.0 	32.6 	3.903830E+0	5.728993E-6 	2.037563E+7	1.218250E+4	-1.600237E+0	5.422484E-4 	3.907216E+0	3.903830E+0
100.0   	133     	3.904178E+0	5.293558E-4	2.66E+1    	100.00    	13230.46	23.0 	32.6 	3.900699E+0	2.271480E-7 	2.039173E+7	2.627420E+3	-1.600653E+0	2.417299E-4 	3.904178E+0	3.900699E+0
100.0   	134     	3.908166E+0	1.884674E-4	3.41E+1    	100.00    	13233.00	23.0 	32.6 	3.904910E+0	3.115872E-8 	2.037033E+7	9.504385E+2	-1.599667E+0	9.504385E-5 	3.908166E+0	3.904910E+0
100.0   	135     	3.907582E+0	6.713451E-4	2.85E+1    	100.00    	13235.59	23.0 	32.6 	3.904254E+0	5.376655E-7 	2.037357E+7	3.661056E+3	-1.599980E+0	3.407345E-4 	3.907582E+0	3.904254E+0
100.0   	136     	3.904600E+0	1.421802E-3	2.76E+1    	100.00    	13238.17	23.0 	32.6 	3.901196E+0	1.984389E-6 	2.038933E+7	7.390760E+3	-1.600323E+0	2.205297E-4 	3.904600E+0	3.901196E+0
100.0   	137     	3.904317E+0	1.356913E-3	2.78E+1    	100.00    	13240.75	23.0 	32.6 	3.900955E+0	2.063054E-6 	2.039070E+7	7.295889E+3	-1.600143E+0	3.550117E-4 	3.904317E+0	3.900955E+0
100.0   	138     	3.907159E+0	9.906108E-4	3.12E+1    	100.00    	13243.30	23.0 	32.6 	3.903872E+0	8.628933E-7 	2.037567E+7	5.006329E+3	-1.599807E+0	2.761038E-4 	3.907159E+0	3.903872E+0
100.0   	139     	3.910428E+0	1.327841E-3	2.84E+1    	100.00    	13245.90	23.0 	32.6 	3.906115E+0	1.622921E-6 	2.036130E+7	6.775692E+3	-1.604010E+0	2.600000E-4 	3.910428E+0	3.906115E+0
100.0   	140     	3.878230E+0	1.397197E-3	2.91E+1    	100.00    	13248.47	23.0 	32.6 	3.875241E+0	2.065554E-6 	2.052693E+7	7.505553E+3	-1.543030E+0	1.915724E-4 	3.878230E+0	3.875241E+0
100.0   	141     	3.907880E+0	5.790099E-4	3.12E+1    	100.00    	13251.01	23.0 	32.6 	3.903292E+0	2.881642E-7 	2.037530E+7	2.910326E+3	-1.605063E+0	1.550269E-4 	3.907880E+0	3.903292E+0
100.0   	142     	3.901960E+0	7.304326E-5	3.12E+1    	100.00    	13253.58	23.0 	32.6 	3.898492E+0	4.251301E-9 	2.040330E+7	3.464102E+2	-1.600610E+0	1.734935E-4 	3.901960E+0	3.898492E+0
100.0   	143     	3.903255E+0	7.660439E-4	2.85E+1    	100.00    	13256.16	23.0 	32.6 	3.899760E+0	4.394491E-7 	2.039660E+7	3.732292E+3	-1.600720E+0	4.915282E-4 	3.903255E+0	3.899760E+0
100.0   	144     	4.119873E+0	5.860328E-4	2.86E+1    	100.00    	13258.78	23.0 	32.6 	4.116555E+0	3.502811E-7 	1.932330E+7	2.762245E+3	-1.599180E+0	1.442221E-4 	4.119873E+0	4.116555E+0
100.0   	145     	4.303277E+0	1.245946E-3	2.75E+1    	100.00    	13261.32	23.0 	32.6 	4.299818E+0	1.450798E-6 	1.849973E+7	5.269092E+3	-1.599153E+0	2.581343E-4 	4.303277E+0	4.299818E+0
100.0   	146     	3.903104E+0	9.093497E-4	3.14E+1    	100.00    	13263.87	23.0 	32.6 	3.899502E+0	7.932712E-7 	2.039767E+7	4.705670E+3	-1.601180E+0	7.549834E-5 	3.903104E+0	3.899502E+0
100.0   	147     	3.904994E+0	3.108811E-4	2.79E+1    	100.00    	13266.47	23.0 	32.6 	3.901605E+0	8.335122E-8 	2.038723E+7	1.563117E+3	-1.600260E+0	1.808314E-4 	3.904994E+0	3.901605E+0
100.0   	148     	4.164873E+0	1.766207E-3	2.54E+1    	100.00    	13269.05	23.0 	32.6 	4.161745E+0	3.101038E-6 	1.911400E+7	8.095060E+3	-1.598207E+0	1.001665E-4 	4.164873E+0	4.161745E+0
100.0   	149     	3.905565E+0	1.028732E-3	2.67E+1    	100.00    	13271.58	23.0 	32.6 	3.902069E+0	1.065218E-6 	2.038453E+7	5.379901E+3	-1.600720E+0	7.810250E-5 	3.905565E+0	3.902069E+0
100.0   	150     	3.901876E+0	5.324026E-4	2.55E+1    	100.00    	13274.15	23.0 	32.6 	3.898410E+0	1.840925E-7 	2.040373E+7	2.514624E+3	-1.600600E+0	4.503332E-4 	3.901876E+0	3.898410E+0
100.0   	151     	3.904807E+0	1.278978E-3	2.63E+1    	100.00    	13276.74	23.0 	32.6 	3.901474E+0	1.600747E-6 	2.038807E+7	6.642540E+3	-1.600013E+0	3.181719E-4 	3.904807E+0	3.901474E+0
100.0   	152     	3.904368E+0	1.657645E-3	2.53E+1    	100.00    	13279.31	23.0 	32.6 	3.901070E+0	2.512013E-6 	2.039027E+7	8.471324E+3	-1.599863E+0	3.153305E-4 	3.904368E+0	3.901070E+0
100.0   	153     	3.902717E+0	1.044727E-3	2.82E+1    	100.00    	13281.89	23.0 	32.6 	3.899278E+0	1.122497E-6 	2.039927E+7	5.501212E+3	-1.600483E+0	1.350309E-4 	3.902717E+0	3.899278E+0
100.0   	154     	3.903876E+0	9.480969E-4	2.63E+1    	100.00    	13284.47	23.0 	32.6 	3.900631E+0	6.921946E-7 	2.039270E+7	4.650806E+3	-1.599627E+0	5.182985E-4 	3.903876E+0	3.900631E+0
100.0   	155     	3.901281E+0	7.360348E-4	2.88E+1    	100.00    	13287.01	23.0 	32.6 	3.897922E+0	5.844156E-7 	2.040657E+7	3.925982E+3	-1.600143E+0	1.680278E-4 	3.901281E+0	3.897922E+0
100.0   	156     	3.903789E+0	4.694600E-5	3.37E+1    	100.00    	13289.58	23.0 	32.6 	3.899239E+0	9.725439E-9 	2.039657E+7	3.511885E+2	-1.604943E+0	2.857155E-4 	3.903789E+0	3.899239E+0
100.0   	157     	3.896485E+0	3.742616E-2	2.83E+1    	100.00    	13292.17	23.0 	32.6 	3.893087E+0	1.501836E-3 	2.043310E+7	1.998847E+5	-1.599957E+0	6.032332E-3 	3.896485E+0	3.893087E+0
100.0   	158     	3.902187E+0	1.488824E-3	3.37E+1    	100.00    	13294.72	23.0 	32.6 	3.898878E+0	2.171159E-6 	2.040170E+7	7.748548E+3	-1.599920E+0	7.937254E-5 	3.902187E+0	3.898878E+0
100.0   	159     	3.901630E+0	6.648424E-4	2.63E+1    	100.00    	13297.31	23.0 	32.6 	3.898071E+0	4.512120E-7 	2.040527E+7	3.494758E+3	-1.601003E+0	1.792577E-4 	3.901630E+0	3.898071E+0
100.0   	160     	4.116856E+0	1.408241E-3	2.50E+1    	100.00    	13299.87	23.0 	32.6 	4.113524E+0	1.981286E-6 	1.933750E+7	6.614378E+3	-1.599250E+0	1.276715E-4 	4.116856E+0	4.113524E+0
100.0   	161     	1.882914E+0	1.140461E-3	2.61E+1    	100.00    	13302.44	23.0 	32.6 	1.882487E+0	1.276369E-6 	4.226773E+7	2.548810E+4	-1.585860E+0	3.160696E-4 	1.882914E+0	1.882487E+0
100.0   	162     	4.269238E+0	3.034513E-3	2.52E+1    	100.00    	13305.02	23.0 	32.6 	4.259122E+0	1.135034E-5 	1.866187E+7	1.400583E+4	-1.619487E+0	8.578073E-4 	4.269238E+0	4.259122E+0
100.0   	163     	4.166391E+0	8.951835E-4	2.76E+1    	100.00    	13307.60	23.0 	32.6 	4.163204E+0	9.175526E-7 	1.910717E+7	4.250098E+3	-1.598460E+0	3.119295E-4 	4.166391E+0	4.163204E+0
100.0   	164     	5.802165E-1	1.570162E-3	2.58E+1    	100.00    	13310.17	23.0 	32.6 	5.436889E-1	4.051049E-6 	1.416847E+8	4.526194E+5	-1.824413E+0	2.030008E-3 	5.802165E-1	5.436889E-1
100.0   	165     	4.163800E+0	7.578325E-4	2.83E+1    	100.00    	13312.74	23.0 	32.6 	4.160785E+0	5.122988E-7 	1.911867E+7	3.384277E+3	-1.597710E+0	1.997498E-4 	4.163800E+0	4.160785E+0
100.0   	166     	3.903144E+0	7.100305E-4	2.86E+1    	100.00    	13315.33	23.0 	32.6 	3.899908E+0	4.772335E-7 	2.039650E+7	3.651027E+3	-1.599590E+0	4.757100E-4 	3.903144E+0	3.899908E+0
100.0   	167     	3.902318E+0	7.563192E-4	2.91E+1    	100.00    	13317.91	23.0 	32.6 	3.899052E+0	6.266142E-7 	2.040090E+7	4.044750E+3	-1.599730E+0	2.971532E-4 	3.902318E+0	3.899052E+0
100.0   	168     	3.901334E+0	1.932642E-3	2.87E+1    	100.00    	13320.47	23.0 	32.6 	3.897871E+0	3.717273E-6 	2.040657E+7	1.009472E+4	-1.600590E+0	4.670118E-4 	3.901334E+0	3.897871E+0
100.0   	169     	3.902322E+0	1.775771E-3	2.93E+1    	100.00    	13323.04	23.0 	32.6 	3.898908E+0	3.345744E-6 	2.040127E+7	9.421429E+3	-1.600373E+0	4.944020E-4 	3.902322E+0	3.898908E+0
100.0   	170     	3.904264E+0	5.491382E-4	2.63E+1    	100.00    	13325.61	23.0 	32.6 	3.900995E+0	3.039091E-7 	2.039073E+7	2.874601E+3	-1.599737E+0	6.658328E-5 	3.904264E+0	3.900995E+0
100.0   	171     	3.903535E+0	8.062278E-4	2.43E+1    	100.00    	13328.19	23.0 	32.6 	3.900295E+0	7.133865E-7 	2.039447E+7	4.309679E+3	-1.599607E+0	3.800439E-4 	3.903535E+0	3.900295E+0
100.0   	172     	3.899686E+0	1.409811E-3	2.90E+1    	100.00    	13330.76	23.0 	32.6 	3.896245E+0	1.934282E-6 	2.041513E+7	7.332348E+3	-1.600507E+0	9.073772E-5 	3.899686E+0	3.896245E+0
100.0   	173     	3.898429E+0	1.579915E-3	2.60E+1    	100.00    	13333.34	23.0 	32.6 	3.894818E+0	2.398595E-6 	2.042217E+7	8.198984E+3	-1.601237E+0	1.871719E-4 	3.898429E+0	3.894818E+0
100.0   	174     	3.900529E+0	9.584773E-4	2.57E+1    	100.00    	13335.91	23.0 	32.6 	3.897197E+0	9.072728E-7 	2.041043E+7	5.000333E+3	-1.600027E+0	2.145538E-4 	3.900529E+0	3.897197E+0
100.0   	175     	3.904141E+0	2.026516E-3	2.48E+1    	100.00    	13338.48	23.0 	32.6 	3.900839E+0	3.867300E-6 	2.039147E+7	1.043088E+4	-1.599880E+0	5.716642E-4 	3.904141E+0	3.900839E+0
100.0   	176     	4.117538E+0	6.801516E-4	2.71E+1    	100.00    	13341.08	23.0 	32.6 	4.114374E+0	3.843286E-7 	1.933390E+7	3.051229E+3	-1.598520E+0	3.459769E-4 	4.117538E+0	4.114374E+0
100.0   	177     	4.484217E+0	3.035786E-3	3.18E+1    	100.00    	13343.63	23.0 	32.6 	4.474881E+0	1.114330E-5 	1.776463E+7	1.263421E+4	-1.616437E+0	7.596271E-4 	4.484217E+0	4.474881E+0
100.0   	178     	2.196564E+0	5.283330E-2	2.66E+1    	100.00    	13346.23	23.0 	32.6 	1.631683E+0	9.910916E-4 	4.204723E+7	9.135202E+5	-1.039033E+0	4.056406E-3 	2.196564E+0	1.631683E+0
100.0   	179     	4.092735E+0	1.121305E-3	2.84E+1    	100.00    	13348.80	23.0 	32.6 	4.083430E+0	1.699678E-6 	1.946573E+7	5.773503E+3	-1.618493E+0	4.936936E-4 	4.092735E+0	4.083430E+0
100.0   	180     	4.161534E+0	1.066825E-3	3.23E+1    	100.00    	13351.35	23.0 	32.6 	4.159018E+0	1.195384E-6 	1.912793E+7	4.966219E+3	-1.595390E+0	1.479865E-4 	4.161534E+0	4.159018E+0
100.0   	181     	3.905116E+0	1.223694E-3	3.39E+1    	100.00    	13353.93	23.0 	32.6 	3.901841E+0	1.429787E-6 	2.038630E+7	6.317436E+3	-1.599757E+0	2.441994E-4 	3.905116E+0	3.901841E+0
100.0   	182     	3.899932E+0	9.209859E-4	2.58E+1    	100.00    	13356.53	23.0 	32.6 	3.896483E+0	9.515413E-7 	2.041387E+7	4.966219E+3	-1.600537E+0	2.468468E-4 	3.899932E+0	3.896483E+0
100.0   	183     	3.903937E+0	1.883205E-4	2.55E+1    	100.00    	13359.11	23.0 	32.6 	3.900722E+0	3.125186E-8 	2.039230E+7	9.539392E+2	-1.599497E+0	5.131601E-5 	3.903937E+0	3.900722E+0
100.0   	184     	3.900984E+0	1.381635E-3	2.53E+1    	100.00    	13361.66	23.0 	32.6 	3.897532E+0	1.818195E-6 	2.040837E+7	7.143062E+3	-1.600547E+0	1.721434E-4 	3.900984E+0	3.897532E+0
100.0   	185     	3.897871E+0	1.383970E-3	2.86E+1    	100.00    	13364.23	23.0 	32.6 	3.894523E+0	1.945205E-6 	2.042440E+7	7.280797E+3	-1.600107E+0	3.967787E-4 	3.897871E+0	3.894523E+0
100.0   	186     	3.902394E+0	6.229253E-5	2.93E+1    	100.00    	13366.82	23.0 	32.6 	3.899255E+0	2.201284E-8 	2.040017E+7	5.507571E+2	-1.599160E+0	3.900000E-4 	3.902394E+0	3.899255E+0
100.0   	187     	3.903313E+0	1.261588E-3	2.78E+1    	100.00    	13369.39	23.0 	32.6 	3.900059E+0	1.533180E-6 	2.039567E+7	6.530952E+3	-1.599673E+0	3.971566E-4 	3.903313E+0	3.900059E+0
100.0   	188     	3.900168E+0	6.867294E-4	3.38E+1    	100.00    	13371.94	23.0 	32.6 	3.896794E+0	4.485152E-7 	2.041243E+7	3.550117E+3	-1.600210E+0	1.442221E-4 	3.900168E+0	3.896794E+0
100.0   	189     	3.900679E+0	5.359905E-4	2.67E+1    	100.00    	13374.53	23.0 	32.6 	3.897441E+0	2.400734E-7 	2.040940E+7	2.685144E+3	-1.599613E+0	2.059935E-4 	3.900679E+0	3.897441E+0
100.0   	190     	3.901427E+0	8.341924E-4	2.58E+1    	100.00    	13377.11	23.0 	32.6 	3.898210E+0	5.868942E-7 	2.040543E+7	4.186088E+3	-1.599513E+0	3.003886E-4 	3.901427E+0	3.898210E+0
100.0   	191     	3.898067E+0	1.104865E-3	2.61E+1    	100.00    	13379.68	23.0 	32.6 	3.894606E+0	1.121582E-6 	2.042367E+7	5.671273E+3	-1.600597E+0	2.136196E-4 	3.898067E+0	3.894606E+0
100.0   	192     	4.114451E+0	1.323968E-3	2.64E+1    	100.00    	13382.25	23.0 	32.6 	4.111178E+0	1.619313E-6 	1.934867E+7	6.107645E+3	-1.599003E+0	2.466441E-4 	4.114451E+0	4.111178E+0
100.0   	193     	4.120354E+0	9.805022E-4	2.66E+1    	100.00    	13384.84	23.0 	32.6 	4.117352E+0	9.621696E-7 	1.932030E+7	4.600000E+3	-1.597790E+0	7.810250E-5 	4.120354E+0	4.117352E+0
100.0   	194     	4.087406E+0	4.244979E-3	2.79E+1    	100.00    	13387.36	23.0 	32.6 	4.078041E+0	2.087787E-5 	1.949130E+7	2.105303E+4	-1.618677E+0	8.623418E-4 	4.087406E+0	4.078041E+0
100.0   	195     	4.116986E+0	1.076162E-3	2.68E+1    	100.00    	13389.94	23.0 	32.6 	4.113748E+0	1.103606E-6 	1.933667E+7	4.994330E+3	-1.598843E+0	2.281082E-4 	4.116986E+0	4.113748E+0
100.0   	196     	3.905127E+0	2.694294E-3	2.80E+1    	100.00    	13392.52	23.0 	32.6 	3.901883E+0	6.858941E-6 	2.038617E+7	1.387528E+4	-1.599617E+0	3.927255E-4 	3.905127E+0	3.901883E+0
100.0   	197     	3.899881E+0	5.455842E-4	2.59E+1    	100.00    	13395.09	23.0 	32.6 	3.896546E+0	3.373919E-7 	2.041383E+7	2.948446E+3	-1.600040E+0	1.946792E-4 	3.899881E+0	3.896546E+0
100.0   	198     	3.902770E+0	8.715074E-4	2.58E+1    	100.00    	13397.66	23.0 	32.6 	3.899632E+0	6.780608E-7 	2.039820E+7	4.430576E+3	-1.599157E+0	2.154840E-4 	3.902770E+0	3.899632E+0
100.0   	199     	3.902747E+0	2.047265E-3	2.79E+1    	100.00    	13400.25	23.0 	32.6 	3.899516E+0	4.624846E-6 	2.039857E+7	1.097148E+4	-1.599570E+0	4.804165E-4 	3.902747E+0	3.899516E+0
100.0   	200     	3.898975E+0	7.637472E-4	2.63E+1    	100.00    	13402.82	23.0 	32.6 	3.895721E+0	5.206248E-7 	2.041837E+7	3.888873E+3	-1.599690E+0	2.662705E-4 	3.898975E+0	3.895721E+0
100.0   	201     	3.901867E+0	2.987929E-4	2.67E+1    	100.00    	13405.39	23.0 	32.6 	3.898661E+0	9.873396E-8 	2.040310E+7	1.600000E+3	-1.599467E+0	1.921805E-4 	3.901867E+0	3.898661E+0
100.0   	202     	3.902494E+0	6.713993E-4	2.56E+1    	100.00    	13407.97	22.9 	32.6 	3.899386E+0	4.214705E-7 	2.039957E+7	3.453018E+3	-1.599020E+0	1.153256E-4 	3.902494E+0	3.899386E+0
100.0   	203     	3.900058E+0	4.818468E-4	3.23E+1    	100.00    	13410.52	23.0 	32.6 	3.896853E+0	1.279314E-7 	2.041257E+7	2.193931E+3	-1.599463E+0	5.921430E-4 	3.900058E+0	3.896853E+0
100.0   	204     	3.899508E+0	8.532172E-4	2.80E+1    	100.00    	13413.11	22.9 	32.6 	3.896257E+0	7.076524E-7 	2.041557E+7	4.437717E+3	-1.599677E+0	6.110101E-5 	3.899508E+0	3.896257E+0
100.0   	205     	3.899881E+0	5.790305E-4	2.46E+1    	100.00    	13415.69	23.0 	32.6 	3.896457E+0	2.764169E-7 	2.041407E+7	2.891943E+3	-1.600430E+0	2.570992E-4 	3.899881E+0	3.896457E+0
100.0   	206     	4.121926E+0	1.832595E-3	3.31E+1    	100.00    	13418.23	22.9 	32.6 	4.118568E+0	3.509322E-6 	1.931377E+7	8.683509E+3	-1.599343E+0	2.059935E-4 	4.121926E+0	4.118568E+0
100.0   	207     	3.903787E+0	9.676113E-4	2.55E+1    	100.00    	13420.83	22.9 	32.6 	3.900503E+0	9.092572E-7 	2.039327E+7	5.020292E+3	-1.599803E+0	9.451631E-5 	3.903787E+0	3.900503E+0
100.0   	208     	4.117093E+0	9.723675E-4	3.20E+1    	100.00    	13423.37	23.0 	32.6 	4.114053E+0	8.512859E-7 	1.933570E+7	4.450843E+3	-1.597970E+0	2.961419E-4 	4.117093E+0	4.114053E+0
100.0   	209     	4.118269E+0	8.925606E-4	2.83E+1    	100.00    	13425.97	22.9 	32.6 	4.115374E+0	8.133247E-7 	1.932983E+7	4.212284E+3	-1.597313E+0	1.514376E-4 	4.118269E+0	4.115374E+0
100.0   	210     	4.112936E+0	6.096855E-4	2.89E+1    	100.00    	13428.53	23.0 	32.6 	4.109705E+0	4.888221E-7 	1.935570E+7	3.080584E+3	-1.598827E+0	4.037739E-4 	4.112936E+0	4.109705E+0
100.0   	211     	1.199025E+0	2.763318E-4	2.64E+1    	100.00    	13431.11	22.9 	32.6 	1.191902E+0	6.661104E-8 	6.656650E+7	1.451448E+4	-1.647943E+0	6.400260E-4 	1.199025E+0	1.191902E+0
100.0   	212     	4.113463E+0	1.765931E-3	3.28E+1    	100.00    	13433.66	22.9 	32.6 	4.110453E+0	3.113335E-6 	1.935270E+7	8.307226E+3	-1.597850E+0	2.253886E-4 	4.113463E+0	4.110453E+0
100.0   	213     	3.902590E+0	1.217108E-3	2.77E+1    	100.00    	13436.26	22.9 	32.6 	3.899430E+0	1.247257E-6 	2.039920E+7	6.102459E+3	-1.599257E+0	4.764801E-4 	3.902590E+0	3.899430E+0
100.0   	214     	3.902004E+0	1.048414E-3	3.22E+1    	100.00    	13438.82	22.9 	32.6 	3.898690E+0	1.326520E-6 	2.040267E+7	5.755287E+3	-1.599940E+0	4.660472E-4 	3.902004E+0	3.898690E+0
100.0   	215     	3.981393E+0	1.926225E-3	3.07E+1    	100.00    	13441.38	22.9 	32.6 	3.970135E+0	3.346232E-6 	2.001567E+7	9.451102E+3	-1.623997E+0	2.573584E-4 	3.981393E+0	3.970135E+0
100.0   	216     	3.904461E+0	4.931304E-4	2.67E+1    	100.00    	13443.97	22.9 	32.6 	3.901334E+0	3.361000E-7 	2.038933E+7	2.800595E+3	-1.599100E+0	4.293018E-4 	3.904461E+0	3.901334E+0
100.0   	217     	3.902696E+0	9.624037E-4	3.08E+1    	100.00    	13446.52	22.9 	32.6 	3.899591E+0	8.793628E-7 	2.039850E+7	4.966890E+3	-1.599007E+0	2.400694E-4 	3.902696E+0	3.899591E+0
100.0   	218     	3.903740E+0	1.576951E-3	2.58E+1    	100.00    	13449.11	22.9 	32.6 	3.900538E+0	2.521598E-6 	2.039330E+7	8.271034E+3	-1.599440E+0	2.286919E-4 	3.903740E+0	3.900538E+0
100.0   	219     	4.110376E+0	1.538591E-3	2.96E+1    	100.00    	13451.66	22.9 	32.6 	4.106534E+0	2.747615E-6 	1.936920E+7	7.535914E+3	-1.601370E+0	4.807286E-4 	4.110376E+0	4.106534E+0
100.0   	220     	3.904489E+0	1.434338E-3	3.09E+1    	100.00    	13454.24	22.9 	32.6 	3.901396E+0	2.110853E-6 	2.038910E+7	7.534587E+3	-1.598937E+0	6.313742E-4 	3.904489E+0	3.901396E+0
100.0   	221     	4.119030E+0	5.058823E-4	2.58E+1    	100.00    	13456.83	22.9 	32.6 	4.115693E+0	2.212930E-7 	1.932730E+7	2.291288E+3	-1.599263E+0	1.504438E-4 	4.119030E+0	4.115693E+0
100.0   	222     	1.093521E+0	1.315605E-3	2.93E+1    	100.00    	13459.40	22.9 	32.6 	1.093424E+0	2.124198E-6 	7.277507E+7	9.234730E+4	-1.578430E+0	6.799757E-3 	1.093521E+0	1.093424E+0
100.0   	223     	4.117697E+0	3.926728E-4	3.18E+1    	100.00    	13461.96	22.9 	32.6 	4.114229E+0	1.528506E-7 	1.933387E+7	1.823001E+3	-1.599817E+0	4.521430E-4 	4.117697E+0	4.114229E+0
100.0   	224     	4.116353E+0	5.540429E-4	2.51E+1    	100.00    	13464.55	22.9 	32.6 	4.113345E+0	2.429977E-7 	1.933910E+7	2.457641E+3	-1.597830E+0	3.451087E-4 	4.116353E+0	4.113345E+0
100.0   	225     	4.117569E+0	1.011715E-3	2.80E+1    	100.00    	13467.12	22.9 	32.6 	4.114556E+0	1.050992E-6 	1.933340E+7	4.784349E+3	-1.597853E+0	7.094599E-5 	4.117569E+0	4.114556E+0
100.0   	226     	3.906112E+0	1.067048E-3	2.59E+1    	100.00    	13469.70	22.9 	32.6 	3.902914E+0	1.162110E-6 	2.038090E+7	5.597321E+3	-1.599413E+0	1.550269E-4 	3.906112E+0	3.902914E+0
100.0   	227     	4.111819E+0	1.089211E-3	2.54E+1    	100.00    	13472.28	22.9 	32.6 	4.108655E+0	1.265807E-6 	1.936080E+7	5.214403E+3	-1.598537E+0	2.685765E-4 	4.111819E+0	4.108655E+0
100.0   	228     	3.906336E+0	1.378153E-3	3.29E+1    	100.00    	13474.83	22.9 	32.6 	3.903277E+0	1.900703E-6 	2.037937E+7	7.193284E+3	-1.598783E+0	1.527525E-5 	3.906336E+0	3.903277E+0
100.0   	229     	4.140099E+0	7.453000E-4	2.90E+1    	100.00    	13477.42	22.9 	32.6 	4.135687E+0	5.399424E-7 	1.923140E+7	3.439477E+3	-1.603447E+0	8.144528E-5 	4.140099E+0	4.135687E+0
100.0   	230     	3.985496E+0	1.754146E-3	2.82E+1    	100.00    	13480.00	22.9 	32.6 	3.974542E+0	3.066206E-6 	1.999427E+7	8.803030E+3	-1.623247E+0	1.616581E-4 	3.985496E+0	3.974542E+0
100.0   	231     	3.415101E+0	2.444327E-2	2.65E+1    	100.00    	13482.56	22.9 	32.6 	2.970423E+0	1.457776E-3 	2.498673E+7	2.513001E+5	-1.201627E+0	7.365951E-3 	3.415101E+0	2.970423E+0
100.0   	232     	3.985044E+0	2.047324E-3	2.75E+1    	100.00    	13485.16	22.9 	32.6 	3.974278E+0	4.105315E-6 	1.999607E+7	1.022953E+4	-1.622797E+0	1.703917E-4 	3.985044E+0	3.974278E+0
100.0   	233     	3.901455E+0	1.237332E-3	3.16E+1    	100.00    	13487.71	22.9 	32.6 	3.898309E+0	1.633918E-6 	2.040510E+7	6.581793E+3	-1.599193E+0	2.138535E-4 	3.901455E+0	3.898309E+0
100.0   	234     	4.111089E+0	7.947303E-4	2.89E+1    	100.00    	13490.29	22.9 	32.6 	4.107518E+0	5.129052E-7 	1.936520E+7	3.559494E+3	-1.600270E+0	3.504283E-4 	4.111089E+0	4.107518E+0
100.0   	235     	1.228782E+0	7.016179E-4	2.57E+1    	100.00    	13492.86	22.9 	32.6 	1.227330E+0	6.029467E-7 	6.479957E+7	3.900838E+4	-1.536417E+0	8.994628E-4 	1.228782E+0	1.227330E+0
100.0   	236     	4.109568E+0	5.540678E-4	2.72E+1    	100.00    	13495.44	22.9 	32.6 	4.105900E+0	2.665682E-7 	1.937260E+7	2.523886E+3	-1.600677E+0	1.517674E-4 	4.109568E+0	4.105900E+0
100.0   	237     	3.901135E+0	9.454756E-4	2.57E+1    	100.00    	13498.01	22.9 	32.6 	3.897839E+0	9.619846E-7 	2.040717E+7	5.040172E+3	-1.599863E+0	1.601041E-4 	3.901135E+0	3.897839E+0
100.0   	238     	4.118641E+0	3.060932E-4	2.74E+1    	100.00    	13500.59	22.9 	32.6 	4.115074E+0	1.294789E-7 	1.932967E+7	1.563117E+3	-1.600230E+0	2.286919E-4 	4.118641E+0	4.115074E+0
100.0   	239     	3.904039E+0	1.803435E-3	2.63E+1    	100.00    	13503.17	22.9 	32.6 	3.900902E+0	3.137812E-6 	2.039157E+7	9.340949E+3	-1.599143E+0	1.386843E-4 	3.904039E+0	3.900902E+0
100.0   	240     	4.117232E+0	3.212730E-4	3.29E+1    	100.00    	13505.72	22.9 	32.6 	4.114226E+0	1.092292E-7 	1.933497E+7	1.527525E+3	-1.597820E+0	1.992486E-4 	4.117232E+0	4.114226E+0
100.0   	241     	4.340494E+0	1.273768E-3	2.71E+1    	100.00    	13508.32	22.9 	32.6 	4.337735E+0	1.696103E-6 	1.833957E+7	5.444569E+3	-1.596010E+0	1.352775E-4 	4.340494E+0	4.337735E+0
100.0   	242     	4.127480E+0	2.616175E-4	2.93E+1    	100.00    	13510.89	22.9 	32.6 	4.124492E+0	4.988243E-8 	1.928690E+7	1.126943E+3	-1.597707E+0	2.893671E-4 	4.127480E+0	4.124492E+0
100.0   	243     	4.119919E+0	8.379783E-4	3.00E+1    	100.00    	13513.44	22.9 	32.6 	4.116991E+0	7.189968E-7 	1.932217E+7	3.955165E+3	-1.597460E+0	5.291503E-5 	4.119919E+0	4.116991E+0
100.0   	244     	4.356520E+0	1.209956E-3	2.86E+1    	100.00    	13516.03	22.9 	32.6 	4.352307E+0	1.518321E-6 	1.827513E+7	5.122825E+3	-1.601900E+0	2.163331E-4 	4.356520E+0	4.352307E+0
100.0   	245     	1.251615E+0	4.860953E-3	3.33E+1    	100.00    	13518.58	22.9 	32.6 	1.222776E+0	5.857781E-6 	6.432563E+7	1.881999E+5	-1.418510E+0	6.182483E-3 	1.251615E+0	1.222776E+0
100.0   	246     	4.358313E+0	9.046678E-4	2.87E+1    	100.00    	13521.19	22.9 	32.6 	4.354200E+0	7.824040E-7 	1.826740E+7	3.751000E+3	-1.601523E+0	1.550269E-4 	4.358313E+0	4.354200E+0
100.0   	247     	4.210341E+0	5.061544E-3	3.27E+1    	100.00    	13523.73	22.9 	32.6 	4.200926E+0	2.581195E-5 	1.892167E+7	2.282594E+4	-1.618103E+0	8.020806E-5 	4.210341E+0	4.200926E+0
100.0   	248     	4.120013E+0	1.799687E-3	3.40E+1    	100.00    	13526.30	22.9 	32.6 	4.117154E+0	3.495015E-6 	1.932157E+7	8.607748E+3	-1.597143E+0	4.300388E-4 	4.120013E+0	4.117154E+0
100.0   	249     	4.115034E+0	1.291097E-3	3.10E+1    	100.00    	13528.87	22.9 	32.6 	4.112013E+0	1.460332E-6 	1.934533E+7	5.875656E+3	-1.597890E+0	4.731807E-4 	4.115034E+0	4.112013E+0
100.0   	250     	4.125470E+0	1.463682E-3	3.07E+1    	100.00    	13531.45	22.9 	32.6 	4.122640E+0	2.118979E-6 	1.929593E+7	6.830325E+3	-1.596990E+0	7.549834E-5 	4.125470E+0	4.122640E+0
100.0   	251     	4.329145E+0	4.009544E-4	3.15E+1    	100.00    	13534.02	22.9 	32.6 	4.325974E+0	1.215490E-7 	1.838853E+7	1.582193E+3	-1.597863E+0	4.266536E-4 	4.329145E+0	4.325974E+0
100.0   	252     	4.118191E+0	3.942517E-4	2.57E+1    	100.00    	13536.61	22.9 	32.6 	4.115182E+0	1.706399E-7 	1.933047E+7	1.882374E+3	-1.597827E+0	4.315476E-4 	4.118191E+0	4.115182E+0
100.0   	253     	4.112583E+0	1.881331E-3	2.71E+1    	100.00    	13539.19	22.9 	32.6 	4.109549E+0	3.271437E-6 	1.935690E+7	8.685045E+3	-1.597960E+0	4.222558E-4 	4.112583E+0	4.109549E+0
100.0   	254     	4.114642E+0	9.954245E-4	3.10E+1    	100.00    	13541.73	22.9 	32.6 	4.111738E+0	8.571921E-7 	1.934690E+7	4.517743E+3	-1.597367E+0	3.234708E-4 	4.114642E+0	4.111738E+0
100.0   	255     	4.120941E+0	1.493863E-3	3.17E+1    	100.00    	13544.31	22.9 	32.6 	4.117889E+0	2.003934E-6 	1.931767E+7	6.822267E+3	-1.598010E+0	3.897435E-4 	4.120941E+0	4.117889E+0
100.0   	256     	4.336696E+0	1.419045E-3	2.99E+1    	100.00    	13546.88	22.9 	32.6 	4.334693E+0	2.019277E-6 	1.835403E+7	6.011933E+3	-1.592287E+0	3.511885E-5 	4.336696E+0	4.334693E+0
100.0   	257     	5.637155E+0	1.281337E-3	2.76E+1    	100.00    	13549.47	22.9 	32.6 	5.635161E+0	1.660274E-6 	1.411910E+7	3.218695E+3	-1.589603E+0	6.506407E-5 	5.637155E+0	5.635161E+0
100.0   	258     	8.096139E+0	1.035126E-3	2.83E+1    	100.00    	13552.05	22.9 	32.6 	8.095180E+0	1.089912E-6 	9.829647E+6	1.262233E+3	-1.581680E+0	5.291503E-5 	8.096139E+0	8.095180E+0
100.0   	259     	1.125549E+1	2.137646E-3	2.92E+1    	100.00    	13554.59	22.9 	32.6 	1.125520E+1	4.611640E-6 	7.070193E+6	1.345821E+3	-1.575893E+0	9.865766E-5 	1.125549E+1	1.125520E+1
100.0   	260     	2.370345E+1	2.151118E-3	3.25E+1    	100.00    	13557.16	22.9 	32.6 	2.370261E+1	4.613775E-6 	3.357270E+6	3.044667E+2	-1.564817E+0	1.154701E-5 	2.370345E+1	2.370261E+1
100.0   	261     	2.821441E+1	1.586273E-3	2.59E+1    	100.00    	13559.76	22.9 	32.6 	2.821237E+1	2.493107E-6 	2.820557E+6	1.582193E+2	-1.562283E+0	3.055050E-5 	2.821441E+1	2.821237E+1
100.0   	262     	3.431397E+1	9.438136E-4	3.12E+1    	100.00    	13562.31	22.9 	32.6 	3.430938E+1	9.187205E-7 	2.319253E+6	6.429101E+1	-1.559230E+0	2.000000E-5 	3.431397E+1	3.430938E+1
100.0   	263     	5.030368E+1	9.452531E-4	3.29E+1    	100.00    	13564.87	22.9 	32.6 	5.028554E+1	9.940926E-7 	1.582227E+6	3.055050E+1	-1.551803E+0	2.886751E-5 	5.030368E+1	5.028554E+1
100.0   	264     	1.102611E+2	1.088053E-3	2.91E+1    	100.00    	13567.47	22.9 	32.6 	1.100481E+2	8.892160E-7 	7.224167E+5	6.658328E+0	-1.526837E+0	1.527525E-5 	1.102611E+2	1.100481E+2
120.0   	1       	4.353341E+0	1.035644E-3	7.84E+1    	120.00    	13601.89	22.9 	32.5 	4.350453E+0	9.459510E-7 	1.828570E+7	4.214262E+3	-1.596553E+0	5.056020E-4 	4.353341E+0	4.350453E+0
120.0   	2       	4.436399E+0	9.965922E-4	2.97E+1    	120.00    	13604.19	22.9 	32.5 	4.433845E+0	8.431331E-7 	1.794257E+7	3.873414E+3	-1.594790E+0	3.704052E-4 	4.436399E+0	4.433845E+0
120.0   	3       	5.823040E-1	7.727894E-4	2.86E+1    	120.00    	13606.80	22.9 	32.5 	5.399534E-1	3.604739E-7 	1.419180E+8	1.461130E+5	-1.843853E+0	2.362379E-3 	5.823040E-1	5.399534E-1
120.0   	4       	4.665660E+0	1.510784E-3	2.57E+1    	120.00    	13609.38	22.9 	32.6 	4.662705E+0	2.257360E-6 	1.706140E+7	5.510898E+3	-1.595967E+0	6.506407E-5 	4.665660E+0	4.662705E+0
120.0   	5       	1.164795E+0	6.450857E-4	2.63E+1    	120.00    	13611.96	22.9 	32.6 	1.163334E+0	3.853127E-7 	6.836177E+7	3.713601E+4	-1.606223E+0	6.071518E-4 	1.164795E+0	1.163334E+0
120.0   	6       	4.390159E+0	1.702155E-3	2.69E+1    	120.00    	13614.57	22.9 	32.6 	4.386721E+0	2.864460E-6 	1.813343E+7	7.011657E+3	-1.598783E+0	1.686219E-4 	4.390159E+0	4.386721E+0
120.0   	7       	4.125576E+0	1.856173E-3	2.92E+1    	120.00    	13617.18	22.9 	32.5 	4.122363E+0	3.622811E-6 	1.929633E+7	8.793369E+3	-1.598710E+0	2.357965E-4 	4.125576E+0	4.122363E+0
120.0   	8       	4.137426E+0	7.323061E-4	2.63E+1    	120.00    	13619.75	22.9 	32.6 	4.134361E+0	5.249540E-7 	1.924070E+7	3.386739E+3	-1.598017E+0	2.400694E-4 	4.137426E+0	4.134361E+0
120.0   	9       	4.128528E+0	2.986407E-3	2.80E+1    	120.00    	13622.33	22.9 	32.6 	4.125486E+0	8.534845E-6 	1.928213E+7	1.380193E+4	-1.597940E+0	4.590207E-4 	4.128528E+0	4.125486E+0
120.0   	10      	4.436504E+0	9.752369E-4	2.57E+1    	120.00    	13624.90	22.9 	32.5 	4.421165E+0	6.655031E-7 	1.796807E+7	3.614323E+3	-1.629630E+0	4.582576E-4 	4.436504E+0	4.421165E+0
120.0   	11      	3.678545E+0	2.268825E-2	2.84E+1    	120.00    	13627.49	22.9 	32.5 	3.114806E+0	1.175523E-3 	2.351033E+7	2.015672E+5	-1.168563E+0	5.730553E-3 	3.678545E+0	3.114806E+0
120.0   	12      	1.896213E+0	1.279861E-3	2.60E+1    	120.00    	13630.06	22.9 	32.6 	1.895834E+0	1.637038E-6 	4.197073E+7	2.833449E+4	-1.556647E+0	1.289703E-4 	1.896213E+0	1.895834E+0
120.0   	13      	4.321226E+0	1.497960E-3	2.71E+1    	120.00    	13632.64	22.9 	32.5 	4.316858E+0	2.287907E-6 	1.842480E+7	6.421059E+3	-1.602593E+0	7.371115E-5 	4.321226E+0	4.316858E+0
120.0   	14      	4.120233E+0	8.040727E-4	2.66E+1    	120.00    	13635.22	22.9 	32.5 	4.117004E+0	6.292933E-7 	1.932140E+7	3.746999E+3	-1.598797E+0	6.350853E-5 	4.120233E+0	4.117004E+0
120.0   	15      	4.136950E+0	1.502474E-3	2.93E+1    	120.00    	13637.80	22.9 	32.5 	4.133648E+0	2.313918E-6 	1.924347E+7	7.035861E+3	-1.599053E+0	1.985783E-4 	4.136950E+0	4.133648E+0
120.0   	16      	4.354629E+0	1.135541E-3	2.84E+1    	120.00    	13640.33	22.9 	32.6 	4.351751E+0	1.269792E-6 	1.828027E+7	4.750088E+3	-1.596507E+0	7.505553E-5 	4.354629E+0	4.351751E+0
120.0   	17      	4.133573E+0	7.002616E-4	2.90E+1    	120.00    	13642.91	22.9 	32.5 	4.130382E+0	6.036036E-7 	1.925893E+7	3.442867E+3	-1.598587E+0	3.356089E-4 	4.133573E+0	4.130382E+0
120.0   	18      	3.916634E+0	1.583595E-3	2.62E+1    	120.00    	13645.48	22.9 	32.5 	3.913009E+0	2.624162E-6 	2.032723E+7	8.315247E+3	-1.601223E+0	1.700980E-4 	3.916634E+0	3.913009E+0
120.0   	19      	4.194683E+0	1.005658E-3	2.70E+1    	120.00    	13648.05	22.9 	32.5 	4.192842E+0	8.946085E-7 	1.897520E+7	4.413615E+3	-1.591747E+0	4.176522E-4 	4.194683E+0	4.192842E+0
120.0   	20      	3.911976E+0	4.723429E-4	2.94E+1    	120.00    	13650.63	22.9 	32.5 	3.908356E+0	1.662297E-7 	2.035143E+7	2.289833E+3	-1.601223E+0	2.800595E-4 	3.911976E+0	3.908356E+0
120.0   	21      	4.144485E+0	1.625967E-3	2.66E+1    	120.00    	13653.20	22.9 	32.5 	4.140521E+0	2.545093E-6 	1.921000E+7	7.466592E+3	-1.601727E+0	4.200397E-4 	4.144485E+0	4.140521E+0
120.0   	22      	3.908643E+0	1.501770E-3	2.95E+1    	120.00    	13655.80	22.9 	32.5 	3.905022E+0	2.214398E-6 	2.036880E+7	7.794870E+3	-1.601237E+0	1.026320E-4 	3.908643E+0	3.905022E+0
120.0   	23      	3.904567E+0	6.572220E-4	2.91E+1    	120.00    	13658.37	22.9 	32.5 	3.900910E+0	3.197311E-7 	2.039017E+7	3.189566E+3	-1.601403E+0	4.691837E-4 	3.904567E+0	3.900910E+0
120.0   	24      	3.903664E+0	4.286509E-4	2.50E+1    	120.00    	13660.94	22.9 	32.5 	3.899988E+0	2.286392E-7 	2.039493E+7	2.369247E+3	-1.601487E+0	2.259056E-4 	3.903664E+0	3.899988E+0
120.0   	25      	4.113938E+0	1.013322E-3	3.37E+1    	120.00    	13663.49	22.9 	32.5 	4.104885E+0	8.461957E-7 	1.936470E+7	4.550824E+3	-1.617723E+0	3.137409E-4 	4.113938E+0	4.104885E+0
120.0   	26      	1.396288E+0	1.741226E-3	3.26E+1    	120.00    	13666.07	22.9 	32.5 	1.348056E+0	1.510761E-6 	5.800280E+7	6.143069E+4	-1.383857E+0	1.407350E-3 	1.396288E+0	1.348056E+0
120.0   	27      	4.208781E+0	8.608297E-4	2.87E+1    	120.00    	13668.70	22.9 	32.5 	4.191731E+0	6.498256E-7 	1.894590E+7	3.732292E+3	-1.634487E+0	3.818813E-4 	4.208781E+0	4.191731E+0
120.0   	28      	4.088348E+0	8.270706E-4	2.63E+1    	120.00    	13671.23	22.9 	32.5 	4.083490E+0	7.309987E-7 	1.947603E+7	4.007909E+3	-1.605273E+0	1.890326E-4 	4.088348E+0	4.083490E+0
120.0   	29      	3.898575E+0	1.512409E-3	2.68E+1    	120.00    	13673.80	22.9 	32.5 	3.895053E+0	2.441932E-6 	2.042117E+7	8.055640E+3	-1.600853E+0	2.579406E-4 	3.898575E+0	3.895053E+0
120.0   	30      	3.896534E+0	6.816521E-4	2.88E+1    	120.00    	13676.42	22.9 	32.5 	3.892949E+0	4.268436E-7 	2.043203E+7	3.500476E+3	-1.601133E+0	1.877054E-4 	3.896534E+0	3.892949E+0
120.0   	31      	3.903338E+0	3.484346E-4	2.60E+1    	120.00    	13678.95	22.9 	32.5 	3.899855E+0	1.448132E-7 	2.039613E+7	1.903506E+3	-1.600673E+0	1.985783E-4 	3.903338E+0	3.899855E+0
120.0   	32      	4.118492E+0	7.045110E-4	2.79E+1    	120.00    	13681.53	22.9 	32.5 	4.115251E+0	5.396937E-7 	1.932960E+7	3.377869E+3	-1.598850E+0	1.928730E-4 	4.118492E+0	4.115251E+0
120.0   	33      	4.120960E+0	8.403940E-4	2.82E+1    	120.00    	13684.15	22.9 	32.5 	4.117628E+0	6.490278E-7 	1.931823E+7	3.859188E+3	-1.599233E+0	1.537314E-4 	4.120960E+0	4.117628E+0
120.0   	34      	3.903766E+0	1.465978E-3	2.60E+1    	120.00    	13686.72	22.9 	32.5 	3.900256E+0	2.387764E-6 	2.039397E+7	7.870409E+3	-1.600783E+0	3.511885E-4 	3.903766E+0	3.900256E+0
120.0   	35      	3.898995E+0	1.449165E-3	2.70E+1    	120.00    	13689.25	22.9 	32.5 	3.895434E+0	1.938164E-6 	2.041907E+7	7.444685E+3	-1.601023E+0	2.514624E-4 	3.898995E+0	3.895434E+0
120.0   	36      	3.905261E+0	1.950375E-4	2.68E+1    	120.00    	13691.83	22.9 	32.5 	3.901721E+0	4.007989E-8 	2.038623E+7	1.001665E+3	-1.600903E+0	4.041452E-4 	3.905261E+0	3.901721E+0
120.0   	37      	4.040263E+0	9.659345E-4	2.78E+1    	120.00    	13694.40	22.9 	32.5 	4.027662E+0	8.516213E-7 	1.972690E+7	4.618441E+3	-1.626673E+0	9.018500E-5 	4.040263E+0	4.027662E+0
120.0   	38      	3.898189E+0	3.898245E-4	2.70E+1    	120.00    	13696.95	22.9 	32.5 	3.895323E+0	1.298349E-7 	2.042147E+7	1.965536E+3	-1.597917E+0	1.457166E-4 	3.898189E+0	3.895323E+0
120.0   	39      	3.902231E+0	7.142550E-4	2.57E+1    	120.00    	13699.53	22.9 	32.5 	3.898680E+0	5.614204E-7 	2.040210E+7	3.822303E+3	-1.600963E+0	3.754109E-4 	3.902231E+0	3.898680E+0
120.0   	40      	3.918369E+0	1.829161E-3	2.62E+1    	120.00    	13702.11	22.9 	32.5 	3.911418E+0	3.258830E-6 	2.032687E+7	9.429917E+3	-1.612927E+0	2.739221E-4 	3.918369E+0	3.911418E+0
120.0   	41      	3.793120E+0	1.908937E-3	2.97E+1    	120.00    	13704.67	22.9 	32.5 	3.729564E+0	1.275038E-5 	2.115743E+7	1.542995E+4	-1.440997E+0	1.766362E-3 	3.793120E+0	3.729564E+0
120.0   	42      	4.117782E+0	1.118789E-3	2.64E+1    	120.00    	13707.25	22.9 	32.5 	4.108519E+0	1.279173E-6 	1.934710E+7	5.291503E+3	-1.618243E+0	8.326664E-5 	4.117782E+0	4.108519E+0
120.0   	43      	3.901112E+0	1.286396E-3	2.78E+1    	120.00    	13709.83	22.9 	32.5 	3.897697E+0	1.677916E-6 	2.040760E+7	6.755738E+3	-1.600390E+0	1.493318E-4 	3.901112E+0	3.897697E+0
120.0   	44      	3.898430E+0	1.380144E-3	2.90E+1    	120.00    	13712.40	22.9 	32.5 	3.894956E+0	1.779754E-6 	2.042180E+7	7.108446E+3	-1.600647E+0	4.377594E-4 	3.898430E+0	3.894956E+0
120.0   	45      	3.903212E+0	4.732181E-4	2.72E+1    	120.00    	13714.97	22.9 	32.5 	3.899841E+0	2.131091E-7 	2.039650E+7	2.433105E+3	-1.600187E+0	3.787259E-4 	3.903212E+0	3.899841E+0
120.0   	46      	3.890930E+0	9.173359E-4	2.68E+1    	120.00    	13717.55	22.9 	32.5 	3.887297E+0	7.756496E-7 	2.046160E+7	4.728636E+3	-1.601360E+0	2.426932E-4 	3.890930E+0	3.887297E+0
120.0   	47      	3.894211E+0	2.393858E-3	2.62E+1    	120.00    	13720.12	22.9 	32.5 	3.890524E+0	5.601663E-6 	2.044450E+7	1.250480E+4	-1.601570E+0	1.571623E-4 	3.894211E+0	3.890524E+0
120.0   	48      	4.109083E+0	4.810231E-4	2.92E+1    	120.00    	13722.70	22.9 	32.5 	4.105776E+0	2.767068E-7 	1.937403E+7	2.369247E+3	-1.599170E+0	3.551056E-4 	4.109083E+0	4.105776E+0
120.0   	49      	4.163050E+0	1.764533E-3	3.15E+1    	120.00    	13725.25	22.9 	32.5 	4.159968E+0	3.195499E-6 	1.912227E+7	8.161699E+3	-1.598007E+0	2.084067E-4 	4.163050E+0	4.159968E+0
120.0   	50      	3.902727E+0	1.282393E-3	3.18E+1    	120.00    	13727.82	22.9 	32.5 	3.898962E+0	1.648446E-6 	2.040007E+7	6.709943E+3	-1.601860E+0	3.000000E-5 	3.902727E+0	3.898962E+0
120.0   	51      	3.896499E+0	8.093069E-4	3.11E+1    	120.00    	13730.39	22.9 	32.5 	3.892996E+0	7.363167E-7 	2.043200E+7	4.371499E+3	-1.600787E+0	3.156475E-4 	3.896499E+0	3.892996E+0
120.0   	52      	4.038903E+0	1.026323E-3	2.94E+1    	120.00    	13732.97	22.9 	32.5 	4.026705E+0	1.007628E-6 	1.973257E+7	4.965212E+3	-1.625780E+0	1.352775E-4 	4.038903E+0	4.026705E+0
120.0   	53      	2.923339E+0	2.184253E-2	2.63E+1    	120.00    	13735.55	22.9 	32.5 	2.268928E+0	5.396006E-4 	3.090033E+7	2.732568E+5	-1.077940E+0	2.586059E-3 	2.923339E+0	2.268928E+0
120.0   	54      	4.033726E+0	1.582859E-3	2.66E+1    	120.00    	13738.11	22.9 	32.5 	4.021296E+0	2.220106E-6 	1.975850E+7	7.531932E+3	-1.626337E+0	3.317127E-4 	4.033726E+0	4.021296E+0
120.0   	55      	3.903072E+0	2.172505E-3	2.81E+1    	120.00    	13740.69	22.9 	32.5 	3.899459E+0	4.657491E-6 	2.039787E+7	1.131916E+4	-1.601223E+0	5.859465E-5 	3.903072E+0	3.899459E+0
120.0   	56      	3.898779E+0	5.318099E-4	2.70E+1    	120.00    	13743.26	22.9 	32.5 	3.895396E+0	3.048917E-7 	2.041973E+7	2.837840E+3	-1.600257E+0	2.059935E-4 	3.898779E+0	3.895396E+0
120.0   	57      	3.920712E+0	5.989945E-4	2.69E+1    	120.00    	13745.85	22.9 	32.5 	3.910657E+0	3.804276E-7 	2.032277E+7	3.137409E+3	-1.621460E+0	3.251154E-4 	3.920712E+0	3.910657E+0
120.0   	58      	3.897574E+0	1.608267E-3	2.62E+1    	120.00    	13748.42	22.9 	32.5 	3.893968E+0	2.742487E-6 	2.042663E+7	8.559400E+3	-1.601220E+0	2.605763E-4 	3.897574E+0	3.893968E+0
120.0   	59      	3.892986E+0	6.754974E-4	2.61E+1    	120.00    	13750.99	22.9 	32.5 	3.889310E+0	5.370892E-7 	2.045090E+7	3.700000E+3	-1.601530E+0	2.740438E-4 	3.892986E+0	3.889310E+0
120.0   	60      	3.898155E+0	1.675365E-3	2.73E+1    	120.00    	13753.56	22.9 	32.5 	3.894456E+0	2.841999E-6 	2.042383E+7	8.803598E+3	-1.601603E+0	4.080850E-4 	3.898155E+0	3.894456E+0
120.0   	61      	4.181340E+0	8.343892E-4	2.63E+1    	120.00    	13756.14	22.9 	32.5 	4.178063E+0	6.966778E-7 	1.903903E+7	3.800439E+3	-1.598797E+0	1.222020E-4 	4.181340E+0	4.178063E+0
120.0   	62      	4.184137E+0	9.971043E-4	2.51E+1    	120.00    	13758.72	22.9 	32.5 	4.181022E+0	9.498670E-7 	1.902593E+7	4.483674E+3	-1.598083E+0	1.457166E-4 	4.184137E+0	4.181022E+0
120.0   	63      	3.900357E+0	1.356891E-3	2.54E+1    	120.00    	13761.28	22.9 	32.5 	3.896796E+0	1.824928E-6 	2.041193E+7	7.086842E+3	-1.601017E+0	3.450121E-4 	3.900357E+0	3.896796E+0
120.0   	64      	4.319035E+0	2.989119E-4	2.76E+1    	120.00    	13763.86	22.9 	32.5 	4.315034E+0	9.404757E-8 	1.843337E+7	1.289703E+3	-1.601237E+0	1.656301E-4 	4.319035E+0	4.315034E+0
120.0   	65      	4.183008E+0	1.336842E-3	2.83E+1    	120.00    	13766.40	22.9 	32.5 	4.179851E+0	1.751349E-6 	1.903117E+7	6.053374E+3	-1.598270E+0	1.311488E-4 	4.183008E+0	4.179851E+0
120.0   	66      	3.899622E+0	1.705181E-3	2.92E+1    	120.00    	13768.99	22.9 	32.5 	3.896055E+0	3.134914E-6 	2.041580E+7	9.100000E+3	-1.601043E+0	3.055050E-4 	3.899622E+0	3.896055E+0
120.0   	67      	3.911615E+0	1.166031E-3	2.95E+1    	120.00    	13771.56	22.9 	32.5 	3.908077E+0	1.434055E-6 	2.035310E+7	6.150610E+3	-1.600873E+0	2.502665E-4 	3.911615E+0	3.908077E+0
120.0   	68      	3.902917E+0	1.370461E-3	2.78E+1    	120.00    	13774.14	22.9 	32.5 	3.899282E+0	1.898721E-6 	2.039873E+7	7.184242E+3	-1.601317E+0	1.415392E-4 	3.902917E+0	3.899282E+0
120.0   	69      	4.031521E+0	2.386528E-3	2.58E+1    	120.00    	13776.72	22.9 	32.5 	4.019291E+0	6.131426E-6 	1.976883E+7	1.193580E+4	-1.625903E+0	2.676440E-4 	4.031521E+0	4.019291E+0
120.0   	70      	3.902946E+0	3.489396E-4	3.22E+1    	120.00    	13779.27	22.9 	32.5 	3.899507E+0	1.048103E-7 	2.039807E+7	1.755942E+3	-1.600483E+0	1.921805E-4 	3.902946E+0	3.899507E+0
120.0   	71      	3.898631E+0	1.903702E-3	3.07E+1    	120.00    	13781.83	22.9 	32.5 	3.895099E+0	3.868278E-6 	2.042090E+7	1.013854E+4	-1.600900E+0	2.771281E-4 	3.898631E+0	3.895099E+0
120.0   	72      	3.905618E+0	2.326385E-4	2.62E+1    	120.00    	13784.40	22.9 	32.5 	3.899834E+0	1.325682E-7 	2.039023E+7	1.537314E+3	-1.609283E+0	5.500303E-4 	3.905618E+0	3.899834E+0
120.0   	73      	3.849757E+0	6.582987E-4	2.62E+1    	120.00    	13786.97	22.9 	32.5 	3.823795E+0	2.419063E-7 	2.074083E+7	2.802380E+3	-1.488587E+0	8.273049E-4 	3.849757E+0	3.823795E+0
120.0   	74      	3.908254E+0	2.859634E-3	2.57E+1    	120.00    	13789.57	22.9 	32.5 	3.902576E+0	7.408464E-6 	2.037620E+7	1.455232E+4	-1.608920E+0	5.424942E-4 	3.908254E+0	3.902576E+0
120.0   	75      	3.899967E+0	3.039431E-3	2.80E+1    	120.00    	13792.14	22.9 	32.5 	3.896679E+0	9.872508E-6 	2.041327E+7	1.617725E+4	-1.599833E+0	5.550976E-4 	3.899967E+0	3.896679E+0
120.0   	76      	4.178614E+0	1.228576E-3	2.57E+1    	120.00    	13794.72	22.9 	32.5 	4.176006E+0	1.477822E-6 	1.904993E+7	5.571654E+3	-1.595783E+0	2.650157E-4 	4.178614E+0	4.176006E+0
120.0   	77      	5.807487E-1	1.729478E-3	2.85E+1    	120.00    	13797.30	22.9 	32.5 	5.475332E-1	3.478344E-6 	1.411217E+8	4.399595E+5	-1.812280E+0	2.877933E-3 	5.807487E-1	5.475332E-1
120.0   	78      	5.839313E-1	8.648221E-4	2.74E+1    	120.00    	13799.83	22.9 	32.5 	5.507750E-1	4.887115E-7 	1.403210E+8	1.892696E+5	-1.811397E+0	1.189720E-3 	5.839313E-1	5.507750E-1
120.0   	79      	4.395814E+0	1.593721E-3	2.79E+1    	120.00    	13802.41	22.9 	32.5 	4.392391E+0	2.914983E-6 	1.811007E+7	6.803920E+3	-1.598703E+0	4.669404E-4 	4.395814E+0	4.392391E+0
120.0   	80      	1.569179E+0	2.485616E-4	2.65E+1    	120.00    	13804.98	22.9 	32.5 	1.567522E+0	1.582512E-7 	5.073960E+7	1.039663E+4	-1.538327E+0	1.617477E-3 	1.569179E+0	1.567522E+0
120.0   	81      	4.167176E+0	1.642647E-3	2.85E+1    	120.00    	13807.56	22.9 	32.5 	4.164004E+0	2.484055E-6 	1.910353E+7	7.379250E+3	-1.598390E+0	3.109662E-4 	4.167176E+0	4.164004E+0
120.0   	82      	3.923431E+0	2.440439E-4	2.56E+1    	120.00    	13810.14	22.9 	32.5 	3.919639E+0	7.891328E-8 	2.029243E+7	1.357694E+3	-1.601890E+0	1.646208E-4 	3.923431E+0	3.919639E+0
120.0   	83      	3.923497E+0	1.920892E-3	2.69E+1    	120.00    	13812.72	22.9 	32.5 	3.920050E+0	3.686705E-6 	2.029120E+7	9.935291E+3	-1.600440E+0	1.044031E-4 	3.923497E+0	3.920050E+0
120.0   	84      	3.963024E+0	4.912777E-4	2.54E+1    	120.00    	13815.30	22.9 	32.5 	3.959626E+0	2.354964E-7 	2.008860E+7	2.475884E+3	-1.600083E+0	4.725816E-5 	3.963024E+0	3.959626E+0
120.0   	85      	3.924944E+0	1.246406E-3	2.90E+1    	120.00    	13817.87	22.9 	32.5 	3.921567E+0	1.680436E-6 	2.028353E+7	6.573685E+3	-1.600133E+0	2.371357E-4 	3.924944E+0	3.921567E+0
120.0   	86      	3.923984E+0	1.415388E-4	2.69E+1    	120.00    	13820.44	22.9 	32.5 	3.920658E+0	1.741479E-8 	2.028837E+7	7.023769E+2	-1.599913E+0	1.474223E-4 	3.923984E+0	3.920658E+0
120.0   	87      	3.926134E+0	6.396661E-4	2.82E+1    	120.00    	13823.01	22.9 	32.5 	3.922891E+0	4.377908E-7 	2.027703E+7	3.362043E+3	-1.599540E+0	1.100000E-4 	3.926134E+0	3.922891E+0
120.0   	88      	3.926240E+0	1.281655E-3	2.69E+1    	120.00    	13825.60	22.9 	32.5 	3.922915E+0	1.622489E-6 	2.027670E+7	6.600000E+3	-1.599903E+0	2.328805E-4 	3.926240E+0	3.922915E+0
120.0   	89      	3.932242E+0	9.109351E-4	2.59E+1    	120.00    	13828.17	22.9 	32.5 	3.926746E+0	7.212487E-7 	2.025133E+7	4.532475E+3	-1.608190E+0	2.884441E-4 	3.932242E+0	3.926746E+0
120.0   	90      	3.924997E+0	8.363084E-4	2.59E+1    	120.00    	13830.78	22.9 	32.5 	3.921759E+0	7.410069E-7 	2.028290E+7	4.386342E+3	-1.599523E+0	1.365040E-4 	3.924997E+0	3.921759E+0
120.0   	91      	3.922316E+0	4.787487E-4	3.28E+1    	120.00    	13833.31	22.9 	32.5 	3.918989E+0	2.113126E-7 	2.029700E+7	2.426932E+3	-1.599923E+0	1.858315E-4 	3.922316E+0	3.918989E+0
120.0   	92      	3.923232E+0	7.530514E-4	2.93E+1    	120.00    	13835.87	22.9 	32.5 	3.919966E+0	6.904572E-7 	2.029210E+7	4.095119E+3	-1.599650E+0	4.453089E-4 	3.923232E+0	3.919966E+0
120.0   	93      	4.239692E+0	2.317037E-3	2.61E+1    	120.00    	13838.44	22.9 	32.5 	4.236775E+0	5.248648E-6 	1.877610E+7	1.020931E+4	-1.597030E+0	1.558846E-4 	4.239692E+0	4.236775E+0
120.0   	94      	4.207904E+0	9.613374E-4	2.51E+1    	120.00    	13841.02	22.9 	32.5 	4.205277E+0	9.511068E-7 	1.891733E+7	4.352394E+3	-1.595783E+0	2.891943E-4 	4.207904E+0	4.205277E+0
120.0   	95      	3.924218E+0	1.842177E-3	2.73E+1    	120.00    	13843.61	22.9 	32.5 	3.920669E+0	3.147956E-6 	2.028773E+7	9.348975E+3	-1.600873E+0	4.461315E-4 	3.924218E+0	3.920669E+0
120.0   	96      	4.367419E+0	1.124749E-3	2.91E+1    	120.00    	13846.18	22.9 	32.5 	4.363671E+0	1.183859E-6 	1.822853E+7	4.619885E+3	-1.600093E+0	1.800926E-4 	4.367419E+0	4.363671E+0
120.0   	97      	4.151317E+0	7.949071E-4	2.71E+1    	120.00    	13848.77	22.9 	32.5 	4.147916E+0	6.438044E-7 	1.917707E+7	3.690980E+3	-1.599423E+0	7.371115E-5 	4.151317E+0	4.147916E+0
120.0   	98      	3.916425E+0	2.868328E-4	2.84E+1    	120.00    	13851.34	22.9 	32.5 	3.915759E+0	8.144889E-8 	2.032063E+7	1.484363E+3	-1.583840E+0	1.014889E-4 	3.916425E+0	3.915759E+0
120.0   	99      	3.920300E+0	1.684256E-3	3.31E+1    	120.00    	13853.89	22.9 	32.5 	3.916655E+0	2.932669E-6 	2.030827E+7	8.794506E+3	-1.601290E+0	5.642694E-4 	3.920300E+0	3.916655E+0
120.0   	100     	3.937572E+0	8.806138E-4	3.09E+1    	120.00    	13856.46	22.9 	32.5 	3.934074E+0	7.231003E-7 	2.021877E+7	4.445597E+3	-1.600607E+0	1.457166E-4 	3.937572E+0	3.934074E+0
120.0   	101     	3.922376E+0	1.151615E-4	2.53E+1    	120.00    	13859.04	22.9 	32.5 	3.919134E+0	3.538014E-9 	2.029647E+7	4.509250E+2	-1.599550E+0	2.523886E-4 	3.922376E+0	3.919134E+0
120.0   	102     	3.923623E+0	1.643596E-3	2.58E+1    	120.00    	13861.63	22.9 	32.5 	3.920362E+0	2.900722E-6 	2.029007E+7	8.648892E+3	-1.599627E+0	6.150068E-4 	3.923623E+0	3.920362E+0
120.0   	103     	3.919429E+0	1.128263E-3	2.86E+1    	120.00    	13864.20	22.9 	32.5 	3.915983E+0	1.319281E-6 	2.031227E+7	5.902824E+3	-1.600450E+0	1.212436E-4 	3.919429E+0	3.915983E+0
120.0   	104     	3.917898E+0	4.056506E-4	3.15E+1    	120.00    	13866.76	22.9 	32.5 	3.914493E+0	1.700480E-7 	2.032010E+7	2.116601E+3	-1.600280E+0	2.570992E-4 	3.917898E+0	3.914493E+0
120.0   	105     	3.922796E+0	1.348231E-3	2.60E+1    	120.00    	13869.36	22.9 	32.5 	3.919526E+0	1.890964E-6 	2.029437E+7	7.046512E+3	-1.599673E+0	1.250333E-4 	3.922796E+0	3.919526E+0
120.0   	106     	3.922891E+0	1.849257E-3	3.38E+1    	120.00    	13871.91	22.9 	32.5 	3.919651E+0	3.317513E-6 	2.029380E+7	9.500000E+3	-1.599540E+0	1.200000E-4 	3.922891E+0	3.919651E+0
120.0   	107     	3.917935E+0	1.163258E-3	3.21E+1    	120.00    	13874.49	22.9 	32.5 	3.914507E+0	1.231653E-6 	2.031997E+7	5.894348E+3	-1.600377E+0	3.552933E-4 	3.917935E+0	3.914507E+0
120.0   	108     	3.919995E+0	1.480220E-3	3.44E+1    	120.00    	13877.04	22.9 	32.5 	3.916703E+0	2.065477E-6 	2.030893E+7	7.556675E+3	-1.599780E+0	4.158125E-4 	3.919995E+0	3.916703E+0
120.0   	109     	3.936143E+0	9.158308E-4	3.37E+1    	120.00    	13879.61	22.9 	32.5 	3.932635E+0	7.651510E-7 	2.022613E+7	4.601449E+3	-1.600653E+0	2.362908E-4 	3.936143E+0	3.932635E+0
120.0   	110     	3.917320E+0	5.642869E-4	2.89E+1    	120.00    	13882.20	22.9 	32.5 	3.914005E+0	3.649631E-7 	2.032287E+7	3.027100E+3	-1.599890E+0	3.477068E-4 	3.917320E+0	3.914005E+0
120.0   	111     	3.908361E+0	2.169689E-3	2.63E+1    	120.00    	13884.77	22.9 	32.5 	3.904768E+0	4.934515E-6 	2.037020E+7	1.144727E+4	-1.601120E+0	2.364318E-4 	3.908361E+0	3.904768E+0
120.0   	112     	4.143865E+0	7.010595E-4	2.77E+1    	120.00    	13887.34	22.9 	32.5 	4.140752E+0	4.610286E-7 	1.921090E+7	3.200000E+3	-1.598207E+0	1.096966E-4 	4.143865E+0	4.140752E+0
120.0   	113     	4.133121E+0	3.332282E-4	2.59E+1    	120.00    	13889.90	22.9 	32.5 	4.129790E+0	1.101079E-7 	1.926137E+7	1.550269E+3	-1.599190E+0	1.000000E-5 	4.133121E+0	4.129790E+0
120.0   	114     	3.907292E+0	6.581193E-4	2.78E+1    	120.00    	13892.48	22.9 	32.5 	3.903560E+0	4.924993E-7 	2.037613E+7	3.538832E+3	-1.601703E+0	4.429823E-4 	3.907292E+0	3.903560E+0
120.0   	115     	3.905602E+0	5.010120E-4	2.58E+1    	120.00    	13895.06	22.9 	32.5 	3.902121E+0	3.983103E-7 	2.038430E+7	2.954657E+3	-1.600650E+0	5.755867E-4 	3.905602E+0	3.902121E+0
120.0   	116     	3.921658E+0	2.549231E-4	2.55E+1    	120.00    	13897.65	22.9 	32.5 	3.917973E+0	3.892932E-8 	2.030133E+7	1.167619E+3	-1.601453E+0	2.779089E-4 	3.921658E+0	3.917973E+0
120.0   	117     	3.906614E+0	8.375950E-4	2.95E+1    	120.00    	13900.22	22.9 	32.5 	3.903241E+0	6.383561E-7 	2.037873E+7	4.266536E+3	-1.600183E+0	3.350124E-4 	3.906614E+0	3.903241E+0
120.0   	118     	3.907694E+0	1.451857E-3	2.79E+1    	120.00    	13902.76	22.9 	32.5 	3.904347E+0	1.962592E-6 	2.037303E+7	7.437966E+3	-1.600063E+0	2.676440E-4 	3.907694E+0	3.904347E+0
120.0   	119     	3.906944E+0	1.409335E-4	2.63E+1    	120.00    	13905.35	22.9 	32.5 	3.903639E+0	1.529157E-8 	2.037683E+7	6.806859E+2	-1.599887E+0	2.074448E-4 	3.906944E+0	3.903639E+0
120.0   	120     	3.907857E+0	1.737727E-3	2.64E+1    	120.00    	13907.92	22.9 	32.5 	3.904516E+0	3.102773E-6 	2.037217E+7	9.127066E+3	-1.600040E+0	1.300000E-4 	3.907857E+0	3.904516E+0
120.0   	121     	3.908325E+0	7.789307E-4	2.55E+1    	120.00    	13910.51	22.9 	32.5 	3.905109E+0	6.508987E-7 	2.036940E+7	4.132796E+3	-1.599487E+0	1.985783E-4 	3.908325E+0	3.905109E+0
120.0   	122     	3.908672E+0	7.081160E-4	2.52E+1    	120.00    	13913.05	22.9 	32.5 	3.905401E+0	5.417713E-7 	2.036773E+7	3.763420E+3	-1.599727E+0	1.823001E-4 	3.908672E+0	3.905401E+0
120.0   	123     	3.904997E+0	6.023579E-4	2.62E+1    	120.00    	13915.63	22.9 	32.5 	3.901615E+0	3.783313E-7 	2.038720E+7	3.174902E+3	-1.600227E+0	2.950141E-4 	3.904997E+0	3.901615E+0
120.0   	124     	3.907669E+0	9.684556E-4	2.82E+1    	120.00    	13918.21	22.9 	32.5 	3.903337E+0	9.697402E-7 	2.037573E+7	5.095423E+3	-1.604097E+0	8.621678E-5 	3.907669E+0	3.903337E+0
120.0   	125     	3.909700E+0	6.236216E-4	2.87E+1    	120.00    	13920.79	22.9 	32.5 	3.906151E+0	3.679549E-7 	2.036310E+7	3.204684E+3	-1.600930E+0	1.153256E-4 	3.909700E+0	3.906151E+0
120.0   	126     	3.902456E+0	1.110668E-3	2.58E+1    	120.00    	13923.36	22.9 	32.5 	3.899004E+0	1.364731E-6 	2.040067E+7	5.953430E+3	-1.600540E+0	5.002999E-4 	3.902456E+0	3.899004E+0
120.0   	127     	3.902974E+0	1.021937E-3	2.48E+1    	120.00    	13925.94	22.9 	32.5 	3.899429E+0	9.744223E-7 	2.039820E+7	5.250714E+3	-1.600937E+0	2.554082E-4 	3.902974E+0	3.899429E+0
120.0   	128     	4.121134E+0	8.673533E-4	2.74E+1    	120.00    	13928.48	22.9 	32.5 	4.117922E+0	8.014516E-7 	1.931713E+7	4.130779E+3	-1.598717E+0	2.844878E-4 	4.121134E+0	4.117922E+0
120.0   	129     	4.119394E+0	6.273205E-4	2.89E+1    	120.00    	13931.05	22.9 	32.5 	4.116153E+0	4.302551E-7 	1.932537E+7	3.010537E+3	-1.598850E+0	1.652271E-4 	4.119394E+0	4.116153E+0
120.0   	130     	3.904358E+0	1.732007E-3	2.77E+1    	120.00    	13933.62	22.9 	32.5 	3.900940E+0	3.172499E-6 	2.039063E+7	9.178417E+3	-1.600390E+0	2.200000E-4 	3.904358E+0	3.900940E+0
120.0   	131     	3.900742E+0	1.867434E-3	2.80E+1    	120.00    	13936.19	22.9 	32.5 	3.897278E+0	3.804813E-6 	2.040967E+7	9.993164E+3	-1.600597E+0	5.139390E-4 	3.900742E+0	3.897278E+0
120.0   	132     	3.905458E+0	8.183063E-4	2.93E+1    	120.00    	13938.77	22.9 	32.5 	3.901971E+0	6.704985E-7 	2.038507E+7	4.272392E+3	-1.600683E+0	1.985783E-4 	3.905458E+0	3.901971E+0
120.0   	133     	3.901645E+0	1.177954E-3	2.85E+1    	120.00    	13941.34	22.9 	32.5 	3.898196E+0	1.564372E-6 	2.040490E+7	6.352952E+3	-1.600530E+0	3.235738E-4 	3.901645E+0	3.898196E+0
120.0   	134     	3.905537E+0	1.749262E-3	2.55E+1    	120.00    	13943.91	22.9 	32.5 	3.902237E+0	3.182116E-6 	2.038417E+7	9.222979E+3	-1.599867E+0	1.594783E-4 	3.905537E+0	3.902237E+0
120.0   	135     	3.903213E+0	4.795803E-4	2.61E+1    	120.00    	13946.49	22.9 	32.5 	3.899903E+0	2.780652E-7 	2.039633E+7	2.627420E+3	-1.599917E+0	3.394604E-4 	3.903213E+0	3.899903E+0
120.0   	136     	3.901438E+0	8.378947E-4	2.72E+1    	120.00    	13949.06	22.9 	32.5 	3.897995E+0	6.721855E-7 	2.040597E+7	4.336281E+3	-1.600510E+0	1.300000E-4 	3.901438E+0	3.897995E+0
120.0   	137     	3.900758E+0	3.731193E-4	2.63E+1    	120.00    	13951.65	22.9 	32.5 	3.897349E+0	1.355714E-7 	2.040943E+7	1.939931E+3	-1.600363E+0	4.618802E-5 	3.900758E+0	3.897349E+0
120.0   	138     	3.904702E+0	2.162085E-3	2.82E+1    	120.00    	13954.22	22.9 	32.5 	3.901490E+0	4.655703E-6 	2.038830E+7	1.127874E+4	-1.599483E+0	1.703917E-4 	3.904702E+0	3.901490E+0
120.0   	139     	3.906154E+0	1.893191E-3	2.65E+1    	120.00    	13956.80	22.9 	32.5 	3.901749E+0	3.746733E-6 	2.038383E+7	9.993164E+3	-1.604383E+0	1.850225E-4 	3.906154E+0	3.901749E+0
120.0   	140     	3.875062E+0	1.088810E-3	3.44E+1    	120.00    	13959.34	22.9 	32.5 	3.871980E+0	1.320101E-6 	2.054397E+7	5.934925E+3	-1.542590E+0	2.981610E-4 	3.875062E+0	3.871980E+0
120.0   	141     	3.906335E+0	1.067312E-3	2.65E+1    	120.00    	13961.94	22.9 	32.5 	3.901695E+0	8.884295E-7 	2.038350E+7	5.245951E+3	-1.605267E+0	4.687572E-4 	3.906335E+0	3.901695E+0
120.0   	142     	3.898461E+0	1.499973E-3	2.79E+1    	120.00    	13964.51	22.9 	32.5 	3.894950E+0	2.198621E-6 	2.042173E+7	7.814303E+3	-1.600810E+0	8.185353E-5 	3.898461E+0	3.894950E+0
120.0   	143     	3.900745E+0	7.818584E-4	2.62E+1    	120.00    	13967.09	22.9 	32.5 	3.897248E+0	6.488993E-7 	2.040973E+7	4.152509E+3	-1.600740E+0	2.666458E-4 	3.900745E+0	3.897248E+0
120.0   	144     	4.115666E+0	9.609666E-4	2.76E+1    	120.00    	13969.67	22.9 	32.5 	4.112444E+0	8.439337E-7 	1.934283E+7	4.411727E+3	-1.598780E+0	4.794789E-4 	4.115666E+0	4.112444E+0
120.0   	145     	4.301113E+0	4.247142E-4	2.72E+1    	120.00    	13972.25	22.9 	32.5 	4.297582E+0	1.458286E-7 	1.850920E+7	1.734935E+3	-1.599453E+0	2.100794E-4 	4.301113E+0	4.297582E+0
120.0   	146     	3.899754E+0	1.098983E-3	2.63E+1    	120.00    	13974.79	22.9 	32.5 	3.896152E+0	1.280496E-6 	2.041520E+7	5.838664E+3	-1.601193E+0	2.663331E-4 	3.899754E+0	3.896152E+0
120.0   	147     	3.902084E+0	8.560461E-4	2.65E+1    	120.00    	13977.36	22.9 	32.5 	3.898623E+0	8.195783E-7 	2.040263E+7	4.606879E+3	-1.600580E+0	2.291288E-4 	3.902084E+0	3.898623E+0
120.0   	148     	4.162262E+0	1.140177E-3	2.76E+1    	120.00    	13979.94	22.9 	32.5 	4.159145E+0	1.259587E-6 	1.912597E+7	5.198397E+3	-1.598167E+0	2.138535E-4 	4.162262E+0	4.159145E+0
120.0   	149     	3.902192E+0	4.430619E-4	2.78E+1    	120.00    	13982.52	22.9 	32.5 	3.898642E+0	1.878835E-7 	2.040230E+7	2.291288E+3	-1.600960E+0	1.200000E-4 	3.902192E+0	3.898642E+0
120.0   	150     	3.896973E+0	1.036910E-3	2.87E+1    	120.00    	13985.10	22.9 	32.5 	3.893475E+0	1.064441E-6 	2.042950E+7	5.424942E+3	-1.600760E+0	2.645751E-5 	3.896973E+0	3.893475E+0
120.0   	151     	3.900383E+0	1.038603E-3	2.83E+1    	120.00    	13987.68	22.9 	32.5 	3.897075E+0	1.164982E-6 	2.041113E+7	5.524793E+3	-1.599913E+0	8.207517E-4 	3.900383E+0	3.897075E+0
120.0   	152     	3.901920E+0	9.274070E-4	2.52E+1    	120.00    	13990.30	22.9 	32.5 	3.898608E+0	8.641418E-7 	2.040310E+7	4.856954E+3	-1.599933E+0	5.859465E-5 	3.901920E+0	3.898608E+0
120.0   	153     	3.899554E+0	1.655789E-3	2.76E+1    	120.00    	13992.83	22.9 	32.5 	3.896135E+0	2.721662E-6 	2.041577E+7	8.655827E+3	-1.600410E+0	9.165151E-5 	3.899554E+0	3.896135E+0
120.0   	154     	3.902525E+0	1.840510E-3	2.83E+1    	120.00    	13995.42	22.9 	32.5 	3.899253E+0	3.540919E-6 	2.039983E+7	9.728994E+3	-1.599753E+0	4.652240E-4 	3.902525E+0	3.899253E+0
120.0   	155     	3.899262E+0	1.142958E-3	3.35E+1    	120.00    	13997.98	22.9 	32.5 	3.895829E+0	1.209493E-6 	2.041733E+7	5.873103E+3	-1.600470E+0	1.997498E-4 	3.899262E+0	3.895829E+0
120.0   	156     	3.901011E+0	1.609349E-3	2.71E+1    	120.00    	14000.53	22.9 	32.5 	3.896411E+0	2.635415E-6 	2.041123E+7	8.458329E+3	-1.605143E+0	2.722744E-4 	3.901011E+0	3.896411E+0
120.0   	157     	3.881209E+0	2.203347E-2	2.71E+1    	120.00    	14003.11	22.9 	32.5 	3.877870E+0	4.776459E-4 	2.051253E+7	1.164037E+5	-1.600120E+0	7.163100E-4 	3.881209E+0	3.877870E+0
120.0   	158     	3.899239E+0	1.785960E-3	2.80E+1    	120.00    	14005.68	22.9 	32.5 	3.895928E+0	3.425237E-6 	2.041713E+7	9.526979E+3	-1.599940E+0	2.959730E-4 	3.899239E+0	3.895928E+0
120.0   	159     	3.899612E+0	8.688026E-4	2.87E+1    	120.00    	14008.26	22.9 	32.5 	3.896038E+0	8.832897E-7 	2.041587E+7	4.735328E+3	-1.601073E+0	3.442867E-4 	3.899612E+0	3.896038E+0
120.0   	160     	4.112319E+0	7.311525E-4	2.73E+1    	120.00    	14010.85	22.9 	32.5 	4.109005E+0	5.120535E-7 	1.935880E+7	3.404409E+3	-1.599187E+0	2.236813E-4 	4.112319E+0	4.109005E+0
120.0   	161     	1.882565E+0	8.646740E-4	2.53E+1    	120.00    	14013.40	22.9 	32.5 	1.882094E+0	8.053484E-7 	4.227607E+7	1.977583E+4	-1.586587E+0	9.963099E-4 	1.882565E+0	1.882094E+0
120.0   	162     	4.268845E+0	2.422058E-3	2.62E+1    	120.00    	14015.98	22.9 	32.5 	4.259087E+0	6.432391E-6 	1.866280E+7	1.084481E+4	-1.618623E+0	5.686241E-4 	4.268845E+0	4.259087E+0
120.0   	163     	4.164299E+0	9.593842E-4	2.69E+1    	120.00    	14018.55	22.9 	32.5 	4.161069E+0	8.581973E-7 	1.911687E+7	4.324735E+3	-1.598647E+0	4.235957E-4 	4.164299E+0	4.161069E+0
120.0   	164     	5.797457E-1	1.584659E-3	2.57E+1    	120.00    	14021.12	22.9 	32.5 	5.431802E-1	6.402775E-7 	1.418080E+8	2.981258E+5	-1.824643E+0	2.441359E-3 	5.797457E-1	5.431802E-1
120.0   	165     	4.160966E+0	1.040053E-3	2.74E+1    	120.00    	14023.69	22.9 	32.5 	4.157890E+0	1.030144E-6 	1.913183E+7	4.724757E+3	-1.597987E+0	2.182506E-4 	4.160966E+0	4.157890E+0
120.0   	166     	3.900376E+0	2.338678E-4	2.84E+1    	120.00    	14026.27	22.9 	32.5 	3.897082E+0	5.401613E-8 	2.041113E+7	1.209683E+3	-1.599860E+0	2.749545E-4 	3.900376E+0	3.897082E+0
120.0   	167     	3.900299E+0	1.617184E-3	2.60E+1    	120.00    	14028.84	22.9 	32.5 	3.896982E+0	2.567682E-6 	2.041160E+7	8.428523E+3	-1.599963E+0	9.712535E-5 	3.900299E+0	3.896982E+0
120.0   	168     	3.899031E+0	2.922956E-4	2.66E+1    	120.00    	14031.43	22.9 	32.5 	3.895589E+0	8.530050E-8 	2.041857E+7	1.530795E+3	-1.600513E+0	1.527525E-5 	3.899031E+0	3.895589E+0
120.0   	169     	3.899168E+0	1.943437E-4	2.66E+1    	120.00    	14034.02	22.9 	32.5 	3.895757E+0	3.618918E-8 	2.041777E+7	1.001665E+3	-1.600380E+0	1.777639E-4 	3.899168E+0	3.895757E+0
120.0   	170     	3.899806E+0	5.034975E-4	2.77E+1    	120.00    	14036.61	22.9 	32.5 	3.896557E+0	2.482812E-7 	2.041400E+7	2.622975E+3	-1.599663E+0	5.131601E-5 	3.899806E+0	3.896557E+0
120.0   	171     	3.899953E+0	7.139393E-4	2.96E+1    	120.00    	14039.14	22.9 	32.5 	3.896665E+0	6.061369E-7 	2.041333E+7	3.906832E+3	-1.599837E+0	3.178574E-4 	3.899953E+0	3.896665E+0
120.0   	172     	3.898641E+0	1.260558E-3	3.32E+1    	120.00    	14041.70	22.9 	32.5 	3.895190E+0	1.454626E-6 	2.042063E+7	6.460908E+3	-1.600550E+0	2.800000E-4 	3.898641E+0	3.895190E+0
120.0   	173     	3.895323E+0	1.312638E-3	3.05E+1    	120.00    	14044.27	22.9 	32.5 	3.891720E+0	1.778416E-6 	2.043843E+7	6.942862E+3	-1.601213E+0	2.396525E-4 	3.895323E+0	3.891720E+0
120.0   	174     	3.900302E+0	3.683409E-5	3.03E+1    	120.00    	14046.84	22.9 	32.5 	3.896940E+0	4.370743E-9 	2.041170E+7	2.645751E+2	-1.600160E+0	1.539480E-4 	3.900302E+0	3.896940E+0
120.0   	175     	3.900513E+0	1.531521E-3	2.75E+1    	120.00    	14049.43	22.9 	32.5 	3.897175E+0	2.238633E-6 	2.041053E+7	7.925486E+3	-1.600057E+0	1.501111E-4 	3.900513E+0	3.897175E+0
120.0   	176     	4.113616E+0	1.161276E-3	2.88E+1    	120.00    	14052.00	22.9 	32.5 	4.110370E+0	1.500240E-6 	1.935253E+7	5.614564E+3	-1.598890E+0	3.616628E-4 	4.113616E+0	4.110370E+0
120.0   	177     	4.478602E+0	3.109792E-3	2.82E+1    	120.00    	14054.58	22.9 	32.5 	4.469147E+0	1.137493E-5 	1.778717E+7	1.288190E+4	-1.616757E+0	6.595706E-4 	4.478602E+0	4.469147E+0
120.0   	178     	2.143748E+0	7.598263E-2	2.62E+1    	120.00    	14057.16	22.9 	32.5 	1.599375E+0	2.222022E-3 	4.300600E+7	1.370735E+6	-1.042793E+0	5.035924E-3 	2.143748E+0	1.599375E+0
120.0   	179     	4.091639E+0	1.023239E-3	2.68E+1    	120.00    	14059.70	22.9 	32.5 	4.082539E+0	1.038916E-6 	1.947047E+7	4.864497E+3	-1.617973E+0	1.154701E-5 	4.091639E+0	4.082539E+0
120.0   	180     	4.158274E+0	1.886002E-3	3.39E+1    	120.00    	14062.27	22.9 	32.5 	4.155817E+0	3.537635E-6 	1.914280E+7	8.671217E+3	-1.595107E+0	1.101514E-4 	4.158274E+0	4.155817E+0
120.0   	181     	3.902796E+0	1.599127E-3	2.53E+1    	120.00    	14064.86	22.9 	32.5 	3.899530E+0	2.404012E-6 	2.039840E+7	8.231039E+3	-1.599727E+0	3.292922E-4 	3.902796E+0	3.899530E+0
120.0   	182     	3.898162E+0	4.426196E-4	2.62E+1    	120.00    	14067.44	22.9 	32.5 	3.894727E+0	1.735411E-7 	2.042310E+7	2.251666E+3	-1.600487E+0	1.123981E-4 	3.898162E+0	3.894727E+0
120.0   	183     	3.900170E+0	5.504129E-4	2.61E+1    	120.00    	14070.01	22.9 	32.5 	3.896957E+0	2.525124E-7 	2.041200E+7	2.751363E+3	-1.599500E+0	3.538361E-4 	3.900170E+0	3.896957E+0
120.0   	184     	3.896631E+0	1.227255E-3	2.70E+1    	120.00    	14072.58	22.9 	32.5 	3.893195E+0	1.569698E-6 	2.043113E+7	6.505639E+3	-1.600497E+0	1.159023E-4 	3.896631E+0	3.893195E+0
120.0   	185     	3.896692E+0	2.728233E-4	3.04E+1    	120.00    	14075.13	22.9 	32.5 	3.893400E+0	1.182566E-7 	2.043043E+7	1.616581E+3	-1.599867E+0	3.280752E-4 	3.896692E+0	3.893400E+0
120.0   	186     	3.900490E+0	2.896893E-3	2.70E+1    	120.00    	14077.73	22.9 	32.5 	3.897340E+0	7.647431E-6 	2.041017E+7	1.482442E+4	-1.599213E+0	5.953430E-4 	3.900490E+0	3.897340E+0
120.0   	187     	3.902089E+0	7.971320E-4	2.87E+1    	120.00    	14080.27	22.9 	32.5 	3.898923E+0	5.403176E-7 	2.040183E+7	4.006661E+3	-1.599283E+0	2.764658E-4 	3.902089E+0	3.898923E+0
120.0   	188     	3.896220E+0	4.617202E-4	2.96E+1    	120.00    	14082.84	22.9 	32.5 	3.892780E+0	1.818855E-7 	2.043330E+7	2.325941E+3	-1.600513E+0	2.709859E-4 	3.896220E+0	3.892780E+0
120.0   	189     	3.899341E+0	3.393197E-4	2.67E+1    	120.00    	14085.41	22.9 	32.5 	3.896144E+0	1.366176E-7 	2.041630E+7	1.852026E+3	-1.599433E+0	2.665208E-4 	3.899341E+0	3.896144E+0
120.0   	190     	3.897627E+0	1.792420E-3	2.56E+1    	120.00    	14087.99	22.9 	32.5 	3.894373E+0	3.512633E-6 	2.042543E+7	9.603298E+3	-1.599690E+0	6.860758E-4 	3.897627E+0	3.894373E+0
120.0   	191     	3.895449E+0	7.478083E-4	2.70E+1    	120.00    	14090.58	22.9 	32.5 	3.891975E+0	5.625592E-7 	2.043743E+7	3.925982E+3	-1.600663E+0	3.102150E-4 	3.895449E+0	3.891975E+0
120.0   	192     	4.111661E+0	9.859935E-4	2.69E+1    	120.00    	14093.16	22.9 	32.5 	4.108417E+0	9.852391E-7 	1.936173E+7	4.657610E+3	-1.598887E+0	2.650157E-4 	4.111661E+0	4.108417E+0
120.0   	193     	4.116862E+0	1.510610E-3	2.82E+1    	120.00    	14095.70	22.9 	32.5 	4.113773E+0	2.206725E-6 	1.933690E+7	7.037755E+3	-1.598190E+0	1.311488E-4 	4.116862E+0	4.113773E+0
120.0   	194     	4.086628E+0	2.034421E-3	2.85E+1    	120.00    	14098.27	22.9 	32.5 	4.077515E+0	4.330097E-6 	1.949440E+7	9.813766E+3	-1.618033E+0	5.547372E-4 	4.086628E+0	4.077515E+0
120.0   	195     	4.116132E+0	1.183371E-3	2.89E+1    	120.00    	14100.84	22.9 	32.5 	4.112928E+0	1.202006E-6 	1.934060E+7	5.356305E+3	-1.598700E+0	4.504442E-4 	4.116132E+0	4.112928E+0
120.0   	196     	3.902981E+0	5.112706E-4	2.85E+1    	120.00    	14103.43	22.9 	32.5 	3.899702E+0	1.549843E-7 	2.039747E+7	2.362908E+3	-1.599783E+0	5.472050E-4 	3.902981E+0	3.899702E+0
120.0   	197     	3.898068E+0	1.426661E-3	2.52E+1    	120.00    	14106.00	22.9 	32.5 	3.894682E+0	1.975179E-6 	2.042347E+7	7.420467E+3	-1.600277E+0	1.457166E-4 	3.898068E+0	3.894682E+0
120.0   	198     	3.901155E+0	9.229622E-4	2.42E+1    	120.00    	14108.58	22.9 	32.5 	3.897998E+0	9.069715E-7 	2.040670E+7	4.903060E+3	-1.599247E+0	3.547299E-4 	3.901155E+0	3.897998E+0
120.0   	199     	3.900319E+0	1.084986E-3	2.62E+1    	120.00    	14111.15	22.9 	32.5 	3.897075E+0	1.071583E-6 	2.041130E+7	5.548874E+3	-1.599640E+0	2.455606E-4 	3.900319E+0	3.897075E+0
120.0   	200     	3.896754E+0	5.495829E-4	3.36E+1    	120.00    	14113.71	22.9 	32.5 	3.893605E+0	2.839395E-7 	2.042973E+7	2.836077E+3	-1.599227E+0	2.274496E-4 	3.896754E+0	3.893605E+0
120.0   	201     	3.898739E+0	1.439393E-3	2.58E+1    	120.00    	14116.30	22.9 	32.5 	3.895499E+0	1.861440E-6 	2.041957E+7	7.344613E+3	-1.599627E+0	3.370954E-4 	3.898739E+0	3.895499E+0
120.0   	202     	3.900236E+0	1.903164E-3	2.72E+1    	120.00    	14118.87	22.9 	32.5 	3.897121E+0	3.866670E-6 	2.041140E+7	1.012373E+4	-1.599057E+0	5.674798E-4 	3.900236E+0	3.897121E+0
120.0   	203     	3.897253E+0	1.372377E-3	2.75E+1    	120.00    	14121.45	22.9 	32.5 	3.893958E+0	2.006745E-6 	2.042750E+7	7.312318E+3	-1.599877E+0	2.569695E-4 	3.897253E+0	3.893958E+0
120.0   	204     	3.895644E+0	1.666251E-3	3.34E+1    	120.00    	14124.00	22.9 	32.5 	3.892352E+0	2.853035E-6 	2.043593E+7	8.805869E+3	-1.599870E+0	2.343075E-4 	3.895644E+0	3.892352E+0
120.0   	205     	3.898874E+0	4.651935E-4	3.03E+1    	120.00    	14126.61	22.9 	32.5 	3.895465E+0	2.857950E-7 	2.041930E+7	2.600000E+3	-1.600367E+0	6.007773E-4 	3.898874E+0	3.895465E+0
120.0   	206     	4.118005E+0	1.278349E-3	3.27E+1    	120.00    	14129.16	22.9 	32.5 	4.114602E+0	1.610810E-6 	1.933227E+7	5.981081E+3	-1.599547E+0	1.616581E-4 	4.118005E+0	4.114602E+0
120.0   	207     	3.900736E+0	1.029269E-3	3.09E+1    	120.00    	14131.73	22.9 	32.5 	3.897461E+0	1.046266E-6 	2.040920E+7	5.369358E+3	-1.599773E+0	1.724336E-4 	3.900736E+0	3.897461E+0
120.0   	208     	4.113455E+0	5.984952E-4	3.27E+1    	120.00    	14134.30	22.9 	32.5 	4.110445E+0	3.795530E-7 	1.935273E+7	2.857155E+3	-1.597850E+0	1.708801E-4 	4.113455E+0	4.110445E+0
120.0   	209     	4.114435E+0	1.321165E-3	3.27E+1    	120.00    	14136.88	22.9 	32.5 	4.111591E+0	1.677525E-6 	1.934773E+7	6.153319E+3	-1.597087E+0	2.272297E-4 	4.114435E+0	4.111591E+0
120.0   	210     	4.109212E+0	1.519016E-3	2.68E+1    	120.00    	14139.47	22.9 	32.5 	4.106044E+0	2.457489E-6 	1.937310E+7	7.277362E+3	-1.598563E+0	2.203028E-4 	4.109212E+0	4.106044E+0
120.0   	211     	1.198530E+0	1.366117E-3	2.98E+1    	120.00    	14142.05	22.9 	32.5 	1.191987E+0	1.579492E-6 	6.657793E+7	7.298934E+4	-1.644743E+0	7.708653E-4 	1.198530E+0	1.191987E+0
120.0   	212     	4.112190E+0	1.330842E-3	3.22E+1    	120.00    	14144.60	22.9 	32.5 	4.109176E+0	2.008634E-6 	1.935870E+7	6.471476E+3	-1.597870E+0	4.303487E-4 	4.112190E+0	4.109176E+0
120.0   	213     	3.899598E+0	1.167139E-3	2.73E+1    	120.00    	14147.20	22.9 	32.5 	3.896499E+0	1.354180E-6 	2.041470E+7	6.102459E+3	-1.598990E+0	2.645751E-5 	3.899598E+0	3.896499E+0
120.0   	214     	3.900175E+0	1.046946E-3	3.01E+1    	120.00    	14149.74	22.9 	32.5 	3.896724E+0	1.060208E-6 	2.041260E+7	5.436911E+3	-1.600547E+0	1.101514E-4 	3.900175E+0	3.896724E+0
120.0   	215     	4.002739E+0	3.509034E-3	2.57E+1    	120.00    	14152.33	22.9 	32.5 	3.991059E+0	1.185477E-5 	1.990983E+7	1.731252E+4	-1.624840E+0	5.909315E-4 	4.002739E+0	3.991059E+0
120.0   	216     	3.900853E+0	1.856009E-3	2.67E+1    	120.00    	14154.92	22.9 	32.5 	3.897752E+0	3.557741E-6 	2.040813E+7	9.790472E+3	-1.598993E+0	1.761628E-4 	3.900853E+0	3.897752E+0
120.0   	217     	3.899613E+0	1.949392E-3	2.92E+1    	120.00    	14157.49	22.9 	32.5 	3.896522E+0	3.726722E-6 	2.041460E+7	1.015726E+4	-1.598953E+0	2.742870E-4 	3.899613E+0	3.896522E+0
120.0   	218     	3.899159E+0	1.386111E-3	3.50E+1    	120.00    	14160.04	22.9 	32.5 	3.895907E+0	1.719636E-6 	2.041740E+7	7.063285E+3	-1.599677E+0	4.479211E-4 	3.899159E+0	3.895907E+0
120.0   	219     	4.108277E+0	1.238200E-3	2.67E+1    	120.00    	14162.64	22.9 	32.5 	4.104604E+0	1.529289E-6 	1.937870E+7	5.838664E+3	-1.600700E+0	7.211103E-5 	4.108277E+0	4.104604E+0
120.0   	220     	3.903426E+0	4.524154E-4	2.95E+1    	120.00    	14165.20	22.9 	32.5 	3.900378E+0	2.177688E-7 	2.039453E+7	2.400694E+3	-1.598743E+0	1.501111E-4 	3.903426E+0	3.900378E+0
120.0   	221     	4.117194E+0	9.721851E-4	2.82E+1    	120.00    	14167.78	22.9 	32.5 	4.113796E+0	7.165296E-7 	1.933607E+7	4.271222E+3	-1.599523E+0	5.653612E-4 	4.117194E+0	4.113796E+0
120.0   	222     	1.092382E+0	9.812945E-4	2.53E+1    	120.00    	14170.36	22.9 	32.5 	1.092046E+0	7.943157E-7 	7.285893E+7	6.236668E+4	-1.588127E+0	3.287709E-3 	1.092382E+0	1.092046E+0
120.0   	223     	4.114984E+0	8.177267E-4	2.78E+1    	120.00    	14172.94	22.9 	32.5 	4.111553E+0	7.866757E-7 	1.934653E+7	4.007909E+3	-1.599673E+0	3.271595E-4 	4.114984E+0	4.111553E+0
120.0   	224     	4.111312E+0	1.497443E-3	3.09E+1    	120.00    	14175.48	22.9 	32.5 	4.108229E+0	2.399012E-6 	1.936300E+7	7.175653E+3	-1.598180E+0	2.381176E-4 	4.111312E+0	4.108229E+0
120.0   	225     	4.113076E+0	2.523954E-4	2.59E+1    	120.00    	14178.08	22.9 	32.5 	4.110032E+0	5.815465E-8 	1.935460E+7	1.135782E+3	-1.598000E+0	4.650806E-4 	4.113076E+0	4.110032E+0
120.0   	226     	3.903587E+0	1.754443E-3	2.88E+1    	120.00    	14180.65	22.9 	32.5 	3.900308E+0	3.041545E-6 	2.039430E+7	9.141116E+3	-1.599780E+0	2.163331E-4 	3.903587E+0	3.900308E+0
120.0   	227     	4.111254E+0	8.935600E-4	2.90E+1    	120.00    	14183.23	22.9 	32.5 	4.108174E+0	9.131793E-7 	1.936327E+7	4.355839E+3	-1.598170E+0	2.821347E-4 	4.111254E+0	4.108174E+0
120.0   	228     	3.904697E+0	1.211216E-3	3.35E+1    	120.00    	14185.79	22.9 	32.5 	3.901597E+0	1.532741E-6 	2.038803E+7	6.397135E+3	-1.598977E+0	1.960442E-4 	3.904697E+0	3.901597E+0
120.0   	229     	4.137196E+0	9.380933E-4	3.34E+1    	120.00    	14188.35	22.9 	32.5 	4.132771E+0	8.136016E-7 	1.924493E+7	4.277071E+3	-1.603503E+0	3.601851E-4 	4.137196E+0	4.132771E+0
120.0   	230     	3.993253E+0	1.253371E-3	2.90E+1    	120.00    	14190.95	22.9 	32.5 	3.981995E+0	1.400806E-6 	1.995613E+7	6.096174E+3	-1.623917E+0	1.680278E-4 	3.993253E+0	3.981995E+0
120.0   	231     	3.399833E+0	2.541402E-3	2.66E+1    	120.00    	14193.47	22.9 	32.5 	2.950019E+0	1.983601E-5 	2.512750E+7	2.820018E+4	-1.198520E+0	1.028251E-3 	3.399833E+0	2.950019E+0
120.0   	232     	3.983439E+0	1.036729E-3	2.57E+1    	120.00    	14196.06	22.9 	32.5 	3.972446E+0	9.610114E-7 	2.000470E+7	5.071489E+3	-1.623353E+0	1.527525E-4 	3.983439E+0	3.972446E+0
120.0   	233     	3.898597E+0	1.417210E-3	2.64E+1    	120.00    	14198.63	22.9 	32.5 	3.895488E+0	1.828481E-6 	2.041997E+7	7.252816E+3	-1.599037E+0	4.970245E-4 	3.898597E+0	3.895488E+0
120.0   	234     	4.108726E+0	1.107245E-3	2.61E+1    	120.00    	14201.21	22.9 	32.5 	4.105074E+0	1.262095E-6 	1.937653E+7	5.262446E+3	-1.600613E+0	9.865766E-5 	4.108726E+0	4.105074E+0
120.0   	235     	1.228108E+0	2.668235E-4	2.69E+1    	120.00    	14203.79	22.9 	32.5 	1.226520E+0	3.401490E-8 	6.483873E+7	1.188879E+4	-1.534847E+0	9.962095E-4 	1.228108E+0	1.226520E+0
120.0   	236     	4.105863E+0	2.857264E-4	2.85E+1    	120.00    	14206.37	22.9 	32.5 	4.102246E+0	5.394536E-8 	1.938997E+7	1.222020E+3	-1.600480E+0	2.443358E-4 	4.105863E+0	4.102246E+0
120.0   	237     	3.899365E+0	9.878647E-4	2.91E+1    	120.00    	14208.94	22.9 	32.5 	3.896171E+0	7.360760E-7 	2.041617E+7	4.833563E+3	-1.599417E+0	5.788206E-4 	3.899365E+0	3.896171E+0
120.0   	238     	4.118280E+0	6.304360E-4	2.83E+1    	120.00    	14211.52	22.9 	32.5 	4.114739E+0	3.605164E-7 	1.933130E+7	2.884441E+3	-1.600123E+0	3.365016E-4 	4.118280E+0	4.114739E+0
120.0   	239     	3.901103E+0	7.121530E-4	2.78E+1    	120.00    	14214.09	22.9 	32.5 	3.897935E+0	5.543570E-7 	2.040700E+7	3.811824E+3	-1.599297E+0	1.656301E-4 	3.901103E+0	3.897935E+0
120.0   	240     	4.114183E+0	1.531136E-4	2.79E+1    	120.00    	14216.63	22.9 	32.5 	4.111163E+0	5.309342E-8 	1.934933E+7	9.018500E+2	-1.597893E+0	3.511885E-4 	4.114183E+0	4.111163E+0
120.0   	241     	4.333879E+0	7.507030E-4	2.48E+1    	120.00    	14219.21	22.9 	32.5 	4.331120E+0	4.382599E-7 	1.836757E+7	2.993883E+3	-1.596027E+0	4.355839E-4 	4.333879E+0	4.331120E+0
120.0   	242     	4.123541E+0	1.371762E-3	2.92E+1    	120.00    	14221.78	22.9 	32.5 	4.120538E+0	1.861208E-6 	1.930537E+7	6.406507E+3	-1.597787E+0	1.289703E-4 	4.123541E+0	4.120538E+0
120.0   	243     	4.116652E+0	1.564036E-3	2.50E+1    	120.00    	14224.37	22.9 	32.5 	4.113756E+0	2.252533E-6 	1.933743E+7	7.200926E+3	-1.597323E+0	2.902298E-4 	4.116652E+0	4.113756E+0
120.0   	244     	4.350997E+0	8.839484E-4	2.69E+1    	120.00    	14226.94	22.9 	32.5 	4.346772E+0	9.188748E-7 	1.829837E+7	3.875994E+3	-1.601960E+0	2.800000E-4 	4.350997E+0	4.346772E+0
120.0   	245     	1.252338E+0	1.612661E-3	3.40E+1    	120.00    	14229.49	22.9 	32.5 	1.224026E+0	7.553361E-7 	6.427387E+7	5.567202E+4	-1.419900E+0	3.804681E-3 	1.252338E+0	1.224026E+0
120.0   	246     	4.353598E+0	2.243445E-3	2.67E+1    	120.00    	14232.07	22.9 	32.5 	4.349389E+0	4.957101E-6 	1.828740E+7	9.387225E+3	-1.601893E+0	3.906832E-4 	4.353598E+0	4.349389E+0
120.0   	247     	4.213861E+0	1.633938E-3	2.91E+1    	120.00    	14234.64	22.9 	32.5 	4.204265E+0	2.402409E-6 	1.890623E+7	7.145162E+3	-1.618533E+0	3.323151E-4 	4.213861E+0	4.204265E+0
120.0   	248     	4.116410E+0	2.012705E-3	2.87E+1    	120.00    	14237.23	22.9 	32.5 	4.113530E+0	3.925653E-6 	1.933853E+7	9.382075E+3	-1.597250E+0	2.116601E-4 	4.116410E+0	4.113530E+0
120.0   	249     	4.110612E+0	3.321978E-4	2.60E+1    	120.00    	14239.80	22.9 	32.5 	4.107570E+0	1.534392E-7 	1.936620E+7	1.705872E+3	-1.598003E+0	2.683903E-4 	4.110612E+0	4.107570E+0
120.0   	250     	4.121934E+0	1.190824E-3	2.72E+1    	120.00    	14242.37	22.9 	32.5 	4.119113E+0	1.541773E-6 	1.931247E+7	5.701169E+3	-1.596960E+0	2.600000E-4 	4.121934E+0	4.119113E+0
120.0   	251     	4.325765E+0	1.170758E-3	2.79E+1    	120.00    	14244.95	22.9 	32.5 	4.322520E+0	1.352996E-6 	1.840307E+7	4.965212E+3	-1.598190E+0	2.685144E-4 	4.325765E+0	4.322520E+0
120.0   	252     	4.114682E+0	2.133325E-3	2.89E+1    	120.00    	14247.49	22.9 	32.5 	4.111685E+0	4.501507E-6 	1.934693E+7	1.000716E+4	-1.597787E+0	2.413158E-4 	4.114682E+0	4.111685E+0
120.0   	253     	4.108450E+0	9.595537E-4	2.78E+1    	120.00    	14250.08	22.9 	32.5 	4.105377E+0	9.017085E-7 	1.937647E+7	4.500370E+3	-1.598147E+0	3.292922E-4 	4.108450E+0	4.105377E+0
120.0   	254     	4.110081E+0	1.062308E-3	2.63E+1    	120.00    	14252.65	22.9 	32.5 	4.107167E+0	1.114024E-6 	1.936840E+7	4.986983E+3	-1.597423E+0	4.308519E-4 	4.110081E+0	4.107167E+0
120.0   	255     	4.115592E+0	6.404046E-4	3.36E+1    	120.00    	14255.21	22.9 	32.5 	4.112575E+0	4.324063E-7 	1.934270E+7	3.051229E+3	-1.597873E+0	8.504901E-5 	4.115592E+0	4.112575E+0
120.0   	256     	4.331399E+0	4.712900E-4	2.84E+1    	120.00    	14257.81	22.9 	32.5 	4.329435E+0	2.236581E-7 	1.837640E+7	2.000000E+3	-1.592087E+0	3.003886E-4 	4.331399E+0	4.329435E+0
120.0   	257     	5.637673E+0	2.120969E-3	2.79E+1    	120.00    	14260.35	22.9 	32.5 	5.635708E+0	4.510680E-6 	1.411777E+7	5.316327E+3	-1.589463E+0	4.725816E-5 	5.637673E+0	5.635708E+0
120.0   	258     	8.097334E+0	1.687837E-3	2.76E+1    	120.00    	14262.94	22.9 	32.5 	8.096379E+0	2.887289E-6 	9.828193E+6	2.055489E+3	-1.581653E+0	2.836077E-4 	8.097334E+0	8.096379E+0
120.0   	259     	1.125462E+1	9.396011E-4	2.92E+1    	120.00    	14265.52	22.9 	32.5 	1.125433E+1	8.780404E-7 	7.070740E+6	5.894913E+2	-1.575903E+0	2.309401E-5 	1.125462E+1	1.125433E+1
120.0   	260     	2.370523E+1	5.318269E-4	3.38E+1    	120.00    	14268.07	22.9 	32.5 	2.370436E+1	2.856439E-7 	3.357020E+6	7.549834E+1	-1.564763E+0	3.785939E-5 	2.370523E+1	2.370436E+1
120.0   	261     	2.821312E+1	8.060197E-4	3.06E+1    	120.00    	14270.64	22.9 	32.5 	2.821106E+1	6.576441E-7 	2.820687E+6	8.082904E+1	-1.562243E+0	3.511885E-5 	2.821312E+1	2.821106E+1
120.0   	262     	3.431619E+1	1.648462E-3	2.79E+1    	120.00    	14273.23	22.9 	32.5 	3.431160E+1	2.639197E-6 	2.319103E+6	1.106044E+2	-1.559230E+0	3.000000E-5 	3.431619E+1	3.431160E+1
120.0   	263     	5.030496E+1	4.871166E-4	2.70E+1    	120.00    	14275.81	22.9 	32.5 	5.028680E+1	2.350942E-7 	1.582187E+6	1.527525E+1	-1.551793E+0	2.081666E-5 	5.030496E+1	5.028680E+1
120.0   	264     	1.102603E+2	1.298216E-3	2.56E+1    	120.00    	14278.39	22.9 	32.5 	1.100476E+2	1.723078E-6 	7.224210E+5	8.544004E+0	-1.526860E+0	1.732051E-5 	1.102603E+2	1.100476E+2
140.0   	1       	4.346347E+0	2.640819E-4	8.15E+1    	140.00    	14312.82	22.9 	32.5 	4.343443E+0	9.362552E-8 	1.831517E+7	1.201388E+3	-1.596647E+0	1.913984E-4 	4.346347E+0	4.343443E+0
140.0   	2       	4.428167E+0	6.847011E-4	2.68E+1    	140.00    	14315.11	22.9 	32.5 	4.425694E+0	4.803504E-7 	1.797577E+7	2.797022E+3	-1.594430E+0	5.291503E-5 	4.428167E+0	4.425694E+0
140.0   	3       	5.829884E-1	7.981000E-4	2.65E+1    	140.00    	14317.72	22.9 	32.5 	5.413035E-1	2.234590E-7 	1.416577E+8	1.298165E+5	-1.841480E+0	2.489337E-3 	5.829884E-1	5.413035E-1
140.0   	4       	4.658587E+0	7.576295E-4	2.88E+1    	140.00    	14320.30	22.9 	32.5 	4.655583E+0	5.806593E-7 	1.708740E+7	2.787472E+3	-1.596193E+0	1.401190E-4 	4.658587E+0	4.655583E+0
140.0   	5       	1.163366E+0	2.045280E-3	2.84E+1    	140.00    	14322.90	22.9 	32.5 	1.160962E+0	4.693100E-6 	6.847370E+7	1.239680E+5	-1.616260E+0	1.235759E-3 	1.163366E+0	1.160962E+0
140.0   	6       	4.381955E+0	1.199172E-3	2.59E+1    	140.00    	14325.47	22.9 	32.5 	4.378595E+0	1.456630E-6 	1.816723E+7	4.989322E+3	-1.598490E+0	2.000000E-4 	4.381955E+0	4.378595E+0
140.0   	7       	4.119612E+0	1.848328E-3	3.32E+1    	140.00    	14328.02	22.9 	32.5 	4.116404E+0	3.401634E-6 	1.932427E+7	8.663910E+3	-1.598703E+0	1.962991E-4 	4.119612E+0	4.116404E+0
140.0   	8       	4.129732E+0	1.263761E-3	2.89E+1    	140.00    	14330.61	22.9 	32.5 	4.126707E+0	1.438421E-6 	1.927647E+7	5.750072E+3	-1.597863E+0	2.837840E-4 	4.129732E+0	4.126707E+0
140.0   	9       	4.121939E+0	2.147160E-3	2.94E+1    	140.00    	14333.19	22.9 	32.5 	4.118712E+0	4.966187E-6 	1.931340E+7	1.025037E+4	-1.598777E+0	5.020292E-4 	4.121939E+0	4.118712E+0
140.0   	10      	4.416241E+0	4.139947E-3	3.15E+1    	140.00    	14335.74	22.9 	32.5 	4.401486E+0	1.647615E-5 	1.804947E+7	1.677270E+4	-1.628630E+0	2.260531E-4 	4.416241E+0	4.401486E+0
140.0   	11      	3.776067E+0	2.057045E-2	3.00E+1    	140.00    	14338.34	22.9 	32.5 	3.279982E+0	1.212345E-3 	2.261280E+7	1.823724E+5	-1.199900E+0	6.661291E-3 	3.776067E+0	3.279982E+0
140.0   	12      	1.892668E+0	1.091823E-3	3.24E+1    	140.00    	14340.89	22.9 	32.5 	1.892164E+0	1.209487E-6 	4.205073E+7	2.434550E+4	-1.554480E+0	1.734935E-4 	1.892668E+0	1.892164E+0
140.0   	13      	4.313909E+0	2.242616E-3	3.13E+1    	140.00    	14343.46	22.9 	32.5 	4.309651E+0	5.022107E-6 	1.845583E+7	9.592879E+3	-1.602217E+0	4.041452E-5 	4.313909E+0	4.309651E+0
140.0   	14      	4.109908E+0	1.195038E-3	2.65E+1    	140.00    	14346.06	22.9 	32.5 	4.106718E+0	1.301131E-6 	1.936987E+7	5.501212E+3	-1.598657E+0	4.614470E-4 	4.109908E+0	4.106718E+0
140.0   	15      	4.126905E+0	1.155051E-3	2.99E+1    	140.00    	14348.64	22.9 	32.5 	4.123556E+0	1.170261E-6 	1.929043E+7	5.229085E+3	-1.599283E+0	3.200521E-4 	4.126905E+0	4.123556E+0
140.0   	16      	4.344525E+0	5.954168E-4	2.85E+1    	140.00    	14351.22	22.9 	32.5 	4.341630E+0	3.425082E-7 	1.832283E+7	2.490649E+3	-1.596613E+0	5.507571E-5 	4.344525E+0	4.341630E+0
140.0   	17      	4.131290E+0	1.897541E-3	2.87E+1    	140.00    	14353.76	22.9 	32.5 	4.128020E+0	3.253357E-6 	1.926977E+7	8.632690E+3	-1.598930E+0	4.222558E-4 	4.131290E+0	4.128020E+0
140.0   	18      	3.914052E+0	1.745151E-3	2.69E+1    	140.00    	14356.34	22.9 	32.5 	3.910369E+0	3.081758E-6 	2.034080E+7	9.100000E+3	-1.601477E+0	1.582193E-4 	3.914052E+0	3.910369E+0
140.0   	19      	4.191183E+0	1.437134E-3	2.77E+1    	140.00    	14358.91	22.9 	32.5 	4.189348E+0	1.886952E-6 	1.899103E+7	6.368935E+3	-1.591720E+0	3.893584E-4 	4.191183E+0	4.189348E+0
140.0   	20      	3.909237E+0	1.239929E-3	2.76E+1    	140.00    	14361.49	22.9 	32.5 	3.905540E+0	1.434867E-6 	2.036590E+7	6.350591E+3	-1.601553E+0	3.253204E-4 	3.909237E+0	3.905540E+0
140.0   	21      	4.141574E+0	6.954119E-4	2.88E+1    	140.00    	14364.06	22.9 	32.5 	4.137714E+0	5.458555E-7 	1.922327E+7	3.326159E+3	-1.601327E+0	3.178574E-4 	4.141574E+0	4.137714E+0
140.0   	22      	3.907512E+0	6.760399E-4	2.83E+1    	140.00    	14366.64	22.9 	32.5 	3.903903E+0	3.854455E-7 	2.037467E+7	3.382800E+3	-1.601190E+0	2.338803E-4 	3.907512E+0	3.903903E+0
140.0   	23      	3.902146E+0	1.316557E-3	3.36E+1    	140.00    	14369.19	22.9 	32.5 	3.898651E+0	1.784311E-6 	2.040240E+7	6.934695E+3	-1.600727E+0	3.308071E-4 	3.902146E+0	3.898651E+0
140.0   	24      	3.901317E+0	2.513583E-3	3.04E+1    	140.00    	14371.76	22.9 	32.5 	3.897659E+0	6.098132E-6 	2.040717E+7	1.304160E+4	-1.601423E+0	1.778576E-4 	3.901317E+0	3.897659E+0
140.0   	25      	4.113618E+0	1.804590E-3	2.97E+1    	140.00    	14374.36	22.9 	32.5 	4.104937E+0	2.816476E-6 	1.936533E+7	8.207517E+3	-1.616750E+0	3.421988E-4 	4.113618E+0	4.104937E+0
140.0   	26      	1.353006E+0	2.359423E-3	3.44E+1    	140.00    	14376.91	22.9 	32.5 	1.328241E+0	2.827632E-6 	5.936117E+7	8.924037E+4	-1.435100E+0	1.804106E-3 	1.353006E+0	1.328241E+0
140.0   	27      	4.179743E+0	1.210635E-2	2.89E+1    	140.00    	14379.50	22.9 	32.5 	4.164641E+0	1.321058E-4 	1.907343E+7	5.387099E+4	-1.630933E+0	1.134960E-3 	4.179743E+0	4.164641E+0
140.0   	28      	4.086341E+0	5.182627E-4	3.35E+1    	140.00    	14382.05	22.9 	32.5 	4.081470E+0	3.935373E-7 	1.948563E+7	2.731910E+3	-1.605327E+0	4.052571E-4 	4.086341E+0	4.081470E+0
140.0   	29      	3.897340E+0	1.797312E-3	2.76E+1    	140.00    	14384.66	22.9 	32.5 	3.893707E+0	3.319823E-6 	2.042793E+7	9.487536E+3	-1.601330E+0	1.562050E-4 	3.897340E+0	3.893707E+0
140.0   	30      	3.893591E+0	1.545508E-3	2.85E+1    	140.00    	14387.23	22.9 	32.5 	3.889962E+0	2.250179E-6 	2.044760E+7	8.001875E+3	-1.601327E+0	1.955335E-4 	3.893591E+0	3.889962E+0
140.0   	31      	3.903014E+0	5.525635E-4	3.22E+1    	140.00    	14389.79	22.9 	32.5 	3.899491E+0	3.427092E-7 	2.039793E+7	2.973774E+3	-1.600843E+0	2.042874E-4 	3.903014E+0	3.899491E+0
140.0   	32      	4.114577E+0	1.557961E-3	2.92E+1    	140.00    	14392.32	22.9 	32.5 	4.111407E+0	2.535019E-6 	1.934783E+7	7.409678E+3	-1.598557E+0	2.672702E-4 	4.114577E+0	4.111407E+0
140.0   	33      	4.117623E+0	5.179872E-4	2.66E+1    	140.00    	14394.91	22.9 	32.5 	4.114303E+0	1.857590E-7 	1.933387E+7	2.227854E+3	-1.599197E+0	3.837100E-4 	4.117623E+0	4.114303E+0
140.0   	34      	3.901386E+0	1.309696E-3	2.80E+1    	140.00    	14397.48	22.9 	32.5 	3.897920E+0	1.631102E-6 	2.040630E+7	6.766831E+3	-1.600603E+0	3.401960E-4 	3.901386E+0	3.897920E+0
140.0   	35      	3.898008E+0	1.171369E-3	2.71E+1    	140.00    	14400.05	22.9 	32.5 	3.894399E+0	1.519721E-6 	2.042437E+7	6.301058E+3	-1.601227E+0	2.836077E-4 	3.898008E+0	3.894399E+0
140.0   	36      	3.903048E+0	1.151390E-3	2.62E+1    	140.00    	14402.62	22.9 	32.5 	3.899520E+0	1.252941E-6 	2.039777E+7	5.934082E+3	-1.600863E+0	3.329164E-4 	3.903048E+0	3.899520E+0
140.0   	37      	4.034572E+0	7.811916E-4	3.02E+1    	140.00    	14405.21	22.9 	32.5 	4.022040E+0	6.913980E-7 	1.975460E+7	3.950949E+3	-1.626557E+0	1.847521E-4 	4.034572E+0	4.022040E+0
140.0   	38      	3.896299E+0	9.346941E-4	2.80E+1    	140.00    	14407.78	22.9 	32.5 	3.893501E+0	8.567721E-7 	2.043120E+7	4.877499E+3	-1.597597E+0	2.757414E-4 	3.896299E+0	3.893501E+0
140.0   	39      	3.901349E+0	6.897435E-4	3.30E+1    	140.00    	14410.33	22.9 	32.5 	3.897727E+0	5.182846E-7 	2.040690E+7	3.686462E+3	-1.601273E+0	2.227854E-4 	3.901349E+0	3.897727E+0
140.0   	40      	3.915787E+0	7.658749E-4	2.59E+1    	140.00    	14412.94	22.9 	32.5 	3.908866E+0	7.597841E-7 	2.034020E+7	4.256759E+3	-1.612847E+0	3.262412E-4 	3.915787E+0	3.908866E+0
140.0   	41      	3.791172E+0	1.717741E-3	2.74E+1    	140.00    	14415.51	22.9 	32.5 	3.729469E+0	5.113779E-6 	2.116313E+7	1.112894E+4	-1.442873E+0	7.811743E-4 	3.791172E+0	3.729469E+0
140.0   	42      	4.117618E+0	1.755401E-3	2.96E+1    	140.00    	14418.05	22.9 	32.5 	4.109093E+0	3.145919E-6 	1.934613E+7	8.300803E+3	-1.616313E+0	8.020806E-5 	4.117618E+0	4.109093E+0
140.0   	43      	3.899759E+0	5.242386E-4	2.88E+1    	140.00    	14420.62	22.9 	32.5 	3.896299E+0	3.385640E-7 	2.041480E+7	2.893095E+3	-1.600587E+0	3.464583E-4 	3.899759E+0	3.896299E+0
140.0   	44      	3.897440E+0	3.003708E-4	2.98E+1    	140.00    	14423.20	22.9 	32.5 	3.893949E+0	1.039498E-7 	2.042703E+7	1.625833E+3	-1.600727E+0	2.631223E-4 	3.897440E+0	3.893949E+0
140.0   	45      	3.901472E+0	1.778009E-4	2.69E+1    	140.00    	14425.79	22.9 	32.5 	3.898049E+0	3.647575E-8 	2.040573E+7	9.504385E+2	-1.600420E+0	2.816026E-4 	3.901472E+0	3.898049E+0
140.0   	46      	3.889812E+0	7.001710E-4	3.25E+1    	140.00    	14428.33	22.9 	32.5 	3.886236E+0	3.574256E-7 	2.046733E+7	3.415162E+3	-1.601120E+0	4.504442E-4 	3.889812E+0	3.886236E+0
140.0   	47      	3.892365E+0	1.478423E-3	3.17E+1    	140.00    	14430.91	22.9 	32.5 	3.888689E+0	2.200230E-6 	2.045417E+7	7.782245E+3	-1.601533E+0	3.023795E-4 	3.892365E+0	3.888689E+0
140.0   	48      	4.106068E+0	1.273916E-3	2.91E+1    	140.00    	14433.50	22.9 	32.5 	4.102704E+0	1.631039E-6 	1.938840E+7	6.023288E+3	-1.599423E+0	2.371357E-4 	4.106068E+0	4.102704E+0
140.0   	49      	4.159788E+0	1.997466E-3	3.42E+1    	140.00    	14436.05	22.9 	32.5 	4.156692E+0	3.833721E-6 	1.913730E+7	9.101648E+3	-1.598083E+0	2.023199E-4 	4.159788E+0	4.156692E+0
140.0   	50      	3.901851E+0	1.826246E-3	2.68E+1    	140.00    	14438.64	22.9 	32.5 	3.898130E+0	3.067692E-6 	2.040453E+7	9.355391E+3	-1.601680E+0	4.103657E-4 	3.901851E+0	3.898130E+0
140.0   	51      	3.895844E+0	1.518226E-3	3.36E+1    	140.00    	14441.19	22.9 	32.5 	3.892242E+0	2.185334E-6 	2.043570E+7	7.863205E+3	-1.601207E+0	2.281082E-4 	3.895844E+0	3.892242E+0
140.0   	52      	4.022692E+0	1.290559E-4	2.84E+1    	140.00    	14443.76	22.9 	32.5 	4.010145E+0	2.627568E-9 	1.981307E+7	3.511885E+2	-1.626673E+0	3.007214E-4 	4.022692E+0	4.010145E+0
140.0   	53      	2.996615E+0	1.357455E-2	3.00E+1    	140.00    	14446.33	22.9 	32.5 	2.354319E+0	2.582340E-4 	2.996067E+7	1.695658E+5	-1.089450E+0	2.195837E-3 	2.996615E+0	2.354319E+0
140.0   	54      	4.029223E+0	2.516519E-3	2.78E+1    	140.00    	14448.91	22.9 	32.5 	4.016692E+0	6.529385E-6 	1.978087E+7	1.246769E+4	-1.626593E+0	2.350177E-4 	4.029223E+0	4.016692E+0
140.0   	55      	3.901281E+0	7.432900E-4	2.65E+1    	140.00    	14451.51	22.9 	32.5 	3.897667E+0	6.328865E-7 	2.040723E+7	4.026578E+3	-1.601237E+0	2.345918E-4 	3.901281E+0	3.897667E+0
140.0   	56      	3.897371E+0	1.675317E-3	2.72E+1    	140.00    	14454.08	22.9 	32.5 	3.893942E+0	2.830582E-6 	2.042723E+7	8.803030E+3	-1.600463E+0	9.073772E-5 	3.897371E+0	3.893942E+0
140.0   	57      	3.915302E+0	1.709617E-3	2.84E+1    	140.00    	14456.66	22.9 	32.5 	3.905957E+0	2.587740E-6 	2.034903E+7	8.630952E+3	-1.619670E+0	2.535744E-4 	3.915302E+0	3.905957E+0
140.0   	58      	3.894958E+0	6.903947E-4	2.62E+1    	140.00    	14459.23	22.9 	32.5 	3.891323E+0	5.242060E-7 	2.044043E+7	3.707200E+3	-1.601350E+0	3.553871E-4 	3.894958E+0	3.891323E+0
140.0   	59      	3.893255E+0	4.531575E-4	3.18E+1    	140.00    	14461.78	22.9 	32.5 	3.889498E+0	2.279023E-7 	2.044970E+7	2.443358E+3	-1.601867E+0	1.721434E-4 	3.893255E+0	3.889498E+0
140.0   	60      	3.895837E+0	9.011598E-4	2.64E+1    	140.00    	14464.37	22.9 	32.5 	3.892172E+0	8.137643E-7 	2.043590E+7	4.731807E+3	-1.601470E+0	1.014889E-4 	3.895837E+0	3.892172E+0
140.0   	61      	4.179925E+0	1.077471E-3	2.64E+1    	140.00    	14466.94	22.9 	32.5 	4.176714E+0	1.095785E-6 	1.904533E+7	4.841832E+3	-1.598517E+0	1.504438E-4 	4.179925E+0	4.176714E+0
140.0   	62      	4.181950E+0	9.513464E-4	2.93E+1    	140.00    	14469.52	22.9 	32.5 	4.178830E+0	9.688656E-7 	1.903590E+7	4.403408E+3	-1.598113E+0	3.763420E-4 	4.181950E+0	4.178830E+0
140.0   	63      	3.897654E+0	3.921508E-4	2.85E+1    	140.00    	14472.09	22.9 	32.5 	3.894053E+0	1.688266E-7 	2.042620E+7	2.100000E+3	-1.601197E+0	2.542309E-4 	3.897654E+0	3.894053E+0
140.0   	64      	4.316610E+0	6.111537E-4	2.86E+1    	140.00    	14474.67	22.9 	32.5 	4.312684E+0	3.748705E-7 	1.844357E+7	2.610236E+3	-1.600957E+0	2.843120E-4 	4.316610E+0	4.312684E+0
140.0   	65      	4.180751E+0	1.891395E-3	2.96E+1    	140.00    	14477.25	22.9 	32.5 	4.177555E+0	3.459652E-6 	1.904153E+7	8.547124E+3	-1.598447E+0	3.156475E-4 	4.180751E+0	4.177555E+0
140.0   	66      	3.896087E+0	1.339600E-3	3.10E+1    	140.00    	14479.80	22.9 	32.5 	3.892596E+0	1.664412E-6 	2.043413E+7	6.896618E+3	-1.600733E+0	3.007214E-4 	3.896087E+0	3.892596E+0
140.0   	67      	3.910935E+0	2.916148E-3	2.56E+1    	140.00    	14482.41	22.9 	32.5 	3.907350E+0	8.328868E-6 	2.035677E+7	1.510044E+4	-1.601077E+0	2.318045E-4 	3.910935E+0	3.907350E+0
140.0   	68      	3.901320E+0	7.117378E-4	2.78E+1    	140.00    	14484.95	22.9 	32.5 	3.897680E+0	5.520591E-7 	2.040710E+7	3.803945E+3	-1.601343E+0	2.653928E-4 	3.901320E+0	3.897680E+0
140.0   	69      	4.034115E+0	1.730211E-3	2.60E+1    	140.00    	14487.53	22.9 	32.5 	4.021899E+0	3.198056E-6 	1.975607E+7	8.617618E+3	-1.625853E+0	3.957693E-4 	4.034115E+0	4.021899E+0
140.0   	70      	3.900361E+0	1.159089E-3	2.75E+1    	140.00    	14490.11	22.9 	32.5 	3.896932E+0	1.234684E-6 	2.041157E+7	5.936610E+3	-1.600450E+0	4.693613E-4 	3.900361E+0	3.896932E+0
140.0   	71      	3.897587E+0	1.378089E-3	2.83E+1    	140.00    	14492.69	22.9 	32.5 	3.894121E+0	1.789050E-6 	2.042620E+7	7.118989E+3	-1.600620E+0	2.116601E-4 	3.897587E+0	3.894121E+0
140.0   	72      	3.902351E+0	5.030594E-4	2.62E+1    	140.00    	14495.26	22.9 	32.5 	3.896421E+0	3.733262E-7 	2.040770E+7	2.910326E+3	-1.609787E+0	4.202777E-4 	3.902351E+0	3.896421E+0
140.0   	73      	3.849536E+0	1.200068E-3	3.38E+1    	140.00    	14497.82	22.9 	32.5 	3.823056E+0	1.658723E-6 	2.074343E+7	6.715902E+3	-1.487763E+0	2.750152E-4 	3.849536E+0	3.823056E+0
140.0   	74      	3.904143E+0	1.024776E-3	2.87E+1    	140.00    	14500.42	22.9 	32.5 	3.898427E+0	8.854228E-7 	2.039777E+7	5.139390E+3	-1.609070E+0	2.800000E-4 	3.904143E+0	3.898427E+0
140.0   	75      	3.896587E+0	5.826009E-4	2.67E+1    	140.00    	14503.00	22.9 	32.5 	3.893226E+0	1.894067E-7 	2.043117E+7	2.668957E+3	-1.600163E+0	6.504101E-4 	3.896587E+0	3.893226E+0
140.0   	76      	4.176922E+0	2.142873E-3	2.95E+1    	140.00    	14505.54	22.9 	32.5 	4.174251E+0	4.457004E-6 	1.905780E+7	9.704123E+3	-1.596083E+0	3.156475E-4 	4.176922E+0	4.174251E+0
140.0   	77      	5.790868E-1	1.479888E-3	2.62E+1    	140.00    	14508.11	22.9 	32.5 	5.457289E-1	3.366054E-6 	1.415573E+8	4.172941E+5	-1.813170E+0	1.804522E-3 	5.790868E-1	5.457289E-1
140.0   	78      	5.840690E-1	1.230887E-3	2.67E+1    	140.00    	14510.69	22.9 	32.5 	5.502181E-1	1.162668E-6 	1.403757E+8	2.853653E+5	-1.813927E+0	3.995414E-4 	5.840690E-1	5.502181E-1
140.0   	79      	4.390234E+0	2.157403E-3	2.77E+1    	140.00    	14513.26	22.9 	32.5 	4.386905E+0	4.951965E-6 	1.813290E+7	9.050414E+3	-1.598333E+0	6.051722E-4 	4.390234E+0	4.386905E+0
140.0   	80      	1.564412E+0	1.402589E-3	2.73E+1    	140.00    	14515.84	22.8 	32.5 	1.563844E+0	1.868657E-6 	5.087660E+7	4.506007E+4	-1.551763E+0	6.061628E-4 	1.564412E+0	1.563844E+0
140.0   	81      	4.164163E+0	1.529482E-3	2.58E+1    	140.00    	14518.42	22.8 	32.5 	4.160945E+0	2.377137E-6 	1.911747E+7	7.050059E+3	-1.598600E+0	2.800000E-4 	4.164163E+0	4.160945E+0
140.0   	82      	3.923003E+0	9.600514E-4	3.12E+1    	140.00    	14520.97	22.9 	32.5 	3.919268E+0	8.350550E-7 	2.029450E+7	4.849742E+3	-1.601657E+0	1.955335E-4 	3.923003E+0	3.919268E+0
140.0   	83      	3.921277E+0	9.181719E-4	2.60E+1    	140.00    	14523.57	22.9 	32.5 	3.917853E+0	7.841664E-7 	2.030263E+7	4.670475E+3	-1.600350E+0	2.251666E-4 	3.921277E+0	3.917853E+0
140.0   	84      	3.960731E+0	7.526105E-4	3.03E+1    	140.00    	14526.12	22.9 	32.5 	3.957282E+0	6.032164E-7 	2.010037E+7	3.878574E+3	-1.600307E+0	3.164385E-4 	3.960731E+0	3.957282E+0
140.0   	85      	3.921054E+0	1.409735E-3	3.19E+1    	140.00    	14528.69	22.9 	32.5 	3.917793E+0	2.028792E-6 	2.030337E+7	7.341889E+3	-1.599640E+0	1.081665E-4 	3.921054E+0	3.917793E+0
140.0   	86      	3.921979E+0	7.818551E-4	3.12E+1    	140.00    	14531.25	22.9 	32.5 	3.918630E+0	6.260453E-7 	2.029880E+7	4.073082E+3	-1.600020E+0	4.582576E-5 	3.921979E+0	3.918630E+0
140.0   	87      	3.922675E+0	9.536210E-4	3.30E+1    	140.00    	14533.83	22.9 	32.5 	3.919467E+0	1.110194E-6 	2.029483E+7	5.193586E+3	-1.599393E+0	5.036202E-4 	3.922675E+0	3.919467E+0
140.0   	88      	3.922041E+0	1.114661E-3	2.67E+1    	140.00    	14536.42	22.9 	32.5 	3.918775E+0	1.482051E-6 	2.029827E+7	6.035175E+3	-1.599657E+0	5.002333E-4 	3.922041E+0	3.918775E+0
140.0   	89      	3.929613E+0	9.702864E-4	3.34E+1    	140.00    	14538.98	22.8 	32.5 	3.924166E+0	9.019182E-7 	2.026477E+7	4.939973E+3	-1.608033E+0	5.050083E-4 	3.929613E+0	3.924166E+0
140.0   	90      	3.922470E+0	5.555470E-4	2.67E+1    	140.00    	14541.58	22.8 	32.5 	3.919246E+0	3.097179E-7 	2.029593E+7	2.874601E+3	-1.599470E+0	2.426932E-4 	3.922470E+0	3.919246E+0
140.0   	91      	3.919450E+0	1.823906E-3	2.93E+1    	140.00    	14544.12	22.9 	32.5 	3.916142E+0	3.120343E-6 	2.031180E+7	9.305375E+3	-1.599850E+0	2.515949E-4 	3.919450E+0	3.916142E+0
140.0   	92      	3.921116E+0	7.668914E-4	2.77E+1    	140.00    	14546.69	22.8 	32.5 	3.917858E+0	5.515656E-7 	2.030303E+7	3.906832E+3	-1.599623E+0	2.757414E-4 	3.921116E+0	3.917858E+0
140.0   	93      	4.239449E+0	1.317838E-3	2.56E+1    	140.00    	14549.27	22.8 	32.5 	4.236595E+0	1.831963E-6 	1.877703E+7	5.918051E+3	-1.596743E+0	1.747379E-4 	4.239449E+0	4.236595E+0
140.0   	94      	4.208330E+0	1.457105E-3	2.80E+1    	140.00    	14551.86	22.8 	32.5 	4.205697E+0	2.124710E-6 	1.891543E+7	6.549300E+3	-1.595810E+0	3.675595E-4 	4.208330E+0	4.205697E+0
140.0   	95      	3.920698E+0	7.162456E-4	3.17E+1    	140.00    	14554.40	22.8 	32.5 	3.917222E+0	4.000823E-7 	2.030577E+7	3.493327E+3	-1.600573E+0	3.744774E-4 	3.920698E+0	3.917222E+0
140.0   	96      	4.365546E+0	1.167568E-3	2.93E+1    	140.00    	14556.98	22.8 	32.5 	4.361826E+0	1.400580E-6 	1.823630E+7	4.912230E+3	-1.599993E+0	1.101514E-4 	4.365546E+0	4.361826E+0
140.0   	97      	4.148995E+0	1.665362E-3	2.93E+1    	140.00    	14559.58	22.9 	32.5 	4.145511E+0	2.438062E-6 	1.918800E+7	7.463913E+3	-1.599777E+0	5.014313E-4 	4.148995E+0	4.145511E+0
140.0   	98      	3.913951E+0	3.062610E-4	2.79E+1    	140.00    	14562.13	22.8 	32.5 	3.913290E+0	9.477236E-8 	2.033347E+7	1.594783E+3	-1.583797E+0	1.514376E-4 	3.913951E+0	3.913290E+0
140.0   	99      	3.920057E+0	8.883285E-4	2.57E+1    	140.00    	14564.71	22.8 	32.5 	3.916319E+0	9.070422E-7 	2.030977E+7	4.768997E+3	-1.601677E+0	3.247050E-4 	3.920057E+0	3.916319E+0
140.0   	100     	3.936307E+0	7.902010E-4	2.97E+1    	140.00    	14567.28	22.8 	32.5 	3.932834E+0	5.450717E-7 	2.022520E+7	3.928104E+3	-1.600503E+0	2.236813E-4 	3.936307E+0	3.932834E+0
140.0   	101     	3.922506E+0	9.059868E-4	2.91E+1    	140.00    	14569.86	22.8 	32.5 	3.919210E+0	9.787637E-7 	2.029593E+7	4.905439E+3	-1.599787E+0	3.701801E-4 	3.922506E+0	3.919210E+0
140.0   	102     	3.921838E+0	2.469650E-3	2.64E+1    	140.00    	14572.44	22.8 	32.5 	3.918400E+0	5.929177E-6 	2.029977E+7	1.270131E+4	-1.600410E+0	4.095119E-4 	3.921838E+0	3.918400E+0
140.0   	103     	3.917742E+0	1.407552E-3	2.63E+1    	140.00    	14574.98	22.9 	32.5 	3.914264E+0	1.912711E-6 	2.032110E+7	7.239475E+3	-1.600597E+0	1.001665E-4 	3.917742E+0	3.914264E+0
140.0   	104     	3.916412E+0	2.204982E-3	3.00E+1    	140.00    	14577.56	22.8 	32.5 	3.913103E+0	5.049397E-6 	2.032757E+7	1.156258E+4	-1.599867E+0	1.934770E-4 	3.916412E+0	3.913103E+0
140.0   	105     	3.921535E+0	1.769269E-3	2.93E+1    	140.00    	14580.13	22.8 	32.5 	3.918315E+0	3.385246E-6 	2.030077E+7	9.347370E+3	-1.599453E+0	3.203644E-4 	3.921535E+0	3.918315E+0
140.0   	106     	3.920606E+0	5.055267E-4	2.85E+1    	140.00    	14582.71	22.8 	32.5 	3.917249E+0	2.483097E-7 	2.030593E+7	2.600641E+3	-1.600060E+0	3.464102E-5 	3.920606E+0	3.917249E+0
140.0   	107     	3.916875E+0	5.785393E-4	2.57E+1    	140.00    	14585.28	22.8 	32.5 	3.913499E+0	2.006104E-7 	2.032533E+7	2.663331E+3	-1.600157E+0	5.828665E-4 	3.916875E+0	3.913499E+0
140.0   	108     	3.917300E+0	1.068705E-3	3.40E+1    	140.00    	14587.84	22.8 	32.5 	3.914076E+0	1.044992E-6 	2.032273E+7	5.424328E+3	-1.599483E+0	3.444319E-4 	3.917300E+0	3.914076E+0
140.0   	109     	3.932516E+0	8.394597E-4	3.33E+1    	140.00    	14590.41	22.8 	32.5 	3.928917E+0	8.146486E-7 	2.024503E+7	4.483674E+3	-1.601053E+0	3.507611E-4 	3.932516E+0	3.928917E+0
140.0   	110     	3.916611E+0	3.006918E-4	2.58E+1    	140.00    	14593.01	22.8 	32.5 	3.913223E+0	1.006719E-7 	2.032673E+7	1.604161E+3	-1.600213E+0	8.386497E-5 	3.916611E+0	3.913223E+0
140.0   	111     	3.907637E+0	6.583842E-4	3.12E+1    	140.00    	14595.57	22.8 	32.5 	3.904059E+0	3.723012E-7 	2.037393E+7	3.308071E+3	-1.601060E+0	2.080865E-4 	3.907637E+0	3.904059E+0
140.0   	112     	4.141501E+0	8.736405E-4	2.62E+1    	140.00    	14598.12	22.8 	32.5 	4.138375E+0	5.346292E-7 	1.922190E+7	3.724245E+3	-1.598267E+0	6.381484E-4 	4.141501E+0	4.138375E+0
140.0   	113     	4.130198E+0	6.195368E-4	2.55E+1    	140.00    	14600.69	22.8 	32.5 	4.126940E+0	3.982805E-7 	1.927483E+7	2.919475E+3	-1.598887E+0	7.767453E-5 	4.130198E+0	4.126940E+0
140.0   	114     	3.905929E+0	1.107003E-3	2.78E+1    	140.00    	14603.27	22.8 	32.5 	3.902114E+0	1.136616E-6 	2.038347E+7	5.672154E+3	-1.602053E+0	1.703917E-4 	3.905929E+0	3.902114E+0
140.0   	115     	3.904999E+0	1.340067E-3	2.80E+1    	140.00    	14605.84	22.8 	32.5 	3.901512E+0	1.885811E-6 	2.038747E+7	7.086842E+3	-1.600683E+0	2.000833E-4 	3.904999E+0	3.901512E+0
140.0   	116     	3.920951E+0	1.061274E-3	2.84E+1    	140.00    	14608.42	22.8 	32.5 	3.917277E+0	9.904674E-7 	2.030497E+7	5.326662E+3	-1.601410E+0	3.351119E-4 	3.920951E+0	3.917277E+0
140.0   	117     	3.905157E+0	1.279391E-3	2.70E+1    	140.00    	14610.99	22.8 	32.5 	3.901737E+0	1.740297E-6 	2.038647E+7	6.786997E+3	-1.600393E+0	1.789786E-4 	3.905157E+0	3.901737E+0
140.0   	118     	3.906615E+0	1.371624E-3	2.73E+1    	140.00    	14613.59	22.8 	32.5 	3.903216E+0	1.834251E-6 	2.037880E+7	7.108446E+3	-1.600297E+0	3.701801E-4 	3.906615E+0	3.903216E+0
140.0   	119     	3.906394E+0	1.386234E-3	2.80E+1    	140.00    	14616.16	22.8 	32.5 	3.903028E+0	2.016614E-6 	2.037987E+7	7.314597E+3	-1.600153E+0	5.781292E-4 	3.906394E+0	3.903028E+0
140.0   	120     	3.904840E+0	1.316222E-3	2.62E+1    	140.00    	14618.74	22.8 	32.5 	3.901530E+0	1.679424E-6 	2.038783E+7	6.819335E+3	-1.599910E+0	2.959730E-4 	3.904840E+0	3.901530E+0
140.0   	121     	3.905153E+0	1.328069E-3	3.10E+1    	140.00    	14621.28	22.8 	32.5 	3.901881E+0	1.763223E-6 	2.038610E+7	6.934695E+3	-1.599747E+0	8.962886E-5 	3.905153E+0	3.901881E+0
140.0   	122     	3.906554E+0	1.062808E-3	2.59E+1    	140.00    	14623.87	22.8 	32.5 	3.903327E+0	1.122417E-6 	2.037867E+7	5.536545E+3	-1.599543E+0	1.644182E-4 	3.906554E+0	3.903327E+0
140.0   	123     	3.903223E+0	9.315842E-4	2.90E+1    	140.00    	14626.46	22.8 	32.5 	3.899830E+0	9.425035E-7 	2.039650E+7	4.966890E+3	-1.600280E+0	4.158125E-4 	3.903223E+0	3.899830E+0
140.0   	124     	3.906796E+0	1.159380E-3	2.86E+1    	140.00    	14629.03	22.8 	32.5 	3.902269E+0	1.205971E-6 	2.038080E+7	5.889822E+3	-1.604843E+0	2.768273E-4 	3.906796E+0	3.902269E+0
140.0   	125     	3.906959E+0	8.487540E-4	3.26E+1    	140.00    	14631.58	22.8 	32.5 	3.903407E+0	6.993226E-7 	2.037740E+7	4.396590E+3	-1.600953E+0	5.033223E-5 	3.906959E+0	3.903407E+0
140.0   	126     	3.900170E+0	4.177238E-4	3.08E+1    	140.00    	14634.16	22.8 	32.5 	3.896639E+0	1.712245E-7 	2.041283E+7	2.173323E+3	-1.600890E+0	2.042058E-4 	3.900170E+0	3.896639E+0
140.0   	127     	3.901753E+0	1.385405E-4	2.89E+1    	140.00    	14636.76	22.8 	32.5 	3.898240E+0	3.865977E-8 	2.040450E+7	8.717798E+2	-1.600803E+0	2.928026E-4 	3.901753E+0	3.898240E+0
140.0   	128     	4.119668E+0	8.471651E-4	3.17E+1    	140.00    	14639.30	22.8 	32.5 	4.116362E+0	8.222762E-7 	1.932423E+7	4.113798E+3	-1.599127E+0	3.435598E-4 	4.119668E+0	4.116362E+0
140.0   	129     	4.118597E+0	1.396609E-3	2.78E+1    	140.00    	14641.91	22.8 	32.5 	4.115416E+0	1.872476E-6 	1.932897E+7	6.490249E+3	-1.598593E+0	1.201388E-4 	4.118597E+0	4.115416E+0
140.0   	130     	3.901224E+0	4.069912E-4	2.53E+1    	140.00    	14644.45	22.8 	32.5 	3.897814E+0	1.728054E-7 	2.040700E+7	2.151743E+3	-1.600363E+0	1.123981E-4 	3.901224E+0	3.897814E+0
140.0   	131     	3.897978E+0	1.131512E-3	2.65E+1    	140.00    	14647.02	22.8 	32.5 	3.894492E+0	1.318029E-6 	2.042420E+7	5.975784E+3	-1.600703E+0	8.082904E-5 	3.897978E+0	3.894492E+0
140.0   	132     	3.903252E+0	1.330572E-3	2.60E+1    	140.00    	14649.62	22.8 	32.5 	3.899737E+0	1.878067E-6 	2.039667E+7	7.060689E+3	-1.600810E+0	1.946792E-4 	3.903252E+0	3.899737E+0
140.0   	133     	3.898869E+0	9.588780E-4	2.68E+1    	140.00    	14652.19	22.8 	32.5 	3.895433E+0	8.035538E-7 	2.041940E+7	4.859012E+3	-1.600483E+0	3.000556E-4 	3.898869E+0	3.895433E+0
140.0   	134     	3.902217E+0	2.132117E-4	2.92E+1    	140.00    	14654.77	22.8 	32.5 	3.898936E+0	4.398510E-8 	2.040147E+7	1.106044E+3	-1.599797E+0	1.527525E-5 	3.902217E+0	3.898936E+0
140.0   	135     	3.901811E+0	6.976975E-4	2.81E+1    	140.00    	14657.34	22.8 	32.5 	3.898488E+0	5.296483E-7 	2.040370E+7	3.726929E+3	-1.599983E+0	2.173323E-4 	3.901811E+0	3.898488E+0
140.0   	136     	3.899318E+0	7.865614E-4	2.94E+1    	140.00    	14659.92	22.8 	32.5 	3.895899E+0	5.419704E-7 	2.041700E+7	3.984972E+3	-1.600410E+0	3.567913E-4 	3.899318E+0	3.895899E+0
140.0   	137     	3.898986E+0	1.738167E-3	3.37E+1    	140.00    	14662.47	22.8 	32.5 	3.895597E+0	2.950044E-6 	2.041867E+7	9.050046E+3	-1.600280E+0	3.651027E-4 	3.898986E+0	3.895597E+0
140.0   	138     	3.901453E+0	3.842687E-4	2.57E+1    	140.00    	14665.07	22.8 	32.5 	3.898158E+0	2.125830E-7 	2.040550E+7	2.211334E+3	-1.599863E+0	3.448671E-4 	3.901453E+0	3.898158E+0
140.0   	139     	3.905737E+0	1.154729E-3	2.67E+1    	140.00    	14667.64	22.8 	32.5 	3.901335E+0	1.270521E-6 	2.038600E+7	5.957348E+3	-1.604373E+0	1.415392E-4 	3.905737E+0	3.901335E+0
140.0   	140     	3.871873E+0	8.998161E-4	2.94E+1    	140.00    	14670.22	22.8 	32.5 	3.867973E+0	7.957088E-7 	2.056307E+7	4.760602E+3	-1.539057E+0	4.163332E-5 	3.871873E+0	3.867973E+0
140.0   	141     	3.903899E+0	1.541085E-3	3.45E+1    	140.00    	14672.76	22.8 	32.5 	3.899244E+0	2.818853E-6 	2.039627E+7	8.412689E+3	-1.605333E+0	6.296295E-4 	3.903899E+0	3.899244E+0
140.0   	142     	3.896981E+0	1.095892E-3	3.34E+1    	140.00    	14675.34	22.8 	32.5 	3.893519E+0	1.127912E-6 	2.042937E+7	5.658916E+3	-1.600607E+0	2.081666E-4 	3.896981E+0	3.893519E+0
140.0   	143     	3.897693E+0	1.038200E-3	3.30E+1    	140.00    	14677.91	22.8 	32.5 	3.894167E+0	1.026510E-6 	2.042580E+7	5.377732E+3	-1.600877E+0	1.625833E-4 	3.897693E+0	3.894167E+0
140.0   	144     	4.113890E+0	1.442257E-3	2.98E+1    	140.00    	14680.48	22.8 	32.5 	4.110663E+0	2.008677E-6 	1.935120E+7	6.726812E+3	-1.598810E+0	1.552417E-4 	4.113890E+0	4.110663E+0
140.0   	145     	4.297290E+0	4.654721E-4	2.88E+1    	140.00    	14683.06	22.8 	32.5 	4.293854E+0	2.248782E-7 	1.852547E+7	2.025669E+3	-1.599077E+0	9.609024E-5 	4.297290E+0	4.293854E+0
140.0   	146     	3.900431E+0	5.742944E-5	2.88E+1    	140.00    	14685.65	22.8 	32.5 	3.896823E+0	1.790820E-8 	2.041167E+7	4.725816E+2	-1.601213E+0	4.196824E-4 	3.900431E+0	3.896823E+0
140.0   	147     	3.900430E+0	1.358011E-3	2.70E+1    	140.00    	14688.22	22.8 	32.5 	3.896978E+0	1.781773E-6 	2.041127E+7	7.049350E+3	-1.600553E+0	1.662328E-4 	3.900430E+0	3.896978E+0
140.0   	148     	4.158828E+0	1.536930E-3	2.77E+1    	140.00    	14690.80	22.8 	32.5 	4.155740E+0	2.344775E-6 	1.914170E+7	7.063285E+3	-1.598050E+0	2.000000E-5 	4.158828E+0	4.155740E+0
140.0   	149     	3.900256E+0	9.165022E-4	2.81E+1    	140.00    	14693.34	22.8 	32.5 	3.896630E+0	8.808980E-7 	2.041263E+7	4.856267E+3	-1.601293E+0	9.865766E-5 	3.900256E+0	3.896630E+0
140.0   	150     	3.897385E+0	1.996296E-4	2.72E+1    	140.00    	14695.91	22.8 	32.5 	3.893953E+0	7.692463E-8 	2.042717E+7	1.242310E+3	-1.600470E+0	4.132796E-4 	3.897385E+0	3.893953E+0
140.0   	151     	3.899113E+0	1.158290E-3	2.52E+1    	140.00    	14698.51	22.8 	32.5 	3.895787E+0	1.448078E-6 	2.041783E+7	6.184928E+3	-1.600010E+0	2.128380E-4 	3.899113E+0	3.895787E+0
140.0   	152     	3.899860E+0	6.159940E-4	2.71E+1    	140.00    	14701.08	22.8 	32.5 	3.896529E+0	3.258866E-7 	2.041393E+7	3.098925E+3	-1.600027E+0	4.368447E-4 	3.899860E+0	3.896529E+0
140.0   	153     	3.896159E+0	4.671687E-4	2.68E+1    	140.00    	14703.66	22.8 	32.5 	3.892777E+0	3.396012E-7 	2.043347E+7	2.753785E+3	-1.600263E+0	5.153963E-4 	3.896159E+0	3.892777E+0
140.0   	154     	3.899535E+0	1.529685E-3	2.78E+1    	140.00    	14706.23	22.8 	32.5 	3.896307E+0	2.431239E-6 	2.041537E+7	8.087233E+3	-1.599573E+0	1.692139E-4 	3.899535E+0	3.896307E+0
140.0   	155     	3.896777E+0	1.554956E-3	3.05E+1    	140.00    	14708.79	22.8 	32.5 	3.893354E+0	2.301130E-6 	2.043033E+7	8.052536E+3	-1.600433E+0	5.084617E-4 	3.896777E+0	3.893354E+0
140.0   	156     	3.898899E+0	2.445365E-4	2.55E+1    	140.00    	14711.35	22.8 	32.5 	3.894118E+0	4.843096E-8 	2.042277E+7	1.209683E+3	-1.605823E+0	2.122106E-4 	3.898899E+0	3.894118E+0
140.0   	157     	3.902097E+0	7.380580E-3	2.70E+1    	140.00    	14713.92	22.8 	32.5 	3.898333E+0	4.015139E-5 	2.040340E+7	3.535011E+4	-1.600497E+0	1.111658E-2 	3.902097E+0	3.898333E+0
140.0   	158     	3.897639E+0	1.271509E-3	2.85E+1    	140.00    	14716.50	22.8 	32.5 	3.894309E+0	1.568829E-6 	2.042557E+7	6.616142E+3	-1.600030E+0	8.185353E-5 	3.897639E+0	3.894309E+0
140.0   	159     	3.896028E+0	1.011680E-3	2.63E+1    	140.00    	14719.08	22.8 	32.5 	3.892476E+0	1.027050E-6 	2.043460E+7	5.311309E+3	-1.600997E+0	1.921805E-4 	3.896028E+0	3.892476E+0
140.0   	160     	4.110702E+0	1.408223E-3	3.07E+1    	140.00    	14721.63	22.8 	32.5 	4.107353E+0	1.919425E-6 	1.936650E+7	6.581793E+3	-1.599343E+0	3.501904E-4 	4.110702E+0	4.107353E+0
140.0   	161     	1.883136E+0	8.416667E-4	2.80E+1    	140.00    	14724.24	22.8 	32.5 	1.882621E+0	7.447157E-7 	4.226373E+7	1.913383E+4	-1.587323E+0	5.577036E-4 	1.883136E+0	1.882621E+0
140.0   	162     	4.251625E+0	6.404679E-4	2.56E+1    	140.00    	14726.77	22.8 	32.5 	4.240571E+0	3.143930E-7 	1.874133E+7	2.635021E+3	-1.621807E+0	3.494758E-4 	4.251625E+0	4.240571E+0
140.0   	163     	4.161729E+0	6.341505E-4	2.75E+1    	140.00    	14729.36	22.8 	32.5 	4.158474E+0	3.577844E-7 	1.912873E+7	2.830783E+3	-1.598767E+0	2.715388E-4 	4.161729E+0	4.158474E+0
140.0   	164     	5.811092E-1	5.077813E-4	3.14E+1    	140.00    	14731.93	22.8 	32.5 	5.439317E-1	4.780232E-7 	1.415433E+8	1.517641E+5	-1.826510E+0	7.673982E-4 	5.811092E-1	5.439317E-1
140.0   	165     	4.159956E+0	6.802991E-4	2.61E+1    	140.00    	14734.51	22.8 	32.5 	4.156813E+0	4.902488E-7 	1.913663E+7	3.175426E+3	-1.598287E+0	1.965536E-4 	4.159956E+0	4.156813E+0
140.0   	166     	3.898713E+0	8.855708E-4	2.84E+1    	140.00    	14737.09	22.8 	32.5 	3.895385E+0	6.794400E-7 	2.041993E+7	4.473626E+3	-1.600017E+0	4.574203E-4 	3.898713E+0	3.895385E+0
140.0   	167     	3.899743E+0	1.531655E-3	2.65E+1    	140.00    	14739.63	22.8 	32.5 	3.896481E+0	2.516508E-6 	2.041437E+7	8.164762E+3	-1.599717E+0	3.527511E-4 	3.899743E+0	3.896481E+0
140.0   	168     	3.896572E+0	1.332267E-3	2.88E+1    	140.00    	14742.20	22.8 	32.5 	3.893089E+0	1.920165E-6 	2.043157E+7	7.130451E+3	-1.600700E+0	2.364318E-4 	3.896572E+0	3.893089E+0
140.0   	169     	3.897026E+0	1.489159E-3	3.01E+1    	140.00    	14744.78	22.8 	32.5 	3.893601E+0	2.253436E-6 	2.042903E+7	7.839855E+3	-1.600447E+0	1.871719E-4 	3.897026E+0	3.893601E+0
140.0   	170     	3.898439E+0	7.537234E-4	2.84E+1    	140.00    	14747.37	22.8 	32.5 	3.895201E+0	5.548476E-7 	2.042113E+7	3.914503E+3	-1.599613E+0	5.326662E-4 	3.898439E+0	3.895201E+0
140.0   	171     	3.897077E+0	1.277540E-3	2.61E+1    	140.00    	14749.94	22.8 	32.5 	3.893829E+0	1.688766E-6 	2.042830E+7	6.753518E+3	-1.599667E+0	3.500476E-4 	3.897077E+0	3.893829E+0
140.0   	172     	3.896367E+0	1.757081E-3	3.30E+1    	140.00    	14752.49	22.8 	32.5 	3.893001E+0	2.811848E-6 	2.043233E+7	9.004628E+3	-1.600190E+0	3.915354E-4 	3.896367E+0	3.893001E+0
140.0   	173     	3.894158E+0	7.844091E-4	2.92E+1    	140.00    	14755.09	22.8 	32.5 	3.890536E+0	6.995696E-7 	2.044460E+7	4.253234E+3	-1.601297E+0	3.407834E-4 	3.894158E+0	3.890536E+0
140.0   	174     	3.896083E+0	1.042579E-3	2.59E+1    	140.00    	14757.67	22.8 	32.5 	3.892751E+0	1.071091E-6 	2.043373E+7	5.450076E+3	-1.600043E+0	8.621678E-5 	3.896083E+0	3.892751E+0
140.0   	175     	3.898182E+0	6.760224E-4	2.67E+1    	140.00    	14760.23	22.8 	32.5 	3.894835E+0	6.273030E-7 	2.042277E+7	3.847510E+3	-1.600100E+0	5.141984E-4 	3.898182E+0	3.894835E+0
140.0   	176     	4.110038E+0	3.457097E-4	2.76E+1    	140.00    	14762.80	22.8 	32.5 	4.106857E+0	1.428818E-7 	1.936923E+7	1.703917E+3	-1.598620E+0	2.137756E-4 	4.110038E+0	4.106857E+0
140.0   	177     	4.464679E+0	5.063764E-4	2.64E+1    	140.00    	14765.36	22.8 	32.5 	4.454268E+0	2.002187E-7 	1.784460E+7	1.900000E+3	-1.619103E+0	2.454248E-4 	4.464679E+0	4.454268E+0
140.0   	178     	2.199112E+0	1.320346E-2	2.73E+1    	140.00    	14767.92	22.8 	32.5 	1.634260E+0	5.720413E-5 	4.197727E+7	2.231801E+5	-1.039323E+0	1.222020E-3 	2.199112E+0	1.634260E+0
140.0   	179     	4.071076E+0	2.213879E-3	2.95E+1    	140.00    	14770.50	22.8 	32.5 	4.060699E+0	5.182549E-6 	1.957200E+7	1.080417E+4	-1.621303E+0	2.722744E-4 	4.071076E+0	4.060699E+0
140.0   	180     	4.156791E+0	2.444422E-3	2.68E+1    	140.00    	14773.09	22.8 	32.5 	4.154290E+0	5.876030E-6 	1.914973E+7	1.121799E+4	-1.595323E+0	1.662328E-4 	4.156791E+0	4.154290E+0
140.0   	181     	3.901522E+0	1.273423E-3	2.82E+1    	140.00    	14775.71	22.8 	32.5 	3.898217E+0	1.614361E-6 	2.040517E+7	6.656075E+3	-1.599903E+0	1.527525E-5 	3.901522E+0	3.898217E+0
140.0   	182     	3.896484E+0	8.187710E-4	2.74E+1    	140.00    	14778.24	22.8 	32.5 	3.893075E+0	6.097503E-7 	2.043183E+7	4.195633E+3	-1.600380E+0	1.969772E-4 	3.896484E+0	3.893075E+0
140.0   	183     	3.899667E+0	1.689287E-3	2.58E+1    	140.00    	14780.81	22.8 	32.5 	3.896468E+0	2.878141E-6 	2.041460E+7	8.866228E+3	-1.599443E+0	2.757414E-4 	3.899667E+0	3.896468E+0
140.0   	184     	3.894956E+0	7.380231E-4	2.57E+1    	140.00    	14783.43	22.8 	32.5 	3.891503E+0	5.165751E-7 	2.043997E+7	3.821431E+3	-1.600573E+0	2.302897E-4 	3.894956E+0	3.891503E+0
140.0   	185     	3.894474E+0	1.042608E-3	2.88E+1    	140.00    	14785.97	22.8 	32.5 	3.891185E+0	1.057759E-6 	2.044207E+7	5.437217E+3	-1.599863E+0	1.159023E-4 	3.894474E+0	3.891185E+0
140.0   	186     	3.897210E+0	1.039712E-3	3.32E+1    	140.00    	14788.52	22.8 	32.5 	3.894077E+0	9.901330E-7 	2.042730E+7	5.332917E+3	-1.599150E+0	3.407345E-4 	3.897210E+0	3.894077E+0
140.0   	187     	3.898574E+0	7.951772E-4	3.19E+1    	140.00    	14791.09	22.8 	32.5 	3.895422E+0	6.975327E-7 	2.042020E+7	4.267318E+3	-1.599230E+0	3.935734E-4 	3.898574E+0	3.895422E+0
140.0   	188     	3.892978E+0	8.505926E-4	2.70E+1    	140.00    	14793.69	22.8 	32.5 	3.889585E+0	9.000102E-7 	2.045020E+7	4.728636E+3	-1.600323E+0	4.289911E-4 	3.892978E+0	3.889585E+0
140.0   	189     	3.897769E+0	3.867808E-4	3.08E+1    	140.00    	14796.24	22.8 	32.5 	3.894510E+0	1.492325E-7 	2.042470E+7	2.022375E+3	-1.599717E+0	2.182506E-4 	3.897769E+0	3.894510E+0
140.0   	190     	3.896851E+0	2.275081E-3	3.47E+1    	140.00    	14798.82	22.8 	32.5 	3.893548E+0	5.296958E-6 	2.042963E+7	1.200347E+4	-1.599917E+0	2.413158E-4 	3.896851E+0	3.893548E+0
140.0   	191     	3.894418E+0	1.316025E-3	2.52E+1    	140.00    	14801.41	22.8 	32.5 	3.890987E+0	1.682449E-6 	2.044273E+7	6.860272E+3	-1.600480E+0	3.004996E-4 	3.894418E+0	3.890987E+0
140.0   	192     	4.107646E+0	3.384373E-4	2.55E+1    	140.00    	14803.99	22.8 	32.5 	4.104430E+0	1.632164E-7 	1.938060E+7	1.752142E+3	-1.598780E+0	2.882707E-4 	4.107646E+0	4.104430E+0
140.0   	193     	4.113779E+0	1.787085E-3	2.93E+1    	140.00    	14806.56	22.8 	32.5 	4.110760E+0	3.296554E-6 	1.935123E+7	8.476045E+3	-1.597887E+0	1.761628E-4 	4.113779E+0	4.110760E+0
140.0   	194     	4.068114E+0	1.769131E-3	2.64E+1    	140.00    	14809.16	22.8 	32.5 	4.057737E+0	3.382885E-6 	1.958627E+7	8.695018E+3	-1.621323E+0	2.119748E-4 	4.068114E+0	4.057737E+0
140.0   	195     	4.113408E+0	1.019772E-3	2.56E+1    	140.00    	14811.69	22.8 	32.5 	4.110181E+0	1.195825E-6 	1.935347E+7	4.974267E+3	-1.598807E+0	3.233162E-4 	4.113408E+0	4.110181E+0
140.0   	196     	3.900367E+0	1.400840E-3	2.63E+1    	140.00    	14814.26	22.8 	32.5 	3.897092E+0	1.940566E-6 	2.041113E+7	7.314597E+3	-1.599780E+0	6.244998E-5 	3.900367E+0	3.897092E+0
140.0   	197     	3.894281E+0	8.058280E-4	2.76E+1    	140.00    	14816.84	22.8 	32.5 	3.890896E+0	6.157222E-7 	2.044333E+7	4.174127E+3	-1.600280E+0	2.364318E-4 	3.894281E+0	3.890896E+0
140.0   	198     	3.897975E+0	5.928422E-4	2.52E+1    	140.00    	14819.43	22.8 	32.5 	3.894826E+0	3.493891E-7 	2.042333E+7	3.102150E+3	-1.599223E+0	1.159023E-4 	3.897975E+0	3.894826E+0
140.0   	199     	3.898020E+0	2.977984E-4	3.12E+1    	140.00    	14821.99	22.8 	32.5 	3.894857E+0	1.273606E-7 	2.042313E+7	1.715615E+3	-1.599283E+0	2.706166E-4 	3.898020E+0	3.894857E+0
140.0   	200     	3.894935E+0	1.049815E-3	2.55E+1    	140.00    	14824.58	22.8 	32.5 	3.891740E+0	1.188126E-6 	2.043940E+7	5.615158E+3	-1.599437E+0	2.557994E-4 	3.894935E+0	3.891740E+0
140.0   	201     	3.895740E+0	1.287896E-3	2.82E+1    	140.00    	14827.16	22.8 	32.5 	3.892447E+0	1.498495E-6 	2.043543E+7	6.585843E+3	-1.599870E+0	4.877499E-4 	3.895740E+0	3.892447E+0
140.0   	202     	3.896532E+0	1.147901E-3	3.29E+1    	140.00    	14829.70	22.8 	32.5 	3.893421E+0	1.321024E-6 	2.043080E+7	6.022458E+3	-1.599057E+0	2.433790E-4 	3.896532E+0	3.893421E+0
140.0   	203     	3.896890E+0	6.325772E-4	2.58E+1    	140.00    	14832.30	22.8 	32.5 	3.893685E+0	3.700953E-7 	2.042917E+7	3.251666E+3	-1.599480E+0	2.286919E-4 	3.896890E+0	3.893685E+0
140.0   	204     	3.893325E+0	4.915944E-4	2.67E+1    	140.00    	14834.89	22.8 	32.5 	3.890024E+0	1.588894E-7 	2.044813E+7	2.335237E+3	-1.599917E+0	4.565450E-4 	3.893325E+0	3.890024E+0
140.0   	205     	3.893047E+0	8.254002E-4	2.83E+1    	140.00    	14837.40	22.8 	32.5 	3.889592E+0	7.230872E-7 	2.045000E+7	4.403408E+3	-1.600593E+0	1.436431E-4 	3.893047E+0	3.889592E+0
140.0   	206     	4.114434E+0	9.380250E-4	2.85E+1    	140.00    	14839.99	22.8 	32.5 	4.111096E+0	9.119635E-7 	1.934890E+7	4.450843E+3	-1.599280E+0	2.553429E-4 	4.114434E+0	4.111096E+0
140.0   	207     	3.898471E+0	7.107953E-4	2.59E+1    	140.00    	14842.57	22.8 	32.5 	3.895283E+0	6.924639E-7 	2.042083E+7	4.041452E+3	-1.599393E+0	5.762233E-4 	3.898471E+0	3.895283E+0
140.0   	208     	4.110027E+0	8.035249E-4	2.95E+1    	140.00    	14845.14	22.8 	32.5 	4.106981E+0	6.902757E-7 	1.936897E+7	3.847510E+3	-1.598023E+0	4.077172E-4 	4.110027E+0	4.106981E+0
140.0   	209     	4.110830E+0	6.140057E-4	2.71E+1    	140.00    	14847.72	22.8 	32.5 	4.107847E+0	3.671903E-7 	1.936503E+7	2.874601E+3	-1.597733E+0	3.511885E-5 	4.110830E+0	4.107847E+0
140.0   	210     	4.107479E+0	1.272591E-3	2.78E+1    	140.00    	14850.30	22.8 	32.5 	4.104273E+0	1.588613E-6 	1.938137E+7	5.978573E+3	-1.598737E+0	1.814754E-4 	4.107479E+0	4.104273E+0
140.0   	211     	1.198404E+0	7.582975E-4	2.90E+1    	140.00    	14852.88	22.8 	32.5 	1.191396E+0	5.544870E-7 	6.659790E+7	4.178552E+4	-1.647340E+0	5.225897E-4 	1.198404E+0	1.191396E+0
140.0   	212     	4.108410E+0	1.013227E-3	2.96E+1    	140.00    	14855.45	22.8 	32.5 	4.105404E+0	1.171087E-6 	1.937650E+7	4.942671E+3	-1.597850E+0	3.174902E-4 	4.108410E+0	4.105404E+0
140.0   	213     	3.898851E+0	1.072605E-3	2.74E+1    	140.00    	14858.03	22.8 	32.5 	3.895706E+0	1.135375E-6 	2.041873E+7	5.594044E+3	-1.599200E+0	4.590207E-4 	3.898851E+0	3.895706E+0
140.0   	214     	3.898768E+0	1.493573E-3	2.79E+1    	140.00    	14860.57	22.8 	32.5 	3.895407E+0	2.075940E-6 	2.041973E+7	7.687219E+3	-1.600157E+0	3.172276E-4 	3.898768E+0	3.895407E+0
140.0   	215     	3.976863E+0	1.074743E-3	2.89E+1    	140.00    	14863.14	22.8 	32.5 	3.965484E+0	9.076448E-7 	2.003880E+7	5.109795E+3	-1.624313E+0	3.467468E-4 	3.976863E+0	3.965484E+0
140.0   	216     	3.898725E+0	1.208928E-3	2.89E+1    	140.00    	14865.72	22.8 	32.5 	3.895577E+0	1.490887E-6 	2.041940E+7	6.364747E+3	-1.599217E+0	2.400694E-4 	3.898725E+0	3.895577E+0
140.0   	217     	3.897672E+0	8.008870E-4	2.80E+1    	140.00    	14868.28	22.8 	32.5 	3.894633E+0	7.794403E-7 	2.042463E+7	4.409460E+3	-1.598720E+0	5.020956E-4 	3.897672E+0	3.894633E+0
140.0   	218     	3.898756E+0	1.381255E-3	2.51E+1    	140.00    	14870.86	22.8 	32.5 	3.895444E+0	2.103944E-6 	2.041967E+7	7.419119E+3	-1.599943E+0	3.594904E-4 	3.898756E+0	3.895444E+0
140.0   	219     	4.106663E+0	1.347721E-3	2.76E+1    	140.00    	14873.44	22.8 	32.5 	4.102900E+0	1.809637E-6 	1.938653E+7	6.357935E+3	-1.601070E+0	7.549834E-5 	4.106663E+0	4.102900E+0
140.0   	220     	3.901126E+0	1.114714E-3	2.75E+1    	140.00    	14876.01	22.8 	32.5 	3.897976E+0	1.247084E-6 	2.040683E+7	5.838093E+3	-1.599217E+0	7.094599E-5 	3.901126E+0	3.897976E+0
140.0   	221     	4.115685E+0	7.250113E-4	3.00E+1    	140.00    	14878.59	22.8 	32.5 	4.112297E+0	4.793495E-7 	1.934313E+7	3.329164E+3	-1.599493E+0	2.720907E-4 	4.115685E+0	4.112297E+0
140.0   	222     	1.092104E+0	1.025015E-3	3.14E+1    	140.00    	14881.14	22.8 	32.5 	1.091740E+0	1.200254E-6 	7.287840E+7	7.061041E+4	-1.588757E+0	4.154905E-3 	1.092104E+0	1.091740E+0
140.0   	223     	4.112841E+0	1.910237E-3	2.67E+1    	140.00    	14883.73	22.8 	32.5 	4.109291E+0	3.534369E-6 	1.935690E+7	8.921323E+3	-1.600177E+0	3.987898E-4 	4.112841E+0	4.109291E+0
140.0   	224     	4.110699E+0	1.385642E-3	2.65E+1    	140.00    	14886.31	22.8 	32.5 	4.107596E+0	1.839230E-6 	1.936593E+7	6.460908E+3	-1.598273E+0	1.625833E-4 	4.110699E+0	4.107596E+0
140.0   	225     	4.111284E+0	1.639470E-3	3.34E+1    	140.00    	14888.86	22.8 	32.5 	4.108286E+0	2.722794E-6 	1.936293E+7	7.750054E+3	-1.597803E+0	7.094599E-5 	4.111284E+0	4.108286E+0
140.0   	226     	3.901388E+0	1.334210E-3	3.21E+1    	140.00    	14891.43	22.8 	32.5 	3.898109E+0	1.752009E-6 	2.040580E+7	6.954854E+3	-1.599793E+0	5.033223E-5 	3.901388E+0	3.898109E+0
140.0   	227     	4.108132E+0	9.019795E-4	2.76E+1    	140.00    	14894.01	22.8 	32.5 	4.104919E+0	8.289601E-7 	1.937830E+7	4.275512E+3	-1.598767E+0	1.242310E-4 	4.108132E+0	4.104919E+0
140.0   	228     	3.903011E+0	6.957793E-4	2.72E+1    	140.00    	14896.59	22.8 	32.5 	3.899851E+0	5.106509E-7 	2.039700E+7	3.686462E+3	-1.599253E+0	1.504438E-4 	3.903011E+0	3.899851E+0
140.0   	229     	4.134448E+0	7.412842E-4	2.57E+1    	140.00    	14899.17	22.8 	32.5 	4.130051E+0	5.449250E-7 	1.925767E+7	3.442867E+3	-1.603410E+0	2.920616E-4 	4.134448E+0	4.130051E+0
140.0   	230     	3.983643E+0	4.177701E-3	2.56E+1    	140.00    	14901.72	22.8 	32.5 	3.972725E+0	1.644932E-5 	2.000350E+7	2.069082E+4	-1.623170E+0	3.026549E-4 	3.983643E+0	3.972725E+0
140.0   	231     	3.418267E+0	6.379185E-3	2.66E+1    	140.00    	14904.29	22.8 	32.5 	2.978485E+0	1.234810E-4 	2.493973E+7	6.967455E+4	-1.203937E+0	2.427804E-3 	3.418267E+0	2.978485E+0
140.0   	232     	3.980858E+0	8.438041E-4	2.60E+1    	140.00    	14906.86	22.8 	32.5 	3.970033E+0	7.525437E-7 	2.001727E+7	4.306197E+3	-1.622967E+0	1.501111E-4 	3.980858E+0	3.970033E+0
140.0   	233     	3.896760E+0	5.928875E-4	2.84E+1    	140.00    	14909.43	22.8 	32.5 	3.893701E+0	3.717331E-7 	2.042947E+7	3.153305E+3	-1.598817E+0	1.250333E-4 	3.896760E+0	3.893701E+0
140.0   	234     	4.107592E+0	1.078971E-3	2.90E+1    	140.00    	14912.02	22.8 	32.5 	4.103990E+0	1.207454E-6 	1.938177E+7	5.140363E+3	-1.600413E+0	1.625833E-4 	4.107592E+0	4.103990E+0
140.0   	235     	1.228050E+0	1.022930E-3	2.62E+1    	140.00    	14914.59	22.8 	32.5 	1.226601E+0	1.272156E-6 	6.483817E+7	5.642485E+4	-1.536560E+0	3.413517E-3 	1.228050E+0	1.226601E+0
140.0   	236     	4.103829E+0	1.021881E-3	2.90E+1    	140.00    	14917.17	22.8 	32.5 	4.100092E+0	1.038647E-6 	1.939987E+7	4.826317E+3	-1.600977E+0	1.234234E-4 	4.103829E+0	4.100092E+0
140.0   	237     	3.896554E+0	7.652232E-4	3.12E+1    	140.00    	14919.72	22.8 	32.5 	3.893284E+0	6.095886E-7 	2.043110E+7	4.050926E+3	-1.599770E+0	3.100000E-4 	3.896554E+0	3.893284E+0
140.0   	238     	4.115857E+0	2.823377E-4	2.75E+1    	140.00    	14922.31	22.8 	32.5 	4.112309E+0	1.450039E-7 	1.934270E+7	1.558846E+3	-1.600160E+0	4.095119E-4 	4.115857E+0	4.112309E+0
140.0   	239     	3.898693E+0	9.456943E-4	2.60E+1    	140.00    	14924.88	22.8 	32.5 	3.895583E+0	8.840932E-7 	2.041947E+7	4.939973E+3	-1.599040E+0	2.022375E-4 	3.898693E+0	3.895583E+0
140.0   	240     	4.110391E+0	4.190028E-4	2.95E+1    	140.00    	14927.45	22.8 	32.5 	4.107367E+0	1.515271E-7 	1.936720E+7	1.900000E+3	-1.597923E+0	2.914332E-4 	4.110391E+0	4.107367E+0
140.0   	241     	4.330914E+0	3.052125E-4	2.90E+1    	140.00    	14930.04	22.8 	32.5 	4.328145E+0	8.282640E-8 	1.838017E+7	1.258306E+3	-1.596087E+0	1.069268E-4 	4.330914E+0	4.328145E+0
140.0   	242     	4.121488E+0	7.606604E-4	2.91E+1    	140.00    	14932.61	22.8 	32.5 	4.118464E+0	4.831219E-7 	1.931503E+7	3.412233E+3	-1.597887E+0	2.967041E-4 	4.121488E+0	4.118464E+0
140.0   	243     	4.113073E+0	8.030421E-4	2.94E+1    	140.00    	14935.20	22.8 	32.5 	4.110176E+0	5.974530E-7 	1.935427E+7	3.701801E+3	-1.597333E+0	4.772141E-4 	4.113073E+0	4.110176E+0
140.0   	244     	4.348752E+0	2.242453E-3	3.20E+1    	140.00    	14937.76	22.8 	32.5 	4.344599E+0	4.736496E-6 	1.830767E+7	9.302867E+3	-1.601703E+0	2.653928E-4 	4.348752E+0	4.344599E+0
140.0   	245     	1.245929E+0	1.222368E-3	2.76E+1    	140.00    	14940.31	22.8 	32.5 	1.220650E+0	9.365800E-7 	6.452800E+7	5.684848E+4	-1.427873E+0	9.776673E-4 	1.245929E+0	1.220650E+0
140.0   	246     	4.350886E+0	7.592668E-4	2.83E+1    	140.00    	14942.89	22.8 	32.5 	4.346741E+0	5.570386E-7 	1.829867E+7	3.165965E+3	-1.601667E+0	2.013289E-4 	4.350886E+0	4.346741E+0
140.0   	247     	4.190932E+0	1.545488E-3	2.62E+1    	140.00    	14945.46	22.8 	32.5 	4.182007E+0	2.546669E-6 	1.900827E+7	7.123436E+3	-1.616960E+0	3.772267E-4 	4.190932E+0	4.182007E+0
140.0   	248     	4.113924E+0	1.519985E-3	2.92E+1    	140.00    	14948.05	22.8 	32.5 	4.111096E+0	2.334670E-6 	1.935010E+7	7.171471E+3	-1.597017E+0	6.506407E-5 	4.113924E+0	4.111096E+0
140.0   	249     	4.106971E+0	7.541805E-4	2.58E+1    	140.00    	14950.62	22.8 	32.5 	4.103947E+0	5.889280E-7 	1.938333E+7	3.592121E+3	-1.597937E+0	7.371115E-5 	4.106971E+0	4.103947E+0
140.0   	250     	4.119231E+0	9.911738E-4	2.86E+1    	140.00    	14953.20	22.8 	32.5 	4.116415E+0	1.019332E-6 	1.932513E+7	4.691837E+3	-1.596943E+0	3.271595E-4 	4.119231E+0	4.116415E+0
140.0   	251     	4.323259E+0	1.156610E-3	2.61E+1    	140.00    	14955.78	22.8 	32.5 	4.320032E+0	1.447735E-6 	1.841370E+7	5.026927E+3	-1.598120E+0	2.253886E-4 	4.323259E+0	4.320032E+0
140.0   	252     	4.110606E+0	1.221207E-3	3.01E+1    	140.00    	14958.33	22.8 	32.5 	4.107576E+0	1.523731E-6 	1.936620E+7	5.786190E+3	-1.597950E+0	2.463737E-4 	4.110606E+0	4.107576E+0
140.0   	253     	4.105861E+0	1.303067E-3	2.52E+1    	140.00    	14960.93	22.8 	32.5 	4.102855E+0	1.854745E-6 	1.938853E+7	6.293118E+3	-1.597857E+0	3.036994E-4 	4.105861E+0	4.102855E+0
140.0   	254     	4.107599E+0	1.389472E-3	2.80E+1    	140.00    	14963.50	22.8 	32.5 	4.104732E+0	1.752349E-6 	1.938000E+7	6.402343E+3	-1.597217E+0	3.435598E-4 	4.107599E+0	4.104732E+0
140.0   	255     	4.115368E+0	1.033529E-3	2.58E+1    	140.00    	14966.08	22.8 	32.5 	4.112402E+0	1.059516E-6 	1.934363E+7	4.842864E+3	-1.597640E+0	4.779121E-4 	4.115368E+0	4.112402E+0
140.0   	256     	4.328169E+0	1.191015E-3	2.85E+1    	140.00    	14968.66	22.8 	32.5 	4.326166E+0	1.462024E-6 	1.839020E+7	5.100000E+3	-1.592313E+0	1.662328E-4 	4.328169E+0	4.326166E+0
140.0   	257     	5.637516E+0	2.855830E-4	2.65E+1    	140.00    	14971.24	22.8 	32.5 	5.635518E+0	7.500138E-8 	1.411820E+7	7.000000E+2	-1.589620E+0	1.252996E-4 	5.637516E+0	5.635518E+0
140.0   	258     	8.097030E+0	1.015479E-3	3.35E+1    	140.00    	14973.79	22.8 	32.5 	8.096112E+0	1.041413E-6 	9.828540E+6	1.235759E+3	-1.581443E+0	3.055050E-5 	8.097030E+0	8.096112E+0
140.0   	259     	1.125444E+1	1.046235E-3	3.17E+1    	140.00    	14976.37	22.8 	32.5 	1.125413E+1	1.098552E-6 	7.070860E+6	6.579514E+2	-1.575983E+0	4.618802E-5 	1.125444E+1	1.125413E+1
140.0   	260     	2.370490E+1	1.173774E-3	2.59E+1    	140.00    	14978.92	22.8 	32.5 	2.370403E+1	1.387874E-6 	3.357067E+6	1.665333E+2	-1.564763E+0	1.527525E-5 	2.370490E+1	2.370403E+1
140.0   	261     	2.821431E+1	3.220549E-4	2.83E+1    	140.00    	14981.50	22.8 	32.5 	2.821227E+1	1.030654E-7 	2.820567E+6	3.214550E+1	-1.562303E+0	5.773503E-6 	2.821431E+1	2.821227E+1
140.0   	262     	3.431487E+1	6.354002E-4	2.49E+1    	140.00    	14984.07	22.8 	32.5 	3.431026E+1	3.558583E-7 	2.319193E+6	4.163332E+1	-1.559213E+0	4.932883E-5 	3.431487E+1	3.431026E+1
140.0   	263     	5.030514E+1	1.142425E-3	2.80E+1    	140.00    	14986.65	22.8 	32.5 	5.028704E+1	1.322390E-6 	1.582180E+6	3.605551E+1	-1.551827E+0	5.773503E-6 	5.030514E+1	5.028704E+1
140.0   	264     	1.102619E+2	1.181387E-3	2.89E+1    	140.00    	14989.22	22.8 	32.5 	1.100491E+2	1.606493E-6 	7.224107E+5	8.020806E+0	-1.526853E+0	1.527525E-5 	1.102619E+2	1.100491E+2
160.0   	1       	4.341287E+0	1.596051E-3	8.29E+1    	160.00    	15023.75	22.8 	32.5 	4.338362E+0	2.456280E-6 	1.833657E+7	6.683063E+3	-1.596757E+0	1.457166E-4 	4.341287E+0	4.338362E+0
160.0   	2       	4.422085E+0	6.193173E-4	2.83E+1    	160.00    	15026.06	22.8 	32.5 	4.419660E+0	3.747342E-7 	1.800040E+7	2.505993E+3	-1.594213E+0	1.817507E-4 	4.422085E+0	4.419660E+0
160.0   	3       	5.843305E-1	2.733660E-3	2.72E+1    	160.00    	15028.65	22.8 	32.5 	5.417685E-1	1.837840E-6 	1.414353E+8	5.073267E+5	-1.844043E+0	3.871567E-3 	5.843305E-1	5.417685E-1
160.0   	4       	4.653428E+0	1.412891E-3	2.92E+1    	160.00    	15031.22	22.8 	32.5 	4.650452E+0	1.989390E-6 	1.710630E+7	5.188449E+3	-1.596087E+0	3.286842E-4 	4.653428E+0	4.650452E+0
160.0   	5       	1.162952E+0	2.183107E-3	2.61E+1    	160.00    	15033.80	22.8 	32.5 	1.160236E+0	4.983654E-6 	6.850733E+7	1.302046E+5	-1.619143E+0	4.931869E-4 	1.162952E+0	1.160236E+0
160.0   	6       	4.380128E+0	6.135746E-4	2.86E+1    	160.00    	15036.39	22.8 	32.5 	4.376759E+0	3.405377E-7 	1.817483E+7	2.484619E+3	-1.598533E+0	1.357694E-4 	4.380128E+0	4.376759E+0
160.0   	7       	4.116262E+0	2.241728E-3	3.34E+1    	160.00    	15038.94	22.8 	32.5 	4.113054E+0	5.094450E-6 	1.934000E+7	1.056977E+4	-1.598717E+0	2.354428E-4 	4.116262E+0	4.113054E+0
160.0   	8       	4.123199E+0	4.274346E-4	3.17E+1    	160.00    	15041.51	22.8 	32.5 	4.120082E+0	1.628813E-7 	1.930723E+7	1.942507E+3	-1.598297E+0	2.516611E-4 	4.123199E+0	4.120082E+0
160.0   	9       	4.115485E+0	8.943657E-4	2.93E+1    	160.00    	15044.11	22.8 	32.5 	4.112412E+0	9.023689E-7 	1.934333E+7	4.336281E+3	-1.598123E+0	2.577466E-4 	4.115485E+0	4.112412E+0
160.0   	10      	4.393730E+0	1.393315E-3	2.92E+1    	160.00    	15046.69	22.8 	32.5 	4.379291E+0	1.587970E-6 	1.814143E+7	5.478443E+3	-1.628153E+0	3.785939E-4 	4.393730E+0	4.379291E+0
160.0   	11      	3.881011E+0	6.892379E-3	3.04E+1    	160.00    	15049.23	22.8 	32.5 	3.469002E+0	1.415446E-4 	2.168790E+7	5.645981E+4	-1.238917E+0	2.399173E-3 	3.881011E+0	3.469002E+0
160.0   	12      	1.889833E+0	1.875969E-3	2.77E+1    	160.00    	15051.80	22.8 	32.5 	1.889058E+0	3.419196E-6 	4.211687E+7	4.152160E+4	-1.550557E+0	4.508141E-4 	1.889833E+0	1.889058E+0
160.0   	13      	4.310805E+0	1.695489E-3	2.98E+1    	160.00    	15054.37	22.8 	32.5 	4.306514E+0	2.887636E-6 	1.846920E+7	7.277362E+3	-1.602353E+0	1.026320E-4 	4.310805E+0	4.306514E+0
160.0   	14      	4.105063E+0	6.154946E-4	2.78E+1    	160.00    	15056.96	22.8 	32.5 	4.101762E+0	4.485259E-7 	1.939300E+7	3.034798E+3	-1.599160E+0	3.078961E-4 	4.105063E+0	4.101762E+0
160.0   	15      	4.119943E+0	1.546799E-3	3.20E+1    	160.00    	15059.51	22.8 	32.5 	4.116556E+0	2.353634E-6 	1.932313E+7	7.227955E+3	-1.599473E+0	1.569501E-4 	4.119943E+0	4.116556E+0
160.0   	16      	4.336328E+0	6.046956E-4	3.04E+1    	160.00    	15062.11	22.8 	32.5 	4.333423E+0	4.057995E-7 	1.835750E+7	2.628688E+3	-1.596680E+0	1.734935E-4 	4.336328E+0	4.333423E+0
160.0   	17      	4.129264E+0	8.377574E-4	2.86E+1    	160.00    	15064.65	22.8 	32.5 	4.126032E+0	7.130628E-7 	1.927913E+7	3.924708E+3	-1.598777E+0	3.350124E-4 	4.129264E+0	4.126032E+0
160.0   	18      	3.914176E+0	6.671125E-4	2.74E+1    	160.00    	15067.23	22.8 	32.5 	3.910475E+0	4.090304E-7 	2.034020E+7	3.395585E+3	-1.601550E+0	1.905256E-4 	3.914176E+0	3.910475E+0
160.0   	19      	4.189769E+0	8.442458E-4	2.59E+1    	160.00    	15069.81	22.8 	32.5 	4.187851E+0	6.783462E-7 	1.899763E+7	3.781975E+3	-1.592193E+0	1.137248E-4 	4.189769E+0	4.187851E+0
160.0   	20      	3.908960E+0	5.941514E-4	2.57E+1    	160.00    	15072.37	22.8 	32.5 	3.905382E+0	3.708000E-7 	2.036703E+7	3.134220E+3	-1.601053E+0	1.778576E-4 	3.908960E+0	3.905382E+0
160.0   	21      	4.140976E+0	1.591733E-3	2.98E+1    	160.00    	15074.95	22.8 	32.5 	4.137064E+0	2.474201E-6 	1.922617E+7	7.351417E+3	-1.601540E+0	9.000000E-5 	4.140976E+0	4.137064E+0
160.0   	22      	3.906062E+0	7.449862E-4	2.94E+1    	160.00    	15077.53	22.8 	32.5 	3.902439E+0	5.922694E-7 	2.038227E+7	3.950105E+3	-1.601257E+0	2.829016E-4 	3.906062E+0	3.902439E+0
160.0   	23      	3.900594E+0	1.239875E-3	2.63E+1    	160.00    	15080.11	22.8 	32.5 	3.897004E+0	1.355959E-6 	2.041077E+7	6.291529E+3	-1.601137E+0	3.837100E-4 	3.900594E+0	3.897004E+0
160.0   	24      	3.900775E+0	1.391029E-3	2.63E+1    	160.00    	15082.65	22.8 	32.5 	3.897142E+0	2.026345E-6 	2.040993E+7	7.365007E+3	-1.601317E+0	1.703917E-4 	3.900775E+0	3.897142E+0
160.0   	25      	4.114105E+0	7.016298E-4	2.63E+1    	160.00    	15085.23	22.8 	32.5 	4.104181E+0	4.192444E-7 	1.936597E+7	3.178574E+3	-1.619930E+0	1.473092E-4 	4.114105E+0	4.104181E+0
160.0   	26      	1.397312E+0	2.320363E-3	2.69E+1    	160.00    	15087.82	22.8 	32.5 	1.348475E+0	8.491095E-7 	5.797257E+7	6.784757E+4	-1.382753E+0	2.567106E-3 	1.397312E+0	1.348475E+0
160.0   	27      	4.177586E+0	1.610122E-3	2.84E+1    	160.00    	15090.39	22.8 	32.5 	4.161873E+0	2.293564E-6 	1.908460E+7	7.139328E+3	-1.632163E+0	3.682843E-4 	4.177586E+0	4.161873E+0
160.0   	28      	4.085176E+0	1.159392E-3	2.97E+1    	160.00    	15092.94	22.8 	32.5 	4.080191E+0	1.259313E-6 	1.949147E+7	5.445487E+3	-1.605733E+0	2.250185E-4 	4.085176E+0	4.080191E+0
160.0   	29      	3.896045E+0	8.902894E-4	2.61E+1    	160.00    	15095.51	22.8 	32.5 	3.892421E+0	7.065169E-7 	2.043470E+7	4.539824E+3	-1.601297E+0	2.888483E-4 	3.896045E+0	3.892421E+0
160.0   	30      	3.891723E+0	1.635536E-3	2.64E+1    	160.00    	15098.09	22.8 	32.5 	3.888203E+0	2.720065E-6 	2.045713E+7	8.637901E+3	-1.600873E+0	6.506407E-5 	3.891723E+0	3.888203E+0
160.0   	31      	3.900985E+0	1.164620E-3	2.67E+1    	160.00    	15100.67	22.8 	32.5 	3.897441E+0	1.310909E-6 	2.040860E+7	6.039868E+3	-1.600940E+0	3.912800E-4 	3.900985E+0	3.897441E+0
160.0   	32      	4.113088E+0	6.329001E-4	3.33E+1    	160.00    	15103.22	22.8 	32.5 	4.109878E+0	4.367630E-7 	1.935493E+7	3.043572E+3	-1.598733E+0	2.150194E-4 	4.113088E+0	4.109878E+0
160.0   	33      	4.114889E+0	2.274134E-3	2.99E+1    	160.00    	15105.81	22.8 	32.5 	4.111536E+0	4.989111E-6 	1.934680E+7	1.060141E+4	-1.599347E+0	1.680278E-4 	4.114889E+0	4.111536E+0
160.0   	34      	3.901064E+0	7.148693E-4	2.90E+1    	160.00    	15108.40	22.8 	32.5 	3.897629E+0	4.561714E-7 	2.040790E+7	3.637307E+3	-1.600473E+0	2.003331E-4 	3.901064E+0	3.897629E+0
160.0   	35      	3.896264E+0	2.429206E-3	3.04E+1    	160.00    	15110.97	22.8 	32.5 	3.892687E+0	5.906014E-6 	2.043343E+7	1.274533E+4	-1.601100E+0	1.915724E-4 	3.896264E+0	3.892687E+0
160.0   	36      	3.902405E+0	8.212315E-4	2.94E+1    	160.00    	15113.53	22.8 	32.5 	3.898824E+0	5.505268E-7 	2.040127E+7	4.085748E+3	-1.601093E+0	3.843609E-4 	3.902405E+0	3.898824E+0
160.0   	37      	4.039107E+0	2.981882E-3	2.65E+1    	160.00    	15116.12	22.8 	32.5 	4.026680E+0	8.196969E-6 	1.973213E+7	1.429837E+4	-1.626293E+0	3.372437E-4 	4.039107E+0	4.026680E+0
160.0   	38      	3.894085E+0	6.940112E-4	2.76E+1    	160.00    	15118.69	22.8 	32.5 	3.891371E+0	5.474679E-7 	2.044260E+7	3.764306E+3	-1.597197E+0	2.589080E-4 	3.894085E+0	3.891371E+0
160.0   	39      	3.899479E+0	1.193710E-3	2.94E+1    	160.00    	15121.27	22.8 	32.5 	3.895815E+0	1.262946E-6 	2.041680E+7	6.065476E+3	-1.601453E+0	4.565450E-4 	3.899479E+0	3.895815E+0
160.0   	40      	3.918632E+0	1.155143E-3	3.48E+1    	160.00    	15123.82	22.8 	32.5 	3.911154E+0	1.340542E-6 	2.032687E+7	6.005275E+3	-1.614493E+0	3.055050E-5 	3.918632E+0	3.911154E+0
160.0   	41      	3.763442E+0	1.433248E-3	2.69E+1    	160.00    	15126.41	22.8 	32.5 	3.677002E+0	1.032685E-5 	2.139197E+7	1.311119E+4	-1.418663E+0	1.830883E-3 	3.763442E+0	3.677002E+0
160.0   	42      	4.119963E+0	5.345482E-4	2.59E+1    	160.00    	15128.98	22.8 	32.5 	4.110208E+0	2.135035E-7 	1.933800E+7	2.325941E+3	-1.619473E+0	3.370954E-4 	4.119963E+0	4.110208E+0
160.0   	43      	3.898711E+0	1.149058E-3	2.66E+1    	160.00    	15131.56	22.8 	32.5 	3.895247E+0	1.339491E-6 	2.042030E+7	6.032412E+3	-1.600603E+0	5.674798E-4 	3.898711E+0	3.895247E+0
160.0   	44      	3.896185E+0	6.779988E-4	2.76E+1    	160.00    	15134.14	22.8 	32.5 	3.892738E+0	5.454909E-7 	2.043350E+7	3.716181E+3	-1.600547E+0	2.650157E-4 	3.896185E+0	3.892738E+0
160.0   	45      	3.898982E+0	1.579477E-3	2.89E+1    	160.00    	15136.72	22.8 	32.5 	3.895549E+0	2.492053E-6 	2.041880E+7	8.271034E+3	-1.600473E+0	9.073772E-5 	3.898982E+0	3.895549E+0
160.0   	46      	3.889509E+0	1.075710E-3	2.78E+1    	160.00    	15139.30	22.8 	32.5 	3.885944E+0	1.121688E-6 	2.046890E+7	5.620498E+3	-1.601073E+0	7.371115E-5 	3.889509E+0	3.885944E+0
160.0   	47      	3.891974E+0	1.874759E-3	2.85E+1    	160.00    	15141.83	22.8 	32.5 	3.888231E+0	3.513123E-6 	2.045640E+7	9.853426E+3	-1.601810E+0	2.662705E-4 	3.891974E+0	3.888231E+0
160.0   	48      	4.104613E+0	2.533911E-4	2.84E+1    	160.00    	15144.43	22.8 	32.5 	4.101295E+0	8.243278E-8 	1.939517E+7	1.258306E+3	-1.599230E+0	4.275512E-4 	4.104613E+0	4.101295E+0
160.0   	49      	4.158313E+0	9.107220E-4	2.95E+1    	160.00    	15147.00	22.8 	32.5 	4.155184E+0	9.362883E-7 	1.914417E+7	4.324735E+3	-1.598230E+0	2.645751E-4 	4.158313E+0	4.155184E+0
160.0   	50      	3.899849E+0	1.333355E-3	2.97E+1    	160.00    	15149.58	22.8 	32.5 	3.896146E+0	1.757765E-6 	2.041497E+7	6.961561E+3	-1.601613E+0	2.023199E-4 	3.899849E+0	3.896146E+0
160.0   	51      	3.894295E+0	1.596165E-3	2.81E+1    	160.00    	15152.16	22.8 	32.5 	3.890704E+0	2.802845E-6 	2.044380E+7	8.585453E+3	-1.601163E+0	5.729165E-4 	3.894295E+0	3.890704E+0
160.0   	52      	4.034119E+0	1.478537E-3	3.36E+1    	160.00    	15154.70	22.8 	32.5 	4.021840E+0	2.684264E-6 	1.975620E+7	7.639372E+3	-1.625993E+0	4.300388E-4 	4.034119E+0	4.021840E+0
160.0   	53      	2.850821E+0	8.711955E-3	2.96E+1    	160.00    	15157.30	22.8 	32.5 	2.194013E+0	6.404316E-5 	3.181917E+7	1.060132E+5	-1.070150E+0	7.808329E-4 	2.850821E+0	2.194013E+0
160.0   	54      	4.038328E+0	3.220773E-4	2.59E+1    	160.00    	15159.88	22.8 	32.5 	4.026230E+0	3.824618E-8 	1.973513E+7	1.209683E+3	-1.625557E+0	4.476978E-4 	4.038328E+0	4.026230E+0
160.0   	55      	3.900565E+0	1.129879E-3	3.20E+1    	160.00    	15162.42	22.8 	32.5 	3.896919E+0	1.184640E-6 	2.041107E+7	5.804596E+3	-1.601370E+0	3.241913E-4 	3.900565E+0	3.896919E+0
160.0   	56      	3.895269E+0	2.287595E-3	2.54E+1    	160.00    	15165.01	22.8 	32.5 	3.891840E+0	5.514324E-6 	2.043827E+7	1.216977E+4	-1.600470E+0	3.567913E-4 	3.895269E+0	3.891840E+0
160.0   	57      	3.924992E+0	1.802791E-3	2.53E+1    	160.00    	15167.59	22.8 	32.5 	3.913823E+0	2.943985E-6 	2.030347E+7	9.113909E+3	-1.624167E+0	2.250185E-4 	3.924992E+0	3.913823E+0
160.0   	58      	3.893999E+0	1.528787E-3	2.85E+1    	160.00    	15170.16	22.8 	32.5 	3.890442E+0	2.678351E-6 	2.044527E+7	8.315247E+3	-1.601020E+0	4.680812E-4 	3.893999E+0	3.890442E+0
160.0   	59      	3.890441E+0	2.092763E-3	3.04E+1    	160.00    	15172.74	22.8 	32.5 	3.886659E+0	4.319418E-6 	2.046457E+7	1.097695E+4	-1.601980E+0	1.752142E-4 	3.890441E+0	3.886659E+0
160.0   	60      	3.894996E+0	1.076158E-3	2.96E+1    	160.00    	15175.31	22.8 	32.5 	3.891299E+0	1.120786E-6 	2.044040E+7	5.602678E+3	-1.601610E+0	2.291288E-4 	3.894996E+0	3.891299E+0
160.0   	61      	4.178412E+0	1.177739E-3	3.41E+1    	160.00    	15177.86	22.8 	32.5 	4.175097E+0	1.199343E-6 	1.905247E+7	5.182985E+3	-1.598963E+0	4.101626E-4 	4.178412E+0	4.175097E+0
160.0   	62      	4.180635E+0	1.660530E-3	2.91E+1    	160.00    	15180.47	22.8 	32.5 	4.177569E+0	2.538196E-6 	1.904177E+7	7.409678E+3	-1.597880E+0	4.161730E-4 	4.180635E+0	4.177569E+0
160.0   	63      	3.896553E+0	3.323030E-4	3.41E+1    	160.00    	15183.02	22.8 	32.5 	3.892954E+0	1.334505E-7 	2.043197E+7	1.800926E+3	-1.601190E+0	5.428628E-4 	3.896553E+0	3.892954E+0
160.0   	64      	4.315348E+0	5.913295E-4	2.61E+1    	160.00    	15185.58	22.8 	32.5 	4.311467E+0	3.672627E-7 	1.844887E+7	2.554082E+3	-1.600787E+0	3.372437E-4 	4.315348E+0	4.311467E+0
160.0   	65      	4.178569E+0	2.611005E-3	2.75E+1    	160.00    	15188.17	22.8 	32.5 	4.175352E+0	6.689647E-6 	1.905153E+7	1.185636E+4	-1.598543E+0	2.818392E-4 	4.178569E+0	4.175352E+0
160.0   	66      	3.894547E+0	1.386620E-3	2.62E+1    	160.00    	15190.73	22.8 	32.5 	3.891036E+0	1.984284E-6 	2.044227E+7	7.335076E+3	-1.600823E+0	3.467468E-4 	3.894547E+0	3.891036E+0
160.0   	67      	3.907790E+0	1.502335E-3	2.63E+1    	160.00    	15193.31	22.8 	32.5 	3.904187E+0	2.281173E-6 	2.037320E+7	7.854298E+3	-1.601167E+0	3.214550E-4 	3.907790E+0	3.904187E+0
160.0   	68      	3.900360E+0	5.781231E-4	3.36E+1    	160.00    	15195.86	22.8 	32.5 	3.896767E+0	3.363881E-7 	2.041200E+7	3.031501E+3	-1.601150E+0	9.539392E-5 	3.900360E+0	3.896767E+0
160.0   	69      	4.043180E+0	8.924754E-4	2.70E+1    	160.00    	15198.45	22.8 	32.5 	4.031320E+0	8.432069E-7 	1.971083E+7	4.418522E+3	-1.624983E+0	1.305118E-4 	4.043180E+0	4.031320E+0
160.0   	70      	3.900335E+0	6.938880E-4	3.40E+1    	160.00    	15201.01	22.8 	32.5 	3.896818E+0	3.838225E-7 	2.041193E+7	3.438507E+3	-1.600827E+0	3.189566E-4 	3.900335E+0	3.896818E+0
160.0   	71      	3.897262E+0	1.959845E-3	3.21E+1    	160.00    	15203.58	22.8 	32.5 	3.893797E+0	3.662207E-6 	2.042790E+7	1.015332E+4	-1.600617E+0	1.965536E-4 	3.897262E+0	3.893797E+0
160.0   	72      	3.900791E+0	8.512263E-4	2.92E+1    	160.00    	15206.15	22.8 	32.5 	3.895141E+0	6.325039E-7 	2.041513E+7	4.309679E+3	-1.608863E+0	2.514624E-4 	3.900791E+0	3.895141E+0
160.0   	73      	3.848427E+0	1.486790E-3	2.63E+1    	160.00    	15208.72	22.8 	32.5 	3.823138E+0	2.833039E-6 	2.074620E+7	8.443341E+3	-1.489647E+0	9.529078E-4 	3.848427E+0	3.823138E+0
160.0   	74      	3.902614E+0	2.782497E-3	2.88E+1    	160.00    	15211.31	22.8 	32.5 	3.896861E+0	7.010018E-6 	2.040587E+7	1.419906E+4	-1.609197E+0	6.712178E-4 	3.902614E+0	3.896861E+0
160.0   	75      	3.895475E+0	1.578929E-3	2.85E+1    	160.00    	15213.93	22.8 	32.5 	3.892153E+0	2.467874E-6 	2.043690E+7	8.261356E+3	-1.600000E+0	4.590207E-4 	3.895475E+0	3.892153E+0
160.0   	76      	4.176522E+0	1.733037E-3	2.61E+1    	160.00    	15216.46	22.8 	32.5 	4.173862E+0	2.963153E-6 	1.905960E+7	7.886064E+3	-1.596033E+0	1.429452E-4 	4.176522E+0	4.173862E+0
160.0   	77      	5.780166E-1	1.304742E-3	2.90E+1    	160.00    	15219.03	22.8 	32.5 	5.444288E-1	1.177468E-6 	1.418570E+8	3.003714E+5	-1.814250E+0	8.231039E-4 	5.780166E-1	5.444288E-1
160.0   	78      	5.833791E-1	1.856501E-3	2.92E+1    	160.00    	15221.61	22.8 	32.5 	5.494736E-1	3.078630E-6 	1.405543E+8	4.467800E+5	-1.814273E+0	6.819335E-4 	5.833791E-1	5.494736E-1
160.0   	79      	4.391647E+0	9.516185E-4	3.35E+1    	160.00    	15224.15	22.8 	32.5 	4.388412E+0	9.787951E-7 	1.812687E+7	4.006661E+3	-1.597940E+0	2.193171E-4 	4.391647E+0	4.388412E+0
160.0   	80      	1.562707E+0	6.315338E-4	2.69E+1    	160.00    	15226.75	22.8 	32.5 	1.562435E+0	2.812053E-7 	5.092727E+7	1.893181E+4	-1.557780E+0	2.621240E-3 	1.562707E+0	1.562435E+0
160.0   	81      	4.162412E+0	6.629720E-4	3.15E+1    	160.00    	15229.30	22.8 	32.5 	4.159213E+0	4.643705E-7 	1.912547E+7	3.089229E+3	-1.598523E+0	1.209683E-4 	4.162412E+0	4.159213E+0
160.0   	82      	3.921080E+0	7.188196E-4	2.94E+1    	160.00    	15231.89	22.8 	32.5 	3.917251E+0	6.720523E-7 	2.030470E+7	3.984972E+3	-1.602047E+0	4.437717E-4 	3.921080E+0	3.917251E+0
160.0   	83      	3.919828E+0	1.017745E-3	3.43E+1    	160.00    	15234.44	22.8 	32.5 	3.916342E+0	9.843791E-7 	2.031030E+7	5.208647E+3	-1.600620E+0	2.029778E-4 	3.919828E+0	3.916342E+0
160.0   	84      	3.960515E+0	1.603159E-3	2.57E+1    	160.00    	15237.04	22.8 	32.5 	3.957065E+0	2.499800E-6 	2.010147E+7	8.085378E+3	-1.600317E+0	2.030599E-4 	3.960515E+0	3.957065E+0
160.0   	85      	3.920878E+0	8.405903E-4	2.84E+1    	160.00    	15239.61	22.8 	32.5 	3.917466E+0	7.769739E-7 	2.030467E+7	4.460194E+3	-1.600300E+0	1.946792E-4 	3.920878E+0	3.917466E+0
160.0   	86      	3.920377E+0	2.346573E-4	2.74E+1    	160.00    	15242.18	22.8 	32.5 	3.917092E+0	4.667068E-8 	2.030693E+7	1.167619E+3	-1.599747E+0	8.621678E-5 	3.920377E+0	3.917092E+0
160.0   	87      	3.920833E+0	5.141139E-4	2.89E+1    	160.00    	15244.75	22.8 	32.5 	3.917524E+0	2.799726E-7 	2.030463E+7	2.702468E+3	-1.599853E+0	8.326664E-5 	3.920833E+0	3.917524E+0
160.0   	88      	3.921295E+0	1.304654E-3	3.23E+1    	160.00    	15247.30	22.8 	32.5 	3.918002E+0	1.536363E-6 	2.030220E+7	6.587109E+3	-1.599780E+0	3.342155E-4 	3.921295E+0	3.918002E+0
160.0   	89      	3.927793E+0	1.730417E-3	3.24E+1    	160.00    	15249.87	22.8 	32.5 	3.922370E+0	2.953529E-6 	2.027410E+7	8.908423E+3	-1.607963E+0	6.110101E-5 	3.927793E+0	3.922370E+0
160.0   	90      	3.921059E+0	1.127848E-3	3.11E+1    	160.00    	15252.44	22.8 	32.5 	3.917877E+0	1.219251E-6 	2.030313E+7	5.781292E+3	-1.599287E+0	1.858315E-4 	3.921059E+0	3.917877E+0
160.0   	91      	3.919101E+0	6.757531E-4	2.99E+1    	160.00    	15255.01	22.8 	32.5 	3.915822E+0	4.278173E-7 	2.031353E+7	3.442867E+3	-1.599723E+0	3.187998E-4 	3.919101E+0	3.915822E+0
160.0   	92      	3.918615E+0	7.404566E-4	2.95E+1    	160.00    	15257.59	22.8 	32.5 	3.915330E+0	5.676189E-7 	2.031607E+7	3.868247E+3	-1.599753E+0	3.617089E-4 	3.918615E+0	3.915330E+0
160.0   	93      	4.236095E+0	1.301877E-3	2.91E+1    	160.00    	15260.18	22.8 	32.5 	4.233154E+0	1.689117E-6 	1.879210E+7	5.771482E+3	-1.597147E+0	4.163332E-5 	4.236095E+0	4.233154E+0
160.0   	94      	4.205493E+0	1.552084E-3	2.78E+1    	160.00    	15262.75	22.8 	32.5 	4.202947E+0	2.380750E-6 	1.892800E+7	6.965630E+3	-1.595403E+0	1.750238E-4 	4.205493E+0	4.202947E+0
160.0   	95      	3.918306E+0	2.233175E-3	3.20E+1    	160.00    	15265.31	22.8 	32.5 	3.914857E+0	4.776297E-6 	2.031810E+7	1.145949E+4	-1.600470E+0	1.967232E-4 	3.918306E+0	3.914857E+0
160.0   	96      	4.361690E+0	1.287316E-3	2.98E+1    	160.00    	15267.91	22.8 	32.5 	4.357983E+0	1.400543E-6 	1.825240E+7	5.168172E+3	-1.599950E+0	5.534438E-4 	4.361690E+0	4.357983E+0
160.0   	97      	4.146821E+0	1.273035E-3	3.46E+1    	160.00    	15270.45	22.8 	32.5 	4.143320E+0	1.649812E-6 	1.919810E+7	5.922837E+3	-1.599857E+0	5.507571E-5 	4.146821E+0	4.143320E+0
160.0   	98      	3.911695E+0	1.145365E-3	2.83E+1    	160.00    	15273.05	22.8 	32.5 	3.911237E+0	1.218694E-6 	2.034467E+7	5.848362E+3	-1.581600E+0	6.496922E-4 	3.911695E+0	3.911237E+0
160.0   	99      	3.918575E+0	1.363655E-3	2.54E+1    	160.00    	15275.60	22.8 	32.5 	3.914793E+0	1.679373E-6 	2.031757E+7	6.896618E+3	-1.601867E+0	3.118226E-4 	3.918575E+0	3.914793E+0
160.0   	100     	3.934764E+0	1.064606E-3	2.61E+1    	160.00    	15278.18	22.8 	32.5 	3.931331E+0	1.086872E-6 	2.023303E+7	5.419717E+3	-1.600340E+0	1.442221E-4 	3.934764E+0	3.931331E+0
160.0   	101     	3.920114E+0	6.710464E-4	2.68E+1    	160.00    	15280.77	22.8 	32.5 	3.916724E+0	5.008477E-7 	2.030857E+7	3.572581E+3	-1.600207E+0	1.662328E-4 	3.920114E+0	3.916724E+0
160.0   	102     	3.919280E+0	1.700453E-3	2.87E+1    	160.00    	15283.34	22.8 	32.5 	3.915939E+0	2.913128E-6 	2.031277E+7	8.829685E+3	-1.600000E+0	2.858321E-4 	3.919280E+0	3.915939E+0
160.0   	103     	3.915454E+0	1.953456E-3	2.97E+1    	160.00    	15285.96	22.8 	32.5 	3.911918E+0	3.775932E-6 	2.033313E+7	1.012390E+4	-1.600853E+0	1.443376E-4 	3.915454E+0	3.911918E+0
160.0   	104     	3.914548E+0	1.198583E-3	2.81E+1    	160.00    	15288.49	22.8 	32.5 	3.911155E+0	1.337071E-6 	2.033747E+7	6.115826E+3	-1.600240E+0	3.843176E-4 	3.914548E+0	3.911155E+0
160.0   	105     	3.920107E+0	1.510154E-3	2.55E+1    	160.00    	15291.06	22.8 	32.5 	3.916848E+0	2.256432E-6 	2.030827E+7	7.805340E+3	-1.599630E+0	1.322876E-4 	3.920107E+0	3.916848E+0
160.0   	106     	3.918930E+0	7.600691E-4	2.90E+1    	160.00    	15293.64	22.8 	32.5 	3.915646E+0	7.544151E-7 	2.031443E+7	4.219400E+3	-1.599743E+0	5.560875E-4 	3.918930E+0	3.915646E+0
160.0   	107     	3.913820E+0	5.944924E-4	2.83E+1    	160.00    	15296.25	22.8 	32.5 	3.910395E+0	3.298600E-7 	2.034133E+7	3.035347E+3	-1.600380E+0	2.551470E-4 	3.913820E+0	3.910395E+0
160.0   	108     	3.917257E+0	1.618380E-3	2.87E+1    	160.00    	15298.78	22.8 	32.5 	3.913953E+0	2.292771E-6 	2.032317E+7	8.129166E+3	-1.599840E+0	5.068530E-4 	3.917257E+0	3.913953E+0
160.0   	109     	3.932276E+0	4.599262E-6	2.71E+1    	160.00    	15301.36	22.8 	32.5 	3.928677E+0	3.172313E-9 	2.024627E+7	1.527525E+2	-1.601053E+0	2.254625E-4 	3.932276E+0	3.928677E+0
160.0   	110     	3.915845E+0	1.323899E-3	2.83E+1    	160.00    	15303.91	22.8 	32.5 	3.912526E+0	1.714183E-6 	2.033053E+7	6.839103E+3	-1.599913E+0	1.619671E-4 	3.915845E+0	3.912526E+0
160.0   	111     	3.905624E+0	1.023877E-3	2.71E+1    	160.00    	15306.49	22.8 	32.5 	3.902023E+0	1.173252E-6 	2.038450E+7	5.500000E+3	-1.601163E+0	3.165965E-4 	3.905624E+0	3.902023E+0
160.0   	112     	4.139804E+0	1.053670E-3	2.64E+1    	160.00    	15309.08	22.8 	32.5 	4.136570E+0	1.207341E-6 	1.923003E+7	5.000333E+3	-1.598750E+0	2.645751E-4 	4.139804E+0	4.136570E+0
160.0   	113     	4.129500E+0	1.877764E-3	2.82E+1    	160.00    	15311.66	22.8 	32.5 	4.126212E+0	3.589645E-6 	1.927817E+7	8.809275E+3	-1.599017E+0	1.123981E-4 	4.129500E+0	4.126212E+0
160.0   	114     	3.903945E+0	1.013716E-3	3.38E+1    	160.00    	15314.21	22.8 	32.5 	3.900077E+0	1.072585E-6 	2.039397E+7	5.350078E+3	-1.602277E+0	3.899145E-4 	3.903945E+0	3.900077E+0
160.0   	115     	3.903771E+0	1.303757E-3	2.58E+1    	160.00    	15316.81	22.8 	32.5 	3.900264E+0	1.714771E-6 	2.039393E+7	6.829592E+3	-1.600770E+0	1.389244E-4 	3.903771E+0	3.900264E+0
160.0   	116     	3.919658E+0	9.498138E-4	3.37E+1    	160.00    	15319.37	22.8 	32.5 	3.915946E+0	9.674501E-7 	2.031177E+7	5.008326E+3	-1.601573E+0	3.300505E-4 	3.919658E+0	3.915946E+0
160.0   	117     	3.903504E+0	9.735196E-4	2.69E+1    	160.00    	15321.93	22.8 	32.5 	3.900021E+0	1.072366E-6 	2.039527E+7	5.250079E+3	-1.600670E+0	3.117691E-4 	3.903504E+0	3.900021E+0
160.0   	118     	3.904606E+0	1.789010E-3	3.03E+1    	160.00    	15324.50	22.8 	32.5 	3.901165E+0	3.181885E-6 	2.038940E+7	9.328987E+3	-1.600483E+0	3.274650E-4 	3.904606E+0	3.901165E+0
160.0   	119     	3.902719E+0	2.247597E-4	2.67E+1    	160.00    	15327.10	22.8 	32.5 	3.899454E+0	9.611380E-8 	2.039880E+7	1.389244E+3	-1.599720E+0	4.650806E-4 	3.902719E+0	3.899454E+0
160.0   	120     	3.903235E+0	8.601025E-4	2.96E+1    	160.00    	15329.67	22.8 	32.5 	3.899894E+0	7.321923E-7 	2.039630E+7	4.484417E+3	-1.600060E+0	5.000000E-5 	3.903235E+0	3.899894E+0
160.0   	121     	3.904062E+0	8.902587E-4	3.29E+1    	160.00    	15332.23	22.8 	32.5 	3.900853E+0	7.968538E-7 	2.039163E+7	4.657610E+3	-1.599473E+0	2.309401E-5 	3.904062E+0	3.900853E+0
160.0   	122     	3.903285E+0	7.974436E-4	3.38E+1    	160.00    	15334.80	22.8 	32.5 	3.899985E+0	7.272700E-7 	2.039593E+7	4.309679E+3	-1.599877E+0	4.052571E-4 	3.903285E+0	3.899985E+0
160.0   	123     	3.901727E+0	1.389820E-3	2.66E+1    	160.00    	15337.39	22.8 	32.5 	3.898317E+0	1.909078E-6 	2.040437E+7	7.250057E+3	-1.600363E+0	3.055050E-5 	3.901727E+0	3.898317E+0
160.0   	124     	3.904442E+0	1.351084E-3	2.87E+1    	160.00    	15339.97	22.8 	32.5 	3.899887E+0	1.475100E-6 	2.039317E+7	6.700249E+3	-1.604953E+0	6.252466E-4 	3.904442E+0	3.899887E+0
160.0   	125     	3.906585E+0	2.086144E-3	3.18E+1    	160.00    	15342.51	22.8 	32.5 	3.903004E+0	3.701146E-6 	2.037943E+7	1.046438E+4	-1.601073E+0	6.852980E-4 	3.906585E+0	3.903004E+0
160.0   	126     	3.899507E+0	2.522857E-4	3.51E+1    	160.00    	15345.08	22.8 	32.5 	3.896041E+0	2.853384E-8 	2.041613E+7	1.101514E+3	-1.600613E+0	3.709897E-4 	3.899507E+0	3.896041E+0
160.0   	127     	3.899702E+0	1.035393E-3	3.17E+1    	160.00    	15347.66	22.8 	32.5 	3.896242E+0	1.042378E-6 	2.041510E+7	5.384236E+3	-1.600587E+0	1.266228E-4 	3.899702E+0	3.896242E+0
160.0   	128     	4.118473E+0	6.104722E-4	2.92E+1    	160.00    	15350.25	22.8 	32.5 	4.115171E+0	5.267619E-7 	1.932983E+7	3.137409E+3	-1.599113E+0	4.956141E-4 	4.118473E+0	4.115171E+0
160.0   	129     	4.115231E+0	1.868709E-4	2.93E+1    	160.00    	15352.81	22.8 	32.5 	4.112028E+0	3.111260E-8 	1.934483E+7	8.504901E+2	-1.598697E+0	1.527525E-4 	4.115231E+0	4.112028E+0
160.0   	130     	3.901241E+0	1.991501E-3	2.69E+1    	160.00    	15355.37	22.8 	32.5 	3.897823E+0	3.520976E-6 	2.040693E+7	1.011945E+4	-1.600397E+0	5.021288E-4 	3.901241E+0	3.897823E+0
160.0   	131     	3.897074E+0	1.437553E-3	2.74E+1    	160.00    	15357.95	22.8 	32.5 	3.893565E+0	1.993609E-6 	2.042900E+7	7.470609E+3	-1.600807E+0	1.450287E-4 	3.897074E+0	3.893565E+0
160.0   	132     	3.901038E+0	5.987003E-4	2.61E+1    	160.00    	15360.53	22.8 	32.5 	3.897617E+0	4.019255E-7 	2.040800E+7	3.223352E+3	-1.600413E+0	2.484619E-4 	3.901038E+0	3.897617E+0
160.0   	133     	3.898097E+0	9.762990E-4	3.25E+1    	160.00    	15363.09	22.8 	32.5 	3.894640E+0	9.534556E-7 	2.042350E+7	5.115662E+3	-1.600583E+0	2.000833E-4 	3.898097E+0	3.894640E+0
160.0   	134     	3.901124E+0	4.393873E-4	3.37E+1    	160.00    	15365.66	22.8 	32.5 	3.897799E+0	2.097585E-7 	2.040730E+7	2.338803E+3	-1.599997E+0	3.579572E-4 	3.901124E+0	3.897799E+0
160.0   	135     	3.901973E+0	1.059962E-3	2.55E+1    	160.00    	15368.23	22.8 	32.5 	3.898619E+0	1.059352E-6 	2.040293E+7	5.462905E+3	-1.600120E+0	2.893095E-4 	3.901973E+0	3.898619E+0
160.0   	136     	3.898779E+0	1.216777E-3	2.67E+1    	160.00    	15370.81	22.8 	32.5 	3.895282E+0	1.465221E-6 	2.042003E+7	6.357935E+3	-1.600750E+0	7.937254E-5 	3.898779E+0	3.895282E+0
160.0   	137     	3.899310E+0	2.236879E-3	2.92E+1    	160.00    	15373.37	22.8 	32.5 	3.895909E+0	4.825356E-6 	2.041700E+7	1.161551E+4	-1.600333E+0	2.362908E-4 	3.899310E+0	3.895909E+0
160.0   	138     	3.901015E+0	8.154780E-4	2.90E+1    	160.00    	15375.95	22.8 	32.5 	3.897768E+0	7.037662E-7 	2.040767E+7	4.324735E+3	-1.599650E+0	3.304542E-4 	3.901015E+0	3.897768E+0
160.0   	139     	3.903291E+0	6.300209E-4	2.76E+1    	160.00    	15378.52	22.8 	32.5 	3.898780E+0	3.376361E-7 	2.039907E+7	3.165965E+3	-1.604797E+0	2.055075E-4 	3.903291E+0	3.898780E+0
160.0   	140     	3.869411E+0	1.562820E-3	2.94E+1    	160.00    	15381.08	22.8 	32.5 	3.864932E+0	2.613147E-6 	2.057770E+7	8.453993E+3	-1.536767E+0	5.311622E-4 	3.869411E+0	3.864932E+0
160.0   	141     	3.903968E+0	6.001358E-4	2.84E+1    	160.00    	15383.66	22.8 	32.5 	3.899213E+0	4.728257E-7 	2.039617E+7	3.365016E+3	-1.605700E+0	3.482815E-4 	3.903968E+0	3.899213E+0
160.0   	142     	3.895722E+0	1.731681E-3	2.93E+1    	160.00    	15386.23	22.8 	32.5 	3.892262E+0	2.728385E-6 	2.043597E+7	8.879377E+3	-1.600603E+0	3.723350E-4 	3.895722E+0	3.892262E+0
160.0   	143     	3.898271E+0	1.075339E-3	2.91E+1    	160.00    	15388.82	22.8 	32.5 	3.894784E+0	1.120168E-6 	2.042267E+7	5.589574E+3	-1.600707E+0	2.250185E-4 	3.898271E+0	3.894784E+0
160.0   	144     	4.111062E+0	1.108777E-3	2.92E+1    	160.00    	15391.39	22.8 	32.5 	4.107856E+0	1.208669E-6 	1.936447E+7	5.200321E+3	-1.598723E+0	2.914332E-4 	4.111062E+0	4.107856E+0
160.0   	145     	4.295606E+0	2.418135E-3	2.85E+1    	160.00    	15393.94	22.8 	32.5 	4.292125E+0	6.050184E-6 	1.853283E+7	1.052917E+4	-1.599263E+0	1.882374E-4 	4.295606E+0	4.292125E+0
160.0   	146     	3.897219E+0	1.088832E-3	2.57E+1    	160.00    	15396.51	22.8 	32.5 	3.893573E+0	1.196821E-6 	2.042860E+7	5.723635E+3	-1.601390E+0	1.708801E-4 	3.897219E+0	3.893573E+0
160.0   	147     	3.898435E+0	1.037161E-3	2.74E+1    	160.00    	15399.09	22.8 	32.5 	3.894951E+0	1.052388E-6 	2.042180E+7	5.402777E+3	-1.600693E+0	3.397548E-4 	3.898435E+0	3.894951E+0
160.0   	148     	4.158420E+0	1.551441E-3	2.61E+1    	160.00    	15401.67	22.8 	32.5 	4.155265E+0	2.224525E-6 	1.914373E+7	7.007377E+3	-1.598343E+0	2.569695E-4 	4.158420E+0	4.155265E+0
160.0   	149     	3.899025E+0	7.471879E-4	3.28E+1    	160.00    	15404.23	22.8 	32.5 	3.895442E+0	6.421011E-7 	2.041897E+7	4.055038E+3	-1.601113E+0	2.926317E-4 	3.899025E+0	3.895442E+0
160.0   	150     	3.895206E+0	8.701446E-4	2.82E+1    	160.00    	15406.86	22.8 	32.5 	3.891735E+0	9.557527E-7 	2.043870E+7	4.849742E+3	-1.600650E+0	4.670118E-4 	3.895206E+0	3.891735E+0
160.0   	151     	3.897131E+0	7.915131E-4	2.71E+1    	160.00    	15409.39	22.8 	32.5 	3.893775E+0	6.899702E-7 	2.042830E+7	4.250882E+3	-1.600143E+0	3.008876E-4 	3.897131E+0	3.893775E+0
160.0   	152     	3.897349E+0	1.268139E-3	2.62E+1    	160.00    	15411.95	22.8 	32.5 	3.894116E+0	1.500209E-6 	2.042683E+7	6.536309E+3	-1.599603E+0	2.023199E-4 	3.897349E+0	3.894116E+0
160.0   	153     	3.896228E+0	9.744058E-4	2.74E+1    	160.00    	15414.53	22.8 	32.5 	3.892759E+0	1.324506E-6 	2.043333E+7	5.573449E+3	-1.600633E+0	7.921069E-4 	3.896228E+0	3.892759E+0
160.0   	154     	3.898433E+0	1.259463E-3	2.60E+1    	160.00    	15417.11	22.8 	32.5 	3.895169E+0	1.685006E-6 	2.042123E+7	6.700249E+3	-1.599733E+0	3.189566E-4 	3.898433E+0	3.895169E+0
160.0   	155     	3.896912E+0	8.363566E-4	2.67E+1    	160.00    	15419.68	22.8 	32.5 	3.893422E+0	6.018934E-7 	2.042980E+7	4.215448E+3	-1.600727E+0	5.924807E-4 	3.896912E+0	3.893422E+0
160.0   	156     	3.898668E+0	9.141074E-4	2.59E+1    	160.00    	15422.26	22.8 	32.5 	3.893891E+0	7.529454E-7 	2.042397E+7	4.669404E+3	-1.605807E+0	1.677299E-4 	3.898668E+0	3.893891E+0
160.0   	157     	3.873425E+0	3.340664E-2	2.60E+1    	160.00    	15424.84	22.8 	32.5 	3.869997E+0	1.128665E-3 	2.055460E+7	1.787441E+5	-1.600543E+0	9.529603E-4 	3.873425E+0	3.869997E+0
160.0   	158     	3.895218E+0	1.053606E-3	2.76E+1    	160.00    	15427.39	22.8 	32.5 	3.891864E+0	1.128310E-6 	2.043833E+7	5.553677E+3	-1.600143E+0	7.023769E-5 	3.895218E+0	3.891864E+0
160.0   	159     	3.893847E+0	2.202989E-3	2.65E+1    	160.00    	15429.96	22.8 	32.5 	3.890316E+0	4.796407E-6 	2.044600E+7	1.153256E+4	-1.600913E+0	4.535784E-4 	3.893847E+0	3.890316E+0
160.0   	160     	4.108197E+0	3.300092E-4	2.94E+1    	160.00    	15432.54	22.8 	32.5 	4.104910E+0	1.413444E-7 	1.937817E+7	1.665333E+3	-1.599090E+0	2.080865E-4 	4.108197E+0	4.104910E+0
160.0   	161     	1.886186E+0	2.065439E-3	2.52E+1    	160.00    	15435.11	22.8 	32.5 	1.885726E+0	4.209656E-6 	4.219480E+7	4.608568E+4	-1.586407E+0	3.865661E-4 	1.886186E+0	1.885726E+0
160.0   	162     	4.257453E+0	7.588039E-4	2.98E+1    	160.00    	15437.69	22.8 	32.5 	4.247055E+0	8.369205E-7 	1.871420E+7	3.675595E+3	-1.620233E+0	4.572016E-4 	4.257453E+0	4.247055E+0
160.0   	163     	4.158628E+0	1.123364E-3	2.68E+1    	160.00    	15440.27	22.8 	32.5 	4.155433E+0	1.272684E-6 	1.914287E+7	5.179125E+3	-1.598517E+0	3.881151E-4 	4.158628E+0	4.155433E+0
160.0   	164     	5.808124E-1	5.802156E-4	2.58E+1    	160.00    	15442.84	22.8 	32.5 	5.437585E-1	1.662352E-7 	1.416020E+8	1.020147E+5	-1.826137E+0	1.955411E-3 	5.808124E-1	5.437585E-1
160.0   	165     	4.157799E+0	9.384093E-4	2.61E+1    	160.00    	15445.42	22.8 	32.5 	4.154713E+0	8.975812E-7 	1.914643E+7	4.343194E+3	-1.598040E+0	1.652271E-4 	4.157799E+0	4.154713E+0
160.0   	166     	3.896631E+0	9.205293E-4	3.15E+1    	160.00    	15447.98	22.8 	32.5 	3.893335E+0	8.573496E-7 	2.043077E+7	4.838733E+3	-1.599883E+0	3.082748E-4 	3.896631E+0	3.893335E+0
160.0   	167     	3.897476E+0	1.618402E-3	3.28E+1    	160.00    	15450.55	22.8 	32.5 	3.894193E+0	2.413090E-6 	2.042630E+7	8.314445E+3	-1.599823E+0	3.962743E-4 	3.897476E+0	3.894193E+0
160.0   	168     	3.895561E+0	1.924719E-4	2.57E+1    	160.00    	15453.15	22.8 	32.5 	3.892092E+0	5.216819E-8 	2.043683E+7	1.096966E+3	-1.600640E+0	2.615339E-4 	3.895561E+0	3.892092E+0
160.0   	169     	3.896797E+0	7.882808E-4	2.92E+1    	160.00    	15455.72	22.8 	32.5 	3.893295E+0	6.117034E-7 	2.043043E+7	4.101626E+3	-1.600777E+0	6.132971E-4 	3.896797E+0	3.893295E+0
160.0   	170     	3.898036E+0	2.710874E-4	2.63E+1    	160.00    	15458.30	22.8 	32.5 	3.894777E+0	8.479061E-8 	2.042330E+7	1.473092E+3	-1.599717E+0	1.101514E-4 	3.898036E+0	3.894777E+0
160.0   	171     	3.898534E+0	1.157625E-3	3.01E+1    	160.00    	15460.87	22.8 	32.5 	3.895284E+0	1.518018E-6 	2.042067E+7	6.261257E+3	-1.599673E+0	3.842308E-4 	3.898534E+0	3.895284E+0
160.0   	172     	3.895119E+0	2.252236E-3	2.72E+1    	160.00    	15463.45	22.8 	32.5 	3.891609E+0	5.132561E-6 	2.043927E+7	1.186016E+4	-1.600820E+0	2.000000E-4 	3.895119E+0	3.891609E+0
160.0   	173     	3.892016E+0	7.604617E-4	2.63E+1    	160.00    	15466.00	22.8 	32.5 	3.888327E+0	5.684605E-7 	2.045603E+7	3.980368E+3	-1.601587E+0	1.457166E-4 	3.892016E+0	3.888327E+0
160.0   	174     	3.895024E+0	1.206369E-3	2.80E+1    	160.00    	15468.57	22.8 	32.5 	3.891828E+0	1.665066E-6 	2.043893E+7	6.554642E+3	-1.599443E+0	3.855299E-4 	3.895024E+0	3.891828E+0
160.0   	175     	3.897199E+0	6.821035E-4	2.74E+1    	160.00    	15471.15	22.8 	32.5 	3.893846E+0	4.636635E-7 	2.042793E+7	3.572581E+3	-1.600133E+0	1.386843E-4 	3.897199E+0	3.893846E+0
160.0   	176     	4.108350E+0	6.795842E-4	2.90E+1    	160.00    	15473.72	22.8 	32.5 	4.105124E+0	5.198069E-7 	1.937730E+7	3.304542E+3	-1.598823E+0	1.833939E-4 	4.108350E+0	4.105124E+0
160.0   	177     	4.473736E+0	3.140400E-3	2.74E+1    	160.00    	15476.30	22.8 	32.5 	4.464079E+0	9.778874E-6 	1.780693E+7	1.248292E+4	-1.617273E+0	3.785939E-5 	4.473736E+0	4.464079E+0
160.0   	178     	2.255873E+0	7.741627E-3	2.70E+1    	160.00    	15478.87	22.8 	32.5 	1.670965E+0	4.652784E-5 	4.098767E+7	1.526098E+5	-1.036543E+0	9.265168E-4 	2.255873E+0	1.670965E+0
160.0   	179     	4.080193E+0	2.511679E-3	2.87E+1    	160.00    	15481.45	22.8 	32.5 	4.070392E+0	7.005924E-6 	1.952683E+7	1.235691E+4	-1.619827E+0	3.555747E-4 	4.080193E+0	4.070392E+0
160.0   	180     	4.154802E+0	8.772174E-4	2.73E+1    	160.00    	15484.03	22.8 	32.5 	4.152286E+0	7.534639E-7 	1.915893E+7	4.021608E+3	-1.595403E+0	3.728717E-4 	4.154802E+0	4.152286E+0
160.0   	181     	3.900254E+0	1.881040E-4	3.30E+1    	160.00    	15486.58	22.8 	32.5 	3.897013E+0	2.129659E-8 	2.041163E+7	8.621678E+2	-1.599627E+0	3.102150E-4 	3.900254E+0	3.897013E+0
160.0   	182     	3.894049E+0	7.266880E-4	2.66E+1    	160.00    	15489.17	22.8 	32.5 	3.890595E+0	4.913093E-7 	2.044473E+7	3.742103E+3	-1.600580E+0	3.900000E-4 	3.894049E+0	3.890595E+0
160.0   	183     	3.896505E+0	4.634938E-4	2.85E+1    	160.00    	15491.75	22.8 	32.5 	3.893232E+0	1.456559E-7 	2.043137E+7	2.205297E+3	-1.599780E+0	5.204805E-4 	3.896505E+0	3.893232E+0
160.0   	184     	3.893733E+0	1.096716E-3	2.70E+1    	160.00    	15494.29	22.8 	32.5 	3.890277E+0	1.107429E-6 	2.044640E+7	5.645352E+3	-1.600593E+0	2.042874E-4 	3.893733E+0	3.890277E+0
160.0   	185     	3.892614E+0	2.525812E-4	2.68E+1    	160.00    	15496.89	22.8 	32.5 	3.889365E+0	3.929645E-8 	2.045173E+7	1.184624E+3	-1.599690E+0	2.433105E-4 	3.892614E+0	3.889365E+0
160.0   	186     	3.897594E+0	2.274548E-4	2.95E+1    	160.00    	15499.45	22.8 	32.5 	3.894354E+0	2.468171E-8 	2.042557E+7	1.006645E+3	-1.599630E+0	3.235738E-4 	3.897594E+0	3.894354E+0
160.0   	187     	3.896363E+0	8.424703E-4	2.87E+1    	160.00    	15502.04	22.8 	32.5 	3.893170E+0	6.207799E-7 	2.043190E+7	4.275512E+3	-1.599430E+0	2.645751E-4 	3.896363E+0	3.893170E+0
160.0   	188     	3.893288E+0	1.345834E-3	2.52E+1    	160.00    	15504.61	22.8 	32.5 	3.889846E+0	1.677231E-6 	2.044870E+7	6.939741E+3	-1.600530E+0	2.179449E-4 	3.893288E+0	3.889846E+0
160.0   	189     	3.895882E+0	1.272206E-3	2.87E+1    	160.00    	15507.20	22.8 	32.5 	3.892711E+0	1.810055E-6 	2.043437E+7	6.859543E+3	-1.599323E+0	6.201075E-4 	3.895882E+0	3.892711E+0
160.0   	190     	3.895411E+0	1.390057E-3	2.98E+1    	160.00    	15509.76	22.8 	32.5 	3.892191E+0	2.062172E-6 	2.043697E+7	7.414400E+3	-1.599550E+0	2.740438E-4 	3.895411E+0	3.892191E+0
160.0   	191     	3.892903E+0	5.304251E-4	2.95E+1    	160.00    	15512.30	22.8 	32.5 	3.889418E+0	2.868907E-7 	2.045083E+7	2.800595E+3	-1.600720E+0	9.848858E-5 	3.892903E+0	3.889418E+0
160.0   	192     	4.107063E+0	5.584902E-4	2.78E+1    	160.00    	15514.90	22.8 	32.5 	4.103770E+0	3.311842E-7 	1.938353E+7	2.676440E+3	-1.599113E+0	1.361372E-4 	4.107063E+0	4.103770E+0
160.0   	193     	4.113392E+0	1.249592E-3	3.33E+1    	160.00    	15517.44	22.8 	32.5 	4.110311E+0	1.489075E-6 	1.935320E+7	5.812917E+3	-1.598170E+0	1.609348E-4 	4.113392E+0	4.110311E+0
160.0   	194     	4.077796E+0	3.254887E-3	2.62E+1    	160.00    	15520.05	22.8 	32.5 	4.068089E+0	1.028331E-5 	1.953810E+7	1.550258E+4	-1.619603E+0	3.251666E-4 	4.077796E+0	4.068089E+0
160.0   	195     	4.111679E+0	1.581977E-3	3.19E+1    	160.00    	15522.61	22.8 	32.5 	4.108414E+0	2.138830E-6 	1.936170E+7	7.171471E+3	-1.598977E+0	5.269092E-4 	4.111679E+0	4.108414E+0
160.0   	196     	3.900124E+0	8.172913E-4	2.90E+1    	160.00    	15525.16	22.8 	32.5 	3.896825E+0	6.915711E-7 	2.041247E+7	4.314317E+3	-1.599880E+0	2.800000E-4 	3.900124E+0	3.896825E+0
160.0   	197     	3.895795E+0	1.196904E-3	2.64E+1    	160.00    	15527.74	22.8 	32.5 	3.892481E+0	1.267072E-6 	2.043520E+7	6.091798E+3	-1.599963E+0	3.655589E-4 	3.895795E+0	3.892481E+0
160.0   	198     	3.896627E+0	1.728731E-3	2.59E+1    	160.00    	15530.31	22.8 	32.5 	3.893542E+0	2.933869E-6 	2.043023E+7	9.023488E+3	-1.598940E+0	1.824829E-4 	3.896627E+0	3.893542E+0
160.0   	199     	3.896692E+0	9.335834E-4	2.56E+1    	160.00    	15532.89	22.8 	32.5 	3.893400E+0	9.690070E-7 	2.043043E+7	5.030242E+3	-1.599867E+0	2.444040E-4 	3.896692E+0	3.893400E+0
160.0   	200     	3.893137E+0	8.625343E-4	2.72E+1    	160.00    	15535.45	22.8 	32.5 	3.889959E+0	7.528033E-7 	2.044880E+7	4.539824E+3	-1.599370E+0	3.819686E-4 	3.893137E+0	3.889959E+0
160.0   	201     	3.893924E+0	1.480577E-3	3.07E+1    	160.00    	15538.01	22.8 	32.5 	3.890707E+0	2.224535E-6 	2.044477E+7	7.805340E+3	-1.599543E+0	5.859465E-5 	3.893924E+0	3.890707E+0
160.0   	202     	3.895681E+0	6.638971E-4	3.38E+1    	160.00    	15540.58	22.8 	32.5 	3.892582E+0	4.589661E-7 	2.043523E+7	3.513308E+3	-1.599003E+0	3.646002E-4 	3.895681E+0	3.892582E+0
160.0   	203     	3.894619E+0	2.544718E-4	2.93E+1    	160.00    	15543.19	22.8 	32.5 	3.891446E+0	5.202724E-8 	2.044100E+7	1.252996E+3	-1.599340E+0	3.417601E-4 	3.894619E+0	3.891446E+0
160.0   	204     	3.892312E+0	2.239985E-4	2.57E+1    	160.00    	15545.73	22.8 	32.5 	3.888931E+0	7.427258E-8 	2.045367E+7	1.305118E+3	-1.600273E+0	2.138535E-4 	3.892312E+0	3.888931E+0
160.0   	205     	3.894799E+0	9.923960E-4	2.81E+1    	160.00    	15548.32	22.8 	32.5 	3.891343E+0	1.057229E-6 	2.044080E+7	5.302829E+3	-1.600587E+0	2.768273E-4 	3.894799E+0	3.891343E+0
160.0   	206     	4.114521E+0	7.572536E-4	2.83E+1    	160.00    	15550.89	22.8 	32.5 	4.111208E+0	5.512341E-7 	1.934843E+7	3.521837E+3	-1.599177E+0	3.611556E-4 	4.114521E+0	4.111208E+0
160.0   	207     	3.897810E+0	8.330902E-4	2.77E+1    	160.00    	15553.47	22.8 	32.5 	3.894558E+0	6.658595E-7 	2.042447E+7	4.318950E+3	-1.599680E+0	3.064311E-4 	3.897810E+0	3.894558E+0
160.0   	208     	4.107261E+0	6.627904E-4	3.24E+1    	160.00    	15556.02	22.8 	32.5 	4.104208E+0	4.769370E-7 	1.938203E+7	3.194266E+3	-1.598063E+0	1.266228E-4 	4.107261E+0	4.104208E+0
160.0   	209     	4.108680E+0	1.842750E-3	3.32E+1    	160.00    	15558.58	22.8 	32.5 	4.105785E+0	3.422786E-6 	1.937497E+7	8.711678E+3	-1.597343E+0	4.725816E-5 	4.108680E+0	4.105785E+0
160.0   	210     	4.105879E+0	1.798265E-3	3.48E+1    	160.00    	15561.16	22.8 	32.5 	4.102697E+0	3.123383E-6 	1.938887E+7	8.422787E+3	-1.598637E+0	2.419366E-4 	4.105879E+0	4.102697E+0
160.0   	211     	1.198557E+0	6.547317E-4	2.79E+1    	160.00    	15563.77	22.8 	32.5 	1.191334E+0	3.471251E-7 	6.659537E+7	3.398769E+4	-1.648497E+0	1.351493E-3 	1.198557E+0	1.191334E+0
160.0   	212     	4.107234E+0	1.414201E-3	2.69E+1    	160.00    	15566.30	22.8 	32.5 	4.104250E+0	1.907940E-6 	1.938200E+7	6.593937E+3	-1.597750E+0	5.386093E-4 	4.107234E+0	4.104250E+0
160.0   	213     	3.897022E+0	1.838038E-3	2.64E+1    	160.00    	15568.88	22.8 	32.5 	3.893923E+0	3.322843E-6 	2.042820E+7	9.597395E+3	-1.599000E+0	6.244998E-5 	3.897022E+0	3.893923E+0
160.0   	214     	3.896001E+0	1.130802E-3	2.85E+1    	160.00    	15571.45	22.8 	32.5 	3.892541E+0	1.241952E-6 	2.043450E+7	5.888973E+3	-1.600603E+0	1.686219E-4 	3.896001E+0	3.892541E+0
160.0   	215     	3.972546E+0	1.178868E-3	2.57E+1    	160.00    	15574.04	22.8 	32.5 	3.961236E+0	1.346278E-6 	2.006043E+7	5.907904E+3	-1.624180E+0	2.800000E-4 	3.972546E+0	3.961236E+0
160.0   	216     	3.898492E+0	4.301643E-4	2.56E+1    	160.00    	15576.61	22.8 	32.5 	3.895338E+0	2.213884E-7 	2.042063E+7	2.358672E+3	-1.599243E+0	2.281082E-4 	3.898492E+0	3.895338E+0
160.0   	217     	3.896445E+0	6.057500E-4	2.87E+1    	160.00    	15579.19	22.8 	32.5 	3.893418E+0	3.939482E-7 	2.043103E+7	3.234708E+3	-1.598670E+0	1.053565E-4 	3.896445E+0	3.893418E+0
160.0   	218     	3.899289E+0	1.034616E-3	2.84E+1    	160.00    	15581.77	22.8 	32.5 	3.896069E+0	1.194744E-6 	2.041663E+7	5.571654E+3	-1.599537E+0	2.672702E-4 	3.899289E+0	3.896069E+0
160.0   	219     	4.104645E+0	4.524130E-4	2.88E+1    	160.00    	15584.34	22.8 	32.5 	4.100897E+0	2.058874E-7 	1.939603E+7	2.138535E+3	-1.601020E+0	2.107131E-4 	4.104645E+0	4.100897E+0
160.0   	220     	3.897664E+0	1.790975E-3	3.24E+1    	160.00    	15586.89	22.8 	32.5 	3.894641E+0	3.030382E-6 	2.042463E+7	9.257069E+3	-1.598647E+0	4.373023E-4 	3.897664E+0	3.894641E+0
160.0   	221     	4.113952E+0	1.950329E-3	2.60E+1    	160.00    	15589.49	22.7 	32.5 	4.110785E+0	3.862739E-6 	1.935077E+7	9.213758E+3	-1.598547E+0	1.115049E-4 	4.113952E+0	4.110785E+0
160.0   	222     	1.091610E+0	6.147485E-4	2.82E+1    	160.00    	15592.06	22.8 	32.5 	1.090079E+0	3.104211E-7 	7.295037E+7	3.917018E+4	-1.608240E+0	8.485871E-4 	1.091610E+0	1.090079E+0
160.0   	223     	4.111695E+0	1.111464E-3	2.59E+1    	160.00    	15594.64	22.8 	32.5 	4.108171E+0	1.265607E-6 	1.936223E+7	5.254839E+3	-1.600070E+0	6.819824E-4 	4.111695E+0	4.108171E+0
160.0   	224     	4.107979E+0	1.107923E-3	3.26E+1    	160.00    	15597.19	22.8 	32.5 	4.104846E+0	1.348477E-6 	1.937883E+7	5.353815E+3	-1.598417E+0	2.829016E-4 	4.107979E+0	4.104846E+0
160.0   	225     	4.109075E+0	9.200962E-4	2.62E+1    	160.00    	15599.79	22.8 	32.5 	4.105982E+0	7.551001E-7 	1.937357E+7	4.219400E+3	-1.598237E+0	2.302897E-4 	4.109075E+0	4.105982E+0
160.0   	226     	3.899586E+0	4.524650E-4	3.20E+1    	160.00    	15602.34	22.7 	32.5 	3.896382E+0	1.438011E-7 	2.041503E+7	2.173323E+3	-1.599463E+0	4.062429E-4 	3.899586E+0	3.896382E+0
160.0   	227     	4.106521E+0	9.126411E-4	2.85E+1    	160.00    	15604.94	22.8 	32.5 	4.103380E+0	6.833179E-7 	1.938573E+7	4.106499E+3	-1.598453E+0	3.827967E-4 	4.106521E+0	4.103380E+0
160.0   	228     	3.901593E+0	9.151995E-4	3.18E+1    	160.00    	15607.49	22.8 	32.5 	3.898503E+0	7.645056E-7 	2.040423E+7	4.675824E+3	-1.598940E+0	4.190465E-4 	3.901593E+0	3.898503E+0
160.0   	229     	4.134087E+0	8.310756E-4	2.70E+1    	160.00    	15610.06	22.7 	32.5 	4.129711E+0	7.307481E-7 	1.925930E+7	3.928104E+3	-1.603337E+0	1.556706E-4 	4.134087E+0	4.129711E+0
160.0   	230     	3.973969E+0	9.639266E-4	2.93E+1    	160.00    	15612.63	22.7 	32.5 	3.963202E+0	7.479741E-7 	2.005187E+7	4.618802E+3	-1.622870E+0	2.605763E-4 	3.973969E+0	3.963202E+0
160.0   	231     	3.453266E+0	1.978476E-3	2.67E+1    	160.00    	15615.21	22.7 	32.5 	3.040859E+0	2.548359E-6 	2.455710E+7	1.295029E+4	-1.217940E+0	4.200000E-4 	3.453266E+0	3.040859E+0
160.0   	232     	3.973858E+0	1.939527E-3	2.59E+1    	160.00    	15617.78	22.7 	32.5 	3.963182E+0	3.703589E-6 	2.005220E+7	9.763196E+3	-1.622650E+0	1.039230E-4 	3.973858E+0	3.963182E+0
160.0   	233     	3.894714E+0	9.811254E-4	2.99E+1    	160.00    	15620.36	22.7 	32.5 	3.891567E+0	9.308153E-7 	2.044043E+7	5.101307E+3	-1.599220E+0	4.784349E-4 	3.894714E+0	3.891567E+0
160.0   	234     	4.106071E+0	1.577677E-3	2.92E+1    	160.00    	15622.94	22.7 	32.5 	4.102462E+0	2.519921E-6 	1.938897E+7	7.476853E+3	-1.600450E+0	1.252996E-4 	4.106071E+0	4.102462E+0
160.0   	235     	1.227649E+0	1.519107E-3	2.98E+1    	160.00    	15625.51	22.8 	32.5 	1.226528E+0	2.221765E-6 	6.485070E+7	7.926084E+4	-1.540667E+0	3.024935E-3 	1.227649E+0	1.226528E+0
160.0   	236     	4.103166E+0	1.089101E-3	2.84E+1    	160.00    	15628.09	22.7 	32.5 	4.099529E+0	1.232929E-6 	1.940277E+7	5.200321E+3	-1.600573E+0	2.557994E-4 	4.103166E+0	4.099529E+0
160.0   	237     	3.895602E+0	3.512430E-4	3.09E+1    	160.00    	15630.65	22.8 	32.5 	3.892304E+0	1.377403E-7 	2.043617E+7	1.892969E+3	-1.599897E+0	1.871719E-4 	3.895602E+0	3.892304E+0
160.0   	238     	4.114857E+0	8.348154E-4	2.54E+1    	160.00    	15633.25	22.7 	32.5 	4.111410E+0	6.274267E-7 	1.934717E+7	3.821431E+3	-1.599740E+0	3.897435E-4 	4.114857E+0	4.111410E+0
160.0   	239     	3.897355E+0	1.174556E-3	2.82E+1    	160.00    	15635.83	22.7 	32.5 	3.894212E+0	1.465843E-6 	2.042657E+7	6.252466E+3	-1.599197E+0	2.122106E-4 	3.897355E+0	3.894212E+0
160.0   	240     	4.109241E+0	8.410632E-4	2.56E+1    	160.00    	15638.36	22.7 	32.5 	4.106240E+0	7.960154E-7 	1.937257E+7	4.086971E+3	-1.597823E+0	2.335237E-4 	4.109241E+0	4.106240E+0
160.0   	241     	4.327454E+0	1.006183E-3	2.75E+1    	160.00    	15640.95	22.8 	32.5 	4.324701E+0	1.006156E-6 	1.839483E+7	4.271222E+3	-1.596023E+0	8.082904E-5 	4.327454E+0	4.324701E+0
160.0   	242     	4.119159E+0	1.106013E-3	2.55E+1    	160.00    	15643.52	22.7 	32.5 	4.116132E+0	1.214257E-6 	1.932597E+7	5.179125E+3	-1.597903E+0	2.804164E-4 	4.119159E+0	4.116132E+0
160.0   	243     	4.111790E+0	4.860360E-4	2.54E+1    	160.00    	15646.10	22.7 	32.5 	4.108882E+0	2.457396E-7 	1.936033E+7	2.311565E+3	-1.597393E+0	1.050397E-4 	4.111790E+0	4.108882E+0
160.0   	244     	4.346658E+0	6.604238E-4	2.63E+1    	160.00    	15648.67	22.7 	32.5 	4.342563E+0	4.898799E-7 	1.831637E+7	2.867635E+3	-1.601493E+0	1.504438E-4 	4.346658E+0	4.342563E+0
160.0   	245     	1.243520E+0	1.152042E-3	2.84E+1    	160.00    	15651.25	22.7 	32.5 	1.219099E+0	5.488205E-7 	6.463153E+7	4.941835E+4	-1.430200E+0	1.217497E-3 	1.243520E+0	1.219099E+0
160.0   	246     	4.348282E+0	9.862797E-4	2.67E+1    	160.00    	15653.83	22.7 	32.5 	4.344103E+0	1.128962E-6 	1.830970E+7	4.313931E+3	-1.601803E+0	3.552933E-4 	4.348282E+0	4.344103E+0
160.0   	247     	4.201927E+0	1.766113E-3	2.92E+1    	160.00    	15656.37	22.7 	32.5 	4.192785E+0	3.179775E-6 	1.895897E+7	8.016441E+3	-1.617457E+0	1.563117E-4 	4.201927E+0	4.192785E+0
160.0   	248     	4.111841E+0	9.289634E-4	2.97E+1    	160.00    	15658.94	22.7 	32.5 	4.108945E+0	8.114342E-7 	1.936007E+7	4.308519E+3	-1.597337E+0	1.289703E-4 	4.111841E+0	4.108945E+0
160.0   	249     	4.106167E+0	7.387685E-4	2.82E+1    	160.00    	15661.51	22.7 	32.5 	4.103142E+0	4.854759E-7 	1.938713E+7	3.385754E+3	-1.597940E+0	3.843176E-4 	4.106167E+0	4.103142E+0
160.0   	250     	4.116680E+0	1.011502E-4	2.87E+1    	160.00    	15664.09	22.7 	32.5 	4.113756E+0	1.342234E-8 	1.933737E+7	4.932883E+2	-1.597450E+0	2.586503E-4 	4.116680E+0	4.113756E+0
160.0   	251     	4.320757E+0	1.379742E-3	2.44E+1    	160.00    	15666.68	22.7 	32.5 	4.317514E+0	1.954723E-6 	1.842440E+7	5.925369E+3	-1.598193E+0	1.106044E-4 	4.320757E+0	4.317514E+0
160.0   	252     	4.109919E+0	3.624229E-4	2.64E+1    	160.00    	15669.25	22.7 	32.5 	4.106821E+0	1.539658E-7 	1.936960E+7	1.777639E+3	-1.598253E+0	1.962991E-4 	4.109919E+0	4.106821E+0
160.0   	253     	4.104378E+0	4.923628E-4	2.78E+1    	160.00    	15671.83	22.7 	32.5 	4.101375E+0	2.763858E-7 	1.939553E+7	2.402776E+3	-1.597847E+0	2.956913E-4 	4.104378E+0	4.101375E+0
160.0   	254     	4.105029E+0	9.535814E-4	2.75E+1    	160.00    	15674.41	22.7 	32.5 	4.102149E+0	8.496890E-7 	1.939217E+7	4.427565E+3	-1.597287E+0	3.557152E-4 	4.105029E+0	4.102149E+0
160.0   	255     	4.112497E+0	2.573752E-4	2.76E+1    	160.00    	15676.99	22.7 	32.5 	4.109535E+0	8.087228E-8 	1.935713E+7	1.270171E+3	-1.597637E+0	2.569695E-4 	4.112497E+0	4.109535E+0
160.0   	256     	4.325826E+0	1.273682E-3	2.96E+1    	160.00    	15679.50	22.7 	32.5 	4.323775E+0	1.613821E-6 	1.840027E+7	5.412332E+3	-1.592570E+0	9.539392E-5 	4.325826E+0	4.323775E+0
160.0   	257     	5.636895E+0	1.740926E-3	2.60E+1    	160.00    	15682.09	22.7 	32.5 	5.634862E+0	2.949216E-6 	1.411980E+7	4.331282E+3	-1.589787E+0	1.078579E-4 	5.636895E+0	5.634862E+0
160.0   	258     	8.097342E+0	3.257683E-4	2.60E+1    	160.00    	15684.66	22.7 	32.5 	8.096394E+0	1.190333E-7 	9.828180E+6	4.070626E+2	-1.581617E+0	1.205543E-4 	8.097342E+0	8.096394E+0
160.0   	259     	1.125490E+1	1.169263E-3	2.71E+1    	160.00    	15687.25	22.7 	32.5 	1.125461E+1	1.369639E-6 	7.070563E+6	7.349376E+2	-1.575897E+0	3.214550E-5 	1.125490E+1	1.125461E+1
160.0   	260     	2.370471E+1	1.264802E-3	3.29E+1    	160.00    	15689.81	22.7 	32.5 	2.370385E+1	1.634621E-6 	3.357093E+6	1.800926E+2	-1.564777E+0	8.082904E-5 	2.370471E+1	2.370385E+1
160.0   	261     	2.821283E+1	9.370756E-4	2.58E+1    	160.00    	15692.40	22.7 	32.5 	2.821082E+1	9.094434E-7 	2.820713E+6	9.451631E+1	-1.562360E+0	5.567764E-5 	2.821283E+1	2.821082E+1
160.0   	262     	3.431560E+1	6.093555E-4	2.79E+1    	160.00    	15694.99	22.7 	32.5 	3.431101E+1	3.876620E-7 	2.319143E+6	4.163332E+1	-1.559230E+0	1.732051E-5 	3.431560E+1	3.431101E+1
160.0   	263     	5.030387E+1	1.673545E-3	2.64E+1    	160.00    	15697.50	22.7 	32.5 	5.028577E+1	2.859422E-6 	1.582220E+6	5.291503E+1	-1.551823E+0	2.886751E-5 	5.030387E+1	5.028577E+1
160.0   	264     	1.102590E+2	6.082833E-4	2.66E+1    	160.00    	15700.08	22.7 	32.5 	1.100463E+2	4.373748E-7 	7.224293E+5	4.163332E+0	-1.526857E+0	5.773503E-6 	1.102590E+2	1.100463E+2
180.0   	1       	4.339538E+0	1.654002E-3	8.41E+1    	180.00    	15734.55	22.7 	32.5 	4.336594E+0	2.456435E-6 	1.834400E+7	6.811020E+3	-1.596847E+0	4.272392E-4 	4.339538E+0	4.336594E+0
180.0   	2       	4.416837E+0	2.383835E-3	2.71E+1    	180.00    	15736.78	22.7 	32.5 	4.414427E+0	5.575975E-6 	1.802177E+7	9.681081E+3	-1.594153E+0	3.271595E-4 	4.416837E+0	4.414427E+0
180.0   	3       	5.834709E-1	9.224990E-4	2.83E+1    	180.00    	15739.40	22.7 	32.5 	5.413287E-1	3.867169E-6 	1.415963E+8	3.452308E+5	-1.842867E+0	4.951003E-3 	5.834709E-1	5.413287E-1
180.0   	4       	4.651026E+0	1.278690E-3	2.76E+1    	180.00    	15742.00	22.7 	32.5 	4.647816E+0	1.649705E-6 	1.711557E+7	4.718404E+3	-1.597070E+0	3.000000E-5 	4.651026E+0	4.647816E+0
180.0   	5       	1.165654E+0	4.425287E-4	2.57E+1    	180.00    	15744.58	22.7 	32.5 	1.165649E+0	1.955668E-7 	6.826867E+7	2.590315E+4	-1.572967E+0	3.197395E-4 	1.165654E+0	1.165649E+0
180.0   	6       	4.378402E+0	1.580234E-3	2.78E+1    	180.00    	15747.17	22.7 	32.5 	4.374857E+0	2.404189E-6 	1.818237E+7	6.504101E+3	-1.599257E+0	1.305118E-4 	4.378402E+0	4.374857E+0
180.0   	7       	4.115607E+0	7.148783E-4	2.68E+1    	180.00    	15749.72	22.7 	32.5 	4.112417E+0	4.679593E-7 	1.934303E+7	3.288363E+3	-1.598640E+0	1.400000E-4 	4.115607E+0	4.112417E+0
180.0   	8       	4.116832E+0	2.744226E-3	2.72E+1    	180.00    	15752.31	22.7 	32.5 	4.113748E+0	7.434793E-6 	1.933703E+7	1.284848E+4	-1.598170E+0	7.549834E-5 	4.116832E+0	4.113748E+0
180.0   	9       	4.112490E+0	1.644786E-3	2.76E+1    	180.00    	15754.89	22.7 	32.5 	4.109443E+0	2.386790E-6 	1.935737E+7	7.510215E+3	-1.598020E+0	4.838388E-4 	4.112490E+0	4.109443E+0
180.0   	10      	4.340892E+0	1.137534E-3	2.93E+1    	180.00    	15757.43	22.7 	32.5 	4.330251E+0	9.469729E-7 	1.835457E+7	4.460194E+3	-1.620327E+0	4.619885E-4 	4.340892E+0	4.330251E+0
180.0   	11      	4.173190E+0	2.938898E-3	2.97E+1    	180.00    	15760.02	22.7 	32.5 	4.072238E+0	3.098340E-5 	1.930367E+7	1.927753E+4	-1.414643E+0	2.713602E-3 	4.173190E+0	4.072238E+0
180.0   	12      	1.869223E+0	1.361969E-3	2.71E+1    	180.00    	15762.59	22.7 	32.5 	1.867708E+0	1.869316E-6 	4.258977E+7	3.108590E+4	-1.542327E+0	5.229085E-4 	1.869223E+0	1.867708E+0
180.0   	13      	4.304702E+0	1.512305E-3	2.91E+1    	180.00    	15765.17	22.7 	32.5 	4.300503E+0	2.081089E-6 	1.849520E+7	6.349803E+3	-1.602033E+0	2.569695E-4 	4.304702E+0	4.300503E+0
180.0   	14      	4.105287E+0	9.005909E-4	2.64E+1    	180.00    	15767.75	22.7 	32.5 	4.102060E+0	8.372243E-7 	1.939177E+7	4.285246E+3	-1.598837E+0	3.585155E-4 	4.105287E+0	4.102060E+0
180.0   	15      	4.117710E+0	1.769549E-4	2.64E+1    	180.00    	15770.33	22.7 	32.5 	4.114329E+0	3.043742E-8 	1.933360E+7	8.185353E+2	-1.599453E+0	1.913984E-4 	4.117710E+0	4.114329E+0
180.0   	16      	4.330981E+0	7.222851E-4	3.26E+1    	180.00    	15772.88	22.7 	32.5 	4.328063E+0	4.685207E-7 	1.838020E+7	2.981610E+3	-1.596753E+0	3.763420E-4 	4.330981E+0	4.328063E+0
180.0   	17      	4.127298E+0	1.379588E-3	2.87E+1    	180.00    	15775.48	22.7 	32.5 	4.124090E+0	1.977753E-6 	1.928827E+7	6.512552E+3	-1.598680E+0	1.212436E-4 	4.127298E+0	4.124090E+0
180.0   	18      	3.913283E+0	9.811580E-4	3.41E+1    	180.00    	15778.04	22.7 	32.5 	3.909586E+0	9.783295E-7 	2.034483E+7	5.120872E+3	-1.601537E+0	3.003886E-4 	3.913283E+0	3.909586E+0
180.0   	19      	4.188092E+0	1.356803E-3	3.19E+1    	180.00    	15780.62	22.7 	32.5 	4.186179E+0	1.890387E-6 	1.900523E+7	6.197849E+3	-1.592170E+0	2.364318E-4 	4.188092E+0	4.186179E+0
180.0   	20      	3.906628E+0	6.720204E-4	3.32E+1    	180.00    	15783.19	22.7 	32.5 	3.903087E+0	4.180487E-7 	2.037910E+7	3.439477E+3	-1.600910E+0	1.757840E-4 	3.906628E+0	3.903087E+0
180.0   	21      	4.139872E+0	1.020786E-3	2.73E+1    	180.00    	15785.80	22.7 	32.5 	4.135800E+0	1.055166E-6 	1.923167E+7	4.759552E+3	-1.602167E+0	5.131601E-5 	4.139872E+0	4.135800E+0
180.0   	22      	3.904576E+0	8.524541E-4	2.67E+1    	180.00    	15788.32	22.7 	32.5 	3.900964E+0	6.516525E-7 	2.039000E+7	4.331282E+3	-1.601217E+0	3.754109E-4 	3.904576E+0	3.900964E+0
180.0   	23      	3.900004E+0	3.034275E-4	2.86E+1    	180.00    	15790.91	22.7 	32.5 	3.896423E+0	1.201603E-7 	2.041383E+7	1.700980E+3	-1.601100E+0	2.095233E-4 	3.900004E+0	3.896423E+0
180.0   	24      	3.897548E+0	1.333585E-3	2.80E+1    	180.00    	15793.50	22.7 	32.5 	3.893918E+0	1.840509E-6 	2.042683E+7	7.052895E+3	-1.601317E+0	1.379613E-4 	3.897548E+0	3.893918E+0
180.0   	25      	4.115622E+0	5.586713E-4	2.75E+1    	180.00    	15796.07	22.7 	32.5 	4.105155E+0	2.265782E-7 	1.936010E+7	2.400000E+3	-1.621247E+0	4.717344E-4 	4.115622E+0	4.105155E+0
180.0   	26      	1.418217E+0	2.753800E-3	2.74E+1    	180.00    	15798.64	22.7 	32.5 	1.358711E+0	1.976773E-6 	5.732657E+7	8.527628E+4	-1.364510E+0	2.167856E-3 	1.418217E+0	1.358711E+0
180.0   	27      	4.124153E+0	2.594387E-3	2.75E+1    	180.00    	15801.22	22.7 	32.5 	4.112682E+0	7.050061E-6 	1.932237E+7	1.230867E+4	-1.623560E+0	4.014972E-4 	4.124153E+0	4.112682E+0
180.0   	28      	4.079516E+0	8.926101E-4	3.06E+1    	180.00    	15803.77	22.7 	32.5 	4.074737E+0	7.076191E-7 	1.951803E+7	4.148895E+3	-1.605030E+0	2.389561E-4 	4.079516E+0	4.074737E+0
180.0   	29      	3.895943E+0	1.415171E-4	2.94E+1    	180.00    	15806.37	22.7 	32.5 	3.892319E+0	6.712436E-9 	2.043523E+7	5.859465E+2	-1.601300E+0	2.523886E-4 	3.895943E+0	3.892319E+0
180.0   	30      	3.892017E+0	1.853073E-3	2.79E+1    	180.00    	15808.94	22.7 	32.5 	3.888480E+0	3.666299E-6 	2.045563E+7	9.902693E+3	-1.600947E+0	3.536005E-4 	3.892017E+0	3.888480E+0
180.0   	31      	3.898756E+0	7.112871E-4	3.16E+1    	180.00    	15811.49	22.7 	32.5 	3.895240E+0	3.624855E-7 	2.042020E+7	3.439477E+3	-1.600827E+0	4.933896E-4 	3.898756E+0	3.895240E+0
180.0   	32      	4.110836E+0	5.716016E-4	2.88E+1    	180.00    	15814.08	22.7 	32.5 	4.107629E+0	3.168656E-7 	1.936553E+7	2.672702E+3	-1.598727E+0	1.250333E-4 	4.110836E+0	4.107629E+0
180.0   	33      	4.113480E+0	8.411850E-4	3.28E+1    	180.00    	15816.64	22.7 	32.5 	4.110081E+0	6.061150E-7 	1.935353E+7	3.808324E+3	-1.599543E+0	4.050103E-4 	4.113480E+0	4.110081E+0
180.0   	34      	3.900531E+0	6.311686E-4	2.97E+1    	180.00    	15819.23	22.7 	32.5 	3.897093E+0	3.519761E-7 	2.041070E+7	3.204684E+3	-1.600490E+0	1.757840E-4 	3.900531E+0	3.897093E+0
180.0   	35      	3.894095E+0	9.922839E-4	3.19E+1    	180.00    	15821.78	22.7 	32.5 	3.890561E+0	9.349627E-7 	2.044470E+7	5.141984E+3	-1.600923E+0	2.977135E-4 	3.894095E+0	3.890561E+0
180.0   	36      	3.898477E+0	2.080734E-3	2.59E+1    	180.00    	15824.38	22.7 	32.5 	3.894897E+0	4.466043E-6 	2.042183E+7	1.099288E+4	-1.601107E+0	2.064784E-4 	3.898477E+0	3.894897E+0
180.0   	37      	4.012703E+0	5.599589E-4	2.81E+1    	180.00    	15826.94	22.7 	32.5 	3.999847E+0	3.836548E-7 	1.986323E+7	2.891943E+3	-1.627430E+0	4.044750E-4 	4.012703E+0	3.999847E+0
180.0   	38      	3.893881E+0	8.711434E-4	2.54E+1    	180.00    	15829.53	22.7 	32.5 	3.890928E+0	7.356030E-7 	2.044430E+7	4.539824E+3	-1.598337E+0	1.616581E-4 	3.893881E+0	3.890928E+0
180.0   	39      	3.897055E+0	1.064621E-3	2.87E+1    	180.00    	15832.07	22.7 	32.5 	3.893469E+0	9.236293E-7 	2.042930E+7	5.311309E+3	-1.601133E+0	4.331666E-4 	3.897055E+0	3.893469E+0
180.0   	40      	3.924043E+0	1.007314E-3	2.98E+1    	180.00    	15834.67	22.7 	32.5 	3.916003E+0	1.267888E-6 	2.030027E+7	5.519360E+3	-1.616077E+0	4.195633E-4 	3.924043E+0	3.916003E+0
180.0   	41      	3.726636E+0	2.033744E-3	2.56E+1    	180.00    	15837.21	22.7 	32.5 	3.607514E+0	8.119531E-6 	2.170340E+7	1.446271E+4	-1.391043E+0	7.061397E-4 	3.726636E+0	3.607514E+0
180.0   	42      	4.122071E+0	4.237236E-4	2.67E+1    	180.00    	15839.79	22.7 	32.5 	4.111579E+0	1.560057E-7 	1.932983E+7	1.921805E+3	-1.621270E+0	7.211103E-5 	4.122071E+0	4.111579E+0
180.0   	43      	3.897819E+0	1.006161E-3	2.93E+1    	180.00    	15842.36	22.7 	32.5 	3.894359E+0	1.027376E-6 	2.042497E+7	5.293707E+3	-1.600593E+0	1.900877E-4 	3.897819E+0	3.894359E+0
180.0   	44      	3.894417E+0	2.064459E-3	2.56E+1    	180.00    	15844.94	22.7 	32.5 	3.891027E+0	4.432006E-6 	2.044263E+7	1.094638E+4	-1.600303E+0	2.173323E-4 	3.894417E+0	3.891027E+0
180.0   	45      	3.898943E+0	3.009291E-3	2.70E+1    	180.00    	15847.51	22.7 	32.5 	3.895540E+0	9.074136E-6 	2.041893E+7	1.578047E+4	-1.600343E+0	2.516611E-5 	3.898943E+0	3.895540E+0
180.0   	46      	3.888291E+0	1.620532E-3	2.64E+1    	180.00    	15850.09	22.7 	32.5 	3.884593E+0	2.398185E-6 	2.047567E+7	8.350050E+3	-1.601637E+0	3.010537E-4 	3.888291E+0	3.884593E+0
180.0   	47      	3.889807E+0	2.292040E-3	2.94E+1    	180.00    	15852.67	22.7 	32.5 	3.886027E+0	5.434535E-6 	2.046790E+7	1.216553E+4	-1.601977E+0	1.709776E-4 	3.889807E+0	3.886027E+0
180.0   	48      	4.104352E+0	1.317088E-3	2.82E+1    	180.00    	15855.25	22.7 	32.5 	4.100992E+0	1.765646E-6 	1.939650E+7	6.255398E+3	-1.599413E+0	8.962886E-5 	4.104352E+0	4.100992E+0
180.0   	49      	4.157323E+0	2.973222E-4	2.99E+1    	180.00    	15857.84	22.7 	32.5 	4.154176E+0	1.246093E-7 	1.914877E+7	1.497776E+3	-1.598310E+0	2.551470E-4 	4.157323E+0	4.154176E+0
180.0   	50      	3.898741E+0	1.596580E-3	2.92E+1    	180.00    	15860.41	22.7 	32.5 	3.894976E+0	2.490770E-6 	2.042093E+7	8.316450E+3	-1.601877E+0	1.209683E-4 	3.898741E+0	3.894976E+0
180.0   	51      	3.892037E+0	1.461555E-3	2.63E+1    	180.00    	15862.92	22.7 	32.5 	3.888535E+0	2.497168E-6 	2.045543E+7	7.993956E+3	-1.600793E+0	6.164684E-4 	3.892037E+0	3.888535E+0
180.0   	52      	4.002130E+0	4.574761E-4	2.63E+1    	180.00    	15865.50	22.7 	32.5 	3.989459E+0	1.666130E-7 	1.991533E+7	2.157159E+3	-1.627093E+0	1.069268E-4 	4.002130E+0	3.989459E+0
180.0   	53      	3.185739E+0	5.685028E-3	2.97E+1    	180.00    	15868.08	22.7 	32.5 	2.597843E+0	4.006665E-5 	2.766177E+7	5.842519E+4	-1.126767E+0	6.994522E-4 	3.185739E+0	2.597843E+0
180.0   	54      	4.010155E+0	1.054933E-3	2.56E+1    	180.00    	15870.66	22.7 	32.5 	3.997397E+0	1.044990E-6 	1.987563E+7	5.152022E+3	-1.627230E+0	1.833030E-4 	4.010155E+0	3.997397E+0
180.0   	55      	3.899609E+0	1.247007E-3	2.76E+1    	180.00    	15873.23	22.7 	32.5 	3.895991E+0	1.536522E-6 	2.041600E+7	6.510760E+3	-1.601263E+0	8.144528E-5 	3.899609E+0	3.895991E+0
180.0   	56      	3.894513E+0	5.284608E-5	2.94E+1    	180.00    	15875.81	22.7 	32.5 	3.891095E+0	1.579755E-8 	2.044220E+7	4.582576E+2	-1.600427E+0	3.550117E-4 	3.894513E+0	3.891095E+0
180.0   	57      	3.927343E+0	7.198610E-4	3.41E+1    	180.00    	15878.36	22.7 	32.5 	3.915696E+0	7.332252E-7 	2.029253E+7	4.067350E+3	-1.625280E+0	4.257934E-4 	3.927343E+0	3.915696E+0
180.0   	58      	3.891870E+0	2.125367E-3	2.80E+1    	180.00    	15880.95	22.7 	32.5 	3.888246E+0	4.623899E-6 	2.045663E+7	1.124292E+4	-1.601317E+0	1.761628E-4 	3.891870E+0	3.888246E+0
180.0   	59      	3.891397E+0	8.277711E-4	2.71E+1    	180.00    	15883.53	22.7 	32.5 	3.887717E+0	6.196516E-7 	2.045927E+7	4.221769E+3	-1.601543E+0	7.626489E-4 	3.891397E+0	3.887717E+0
180.0   	60      	3.893682E+0	1.112539E-3	3.24E+1    	180.00    	15886.08	22.7 	32.5 	3.889934E+0	1.080053E-6 	2.044743E+7	5.651843E+3	-1.601823E+0	2.987195E-4 	3.893682E+0	3.889934E+0
180.0   	61      	4.177211E+0	2.181781E-3	2.65E+1    	180.00    	15888.65	22.7 	32.5 	4.173962E+0	4.517565E-6 	1.905780E+7	9.832090E+3	-1.598690E+0	2.351595E-4 	4.177211E+0	4.173962E+0
180.0   	62      	4.178893E+0	7.497831E-4	2.63E+1    	180.00    	15891.23	22.7 	32.5 	4.175800E+0	5.176431E-7 	1.904977E+7	3.350124E+3	-1.598003E+0	1.415392E-4 	4.178893E+0	4.175800E+0
180.0   	63      	3.895243E+0	7.583285E-4	2.80E+1    	180.00    	15893.80	22.7 	32.5 	3.891610E+0	5.311136E-7 	2.043893E+7	3.899145E+3	-1.601340E+0	3.223352E-4 	3.895243E+0	3.891610E+0
180.0   	64      	4.314089E+0	1.018522E-3	2.68E+1    	180.00    	15896.42	22.7 	32.5 	4.310233E+0	1.069592E-6 	1.845420E+7	4.392038E+3	-1.600697E+0	9.073772E-5 	4.314089E+0	4.310233E+0
180.0   	65      	4.177156E+0	2.217880E-3	2.79E+1    	180.00    	15898.96	22.7 	32.5 	4.174002E+0	4.840216E-6 	1.905783E+7	1.008183E+4	-1.598277E+0	4.026578E-4 	4.177156E+0	4.174002E+0
180.0   	66      	3.894008E+0	5.114421E-4	2.65E+1    	180.00    	15901.53	22.7 	32.5 	3.890534E+0	2.021889E-7 	2.044500E+7	2.523886E+3	-1.600670E+0	2.662705E-4 	3.894008E+0	3.890534E+0
180.0   	67      	3.906839E+0	7.298026E-4	3.50E+1    	180.00    	15904.08	22.7 	32.5 	3.903349E+0	5.520987E-7 	2.037787E+7	3.842308E+3	-1.600690E+0	1.417745E-4 	3.906839E+0	3.903349E+0
180.0   	68      	3.899033E+0	5.521176E-4	3.40E+1    	180.00    	15906.65	22.7 	32.5 	3.895562E+0	3.461729E-7 	2.041863E+7	2.987195E+3	-1.600637E+0	1.877054E-4 	3.899033E+0	3.895562E+0
180.0   	69      	4.009413E+0	8.292968E-4	3.29E+1    	180.00    	15909.22	22.7 	32.5 	3.996822E+0	7.475779E-7 	1.987890E+7	4.203570E+3	-1.626863E+0	1.556706E-4 	4.009413E+0	3.996822E+0
180.0   	70      	3.897759E+0	4.788961E-4	2.95E+1    	180.00    	15911.81	22.7 	32.5 	3.894304E+0	2.375010E-7 	2.042527E+7	2.532456E+3	-1.600570E+0	8.544004E-5 	3.897759E+0	3.894304E+0
180.0   	71      	3.895284E+0	5.504401E-4	2.66E+1    	180.00    	15914.39	22.7 	32.5 	3.891771E+0	2.114222E-7 	2.043840E+7	2.651415E+3	-1.600830E+0	3.893584E-4 	3.895284E+0	3.891771E+0
180.0   	72      	3.902227E+0	1.283728E-3	3.17E+1    	180.00    	15916.94	22.7 	32.5 	3.896112E+0	1.836122E-6 	2.040883E+7	6.906036E+3	-1.610390E+0	2.426932E-4 	3.902227E+0	3.896112E+0
180.0   	73      	3.837807E+0	2.301697E-3	3.20E+1    	180.00    	15919.52	22.7 	32.5 	3.802521E+0	1.152885E-5 	2.083113E+7	1.553362E+4	-1.474770E+0	1.544571E-3 	3.837807E+0	3.802521E+0
180.0   	74      	3.903972E+0	3.199312E-4	2.89E+1    	180.00    	15922.11	22.7 	32.5 	3.898139E+0	3.341916E-7 	2.039897E+7	2.345918E+3	-1.609453E+0	8.732315E-4 	3.903972E+0	3.898139E+0
180.0   	75      	3.894615E+0	2.068251E-3	3.49E+1    	180.00    	15924.66	22.7 	32.5 	3.891299E+0	4.846303E-6 	2.044140E+7	1.120536E+4	-1.599977E+0	7.072718E-4 	3.894615E+0	3.891299E+0
180.0   	76      	4.175459E+0	7.024576E-4	3.11E+1    	180.00    	15927.24	22.7 	32.5 	4.172879E+0	5.521852E-7 	1.906427E+7	3.300505E+3	-1.595657E+0	2.375570E-4 	4.175459E+0	4.172879E+0
180.0   	77      	5.799833E-1	1.536283E-3	2.93E+1    	180.00    	15929.86	22.7 	32.5 	5.462999E-1	1.398618E-6 	1.413737E+8	3.404076E+5	-1.814180E+0	9.801530E-4 	5.799833E-1	5.462999E-1
180.0   	78      	5.838297E-1	3.356686E-4	2.76E+1    	180.00    	15932.40	22.7 	32.5 	5.505375E-1	4.556417E-8 	1.403633E+8	5.101307E+4	-1.811920E+0	1.339104E-3 	5.838297E-1	5.505375E-1
180.0   	79      	4.392115E+0	2.070549E-3	2.84E+1    	180.00    	15934.97	22.7 	32.5 	4.388672E+0	4.121910E-6 	1.812537E+7	8.463057E+3	-1.598797E+0	1.844813E-4 	4.392115E+0	4.388672E+0
180.0   	80      	1.566043E+0	3.073312E-4	2.51E+1    	180.00    	15937.56	22.7 	32.5 	1.565289E+0	1.397155E-7 	5.082660E+7	1.105305E+4	-1.548857E+0	9.874378E-4 	1.566043E+0	1.565289E+0
180.0   	81      	4.159067E+0	5.270467E-4	2.96E+1    	180.00    	15940.14	22.7 	32.5 	4.155891E+0	3.247403E-7 	1.914080E+7	2.523886E+3	-1.598433E+0	2.413158E-4 	4.159067E+0	4.155891E+0
180.0   	82      	3.919753E+0	1.576510E-3	3.25E+1    	180.00    	15942.68	22.7 	32.5 	3.915968E+0	2.464261E-6 	2.031147E+7	8.154344E+3	-1.601877E+0	6.658328E-5 	3.919753E+0	3.915968E+0
180.0   	83      	3.919015E+0	1.441111E-3	3.15E+1    	180.00    	15945.26	22.7 	32.5 	3.915536E+0	1.965423E-6 	2.031450E+7	7.369532E+3	-1.600593E+0	2.371357E-4 	3.919015E+0	3.915536E+0
180.0   	84      	3.959882E+0	1.067269E-3	3.39E+1    	180.00    	15947.83	22.7 	32.5 	3.956398E+0	1.361073E-6 	2.010477E+7	5.665980E+3	-1.600457E+0	6.767816E-4 	3.959882E+0	3.956398E+0
180.0   	85      	3.919875E+0	1.069538E-3	3.31E+1    	180.00    	15950.41	22.7 	32.5 	3.916527E+0	1.034243E-6 	2.030970E+7	5.406478E+3	-1.600027E+0	3.234708E-4 	3.919875E+0	3.916527E+0
180.0   	86      	3.919005E+0	2.012442E-4	2.93E+1    	180.00    	15953.00	22.7 	32.5 	3.915673E+0	4.964079E-8 	2.031417E+7	1.096966E+3	-1.599960E+0	1.571623E-4 	3.919005E+0	3.915673E+0
180.0   	87      	3.920690E+0	9.975007E-4	2.78E+1    	180.00    	15955.59	22.7 	32.5 	3.917371E+0	9.860828E-7 	2.030540E+7	5.156549E+3	-1.599893E+0	8.326664E-5 	3.920690E+0	3.917371E+0
180.0   	88      	3.921193E+0	6.480541E-4	2.75E+1    	180.00    	15958.13	22.7 	32.5 	3.917872E+0	3.810084E-7 	2.030280E+7	3.274141E+3	-1.599900E+0	2.749545E-4 	3.921193E+0	3.917872E+0
180.0   	89      	3.928261E+0	1.431428E-3	2.92E+1    	180.00    	15960.70	22.7 	32.5 	3.922573E+0	1.907060E-6 	2.027237E+7	7.259017E+3	-1.608857E+0	2.608320E-4 	3.928261E+0	3.922573E+0
180.0   	90      	3.920597E+0	7.693812E-4	2.64E+1    	180.00    	15963.28	22.7 	32.5 	3.917373E+0	7.950831E-7 	2.030563E+7	4.303874E+3	-1.599473E+0	5.450076E-4 	3.920597E+0	3.917373E+0
180.0   	91      	3.916480E+0	7.790216E-4	2.66E+1    	180.00    	15965.87	22.7 	32.5 	3.913213E+0	5.760055E-7 	2.032710E+7	3.988734E+3	-1.599683E+0	3.023795E-4 	3.916480E+0	3.913213E+0
180.0   	92      	3.919280E+0	1.093748E-3	2.75E+1    	180.00    	15968.45	22.7 	32.5 	3.915964E+0	1.308523E-6 	2.031270E+7	5.800000E+3	-1.599887E+0	2.967041E-4 	3.919280E+0	3.915964E+0
180.0   	93      	4.235864E+0	1.044619E-3	2.65E+1    	180.00    	15971.03	22.7 	32.5 	4.232964E+0	1.099878E-6 	1.879303E+7	4.645787E+3	-1.596967E+0	4.163332E-5 	4.235864E+0	4.232964E+0
180.0   	94      	4.203402E+0	9.385485E-5	2.71E+1    	180.00    	15973.58	22.7 	32.5 	4.200820E+0	3.631186E-9 	1.893750E+7	3.464102E+2	-1.595587E+0	1.692139E-4 	4.203402E+0	4.200820E+0
180.0   	95      	3.918547E+0	6.288274E-4	2.90E+1    	180.00    	15976.16	22.7 	32.5 	3.915103E+0	2.739879E-7 	2.031683E+7	2.987195E+3	-1.600443E+0	4.750088E-4 	3.918547E+0	3.915103E+0
180.0   	96      	4.360630E+0	1.093114E-3	2.73E+1    	180.00    	15978.73	22.7 	32.5 	4.356973E+0	1.234306E-6 	1.825673E+7	4.614470E+3	-1.599760E+0	2.722132E-4 	4.360630E+0	4.356973E+0
180.0   	97      	4.144663E+0	2.651477E-3	2.70E+1    	180.00    	15981.31	22.7 	32.5 	4.141279E+0	7.278642E-6 	1.920783E+7	1.240013E+4	-1.599373E+0	2.665208E-4 	4.144663E+0	4.141279E+0
180.0   	98      	3.910863E+0	1.498981E-3	2.61E+1    	180.00    	15983.89	22.7 	32.5 	3.910225E+0	2.193585E-6 	2.034947E+7	7.752634E+3	-1.583567E+0	1.800926E-4 	3.910863E+0	3.910225E+0
180.0   	99      	3.916231E+0	7.689319E-4	2.61E+1    	180.00    	15986.43	22.7 	32.5 	3.912551E+0	5.247465E-7 	2.032947E+7	3.875994E+3	-1.601457E+0	2.490649E-4 	3.916231E+0	3.912551E+0
180.0   	100     	3.933997E+0	2.899117E-4	2.82E+1    	180.00    	15989.00	22.7 	32.5 	3.930388E+0	8.537327E-8 	2.023743E+7	1.497776E+3	-1.601090E+0	4.000000E-5 	3.933997E+0	3.930388E+0
180.0   	101     	3.919679E+0	1.968700E-3	2.91E+1    	180.00    	15991.58	22.7 	32.5 	3.916376E+0	3.713961E-6 	2.031060E+7	1.009505E+4	-1.599830E+0	2.066398E-4 	3.919679E+0	3.916376E+0
180.0   	102     	3.919300E+0	1.665722E-4	2.71E+1    	180.00    	15994.17	22.7 	32.5 	3.915995E+0	2.294182E-8 	2.031257E+7	8.082904E+2	-1.599837E+0	2.829016E-4 	3.919300E+0	3.915995E+0
180.0   	103     	3.915105E+0	9.418538E-4	2.83E+1    	180.00    	15996.73	22.7 	32.5 	3.911739E+0	8.790611E-7 	2.033450E+7	4.881598E+3	-1.600123E+0	1.514376E-4 	3.915105E+0	3.911739E+0
180.0   	104     	3.914171E+0	1.931116E-3	2.71E+1    	180.00    	15999.32	22.7 	32.5 	3.910788E+0	3.926024E-6 	2.033940E+7	1.017251E+4	-1.600200E+0	2.260531E-4 	3.914171E+0	3.910788E+0
180.0   	105     	3.918949E+0	5.711499E-4	3.36E+1    	180.00    	16001.86	22.7 	32.5 	3.915780E+0	4.557702E-7 	2.031403E+7	3.231615E+3	-1.599233E+0	4.673685E-4 	3.918949E+0	3.915780E+0
180.0   	106     	3.918360E+0	1.169552E-3	2.84E+1    	180.00    	16004.43	22.7 	32.5 	3.915124E+0	1.532924E-6 	2.031727E+7	6.242863E+3	-1.599537E+0	3.707200E-4 	3.918360E+0	3.915124E+0
180.0   	107     	3.913014E+0	2.781858E-4	2.64E+1    	180.00    	16007.02	22.7 	32.5 	3.909586E+0	7.226685E-8 	2.034553E+7	1.422439E+3	-1.600400E+0	5.567764E-5 	3.913014E+0	3.909586E+0
180.0   	108     	3.914668E+0	1.575099E-3	2.84E+1    	180.00    	16009.59	22.7 	32.5 	3.911291E+0	2.484869E-6 	2.033680E+7	8.190238E+3	-1.600170E+0	4.358899E-5 	3.914668E+0	3.911291E+0
180.0   	109     	3.930144E+0	1.284905E-3	2.67E+1    	180.00    	16012.21	22.7 	32.5 	3.926580E+0	1.761030E-6 	2.025717E+7	6.730032E+3	-1.600913E+0	3.900427E-4 	3.930144E+0	3.926580E+0
180.0   	110     	3.912852E+0	1.407138E-4	2.67E+1    	180.00    	16014.75	22.7 	32.5 	3.909556E+0	2.036321E-8 	2.034603E+7	7.371115E+2	-1.599823E+0	1.527525E-5 	3.912852E+0	3.909556E+0
180.0   	111     	3.903880E+0	1.061672E-3	2.79E+1    	180.00    	16017.29	22.7 	32.5 	3.900283E+0	1.189088E-6 	2.039360E+7	5.624055E+3	-1.601153E+0	1.361372E-4 	3.903880E+0	3.900283E+0
180.0   	112     	4.137361E+0	2.737139E-4	3.01E+1    	180.00    	16019.87	22.7 	32.5 	4.134282E+0	1.136516E-7 	1.924103E+7	1.415392E+3	-1.598077E+0	3.682843E-4 	4.137361E+0	4.134282E+0
180.0   	113     	4.127463E+0	8.748971E-4	2.67E+1    	180.00    	16022.45	22.7 	32.5 	4.124095E+0	6.797354E-7 	1.928787E+7	3.971566E+3	-1.599363E+0	2.581343E-4 	4.127463E+0	4.124095E+0
180.0   	114     	3.901851E+0	1.119337E-3	2.50E+1    	180.00    	16025.07	22.7 	32.5 	3.898067E+0	1.339686E-6 	2.040470E+7	5.955670E+3	-1.601943E+0	2.098412E-4 	3.901851E+0	3.898067E+0
180.0   	115     	3.900844E+0	2.138720E-3	3.03E+1    	180.00    	16027.60	22.7 	32.5 	3.897405E+0	4.536279E-6 	2.040907E+7	1.117333E+4	-1.600490E+0	7.937254E-5 	3.900844E+0	3.897405E+0
180.0   	116     	3.918660E+0	1.442452E-3	2.95E+1    	180.00    	16030.17	22.7 	32.5 	3.915068E+0	2.330332E-6 	2.031663E+7	7.696969E+3	-1.601077E+0	4.401515E-4 	3.918660E+0	3.915068E+0
180.0   	117     	3.902853E+0	9.957545E-4	2.75E+1    	180.00    	16032.75	22.7 	32.5 	3.899384E+0	9.263798E-7 	2.039863E+7	5.118919E+3	-1.600613E+0	1.692139E-4 	3.902853E+0	3.899384E+0
180.0   	118     	3.903771E+0	1.127358E-3	2.78E+1    	180.00    	16035.29	22.7 	32.5 	3.900328E+0	1.042667E-6 	2.039377E+7	5.614564E+3	-1.600493E+0	4.707795E-4 	3.903771E+0	3.900328E+0
180.0   	119     	3.903196E+0	1.310532E-3	2.58E+1    	180.00    	16037.87	22.7 	32.5 	3.899934E+0	1.674932E-6 	2.039630E+7	6.808818E+3	-1.599710E+0	1.153256E-4 	3.903196E+0	3.899934E+0
180.0   	120     	3.904032E+0	5.398871E-4	2.62E+1    	180.00    	16040.44	22.7 	32.5 	3.900653E+0	3.474082E-7 	2.039223E+7	2.948446E+3	-1.600220E+0	2.851315E-4 	3.904032E+0	3.900653E+0
180.0   	121     	3.903096E+0	3.633262E-4	2.84E+1    	180.00    	16043.02	22.7 	32.5 	3.899854E+0	1.364622E-7 	2.039677E+7	1.913984E+3	-1.599620E+0	1.300000E-4 	3.903096E+0	3.899854E+0
180.0   	122     	3.901967E+0	1.548522E-3	2.85E+1    	180.00    	16045.60	22.7 	32.5 	3.898702E+0	2.284689E-6 	2.040273E+7	8.000208E+3	-1.599727E+0	3.214550E-4 	3.901967E+0	3.898702E+0
180.0   	123     	3.899306E+0	8.566828E-4	2.75E+1    	180.00    	16048.17	22.7 	32.5 	3.895924E+0	8.861935E-7 	2.041697E+7	4.707795E+3	-1.600250E+0	4.471018E-4 	3.899306E+0	3.895924E+0
180.0   	124     	3.904714E+0	2.631523E-3	2.64E+1    	180.00    	16050.75	22.7 	32.5 	3.900102E+0	7.004348E-6 	2.039190E+7	1.378840E+4	-1.605170E+0	9.643651E-5 	3.904714E+0	3.900102E+0
180.0   	125     	3.905324E+0	7.631016E-4	2.82E+1    	180.00    	16053.29	22.7 	32.5 	3.901773E+0	5.952896E-7 	2.038593E+7	4.006661E+3	-1.600953E+0	1.159023E-4 	3.905324E+0	3.901773E+0
180.0   	126     	3.897764E+0	5.009150E-4	2.96E+1    	180.00    	16055.88	22.7 	32.5 	3.894299E+0	2.532295E-7 	2.042527E+7	2.631223E+3	-1.600617E+0	1.193035E-4 	3.897764E+0	3.894299E+0
180.0   	127     	3.900224E+0	7.839558E-4	2.65E+1    	180.00    	16058.46	22.7 	32.5 	3.896789E+0	7.425304E-7 	2.041230E+7	4.303487E+3	-1.600473E+0	4.821134E-4 	3.900224E+0	3.896789E+0
180.0   	128     	4.115312E+0	4.552494E-4	2.94E+1    	180.00    	16061.03	22.7 	32.5 	4.112018E+0	2.572561E-7 	1.934467E+7	2.259056E+3	-1.599087E+0	3.308071E-4 	4.115312E+0	4.112018E+0
180.0   	129     	4.113274E+0	9.031179E-4	2.74E+1    	180.00    	16063.61	22.7 	32.5 	4.110088E+0	6.453654E-7 	1.935400E+7	4.014972E+3	-1.598627E+0	4.628535E-4 	4.113274E+0	4.110088E+0
180.0   	130     	3.899680E+0	1.278447E-3	2.85E+1    	180.00    	16066.19	22.7 	32.5 	3.896238E+0	1.500157E-6 	2.041517E+7	6.553116E+3	-1.600510E+0	2.882707E-4 	3.899680E+0	3.896238E+0
180.0   	131     	3.895673E+0	1.628055E-3	2.98E+1    	180.00    	16068.76	22.7 	32.5 	3.892171E+0	2.984833E-6 	2.043633E+7	8.808140E+3	-1.600783E+0	4.324735E-4 	3.895673E+0	3.892171E+0
180.0   	132     	3.900559E+0	8.683633E-4	2.57E+1    	180.00    	16071.31	22.7 	32.5 	3.897052E+0	7.160205E-7 	2.041073E+7	4.488132E+3	-1.600783E+0	1.266228E-4 	3.900559E+0	3.897052E+0
180.0   	133     	3.896720E+0	1.111798E-3	2.64E+1    	180.00    	16073.88	22.7 	32.5 	3.893271E+0	9.682657E-7 	2.043070E+7	5.494543E+3	-1.600550E+0	5.766281E-4 	3.896720E+0	3.893271E+0
180.0   	134     	3.899913E+0	2.665297E-3	2.98E+1    	180.00    	16076.47	22.7 	32.5 	3.896580E+0	7.053668E-6 	2.041367E+7	1.393425E+4	-1.600037E+0	4.725816E-5 	3.899913E+0	3.896580E+0
180.0   	135     	3.900052E+0	4.415167E-4	3.07E+1    	180.00    	16079.05	22.7 	32.5 	3.896642E+0	2.103208E-7 	2.041313E+7	2.350177E+3	-1.600367E+0	2.995552E-4 	3.900052E+0	3.896642E+0
180.0   	136     	3.897241E+0	1.799169E-3	3.16E+1    	180.00    	16081.60	22.7 	32.5 	3.893805E+0	3.293789E-6 	2.042793E+7	9.474351E+3	-1.600493E+0	9.609024E-5 	3.897241E+0	3.893805E+0
180.0   	137     	3.898026E+0	1.784918E-3	2.62E+1    	180.00    	16084.20	22.7 	32.5 	3.894572E+0	3.338442E-6 	2.042387E+7	9.468016E+3	-1.600563E+0	3.055050E-4 	3.898026E+0	3.894572E+0
180.0   	138     	3.899565E+0	6.713364E-4	2.71E+1    	180.00    	16086.78	22.7 	32.5 	3.896276E+0	4.724017E-7 	2.041537E+7	3.557152E+3	-1.599840E+0	1.249000E-4 	3.899565E+0	3.896276E+0
180.0   	139     	3.902884E+0	9.446942E-4	2.70E+1    	180.00    	16089.32	22.7 	32.5 	3.898474E+0	9.153785E-7 	2.040093E+7	4.969239E+3	-1.604417E+0	2.335237E-4 	3.902884E+0	3.898474E+0
180.0   	140     	3.865320E+0	1.753936E-3	2.93E+1    	180.00    	16091.91	22.7 	32.5 	3.860426E+0	3.106964E-6 	2.060060E+7	9.374433E+3	-1.535207E+0	1.404754E-4 	3.865320E+0	3.860426E+0
180.0   	141     	3.901258E+0	1.375996E-3	2.76E+1    	180.00    	16094.49	22.7 	32.5 	3.896520E+0	1.832761E-6 	2.041030E+7	7.146328E+3	-1.605650E+0	9.165151E-5 	3.901258E+0	3.896520E+0
180.0   	142     	3.893534E+0	1.356679E-3	2.95E+1    	180.00    	16097.06	22.7 	32.5 	3.890107E+0	1.898889E-6 	2.044737E+7	7.184242E+3	-1.600470E+0	1.833030E-4 	3.893534E+0	3.890107E+0
180.0   	143     	3.895438E+0	1.590597E-3	2.49E+1    	180.00    	16099.64	22.7 	32.5 	3.891911E+0	2.499656E-6 	2.043763E+7	8.324262E+3	-1.600893E+0	3.511885E-5 	3.895438E+0	3.891911E+0
180.0   	144     	4.110103E+0	7.020215E-4	2.62E+1    	180.00    	16102.25	22.7 	32.5 	4.106820E+0	5.631868E-7 	1.936917E+7	3.423935E+3	-1.599060E+0	2.137756E-4 	4.110103E+0	4.106820E+0
180.0   	145     	4.295956E+0	8.282167E-4	2.63E+1    	180.00    	16104.78	22.7 	32.5 	4.292469E+0	7.247138E-7 	1.853133E+7	3.622614E+3	-1.599290E+0	2.233831E-4 	4.295956E+0	4.292469E+0
180.0   	146     	3.896709E+0	1.003723E-3	2.75E+1    	180.00    	16107.35	22.7 	32.5 	3.893041E+0	9.592959E-7 	2.043133E+7	5.200321E+3	-1.601480E+0	2.000000E-4 	3.896709E+0	3.893041E+0
180.0   	147     	3.898741E+0	1.735156E-3	2.70E+1    	180.00    	16109.97	22.7 	32.5 	3.895307E+0	2.674826E-6 	2.042007E+7	8.828552E+3	-1.600480E+0	4.300000E-4 	3.898741E+0	3.895307E+0
180.0   	148     	4.155812E+0	8.607031E-4	2.62E+1    	180.00    	16112.51	22.7 	32.5 	4.152665E+0	8.359492E-7 	1.915573E+7	4.091862E+3	-1.598317E+0	2.891943E-4 	4.155812E+0	4.152665E+0
180.0   	149     	3.898458E+0	2.912613E-4	2.94E+1    	180.00    	16115.08	22.7 	32.5 	3.894876E+0	9.490264E-8 	2.042193E+7	1.563117E+3	-1.601113E+0	2.571640E-4 	3.898458E+0	3.894876E+0
180.0   	150     	3.894893E+0	1.463666E-3	2.67E+1    	180.00    	16117.66	22.7 	32.5 	3.891427E+0	2.094281E-6 	2.044033E+7	7.637626E+3	-1.600627E+0	3.484729E-4 	3.894893E+0	3.891427E+0
180.0   	151     	3.895647E+0	1.482893E-3	3.09E+1    	180.00    	16120.21	22.7 	32.5 	3.892349E+0	2.279593E-6 	2.043593E+7	7.852600E+3	-1.599897E+0	2.013289E-4 	3.895647E+0	3.892349E+0
180.0   	152     	3.896606E+0	7.134830E-4	2.74E+1    	180.00    	16122.80	22.7 	32.5 	3.893206E+0	5.858824E-7 	2.043117E+7	3.878574E+3	-1.600340E+0	2.622975E-4 	3.896606E+0	3.893206E+0
180.0   	153     	3.894221E+0	7.748015E-4	2.75E+1    	180.00    	16125.38	22.7 	32.5 	3.890702E+0	4.907953E-7 	2.044400E+7	3.874274E+3	-1.600857E+0	3.231615E-4 	3.894221E+0	3.890702E+0
180.0   	154     	3.896218E+0	1.586938E-3	2.71E+1    	180.00    	16127.95	22.7 	32.5 	3.892998E+0	2.383050E-6 	2.043273E+7	8.209953E+3	-1.599543E+0	2.909181E-4 	3.896218E+0	3.892998E+0
180.0   	155     	3.893667E+0	1.795718E-3	2.95E+1    	180.00    	16130.53	22.7 	32.5 	3.890229E+0	3.418785E-6 	2.044670E+7	9.568699E+3	-1.600510E+0	4.911212E-4 	3.893667E+0	3.890229E+0
180.0   	156     	3.896895E+0	1.685481E-3	3.44E+1    	180.00    	16133.08	22.7 	32.5 	3.892093E+0	2.608087E-6 	2.043333E+7	8.658137E+3	-1.605903E+0	3.444319E-4 	3.896895E+0	3.892093E+0
180.0   	157     	3.896142E+0	1.006566E-2	2.98E+1    	180.00    	16135.67	22.7 	32.5 	3.893251E+0	1.221836E-4 	2.043237E+7	5.531332E+4	-1.597737E+0	5.020780E-3 	3.896142E+0	3.893251E+0
180.0   	158     	3.895889E+0	9.461136E-4	3.22E+1    	180.00    	16138.22	22.7 	32.5 	3.892551E+0	8.904810E-7 	2.043477E+7	4.957150E+3	-1.600073E+0	1.123981E-4 	3.895889E+0	3.892551E+0
180.0   	159     	3.893511E+0	1.836862E-3	2.58E+1    	180.00    	16140.79	22.7 	32.5 	3.889992E+0	3.343730E-6 	2.044773E+7	9.630334E+3	-1.600863E+0	3.214550E-5 	3.893511E+0	3.889992E+0
180.0   	160     	4.106881E+0	3.758735E-4	2.58E+1    	180.00    	16143.39	22.7 	32.5 	4.103571E+0	1.548819E-7 	1.938443E+7	1.814754E+3	-1.599187E+0	1.656301E-4 	4.106881E+0	4.103571E+0
180.0   	161     	1.884979E+0	2.413146E-3	3.03E+1    	180.00    	16145.95	22.7 	32.5 	1.884564E+0	5.904187E-6 	4.222133E+7	5.428419E+4	-1.585640E+0	5.565070E-4 	1.884979E+0	1.884564E+0
180.0   	162     	4.264125E+0	4.358450E-4	3.14E+1    	180.00    	16148.51	22.7 	32.5 	4.254129E+0	2.052263E-7 	1.868400E+7	1.900000E+3	-1.619230E+0	4.844585E-4 	4.264125E+0	4.254129E+0
180.0   	163     	4.158751E+0	3.293713E-4	2.96E+1    	180.00    	16151.11	22.7 	32.5 	4.155541E+0	1.280570E-7 	1.914233E+7	1.582193E+3	-1.598580E+0	1.249000E-4 	4.158751E+0	4.155541E+0
180.0   	164     	5.808227E-1	1.860998E-3	3.09E+1    	180.00    	16153.66	22.7 	32.5 	5.438888E-1	2.956212E-6 	1.415847E+8	4.505489E+5	-1.825717E+0	2.706166E-4 	5.808227E-1	5.438888E-1
180.0   	165     	4.157661E+0	2.453507E-3	3.39E+1    	180.00    	16156.23	22.7 	32.5 	4.154519E+0	5.868575E-6 	1.914720E+7	1.123432E+4	-1.598290E+0	1.276715E-4 	4.157661E+0	4.154519E+0
180.0   	166     	3.895889E+0	1.484599E-3	2.78E+1    	180.00    	16158.83	22.7 	32.5 	3.892590E+0	2.196123E-6 	2.043467E+7	7.782245E+3	-1.599903E+0	2.886751E-5 	3.895889E+0	3.892590E+0
180.0   	167     	3.896285E+0	3.425190E-4	2.91E+1    	180.00    	16161.41	22.7 	32.5 	3.893057E+0	1.095754E-7 	2.043240E+7	1.752142E+3	-1.599580E+0	3.874274E-4 	3.896285E+0	3.893057E+0
180.0   	168     	3.893538E+0	1.172289E-3	2.61E+1    	180.00    	16163.94	22.7 	32.5 	3.890053E+0	1.105092E-6 	2.044750E+7	5.841233E+3	-1.600717E+0	5.200321E-4 	3.893538E+0	3.890053E+0
180.0   	169     	3.892864E+0	6.112602E-4	2.96E+1    	180.00    	16166.53	22.7 	32.5 	3.889394E+0	5.403961E-7 	2.045100E+7	3.538361E+3	-1.600653E+0	5.363146E-4 	3.892864E+0	3.889394E+0
180.0   	170     	3.895836E+0	1.118257E-3	2.80E+1    	180.00    	16169.11	22.7 	32.5 	3.892554E+0	1.085038E-6 	2.043490E+7	5.666569E+3	-1.599827E+0	3.356089E-4 	3.895836E+0	3.892554E+0
180.0   	171     	3.896263E+0	1.032974E-3	2.91E+1    	180.00    	16171.69	22.7 	32.5 	3.892928E+0	1.212735E-6 	2.043280E+7	5.597321E+3	-1.600057E+0	3.324655E-4 	3.896263E+0	3.892928E+0
180.0   	172     	3.893940E+0	4.785771E-4	2.67E+1    	180.00    	16174.27	22.7 	32.5 	3.890475E+0	2.791793E-7 	2.044533E+7	2.640707E+3	-1.600630E+0	3.251154E-4 	3.893940E+0	3.890475E+0
180.0   	173     	3.891447E+0	9.377369E-4	2.71E+1    	180.00    	16176.84	22.7 	32.5 	3.887717E+0	1.029033E-6 	2.045913E+7	5.132576E+3	-1.601760E+0	3.751000E-4 	3.891447E+0	3.887717E+0
180.0   	174     	3.894116E+0	1.335588E-3	2.88E+1    	180.00    	16179.37	22.7 	32.5 	3.890782E+0	1.648851E-6 	2.044407E+7	6.880649E+3	-1.600057E+0	2.227854E-4 	3.894116E+0	3.890782E+0
180.0   	175     	3.895465E+0	5.822865E-4	2.69E+1    	180.00    	16181.94	22.7 	32.5 	3.892061E+0	3.966331E-7 	2.043717E+7	3.177001E+3	-1.600360E+0	3.269557E-4 	3.895465E+0	3.892061E+0
180.0   	176     	4.106198E+0	1.387763E-3	2.70E+1    	180.00    	16184.52	22.7 	32.5 	4.102914E+0	1.958252E-6 	1.938760E+7	6.579514E+3	-1.599080E+0	2.851315E-4 	4.106198E+0	4.102914E+0
180.0   	177     	4.470194E+0	3.463012E-3	2.94E+1    	180.00    	16187.09	22.7 	32.5 	4.460651E+0	1.360187E-5 	1.782083E+7	1.426336E+4	-1.617017E+0	5.697660E-4 	4.470194E+0	4.460651E+0
180.0   	178     	2.213825E+0	2.479708E-2	2.84E+1    	180.00    	16189.67	22.7 	32.5 	1.643039E+0	2.205821E-4 	4.172770E+7	4.245797E+5	-1.038220E+0	1.861961E-3 	2.213825E+0	1.643039E+0
180.0   	179     	4.078801E+0	2.091485E-3	2.76E+1    	180.00    	16192.25	22.7 	32.5 	4.069070E+0	4.470027E-6 	1.953333E+7	1.008034E+4	-1.619660E+0	1.800000E-4 	4.078801E+0	4.069070E+0
180.0   	180     	4.154581E+0	1.102534E-3	3.29E+1    	180.00    	16194.80	22.7 	32.5 	4.152046E+0	1.190437E-6 	1.916000E+7	5.058656E+3	-1.595500E+0	2.905168E-4 	4.154581E+0	4.152046E+0
180.0   	181     	3.898378E+0	6.126503E-4	2.69E+1    	180.00    	16197.39	22.7 	32.5 	3.895110E+0	3.250016E-7 	2.042153E+7	3.098925E+3	-1.599753E+0	2.074448E-4 	3.898378E+0	3.895110E+0
180.0   	182     	3.892837E+0	8.002624E-4	2.59E+1    	180.00    	16199.97	22.7 	32.5 	3.889358E+0	5.054639E-7 	2.045117E+7	3.971566E+3	-1.600697E+0	3.855299E-4 	3.892837E+0	3.889358E+0
180.0   	183     	3.896152E+0	2.440710E-3	2.96E+1    	180.00    	16202.55	22.7 	32.5 	3.892977E+0	5.773727E-6 	2.043297E+7	1.270289E+4	-1.599347E+0	1.789786E-4 	3.896152E+0	3.892977E+0
180.0   	184     	3.892598E+0	3.353535E-4	2.81E+1    	180.00    	16205.07	22.7 	32.5 	3.889089E+0	8.285512E-8 	2.045250E+7	1.637071E+3	-1.600827E+0	2.182506E-4 	3.892598E+0	3.889089E+0
180.0   	185     	3.892103E+0	1.896966E-3	2.89E+1    	180.00    	16207.67	22.7 	32.5 	3.888799E+0	3.670917E-6 	2.045457E+7	1.002015E+4	-1.599937E+0	5.021288E-4 	3.892103E+0	3.888799E+0
180.0   	186     	3.895791E+0	8.938900E-4	2.97E+1    	180.00    	16210.25	22.7 	32.5 	3.892599E+0	8.668979E-7 	2.043490E+7	4.788528E+3	-1.599427E+0	1.721434E-4 	3.895791E+0	3.892599E+0
180.0   	187     	3.896062E+0	1.552827E-3	3.10E+1    	180.00    	16212.80	22.7 	32.5 	3.892963E+0	2.573217E-6 	2.043323E+7	8.281505E+3	-1.599003E+0	3.106981E-4 	3.896062E+0	3.892963E+0
180.0   	188     	3.891739E+0	1.387090E-3	2.81E+1    	180.00    	16215.39	22.7 	32.5 	3.888338E+0	2.068824E-6 	2.045673E+7	7.429895E+3	-1.600360E+0	2.805352E-4 	3.891739E+0	3.888338E+0
180.0   	189     	3.894248E+0	8.193237E-4	2.79E+1    	180.00    	16217.97	22.7 	32.5 	3.890992E+0	7.696588E-7 	2.044317E+7	4.455708E+3	-1.599713E+0	2.627420E-4 	3.894248E+0	3.890992E+0
180.0   	190     	3.895361E+0	1.423823E-3	2.72E+1    	180.00    	16220.51	22.7 	32.5 	3.892190E+0	1.920902E-6 	2.043710E+7	7.374958E+3	-1.599330E+0	1.670329E-4 	3.895361E+0	3.892190E+0
180.0   	191     	3.890837E+0	1.983810E-3	3.29E+1    	180.00    	16223.09	22.7 	32.5 	3.887289E+0	3.803849E-6 	2.046187E+7	1.035197E+4	-1.600997E+0	2.154840E-4 	3.890837E+0	3.887289E+0
180.0   	192     	4.104844E+0	1.214739E-3	2.82E+1    	180.00    	16225.69	22.7 	32.5 	4.101544E+0	1.428833E-6 	1.939403E+7	5.692393E+3	-1.599150E+0	4.063250E-4 	4.104844E+0	4.101544E+0
180.0   	193     	4.110289E+0	5.482193E-4	2.53E+1    	180.00    	16228.27	22.7 	32.5 	4.107144E+0	3.921957E-7 	1.936797E+7	2.746513E+3	-1.598457E+0	7.241777E-4 	4.110289E+0	4.107144E+0
180.0   	194     	4.072895E+0	1.114314E-3	2.61E+1    	180.00    	16230.81	22.7 	32.5 	4.062841E+0	1.226841E-6 	1.956247E+7	5.329478E+3	-1.620500E+0	3.961060E-4 	4.072895E+0	4.062841E+0
180.0   	195     	4.109562E+0	2.240074E-4	2.91E+1    	180.00    	16233.38	22.7 	32.5 	4.106343E+0	4.437512E-8 	1.937157E+7	1.021437E+3	-1.598790E+0	1.637071E-4 	4.109562E+0	4.106343E+0
180.0   	196     	3.900397E+0	1.204099E-3	2.59E+1    	180.00    	16235.98	22.7 	32.5 	3.897138E+0	1.605742E-6 	2.041093E+7	6.468642E+3	-1.599707E+0	2.850146E-4 	3.900397E+0	3.897138E+0
180.0   	197     	3.892865E+0	8.008450E-4	3.50E+1    	180.00    	16238.53	22.7 	32.5 	3.889495E+0	7.422870E-7 	2.045073E+7	4.366158E+3	-1.600220E+0	3.671512E-4 	3.892865E+0	3.889495E+0
180.0   	198     	3.896252E+0	6.986650E-4	2.82E+1    	180.00    	16241.10	22.7 	32.5 	3.893053E+0	4.307405E-7 	2.043250E+7	3.553871E+3	-1.599453E+0	1.882374E-4 	3.896252E+0	3.893053E+0
180.0   	199     	3.895290E+0	1.560759E-3	2.59E+1    	180.00    	16243.68	22.7 	32.5 	3.892160E+0	2.195146E-6 	2.043737E+7	7.985821E+3	-1.599143E+0	3.611556E-4 	3.895290E+0	3.892160E+0
180.0   	200     	3.894436E+0	2.828925E-4	2.70E+1    	180.00    	16246.28	22.7 	32.5 	3.891198E+0	3.219074E-8 	2.044213E+7	1.209683E+3	-1.599633E+0	4.921721E-4 	3.894436E+0	3.891198E+0
180.0   	201     	3.893407E+0	1.699417E-3	2.92E+1    	180.00    	16248.84	22.7 	32.5 	3.890096E+0	2.709786E-6 	2.044773E+7	8.784835E+3	-1.599960E+0	3.857460E-4 	3.893407E+0	3.890096E+0
180.0   	202     	3.894434E+0	5.605496E-4	2.99E+1    	180.00    	16251.42	22.7 	32.5 	3.891327E+0	3.214338E-7 	2.044180E+7	2.959730E+3	-1.599047E+0	8.326664E-5 	3.894434E+0	3.891327E+0
180.0   	203     	3.892250E+0	9.696291E-4	2.69E+1    	180.00    	16254.00	22.7 	32.5 	3.889019E+0	8.842585E-7 	2.045360E+7	5.020956E+3	-1.599613E+0	1.301281E-4 	3.892250E+0	3.889019E+0
180.0   	204     	3.891466E+0	8.730483E-4	2.94E+1    	180.00    	16256.58	22.7 	32.5 	3.888205E+0	6.650095E-7 	2.045780E+7	4.439595E+3	-1.599747E+0	2.542309E-4 	3.891466E+0	3.888205E+0
180.0   	205     	3.894227E+0	1.979374E-3	2.80E+1    	180.00    	16259.16	22.7 	32.5 	3.890722E+0	3.820814E-6 	2.044393E+7	1.033167E+4	-1.600803E+0	1.418920E-4 	3.894227E+0	3.890722E+0
180.0   	206     	4.112683E+0	7.201633E-4	2.54E+1    	180.00    	16261.70	22.7 	32.5 	4.109362E+0	5.350471E-7 	1.935710E+7	3.417601E+3	-1.599217E+0	6.658328E-5 	4.112683E+0	4.109362E+0
180.0   	207     	3.896561E+0	5.996887E-4	2.95E+1    	180.00    	16264.29	22.7 	32.5 	3.893214E+0	3.450565E-7 	2.043127E+7	3.089229E+3	-1.600103E+0	6.484083E-4 	3.896561E+0	3.893214E+0
180.0   	208     	4.105104E+0	2.350804E-3	2.89E+1    	180.00    	16266.86	22.7 	32.5 	4.102174E+0	5.880238E-6 	1.939193E+7	1.128731E+4	-1.597513E+0	3.527511E-4 	4.105104E+0	4.102174E+0
180.0   	209     	4.107472E+0	1.339231E-3	2.78E+1    	180.00    	16269.44	22.7 	32.5 	4.104520E+0	1.779951E-6 	1.938080E+7	6.309517E+3	-1.597607E+0	3.055050E-5 	4.107472E+0	4.104520E+0
180.0   	210     	4.103694E+0	2.601616E-4	2.93E+1    	180.00    	16272.02	22.7 	32.5 	4.100480E+0	9.687609E-8 	1.939927E+7	1.350309E+3	-1.598787E+0	2.400694E-4 	4.103694E+0	4.100480E+0
180.0   	211     	1.199370E+0	1.332357E-3	2.69E+1    	180.00    	16274.59	22.7 	32.5 	1.192037E+0	2.379659E-6 	6.655323E+7	7.986146E+4	-1.649060E+0	1.430944E-3 	1.199370E+0	1.192037E+0
180.0   	212     	4.106823E+0	9.239961E-4	2.91E+1    	180.00    	16277.17	22.7 	32.5 	4.103841E+0	9.073060E-7 	1.938393E+7	4.429823E+3	-1.597743E+0	1.350309E-4 	4.106823E+0	4.103841E+0
180.0   	213     	3.895434E+0	7.148570E-4	3.07E+1    	180.00    	16279.72	22.7 	32.5 	3.892333E+0	3.515865E-7 	2.043653E+7	3.426855E+3	-1.599007E+0	6.310573E-4 	3.895434E+0	3.892333E+0
180.0   	214     	3.895123E+0	6.704525E-4	2.91E+1    	180.00    	16282.31	22.7 	32.5 	3.891793E+0	3.020141E-7 	2.043877E+7	3.200521E+3	-1.600040E+0	5.524491E-4 	3.895123E+0	3.891793E+0
180.0   	215     	3.975373E+0	2.187788E-3	2.55E+1    	180.00    	16284.89	22.7 	32.5 	3.964044E+0	4.992370E-6 	2.004620E+7	1.116378E+4	-1.624203E+0	1.327906E-4 	3.975373E+0	3.964044E+0
180.0   	216     	3.896734E+0	5.821527E-4	3.06E+1    	180.00    	16287.44	22.7 	32.5 	3.893638E+0	3.041270E-7 	2.042970E+7	2.971532E+3	-1.598983E+0	2.150194E-4 	3.896734E+0	3.893638E+0
180.0   	217     	3.895477E+0	9.318759E-4	2.81E+1    	180.00    	16290.05	22.7 	32.5 	3.892417E+0	7.947020E-7 	2.043620E+7	4.784349E+3	-1.598827E+0	2.281082E-4 	3.895477E+0	3.892417E+0
180.0   	218     	3.896795E+0	1.203448E-3	2.94E+1    	180.00    	16292.59	22.7 	32.5 	3.893577E+0	1.347554E-6 	2.042970E+7	6.200000E+3	-1.599533E+0	2.657693E-4 	3.896795E+0	3.893577E+0
180.0   	219     	4.103297E+0	1.492147E-3	2.97E+1    	180.00    	16295.16	22.7 	32.5 	4.099538E+0	2.310986E-6 	1.940243E+7	7.124839E+3	-1.601067E+0	2.510644E-4 	4.103297E+0	4.099538E+0
180.0   	220     	3.897675E+0	1.367749E-3	2.60E+1    	180.00    	16297.73	22.7 	32.5 	3.894567E+0	1.992286E-6 	2.042480E+7	7.285602E+3	-1.599037E+0	2.746513E-4 	3.897675E+0	3.894567E+0
180.0   	221     	4.112683E+0	1.183041E-3	2.67E+1    	180.00    	16300.31	22.7 	32.5 	4.109391E+0	1.510500E-6 	1.935703E+7	5.674798E+3	-1.599093E+0	4.080850E-4 	4.112683E+0	4.109391E+0
180.0   	222     	1.093214E+0	5.155848E-4	2.62E+1    	180.00    	16302.89	22.7 	32.5 	1.092299E+0	3.387622E-7 	7.282270E+7	3.261641E+4	-1.598773E+0	9.015333E-3 	1.093214E+0	1.092299E+0
180.0   	223     	4.109287E+0	2.186115E-3	2.97E+1    	180.00    	16305.44	22.7 	32.5 	4.105899E+0	4.858660E-6 	1.937327E+7	1.035487E+4	-1.599517E+0	1.823001E-4 	4.109287E+0	4.105899E+0
180.0   	224     	4.106283E+0	5.007713E-4	2.91E+1    	180.00    	16308.02	22.7 	32.5 	4.103166E+0	2.510857E-7 	1.938680E+7	2.364318E+3	-1.598350E+0	1.652271E-4 	4.106283E+0	4.103166E+0
180.0   	225     	4.108495E+0	1.008967E-3	2.95E+1    	180.00    	16310.59	22.7 	32.5 	4.105474E+0	1.063358E-6 	1.937613E+7	4.812830E+3	-1.597917E+0	1.401190E-4 	4.108495E+0	4.105474E+0
180.0   	226     	3.899413E+0	7.563444E-4	2.54E+1    	180.00    	16313.17	22.7 	32.5 	3.896263E+0	5.880334E-7 	2.041580E+7	3.988734E+3	-1.599223E+0	1.320353E-4 	3.899413E+0	3.896263E+0
180.0   	227     	4.105728E+0	1.993360E-3	2.86E+1    	180.00    	16315.75	22.7 	32.5 	4.102579E+0	4.166522E-6 	1.938950E+7	9.528379E+3	-1.598493E+0	3.108590E-4 	4.105728E+0	4.102579E+0
180.0   	228     	3.900132E+0	1.407818E-3	2.57E+1    	180.00    	16318.33	22.7 	32.5 	3.896983E+0	2.364248E-6 	2.041203E+7	7.711247E+3	-1.599207E+0	6.353214E-4 	3.900132E+0	3.896983E+0
180.0   	229     	4.131154E+0	1.299176E-3	2.63E+1    	180.00    	16320.91	22.7 	32.5 	4.126670E+0	1.735468E-6 	1.927323E+7	6.104370E+3	-1.603747E+0	2.281082E-4 	4.131154E+0	4.126670E+0
180.0   	230     	3.977672E+0	2.249788E-4	2.74E+1    	180.00    	16323.48	22.7 	32.5 	3.966921E+0	9.997413E-8 	2.003313E+7	1.357694E+3	-1.622807E+0	2.600641E-4 	3.977672E+0	3.966921E+0
180.0   	231     	3.385898E+0	3.734778E-2	2.64E+1    	180.00    	16326.02	22.7 	32.5 	2.931711E+0	3.755215E-3 	2.526210E+7	4.007147E+5	-1.195840E+0	1.258572E-2 	3.385898E+0	2.931711E+0
180.0   	232     	3.972223E+0	1.439871E-4	2.94E+1    	180.00    	16328.61	22.7 	32.5 	3.961532E+0	4.691713E-8 	2.006050E+7	9.000000E+2	-1.622700E+0	2.271563E-4 	3.972223E+0	3.961532E+0
180.0   	233     	3.893900E+0	4.486491E-4	2.66E+1    	180.00    	16331.19	22.7 	32.5 	3.890781E+0	2.815220E-7 	2.044463E+7	2.571640E+3	-1.599100E+0	3.751000E-4 	3.893900E+0	3.890781E+0
180.0   	234     	4.105225E+0	1.302124E-3	3.39E+1    	180.00    	16333.74	22.7 	32.5 	4.101685E+0	2.009095E-6 	1.939280E+7	6.425730E+3	-1.600160E+0	5.467175E-4 	4.105225E+0	4.101685E+0
180.0   	235     	1.228091E+0	9.839439E-4	2.71E+1    	180.00    	16336.33	22.7 	32.5 	1.226874E+0	1.283902E-6 	6.482987E+7	5.591997E+4	-1.539347E+0	1.989405E-3 	1.228091E+0	1.226874E+0
180.0   	236     	4.101404E+0	1.440066E-3	3.35E+1    	180.00    	16338.87	22.7 	32.5 	4.097741E+0	2.158956E-6 	1.941117E+7	6.887912E+3	-1.600683E+0	2.081666E-4 	4.101404E+0	4.097741E+0
180.0   	237     	3.893807E+0	1.116045E-3	2.86E+1    	180.00    	16341.48	22.7 	32.5 	3.890533E+0	1.403491E-6 	2.044553E+7	6.043454E+3	-1.599797E+0	3.350124E-4 	3.893807E+0	3.890533E+0
180.0   	238     	4.112620E+0	1.868718E-3	3.45E+1    	180.00    	16344.02	22.7 	32.5 	4.109058E+0	3.581247E-6 	1.935797E+7	8.854566E+3	-1.600230E+0	1.652271E-4 	4.112620E+0	4.109058E+0
180.0   	239     	3.897533E+0	1.805977E-3	2.75E+1    	180.00    	16346.62	22.7 	32.5 	3.894327E+0	3.121338E-6 	2.042580E+7	9.366429E+3	-1.599483E+0	2.055075E-4 	3.897533E+0	3.894327E+0
180.0   	240     	4.108298E+0	1.594842E-3	2.74E+1    	180.00    	16349.15	22.7 	32.5 	4.105290E+0	2.879592E-6 	1.937703E+7	7.765522E+3	-1.597853E+0	4.652240E-4 	4.108298E+0	4.105290E+0
180.0   	241     	4.326473E+0	1.485540E-3	2.87E+1    	180.00    	16351.73	22.7 	32.5 	4.323661E+0	2.117403E-6 	1.839913E+7	6.254865E+3	-1.596290E+0	2.594224E-4 	4.326473E+0	4.323661E+0
180.0   	242     	4.118188E+0	1.204035E-3	2.72E+1    	180.00    	16354.33	22.7 	32.5 	4.115214E+0	1.393989E-6 	1.933040E+7	5.597321E+3	-1.597670E+0	2.042058E-4 	4.118188E+0	4.115214E+0
180.0   	243     	4.110616E+0	4.784010E-4	2.75E+1    	180.00    	16356.91	22.7 	32.5 	4.107665E+0	2.217814E-7 	1.936597E+7	2.236813E+3	-1.597597E+0	8.020806E-5 	4.110616E+0	4.107665E+0
180.0   	244     	4.346319E+0	1.543282E-3	2.88E+1    	180.00    	16359.49	22.7 	32.5 	4.342097E+0	2.602897E-6 	1.831807E+7	6.653069E+3	-1.601967E+0	4.649014E-4 	4.346319E+0	4.342097E+0
180.0   	245     	1.250105E+0	3.391160E-4	2.53E+1    	180.00    	16362.00	22.7 	32.5 	1.222553E+0	4.334419E-7 	6.436993E+7	2.424404E+4	-1.421790E+0	1.335253E-3 	1.250105E+0	1.222553E+0
180.0   	246     	4.346631E+0	6.402862E-4	2.76E+1    	180.00    	16364.59	22.7 	32.5 	4.342464E+0	4.170975E-7 	1.831663E+7	2.709859E+3	-1.601763E+0	1.457166E-4 	4.346631E+0	4.342464E+0
180.0   	247     	4.186804E+0	1.230043E-3	2.74E+1    	180.00    	16367.18	22.7 	32.5 	4.177788E+0	1.550584E-6 	1.902723E+7	5.630571E+3	-1.617220E+0	1.113553E-4 	4.186804E+0	4.177788E+0
180.0   	248     	4.109947E+0	1.281606E-3	2.85E+1    	180.00    	16369.75	22.7 	32.5 	4.107090E+0	1.610588E-6 	1.936890E+7	6.005831E+3	-1.597160E+0	5.802586E-4 	4.109947E+0	4.107090E+0
180.0   	249     	4.103536E+0	2.490457E-3	2.65E+1    	180.00    	16372.33	22.7 	32.5 	4.100541E+0	6.286705E-6 	1.939950E+7	1.181990E+4	-1.597817E+0	2.159475E-4 	4.103536E+0	4.100541E+0
180.0   	250     	4.115806E+0	8.435600E-4	2.77E+1    	180.00    	16374.91	22.7 	32.5 	4.112971E+0	6.294230E-7 	1.934127E+7	3.847510E+3	-1.597043E+0	2.532456E-4 	4.115806E+0	4.112971E+0
180.0   	251     	4.320661E+0	1.104749E-3	2.76E+1    	180.00    	16377.45	22.7 	32.5 	4.317454E+0	1.252184E-6 	1.842473E+7	4.743768E+3	-1.598043E+0	6.658328E-5 	4.320661E+0	4.317454E+0
180.0   	252     	4.107035E+0	3.383798E-4	2.88E+1    	180.00    	16380.03	22.7 	32.5 	4.103925E+0	1.533870E-7 	1.938323E+7	1.709776E+3	-1.598313E+0	4.726874E-4 	4.107035E+0	4.103925E+0
180.0   	253     	4.102181E+0	8.168213E-4	2.94E+1    	180.00    	16382.59	22.7 	32.5 	4.099203E+0	6.144105E-7 	1.940587E+7	3.781975E+3	-1.597740E+0	4.203570E-4 	4.102181E+0	4.099203E+0
180.0   	254     	4.104351E+0	1.443819E-3	2.72E+1    	180.00    	16385.19	22.7 	32.5 	4.101374E+0	1.957687E-6 	1.939560E+7	6.720119E+3	-1.597733E+0	2.020726E-4 	4.104351E+0	4.101374E+0
180.0   	255     	4.110513E+0	6.254721E-4	3.33E+1    	180.00    	16387.74	22.7 	32.5 	4.107556E+0	4.399480E-7 	1.936647E+7	3.035347E+3	-1.597617E+0	2.571640E-4 	4.110513E+0	4.107556E+0
180.0   	256     	4.323796E+0	1.360839E-3	2.74E+1    	180.00    	16390.34	22.7 	32.5 	4.321686E+0	1.886635E-6 	1.840903E+7	5.822657E+3	-1.592890E+0	2.165641E-4 	4.323796E+0	4.321686E+0
180.0   	257     	5.637473E+0	5.629741E-4	2.83E+1    	180.00    	16392.92	22.7 	32.5 	5.635481E+0	3.467373E-7 	1.411830E+7	1.442221E+3	-1.589593E+0	1.761628E-4 	5.637473E+0	5.635481E+0
180.0   	258     	8.096807E+0	1.288025E-3	2.80E+1    	180.00    	16395.47	22.7 	32.5 	8.095847E+0	1.602299E-6 	9.828837E+6	1.550172E+3	-1.581683E+0	1.258306E-4 	8.096807E+0	8.095847E+0
180.0   	259     	1.125495E+1	2.006322E-3	2.54E+1    	180.00    	16398.05	22.7 	32.5 	1.125467E+1	3.938207E-6 	7.070530E+6	1.253675E+3	-1.575853E+0	1.939931E-4 	1.125495E+1	1.125467E+1
180.0   	260     	2.370506E+1	1.331720E-3	3.09E+1    	180.00    	16400.61	22.7 	32.5 	2.370420E+1	1.799659E-6 	3.357043E+6	1.892969E+2	-1.564760E+0	3.464102E-5 	2.370506E+1	2.370420E+1
180.0   	261     	2.821404E+1	1.426143E-3	3.26E+1    	180.00    	16403.19	22.7 	32.5 	2.821201E+1	2.054985E-6 	2.820593E+6	1.429452E+2	-1.562330E+0	5.000000E-5 	2.821404E+1	2.821201E+1
180.0   	262     	3.431401E+1	1.325368E-3	2.68E+1    	180.00    	16405.78	22.7 	32.5 	3.430944E+1	1.702297E-6 	2.319250E+6	8.888194E+1	-1.559250E+0	4.358899E-5 	3.431401E+1	3.430944E+1
180.0   	263     	5.030463E+1	1.202943E-3	2.65E+1    	180.00    	16408.36	22.7 	32.5 	5.028650E+1	1.450060E-6 	1.582197E+6	3.785939E+1	-1.551813E+0	1.527525E-5 	5.030463E+1	5.028650E+1
180.0   	264     	1.102599E+2	1.026758E-3	3.27E+1    	180.00    	16410.91	22.7 	32.5 	1.100471E+2	9.469755E-7 	7.224240E+5	6.557439E+0	-1.526853E+0	5.773503E-6 	1.102599E+2	1.100471E+2
200.0   	1       	4.337979E+0	1.499179E-3	8.62E+1    	200.00    	16445.38	22.7 	32.4 	4.335064E+0	2.346530E-6 	1.835053E+7	6.412748E+3	-1.596723E+0	1.674316E-4 	4.337979E+0	4.335064E+0
200.0   	2       	4.416778E+0	1.120024E-3	2.67E+1    	200.00    	16447.66	22.7 	32.4 	4.414386E+0	1.302975E-6 	1.802197E+7	4.614470E+3	-1.594070E+0	1.153256E-4 	4.416778E+0	4.414386E+0
200.0   	3       	5.828086E-1	8.725447E-4	2.74E+1    	200.00    	16450.26	22.7 	32.4 	5.403940E-1	9.196018E-8 	1.417987E+8	9.570963E+4	-1.843937E+0	3.231862E-3 	5.828086E-1	5.403940E-1
200.0   	4       	4.648827E+0	2.208247E-3	2.69E+1    	200.00    	16452.86	22.7 	32.4 	4.645564E+0	5.049530E-6 	1.712377E+7	8.209953E+3	-1.597293E+0	1.844813E-4 	4.648827E+0	4.645564E+0
200.0   	5       	1.167628E+0	1.008830E-3	3.15E+1    	200.00    	16455.41	22.7 	32.5 	1.167575E+0	1.031110E-6 	6.815467E+7	5.905204E+4	-1.564080E+0	6.713419E-4 	1.167628E+0	1.167575E+0
200.0   	6       	4.378044E+0	1.078496E-3	2.67E+1    	200.00    	16458.01	22.7 	32.5 	4.374397E+0	1.140526E-6 	1.818407E+7	4.450094E+3	-1.599660E+0	5.682429E-4 	4.378044E+0	4.374397E+0
200.0   	7       	4.112594E+0	1.243113E-3	2.87E+1    	200.00    	16460.60	22.7 	32.5 	4.109424E+0	1.465157E-6 	1.935717E+7	5.774369E+3	-1.598563E+0	2.458319E-4 	4.112594E+0	4.109424E+0
200.0   	8       	4.114972E+0	1.348901E-3	2.64E+1    	200.00    	16463.12	22.7 	32.4 	4.111947E+0	1.887464E-6 	1.934563E+7	6.401042E+3	-1.597913E+0	1.792577E-4 	4.114972E+0	4.111947E+0
200.0   	9       	4.107832E+0	2.306367E-3	2.71E+1    	200.00    	16465.70	22.7 	32.5 	4.104725E+0	5.245905E-6 	1.937947E+7	1.084912E+4	-1.598300E+0	2.165641E-4 	4.107832E+0	4.104725E+0
200.0   	10      	4.367070E+0	1.021313E-3	2.91E+1    	200.00    	16468.28	22.7 	32.5 	4.354634E+0	8.367695E-7 	1.824817E+7	4.050103E+3	-1.624183E+0	2.250185E-4 	4.367070E+0	4.354634E+0
200.0   	11      	3.997610E+0	2.197436E-3	2.72E+1    	200.00    	16470.86	22.7 	32.5 	3.699264E+0	2.217823E-5 	2.069343E+7	1.874629E+4	-1.294093E+0	1.317510E-3 	3.997610E+0	3.699264E+0
200.0   	12      	1.876949E+0	1.759688E-3	2.69E+1    	200.00    	16473.44	22.7 	32.5 	1.876023E+0	3.138269E-6 	4.240773E+7	3.990017E+4	-1.548587E+0	4.365012E-4 	1.876949E+0	1.876023E+0
200.0   	13      	4.303301E+0	4.767894E-4	2.93E+1    	200.00    	16476.01	22.7 	32.5 	4.298972E+0	2.108202E-7 	1.850150E+7	2.007486E+3	-1.602517E+0	2.596793E-4 	4.303301E+0	4.298972E+0
200.0   	14      	4.102836E+0	1.148509E-3	2.80E+1    	200.00    	16478.60	22.7 	32.5 	4.099562E+0	1.400727E-6 	1.940347E+7	5.515735E+3	-1.599050E+0	1.571623E-4 	4.102836E+0	4.099562E+0
200.0   	15      	4.114803E+0	1.381213E-3	3.21E+1    	200.00    	16481.14	22.7 	32.5 	4.111379E+0	1.996253E-6 	1.934737E+7	6.568358E+3	-1.599643E+0	3.516153E-4 	4.114803E+0	4.111379E+0
200.0   	16      	4.326305E+0	6.048367E-4	2.88E+1    	200.00    	16483.73	22.7 	32.5 	4.323374E+0	3.462932E-7 	1.840010E+7	2.535744E+3	-1.596830E+0	2.622975E-4 	4.326305E+0	4.323374E+0
200.0   	17      	4.125254E+0	5.816767E-4	2.97E+1    	200.00    	16486.31	22.7 	32.5 	4.122057E+0	2.909319E-7 	1.929780E+7	2.622975E+3	-1.598640E+0	1.852026E-4 	4.125254E+0	4.122057E+0
200.0   	18      	3.912456E+0	1.795353E-3	2.81E+1    	200.00    	16488.85	22.7 	32.5 	3.908799E+0	3.266182E-6 	2.034903E+7	9.375144E+3	-1.601373E+0	1.078579E-4 	3.912456E+0	3.908799E+0
200.0   	19      	4.186898E+0	1.584312E-3	2.64E+1    	200.00    	16491.43	22.7 	32.5 	4.185067E+0	2.589557E-6 	1.901047E+7	7.251437E+3	-1.591713E+0	2.205297E-4 	4.186898E+0	4.185067E+0
200.0   	20      	3.906140E+0	1.133197E-3	2.67E+1    	200.00    	16494.01	22.7 	32.5 	3.902579E+0	1.273385E-6 	2.038170E+7	5.901695E+3	-1.600993E+0	1.833939E-4 	3.906140E+0	3.902579E+0
200.0   	21      	4.138181E+0	6.511332E-4	2.59E+1    	200.00    	16496.59	22.7 	32.5 	4.134222E+0	5.758604E-7 	1.923927E+7	3.265476E+3	-1.601727E+0	6.525591E-4 	4.138181E+0	4.134222E+0
200.0   	22      	3.903472E+0	1.157912E-3	2.87E+1    	200.00    	16499.17	22.7 	32.5 	3.899823E+0	1.336644E-6 	2.039587E+7	6.047589E+3	-1.601377E+0	5.859465E-5 	3.903472E+0	3.899823E+0
200.0   	23      	3.898392E+0	4.883785E-4	2.68E+1    	200.00    	16501.71	22.7 	32.4 	3.894739E+0	1.974749E-7 	2.042247E+7	2.444040E+3	-1.601413E+0	1.882374E-4 	3.898392E+0	3.894739E+0
200.0   	24      	3.898416E+0	1.911094E-3	2.80E+1    	200.00    	16504.29	22.7 	32.4 	3.894691E+0	3.972624E-6 	2.042253E+7	1.022758E+4	-1.601713E+0	5.366874E-4 	3.898416E+0	3.894691E+0
200.0   	25      	4.117784E+0	6.166535E-4	2.71E+1    	200.00    	16506.86	22.7 	32.5 	4.107539E+0	3.664375E-7 	1.934940E+7	2.868798E+3	-1.620697E+0	1.942507E-4 	4.117784E+0	4.107539E+0
200.0   	26      	1.372918E+0	2.362046E-3	2.67E+1    	200.00    	16509.44	22.7 	32.5 	1.338474E+0	2.265806E-6 	5.870343E+7	8.017240E+4	-1.411757E+0	3.088889E-3 	1.372918E+0	1.338474E+0
200.0   	27      	4.172294E+0	1.855731E-3	2.70E+1    	200.00    	16512.03	22.7 	32.5 	4.157228E+0	3.032216E-6 	1.910737E+7	8.243988E+3	-1.630923E+0	3.499047E-4 	4.172294E+0	4.157228E+0
200.0   	28      	4.082054E+0	5.839970E-4	2.91E+1    	200.00    	16514.60	22.7 	32.5 	4.077132E+0	2.197160E-7 	1.950623E+7	2.516611E+3	-1.605527E+0	4.055038E-4 	4.082054E+0	4.077132E+0
200.0   	29      	3.893383E+0	7.711027E-4	3.14E+1    	200.00    	16517.14	22.7 	32.5 	3.889839E+0	5.648523E-7 	2.044847E+7	4.000417E+3	-1.600970E+0	8.185353E-5 	3.893383E+0	3.889839E+0
200.0   	30      	3.891597E+0	1.320569E-3	2.72E+1    	200.00    	16519.74	22.7 	32.5 	3.888037E+0	1.753914E-6 	2.045790E+7	6.954854E+3	-1.601047E+0	1.040833E-4 	3.891597E+0	3.888037E+0
200.0   	31      	3.897988E+0	1.039129E-3	3.41E+1    	200.00    	16522.29	22.7 	32.5 	3.894418E+0	1.166665E-6 	2.042437E+7	5.553677E+3	-1.601063E+0	2.205297E-4 	3.897988E+0	3.894418E+0
200.0   	32      	4.109842E+0	2.322546E-3	3.24E+1    	200.00    	16524.86	22.7 	32.5 	4.106602E+0	5.585724E-6 	1.937030E+7	1.104355E+4	-1.598880E+0	2.535744E-4 	4.109842E+0	4.106602E+0
200.0   	33      	4.113339E+0	9.223872E-4	2.68E+1    	200.00    	16527.45	22.7 	32.5 	4.109981E+0	1.012840E-6 	1.935410E+7	4.539824E+3	-1.599373E+0	3.695042E-4 	4.113339E+0	4.109981E+0
200.0   	34      	3.898365E+0	1.276065E-3	2.72E+1    	200.00    	16530.03	22.7 	32.5 	3.894906E+0	1.649186E-6 	2.042210E+7	6.708949E+3	-1.600590E+0	4.000000E-5 	3.898365E+0	3.894906E+0
200.0   	35      	3.894677E+0	2.079720E-3	2.79E+1    	200.00    	16532.57	22.7 	32.5 	3.891123E+0	4.249047E-6 	2.044170E+7	1.086784E+4	-1.601007E+0	4.437717E-4 	3.894677E+0	3.891123E+0
200.0   	36      	3.898372E+0	3.335585E-4	2.56E+1    	200.00    	16535.16	22.7 	32.5 	3.894721E+0	5.009331E-8 	2.042257E+7	1.457166E+3	-1.601403E+0	4.854208E-4 	3.898372E+0	3.894721E+0
200.0   	37      	3.991201E+0	1.081335E-3	2.80E+1    	200.00    	16537.72	22.7 	32.5 	3.978498E+0	1.053672E-6 	1.997003E+7	5.277626E+3	-1.627240E+0	2.260531E-4 	3.991201E+0	3.978498E+0
200.0   	38      	3.891995E+0	1.370233E-3	2.73E+1    	200.00    	16540.30	22.7 	32.5 	3.889299E+0	1.994278E-6 	2.045353E+7	7.311863E+3	-1.597120E+0	2.551470E-4 	3.891995E+0	3.889299E+0
200.0   	39      	3.897870E+0	1.119658E-3	2.92E+1    	200.00    	16542.92	22.7 	32.5 	3.894257E+0	1.220350E-6 	2.042510E+7	5.828379E+3	-1.601243E+0	2.040425E-4 	3.897870E+0	3.894257E+0
200.0   	40      	3.919947E+0	1.357375E-3	2.84E+1    	200.00    	16545.43	22.7 	32.5 	3.912049E+0	1.657108E-6 	2.032113E+7	6.860272E+3	-1.615700E+0	2.535744E-4 	3.919947E+0	3.912049E+0
200.0   	41      	3.742745E+0	4.934717E-4	3.01E+1    	200.00    	16548.00	22.7 	32.4 	3.638722E+0	1.443347E-6 	2.156357E+7	3.669242E+3	-1.403303E+0	1.096099E-3 	3.742745E+0	3.638722E+0
200.0   	42      	4.119193E+0	1.200811E-3	2.71E+1    	200.00    	16550.58	22.7 	32.5 	4.109745E+0	1.446097E-6 	1.934090E+7	5.645352E+3	-1.618707E+0	1.887679E-4 	4.119193E+0	4.109745E+0
200.0   	43      	3.895602E+0	4.793200E-4	2.70E+1    	200.00    	16553.16	22.7 	32.5 	3.892114E+0	2.452869E-7 	2.043667E+7	2.548202E+3	-1.600720E+0	3.675595E-4 	3.895602E+0	3.892114E+0
200.0   	44      	3.892980E+0	1.809018E-3	2.87E+1    	200.00    	16555.74	22.7 	32.5 	3.889418E+0	3.412364E-6 	2.045063E+7	9.602257E+3	-1.601047E+0	4.387862E-4 	3.892980E+0	3.889418E+0
200.0   	45      	3.898474E+0	2.411263E-3	2.68E+1    	200.00    	16558.31	22.7 	32.5 	3.895016E+0	5.899187E-6 	2.042153E+7	1.267767E+4	-1.600583E+0	1.965536E-4 	3.898474E+0	3.895016E+0
200.0   	46      	3.887522E+0	1.036173E-3	2.77E+1    	200.00    	16560.85	22.7 	32.5 	3.883919E+0	1.026470E-6 	2.047947E+7	5.398457E+3	-1.601240E+0	2.910326E-4 	3.887522E+0	3.883919E+0
200.0   	47      	3.889711E+0	1.230329E-3	2.85E+1    	200.00    	16563.46	22.7 	32.5 	3.885894E+0	1.361976E-6 	2.046850E+7	6.309517E+3	-1.602123E+0	3.280752E-4 	3.889711E+0	3.885894E+0
200.0   	48      	4.102077E+0	5.252595E-4	3.11E+1    	200.00    	16566.00	22.7 	32.5 	4.098701E+0	2.497488E-7 	1.940730E+7	2.424871E+3	-1.599490E+0	1.509967E-4 	4.102077E+0	4.098701E+0
200.0   	49      	4.155414E+0	1.099680E-3	2.77E+1    	200.00    	16568.60	22.7 	32.4 	4.152268E+0	1.558801E-6 	1.915757E+7	5.415102E+3	-1.598310E+0	6.579514E-4 	4.155414E+0	4.152268E+0
200.0   	50      	3.897411E+0	5.882396E-4	2.67E+1    	200.00    	16571.17	22.7 	32.5 	3.893699E+0	3.764645E-7 	2.042777E+7	3.150132E+3	-1.601663E+0	1.767295E-4 	3.897411E+0	3.893699E+0
200.0   	51      	3.892442E+0	1.275098E-3	2.69E+1    	200.00    	16573.75	22.7 	32.5 	3.888891E+0	1.664814E-6 	2.045343E+7	6.741909E+3	-1.601003E+0	1.858315E-4 	3.892442E+0	3.888891E+0
200.0   	52      	3.988124E+0	1.663735E-3	3.33E+1    	200.00    	16576.30	22.7 	32.5 	3.975540E+0	2.297047E-6 	1.998517E+7	7.977677E+3	-1.626997E+0	3.372437E-4 	3.988124E+0	3.975540E+0
200.0   	53      	3.325042E+0	1.003895E-2	2.84E+1    	200.00    	16578.89	22.7 	32.5 	2.807112E+0	1.722164E-4 	2.604750E+7	1.002319E+5	-1.165083E+0	1.965104E-3 	3.325042E+0	2.807112E+0
200.0   	54      	3.989238E+0	1.417529E-3	2.90E+1    	200.00    	16581.47	22.7 	32.5 	3.976605E+0	2.204895E-6 	1.997970E+7	7.280797E+3	-1.627100E+0	1.708801E-4 	3.989238E+0	3.976605E+0
200.0   	55      	3.897557E+0	7.319745E-4	2.51E+1    	200.00    	16584.05	22.7 	32.4 	3.893984E+0	5.134100E-7 	2.042663E+7	3.797806E+3	-1.601080E+0	6.557439E-5 	3.897557E+0	3.893984E+0
200.0   	56      	3.891993E+0	1.737343E-3	2.95E+1    	200.00    	16586.62	22.7 	32.5 	3.888618E+0	2.963588E-6 	2.045533E+7	9.090838E+3	-1.600247E+0	1.703917E-4 	3.891993E+0	3.888618E+0
200.0   	57      	3.922602E+0	9.817217E-4	2.63E+1    	200.00    	16589.17	22.7 	32.5 	3.911762E+0	7.038874E-7 	2.031500E+7	4.712749E+3	-1.623390E+0	4.233202E-4 	3.922602E+0	3.911762E+0
200.0   	58      	3.890245E+0	4.131668E-4	2.71E+1    	200.00    	16591.76	22.7 	32.5 	3.886651E+0	1.595354E-7 	2.046510E+7	2.137756E+3	-1.601197E+0	1.026320E-4 	3.890245E+0	3.886651E+0
200.0   	59      	3.889625E+0	8.377703E-4	2.81E+1    	200.00    	16594.34	22.7 	32.5 	3.885904E+0	7.099673E-7 	2.046870E+7	4.423799E+3	-1.601733E+0	4.041452E-5 	3.889625E+0	3.885904E+0
200.0   	60      	3.891840E+0	5.109589E-4	2.71E+1    	200.00    	16596.92	22.7 	32.5 	3.888097E+0	2.751285E-7 	2.045710E+7	2.722132E+3	-1.601813E+0	1.159023E-4 	3.891840E+0	3.888097E+0
200.0   	61      	4.175927E+0	2.054676E-4	3.16E+1    	200.00    	16599.47	22.7 	32.5 	4.172675E+0	6.041568E-8 	1.906367E+7	1.021437E+3	-1.598703E+0	3.082748E-4 	4.175927E+0	4.172675E+0
200.0   	62      	4.177760E+0	1.096279E-3	2.72E+1    	200.00    	16602.06	22.7 	32.5 	4.174668E+0	1.280436E-6 	1.905493E+7	5.081666E+3	-1.598003E+0	1.750238E-4 	4.177760E+0	4.174668E+0
200.0   	63      	3.895252E+0	1.329507E-3	2.64E+1    	200.00    	16604.64	22.7 	32.5 	3.891626E+0	1.843582E-6 	2.043887E+7	7.054313E+3	-1.601310E+0	1.700000E-4 	3.895252E+0	3.891626E+0
200.0   	64      	4.313234E+0	2.300170E-4	2.95E+1    	200.00    	16607.22	22.7 	32.4 	4.309281E+0	5.985181E-8 	1.845807E+7	1.006645E+3	-1.601077E+0	2.542309E-4 	4.313234E+0	4.309281E+0
200.0   	65      	4.178257E+0	1.010021E-3	3.13E+1    	200.00    	16609.77	22.7 	32.4 	4.175048E+0	1.126612E-6 	1.905293E+7	4.724757E+3	-1.598513E+0	2.663331E-4 	4.178257E+0	4.175048E+0
200.0   	66      	3.893258E+0	1.056298E-3	2.65E+1    	200.00    	16612.35	22.7 	32.4 	3.889686E+0	9.684819E-7 	2.044920E+7	5.350701E+3	-1.601087E+0	6.014427E-4 	3.893258E+0	3.889686E+0
200.0   	67      	3.906371E+0	1.104369E-3	2.99E+1    	200.00    	16614.92	22.7 	32.4 	3.902871E+0	1.302889E-6 	2.038033E+7	5.862025E+3	-1.600733E+0	1.665333E-4 	3.906371E+0	3.902871E+0
200.0   	68      	3.897511E+0	1.979162E-3	2.98E+1    	200.00    	16617.50	22.7 	32.4 	3.893943E+0	4.324209E-6 	2.042687E+7	1.063595E+4	-1.601057E+0	5.353815E-4 	3.897511E+0	3.893943E+0
200.0   	69      	3.986823E+0	1.256828E-3	2.67E+1    	200.00    	16620.08	22.7 	32.4 	3.974583E+0	1.366415E-6 	1.999083E+7	6.087145E+3	-1.626233E+0	2.494661E-4 	3.986823E+0	3.974583E+0
200.0   	70      	3.895583E+0	1.451516E-3	3.32E+1    	200.00    	16622.63	22.7 	32.4 	3.892159E+0	2.120046E-6 	2.043660E+7	7.631514E+3	-1.600447E+0	7.571878E-5 	3.895583E+0	3.892159E+0
200.0   	71      	3.895051E+0	1.625184E-3	2.98E+1    	200.00    	16625.24	22.7 	32.4 	3.891574E+0	2.639673E-6 	2.043953E+7	8.528970E+3	-1.600677E+0	1.154701E-5 	3.895051E+0	3.891574E+0
200.0   	72      	3.902364E+0	9.097393E-4	2.95E+1    	200.00    	16627.81	22.7 	32.4 	3.896026E+0	8.461230E-7 	2.040870E+7	4.784349E+3	-1.611110E+0	2.523886E-4 	3.902364E+0	3.896026E+0
200.0   	73      	3.832820E+0	4.783529E-4	2.85E+1    	200.00    	16630.39	22.7 	32.4 	3.792377E+0	5.501690E-7 	2.087253E+7	3.200521E+3	-1.467893E+0	5.658033E-4 	3.832820E+0	3.792377E+0
200.0   	74      	3.900119E+0	1.907778E-3	2.59E+1    	200.00    	16632.92	22.7 	32.4 	3.893905E+0	4.445610E-6 	2.042013E+7	1.051919E+4	-1.610720E+0	7.019259E-4 	3.900119E+0	3.893905E+0
200.0   	75      	3.893985E+0	2.902778E-4	3.00E+1    	200.00    	16635.51	22.7 	32.4 	3.890545E+0	3.734701E-8 	2.044503E+7	1.250333E+3	-1.600520E+0	5.521775E-4 	3.893985E+0	3.890545E+0
200.0   	76      	4.174084E+0	7.175112E-5	2.90E+1    	200.00    	16638.09	22.7 	32.5 	4.171409E+0	1.335919E-8 	1.907077E+7	4.163332E+2	-1.596113E+0	2.919475E-4 	4.174084E+0	4.171409E+0
200.0   	77      	5.774887E-1	1.114999E-3	3.00E+1    	200.00    	16640.67	22.7 	32.5 	5.441843E-1	1.433112E-6 	1.419537E+8	2.905174E+5	-1.813313E+0	1.247090E-3 	5.774887E-1	5.441843E-1
200.0   	78      	5.831362E-1	9.748581E-4	2.67E+1    	200.00    	16643.28	22.7 	32.4 	5.489854E-1	3.917766E-7 	1.406453E+8	1.976116E+5	-1.815220E+0	1.096677E-3 	5.831362E-1	5.489854E-1
200.0   	79      	4.388295E+0	1.513179E-3	3.20E+1    	200.00    	16645.81	22.7 	32.4 	4.384940E+0	2.252627E-6 	1.814097E+7	6.232442E+3	-1.598447E+0	1.604161E-4 	4.388295E+0	4.384940E+0
200.0   	80      	1.565053E+0	1.482936E-3	2.66E+1    	200.00    	16648.34	22.7 	32.4 	1.564406E+0	2.263695E-6 	5.085703E+7	4.856690E+4	-1.550473E+0	7.294747E-4 	1.565053E+0	1.564406E+0
200.0   	81      	4.160963E+0	1.689214E-3	2.59E+1    	200.00    	16650.93	22.7 	32.5 	4.157748E+0	2.833784E-6 	1.913217E+7	7.756503E+3	-1.598597E+0	1.379613E-4 	4.160963E+0	4.157748E+0
200.0   	82      	3.920423E+0	7.656557E-4	2.73E+1    	200.00    	16653.51	22.7 	32.5 	3.916609E+0	5.503431E-7 	2.030807E+7	3.901709E+3	-1.601990E+0	3.148015E-4 	3.920423E+0	3.916609E+0
200.0   	83      	3.917009E+0	9.610248E-4	2.79E+1    	200.00    	16656.10	22.7 	32.4 	3.913545E+0	8.961586E-7 	2.032487E+7	4.952104E+3	-1.600540E+0	6.557439E-5 	3.917009E+0	3.913545E+0
200.0   	84      	3.957394E+0	8.787535E-4	3.18E+1    	200.00    	16658.64	22.7 	32.5 	3.953981E+0	8.103347E-7 	2.011723E+7	4.523642E+3	-1.600167E+0	1.069268E-4 	3.957394E+0	3.953981E+0
200.0   	85      	3.918389E+0	1.383657E-3	2.75E+1    	200.00    	16661.25	22.7 	32.5 	3.915030E+0	1.807330E-6 	2.031743E+7	7.076958E+3	-1.600080E+0	1.734935E-4 	3.918389E+0	3.915030E+0
200.0   	86      	3.917260E+0	1.302749E-3	2.70E+1    	200.00    	16663.79	22.7 	32.4 	3.913898E+0	1.695202E-6 	2.032330E+7	6.757958E+3	-1.600097E+0	1.450287E-4 	3.917260E+0	3.913898E+0
200.0   	87      	3.918504E+0	7.563334E-4	3.02E+1    	200.00    	16666.36	22.7 	32.5 	3.915211E+0	5.597635E-7 	2.031667E+7	3.901709E+3	-1.599790E+0	7.000000E-5 	3.918504E+0	3.915211E+0
200.0   	88      	3.918948E+0	5.484851E-4	2.91E+1    	200.00    	16668.94	22.7 	32.4 	3.915654E+0	1.959055E-7 	2.031437E+7	2.569695E+3	-1.599790E+0	4.657252E-4 	3.918948E+0	3.915654E+0
200.0   	89      	3.927318E+0	1.564775E-3	2.93E+1    	200.00    	16671.53	22.7 	32.4 	3.921555E+0	2.758368E-6 	2.027743E+7	8.334467E+3	-1.609110E+0	3.555278E-4 	3.927318E+0	3.921555E+0
200.0   	90      	3.919118E+0	1.683689E-3	2.66E+1    	200.00    	16674.07	22.7 	32.5 	3.915870E+0	2.999829E-6 	2.031337E+7	8.855695E+3	-1.599590E+0	2.515949E-4 	3.919118E+0	3.915870E+0
200.0   	91      	3.916453E+0	2.076306E-3	2.92E+1    	200.00    	16676.67	22.7 	32.4 	3.913113E+0	4.211061E-6 	2.032743E+7	1.071883E+4	-1.600003E+0	1.040833E-4 	3.916453E+0	3.913113E+0
200.0   	92      	3.917676E+0	3.263899E-4	3.20E+1    	200.00    	16679.22	22.7 	32.4 	3.914381E+0	9.939162E-8 	2.032097E+7	1.650253E+3	-1.599800E+0	3.751000E-4 	3.917676E+0	3.914381E+0
200.0   	93      	4.235732E+0	9.367983E-4	2.64E+1    	200.00    	16681.82	22.7 	32.4 	4.232765E+0	9.676184E-7 	1.879377E+7	4.261846E+3	-1.597263E+0	2.386071E-4 	4.235732E+0	4.232765E+0
200.0   	94      	4.202498E+0	8.660773E-4	3.25E+1    	200.00    	16684.36	22.7 	32.4 	4.199757E+0	8.799332E-7 	1.894193E+7	4.067350E+3	-1.596333E+0	3.400490E-4 	4.202498E+0	4.199757E+0
200.0   	95      	3.916880E+0	9.902151E-4	2.89E+1    	200.00    	16686.97	22.7 	32.4 	3.913392E+0	1.035867E-6 	2.032560E+7	5.211526E+3	-1.600643E+0	1.266228E-4 	3.916880E+0	3.913392E+0
200.0   	96      	4.358987E+0	2.454805E-4	2.99E+1    	200.00    	16689.55	22.7 	32.4 	4.355164E+0	5.974290E-8 	1.826397E+7	1.026320E+3	-1.600413E+0	5.859465E-5 	4.358987E+0	4.355164E+0
200.0   	97      	4.143847E+0	1.235350E-3	2.90E+1    	200.00    	16692.08	22.7 	32.4 	4.140398E+0	1.628402E-6 	1.921177E+7	5.822657E+3	-1.599650E+0	2.451530E-4 	4.143847E+0	4.140398E+0
200.0   	98      	3.910414E+0	1.603981E-3	2.86E+1    	200.00    	16694.67	22.7 	32.4 	3.909816E+0	2.638965E-6 	2.035170E+7	8.401786E+3	-1.583160E+0	2.165641E-4 	3.910414E+0	3.909816E+0
200.0   	99      	3.915940E+0	5.615159E-4	2.85E+1    	200.00    	16697.25	22.7 	32.4 	3.912187E+0	2.936421E-7 	2.033117E+7	2.836077E+3	-1.601757E+0	6.560742E-4 	3.915940E+0	3.912187E+0
200.0   	100     	3.933092E+0	1.197951E-3	3.22E+1    	200.00    	16699.79	22.7 	32.4 	3.929609E+0	1.563049E-6 	2.024177E+7	6.301058E+3	-1.600560E+0	2.783882E-4 	3.933092E+0	3.929609E+0
200.0   	101     	3.918484E+0	1.546774E-3	3.11E+1    	200.00    	16702.36	22.7 	32.5 	3.915064E+0	2.569024E-6 	2.031710E+7	8.170679E+3	-1.600347E+0	2.478575E-4 	3.918484E+0	3.915064E+0
200.0   	102     	3.919119E+0	6.356565E-4	2.80E+1    	200.00    	16704.97	22.7 	32.5 	3.915765E+0	4.490498E-7 	2.031363E+7	3.384277E+3	-1.600050E+0	2.078461E-4 	3.919119E+0	3.915765E+0
200.0   	103     	3.913345E+0	5.267458E-4	2.68E+1    	200.00    	16707.49	22.7 	32.4 	3.909844E+0	2.624997E-7 	2.034400E+7	2.696294E+3	-1.600710E+0	2.930870E-4 	3.913345E+0	3.909844E+0
200.0   	104     	3.914394E+0	1.056616E-3	2.84E+1    	200.00    	16710.08	22.7 	32.4 	3.911039E+0	1.071580E-6 	2.033817E+7	5.437217E+3	-1.600077E+0	1.001665E-4 	3.914394E+0	3.911039E+0
200.0   	105     	3.916291E+0	5.451072E-4	2.59E+1    	200.00    	16712.66	22.7 	32.4 	3.912992E+0	4.212233E-7 	2.032817E+7	3.100538E+3	-1.599823E+0	4.605793E-4 	3.916291E+0	3.912992E+0
200.0   	106     	3.916590E+0	6.023302E-4	2.94E+1    	200.00    	16715.24	22.7 	32.5 	3.913257E+0	3.211579E-7 	2.032670E+7	3.034798E+3	-1.599973E+0	1.700980E-4 	3.916590E+0	3.913257E+0
200.0   	107     	3.912071E+0	2.339227E-3	2.63E+1    	200.00    	16717.81	22.7 	32.4 	3.908685E+0	5.500609E-6 	2.035033E+7	1.219194E+4	-1.600217E+0	2.809508E-4 	3.912071E+0	3.908685E+0
200.0   	108     	3.914182E+0	1.063909E-3	3.42E+1    	200.00    	16720.36	22.7 	32.4 	3.910815E+0	1.162029E-6 	2.033930E+7	5.565070E+3	-1.600127E+0	2.214347E-4 	3.914182E+0	3.910815E+0
200.0   	109     	3.929626E+0	1.272020E-3	2.77E+1    	200.00    	16722.94	22.7 	32.4 	3.926128E+0	1.439618E-6 	2.025967E+7	6.368935E+3	-1.600633E+0	5.497575E-4 	3.929626E+0	3.926128E+0
200.0   	110     	3.911943E+0	9.619200E-4	2.81E+1    	200.00    	16725.51	22.7 	32.4 	3.908658E+0	9.921106E-7 	2.035073E+7	5.095423E+3	-1.599780E+0	1.571623E-4 	3.911943E+0	3.908658E+0
200.0   	111     	3.902423E+0	6.856039E-4	2.69E+1    	200.00    	16728.09	22.7 	32.4 	3.898794E+0	4.200530E-7 	2.040130E+7	3.487119E+3	-1.601293E+0	1.755942E-4 	3.902423E+0	3.898794E+0
200.0   	112     	4.136976E+0	6.373811E-4	2.94E+1    	200.00    	16730.67	22.7 	32.4 	4.133836E+0	3.208852E-7 	1.924297E+7	2.800595E+3	-1.598350E+0	3.244996E-4 	4.136976E+0	4.133836E+0
200.0   	113     	4.128294E+0	1.019107E-3	2.56E+1    	200.00    	16733.25	22.7 	32.4 	4.125062E+0	9.615003E-7 	1.928367E+7	4.669404E+3	-1.598780E+0	3.122499E-4 	4.128294E+0	4.125062E+0
200.0   	114     	3.901328E+0	1.649639E-3	2.86E+1    	200.00    	16735.83	22.7 	32.4 	3.897507E+0	2.682620E-6 	2.040753E+7	8.600775E+3	-1.602093E+0	2.836077E-4 	3.901328E+0	3.897507E+0
200.0   	115     	3.901700E+0	1.469272E-3	3.11E+1    	200.00    	16738.38	22.7 	32.4 	3.898179E+0	2.268844E-6 	2.040480E+7	7.782673E+3	-1.600843E+0	1.942507E-4 	3.901700E+0	3.898179E+0
200.0   	116     	3.917205E+0	9.437580E-4	2.60E+1    	200.00    	16740.98	22.7 	32.4 	3.913593E+0	8.822899E-7 	2.032423E+7	4.885011E+3	-1.601170E+0	2.066398E-4 	3.917205E+0	3.913593E+0
200.0   	117     	3.902039E+0	6.354226E-4	2.81E+1    	200.00    	16743.56	22.7 	32.4 	3.898655E+0	4.182293E-7 	2.040267E+7	3.353108E+3	-1.600250E+0	9.539392E-5 	3.902039E+0	3.898655E+0
200.0   	118     	3.902460E+0	9.396932E-4	2.65E+1    	200.00    	16746.14	22.7 	32.4 	3.899075E+0	9.235989E-7 	2.040047E+7	4.970245E+3	-1.600250E+0	1.652271E-4 	3.902460E+0	3.899075E+0
200.0   	119     	3.901330E+0	9.526593E-4	2.79E+1    	200.00    	16748.68	22.7 	32.4 	3.898026E+0	9.125103E-7 	2.040617E+7	4.990324E+3	-1.599903E+0	2.441994E-4 	3.901330E+0	3.898026E+0
200.0   	120     	3.901422E+0	8.368643E-4	2.67E+1    	200.00    	16751.25	22.7 	32.4 	3.898125E+0	6.006082E-7 	2.040567E+7	4.215843E+3	-1.599867E+0	3.036994E-4 	3.901422E+0	3.898125E+0
200.0   	121     	3.902253E+0	1.585937E-3	2.83E+1    	200.00    	16753.84	22.7 	32.4 	3.898990E+0	2.471053E-6 	2.040123E+7	8.258531E+3	-1.599720E+0	6.082763E-5 	3.902253E+0	3.898990E+0
200.0   	122     	3.901864E+0	1.371688E-3	2.67E+1    	200.00    	16756.42	22.7 	32.4 	3.898588E+0	1.997114E-6 	2.040330E+7	7.285602E+3	-1.599777E+0	2.112660E-4 	3.901864E+0	3.898588E+0
200.0   	123     	3.899664E+0	1.006114E-3	3.22E+1    	200.00    	16758.97	22.7 	32.4 	3.896318E+0	1.071871E-6 	2.041500E+7	5.345091E+3	-1.600090E+0	1.734935E-4 	3.899664E+0	3.896318E+0
200.0   	124     	3.904271E+0	1.980234E-3	3.21E+1    	200.00    	16761.55	22.7 	32.4 	3.899753E+0	4.149761E-6 	2.039397E+7	1.049968E+4	-1.604820E+0	2.227106E-4 	3.904271E+0	3.899753E+0
200.0   	125     	3.905110E+0	5.181180E-4	2.73E+1    	200.00    	16764.14	22.7 	32.4 	3.901464E+0	1.921824E-7 	2.038730E+7	2.497999E+3	-1.601353E+0	3.330666E-4 	3.905110E+0	3.901464E+0
200.0   	126     	3.897270E+0	5.027688E-4	2.62E+1    	200.00    	16766.72	22.7 	32.4 	3.893865E+0	2.756620E-7 	2.042770E+7	2.685144E+3	-1.600357E+0	3.920884E-4 	3.897270E+0	3.893865E+0
200.0   	127     	3.898786E+0	1.346139E-3	2.65E+1    	200.00    	16769.30	22.7 	32.4 	3.895312E+0	2.017418E-6 	2.041993E+7	7.245918E+3	-1.600650E+0	3.830144E-4 	3.898786E+0	3.895312E+0
200.0   	128     	4.114144E+0	6.455662E-4	2.63E+1    	200.00    	16771.84	22.7 	32.4 	4.110862E+0	3.847444E-7 	1.935013E+7	2.977135E+3	-1.599043E+0	1.530795E-4 	4.114144E+0	4.110862E+0
200.0   	129     	4.113521E+0	2.542984E-4	2.87E+1    	200.00    	16774.43	22.7 	32.4 	4.110281E+0	1.343428E-7 	1.935297E+7	1.457166E+3	-1.598860E+0	5.250714E-4 	4.113521E+0	4.110281E+0
200.0   	130     	3.897588E+0	1.134712E-3	2.72E+1    	200.00    	16777.01	22.7 	32.4 	3.894157E+0	1.362337E-6 	2.042610E+7	6.030755E+3	-1.600470E+0	3.407345E-4 	3.897588E+0	3.894157E+0
200.0   	131     	3.895198E+0	1.552912E-3	2.70E+1    	200.00    	16779.59	22.7 	32.4 	3.891680E+0	2.469597E-6 	2.043887E+7	8.200813E+3	-1.600853E+0	9.073772E-5 	3.895198E+0	3.891680E+0
200.0   	132     	3.900607E+0	6.730915E-4	3.55E+1    	200.00    	16782.14	22.7 	32.4 	3.897093E+0	5.090392E-7 	2.041050E+7	3.629049E+3	-1.600813E+0	1.767295E-4 	3.900607E+0	3.897093E+0
200.0   	133     	3.896528E+0	1.548511E-3	2.81E+1    	200.00    	16784.74	22.7 	32.4 	3.893133E+0	2.382944E-6 	2.043157E+7	8.109459E+3	-1.600317E+0	9.237604E-5 	3.896528E+0	3.893133E+0
200.0   	134     	3.897846E+0	9.316725E-4	3.24E+1    	200.00    	16787.28	22.7 	32.4 	3.894497E+0	8.830305E-7 	2.042453E+7	4.899320E+3	-1.600113E+0	3.750111E-4 	3.897846E+0	3.894497E+0
200.0   	135     	3.898994E+0	3.972768E-4	3.28E+1    	200.00    	16789.86	22.7 	32.4 	3.895689E+0	1.369240E-7 	2.041840E+7	2.000000E+3	-1.599913E+0	3.557152E-4 	3.898994E+0	3.895689E+0
200.0   	136     	3.895472E+0	1.094835E-3	2.98E+1    	200.00    	16792.46	22.7 	32.4 	3.892004E+0	1.233387E-6 	2.043730E+7	5.781868E+3	-1.600637E+0	4.285246E-4 	3.895472E+0	3.892004E+0
200.0   	137     	3.894747E+0	1.208259E-3	2.68E+1    	200.00    	16795.03	22.7 	32.4 	3.891344E+0	1.294016E-6 	2.044093E+7	6.158192E+3	-1.600360E+0	3.044667E-4 	3.894747E+0	3.891344E+0
200.0   	138     	3.898342E+0	1.333226E-3	2.70E+1    	200.00    	16797.57	22.7 	32.4 	3.895069E+0	1.855390E-6 	2.042173E+7	7.060689E+3	-1.599777E+0	2.909181E-4 	3.898342E+0	3.895069E+0
200.0   	139     	3.900931E+0	1.242352E-3	2.89E+1    	200.00    	16800.15	22.7 	32.4 	3.896503E+0	1.575073E-6 	2.041120E+7	6.536819E+3	-1.604497E+0	8.326664E-5 	3.900931E+0	3.896503E+0
200.0   	140     	3.866812E+0	8.252890E-4	2.98E+1    	200.00    	16802.73	22.7 	32.4 	3.862535E+0	5.610361E-7 	2.059100E+7	4.186884E+3	-1.537533E+0	4.508141E-4 	3.866812E+0	3.862535E+0
200.0   	141     	3.901771E+0	5.214496E-4	2.78E+1    	200.00    	16805.32	22.7 	32.4 	3.897140E+0	4.947735E-7 	2.040733E+7	3.202083E+3	-1.605250E+0	7.068239E-4 	3.901771E+0	3.897140E+0
200.0   	142     	3.894401E+0	1.136220E-3	3.11E+1    	200.00    	16807.86	22.7 	32.4 	3.890916E+0	1.168453E-6 	2.044297E+7	5.822657E+3	-1.600713E+0	2.367136E-4 	3.894401E+0	3.890916E+0
200.0   	143     	3.893648E+0	5.820931E-4	2.67E+1    	200.00    	16810.47	22.7 	32.4 	3.890171E+0	4.137374E-7 	2.044690E+7	3.218695E+3	-1.600683E+0	2.742870E-4 	3.893648E+0	3.890171E+0
200.0   	144     	4.109354E+0	5.737329E-4	3.43E+1    	200.00    	16813.02	22.7 	32.4 	4.106043E+0	3.416584E-7 	1.937277E+7	2.730079E+3	-1.599183E+0	1.607275E-4 	4.109354E+0	4.106043E+0
200.0   	145     	4.292597E+0	4.924777E-4	3.00E+1    	200.00    	16815.56	22.7 	32.4 	4.289067E+0	1.779381E-7 	1.854593E+7	1.975686E+3	-1.599477E+0	2.874601E-4 	4.292597E+0	4.289067E+0
200.0   	146     	3.895515E+0	6.384440E-4	2.77E+1    	200.00    	16818.15	22.7 	32.4 	3.891858E+0	4.401731E-7 	2.043757E+7	3.407834E+3	-1.601437E+0	4.119871E-4 	3.895515E+0	3.891858E+0
200.0   	147     	3.898000E+0	4.390036E-4	2.93E+1    	200.00    	16820.73	22.7 	32.4 	3.894571E+0	2.497762E-7 	2.042393E+7	2.458319E+3	-1.600457E+0	3.187998E-4 	3.898000E+0	3.894571E+0
200.0   	148     	4.156179E+0	1.005859E-4	2.67E+1    	200.00    	16823.31	22.7 	32.4 	4.153020E+0	9.043130E-9 	1.915407E+7	4.509250E+2	-1.598367E+0	3.214550E-5 	4.156179E+0	4.153020E+0
200.0   	149     	3.896194E+0	7.788665E-4	2.80E+1    	200.00    	16825.89	22.7 	32.4 	3.892590E+0	5.355469E-7 	2.043387E+7	3.962743E+3	-1.601217E+0	1.965536E-4 	3.896194E+0	3.892590E+0
200.0   	150     	3.893239E+0	3.857003E-4	3.35E+1    	200.00    	16828.44	22.7 	32.4 	3.889679E+0	6.935729E-8 	2.044927E+7	1.700980E+3	-1.601037E+0	5.564471E-4 	3.893239E+0	3.889679E+0
200.0   	151     	3.895302E+0	6.865099E-4	2.69E+1    	200.00    	16831.03	22.7 	32.4 	3.891969E+0	4.228443E-7 	2.043783E+7	3.501904E+3	-1.600050E+0	3.811824E-4 	3.895302E+0	3.891969E+0
200.0   	152     	3.895410E+0	8.646736E-4	3.01E+1    	200.00    	16833.58	22.7 	32.4 	3.892103E+0	7.864857E-7 	2.043720E+7	4.596738E+3	-1.599937E+0	1.497776E-4 	3.895410E+0	3.892103E+0
200.0   	153     	3.892859E+0	1.196371E-3	2.80E+1    	200.00    	16836.15	22.7 	32.4 	3.889476E+0	1.472981E-6 	2.045080E+7	6.331666E+3	-1.600280E+0	1.479865E-4 	3.892859E+0	3.889476E+0
200.0   	154     	3.895714E+0	8.811553E-4	2.82E+1    	200.00    	16838.72	22.7 	32.4 	3.892359E+0	7.994421E-7 	2.043573E+7	4.657610E+3	-1.600147E+0	8.020806E-5 	3.895714E+0	3.892359E+0
200.0   	155     	3.892708E+0	1.838394E-3	2.95E+1    	200.00    	16841.30	22.7 	32.4 	3.889234E+0	3.518637E-6 	2.045183E+7	9.757732E+3	-1.600677E+0	3.043572E-4 	3.892708E+0	3.889234E+0
200.0   	156     	3.895965E+0	5.979461E-4	2.75E+1    	200.00    	16843.87	22.7 	32.4 	3.891155E+0	4.837977E-7 	2.043823E+7	3.394604E+3	-1.605940E+0	3.716181E-4 	3.895965E+0	3.891155E+0
200.0   	157     	3.881921E+0	1.440304E-2	2.99E+1    	200.00    	16846.44	22.7 	32.4 	3.878014E+0	2.340748E-4 	2.051003E+7	7.867276E+4	-1.602397E+0	3.609381E-3 	3.881921E+0	3.878014E+0
200.0   	158     	3.892871E+0	1.090555E-3	2.76E+1    	200.00    	16849.03	22.7 	32.4 	3.889527E+0	1.160767E-6 	2.045063E+7	5.697660E+3	-1.600107E+0	8.962886E-5 	3.892871E+0	3.889527E+0
200.0   	159     	3.892928E+0	1.502728E-3	2.91E+1    	200.00    	16851.61	22.7 	32.4 	3.889407E+0	2.264287E-6 	2.045080E+7	7.903797E+3	-1.600877E+0	1.833939E-4 	3.892928E+0	3.889407E+0
200.0   	160     	4.104715E+0	1.207428E-3	3.36E+1    	200.00    	16854.16	22.7 	32.4 	4.101348E+0	1.625045E-6 	1.939480E+7	5.866004E+3	-1.599440E+0	2.913760E-4 	4.104715E+0	4.101348E+0
200.0   	161     	1.884998E+0	7.828022E-4	2.64E+1    	200.00    	16856.77	22.7 	32.4 	1.884538E+0	6.548908E-7 	4.222137E+7	1.782984E+4	-1.586430E+0	4.600000E-4 	1.884998E+0	1.884538E+0
200.0   	162     	4.249415E+0	6.674333E-4	3.35E+1    	200.00    	16859.31	22.7 	32.4 	4.238373E+0	2.746880E-7 	1.875107E+7	2.631223E+3	-1.621793E+0	3.356089E-4 	4.249415E+0	4.238373E+0
200.0   	163     	4.156903E+0	6.835211E-4	2.81E+1    	200.00    	16861.85	22.7 	32.4 	4.153656E+0	3.597475E-7 	1.915093E+7	2.956913E+3	-1.598750E+0	3.609709E-4 	4.156903E+0	4.153656E+0
200.0   	164     	5.817622E-1	8.364090E-4	2.77E+1    	200.00    	16864.44	22.7 	32.4 	5.444288E-1	3.896882E-7 	1.413993E+8	1.824893E+5	-1.826910E+0	5.819794E-4 	5.817622E-1	5.444288E-1
200.0   	165     	4.156204E+0	7.391119E-4	2.90E+1    	200.00    	16867.02	22.7 	32.4 	4.153097E+0	5.104507E-7 	1.915383E+7	3.350124E+3	-1.598140E+0	1.385641E-4 	4.156204E+0	4.153097E+0
200.0   	166     	3.895773E+0	6.759922E-4	2.75E+1    	200.00    	16869.60	22.7 	32.4 	3.892464E+0	3.582343E-7 	2.043530E+7	3.340659E+3	-1.599947E+0	4.219400E-4 	3.895773E+0	3.892464E+0
200.0   	167     	3.895363E+0	6.913363E-4	2.94E+1    	200.00    	16872.17	22.7 	32.4 	3.892010E+0	5.771928E-7 	2.043757E+7	3.808324E+3	-1.600137E+0	3.085990E-4 	3.895363E+0	3.892010E+0
200.0   	168     	3.892407E+0	1.912915E-3	2.77E+1    	200.00    	16874.75	22.7 	32.4 	3.888965E+0	3.652013E-6 	2.045333E+7	1.005104E+4	-1.600537E+0	5.773503E-5 	3.892407E+0	3.888965E+0
200.0   	169     	3.893253E+0	6.766714E-4	2.67E+1    	200.00    	16877.33	22.7 	32.4 	3.889753E+0	5.741511E-7 	2.044903E+7	3.768731E+3	-1.600783E+0	3.564174E-4 	3.893253E+0	3.889753E+0
200.0   	170     	3.894364E+0	1.641030E-3	2.85E+1    	200.00    	16879.91	22.7 	32.4 	3.891093E+0	2.868496E-6 	2.044260E+7	8.753856E+3	-1.599780E+0	2.497999E-4 	3.894364E+0	3.891093E+0
200.0   	171     	3.895606E+0	6.471339E-4	2.70E+1    	200.00    	16882.43	22.7 	32.4 	3.892377E+0	3.611761E-7 	2.043597E+7	3.271595E+3	-1.599587E+0	3.189566E-4 	3.895606E+0	3.892377E+0
200.0   	172     	3.891672E+0	2.313159E-3	2.58E+1    	200.00    	16885.02	22.7 	32.4 	3.888255E+0	4.839169E-6 	2.045713E+7	1.186985E+4	-1.600427E+0	5.259594E-4 	3.891672E+0	3.888255E+0
200.0   	173     	3.890663E+0	1.015477E-3	2.63E+1    	200.00    	16887.61	22.7 	32.4 	3.887020E+0	1.153377E-6 	2.046303E+7	5.497575E+3	-1.601400E+0	2.551470E-4 	3.890663E+0	3.887020E+0
200.0   	174     	3.893005E+0	6.034387E-4	2.58E+1    	200.00    	16890.19	22.7 	32.4 	3.889710E+0	3.661209E-7 	2.044980E+7	3.174902E+3	-1.599893E+0	8.020806E-5 	3.893005E+0	3.889710E+0
200.0   	175     	3.895561E+0	1.818905E-3	2.69E+1    	200.00    	16892.77	22.7 	32.4 	3.892271E+0	3.213682E-6 	2.043637E+7	9.474879E+3	-1.599863E+0	1.096966E-4 	3.895561E+0	3.892271E+0
200.0   	176     	4.105872E+0	7.861582E-4	2.64E+1    	200.00    	16895.34	22.7 	32.4 	4.102717E+0	5.769642E-7 	1.938883E+7	3.650114E+3	-1.598517E+0	1.913984E-4 	4.105872E+0	4.102717E+0
200.0   	177     	4.465331E+0	1.801780E-3	3.26E+1    	200.00    	16897.89	22.7 	32.4 	4.455384E+0	3.760317E-6 	1.784107E+7	7.478191E+3	-1.618010E+0	4.063250E-4 	4.465331E+0	4.455384E+0
200.0   	178     	2.356974E+0	3.901734E-2	2.70E+1    	200.00    	16900.49	22.7 	32.4 	1.737860E+0	7.613547E-4 	3.932620E+7	6.420086E+5	-1.032690E+0	6.383573E-4 	2.356974E+0	1.737860E+0
200.0   	179     	4.077104E+0	2.547297E-3	2.67E+1    	200.00    	16903.06	22.7 	32.4 	4.067099E+0	6.921020E-6 	1.954213E+7	1.241867E+4	-1.620353E+0	3.394604E-4 	4.077104E+0	4.067099E+0
200.0   	180     	4.153603E+0	1.429752E-3	3.22E+1    	200.00    	16905.61	22.7 	32.4 	4.151058E+0	2.094746E-6 	1.916453E+7	6.640281E+3	-1.595553E+0	1.847521E-4 	4.153603E+0	4.151058E+0
200.0   	181     	3.899024E+0	1.012867E-3	2.53E+1    	200.00    	16908.19	22.7 	32.4 	3.895735E+0	1.049694E-6 	2.041820E+7	5.335729E+3	-1.599843E+0	1.357694E-4 	3.899024E+0	3.895735E+0
200.0   	182     	3.891027E+0	2.709662E-4	2.85E+1    	200.00    	16910.77	22.7 	32.4 	3.887542E+0	2.573664E-8 	2.046070E+7	1.126943E+3	-1.600723E+0	5.217598E-4 	3.891027E+0	3.887542E+0
200.0   	183     	3.894783E+0	1.673517E-3	2.82E+1    	200.00    	16913.39	22.7 	32.4 	3.891587E+0	2.778366E-6 	2.044020E+7	8.770975E+3	-1.599447E+0	2.516611E-5 	3.894783E+0	3.891587E+0
200.0   	184     	3.891707E+0	2.060319E-3	2.97E+1    	200.00    	16915.92	22.7 	32.4 	3.888232E+0	4.526320E-6 	2.045710E+7	1.101227E+4	-1.600680E+0	3.044667E-4 	3.891707E+0	3.888232E+0
200.0   	185     	3.890492E+0	2.009784E-3	2.63E+1    	200.00    	16918.50	22.7 	32.4 	3.887204E+0	4.311107E-6 	2.046300E+7	1.075035E+4	-1.599873E+0	3.280752E-4 	3.890492E+0	3.887204E+0
200.0   	186     	3.896109E+0	9.724102E-4	2.83E+1    	200.00    	16921.11	22.7 	32.4 	3.892877E+0	1.099155E-6 	2.043333E+7	5.301258E+3	-1.599600E+0	3.508561E-4 	3.896109E+0	3.892877E+0
200.0   	187     	3.893427E+0	1.208976E-3	3.11E+1    	200.00    	16923.65	22.7 	32.4 	3.890278E+0	1.601231E-6 	2.044720E+7	6.496922E+3	-1.599240E+0	4.850773E-4 	3.893427E+0	3.890278E+0
200.0   	188     	3.891236E+0	6.583885E-4	2.87E+1    	200.00    	16926.25	22.6 	32.4 	3.887840E+0	3.893941E-7 	2.045937E+7	3.372437E+3	-1.600343E+0	1.474223E-4 	3.891236E+0	3.887840E+0
200.0   	189     	3.893206E+0	4.385066E-4	2.97E+1    	200.00    	16928.83	22.6 	32.4 	3.890003E+0	1.930347E-7 	2.044850E+7	2.291288E+3	-1.599483E+0	4.460194E-4 	3.893206E+0	3.890003E+0
200.0   	190     	3.892638E+0	1.248924E-3	2.65E+1    	200.00    	16931.37	22.7 	32.4 	3.889380E+0	1.640990E-6 	2.045163E+7	6.649311E+3	-1.599730E+0	1.473092E-4 	3.892638E+0	3.889380E+0
200.0   	191     	3.889945E+0	1.170394E-3	2.65E+1    	200.00    	16933.94	22.6 	32.4 	3.886483E+0	1.463794E-6 	2.046633E+7	6.264450E+3	-1.600630E+0	2.605763E-4 	3.889945E+0	3.886483E+0
200.0   	192     	4.102614E+0	7.928811E-4	2.64E+1    	200.00    	16936.52	22.7 	32.4 	4.099403E+0	5.496903E-7 	1.940437E+7	3.629509E+3	-1.598777E+0	2.542309E-4 	4.102614E+0	4.099403E+0
200.0   	193     	4.109813E+0	1.607187E-3	2.79E+1    	200.00    	16939.10	22.6 	32.4 	4.106800E+0	2.415018E-6 	1.936990E+7	7.450503E+3	-1.597873E+0	2.608320E-4 	4.109813E+0	4.106800E+0
200.0   	194     	4.066051E+0	2.899999E-3	3.38E+1    	200.00    	16941.64	22.7 	32.4 	4.055463E+0	9.044457E-6 	1.959673E+7	1.425354E+4	-1.621847E+0	3.074627E-4 	4.066051E+0	4.055463E+0
200.0   	195     	4.109861E+0	4.159687E-4	3.12E+1    	200.00    	16944.22	22.7 	32.4 	4.106609E+0	1.747776E-7 	1.937023E+7	1.965536E+3	-1.598930E+0	8.888194E-5 	4.109861E+0	4.106609E+0
200.0   	196     	3.896836E+0	7.513052E-4	2.89E+1    	200.00    	16946.81	22.6 	32.4 	3.893523E+0	6.389898E-7 	2.042973E+7	4.064890E+3	-1.599957E+0	2.750152E-4 	3.896836E+0	3.893523E+0
200.0   	197     	3.892006E+0	9.696055E-4	2.78E+1    	200.00    	16949.39	22.6 	32.4 	3.888655E+0	9.183152E-7 	2.045520E+7	5.068530E+3	-1.600143E+0	1.167619E-4 	3.892006E+0	3.888655E+0
200.0   	198     	3.897112E+0	1.549200E-3	2.69E+1    	200.00    	16951.97	22.6 	32.4 	3.893858E+0	2.308132E-6 	2.042813E+7	8.046324E+3	-1.599693E+0	1.331666E-4 	3.897112E+0	3.893858E+0
200.0   	199     	3.894859E+0	7.304652E-4	2.62E+1    	200.00    	16954.51	22.7 	32.4 	3.891663E+0	5.668997E-7 	2.043980E+7	3.893584E+3	-1.599443E+0	1.069268E-4 	3.894859E+0	3.891663E+0
200.0   	200     	3.891754E+0	3.810131E-4	3.01E+1    	200.00    	16957.08	22.6 	32.4 	3.888589E+0	1.509426E-7 	2.045603E+7	2.020726E+3	-1.599317E+0	1.778576E-4 	3.891754E+0	3.888589E+0
200.0   	201     	3.892338E+0	1.356788E-3	2.98E+1    	200.00    	16959.66	22.6 	32.4 	3.889071E+0	1.688519E-6 	2.045323E+7	6.978777E+3	-1.599770E+0	3.567913E-4 	3.892338E+0	3.889071E+0
200.0   	202     	3.894572E+0	1.497939E-3	2.83E+1    	200.00    	16962.25	22.6 	32.4 	3.891380E+0	2.190229E-6 	2.044130E+7	7.817289E+3	-1.599427E+0	2.441994E-4 	3.894572E+0	3.891380E+0
200.0   	203     	3.891532E+0	1.232769E-3	3.34E+1    	200.00    	16964.80	22.6 	32.4 	3.888380E+0	1.491495E-6 	2.045717E+7	6.453165E+3	-1.599260E+0	1.833030E-4 	3.891532E+0	3.888380E+0
200.0   	204     	3.891342E+0	2.993953E-4	2.91E+1    	200.00    	16967.41	22.6 	32.4 	3.888025E+0	6.860850E-8 	2.045860E+7	1.473092E+3	-1.599993E+0	2.285461E-4 	3.891342E+0	3.888025E+0
200.0   	205     	3.893077E+0	6.900896E-4	2.84E+1    	200.00    	16969.99	22.6 	32.4 	3.889626E+0	4.310693E-7 	2.044983E+7	3.536005E+3	-1.600573E+0	2.458319E-4 	3.893077E+0	3.889626E+0
200.0   	206     	4.112068E+0	1.319025E-3	2.98E+1    	200.00    	16972.49	22.6 	32.4 	4.108803E+0	1.727207E-6 	1.935987E+7	6.201075E+3	-1.598980E+0	6.244998E-5 	4.112068E+0	4.108803E+0
200.0   	207     	3.895669E+0	5.507514E-4	2.84E+1    	200.00    	16975.08	22.6 	32.4 	3.892479E+0	3.644491E-7 	2.043553E+7	3.028751E+3	-1.599413E+0	2.653928E-4 	3.895669E+0	3.892479E+0
200.0   	208     	4.106199E+0	1.691695E-3	2.65E+1    	200.00    	16977.67	22.6 	32.4 	4.103209E+0	2.961542E-6 	1.938690E+7	8.057295E+3	-1.597783E+0	1.422439E-4 	4.106199E+0	4.103209E+0
200.0   	209     	4.104247E+0	7.788633E-4	2.93E+1    	200.00    	16980.25	22.6 	32.4 	4.101351E+0	6.618274E-7 	1.939590E+7	3.764306E+3	-1.597367E+0	1.700980E-4 	4.104247E+0	4.101351E+0
200.0   	210     	4.103513E+0	1.116770E-3	3.24E+1    	200.00    	16982.80	22.6 	32.4 	4.100309E+0	1.004314E-6 	1.940010E+7	5.010988E+3	-1.598740E+0	4.975942E-4 	4.103513E+0	4.100309E+0
200.0   	211     	1.197552E+0	1.496973E-3	2.66E+1    	200.00    	16985.41	22.6 	32.4 	1.190516E+0	2.605187E-6 	6.664627E+7	8.673536E+4	-1.647517E+0	8.460693E-4 	1.197552E+0	1.190516E+0
200.0   	212     	4.105630E+0	1.062134E-3	2.82E+1    	200.00    	16987.94	22.6 	32.4 	4.102591E+0	1.126348E-6 	1.938970E+7	5.008992E+3	-1.598003E+0	4.895236E-4 	4.105630E+0	4.102591E+0
200.0   	213     	3.895460E+0	5.696726E-4	2.51E+1    	200.00    	16990.52	22.6 	32.4 	3.892307E+0	3.841254E-7 	2.043653E+7	3.121431E+3	-1.599250E+0	2.364318E-4 	3.895460E+0	3.892307E+0
200.0   	214     	3.894661E+0	7.424785E-4	2.72E+1    	200.00    	16993.10	22.6 	32.4 	3.891265E+0	5.061651E-7 	2.044137E+7	3.817504E+3	-1.600330E+0	1.322876E-4 	3.894661E+0	3.891265E+0
200.0   	215     	3.984049E+0	4.941499E-3	2.94E+1    	200.00    	16995.68	22.6 	32.4 	3.972547E+0	2.365189E-5 	2.000293E+7	2.463581E+4	-1.624553E+0	1.680278E-4 	3.984049E+0	3.972547E+0
200.0   	216     	3.895346E+0	1.240623E-3	2.74E+1    	200.00    	16998.25	22.6 	32.4 	3.892167E+0	1.562748E-6 	2.043720E+7	6.536819E+3	-1.599370E+0	8.000000E-5 	3.895346E+0	3.892167E+0
200.0   	217     	3.893265E+0	1.315161E-3	2.62E+1    	200.00    	17000.83	22.6 	32.4 	3.890275E+0	1.878003E-6 	2.044763E+7	7.052895E+3	-1.598510E+0	4.132796E-4 	3.893265E+0	3.890275E+0
200.0   	218     	3.895044E+0	7.922920E-4	2.62E+1    	200.00    	17003.41	22.6 	32.4 	3.891770E+0	6.205947E-7 	2.043903E+7	4.147690E+3	-1.599793E+0	2.309401E-5 	3.895044E+0	3.891770E+0
200.0   	219     	4.102119E+0	1.650875E-3	2.68E+1    	200.00    	17005.94	22.6 	32.4 	4.098364E+0	2.626357E-6 	1.940800E+7	7.738217E+3	-1.601053E+0	3.931073E-4 	4.102119E+0	4.098364E+0
200.0   	220     	3.896601E+0	6.214924E-4	2.64E+1    	200.00    	17008.52	22.6 	32.4 	3.893542E+0	3.372572E-7 	2.043030E+7	3.148015E+3	-1.598817E+0	3.619853E-4 	3.896601E+0	3.893542E+0
200.0   	221     	4.112243E+0	1.302298E-3	2.77E+1    	200.00    	17011.09	22.6 	32.4 	4.108982E+0	1.565891E-6 	1.935903E+7	6.011933E+3	-1.598957E+0	2.335237E-4 	4.112243E+0	4.108982E+0
200.0   	222     	1.091964E+0	1.369262E-3	2.71E+1    	200.00    	17013.67	22.6 	32.4 	1.090867E+0	1.747454E-6 	7.291227E+7	8.973307E+4	-1.602453E+0	2.012221E-3 	1.091964E+0	1.090867E+0
200.0   	223     	4.109145E+0	6.031893E-4	2.93E+1    	200.00    	17016.25	22.6 	32.4 	4.105686E+0	4.510837E-7 	1.937410E+7	3.004996E+3	-1.599810E+0	3.386739E-4 	4.109145E+0	4.105686E+0
200.0   	224     	4.105356E+0	1.532094E-3	2.81E+1    	200.00    	17018.83	22.6 	32.4 	4.102246E+0	2.513324E-6 	1.939117E+7	7.366365E+3	-1.598323E+0	2.482606E-4 	4.105356E+0	4.102246E+0
200.0   	225     	4.107258E+0	8.254892E-4	2.62E+1    	200.00    	17021.41	22.6 	32.4 	4.104211E+0	6.089121E-7 	1.938203E+7	3.789899E+3	-1.598037E+0	2.343786E-4 	4.107258E+0	4.104211E+0
200.0   	226     	3.897918E+0	9.334035E-4	2.80E+1    	200.00    	17023.94	22.6 	32.4 	3.894679E+0	1.009021E-6 	2.042387E+7	5.076744E+3	-1.599627E+0	3.971566E-4 	3.897918E+0	3.894679E+0
200.0   	227     	4.104423E+0	4.633547E-4	2.89E+1    	200.00    	17026.54	22.6 	32.4 	4.101203E+0	2.391282E-7 	1.939583E+7	2.250185E+3	-1.598807E+0	1.601041E-4 	4.104423E+0	4.101203E+0
200.0   	228     	3.898755E+0	9.660173E-4	3.42E+1    	200.00    	17029.08	22.6 	32.4 	3.895661E+0	9.153858E-7 	2.041910E+7	5.023943E+3	-1.598967E+0	6.174410E-4 	3.898755E+0	3.895661E+0
200.0   	229     	4.131430E+0	1.399046E-3	2.87E+1    	200.00    	17031.69	22.6 	32.4 	4.126880E+0	1.953615E-6 	1.927210E+7	6.527634E+3	-1.603990E+0	9.539392E-5 	4.131430E+0	4.126880E+0
200.0   	230     	3.988340E+0	6.621110E-3	2.85E+1    	200.00    	17034.23	22.6 	32.4 	3.977130E+0	4.265022E-5 	1.998067E+7	3.296518E+4	-1.623837E+0	2.350177E-4 	3.988340E+0	3.977130E+0
200.0   	231     	3.256061E+0	1.526531E-2	2.63E+1    	200.00    	17036.87	22.6 	32.4 	2.732167E+0	4.646998E-4 	2.668100E+7	1.678977E+5	-1.158053E+0	3.710880E-3 	3.256061E+0	2.732167E+0
200.0   	232     	3.981890E+0	4.028847E-3	2.71E+1    	200.00    	17039.44	22.6 	32.4 	3.970860E+0	1.600576E-5 	2.001260E+7	2.020297E+4	-1.623450E+0	3.567913E-4 	3.981890E+0	3.970860E+0
200.0   	233     	3.893106E+0	1.258941E-3	3.39E+1    	200.00    	17041.99	22.6 	32.4 	3.889964E+0	1.533540E-6 	2.044887E+7	6.560742E+3	-1.599207E+0	1.429452E-4 	3.893106E+0	3.889964E+0
200.0   	234     	4.103838E+0	3.898444E-4	2.54E+1    	200.00    	17044.54	22.6 	32.4 	4.100280E+0	1.459343E-7 	1.939940E+7	1.819341E+3	-1.600243E+0	2.577466E-4 	4.103838E+0	4.100280E+0
200.0   	235     	1.227636E+0	8.803175E-4	2.70E+1    	200.00    	17047.14	22.6 	32.4 	1.226941E+0	7.932276E-7 	6.484010E+7	4.677221E+4	-1.547007E+0	5.231953E-4 	1.227636E+0	1.226941E+0
200.0   	236     	4.100736E+0	6.514019E-4	3.30E+1    	200.00    	17049.69	22.6 	32.4 	4.097071E+0	3.709759E-7 	1.941433E+7	2.983845E+3	-1.600697E+0	2.150194E-4 	4.100736E+0	4.097071E+0
200.0   	237     	3.893718E+0	1.480429E-3	2.95E+1    	200.00    	17052.31	22.6 	32.4 	3.890457E+0	2.013076E-6 	2.044597E+7	7.614022E+3	-1.599740E+0	3.292416E-4 	3.893718E+0	3.890457E+0
200.0   	238     	4.111483E+0	1.043578E-3	2.77E+1    	200.00    	17054.82	22.6 	32.4 	4.107874E+0	1.120428E-6 	1.936343E+7	4.952104E+3	-1.600427E+0	6.506407E-5 	4.111483E+0	4.107874E+0
200.0   	239     	3.895680E+0	1.434178E-3	2.66E+1    	200.00    	17057.40	22.6 	32.4 	3.892481E+0	2.253373E-6 	2.043550E+7	7.701948E+3	-1.599457E+0	3.056687E-4 	3.895680E+0	3.892481E+0
200.0   	240     	4.106953E+0	6.145641E-4	3.00E+1    	200.00    	17059.97	22.6 	32.4 	4.103964E+0	4.266090E-7 	1.938333E+7	2.990541E+3	-1.597777E+0	2.750152E-4 	4.106953E+0	4.103964E+0
200.0   	241     	4.325601E+0	9.422109E-4	2.93E+1    	200.00    	17062.55	22.6 	32.4 	4.322793E+0	8.116064E-7 	1.840283E+7	3.920884E+3	-1.596273E+0	2.542309E-4 	4.325601E+0	4.322793E+0
200.0   	242     	4.117272E+0	1.272802E-3	2.60E+1    	200.00    	17065.12	22.6 	32.4 	4.114242E+0	1.657620E-6 	1.933483E+7	6.010269E+3	-1.597927E+0	3.442867E-4 	4.117272E+0	4.114242E+0
200.0   	243     	4.110690E+0	4.703410E-4	2.57E+1    	200.00    	17067.71	22.6 	32.4 	4.107733E+0	2.061297E-7 	1.936563E+7	2.177919E+3	-1.597620E+0	8.185353E-5 	4.110690E+0	4.107733E+0
200.0   	244     	4.342632E+0	1.914659E-3	2.68E+1    	200.00    	17070.28	22.6 	32.4 	4.338391E+0	3.659971E-6 	1.833367E+7	8.085378E+3	-1.602053E+0	1.750238E-4 	4.342632E+0	4.338391E+0
200.0   	245     	1.237577E+0	1.349426E-3	2.96E+1    	200.00    	17072.86	22.6 	32.4 	1.217053E+0	2.070618E-6 	6.484100E+7	7.284284E+4	-1.441663E+0	1.340012E-3 	1.237577E+0	1.217053E+0
200.0   	246     	4.346223E+0	3.656291E-4	3.36E+1    	200.00    	17075.41	22.6 	32.4 	4.342144E+0	1.346723E-7 	1.831817E+7	1.537314E+3	-1.601437E+0	2.657693E-4 	4.346223E+0	4.342144E+0
200.0   	247     	4.193777E+0	1.347239E-3	2.70E+1    	200.00    	17078.02	22.6 	32.4 	4.184451E+0	1.962138E-6 	1.899627E+7	6.229232E+3	-1.617970E+0	1.769181E-4 	4.193777E+0	4.184451E+0
200.0   	248     	4.110368E+0	4.027388E-4	3.37E+1    	200.00    	17080.56	22.6 	32.4 	4.107517E+0	1.698887E-7 	1.936690E+7	1.900000E+3	-1.597133E+0	5.542863E-4 	4.110368E+0	4.107517E+0
200.0   	249     	4.103934E+0	1.404058E-3	2.79E+1    	200.00    	17083.16	22.6 	32.4 	4.100931E+0	2.014629E-6 	1.939763E+7	6.676326E+3	-1.597853E+0	7.571878E-5 	4.103934E+0	4.100931E+0
200.0   	250     	4.114025E+0	1.423950E-3	2.93E+1    	200.00    	17085.74	22.6 	32.4 	4.111138E+0	2.187999E-6 	1.934977E+7	6.824466E+3	-1.597287E+0	5.147168E-4 	4.114025E+0	4.111138E+0
200.0   	251     	4.318136E+0	2.103468E-4	3.17E+1    	200.00    	17088.28	22.6 	32.4 	4.314934E+0	3.839573E-8 	1.843550E+7	8.660254E+2	-1.598030E+0	1.212436E-4 	4.318136E+0	4.314934E+0
200.0   	252     	4.105939E+0	7.245220E-4	2.85E+1    	200.00    	17090.89	22.6 	32.4 	4.102861E+0	4.072450E-7 	1.938833E+7	3.212994E+3	-1.598177E+0	5.185878E-4 	4.105939E+0	4.102861E+0
200.0   	253     	4.102361E+0	2.241766E-3	3.37E+1    	200.00    	17093.44	22.6 	32.4 	4.099292E+0	5.124015E-6 	1.940523E+7	1.066130E+4	-1.598153E+0	1.700980E-4 	4.102361E+0	4.099292E+0
200.0   	254     	4.103437E+0	8.075828E-4	2.85E+1    	200.00    	17096.05	22.6 	32.4 	4.100567E+0	7.619792E-7 	1.939967E+7	3.967787E+3	-1.597243E+0	5.193586E-4 	4.103437E+0	4.100567E+0
200.0   	255     	4.109242E+0	1.013372E-3	2.81E+1    	200.00    	17098.59	22.6 	32.4 	4.106225E+0	1.050350E-6 	1.937260E+7	4.804165E+3	-1.597897E+0	3.108590E-4 	4.109242E+0	4.106225E+0
200.0   	256     	4.323601E+0	1.099754E-3	2.70E+1    	200.00    	17101.16	22.6 	32.4 	4.321333E+0	1.241281E-6 	1.841020E+7	4.714870E+3	-1.593703E+0	1.150362E-4 	4.323601E+0	4.321333E+0
200.0   	257     	5.636871E+0	2.963163E-3	2.63E+1    	200.00    	17103.73	22.6 	32.4 	5.634861E+0	8.624607E-6 	1.411983E+7	7.392113E+3	-1.589683E+0	1.193035E-4 	5.636871E+0	5.634861E+0
200.0   	258     	8.097907E+0	1.168795E-3	2.68E+1    	200.00    	17106.31	22.6 	32.4 	8.096933E+0	1.453639E-6 	9.827510E+6	1.440868E+3	-1.581763E+0	2.409011E-4 	8.097907E+0	8.096933E+0
200.0   	259     	1.125578E+1	1.338671E-3	3.07E+1    	200.00    	17108.89	22.6 	32.4 	1.125549E+1	1.788987E-6 	7.070010E+6	8.404166E+2	-1.575890E+0	1.907878E-4 	1.125578E+1	1.125549E+1
200.0   	260     	2.370223E+1	2.066615E-3	2.57E+1    	200.00    	17111.47	22.6 	32.4 	2.370138E+1	4.274800E-6 	3.357443E+6	2.928026E+2	-1.564797E+0	4.725816E-5 	2.370223E+1	2.370138E+1
200.0   	261     	2.821355E+1	1.078176E-3	2.76E+1    	200.00    	17113.99	22.6 	32.4 	2.821150E+1	1.165353E-6 	2.820643E+6	1.078579E+2	-1.562273E+0	2.081666E-5 	2.821355E+1	2.821150E+1
200.0   	262     	3.431524E+1	1.378903E-3	2.85E+1    	200.00    	17116.57	22.6 	32.4 	3.431068E+1	1.878622E-6 	2.319167E+6	9.291573E+1	-1.559260E+0	1.732051E-5 	3.431524E+1	3.431068E+1
200.0   	263     	5.030378E+1	8.904439E-4	2.79E+1    	200.00    	17119.17	22.6 	32.4 	5.028566E+1	8.934189E-7 	1.582223E+6	2.886751E+1	-1.551817E+0	3.511885E-5 	5.030378E+1	5.028566E+1
200.0   	264     	1.102597E+2	4.457928E-4	2.71E+1    	200.00    	17121.75	22.6 	32.4 	1.100471E+2	3.588586E-8 	7.224247E+5	2.081666E+0	-1.526870E+0	2.645751E-5 	1.102597E+2	1.100471E+2
