#Measurement:		IV
#Sensor type:		CALICE_6in_256ch
#Needle measurement:	0
#Identifier:		CSIS2025_008_IV_CV_20250523_0
#Timestamp:		23.5.2025 14:26 
#Voltage delay:		5.0 s
#Switch delay:		0.3 s
#Compliance level:		2000.00 uA
#Mask pads above:		5.00 uA
#Voltage limit:		100.0 V
#LCR freq.:		2000 Hz
#LCR voltg.:		0.50 V
#Repeat:			1
#Sampling number:		3
#Source as DMM:		0
#Custom channels:		None
#Masked channels:		None
#Vltg. sign inversion?:	1
#VISA source:		GPIB0::18::INSTR
#VISA DMM:		GPIB0::25::INSTR
#VISA LCR:		GPIB0::17::INSTR
#HexPlot cmd:		C:\Users\calice\Desktop\ProbeStation\HGCAL_sensor_tests-CALICE_6in_256ch\bin\HexPlot.exe -i "D:\ProbeStationData\CALICE_6in_256ch_CSIS2025_008_IV_CV_20250523_0\CALICE_6in_256ch_CSIS2025_008_IV_CV_20250523_0_IV.txt" -o  "D:\ProbeStationData\CALICE_6in_256ch_CSIS2025_008_IV_CV_20250523_0\CALICE_6in_256ch_CSIS2025_008_IV_CV_20250523_0_IV.pdf" --IV  --select 200  --if SELECTOR:PADNUM:VAL  --pn 0 --invertx --invertVal -g "C:\Users\calice\Documents\HGCAL_sensor_tests-CALICE_6in_256ch\src\..\geo\hex_positions_HPK_256ch_6inch_CALICE.txt" --colorpalette 1
#HexPlot analysis cmd:	C:\Users\calice\Desktop\ProbeStation\HGCAL_sensor_tests-CALICE_6in_256ch\bin\HexPlot.exe -i "D:\ProbeStationData\CALICE_6in_256ch_CSIS2025_008_IV_CV_20250523_0\CALICE_6in_256ch_CSIS2025_008_IV_CV_20250523_0_IV.txt" -o  "D:\ProbeStationData\CALICE_6in_256ch_CSIS2025_008_IV_CV_20250523_0\CALICE_6in_256ch_CSIS2025_008_IV_CV_20250523_0_IV_analysis.pdf" --IV  --select 200  --if SELECTOR:PADNUM:VAL -p PAD --sc 1-18--invertx --invertVal -g "C:\Users\calice\Documents\HGCAL_sensor_tests-CALICE_6in_256ch\src\..\geo\hex_positions_HPK_256ch_6inch_CALICE.txt" --colorpalette 1
#HexPlot on matrix cmd:	C:\Users\calice\Desktop\ProbeStation\HGCAL_sensor_tests-CALICE_6in_256ch\bin\HexPlot.exe -i "D:\ProbeStationData\CALICE_6in_256ch_CSIS2025_008_IV_CV_20250523_0\CALICE_6in_256ch_CSIS2025_008_IV_CV_20250523_0_IV.txt" -o  "D:\ProbeStationData\CALICE_6in_256ch_CSIS2025_008_IV_CV_20250523_0\CALICE_6in_256ch_CSIS2025_008_IV_CV_20250523_0_IV.pdf" --IV  --select 200  --if SELECTOR:PADNUM:VAL  --pn 0 --invertx --invertVal -g "C:\Users\calice\Documents\HGCAL_sensor_tests-CALICE_6in_256ch\geo\switch_matrix.txt" -m "C:\Users\calice\Documents\HGCAL_sensor_tests-CALICE_6in_256ch\src\..\maps\Probe_card_CALICE_6in_256ch.txt"  --colorpalette 1
#Voltage file:		C:\Users\calice\Desktop\ProbeStation\SensorTest_CALICE_6in_256ch\HGCAL_sensor_tests-CALICE_6in_256ch\config\Voltages_20250523.txt
#CV correction file:		none
#Comments:		CSIS2025_008 IV CV scans

#Voltage	#Channel	#Current    	#Error     	#Tot. curr.	#Act. vlt.	#Time  	#Temp	#Hum.	#n/a       	#Error     	#n/a       	#Error     	#n/a       	#Error     	#n/a       	#n/a       
#[V]    	#       	#[nA]       	#[nA]      	#[nA]      	#[V]      	#[s]   	#[C] 	#[%] 	#[n/a]     	#[n/a]     	#[n/a]     	#[n/a]     	#[n/a]     	#[n/a]     	#[n/a]     	#[n/a]     
10.0    	1       	6.278684E-2 	4.169618E-5	-2.34E-1   	10.00     	11.23  	22.8 	38.7 	0.000000E+0	0.000000E+0	0.000000E+0	0.000000E+0	0.000000E+0	0.000000E+0	0.000000E+0	0.000000E+0
10.0    	2       	1.123659E-1 	8.365455E-5	-2.70E-1   	10.00     	13.72  	22.8 	38.7 	0.000000E+0	0.000000E+0	0.000000E+0	0.000000E+0	0.000000E+0	0.000000E+0	0.000000E+0	0.000000E+0
10.0    	3       	1.420829E-3 	1.852650E-4	-2.56E-1   	10.00     	15.61  	22.8 	38.7 	0.000000E+0	0.000000E+0	0.000000E+0	0.000000E+0	0.000000E+0	0.000000E+0	0.000000E+0	0.000000E+0
10.0    	4       	6.362766E-2 	2.218219E-4	-2.84E-1   	10.00     	17.92  	22.8 	38.7 	0.000000E+0	0.000000E+0	0.000000E+0	0.000000E+0	0.000000E+0	0.000000E+0	0.000000E+0	0.000000E+0
10.0    	5       	6.107571E-2 	1.394538E-4	-2.58E-1   	10.00     	19.81  	22.9 	38.7 	0.000000E+0	0.000000E+0	0.000000E+0	0.000000E+0	0.000000E+0	0.000000E+0	0.000000E+0	0.000000E+0
10.0    	6       	4.996603E-2 	1.474257E-4	-2.62E-1   	10.00     	22.12  	22.8 	38.7 	0.000000E+0	0.000000E+0	0.000000E+0	0.000000E+0	0.000000E+0	0.000000E+0	0.000000E+0	0.000000E+0
10.0    	7       	5.978851E-2 	1.011700E-4	-2.60E-1   	10.00     	24.01  	22.8 	38.7 	0.000000E+0	0.000000E+0	0.000000E+0	0.000000E+0	0.000000E+0	0.000000E+0	0.000000E+0	0.000000E+0
10.0    	8       	7.204834E-2 	3.960031E-5	-2.83E-1   	10.00     	26.32  	22.8 	38.7 	0.000000E+0	0.000000E+0	0.000000E+0	0.000000E+0	0.000000E+0	0.000000E+0	0.000000E+0	0.000000E+0
10.0    	9       	5.984139E-2 	5.894330E-5	-2.54E-1   	10.00     	28.21  	22.8 	38.7 	0.000000E+0	0.000000E+0	0.000000E+0	0.000000E+0	0.000000E+0	0.000000E+0	0.000000E+0	0.000000E+0
10.0    	10      	7.793672E-2 	1.057821E-4	-2.83E-1   	10.00     	30.52  	22.8 	38.7 	0.000000E+0	0.000000E+0	0.000000E+0	0.000000E+0	0.000000E+0	0.000000E+0	0.000000E+0	0.000000E+0
10.0    	11      	6.311543E-2 	5.473688E-5	-2.62E-1   	10.00     	32.41  	22.9 	38.7 	0.000000E+0	0.000000E+0	0.000000E+0	0.000000E+0	0.000000E+0	0.000000E+0	0.000000E+0	0.000000E+0
10.0    	12      	6.883001E-2 	8.893269E-5	-2.67E-1   	10.00     	34.72  	22.8 	38.7 	0.000000E+0	0.000000E+0	0.000000E+0	0.000000E+0	0.000000E+0	0.000000E+0	0.000000E+0	0.000000E+0
10.0    	13      	7.943099E-2 	1.515195E-4	-2.57E-1   	10.00     	36.60  	22.8 	38.7 	0.000000E+0	0.000000E+0	0.000000E+0	0.000000E+0	0.000000E+0	0.000000E+0	0.000000E+0	0.000000E+0
10.0    	14      	6.381096E-2 	8.152016E-5	-2.72E-1   	10.00     	38.91  	22.8 	38.7 	0.000000E+0	0.000000E+0	0.000000E+0	0.000000E+0	0.000000E+0	0.000000E+0	0.000000E+0	0.000000E+0
10.0    	15      	7.982986E-2 	8.071621E-5	-2.60E-1   	10.00     	40.80  	22.9 	38.7 	0.000000E+0	0.000000E+0	0.000000E+0	0.000000E+0	0.000000E+0	0.000000E+0	0.000000E+0	0.000000E+0
10.0    	16      	7.061520E-2 	2.613648E-4	-2.77E-1   	10.00     	43.11  	22.8 	38.7 	0.000000E+0	0.000000E+0	0.000000E+0	0.000000E+0	0.000000E+0	0.000000E+0	0.000000E+0	0.000000E+0
10.0    	17      	1.861772E-2 	1.647707E-4	-2.59E-1   	10.00     	45.00  	22.9 	38.7 	0.000000E+0	0.000000E+0	0.000000E+0	0.000000E+0	0.000000E+0	0.000000E+0	0.000000E+0	0.000000E+0
10.0    	18      	6.024628E-2 	3.327172E-5	-2.72E-1   	10.00     	47.31  	22.8 	38.7 	0.000000E+0	0.000000E+0	0.000000E+0	0.000000E+0	0.000000E+0	0.000000E+0	0.000000E+0	0.000000E+0
10.0    	19      	1.306180E-1 	3.257653E-5	-2.63E-1   	10.00     	49.20  	22.8 	38.7 	0.000000E+0	0.000000E+0	0.000000E+0	0.000000E+0	0.000000E+0	0.000000E+0	0.000000E+0	0.000000E+0
10.0    	20      	4.279772E-2 	1.349722E-4	-2.70E-1   	10.00     	51.51  	22.8 	38.7 	0.000000E+0	0.000000E+0	0.000000E+0	0.000000E+0	0.000000E+0	0.000000E+0	0.000000E+0	0.000000E+0
10.0    	21      	1.942913E-2 	1.982289E-4	-2.62E-1   	10.00     	53.40  	22.9 	38.7 	0.000000E+0	0.000000E+0	0.000000E+0	0.000000E+0	0.000000E+0	0.000000E+0	0.000000E+0	0.000000E+0
10.0    	22      	2.051783E-2 	1.059935E-4	-2.86E-1   	10.00     	55.72  	22.9 	38.7 	0.000000E+0	0.000000E+0	0.000000E+0	0.000000E+0	0.000000E+0	0.000000E+0	0.000000E+0	0.000000E+0
10.0    	23      	1.991760E-2 	4.304980E-5	-2.57E-1   	10.00     	57.61  	22.9 	38.7 	0.000000E+0	0.000000E+0	0.000000E+0	0.000000E+0	0.000000E+0	0.000000E+0	0.000000E+0	0.000000E+0
10.0    	24      	2.535421E-2 	8.526301E-5	-2.75E-1   	10.00     	59.92  	22.9 	38.7 	0.000000E+0	0.000000E+0	0.000000E+0	0.000000E+0	0.000000E+0	0.000000E+0	0.000000E+0	0.000000E+0
10.0    	25      	4.849775E-2 	1.301204E-4	-2.64E-1   	10.00     	61.81  	22.9 	38.7 	0.000000E+0	0.000000E+0	0.000000E+0	0.000000E+0	0.000000E+0	0.000000E+0	0.000000E+0	0.000000E+0
10.0    	26      	3.258646E-2 	2.285468E-4	-2.91E-1   	10.00     	64.12  	22.9 	38.7 	0.000000E+0	0.000000E+0	0.000000E+0	0.000000E+0	0.000000E+0	0.000000E+0	0.000000E+0	0.000000E+0
10.0    	27      	2.126022E-2 	5.792869E-5	-2.64E-1   	10.00     	66.01  	22.9 	38.7 	0.000000E+0	0.000000E+0	0.000000E+0	0.000000E+0	0.000000E+0	0.000000E+0	0.000000E+0	0.000000E+0
10.0    	28      	2.286685E-2 	1.556646E-4	-2.90E-1   	10.00     	68.32  	22.9 	38.7 	0.000000E+0	0.000000E+0	0.000000E+0	0.000000E+0	0.000000E+0	0.000000E+0	0.000000E+0	0.000000E+0
10.0    	29      	2.478658E-2 	2.056114E-4	-2.61E-1   	10.00     	70.21  	22.9 	38.7 	0.000000E+0	0.000000E+0	0.000000E+0	0.000000E+0	0.000000E+0	0.000000E+0	0.000000E+0	0.000000E+0
10.0    	30      	2.127097E-2 	6.301678E-5	-2.90E-1   	10.00     	72.52  	22.9 	38.7 	0.000000E+0	0.000000E+0	0.000000E+0	0.000000E+0	0.000000E+0	0.000000E+0	0.000000E+0	0.000000E+0
10.0    	31      	2.102024E-2 	1.365660E-4	-2.60E-1   	10.00     	74.41  	22.9 	38.7 	0.000000E+0	0.000000E+0	0.000000E+0	0.000000E+0	0.000000E+0	0.000000E+0	0.000000E+0	0.000000E+0
10.0    	32      	2.503036E-2 	1.082600E-4	-2.96E-1   	10.00     	76.72  	22.9 	38.7 	0.000000E+0	0.000000E+0	0.000000E+0	0.000000E+0	0.000000E+0	0.000000E+0	0.000000E+0	0.000000E+0
10.0    	33      	4.735932E-2 	1.472059E-4	-2.60E-1   	10.00     	78.61  	22.9 	38.7 	0.000000E+0	0.000000E+0	0.000000E+0	0.000000E+0	0.000000E+0	0.000000E+0	0.000000E+0	0.000000E+0
10.0    	34      	5.863273E-2 	2.075946E-4	-2.68E-1   	10.00     	80.92  	22.9 	38.7 	0.000000E+0	0.000000E+0	0.000000E+0	0.000000E+0	0.000000E+0	0.000000E+0	0.000000E+0	0.000000E+0
10.0    	35      	8.453710E-2 	7.289686E-5	-2.60E-1   	10.00     	82.81  	22.9 	38.7 	0.000000E+0	0.000000E+0	0.000000E+0	0.000000E+0	0.000000E+0	0.000000E+0	0.000000E+0	0.000000E+0
10.0    	36      	1.912647E-2 	5.985500E-5	-2.90E-1   	10.00     	85.12  	22.9 	38.6 	0.000000E+0	0.000000E+0	0.000000E+0	0.000000E+0	0.000000E+0	0.000000E+0	0.000000E+0	0.000000E+0
10.0    	37      	1.836541E-2 	7.856116E-5	-2.61E-1   	10.00     	87.01  	22.9 	38.6 	0.000000E+0	0.000000E+0	0.000000E+0	0.000000E+0	0.000000E+0	0.000000E+0	0.000000E+0	0.000000E+0
10.0    	38      	2.031334E-2 	2.040274E-4	-2.69E-1   	10.00     	89.32  	22.9 	38.6 	0.000000E+0	0.000000E+0	0.000000E+0	0.000000E+0	0.000000E+0	0.000000E+0	0.000000E+0	0.000000E+0
10.0    	39      	2.091356E-2 	2.639392E-4	-2.59E-1   	10.00     	91.21  	22.9 	38.6 	0.000000E+0	0.000000E+0	0.000000E+0	0.000000E+0	0.000000E+0	0.000000E+0	0.000000E+0	0.000000E+0
10.0    	40      	-2.969177E-2	5.751054E-5	-2.71E-1   	10.00     	93.52  	22.9 	38.6 	0.000000E+0	0.000000E+0	0.000000E+0	0.000000E+0	0.000000E+0	0.000000E+0	0.000000E+0	0.000000E+0
10.0    	41      	1.787219E-2 	1.526797E-4	-2.59E-1   	10.00     	95.42  	22.9 	38.6 	0.000000E+0	0.000000E+0	0.000000E+0	0.000000E+0	0.000000E+0	0.000000E+0	0.000000E+0	0.000000E+0
10.0    	42      	2.752218E-2 	1.027525E-4	-2.83E-1   	10.00     	97.73  	22.9 	38.6 	0.000000E+0	0.000000E+0	0.000000E+0	0.000000E+0	0.000000E+0	0.000000E+0	0.000000E+0	0.000000E+0
10.0    	43      	1.998726E-2 	1.228862E-4	-2.65E-1   	10.00     	99.62  	22.9 	38.6 	0.000000E+0	0.000000E+0	0.000000E+0	0.000000E+0	0.000000E+0	0.000000E+0	0.000000E+0	0.000000E+0
10.0    	44      	6.929626E-3 	5.302350E-5	-2.69E-1   	10.00     	101.93 	22.9 	38.6 	0.000000E+0	0.000000E+0	0.000000E+0	0.000000E+0	0.000000E+0	0.000000E+0	0.000000E+0	0.000000E+0
10.0    	45      	-1.159536E-2	4.722591E-5	-2.60E-1   	10.00     	103.82 	22.9 	38.6 	0.000000E+0	0.000000E+0	0.000000E+0	0.000000E+0	0.000000E+0	0.000000E+0	0.000000E+0	0.000000E+0
10.0    	46      	2.696373E-2 	4.953380E-5	-2.72E-1   	10.00     	106.14 	22.9 	38.6 	0.000000E+0	0.000000E+0	0.000000E+0	0.000000E+0	0.000000E+0	0.000000E+0	0.000000E+0	0.000000E+0
10.0    	47      	3.303097E-2 	1.566847E-4	-2.61E-1   	10.00     	108.03 	22.9 	38.6 	0.000000E+0	0.000000E+0	0.000000E+0	0.000000E+0	0.000000E+0	0.000000E+0	0.000000E+0	0.000000E+0
10.0    	48      	2.615486E-2 	1.025800E-4	-2.76E-1   	10.00     	110.34 	22.9 	38.6 	0.000000E+0	0.000000E+0	0.000000E+0	0.000000E+0	0.000000E+0	0.000000E+0	0.000000E+0	0.000000E+0
10.0    	49      	1.679298E-2 	7.237208E-5	-2.62E-1   	10.00     	112.23 	22.9 	38.6 	0.000000E+0	0.000000E+0	0.000000E+0	0.000000E+0	0.000000E+0	0.000000E+0	0.000000E+0	0.000000E+0
10.0    	50      	5.777230E-2 	8.370085E-5	-2.84E-1   	10.00     	114.55 	22.9 	38.6 	0.000000E+0	0.000000E+0	0.000000E+0	0.000000E+0	0.000000E+0	0.000000E+0	0.000000E+0	0.000000E+0
10.0    	51      	7.961973E-2 	2.801445E-4	-2.63E-1   	10.00     	116.44 	22.9 	38.6 	0.000000E+0	0.000000E+0	0.000000E+0	0.000000E+0	0.000000E+0	0.000000E+0	0.000000E+0	0.000000E+0
10.0    	52      	1.971690E-2 	1.897775E-4	-2.87E-1   	10.00     	118.75 	22.9 	38.6 	0.000000E+0	0.000000E+0	0.000000E+0	0.000000E+0	0.000000E+0	0.000000E+0	0.000000E+0	0.000000E+0
10.0    	53      	1.990686E-2 	1.237651E-4	-2.61E-1   	10.00     	120.64 	22.9 	38.6 	0.000000E+0	0.000000E+0	0.000000E+0	0.000000E+0	0.000000E+0	0.000000E+0	0.000000E+0	0.000000E+0
10.0    	54      	2.007527E-2 	1.212250E-4	-2.64E-1   	10.00     	122.95 	22.9 	38.6 	0.000000E+0	0.000000E+0	0.000000E+0	0.000000E+0	0.000000E+0	0.000000E+0	0.000000E+0	0.000000E+0
10.0    	55      	1.878838E-2 	9.765147E-5	-2.62E-1   	10.00     	124.85 	22.9 	38.6 	0.000000E+0	0.000000E+0	0.000000E+0	0.000000E+0	0.000000E+0	0.000000E+0	0.000000E+0	0.000000E+0
10.0    	56      	3.119291E-2 	1.406720E-4	-2.73E-1   	10.00     	127.16 	22.9 	38.6 	0.000000E+0	0.000000E+0	0.000000E+0	0.000000E+0	0.000000E+0	0.000000E+0	0.000000E+0	0.000000E+0
10.0    	57      	2.690454E-2 	7.556664E-5	-2.60E-1   	10.00     	129.05 	22.9 	38.6 	0.000000E+0	0.000000E+0	0.000000E+0	0.000000E+0	0.000000E+0	0.000000E+0	0.000000E+0	0.000000E+0
10.0    	58      	3.193562E-2 	1.294471E-4	-2.93E-1   	10.00     	131.36 	22.9 	38.6 	0.000000E+0	0.000000E+0	0.000000E+0	0.000000E+0	0.000000E+0	0.000000E+0	0.000000E+0	0.000000E+0
10.0    	59      	1.848795E-2 	5.604941E-5	-2.63E-1   	10.00     	133.26 	22.8 	38.6 	0.000000E+0	0.000000E+0	0.000000E+0	0.000000E+0	0.000000E+0	0.000000E+0	0.000000E+0	0.000000E+0
10.0    	60      	2.261425E-2 	8.008392E-5	-2.87E-1   	10.00     	135.57 	22.9 	38.6 	0.000000E+0	0.000000E+0	0.000000E+0	0.000000E+0	0.000000E+0	0.000000E+0	0.000000E+0	0.000000E+0
10.0    	61      	6.621771E-2 	8.481598E-5	-2.67E-1   	10.00     	137.45 	22.9 	38.6 	0.000000E+0	0.000000E+0	0.000000E+0	0.000000E+0	0.000000E+0	0.000000E+0	0.000000E+0	0.000000E+0
10.0    	62      	2.236257E-2 	7.130640E-5	-2.77E-1   	10.00     	139.77 	22.9 	38.6 	0.000000E+0	0.000000E+0	0.000000E+0	0.000000E+0	0.000000E+0	0.000000E+0	0.000000E+0	0.000000E+0
10.0    	63      	2.488129E-2 	3.573354E-5	-2.65E-1   	10.00     	141.66 	22.9 	38.6 	0.000000E+0	0.000000E+0	0.000000E+0	0.000000E+0	0.000000E+0	0.000000E+0	0.000000E+0	0.000000E+0
10.0    	64      	2.161259E-2 	2.623951E-4	-2.71E-1   	10.00     	143.97 	22.9 	38.6 	0.000000E+0	0.000000E+0	0.000000E+0	0.000000E+0	0.000000E+0	0.000000E+0	0.000000E+0	0.000000E+0
10.0    	65      	1.716087E-2 	1.264632E-4	-2.63E-1   	10.00     	145.85 	22.9 	38.6 	0.000000E+0	0.000000E+0	0.000000E+0	0.000000E+0	0.000000E+0	0.000000E+0	0.000000E+0	0.000000E+0
10.0    	66      	6.026762E-2 	4.567862E-5	-2.89E-1   	10.00     	148.17 	22.9 	38.6 	0.000000E+0	0.000000E+0	0.000000E+0	0.000000E+0	0.000000E+0	0.000000E+0	0.000000E+0	0.000000E+0
10.0    	67      	7.449628E-2 	1.378762E-4	-2.61E-1   	10.00     	150.05 	22.9 	38.6 	0.000000E+0	0.000000E+0	0.000000E+0	0.000000E+0	0.000000E+0	0.000000E+0	0.000000E+0	0.000000E+0
10.0    	68      	1.902456E-2 	8.693277E-5	-2.69E-1   	10.00     	152.37 	22.9 	38.6 	0.000000E+0	0.000000E+0	0.000000E+0	0.000000E+0	0.000000E+0	0.000000E+0	0.000000E+0	0.000000E+0
10.0    	69      	1.871336E-2 	1.098147E-4	-2.60E-1   	10.00     	154.26 	22.9 	38.6 	0.000000E+0	0.000000E+0	0.000000E+0	0.000000E+0	0.000000E+0	0.000000E+0	0.000000E+0	0.000000E+0
10.0    	70      	1.786430E-2 	8.975840E-5	-2.95E-1   	10.00     	156.57 	22.9 	38.6 	0.000000E+0	0.000000E+0	0.000000E+0	0.000000E+0	0.000000E+0	0.000000E+0	0.000000E+0	0.000000E+0
10.0    	71      	1.788076E-2 	1.418633E-4	-2.64E-1   	10.00     	158.46 	22.9 	38.6 	0.000000E+0	0.000000E+0	0.000000E+0	0.000000E+0	0.000000E+0	0.000000E+0	0.000000E+0	0.000000E+0
10.0    	72      	2.608017E-2 	9.926831E-5	-2.80E-1   	10.00     	160.76 	22.9 	38.6 	0.000000E+0	0.000000E+0	0.000000E+0	0.000000E+0	0.000000E+0	0.000000E+0	0.000000E+0	0.000000E+0
10.0    	73      	2.066889E-2 	1.617455E-4	-2.65E-1   	10.00     	162.65 	22.9 	38.6 	0.000000E+0	0.000000E+0	0.000000E+0	0.000000E+0	0.000000E+0	0.000000E+0	0.000000E+0	0.000000E+0
10.0    	74      	4.341704E-2 	1.615211E-4	-2.89E-1   	10.00     	164.96 	22.9 	38.6 	0.000000E+0	0.000000E+0	0.000000E+0	0.000000E+0	0.000000E+0	0.000000E+0	0.000000E+0	0.000000E+0
10.0    	75      	1.853356E-2 	8.219131E-5	-2.64E-1   	10.00     	166.85 	22.9 	38.6 	0.000000E+0	0.000000E+0	0.000000E+0	0.000000E+0	0.000000E+0	0.000000E+0	0.000000E+0	0.000000E+0
10.0    	76      	2.252372E-2 	1.491940E-4	-2.85E-1   	10.00     	169.16 	22.9 	38.6 	0.000000E+0	0.000000E+0	0.000000E+0	0.000000E+0	0.000000E+0	0.000000E+0	0.000000E+0	0.000000E+0
10.0    	77      	1.179915E-3 	1.111600E-4	-2.57E-1   	10.00     	171.05 	22.9 	38.6 	0.000000E+0	0.000000E+0	0.000000E+0	0.000000E+0	0.000000E+0	0.000000E+0	0.000000E+0	0.000000E+0
10.0    	78      	1.198593E-3 	1.305031E-4	-2.86E-1   	10.00     	173.36 	22.9 	38.6 	0.000000E+0	0.000000E+0	0.000000E+0	0.000000E+0	0.000000E+0	0.000000E+0	0.000000E+0	0.000000E+0
10.0    	79      	2.257533E-2 	5.440208E-5	-2.64E-1   	10.00     	175.25 	22.9 	38.6 	0.000000E+0	0.000000E+0	0.000000E+0	0.000000E+0	0.000000E+0	0.000000E+0	0.000000E+0	0.000000E+0
10.0    	80      	2.074328E-2 	1.162289E-4	-2.78E-1   	10.00     	177.56 	22.9 	38.6 	0.000000E+0	0.000000E+0	0.000000E+0	0.000000E+0	0.000000E+0	0.000000E+0	0.000000E+0	0.000000E+0
10.0    	81      	1.834930E-2 	1.455583E-4	-2.65E-1   	10.00     	179.45 	22.9 	38.6 	0.000000E+0	0.000000E+0	0.000000E+0	0.000000E+0	0.000000E+0	0.000000E+0	0.000000E+0	0.000000E+0
10.0    	82      	5.896430E-2 	9.020472E-5	-2.96E-1   	10.00     	181.77 	22.9 	38.6 	0.000000E+0	0.000000E+0	0.000000E+0	0.000000E+0	0.000000E+0	0.000000E+0	0.000000E+0	0.000000E+0
10.0    	83      	7.374764E-2 	1.471430E-4	-2.58E-1   	10.00     	183.66 	22.9 	38.6 	0.000000E+0	0.000000E+0	0.000000E+0	0.000000E+0	0.000000E+0	0.000000E+0	0.000000E+0	0.000000E+0
10.0    	84      	2.014684E-2 	1.403379E-4	-2.64E-1   	10.00     	185.97 	22.9 	38.6 	0.000000E+0	0.000000E+0	0.000000E+0	0.000000E+0	0.000000E+0	0.000000E+0	0.000000E+0	0.000000E+0
10.0    	85      	1.886470E-2 	2.266363E-4	-2.62E-1   	10.00     	187.86 	22.9 	38.6 	0.000000E+0	0.000000E+0	0.000000E+0	0.000000E+0	0.000000E+0	0.000000E+0	0.000000E+0	0.000000E+0
10.0    	86      	1.806819E-2 	7.897791E-5	-2.92E-1   	10.00     	190.18 	22.9 	38.6 	0.000000E+0	0.000000E+0	0.000000E+0	0.000000E+0	0.000000E+0	0.000000E+0	0.000000E+0	0.000000E+0
10.0    	87      	1.814068E-2 	1.667540E-4	-2.60E-1   	10.00     	192.07 	22.9 	38.6 	0.000000E+0	0.000000E+0	0.000000E+0	0.000000E+0	0.000000E+0	0.000000E+0	0.000000E+0	0.000000E+0
10.0    	88      	3.285754E-2 	5.698342E-5	-2.70E-1   	10.00     	194.38 	22.9 	38.6 	0.000000E+0	0.000000E+0	0.000000E+0	0.000000E+0	0.000000E+0	0.000000E+0	0.000000E+0	0.000000E+0
10.0    	89      	1.600631E-2 	9.915897E-5	-2.67E-1   	10.00     	196.27 	22.9 	38.6 	0.000000E+0	0.000000E+0	0.000000E+0	0.000000E+0	0.000000E+0	0.000000E+0	0.000000E+0	0.000000E+0
10.0    	90      	4.012021E-2 	7.490462E-5	-2.86E-1   	10.00     	198.58 	22.9 	38.6 	0.000000E+0	0.000000E+0	0.000000E+0	0.000000E+0	0.000000E+0	0.000000E+0	0.000000E+0	0.000000E+0
10.0    	91      	1.820621E-2 	8.790188E-5	-2.56E-1   	10.00     	200.47 	22.9 	38.6 	0.000000E+0	0.000000E+0	0.000000E+0	0.000000E+0	0.000000E+0	0.000000E+0	0.000000E+0	0.000000E+0
10.0    	92      	2.464102E-2 	9.186125E-5	-2.85E-1   	10.00     	202.79 	22.9 	38.6 	0.000000E+0	0.000000E+0	0.000000E+0	0.000000E+0	0.000000E+0	0.000000E+0	0.000000E+0	0.000000E+0
10.0    	93      	2.040834E-2 	1.672371E-4	-2.66E-1   	10.00     	204.68 	22.9 	38.6 	0.000000E+0	0.000000E+0	0.000000E+0	0.000000E+0	0.000000E+0	0.000000E+0	0.000000E+0	0.000000E+0
10.0    	94      	3.341978E-2 	6.251268E-5	-2.69E-1   	10.00     	206.99 	22.9 	38.6 	0.000000E+0	0.000000E+0	0.000000E+0	0.000000E+0	0.000000E+0	0.000000E+0	0.000000E+0	0.000000E+0
10.0    	95      	2.499844E-2 	1.141587E-4	-2.62E-1   	10.00     	208.88 	22.9 	38.6 	0.000000E+0	0.000000E+0	0.000000E+0	0.000000E+0	0.000000E+0	0.000000E+0	0.000000E+0	0.000000E+0
10.0    	96      	2.131725E-2 	3.422957E-5	-2.89E-1   	10.00     	211.20 	22.9 	38.6 	0.000000E+0	0.000000E+0	0.000000E+0	0.000000E+0	0.000000E+0	0.000000E+0	0.000000E+0	0.000000E+0
10.0    	97      	1.935984E-2 	9.984900E-5	-2.66E-1   	10.00     	213.08 	22.9 	38.6 	0.000000E+0	0.000000E+0	0.000000E+0	0.000000E+0	0.000000E+0	0.000000E+0	0.000000E+0	0.000000E+0
10.0    	98      	6.099138E-2 	9.156595E-5	-2.96E-1   	10.00     	215.40 	22.9 	38.6 	0.000000E+0	0.000000E+0	0.000000E+0	0.000000E+0	0.000000E+0	0.000000E+0	0.000000E+0	0.000000E+0
10.0    	99      	6.446523E-2 	1.082043E-4	-2.63E-1   	10.00     	217.29 	22.9 	38.6 	0.000000E+0	0.000000E+0	0.000000E+0	0.000000E+0	0.000000E+0	0.000000E+0	0.000000E+0	0.000000E+0
10.0    	100     	1.935002E-2 	6.176306E-5	-2.87E-1   	10.00     	219.60 	22.9 	38.6 	0.000000E+0	0.000000E+0	0.000000E+0	0.000000E+0	0.000000E+0	0.000000E+0	0.000000E+0	0.000000E+0
10.0    	101     	2.255191E-2 	1.846652E-4	-2.65E-1   	10.00     	221.49 	22.9 	38.6 	0.000000E+0	0.000000E+0	0.000000E+0	0.000000E+0	0.000000E+0	0.000000E+0	0.000000E+0	0.000000E+0
10.0    	102     	1.745213E-2 	1.191311E-4	-2.93E-1   	10.00     	223.81 	22.9 	38.6 	0.000000E+0	0.000000E+0	0.000000E+0	0.000000E+0	0.000000E+0	0.000000E+0	0.000000E+0	0.000000E+0
10.0    	103     	3.080485E-2 	3.661021E-5	-2.59E-1   	10.00     	225.69 	22.9 	38.6 	0.000000E+0	0.000000E+0	0.000000E+0	0.000000E+0	0.000000E+0	0.000000E+0	0.000000E+0	0.000000E+0
10.0    	104     	-5.240215E-2	9.081515E-5	-2.97E-1   	10.00     	228.00 	22.9 	38.6 	0.000000E+0	0.000000E+0	0.000000E+0	0.000000E+0	0.000000E+0	0.000000E+0	0.000000E+0	0.000000E+0
10.0    	105     	2.544103E-2 	9.653417E-5	-2.62E-1   	10.00     	229.89 	22.9 	38.6 	0.000000E+0	0.000000E+0	0.000000E+0	0.000000E+0	0.000000E+0	0.000000E+0	0.000000E+0	0.000000E+0
10.0    	106     	4.202697E-2 	1.472535E-4	-2.90E-1   	10.00     	232.21 	22.9 	38.6 	0.000000E+0	0.000000E+0	0.000000E+0	0.000000E+0	0.000000E+0	0.000000E+0	0.000000E+0	0.000000E+0
10.0    	107     	1.801375E-2 	6.242237E-5	-2.67E-1   	10.00     	234.10 	22.9 	38.6 	0.000000E+0	0.000000E+0	0.000000E+0	0.000000E+0	0.000000E+0	0.000000E+0	0.000000E+0	0.000000E+0
10.0    	108     	2.371219E-2 	4.825861E-5	-2.88E-1   	10.00     	236.41 	22.9 	38.6 	0.000000E+0	0.000000E+0	0.000000E+0	0.000000E+0	0.000000E+0	0.000000E+0	0.000000E+0	0.000000E+0
10.0    	109     	2.079902E-2 	2.063892E-4	-2.64E-1   	10.00     	238.30 	22.9 	38.5 	0.000000E+0	0.000000E+0	0.000000E+0	0.000000E+0	0.000000E+0	0.000000E+0	0.000000E+0	0.000000E+0
10.0    	110     	2.374354E-2 	7.130738E-5	-2.85E-1   	10.00     	240.61 	22.9 	38.5 	0.000000E+0	0.000000E+0	0.000000E+0	0.000000E+0	0.000000E+0	0.000000E+0	0.000000E+0	0.000000E+0
10.0    	111     	2.059388E-2 	5.502092E-5	-2.65E-1   	10.00     	242.50 	22.9 	38.5 	0.000000E+0	0.000000E+0	0.000000E+0	0.000000E+0	0.000000E+0	0.000000E+0	0.000000E+0	0.000000E+0
10.0    	112     	1.995186E-2 	3.390297E-5	-2.95E-1   	10.00     	244.81 	22.9 	38.5 	0.000000E+0	0.000000E+0	0.000000E+0	0.000000E+0	0.000000E+0	0.000000E+0	0.000000E+0	0.000000E+0
10.0    	113     	1.969226E-2 	1.478160E-4	-2.64E-1   	10.00     	246.70 	22.9 	38.5 	0.000000E+0	0.000000E+0	0.000000E+0	0.000000E+0	0.000000E+0	0.000000E+0	0.000000E+0	0.000000E+0
10.0    	114     	6.051335E-2 	4.058129E-5	-2.84E-1   	10.00     	249.01 	22.9 	38.5 	0.000000E+0	0.000000E+0	0.000000E+0	0.000000E+0	0.000000E+0	0.000000E+0	0.000000E+0	0.000000E+0
10.0    	115     	6.798686E-2 	8.628986E-5	-2.61E-1   	10.00     	250.90 	22.9 	38.5 	0.000000E+0	0.000000E+0	0.000000E+0	0.000000E+0	0.000000E+0	0.000000E+0	0.000000E+0	0.000000E+0
10.0    	116     	1.966977E-2 	2.153912E-4	-2.67E-1   	10.00     	253.22 	22.9 	38.5 	0.000000E+0	0.000000E+0	0.000000E+0	0.000000E+0	0.000000E+0	0.000000E+0	0.000000E+0	0.000000E+0
10.0    	117     	1.828600E-2 	1.039420E-4	-2.65E-1   	10.00     	255.11 	22.9 	38.5 	0.000000E+0	0.000000E+0	0.000000E+0	0.000000E+0	0.000000E+0	0.000000E+0	0.000000E+0	0.000000E+0
10.0    	118     	1.806693E-2 	4.297401E-5	-2.85E-1   	10.00     	257.42 	22.9 	38.5 	0.000000E+0	0.000000E+0	0.000000E+0	0.000000E+0	0.000000E+0	0.000000E+0	0.000000E+0	0.000000E+0
10.0    	119     	1.791340E-2 	1.562322E-4	-2.59E-1   	10.00     	259.31 	22.9 	38.5 	0.000000E+0	0.000000E+0	0.000000E+0	0.000000E+0	0.000000E+0	0.000000E+0	0.000000E+0	0.000000E+0
10.0    	120     	3.540446E-2 	1.143107E-4	-2.68E-1   	10.00     	261.62 	22.9 	38.5 	0.000000E+0	0.000000E+0	0.000000E+0	0.000000E+0	0.000000E+0	0.000000E+0	0.000000E+0	0.000000E+0
10.0    	121     	1.859753E-2 	2.384694E-5	-2.61E-1   	10.00     	263.51 	22.9 	38.5 	0.000000E+0	0.000000E+0	0.000000E+0	0.000000E+0	0.000000E+0	0.000000E+0	0.000000E+0	0.000000E+0
10.0    	122     	3.633583E-2 	1.122117E-4	-2.63E-1   	10.00     	265.83 	22.9 	38.5 	0.000000E+0	0.000000E+0	0.000000E+0	0.000000E+0	0.000000E+0	0.000000E+0	0.000000E+0	0.000000E+0
10.0    	123     	1.870864E-2 	1.182679E-4	-2.65E-1   	10.00     	267.72 	22.9 	38.5 	0.000000E+0	0.000000E+0	0.000000E+0	0.000000E+0	0.000000E+0	0.000000E+0	0.000000E+0	0.000000E+0
10.0    	124     	1.925791E-2 	1.330990E-4	-2.92E-1   	10.00     	270.03 	22.9 	38.5 	0.000000E+0	0.000000E+0	0.000000E+0	0.000000E+0	0.000000E+0	0.000000E+0	0.000000E+0	0.000000E+0
10.0    	125     	2.058722E-2 	1.139830E-4	-2.63E-1   	10.00     	271.92 	22.9 	38.5 	0.000000E+0	0.000000E+0	0.000000E+0	0.000000E+0	0.000000E+0	0.000000E+0	0.000000E+0	0.000000E+0
10.0    	126     	2.244620E-2 	1.677399E-4	-2.68E-1   	10.00     	274.24 	22.9 	38.5 	0.000000E+0	0.000000E+0	0.000000E+0	0.000000E+0	0.000000E+0	0.000000E+0	0.000000E+0	0.000000E+0
10.0    	127     	2.176965E-2 	2.044540E-4	-2.61E-1   	10.00     	276.13 	22.9 	38.5 	0.000000E+0	0.000000E+0	0.000000E+0	0.000000E+0	0.000000E+0	0.000000E+0	0.000000E+0	0.000000E+0
10.0    	128     	2.045744E-2 	6.937911E-5	-2.84E-1   	10.00     	278.44 	22.9 	38.5 	0.000000E+0	0.000000E+0	0.000000E+0	0.000000E+0	0.000000E+0	0.000000E+0	0.000000E+0	0.000000E+0
10.0    	129     	1.906164E-2 	1.233024E-4	-2.63E-1   	10.00     	280.34 	22.9 	38.5 	0.000000E+0	0.000000E+0	0.000000E+0	0.000000E+0	0.000000E+0	0.000000E+0	0.000000E+0	0.000000E+0
10.0    	130     	6.116301E-2 	1.552036E-4	-2.90E-1   	10.00     	282.65 	22.9 	38.5 	0.000000E+0	0.000000E+0	0.000000E+0	0.000000E+0	0.000000E+0	0.000000E+0	0.000000E+0	0.000000E+0
10.0    	131     	7.312911E-2 	1.086308E-4	-2.62E-1   	10.00     	284.54 	22.9 	38.5 	0.000000E+0	0.000000E+0	0.000000E+0	0.000000E+0	0.000000E+0	0.000000E+0	0.000000E+0	0.000000E+0
10.0    	132     	3.948646E-2 	5.559163E-5	-2.91E-1   	10.00     	286.86 	22.9 	38.5 	0.000000E+0	0.000000E+0	0.000000E+0	0.000000E+0	0.000000E+0	0.000000E+0	0.000000E+0	0.000000E+0
10.0    	133     	1.937252E-2 	1.297821E-4	-2.61E-1   	10.00     	288.75 	22.9 	38.5 	0.000000E+0	0.000000E+0	0.000000E+0	0.000000E+0	0.000000E+0	0.000000E+0	0.000000E+0	0.000000E+0
10.0    	134     	1.840442E-2 	7.751423E-5	-2.68E-1   	10.00     	291.06 	22.9 	38.5 	0.000000E+0	0.000000E+0	0.000000E+0	0.000000E+0	0.000000E+0	0.000000E+0	0.000000E+0	0.000000E+0
10.0    	135     	1.875392E-2 	2.002337E-4	-2.65E-1   	10.00     	292.95 	22.9 	38.5 	0.000000E+0	0.000000E+0	0.000000E+0	0.000000E+0	0.000000E+0	0.000000E+0	0.000000E+0	0.000000E+0
10.0    	136     	-8.404400E-2	1.910260E-4	-2.93E-1   	10.00     	295.27 	22.9 	38.5 	0.000000E+0	0.000000E+0	0.000000E+0	0.000000E+0	0.000000E+0	0.000000E+0	0.000000E+0	0.000000E+0
10.0    	137     	1.392342E-3 	3.813624E-5	-2.66E-1   	10.00     	297.17 	22.9 	38.5 	0.000000E+0	0.000000E+0	0.000000E+0	0.000000E+0	0.000000E+0	0.000000E+0	0.000000E+0	0.000000E+0
10.0    	138     	3.018312E-2 	4.580164E-5	-2.85E-1   	10.00     	299.48 	22.9 	38.5 	0.000000E+0	0.000000E+0	0.000000E+0	0.000000E+0	0.000000E+0	0.000000E+0	0.000000E+0	0.000000E+0
10.0    	139     	1.819959E-2 	2.782507E-5	-2.64E-1   	10.00     	301.37 	22.9 	38.5 	0.000000E+0	0.000000E+0	0.000000E+0	0.000000E+0	0.000000E+0	0.000000E+0	0.000000E+0	0.000000E+0
10.0    	140     	-1.140926E-2	8.059645E-5	-2.80E-1   	10.00     	303.68 	22.9 	38.5 	0.000000E+0	0.000000E+0	0.000000E+0	0.000000E+0	0.000000E+0	0.000000E+0	0.000000E+0	0.000000E+0
10.0    	141     	2.388304E-3 	1.250862E-4	-2.65E-1   	10.00     	305.57 	22.9 	38.5 	0.000000E+0	0.000000E+0	0.000000E+0	0.000000E+0	0.000000E+0	0.000000E+0	0.000000E+0	0.000000E+0
10.0    	142     	2.316737E-2 	3.031606E-4	-2.90E-1   	10.00     	307.89 	22.9 	38.5 	0.000000E+0	0.000000E+0	0.000000E+0	0.000000E+0	0.000000E+0	0.000000E+0	0.000000E+0	0.000000E+0
10.0    	143     	3.249795E-2 	1.137965E-4	-2.61E-1   	10.00     	309.78 	22.9 	38.5 	0.000000E+0	0.000000E+0	0.000000E+0	0.000000E+0	0.000000E+0	0.000000E+0	0.000000E+0	0.000000E+0
10.0    	144     	1.788586E-2 	1.164081E-4	-2.68E-1   	10.00     	312.10 	22.9 	38.5 	0.000000E+0	0.000000E+0	0.000000E+0	0.000000E+0	0.000000E+0	0.000000E+0	0.000000E+0	0.000000E+0
10.0    	145     	1.968974E-2 	1.685876E-4	-2.61E-1   	10.00     	313.99 	22.9 	38.5 	0.000000E+0	0.000000E+0	0.000000E+0	0.000000E+0	0.000000E+0	0.000000E+0	0.000000E+0	0.000000E+0
10.0    	146     	6.005339E-2 	1.253920E-4	-2.96E-1   	10.00     	316.30 	22.9 	38.5 	0.000000E+0	0.000000E+0	0.000000E+0	0.000000E+0	0.000000E+0	0.000000E+0	0.000000E+0	0.000000E+0
10.0    	147     	6.773746E-2 	1.262691E-4	-2.67E-1   	10.00     	318.20 	22.9 	38.5 	0.000000E+0	0.000000E+0	0.000000E+0	0.000000E+0	0.000000E+0	0.000000E+0	0.000000E+0	0.000000E+0
10.0    	148     	2.395155E-2 	8.403876E-5	-2.92E-1   	10.00     	320.51 	22.9 	38.5 	0.000000E+0	0.000000E+0	0.000000E+0	0.000000E+0	0.000000E+0	0.000000E+0	0.000000E+0	0.000000E+0
10.0    	149     	1.860197E-2 	7.504804E-5	-2.61E-1   	10.00     	322.40 	22.9 	38.5 	0.000000E+0	0.000000E+0	0.000000E+0	0.000000E+0	0.000000E+0	0.000000E+0	0.000000E+0	0.000000E+0
10.0    	150     	1.846237E-2 	5.337392E-5	-2.95E-1   	10.00     	324.72 	22.9 	38.5 	0.000000E+0	0.000000E+0	0.000000E+0	0.000000E+0	0.000000E+0	0.000000E+0	0.000000E+0	0.000000E+0
10.0    	151     	4.821712E-2 	6.650720E-5	-2.64E-1   	10.00     	326.61 	22.9 	38.5 	0.000000E+0	0.000000E+0	0.000000E+0	0.000000E+0	0.000000E+0	0.000000E+0	0.000000E+0	0.000000E+0
10.0    	152     	2.609953E-2 	3.038427E-5	-2.95E-1   	10.00     	328.93 	22.9 	38.5 	0.000000E+0	0.000000E+0	0.000000E+0	0.000000E+0	0.000000E+0	0.000000E+0	0.000000E+0	0.000000E+0
10.0    	153     	1.777633E-2 	1.554288E-4	-2.69E-1   	10.00     	330.82 	22.9 	38.5 	0.000000E+0	0.000000E+0	0.000000E+0	0.000000E+0	0.000000E+0	0.000000E+0	0.000000E+0	0.000000E+0
10.0    	154     	3.352652E-2 	1.157121E-4	-2.90E-1   	10.00     	333.14 	22.9 	38.5 	0.000000E+0	0.000000E+0	0.000000E+0	0.000000E+0	0.000000E+0	0.000000E+0	0.000000E+0	0.000000E+0
10.0    	155     	1.819168E-2 	1.169918E-4	-2.68E-1   	10.00     	335.03 	22.9 	38.5 	0.000000E+0	0.000000E+0	0.000000E+0	0.000000E+0	0.000000E+0	0.000000E+0	0.000000E+0	0.000000E+0
10.0    	156     	1.930099E-2 	1.823647E-4	-2.81E-1   	10.00     	337.34 	22.9 	38.5 	0.000000E+0	0.000000E+0	0.000000E+0	0.000000E+0	0.000000E+0	0.000000E+0	0.000000E+0	0.000000E+0
10.0    	157     	2.386734E-2 	1.577973E-4	-2.63E-1   	10.00     	339.24 	22.9 	38.5 	0.000000E+0	0.000000E+0	0.000000E+0	0.000000E+0	0.000000E+0	0.000000E+0	0.000000E+0	0.000000E+0
10.0    	158     	2.423361E-2 	5.236530E-5	-2.82E-1   	10.00     	341.55 	22.9 	38.5 	0.000000E+0	0.000000E+0	0.000000E+0	0.000000E+0	0.000000E+0	0.000000E+0	0.000000E+0	0.000000E+0
10.0    	159     	1.961883E-2 	5.726549E-5	-2.64E-1   	10.00     	343.44 	22.9 	38.5 	0.000000E+0	0.000000E+0	0.000000E+0	0.000000E+0	0.000000E+0	0.000000E+0	0.000000E+0	0.000000E+0
10.0    	160     	2.044795E-2 	8.512492E-5	-2.73E-1   	10.00     	345.76 	22.9 	38.5 	0.000000E+0	0.000000E+0	0.000000E+0	0.000000E+0	0.000000E+0	0.000000E+0	0.000000E+0	0.000000E+0
10.0    	161     	1.953969E-2 	1.357007E-4	-2.65E-1   	10.00     	347.65 	22.9 	38.5 	0.000000E+0	0.000000E+0	0.000000E+0	0.000000E+0	0.000000E+0	0.000000E+0	0.000000E+0	0.000000E+0
10.0    	162     	6.096932E-2 	6.394006E-5	-2.90E-1   	10.00     	349.97 	22.9 	38.5 	0.000000E+0	0.000000E+0	0.000000E+0	0.000000E+0	0.000000E+0	0.000000E+0	0.000000E+0	0.000000E+0
10.0    	163     	7.028657E-2 	1.900816E-4	-2.61E-1   	10.00     	351.86 	22.9 	38.5 	0.000000E+0	0.000000E+0	0.000000E+0	0.000000E+0	0.000000E+0	0.000000E+0	0.000000E+0	0.000000E+0
10.0    	164     	1.384112E-3 	1.564251E-4	-2.73E-1   	10.00     	354.18 	22.9 	38.5 	0.000000E+0	0.000000E+0	0.000000E+0	0.000000E+0	0.000000E+0	0.000000E+0	0.000000E+0	0.000000E+0
10.0    	165     	2.049639E-2 	1.034450E-4	-2.62E-1   	10.00     	356.07 	22.9 	38.5 	0.000000E+0	0.000000E+0	0.000000E+0	0.000000E+0	0.000000E+0	0.000000E+0	0.000000E+0	0.000000E+0
10.0    	166     	1.901479E-2 	2.144388E-4	-2.90E-1   	10.00     	358.38 	22.9 	38.5 	0.000000E+0	0.000000E+0	0.000000E+0	0.000000E+0	0.000000E+0	0.000000E+0	0.000000E+0	0.000000E+0
10.0    	167     	3.429360E-2 	1.747845E-4	-2.63E-1   	10.00     	360.28 	22.9 	38.5 	0.000000E+0	0.000000E+0	0.000000E+0	0.000000E+0	0.000000E+0	0.000000E+0	0.000000E+0	0.000000E+0
10.0    	168     	2.845870E-2 	6.124559E-5	-2.92E-1   	10.00     	362.60 	22.9 	38.5 	0.000000E+0	0.000000E+0	0.000000E+0	0.000000E+0	0.000000E+0	0.000000E+0	0.000000E+0	0.000000E+0
10.0    	169     	2.002533E-2 	1.764460E-4	-2.68E-1   	10.00     	364.49 	22.9 	38.5 	0.000000E+0	0.000000E+0	0.000000E+0	0.000000E+0	0.000000E+0	0.000000E+0	0.000000E+0	0.000000E+0
10.0    	170     	3.377599E-2 	2.400222E-4	-2.85E-1   	10.00     	366.80 	22.9 	38.5 	0.000000E+0	0.000000E+0	0.000000E+0	0.000000E+0	0.000000E+0	0.000000E+0	0.000000E+0	0.000000E+0
10.0    	171     	2.130937E-2 	1.490592E-4	-2.67E-1   	10.00     	368.70 	22.9 	38.5 	0.000000E+0	0.000000E+0	0.000000E+0	0.000000E+0	0.000000E+0	0.000000E+0	0.000000E+0	0.000000E+0
10.0    	172     	1.456842E-2 	5.535236E-5	-3.00E-1   	10.00     	371.02 	22.9 	38.5 	0.000000E+0	0.000000E+0	0.000000E+0	0.000000E+0	0.000000E+0	0.000000E+0	0.000000E+0	0.000000E+0
10.0    	173     	2.437166E-2 	1.317481E-4	-2.63E-1   	10.00     	372.92 	22.9 	38.5 	0.000000E+0	0.000000E+0	0.000000E+0	0.000000E+0	0.000000E+0	0.000000E+0	0.000000E+0	0.000000E+0
10.0    	174     	2.367011E-2 	1.118792E-4	-2.98E-1   	10.00     	375.23 	22.9 	38.5 	0.000000E+0	0.000000E+0	0.000000E+0	0.000000E+0	0.000000E+0	0.000000E+0	0.000000E+0	0.000000E+0
10.0    	175     	2.324335E-2 	4.694021E-5	-2.69E-1   	10.00     	377.12 	22.9 	38.5 	0.000000E+0	0.000000E+0	0.000000E+0	0.000000E+0	0.000000E+0	0.000000E+0	0.000000E+0	0.000000E+0
10.0    	176     	1.919398E-2 	9.831352E-5	-2.87E-1   	10.00     	379.44 	22.9 	38.5 	0.000000E+0	0.000000E+0	0.000000E+0	0.000000E+0	0.000000E+0	0.000000E+0	0.000000E+0	0.000000E+0
10.0    	177     	2.248451E-2 	1.442720E-4	-2.65E-1   	10.00     	381.34 	22.9 	38.5 	0.000000E+0	0.000000E+0	0.000000E+0	0.000000E+0	0.000000E+0	0.000000E+0	0.000000E+0	0.000000E+0
10.0    	178     	6.083983E-2 	1.666195E-4	-2.86E-1   	10.00     	383.66 	22.9 	38.5 	0.000000E+0	0.000000E+0	0.000000E+0	0.000000E+0	0.000000E+0	0.000000E+0	0.000000E+0	0.000000E+0
10.0    	179     	7.378416E-2 	1.846532E-4	-2.66E-1   	10.00     	385.55 	22.9 	38.5 	0.000000E+0	0.000000E+0	0.000000E+0	0.000000E+0	0.000000E+0	0.000000E+0	0.000000E+0	0.000000E+0
10.0    	180     	2.347035E-2 	1.357622E-4	-2.61E-1   	10.00     	387.87 	22.9 	38.5 	0.000000E+0	0.000000E+0	0.000000E+0	0.000000E+0	0.000000E+0	0.000000E+0	0.000000E+0	0.000000E+0
10.0    	181     	2.836818E-2 	1.332091E-4	-2.58E-1   	10.00     	389.76 	22.9 	38.5 	0.000000E+0	0.000000E+0	0.000000E+0	0.000000E+0	0.000000E+0	0.000000E+0	0.000000E+0	0.000000E+0
10.0    	182     	1.883403E-2 	5.012595E-5	-2.73E-1   	10.00     	392.08 	22.9 	38.5 	0.000000E+0	0.000000E+0	0.000000E+0	0.000000E+0	0.000000E+0	0.000000E+0	0.000000E+0	0.000000E+0
10.0    	183     	1.831167E-2 	2.141666E-4	-2.66E-1   	10.00     	393.97 	22.9 	38.5 	0.000000E+0	0.000000E+0	0.000000E+0	0.000000E+0	0.000000E+0	0.000000E+0	0.000000E+0	0.000000E+0
10.0    	184     	2.642278E-2 	9.307640E-5	-2.73E-1   	10.00     	396.29 	22.9 	38.5 	0.000000E+0	0.000000E+0	0.000000E+0	0.000000E+0	0.000000E+0	0.000000E+0	0.000000E+0	0.000000E+0
10.0    	185     	2.038464E-2 	7.165697E-5	-2.63E-1   	10.00     	398.18 	22.9 	38.5 	0.000000E+0	0.000000E+0	0.000000E+0	0.000000E+0	0.000000E+0	0.000000E+0	0.000000E+0	0.000000E+0
10.0    	186     	4.914216E-2 	3.503474E-5	-2.95E-1   	10.00     	400.50 	22.9 	38.5 	0.000000E+0	0.000000E+0	0.000000E+0	0.000000E+0	0.000000E+0	0.000000E+0	0.000000E+0	0.000000E+0
10.0    	187     	2.548665E-2 	7.598506E-5	-2.65E-1   	10.00     	402.40 	22.9 	38.5 	0.000000E+0	0.000000E+0	0.000000E+0	0.000000E+0	0.000000E+0	0.000000E+0	0.000000E+0	0.000000E+0
10.0    	188     	1.679366E-2 	2.528231E-4	-2.94E-1   	10.00     	404.71 	22.9 	38.5 	0.000000E+0	0.000000E+0	0.000000E+0	0.000000E+0	0.000000E+0	0.000000E+0	0.000000E+0	0.000000E+0
10.0    	189     	2.334435E-2 	1.165626E-4	-2.62E-1   	10.00     	406.61 	22.9 	38.4 	0.000000E+0	0.000000E+0	0.000000E+0	0.000000E+0	0.000000E+0	0.000000E+0	0.000000E+0	0.000000E+0
10.0    	190     	2.527866E-2 	1.167870E-4	-2.68E-1   	10.00     	408.92 	22.9 	38.4 	0.000000E+0	0.000000E+0	0.000000E+0	0.000000E+0	0.000000E+0	0.000000E+0	0.000000E+0	0.000000E+0
10.0    	191     	2.208848E-2 	5.368511E-5	-2.65E-1   	10.00     	410.81 	22.9 	38.4 	0.000000E+0	0.000000E+0	0.000000E+0	0.000000E+0	0.000000E+0	0.000000E+0	0.000000E+0	0.000000E+0
10.0    	192     	1.879921E-2 	5.958473E-5	-2.78E-1   	10.00     	413.14 	22.9 	38.4 	0.000000E+0	0.000000E+0	0.000000E+0	0.000000E+0	0.000000E+0	0.000000E+0	0.000000E+0	0.000000E+0
10.0    	193     	2.288214E-2 	1.442490E-4	-2.68E-1   	10.00     	415.03 	22.9 	38.4 	0.000000E+0	0.000000E+0	0.000000E+0	0.000000E+0	0.000000E+0	0.000000E+0	0.000000E+0	0.000000E+0
10.0    	194     	6.406390E-2 	2.725151E-5	-2.78E-1   	10.00     	417.34 	22.9 	38.4 	0.000000E+0	0.000000E+0	0.000000E+0	0.000000E+0	0.000000E+0	0.000000E+0	0.000000E+0	0.000000E+0
10.0    	195     	6.995007E-2 	6.197230E-5	-2.64E-1   	10.00     	419.24 	22.9 	38.4 	0.000000E+0	0.000000E+0	0.000000E+0	0.000000E+0	0.000000E+0	0.000000E+0	0.000000E+0	0.000000E+0
10.0    	196     	2.015861E-2 	1.785218E-4	-2.89E-1   	10.00     	421.56 	22.9 	38.4 	0.000000E+0	0.000000E+0	0.000000E+0	0.000000E+0	0.000000E+0	0.000000E+0	0.000000E+0	0.000000E+0
10.0    	197     	1.830028E-2 	1.582179E-4	-2.67E-1   	10.00     	423.45 	22.9 	38.4 	0.000000E+0	0.000000E+0	0.000000E+0	0.000000E+0	0.000000E+0	0.000000E+0	0.000000E+0	0.000000E+0
10.0    	198     	1.843578E-2 	6.458000E-5	-2.76E-1   	10.00     	425.77 	22.9 	38.4 	0.000000E+0	0.000000E+0	0.000000E+0	0.000000E+0	0.000000E+0	0.000000E+0	0.000000E+0	0.000000E+0
10.0    	199     	2.374230E-2 	9.337014E-5	-2.62E-1   	10.00     	427.67 	22.9 	38.4 	0.000000E+0	0.000000E+0	0.000000E+0	0.000000E+0	0.000000E+0	0.000000E+0	0.000000E+0	0.000000E+0
10.0    	200     	-2.901577E-2	9.031086E-5	-2.95E-1   	10.00     	429.98 	22.9 	38.4 	0.000000E+0	0.000000E+0	0.000000E+0	0.000000E+0	0.000000E+0	0.000000E+0	0.000000E+0	0.000000E+0
10.0    	201     	1.766743E-2 	2.049511E-4	-2.65E-1   	10.00     	431.88 	22.9 	38.4 	0.000000E+0	0.000000E+0	0.000000E+0	0.000000E+0	0.000000E+0	0.000000E+0	0.000000E+0	0.000000E+0
10.0    	202     	2.938218E-2 	1.461179E-4	-2.70E-1   	10.00     	434.20 	22.9 	38.4 	0.000000E+0	0.000000E+0	0.000000E+0	0.000000E+0	0.000000E+0	0.000000E+0	0.000000E+0	0.000000E+0
10.0    	203     	2.141195E-2 	1.728950E-4	-2.65E-1   	10.00     	436.10 	22.9 	38.4 	0.000000E+0	0.000000E+0	0.000000E+0	0.000000E+0	0.000000E+0	0.000000E+0	0.000000E+0	0.000000E+0
10.0    	204     	4.974136E-3 	7.674313E-5	-2.68E-1   	10.00     	438.42 	22.9 	38.4 	0.000000E+0	0.000000E+0	0.000000E+0	0.000000E+0	0.000000E+0	0.000000E+0	0.000000E+0	0.000000E+0
10.0    	205     	3.621841E-2 	2.863275E-5	-2.67E-1   	10.00     	440.31 	22.9 	38.4 	0.000000E+0	0.000000E+0	0.000000E+0	0.000000E+0	0.000000E+0	0.000000E+0	0.000000E+0	0.000000E+0
10.0    	206     	2.805317E-2 	1.366957E-4	-2.99E-1   	10.00     	442.62 	22.9 	38.4 	0.000000E+0	0.000000E+0	0.000000E+0	0.000000E+0	0.000000E+0	0.000000E+0	0.000000E+0	0.000000E+0
10.0    	207     	2.219138E-2 	2.571818E-5	-2.66E-1   	10.00     	444.52 	22.9 	38.4 	0.000000E+0	0.000000E+0	0.000000E+0	0.000000E+0	0.000000E+0	0.000000E+0	0.000000E+0	0.000000E+0
10.0    	208     	1.918924E-2 	1.473101E-4	-2.66E-1   	10.00     	446.84 	22.9 	38.4 	0.000000E+0	0.000000E+0	0.000000E+0	0.000000E+0	0.000000E+0	0.000000E+0	0.000000E+0	0.000000E+0
10.0    	209     	2.476803E-2 	9.680865E-5	-2.67E-1   	10.00     	448.73 	22.9 	38.4 	0.000000E+0	0.000000E+0	0.000000E+0	0.000000E+0	0.000000E+0	0.000000E+0	0.000000E+0	0.000000E+0
10.0    	210     	6.869200E-2 	8.588306E-5	-3.01E-1   	10.00     	451.05 	22.9 	38.4 	0.000000E+0	0.000000E+0	0.000000E+0	0.000000E+0	0.000000E+0	0.000000E+0	0.000000E+0	0.000000E+0
10.0    	211     	7.082924E-2 	1.294248E-4	-2.67E-1   	10.00     	452.95 	22.9 	38.4 	0.000000E+0	0.000000E+0	0.000000E+0	0.000000E+0	0.000000E+0	0.000000E+0	0.000000E+0	0.000000E+0
10.0    	212     	2.037135E-2 	5.315490E-5	-2.76E-1   	10.00     	455.27 	22.9 	38.4 	0.000000E+0	0.000000E+0	0.000000E+0	0.000000E+0	0.000000E+0	0.000000E+0	0.000000E+0	0.000000E+0
10.0    	213     	1.967171E-2 	1.571852E-4	-2.66E-1   	10.00     	457.16 	22.9 	38.4 	0.000000E+0	0.000000E+0	0.000000E+0	0.000000E+0	0.000000E+0	0.000000E+0	0.000000E+0	0.000000E+0
10.0    	214     	4.835801E-2 	6.967140E-5	-2.90E-1   	10.00     	459.48 	22.9 	38.4 	0.000000E+0	0.000000E+0	0.000000E+0	0.000000E+0	0.000000E+0	0.000000E+0	0.000000E+0	0.000000E+0
10.0    	215     	3.938834E-2 	1.741179E-4	-2.67E-1   	10.00     	461.37 	22.9 	38.4 	0.000000E+0	0.000000E+0	0.000000E+0	0.000000E+0	0.000000E+0	0.000000E+0	0.000000E+0	0.000000E+0
10.0    	216     	3.733121E-2 	1.795086E-4	-2.81E-1   	10.00     	463.69 	22.9 	38.4 	0.000000E+0	0.000000E+0	0.000000E+0	0.000000E+0	0.000000E+0	0.000000E+0	0.000000E+0	0.000000E+0
10.0    	217     	4.260703E-2 	2.432436E-4	-2.63E-1   	10.00     	465.59 	22.9 	38.4 	0.000000E+0	0.000000E+0	0.000000E+0	0.000000E+0	0.000000E+0	0.000000E+0	0.000000E+0	0.000000E+0
10.0    	218     	2.367297E-2 	1.379167E-4	-2.73E-1   	10.00     	467.91 	22.9 	38.4 	0.000000E+0	0.000000E+0	0.000000E+0	0.000000E+0	0.000000E+0	0.000000E+0	0.000000E+0	0.000000E+0
10.0    	219     	1.826515E-2 	1.759617E-4	-2.60E-1   	10.00     	469.80 	22.9 	38.4 	0.000000E+0	0.000000E+0	0.000000E+0	0.000000E+0	0.000000E+0	0.000000E+0	0.000000E+0	0.000000E+0
10.0    	220     	3.009259E-2 	9.572213E-5	-2.70E-1   	10.00     	472.12 	22.9 	38.4 	0.000000E+0	0.000000E+0	0.000000E+0	0.000000E+0	0.000000E+0	0.000000E+0	0.000000E+0	0.000000E+0
10.0    	221     	1.894896E-2 	8.271287E-5	-2.65E-1   	10.00     	474.02 	22.9 	38.4 	0.000000E+0	0.000000E+0	0.000000E+0	0.000000E+0	0.000000E+0	0.000000E+0	0.000000E+0	0.000000E+0
10.0    	222     	2.826846E-2 	1.225713E-4	-2.74E-1   	10.00     	476.34 	22.9 	38.4 	0.000000E+0	0.000000E+0	0.000000E+0	0.000000E+0	0.000000E+0	0.000000E+0	0.000000E+0	0.000000E+0
10.0    	223     	3.594933E-2 	1.839738E-4	-2.62E-1   	10.00     	478.23 	22.9 	38.4 	0.000000E+0	0.000000E+0	0.000000E+0	0.000000E+0	0.000000E+0	0.000000E+0	0.000000E+0	0.000000E+0
10.0    	224     	2.259439E-2 	1.804658E-4	-2.95E-1   	10.00     	480.55 	22.9 	38.4 	0.000000E+0	0.000000E+0	0.000000E+0	0.000000E+0	0.000000E+0	0.000000E+0	0.000000E+0	0.000000E+0
10.0    	225     	3.451365E-2 	1.359920E-4	-2.60E-1   	10.00     	482.44 	22.9 	38.4 	0.000000E+0	0.000000E+0	0.000000E+0	0.000000E+0	0.000000E+0	0.000000E+0	0.000000E+0	0.000000E+0
10.0    	226     	7.009191E-2 	5.767223E-5	-2.92E-1   	10.00     	484.76 	22.9 	38.4 	0.000000E+0	0.000000E+0	0.000000E+0	0.000000E+0	0.000000E+0	0.000000E+0	0.000000E+0	0.000000E+0
10.0    	227     	6.644902E-2 	2.123020E-4	-2.65E-1   	10.00     	486.66 	22.9 	38.4 	0.000000E+0	0.000000E+0	0.000000E+0	0.000000E+0	0.000000E+0	0.000000E+0	0.000000E+0	0.000000E+0
10.0    	228     	2.130558E-2 	1.557923E-4	-2.91E-1   	10.00     	488.98 	22.9 	38.4 	0.000000E+0	0.000000E+0	0.000000E+0	0.000000E+0	0.000000E+0	0.000000E+0	0.000000E+0	0.000000E+0
10.0    	229     	2.020324E-2 	9.330081E-5	-2.61E-1   	10.00     	490.87 	22.9 	38.4 	0.000000E+0	0.000000E+0	0.000000E+0	0.000000E+0	0.000000E+0	0.000000E+0	0.000000E+0	0.000000E+0
10.0    	230     	2.145025E-2 	1.996031E-4	-2.79E-1   	10.00     	493.19 	22.9 	38.4 	0.000000E+0	0.000000E+0	0.000000E+0	0.000000E+0	0.000000E+0	0.000000E+0	0.000000E+0	0.000000E+0
10.0    	231     	2.104219E-2 	1.016289E-4	-2.64E-1   	10.00     	495.09 	22.9 	38.4 	0.000000E+0	0.000000E+0	0.000000E+0	0.000000E+0	0.000000E+0	0.000000E+0	0.000000E+0	0.000000E+0
10.0    	232     	-1.632798E-2	1.856528E-5	-2.65E-1   	10.00     	497.41 	22.9 	38.4 	0.000000E+0	0.000000E+0	0.000000E+0	0.000000E+0	0.000000E+0	0.000000E+0	0.000000E+0	0.000000E+0
10.0    	233     	2.035109E-2 	7.752847E-5	-2.61E-1   	10.00     	499.31 	22.9 	38.4 	0.000000E+0	0.000000E+0	0.000000E+0	0.000000E+0	0.000000E+0	0.000000E+0	0.000000E+0	0.000000E+0
10.0    	234     	2.553068E-2 	3.939329E-5	-2.69E-1   	10.00     	501.62 	22.9 	38.4 	0.000000E+0	0.000000E+0	0.000000E+0	0.000000E+0	0.000000E+0	0.000000E+0	0.000000E+0	0.000000E+0
10.0    	235     	2.253647E-2 	1.177306E-4	-2.70E-1   	10.00     	503.52 	22.9 	38.4 	0.000000E+0	0.000000E+0	0.000000E+0	0.000000E+0	0.000000E+0	0.000000E+0	0.000000E+0	0.000000E+0
10.0    	236     	-6.483947E-3	1.544070E-5	-2.95E-1   	10.00     	505.84 	22.9 	38.4 	0.000000E+0	0.000000E+0	0.000000E+0	0.000000E+0	0.000000E+0	0.000000E+0	0.000000E+0	0.000000E+0
10.0    	237     	1.057445E-2 	5.928530E-5	-2.66E-1   	10.00     	507.73 	22.9 	38.4 	0.000000E+0	0.000000E+0	0.000000E+0	0.000000E+0	0.000000E+0	0.000000E+0	0.000000E+0	0.000000E+0
10.0    	238     	2.537649E-2 	7.300668E-5	-2.65E-1   	10.00     	510.05 	22.9 	38.4 	0.000000E+0	0.000000E+0	0.000000E+0	0.000000E+0	0.000000E+0	0.000000E+0	0.000000E+0	0.000000E+0
10.0    	239     	2.261212E-2 	1.910398E-4	-2.63E-1   	10.00     	511.95 	22.9 	38.4 	0.000000E+0	0.000000E+0	0.000000E+0	0.000000E+0	0.000000E+0	0.000000E+0	0.000000E+0	0.000000E+0
10.0    	240     	2.202992E-2 	7.800865E-5	-2.97E-1   	10.00     	514.27 	22.9 	38.4 	0.000000E+0	0.000000E+0	0.000000E+0	0.000000E+0	0.000000E+0	0.000000E+0	0.000000E+0	0.000000E+0
10.0    	241     	7.707823E-2 	9.861727E-5	-2.66E-1   	10.00     	516.16 	22.9 	38.4 	0.000000E+0	0.000000E+0	0.000000E+0	0.000000E+0	0.000000E+0	0.000000E+0	0.000000E+0	0.000000E+0
10.0    	242     	1.384265E-1 	3.279853E-5	-2.76E-1   	10.00     	518.48 	22.9 	38.4 	0.000000E+0	0.000000E+0	0.000000E+0	0.000000E+0	0.000000E+0	0.000000E+0	0.000000E+0	0.000000E+0
10.0    	243     	1.309615E-1 	6.777495E-5	-2.65E-1   	10.00     	520.38 	22.9 	38.4 	0.000000E+0	0.000000E+0	0.000000E+0	0.000000E+0	0.000000E+0	0.000000E+0	0.000000E+0	0.000000E+0
10.0    	244     	9.656821E-2 	2.203695E-4	-2.73E-1   	10.00     	522.70 	22.9 	38.4 	0.000000E+0	0.000000E+0	0.000000E+0	0.000000E+0	0.000000E+0	0.000000E+0	0.000000E+0	0.000000E+0
10.0    	245     	6.549835E-2 	1.978140E-4	-2.65E-1   	10.00     	524.59 	22.9 	38.4 	0.000000E+0	0.000000E+0	0.000000E+0	0.000000E+0	0.000000E+0	0.000000E+0	0.000000E+0	0.000000E+0
10.0    	246     	6.567311E-2 	1.777031E-4	-2.79E-1   	10.00     	526.91 	22.9 	38.4 	0.000000E+0	0.000000E+0	0.000000E+0	0.000000E+0	0.000000E+0	0.000000E+0	0.000000E+0	0.000000E+0
10.0    	247     	6.543979E-2 	7.700571E-5	-2.61E-1   	10.00     	528.80 	22.9 	38.4 	0.000000E+0	0.000000E+0	0.000000E+0	0.000000E+0	0.000000E+0	0.000000E+0	0.000000E+0	0.000000E+0
10.0    	248     	6.754409E-2 	7.483711E-5	-2.84E-1   	10.00     	531.12 	22.9 	38.4 	0.000000E+0	0.000000E+0	0.000000E+0	0.000000E+0	0.000000E+0	0.000000E+0	0.000000E+0	0.000000E+0
10.0    	249     	7.278698E-2 	1.445029E-4	-2.69E-1   	10.00     	533.02 	22.9 	38.4 	0.000000E+0	0.000000E+0	0.000000E+0	0.000000E+0	0.000000E+0	0.000000E+0	0.000000E+0	0.000000E+0
10.0    	250     	7.289020E-2 	9.927181E-5	-2.90E-1   	10.00     	535.34 	22.9 	38.4 	0.000000E+0	0.000000E+0	0.000000E+0	0.000000E+0	0.000000E+0	0.000000E+0	0.000000E+0	0.000000E+0
10.0    	251     	6.590799E-2 	6.582337E-5	-2.65E-1   	10.00     	537.24 	22.9 	38.4 	0.000000E+0	0.000000E+0	0.000000E+0	0.000000E+0	0.000000E+0	0.000000E+0	0.000000E+0	0.000000E+0
10.0    	252     	6.612330E-2 	2.193039E-4	-2.87E-1   	10.00     	539.56 	22.9 	38.4 	0.000000E+0	0.000000E+0	0.000000E+0	0.000000E+0	0.000000E+0	0.000000E+0	0.000000E+0	0.000000E+0
10.0    	253     	5.576888E-2 	7.806116E-5	-2.66E-1   	10.00     	541.46 	22.9 	38.4 	0.000000E+0	0.000000E+0	0.000000E+0	0.000000E+0	0.000000E+0	0.000000E+0	0.000000E+0	0.000000E+0
10.0    	254     	6.858184E-2 	1.775615E-4	-2.91E-1   	10.00     	543.78 	22.9 	38.4 	0.000000E+0	0.000000E+0	0.000000E+0	0.000000E+0	0.000000E+0	0.000000E+0	0.000000E+0	0.000000E+0
10.0    	255     	6.774259E-2 	1.761569E-4	-2.66E-1   	10.00     	545.68 	22.9 	38.3 	0.000000E+0	0.000000E+0	0.000000E+0	0.000000E+0	0.000000E+0	0.000000E+0	0.000000E+0	0.000000E+0
10.0    	256     	6.628188E-2 	8.470763E-5	-2.68E-1   	10.00     	548.00 	22.9 	38.4 	0.000000E+0	0.000000E+0	0.000000E+0	0.000000E+0	0.000000E+0	0.000000E+0	0.000000E+0	0.000000E+0
10.0    	257     	1.378731E-3 	1.213823E-4	-2.63E-1   	10.00     	549.89 	22.9 	38.3 	0.000000E+0	0.000000E+0	0.000000E+0	0.000000E+0	0.000000E+0	0.000000E+0	0.000000E+0	0.000000E+0
10.0    	258     	1.456610E-3 	8.401574E-5	-2.68E-1   	10.00     	552.21 	22.9 	38.3 	0.000000E+0	0.000000E+0	0.000000E+0	0.000000E+0	0.000000E+0	0.000000E+0	0.000000E+0	0.000000E+0
10.0    	259     	1.387278E-3 	8.446930E-5	-2.69E-1   	10.00     	554.11 	22.9 	38.3 	0.000000E+0	0.000000E+0	0.000000E+0	0.000000E+0	0.000000E+0	0.000000E+0	0.000000E+0	0.000000E+0
10.0    	260     	1.575327E-3 	1.701404E-4	-2.79E-1   	10.00     	556.43 	22.9 	38.3 	0.000000E+0	0.000000E+0	0.000000E+0	0.000000E+0	0.000000E+0	0.000000E+0	0.000000E+0	0.000000E+0
10.0    	261     	1.467690E-3 	6.650235E-5	-2.63E-1   	10.00     	558.32 	22.9 	38.3 	0.000000E+0	0.000000E+0	0.000000E+0	0.000000E+0	0.000000E+0	0.000000E+0	0.000000E+0	0.000000E+0
10.0    	262     	1.506946E-3 	5.334072E-5	-2.78E-1   	10.00     	560.65 	22.9 	38.3 	0.000000E+0	0.000000E+0	0.000000E+0	0.000000E+0	0.000000E+0	0.000000E+0	0.000000E+0	0.000000E+0
10.0    	263     	9.136735E-4 	4.067649E-5	-2.65E-1   	10.00     	562.54 	22.9 	38.3 	0.000000E+0	0.000000E+0	0.000000E+0	0.000000E+0	0.000000E+0	0.000000E+0	0.000000E+0	0.000000E+0
10.0    	264     	-1.494035E-3	1.019519E-4	-2.83E-1   	10.00     	564.86 	22.9 	38.3 	0.000000E+0	0.000000E+0	0.000000E+0	0.000000E+0	0.000000E+0	0.000000E+0	0.000000E+0	0.000000E+0
20.0    	1       	7.121679E-2 	1.375013E-4	3.63E-1    	20.00     	582.43 	22.9 	38.3 	0.000000E+0	0.000000E+0	0.000000E+0	0.000000E+0	0.000000E+0	0.000000E+0	0.000000E+0	0.000000E+0
20.0    	2       	1.402532E-1 	1.513171E-4	-3.79E-1   	20.00     	584.54 	22.9 	38.3 	0.000000E+0	0.000000E+0	0.000000E+0	0.000000E+0	0.000000E+0	0.000000E+0	0.000000E+0	0.000000E+0
20.0    	3       	1.514228E-3 	1.104524E-4	-3.80E-1   	20.00     	586.44 	22.9 	38.3 	0.000000E+0	0.000000E+0	0.000000E+0	0.000000E+0	0.000000E+0	0.000000E+0	0.000000E+0	0.000000E+0
20.0    	4       	7.308491E-2 	1.411197E-4	-3.80E-1   	20.00     	588.34 	22.9 	38.3 	0.000000E+0	0.000000E+0	0.000000E+0	0.000000E+0	0.000000E+0	0.000000E+0	0.000000E+0	0.000000E+0
20.0    	5       	7.250433E-2 	6.387121E-5	-3.79E-1   	20.00     	590.24 	22.9 	38.3 	0.000000E+0	0.000000E+0	0.000000E+0	0.000000E+0	0.000000E+0	0.000000E+0	0.000000E+0	0.000000E+0
20.0    	6       	7.081788E-2 	8.258936E-5	-3.83E-1   	20.00     	592.13 	22.9 	38.3 	0.000000E+0	0.000000E+0	0.000000E+0	0.000000E+0	0.000000E+0	0.000000E+0	0.000000E+0	0.000000E+0
20.0    	7       	6.838115E-2 	7.505969E-5	-3.83E-1   	20.00     	594.03 	22.9 	38.3 	0.000000E+0	0.000000E+0	0.000000E+0	0.000000E+0	0.000000E+0	0.000000E+0	0.000000E+0	0.000000E+0
20.0    	8       	8.329650E-2 	1.646627E-4	-3.82E-1   	20.00     	595.92 	22.9 	38.3 	0.000000E+0	0.000000E+0	0.000000E+0	0.000000E+0	0.000000E+0	0.000000E+0	0.000000E+0	0.000000E+0
20.0    	9       	7.246502E-2 	1.532087E-4	-3.80E-1   	20.00     	597.82 	22.9 	38.3 	0.000000E+0	0.000000E+0	0.000000E+0	0.000000E+0	0.000000E+0	0.000000E+0	0.000000E+0	0.000000E+0
20.0    	10      	8.807120E-2 	4.142682E-5	-3.82E-1   	20.00     	599.72 	22.9 	38.3 	0.000000E+0	0.000000E+0	0.000000E+0	0.000000E+0	0.000000E+0	0.000000E+0	0.000000E+0	0.000000E+0
20.0    	11      	7.391307E-2 	1.727058E-4	-3.83E-1   	20.00     	601.62 	22.9 	38.3 	0.000000E+0	0.000000E+0	0.000000E+0	0.000000E+0	0.000000E+0	0.000000E+0	0.000000E+0	0.000000E+0
20.0    	12      	8.409714E-2 	1.939824E-4	-3.84E-1   	20.00     	603.51 	22.9 	38.3 	0.000000E+0	0.000000E+0	0.000000E+0	0.000000E+0	0.000000E+0	0.000000E+0	0.000000E+0	0.000000E+0
20.0    	13      	9.718581E-2 	8.284429E-5	-3.79E-1   	20.00     	605.41 	22.9 	38.3 	0.000000E+0	0.000000E+0	0.000000E+0	0.000000E+0	0.000000E+0	0.000000E+0	0.000000E+0	0.000000E+0
20.0    	14      	7.525064E-2 	1.183460E-4	-3.82E-1   	20.00     	607.31 	22.9 	38.3 	0.000000E+0	0.000000E+0	0.000000E+0	0.000000E+0	0.000000E+0	0.000000E+0	0.000000E+0	0.000000E+0
20.0    	15      	9.983883E-2 	1.014838E-3	-3.84E-1   	20.00     	609.20 	22.9 	38.3 	0.000000E+0	0.000000E+0	0.000000E+0	0.000000E+0	0.000000E+0	0.000000E+0	0.000000E+0	0.000000E+0
20.0    	16      	8.199602E-2 	2.214984E-4	-3.83E-1   	20.00     	611.10 	22.9 	38.3 	0.000000E+0	0.000000E+0	0.000000E+0	0.000000E+0	0.000000E+0	0.000000E+0	0.000000E+0	0.000000E+0
20.0    	17      	2.007503E-2 	2.262075E-4	-3.85E-1   	20.00     	613.00 	22.9 	38.3 	0.000000E+0	0.000000E+0	0.000000E+0	0.000000E+0	0.000000E+0	0.000000E+0	0.000000E+0	0.000000E+0
20.0    	18      	7.070069E-2 	1.127097E-4	-3.84E-1   	20.00     	614.89 	22.9 	38.3 	0.000000E+0	0.000000E+0	0.000000E+0	0.000000E+0	0.000000E+0	0.000000E+0	0.000000E+0	0.000000E+0
20.0    	19      	1.565277E-1 	6.257199E-5	-3.83E-1   	20.00     	616.79 	22.9 	38.3 	0.000000E+0	0.000000E+0	0.000000E+0	0.000000E+0	0.000000E+0	0.000000E+0	0.000000E+0	0.000000E+0
20.0    	20      	5.118573E-2 	1.153879E-4	-3.79E-1   	20.00     	618.69 	22.9 	38.3 	0.000000E+0	0.000000E+0	0.000000E+0	0.000000E+0	0.000000E+0	0.000000E+0	0.000000E+0	0.000000E+0
20.0    	21      	2.136732E-2 	7.459778E-5	-3.82E-1   	20.00     	620.59 	22.9 	38.3 	0.000000E+0	0.000000E+0	0.000000E+0	0.000000E+0	0.000000E+0	0.000000E+0	0.000000E+0	0.000000E+0
20.0    	22      	2.242533E-2 	3.435981E-5	-3.81E-1   	20.00     	622.48 	22.9 	38.3 	0.000000E+0	0.000000E+0	0.000000E+0	0.000000E+0	0.000000E+0	0.000000E+0	0.000000E+0	0.000000E+0
20.0    	23      	2.217618E-2 	4.064328E-5	-3.85E-1   	20.00     	624.38 	22.9 	38.3 	0.000000E+0	0.000000E+0	0.000000E+0	0.000000E+0	0.000000E+0	0.000000E+0	0.000000E+0	0.000000E+0
20.0    	24      	2.767298E-2 	3.783967E-5	-3.84E-1   	20.00     	626.28 	22.9 	38.3 	0.000000E+0	0.000000E+0	0.000000E+0	0.000000E+0	0.000000E+0	0.000000E+0	0.000000E+0	0.000000E+0
20.0    	25      	6.676180E-2 	5.733767E-5	-3.83E-1   	20.00     	628.17 	22.9 	38.3 	0.000000E+0	0.000000E+0	0.000000E+0	0.000000E+0	0.000000E+0	0.000000E+0	0.000000E+0	0.000000E+0
20.0    	26      	3.441330E-2 	2.058063E-4	-3.82E-1   	20.00     	630.07 	22.9 	38.3 	0.000000E+0	0.000000E+0	0.000000E+0	0.000000E+0	0.000000E+0	0.000000E+0	0.000000E+0	0.000000E+0
20.0    	27      	2.312339E-2 	1.680216E-4	-3.81E-1   	20.00     	631.97 	22.9 	38.3 	0.000000E+0	0.000000E+0	0.000000E+0	0.000000E+0	0.000000E+0	0.000000E+0	0.000000E+0	0.000000E+0
20.0    	28      	2.389965E-2 	6.190565E-5	-3.84E-1   	20.00     	633.86 	22.9 	38.3 	0.000000E+0	0.000000E+0	0.000000E+0	0.000000E+0	0.000000E+0	0.000000E+0	0.000000E+0	0.000000E+0
20.0    	29      	2.849322E-2 	5.983759E-5	-3.80E-1   	20.00     	635.76 	22.9 	38.3 	0.000000E+0	0.000000E+0	0.000000E+0	0.000000E+0	0.000000E+0	0.000000E+0	0.000000E+0	0.000000E+0
20.0    	30      	2.252219E-2 	1.209466E-4	-3.83E-1   	20.00     	637.66 	22.9 	38.3 	0.000000E+0	0.000000E+0	0.000000E+0	0.000000E+0	0.000000E+0	0.000000E+0	0.000000E+0	0.000000E+0
20.0    	31      	2.250099E-2 	1.498294E-3	-3.82E-1   	20.00     	639.56 	22.9 	38.3 	0.000000E+0	0.000000E+0	0.000000E+0	0.000000E+0	0.000000E+0	0.000000E+0	0.000000E+0	0.000000E+0
20.0    	32      	2.902699E-2 	1.285646E-3	-3.83E-1   	20.00     	641.45 	22.9 	38.3 	0.000000E+0	0.000000E+0	0.000000E+0	0.000000E+0	0.000000E+0	0.000000E+0	0.000000E+0	0.000000E+0
20.0    	33      	6.170098E-2 	6.373175E-5	-3.83E-1   	20.00     	643.35 	22.9 	38.3 	0.000000E+0	0.000000E+0	0.000000E+0	0.000000E+0	0.000000E+0	0.000000E+0	0.000000E+0	0.000000E+0
20.0    	34      	6.701036E-2 	6.093735E-5	-3.80E-1   	20.00     	645.25 	22.9 	38.3 	0.000000E+0	0.000000E+0	0.000000E+0	0.000000E+0	0.000000E+0	0.000000E+0	0.000000E+0	0.000000E+0
20.0    	35      	9.792731E-2 	1.314745E-4	-3.79E-1   	20.00     	647.15 	22.9 	38.3 	0.000000E+0	0.000000E+0	0.000000E+0	0.000000E+0	0.000000E+0	0.000000E+0	0.000000E+0	0.000000E+0
20.0    	36      	2.157088E-2 	5.438240E-5	-3.80E-1   	20.00     	649.04 	22.9 	38.3 	0.000000E+0	0.000000E+0	0.000000E+0	0.000000E+0	0.000000E+0	0.000000E+0	0.000000E+0	0.000000E+0
20.0    	37      	2.037293E-2 	2.103823E-4	-3.78E-1   	20.00     	650.94 	22.9 	38.3 	0.000000E+0	0.000000E+0	0.000000E+0	0.000000E+0	0.000000E+0	0.000000E+0	0.000000E+0	0.000000E+0
20.0    	38      	2.200522E-2 	1.916617E-4	-3.79E-1   	20.00     	652.84 	22.9 	38.3 	0.000000E+0	0.000000E+0	0.000000E+0	0.000000E+0	0.000000E+0	0.000000E+0	0.000000E+0	0.000000E+0
20.0    	39      	2.289451E-2 	8.179142E-5	-3.82E-1   	20.00     	654.74 	22.9 	38.3 	0.000000E+0	0.000000E+0	0.000000E+0	0.000000E+0	0.000000E+0	0.000000E+0	0.000000E+0	0.000000E+0
20.0    	40      	-2.735271E-2	2.375449E-4	-3.81E-1   	20.00     	656.64 	22.9 	38.3 	0.000000E+0	0.000000E+0	0.000000E+0	0.000000E+0	0.000000E+0	0.000000E+0	0.000000E+0	0.000000E+0
20.0    	41      	1.905090E-2 	1.834751E-4	-3.80E-1   	20.00     	658.54 	22.9 	38.3 	0.000000E+0	0.000000E+0	0.000000E+0	0.000000E+0	0.000000E+0	0.000000E+0	0.000000E+0	0.000000E+0
20.0    	42      	2.933914E-2 	1.610691E-4	-3.78E-1   	20.00     	660.43 	22.9 	38.3 	0.000000E+0	0.000000E+0	0.000000E+0	0.000000E+0	0.000000E+0	0.000000E+0	0.000000E+0	0.000000E+0
20.0    	43      	2.181654E-2 	1.723485E-5	-3.82E-1   	20.00     	662.33 	22.9 	38.3 	0.000000E+0	0.000000E+0	0.000000E+0	0.000000E+0	0.000000E+0	0.000000E+0	0.000000E+0	0.000000E+0
20.0    	44      	8.654389E-3 	1.226756E-4	-3.83E-1   	20.00     	664.23 	22.9 	38.3 	0.000000E+0	0.000000E+0	0.000000E+0	0.000000E+0	0.000000E+0	0.000000E+0	0.000000E+0	0.000000E+0
20.0    	45      	-9.974096E-3	6.644711E-5	-3.81E-1   	20.00     	666.12 	22.9 	38.3 	0.000000E+0	0.000000E+0	0.000000E+0	0.000000E+0	0.000000E+0	0.000000E+0	0.000000E+0	0.000000E+0
20.0    	46      	3.861876E-2 	1.613337E-4	-3.82E-1   	20.00     	668.02 	22.9 	38.3 	0.000000E+0	0.000000E+0	0.000000E+0	0.000000E+0	0.000000E+0	0.000000E+0	0.000000E+0	0.000000E+0
20.0    	47      	3.789981E-2 	1.627425E-3	-3.84E-1   	20.00     	669.92 	22.9 	38.3 	0.000000E+0	0.000000E+0	0.000000E+0	0.000000E+0	0.000000E+0	0.000000E+0	0.000000E+0	0.000000E+0
20.0    	48      	2.977287E-2 	5.249933E-4	-3.79E-1   	20.00     	671.82 	22.9 	38.3 	0.000000E+0	0.000000E+0	0.000000E+0	0.000000E+0	0.000000E+0	0.000000E+0	0.000000E+0	0.000000E+0
20.0    	49      	1.846206E-2 	6.611958E-5	-3.80E-1   	20.00     	673.72 	22.9 	38.3 	0.000000E+0	0.000000E+0	0.000000E+0	0.000000E+0	0.000000E+0	0.000000E+0	0.000000E+0	0.000000E+0
20.0    	50      	6.525903E-2 	3.799915E-5	-3.82E-1   	20.00     	675.61 	22.9 	38.3 	0.000000E+0	0.000000E+0	0.000000E+0	0.000000E+0	0.000000E+0	0.000000E+0	0.000000E+0	0.000000E+0
20.0    	51      	8.759820E-2 	8.036284E-5	-3.83E-1   	20.00     	677.51 	22.9 	38.3 	0.000000E+0	0.000000E+0	0.000000E+0	0.000000E+0	0.000000E+0	0.000000E+0	0.000000E+0	0.000000E+0
20.0    	52      	2.194318E-2 	8.984198E-5	-3.84E-1   	20.00     	679.40 	22.9 	38.3 	0.000000E+0	0.000000E+0	0.000000E+0	0.000000E+0	0.000000E+0	0.000000E+0	0.000000E+0	0.000000E+0
20.0    	53      	2.126949E-2 	1.550246E-4	-3.82E-1   	20.00     	681.30 	22.9 	38.3 	0.000000E+0	0.000000E+0	0.000000E+0	0.000000E+0	0.000000E+0	0.000000E+0	0.000000E+0	0.000000E+0
20.0    	54      	2.163231E-2 	7.119927E-5	-3.79E-1   	20.00     	683.20 	22.9 	38.3 	0.000000E+0	0.000000E+0	0.000000E+0	0.000000E+0	0.000000E+0	0.000000E+0	0.000000E+0	0.000000E+0
20.0    	55      	2.099439E-2 	1.042584E-4	-3.79E-1   	20.00     	685.10 	22.9 	38.3 	0.000000E+0	0.000000E+0	0.000000E+0	0.000000E+0	0.000000E+0	0.000000E+0	0.000000E+0	0.000000E+0
20.0    	56      	3.312800E-2 	2.138039E-5	-3.84E-1   	20.00     	687.00 	22.9 	38.3 	0.000000E+0	0.000000E+0	0.000000E+0	0.000000E+0	0.000000E+0	0.000000E+0	0.000000E+0	0.000000E+0
20.0    	57      	3.027907E-2 	1.381473E-4	-3.83E-1   	20.00     	688.90 	22.9 	38.3 	0.000000E+0	0.000000E+0	0.000000E+0	0.000000E+0	0.000000E+0	0.000000E+0	0.000000E+0	0.000000E+0
20.0    	58      	3.383744E-2 	5.278751E-5	-3.82E-1   	20.00     	690.80 	22.9 	38.3 	0.000000E+0	0.000000E+0	0.000000E+0	0.000000E+0	0.000000E+0	0.000000E+0	0.000000E+0	0.000000E+0
20.0    	59      	2.051698E-2 	2.048931E-4	-3.83E-1   	20.00     	692.70 	22.9 	38.3 	0.000000E+0	0.000000E+0	0.000000E+0	0.000000E+0	0.000000E+0	0.000000E+0	0.000000E+0	0.000000E+0
20.0    	60      	2.405415E-2 	1.379067E-4	-3.81E-1   	20.00     	694.60 	22.9 	38.3 	0.000000E+0	0.000000E+0	0.000000E+0	0.000000E+0	0.000000E+0	0.000000E+0	0.000000E+0	0.000000E+0
20.0    	61      	9.264546E-2 	3.269476E-5	-3.82E-1   	20.00     	696.49 	22.9 	38.3 	0.000000E+0	0.000000E+0	0.000000E+0	0.000000E+0	0.000000E+0	0.000000E+0	0.000000E+0	0.000000E+0
20.0    	62      	2.431152E-2 	2.295972E-5	-3.82E-1   	20.00     	698.39 	22.9 	38.3 	0.000000E+0	0.000000E+0	0.000000E+0	0.000000E+0	0.000000E+0	0.000000E+0	0.000000E+0	0.000000E+0
20.0    	63      	5.033668E-2 	3.649738E-3	-3.85E-1   	20.00     	700.29 	22.9 	38.3 	0.000000E+0	0.000000E+0	0.000000E+0	0.000000E+0	0.000000E+0	0.000000E+0	0.000000E+0	0.000000E+0
20.0    	64      	2.446444E-2 	6.427050E-4	-3.86E-1   	20.00     	702.18 	22.9 	38.3 	0.000000E+0	0.000000E+0	0.000000E+0	0.000000E+0	0.000000E+0	0.000000E+0	0.000000E+0	0.000000E+0
20.0    	65      	1.918228E-2 	1.326443E-4	-3.79E-1   	20.00     	704.08 	22.9 	38.3 	0.000000E+0	0.000000E+0	0.000000E+0	0.000000E+0	0.000000E+0	0.000000E+0	0.000000E+0	0.000000E+0
20.0    	66      	6.847992E-2 	2.522732E-5	-3.85E-1   	20.00     	705.98 	22.9 	38.3 	0.000000E+0	0.000000E+0	0.000000E+0	0.000000E+0	0.000000E+0	0.000000E+0	0.000000E+0	0.000000E+0
20.0    	67      	8.183046E-2 	8.089982E-5	-3.85E-1   	20.00     	707.88 	22.9 	38.3 	0.000000E+0	0.000000E+0	0.000000E+0	0.000000E+0	0.000000E+0	0.000000E+0	0.000000E+0	0.000000E+0
20.0    	68      	2.085795E-2 	2.001474E-4	-3.85E-1   	20.00     	709.77 	22.9 	38.3 	0.000000E+0	0.000000E+0	0.000000E+0	0.000000E+0	0.000000E+0	0.000000E+0	0.000000E+0	0.000000E+0
20.0    	69      	2.055371E-2 	1.211485E-4	-3.81E-1   	20.00     	711.67 	22.9 	38.3 	0.000000E+0	0.000000E+0	0.000000E+0	0.000000E+0	0.000000E+0	0.000000E+0	0.000000E+0	0.000000E+0
20.0    	70      	1.945773E-2 	2.962801E-5	-3.82E-1   	20.00     	713.57 	22.9 	38.3 	0.000000E+0	0.000000E+0	0.000000E+0	0.000000E+0	0.000000E+0	0.000000E+0	0.000000E+0	0.000000E+0
20.0    	71      	1.983191E-2 	1.737729E-4	-3.86E-1   	20.00     	715.47 	22.9 	38.3 	0.000000E+0	0.000000E+0	0.000000E+0	0.000000E+0	0.000000E+0	0.000000E+0	0.000000E+0	0.000000E+0
20.0    	72      	2.801331E-2 	6.102749E-5	-3.81E-1   	20.00     	717.36 	22.9 	38.3 	0.000000E+0	0.000000E+0	0.000000E+0	0.000000E+0	0.000000E+0	0.000000E+0	0.000000E+0	0.000000E+0
20.0    	73      	2.238387E-2 	1.193755E-4	-3.81E-1   	20.00     	719.26 	22.9 	38.3 	0.000000E+0	0.000000E+0	0.000000E+0	0.000000E+0	0.000000E+0	0.000000E+0	0.000000E+0	0.000000E+0
20.0    	74      	4.518846E-2 	5.187115E-5	-3.85E-1   	20.00     	721.16 	22.9 	38.3 	0.000000E+0	0.000000E+0	0.000000E+0	0.000000E+0	0.000000E+0	0.000000E+0	0.000000E+0	0.000000E+0
20.0    	75      	2.021624E-2 	1.175021E-4	-3.86E-1   	20.00     	723.06 	22.9 	38.3 	0.000000E+0	0.000000E+0	0.000000E+0	0.000000E+0	0.000000E+0	0.000000E+0	0.000000E+0	0.000000E+0
20.0    	76      	3.336416E-2 	2.393457E-4	-3.83E-1   	20.00     	724.96 	22.9 	38.3 	0.000000E+0	0.000000E+0	0.000000E+0	0.000000E+0	0.000000E+0	0.000000E+0	0.000000E+0	0.000000E+0
20.0    	77      	1.236270E-3 	2.063944E-4	-3.85E-1   	20.00     	726.85 	22.9 	38.3 	0.000000E+0	0.000000E+0	0.000000E+0	0.000000E+0	0.000000E+0	0.000000E+0	0.000000E+0	0.000000E+0
20.0    	78      	1.235953E-3 	2.167467E-4	-3.84E-1   	20.00     	728.75 	22.9 	38.3 	0.000000E+0	0.000000E+0	0.000000E+0	0.000000E+0	0.000000E+0	0.000000E+0	0.000000E+0	0.000000E+0
20.0    	79      	7.030980E-2 	7.914355E-2	-3.83E-1   	20.00     	730.65 	22.9 	38.3 	0.000000E+0	0.000000E+0	0.000000E+0	0.000000E+0	0.000000E+0	0.000000E+0	0.000000E+0	0.000000E+0
20.0    	80      	2.347165E-2 	9.160631E-4	-3.87E-1   	20.00     	732.55 	22.9 	38.3 	0.000000E+0	0.000000E+0	0.000000E+0	0.000000E+0	0.000000E+0	0.000000E+0	0.000000E+0	0.000000E+0
20.0    	81      	2.024790E-2 	9.662019E-5	-3.83E-1   	20.00     	734.45 	22.9 	38.3 	0.000000E+0	0.000000E+0	0.000000E+0	0.000000E+0	0.000000E+0	0.000000E+0	0.000000E+0	0.000000E+0
20.0    	82      	6.631075E-2 	1.468412E-4	-3.86E-1   	20.00     	736.35 	22.9 	38.3 	0.000000E+0	0.000000E+0	0.000000E+0	0.000000E+0	0.000000E+0	0.000000E+0	0.000000E+0	0.000000E+0
20.0    	83      	8.195425E-2 	1.529189E-4	-3.86E-1   	20.00     	738.24 	22.9 	38.3 	0.000000E+0	0.000000E+0	0.000000E+0	0.000000E+0	0.000000E+0	0.000000E+0	0.000000E+0	0.000000E+0
20.0    	84      	2.211858E-2 	3.345419E-5	-3.87E-1   	20.00     	740.14 	22.9 	38.3 	0.000000E+0	0.000000E+0	0.000000E+0	0.000000E+0	0.000000E+0	0.000000E+0	0.000000E+0	0.000000E+0
20.0    	85      	2.064141E-2 	1.380301E-4	-3.85E-1   	20.00     	742.04 	22.9 	38.3 	0.000000E+0	0.000000E+0	0.000000E+0	0.000000E+0	0.000000E+0	0.000000E+0	0.000000E+0	0.000000E+0
20.0    	86      	1.943840E-2 	1.149838E-4	-3.84E-1   	20.00     	743.94 	22.9 	38.3 	0.000000E+0	0.000000E+0	0.000000E+0	0.000000E+0	0.000000E+0	0.000000E+0	0.000000E+0	0.000000E+0
20.0    	87      	1.949128E-2 	1.292683E-4	-3.84E-1   	20.00     	745.84 	22.9 	38.3 	0.000000E+0	0.000000E+0	0.000000E+0	0.000000E+0	0.000000E+0	0.000000E+0	0.000000E+0	0.000000E+0
20.0    	88      	3.509175E-2 	1.560151E-4	-3.80E-1   	20.00     	747.73 	22.9 	38.3 	0.000000E+0	0.000000E+0	0.000000E+0	0.000000E+0	0.000000E+0	0.000000E+0	0.000000E+0	0.000000E+0
20.0    	89      	1.810877E-2 	1.766502E-4	-3.82E-1   	20.00     	749.63 	22.9 	38.3 	0.000000E+0	0.000000E+0	0.000000E+0	0.000000E+0	0.000000E+0	0.000000E+0	0.000000E+0	0.000000E+0
20.0    	90      	4.188367E-2 	1.158382E-4	-3.81E-1   	20.00     	751.53 	22.9 	38.3 	0.000000E+0	0.000000E+0	0.000000E+0	0.000000E+0	0.000000E+0	0.000000E+0	0.000000E+0	0.000000E+0
20.0    	91      	2.031502E-2 	1.737402E-4	-3.84E-1   	20.00     	753.43 	22.9 	38.3 	0.000000E+0	0.000000E+0	0.000000E+0	0.000000E+0	0.000000E+0	0.000000E+0	0.000000E+0	0.000000E+0
20.0    	92      	2.660833E-2 	9.458394E-5	-3.84E-1   	20.00     	755.33 	22.9 	38.3 	0.000000E+0	0.000000E+0	0.000000E+0	0.000000E+0	0.000000E+0	0.000000E+0	0.000000E+0	0.000000E+0
20.0    	93      	2.339947E-2 	1.958724E-4	-3.86E-1   	20.00     	757.22 	22.9 	38.3 	0.000000E+0	0.000000E+0	0.000000E+0	0.000000E+0	0.000000E+0	0.000000E+0	0.000000E+0	0.000000E+0
20.0    	94      	3.770291E-2 	1.700017E-4	-3.84E-1   	20.00     	759.12 	22.9 	38.2 	0.000000E+0	0.000000E+0	0.000000E+0	0.000000E+0	0.000000E+0	0.000000E+0	0.000000E+0	0.000000E+0
20.0    	95      	2.755776E-2 	6.606930E-5	-3.83E-1   	20.00     	761.02 	22.9 	38.2 	0.000000E+0	0.000000E+0	0.000000E+0	0.000000E+0	0.000000E+0	0.000000E+0	0.000000E+0	0.000000E+0
20.0    	96      	2.339029E-2 	4.274619E-5	-3.86E-1   	20.00     	762.91 	22.9 	38.2 	0.000000E+0	0.000000E+0	0.000000E+0	0.000000E+0	0.000000E+0	0.000000E+0	0.000000E+0	0.000000E+0
20.0    	97      	2.124260E-2 	6.326503E-5	-3.85E-1   	20.00     	764.81 	22.9 	38.2 	0.000000E+0	0.000000E+0	0.000000E+0	0.000000E+0	0.000000E+0	0.000000E+0	0.000000E+0	0.000000E+0
20.0    	98      	6.927457E-2 	8.147512E-5	-3.81E-1   	20.00     	766.71 	22.9 	38.2 	0.000000E+0	0.000000E+0	0.000000E+0	0.000000E+0	0.000000E+0	0.000000E+0	0.000000E+0	0.000000E+0
20.0    	99      	7.208139E-2 	3.717483E-5	-3.84E-1   	20.00     	768.59 	22.9 	38.2 	0.000000E+0	0.000000E+0	0.000000E+0	0.000000E+0	0.000000E+0	0.000000E+0	0.000000E+0	0.000000E+0
20.0    	100     	2.135183E-2 	1.338984E-4	-3.87E-1   	20.00     	770.49 	22.9 	38.2 	0.000000E+0	0.000000E+0	0.000000E+0	0.000000E+0	0.000000E+0	0.000000E+0	0.000000E+0	0.000000E+0
20.0    	101     	2.516757E-2 	9.544999E-5	-3.80E-1   	20.00     	772.39 	22.9 	38.2 	0.000000E+0	0.000000E+0	0.000000E+0	0.000000E+0	0.000000E+0	0.000000E+0	0.000000E+0	0.000000E+0
20.0    	102     	1.920541E-2 	8.635976E-5	-3.84E-1   	20.00     	774.29 	22.9 	38.2 	0.000000E+0	0.000000E+0	0.000000E+0	0.000000E+0	0.000000E+0	0.000000E+0	0.000000E+0	0.000000E+0
20.0    	103     	3.925449E-2 	1.520948E-4	-3.83E-1   	20.00     	776.19 	22.9 	38.2 	0.000000E+0	0.000000E+0	0.000000E+0	0.000000E+0	0.000000E+0	0.000000E+0	0.000000E+0	0.000000E+0
20.0    	104     	-4.937179E-2	1.363506E-4	-3.82E-1   	20.00     	778.09 	22.9 	38.2 	0.000000E+0	0.000000E+0	0.000000E+0	0.000000E+0	0.000000E+0	0.000000E+0	0.000000E+0	0.000000E+0
20.0    	105     	2.937588E-2 	3.373011E-5	-3.81E-1   	20.00     	779.99 	22.9 	38.2 	0.000000E+0	0.000000E+0	0.000000E+0	0.000000E+0	0.000000E+0	0.000000E+0	0.000000E+0	0.000000E+0
20.0    	106     	4.406683E-2 	1.980577E-4	-3.83E-1   	20.00     	781.88 	22.9 	38.2 	0.000000E+0	0.000000E+0	0.000000E+0	0.000000E+0	0.000000E+0	0.000000E+0	0.000000E+0	0.000000E+0
20.0    	107     	1.981135E-2 	1.426930E-4	-3.84E-1   	20.00     	783.78 	22.9 	38.2 	0.000000E+0	0.000000E+0	0.000000E+0	0.000000E+0	0.000000E+0	0.000000E+0	0.000000E+0	0.000000E+0
20.0    	108     	2.552247E-2 	6.008665E-5	-3.87E-1   	20.00     	785.68 	22.9 	38.2 	0.000000E+0	0.000000E+0	0.000000E+0	0.000000E+0	0.000000E+0	0.000000E+0	0.000000E+0	0.000000E+0
20.0    	109     	2.258839E-2 	1.593568E-4	-3.84E-1   	20.00     	787.57 	22.9 	38.2 	0.000000E+0	0.000000E+0	0.000000E+0	0.000000E+0	0.000000E+0	0.000000E+0	0.000000E+0	0.000000E+0
20.0    	110     	2.521222E-2 	3.889740E-5	-3.82E-1   	20.00     	789.47 	22.9 	38.2 	0.000000E+0	0.000000E+0	0.000000E+0	0.000000E+0	0.000000E+0	0.000000E+0	0.000000E+0	0.000000E+0
20.0    	111     	2.221167E-2 	5.709559E-5	-3.85E-1   	20.00     	791.37 	22.9 	38.2 	0.000000E+0	0.000000E+0	0.000000E+0	0.000000E+0	0.000000E+0	0.000000E+0	0.000000E+0	0.000000E+0
20.0    	112     	2.182765E-2 	3.405320E-5	-3.81E-1   	20.00     	793.25 	22.9 	38.2 	0.000000E+0	0.000000E+0	0.000000E+0	0.000000E+0	0.000000E+0	0.000000E+0	0.000000E+0	0.000000E+0
20.0    	113     	2.146707E-2 	1.408099E-4	-3.84E-1   	20.00     	795.15 	22.9 	38.2 	0.000000E+0	0.000000E+0	0.000000E+0	0.000000E+0	0.000000E+0	0.000000E+0	0.000000E+0	0.000000E+0
20.0    	114     	6.797692E-2 	7.159970E-5	-3.83E-1   	20.00     	797.05 	22.9 	38.2 	0.000000E+0	0.000000E+0	0.000000E+0	0.000000E+0	0.000000E+0	0.000000E+0	0.000000E+0	0.000000E+0
20.0    	115     	7.418700E-2 	9.275300E-5	-3.85E-1   	20.00     	798.95 	22.9 	38.2 	0.000000E+0	0.000000E+0	0.000000E+0	0.000000E+0	0.000000E+0	0.000000E+0	0.000000E+0	0.000000E+0
20.0    	116     	2.157851E-2 	6.297048E-5	-3.85E-1   	20.00     	800.85 	22.9 	38.2 	0.000000E+0	0.000000E+0	0.000000E+0	0.000000E+0	0.000000E+0	0.000000E+0	0.000000E+0	0.000000E+0
20.0    	117     	2.056133E-2 	1.118419E-4	-3.83E-1   	20.00     	802.75 	22.9 	38.2 	0.000000E+0	0.000000E+0	0.000000E+0	0.000000E+0	0.000000E+0	0.000000E+0	0.000000E+0	0.000000E+0
20.0    	118     	1.978380E-2 	1.497518E-4	-3.82E-1   	20.00     	804.64 	22.9 	38.2 	0.000000E+0	0.000000E+0	0.000000E+0	0.000000E+0	0.000000E+0	0.000000E+0	0.000000E+0	0.000000E+0
20.0    	119     	1.972999E-2 	8.497253E-5	-3.84E-1   	20.00     	806.55 	22.9 	38.2 	0.000000E+0	0.000000E+0	0.000000E+0	0.000000E+0	0.000000E+0	0.000000E+0	0.000000E+0	0.000000E+0
20.0    	120     	3.740345E-2 	1.143781E-4	-3.82E-1   	20.00     	808.45 	22.9 	38.2 	0.000000E+0	0.000000E+0	0.000000E+0	0.000000E+0	0.000000E+0	0.000000E+0	0.000000E+0	0.000000E+0
20.0    	121     	2.034859E-2 	1.971493E-4	-3.83E-1   	20.00     	810.34 	22.9 	38.2 	0.000000E+0	0.000000E+0	0.000000E+0	0.000000E+0	0.000000E+0	0.000000E+0	0.000000E+0	0.000000E+0
20.0    	122     	3.805528E-2 	3.748230E-4	-3.85E-1   	20.00     	812.24 	22.9 	38.2 	0.000000E+0	0.000000E+0	0.000000E+0	0.000000E+0	0.000000E+0	0.000000E+0	0.000000E+0	0.000000E+0
20.0    	123     	3.945458E-2 	8.943458E-5	-3.83E-1   	20.00     	814.12 	22.9 	38.2 	0.000000E+0	0.000000E+0	0.000000E+0	0.000000E+0	0.000000E+0	0.000000E+0	0.000000E+0	0.000000E+0
20.0    	124     	2.168393E-2 	2.277376E-4	-3.86E-1   	20.00     	816.02 	22.9 	38.2 	0.000000E+0	0.000000E+0	0.000000E+0	0.000000E+0	0.000000E+0	0.000000E+0	0.000000E+0	0.000000E+0
20.0    	125     	2.184411E-2 	1.555917E-4	-3.81E-1   	20.00     	817.91 	22.9 	38.2 	0.000000E+0	0.000000E+0	0.000000E+0	0.000000E+0	0.000000E+0	0.000000E+0	0.000000E+0	0.000000E+0
20.0    	126     	2.403835E-2 	1.847948E-4	-3.84E-1   	20.00     	819.81 	22.9 	38.2 	0.000000E+0	0.000000E+0	0.000000E+0	0.000000E+0	0.000000E+0	0.000000E+0	0.000000E+0	0.000000E+0
20.0    	127     	2.392913E-2 	2.067773E-4	-3.81E-1   	20.00     	821.71 	22.9 	38.2 	0.000000E+0	0.000000E+0	0.000000E+0	0.000000E+0	0.000000E+0	0.000000E+0	0.000000E+0	0.000000E+0
20.0    	128     	2.275587E-2 	1.115142E-4	-3.82E-1   	20.00     	823.61 	22.9 	38.2 	0.000000E+0	0.000000E+0	0.000000E+0	0.000000E+0	0.000000E+0	0.000000E+0	0.000000E+0	0.000000E+0
20.0    	129     	2.058033E-2 	3.783415E-5	-3.82E-1   	20.00     	825.51 	22.9 	38.2 	0.000000E+0	0.000000E+0	0.000000E+0	0.000000E+0	0.000000E+0	0.000000E+0	0.000000E+0	0.000000E+0
20.0    	130     	6.921351E-2 	1.270366E-4	-3.85E-1   	20.00     	827.41 	22.9 	38.2 	0.000000E+0	0.000000E+0	0.000000E+0	0.000000E+0	0.000000E+0	0.000000E+0	0.000000E+0	0.000000E+0
20.0    	131     	8.149245E-2 	7.127193E-5	-3.81E-1   	20.00     	829.31 	22.9 	38.2 	0.000000E+0	0.000000E+0	0.000000E+0	0.000000E+0	0.000000E+0	0.000000E+0	0.000000E+0	0.000000E+0
20.0    	132     	5.851277E-2 	1.043640E-4	-3.83E-1   	20.00     	831.21 	22.9 	38.2 	0.000000E+0	0.000000E+0	0.000000E+0	0.000000E+0	0.000000E+0	0.000000E+0	0.000000E+0	0.000000E+0
20.0    	133     	2.089849E-2 	4.290904E-5	-3.82E-1   	20.00     	833.11 	22.9 	38.2 	0.000000E+0	0.000000E+0	0.000000E+0	0.000000E+0	0.000000E+0	0.000000E+0	0.000000E+0	0.000000E+0
20.0    	134     	2.010736E-2 	1.035772E-4	-3.82E-1   	20.00     	835.00 	22.9 	38.2 	0.000000E+0	0.000000E+0	0.000000E+0	0.000000E+0	0.000000E+0	0.000000E+0	0.000000E+0	0.000000E+0
20.0    	135     	2.025140E-2 	5.497339E-5	-3.84E-1   	20.00     	836.90 	22.9 	38.2 	0.000000E+0	0.000000E+0	0.000000E+0	0.000000E+0	0.000000E+0	0.000000E+0	0.000000E+0	0.000000E+0
20.0    	136     	-7.340183E-2	9.402777E-5	-3.82E-1   	20.00     	838.80 	22.9 	38.2 	0.000000E+0	0.000000E+0	0.000000E+0	0.000000E+0	0.000000E+0	0.000000E+0	0.000000E+0	0.000000E+0
20.0    	137     	5.118823E-3 	1.225802E-4	-3.83E-1   	20.00     	840.70 	22.9 	38.2 	0.000000E+0	0.000000E+0	0.000000E+0	0.000000E+0	0.000000E+0	0.000000E+0	0.000000E+0	0.000000E+0
20.0    	138     	3.176040E-2 	6.961759E-5	-3.81E-1   	20.00     	842.60 	22.9 	38.2 	0.000000E+0	0.000000E+0	0.000000E+0	0.000000E+0	0.000000E+0	0.000000E+0	0.000000E+0	0.000000E+0
20.0    	139     	1.971700E-2 	1.528102E-4	-3.83E-1   	20.00     	844.50 	22.9 	38.2 	0.000000E+0	0.000000E+0	0.000000E+0	0.000000E+0	0.000000E+0	0.000000E+0	0.000000E+0	0.000000E+0
20.0    	140     	-8.646232E-3	1.825425E-4	-3.81E-1   	20.00     	846.40 	22.9 	38.2 	0.000000E+0	0.000000E+0	0.000000E+0	0.000000E+0	0.000000E+0	0.000000E+0	0.000000E+0	0.000000E+0
20.0    	141     	3.677111E-3 	1.764230E-4	-3.84E-1   	20.00     	848.30 	22.9 	38.2 	0.000000E+0	0.000000E+0	0.000000E+0	0.000000E+0	0.000000E+0	0.000000E+0	0.000000E+0	0.000000E+0
20.0    	142     	2.487223E-2 	1.720422E-4	-3.82E-1   	20.00     	850.20 	22.9 	38.2 	0.000000E+0	0.000000E+0	0.000000E+0	0.000000E+0	0.000000E+0	0.000000E+0	0.000000E+0	0.000000E+0
20.0    	143     	3.644548E-2 	1.383773E-4	-3.82E-1   	20.00     	852.10 	22.9 	38.2 	0.000000E+0	0.000000E+0	0.000000E+0	0.000000E+0	0.000000E+0	0.000000E+0	0.000000E+0	0.000000E+0
20.0    	144     	1.978730E-2 	7.467832E-5	-3.85E-1   	20.00     	854.00 	22.9 	38.2 	0.000000E+0	0.000000E+0	0.000000E+0	0.000000E+0	0.000000E+0	0.000000E+0	0.000000E+0	0.000000E+0
20.0    	145     	2.159086E-2 	1.556816E-4	-3.84E-1   	20.00     	855.90 	22.9 	38.2 	0.000000E+0	0.000000E+0	0.000000E+0	0.000000E+0	0.000000E+0	0.000000E+0	0.000000E+0	0.000000E+0
20.0    	146     	6.789970E-2 	1.020240E-4	-3.86E-1   	20.00     	857.80 	22.9 	38.2 	0.000000E+0	0.000000E+0	0.000000E+0	0.000000E+0	0.000000E+0	0.000000E+0	0.000000E+0	0.000000E+0
20.0    	147     	8.371072E-2 	6.748754E-5	-3.82E-1   	20.00     	859.69 	22.9 	38.2 	0.000000E+0	0.000000E+0	0.000000E+0	0.000000E+0	0.000000E+0	0.000000E+0	0.000000E+0	0.000000E+0
20.0    	148     	2.602046E-2 	1.877880E-4	-3.81E-1   	20.00     	861.60 	22.9 	38.2 	0.000000E+0	0.000000E+0	0.000000E+0	0.000000E+0	0.000000E+0	0.000000E+0	0.000000E+0	0.000000E+0
20.0    	149     	1.996394E-2 	9.550501E-5	-3.84E-1   	20.00     	863.49 	22.9 	38.2 	0.000000E+0	0.000000E+0	0.000000E+0	0.000000E+0	0.000000E+0	0.000000E+0	0.000000E+0	0.000000E+0
20.0    	150     	2.012066E-2 	4.655000E-5	-3.81E-1   	20.00     	865.39 	22.9 	38.2 	0.000000E+0	0.000000E+0	0.000000E+0	0.000000E+0	0.000000E+0	0.000000E+0	0.000000E+0	0.000000E+0
20.0    	151     	7.905953E-2 	1.338521E-4	-3.84E-1   	20.00     	867.29 	22.9 	38.2 	0.000000E+0	0.000000E+0	0.000000E+0	0.000000E+0	0.000000E+0	0.000000E+0	0.000000E+0	0.000000E+0
20.0    	152     	2.815421E-2 	1.612571E-4	-3.80E-1   	20.00     	869.19 	22.9 	38.2 	0.000000E+0	0.000000E+0	0.000000E+0	0.000000E+0	0.000000E+0	0.000000E+0	0.000000E+0	0.000000E+0
20.0    	153     	1.940709E-2 	9.615890E-5	-3.80E-1   	20.00     	871.09 	22.9 	38.2 	0.000000E+0	0.000000E+0	0.000000E+0	0.000000E+0	0.000000E+0	0.000000E+0	0.000000E+0	0.000000E+0
20.0    	154     	3.564994E-2 	6.193219E-5	-3.85E-1   	20.00     	872.99 	22.9 	38.2 	0.000000E+0	0.000000E+0	0.000000E+0	0.000000E+0	0.000000E+0	0.000000E+0	0.000000E+0	0.000000E+0
20.0    	155     	1.968189E-2 	8.426289E-5	-3.82E-1   	20.00     	874.89 	22.9 	38.2 	0.000000E+0	0.000000E+0	0.000000E+0	0.000000E+0	0.000000E+0	0.000000E+0	0.000000E+0	0.000000E+0
20.0    	156     	1.969802E-2 	2.738832E-5	-3.85E-1   	20.00     	876.77 	22.9 	38.2 	0.000000E+0	0.000000E+0	0.000000E+0	0.000000E+0	0.000000E+0	0.000000E+0	0.000000E+0	0.000000E+0
20.0    	157     	2.577449E-2 	1.372442E-4	-3.86E-1   	20.00     	878.67 	22.9 	38.2 	0.000000E+0	0.000000E+0	0.000000E+0	0.000000E+0	0.000000E+0	0.000000E+0	0.000000E+0	0.000000E+0
20.0    	158     	2.553482E-2 	2.068589E-4	-3.85E-1   	20.00     	880.57 	22.9 	38.2 	0.000000E+0	0.000000E+0	0.000000E+0	0.000000E+0	0.000000E+0	0.000000E+0	0.000000E+0	0.000000E+0
20.0    	159     	2.107452E-2 	1.882002E-4	-3.82E-1   	20.00     	882.47 	22.9 	38.2 	0.000000E+0	0.000000E+0	0.000000E+0	0.000000E+0	0.000000E+0	0.000000E+0	0.000000E+0	0.000000E+0
20.0    	160     	2.186819E-2 	1.320610E-4	-3.83E-1   	20.00     	884.37 	22.9 	38.2 	0.000000E+0	0.000000E+0	0.000000E+0	0.000000E+0	0.000000E+0	0.000000E+0	0.000000E+0	0.000000E+0
20.0    	161     	2.124421E-2 	1.789386E-4	-3.82E-1   	20.00     	886.27 	22.9 	38.2 	0.000000E+0	0.000000E+0	0.000000E+0	0.000000E+0	0.000000E+0	0.000000E+0	0.000000E+0	0.000000E+0
20.0    	162     	6.938288E-2 	8.824976E-5	-3.82E-1   	20.00     	888.17 	22.9 	38.2 	0.000000E+0	0.000000E+0	0.000000E+0	0.000000E+0	0.000000E+0	0.000000E+0	0.000000E+0	0.000000E+0
20.0    	163     	7.868437E-2 	8.013976E-5	-3.82E-1   	20.00     	890.07 	22.9 	38.2 	0.000000E+0	0.000000E+0	0.000000E+0	0.000000E+0	0.000000E+0	0.000000E+0	0.000000E+0	0.000000E+0
20.0    	164     	1.342959E-3 	2.476630E-4	-3.83E-1   	20.00     	891.97 	22.9 	38.2 	0.000000E+0	0.000000E+0	0.000000E+0	0.000000E+0	0.000000E+0	0.000000E+0	0.000000E+0	0.000000E+0
20.0    	165     	2.216578E-2 	1.524037E-5	-3.85E-1   	20.00     	893.87 	22.9 	38.2 	0.000000E+0	0.000000E+0	0.000000E+0	0.000000E+0	0.000000E+0	0.000000E+0	0.000000E+0	0.000000E+0
20.0    	166     	2.053348E-2 	7.526222E-5	-3.83E-1   	20.00     	895.77 	22.9 	38.2 	0.000000E+0	0.000000E+0	0.000000E+0	0.000000E+0	0.000000E+0	0.000000E+0	0.000000E+0	0.000000E+0
20.0    	167     	5.422249E-2 	1.518312E-4	-3.81E-1   	20.00     	897.67 	22.9 	38.2 	0.000000E+0	0.000000E+0	0.000000E+0	0.000000E+0	0.000000E+0	0.000000E+0	0.000000E+0	0.000000E+0
20.0    	168     	3.339017E-2 	1.018298E-4	-3.79E-1   	20.00     	899.57 	22.9 	38.2 	0.000000E+0	0.000000E+0	0.000000E+0	0.000000E+0	0.000000E+0	0.000000E+0	0.000000E+0	0.000000E+0
20.0    	169     	2.180709E-2 	1.501088E-4	-3.83E-1   	20.00     	901.46 	22.9 	38.2 	0.000000E+0	0.000000E+0	0.000000E+0	0.000000E+0	0.000000E+0	0.000000E+0	0.000000E+0	0.000000E+0
20.0    	170     	3.598613E-2 	1.016408E-4	-3.82E-1   	20.00     	903.35 	22.9 	38.2 	0.000000E+0	0.000000E+0	0.000000E+0	0.000000E+0	0.000000E+0	0.000000E+0	0.000000E+0	0.000000E+0
20.0    	171     	2.856928E-2 	7.598194E-5	-3.79E-1   	20.00     	905.25 	22.9 	38.2 	0.000000E+0	0.000000E+0	0.000000E+0	0.000000E+0	0.000000E+0	0.000000E+0	0.000000E+0	0.000000E+0
20.0    	172     	1.786914E-2 	4.229233E-5	-3.81E-1   	20.00     	907.15 	22.9 	38.2 	0.000000E+0	0.000000E+0	0.000000E+0	0.000000E+0	0.000000E+0	0.000000E+0	0.000000E+0	0.000000E+0
20.0    	173     	2.669256E-2 	1.158908E-4	-3.86E-1   	20.00     	909.05 	22.9 	38.2 	0.000000E+0	0.000000E+0	0.000000E+0	0.000000E+0	0.000000E+0	0.000000E+0	0.000000E+0	0.000000E+0
20.0    	174     	2.485164E-2 	1.494348E-4	-3.84E-1   	20.00     	910.95 	22.9 	38.2 	0.000000E+0	0.000000E+0	0.000000E+0	0.000000E+0	0.000000E+0	0.000000E+0	0.000000E+0	0.000000E+0
20.0    	175     	2.455660E-2 	2.564093E-5	-3.82E-1   	20.00     	912.85 	22.9 	38.2 	0.000000E+0	0.000000E+0	0.000000E+0	0.000000E+0	0.000000E+0	0.000000E+0	0.000000E+0	0.000000E+0
20.0    	176     	2.080354E-2 	2.664318E-4	-3.80E-1   	20.00     	914.75 	22.9 	38.2 	0.000000E+0	0.000000E+0	0.000000E+0	0.000000E+0	0.000000E+0	0.000000E+0	0.000000E+0	0.000000E+0
20.0    	177     	2.490104E-2 	3.697236E-5	-3.82E-1   	20.00     	916.65 	22.9 	38.2 	0.000000E+0	0.000000E+0	0.000000E+0	0.000000E+0	0.000000E+0	0.000000E+0	0.000000E+0	0.000000E+0
20.0    	178     	6.948199E-2 	8.716034E-5	-3.82E-1   	20.00     	918.53 	22.9 	38.2 	0.000000E+0	0.000000E+0	0.000000E+0	0.000000E+0	0.000000E+0	0.000000E+0	0.000000E+0	0.000000E+0
20.0    	179     	8.185406E-2 	1.277066E-4	-3.81E-1   	20.00     	920.44 	22.9 	38.2 	0.000000E+0	0.000000E+0	0.000000E+0	0.000000E+0	0.000000E+0	0.000000E+0	0.000000E+0	0.000000E+0
20.0    	180     	2.591379E-2 	2.873169E-4	-3.79E-1   	20.00     	922.33 	22.9 	38.2 	0.000000E+0	0.000000E+0	0.000000E+0	0.000000E+0	0.000000E+0	0.000000E+0	0.000000E+0	0.000000E+0
20.0    	181     	3.422692E-2 	6.429261E-5	-3.86E-1   	20.00     	924.24 	22.9 	38.2 	0.000000E+0	0.000000E+0	0.000000E+0	0.000000E+0	0.000000E+0	0.000000E+0	0.000000E+0	0.000000E+0
20.0    	182     	2.059236E-2 	1.637894E-4	-3.80E-1   	20.00     	926.14 	22.9 	38.2 	0.000000E+0	0.000000E+0	0.000000E+0	0.000000E+0	0.000000E+0	0.000000E+0	0.000000E+0	0.000000E+0
20.0    	183     	2.034764E-2 	9.455742E-5	-3.84E-1   	20.00     	928.04 	22.9 	38.2 	0.000000E+0	0.000000E+0	0.000000E+0	0.000000E+0	0.000000E+0	0.000000E+0	0.000000E+0	0.000000E+0
20.0    	184     	2.979001E-2 	1.761750E-4	-3.83E-1   	20.00     	929.94 	22.9 	38.2 	0.000000E+0	0.000000E+0	0.000000E+0	0.000000E+0	0.000000E+0	0.000000E+0	0.000000E+0	0.000000E+0
20.0    	185     	2.169819E-2 	1.416678E-4	-3.84E-1   	20.00     	931.84 	22.9 	38.2 	0.000000E+0	0.000000E+0	0.000000E+0	0.000000E+0	0.000000E+0	0.000000E+0	0.000000E+0	0.000000E+0
20.0    	186     	5.879107E-2 	8.894834E-5	-3.84E-1   	20.00     	933.74 	22.9 	38.2 	0.000000E+0	0.000000E+0	0.000000E+0	0.000000E+0	0.000000E+0	0.000000E+0	0.000000E+0	0.000000E+0
20.0    	187     	2.765341E-2 	2.091969E-5	-3.83E-1   	20.00     	935.64 	22.9 	38.2 	0.000000E+0	0.000000E+0	0.000000E+0	0.000000E+0	0.000000E+0	0.000000E+0	0.000000E+0	0.000000E+0
20.0    	188     	1.890436E-2 	1.761571E-4	-3.85E-1   	20.00     	937.54 	22.9 	38.2 	0.000000E+0	0.000000E+0	0.000000E+0	0.000000E+0	0.000000E+0	0.000000E+0	0.000000E+0	0.000000E+0
20.0    	189     	2.551457E-2 	1.681181E-4	-3.80E-1   	20.00     	939.44 	22.9 	38.2 	0.000000E+0	0.000000E+0	0.000000E+0	0.000000E+0	0.000000E+0	0.000000E+0	0.000000E+0	0.000000E+0
20.0    	190     	3.201241E-2 	1.629712E-4	-3.85E-1   	20.00     	941.34 	22.9 	38.2 	0.000000E+0	0.000000E+0	0.000000E+0	0.000000E+0	0.000000E+0	0.000000E+0	0.000000E+0	0.000000E+0
20.0    	191     	2.326938E-2 	1.652814E-4	-3.81E-1   	20.00     	943.24 	22.9 	38.2 	0.000000E+0	0.000000E+0	0.000000E+0	0.000000E+0	0.000000E+0	0.000000E+0	0.000000E+0	0.000000E+0
20.0    	192     	2.038249E-2 	9.808430E-5	-3.85E-1   	20.00     	945.14 	22.9 	38.1 	0.000000E+0	0.000000E+0	0.000000E+0	0.000000E+0	0.000000E+0	0.000000E+0	0.000000E+0	0.000000E+0
20.0    	193     	2.574917E-2 	9.436203E-5	-3.78E-1   	20.00     	947.03 	22.9 	38.1 	0.000000E+0	0.000000E+0	0.000000E+0	0.000000E+0	0.000000E+0	0.000000E+0	0.000000E+0	0.000000E+0
20.0    	194     	7.433334E-2 	1.228069E-4	-3.85E-1   	20.00     	948.93 	22.9 	38.1 	0.000000E+0	0.000000E+0	0.000000E+0	0.000000E+0	0.000000E+0	0.000000E+0	0.000000E+0	0.000000E+0
20.0    	195     	7.791795E-2 	1.052940E-4	-3.81E-1   	20.00     	950.83 	22.9 	38.1 	0.000000E+0	0.000000E+0	0.000000E+0	0.000000E+0	0.000000E+0	0.000000E+0	0.000000E+0	0.000000E+0
20.0    	196     	2.259729E-2 	1.530710E-4	-3.85E-1   	20.00     	952.72 	22.9 	38.1 	0.000000E+0	0.000000E+0	0.000000E+0	0.000000E+0	0.000000E+0	0.000000E+0	0.000000E+0	0.000000E+0
20.0    	197     	2.038501E-2 	1.331801E-4	-3.83E-1   	20.00     	954.62 	22.9 	38.1 	0.000000E+0	0.000000E+0	0.000000E+0	0.000000E+0	0.000000E+0	0.000000E+0	0.000000E+0	0.000000E+0
20.0    	198     	2.198977E-2 	7.096457E-5	-3.81E-1   	20.00     	956.52 	22.9 	38.1 	0.000000E+0	0.000000E+0	0.000000E+0	0.000000E+0	0.000000E+0	0.000000E+0	0.000000E+0	0.000000E+0
20.0    	199     	2.831600E-2 	2.089409E-4	-3.84E-1   	20.00     	958.42 	22.9 	38.2 	0.000000E+0	0.000000E+0	0.000000E+0	0.000000E+0	0.000000E+0	0.000000E+0	0.000000E+0	0.000000E+0
20.0    	200     	-2.782123E-2	1.020454E-4	-3.82E-1   	20.00     	960.32 	22.9 	38.2 	0.000000E+0	0.000000E+0	0.000000E+0	0.000000E+0	0.000000E+0	0.000000E+0	0.000000E+0	0.000000E+0
20.0    	201     	1.922380E-2 	1.365743E-4	-3.84E-1   	20.00     	962.22 	22.9 	38.2 	0.000000E+0	0.000000E+0	0.000000E+0	0.000000E+0	0.000000E+0	0.000000E+0	0.000000E+0	0.000000E+0
20.0    	202     	3.110637E-2 	2.232485E-5	-3.84E-1   	20.00     	964.11 	22.9 	38.2 	0.000000E+0	0.000000E+0	0.000000E+0	0.000000E+0	0.000000E+0	0.000000E+0	0.000000E+0	0.000000E+0
20.0    	203     	2.311204E-2 	1.794940E-4	-3.81E-1   	20.00     	966.00 	22.9 	38.2 	0.000000E+0	0.000000E+0	0.000000E+0	0.000000E+0	0.000000E+0	0.000000E+0	0.000000E+0	0.000000E+0
20.0    	204     	4.508772E-3 	2.908647E-4	-3.83E-1   	20.00     	967.90 	22.9 	38.2 	0.000000E+0	0.000000E+0	0.000000E+0	0.000000E+0	0.000000E+0	0.000000E+0	0.000000E+0	0.000000E+0
20.0    	205     	4.396842E-2 	1.482360E-4	-3.81E-1   	20.00     	969.80 	22.9 	38.2 	0.000000E+0	0.000000E+0	0.000000E+0	0.000000E+0	0.000000E+0	0.000000E+0	0.000000E+0	0.000000E+0
20.0    	206     	3.272758E-2 	1.382810E-4	-3.84E-1   	20.00     	971.70 	22.9 	38.2 	0.000000E+0	0.000000E+0	0.000000E+0	0.000000E+0	0.000000E+0	0.000000E+0	0.000000E+0	0.000000E+0
20.0    	207     	2.396649E-2 	1.567172E-4	-3.85E-1   	20.00     	973.60 	22.9 	38.1 	0.000000E+0	0.000000E+0	0.000000E+0	0.000000E+0	0.000000E+0	0.000000E+0	0.000000E+0	0.000000E+0
20.0    	208     	2.145475E-2 	1.376480E-4	-3.84E-1   	20.00     	975.50 	22.9 	38.1 	0.000000E+0	0.000000E+0	0.000000E+0	0.000000E+0	0.000000E+0	0.000000E+0	0.000000E+0	0.000000E+0
20.0    	209     	3.763649E-2 	8.410853E-5	-3.83E-1   	20.00     	977.39 	22.9 	38.1 	0.000000E+0	0.000000E+0	0.000000E+0	0.000000E+0	0.000000E+0	0.000000E+0	0.000000E+0	0.000000E+0
20.0    	210     	8.014576E-2 	6.986713E-5	-3.80E-1   	20.00     	979.29 	22.9 	38.1 	0.000000E+0	0.000000E+0	0.000000E+0	0.000000E+0	0.000000E+0	0.000000E+0	0.000000E+0	0.000000E+0
20.0    	211     	8.040380E-2 	3.434857E-5	-3.81E-1   	20.00     	981.20 	22.9 	38.1 	0.000000E+0	0.000000E+0	0.000000E+0	0.000000E+0	0.000000E+0	0.000000E+0	0.000000E+0	0.000000E+0
20.0    	212     	2.272391E-2 	1.352198E-4	-3.83E-1   	20.00     	983.09 	22.9 	38.1 	0.000000E+0	0.000000E+0	0.000000E+0	0.000000E+0	0.000000E+0	0.000000E+0	0.000000E+0	0.000000E+0
20.0    	213     	2.191126E-2 	1.958238E-4	-3.84E-1   	20.00     	984.99 	22.9 	38.1 	0.000000E+0	0.000000E+0	0.000000E+0	0.000000E+0	0.000000E+0	0.000000E+0	0.000000E+0	0.000000E+0
20.0    	214     	7.221982E-2 	1.004191E-4	-3.79E-1   	20.00     	986.89 	22.9 	38.1 	0.000000E+0	0.000000E+0	0.000000E+0	0.000000E+0	0.000000E+0	0.000000E+0	0.000000E+0	0.000000E+0
20.0    	215     	5.110544E-2 	5.458179E-5	-3.81E-1   	20.00     	988.79 	22.9 	38.1 	0.000000E+0	0.000000E+0	0.000000E+0	0.000000E+0	0.000000E+0	0.000000E+0	0.000000E+0	0.000000E+0
20.0    	216     	4.188660E-2 	1.117792E-4	-3.79E-1   	20.00     	990.69 	22.9 	38.1 	0.000000E+0	0.000000E+0	0.000000E+0	0.000000E+0	0.000000E+0	0.000000E+0	0.000000E+0	0.000000E+0
20.0    	217     	5.241704E-2 	3.308512E-5	-3.83E-1   	20.00     	992.59 	22.9 	38.1 	0.000000E+0	0.000000E+0	0.000000E+0	0.000000E+0	0.000000E+0	0.000000E+0	0.000000E+0	0.000000E+0
20.0    	218     	2.548831E-2 	7.298655E-5	-3.85E-1   	20.00     	994.50 	22.9 	38.1 	0.000000E+0	0.000000E+0	0.000000E+0	0.000000E+0	0.000000E+0	0.000000E+0	0.000000E+0	0.000000E+0
20.0    	219     	1.997345E-2 	1.481650E-4	-3.86E-1   	20.00     	996.39 	22.9 	38.1 	0.000000E+0	0.000000E+0	0.000000E+0	0.000000E+0	0.000000E+0	0.000000E+0	0.000000E+0	0.000000E+0
20.0    	220     	3.442414E-2 	1.435487E-4	-3.80E-1   	20.00     	998.32 	22.9 	38.1 	0.000000E+0	0.000000E+0	0.000000E+0	0.000000E+0	0.000000E+0	0.000000E+0	0.000000E+0	0.000000E+0
20.0    	221     	2.090802E-2 	2.094549E-4	-3.77E-1   	20.00     	1000.40	22.9 	38.1 	0.000000E+0	0.000000E+0	0.000000E+0	0.000000E+0	0.000000E+0	0.000000E+0	0.000000E+0	0.000000E+0
20.0    	222     	2.971120E-2 	1.917682E-4	-3.75E-1   	20.00     	1002.37	22.9 	38.1 	0.000000E+0	0.000000E+0	0.000000E+0	0.000000E+0	0.000000E+0	0.000000E+0	0.000000E+0	0.000000E+0
20.0    	223     	4.353787E-2 	1.213501E-4	-3.82E-1   	20.00     	1004.36	22.9 	38.1 	0.000000E+0	0.000000E+0	0.000000E+0	0.000000E+0	0.000000E+0	0.000000E+0	0.000000E+0	0.000000E+0
20.0    	224     	2.562065E-2 	1.417263E-4	-3.85E-1   	20.00     	1006.29	22.9 	38.1 	0.000000E+0	0.000000E+0	0.000000E+0	0.000000E+0	0.000000E+0	0.000000E+0	0.000000E+0	0.000000E+0
20.0    	225     	3.953568E-2 	7.609062E-5	-3.82E-1   	20.00     	1008.19	22.9 	38.1 	0.000000E+0	0.000000E+0	0.000000E+0	0.000000E+0	0.000000E+0	0.000000E+0	0.000000E+0	0.000000E+0
20.0    	226     	8.377473E-2 	1.317854E-4	-3.80E-1   	20.00     	1010.09	22.9 	38.1 	0.000000E+0	0.000000E+0	0.000000E+0	0.000000E+0	0.000000E+0	0.000000E+0	0.000000E+0	0.000000E+0
20.0    	227     	7.933978E-2 	1.649359E-4	-3.81E-1   	20.00     	1011.99	22.9 	38.1 	0.000000E+0	0.000000E+0	0.000000E+0	0.000000E+0	0.000000E+0	0.000000E+0	0.000000E+0	0.000000E+0
20.0    	228     	2.451007E-2 	1.643428E-4	-3.80E-1   	20.00     	1013.89	22.9 	38.1 	0.000000E+0	0.000000E+0	0.000000E+0	0.000000E+0	0.000000E+0	0.000000E+0	0.000000E+0	0.000000E+0
20.0    	229     	2.294458E-2 	1.404599E-4	-3.79E-1   	20.00     	1015.79	22.9 	38.1 	0.000000E+0	0.000000E+0	0.000000E+0	0.000000E+0	0.000000E+0	0.000000E+0	0.000000E+0	0.000000E+0
20.0    	230     	2.518820E-2 	7.891198E-5	-3.81E-1   	20.00     	1017.69	22.9 	38.1 	0.000000E+0	0.000000E+0	0.000000E+0	0.000000E+0	0.000000E+0	0.000000E+0	0.000000E+0	0.000000E+0
20.0    	231     	2.403108E-2 	1.686009E-4	-3.80E-1   	20.00     	1019.59	22.9 	38.1 	0.000000E+0	0.000000E+0	0.000000E+0	0.000000E+0	0.000000E+0	0.000000E+0	0.000000E+0	0.000000E+0
20.0    	232     	-1.504192E-2	1.154855E-4	-3.80E-1   	20.00     	1021.50	22.9 	38.1 	0.000000E+0	0.000000E+0	0.000000E+0	0.000000E+0	0.000000E+0	0.000000E+0	0.000000E+0	0.000000E+0
20.0    	233     	3.483508E-2 	1.460128E-4	-3.82E-1   	20.00     	1023.40	22.9 	38.1 	0.000000E+0	0.000000E+0	0.000000E+0	0.000000E+0	0.000000E+0	0.000000E+0	0.000000E+0	0.000000E+0
20.0    	234     	2.785857E-2 	6.692512E-5	-3.85E-1   	20.00     	1025.30	22.9 	38.1 	0.000000E+0	0.000000E+0	0.000000E+0	0.000000E+0	0.000000E+0	0.000000E+0	0.000000E+0	0.000000E+0
20.0    	235     	2.435370E-2 	2.557181E-4	-3.84E-1   	20.00     	1027.20	22.9 	38.1 	0.000000E+0	0.000000E+0	0.000000E+0	0.000000E+0	0.000000E+0	0.000000E+0	0.000000E+0	0.000000E+0
20.0    	236     	1.073530E-2 	1.703424E-4	-3.84E-1   	20.00     	1029.10	22.9 	38.1 	0.000000E+0	0.000000E+0	0.000000E+0	0.000000E+0	0.000000E+0	0.000000E+0	0.000000E+0	0.000000E+0
20.0    	237     	1.229985E-2 	2.255123E-4	-3.80E-1   	20.00     	1031.00	22.9 	38.1 	0.000000E+0	0.000000E+0	0.000000E+0	0.000000E+0	0.000000E+0	0.000000E+0	0.000000E+0	0.000000E+0
20.0    	238     	2.680720E-2 	2.012530E-4	-3.83E-1   	20.00     	1032.90	22.9 	38.1 	0.000000E+0	0.000000E+0	0.000000E+0	0.000000E+0	0.000000E+0	0.000000E+0	0.000000E+0	0.000000E+0
20.0    	239     	2.487098E-2 	1.370657E-4	-3.83E-1   	20.00     	1034.80	22.9 	38.1 	0.000000E+0	0.000000E+0	0.000000E+0	0.000000E+0	0.000000E+0	0.000000E+0	0.000000E+0	0.000000E+0
20.0    	240     	2.601733E-2 	1.787698E-4	-3.84E-1   	20.00     	1036.75	22.9 	38.1 	0.000000E+0	0.000000E+0	0.000000E+0	0.000000E+0	0.000000E+0	0.000000E+0	0.000000E+0	0.000000E+0
20.0    	241     	9.121602E-2 	1.502643E-4	-3.85E-1   	20.00     	1038.65	22.9 	38.1 	0.000000E+0	0.000000E+0	0.000000E+0	0.000000E+0	0.000000E+0	0.000000E+0	0.000000E+0	0.000000E+0
20.0    	242     	1.647179E-1 	7.178979E-5	-3.80E-1   	20.00     	1040.61	22.9 	38.1 	0.000000E+0	0.000000E+0	0.000000E+0	0.000000E+0	0.000000E+0	0.000000E+0	0.000000E+0	0.000000E+0
20.0    	243     	1.481561E-1 	8.785716E-5	-3.83E-1   	20.00     	1042.52	22.9 	38.1 	0.000000E+0	0.000000E+0	0.000000E+0	0.000000E+0	0.000000E+0	0.000000E+0	0.000000E+0	0.000000E+0
20.0    	244     	1.230249E-1 	1.376420E-5	-3.82E-1   	20.00     	1044.41	22.9 	38.1 	0.000000E+0	0.000000E+0	0.000000E+0	0.000000E+0	0.000000E+0	0.000000E+0	0.000000E+0	0.000000E+0
20.0    	245     	7.563928E-2 	6.859910E-5	-3.85E-1   	20.00     	1046.31	22.9 	38.1 	0.000000E+0	0.000000E+0	0.000000E+0	0.000000E+0	0.000000E+0	0.000000E+0	0.000000E+0	0.000000E+0
20.0    	246     	7.748683E-2 	1.306975E-4	-3.78E-1   	20.00     	1048.21	22.9 	38.1 	0.000000E+0	0.000000E+0	0.000000E+0	0.000000E+0	0.000000E+0	0.000000E+0	0.000000E+0	0.000000E+0
20.0    	247     	7.523471E-2 	7.850457E-5	-3.79E-1   	20.00     	1050.23	22.9 	38.1 	0.000000E+0	0.000000E+0	0.000000E+0	0.000000E+0	0.000000E+0	0.000000E+0	0.000000E+0	0.000000E+0
20.0    	248     	7.848788E-2 	1.563582E-4	-3.82E-1   	20.00     	1052.23	22.9 	38.1 	0.000000E+0	0.000000E+0	0.000000E+0	0.000000E+0	0.000000E+0	0.000000E+0	0.000000E+0	0.000000E+0
20.0    	249     	8.494203E-2 	1.570691E-4	-3.82E-1   	20.00     	1054.13	22.9 	38.1 	0.000000E+0	0.000000E+0	0.000000E+0	0.000000E+0	0.000000E+0	0.000000E+0	0.000000E+0	0.000000E+0
20.0    	250     	8.425695E-2 	1.875186E-4	-3.80E-1   	20.00     	1056.03	22.9 	38.1 	0.000000E+0	0.000000E+0	0.000000E+0	0.000000E+0	0.000000E+0	0.000000E+0	0.000000E+0	0.000000E+0
20.0    	251     	7.768501E-2 	7.127207E-5	-3.80E-1   	20.00     	1057.93	22.9 	38.1 	0.000000E+0	0.000000E+0	0.000000E+0	0.000000E+0	0.000000E+0	0.000000E+0	0.000000E+0	0.000000E+0
20.0    	252     	7.699618E-2 	1.444071E-4	-3.84E-1   	20.00     	1059.83	22.9 	38.1 	0.000000E+0	0.000000E+0	0.000000E+0	0.000000E+0	0.000000E+0	0.000000E+0	0.000000E+0	0.000000E+0
20.0    	253     	6.437020E-2 	8.489257E-5	-3.83E-1   	20.00     	1061.72	22.9 	38.1 	0.000000E+0	0.000000E+0	0.000000E+0	0.000000E+0	0.000000E+0	0.000000E+0	0.000000E+0	0.000000E+0
20.0    	254     	7.840588E-2 	8.959018E-5	-3.80E-1   	20.00     	1063.62	22.9 	38.1 	0.000000E+0	0.000000E+0	0.000000E+0	0.000000E+0	0.000000E+0	0.000000E+0	0.000000E+0	0.000000E+0
20.0    	255     	7.742226E-2 	1.396573E-4	-3.82E-1   	20.00     	1065.53	22.9 	38.1 	0.000000E+0	0.000000E+0	0.000000E+0	0.000000E+0	0.000000E+0	0.000000E+0	0.000000E+0	0.000000E+0
20.0    	256     	7.897512E-2 	9.575519E-5	-3.84E-1   	20.00     	1067.43	22.9 	38.1 	0.000000E+0	0.000000E+0	0.000000E+0	0.000000E+0	0.000000E+0	0.000000E+0	0.000000E+0	0.000000E+0
20.0    	257     	1.555387E-3 	4.685914E-5	-3.81E-1   	20.00     	1069.33	22.9 	38.1 	0.000000E+0	0.000000E+0	0.000000E+0	0.000000E+0	0.000000E+0	0.000000E+0	0.000000E+0	0.000000E+0
20.0    	258     	1.334097E-3 	1.709755E-4	-3.82E-1   	20.00     	1071.23	22.9 	38.1 	0.000000E+0	0.000000E+0	0.000000E+0	0.000000E+0	0.000000E+0	0.000000E+0	0.000000E+0	0.000000E+0
20.0    	259     	1.367654E-3 	1.515566E-4	-3.85E-1   	20.00     	1073.13	22.9 	38.1 	0.000000E+0	0.000000E+0	0.000000E+0	0.000000E+0	0.000000E+0	0.000000E+0	0.000000E+0	0.000000E+0
20.0    	260     	1.442050E-3 	1.005074E-4	-3.84E-1   	20.00     	1075.03	22.9 	38.1 	0.000000E+0	0.000000E+0	0.000000E+0	0.000000E+0	0.000000E+0	0.000000E+0	0.000000E+0	0.000000E+0
20.0    	261     	1.496503E-3 	7.885902E-5	-3.81E-1   	20.00     	1076.92	22.9 	38.1 	0.000000E+0	0.000000E+0	0.000000E+0	0.000000E+0	0.000000E+0	0.000000E+0	0.000000E+0	0.000000E+0
20.0    	262     	1.419889E-3 	5.188363E-5	-3.83E-1   	20.00     	1078.82	22.9 	38.1 	0.000000E+0	0.000000E+0	0.000000E+0	0.000000E+0	0.000000E+0	0.000000E+0	0.000000E+0	0.000000E+0
20.0    	263     	9.003796E-4 	4.560094E-5	-3.79E-1   	20.00     	1080.72	22.9 	38.1 	0.000000E+0	0.000000E+0	0.000000E+0	0.000000E+0	0.000000E+0	0.000000E+0	0.000000E+0	0.000000E+0
20.0    	264     	-2.125850E-3	1.795489E-4	-3.83E-1   	20.00     	1082.62	22.9 	38.1 	0.000000E+0	0.000000E+0	0.000000E+0	0.000000E+0	0.000000E+0	0.000000E+0	0.000000E+0	0.000000E+0
30.0    	1       	7.825390E-2 	8.589946E-5	7.19E+0    	30.01     	1100.37	22.9 	38.1 	0.000000E+0	0.000000E+0	0.000000E+0	0.000000E+0	0.000000E+0	0.000000E+0	0.000000E+0	0.000000E+0
30.0    	2       	1.516936E-1 	5.388973E-5	-6.39E-1   	30.01     	1102.15	22.9 	38.1 	0.000000E+0	0.000000E+0	0.000000E+0	0.000000E+0	0.000000E+0	0.000000E+0	0.000000E+0	0.000000E+0
30.0    	3       	1.705763E-3 	4.142400E-5	-5.48E-1   	30.01     	1104.05	22.9 	38.1 	0.000000E+0	0.000000E+0	0.000000E+0	0.000000E+0	0.000000E+0	0.000000E+0	0.000000E+0	0.000000E+0
30.0    	4       	8.022021E-2 	2.766404E-5	-2.38E-1   	30.01     	1105.95	22.9 	38.1 	0.000000E+0	0.000000E+0	0.000000E+0	0.000000E+0	0.000000E+0	0.000000E+0	0.000000E+0	0.000000E+0
30.0    	5       	8.107720E-2 	4.314033E-5	-5.95E-1   	30.01     	1107.85	22.9 	38.1 	0.000000E+0	0.000000E+0	0.000000E+0	0.000000E+0	0.000000E+0	0.000000E+0	0.000000E+0	0.000000E+0
30.0    	6       	8.269178E-2 	1.710176E-4	-2.66E-1   	30.01     	1109.75	22.9 	38.1 	0.000000E+0	0.000000E+0	0.000000E+0	0.000000E+0	0.000000E+0	0.000000E+0	0.000000E+0	0.000000E+0
30.0    	7       	7.533947E-2 	1.921391E-4	-2.94E-1   	30.01     	1111.65	22.9 	38.1 	0.000000E+0	0.000000E+0	0.000000E+0	0.000000E+0	0.000000E+0	0.000000E+0	0.000000E+0	0.000000E+0
30.0    	8       	8.926620E-2 	1.081214E-4	-3.46E-1   	30.00     	1113.55	22.9 	38.1 	0.000000E+0	0.000000E+0	0.000000E+0	0.000000E+0	0.000000E+0	0.000000E+0	0.000000E+0	0.000000E+0
30.0    	9       	7.888994E-2 	1.456199E-4	-6.24E-1   	30.00     	1115.45	22.9 	38.1 	0.000000E+0	0.000000E+0	0.000000E+0	0.000000E+0	0.000000E+0	0.000000E+0	0.000000E+0	0.000000E+0
30.0    	10      	9.432105E-2 	1.748488E-4	-4.33E-1   	30.00     	1117.35	22.9 	38.1 	0.000000E+0	0.000000E+0	0.000000E+0	0.000000E+0	0.000000E+0	0.000000E+0	0.000000E+0	0.000000E+0
30.0    	11      	8.063464E-2 	2.928081E-5	-4.16E-1   	30.01     	1119.23	22.9 	38.1 	0.000000E+0	0.000000E+0	0.000000E+0	0.000000E+0	0.000000E+0	0.000000E+0	0.000000E+0	0.000000E+0
30.0    	12      	8.892844E-2 	1.533512E-4	-6.66E-1   	30.00     	1121.14	22.9 	38.1 	0.000000E+0	0.000000E+0	0.000000E+0	0.000000E+0	0.000000E+0	0.000000E+0	0.000000E+0	0.000000E+0
30.0    	13      	1.035608E-1 	2.052112E-4	-5.93E-1   	30.01     	1123.04	22.9 	38.1 	0.000000E+0	0.000000E+0	0.000000E+0	0.000000E+0	0.000000E+0	0.000000E+0	0.000000E+0	0.000000E+0
30.0    	14      	8.206432E-2 	3.805010E-4	-4.78E-1   	30.01     	1124.93	22.9 	38.1 	0.000000E+0	0.000000E+0	0.000000E+0	0.000000E+0	0.000000E+0	0.000000E+0	0.000000E+0	0.000000E+0
30.0    	15      	1.117204E-1 	9.225617E-4	-3.48E-1   	30.01     	1126.83	22.9 	38.1 	0.000000E+0	0.000000E+0	0.000000E+0	0.000000E+0	0.000000E+0	0.000000E+0	0.000000E+0	0.000000E+0
30.0    	16      	8.962015E-2 	2.785978E-4	-5.04E-1   	30.01     	1128.73	22.9 	38.1 	0.000000E+0	0.000000E+0	0.000000E+0	0.000000E+0	0.000000E+0	0.000000E+0	0.000000E+0	0.000000E+0
30.0    	17      	2.101818E-2 	4.458027E-5	-2.57E-1   	30.01     	1130.63	22.9 	38.1 	0.000000E+0	0.000000E+0	0.000000E+0	0.000000E+0	0.000000E+0	0.000000E+0	0.000000E+0	0.000000E+0
30.0    	18      	7.863003E-2 	2.364727E-4	-6.60E-1   	30.01     	1132.53	22.9 	38.1 	0.000000E+0	0.000000E+0	0.000000E+0	0.000000E+0	0.000000E+0	0.000000E+0	0.000000E+0	0.000000E+0
30.0    	19      	1.712479E-1 	1.052241E-4	-4.11E-1   	30.01     	1134.43	22.9 	38.0 	0.000000E+0	0.000000E+0	0.000000E+0	0.000000E+0	0.000000E+0	0.000000E+0	0.000000E+0	0.000000E+0
30.0    	20      	5.874873E-2 	9.079023E-5	-6.29E-1   	30.01     	1136.33	22.9 	38.0 	0.000000E+0	0.000000E+0	0.000000E+0	0.000000E+0	0.000000E+0	0.000000E+0	0.000000E+0	0.000000E+0
30.0    	21      	2.261408E-2 	4.739094E-5	-6.70E-1   	30.01     	1138.22	22.9 	38.0 	0.000000E+0	0.000000E+0	0.000000E+0	0.000000E+0	0.000000E+0	0.000000E+0	0.000000E+0	0.000000E+0
30.0    	22      	2.377055E-2 	2.191967E-5	-3.94E-1   	30.01     	1140.13	22.9 	38.0 	0.000000E+0	0.000000E+0	0.000000E+0	0.000000E+0	0.000000E+0	0.000000E+0	0.000000E+0	0.000000E+0
30.0    	23      	2.398107E-2 	8.777727E-5	-6.69E-1   	30.01     	1142.03	22.9 	38.0 	0.000000E+0	0.000000E+0	0.000000E+0	0.000000E+0	0.000000E+0	0.000000E+0	0.000000E+0	0.000000E+0
30.0    	24      	2.913343E-2 	1.886942E-4	-1.82E-1   	30.01     	1143.92	22.9 	38.0 	0.000000E+0	0.000000E+0	0.000000E+0	0.000000E+0	0.000000E+0	0.000000E+0	0.000000E+0	0.000000E+0
30.0    	25      	8.384889E-2 	6.424599E-5	-2.79E-1   	30.01     	1145.82	22.9 	38.0 	0.000000E+0	0.000000E+0	0.000000E+0	0.000000E+0	0.000000E+0	0.000000E+0	0.000000E+0	0.000000E+0
30.0    	26      	3.546254E-2 	1.682300E-4	-5.38E-1   	30.00     	1147.72	22.9 	38.0 	0.000000E+0	0.000000E+0	0.000000E+0	0.000000E+0	0.000000E+0	0.000000E+0	0.000000E+0	0.000000E+0
30.0    	27      	2.403996E-2 	1.514080E-4	-4.74E-1   	30.01     	1149.62	22.9 	38.0 	0.000000E+0	0.000000E+0	0.000000E+0	0.000000E+0	0.000000E+0	0.000000E+0	0.000000E+0	0.000000E+0
30.0    	28      	2.461772E-2 	1.001347E-4	-5.71E-1   	30.01     	1151.52	22.9 	38.0 	0.000000E+0	0.000000E+0	0.000000E+0	0.000000E+0	0.000000E+0	0.000000E+0	0.000000E+0	0.000000E+0
30.0    	29      	3.042572E-2 	1.548351E-4	-7.12E-1   	30.01     	1153.42	22.9 	38.0 	0.000000E+0	0.000000E+0	0.000000E+0	0.000000E+0	0.000000E+0	0.000000E+0	0.000000E+0	0.000000E+0
30.0    	30      	2.325673E-2 	1.132060E-4	-4.90E-1   	30.01     	1155.32	22.9 	38.0 	0.000000E+0	0.000000E+0	0.000000E+0	0.000000E+0	0.000000E+0	0.000000E+0	0.000000E+0	0.000000E+0
30.0    	31      	2.309939E-2 	1.633882E-3	-5.98E-1   	30.01     	1157.21	22.9 	38.0 	0.000000E+0	0.000000E+0	0.000000E+0	0.000000E+0	0.000000E+0	0.000000E+0	0.000000E+0	0.000000E+0
30.0    	32      	3.020254E-2 	1.056749E-4	-7.32E-1   	30.01     	1159.11	22.9 	38.0 	0.000000E+0	0.000000E+0	0.000000E+0	0.000000E+0	0.000000E+0	0.000000E+0	0.000000E+0	0.000000E+0
30.0    	33      	7.428364E-2 	9.502740E-5	-7.57E-1   	30.01     	1161.01	22.9 	38.0 	0.000000E+0	0.000000E+0	0.000000E+0	0.000000E+0	0.000000E+0	0.000000E+0	0.000000E+0	0.000000E+0
30.0    	34      	7.376353E-2 	1.940621E-4	-5.19E-1   	30.00     	1162.91	22.9 	38.0 	0.000000E+0	0.000000E+0	0.000000E+0	0.000000E+0	0.000000E+0	0.000000E+0	0.000000E+0	0.000000E+0
30.0    	35      	1.039128E-1 	3.169369E-5	-5.49E-1   	30.01     	1164.81	22.9 	38.0 	0.000000E+0	0.000000E+0	0.000000E+0	0.000000E+0	0.000000E+0	0.000000E+0	0.000000E+0	0.000000E+0
30.0    	36      	2.293351E-2 	6.949417E-5	-4.36E-1   	30.01     	1166.71	22.9 	38.0 	0.000000E+0	0.000000E+0	0.000000E+0	0.000000E+0	0.000000E+0	0.000000E+0	0.000000E+0	0.000000E+0
30.0    	37      	2.199991E-2 	4.851274E-5	-6.47E-1   	30.01     	1168.61	22.9 	38.0 	0.000000E+0	0.000000E+0	0.000000E+0	0.000000E+0	0.000000E+0	0.000000E+0	0.000000E+0	0.000000E+0
30.0    	38      	2.310859E-2 	8.922774E-5	-6.21E-1   	30.01     	1170.51	22.9 	38.0 	0.000000E+0	0.000000E+0	0.000000E+0	0.000000E+0	0.000000E+0	0.000000E+0	0.000000E+0	0.000000E+0
30.0    	39      	2.423276E-2 	1.872560E-4	-3.98E-1   	30.01     	1172.41	22.9 	38.0 	0.000000E+0	0.000000E+0	0.000000E+0	0.000000E+0	0.000000E+0	0.000000E+0	0.000000E+0	0.000000E+0
30.0    	40      	-2.582515E-2	1.476881E-4	-3.35E-1   	30.01     	1174.31	22.9 	38.0 	0.000000E+0	0.000000E+0	0.000000E+0	0.000000E+0	0.000000E+0	0.000000E+0	0.000000E+0	0.000000E+0
30.0    	41      	1.990382E-2 	2.335998E-4	-7.25E-1   	30.01     	1176.21	22.9 	38.0 	0.000000E+0	0.000000E+0	0.000000E+0	0.000000E+0	0.000000E+0	0.000000E+0	0.000000E+0	0.000000E+0
30.0    	42      	3.070368E-2 	1.176174E-4	-2.63E-1   	30.01     	1178.12	22.9 	38.0 	0.000000E+0	0.000000E+0	0.000000E+0	0.000000E+0	0.000000E+0	0.000000E+0	0.000000E+0	0.000000E+0
30.0    	43      	2.261187E-2 	8.954754E-5	-6.84E-1   	30.01     	1180.02	22.9 	38.0 	0.000000E+0	0.000000E+0	0.000000E+0	0.000000E+0	0.000000E+0	0.000000E+0	0.000000E+0	0.000000E+0
30.0    	44      	9.716857E-3 	1.078716E-4	-6.10E-1   	30.01     	1181.91	22.9 	38.0 	0.000000E+0	0.000000E+0	0.000000E+0	0.000000E+0	0.000000E+0	0.000000E+0	0.000000E+0	0.000000E+0
30.0    	45      	-9.507233E-3	1.607028E-4	-5.29E-1   	30.01     	1183.81	22.9 	38.0 	0.000000E+0	0.000000E+0	0.000000E+0	0.000000E+0	0.000000E+0	0.000000E+0	0.000000E+0	0.000000E+0
30.0    	46      	4.316971E-2 	7.435126E-5	-5.51E-1   	30.01     	1185.71	22.9 	38.0 	0.000000E+0	0.000000E+0	0.000000E+0	0.000000E+0	0.000000E+0	0.000000E+0	0.000000E+0	0.000000E+0
30.0    	47      	3.909436E-2 	7.367859E-5	-3.88E-1   	30.01     	1187.62	22.9 	38.0 	0.000000E+0	0.000000E+0	0.000000E+0	0.000000E+0	0.000000E+0	0.000000E+0	0.000000E+0	0.000000E+0
30.0    	48      	3.164805E-2 	5.764431E-4	-4.09E-1   	30.01     	1189.50	22.9 	38.0 	0.000000E+0	0.000000E+0	0.000000E+0	0.000000E+0	0.000000E+0	0.000000E+0	0.000000E+0	0.000000E+0
30.0    	49      	1.960624E-2 	1.169706E-4	-5.21E-1   	30.01     	1191.41	22.9 	38.0 	0.000000E+0	0.000000E+0	0.000000E+0	0.000000E+0	0.000000E+0	0.000000E+0	0.000000E+0	0.000000E+0
30.0    	50      	7.159148E-2 	1.777610E-4	-9.88E-2   	30.01     	1193.31	22.9 	38.0 	0.000000E+0	0.000000E+0	0.000000E+0	0.000000E+0	0.000000E+0	0.000000E+0	0.000000E+0	0.000000E+0
30.0    	51      	9.278693E-2 	7.398423E-5	-7.42E-1   	30.01     	1195.21	22.9 	38.0 	0.000000E+0	0.000000E+0	0.000000E+0	0.000000E+0	0.000000E+0	0.000000E+0	0.000000E+0	0.000000E+0
30.0    	52      	2.316811E-2 	8.112425E-5	-4.94E-1   	30.01     	1197.11	22.9 	38.0 	0.000000E+0	0.000000E+0	0.000000E+0	0.000000E+0	0.000000E+0	0.000000E+0	0.000000E+0	0.000000E+0
30.0    	53      	2.256121E-2 	1.125854E-4	-4.56E-1   	30.01     	1199.01	22.9 	38.0 	0.000000E+0	0.000000E+0	0.000000E+0	0.000000E+0	0.000000E+0	0.000000E+0	0.000000E+0	0.000000E+0
30.0    	54      	2.270651E-2 	5.277989E-5	-7.50E-1   	30.01     	1200.91	22.9 	38.0 	0.000000E+0	0.000000E+0	0.000000E+0	0.000000E+0	0.000000E+0	0.000000E+0	0.000000E+0	0.000000E+0
30.0    	55      	2.207779E-2 	1.111222E-4	-7.70E-1   	30.01     	1202.81	22.9 	38.0 	0.000000E+0	0.000000E+0	0.000000E+0	0.000000E+0	0.000000E+0	0.000000E+0	0.000000E+0	0.000000E+0
30.0    	56      	3.406293E-2 	3.126914E-5	-8.20E-1   	30.01     	1204.71	22.9 	38.0 	0.000000E+0	0.000000E+0	0.000000E+0	0.000000E+0	0.000000E+0	0.000000E+0	0.000000E+0	0.000000E+0
30.0    	57      	3.285391E-2 	6.603711E-5	-3.54E-1   	30.01     	1206.60	22.9 	38.0 	0.000000E+0	0.000000E+0	0.000000E+0	0.000000E+0	0.000000E+0	0.000000E+0	0.000000E+0	0.000000E+0
30.0    	58      	3.504813E-2 	1.182038E-4	-8.34E-1   	30.01     	1208.50	22.9 	38.0 	0.000000E+0	0.000000E+0	0.000000E+0	0.000000E+0	0.000000E+0	0.000000E+0	0.000000E+0	0.000000E+0
30.0    	59      	2.138289E-2 	1.315376E-4	-3.36E-1   	30.01     	1210.40	22.9 	38.0 	0.000000E+0	0.000000E+0	0.000000E+0	0.000000E+0	0.000000E+0	0.000000E+0	0.000000E+0	0.000000E+0
30.0    	60      	2.478299E-2 	6.653573E-6	-8.59E-1   	30.01     	1212.30	22.9 	38.0 	0.000000E+0	0.000000E+0	0.000000E+0	0.000000E+0	0.000000E+0	0.000000E+0	0.000000E+0	0.000000E+0
30.0    	61      	1.164378E-1 	1.330802E-5	-2.15E-1   	30.00     	1214.21	22.9 	38.0 	0.000000E+0	0.000000E+0	0.000000E+0	0.000000E+0	0.000000E+0	0.000000E+0	0.000000E+0	0.000000E+0
30.0    	62      	2.537024E-2 	1.028219E-4	-4.45E-1   	30.01     	1216.11	22.9 	38.0 	0.000000E+0	0.000000E+0	0.000000E+0	0.000000E+0	0.000000E+0	0.000000E+0	0.000000E+0	0.000000E+0
30.0    	63      	5.939484E-2 	1.106764E-4	-4.61E-1   	30.01     	1218.00	22.9 	38.0 	0.000000E+0	0.000000E+0	0.000000E+0	0.000000E+0	0.000000E+0	0.000000E+0	0.000000E+0	0.000000E+0
30.0    	64      	2.558521E-2 	6.901705E-4	-4.36E-1   	30.01     	1219.91	22.9 	38.0 	0.000000E+0	0.000000E+0	0.000000E+0	0.000000E+0	0.000000E+0	0.000000E+0	0.000000E+0	0.000000E+0
30.0    	65      	2.022737E-2 	1.443809E-4	-3.27E-1   	30.01     	1221.81	22.9 	38.0 	0.000000E+0	0.000000E+0	0.000000E+0	0.000000E+0	0.000000E+0	0.000000E+0	0.000000E+0	0.000000E+0
30.0    	66      	7.492000E-2 	1.114894E-4	-3.61E-1   	30.00     	1223.71	22.9 	38.0 	0.000000E+0	0.000000E+0	0.000000E+0	0.000000E+0	0.000000E+0	0.000000E+0	0.000000E+0	0.000000E+0
30.0    	67      	8.622962E-2 	1.115867E-4	-6.23E-1   	30.01     	1225.61	22.9 	38.0 	0.000000E+0	0.000000E+0	0.000000E+0	0.000000E+0	0.000000E+0	0.000000E+0	0.000000E+0	0.000000E+0
30.0    	68      	2.201068E-2 	1.366136E-4	-6.08E-1   	30.01     	1227.51	22.9 	38.0 	0.000000E+0	0.000000E+0	0.000000E+0	0.000000E+0	0.000000E+0	0.000000E+0	0.000000E+0	0.000000E+0
30.0    	69      	2.190780E-2 	1.605251E-4	-6.96E-1   	30.01     	1229.41	22.9 	38.0 	0.000000E+0	0.000000E+0	0.000000E+0	0.000000E+0	0.000000E+0	0.000000E+0	0.000000E+0	0.000000E+0
30.0    	70      	2.066141E-2 	7.542191E-5	-4.82E-1   	30.01     	1231.31	22.9 	38.0 	0.000000E+0	0.000000E+0	0.000000E+0	0.000000E+0	0.000000E+0	0.000000E+0	0.000000E+0	0.000000E+0
30.0    	71      	2.102169E-2 	1.369222E-4	-6.01E-1   	30.01     	1233.21	22.9 	38.0 	0.000000E+0	0.000000E+0	0.000000E+0	0.000000E+0	0.000000E+0	0.000000E+0	0.000000E+0	0.000000E+0
30.0    	72      	2.877508E-2 	9.066117E-5	-1.57E-1   	30.01     	1235.11	22.9 	38.0 	0.000000E+0	0.000000E+0	0.000000E+0	0.000000E+0	0.000000E+0	0.000000E+0	0.000000E+0	0.000000E+0
30.0    	73      	3.813736E-2 	2.540476E-2	-4.37E-1   	30.01     	1237.01	22.9 	38.0 	0.000000E+0	0.000000E+0	0.000000E+0	0.000000E+0	0.000000E+0	0.000000E+0	0.000000E+0	0.000000E+0
30.0    	74      	4.981635E-2 	6.257086E-3	-5.51E-1   	30.01     	1238.91	22.9 	38.0 	0.000000E+0	0.000000E+0	0.000000E+0	0.000000E+0	0.000000E+0	0.000000E+0	0.000000E+0	0.000000E+0
30.0    	75      	2.072410E-2 	6.043883E-4	-5.02E-1   	30.01     	1240.81	22.9 	38.0 	0.000000E+0	0.000000E+0	0.000000E+0	0.000000E+0	0.000000E+0	0.000000E+0	0.000000E+0	0.000000E+0
30.0    	76      	3.620495E-2 	2.350126E-4	-4.45E-1   	30.01     	1242.71	22.9 	38.0 	0.000000E+0	0.000000E+0	0.000000E+0	0.000000E+0	0.000000E+0	0.000000E+0	0.000000E+0	0.000000E+0
30.0    	77      	1.042208E-3 	1.118405E-4	-3.47E-1   	30.01     	1244.61	22.9 	38.0 	0.000000E+0	0.000000E+0	0.000000E+0	0.000000E+0	0.000000E+0	0.000000E+0	0.000000E+0	0.000000E+0
30.0    	78      	1.108690E-3 	7.076101E-5	-3.60E-1   	30.01     	1246.52	22.9 	38.0 	0.000000E+0	0.000000E+0	0.000000E+0	0.000000E+0	0.000000E+0	0.000000E+0	0.000000E+0	0.000000E+0
30.0    	79      	2.582897E-2 	1.177348E-4	-4.80E-1   	30.01     	1248.41	22.9 	38.0 	0.000000E+0	0.000000E+0	0.000000E+0	0.000000E+0	0.000000E+0	0.000000E+0	0.000000E+0	0.000000E+0
30.0    	80      	2.456265E-2 	1.872146E-4	-3.58E-1   	30.01     	1250.31	22.9 	38.0 	0.000000E+0	0.000000E+0	0.000000E+0	0.000000E+0	0.000000E+0	0.000000E+0	0.000000E+0	0.000000E+0
30.0    	81      	2.108974E-2 	1.302489E-4	-5.99E-1   	30.01     	1252.21	22.9 	38.0 	0.000000E+0	0.000000E+0	0.000000E+0	0.000000E+0	0.000000E+0	0.000000E+0	0.000000E+0	0.000000E+0
30.0    	82      	7.258079E-2 	6.447018E-5	-3.51E-1   	30.01     	1254.11	22.9 	38.0 	0.000000E+0	0.000000E+0	0.000000E+0	0.000000E+0	0.000000E+0	0.000000E+0	0.000000E+0	0.000000E+0
30.0    	83      	8.662089E-2 	4.939501E-5	-7.78E-1   	30.01     	1256.02	22.9 	38.0 	0.000000E+0	0.000000E+0	0.000000E+0	0.000000E+0	0.000000E+0	0.000000E+0	0.000000E+0	0.000000E+0
30.0    	84      	2.368065E-2 	1.084114E-4	-6.93E-1   	30.01     	1257.92	22.9 	38.0 	0.000000E+0	0.000000E+0	0.000000E+0	0.000000E+0	0.000000E+0	0.000000E+0	0.000000E+0	0.000000E+0
30.0    	85      	2.187044E-2 	4.824916E-5	-3.36E-1   	30.01     	1259.82	22.9 	38.0 	0.000000E+0	0.000000E+0	0.000000E+0	0.000000E+0	0.000000E+0	0.000000E+0	0.000000E+0	0.000000E+0
30.0    	86      	2.058986E-2 	1.055107E-4	-4.65E-1   	30.01     	1261.72	22.9 	38.0 	0.000000E+0	0.000000E+0	0.000000E+0	0.000000E+0	0.000000E+0	0.000000E+0	0.000000E+0	0.000000E+0
30.0    	87      	2.078963E-2 	4.708667E-5	-4.91E-1   	30.01     	1263.62	22.9 	38.0 	0.000000E+0	0.000000E+0	0.000000E+0	0.000000E+0	0.000000E+0	0.000000E+0	0.000000E+0	0.000000E+0
30.0    	88      	3.661461E-2 	1.421983E-4	-5.99E-1   	30.01     	1265.52	22.9 	38.0 	0.000000E+0	0.000000E+0	0.000000E+0	0.000000E+0	0.000000E+0	0.000000E+0	0.000000E+0	0.000000E+0
30.0    	89      	1.907597E-2 	7.215038E-5	-6.04E-1   	30.01     	1267.42	22.9 	38.0 	0.000000E+0	0.000000E+0	0.000000E+0	0.000000E+0	0.000000E+0	0.000000E+0	0.000000E+0	0.000000E+0
30.0    	90      	4.291205E-2 	9.414368E-5	-7.75E-1   	30.01     	1269.32	22.9 	38.0 	0.000000E+0	0.000000E+0	0.000000E+0	0.000000E+0	0.000000E+0	0.000000E+0	0.000000E+0	0.000000E+0
30.0    	91      	2.149940E-2 	6.518291E-5	-7.76E-1   	30.00     	1271.21	22.9 	38.0 	0.000000E+0	0.000000E+0	0.000000E+0	0.000000E+0	0.000000E+0	0.000000E+0	0.000000E+0	0.000000E+0
30.0    	92      	2.786270E-2 	1.366132E-4	-5.83E-1   	30.00     	1273.10	22.9 	38.0 	0.000000E+0	0.000000E+0	0.000000E+0	0.000000E+0	0.000000E+0	0.000000E+0	0.000000E+0	0.000000E+0
30.0    	93      	2.511350E-2 	5.303331E-5	-4.85E-1   	30.01     	1275.00	22.9 	38.0 	0.000000E+0	0.000000E+0	0.000000E+0	0.000000E+0	0.000000E+0	0.000000E+0	0.000000E+0	0.000000E+0
30.0    	94      	4.083686E-2 	6.881214E-5	-4.32E-1   	30.00     	1276.90	22.9 	38.0 	0.000000E+0	0.000000E+0	0.000000E+0	0.000000E+0	0.000000E+0	0.000000E+0	0.000000E+0	0.000000E+0
30.0    	95      	2.887545E-2 	2.294672E-4	-4.92E-1   	30.01     	1278.79	22.9 	38.0 	0.000000E+0	0.000000E+0	0.000000E+0	0.000000E+0	0.000000E+0	0.000000E+0	0.000000E+0	0.000000E+0
30.0    	96      	2.467282E-2 	1.232074E-4	-5.04E-1   	30.00     	1280.69	22.9 	38.0 	0.000000E+0	0.000000E+0	0.000000E+0	0.000000E+0	0.000000E+0	0.000000E+0	0.000000E+0	0.000000E+0
30.0    	97      	2.229751E-2 	1.101823E-4	-2.91E-1   	30.00     	1282.59	22.9 	38.0 	0.000000E+0	0.000000E+0	0.000000E+0	0.000000E+0	0.000000E+0	0.000000E+0	0.000000E+0	0.000000E+0
30.0    	98      	7.562885E-2 	5.986216E-5	-5.72E-1   	30.00     	1284.50	22.9 	38.0 	0.000000E+0	0.000000E+0	0.000000E+0	0.000000E+0	0.000000E+0	0.000000E+0	0.000000E+0	0.000000E+0
30.0    	99      	7.615251E-2 	1.161932E-4	-5.37E-1   	30.00     	1286.40	22.9 	38.0 	0.000000E+0	0.000000E+0	0.000000E+0	0.000000E+0	0.000000E+0	0.000000E+0	0.000000E+0	0.000000E+0
30.0    	100     	2.262011E-2 	1.114342E-4	-3.98E-1   	30.01     	1288.30	22.9 	38.0 	0.000000E+0	0.000000E+0	0.000000E+0	0.000000E+0	0.000000E+0	0.000000E+0	0.000000E+0	0.000000E+0
30.0    	101     	2.701616E-2 	7.145065E-5	-7.15E-1   	30.01     	1290.20	22.9 	38.0 	0.000000E+0	0.000000E+0	0.000000E+0	0.000000E+0	0.000000E+0	0.000000E+0	0.000000E+0	0.000000E+0
30.0    	102     	2.034927E-2 	4.990216E-5	-5.54E-1   	30.01     	1292.10	22.9 	38.0 	0.000000E+0	0.000000E+0	0.000000E+0	0.000000E+0	0.000000E+0	0.000000E+0	0.000000E+0	0.000000E+0
30.0    	103     	4.725522E-2 	7.754605E-5	-3.47E-1   	30.01     	1294.00	22.9 	38.0 	0.000000E+0	0.000000E+0	0.000000E+0	0.000000E+0	0.000000E+0	0.000000E+0	0.000000E+0	0.000000E+0
30.0    	104     	-4.699880E-2	1.301135E-4	-4.36E-1   	30.01     	1295.90	22.9 	38.0 	0.000000E+0	0.000000E+0	0.000000E+0	0.000000E+0	0.000000E+0	0.000000E+0	0.000000E+0	0.000000E+0
30.0    	105     	3.252436E-2 	1.312401E-4	-3.95E-1   	30.00     	1297.80	22.9 	38.0 	0.000000E+0	0.000000E+0	0.000000E+0	0.000000E+0	0.000000E+0	0.000000E+0	0.000000E+0	0.000000E+0
30.0    	106     	4.534152E-2 	2.044185E-4	-4.22E-1   	30.01     	1299.70	22.9 	38.0 	0.000000E+0	0.000000E+0	0.000000E+0	0.000000E+0	0.000000E+0	0.000000E+0	0.000000E+0	0.000000E+0
30.0    	107     	2.110843E-2 	8.058932E-5	-6.28E-1   	30.00     	1301.61	22.9 	38.0 	0.000000E+0	0.000000E+0	0.000000E+0	0.000000E+0	0.000000E+0	0.000000E+0	0.000000E+0	0.000000E+0
30.0    	108     	2.656598E-2 	1.726557E-4	-8.14E-1   	30.00     	1303.51	22.9 	38.0 	0.000000E+0	0.000000E+0	0.000000E+0	0.000000E+0	0.000000E+0	0.000000E+0	0.000000E+0	0.000000E+0
30.0    	109     	2.385478E-2 	1.800944E-4	-6.98E-1   	30.00     	1305.41	22.9 	38.0 	0.000000E+0	0.000000E+0	0.000000E+0	0.000000E+0	0.000000E+0	0.000000E+0	0.000000E+0	0.000000E+0
30.0    	110     	2.619779E-2 	8.654645E-5	-5.46E-1   	30.00     	1307.31	22.9 	38.0 	0.000000E+0	0.000000E+0	0.000000E+0	0.000000E+0	0.000000E+0	0.000000E+0	0.000000E+0	0.000000E+0
30.0    	111     	2.321084E-2 	1.558037E-4	-5.53E-1   	30.00     	1309.22	22.9 	38.0 	0.000000E+0	0.000000E+0	0.000000E+0	0.000000E+0	0.000000E+0	0.000000E+0	0.000000E+0	0.000000E+0
30.0    	112     	2.301742E-2 	2.539887E-4	-6.47E-1   	30.01     	1311.12	22.9 	38.0 	0.000000E+0	0.000000E+0	0.000000E+0	0.000000E+0	0.000000E+0	0.000000E+0	0.000000E+0	0.000000E+0
30.0    	113     	2.234372E-2 	2.287837E-4	-6.43E-1   	30.01     	1313.02	22.9 	38.0 	0.000000E+0	0.000000E+0	0.000000E+0	0.000000E+0	0.000000E+0	0.000000E+0	0.000000E+0	0.000000E+0
30.0    	114     	7.437842E-2 	5.050602E-5	-2.99E-1   	30.01     	1314.92	22.9 	38.0 	0.000000E+0	0.000000E+0	0.000000E+0	0.000000E+0	0.000000E+0	0.000000E+0	0.000000E+0	0.000000E+0
30.0    	115     	7.866235E-2 	2.311149E-4	-6.02E-1   	30.00     	1316.83	22.9 	38.0 	0.000000E+0	0.000000E+0	0.000000E+0	0.000000E+0	0.000000E+0	0.000000E+0	0.000000E+0	0.000000E+0
30.0    	116     	2.278790E-2 	7.671760E-6	-4.22E-1   	30.01     	1318.73	22.9 	38.0 	0.000000E+0	0.000000E+0	0.000000E+0	0.000000E+0	0.000000E+0	0.000000E+0	0.000000E+0	0.000000E+0
30.0    	117     	2.165105E-2 	8.645292E-5	-5.57E-1   	30.01     	1320.63	22.9 	38.0 	0.000000E+0	0.000000E+0	0.000000E+0	0.000000E+0	0.000000E+0	0.000000E+0	0.000000E+0	0.000000E+0
30.0    	118     	2.089094E-2 	1.819333E-4	-4.58E-1   	30.00     	1322.53	22.9 	38.0 	0.000000E+0	0.000000E+0	0.000000E+0	0.000000E+0	0.000000E+0	0.000000E+0	0.000000E+0	0.000000E+0
30.0    	119     	2.106062E-2 	1.581826E-4	-6.96E-1   	30.00     	1324.43	22.9 	38.0 	0.000000E+0	0.000000E+0	0.000000E+0	0.000000E+0	0.000000E+0	0.000000E+0	0.000000E+0	0.000000E+0
30.0    	120     	3.878762E-2 	1.352527E-4	-2.09E-1   	30.00     	1326.33	22.9 	38.0 	0.000000E+0	0.000000E+0	0.000000E+0	0.000000E+0	0.000000E+0	0.000000E+0	0.000000E+0	0.000000E+0
30.0    	121     	2.149657E-2 	1.132704E-4	-4.48E-1   	30.01     	1328.23	22.9 	38.0 	0.000000E+0	0.000000E+0	0.000000E+0	0.000000E+0	0.000000E+0	0.000000E+0	0.000000E+0	0.000000E+0
30.0    	122     	3.904531E-2 	6.548635E-5	-5.19E-1   	30.01     	1330.13	22.9 	38.0 	0.000000E+0	0.000000E+0	0.000000E+0	0.000000E+0	0.000000E+0	0.000000E+0	0.000000E+0	0.000000E+0
30.0    	123     	5.011810E-2 	6.427472E-5	-7.31E-1   	30.01     	1332.03	22.9 	38.0 	0.000000E+0	0.000000E+0	0.000000E+0	0.000000E+0	0.000000E+0	0.000000E+0	0.000000E+0	0.000000E+0
30.0    	124     	2.244789E-2 	2.177103E-4	-4.15E-1   	30.01     	1333.93	22.9 	37.9 	0.000000E+0	0.000000E+0	0.000000E+0	0.000000E+0	0.000000E+0	0.000000E+0	0.000000E+0	0.000000E+0
30.0    	125     	2.313676E-2 	8.124148E-4	-7.39E-1   	30.01     	1335.84	22.9 	37.9 	0.000000E+0	0.000000E+0	0.000000E+0	0.000000E+0	0.000000E+0	0.000000E+0	0.000000E+0	0.000000E+0
30.0    	126     	2.512586E-2 	1.834113E-4	-5.42E-1   	30.01     	1337.74	22.9 	37.9 	0.000000E+0	0.000000E+0	0.000000E+0	0.000000E+0	0.000000E+0	0.000000E+0	0.000000E+0	0.000000E+0
30.0    	127     	2.505621E-2 	4.567688E-5	-6.56E-1   	30.01     	1339.64	22.9 	37.9 	0.000000E+0	0.000000E+0	0.000000E+0	0.000000E+0	0.000000E+0	0.000000E+0	0.000000E+0	0.000000E+0
30.0    	128     	2.414477E-2 	6.784084E-5	-5.51E-1   	30.01     	1341.54	22.9 	37.9 	0.000000E+0	0.000000E+0	0.000000E+0	0.000000E+0	0.000000E+0	0.000000E+0	0.000000E+0	0.000000E+0
30.0    	129     	2.130915E-2 	5.416910E-5	-4.42E-1   	30.01     	1343.45	22.9 	37.9 	0.000000E+0	0.000000E+0	0.000000E+0	0.000000E+0	0.000000E+0	0.000000E+0	0.000000E+0	0.000000E+0
30.0    	130     	7.566434E-2 	3.989393E-5	-6.96E-1   	30.01     	1345.35	22.9 	37.9 	0.000000E+0	0.000000E+0	0.000000E+0	0.000000E+0	0.000000E+0	0.000000E+0	0.000000E+0	0.000000E+0
30.0    	131     	8.775144E-2 	2.252213E-4	-5.30E-1   	30.01     	1347.26	22.9 	37.9 	0.000000E+0	0.000000E+0	0.000000E+0	0.000000E+0	0.000000E+0	0.000000E+0	0.000000E+0	0.000000E+0
30.0    	132     	7.140982E-2 	3.626175E-5	-4.09E-1   	30.01     	1349.16	22.9 	37.9 	0.000000E+0	0.000000E+0	0.000000E+0	0.000000E+0	0.000000E+0	0.000000E+0	0.000000E+0	0.000000E+0
30.0    	133     	2.196226E-2 	8.344970E-5	-5.53E-1   	30.01     	1351.06	22.9 	37.9 	0.000000E+0	0.000000E+0	0.000000E+0	0.000000E+0	0.000000E+0	0.000000E+0	0.000000E+0	0.000000E+0
30.0    	134     	2.117903E-2 	4.849478E-5	-6.44E-1   	30.01     	1352.96	22.9 	37.9 	0.000000E+0	0.000000E+0	0.000000E+0	0.000000E+0	0.000000E+0	0.000000E+0	0.000000E+0	0.000000E+0
30.0    	135     	2.147061E-2 	7.793826E-5	-5.59E-1   	30.01     	1354.86	22.9 	37.9 	0.000000E+0	0.000000E+0	0.000000E+0	0.000000E+0	0.000000E+0	0.000000E+0	0.000000E+0	0.000000E+0
30.0    	136     	-6.285270E-2	3.084638E-5	-3.08E-1   	30.01     	1356.77	22.9 	37.9 	0.000000E+0	0.000000E+0	0.000000E+0	0.000000E+0	0.000000E+0	0.000000E+0	0.000000E+0	0.000000E+0
30.0    	137     	5.843488E-3 	9.254224E-5	-5.72E-1   	30.01     	1358.67	22.9 	37.9 	0.000000E+0	0.000000E+0	0.000000E+0	0.000000E+0	0.000000E+0	0.000000E+0	0.000000E+0	0.000000E+0
30.0    	138     	3.264532E-2 	4.242506E-5	-8.49E-1   	30.01     	1360.57	22.9 	37.9 	0.000000E+0	0.000000E+0	0.000000E+0	0.000000E+0	0.000000E+0	0.000000E+0	0.000000E+0	0.000000E+0
30.0    	139     	2.071713E-2 	5.075779E-5	-5.88E-1   	30.01     	1362.47	22.9 	37.9 	0.000000E+0	0.000000E+0	0.000000E+0	0.000000E+0	0.000000E+0	0.000000E+0	0.000000E+0	0.000000E+0
30.0    	140     	-7.320267E-3	1.527659E-4	-5.44E-1   	30.01     	1364.37	22.9 	37.9 	0.000000E+0	0.000000E+0	0.000000E+0	0.000000E+0	0.000000E+0	0.000000E+0	0.000000E+0	0.000000E+0
30.0    	141     	4.188399E-3 	3.437864E-5	-4.11E-1   	30.01     	1366.27	22.9 	37.9 	0.000000E+0	0.000000E+0	0.000000E+0	0.000000E+0	0.000000E+0	0.000000E+0	0.000000E+0	0.000000E+0
30.0    	142     	2.555893E-2 	9.741325E-5	-5.30E-1   	30.01     	1368.18	22.9 	37.9 	0.000000E+0	0.000000E+0	0.000000E+0	0.000000E+0	0.000000E+0	0.000000E+0	0.000000E+0	0.000000E+0
30.0    	143     	3.974433E-2 	2.678827E-5	-4.45E-1   	30.01     	1370.08	22.9 	37.9 	0.000000E+0	0.000000E+0	0.000000E+0	0.000000E+0	0.000000E+0	0.000000E+0	0.000000E+0	0.000000E+0
30.0    	144     	2.075957E-2 	9.954131E-5	-7.27E-1   	30.01     	1371.98	22.9 	37.9 	0.000000E+0	0.000000E+0	0.000000E+0	0.000000E+0	0.000000E+0	0.000000E+0	0.000000E+0	0.000000E+0
30.0    	145     	2.244631E-2 	4.759621E-5	-4.11E-1   	30.01     	1373.88	22.9 	37.9 	0.000000E+0	0.000000E+0	0.000000E+0	0.000000E+0	0.000000E+0	0.000000E+0	0.000000E+0	0.000000E+0
30.0    	146     	7.431124E-2 	5.605544E-5	-4.76E-1   	30.01     	1375.78	22.9 	37.9 	0.000000E+0	0.000000E+0	0.000000E+0	0.000000E+0	0.000000E+0	0.000000E+0	0.000000E+0	0.000000E+0
30.0    	147     	8.974654E-2 	5.627380E-5	-5.12E-1   	30.01     	1377.68	22.9 	37.9 	0.000000E+0	0.000000E+0	0.000000E+0	0.000000E+0	0.000000E+0	0.000000E+0	0.000000E+0	0.000000E+0
30.0    	148     	2.732292E-2 	1.854343E-4	-7.38E-1   	30.01     	1379.59	22.9 	37.9 	0.000000E+0	0.000000E+0	0.000000E+0	0.000000E+0	0.000000E+0	0.000000E+0	0.000000E+0	0.000000E+0
30.0    	149     	2.095109E-2 	1.383455E-4	-6.52E-1   	30.01     	1381.49	22.9 	37.9 	0.000000E+0	0.000000E+0	0.000000E+0	0.000000E+0	0.000000E+0	0.000000E+0	0.000000E+0	0.000000E+0
30.0    	150     	2.114357E-2 	6.205548E-5	-6.09E-1   	30.01     	1383.39	22.9 	37.9 	0.000000E+0	0.000000E+0	0.000000E+0	0.000000E+0	0.000000E+0	0.000000E+0	0.000000E+0	0.000000E+0
30.0    	151     	1.112703E-1 	5.669306E-5	-5.83E-1   	30.01     	1385.29	22.9 	37.9 	0.000000E+0	0.000000E+0	0.000000E+0	0.000000E+0	0.000000E+0	0.000000E+0	0.000000E+0	0.000000E+0
30.0    	152     	2.941618E-2 	1.654919E-4	-7.24E-1   	30.01     	1387.19	22.9 	37.9 	0.000000E+0	0.000000E+0	0.000000E+0	0.000000E+0	0.000000E+0	0.000000E+0	0.000000E+0	0.000000E+0
30.0    	153     	2.054904E-2 	1.892654E-4	-7.66E-1   	30.01     	1389.10	22.9 	37.9 	0.000000E+0	0.000000E+0	0.000000E+0	0.000000E+0	0.000000E+0	0.000000E+0	0.000000E+0	0.000000E+0
30.0    	154     	3.721073E-2 	6.258887E-5	-3.40E-1   	30.00     	1391.00	22.9 	37.9 	0.000000E+0	0.000000E+0	0.000000E+0	0.000000E+0	0.000000E+0	0.000000E+0	0.000000E+0	0.000000E+0
30.0    	155     	2.055125E-2 	1.592888E-4	-4.54E-1   	30.00     	1392.90	22.9 	37.9 	0.000000E+0	0.000000E+0	0.000000E+0	0.000000E+0	0.000000E+0	0.000000E+0	0.000000E+0	0.000000E+0
30.0    	156     	1.999471E-2 	5.154863E-5	-3.23E-1   	30.00     	1394.80	22.9 	37.9 	0.000000E+0	0.000000E+0	0.000000E+0	0.000000E+0	0.000000E+0	0.000000E+0	0.000000E+0	0.000000E+0
30.0    	157     	2.682654E-2 	1.442347E-4	-5.28E-1   	30.00     	1396.70	22.9 	37.9 	0.000000E+0	0.000000E+0	0.000000E+0	0.000000E+0	0.000000E+0	0.000000E+0	0.000000E+0	0.000000E+0
30.0    	158     	2.602717E-2 	9.877351E-5	-6.22E-1   	30.00     	1398.60	22.9 	37.9 	0.000000E+0	0.000000E+0	0.000000E+0	0.000000E+0	0.000000E+0	0.000000E+0	0.000000E+0	0.000000E+0
30.0    	159     	2.176123E-2 	1.864289E-4	-3.10E-1   	30.01     	1400.50	22.9 	37.9 	0.000000E+0	0.000000E+0	0.000000E+0	0.000000E+0	0.000000E+0	0.000000E+0	0.000000E+0	0.000000E+0
30.0    	160     	2.263532E-2 	5.327334E-5	-6.92E-1   	30.01     	1402.40	22.9 	37.9 	0.000000E+0	0.000000E+0	0.000000E+0	0.000000E+0	0.000000E+0	0.000000E+0	0.000000E+0	0.000000E+0
30.0    	161     	2.227916E-2 	1.284178E-4	-4.00E-1   	30.00     	1404.30	22.9 	37.9 	0.000000E+0	0.000000E+0	0.000000E+0	0.000000E+0	0.000000E+0	0.000000E+0	0.000000E+0	0.000000E+0
30.0    	162     	7.580457E-2 	1.660623E-4	-2.80E-1   	30.01     	1406.20	22.9 	37.9 	0.000000E+0	0.000000E+0	0.000000E+0	0.000000E+0	0.000000E+0	0.000000E+0	0.000000E+0	0.000000E+0
30.0    	163     	8.315343E-2 	6.502128E-5	-6.08E-1   	30.01     	1408.11	22.9 	37.9 	0.000000E+0	0.000000E+0	0.000000E+0	0.000000E+0	0.000000E+0	0.000000E+0	0.000000E+0	0.000000E+0
30.0    	164     	1.487323E-3 	1.383892E-5	-4.83E-1   	30.00     	1410.01	22.9 	37.9 	0.000000E+0	0.000000E+0	0.000000E+0	0.000000E+0	0.000000E+0	0.000000E+0	0.000000E+0	0.000000E+0
30.0    	165     	2.345558E-2 	8.786579E-5	-5.22E-1   	30.01     	1411.91	22.9 	37.9 	0.000000E+0	0.000000E+0	0.000000E+0	0.000000E+0	0.000000E+0	0.000000E+0	0.000000E+0	0.000000E+0
30.0    	166     	2.176345E-2 	1.300062E-4	-4.92E-1   	30.01     	1413.81	22.9 	37.9 	0.000000E+0	0.000000E+0	0.000000E+0	0.000000E+0	0.000000E+0	0.000000E+0	0.000000E+0	0.000000E+0
30.0    	167     	6.404676E-2 	7.692621E-5	-8.18E-1   	30.01     	1415.71	22.9 	37.9 	0.000000E+0	0.000000E+0	0.000000E+0	0.000000E+0	0.000000E+0	0.000000E+0	0.000000E+0	0.000000E+0
30.0    	168     	3.522641E-2 	8.955390E-5	-4.12E-1   	30.01     	1417.61	22.9 	37.9 	0.000000E+0	0.000000E+0	0.000000E+0	0.000000E+0	0.000000E+0	0.000000E+0	0.000000E+0	0.000000E+0
30.0    	169     	2.280911E-2 	2.747138E-5	-5.73E-1   	30.01     	1419.51	22.9 	37.9 	0.000000E+0	0.000000E+0	0.000000E+0	0.000000E+0	0.000000E+0	0.000000E+0	0.000000E+0	0.000000E+0
30.0    	170     	5.047109E-2 	1.163908E-4	-3.73E-1   	30.00     	1421.41	22.9 	37.9 	0.000000E+0	0.000000E+0	0.000000E+0	0.000000E+0	0.000000E+0	0.000000E+0	0.000000E+0	0.000000E+0
30.0    	171     	3.052358E-2 	3.468166E-5	-5.31E-1   	30.01     	1423.31	22.9 	37.9 	0.000000E+0	0.000000E+0	0.000000E+0	0.000000E+0	0.000000E+0	0.000000E+0	0.000000E+0	0.000000E+0
30.0    	172     	2.032868E-2 	1.030844E-4	-3.76E-1   	30.01     	1425.21	22.9 	37.9 	0.000000E+0	0.000000E+0	0.000000E+0	0.000000E+0	0.000000E+0	0.000000E+0	0.000000E+0	0.000000E+0
30.0    	173     	2.889192E-2 	7.837880E-5	-7.87E-1   	30.01     	1427.11	22.9 	37.9 	0.000000E+0	0.000000E+0	0.000000E+0	0.000000E+0	0.000000E+0	0.000000E+0	0.000000E+0	0.000000E+0
30.0    	174     	2.530535E-2 	6.795473E-5	-1.85E-1   	30.01     	1429.02	22.9 	37.9 	0.000000E+0	0.000000E+0	0.000000E+0	0.000000E+0	0.000000E+0	0.000000E+0	0.000000E+0	0.000000E+0
30.0    	175     	2.528669E-2 	2.413796E-4	-3.65E-1   	30.01     	1430.91	22.9 	37.9 	0.000000E+0	0.000000E+0	0.000000E+0	0.000000E+0	0.000000E+0	0.000000E+0	0.000000E+0	0.000000E+0
30.0    	176     	2.158553E-2 	2.259351E-5	-3.93E-1   	30.00     	1432.82	22.9 	37.9 	0.000000E+0	0.000000E+0	0.000000E+0	0.000000E+0	0.000000E+0	0.000000E+0	0.000000E+0	0.000000E+0
30.0    	177     	2.625194E-2 	1.005612E-4	-6.27E-1   	30.00     	1434.72	22.9 	37.9 	0.000000E+0	0.000000E+0	0.000000E+0	0.000000E+0	0.000000E+0	0.000000E+0	0.000000E+0	0.000000E+0
30.0    	178     	7.630320E-2 	6.496740E-5	-5.01E-1   	30.00     	1436.62	22.9 	37.9 	0.000000E+0	0.000000E+0	0.000000E+0	0.000000E+0	0.000000E+0	0.000000E+0	0.000000E+0	0.000000E+0
30.0    	179     	8.812531E-2 	3.238520E-5	-5.69E-1   	30.00     	1438.53	22.9 	37.9 	0.000000E+0	0.000000E+0	0.000000E+0	0.000000E+0	0.000000E+0	0.000000E+0	0.000000E+0	0.000000E+0
30.0    	180     	2.711874E-2 	1.397253E-4	-6.27E-1   	30.00     	1440.43	22.9 	37.9 	0.000000E+0	0.000000E+0	0.000000E+0	0.000000E+0	0.000000E+0	0.000000E+0	0.000000E+0	0.000000E+0
30.0    	181     	3.886835E-2 	1.432590E-4	-6.27E-1   	30.00     	1442.33	22.9 	37.9 	0.000000E+0	0.000000E+0	0.000000E+0	0.000000E+0	0.000000E+0	0.000000E+0	0.000000E+0	0.000000E+0
30.0    	182     	2.156843E-2 	2.461923E-4	-7.67E-1   	30.01     	1444.23	22.9 	37.9 	0.000000E+0	0.000000E+0	0.000000E+0	0.000000E+0	0.000000E+0	0.000000E+0	0.000000E+0	0.000000E+0
30.0    	183     	2.137342E-2 	6.824358E-5	-5.95E-1   	30.00     	1446.13	22.9 	37.9 	0.000000E+0	0.000000E+0	0.000000E+0	0.000000E+0	0.000000E+0	0.000000E+0	0.000000E+0	0.000000E+0
30.0    	184     	3.619579E-2 	1.839662E-4	-3.28E-1   	30.01     	1448.03	22.9 	37.9 	0.000000E+0	0.000000E+0	0.000000E+0	0.000000E+0	0.000000E+0	0.000000E+0	0.000000E+0	0.000000E+0
30.0    	185     	2.253052E-2 	2.408657E-4	-2.30E-1   	30.01     	1449.93	22.9 	37.9 	0.000000E+0	0.000000E+0	0.000000E+0	0.000000E+0	0.000000E+0	0.000000E+0	0.000000E+0	0.000000E+0
30.0    	186     	6.692194E-2 	6.144600E-5	-5.98E-1   	30.00     	1451.84	22.9 	37.9 	0.000000E+0	0.000000E+0	0.000000E+0	0.000000E+0	0.000000E+0	0.000000E+0	0.000000E+0	0.000000E+0
30.0    	187     	2.887324E-2 	5.844182E-5	-6.75E-1   	30.00     	1453.74	22.9 	37.9 	0.000000E+0	0.000000E+0	0.000000E+0	0.000000E+0	0.000000E+0	0.000000E+0	0.000000E+0	0.000000E+0
30.0    	188     	2.011026E-2 	2.602850E-5	-7.34E-1   	30.01     	1455.64	22.9 	37.9 	0.000000E+0	0.000000E+0	0.000000E+0	0.000000E+0	0.000000E+0	0.000000E+0	0.000000E+0	0.000000E+0
30.0    	189     	2.665875E-2 	1.583336E-4	-5.94E-1   	30.00     	1457.54	22.9 	37.9 	0.000000E+0	0.000000E+0	0.000000E+0	0.000000E+0	0.000000E+0	0.000000E+0	0.000000E+0	0.000000E+0
30.0    	190     	3.340764E-2 	1.788888E-4	-7.18E-1   	30.00     	1459.45	22.9 	37.9 	0.000000E+0	0.000000E+0	0.000000E+0	0.000000E+0	0.000000E+0	0.000000E+0	0.000000E+0	0.000000E+0
30.0    	191     	2.411313E-2 	9.772921E-5	-6.88E-1   	30.00     	1461.35	22.9 	37.9 	0.000000E+0	0.000000E+0	0.000000E+0	0.000000E+0	0.000000E+0	0.000000E+0	0.000000E+0	0.000000E+0
30.0    	192     	2.136930E-2 	1.068505E-4	-8.44E-1   	30.00     	1463.25	22.9 	37.9 	0.000000E+0	0.000000E+0	0.000000E+0	0.000000E+0	0.000000E+0	0.000000E+0	0.000000E+0	0.000000E+0
30.0    	193     	2.677145E-2 	7.780255E-5	-7.38E-1   	30.00     	1465.15	22.9 	37.9 	0.000000E+0	0.000000E+0	0.000000E+0	0.000000E+0	0.000000E+0	0.000000E+0	0.000000E+0	0.000000E+0
30.0    	194     	8.132327E-2 	1.193285E-4	-3.57E-1   	30.00     	1467.06	22.9 	37.9 	0.000000E+0	0.000000E+0	0.000000E+0	0.000000E+0	0.000000E+0	0.000000E+0	0.000000E+0	0.000000E+0
30.0    	195     	8.255222E-2 	5.507855E-5	-5.12E-1   	30.00     	1468.96	22.9 	37.9 	0.000000E+0	0.000000E+0	0.000000E+0	0.000000E+0	0.000000E+0	0.000000E+0	0.000000E+0	0.000000E+0
30.0    	196     	2.364142E-2 	9.430018E-5	-7.53E-1   	30.00     	1470.87	22.9 	37.9 	0.000000E+0	0.000000E+0	0.000000E+0	0.000000E+0	0.000000E+0	0.000000E+0	0.000000E+0	0.000000E+0
30.0    	197     	2.150701E-2 	1.577346E-4	-3.67E-1   	30.01     	1472.77	22.9 	37.9 	0.000000E+0	0.000000E+0	0.000000E+0	0.000000E+0	0.000000E+0	0.000000E+0	0.000000E+0	0.000000E+0
30.0    	198     	2.320389E-2 	7.938484E-5	-5.54E-1   	30.00     	1474.67	22.9 	37.9 	0.000000E+0	0.000000E+0	0.000000E+0	0.000000E+0	0.000000E+0	0.000000E+0	0.000000E+0	0.000000E+0
30.0    	199     	3.041404E-2 	9.708292E-5	-5.32E-1   	30.00     	1476.57	22.9 	37.9 	0.000000E+0	0.000000E+0	0.000000E+0	0.000000E+0	0.000000E+0	0.000000E+0	0.000000E+0	0.000000E+0
30.0    	200     	-2.708436E-2	1.714864E-4	-5.16E-1   	30.01     	1478.48	22.9 	37.9 	0.000000E+0	0.000000E+0	0.000000E+0	0.000000E+0	0.000000E+0	0.000000E+0	0.000000E+0	0.000000E+0
30.0    	201     	2.008619E-2 	4.824066E-5	-2.41E-1   	30.00     	1480.38	22.9 	37.9 	0.000000E+0	0.000000E+0	0.000000E+0	0.000000E+0	0.000000E+0	0.000000E+0	0.000000E+0	0.000000E+0
30.0    	202     	3.202987E-2 	8.808112E-5	-3.99E-1   	30.00     	1482.28	22.9 	37.9 	0.000000E+0	0.000000E+0	0.000000E+0	0.000000E+0	0.000000E+0	0.000000E+0	0.000000E+0	0.000000E+0
30.0    	203     	2.391209E-2 	2.194505E-4	-5.33E-1   	30.00     	1484.18	22.9 	37.9 	0.000000E+0	0.000000E+0	0.000000E+0	0.000000E+0	0.000000E+0	0.000000E+0	0.000000E+0	0.000000E+0
30.0    	204     	3.838577E-3 	1.439576E-4	-5.26E-1   	30.01     	1486.08	22.9 	37.9 	0.000000E+0	0.000000E+0	0.000000E+0	0.000000E+0	0.000000E+0	0.000000E+0	0.000000E+0	0.000000E+0
30.0    	205     	5.153451E-2 	1.473063E-4	-6.83E-1   	30.00     	1487.99	22.9 	37.9 	0.000000E+0	0.000000E+0	0.000000E+0	0.000000E+0	0.000000E+0	0.000000E+0	0.000000E+0	0.000000E+0
30.0    	206     	3.421049E-2 	7.947868E-5	-5.59E-1   	30.00     	1489.89	22.9 	37.9 	0.000000E+0	0.000000E+0	0.000000E+0	0.000000E+0	0.000000E+0	0.000000E+0	0.000000E+0	0.000000E+0
30.0    	207     	2.488494E-2 	2.761706E-4	-2.52E-1   	30.00     	1491.79	22.9 	37.9 	0.000000E+0	0.000000E+0	0.000000E+0	0.000000E+0	0.000000E+0	0.000000E+0	0.000000E+0	0.000000E+0
30.0    	208     	2.257643E-2 	1.525371E-4	-4.26E-1   	30.00     	1493.69	22.9 	37.9 	0.000000E+0	0.000000E+0	0.000000E+0	0.000000E+0	0.000000E+0	0.000000E+0	0.000000E+0	0.000000E+0
30.0    	209     	4.169862E-2 	1.332683E-4	-3.96E-1   	30.00     	1495.59	22.9 	37.9 	0.000000E+0	0.000000E+0	0.000000E+0	0.000000E+0	0.000000E+0	0.000000E+0	0.000000E+0	0.000000E+0
30.0    	210     	8.769096E-2 	8.117459E-5	-2.94E-1   	30.00     	1497.49	22.9 	37.9 	0.000000E+0	0.000000E+0	0.000000E+0	0.000000E+0	0.000000E+0	0.000000E+0	0.000000E+0	0.000000E+0
30.0    	211     	8.705597E-2 	6.098675E-5	-6.27E-1   	30.00     	1499.40	22.9 	37.9 	0.000000E+0	0.000000E+0	0.000000E+0	0.000000E+0	0.000000E+0	0.000000E+0	0.000000E+0	0.000000E+0
30.0    	212     	2.406752E-2 	2.349571E-4	-7.42E-1   	30.00     	1501.30	22.9 	37.9 	0.000000E+0	0.000000E+0	0.000000E+0	0.000000E+0	0.000000E+0	0.000000E+0	0.000000E+0	0.000000E+0
30.0    	213     	2.306619E-2 	1.987326E-4	-4.85E-1   	30.01     	1503.20	22.9 	37.9 	0.000000E+0	0.000000E+0	0.000000E+0	0.000000E+0	0.000000E+0	0.000000E+0	0.000000E+0	0.000000E+0
30.0    	214     	8.769636E-2 	9.531949E-5	-6.86E-1   	30.00     	1505.10	22.9 	37.9 	0.000000E+0	0.000000E+0	0.000000E+0	0.000000E+0	0.000000E+0	0.000000E+0	0.000000E+0	0.000000E+0
30.0    	215     	6.099459E-2 	1.460401E-4	-5.37E-1   	30.00     	1507.00	22.9 	37.9 	0.000000E+0	0.000000E+0	0.000000E+0	0.000000E+0	0.000000E+0	0.000000E+0	0.000000E+0	0.000000E+0
30.0    	216     	4.525034E-2 	2.635266E-5	-4.51E-1   	30.00     	1508.90	22.9 	37.9 	0.000000E+0	0.000000E+0	0.000000E+0	0.000000E+0	0.000000E+0	0.000000E+0	0.000000E+0	0.000000E+0
30.0    	217     	6.021168E-2 	1.752268E-4	-5.66E-1   	30.00     	1510.81	22.9 	37.9 	0.000000E+0	0.000000E+0	0.000000E+0	0.000000E+0	0.000000E+0	0.000000E+0	0.000000E+0	0.000000E+0
30.0    	218     	2.658530E-2 	9.309584E-5	-7.31E-1   	30.01     	1512.71	22.9 	37.9 	0.000000E+0	0.000000E+0	0.000000E+0	0.000000E+0	0.000000E+0	0.000000E+0	0.000000E+0	0.000000E+0
30.0    	219     	2.096186E-2 	1.465866E-4	-5.17E-1   	30.01     	1514.61	22.9 	37.9 	0.000000E+0	0.000000E+0	0.000000E+0	0.000000E+0	0.000000E+0	0.000000E+0	0.000000E+0	0.000000E+0
30.0    	220     	3.764129E-2 	1.331957E-4	-1.78E-1   	30.01     	1516.51	22.9 	37.9 	0.000000E+0	0.000000E+0	0.000000E+0	0.000000E+0	0.000000E+0	0.000000E+0	0.000000E+0	0.000000E+0
30.0    	221     	2.184638E-2 	1.970962E-4	-5.43E-1   	30.01     	1518.42	22.9 	37.8 	0.000000E+0	0.000000E+0	0.000000E+0	0.000000E+0	0.000000E+0	0.000000E+0	0.000000E+0	0.000000E+0
30.0    	222     	3.033807E-2 	1.735059E-4	-5.70E-1   	30.01     	1520.32	22.9 	37.8 	0.000000E+0	0.000000E+0	0.000000E+0	0.000000E+0	0.000000E+0	0.000000E+0	0.000000E+0	0.000000E+0
30.0    	223     	5.051383E-2 	9.356545E-5	-6.08E-1   	30.01     	1522.22	22.9 	37.8 	0.000000E+0	0.000000E+0	0.000000E+0	0.000000E+0	0.000000E+0	0.000000E+0	0.000000E+0	0.000000E+0
30.0    	224     	2.768386E-2 	1.071010E-3	-4.08E-1   	30.00     	1524.12	22.9 	37.8 	0.000000E+0	0.000000E+0	0.000000E+0	0.000000E+0	0.000000E+0	0.000000E+0	0.000000E+0	0.000000E+0
30.0    	225     	4.180150E-2 	1.418764E-4	-5.56E-1   	30.01     	1526.02	22.9 	37.8 	0.000000E+0	0.000000E+0	0.000000E+0	0.000000E+0	0.000000E+0	0.000000E+0	0.000000E+0	0.000000E+0
30.0    	226     	9.317102E-2 	1.595659E-4	-5.09E-1   	30.00     	1527.92	22.9 	37.8 	0.000000E+0	0.000000E+0	0.000000E+0	0.000000E+0	0.000000E+0	0.000000E+0	0.000000E+0	0.000000E+0
30.0    	227     	8.814751E-2 	7.549648E-5	-7.14E-1   	30.00     	1529.83	22.9 	37.8 	0.000000E+0	0.000000E+0	0.000000E+0	0.000000E+0	0.000000E+0	0.000000E+0	0.000000E+0	0.000000E+0
30.0    	228     	2.621015E-2 	1.074776E-4	-1.59E-1   	30.01     	1531.73	22.9 	37.8 	0.000000E+0	0.000000E+0	0.000000E+0	0.000000E+0	0.000000E+0	0.000000E+0	0.000000E+0	0.000000E+0
30.0    	229     	2.453703E-2 	4.831786E-5	-6.32E-1   	30.01     	1533.63	22.9 	37.8 	0.000000E+0	0.000000E+0	0.000000E+0	0.000000E+0	0.000000E+0	0.000000E+0	0.000000E+0	0.000000E+0
30.0    	230     	2.698388E-2 	2.018504E-4	-6.07E-1   	30.00     	1535.53	22.9 	37.8 	0.000000E+0	0.000000E+0	0.000000E+0	0.000000E+0	0.000000E+0	0.000000E+0	0.000000E+0	0.000000E+0
30.0    	231     	2.557445E-2 	1.562956E-4	-4.11E-1   	30.00     	1537.44	22.9 	37.8 	0.000000E+0	0.000000E+0	0.000000E+0	0.000000E+0	0.000000E+0	0.000000E+0	0.000000E+0	0.000000E+0
30.0    	232     	-1.406225E-2	2.424296E-5	-7.70E-1   	30.00     	1539.34	22.9 	37.8 	0.000000E+0	0.000000E+0	0.000000E+0	0.000000E+0	0.000000E+0	0.000000E+0	0.000000E+0	0.000000E+0
30.0    	233     	3.971840E-2 	2.335024E-5	-7.33E-1   	30.00     	1541.24	22.9 	37.8 	0.000000E+0	0.000000E+0	0.000000E+0	0.000000E+0	0.000000E+0	0.000000E+0	0.000000E+0	0.000000E+0
30.0    	234     	2.910277E-2 	1.227766E-4	-6.80E-1   	30.01     	1543.14	22.9 	37.8 	0.000000E+0	0.000000E+0	0.000000E+0	0.000000E+0	0.000000E+0	0.000000E+0	0.000000E+0	0.000000E+0
30.0    	235     	2.538482E-2 	9.117929E-5	-5.00E-1   	30.01     	1545.04	22.9 	37.8 	0.000000E+0	0.000000E+0	0.000000E+0	0.000000E+0	0.000000E+0	0.000000E+0	0.000000E+0	0.000000E+0
30.0    	236     	2.265304E-2 	5.546306E-5	-2.15E-1   	30.01     	1546.94	22.9 	37.8 	0.000000E+0	0.000000E+0	0.000000E+0	0.000000E+0	0.000000E+0	0.000000E+0	0.000000E+0	0.000000E+0
30.0    	237     	1.353232E-2 	7.838156E-5	-4.37E-1   	30.01     	1548.85	22.9 	37.8 	0.000000E+0	0.000000E+0	0.000000E+0	0.000000E+0	0.000000E+0	0.000000E+0	0.000000E+0	0.000000E+0
30.0    	238     	2.738785E-2 	6.587420E-5	-6.29E-1   	30.01     	1550.75	22.9 	37.8 	0.000000E+0	0.000000E+0	0.000000E+0	0.000000E+0	0.000000E+0	0.000000E+0	0.000000E+0	0.000000E+0
30.0    	239     	2.596860E-2 	3.704483E-5	-6.52E-1   	30.01     	1552.65	22.9 	37.8 	0.000000E+0	0.000000E+0	0.000000E+0	0.000000E+0	0.000000E+0	0.000000E+0	0.000000E+0	0.000000E+0
30.0    	240     	2.800074E-2 	9.114952E-5	-3.81E-1   	30.01     	1554.55	22.9 	37.8 	0.000000E+0	0.000000E+0	0.000000E+0	0.000000E+0	0.000000E+0	0.000000E+0	0.000000E+0	0.000000E+0
30.0    	241     	1.009561E-1 	8.698759E-5	-4.64E-1   	30.01     	1556.45	22.9 	37.8 	0.000000E+0	0.000000E+0	0.000000E+0	0.000000E+0	0.000000E+0	0.000000E+0	0.000000E+0	0.000000E+0
30.0    	242     	1.826827E-1 	3.305554E-4	-6.89E-1   	30.01     	1558.35	22.9 	37.8 	0.000000E+0	0.000000E+0	0.000000E+0	0.000000E+0	0.000000E+0	0.000000E+0	0.000000E+0	0.000000E+0
30.0    	243     	1.574412E-1 	1.565264E-4	-4.50E-1   	30.00     	1560.25	22.9 	37.8 	0.000000E+0	0.000000E+0	0.000000E+0	0.000000E+0	0.000000E+0	0.000000E+0	0.000000E+0	0.000000E+0
30.0    	244     	1.466442E-1 	2.105195E-4	-6.26E-1   	30.01     	1562.15	22.9 	37.8 	0.000000E+0	0.000000E+0	0.000000E+0	0.000000E+0	0.000000E+0	0.000000E+0	0.000000E+0	0.000000E+0
30.0    	245     	8.343931E-2 	1.432356E-4	-3.06E-1   	30.00     	1564.05	22.9 	37.8 	0.000000E+0	0.000000E+0	0.000000E+0	0.000000E+0	0.000000E+0	0.000000E+0	0.000000E+0	0.000000E+0
30.0    	246     	8.620401E-2 	9.006751E-5	-5.13E-1   	30.01     	1565.96	22.9 	37.8 	0.000000E+0	0.000000E+0	0.000000E+0	0.000000E+0	0.000000E+0	0.000000E+0	0.000000E+0	0.000000E+0
30.0    	247     	8.299482E-2 	4.930144E-5	-2.72E-1   	30.00     	1567.86	22.9 	37.8 	0.000000E+0	0.000000E+0	0.000000E+0	0.000000E+0	0.000000E+0	0.000000E+0	0.000000E+0	0.000000E+0
30.0    	248     	8.451503E-2 	1.144283E-4	-7.14E-1   	30.00     	1569.76	22.9 	37.8 	0.000000E+0	0.000000E+0	0.000000E+0	0.000000E+0	0.000000E+0	0.000000E+0	0.000000E+0	0.000000E+0
30.0    	249     	9.197149E-2 	1.287671E-4	-4.66E-1   	30.00     	1571.66	22.9 	37.8 	0.000000E+0	0.000000E+0	0.000000E+0	0.000000E+0	0.000000E+0	0.000000E+0	0.000000E+0	0.000000E+0
30.0    	250     	9.121583E-2 	1.348514E-4	-2.97E-1   	30.00     	1573.57	22.9 	37.8 	0.000000E+0	0.000000E+0	0.000000E+0	0.000000E+0	0.000000E+0	0.000000E+0	0.000000E+0	0.000000E+0
30.0    	251     	8.367674E-2 	1.760565E-4	-4.48E-1   	30.01     	1575.47	22.9 	37.8 	0.000000E+0	0.000000E+0	0.000000E+0	0.000000E+0	0.000000E+0	0.000000E+0	0.000000E+0	0.000000E+0
30.0    	252     	8.271306E-2 	1.512238E-4	-6.94E-1   	30.00     	1577.37	22.9 	37.8 	0.000000E+0	0.000000E+0	0.000000E+0	0.000000E+0	0.000000E+0	0.000000E+0	0.000000E+0	0.000000E+0
30.0    	253     	7.000452E-2 	5.352390E-5	-3.91E-1   	30.00     	1579.28	22.9 	37.8 	0.000000E+0	0.000000E+0	0.000000E+0	0.000000E+0	0.000000E+0	0.000000E+0	0.000000E+0	0.000000E+0
30.0    	254     	8.551037E-2 	5.305485E-5	-6.54E-1   	30.00     	1581.18	22.9 	37.8 	0.000000E+0	0.000000E+0	0.000000E+0	0.000000E+0	0.000000E+0	0.000000E+0	0.000000E+0	0.000000E+0
30.0    	255     	8.398766E-2 	8.790549E-5	-3.76E-1   	30.00     	1583.08	22.9 	37.9 	0.000000E+0	0.000000E+0	0.000000E+0	0.000000E+0	0.000000E+0	0.000000E+0	0.000000E+0	0.000000E+0
30.0    	256     	8.803355E-2 	1.432229E-4	-4.70E-1   	30.00     	1584.98	22.9 	37.8 	0.000000E+0	0.000000E+0	0.000000E+0	0.000000E+0	0.000000E+0	0.000000E+0	0.000000E+0	0.000000E+0
30.0    	257     	1.639282E-3 	7.930398E-5	-2.32E-1   	30.00     	1586.89	22.9 	37.8 	0.000000E+0	0.000000E+0	0.000000E+0	0.000000E+0	0.000000E+0	0.000000E+0	0.000000E+0	0.000000E+0
30.0    	258     	1.479092E-3 	2.319950E-4	-7.25E-1   	30.00     	1588.79	22.9 	37.8 	0.000000E+0	0.000000E+0	0.000000E+0	0.000000E+0	0.000000E+0	0.000000E+0	0.000000E+0	0.000000E+0
30.0    	259     	1.461681E-3 	1.246387E-4	-5.85E-1   	30.00     	1590.69	22.9 	37.8 	0.000000E+0	0.000000E+0	0.000000E+0	0.000000E+0	0.000000E+0	0.000000E+0	0.000000E+0	0.000000E+0
30.0    	260     	1.491122E-3 	5.894707E-5	-8.07E-1   	30.00     	1592.59	22.9 	37.8 	0.000000E+0	0.000000E+0	0.000000E+0	0.000000E+0	0.000000E+0	0.000000E+0	0.000000E+0	0.000000E+0
30.0    	261     	1.564570E-3 	4.978699E-5	-6.82E-1   	30.00     	1594.49	22.9 	37.8 	0.000000E+0	0.000000E+0	0.000000E+0	0.000000E+0	0.000000E+0	0.000000E+0	0.000000E+0	0.000000E+0
30.0    	262     	1.405329E-3 	1.303342E-4	-1.08E-1   	30.00     	1596.39	22.9 	37.8 	0.000000E+0	0.000000E+0	0.000000E+0	0.000000E+0	0.000000E+0	0.000000E+0	0.000000E+0	0.000000E+0
30.0    	263     	9.060789E-4 	1.673120E-4	-5.25E-1   	30.00     	1598.29	22.9 	37.8 	0.000000E+0	0.000000E+0	0.000000E+0	0.000000E+0	0.000000E+0	0.000000E+0	0.000000E+0	0.000000E+0
30.0    	264     	-1.485493E-3	2.135780E-4	-6.62E-1   	30.00     	1600.18	22.9 	37.8 	0.000000E+0	0.000000E+0	0.000000E+0	0.000000E+0	0.000000E+0	0.000000E+0	0.000000E+0	0.000000E+0
40.0    	1       	8.349632E-2 	2.930441E-4	7.36E+0    	40.00     	1619.12	22.9 	37.8 	0.000000E+0	0.000000E+0	0.000000E+0	0.000000E+0	0.000000E+0	0.000000E+0	0.000000E+0	0.000000E+0
40.0    	2       	1.589450E-1 	1.111116E-4	-4.96E-1   	40.00     	1620.89	22.9 	37.8 	0.000000E+0	0.000000E+0	0.000000E+0	0.000000E+0	0.000000E+0	0.000000E+0	0.000000E+0	0.000000E+0
40.0    	3       	1.760217E-3 	1.862884E-4	-6.86E-1   	40.00     	1622.79	22.9 	37.8 	0.000000E+0	0.000000E+0	0.000000E+0	0.000000E+0	0.000000E+0	0.000000E+0	0.000000E+0	0.000000E+0
40.0    	4       	8.607522E-2 	9.568220E-6	-5.24E-1   	40.00     	1624.69	22.9 	37.8 	0.000000E+0	0.000000E+0	0.000000E+0	0.000000E+0	0.000000E+0	0.000000E+0	0.000000E+0	0.000000E+0
40.0    	5       	8.689134E-2 	6.604901E-5	-6.23E-1   	40.00     	1626.59	22.9 	37.8 	0.000000E+0	0.000000E+0	0.000000E+0	0.000000E+0	0.000000E+0	0.000000E+0	0.000000E+0	0.000000E+0
40.0    	6       	9.413852E-2 	6.723945E-6	-2.71E-1   	40.00     	1628.49	22.9 	37.8 	0.000000E+0	0.000000E+0	0.000000E+0	0.000000E+0	0.000000E+0	0.000000E+0	0.000000E+0	0.000000E+0
40.0    	7       	8.150910E-2 	2.133129E-4	-5.88E-1   	40.00     	1630.40	22.9 	37.8 	0.000000E+0	0.000000E+0	0.000000E+0	0.000000E+0	0.000000E+0	0.000000E+0	0.000000E+0	0.000000E+0
40.0    	8       	9.225042E-2 	2.075897E-4	-3.39E-1   	40.00     	1632.29	22.9 	37.8 	0.000000E+0	0.000000E+0	0.000000E+0	0.000000E+0	0.000000E+0	0.000000E+0	0.000000E+0	0.000000E+0
40.0    	9       	8.240032E-2 	1.713417E-4	-7.16E-1   	40.00     	1634.20	22.9 	37.8 	0.000000E+0	0.000000E+0	0.000000E+0	0.000000E+0	0.000000E+0	0.000000E+0	0.000000E+0	0.000000E+0
40.0    	10      	9.804985E-2 	4.383119E-5	-4.82E-1   	40.00     	1636.10	22.9 	37.8 	0.000000E+0	0.000000E+0	0.000000E+0	0.000000E+0	0.000000E+0	0.000000E+0	0.000000E+0	0.000000E+0
40.0    	11      	8.432727E-2 	1.261764E-4	-8.63E-1   	40.00     	1638.00	22.9 	37.8 	0.000000E+0	0.000000E+0	0.000000E+0	0.000000E+0	0.000000E+0	0.000000E+0	0.000000E+0	0.000000E+0
40.0    	12      	9.214119E-2 	1.111099E-4	-5.69E-1   	40.00     	1639.90	22.9 	37.8 	0.000000E+0	0.000000E+0	0.000000E+0	0.000000E+0	0.000000E+0	0.000000E+0	0.000000E+0	0.000000E+0
40.0    	13      	1.073862E-1 	3.516760E-5	-4.98E-1   	40.00     	1641.81	22.9 	37.8 	0.000000E+0	0.000000E+0	0.000000E+0	0.000000E+0	0.000000E+0	0.000000E+0	0.000000E+0	0.000000E+0
40.0    	14      	8.520518E-2 	1.154438E-4	-3.89E-1   	40.00     	1643.71	22.9 	37.8 	0.000000E+0	0.000000E+0	0.000000E+0	0.000000E+0	0.000000E+0	0.000000E+0	0.000000E+0	0.000000E+0
40.0    	15      	1.212699E-1 	1.045928E-3	-4.57E-1   	40.00     	1645.61	22.9 	37.8 	0.000000E+0	0.000000E+0	0.000000E+0	0.000000E+0	0.000000E+0	0.000000E+0	0.000000E+0	0.000000E+0
40.0    	16      	9.553370E-2 	4.763930E-4	-2.65E-1   	40.00     	1647.51	22.9 	37.8 	0.000000E+0	0.000000E+0	0.000000E+0	0.000000E+0	0.000000E+0	0.000000E+0	0.000000E+0	0.000000E+0
40.0    	17      	2.165865E-2 	4.762594E-5	-3.97E-1   	40.00     	1649.41	22.9 	37.8 	0.000000E+0	0.000000E+0	0.000000E+0	0.000000E+0	0.000000E+0	0.000000E+0	0.000000E+0	0.000000E+0
40.0    	18      	8.318063E-2 	1.070437E-4	-5.23E-1   	40.00     	1651.32	22.9 	37.8 	0.000000E+0	0.000000E+0	0.000000E+0	0.000000E+0	0.000000E+0	0.000000E+0	0.000000E+0	0.000000E+0
40.0    	19      	1.817348E-1 	1.004996E-4	-6.57E-1   	40.00     	1653.22	22.9 	37.8 	0.000000E+0	0.000000E+0	0.000000E+0	0.000000E+0	0.000000E+0	0.000000E+0	0.000000E+0	0.000000E+0
40.0    	20      	6.547768E-2 	8.852708E-5	-7.39E-1   	40.00     	1655.12	22.9 	37.8 	0.000000E+0	0.000000E+0	0.000000E+0	0.000000E+0	0.000000E+0	0.000000E+0	0.000000E+0	0.000000E+0
40.0    	21      	2.332387E-2 	1.208933E-4	-7.46E-1   	40.00     	1657.02	22.9 	37.8 	0.000000E+0	0.000000E+0	0.000000E+0	0.000000E+0	0.000000E+0	0.000000E+0	0.000000E+0	0.000000E+0
40.0    	22      	2.447813E-2 	8.838295E-5	-2.25E-1   	40.00     	1658.93	22.9 	37.8 	0.000000E+0	0.000000E+0	0.000000E+0	0.000000E+0	0.000000E+0	0.000000E+0	0.000000E+0	0.000000E+0
40.0    	23      	2.494447E-2 	1.138376E-4	-5.00E-1   	40.00     	1660.82	22.9 	37.8 	0.000000E+0	0.000000E+0	0.000000E+0	0.000000E+0	0.000000E+0	0.000000E+0	0.000000E+0	0.000000E+0
40.0    	24      	3.007212E-2 	1.966121E-4	-6.11E-1   	40.00     	1662.72	22.9 	37.8 	0.000000E+0	0.000000E+0	0.000000E+0	0.000000E+0	0.000000E+0	0.000000E+0	0.000000E+0	0.000000E+0
40.0    	25      	1.040348E-1 	6.874374E-3	-4.30E-1   	40.00     	1664.62	22.9 	37.8 	0.000000E+0	0.000000E+0	0.000000E+0	0.000000E+0	0.000000E+0	0.000000E+0	0.000000E+0	0.000000E+0
40.0    	26      	3.587032E-2 	1.576844E-4	-5.31E-1   	40.00     	1666.52	22.9 	37.8 	0.000000E+0	0.000000E+0	0.000000E+0	0.000000E+0	0.000000E+0	0.000000E+0	0.000000E+0	0.000000E+0
40.0    	27      	2.440372E-2 	1.306288E-4	-6.95E-1   	40.00     	1668.43	22.9 	37.8 	0.000000E+0	0.000000E+0	0.000000E+0	0.000000E+0	0.000000E+0	0.000000E+0	0.000000E+0	0.000000E+0
40.0    	28      	2.491913E-2 	2.222123E-4	-6.61E-1   	40.00     	1670.33	22.9 	37.8 	0.000000E+0	0.000000E+0	0.000000E+0	0.000000E+0	0.000000E+0	0.000000E+0	0.000000E+0	0.000000E+0
40.0    	29      	3.145402E-2 	2.994236E-4	-6.53E-1   	40.00     	1672.23	22.9 	37.8 	0.000000E+0	0.000000E+0	0.000000E+0	0.000000E+0	0.000000E+0	0.000000E+0	0.000000E+0	0.000000E+0
40.0    	30      	2.384812E-2 	3.926995E-5	-6.87E-1   	40.00     	1674.13	22.9 	37.8 	0.000000E+0	0.000000E+0	0.000000E+0	0.000000E+0	0.000000E+0	0.000000E+0	0.000000E+0	0.000000E+0
40.0    	31      	2.219526E-2 	9.498377E-5	-3.16E-1   	40.00     	1676.04	22.9 	37.8 	0.000000E+0	0.000000E+0	0.000000E+0	0.000000E+0	0.000000E+0	0.000000E+0	0.000000E+0	0.000000E+0
40.0    	32      	3.131534E-2 	1.525685E-4	-9.01E-1   	40.00     	1677.94	22.9 	37.8 	0.000000E+0	0.000000E+0	0.000000E+0	0.000000E+0	0.000000E+0	0.000000E+0	0.000000E+0	0.000000E+0
40.0    	33      	8.573324E-2 	5.660477E-5	-3.61E-1   	40.00     	1679.84	22.9 	37.7 	0.000000E+0	0.000000E+0	0.000000E+0	0.000000E+0	0.000000E+0	0.000000E+0	0.000000E+0	0.000000E+0
40.0    	34      	7.940443E-2 	8.274374E-5	-3.96E-1   	40.00     	1681.74	22.9 	37.7 	0.000000E+0	0.000000E+0	0.000000E+0	0.000000E+0	0.000000E+0	0.000000E+0	0.000000E+0	0.000000E+0
40.0    	35      	1.081931E-1 	1.304954E-4	-6.47E-1   	40.00     	1683.65	22.9 	37.8 	0.000000E+0	0.000000E+0	0.000000E+0	0.000000E+0	0.000000E+0	0.000000E+0	0.000000E+0	0.000000E+0
40.0    	36      	2.370282E-2 	1.714744E-4	-5.97E-1   	40.00     	1685.55	22.9 	37.8 	0.000000E+0	0.000000E+0	0.000000E+0	0.000000E+0	0.000000E+0	0.000000E+0	0.000000E+0	0.000000E+0
40.0    	37      	2.235513E-2 	1.342452E-4	-6.51E-1   	40.00     	1687.45	22.9 	37.7 	0.000000E+0	0.000000E+0	0.000000E+0	0.000000E+0	0.000000E+0	0.000000E+0	0.000000E+0	0.000000E+0
40.0    	38      	2.374747E-2 	1.344334E-4	-5.19E-1   	40.00     	1689.34	22.9 	37.8 	0.000000E+0	0.000000E+0	0.000000E+0	0.000000E+0	0.000000E+0	0.000000E+0	0.000000E+0	0.000000E+0
40.0    	39      	2.482352E-2 	1.129652E-4	-3.05E-1   	40.00     	1691.24	22.9 	37.7 	0.000000E+0	0.000000E+0	0.000000E+0	0.000000E+0	0.000000E+0	0.000000E+0	0.000000E+0	0.000000E+0
40.0    	40      	-2.482997E-2	1.775917E-4	-4.18E-1   	40.00     	1693.15	22.9 	37.8 	0.000000E+0	0.000000E+0	0.000000E+0	0.000000E+0	0.000000E+0	0.000000E+0	0.000000E+0	0.000000E+0
40.0    	41      	2.424987E-2 	6.870682E-3	-6.82E-1   	40.00     	1695.04	22.9 	37.7 	0.000000E+0	0.000000E+0	0.000000E+0	0.000000E+0	0.000000E+0	0.000000E+0	0.000000E+0	0.000000E+0
40.0    	42      	3.304863E-2 	3.503130E-3	-5.86E-1   	40.00     	1696.94	22.9 	37.8 	0.000000E+0	0.000000E+0	0.000000E+0	0.000000E+0	0.000000E+0	0.000000E+0	0.000000E+0	0.000000E+0
40.0    	43      	2.302439E-2 	8.243061E-5	-5.23E-1   	40.00     	1698.85	22.9 	37.7 	0.000000E+0	0.000000E+0	0.000000E+0	0.000000E+0	0.000000E+0	0.000000E+0	0.000000E+0	0.000000E+0
40.0    	44      	1.006669E-2 	1.480643E-4	-6.10E-1   	40.00     	1700.75	22.9 	37.7 	0.000000E+0	0.000000E+0	0.000000E+0	0.000000E+0	0.000000E+0	0.000000E+0	0.000000E+0	0.000000E+0
40.0    	45      	-9.569597E-3	1.215542E-4	-2.76E-1   	40.00     	1702.65	22.9 	37.8 	0.000000E+0	0.000000E+0	0.000000E+0	0.000000E+0	0.000000E+0	0.000000E+0	0.000000E+0	0.000000E+0
40.0    	46      	4.728438E-2 	1.884194E-4	-4.27E-1   	40.00     	1704.55	22.9 	37.8 	0.000000E+0	0.000000E+0	0.000000E+0	0.000000E+0	0.000000E+0	0.000000E+0	0.000000E+0	0.000000E+0
40.0    	47      	4.158653E-2 	7.186563E-5	-6.50E-1   	40.00     	1706.46	22.9 	37.8 	0.000000E+0	0.000000E+0	0.000000E+0	0.000000E+0	0.000000E+0	0.000000E+0	0.000000E+0	0.000000E+0
40.0    	48      	3.266810E-2 	1.686449E-4	-5.42E-1   	40.00     	1708.36	22.9 	37.8 	0.000000E+0	0.000000E+0	0.000000E+0	0.000000E+0	0.000000E+0	0.000000E+0	0.000000E+0	0.000000E+0
40.0    	49      	2.016565E-2 	1.072129E-4	-7.91E-1   	40.00     	1710.26	22.9 	37.7 	0.000000E+0	0.000000E+0	0.000000E+0	0.000000E+0	0.000000E+0	0.000000E+0	0.000000E+0	0.000000E+0
40.0    	50      	7.733780E-2 	1.955997E-4	-4.93E-1   	40.00     	1712.16	22.9 	37.7 	0.000000E+0	0.000000E+0	0.000000E+0	0.000000E+0	0.000000E+0	0.000000E+0	0.000000E+0	0.000000E+0
40.0    	51      	9.703582E-2 	3.613002E-5	-6.39E-1   	40.00     	1714.07	22.9 	37.8 	0.000000E+0	0.000000E+0	0.000000E+0	0.000000E+0	0.000000E+0	0.000000E+0	0.000000E+0	0.000000E+0
40.0    	52      	2.371263E-2 	9.879625E-5	-6.22E-1   	40.00     	1715.97	22.9 	37.8 	0.000000E+0	0.000000E+0	0.000000E+0	0.000000E+0	0.000000E+0	0.000000E+0	0.000000E+0	0.000000E+0
40.0    	53      	2.346665E-2 	1.543322E-4	-4.76E-1   	40.00     	1717.87	22.9 	37.8 	0.000000E+0	0.000000E+0	0.000000E+0	0.000000E+0	0.000000E+0	0.000000E+0	0.000000E+0	0.000000E+0
40.0    	54      	2.349767E-2 	6.472968E-5	-4.83E-1   	40.00     	1719.77	22.9 	37.8 	0.000000E+0	0.000000E+0	0.000000E+0	0.000000E+0	0.000000E+0	0.000000E+0	0.000000E+0	0.000000E+0
40.0    	55      	2.269735E-2 	9.681369E-5	-3.34E-1   	40.00     	1721.67	22.9 	37.8 	0.000000E+0	0.000000E+0	0.000000E+0	0.000000E+0	0.000000E+0	0.000000E+0	0.000000E+0	0.000000E+0
40.0    	56      	3.460716E-2 	9.782922E-5	-3.18E-1   	40.00     	1723.58	22.9 	37.8 	0.000000E+0	0.000000E+0	0.000000E+0	0.000000E+0	0.000000E+0	0.000000E+0	0.000000E+0	0.000000E+0
40.0    	57      	3.486231E-2 	2.445539E-5	-5.19E-1   	40.00     	1725.48	22.9 	37.8 	0.000000E+0	0.000000E+0	0.000000E+0	0.000000E+0	0.000000E+0	0.000000E+0	0.000000E+0	0.000000E+0
40.0    	58      	3.555945E-2 	1.412110E-4	-5.12E-1   	40.00     	1727.38	22.9 	37.8 	0.000000E+0	0.000000E+0	0.000000E+0	0.000000E+0	0.000000E+0	0.000000E+0	0.000000E+0	0.000000E+0
40.0    	59      	2.628486E-2 	7.681065E-3	-4.72E-1   	40.00     	1729.29	22.9 	37.7 	0.000000E+0	0.000000E+0	0.000000E+0	0.000000E+0	0.000000E+0	0.000000E+0	0.000000E+0	0.000000E+0
40.0    	60      	2.566847E-2 	1.065317E-3	-3.15E-1   	40.00     	1731.19	22.9 	37.8 	0.000000E+0	0.000000E+0	0.000000E+0	0.000000E+0	0.000000E+0	0.000000E+0	0.000000E+0	0.000000E+0
40.0    	61      	1.388595E-1 	2.747582E-4	-3.87E-1   	40.00     	1733.10	22.9 	37.8 	0.000000E+0	0.000000E+0	0.000000E+0	0.000000E+0	0.000000E+0	0.000000E+0	0.000000E+0	0.000000E+0
40.0    	62      	2.593567E-2 	1.903311E-4	-2.75E-1   	40.00     	1735.00	22.9 	37.8 	0.000000E+0	0.000000E+0	0.000000E+0	0.000000E+0	0.000000E+0	0.000000E+0	0.000000E+0	0.000000E+0
40.0    	63      	7.116320E-2 	4.973098E-5	-5.97E-1   	40.00     	1736.90	22.9 	37.8 	0.000000E+0	0.000000E+0	0.000000E+0	0.000000E+0	0.000000E+0	0.000000E+0	0.000000E+0	0.000000E+0
40.0    	64      	2.597650E-2 	2.572732E-4	-6.67E-1   	40.00     	1738.81	22.9 	37.8 	0.000000E+0	0.000000E+0	0.000000E+0	0.000000E+0	0.000000E+0	0.000000E+0	0.000000E+0	0.000000E+0
40.0    	65      	2.069940E-2 	6.816348E-5	-3.93E-1   	40.00     	1740.71	22.9 	37.8 	0.000000E+0	0.000000E+0	0.000000E+0	0.000000E+0	0.000000E+0	0.000000E+0	0.000000E+0	0.000000E+0
40.0    	66      	7.978880E-2 	1.369427E-4	-5.83E-1   	40.00     	1742.61	22.9 	37.7 	0.000000E+0	0.000000E+0	0.000000E+0	0.000000E+0	0.000000E+0	0.000000E+0	0.000000E+0	0.000000E+0
40.0    	67      	8.964588E-2 	1.789675E-4	-7.57E-1   	40.00     	1744.51	22.9 	37.8 	0.000000E+0	0.000000E+0	0.000000E+0	0.000000E+0	0.000000E+0	0.000000E+0	0.000000E+0	0.000000E+0
40.0    	68      	2.271129E-2 	3.377444E-5	-7.33E-1   	40.00     	1746.41	22.9 	37.8 	0.000000E+0	0.000000E+0	0.000000E+0	0.000000E+0	0.000000E+0	0.000000E+0	0.000000E+0	0.000000E+0
40.0    	69      	2.248208E-2 	7.831795E-5	-8.11E-1   	40.00     	1748.32	22.9 	37.7 	0.000000E+0	0.000000E+0	0.000000E+0	0.000000E+0	0.000000E+0	0.000000E+0	0.000000E+0	0.000000E+0
40.0    	70      	2.104797E-2 	7.837344E-5	-5.74E-1   	40.00     	1750.22	22.9 	37.8 	0.000000E+0	0.000000E+0	0.000000E+0	0.000000E+0	0.000000E+0	0.000000E+0	0.000000E+0	0.000000E+0
40.0    	71      	2.126261E-2 	5.404461E-5	-6.36E-1   	40.00     	1752.13	22.9 	37.8 	0.000000E+0	0.000000E+0	0.000000E+0	0.000000E+0	0.000000E+0	0.000000E+0	0.000000E+0	0.000000E+0
40.0    	72      	2.917937E-2 	1.595577E-4	-3.08E-1   	40.00     	1754.03	22.9 	37.7 	0.000000E+0	0.000000E+0	0.000000E+0	0.000000E+0	0.000000E+0	0.000000E+0	0.000000E+0	0.000000E+0
40.0    	73      	2.407134E-2 	9.377388E-5	-3.36E-1   	40.00     	1755.93	22.9 	37.8 	0.000000E+0	0.000000E+0	0.000000E+0	0.000000E+0	0.000000E+0	0.000000E+0	0.000000E+0	0.000000E+0
40.0    	74      	4.716945E-2 	6.349249E-5	-5.65E-1   	40.00     	1757.84	22.9 	37.7 	0.000000E+0	0.000000E+0	0.000000E+0	0.000000E+0	0.000000E+0	0.000000E+0	0.000000E+0	0.000000E+0
40.0    	75      	2.144718E-2 	8.298366E-5	-6.84E-1   	40.00     	1759.75	22.9 	37.7 	0.000000E+0	0.000000E+0	0.000000E+0	0.000000E+0	0.000000E+0	0.000000E+0	0.000000E+0	0.000000E+0
40.0    	76      	3.850904E-2 	1.884880E-4	-5.46E-1   	40.00     	1761.65	22.9 	37.7 	0.000000E+0	0.000000E+0	0.000000E+0	0.000000E+0	0.000000E+0	0.000000E+0	0.000000E+0	0.000000E+0
40.0    	77      	1.795686E-2 	2.918298E-2	-3.31E-1   	40.00     	1763.55	22.9 	37.7 	0.000000E+0	0.000000E+0	0.000000E+0	0.000000E+0	0.000000E+0	0.000000E+0	0.000000E+0	0.000000E+0
40.0    	78      	2.156894E-3 	1.913548E-3	-7.11E-1   	40.00     	1765.46	22.9 	37.7 	0.000000E+0	0.000000E+0	0.000000E+0	0.000000E+0	0.000000E+0	0.000000E+0	0.000000E+0	0.000000E+0
40.0    	79      	2.628138E-2 	9.217379E-4	-3.70E-1   	40.00     	1767.36	22.9 	37.7 	0.000000E+0	0.000000E+0	0.000000E+0	0.000000E+0	0.000000E+0	0.000000E+0	0.000000E+0	0.000000E+0
40.0    	80      	2.510338E-2 	1.100096E-5	-3.29E-1   	40.00     	1769.26	22.9 	37.7 	0.000000E+0	0.000000E+0	0.000000E+0	0.000000E+0	0.000000E+0	0.000000E+0	0.000000E+0	0.000000E+0
40.0    	81      	2.146048E-2 	4.852240E-5	-6.83E-1   	40.00     	1771.16	22.9 	37.7 	0.000000E+0	0.000000E+0	0.000000E+0	0.000000E+0	0.000000E+0	0.000000E+0	0.000000E+0	0.000000E+0
40.0    	82      	7.782878E-2 	1.475147E-5	-5.39E-1   	40.00     	1773.07	22.9 	37.7 	0.000000E+0	0.000000E+0	0.000000E+0	0.000000E+0	0.000000E+0	0.000000E+0	0.000000E+0	0.000000E+0
40.0    	83      	9.071183E-2 	1.473680E-4	-4.24E-1   	40.00     	1774.97	22.9 	37.7 	0.000000E+0	0.000000E+0	0.000000E+0	0.000000E+0	0.000000E+0	0.000000E+0	0.000000E+0	0.000000E+0
40.0    	84      	2.448131E-2 	9.938169E-5	-6.11E-1   	40.00     	1776.87	22.9 	37.7 	0.000000E+0	0.000000E+0	0.000000E+0	0.000000E+0	0.000000E+0	0.000000E+0	0.000000E+0	0.000000E+0
40.0    	85      	2.266222E-2 	1.599187E-4	-3.70E-1   	40.00     	1778.78	22.9 	37.7 	0.000000E+0	0.000000E+0	0.000000E+0	0.000000E+0	0.000000E+0	0.000000E+0	0.000000E+0	0.000000E+0
40.0    	86      	2.095205E-2 	1.058358E-4	-3.12E-1   	40.00     	1780.68	22.9 	37.7 	0.000000E+0	0.000000E+0	0.000000E+0	0.000000E+0	0.000000E+0	0.000000E+0	0.000000E+0	0.000000E+0
40.0    	87      	2.118125E-2 	1.092285E-4	-3.45E-1   	40.00     	1782.58	22.9 	37.7 	0.000000E+0	0.000000E+0	0.000000E+0	0.000000E+0	0.000000E+0	0.000000E+0	0.000000E+0	0.000000E+0
40.0    	88      	3.703281E-2 	7.287078E-5	-3.60E-1   	40.00     	1784.48	22.9 	37.7 	0.000000E+0	0.000000E+0	0.000000E+0	0.000000E+0	0.000000E+0	0.000000E+0	0.000000E+0	0.000000E+0
40.0    	89      	1.960309E-2 	1.348540E-4	-5.15E-1   	40.00     	1786.38	22.9 	37.7 	0.000000E+0	0.000000E+0	0.000000E+0	0.000000E+0	0.000000E+0	0.000000E+0	0.000000E+0	0.000000E+0
40.0    	90      	4.356391E-2 	4.001903E-5	-9.20E-1   	40.00     	1788.29	22.9 	37.7 	0.000000E+0	0.000000E+0	0.000000E+0	0.000000E+0	0.000000E+0	0.000000E+0	0.000000E+0	0.000000E+0
40.0    	91      	2.196259E-2 	5.591592E-5	-4.09E-1   	40.00     	1790.19	22.9 	37.7 	0.000000E+0	0.000000E+0	0.000000E+0	0.000000E+0	0.000000E+0	0.000000E+0	0.000000E+0	0.000000E+0
40.0    	92      	2.837177E-2 	1.401327E-4	-7.93E-1   	40.00     	1792.09	22.9 	37.7 	0.000000E+0	0.000000E+0	0.000000E+0	0.000000E+0	0.000000E+0	0.000000E+0	0.000000E+0	0.000000E+0
40.0    	93      	2.608573E-2 	1.506735E-4	-6.52E-1   	40.00     	1793.99	22.9 	37.7 	0.000000E+0	0.000000E+0	0.000000E+0	0.000000E+0	0.000000E+0	0.000000E+0	0.000000E+0	0.000000E+0
40.0    	94      	4.287029E-2 	1.420343E-4	-4.39E-1   	40.00     	1795.90	22.9 	37.7 	0.000000E+0	0.000000E+0	0.000000E+0	0.000000E+0	0.000000E+0	0.000000E+0	0.000000E+0	0.000000E+0
40.0    	95      	2.942251E-2 	1.803029E-4	-6.22E-1   	40.00     	1797.80	22.9 	37.7 	0.000000E+0	0.000000E+0	0.000000E+0	0.000000E+0	0.000000E+0	0.000000E+0	0.000000E+0	0.000000E+0
40.0    	96      	2.498213E-2 	1.008321E-4	-5.01E-1   	40.00     	1799.70	22.9 	37.7 	0.000000E+0	0.000000E+0	0.000000E+0	0.000000E+0	0.000000E+0	0.000000E+0	0.000000E+0	0.000000E+0
40.0    	97      	2.268976E-2 	1.385917E-4	-4.14E-1   	40.00     	1801.61	22.9 	37.7 	0.000000E+0	0.000000E+0	0.000000E+0	0.000000E+0	0.000000E+0	0.000000E+0	0.000000E+0	0.000000E+0
40.0    	98      	8.114660E-2 	1.885457E-4	-2.75E-1   	40.00     	1803.51	22.9 	37.7 	0.000000E+0	0.000000E+0	0.000000E+0	0.000000E+0	0.000000E+0	0.000000E+0	0.000000E+0	0.000000E+0
40.0    	99      	7.938675E-2 	1.282964E-4	-4.51E-1   	40.00     	1805.41	22.9 	37.7 	0.000000E+0	0.000000E+0	0.000000E+0	0.000000E+0	0.000000E+0	0.000000E+0	0.000000E+0	0.000000E+0
40.0    	100     	2.320737E-2 	8.966087E-5	-6.35E-1   	40.00     	1807.32	22.9 	37.7 	0.000000E+0	0.000000E+0	0.000000E+0	0.000000E+0	0.000000E+0	0.000000E+0	0.000000E+0	0.000000E+0
40.0    	101     	2.786081E-2 	1.363078E-5	-4.54E-1   	40.00     	1809.22	22.9 	37.7 	0.000000E+0	0.000000E+0	0.000000E+0	0.000000E+0	0.000000E+0	0.000000E+0	0.000000E+0	0.000000E+0
40.0    	102     	2.061425E-2 	8.366840E-5	-4.56E-1   	40.00     	1811.12	22.9 	37.7 	0.000000E+0	0.000000E+0	0.000000E+0	0.000000E+0	0.000000E+0	0.000000E+0	0.000000E+0	0.000000E+0
40.0    	103     	5.475601E-2 	3.644050E-5	-2.07E-1   	40.00     	1813.03	22.9 	37.7 	0.000000E+0	0.000000E+0	0.000000E+0	0.000000E+0	0.000000E+0	0.000000E+0	0.000000E+0	0.000000E+0
40.0    	104     	-4.544239E-2	1.436193E-4	-6.10E-1   	40.00     	1814.93	22.9 	37.7 	0.000000E+0	0.000000E+0	0.000000E+0	0.000000E+0	0.000000E+0	0.000000E+0	0.000000E+0	0.000000E+0
40.0    	105     	3.444445E-2 	1.138558E-4	-4.13E-1   	40.00     	1816.84	22.9 	37.7 	0.000000E+0	0.000000E+0	0.000000E+0	0.000000E+0	0.000000E+0	0.000000E+0	0.000000E+0	0.000000E+0
40.0    	106     	4.583253E-2 	1.132396E-4	-7.62E-1   	40.00     	1818.74	22.9 	37.7 	0.000000E+0	0.000000E+0	0.000000E+0	0.000000E+0	0.000000E+0	0.000000E+0	0.000000E+0	0.000000E+0
40.0    	107     	2.153614E-2 	1.366082E-4	-1.81E-1   	40.00     	1820.64	22.9 	37.7 	0.000000E+0	0.000000E+0	0.000000E+0	0.000000E+0	0.000000E+0	0.000000E+0	0.000000E+0	0.000000E+0
40.0    	108     	2.709976E-2 	9.213009E-5	-4.24E-1   	40.00     	1822.55	22.9 	37.7 	0.000000E+0	0.000000E+0	0.000000E+0	0.000000E+0	0.000000E+0	0.000000E+0	0.000000E+0	0.000000E+0
40.0    	109     	2.466333E-2 	1.020968E-4	-8.03E-1   	40.00     	1824.45	22.9 	37.7 	0.000000E+0	0.000000E+0	0.000000E+0	0.000000E+0	0.000000E+0	0.000000E+0	0.000000E+0	0.000000E+0
40.0    	110     	2.651565E-2 	1.199652E-4	-6.29E-1   	40.00     	1826.35	22.9 	37.7 	0.000000E+0	0.000000E+0	0.000000E+0	0.000000E+0	0.000000E+0	0.000000E+0	0.000000E+0	0.000000E+0
40.0    	111     	2.352618E-2 	1.527558E-4	-6.80E-1   	40.00     	1828.26	22.9 	37.7 	0.000000E+0	0.000000E+0	0.000000E+0	0.000000E+0	0.000000E+0	0.000000E+0	0.000000E+0	0.000000E+0
40.0    	112     	2.345684E-2 	6.914958E-5	-5.90E-1   	40.00     	1830.16	22.9 	37.7 	0.000000E+0	0.000000E+0	0.000000E+0	0.000000E+0	0.000000E+0	0.000000E+0	0.000000E+0	0.000000E+0
40.0    	113     	2.264702E-2 	9.874191E-5	-6.99E-1   	40.00     	1832.07	22.9 	37.7 	0.000000E+0	0.000000E+0	0.000000E+0	0.000000E+0	0.000000E+0	0.000000E+0	0.000000E+0	0.000000E+0
40.0    	114     	7.981005E-2 	1.683203E-4	-8.86E-1   	40.00     	1833.97	22.9 	37.7 	0.000000E+0	0.000000E+0	0.000000E+0	0.000000E+0	0.000000E+0	0.000000E+0	0.000000E+0	0.000000E+0
40.0    	115     	8.258867E-2 	1.389597E-4	-3.47E-1   	40.00     	1835.88	22.9 	37.7 	0.000000E+0	0.000000E+0	0.000000E+0	0.000000E+0	0.000000E+0	0.000000E+0	0.000000E+0	0.000000E+0
40.0    	116     	2.349389E-2 	1.247464E-4	-5.84E-1   	40.00     	1837.78	22.9 	37.7 	0.000000E+0	0.000000E+0	0.000000E+0	0.000000E+0	0.000000E+0	0.000000E+0	0.000000E+0	0.000000E+0
40.0    	117     	2.243238E-2 	4.130008E-5	-7.14E-1   	40.00     	1839.69	22.9 	37.7 	0.000000E+0	0.000000E+0	0.000000E+0	0.000000E+0	0.000000E+0	0.000000E+0	0.000000E+0	0.000000E+0
40.0    	118     	2.144528E-2 	8.498258E-5	-4.03E-1   	40.00     	1841.59	22.9 	37.7 	0.000000E+0	0.000000E+0	0.000000E+0	0.000000E+0	0.000000E+0	0.000000E+0	0.000000E+0	0.000000E+0
40.0    	119     	2.172070E-2 	8.372659E-5	-7.96E-1   	40.00     	1843.50	22.9 	37.7 	0.000000E+0	0.000000E+0	0.000000E+0	0.000000E+0	0.000000E+0	0.000000E+0	0.000000E+0	0.000000E+0
40.0    	120     	3.943727E-2 	1.434945E-4	-2.40E-1   	40.00     	1845.40	22.9 	37.7 	0.000000E+0	0.000000E+0	0.000000E+0	0.000000E+0	0.000000E+0	0.000000E+0	0.000000E+0	0.000000E+0
40.0    	121     	2.195656E-2 	1.576993E-4	-3.57E-1   	40.00     	1847.30	22.9 	37.7 	0.000000E+0	0.000000E+0	0.000000E+0	0.000000E+0	0.000000E+0	0.000000E+0	0.000000E+0	0.000000E+0
40.0    	122     	3.968136E-2 	4.621362E-5	-7.00E-1   	40.00     	1849.21	22.9 	37.7 	0.000000E+0	0.000000E+0	0.000000E+0	0.000000E+0	0.000000E+0	0.000000E+0	0.000000E+0	0.000000E+0
40.0    	123     	6.013633E-2 	2.589010E-4	-4.64E-1   	40.00     	1851.11	22.9 	37.7 	0.000000E+0	0.000000E+0	0.000000E+0	0.000000E+0	0.000000E+0	0.000000E+0	0.000000E+0	0.000000E+0
40.0    	124     	2.290853E-2 	1.582108E-4	-5.88E-1   	40.00     	1853.01	22.9 	37.7 	0.000000E+0	0.000000E+0	0.000000E+0	0.000000E+0	0.000000E+0	0.000000E+0	0.000000E+0	0.000000E+0
40.0    	125     	2.283413E-2 	2.233019E-4	-6.79E-1   	40.00     	1854.91	22.9 	37.7 	0.000000E+0	0.000000E+0	0.000000E+0	0.000000E+0	0.000000E+0	0.000000E+0	0.000000E+0	0.000000E+0
40.0    	126     	2.552571E-2 	1.585564E-4	-2.77E-1   	40.00     	1856.82	22.9 	37.7 	0.000000E+0	0.000000E+0	0.000000E+0	0.000000E+0	0.000000E+0	0.000000E+0	0.000000E+0	0.000000E+0
40.0    	127     	2.539717E-2 	1.170163E-4	-4.73E-1   	40.00     	1858.72	22.9 	37.7 	0.000000E+0	0.000000E+0	0.000000E+0	0.000000E+0	0.000000E+0	0.000000E+0	0.000000E+0	0.000000E+0
40.0    	128     	2.466524E-2 	7.019425E-5	-3.03E-1   	40.00     	1860.62	22.9 	37.7 	0.000000E+0	0.000000E+0	0.000000E+0	0.000000E+0	0.000000E+0	0.000000E+0	0.000000E+0	0.000000E+0
40.0    	129     	2.173241E-2 	1.032597E-4	-6.85E-1   	40.00     	1862.53	22.9 	37.7 	0.000000E+0	0.000000E+0	0.000000E+0	0.000000E+0	0.000000E+0	0.000000E+0	0.000000E+0	0.000000E+0
40.0    	130     	8.128941E-2 	1.406865E-4	-4.29E-1   	40.00     	1864.43	22.9 	37.7 	0.000000E+0	0.000000E+0	0.000000E+0	0.000000E+0	0.000000E+0	0.000000E+0	0.000000E+0	0.000000E+0
40.0    	131     	9.295004E-2 	1.622116E-4	-6.05E-1   	40.00     	1866.34	22.9 	37.7 	0.000000E+0	0.000000E+0	0.000000E+0	0.000000E+0	0.000000E+0	0.000000E+0	0.000000E+0	0.000000E+0
40.0    	132     	8.315946E-2 	1.546446E-4	-3.60E-1   	40.00     	1868.24	22.9 	37.7 	0.000000E+0	0.000000E+0	0.000000E+0	0.000000E+0	0.000000E+0	0.000000E+0	0.000000E+0	0.000000E+0
40.0    	133     	2.240737E-2 	2.650001E-4	-8.85E-1   	40.00     	1870.13	22.9 	37.7 	0.000000E+0	0.000000E+0	0.000000E+0	0.000000E+0	0.000000E+0	0.000000E+0	0.000000E+0	0.000000E+0
40.0    	134     	2.169031E-2 	1.396160E-4	-3.43E-1   	40.00     	1872.04	22.9 	37.7 	0.000000E+0	0.000000E+0	0.000000E+0	0.000000E+0	0.000000E+0	0.000000E+0	0.000000E+0	0.000000E+0
40.0    	135     	2.202178E-2 	7.892858E-5	-6.60E-1   	40.00     	1873.94	22.9 	37.7 	0.000000E+0	0.000000E+0	0.000000E+0	0.000000E+0	0.000000E+0	0.000000E+0	0.000000E+0	0.000000E+0
40.0    	136     	-5.217647E-2	2.070519E-4	-6.56E-1   	40.00     	1875.84	22.9 	37.7 	0.000000E+0	0.000000E+0	0.000000E+0	0.000000E+0	0.000000E+0	0.000000E+0	0.000000E+0	0.000000E+0
40.0    	137     	6.545671E-3 	1.757172E-4	-2.75E-1   	40.00     	1877.75	22.9 	37.7 	0.000000E+0	0.000000E+0	0.000000E+0	0.000000E+0	0.000000E+0	0.000000E+0	0.000000E+0	0.000000E+0
40.0    	138     	3.324493E-2 	1.041138E-4	-6.77E-1   	40.00     	1879.65	22.9 	37.7 	0.000000E+0	0.000000E+0	0.000000E+0	0.000000E+0	0.000000E+0	0.000000E+0	0.000000E+0	0.000000E+0
40.0    	139     	2.138703E-2 	2.676514E-5	-2.65E-1   	40.00     	1881.55	22.9 	37.7 	0.000000E+0	0.000000E+0	0.000000E+0	0.000000E+0	0.000000E+0	0.000000E+0	0.000000E+0	0.000000E+0
40.0    	140     	-6.723277E-3	1.257071E-4	-3.39E-1   	40.00     	1883.46	22.9 	37.7 	0.000000E+0	0.000000E+0	0.000000E+0	0.000000E+0	0.000000E+0	0.000000E+0	0.000000E+0	0.000000E+0
40.0    	141     	4.444516E-3 	8.692169E-5	-4.32E-1   	40.00     	1885.36	22.9 	37.7 	0.000000E+0	0.000000E+0	0.000000E+0	0.000000E+0	0.000000E+0	0.000000E+0	0.000000E+0	0.000000E+0
40.0    	142     	2.603477E-2 	9.877115E-5	-1.61E-1   	40.00     	1887.27	22.9 	37.7 	0.000000E+0	0.000000E+0	0.000000E+0	0.000000E+0	0.000000E+0	0.000000E+0	0.000000E+0	0.000000E+0
40.0    	143     	4.296366E-2 	1.536329E-5	-4.12E-1   	40.00     	1889.17	22.9 	37.7 	0.000000E+0	0.000000E+0	0.000000E+0	0.000000E+0	0.000000E+0	0.000000E+0	0.000000E+0	0.000000E+0
40.0    	144     	2.136234E-2 	1.380261E-4	-7.42E-1   	40.00     	1891.07	22.9 	37.7 	0.000000E+0	0.000000E+0	0.000000E+0	0.000000E+0	0.000000E+0	0.000000E+0	0.000000E+0	0.000000E+0
40.0    	145     	2.285914E-2 	6.947737E-5	-5.65E-1   	40.00     	1892.98	22.9 	37.7 	0.000000E+0	0.000000E+0	0.000000E+0	0.000000E+0	0.000000E+0	0.000000E+0	0.000000E+0	0.000000E+0
40.0    	146     	7.953776E-2 	1.827887E-5	-4.47E-1   	40.00     	1894.88	22.9 	37.7 	0.000000E+0	0.000000E+0	0.000000E+0	0.000000E+0	0.000000E+0	0.000000E+0	0.000000E+0	0.000000E+0
40.0    	147     	9.488816E-2 	9.546442E-5	-6.10E-1   	40.00     	1896.79	22.9 	37.7 	0.000000E+0	0.000000E+0	0.000000E+0	0.000000E+0	0.000000E+0	0.000000E+0	0.000000E+0	0.000000E+0
40.0    	148     	2.796972E-2 	1.211102E-4	-6.52E-1   	40.00     	1898.69	22.9 	37.7 	0.000000E+0	0.000000E+0	0.000000E+0	0.000000E+0	0.000000E+0	0.000000E+0	0.000000E+0	0.000000E+0
40.0    	149     	2.147568E-2 	1.195746E-4	-5.01E-1   	40.00     	1900.60	22.9 	37.7 	0.000000E+0	0.000000E+0	0.000000E+0	0.000000E+0	0.000000E+0	0.000000E+0	0.000000E+0	0.000000E+0
40.0    	150     	2.177927E-2 	3.841046E-6	-3.62E-1   	40.00     	1902.51	22.9 	37.7 	0.000000E+0	0.000000E+0	0.000000E+0	0.000000E+0	0.000000E+0	0.000000E+0	0.000000E+0	0.000000E+0
40.0    	151     	1.438143E-1 	1.382946E-4	-3.43E-1   	40.00     	1904.41	22.9 	37.7 	0.000000E+0	0.000000E+0	0.000000E+0	0.000000E+0	0.000000E+0	0.000000E+0	0.000000E+0	0.000000E+0
40.0    	152     	3.023107E-2 	2.051857E-4	-4.50E-1   	40.00     	1906.32	22.9 	37.7 	0.000000E+0	0.000000E+0	0.000000E+0	0.000000E+0	0.000000E+0	0.000000E+0	0.000000E+0	0.000000E+0
40.0    	153     	2.113503E-2 	7.007545E-5	-2.61E-1   	40.00     	1908.21	22.9 	37.7 	0.000000E+0	0.000000E+0	0.000000E+0	0.000000E+0	0.000000E+0	0.000000E+0	0.000000E+0	0.000000E+0
40.0    	154     	3.837039E-2 	1.256485E-4	-4.87E-1   	40.00     	1910.12	22.9 	37.7 	0.000000E+0	0.000000E+0	0.000000E+0	0.000000E+0	0.000000E+0	0.000000E+0	0.000000E+0	0.000000E+0
40.0    	155     	2.102771E-2 	2.086007E-4	-3.77E-1   	40.00     	1912.03	22.9 	37.7 	0.000000E+0	0.000000E+0	0.000000E+0	0.000000E+0	0.000000E+0	0.000000E+0	0.000000E+0	0.000000E+0
40.0    	156     	2.003871E-2 	1.767016E-4	-5.21E-1   	40.00     	1913.93	22.9 	37.7 	0.000000E+0	0.000000E+0	0.000000E+0	0.000000E+0	0.000000E+0	0.000000E+0	0.000000E+0	0.000000E+0
40.0    	157     	2.703834E-2 	1.864925E-4	-5.62E-1   	40.00     	1915.84	22.9 	37.7 	0.000000E+0	0.000000E+0	0.000000E+0	0.000000E+0	0.000000E+0	0.000000E+0	0.000000E+0	0.000000E+0
40.0    	158     	2.644380E-2 	5.190215E-5	-6.34E-1   	40.00     	1917.76	22.9 	37.7 	0.000000E+0	0.000000E+0	0.000000E+0	0.000000E+0	0.000000E+0	0.000000E+0	0.000000E+0	0.000000E+0
40.0    	159     	2.193883E-2 	2.127181E-4	-9.08E-1   	40.00     	1919.66	22.9 	37.7 	0.000000E+0	0.000000E+0	0.000000E+0	0.000000E+0	0.000000E+0	0.000000E+0	0.000000E+0	0.000000E+0
40.0    	160     	2.314786E-2 	1.162617E-4	-3.10E-1   	40.00     	1921.60	22.9 	37.7 	0.000000E+0	0.000000E+0	0.000000E+0	0.000000E+0	0.000000E+0	0.000000E+0	0.000000E+0	0.000000E+0
40.0    	161     	2.267552E-2 	6.164661E-5	-4.36E-1   	40.00     	1923.51	22.9 	37.7 	0.000000E+0	0.000000E+0	0.000000E+0	0.000000E+0	0.000000E+0	0.000000E+0	0.000000E+0	0.000000E+0
40.0    	162     	8.053149E-2 	2.469276E-4	-5.76E-1   	40.00     	1925.42	22.9 	37.7 	0.000000E+0	0.000000E+0	0.000000E+0	0.000000E+0	0.000000E+0	0.000000E+0	0.000000E+0	0.000000E+0
40.0    	163     	8.666558E-2 	7.742907E-5	-7.90E-1   	40.00     	1927.33	22.9 	37.7 	0.000000E+0	0.000000E+0	0.000000E+0	0.000000E+0	0.000000E+0	0.000000E+0	0.000000E+0	0.000000E+0
40.0    	164     	1.342962E-3 	7.974673E-5	-3.34E-1   	40.00     	1929.24	22.9 	37.7 	0.000000E+0	0.000000E+0	0.000000E+0	0.000000E+0	0.000000E+0	0.000000E+0	0.000000E+0	0.000000E+0
40.0    	165     	2.426729E-2 	1.764990E-4	-7.51E-1   	40.00     	1931.14	22.9 	37.7 	0.000000E+0	0.000000E+0	0.000000E+0	0.000000E+0	0.000000E+0	0.000000E+0	0.000000E+0	0.000000E+0
40.0    	166     	2.223104E-2 	4.859801E-5	-5.30E-1   	40.00     	1933.05	22.9 	37.7 	0.000000E+0	0.000000E+0	0.000000E+0	0.000000E+0	0.000000E+0	0.000000E+0	0.000000E+0	0.000000E+0
40.0    	167     	7.356508E-2 	6.275097E-5	-2.31E-1   	40.00     	1934.96	23.0 	37.7 	0.000000E+0	0.000000E+0	0.000000E+0	0.000000E+0	0.000000E+0	0.000000E+0	0.000000E+0	0.000000E+0
40.0    	168     	3.652155E-2 	2.387893E-5	-8.60E-1   	40.00     	1936.86	22.9 	37.6 	0.000000E+0	0.000000E+0	0.000000E+0	0.000000E+0	0.000000E+0	0.000000E+0	0.000000E+0	0.000000E+0
40.0    	169     	2.333559E-2 	1.357687E-4	-1.66E-1   	40.00     	1938.76	22.9 	37.7 	0.000000E+0	0.000000E+0	0.000000E+0	0.000000E+0	0.000000E+0	0.000000E+0	0.000000E+0	0.000000E+0
40.0    	170     	5.462053E-2 	1.322490E-4	-9.89E-1   	40.00     	1940.65	22.9 	37.7 	0.000000E+0	0.000000E+0	0.000000E+0	0.000000E+0	0.000000E+0	0.000000E+0	0.000000E+0	0.000000E+0
40.0    	171     	3.174054E-2 	6.443693E-5	-6.16E-1   	40.00     	1942.56	22.9 	37.7 	0.000000E+0	0.000000E+0	0.000000E+0	0.000000E+0	0.000000E+0	0.000000E+0	0.000000E+0	0.000000E+0
40.0    	172     	2.158648E-2 	1.071589E-4	-4.36E-1   	40.00     	1944.48	22.9 	37.7 	0.000000E+0	0.000000E+0	0.000000E+0	0.000000E+0	0.000000E+0	0.000000E+0	0.000000E+0	0.000000E+0
40.0    	173     	3.038746E-2 	2.235819E-4	-2.42E-1   	40.00     	1946.39	22.9 	37.7 	0.000000E+0	0.000000E+0	0.000000E+0	0.000000E+0	0.000000E+0	0.000000E+0	0.000000E+0	0.000000E+0
40.0    	174     	2.584388E-2 	1.759791E-4	-6.01E-1   	40.00     	1948.30	22.9 	37.7 	0.000000E+0	0.000000E+0	0.000000E+0	0.000000E+0	0.000000E+0	0.000000E+0	0.000000E+0	0.000000E+0
40.0    	175     	2.553457E-2 	1.635898E-4	-7.29E-1   	40.00     	1950.21	22.9 	37.7 	0.000000E+0	0.000000E+0	0.000000E+0	0.000000E+0	0.000000E+0	0.000000E+0	0.000000E+0	0.000000E+0
40.0    	176     	2.203317E-2 	1.036874E-4	-4.71E-1   	40.00     	1952.12	22.9 	37.7 	0.000000E+0	0.000000E+0	0.000000E+0	0.000000E+0	0.000000E+0	0.000000E+0	0.000000E+0	0.000000E+0
40.0    	177     	2.699782E-2 	1.098526E-4	-7.34E-1   	40.00     	1954.03	22.9 	37.7 	0.000000E+0	0.000000E+0	0.000000E+0	0.000000E+0	0.000000E+0	0.000000E+0	0.000000E+0	0.000000E+0
40.0    	178     	8.183519E-2 	1.978863E-4	-5.97E-1   	40.00     	1955.93	22.9 	37.7 	0.000000E+0	0.000000E+0	0.000000E+0	0.000000E+0	0.000000E+0	0.000000E+0	0.000000E+0	0.000000E+0
40.0    	179     	9.323308E-2 	1.336248E-4	-7.28E-1   	40.00     	1957.85	22.9 	37.7 	0.000000E+0	0.000000E+0	0.000000E+0	0.000000E+0	0.000000E+0	0.000000E+0	0.000000E+0	0.000000E+0
40.0    	180     	2.774305E-2 	7.399816E-5	-4.91E-1   	40.00     	1959.76	22.9 	37.7 	0.000000E+0	0.000000E+0	0.000000E+0	0.000000E+0	0.000000E+0	0.000000E+0	0.000000E+0	0.000000E+0
40.0    	181     	4.282248E-2 	1.585204E-4	-5.61E-1   	40.00     	1961.67	22.9 	37.7 	0.000000E+0	0.000000E+0	0.000000E+0	0.000000E+0	0.000000E+0	0.000000E+0	0.000000E+0	0.000000E+0
40.0    	182     	2.199866E-2 	1.521772E-4	-6.32E-1   	40.00     	1963.58	22.9 	37.7 	0.000000E+0	0.000000E+0	0.000000E+0	0.000000E+0	0.000000E+0	0.000000E+0	0.000000E+0	0.000000E+0
40.0    	183     	2.159249E-2 	7.254862E-5	-7.35E-1   	40.00     	1965.50	22.9 	37.7 	0.000000E+0	0.000000E+0	0.000000E+0	0.000000E+0	0.000000E+0	0.000000E+0	0.000000E+0	0.000000E+0
40.0    	184     	3.752923E-2 	1.555404E-4	-3.23E-1   	40.00     	1967.41	22.9 	37.7 	0.000000E+0	0.000000E+0	0.000000E+0	0.000000E+0	0.000000E+0	0.000000E+0	0.000000E+0	0.000000E+0
40.0    	185     	2.281609E-2 	9.572945E-5	-4.18E-1   	40.00     	1969.31	22.9 	37.6 	0.000000E+0	0.000000E+0	0.000000E+0	0.000000E+0	0.000000E+0	0.000000E+0	0.000000E+0	0.000000E+0
40.0    	186     	7.424802E-2 	1.246437E-4	-7.13E-1   	40.00     	1971.22	22.9 	37.6 	0.000000E+0	0.000000E+0	0.000000E+0	0.000000E+0	0.000000E+0	0.000000E+0	0.000000E+0	0.000000E+0
40.0    	187     	2.985940E-2 	1.349387E-4	-4.64E-1   	40.00     	1973.15	22.9 	37.6 	0.000000E+0	0.000000E+0	0.000000E+0	0.000000E+0	0.000000E+0	0.000000E+0	0.000000E+0	0.000000E+0
40.0    	188     	2.089950E-2 	1.947979E-4	-5.99E-1   	40.00     	1975.06	22.9 	37.6 	0.000000E+0	0.000000E+0	0.000000E+0	0.000000E+0	0.000000E+0	0.000000E+0	0.000000E+0	0.000000E+0
40.0    	189     	2.726090E-2 	3.232646E-5	-4.68E-1   	40.00     	1976.97	22.9 	37.6 	0.000000E+0	0.000000E+0	0.000000E+0	0.000000E+0	0.000000E+0	0.000000E+0	0.000000E+0	0.000000E+0
40.0    	190     	3.451031E-2 	1.057247E-5	-6.07E-1   	40.00     	1978.86	22.9 	37.6 	0.000000E+0	0.000000E+0	0.000000E+0	0.000000E+0	0.000000E+0	0.000000E+0	0.000000E+0	0.000000E+0
40.0    	191     	2.438950E-2 	9.671778E-5	-5.60E-1   	40.00     	1980.76	22.9 	37.6 	0.000000E+0	0.000000E+0	0.000000E+0	0.000000E+0	0.000000E+0	0.000000E+0	0.000000E+0	0.000000E+0
40.0    	192     	2.195973E-2 	1.171830E-4	-3.69E-1   	40.00     	1982.68	23.0 	37.6 	0.000000E+0	0.000000E+0	0.000000E+0	0.000000E+0	0.000000E+0	0.000000E+0	0.000000E+0	0.000000E+0
40.0    	193     	2.745148E-2 	3.644650E-5	-3.11E-1   	40.00     	1984.58	22.9 	37.6 	0.000000E+0	0.000000E+0	0.000000E+0	0.000000E+0	0.000000E+0	0.000000E+0	0.000000E+0	0.000000E+0
40.0    	194     	8.628034E-2 	8.466846E-5	-7.37E-1   	40.00     	1986.49	23.0 	37.6 	0.000000E+0	0.000000E+0	0.000000E+0	0.000000E+0	0.000000E+0	0.000000E+0	0.000000E+0	0.000000E+0
40.0    	195     	8.636171E-2 	1.728079E-4	-4.17E-1   	40.00     	1988.41	22.9 	37.6 	0.000000E+0	0.000000E+0	0.000000E+0	0.000000E+0	0.000000E+0	0.000000E+0	0.000000E+0	0.000000E+0
40.0    	196     	2.421632E-2 	1.098152E-4	-5.92E-1   	40.00     	1990.30	23.0 	37.6 	0.000000E+0	0.000000E+0	0.000000E+0	0.000000E+0	0.000000E+0	0.000000E+0	0.000000E+0	0.000000E+0
40.0    	197     	2.192459E-2 	7.841571E-5	-5.99E-1   	40.00     	1992.21	22.9 	37.6 	0.000000E+0	0.000000E+0	0.000000E+0	0.000000E+0	0.000000E+0	0.000000E+0	0.000000E+0	0.000000E+0
40.0    	198     	2.367813E-2 	4.540974E-5	-6.90E-1   	40.00     	1994.12	22.9 	37.6 	0.000000E+0	0.000000E+0	0.000000E+0	0.000000E+0	0.000000E+0	0.000000E+0	0.000000E+0	0.000000E+0
40.0    	199     	3.198968E-2 	1.405832E-4	-2.94E-1   	40.00     	1996.03	23.0 	37.6 	0.000000E+0	0.000000E+0	0.000000E+0	0.000000E+0	0.000000E+0	0.000000E+0	0.000000E+0	0.000000E+0
40.0    	200     	-2.680138E-2	2.945005E-5	-2.96E-1   	40.00     	1997.94	23.0 	37.6 	0.000000E+0	0.000000E+0	0.000000E+0	0.000000E+0	0.000000E+0	0.000000E+0	0.000000E+0	0.000000E+0
40.0    	201     	2.058386E-2 	1.944059E-4	-6.87E-1   	40.00     	1999.87	23.0 	37.6 	0.000000E+0	0.000000E+0	0.000000E+0	0.000000E+0	0.000000E+0	0.000000E+0	0.000000E+0	0.000000E+0
40.0    	202     	3.234015E-2 	1.108077E-4	-4.23E-1   	40.00     	2001.79	22.9 	37.6 	0.000000E+0	0.000000E+0	0.000000E+0	0.000000E+0	0.000000E+0	0.000000E+0	0.000000E+0	0.000000E+0
40.0    	203     	2.434549E-2 	1.628444E-4	-7.28E-1   	40.00     	2003.71	23.0 	37.6 	0.000000E+0	0.000000E+0	0.000000E+0	0.000000E+0	0.000000E+0	0.000000E+0	0.000000E+0	0.000000E+0
40.0    	204     	3.432721E-3 	4.606043E-5	-3.06E-1   	40.00     	2005.62	22.9 	37.6 	0.000000E+0	0.000000E+0	0.000000E+0	0.000000E+0	0.000000E+0	0.000000E+0	0.000000E+0	0.000000E+0
40.0    	205     	5.854552E-2 	5.924160E-5	-4.27E-1   	40.00     	2007.52	22.9 	37.6 	0.000000E+0	0.000000E+0	0.000000E+0	0.000000E+0	0.000000E+0	0.000000E+0	0.000000E+0	0.000000E+0
40.0    	206     	3.491935E-2 	1.441448E-4	-5.10E-1   	40.00     	2009.43	22.9 	37.6 	0.000000E+0	0.000000E+0	0.000000E+0	0.000000E+0	0.000000E+0	0.000000E+0	0.000000E+0	0.000000E+0
40.0    	207     	2.561562E-2 	2.960236E-5	-3.50E-1   	40.00     	2011.33	23.0 	37.6 	0.000000E+0	0.000000E+0	0.000000E+0	0.000000E+0	0.000000E+0	0.000000E+0	0.000000E+0	0.000000E+0
40.0    	208     	2.324188E-2 	1.648760E-4	-3.81E-1   	40.00     	2013.28	22.9 	37.6 	0.000000E+0	0.000000E+0	0.000000E+0	0.000000E+0	0.000000E+0	0.000000E+0	0.000000E+0	0.000000E+0
40.0    	209     	4.497525E-2 	1.902001E-4	-3.28E-1   	40.00     	2015.19	23.0 	37.6 	0.000000E+0	0.000000E+0	0.000000E+0	0.000000E+0	0.000000E+0	0.000000E+0	0.000000E+0	0.000000E+0
40.0    	210     	9.324323E-2 	1.118340E-4	-4.83E-1   	40.00     	2017.12	23.0 	37.6 	0.000000E+0	0.000000E+0	0.000000E+0	0.000000E+0	0.000000E+0	0.000000E+0	0.000000E+0	0.000000E+0
40.0    	211     	9.259553E-2 	5.697723E-5	-5.28E-1   	40.00     	2019.03	23.0 	37.6 	0.000000E+0	0.000000E+0	0.000000E+0	0.000000E+0	0.000000E+0	0.000000E+0	0.000000E+0	0.000000E+0
40.0    	212     	2.460002E-2 	2.896635E-5	-9.17E-1   	40.00     	2020.94	23.0 	37.6 	0.000000E+0	0.000000E+0	0.000000E+0	0.000000E+0	0.000000E+0	0.000000E+0	0.000000E+0	0.000000E+0
40.0    	213     	2.350212E-2 	7.004452E-5	-6.50E-1   	40.00     	2022.84	22.9 	37.6 	0.000000E+0	0.000000E+0	0.000000E+0	0.000000E+0	0.000000E+0	0.000000E+0	0.000000E+0	0.000000E+0
40.0    	214     	1.018289E-1 	1.337125E-4	-7.81E-1   	40.00     	2024.75	23.0 	37.6 	0.000000E+0	0.000000E+0	0.000000E+0	0.000000E+0	0.000000E+0	0.000000E+0	0.000000E+0	0.000000E+0
40.0    	215     	7.011913E-2 	1.560785E-4	-6.77E-1   	40.00     	2026.65	23.0 	37.6 	0.000000E+0	0.000000E+0	0.000000E+0	0.000000E+0	0.000000E+0	0.000000E+0	0.000000E+0	0.000000E+0
40.0    	216     	4.832467E-2 	7.151987E-5	-4.58E-1   	40.00     	2028.57	22.9 	37.6 	0.000000E+0	0.000000E+0	0.000000E+0	0.000000E+0	0.000000E+0	0.000000E+0	0.000000E+0	0.000000E+0
40.0    	217     	6.640278E-2 	1.950059E-4	-4.27E-1   	40.00     	2030.47	23.0 	37.6 	0.000000E+0	0.000000E+0	0.000000E+0	0.000000E+0	0.000000E+0	0.000000E+0	0.000000E+0	0.000000E+0
40.0    	218     	2.695351E-2 	2.543755E-4	-5.36E-1   	40.00     	2032.37	23.0 	37.6 	0.000000E+0	0.000000E+0	0.000000E+0	0.000000E+0	0.000000E+0	0.000000E+0	0.000000E+0	0.000000E+0
40.0    	219     	2.124110E-2 	1.716236E-4	-5.17E-1   	40.00     	2034.27	23.0 	37.6 	0.000000E+0	0.000000E+0	0.000000E+0	0.000000E+0	0.000000E+0	0.000000E+0	0.000000E+0	0.000000E+0
40.0    	220     	4.035790E-2 	1.396366E-4	-6.05E-1   	40.00     	2036.18	23.0 	37.6 	0.000000E+0	0.000000E+0	0.000000E+0	0.000000E+0	0.000000E+0	0.000000E+0	0.000000E+0	0.000000E+0
40.0    	221     	2.232190E-2 	1.602668E-4	-4.61E-1   	40.00     	2038.08	23.0 	37.6 	0.000000E+0	0.000000E+0	0.000000E+0	0.000000E+0	0.000000E+0	0.000000E+0	0.000000E+0	0.000000E+0
40.0    	222     	3.091204E-2 	9.500560E-5	-3.11E-1   	40.00     	2039.99	23.0 	37.6 	0.000000E+0	0.000000E+0	0.000000E+0	0.000000E+0	0.000000E+0	0.000000E+0	0.000000E+0	0.000000E+0
40.0    	223     	5.747421E-2 	1.260578E-4	-5.94E-1   	40.00     	2041.89	23.0 	37.6 	0.000000E+0	0.000000E+0	0.000000E+0	0.000000E+0	0.000000E+0	0.000000E+0	0.000000E+0	0.000000E+0
40.0    	224     	2.791748E-2 	5.948947E-5	-4.83E-1   	40.00     	2043.80	23.0 	37.6 	0.000000E+0	0.000000E+0	0.000000E+0	0.000000E+0	0.000000E+0	0.000000E+0	0.000000E+0	0.000000E+0
40.0    	225     	4.299472E-2 	1.730020E-4	-6.42E-1   	40.00     	2045.70	23.0 	37.6 	0.000000E+0	0.000000E+0	0.000000E+0	0.000000E+0	0.000000E+0	0.000000E+0	0.000000E+0	0.000000E+0
40.0    	226     	9.951699E-2 	2.367196E-4	-4.26E-1   	40.00     	2047.61	23.0 	37.6 	0.000000E+0	0.000000E+0	0.000000E+0	0.000000E+0	0.000000E+0	0.000000E+0	0.000000E+0	0.000000E+0
40.0    	227     	9.603957E-2 	2.446940E-4	-7.55E-1   	40.00     	2049.51	23.0 	37.6 	0.000000E+0	0.000000E+0	0.000000E+0	0.000000E+0	0.000000E+0	0.000000E+0	0.000000E+0	0.000000E+0
40.0    	228     	2.678825E-2 	2.180043E-4	-6.59E-1   	40.00     	2051.42	23.0 	37.6 	0.000000E+0	0.000000E+0	0.000000E+0	0.000000E+0	0.000000E+0	0.000000E+0	0.000000E+0	0.000000E+0
40.0    	229     	2.530568E-2 	3.816888E-5	-4.69E-1   	40.00     	2053.33	23.0 	37.6 	0.000000E+0	0.000000E+0	0.000000E+0	0.000000E+0	0.000000E+0	0.000000E+0	0.000000E+0	0.000000E+0
40.0    	230     	2.806627E-2 	1.616834E-4	-7.31E-1   	40.00     	2055.23	23.0 	37.6 	0.000000E+0	0.000000E+0	0.000000E+0	0.000000E+0	0.000000E+0	0.000000E+0	0.000000E+0	0.000000E+0
40.0    	231     	2.626145E-2 	8.837220E-5	-7.36E-1   	40.00     	2057.14	22.9 	37.6 	0.000000E+0	0.000000E+0	0.000000E+0	0.000000E+0	0.000000E+0	0.000000E+0	0.000000E+0	0.000000E+0
40.0    	232     	-1.377577E-2	1.453846E-4	-5.09E-1   	40.00     	2059.05	23.0 	37.6 	0.000000E+0	0.000000E+0	0.000000E+0	0.000000E+0	0.000000E+0	0.000000E+0	0.000000E+0	0.000000E+0
40.0    	233     	4.407427E-2 	1.253201E-4	-2.49E-1   	40.00     	2060.96	23.0 	37.6 	0.000000E+0	0.000000E+0	0.000000E+0	0.000000E+0	0.000000E+0	0.000000E+0	0.000000E+0	0.000000E+0
40.0    	234     	2.972042E-2 	1.970637E-5	-5.89E-1   	40.00     	2062.87	23.0 	37.6 	0.000000E+0	0.000000E+0	0.000000E+0	0.000000E+0	0.000000E+0	0.000000E+0	0.000000E+0	0.000000E+0
40.0    	235     	2.581855E-2 	5.742343E-5	-5.31E-1   	40.00     	2064.78	23.0 	37.6 	0.000000E+0	0.000000E+0	0.000000E+0	0.000000E+0	0.000000E+0	0.000000E+0	0.000000E+0	0.000000E+0
40.0    	236     	3.368528E-2 	5.152316E-5	-7.72E-1   	40.00     	2066.68	23.0 	37.6 	0.000000E+0	0.000000E+0	0.000000E+0	0.000000E+0	0.000000E+0	0.000000E+0	0.000000E+0	0.000000E+0
40.0    	237     	1.447383E-2 	2.790212E-4	-8.12E-1   	40.00     	2068.59	23.0 	37.6 	0.000000E+0	0.000000E+0	0.000000E+0	0.000000E+0	0.000000E+0	0.000000E+0	0.000000E+0	0.000000E+0
40.0    	238     	2.786082E-2 	2.055050E-4	-2.90E-1   	40.00     	2070.49	23.0 	37.6 	0.000000E+0	0.000000E+0	0.000000E+0	0.000000E+0	0.000000E+0	0.000000E+0	0.000000E+0	0.000000E+0
40.0    	239     	2.669105E-2 	9.764659E-5	-6.05E-1   	40.00     	2072.40	23.0 	37.6 	0.000000E+0	0.000000E+0	0.000000E+0	0.000000E+0	0.000000E+0	0.000000E+0	0.000000E+0	0.000000E+0
40.0    	240     	2.895556E-2 	6.431167E-5	-5.29E-1   	40.00     	2074.30	23.0 	37.6 	0.000000E+0	0.000000E+0	0.000000E+0	0.000000E+0	0.000000E+0	0.000000E+0	0.000000E+0	0.000000E+0
40.0    	241     	1.080090E-1 	2.258383E-4	-4.17E-1   	40.00     	2076.26	23.0 	37.6 	0.000000E+0	0.000000E+0	0.000000E+0	0.000000E+0	0.000000E+0	0.000000E+0	0.000000E+0	0.000000E+0
40.0    	242     	1.951383E-1 	4.944613E-5	-2.92E-1   	40.00     	2078.17	23.0 	37.6 	0.000000E+0	0.000000E+0	0.000000E+0	0.000000E+0	0.000000E+0	0.000000E+0	0.000000E+0	0.000000E+0
40.0    	243     	1.647116E-1 	1.114368E-4	-7.25E-1   	40.00     	2080.07	23.0 	37.6 	0.000000E+0	0.000000E+0	0.000000E+0	0.000000E+0	0.000000E+0	0.000000E+0	0.000000E+0	0.000000E+0
40.0    	244     	1.688588E-1 	2.618978E-4	-5.72E-1   	40.00     	2081.97	23.0 	37.6 	0.000000E+0	0.000000E+0	0.000000E+0	0.000000E+0	0.000000E+0	0.000000E+0	0.000000E+0	0.000000E+0
40.0    	245     	8.916692E-2 	1.822010E-4	-4.27E-1   	40.00     	2083.87	23.0 	37.6 	0.000000E+0	0.000000E+0	0.000000E+0	0.000000E+0	0.000000E+0	0.000000E+0	0.000000E+0	0.000000E+0
40.0    	246     	9.228624E-2 	5.636598E-5	-6.56E-1   	40.00     	2085.78	23.0 	37.6 	0.000000E+0	0.000000E+0	0.000000E+0	0.000000E+0	0.000000E+0	0.000000E+0	0.000000E+0	0.000000E+0
40.0    	247     	8.925114E-2 	1.823951E-4	-5.77E-1   	40.00     	2087.69	23.0 	37.6 	0.000000E+0	0.000000E+0	0.000000E+0	0.000000E+0	0.000000E+0	0.000000E+0	0.000000E+0	0.000000E+0
40.0    	248     	8.816081E-2 	6.329629E-5	-3.20E-1   	40.00     	2089.59	23.0 	37.6 	0.000000E+0	0.000000E+0	0.000000E+0	0.000000E+0	0.000000E+0	0.000000E+0	0.000000E+0	0.000000E+0
40.0    	249     	9.654329E-2 	2.914054E-5	-2.15E-1   	40.00     	2091.50	23.0 	37.6 	0.000000E+0	0.000000E+0	0.000000E+0	0.000000E+0	0.000000E+0	0.000000E+0	0.000000E+0	0.000000E+0
40.0    	250     	9.569800E-2 	5.784653E-5	-6.03E-1   	40.00     	2093.40	23.0 	37.6 	0.000000E+0	0.000000E+0	0.000000E+0	0.000000E+0	0.000000E+0	0.000000E+0	0.000000E+0	0.000000E+0
40.0    	251     	8.727057E-2 	1.724023E-4	-6.57E-1   	40.00     	2095.31	23.0 	37.6 	0.000000E+0	0.000000E+0	0.000000E+0	0.000000E+0	0.000000E+0	0.000000E+0	0.000000E+0	0.000000E+0
40.0    	252     	8.579819E-2 	1.254691E-4	-4.64E-1   	40.00     	2097.25	23.0 	37.6 	0.000000E+0	0.000000E+0	0.000000E+0	0.000000E+0	0.000000E+0	0.000000E+0	0.000000E+0	0.000000E+0
40.0    	253     	7.304307E-2 	1.504878E-5	-5.12E-1   	40.00     	2099.19	23.0 	37.6 	0.000000E+0	0.000000E+0	0.000000E+0	0.000000E+0	0.000000E+0	0.000000E+0	0.000000E+0	0.000000E+0
40.0    	254     	8.909189E-2 	1.048712E-4	-3.17E-1   	40.00     	2101.10	23.0 	37.6 	0.000000E+0	0.000000E+0	0.000000E+0	0.000000E+0	0.000000E+0	0.000000E+0	0.000000E+0	0.000000E+0
40.0    	255     	8.821785E-2 	1.998426E-4	-7.14E-1   	40.00     	2103.03	23.0 	37.6 	0.000000E+0	0.000000E+0	0.000000E+0	0.000000E+0	0.000000E+0	0.000000E+0	0.000000E+0	0.000000E+0
40.0    	256     	9.423159E-2 	1.727802E-4	-4.83E-1   	40.00     	2104.94	23.0 	37.6 	0.000000E+0	0.000000E+0	0.000000E+0	0.000000E+0	0.000000E+0	0.000000E+0	0.000000E+0	0.000000E+0
40.0    	257     	1.650047E-3 	4.665417E-5	-3.55E-1   	40.00     	2106.88	23.0 	37.6 	0.000000E+0	0.000000E+0	0.000000E+0	0.000000E+0	0.000000E+0	0.000000E+0	0.000000E+0	0.000000E+0
40.0    	258     	1.393932E-3 	1.811761E-4	-5.63E-1   	40.00     	2108.78	23.0 	37.6 	0.000000E+0	0.000000E+0	0.000000E+0	0.000000E+0	0.000000E+0	0.000000E+0	0.000000E+0	0.000000E+0
40.0    	259     	1.423690E-3 	1.168466E-4	-2.63E-1   	40.00     	2110.69	23.0 	37.6 	0.000000E+0	0.000000E+0	0.000000E+0	0.000000E+0	0.000000E+0	0.000000E+0	0.000000E+0	0.000000E+0
40.0    	260     	1.649097E-3 	5.814487E-5	-8.25E-1   	40.00     	2112.60	23.0 	37.6 	0.000000E+0	0.000000E+0	0.000000E+0	0.000000E+0	0.000000E+0	0.000000E+0	0.000000E+0	0.000000E+0
40.0    	261     	1.453766E-3 	1.466464E-4	-6.33E-1   	40.00     	2114.51	23.0 	37.6 	0.000000E+0	0.000000E+0	0.000000E+0	0.000000E+0	0.000000E+0	0.000000E+0	0.000000E+0	0.000000E+0
40.0    	262     	1.490806E-3 	2.144525E-4	-7.18E-1   	40.00     	2116.41	23.0 	37.6 	0.000000E+0	0.000000E+0	0.000000E+0	0.000000E+0	0.000000E+0	0.000000E+0	0.000000E+0	0.000000E+0
40.0    	263     	8.655567E-4 	7.839285E-5	-3.88E-1   	40.00     	2118.31	23.0 	37.6 	0.000000E+0	0.000000E+0	0.000000E+0	0.000000E+0	0.000000E+0	0.000000E+0	0.000000E+0	0.000000E+0
40.0    	264     	-1.222132E-3	2.891980E-4	-3.55E-1   	40.00     	2120.22	23.0 	37.6 	0.000000E+0	0.000000E+0	0.000000E+0	0.000000E+0	0.000000E+0	0.000000E+0	0.000000E+0	0.000000E+0
50.0    	1       	8.727849E-2 	9.935730E-5	7.48E+0    	50.00     	2138.35	23.0 	37.6 	0.000000E+0	0.000000E+0	0.000000E+0	0.000000E+0	0.000000E+0	0.000000E+0	0.000000E+0	0.000000E+0
50.0    	2       	1.650899E-1 	8.671334E-5	-3.84E-1   	50.00     	2140.12	23.0 	37.6 	0.000000E+0	0.000000E+0	0.000000E+0	0.000000E+0	0.000000E+0	0.000000E+0	0.000000E+0	0.000000E+0
50.0    	3       	1.748187E-3 	9.983769E-5	-7.78E-1   	50.00     	2142.01	23.0 	37.6 	0.000000E+0	0.000000E+0	0.000000E+0	0.000000E+0	0.000000E+0	0.000000E+0	0.000000E+0	0.000000E+0
50.0    	4       	9.031707E-2 	1.224008E-4	-5.04E-1   	50.00     	2143.92	23.0 	37.6 	0.000000E+0	0.000000E+0	0.000000E+0	0.000000E+0	0.000000E+0	0.000000E+0	0.000000E+0	0.000000E+0
50.0    	5       	9.108099E-2 	1.234597E-4	-2.70E-1   	50.00     	2145.83	23.0 	37.6 	0.000000E+0	0.000000E+0	0.000000E+0	0.000000E+0	0.000000E+0	0.000000E+0	0.000000E+0	0.000000E+0
50.0    	6       	1.052854E-1 	1.960144E-4	-3.75E-1   	50.00     	2147.74	23.0 	37.6 	0.000000E+0	0.000000E+0	0.000000E+0	0.000000E+0	0.000000E+0	0.000000E+0	0.000000E+0	0.000000E+0
50.0    	7       	8.655579E-2 	2.057318E-4	-3.20E-1   	50.00     	2149.65	23.0 	37.6 	0.000000E+0	0.000000E+0	0.000000E+0	0.000000E+0	0.000000E+0	0.000000E+0	0.000000E+0	0.000000E+0
50.0    	8       	9.504647E-2 	1.425621E-4	-6.80E-1   	50.00     	2151.58	23.0 	37.6 	0.000000E+0	0.000000E+0	0.000000E+0	0.000000E+0	0.000000E+0	0.000000E+0	0.000000E+0	0.000000E+0
50.0    	9       	8.508933E-2 	1.993975E-4	-2.47E-1   	50.00     	2153.49	23.0 	37.6 	0.000000E+0	0.000000E+0	0.000000E+0	0.000000E+0	0.000000E+0	0.000000E+0	0.000000E+0	0.000000E+0
50.0    	10      	1.006471E-1 	5.426438E-5	-3.76E-1   	50.00     	2155.41	23.0 	37.6 	0.000000E+0	0.000000E+0	0.000000E+0	0.000000E+0	0.000000E+0	0.000000E+0	0.000000E+0	0.000000E+0
50.0    	11      	8.706036E-2 	9.086721E-5	-1.67E-1   	50.00     	2157.32	23.0 	37.6 	0.000000E+0	0.000000E+0	0.000000E+0	0.000000E+0	0.000000E+0	0.000000E+0	0.000000E+0	0.000000E+0
50.0    	12      	9.490815E-2 	7.700273E-5	-7.33E-1   	50.00     	2159.23	23.0 	37.6 	0.000000E+0	0.000000E+0	0.000000E+0	0.000000E+0	0.000000E+0	0.000000E+0	0.000000E+0	0.000000E+0
50.0    	13      	1.106267E-1 	1.068782E-4	-3.87E-1   	50.00     	2161.14	23.0 	37.6 	0.000000E+0	0.000000E+0	0.000000E+0	0.000000E+0	0.000000E+0	0.000000E+0	0.000000E+0	0.000000E+0
50.0    	14      	8.782903E-2 	1.740808E-4	-2.49E-1   	50.00     	2163.08	23.0 	37.6 	0.000000E+0	0.000000E+0	0.000000E+0	0.000000E+0	0.000000E+0	0.000000E+0	0.000000E+0	0.000000E+0
50.0    	15      	1.302671E-1 	1.280975E-4	-6.36E-1   	50.00     	2164.99	23.0 	37.6 	0.000000E+0	0.000000E+0	0.000000E+0	0.000000E+0	0.000000E+0	0.000000E+0	0.000000E+0	0.000000E+0
50.0    	16      	1.000301E-1 	2.984035E-4	-4.58E-1   	50.00     	2166.89	23.0 	37.6 	0.000000E+0	0.000000E+0	0.000000E+0	0.000000E+0	0.000000E+0	0.000000E+0	0.000000E+0	0.000000E+0
50.0    	17      	2.203127E-2 	1.402383E-4	-3.56E-1   	50.00     	2168.80	23.0 	37.6 	0.000000E+0	0.000000E+0	0.000000E+0	0.000000E+0	0.000000E+0	0.000000E+0	0.000000E+0	0.000000E+0
50.0    	18      	8.668960E-2 	1.475590E-4	-7.36E-1   	50.00     	2170.71	23.0 	37.6 	0.000000E+0	0.000000E+0	0.000000E+0	0.000000E+0	0.000000E+0	0.000000E+0	0.000000E+0	0.000000E+0
50.0    	19      	1.911065E-1 	1.175854E-4	-5.37E-1   	50.00     	2172.61	23.0 	37.6 	0.000000E+0	0.000000E+0	0.000000E+0	0.000000E+0	0.000000E+0	0.000000E+0	0.000000E+0	0.000000E+0
50.0    	20      	7.173586E-2 	3.324301E-5	-6.52E-1   	50.00     	2174.52	23.0 	37.6 	0.000000E+0	0.000000E+0	0.000000E+0	0.000000E+0	0.000000E+0	0.000000E+0	0.000000E+0	0.000000E+0
50.0    	21      	2.346445E-2 	8.886701E-5	-6.87E-1   	50.00     	2176.43	23.0 	37.6 	0.000000E+0	0.000000E+0	0.000000E+0	0.000000E+0	0.000000E+0	0.000000E+0	0.000000E+0	0.000000E+0
50.0    	22      	2.507869E-2 	1.806330E-4	-4.91E-1   	50.00     	2178.34	23.0 	37.6 	0.000000E+0	0.000000E+0	0.000000E+0	0.000000E+0	0.000000E+0	0.000000E+0	0.000000E+0	0.000000E+0
50.0    	23      	2.548771E-2 	4.334673E-5	-6.41E-1   	50.00     	2180.25	23.0 	37.6 	0.000000E+0	0.000000E+0	0.000000E+0	0.000000E+0	0.000000E+0	0.000000E+0	0.000000E+0	0.000000E+0
50.0    	24      	3.080407E-2 	7.191523E-5	-4.54E-1   	50.00     	2182.16	23.0 	37.6 	0.000000E+0	0.000000E+0	0.000000E+0	0.000000E+0	0.000000E+0	0.000000E+0	0.000000E+0	0.000000E+0
50.0    	25      	1.167491E-1 	2.141051E-5	-6.33E-1   	50.00     	2184.06	23.0 	37.6 	0.000000E+0	0.000000E+0	0.000000E+0	0.000000E+0	0.000000E+0	0.000000E+0	0.000000E+0	0.000000E+0
50.0    	26      	3.588617E-2 	7.463048E-5	-5.65E-1   	50.00     	2185.97	23.0 	37.6 	0.000000E+0	0.000000E+0	0.000000E+0	0.000000E+0	0.000000E+0	0.000000E+0	0.000000E+0	0.000000E+0
50.0    	27      	2.442241E-2 	8.918108E-5	-4.76E-1   	50.00     	2187.88	23.0 	37.6 	0.000000E+0	0.000000E+0	0.000000E+0	0.000000E+0	0.000000E+0	0.000000E+0	0.000000E+0	0.000000E+0
50.0    	28      	2.556939E-2 	6.420475E-4	-2.80E-1   	50.00     	2189.78	23.0 	37.6 	0.000000E+0	0.000000E+0	0.000000E+0	0.000000E+0	0.000000E+0	0.000000E+0	0.000000E+0	0.000000E+0
50.0    	29      	3.165694E-2 	3.608800E-4	-5.58E-1   	50.00     	2191.70	23.0 	37.6 	0.000000E+0	0.000000E+0	0.000000E+0	0.000000E+0	0.000000E+0	0.000000E+0	0.000000E+0	0.000000E+0
50.0    	30      	2.392125E-2 	1.667033E-4	-5.38E-1   	50.00     	2193.60	23.0 	37.6 	0.000000E+0	0.000000E+0	0.000000E+0	0.000000E+0	0.000000E+0	0.000000E+0	0.000000E+0	0.000000E+0
50.0    	31      	2.233424E-2 	1.055748E-4	-6.25E-1   	50.00     	2195.51	23.0 	37.6 	0.000000E+0	0.000000E+0	0.000000E+0	0.000000E+0	0.000000E+0	0.000000E+0	0.000000E+0	0.000000E+0
50.0    	32      	3.195706E-2 	1.757108E-4	-3.67E-1   	50.00     	2197.41	23.0 	37.6 	0.000000E+0	0.000000E+0	0.000000E+0	0.000000E+0	0.000000E+0	0.000000E+0	0.000000E+0	0.000000E+0
50.0    	33      	9.697665E-2 	3.988509E-5	-5.94E-1   	50.00     	2199.32	23.0 	37.6 	0.000000E+0	0.000000E+0	0.000000E+0	0.000000E+0	0.000000E+0	0.000000E+0	0.000000E+0	0.000000E+0
50.0    	34      	8.371629E-2 	1.513949E-5	-3.49E-1   	50.00     	2201.22	23.0 	37.5 	0.000000E+0	0.000000E+0	0.000000E+0	0.000000E+0	0.000000E+0	0.000000E+0	0.000000E+0	0.000000E+0
50.0    	35      	1.122723E-1 	5.558696E-5	-5.91E-1   	50.00     	2203.13	23.0 	37.5 	0.000000E+0	0.000000E+0	0.000000E+0	0.000000E+0	0.000000E+0	0.000000E+0	0.000000E+0	0.000000E+0
50.0    	36      	2.379463E-2 	1.029794E-4	-3.10E-1   	50.00     	2205.04	23.0 	37.5 	0.000000E+0	0.000000E+0	0.000000E+0	0.000000E+0	0.000000E+0	0.000000E+0	0.000000E+0	0.000000E+0
50.0    	37      	2.276194E-2 	1.487563E-4	-5.95E-1   	50.00     	2206.94	23.0 	37.5 	0.000000E+0	0.000000E+0	0.000000E+0	0.000000E+0	0.000000E+0	0.000000E+0	0.000000E+0	0.000000E+0
50.0    	38      	2.427457E-2 	2.082710E-4	-7.13E-1   	50.00     	2208.85	23.0 	37.5 	0.000000E+0	0.000000E+0	0.000000E+0	0.000000E+0	0.000000E+0	0.000000E+0	0.000000E+0	0.000000E+0
50.0    	39      	2.509546E-2 	1.413315E-4	-7.10E-1   	50.00     	2210.76	23.0 	37.5 	0.000000E+0	0.000000E+0	0.000000E+0	0.000000E+0	0.000000E+0	0.000000E+0	0.000000E+0	0.000000E+0
50.0    	40      	-2.438935E-2	6.917938E-5	-6.75E-1   	50.00     	2212.66	23.0 	37.5 	0.000000E+0	0.000000E+0	0.000000E+0	0.000000E+0	0.000000E+0	0.000000E+0	0.000000E+0	0.000000E+0
50.0    	41      	2.054966E-2 	1.684585E-4	-4.76E-1   	50.00     	2214.58	23.0 	37.5 	0.000000E+0	0.000000E+0	0.000000E+0	0.000000E+0	0.000000E+0	0.000000E+0	0.000000E+0	0.000000E+0
50.0    	42      	3.124633E-2 	1.478640E-4	-5.46E-1   	50.00     	2216.51	23.0 	37.5 	0.000000E+0	0.000000E+0	0.000000E+0	0.000000E+0	0.000000E+0	0.000000E+0	0.000000E+0	0.000000E+0
50.0    	43      	2.317064E-2 	7.780812E-5	-4.28E-1   	50.00     	2218.42	23.0 	37.5 	0.000000E+0	0.000000E+0	0.000000E+0	0.000000E+0	0.000000E+0	0.000000E+0	0.000000E+0	0.000000E+0
50.0    	44      	1.023733E-2 	9.340028E-5	-6.18E-1   	50.00     	2220.34	23.0 	37.5 	0.000000E+0	0.000000E+0	0.000000E+0	0.000000E+0	0.000000E+0	0.000000E+0	0.000000E+0	0.000000E+0
50.0    	45      	-9.803520E-3	7.967385E-5	-6.47E-1   	50.00     	2222.27	23.0 	37.5 	0.000000E+0	0.000000E+0	0.000000E+0	0.000000E+0	0.000000E+0	0.000000E+0	0.000000E+0	0.000000E+0
50.0    	46      	5.117800E-2 	1.167208E-4	-5.95E-1   	50.00     	2224.20	23.0 	37.5 	0.000000E+0	0.000000E+0	0.000000E+0	0.000000E+0	0.000000E+0	0.000000E+0	0.000000E+0	0.000000E+0
50.0    	47      	4.428822E-2 	1.725014E-3	-6.36E-1   	50.00     	2226.11	23.0 	37.5 	0.000000E+0	0.000000E+0	0.000000E+0	0.000000E+0	0.000000E+0	0.000000E+0	0.000000E+0	0.000000E+0
50.0    	48      	3.367229E-2 	6.835218E-4	-5.79E-1   	50.00     	2228.02	23.0 	37.5 	0.000000E+0	0.000000E+0	0.000000E+0	0.000000E+0	0.000000E+0	0.000000E+0	0.000000E+0	0.000000E+0
50.0    	49      	2.062912E-2 	1.125702E-5	-4.26E-1   	50.00     	2229.92	23.0 	37.5 	0.000000E+0	0.000000E+0	0.000000E+0	0.000000E+0	0.000000E+0	0.000000E+0	0.000000E+0	0.000000E+0
50.0    	50      	8.176708E-2 	6.204430E-5	-4.90E-1   	50.00     	2231.86	23.0 	37.5 	0.000000E+0	0.000000E+0	0.000000E+0	0.000000E+0	0.000000E+0	0.000000E+0	0.000000E+0	0.000000E+0
50.0    	51      	1.006294E-1 	1.744939E-4	-3.66E-1   	50.00     	2233.77	23.0 	37.5 	0.000000E+0	0.000000E+0	0.000000E+0	0.000000E+0	0.000000E+0	0.000000E+0	0.000000E+0	0.000000E+0
50.0    	52      	2.398458E-2 	1.565086E-4	-7.51E-1   	50.00     	2235.67	23.0 	37.5 	0.000000E+0	0.000000E+0	0.000000E+0	0.000000E+0	0.000000E+0	0.000000E+0	0.000000E+0	0.000000E+0
50.0    	53      	2.379305E-2 	4.925579E-5	-3.68E-1   	50.00     	2237.58	23.0 	37.5 	0.000000E+0	0.000000E+0	0.000000E+0	0.000000E+0	0.000000E+0	0.000000E+0	0.000000E+0	0.000000E+0
50.0    	54      	2.380032E-2 	1.643146E-4	-5.99E-1   	50.00     	2239.50	23.0 	37.5 	0.000000E+0	0.000000E+0	0.000000E+0	0.000000E+0	0.000000E+0	0.000000E+0	0.000000E+0	0.000000E+0
50.0    	55      	2.310258E-2 	1.232700E-4	-4.77E-1   	50.00     	2241.42	23.0 	37.5 	0.000000E+0	0.000000E+0	0.000000E+0	0.000000E+0	0.000000E+0	0.000000E+0	0.000000E+0	0.000000E+0
50.0    	56      	3.500764E-2 	1.991037E-4	-5.42E-1   	50.00     	2243.33	23.0 	37.5 	0.000000E+0	0.000000E+0	0.000000E+0	0.000000E+0	0.000000E+0	0.000000E+0	0.000000E+0	0.000000E+0
50.0    	57      	3.654750E-2 	9.644122E-5	-5.58E-1   	50.00     	2245.24	23.0 	37.5 	0.000000E+0	0.000000E+0	0.000000E+0	0.000000E+0	0.000000E+0	0.000000E+0	0.000000E+0	0.000000E+0
50.0    	58      	3.867177E-2 	4.676232E-3	-6.44E-1   	50.00     	2247.16	23.0 	37.5 	0.000000E+0	0.000000E+0	0.000000E+0	0.000000E+0	0.000000E+0	0.000000E+0	0.000000E+0	0.000000E+0
50.0    	59      	2.637097E-2 	7.545604E-3	-2.27E-1   	50.00     	2249.05	23.0 	37.5 	0.000000E+0	0.000000E+0	0.000000E+0	0.000000E+0	0.000000E+0	0.000000E+0	0.000000E+0	0.000000E+0
50.0    	60      	2.519772E-2 	1.484886E-5	-5.29E-1   	50.00     	2250.96	23.0 	37.5 	0.000000E+0	0.000000E+0	0.000000E+0	0.000000E+0	0.000000E+0	0.000000E+0	0.000000E+0	0.000000E+0
50.0    	61      	1.615527E-1 	6.630990E-5	-8.28E-1   	50.00     	2252.87	23.0 	37.5 	0.000000E+0	0.000000E+0	0.000000E+0	0.000000E+0	0.000000E+0	0.000000E+0	0.000000E+0	0.000000E+0
50.0    	62      	2.619621E-2 	7.413685E-5	-4.75E-1   	50.00     	2254.77	23.0 	37.5 	0.000000E+0	0.000000E+0	0.000000E+0	0.000000E+0	0.000000E+0	0.000000E+0	0.000000E+0	0.000000E+0
50.0    	63      	8.354344E-2 	8.596485E-5	-3.54E-1   	50.00     	2256.68	23.0 	37.5 	0.000000E+0	0.000000E+0	0.000000E+0	0.000000E+0	0.000000E+0	0.000000E+0	0.000000E+0	0.000000E+0
50.0    	64      	2.634627E-2 	8.532115E-5	-9.12E-1   	50.00     	2258.59	23.0 	37.5 	0.000000E+0	0.000000E+0	0.000000E+0	0.000000E+0	0.000000E+0	0.000000E+0	0.000000E+0	0.000000E+0
50.0    	65      	2.084947E-2 	5.155756E-5	-3.88E-1   	50.00     	2260.48	23.0 	37.5 	0.000000E+0	0.000000E+0	0.000000E+0	0.000000E+0	0.000000E+0	0.000000E+0	0.000000E+0	0.000000E+0
50.0    	66      	8.325723E-2 	6.732564E-5	-6.03E-1   	50.00     	2262.39	23.0 	37.5 	0.000000E+0	0.000000E+0	0.000000E+0	0.000000E+0	0.000000E+0	0.000000E+0	0.000000E+0	0.000000E+0
50.0    	67      	9.304534E-2 	8.848318E-5	-6.21E-1   	50.00     	2264.31	23.0 	37.5 	0.000000E+0	0.000000E+0	0.000000E+0	0.000000E+0	0.000000E+0	0.000000E+0	0.000000E+0	0.000000E+0
50.0    	68      	2.287844E-2 	4.020936E-5	-6.07E-1   	50.00     	2266.22	23.0 	37.5 	0.000000E+0	0.000000E+0	0.000000E+0	0.000000E+0	0.000000E+0	0.000000E+0	0.000000E+0	0.000000E+0
50.0    	69      	2.304243E-2 	1.276846E-4	-5.79E-1   	50.00     	2268.12	23.0 	37.5 	0.000000E+0	0.000000E+0	0.000000E+0	0.000000E+0	0.000000E+0	0.000000E+0	0.000000E+0	0.000000E+0
50.0    	70      	2.128983E-2 	4.076678E-5	-6.68E-1   	50.00     	2270.04	23.0 	37.5 	0.000000E+0	0.000000E+0	0.000000E+0	0.000000E+0	0.000000E+0	0.000000E+0	0.000000E+0	0.000000E+0
50.0    	71      	2.160009E-2 	8.064407E-5	-5.85E-1   	50.00     	2271.95	23.0 	37.5 	0.000000E+0	0.000000E+0	0.000000E+0	0.000000E+0	0.000000E+0	0.000000E+0	0.000000E+0	0.000000E+0
50.0    	72      	2.932562E-2 	1.374388E-4	-5.60E-1   	50.00     	2273.86	23.0 	37.5 	0.000000E+0	0.000000E+0	0.000000E+0	0.000000E+0	0.000000E+0	0.000000E+0	0.000000E+0	0.000000E+0
50.0    	73      	2.438948E-2 	1.787088E-4	-6.91E-1   	50.00     	2275.79	23.0 	37.5 	0.000000E+0	0.000000E+0	0.000000E+0	0.000000E+0	0.000000E+0	0.000000E+0	0.000000E+0	0.000000E+0
50.0    	74      	4.739233E-2 	3.379408E-5	-7.34E-1   	50.00     	2277.70	23.0 	37.5 	0.000000E+0	0.000000E+0	0.000000E+0	0.000000E+0	0.000000E+0	0.000000E+0	0.000000E+0	0.000000E+0
50.0    	75      	2.168841E-2 	1.733304E-4	-8.33E-1   	50.00     	2279.62	23.0 	37.5 	0.000000E+0	0.000000E+0	0.000000E+0	0.000000E+0	0.000000E+0	0.000000E+0	0.000000E+0	0.000000E+0
50.0    	76      	4.100242E-2 	1.399902E-4	-7.40E-1   	50.00     	2281.53	23.0 	37.5 	0.000000E+0	0.000000E+0	0.000000E+0	0.000000E+0	0.000000E+0	0.000000E+0	0.000000E+0	0.000000E+0
50.0    	77      	1.798345E-2 	2.913997E-2	-4.86E-1   	50.00     	2283.44	23.0 	37.5 	0.000000E+0	0.000000E+0	0.000000E+0	0.000000E+0	0.000000E+0	0.000000E+0	0.000000E+0	0.000000E+0
50.0    	78      	2.231924E-3 	1.752282E-3	-3.93E-1   	50.00     	2285.35	23.0 	37.5 	0.000000E+0	0.000000E+0	0.000000E+0	0.000000E+0	0.000000E+0	0.000000E+0	0.000000E+0	0.000000E+0
50.0    	79      	2.655808E-2 	7.661096E-4	-6.62E-1   	50.00     	2287.28	23.0 	37.5 	0.000000E+0	0.000000E+0	0.000000E+0	0.000000E+0	0.000000E+0	0.000000E+0	0.000000E+0	0.000000E+0
50.0    	80      	2.545478E-2 	7.923740E-5	-4.44E-1   	50.00     	2289.18	23.0 	37.5 	0.000000E+0	0.000000E+0	0.000000E+0	0.000000E+0	0.000000E+0	0.000000E+0	0.000000E+0	0.000000E+0
50.0    	81      	2.167101E-2 	1.659007E-4	-6.93E-1   	50.00     	2291.09	23.0 	37.5 	0.000000E+0	0.000000E+0	0.000000E+0	0.000000E+0	0.000000E+0	0.000000E+0	0.000000E+0	0.000000E+0
50.0    	82      	8.202288E-2 	9.814061E-5	-5.13E-1   	50.00     	2292.98	23.0 	37.5 	0.000000E+0	0.000000E+0	0.000000E+0	0.000000E+0	0.000000E+0	0.000000E+0	0.000000E+0	0.000000E+0
50.0    	83      	9.414386E-2 	4.522534E-5	-3.00E-1   	50.00     	2294.89	23.0 	37.5 	0.000000E+0	0.000000E+0	0.000000E+0	0.000000E+0	0.000000E+0	0.000000E+0	0.000000E+0	0.000000E+0
50.0    	84      	2.487766E-2 	6.221639E-5	-5.42E-1   	50.00     	2296.80	23.0 	37.5 	0.000000E+0	0.000000E+0	0.000000E+0	0.000000E+0	0.000000E+0	0.000000E+0	0.000000E+0	0.000000E+0
50.0    	85      	2.293320E-2 	1.314747E-4	-8.31E-1   	50.00     	2298.71	23.0 	37.5 	0.000000E+0	0.000000E+0	0.000000E+0	0.000000E+0	0.000000E+0	0.000000E+0	0.000000E+0	0.000000E+0
50.0    	86      	2.132561E-2 	4.232347E-5	-4.91E-1   	50.00     	2300.62	23.0 	37.5 	0.000000E+0	0.000000E+0	0.000000E+0	0.000000E+0	0.000000E+0	0.000000E+0	0.000000E+0	0.000000E+0
50.0    	87      	2.148041E-2 	8.508336E-5	-3.54E-1   	50.00     	2302.51	23.0 	37.5 	0.000000E+0	0.000000E+0	0.000000E+0	0.000000E+0	0.000000E+0	0.000000E+0	0.000000E+0	0.000000E+0
50.0    	88      	3.767771E-2 	1.539748E-4	-2.03E-1   	50.00     	2304.42	23.0 	37.5 	0.000000E+0	0.000000E+0	0.000000E+0	0.000000E+0	0.000000E+0	0.000000E+0	0.000000E+0	0.000000E+0
50.0    	89      	1.996589E-2 	3.784569E-5	-7.40E-1   	50.00     	2306.33	23.0 	37.5 	0.000000E+0	0.000000E+0	0.000000E+0	0.000000E+0	0.000000E+0	0.000000E+0	0.000000E+0	0.000000E+0
50.0    	90      	4.394982E-2 	2.128629E-4	-7.77E-1   	50.00     	2308.24	23.0 	37.5 	0.000000E+0	0.000000E+0	0.000000E+0	0.000000E+0	0.000000E+0	0.000000E+0	0.000000E+0	0.000000E+0
50.0    	91      	2.230164E-2 	4.179371E-5	-5.86E-1   	50.00     	2310.14	23.0 	37.5 	0.000000E+0	0.000000E+0	0.000000E+0	0.000000E+0	0.000000E+0	0.000000E+0	0.000000E+0	0.000000E+0
50.0    	92      	2.858167E-2 	9.288978E-5	-4.17E-1   	50.00     	2312.05	23.0 	37.5 	0.000000E+0	0.000000E+0	0.000000E+0	0.000000E+0	0.000000E+0	0.000000E+0	0.000000E+0	0.000000E+0
50.0    	93      	2.655112E-2 	2.726038E-5	-5.46E-1   	50.00     	2313.95	23.0 	37.5 	0.000000E+0	0.000000E+0	0.000000E+0	0.000000E+0	0.000000E+0	0.000000E+0	0.000000E+0	0.000000E+0
50.0    	94      	4.489859E-2 	5.597039E-5	-6.00E-1   	50.00     	2315.86	23.0 	37.5 	0.000000E+0	0.000000E+0	0.000000E+0	0.000000E+0	0.000000E+0	0.000000E+0	0.000000E+0	0.000000E+0
50.0    	95      	2.973688E-2 	6.588826E-5	-3.29E-1   	50.00     	2317.77	23.0 	37.5 	0.000000E+0	0.000000E+0	0.000000E+0	0.000000E+0	0.000000E+0	0.000000E+0	0.000000E+0	0.000000E+0
50.0    	96      	2.516954E-2 	1.768460E-4	-6.59E-1   	50.00     	2319.70	23.0 	37.5 	0.000000E+0	0.000000E+0	0.000000E+0	0.000000E+0	0.000000E+0	0.000000E+0	0.000000E+0	0.000000E+0
50.0    	97      	2.288699E-2 	1.922360E-4	-5.27E-1   	50.00     	2321.61	23.0 	37.5 	0.000000E+0	0.000000E+0	0.000000E+0	0.000000E+0	0.000000E+0	0.000000E+0	0.000000E+0	0.000000E+0
50.0    	98      	8.482909E-2 	1.646160E-5	-6.84E-1   	50.00     	2323.55	23.0 	37.5 	0.000000E+0	0.000000E+0	0.000000E+0	0.000000E+0	0.000000E+0	0.000000E+0	0.000000E+0	0.000000E+0
50.0    	99      	8.155654E-2 	3.958176E-5	-6.22E-1   	50.00     	2325.45	23.0 	37.5 	0.000000E+0	0.000000E+0	0.000000E+0	0.000000E+0	0.000000E+0	0.000000E+0	0.000000E+0	0.000000E+0
50.0    	100     	2.343943E-2 	9.827189E-5	-4.51E-1   	50.00     	2327.37	23.0 	37.5 	0.000000E+0	0.000000E+0	0.000000E+0	0.000000E+0	0.000000E+0	0.000000E+0	0.000000E+0	0.000000E+0
50.0    	101     	2.857375E-2 	7.341968E-5	-2.38E-1   	50.00     	2329.30	23.0 	37.5 	0.000000E+0	0.000000E+0	0.000000E+0	0.000000E+0	0.000000E+0	0.000000E+0	0.000000E+0	0.000000E+0
50.0    	102     	2.098718E-2 	7.553447E-5	-2.87E-1   	50.00     	2331.33	23.0 	37.5 	0.000000E+0	0.000000E+0	0.000000E+0	0.000000E+0	0.000000E+0	0.000000E+0	0.000000E+0	0.000000E+0
50.0    	103     	6.191015E-2 	4.920443E-5	-1.06E-1   	50.00     	2333.30	23.0 	37.5 	0.000000E+0	0.000000E+0	0.000000E+0	0.000000E+0	0.000000E+0	0.000000E+0	0.000000E+0	0.000000E+0
50.0    	104     	-4.424239E-2	2.000399E-5	-5.24E-1   	50.00     	2335.27	23.0 	37.5 	0.000000E+0	0.000000E+0	0.000000E+0	0.000000E+0	0.000000E+0	0.000000E+0	0.000000E+0	0.000000E+0
50.0    	105     	3.603558E-2 	9.392265E-5	-3.51E-1   	50.00     	2337.18	23.0 	37.5 	0.000000E+0	0.000000E+0	0.000000E+0	0.000000E+0	0.000000E+0	0.000000E+0	0.000000E+0	0.000000E+0
50.0    	106     	4.627352E-2 	2.404214E-5	-4.16E-1   	50.00     	2339.09	23.0 	37.5 	0.000000E+0	0.000000E+0	0.000000E+0	0.000000E+0	0.000000E+0	0.000000E+0	0.000000E+0	0.000000E+0
50.0    	107     	2.182644E-2 	7.240458E-5	-7.01E-1   	50.00     	2341.00	23.0 	37.5 	0.000000E+0	0.000000E+0	0.000000E+0	0.000000E+0	0.000000E+0	0.000000E+0	0.000000E+0	0.000000E+0
50.0    	108     	2.704117E-2 	1.068532E-4	-4.61E-1   	50.00     	2342.90	23.0 	37.5 	0.000000E+0	0.000000E+0	0.000000E+0	0.000000E+0	0.000000E+0	0.000000E+0	0.000000E+0	0.000000E+0
50.0    	109     	2.547695E-2 	1.974362E-5	-4.48E-1   	50.00     	2344.81	23.0 	37.5 	0.000000E+0	0.000000E+0	0.000000E+0	0.000000E+0	0.000000E+0	0.000000E+0	0.000000E+0	0.000000E+0
50.0    	110     	2.667901E-2 	1.625011E-4	-8.63E-2   	50.00     	2346.72	23.0 	37.5 	0.000000E+0	0.000000E+0	0.000000E+0	0.000000E+0	0.000000E+0	0.000000E+0	0.000000E+0	0.000000E+0
50.0    	111     	2.388644E-2 	1.219751E-4	-7.63E-1   	50.00     	2348.63	23.0 	37.5 	0.000000E+0	0.000000E+0	0.000000E+0	0.000000E+0	0.000000E+0	0.000000E+0	0.000000E+0	0.000000E+0
50.0    	112     	2.363191E-2 	1.107996E-4	-4.74E-1   	50.00     	2350.53	23.0 	37.5 	0.000000E+0	0.000000E+0	0.000000E+0	0.000000E+0	0.000000E+0	0.000000E+0	0.000000E+0	0.000000E+0
50.0    	113     	2.293891E-2 	4.253308E-5	-4.51E-1   	50.00     	2352.44	23.0 	37.5 	0.000000E+0	0.000000E+0	0.000000E+0	0.000000E+0	0.000000E+0	0.000000E+0	0.000000E+0	0.000000E+0
50.0    	114     	8.373088E-2 	9.640626E-5	-6.00E-1   	50.00     	2354.35	23.0 	37.5 	0.000000E+0	0.000000E+0	0.000000E+0	0.000000E+0	0.000000E+0	0.000000E+0	0.000000E+0	0.000000E+0
50.0    	115     	8.621635E-2 	1.372223E-4	-8.40E-1   	50.00     	2356.26	23.0 	37.5 	0.000000E+0	0.000000E+0	0.000000E+0	0.000000E+0	0.000000E+0	0.000000E+0	0.000000E+0	0.000000E+0
50.0    	116     	2.381014E-2 	1.217008E-4	-4.87E-1   	50.00     	2358.16	23.0 	37.5 	0.000000E+0	0.000000E+0	0.000000E+0	0.000000E+0	0.000000E+0	0.000000E+0	0.000000E+0	0.000000E+0
50.0    	117     	2.269609E-2 	8.386064E-5	-5.65E-1   	50.00     	2360.07	23.0 	37.5 	0.000000E+0	0.000000E+0	0.000000E+0	0.000000E+0	0.000000E+0	0.000000E+0	0.000000E+0	0.000000E+0
50.0    	118     	2.153962E-2 	1.666623E-4	-4.55E-1   	50.00     	2361.96	23.0 	37.5 	0.000000E+0	0.000000E+0	0.000000E+0	0.000000E+0	0.000000E+0	0.000000E+0	0.000000E+0	0.000000E+0
50.0    	119     	2.182962E-2 	5.953321E-5	-7.70E-1   	50.00     	2363.87	23.0 	37.5 	0.000000E+0	0.000000E+0	0.000000E+0	0.000000E+0	0.000000E+0	0.000000E+0	0.000000E+0	0.000000E+0
50.0    	120     	4.001313E-2 	1.113176E-4	-7.16E-1   	50.00     	2365.78	23.0 	37.5 	0.000000E+0	0.000000E+0	0.000000E+0	0.000000E+0	0.000000E+0	0.000000E+0	0.000000E+0	0.000000E+0
50.0    	121     	2.216773E-2 	1.973064E-4	-6.88E-1   	50.00     	2367.69	23.0 	37.5 	0.000000E+0	0.000000E+0	0.000000E+0	0.000000E+0	0.000000E+0	0.000000E+0	0.000000E+0	0.000000E+0
50.0    	122     	4.009480E-2 	1.151391E-4	-9.02E-1   	50.00     	2369.60	23.0 	37.5 	0.000000E+0	0.000000E+0	0.000000E+0	0.000000E+0	0.000000E+0	0.000000E+0	0.000000E+0	0.000000E+0
50.0    	123     	6.970469E-2 	2.006246E-4	-5.84E-1   	50.00     	2371.51	23.0 	37.5 	0.000000E+0	0.000000E+0	0.000000E+0	0.000000E+0	0.000000E+0	0.000000E+0	0.000000E+0	0.000000E+0
50.0    	124     	2.326278E-2 	2.067601E-5	-8.53E-1   	50.00     	2373.42	23.0 	37.5 	0.000000E+0	0.000000E+0	0.000000E+0	0.000000E+0	0.000000E+0	0.000000E+0	0.000000E+0	0.000000E+0
50.0    	125     	2.305066E-2 	9.877375E-5	-4.58E-1   	50.00     	2375.32	23.0 	37.5 	0.000000E+0	0.000000E+0	0.000000E+0	0.000000E+0	0.000000E+0	0.000000E+0	0.000000E+0	0.000000E+0
50.0    	126     	2.563556E-2 	9.748745E-6	-4.07E-1   	50.00     	2377.23	23.0 	37.5 	0.000000E+0	0.000000E+0	0.000000E+0	0.000000E+0	0.000000E+0	0.000000E+0	0.000000E+0	0.000000E+0
50.0    	127     	2.567607E-2 	1.054546E-4	-5.53E-1   	50.00     	2379.14	23.0 	37.5 	0.000000E+0	0.000000E+0	0.000000E+0	0.000000E+0	0.000000E+0	0.000000E+0	0.000000E+0	0.000000E+0
50.0    	128     	2.510495E-2 	2.423958E-4	-5.39E-1   	50.00     	2381.04	23.0 	37.5 	0.000000E+0	0.000000E+0	0.000000E+0	0.000000E+0	0.000000E+0	0.000000E+0	0.000000E+0	0.000000E+0
50.0    	129     	2.175964E-2 	1.353074E-4	-2.34E-1   	50.00     	2382.95	23.0 	37.5 	0.000000E+0	0.000000E+0	0.000000E+0	0.000000E+0	0.000000E+0	0.000000E+0	0.000000E+0	0.000000E+0
50.0    	130     	8.524158E-2 	1.279281E-4	-4.49E-1   	50.00     	2384.86	23.0 	37.5 	0.000000E+0	0.000000E+0	0.000000E+0	0.000000E+0	0.000000E+0	0.000000E+0	0.000000E+0	0.000000E+0
50.0    	131     	9.794601E-2 	9.375113E-5	-7.41E-1   	50.00     	2386.76	23.0 	37.5 	0.000000E+0	0.000000E+0	0.000000E+0	0.000000E+0	0.000000E+0	0.000000E+0	0.000000E+0	0.000000E+0
50.0    	132     	9.483465E-2 	1.255003E-4	-5.78E-1   	50.00     	2388.67	23.0 	37.5 	0.000000E+0	0.000000E+0	0.000000E+0	0.000000E+0	0.000000E+0	0.000000E+0	0.000000E+0	0.000000E+0
50.0    	133     	2.273978E-2 	1.918751E-4	-6.26E-1   	50.00     	2390.58	23.0 	37.5 	0.000000E+0	0.000000E+0	0.000000E+0	0.000000E+0	0.000000E+0	0.000000E+0	0.000000E+0	0.000000E+0
50.0    	134     	2.206641E-2 	1.284455E-4	-7.83E-1   	50.00     	2392.49	23.0 	37.5 	0.000000E+0	0.000000E+0	0.000000E+0	0.000000E+0	0.000000E+0	0.000000E+0	0.000000E+0	0.000000E+0
50.0    	135     	2.235133E-2 	7.630967E-5	-9.94E-1   	50.00     	2394.39	23.0 	37.5 	0.000000E+0	0.000000E+0	0.000000E+0	0.000000E+0	0.000000E+0	0.000000E+0	0.000000E+0	0.000000E+0
50.0    	136     	-4.143151E-2	9.423891E-5	-7.17E-1   	50.00     	2396.30	23.0 	37.5 	0.000000E+0	0.000000E+0	0.000000E+0	0.000000E+0	0.000000E+0	0.000000E+0	0.000000E+0	0.000000E+0
50.0    	137     	6.884729E-3 	9.479505E-5	-8.07E-1   	50.00     	2398.21	23.0 	37.5 	0.000000E+0	0.000000E+0	0.000000E+0	0.000000E+0	0.000000E+0	0.000000E+0	0.000000E+0	0.000000E+0
50.0    	138     	3.361057E-2 	9.500434E-5	-3.45E-1   	50.00     	2400.12	23.0 	37.5 	0.000000E+0	0.000000E+0	0.000000E+0	0.000000E+0	0.000000E+0	0.000000E+0	0.000000E+0	0.000000E+0
50.0    	139     	2.175807E-2 	1.768318E-4	-4.12E-1   	50.00     	2402.04	23.0 	37.5 	0.000000E+0	0.000000E+0	0.000000E+0	0.000000E+0	0.000000E+0	0.000000E+0	0.000000E+0	0.000000E+0
50.0    	140     	-6.424146E-3	1.684605E-4	-7.08E-1   	50.00     	2403.94	23.0 	37.5 	0.000000E+0	0.000000E+0	0.000000E+0	0.000000E+0	0.000000E+0	0.000000E+0	0.000000E+0	0.000000E+0
50.0    	141     	4.164972E-3 	1.847462E-4	-7.77E-1   	50.00     	2405.85	23.0 	37.5 	0.000000E+0	0.000000E+0	0.000000E+0	0.000000E+0	0.000000E+0	0.000000E+0	0.000000E+0	0.000000E+0
50.0    	142     	2.620066E-2 	1.231613E-4	-7.25E-1   	50.00     	2407.76	23.0 	37.5 	0.000000E+0	0.000000E+0	0.000000E+0	0.000000E+0	0.000000E+0	0.000000E+0	0.000000E+0	0.000000E+0
50.0    	143     	4.615544E-2 	1.222175E-4	-6.00E-1   	50.00     	2409.67	23.0 	37.5 	0.000000E+0	0.000000E+0	0.000000E+0	0.000000E+0	0.000000E+0	0.000000E+0	0.000000E+0	0.000000E+0
50.0    	144     	2.160008E-2 	3.347557E-5	-3.89E-1   	50.00     	2411.57	23.0 	37.5 	0.000000E+0	0.000000E+0	0.000000E+0	0.000000E+0	0.000000E+0	0.000000E+0	0.000000E+0	0.000000E+0
50.0    	145     	2.312982E-2 	1.504626E-4	-4.10E-1   	50.00     	2413.48	23.0 	37.5 	0.000000E+0	0.000000E+0	0.000000E+0	0.000000E+0	0.000000E+0	0.000000E+0	0.000000E+0	0.000000E+0
50.0    	146     	8.338105E-2 	1.921355E-4	-3.58E-1   	50.00     	2415.39	23.0 	37.5 	0.000000E+0	0.000000E+0	0.000000E+0	0.000000E+0	0.000000E+0	0.000000E+0	0.000000E+0	0.000000E+0
50.0    	147     	9.942100E-2 	1.053604E-4	-4.73E-1   	50.00     	2417.30	23.0 	37.5 	0.000000E+0	0.000000E+0	0.000000E+0	0.000000E+0	0.000000E+0	0.000000E+0	0.000000E+0	0.000000E+0
50.0    	148     	2.844173E-2 	7.359945E-5	-6.23E-1   	50.00     	2419.22	23.0 	37.5 	0.000000E+0	0.000000E+0	0.000000E+0	0.000000E+0	0.000000E+0	0.000000E+0	0.000000E+0	0.000000E+0
50.0    	149     	2.190621E-2 	1.418588E-4	-5.15E-1   	50.00     	2421.12	23.0 	37.5 	0.000000E+0	0.000000E+0	0.000000E+0	0.000000E+0	0.000000E+0	0.000000E+0	0.000000E+0	0.000000E+0
50.0    	150     	2.185652E-2 	4.218899E-5	-8.13E-1   	50.00     	2423.03	23.0 	37.5 	0.000000E+0	0.000000E+0	0.000000E+0	0.000000E+0	0.000000E+0	0.000000E+0	0.000000E+0	0.000000E+0
50.0    	151     	1.765403E-1 	1.410917E-4	-4.33E-1   	50.00     	2424.95	23.0 	37.5 	0.000000E+0	0.000000E+0	0.000000E+0	0.000000E+0	0.000000E+0	0.000000E+0	0.000000E+0	0.000000E+0
50.0    	152     	3.071037E-2 	2.196616E-4	-4.90E-1   	50.00     	2426.86	23.0 	37.5 	0.000000E+0	0.000000E+0	0.000000E+0	0.000000E+0	0.000000E+0	0.000000E+0	0.000000E+0	0.000000E+0
50.0    	153     	2.129997E-2 	4.708754E-5	-2.47E-1   	50.00     	2428.77	23.0 	37.5 	0.000000E+0	0.000000E+0	0.000000E+0	0.000000E+0	0.000000E+0	0.000000E+0	0.000000E+0	0.000000E+0
50.0    	154     	3.934006E-2 	9.922164E-5	-4.02E-1   	50.00     	2430.68	23.0 	37.5 	0.000000E+0	0.000000E+0	0.000000E+0	0.000000E+0	0.000000E+0	0.000000E+0	0.000000E+0	0.000000E+0
50.0    	155     	2.143579E-2 	1.487539E-4	-6.10E-1   	50.00     	2432.58	23.0 	37.4 	0.000000E+0	0.000000E+0	0.000000E+0	0.000000E+0	0.000000E+0	0.000000E+0	0.000000E+0	0.000000E+0
50.0    	156     	2.003807E-2 	7.508284E-5	-7.61E-1   	50.00     	2434.49	23.0 	37.4 	0.000000E+0	0.000000E+0	0.000000E+0	0.000000E+0	0.000000E+0	0.000000E+0	0.000000E+0	0.000000E+0
50.0    	157     	7.372056E-2 	7.993128E-2	-6.40E-1   	50.00     	2436.39	23.0 	37.4 	0.000000E+0	0.000000E+0	0.000000E+0	0.000000E+0	0.000000E+0	0.000000E+0	0.000000E+0	0.000000E+0
50.0    	158     	2.643682E-2 	6.743697E-5	-5.86E-1   	50.00     	2438.30	23.0 	37.4 	0.000000E+0	0.000000E+0	0.000000E+0	0.000000E+0	0.000000E+0	0.000000E+0	0.000000E+0	0.000000E+0
50.0    	159     	2.198663E-2 	1.190152E-4	-6.77E-1   	50.00     	2440.21	23.0 	37.4 	0.000000E+0	0.000000E+0	0.000000E+0	0.000000E+0	0.000000E+0	0.000000E+0	0.000000E+0	0.000000E+0
50.0    	160     	2.335332E-2 	5.567436E-5	-6.46E-1   	50.00     	2442.11	23.0 	37.4 	0.000000E+0	0.000000E+0	0.000000E+0	0.000000E+0	0.000000E+0	0.000000E+0	0.000000E+0	0.000000E+0
50.0    	161     	2.309150E-2 	2.571233E-5	-6.36E-1   	50.00     	2444.02	23.0 	37.4 	0.000000E+0	0.000000E+0	0.000000E+0	0.000000E+0	0.000000E+0	0.000000E+0	0.000000E+0	0.000000E+0
50.0    	162     	8.391825E-2 	7.179904E-5	-4.19E-1   	50.00     	2445.93	23.0 	37.4 	0.000000E+0	0.000000E+0	0.000000E+0	0.000000E+0	0.000000E+0	0.000000E+0	0.000000E+0	0.000000E+0
50.0    	163     	8.984722E-2 	1.310185E-4	-4.35E-1   	50.00     	2447.84	23.0 	37.4 	0.000000E+0	0.000000E+0	0.000000E+0	0.000000E+0	0.000000E+0	0.000000E+0	0.000000E+0	0.000000E+0
50.0    	164     	1.458513E-3 	2.024862E-4	-4.30E-1   	50.00     	2449.75	23.0 	37.4 	0.000000E+0	0.000000E+0	0.000000E+0	0.000000E+0	0.000000E+0	0.000000E+0	0.000000E+0	0.000000E+0
50.0    	165     	2.479503E-2 	4.010811E-5	-4.17E-1   	50.00     	2451.65	23.0 	37.4 	0.000000E+0	0.000000E+0	0.000000E+0	0.000000E+0	0.000000E+0	0.000000E+0	0.000000E+0	0.000000E+0
50.0    	166     	2.240897E-2 	7.129530E-5	-7.00E-1   	50.00     	2453.56	23.0 	37.4 	0.000000E+0	0.000000E+0	0.000000E+0	0.000000E+0	0.000000E+0	0.000000E+0	0.000000E+0	0.000000E+0
50.0    	167     	8.302550E-2 	8.542609E-5	-3.03E-1   	50.00     	2455.47	23.0 	37.4 	0.000000E+0	0.000000E+0	0.000000E+0	0.000000E+0	0.000000E+0	0.000000E+0	0.000000E+0	0.000000E+0
50.0    	168     	3.749028E-2 	1.533262E-4	-5.90E-1   	50.00     	2457.38	23.0 	37.4 	0.000000E+0	0.000000E+0	0.000000E+0	0.000000E+0	0.000000E+0	0.000000E+0	0.000000E+0	0.000000E+0
50.0    	169     	2.363729E-2 	7.112824E-5	-5.51E-1   	50.00     	2459.29	23.0 	37.4 	0.000000E+0	0.000000E+0	0.000000E+0	0.000000E+0	0.000000E+0	0.000000E+0	0.000000E+0	0.000000E+0
50.0    	170     	5.854202E-2 	1.264594E-4	-5.00E-1   	50.00     	2461.20	23.0 	37.4 	0.000000E+0	0.000000E+0	0.000000E+0	0.000000E+0	0.000000E+0	0.000000E+0	0.000000E+0	0.000000E+0
50.0    	171     	3.271908E-2 	1.007810E-4	-7.16E-1   	50.00     	2463.11	23.0 	37.4 	0.000000E+0	0.000000E+0	0.000000E+0	0.000000E+0	0.000000E+0	0.000000E+0	0.000000E+0	0.000000E+0
50.0    	172     	2.214207E-2 	6.909950E-5	-2.78E-1   	50.00     	2465.01	23.0 	37.4 	0.000000E+0	0.000000E+0	0.000000E+0	0.000000E+0	0.000000E+0	0.000000E+0	0.000000E+0	0.000000E+0
50.0    	173     	3.147839E-2 	1.336745E-4	-5.28E-1   	50.00     	2466.92	23.0 	37.4 	0.000000E+0	0.000000E+0	0.000000E+0	0.000000E+0	0.000000E+0	0.000000E+0	0.000000E+0	0.000000E+0
50.0    	174     	2.577263E-2 	3.375601E-5	-4.65E-1   	50.00     	2468.84	23.0 	37.4 	0.000000E+0	0.000000E+0	0.000000E+0	0.000000E+0	0.000000E+0	0.000000E+0	0.000000E+0	0.000000E+0
50.0    	175     	2.565234E-2 	1.367726E-4	-3.96E-1   	50.00     	2470.74	23.0 	37.4 	0.000000E+0	0.000000E+0	0.000000E+0	0.000000E+0	0.000000E+0	0.000000E+0	0.000000E+0	0.000000E+0
50.0    	176     	2.225826E-2 	2.997579E-5	-7.24E-1   	50.00     	2472.65	23.0 	37.4 	0.000000E+0	0.000000E+0	0.000000E+0	0.000000E+0	0.000000E+0	0.000000E+0	0.000000E+0	0.000000E+0
50.0    	177     	2.732166E-2 	6.434398E-5	-5.54E-1   	50.00     	2474.56	23.0 	37.4 	0.000000E+0	0.000000E+0	0.000000E+0	0.000000E+0	0.000000E+0	0.000000E+0	0.000000E+0	0.000000E+0
50.0    	178     	8.536980E-2 	4.056517E-5	-6.22E-1   	50.00     	2476.47	23.0 	37.4 	0.000000E+0	0.000000E+0	0.000000E+0	0.000000E+0	0.000000E+0	0.000000E+0	0.000000E+0	0.000000E+0
50.0    	179     	9.792068E-2 	6.215039E-5	-1.98E-1   	50.00     	2478.38	23.0 	37.4 	0.000000E+0	0.000000E+0	0.000000E+0	0.000000E+0	0.000000E+0	0.000000E+0	0.000000E+0	0.000000E+0
50.0    	180     	2.822109E-2 	1.485800E-4	-6.08E-1   	50.00     	2480.30	23.0 	37.4 	0.000000E+0	0.000000E+0	0.000000E+0	0.000000E+0	0.000000E+0	0.000000E+0	0.000000E+0	0.000000E+0
50.0    	181     	4.677849E-2 	1.561231E-4	-8.34E-1   	50.00     	2482.21	23.0 	37.4 	0.000000E+0	0.000000E+0	0.000000E+0	0.000000E+0	0.000000E+0	0.000000E+0	0.000000E+0	0.000000E+0
50.0    	182     	2.221996E-2 	1.149253E-4	-3.35E-1   	50.00     	2484.11	23.0 	37.4 	0.000000E+0	0.000000E+0	0.000000E+0	0.000000E+0	0.000000E+0	0.000000E+0	0.000000E+0	0.000000E+0
50.0    	183     	2.177959E-2 	8.075949E-5	-5.06E-1   	50.00     	2486.03	23.0 	37.4 	0.000000E+0	0.000000E+0	0.000000E+0	0.000000E+0	0.000000E+0	0.000000E+0	0.000000E+0	0.000000E+0
50.0    	184     	3.885159E-2 	8.617963E-5	-5.31E-1   	50.00     	2487.93	23.0 	37.4 	0.000000E+0	0.000000E+0	0.000000E+0	0.000000E+0	0.000000E+0	0.000000E+0	0.000000E+0	0.000000E+0
50.0    	185     	2.324948E-2 	1.147853E-4	-5.94E-1   	50.00     	2489.84	23.0 	37.4 	0.000000E+0	0.000000E+0	0.000000E+0	0.000000E+0	0.000000E+0	0.000000E+0	0.000000E+0	0.000000E+0
50.0    	186     	8.146793E-2 	4.705633E-5	-2.07E-1   	50.00     	2491.75	23.0 	37.4 	0.000000E+0	0.000000E+0	0.000000E+0	0.000000E+0	0.000000E+0	0.000000E+0	0.000000E+0	0.000000E+0
50.0    	187     	3.014305E-2 	1.564729E-4	-6.25E-1   	50.00     	2493.66	23.0 	37.4 	0.000000E+0	0.000000E+0	0.000000E+0	0.000000E+0	0.000000E+0	0.000000E+0	0.000000E+0	0.000000E+0
50.0    	188     	2.110749E-2 	1.470139E-4	-4.53E-1   	50.00     	2495.56	23.0 	37.4 	0.000000E+0	0.000000E+0	0.000000E+0	0.000000E+0	0.000000E+0	0.000000E+0	0.000000E+0	0.000000E+0
50.0    	189     	2.750655E-2 	4.091464E-5	-7.13E-1   	50.00     	2497.47	23.0 	37.4 	0.000000E+0	0.000000E+0	0.000000E+0	0.000000E+0	0.000000E+0	0.000000E+0	0.000000E+0	0.000000E+0
50.0    	190     	3.532423E-2 	1.007848E-4	-4.08E-1   	50.00     	2499.38	23.0 	37.4 	0.000000E+0	0.000000E+0	0.000000E+0	0.000000E+0	0.000000E+0	0.000000E+0	0.000000E+0	0.000000E+0
50.0    	191     	2.461679E-2 	8.215403E-5	-7.38E-1   	50.00     	2501.29	23.0 	37.4 	0.000000E+0	0.000000E+0	0.000000E+0	0.000000E+0	0.000000E+0	0.000000E+0	0.000000E+0	0.000000E+0
50.0    	192     	2.197397E-2 	1.635238E-4	-3.79E-1   	50.00     	2503.19	23.0 	37.4 	0.000000E+0	0.000000E+0	0.000000E+0	0.000000E+0	0.000000E+0	0.000000E+0	0.000000E+0	0.000000E+0
50.0    	193     	2.763888E-2 	1.853120E-4	-7.67E-1   	50.00     	2505.10	23.0 	37.4 	0.000000E+0	0.000000E+0	0.000000E+0	0.000000E+0	0.000000E+0	0.000000E+0	0.000000E+0	0.000000E+0
50.0    	194     	8.973986E-2 	1.407732E-4	-3.90E-1   	50.00     	2507.01	23.0 	37.4 	0.000000E+0	0.000000E+0	0.000000E+0	0.000000E+0	0.000000E+0	0.000000E+0	0.000000E+0	0.000000E+0
50.0    	195     	8.946444E-2 	2.213039E-4	-7.41E-1   	50.00     	2508.92	23.0 	37.4 	0.000000E+0	0.000000E+0	0.000000E+0	0.000000E+0	0.000000E+0	0.000000E+0	0.000000E+0	0.000000E+0
50.0    	196     	2.441861E-2 	1.338989E-4	-7.27E-1   	50.00     	2510.84	23.0 	37.4 	0.000000E+0	0.000000E+0	0.000000E+0	0.000000E+0	0.000000E+0	0.000000E+0	0.000000E+0	0.000000E+0
50.0    	197     	2.230068E-2 	2.329318E-4	-3.89E-1   	50.00     	2512.74	23.0 	37.4 	0.000000E+0	0.000000E+0	0.000000E+0	0.000000E+0	0.000000E+0	0.000000E+0	0.000000E+0	0.000000E+0
50.0    	198     	2.402827E-2 	1.426247E-4	-6.51E-1   	50.00     	2514.65	23.0 	37.4 	0.000000E+0	0.000000E+0	0.000000E+0	0.000000E+0	0.000000E+0	0.000000E+0	0.000000E+0	0.000000E+0
50.0    	199     	3.320725E-2 	2.261873E-4	-5.10E-1   	50.00     	2516.57	23.0 	37.4 	0.000000E+0	0.000000E+0	0.000000E+0	0.000000E+0	0.000000E+0	0.000000E+0	0.000000E+0	0.000000E+0
50.0    	200     	-2.670642E-2	5.779776E-5	-4.27E-1   	50.00     	2518.48	23.0 	37.4 	0.000000E+0	0.000000E+0	0.000000E+0	0.000000E+0	0.000000E+0	0.000000E+0	0.000000E+0	0.000000E+0
50.0    	201     	2.098814E-2 	1.459731E-4	-7.22E-1   	50.00     	2520.40	23.0 	37.4 	0.000000E+0	0.000000E+0	0.000000E+0	0.000000E+0	0.000000E+0	0.000000E+0	0.000000E+0	0.000000E+0
50.0    	202     	3.249556E-2 	1.407661E-4	-7.13E-1   	50.00     	2522.32	23.0 	37.4 	0.000000E+0	0.000000E+0	0.000000E+0	0.000000E+0	0.000000E+0	0.000000E+0	0.000000E+0	0.000000E+0
50.0    	203     	2.450789E-2 	1.180556E-4	-5.71E-1   	50.00     	2524.24	23.0 	37.4 	0.000000E+0	0.000000E+0	0.000000E+0	0.000000E+0	0.000000E+0	0.000000E+0	0.000000E+0	0.000000E+0
50.0    	204     	3.094926E-3 	1.743881E-4	-6.63E-1   	50.00     	2526.15	23.0 	37.4 	0.000000E+0	0.000000E+0	0.000000E+0	0.000000E+0	0.000000E+0	0.000000E+0	0.000000E+0	0.000000E+0
50.0    	205     	6.577689E-2 	9.055644E-5	-5.79E-1   	50.00     	2528.08	23.0 	37.4 	0.000000E+0	0.000000E+0	0.000000E+0	0.000000E+0	0.000000E+0	0.000000E+0	0.000000E+0	0.000000E+0
50.0    	206     	3.546890E-2 	1.327198E-4	-8.66E-1   	50.00     	2530.00	23.0 	37.4 	0.000000E+0	0.000000E+0	0.000000E+0	0.000000E+0	0.000000E+0	0.000000E+0	0.000000E+0	0.000000E+0
50.0    	207     	2.574953E-2 	1.262972E-4	-3.62E-1   	50.00     	2531.90	23.0 	37.4 	0.000000E+0	0.000000E+0	0.000000E+0	0.000000E+0	0.000000E+0	0.000000E+0	0.000000E+0	0.000000E+0
50.0    	208     	2.339922E-2 	1.242703E-4	-6.15E-1   	50.00     	2533.81	23.0 	37.4 	0.000000E+0	0.000000E+0	0.000000E+0	0.000000E+0	0.000000E+0	0.000000E+0	0.000000E+0	0.000000E+0
50.0    	209     	4.738662E-2 	1.762365E-5	-5.73E-1   	50.00     	2535.72	23.0 	37.4 	0.000000E+0	0.000000E+0	0.000000E+0	0.000000E+0	0.000000E+0	0.000000E+0	0.000000E+0	0.000000E+0
50.0    	210     	9.695736E-2 	1.506593E-5	-4.08E-1   	50.00     	2537.63	23.0 	37.4 	0.000000E+0	0.000000E+0	0.000000E+0	0.000000E+0	0.000000E+0	0.000000E+0	0.000000E+0	0.000000E+0
50.0    	211     	9.714156E-2 	9.599191E-5	-3.61E-1   	50.00     	2539.54	23.0 	37.4 	0.000000E+0	0.000000E+0	0.000000E+0	0.000000E+0	0.000000E+0	0.000000E+0	0.000000E+0	0.000000E+0
50.0    	212     	2.500462E-2 	2.002695E-4	-5.66E-1   	50.00     	2541.44	23.0 	37.4 	0.000000E+0	0.000000E+0	0.000000E+0	0.000000E+0	0.000000E+0	0.000000E+0	0.000000E+0	0.000000E+0
50.0    	213     	2.376140E-2 	1.789955E-4	-2.61E-1   	50.00     	2543.35	23.0 	37.4 	0.000000E+0	0.000000E+0	0.000000E+0	0.000000E+0	0.000000E+0	0.000000E+0	0.000000E+0	0.000000E+0
50.0    	214     	1.166864E-1 	3.138276E-4	-3.44E-1   	50.00     	2545.26	23.0 	37.4 	0.000000E+0	0.000000E+0	0.000000E+0	0.000000E+0	0.000000E+0	0.000000E+0	0.000000E+0	0.000000E+0
50.0    	215     	7.909577E-2 	1.121657E-4	-3.08E-1   	50.00     	2547.17	23.0 	37.4 	0.000000E+0	0.000000E+0	0.000000E+0	0.000000E+0	0.000000E+0	0.000000E+0	0.000000E+0	0.000000E+0
50.0    	216     	5.069238E-2 	1.716316E-4	-6.89E-1   	50.00     	2549.07	23.0 	37.4 	0.000000E+0	0.000000E+0	0.000000E+0	0.000000E+0	0.000000E+0	0.000000E+0	0.000000E+0	0.000000E+0
50.0    	217     	7.336279E-2 	5.825301E-5	-2.63E-1   	50.00     	2550.98	23.0 	37.4 	0.000000E+0	0.000000E+0	0.000000E+0	0.000000E+0	0.000000E+0	0.000000E+0	0.000000E+0	0.000000E+0
50.0    	218     	2.704656E-2 	3.898019E-5	-3.56E-1   	50.00     	2552.89	23.0 	37.4 	0.000000E+0	0.000000E+0	0.000000E+0	0.000000E+0	0.000000E+0	0.000000E+0	0.000000E+0	0.000000E+0
50.0    	219     	2.143673E-2 	1.244693E-4	-3.79E-1   	50.00     	2554.79	23.0 	37.4 	0.000000E+0	0.000000E+0	0.000000E+0	0.000000E+0	0.000000E+0	0.000000E+0	0.000000E+0	0.000000E+0
50.0    	220     	4.225800E-2 	4.735881E-5	-4.14E-1   	50.00     	2556.70	23.0 	37.4 	0.000000E+0	0.000000E+0	0.000000E+0	0.000000E+0	0.000000E+0	0.000000E+0	0.000000E+0	0.000000E+0
50.0    	221     	2.271792E-2 	1.845218E-4	-6.17E-1   	50.00     	2558.61	23.0 	37.4 	0.000000E+0	0.000000E+0	0.000000E+0	0.000000E+0	0.000000E+0	0.000000E+0	0.000000E+0	0.000000E+0
50.0    	222     	3.111970E-2 	1.618290E-4	-5.70E-1   	50.00     	2560.51	23.0 	37.4 	0.000000E+0	0.000000E+0	0.000000E+0	0.000000E+0	0.000000E+0	0.000000E+0	0.000000E+0	0.000000E+0
50.0    	223     	6.456879E-2 	1.888154E-4	-6.17E-1   	50.00     	2562.42	23.0 	37.4 	0.000000E+0	0.000000E+0	0.000000E+0	0.000000E+0	0.000000E+0	0.000000E+0	0.000000E+0	0.000000E+0
50.0    	224     	2.813656E-2 	1.500297E-4	-4.78E-1   	50.00     	2564.33	23.0 	37.4 	0.000000E+0	0.000000E+0	0.000000E+0	0.000000E+0	0.000000E+0	0.000000E+0	0.000000E+0	0.000000E+0
50.0    	225     	4.315107E-2 	1.412355E-4	-6.72E-1   	50.00     	2566.23	23.0 	37.4 	0.000000E+0	0.000000E+0	0.000000E+0	0.000000E+0	0.000000E+0	0.000000E+0	0.000000E+0	0.000000E+0
50.0    	226     	1.030354E-1 	4.847993E-5	-9.12E-1   	50.00     	2568.14	23.0 	37.4 	0.000000E+0	0.000000E+0	0.000000E+0	0.000000E+0	0.000000E+0	0.000000E+0	0.000000E+0	0.000000E+0
50.0    	227     	1.027277E-1 	9.131113E-5	-5.62E-1   	50.00     	2570.05	23.0 	37.4 	0.000000E+0	0.000000E+0	0.000000E+0	0.000000E+0	0.000000E+0	0.000000E+0	0.000000E+0	0.000000E+0
50.0    	228     	2.708550E-2 	2.345263E-4	-3.75E-1   	50.00     	2571.95	23.0 	37.4 	0.000000E+0	0.000000E+0	0.000000E+0	0.000000E+0	0.000000E+0	0.000000E+0	0.000000E+0	0.000000E+0
50.0    	229     	2.566214E-2 	1.038675E-4	-4.12E-1   	50.00     	2573.86	23.0 	37.4 	0.000000E+0	0.000000E+0	0.000000E+0	0.000000E+0	0.000000E+0	0.000000E+0	0.000000E+0	0.000000E+0
50.0    	230     	2.823943E-2 	1.714084E-4	-3.92E-1   	50.00     	2575.77	23.0 	37.4 	0.000000E+0	0.000000E+0	0.000000E+0	0.000000E+0	0.000000E+0	0.000000E+0	0.000000E+0	0.000000E+0
50.0    	231     	2.649664E-2 	2.174781E-5	-6.23E-1   	50.00     	2577.68	23.0 	37.4 	0.000000E+0	0.000000E+0	0.000000E+0	0.000000E+0	0.000000E+0	0.000000E+0	0.000000E+0	0.000000E+0
50.0    	232     	-1.363017E-2	2.112728E-4	-1.72E-1   	50.00     	2579.59	23.0 	37.4 	0.000000E+0	0.000000E+0	0.000000E+0	0.000000E+0	0.000000E+0	0.000000E+0	0.000000E+0	0.000000E+0
50.0    	233     	4.816162E-2 	4.112643E-5	-6.65E-1   	50.00     	2581.50	23.0 	37.4 	0.000000E+0	0.000000E+0	0.000000E+0	0.000000E+0	0.000000E+0	0.000000E+0	0.000000E+0	0.000000E+0
50.0    	234     	2.968717E-2 	2.168861E-4	-5.79E-1   	50.00     	2583.41	23.0 	37.4 	0.000000E+0	0.000000E+0	0.000000E+0	0.000000E+0	0.000000E+0	0.000000E+0	0.000000E+0	0.000000E+0
50.0    	235     	2.606198E-2 	1.944865E-4	-7.41E-1   	50.00     	2585.32	23.0 	37.4 	0.000000E+0	0.000000E+0	0.000000E+0	0.000000E+0	0.000000E+0	0.000000E+0	0.000000E+0	0.000000E+0
50.0    	236     	4.510913E-2 	1.463117E-4	-3.96E-1   	50.00     	2587.24	23.0 	37.4 	0.000000E+0	0.000000E+0	0.000000E+0	0.000000E+0	0.000000E+0	0.000000E+0	0.000000E+0	0.000000E+0
50.0    	237     	1.472076E-2 	2.417238E-4	-4.26E-1   	50.00     	2589.15	23.0 	37.4 	0.000000E+0	0.000000E+0	0.000000E+0	0.000000E+0	0.000000E+0	0.000000E+0	0.000000E+0	0.000000E+0
50.0    	238     	2.811186E-2 	1.824804E-4	-6.67E-1   	50.00     	2591.06	23.0 	37.4 	0.000000E+0	0.000000E+0	0.000000E+0	0.000000E+0	0.000000E+0	0.000000E+0	0.000000E+0	0.000000E+0
50.0    	239     	2.691139E-2 	1.186236E-4	-6.05E-1   	50.00     	2592.99	23.0 	37.4 	0.000000E+0	0.000000E+0	0.000000E+0	0.000000E+0	0.000000E+0	0.000000E+0	0.000000E+0	0.000000E+0
50.0    	240     	2.924079E-2 	1.334880E-4	-7.92E-1   	50.00     	2594.90	23.0 	37.4 	0.000000E+0	0.000000E+0	0.000000E+0	0.000000E+0	0.000000E+0	0.000000E+0	0.000000E+0	0.000000E+0
50.0    	241     	1.124122E-1 	1.885970E-4	-5.15E-1   	50.00     	2596.82	23.0 	37.4 	0.000000E+0	0.000000E+0	0.000000E+0	0.000000E+0	0.000000E+0	0.000000E+0	0.000000E+0	0.000000E+0
50.0    	242     	2.032703E-1 	1.284331E-4	-2.86E-1   	50.00     	2598.72	23.0 	37.4 	0.000000E+0	0.000000E+0	0.000000E+0	0.000000E+0	0.000000E+0	0.000000E+0	0.000000E+0	0.000000E+0
50.0    	243     	1.707459E-1 	5.902643E-5	-7.14E-1   	50.00     	2600.63	23.0 	37.4 	0.000000E+0	0.000000E+0	0.000000E+0	0.000000E+0	0.000000E+0	0.000000E+0	0.000000E+0	0.000000E+0
50.0    	244     	1.900156E-1 	1.495124E-4	-5.71E-1   	50.00     	2602.55	23.0 	37.4 	0.000000E+0	0.000000E+0	0.000000E+0	0.000000E+0	0.000000E+0	0.000000E+0	0.000000E+0	0.000000E+0
50.0    	245     	9.304408E-2 	2.728079E-4	-3.84E-1   	50.00     	2604.46	23.0 	37.4 	0.000000E+0	0.000000E+0	0.000000E+0	0.000000E+0	0.000000E+0	0.000000E+0	0.000000E+0	0.000000E+0
50.0    	246     	9.555201E-2 	1.374098E-4	-6.52E-1   	50.00     	2606.39	23.0 	37.4 	0.000000E+0	0.000000E+0	0.000000E+0	0.000000E+0	0.000000E+0	0.000000E+0	0.000000E+0	0.000000E+0
50.0    	247     	9.367565E-2 	7.106390E-5	-4.63E-1   	50.00     	2608.30	23.0 	37.4 	0.000000E+0	0.000000E+0	0.000000E+0	0.000000E+0	0.000000E+0	0.000000E+0	0.000000E+0	0.000000E+0
50.0    	248     	9.103187E-2 	1.686514E-4	-5.74E-1   	50.00     	2610.23	23.0 	37.4 	0.000000E+0	0.000000E+0	0.000000E+0	0.000000E+0	0.000000E+0	0.000000E+0	0.000000E+0	0.000000E+0
50.0    	249     	1.005515E-1 	5.750235E-5	-3.55E-1   	50.00     	2612.14	23.0 	37.4 	0.000000E+0	0.000000E+0	0.000000E+0	0.000000E+0	0.000000E+0	0.000000E+0	0.000000E+0	0.000000E+0
50.0    	250     	9.858521E-2 	1.886880E-4	-8.92E-1   	50.00     	2614.07	23.0 	37.4 	0.000000E+0	0.000000E+0	0.000000E+0	0.000000E+0	0.000000E+0	0.000000E+0	0.000000E+0	0.000000E+0
50.0    	251     	9.014799E-2 	3.896069E-5	-4.35E-1   	50.00     	2615.99	23.0 	37.4 	0.000000E+0	0.000000E+0	0.000000E+0	0.000000E+0	0.000000E+0	0.000000E+0	0.000000E+0	0.000000E+0
50.0    	252     	8.862811E-2 	2.956848E-4	-5.76E-1   	50.00     	2617.91	23.0 	37.4 	0.000000E+0	0.000000E+0	0.000000E+0	0.000000E+0	0.000000E+0	0.000000E+0	0.000000E+0	0.000000E+0
50.0    	253     	7.507646E-2 	2.648243E-5	-6.96E-1   	50.00     	2619.81	23.0 	37.4 	0.000000E+0	0.000000E+0	0.000000E+0	0.000000E+0	0.000000E+0	0.000000E+0	0.000000E+0	0.000000E+0
50.0    	254     	9.169701E-2 	2.033351E-4	-7.14E-1   	50.00     	2621.72	23.0 	37.4 	0.000000E+0	0.000000E+0	0.000000E+0	0.000000E+0	0.000000E+0	0.000000E+0	0.000000E+0	0.000000E+0
50.0    	255     	9.111039E-2 	1.170069E-4	-7.95E-1   	50.00     	2623.63	23.0 	37.4 	0.000000E+0	0.000000E+0	0.000000E+0	0.000000E+0	0.000000E+0	0.000000E+0	0.000000E+0	0.000000E+0
50.0    	256     	9.732582E-2 	5.732007E-5	-7.61E-1   	50.00     	2625.54	23.0 	37.4 	0.000000E+0	0.000000E+0	0.000000E+0	0.000000E+0	0.000000E+0	0.000000E+0	0.000000E+0	0.000000E+0
50.0    	257     	1.745021E-3 	2.560780E-5	-4.93E-1   	50.00     	2627.44	23.0 	37.4 	0.000000E+0	0.000000E+0	0.000000E+0	0.000000E+0	0.000000E+0	0.000000E+0	0.000000E+0	0.000000E+0
50.0    	258     	1.432871E-3 	1.305759E-4	-6.76E-1   	50.00     	2629.36	23.0 	37.4 	0.000000E+0	0.000000E+0	0.000000E+0	0.000000E+0	0.000000E+0	0.000000E+0	0.000000E+0	0.000000E+0
50.0    	259     	1.407227E-3 	1.586304E-4	-4.45E-1   	50.00     	2631.26	23.0 	37.4 	0.000000E+0	0.000000E+0	0.000000E+0	0.000000E+0	0.000000E+0	0.000000E+0	0.000000E+0	0.000000E+0
50.0    	260     	1.615222E-3 	1.789966E-4	-3.29E-1   	50.00     	2633.17	23.0 	37.4 	0.000000E+0	0.000000E+0	0.000000E+0	0.000000E+0	0.000000E+0	0.000000E+0	0.000000E+0	0.000000E+0
50.0    	261     	1.686770E-3 	8.129234E-5	-7.09E-1   	50.00     	2635.08	23.0 	37.4 	0.000000E+0	0.000000E+0	0.000000E+0	0.000000E+0	0.000000E+0	0.000000E+0	0.000000E+0	0.000000E+0
50.0    	262     	1.510434E-3 	8.554548E-5	-4.62E-1   	50.00     	2636.99	23.0 	37.4 	0.000000E+0	0.000000E+0	0.000000E+0	0.000000E+0	0.000000E+0	0.000000E+0	0.000000E+0	0.000000E+0
50.0    	263     	1.101410E-3 	1.134788E-4	-6.18E-1   	50.00     	2638.89	23.0 	37.4 	0.000000E+0	0.000000E+0	0.000000E+0	0.000000E+0	0.000000E+0	0.000000E+0	0.000000E+0	0.000000E+0
50.0    	264     	-2.019811E-3	1.878286E-4	-2.39E-1   	50.00     	2640.79	23.0 	37.4 	0.000000E+0	0.000000E+0	0.000000E+0	0.000000E+0	0.000000E+0	0.000000E+0	0.000000E+0	0.000000E+0
60.0    	1       	8.985452E-2 	5.375099E-5	7.54E+0    	60.01     	2658.99	23.0 	37.4 	0.000000E+0	0.000000E+0	0.000000E+0	0.000000E+0	0.000000E+0	0.000000E+0	0.000000E+0	0.000000E+0
60.0    	2       	1.701678E-1 	9.218368E-5	-6.35E-1   	60.01     	2660.77	23.0 	37.4 	0.000000E+0	0.000000E+0	0.000000E+0	0.000000E+0	0.000000E+0	0.000000E+0	0.000000E+0	0.000000E+0
60.0    	3       	1.798840E-3 	1.738904E-4	-4.87E-1   	60.01     	2662.68	23.0 	37.4 	0.000000E+0	0.000000E+0	0.000000E+0	0.000000E+0	0.000000E+0	0.000000E+0	0.000000E+0	0.000000E+0
60.0    	4       	9.326248E-2 	1.547355E-4	-3.71E-1   	60.01     	2664.58	23.0 	37.4 	0.000000E+0	0.000000E+0	0.000000E+0	0.000000E+0	0.000000E+0	0.000000E+0	0.000000E+0	0.000000E+0
60.0    	5       	9.438065E-2 	1.065451E-4	-4.93E-1   	60.01     	2666.60	23.0 	37.4 	0.000000E+0	0.000000E+0	0.000000E+0	0.000000E+0	0.000000E+0	0.000000E+0	0.000000E+0	0.000000E+0
60.0    	6       	1.153498E-1 	3.224629E-5	-8.15E-1   	60.01     	2668.57	23.0 	37.4 	0.000000E+0	0.000000E+0	0.000000E+0	0.000000E+0	0.000000E+0	0.000000E+0	0.000000E+0	0.000000E+0
60.0    	7       	8.935460E-2 	1.440608E-4	-5.32E-1   	60.01     	2670.57	23.0 	37.4 	0.000000E+0	0.000000E+0	0.000000E+0	0.000000E+0	0.000000E+0	0.000000E+0	0.000000E+0	0.000000E+0
60.0    	8       	9.729889E-2 	1.156722E-5	-2.96E-1   	60.01     	2672.48	23.0 	37.4 	0.000000E+0	0.000000E+0	0.000000E+0	0.000000E+0	0.000000E+0	0.000000E+0	0.000000E+0	0.000000E+0
60.0    	9       	8.760741E-2 	1.319905E-4	-7.98E-1   	60.01     	2674.39	23.0 	37.4 	0.000000E+0	0.000000E+0	0.000000E+0	0.000000E+0	0.000000E+0	0.000000E+0	0.000000E+0	0.000000E+0
60.0    	10      	1.028698E-1 	1.473224E-4	-5.40E-1   	60.01     	2676.33	23.0 	37.4 	0.000000E+0	0.000000E+0	0.000000E+0	0.000000E+0	0.000000E+0	0.000000E+0	0.000000E+0	0.000000E+0
60.0    	11      	8.932484E-2 	2.638737E-5	-4.44E-1   	60.01     	2678.23	23.0 	37.4 	0.000000E+0	0.000000E+0	0.000000E+0	0.000000E+0	0.000000E+0	0.000000E+0	0.000000E+0	0.000000E+0
60.0    	12      	9.748790E-2 	1.176179E-4	-3.27E-1   	60.01     	2680.14	23.0 	37.4 	0.000000E+0	0.000000E+0	0.000000E+0	0.000000E+0	0.000000E+0	0.000000E+0	0.000000E+0	0.000000E+0
60.0    	13      	1.131723E-1 	1.833669E-4	-6.61E-1   	60.01     	2682.05	23.0 	37.4 	0.000000E+0	0.000000E+0	0.000000E+0	0.000000E+0	0.000000E+0	0.000000E+0	0.000000E+0	0.000000E+0
60.0    	14      	9.050727E-2 	4.772323E-4	-4.62E-1   	60.01     	2683.95	23.0 	37.4 	0.000000E+0	0.000000E+0	0.000000E+0	0.000000E+0	0.000000E+0	0.000000E+0	0.000000E+0	0.000000E+0
60.0    	15      	1.405465E-1 	1.168188E-3	-7.62E-1   	60.01     	2685.86	23.0 	37.4 	0.000000E+0	0.000000E+0	0.000000E+0	0.000000E+0	0.000000E+0	0.000000E+0	0.000000E+0	0.000000E+0
60.0    	16      	1.033320E-1 	5.205267E-5	-5.05E-1   	60.01     	2687.77	23.0 	37.4 	0.000000E+0	0.000000E+0	0.000000E+0	0.000000E+0	0.000000E+0	0.000000E+0	0.000000E+0	0.000000E+0
60.0    	17      	2.209016E-2 	4.722913E-5	-7.20E-1   	60.01     	2689.68	23.0 	37.4 	0.000000E+0	0.000000E+0	0.000000E+0	0.000000E+0	0.000000E+0	0.000000E+0	0.000000E+0	0.000000E+0
60.0    	18      	8.930298E-2 	1.601570E-4	-5.26E-1   	60.01     	2691.59	23.0 	37.4 	0.000000E+0	0.000000E+0	0.000000E+0	0.000000E+0	0.000000E+0	0.000000E+0	0.000000E+0	0.000000E+0
60.0    	19      	1.996057E-1 	1.342028E-4	-3.54E-1   	60.01     	2693.49	23.0 	37.4 	0.000000E+0	0.000000E+0	0.000000E+0	0.000000E+0	0.000000E+0	0.000000E+0	0.000000E+0	0.000000E+0
60.0    	20      	7.779267E-2 	1.134530E-4	-2.29E-1   	60.01     	2695.41	23.0 	37.4 	0.000000E+0	0.000000E+0	0.000000E+0	0.000000E+0	0.000000E+0	0.000000E+0	0.000000E+0	0.000000E+0
60.0    	21      	2.365913E-2 	4.632907E-5	-2.47E-1   	60.01     	2697.32	23.0 	37.4 	0.000000E+0	0.000000E+0	0.000000E+0	0.000000E+0	0.000000E+0	0.000000E+0	0.000000E+0	0.000000E+0
60.0    	22      	2.515718E-2 	1.252790E-4	-2.35E-1   	60.01     	2699.23	23.0 	37.4 	0.000000E+0	0.000000E+0	0.000000E+0	0.000000E+0	0.000000E+0	0.000000E+0	0.000000E+0	0.000000E+0
60.0    	23      	2.596479E-2 	3.529542E-5	-4.29E-1   	60.01     	2701.14	23.0 	37.4 	0.000000E+0	0.000000E+0	0.000000E+0	0.000000E+0	0.000000E+0	0.000000E+0	0.000000E+0	0.000000E+0
60.0    	24      	3.145177E-2 	9.284933E-5	-5.39E-1   	60.01     	2703.05	23.0 	37.3 	0.000000E+0	0.000000E+0	0.000000E+0	0.000000E+0	0.000000E+0	0.000000E+0	0.000000E+0	0.000000E+0
60.0    	25      	1.380943E-1 	7.108145E-3	-7.21E-1   	60.01     	2704.95	23.0 	37.3 	0.000000E+0	0.000000E+0	0.000000E+0	0.000000E+0	0.000000E+0	0.000000E+0	0.000000E+0	0.000000E+0
60.0    	26      	3.587095E-2 	9.750637E-5	-5.83E-1   	60.01     	2706.86	23.0 	37.3 	0.000000E+0	0.000000E+0	0.000000E+0	0.000000E+0	0.000000E+0	0.000000E+0	0.000000E+0	0.000000E+0
60.0    	27      	2.445216E-2 	7.228143E-5	-5.37E-1   	60.01     	2708.76	23.0 	37.3 	0.000000E+0	0.000000E+0	0.000000E+0	0.000000E+0	0.000000E+0	0.000000E+0	0.000000E+0	0.000000E+0
60.0    	28      	2.534682E-2 	1.258297E-4	-7.46E-1   	60.01     	2710.67	23.0 	37.3 	0.000000E+0	0.000000E+0	0.000000E+0	0.000000E+0	0.000000E+0	0.000000E+0	0.000000E+0	0.000000E+0
60.0    	29      	3.228375E-2 	6.745513E-5	-5.60E-1   	60.01     	2712.58	23.0 	37.3 	0.000000E+0	0.000000E+0	0.000000E+0	0.000000E+0	0.000000E+0	0.000000E+0	0.000000E+0	0.000000E+0
60.0    	30      	2.405548E-2 	1.285991E-4	-8.06E-1   	60.01     	2714.50	23.0 	37.3 	0.000000E+0	0.000000E+0	0.000000E+0	0.000000E+0	0.000000E+0	0.000000E+0	0.000000E+0	0.000000E+0
60.0    	31      	2.233139E-2 	3.825866E-5	-5.51E-1   	60.01     	2716.41	23.0 	37.3 	0.000000E+0	0.000000E+0	0.000000E+0	0.000000E+0	0.000000E+0	0.000000E+0	0.000000E+0	0.000000E+0
60.0    	32      	3.243065E-2 	7.875708E-5	-4.03E-1   	60.01     	2718.31	23.0 	37.3 	0.000000E+0	0.000000E+0	0.000000E+0	0.000000E+0	0.000000E+0	0.000000E+0	0.000000E+0	0.000000E+0
60.0    	33      	1.085429E-1 	6.478212E-5	-4.25E-1   	60.01     	2720.22	23.0 	37.3 	0.000000E+0	0.000000E+0	0.000000E+0	0.000000E+0	0.000000E+0	0.000000E+0	0.000000E+0	0.000000E+0
60.0    	34      	8.643408E-2 	1.502992E-4	-5.44E-1   	60.01     	2722.12	23.0 	37.3 	0.000000E+0	0.000000E+0	0.000000E+0	0.000000E+0	0.000000E+0	0.000000E+0	0.000000E+0	0.000000E+0
60.0    	35      	1.156267E-1 	3.264235E-5	-5.83E-1   	60.01     	2724.03	23.0 	37.3 	0.000000E+0	0.000000E+0	0.000000E+0	0.000000E+0	0.000000E+0	0.000000E+0	0.000000E+0	0.000000E+0
60.0    	36      	2.401021E-2 	2.124011E-4	-6.46E-1   	60.01     	2725.94	23.0 	37.3 	0.000000E+0	0.000000E+0	0.000000E+0	0.000000E+0	0.000000E+0	0.000000E+0	0.000000E+0	0.000000E+0
60.0    	37      	2.293131E-2 	5.458437E-5	-5.87E-1   	60.01     	2727.84	23.0 	37.3 	0.000000E+0	0.000000E+0	0.000000E+0	0.000000E+0	0.000000E+0	0.000000E+0	0.000000E+0	0.000000E+0
60.0    	38      	2.442303E-2 	1.892862E-5	-6.75E-1   	60.01     	2729.75	23.0 	37.3 	0.000000E+0	0.000000E+0	0.000000E+0	0.000000E+0	0.000000E+0	0.000000E+0	0.000000E+0	0.000000E+0
60.0    	39      	2.536963E-2 	1.899022E-4	-5.11E-1   	60.01     	2731.66	23.0 	37.3 	0.000000E+0	0.000000E+0	0.000000E+0	0.000000E+0	0.000000E+0	0.000000E+0	0.000000E+0	0.000000E+0
60.0    	40      	-2.392244E-2	1.288875E-4	-3.59E-1   	60.01     	2733.56	23.0 	37.3 	0.000000E+0	0.000000E+0	0.000000E+0	0.000000E+0	0.000000E+0	0.000000E+0	0.000000E+0	0.000000E+0
60.0    	41      	2.085611E-2 	7.396940E-5	-5.80E-1   	60.01     	2735.47	23.0 	37.3 	0.000000E+0	0.000000E+0	0.000000E+0	0.000000E+0	0.000000E+0	0.000000E+0	0.000000E+0	0.000000E+0
60.0    	42      	3.134383E-2 	1.190087E-4	-5.80E-1   	60.01     	2737.38	23.0 	37.3 	0.000000E+0	0.000000E+0	0.000000E+0	0.000000E+0	0.000000E+0	0.000000E+0	0.000000E+0	0.000000E+0
60.0    	43      	2.373826E-2 	8.132817E-4	-2.63E-1   	60.01     	2739.28	23.0 	37.3 	0.000000E+0	0.000000E+0	0.000000E+0	0.000000E+0	0.000000E+0	0.000000E+0	0.000000E+0	0.000000E+0
60.0    	44      	1.246194E-2 	3.674153E-3	-8.16E-1   	60.01     	2741.19	23.0 	37.3 	0.000000E+0	0.000000E+0	0.000000E+0	0.000000E+0	0.000000E+0	0.000000E+0	0.000000E+0	0.000000E+0
60.0    	45      	-9.605047E-3	6.054422E-4	-4.91E-1   	60.01     	2743.10	23.0 	37.3 	0.000000E+0	0.000000E+0	0.000000E+0	0.000000E+0	0.000000E+0	0.000000E+0	0.000000E+0	0.000000E+0
60.0    	46      	5.534896E-2 	1.027533E-4	-3.06E-1   	60.01     	2745.01	23.0 	37.3 	0.000000E+0	0.000000E+0	0.000000E+0	0.000000E+0	0.000000E+0	0.000000E+0	0.000000E+0	0.000000E+0
60.0    	47      	4.506354E-2 	2.727884E-5	-5.69E-1   	60.01     	2746.92	23.0 	37.3 	0.000000E+0	0.000000E+0	0.000000E+0	0.000000E+0	0.000000E+0	0.000000E+0	0.000000E+0	0.000000E+0
60.0    	48      	3.382583E-2 	1.312744E-4	-7.55E-1   	60.01     	2748.82	23.0 	37.3 	0.000000E+0	0.000000E+0	0.000000E+0	0.000000E+0	0.000000E+0	0.000000E+0	0.000000E+0	0.000000E+0
60.0    	49      	2.086339E-2 	8.737755E-5	-5.67E-1   	60.01     	2750.73	23.0 	37.3 	0.000000E+0	0.000000E+0	0.000000E+0	0.000000E+0	0.000000E+0	0.000000E+0	0.000000E+0	0.000000E+0
60.0    	50      	8.452544E-2 	1.353836E-4	-2.89E-1   	60.01     	2752.65	23.0 	37.3 	0.000000E+0	0.000000E+0	0.000000E+0	0.000000E+0	0.000000E+0	0.000000E+0	0.000000E+0	0.000000E+0
60.0    	51      	1.040535E-1 	1.316974E-4	-6.73E-1   	60.01     	2754.56	23.0 	37.3 	0.000000E+0	0.000000E+0	0.000000E+0	0.000000E+0	0.000000E+0	0.000000E+0	0.000000E+0	0.000000E+0
60.0    	52      	2.413495E-2 	1.339910E-4	-5.47E-1   	60.01     	2756.46	23.0 	37.3 	0.000000E+0	0.000000E+0	0.000000E+0	0.000000E+0	0.000000E+0	0.000000E+0	0.000000E+0	0.000000E+0
60.0    	53      	2.397539E-2 	4.716505E-5	-4.37E-1   	60.01     	2758.37	23.0 	37.3 	0.000000E+0	0.000000E+0	0.000000E+0	0.000000E+0	0.000000E+0	0.000000E+0	0.000000E+0	0.000000E+0
60.0    	54      	2.417958E-2 	1.225619E-4	-7.64E-1   	60.01     	2760.28	23.0 	37.3 	0.000000E+0	0.000000E+0	0.000000E+0	0.000000E+0	0.000000E+0	0.000000E+0	0.000000E+0	0.000000E+0
60.0    	55      	2.338717E-2 	1.135114E-4	-2.74E-1   	60.01     	2762.18	23.0 	37.3 	0.000000E+0	0.000000E+0	0.000000E+0	0.000000E+0	0.000000E+0	0.000000E+0	0.000000E+0	0.000000E+0
60.0    	56      	3.521782E-2 	8.627708E-5	-7.65E-1   	60.01     	2764.11	23.0 	37.3 	0.000000E+0	0.000000E+0	0.000000E+0	0.000000E+0	0.000000E+0	0.000000E+0	0.000000E+0	0.000000E+0
60.0    	57      	3.844790E-2 	1.203253E-4	-2.46E-1   	60.01     	2766.01	23.0 	37.3 	0.000000E+0	0.000000E+0	0.000000E+0	0.000000E+0	0.000000E+0	0.000000E+0	0.000000E+0	0.000000E+0
60.0    	58      	3.599219E-2 	5.853960E-5	-6.38E-1   	60.01     	2767.92	23.0 	37.3 	0.000000E+0	0.000000E+0	0.000000E+0	0.000000E+0	0.000000E+0	0.000000E+0	0.000000E+0	0.000000E+0
60.0    	59      	2.218386E-2 	1.346149E-4	-5.11E-1   	60.01     	2769.83	23.0 	37.3 	0.000000E+0	0.000000E+0	0.000000E+0	0.000000E+0	0.000000E+0	0.000000E+0	0.000000E+0	0.000000E+0
60.0    	60      	2.518600E-2 	4.398243E-5	-4.81E-1   	60.01     	2771.74	23.0 	37.3 	0.000000E+0	0.000000E+0	0.000000E+0	0.000000E+0	0.000000E+0	0.000000E+0	0.000000E+0	0.000000E+0
60.0    	61      	1.843300E-1 	2.869656E-4	-5.92E-1   	60.01     	2773.65	23.0 	37.3 	0.000000E+0	0.000000E+0	0.000000E+0	0.000000E+0	0.000000E+0	0.000000E+0	0.000000E+0	0.000000E+0
60.0    	62      	2.622596E-2 	8.206674E-5	-8.01E-1   	60.01     	2775.56	23.0 	37.3 	0.000000E+0	0.000000E+0	0.000000E+0	0.000000E+0	0.000000E+0	0.000000E+0	0.000000E+0	0.000000E+0
60.0    	63      	9.664074E-2 	8.807101E-5	-8.20E-1   	60.01     	2777.47	23.0 	37.3 	0.000000E+0	0.000000E+0	0.000000E+0	0.000000E+0	0.000000E+0	0.000000E+0	0.000000E+0	0.000000E+0
60.0    	64      	2.690409E-2 	7.271288E-4	-6.58E-1   	60.01     	2779.38	23.0 	37.3 	0.000000E+0	0.000000E+0	0.000000E+0	0.000000E+0	0.000000E+0	0.000000E+0	0.000000E+0	0.000000E+0
60.0    	65      	2.091119E-2 	1.749469E-4	-6.14E-1   	60.01     	2781.29	23.0 	37.3 	0.000000E+0	0.000000E+0	0.000000E+0	0.000000E+0	0.000000E+0	0.000000E+0	0.000000E+0	0.000000E+0
60.0    	66      	8.586778E-2 	1.069859E-4	-7.44E-1   	60.01     	2783.20	23.0 	37.3 	0.000000E+0	0.000000E+0	0.000000E+0	0.000000E+0	0.000000E+0	0.000000E+0	0.000000E+0	0.000000E+0
60.0    	67      	9.596321E-2 	9.594150E-5	-6.01E-1   	60.01     	2785.12	23.0 	37.3 	0.000000E+0	0.000000E+0	0.000000E+0	0.000000E+0	0.000000E+0	0.000000E+0	0.000000E+0	0.000000E+0
60.0    	68      	2.305604E-2 	6.107485E-5	-2.16E-1   	60.01     	2787.03	23.0 	37.3 	0.000000E+0	0.000000E+0	0.000000E+0	0.000000E+0	0.000000E+0	0.000000E+0	0.000000E+0	0.000000E+0
60.0    	69      	2.328238E-2 	1.346250E-4	-7.75E-1   	60.01     	2788.94	23.0 	37.3 	0.000000E+0	0.000000E+0	0.000000E+0	0.000000E+0	0.000000E+0	0.000000E+0	0.000000E+0	0.000000E+0
60.0    	70      	2.171627E-2 	5.022816E-5	-4.27E-1   	60.01     	2790.84	23.0 	37.3 	0.000000E+0	0.000000E+0	0.000000E+0	0.000000E+0	0.000000E+0	0.000000E+0	0.000000E+0	0.000000E+0
60.0    	71      	2.172134E-2 	8.766475E-5	-2.97E-1   	60.01     	2792.75	23.0 	37.3 	0.000000E+0	0.000000E+0	0.000000E+0	0.000000E+0	0.000000E+0	0.000000E+0	0.000000E+0	0.000000E+0
60.0    	72      	2.936425E-2 	6.409343E-5	-7.23E-1   	60.01     	2794.66	23.0 	37.3 	0.000000E+0	0.000000E+0	0.000000E+0	0.000000E+0	0.000000E+0	0.000000E+0	0.000000E+0	0.000000E+0
60.0    	73      	2.427298E-2 	8.956376E-5	-4.77E-1   	60.01     	2796.57	23.0 	37.3 	0.000000E+0	0.000000E+0	0.000000E+0	0.000000E+0	0.000000E+0	0.000000E+0	0.000000E+0	0.000000E+0
60.0    	74      	5.132932E-2 	6.404026E-3	-7.79E-1   	60.01     	2798.47	23.0 	37.3 	0.000000E+0	0.000000E+0	0.000000E+0	0.000000E+0	0.000000E+0	0.000000E+0	0.000000E+0	0.000000E+0
60.0    	75      	5.182793E-2 	5.219693E-2	-1.65E-1   	60.01     	2800.38	23.0 	37.3 	0.000000E+0	0.000000E+0	0.000000E+0	0.000000E+0	0.000000E+0	0.000000E+0	0.000000E+0	0.000000E+0
60.0    	76      	4.331221E-2 	2.067557E-4	-4.05E-1   	60.01     	2802.29	23.0 	37.3 	0.000000E+0	0.000000E+0	0.000000E+0	0.000000E+0	0.000000E+0	0.000000E+0	0.000000E+0	0.000000E+0
60.0    	77      	1.189102E-3 	8.981170E-5	-7.46E-1   	60.01     	2804.20	23.0 	37.3 	0.000000E+0	0.000000E+0	0.000000E+0	0.000000E+0	0.000000E+0	0.000000E+0	0.000000E+0	0.000000E+0
60.0    	78      	1.171058E-3 	1.086800E-4	-4.03E-1   	60.01     	2806.10	23.0 	37.3 	0.000000E+0	0.000000E+0	0.000000E+0	0.000000E+0	0.000000E+0	0.000000E+0	0.000000E+0	0.000000E+0
60.0    	79      	2.709024E-2 	7.514006E-5	-5.40E-1   	60.01     	2808.01	23.0 	37.3 	0.000000E+0	0.000000E+0	0.000000E+0	0.000000E+0	0.000000E+0	0.000000E+0	0.000000E+0	0.000000E+0
60.0    	80      	2.568145E-2 	6.209252E-5	-2.85E-1   	60.01     	2809.92	23.0 	37.3 	0.000000E+0	0.000000E+0	0.000000E+0	0.000000E+0	0.000000E+0	0.000000E+0	0.000000E+0	0.000000E+0
60.0    	81      	2.179129E-2 	2.138039E-5	-5.49E-1   	60.01     	2811.83	23.0 	37.3 	0.000000E+0	0.000000E+0	0.000000E+0	0.000000E+0	0.000000E+0	0.000000E+0	0.000000E+0	0.000000E+0
60.0    	82      	8.447352E-2 	1.011502E-4	-6.88E-1   	60.01     	2813.74	23.0 	37.3 	0.000000E+0	0.000000E+0	0.000000E+0	0.000000E+0	0.000000E+0	0.000000E+0	0.000000E+0	0.000000E+0
60.0    	83      	9.734483E-2 	1.505908E-4	-6.38E-1   	60.01     	2815.64	23.0 	37.3 	0.000000E+0	0.000000E+0	0.000000E+0	0.000000E+0	0.000000E+0	0.000000E+0	0.000000E+0	0.000000E+0
60.0    	84      	2.508469E-2 	8.581371E-5	-7.83E-1   	60.01     	2817.55	23.0 	37.3 	0.000000E+0	0.000000E+0	0.000000E+0	0.000000E+0	0.000000E+0	0.000000E+0	0.000000E+0	0.000000E+0
60.0    	85      	2.300855E-2 	1.873172E-4	-5.63E-1   	60.01     	2819.46	23.0 	37.3 	0.000000E+0	0.000000E+0	0.000000E+0	0.000000E+0	0.000000E+0	0.000000E+0	0.000000E+0	0.000000E+0
60.0    	86      	2.152156E-2 	6.612330E-5	-3.94E-1   	60.01     	2821.37	23.0 	37.3 	0.000000E+0	0.000000E+0	0.000000E+0	0.000000E+0	0.000000E+0	0.000000E+0	0.000000E+0	0.000000E+0
60.0    	87      	2.164629E-2 	6.126068E-5	-4.84E-1   	60.01     	2823.27	23.0 	37.3 	0.000000E+0	0.000000E+0	0.000000E+0	0.000000E+0	0.000000E+0	0.000000E+0	0.000000E+0	0.000000E+0
60.0    	88      	3.782902E-2 	8.199736E-5	-3.92E-1   	60.01     	2825.20	23.0 	37.3 	0.000000E+0	0.000000E+0	0.000000E+0	0.000000E+0	0.000000E+0	0.000000E+0	0.000000E+0	0.000000E+0
60.0    	89      	2.010170E-2 	1.151589E-4	-7.68E-1   	60.01     	2827.13	23.0 	37.3 	0.000000E+0	0.000000E+0	0.000000E+0	0.000000E+0	0.000000E+0	0.000000E+0	0.000000E+0	0.000000E+0
60.0    	90      	4.397767E-2 	1.517889E-4	-8.14E-1   	60.01     	2829.04	23.0 	37.3 	0.000000E+0	0.000000E+0	0.000000E+0	0.000000E+0	0.000000E+0	0.000000E+0	0.000000E+0	0.000000E+0
60.0    	91      	2.234183E-2 	3.301284E-4	-4.56E-1   	60.01     	2830.96	23.0 	37.3 	0.000000E+0	0.000000E+0	0.000000E+0	0.000000E+0	0.000000E+0	0.000000E+0	0.000000E+0	0.000000E+0
60.0    	92      	2.849237E-2 	1.929655E-4	-5.30E-1   	60.01     	2832.87	23.0 	37.3 	0.000000E+0	0.000000E+0	0.000000E+0	0.000000E+0	0.000000E+0	0.000000E+0	0.000000E+0	0.000000E+0
60.0    	93      	2.680373E-2 	2.238742E-4	-8.27E-1   	60.01     	2834.78	23.0 	37.3 	0.000000E+0	0.000000E+0	0.000000E+0	0.000000E+0	0.000000E+0	0.000000E+0	0.000000E+0	0.000000E+0
60.0    	94      	4.665910E-2 	5.772967E-5	-5.23E-1   	60.01     	2836.69	23.0 	37.3 	0.000000E+0	0.000000E+0	0.000000E+0	0.000000E+0	0.000000E+0	0.000000E+0	0.000000E+0	0.000000E+0
60.0    	95      	2.971945E-2 	1.476605E-4	-4.47E-1   	60.01     	2838.60	23.0 	37.3 	0.000000E+0	0.000000E+0	0.000000E+0	0.000000E+0	0.000000E+0	0.000000E+0	0.000000E+0	0.000000E+0
60.0    	96      	2.531580E-2 	2.010393E-5	-3.65E-1   	60.01     	2840.51	23.0 	37.3 	0.000000E+0	0.000000E+0	0.000000E+0	0.000000E+0	0.000000E+0	0.000000E+0	0.000000E+0	0.000000E+0
60.0    	97      	2.275655E-2 	3.366795E-5	-4.31E-1   	60.01     	2842.42	23.0 	37.3 	0.000000E+0	0.000000E+0	0.000000E+0	0.000000E+0	0.000000E+0	0.000000E+0	0.000000E+0	0.000000E+0
60.0    	98      	8.739239E-2 	1.048013E-5	-3.17E-1   	60.01     	2844.32	23.0 	37.3 	0.000000E+0	0.000000E+0	0.000000E+0	0.000000E+0	0.000000E+0	0.000000E+0	0.000000E+0	0.000000E+0
60.0    	99      	8.380837E-2 	1.759574E-4	-6.25E-1   	60.01     	2846.23	23.0 	37.3 	0.000000E+0	0.000000E+0	0.000000E+0	0.000000E+0	0.000000E+0	0.000000E+0	0.000000E+0	0.000000E+0
60.0    	100     	2.360056E-2 	4.814157E-5	-3.64E-1   	60.01     	2848.14	23.0 	37.3 	0.000000E+0	0.000000E+0	0.000000E+0	0.000000E+0	0.000000E+0	0.000000E+0	0.000000E+0	0.000000E+0
60.0    	101     	2.907395E-2 	1.262430E-4	-5.49E-1   	60.01     	2850.05	23.0 	37.3 	0.000000E+0	0.000000E+0	0.000000E+0	0.000000E+0	0.000000E+0	0.000000E+0	0.000000E+0	0.000000E+0
60.0    	102     	2.113218E-2 	1.019568E-4	-5.00E-1   	60.01     	2851.95	23.0 	37.3 	0.000000E+0	0.000000E+0	0.000000E+0	0.000000E+0	0.000000E+0	0.000000E+0	0.000000E+0	0.000000E+0
60.0    	103     	6.950048E-2 	1.655993E-4	-7.17E-1   	60.01     	2853.87	23.0 	37.3 	0.000000E+0	0.000000E+0	0.000000E+0	0.000000E+0	0.000000E+0	0.000000E+0	0.000000E+0	0.000000E+0
60.0    	104     	-4.321394E-2	1.430000E-4	-8.22E-1   	60.01     	2855.78	23.0 	37.3 	0.000000E+0	0.000000E+0	0.000000E+0	0.000000E+0	0.000000E+0	0.000000E+0	0.000000E+0	0.000000E+0
60.0    	105     	3.737852E-2 	1.074481E-4	-6.99E-1   	60.01     	2857.69	23.0 	37.3 	0.000000E+0	0.000000E+0	0.000000E+0	0.000000E+0	0.000000E+0	0.000000E+0	0.000000E+0	0.000000E+0
60.0    	106     	4.631277E-2 	1.260382E-4	-4.74E-1   	60.01     	2859.61	23.0 	37.3 	0.000000E+0	0.000000E+0	0.000000E+0	0.000000E+0	0.000000E+0	0.000000E+0	0.000000E+0	0.000000E+0
60.0    	107     	2.207496E-2 	1.118325E-4	-4.31E-1   	60.01     	2861.52	23.0 	37.3 	0.000000E+0	0.000000E+0	0.000000E+0	0.000000E+0	0.000000E+0	0.000000E+0	0.000000E+0	0.000000E+0
60.0    	108     	2.728685E-2 	1.545183E-4	-5.89E-1   	60.01     	2863.43	23.0 	37.3 	0.000000E+0	0.000000E+0	0.000000E+0	0.000000E+0	0.000000E+0	0.000000E+0	0.000000E+0	0.000000E+0
60.0    	109     	2.583783E-2 	1.527699E-4	-6.79E-1   	60.01     	2865.33	23.0 	37.3 	0.000000E+0	0.000000E+0	0.000000E+0	0.000000E+0	0.000000E+0	0.000000E+0	0.000000E+0	0.000000E+0
60.0    	110     	2.689396E-2 	3.535441E-5	-2.22E-1   	60.01     	2867.24	23.0 	37.3 	0.000000E+0	0.000000E+0	0.000000E+0	0.000000E+0	0.000000E+0	0.000000E+0	0.000000E+0	0.000000E+0
60.0    	111     	2.424639E-2 	1.432941E-4	-7.62E-1   	60.01     	2869.15	23.0 	37.3 	0.000000E+0	0.000000E+0	0.000000E+0	0.000000E+0	0.000000E+0	0.000000E+0	0.000000E+0	0.000000E+0
60.0    	112     	2.387408E-2 	2.623898E-5	-7.27E-1   	60.01     	2871.06	23.0 	37.3 	0.000000E+0	0.000000E+0	0.000000E+0	0.000000E+0	0.000000E+0	0.000000E+0	0.000000E+0	0.000000E+0
60.0    	113     	2.295758E-2 	9.893376E-5	-8.66E-1   	60.01     	2872.97	23.0 	37.3 	0.000000E+0	0.000000E+0	0.000000E+0	0.000000E+0	0.000000E+0	0.000000E+0	0.000000E+0	0.000000E+0
60.0    	114     	8.667095E-2 	4.646170E-5	-5.69E-1   	60.01     	2874.88	23.0 	37.3 	0.000000E+0	0.000000E+0	0.000000E+0	0.000000E+0	0.000000E+0	0.000000E+0	0.000000E+0	0.000000E+0
60.0    	115     	8.937800E-2 	7.518268E-5	-3.03E-1   	60.01     	2876.80	23.0 	37.3 	0.000000E+0	0.000000E+0	0.000000E+0	0.000000E+0	0.000000E+0	0.000000E+0	0.000000E+0	0.000000E+0
60.0    	116     	2.395070E-2 	8.447495E-5	-5.07E-1   	60.01     	2878.71	23.0 	37.3 	0.000000E+0	0.000000E+0	0.000000E+0	0.000000E+0	0.000000E+0	0.000000E+0	0.000000E+0	0.000000E+0
60.0    	117     	2.309086E-2 	3.119880E-4	-5.12E-1   	60.01     	2880.61	23.0 	37.3 	0.000000E+0	0.000000E+0	0.000000E+0	0.000000E+0	0.000000E+0	0.000000E+0	0.000000E+0	0.000000E+0
60.0    	118     	2.172260E-2 	8.455349E-5	-6.37E-1   	60.01     	2882.52	23.0 	37.3 	0.000000E+0	0.000000E+0	0.000000E+0	0.000000E+0	0.000000E+0	0.000000E+0	0.000000E+0	0.000000E+0
60.0    	119     	2.205976E-2 	1.546120E-4	-6.12E-1   	60.01     	2884.43	23.0 	37.3 	0.000000E+0	0.000000E+0	0.000000E+0	0.000000E+0	0.000000E+0	0.000000E+0	0.000000E+0	0.000000E+0
60.0    	120     	4.040093E-2 	1.122209E-4	-4.48E-1   	60.01     	2886.35	23.0 	37.3 	0.000000E+0	0.000000E+0	0.000000E+0	0.000000E+0	0.000000E+0	0.000000E+0	0.000000E+0	0.000000E+0
60.0    	121     	2.210629E-2 	1.829143E-4	-4.63E-1   	60.01     	2888.26	23.0 	37.3 	0.000000E+0	0.000000E+0	0.000000E+0	0.000000E+0	0.000000E+0	0.000000E+0	0.000000E+0	0.000000E+0
60.0    	122     	4.024517E-2 	7.740179E-5	-7.70E-1   	60.01     	2890.17	23.0 	37.3 	0.000000E+0	0.000000E+0	0.000000E+0	0.000000E+0	0.000000E+0	0.000000E+0	0.000000E+0	0.000000E+0
60.0    	123     	7.924139E-2 	1.348731E-4	-7.54E-1   	60.01     	2892.09	23.0 	37.3 	0.000000E+0	0.000000E+0	0.000000E+0	0.000000E+0	0.000000E+0	0.000000E+0	0.000000E+0	0.000000E+0
60.0    	124     	2.349894E-2 	1.524650E-4	-5.90E-1   	60.01     	2893.99	23.0 	37.3 	0.000000E+0	0.000000E+0	0.000000E+0	0.000000E+0	0.000000E+0	0.000000E+0	0.000000E+0	0.000000E+0
60.0    	125     	2.349609E-2 	7.766348E-4	-7.54E-1   	60.01     	2895.90	23.0 	37.3 	0.000000E+0	0.000000E+0	0.000000E+0	0.000000E+0	0.000000E+0	0.000000E+0	0.000000E+0	0.000000E+0
60.0    	126     	2.586476E-2 	7.650147E-5	-5.69E-1   	60.01     	2897.81	23.0 	37.3 	0.000000E+0	0.000000E+0	0.000000E+0	0.000000E+0	0.000000E+0	0.000000E+0	0.000000E+0	0.000000E+0
60.0    	127     	2.584163E-2 	1.558069E-4	-3.16E-1   	60.01     	2899.72	23.0 	37.3 	0.000000E+0	0.000000E+0	0.000000E+0	0.000000E+0	0.000000E+0	0.000000E+0	0.000000E+0	0.000000E+0
60.0    	128     	2.546174E-2 	5.271367E-5	-6.25E-1   	60.01     	2901.63	23.0 	37.3 	0.000000E+0	0.000000E+0	0.000000E+0	0.000000E+0	0.000000E+0	0.000000E+0	0.000000E+0	0.000000E+0
60.0    	129     	2.193756E-2 	7.324637E-5	-7.09E-1   	60.01     	2903.54	23.0 	37.3 	0.000000E+0	0.000000E+0	0.000000E+0	0.000000E+0	0.000000E+0	0.000000E+0	0.000000E+0	0.000000E+0
60.0    	130     	8.796510E-2 	4.433251E-5	-5.12E-1   	60.01     	2905.45	23.0 	37.3 	0.000000E+0	0.000000E+0	0.000000E+0	0.000000E+0	0.000000E+0	0.000000E+0	0.000000E+0	0.000000E+0
60.0    	131     	1.026032E-1 	4.635573E-5	-4.41E-1   	60.01     	2907.35	23.0 	37.3 	0.000000E+0	0.000000E+0	0.000000E+0	0.000000E+0	0.000000E+0	0.000000E+0	0.000000E+0	0.000000E+0
60.0    	132     	1.065959E-1 	1.344625E-4	-3.96E-1   	60.01     	2909.26	23.0 	37.3 	0.000000E+0	0.000000E+0	0.000000E+0	0.000000E+0	0.000000E+0	0.000000E+0	0.000000E+0	0.000000E+0
60.0    	133     	2.295473E-2 	1.887963E-4	-7.95E-1   	60.01     	2911.17	23.0 	37.3 	0.000000E+0	0.000000E+0	0.000000E+0	0.000000E+0	0.000000E+0	0.000000E+0	0.000000E+0	0.000000E+0
60.0    	134     	2.216043E-2 	8.280186E-5	-6.59E-1   	60.01     	2913.08	23.0 	37.3 	0.000000E+0	0.000000E+0	0.000000E+0	0.000000E+0	0.000000E+0	0.000000E+0	0.000000E+0	0.000000E+0
60.0    	135     	2.250581E-2 	1.242664E-4	-3.78E-1   	60.01     	2914.99	23.0 	37.3 	0.000000E+0	0.000000E+0	0.000000E+0	0.000000E+0	0.000000E+0	0.000000E+0	0.000000E+0	0.000000E+0
60.0    	136     	-2.999746E-2	7.492712E-5	-9.83E-1   	60.01     	2916.89	23.0 	37.3 	0.000000E+0	0.000000E+0	0.000000E+0	0.000000E+0	0.000000E+0	0.000000E+0	0.000000E+0	0.000000E+0
60.0    	137     	7.203526E-3 	1.192104E-4	-6.61E-1   	60.01     	2918.80	23.0 	37.3 	0.000000E+0	0.000000E+0	0.000000E+0	0.000000E+0	0.000000E+0	0.000000E+0	0.000000E+0	0.000000E+0
60.0    	138     	3.369255E-2 	1.710478E-4	-2.81E-1   	60.01     	2920.72	23.0 	37.3 	0.000000E+0	0.000000E+0	0.000000E+0	0.000000E+0	0.000000E+0	0.000000E+0	0.000000E+0	0.000000E+0
60.0    	139     	2.194895E-2 	1.118901E-4	-3.02E-1   	60.01     	2922.63	23.0 	37.3 	0.000000E+0	0.000000E+0	0.000000E+0	0.000000E+0	0.000000E+0	0.000000E+0	0.000000E+0	0.000000E+0
60.0    	140     	-6.244033E-3	1.598368E-4	-7.36E-1   	60.01     	2924.54	23.0 	37.3 	0.000000E+0	0.000000E+0	0.000000E+0	0.000000E+0	0.000000E+0	0.000000E+0	0.000000E+0	0.000000E+0
60.0    	141     	4.440397E-3 	8.218535E-5	-5.56E-1   	60.01     	2926.45	23.0 	37.3 	0.000000E+0	0.000000E+0	0.000000E+0	0.000000E+0	0.000000E+0	0.000000E+0	0.000000E+0	0.000000E+0
60.0    	142     	2.612688E-2 	1.024213E-4	-7.15E-1   	60.01     	2928.36	23.0 	37.3 	0.000000E+0	0.000000E+0	0.000000E+0	0.000000E+0	0.000000E+0	0.000000E+0	0.000000E+0	0.000000E+0
60.0    	143     	4.923798E-2 	1.176652E-4	-5.88E-1   	60.01     	2930.26	23.0 	37.3 	0.000000E+0	0.000000E+0	0.000000E+0	0.000000E+0	0.000000E+0	0.000000E+0	0.000000E+0	0.000000E+0
60.0    	144     	2.181314E-2 	3.873514E-5	-4.60E-1   	60.01     	2932.18	23.0 	37.3 	0.000000E+0	0.000000E+0	0.000000E+0	0.000000E+0	0.000000E+0	0.000000E+0	0.000000E+0	0.000000E+0
60.0    	145     	2.314850E-2 	8.215918E-5	-6.81E-1   	60.01     	2934.09	23.0 	37.3 	0.000000E+0	0.000000E+0	0.000000E+0	0.000000E+0	0.000000E+0	0.000000E+0	0.000000E+0	0.000000E+0
60.0    	146     	8.568222E-2 	3.087085E-5	-7.71E-1   	60.01     	2935.99	23.0 	37.3 	0.000000E+0	0.000000E+0	0.000000E+0	0.000000E+0	0.000000E+0	0.000000E+0	0.000000E+0	0.000000E+0
60.0    	147     	1.033342E-1 	2.544130E-4	-6.92E-1   	60.01     	2937.91	23.0 	37.3 	0.000000E+0	0.000000E+0	0.000000E+0	0.000000E+0	0.000000E+0	0.000000E+0	0.000000E+0	0.000000E+0
60.0    	148     	2.876591E-2 	5.473642E-5	-6.78E-1   	60.01     	2939.82	23.0 	37.3 	0.000000E+0	0.000000E+0	0.000000E+0	0.000000E+0	0.000000E+0	0.000000E+0	0.000000E+0	0.000000E+0
60.0    	149     	2.210154E-2 	1.126610E-4	-6.64E-1   	60.01     	2941.73	23.0 	37.3 	0.000000E+0	0.000000E+0	0.000000E+0	0.000000E+0	0.000000E+0	0.000000E+0	0.000000E+0	0.000000E+0
60.0    	150     	2.210661E-2 	4.621749E-5	-5.91E-1   	60.01     	2943.64	23.0 	37.3 	0.000000E+0	0.000000E+0	0.000000E+0	0.000000E+0	0.000000E+0	0.000000E+0	0.000000E+0	0.000000E+0
60.0    	151     	2.105690E-1 	4.844382E-5	-6.82E-1   	60.01     	2945.55	23.0 	37.3 	0.000000E+0	0.000000E+0	0.000000E+0	0.000000E+0	0.000000E+0	0.000000E+0	0.000000E+0	0.000000E+0
60.0    	152     	3.104942E-2 	7.851320E-5	-6.16E-1   	60.01     	2947.46	23.0 	37.3 	0.000000E+0	0.000000E+0	0.000000E+0	0.000000E+0	0.000000E+0	0.000000E+0	0.000000E+0	0.000000E+0
60.0    	153     	2.170898E-2 	9.667916E-5	-6.89E-1   	60.01     	2949.37	23.0 	37.3 	0.000000E+0	0.000000E+0	0.000000E+0	0.000000E+0	0.000000E+0	0.000000E+0	0.000000E+0	0.000000E+0
60.0    	154     	3.996911E-2 	7.597217E-5	-6.33E-1   	60.01     	2951.28	23.0 	37.3 	0.000000E+0	0.000000E+0	0.000000E+0	0.000000E+0	0.000000E+0	0.000000E+0	0.000000E+0	0.000000E+0
60.0    	155     	2.167859E-2 	6.925338E-5	-6.71E-1   	60.01     	2953.18	23.0 	37.2 	0.000000E+0	0.000000E+0	0.000000E+0	0.000000E+0	0.000000E+0	0.000000E+0	0.000000E+0	0.000000E+0
60.0    	156     	2.021314E-2 	1.689986E-4	-6.77E-1   	60.01     	2955.10	23.0 	37.2 	0.000000E+0	0.000000E+0	0.000000E+0	0.000000E+0	0.000000E+0	0.000000E+0	0.000000E+0	0.000000E+0
60.0    	157     	2.708549E-2 	7.014306E-4	-6.54E-1   	60.01     	2957.01	23.0 	37.2 	0.000000E+0	0.000000E+0	0.000000E+0	0.000000E+0	0.000000E+0	0.000000E+0	0.000000E+0	0.000000E+0
60.0    	158     	2.643143E-2 	1.143859E-4	-4.57E-1   	60.01     	2958.93	23.0 	37.2 	0.000000E+0	0.000000E+0	0.000000E+0	0.000000E+0	0.000000E+0	0.000000E+0	0.000000E+0	0.000000E+0
60.0    	159     	2.203570E-2 	3.977381E-5	-6.41E-1   	60.01     	2960.84	23.0 	37.2 	0.000000E+0	0.000000E+0	0.000000E+0	0.000000E+0	0.000000E+0	0.000000E+0	0.000000E+0	0.000000E+0
60.0    	160     	2.329823E-2 	1.609191E-4	-3.45E-1   	60.01     	2962.74	23.0 	37.2 	0.000000E+0	0.000000E+0	0.000000E+0	0.000000E+0	0.000000E+0	0.000000E+0	0.000000E+0	0.000000E+0
60.0    	161     	2.319092E-2 	1.777241E-4	-5.92E-1   	60.01     	2964.66	23.0 	37.2 	0.000000E+0	0.000000E+0	0.000000E+0	0.000000E+0	0.000000E+0	0.000000E+0	0.000000E+0	0.000000E+0
60.0    	162     	8.619832E-2 	1.832121E-4	-3.22E-1   	60.01     	2966.59	23.0 	37.2 	0.000000E+0	0.000000E+0	0.000000E+0	0.000000E+0	0.000000E+0	0.000000E+0	0.000000E+0	0.000000E+0
60.0    	163     	9.277462E-2 	1.658701E-4	-7.43E-1   	60.01     	2968.52	23.0 	37.2 	0.000000E+0	0.000000E+0	0.000000E+0	0.000000E+0	0.000000E+0	0.000000E+0	0.000000E+0	0.000000E+0
60.0    	164     	1.398364E-3 	8.501723E-5	-7.06E-1   	60.01     	2970.43	23.0 	37.2 	0.000000E+0	0.000000E+0	0.000000E+0	0.000000E+0	0.000000E+0	0.000000E+0	0.000000E+0	0.000000E+0
60.0    	165     	2.500332E-2 	8.910842E-5	-3.94E-1   	60.01     	2972.34	23.0 	37.2 	0.000000E+0	0.000000E+0	0.000000E+0	0.000000E+0	0.000000E+0	0.000000E+0	0.000000E+0	0.000000E+0
60.0    	166     	2.244566E-2 	3.400304E-5	-6.66E-1   	60.01     	2974.25	23.0 	37.2 	0.000000E+0	0.000000E+0	0.000000E+0	0.000000E+0	0.000000E+0	0.000000E+0	0.000000E+0	0.000000E+0
60.0    	167     	9.244791E-2 	8.500473E-5	-2.68E-1   	60.01     	2976.16	23.0 	37.2 	0.000000E+0	0.000000E+0	0.000000E+0	0.000000E+0	0.000000E+0	0.000000E+0	0.000000E+0	0.000000E+0
60.0    	168     	3.826906E-2 	6.905410E-5	-2.45E-1   	60.01     	2978.07	23.0 	37.2 	0.000000E+0	0.000000E+0	0.000000E+0	0.000000E+0	0.000000E+0	0.000000E+0	0.000000E+0	0.000000E+0
60.0    	169     	2.367179E-2 	8.604256E-5	-8.62E-1   	60.01     	2979.98	23.0 	37.2 	0.000000E+0	0.000000E+0	0.000000E+0	0.000000E+0	0.000000E+0	0.000000E+0	0.000000E+0	0.000000E+0
60.0    	170     	6.199717E-2 	8.596898E-5	-2.35E-1   	60.01     	2981.89	23.0 	37.2 	0.000000E+0	0.000000E+0	0.000000E+0	0.000000E+0	0.000000E+0	0.000000E+0	0.000000E+0	0.000000E+0
60.0    	171     	3.347664E-2 	5.036789E-5	-6.29E-1   	60.01     	2983.80	23.0 	37.2 	0.000000E+0	0.000000E+0	0.000000E+0	0.000000E+0	0.000000E+0	0.000000E+0	0.000000E+0	0.000000E+0
60.0    	172     	2.240452E-2 	1.171072E-4	-4.57E-1   	60.01     	2985.71	23.0 	37.2 	0.000000E+0	0.000000E+0	0.000000E+0	0.000000E+0	0.000000E+0	0.000000E+0	0.000000E+0	0.000000E+0
60.0    	173     	3.215491E-2 	1.969855E-4	-4.09E-1   	60.01     	2987.62	23.0 	37.2 	0.000000E+0	0.000000E+0	0.000000E+0	0.000000E+0	0.000000E+0	0.000000E+0	0.000000E+0	0.000000E+0
60.0    	174     	2.584070E-2 	6.202883E-5	-7.18E-1   	60.01     	2989.53	23.0 	37.2 	0.000000E+0	0.000000E+0	0.000000E+0	0.000000E+0	0.000000E+0	0.000000E+0	0.000000E+0	0.000000E+0
60.0    	175     	2.564789E-2 	1.003582E-4	-6.01E-1   	60.01     	2991.44	23.0 	37.2 	0.000000E+0	0.000000E+0	0.000000E+0	0.000000E+0	0.000000E+0	0.000000E+0	0.000000E+0	0.000000E+0
60.0    	176     	2.240293E-2 	3.585509E-5	-4.66E-1   	60.01     	2993.35	23.0 	37.2 	0.000000E+0	0.000000E+0	0.000000E+0	0.000000E+0	0.000000E+0	0.000000E+0	0.000000E+0	0.000000E+0
60.0    	177     	2.740904E-2 	1.457091E-4	-4.81E-1   	60.01     	2995.27	23.0 	37.2 	0.000000E+0	0.000000E+0	0.000000E+0	0.000000E+0	0.000000E+0	0.000000E+0	0.000000E+0	0.000000E+0
60.0    	178     	8.787392E-2 	1.525106E-4	-4.44E-1   	60.01     	2997.18	23.0 	37.2 	0.000000E+0	0.000000E+0	0.000000E+0	0.000000E+0	0.000000E+0	0.000000E+0	0.000000E+0	0.000000E+0
60.0    	179     	1.022449E-1 	1.323364E-4	-8.33E-1   	60.01     	2999.08	23.0 	37.2 	0.000000E+0	0.000000E+0	0.000000E+0	0.000000E+0	0.000000E+0	0.000000E+0	0.000000E+0	0.000000E+0
60.0    	180     	2.825019E-2 	1.060319E-4	-7.55E-1   	60.01     	3000.99	23.0 	37.2 	0.000000E+0	0.000000E+0	0.000000E+0	0.000000E+0	0.000000E+0	0.000000E+0	0.000000E+0	0.000000E+0
60.0    	181     	5.070661E-2 	5.513818E-5	-6.99E-1   	60.01     	3002.90	23.0 	37.2 	0.000000E+0	0.000000E+0	0.000000E+0	0.000000E+0	0.000000E+0	0.000000E+0	0.000000E+0	0.000000E+0
60.0    	182     	2.219241E-2 	1.490454E-4	-5.06E-1   	60.01     	3004.82	23.0 	37.2 	0.000000E+0	0.000000E+0	0.000000E+0	0.000000E+0	0.000000E+0	0.000000E+0	0.000000E+0	0.000000E+0
60.0    	183     	2.172735E-2 	1.102967E-4	-3.79E-1   	60.01     	3006.73	23.0 	37.2 	0.000000E+0	0.000000E+0	0.000000E+0	0.000000E+0	0.000000E+0	0.000000E+0	0.000000E+0	0.000000E+0
60.0    	184     	3.973928E-2 	1.243014E-4	-4.19E-1   	60.01     	3008.64	23.0 	37.2 	0.000000E+0	0.000000E+0	0.000000E+0	0.000000E+0	0.000000E+0	0.000000E+0	0.000000E+0	0.000000E+0
60.0    	185     	2.297752E-2 	5.559981E-5	-7.63E-1   	60.01     	3010.56	23.0 	37.2 	0.000000E+0	0.000000E+0	0.000000E+0	0.000000E+0	0.000000E+0	0.000000E+0	0.000000E+0	0.000000E+0
60.0    	186     	8.867171E-2 	1.492023E-4	-6.41E-1   	60.01     	3012.47	23.0 	37.2 	0.000000E+0	0.000000E+0	0.000000E+0	0.000000E+0	0.000000E+0	0.000000E+0	0.000000E+0	0.000000E+0
60.0    	187     	3.057677E-2 	1.043618E-4	-4.44E-1   	60.01     	3014.37	23.0 	37.2 	0.000000E+0	0.000000E+0	0.000000E+0	0.000000E+0	0.000000E+0	0.000000E+0	0.000000E+0	0.000000E+0
60.0    	188     	2.114103E-2 	1.463323E-4	-6.93E-1   	60.01     	3016.28	23.0 	37.2 	0.000000E+0	0.000000E+0	0.000000E+0	0.000000E+0	0.000000E+0	0.000000E+0	0.000000E+0	0.000000E+0
60.0    	189     	2.746699E-2 	1.590928E-4	-5.06E-1   	60.01     	3018.19	23.0 	37.2 	0.000000E+0	0.000000E+0	0.000000E+0	0.000000E+0	0.000000E+0	0.000000E+0	0.000000E+0	0.000000E+0
60.0    	190     	3.596403E-2 	1.657914E-4	-5.44E-1   	60.01     	3020.10	23.0 	37.2 	0.000000E+0	0.000000E+0	0.000000E+0	0.000000E+0	0.000000E+0	0.000000E+0	0.000000E+0	0.000000E+0
60.0    	191     	2.473360E-2 	9.605890E-5	-5.84E-1   	60.01     	3022.01	23.0 	37.2 	0.000000E+0	0.000000E+0	0.000000E+0	0.000000E+0	0.000000E+0	0.000000E+0	0.000000E+0	0.000000E+0
60.0    	192     	2.213985E-2 	6.374001E-5	-6.06E-1   	60.01     	3023.92	23.0 	37.2 	0.000000E+0	0.000000E+0	0.000000E+0	0.000000E+0	0.000000E+0	0.000000E+0	0.000000E+0	0.000000E+0
60.0    	193     	2.764394E-2 	4.229214E-5	-2.38E-1   	60.01     	3025.83	23.0 	37.2 	0.000000E+0	0.000000E+0	0.000000E+0	0.000000E+0	0.000000E+0	0.000000E+0	0.000000E+0	0.000000E+0
60.0    	194     	9.199107E-2 	1.181038E-4	-4.02E-1   	60.01     	3027.75	23.0 	37.2 	0.000000E+0	0.000000E+0	0.000000E+0	0.000000E+0	0.000000E+0	0.000000E+0	0.000000E+0	0.000000E+0
60.0    	195     	9.248528E-2 	1.357825E-4	-3.00E-1   	60.01     	3029.65	23.0 	37.2 	0.000000E+0	0.000000E+0	0.000000E+0	0.000000E+0	0.000000E+0	0.000000E+0	0.000000E+0	0.000000E+0
60.0    	196     	2.441196E-2 	1.001302E-4	-7.48E-1   	60.01     	3031.58	23.0 	37.2 	0.000000E+0	0.000000E+0	0.000000E+0	0.000000E+0	0.000000E+0	0.000000E+0	0.000000E+0	0.000000E+0
60.0    	197     	2.220886E-2 	1.115857E-4	-7.40E-1   	60.01     	3033.49	23.0 	37.2 	0.000000E+0	0.000000E+0	0.000000E+0	0.000000E+0	0.000000E+0	0.000000E+0	0.000000E+0	0.000000E+0
60.0    	198     	2.419035E-2 	2.253788E-4	-6.69E-1   	60.01     	3035.41	23.0 	37.2 	0.000000E+0	0.000000E+0	0.000000E+0	0.000000E+0	0.000000E+0	0.000000E+0	0.000000E+0	0.000000E+0
60.0    	199     	3.444443E-2 	6.876491E-5	-3.54E-1   	60.01     	3037.32	23.0 	37.2 	0.000000E+0	0.000000E+0	0.000000E+0	0.000000E+0	0.000000E+0	0.000000E+0	0.000000E+0	0.000000E+0
60.0    	200     	-2.654909E-2	1.680910E-4	-6.68E-1   	60.01     	3039.25	23.0 	37.2 	0.000000E+0	0.000000E+0	0.000000E+0	0.000000E+0	0.000000E+0	0.000000E+0	0.000000E+0	0.000000E+0
60.0    	201     	2.105112E-2 	1.440408E-4	-1.85E-1   	60.01     	3041.16	23.0 	37.2 	0.000000E+0	0.000000E+0	0.000000E+0	0.000000E+0	0.000000E+0	0.000000E+0	0.000000E+0	0.000000E+0
60.0    	202     	3.230654E-2 	1.095115E-4	-5.71E-1   	60.01     	3043.07	23.0 	37.2 	0.000000E+0	0.000000E+0	0.000000E+0	0.000000E+0	0.000000E+0	0.000000E+0	0.000000E+0	0.000000E+0
60.0    	203     	2.460096E-2 	2.018134E-4	-5.58E-1   	60.01     	3044.98	23.0 	37.2 	0.000000E+0	0.000000E+0	0.000000E+0	0.000000E+0	0.000000E+0	0.000000E+0	0.000000E+0	0.000000E+0
60.0    	204     	2.636514E-3 	1.004506E-4	-6.63E-1   	60.01     	3046.89	23.0 	37.2 	0.000000E+0	0.000000E+0	0.000000E+0	0.000000E+0	0.000000E+0	0.000000E+0	0.000000E+0	0.000000E+0
60.0    	205     	7.311931E-2 	8.215787E-5	-6.47E-1   	60.01     	3048.79	23.0 	37.2 	0.000000E+0	0.000000E+0	0.000000E+0	0.000000E+0	0.000000E+0	0.000000E+0	0.000000E+0	0.000000E+0
60.0    	206     	3.570095E-2 	1.224306E-4	-6.50E-1   	60.01     	3050.72	23.0 	37.2 	0.000000E+0	0.000000E+0	0.000000E+0	0.000000E+0	0.000000E+0	0.000000E+0	0.000000E+0	0.000000E+0
60.0    	207     	2.594897E-2 	4.119902E-5	-7.76E-1   	60.01     	3052.63	23.0 	37.2 	0.000000E+0	0.000000E+0	0.000000E+0	0.000000E+0	0.000000E+0	0.000000E+0	0.000000E+0	0.000000E+0
60.0    	208     	2.346032E-2 	8.725487E-5	-4.40E-1   	60.01     	3054.54	23.0 	37.2 	0.000000E+0	0.000000E+0	0.000000E+0	0.000000E+0	0.000000E+0	0.000000E+0	0.000000E+0	0.000000E+0
60.0    	209     	4.976130E-2 	1.140457E-4	-5.09E-1   	60.01     	3056.45	23.0 	37.2 	0.000000E+0	0.000000E+0	0.000000E+0	0.000000E+0	0.000000E+0	0.000000E+0	0.000000E+0	0.000000E+0
60.0    	210     	9.939213E-2 	2.082131E-4	-6.63E-1   	60.01     	3058.36	23.0 	37.2 	0.000000E+0	0.000000E+0	0.000000E+0	0.000000E+0	0.000000E+0	0.000000E+0	0.000000E+0	0.000000E+0
60.0    	211     	1.009114E-1 	3.130048E-5	-7.41E-1   	60.01     	3060.28	23.0 	37.2 	0.000000E+0	0.000000E+0	0.000000E+0	0.000000E+0	0.000000E+0	0.000000E+0	0.000000E+0	0.000000E+0
60.0    	212     	2.490931E-2 	1.998685E-4	-6.54E-1   	60.01     	3062.19	23.0 	37.2 	0.000000E+0	0.000000E+0	0.000000E+0	0.000000E+0	0.000000E+0	0.000000E+0	0.000000E+0	0.000000E+0
60.0    	213     	2.400357E-2 	6.269576E-5	-5.68E-1   	60.01     	3064.11	23.0 	37.2 	0.000000E+0	0.000000E+0	0.000000E+0	0.000000E+0	0.000000E+0	0.000000E+0	0.000000E+0	0.000000E+0
60.0    	214     	1.297666E-1 	9.289871E-5	-4.18E-1   	60.01     	3066.02	23.0 	37.2 	0.000000E+0	0.000000E+0	0.000000E+0	0.000000E+0	0.000000E+0	0.000000E+0	0.000000E+0	0.000000E+0
60.0    	215     	8.839468E-2 	9.678173E-5	-4.29E-1   	60.01     	3067.93	23.0 	37.2 	0.000000E+0	0.000000E+0	0.000000E+0	0.000000E+0	0.000000E+0	0.000000E+0	0.000000E+0	0.000000E+0
60.0    	216     	5.300565E-2 	1.028624E-4	-3.47E-1   	60.01     	3069.84	23.0 	37.2 	0.000000E+0	0.000000E+0	0.000000E+0	0.000000E+0	0.000000E+0	0.000000E+0	0.000000E+0	0.000000E+0
60.0    	217     	8.033866E-2 	9.220691E-5	-5.12E-1   	60.01     	3071.75	23.0 	37.2 	0.000000E+0	0.000000E+0	0.000000E+0	0.000000E+0	0.000000E+0	0.000000E+0	0.000000E+0	0.000000E+0
60.0    	218     	2.713297E-2 	1.861436E-4	-3.76E-1   	60.01     	3073.66	23.0 	37.2 	0.000000E+0	0.000000E+0	0.000000E+0	0.000000E+0	0.000000E+0	0.000000E+0	0.000000E+0	0.000000E+0
60.0    	219     	2.143544E-2 	1.872035E-4	-7.75E-1   	60.01     	3075.57	23.0 	37.2 	0.000000E+0	0.000000E+0	0.000000E+0	0.000000E+0	0.000000E+0	0.000000E+0	0.000000E+0	0.000000E+0
60.0    	220     	4.398082E-2 	2.376646E-5	-7.41E-1   	60.01     	3077.47	23.0 	37.2 	0.000000E+0	0.000000E+0	0.000000E+0	0.000000E+0	0.000000E+0	0.000000E+0	0.000000E+0	0.000000E+0
60.0    	221     	2.266189E-2 	1.818385E-4	-3.55E-1   	60.01     	3079.40	23.0 	37.2 	0.000000E+0	0.000000E+0	0.000000E+0	0.000000E+0	0.000000E+0	0.000000E+0	0.000000E+0	0.000000E+0
60.0    	222     	3.092626E-2 	7.368504E-5	-6.79E-1   	60.01     	3081.32	23.0 	37.2 	0.000000E+0	0.000000E+0	0.000000E+0	0.000000E+0	0.000000E+0	0.000000E+0	0.000000E+0	0.000000E+0
60.0    	223     	7.162665E-2 	1.263452E-4	-4.64E-1   	60.01     	3083.23	23.0 	37.2 	0.000000E+0	0.000000E+0	0.000000E+0	0.000000E+0	0.000000E+0	0.000000E+0	0.000000E+0	0.000000E+0
60.0    	224     	2.816599E-2 	1.179535E-4	-4.29E-1   	60.01     	3085.14	23.0 	37.2 	0.000000E+0	0.000000E+0	0.000000E+0	0.000000E+0	0.000000E+0	0.000000E+0	0.000000E+0	0.000000E+0
60.0    	225     	4.326220E-2 	1.821902E-4	-2.48E-1   	60.01     	3087.05	23.0 	37.2 	0.000000E+0	0.000000E+0	0.000000E+0	0.000000E+0	0.000000E+0	0.000000E+0	0.000000E+0	0.000000E+0
60.0    	226     	1.056760E-1 	1.024922E-4	-6.60E-1   	60.01     	3088.97	23.0 	37.2 	0.000000E+0	0.000000E+0	0.000000E+0	0.000000E+0	0.000000E+0	0.000000E+0	0.000000E+0	0.000000E+0
60.0    	227     	1.091682E-1 	1.293467E-4	-7.85E-1   	60.01     	3090.88	23.0 	37.2 	0.000000E+0	0.000000E+0	0.000000E+0	0.000000E+0	0.000000E+0	0.000000E+0	0.000000E+0	0.000000E+0
60.0    	228     	2.723966E-2 	4.469810E-5	-4.77E-1   	60.01     	3092.79	23.0 	37.2 	0.000000E+0	0.000000E+0	0.000000E+0	0.000000E+0	0.000000E+0	0.000000E+0	0.000000E+0	0.000000E+0
60.0    	229     	2.566119E-2 	6.752890E-5	-2.87E-1   	60.01     	3094.70	23.0 	37.2 	0.000000E+0	0.000000E+0	0.000000E+0	0.000000E+0	0.000000E+0	0.000000E+0	0.000000E+0	0.000000E+0
60.0    	230     	2.835404E-2 	1.312700E-4	-6.79E-1   	60.01     	3096.61	23.0 	37.2 	0.000000E+0	0.000000E+0	0.000000E+0	0.000000E+0	0.000000E+0	0.000000E+0	0.000000E+0	0.000000E+0
60.0    	231     	2.672965E-2 	1.779074E-4	-4.63E-1   	60.01     	3098.53	23.0 	37.2 	0.000000E+0	0.000000E+0	0.000000E+0	0.000000E+0	0.000000E+0	0.000000E+0	0.000000E+0	0.000000E+0
60.0    	232     	-1.337978E-2	1.325229E-4	-5.68E-1   	60.01     	3100.44	23.0 	37.2 	0.000000E+0	0.000000E+0	0.000000E+0	0.000000E+0	0.000000E+0	0.000000E+0	0.000000E+0	0.000000E+0
60.0    	233     	5.225817E-2 	4.148703E-5	-2.87E-1   	60.01     	3102.35	23.0 	37.2 	0.000000E+0	0.000000E+0	0.000000E+0	0.000000E+0	0.000000E+0	0.000000E+0	0.000000E+0	0.000000E+0
60.0    	234     	2.957129E-2 	1.099480E-4	-6.47E-1   	60.01     	3104.26	23.0 	37.2 	0.000000E+0	0.000000E+0	0.000000E+0	0.000000E+0	0.000000E+0	0.000000E+0	0.000000E+0	0.000000E+0
60.0    	235     	2.610282E-2 	8.386598E-5	-6.35E-1   	60.01     	3106.17	23.0 	37.2 	0.000000E+0	0.000000E+0	0.000000E+0	0.000000E+0	0.000000E+0	0.000000E+0	0.000000E+0	0.000000E+0
60.0    	236     	5.650732E-2 	8.146122E-5	-5.13E-1   	60.01     	3108.08	23.0 	37.2 	0.000000E+0	0.000000E+0	0.000000E+0	0.000000E+0	0.000000E+0	0.000000E+0	0.000000E+0	0.000000E+0
60.0    	237     	1.533587E-2 	5.036198E-5	-6.96E-1   	60.01     	3110.00	23.0 	37.2 	0.000000E+0	0.000000E+0	0.000000E+0	0.000000E+0	0.000000E+0	0.000000E+0	0.000000E+0	0.000000E+0
60.0    	238     	2.809570E-2 	1.524658E-4	-6.93E-1   	60.01     	3111.91	23.0 	37.2 	0.000000E+0	0.000000E+0	0.000000E+0	0.000000E+0	0.000000E+0	0.000000E+0	0.000000E+0	0.000000E+0
60.0    	239     	2.694397E-2 	1.025658E-4	-6.47E-1   	60.01     	3113.83	23.0 	37.2 	0.000000E+0	0.000000E+0	0.000000E+0	0.000000E+0	0.000000E+0	0.000000E+0	0.000000E+0	0.000000E+0
60.0    	240     	2.933892E-2 	8.150908E-5	-5.49E-1   	60.01     	3115.74	23.0 	37.2 	0.000000E+0	0.000000E+0	0.000000E+0	0.000000E+0	0.000000E+0	0.000000E+0	0.000000E+0	0.000000E+0
60.0    	241     	1.154700E-1 	1.343795E-4	-4.93E-1   	60.01     	3117.65	23.0 	37.2 	0.000000E+0	0.000000E+0	0.000000E+0	0.000000E+0	0.000000E+0	0.000000E+0	0.000000E+0	0.000000E+0
60.0    	242     	2.091652E-1 	6.150466E-5	-5.32E-1   	60.01     	3119.56	23.0 	37.2 	0.000000E+0	0.000000E+0	0.000000E+0	0.000000E+0	0.000000E+0	0.000000E+0	0.000000E+0	0.000000E+0
60.0    	243     	1.760350E-1 	1.296354E-4	-4.11E-1   	60.01     	3121.47	23.0 	37.2 	0.000000E+0	0.000000E+0	0.000000E+0	0.000000E+0	0.000000E+0	0.000000E+0	0.000000E+0	0.000000E+0
60.0    	244     	2.101495E-1 	2.909936E-4	-3.01E-1   	60.01     	3123.38	23.0 	37.2 	0.000000E+0	0.000000E+0	0.000000E+0	0.000000E+0	0.000000E+0	0.000000E+0	0.000000E+0	0.000000E+0
60.0    	245     	9.600375E-2 	1.816648E-4	-4.17E-1   	60.01     	3125.28	23.0 	37.2 	0.000000E+0	0.000000E+0	0.000000E+0	0.000000E+0	0.000000E+0	0.000000E+0	0.000000E+0	0.000000E+0
60.0    	246     	9.776300E-2 	7.887580E-5	-7.76E-1   	60.01     	3127.19	23.0 	37.2 	0.000000E+0	0.000000E+0	0.000000E+0	0.000000E+0	0.000000E+0	0.000000E+0	0.000000E+0	0.000000E+0
60.0    	247     	9.639629E-2 	9.730325E-5	-4.88E-1   	60.01     	3129.10	23.0 	37.2 	0.000000E+0	0.000000E+0	0.000000E+0	0.000000E+0	0.000000E+0	0.000000E+0	0.000000E+0	0.000000E+0
60.0    	248     	9.347079E-2 	1.828352E-4	-4.58E-1   	60.01     	3131.02	23.0 	37.2 	0.000000E+0	0.000000E+0	0.000000E+0	0.000000E+0	0.000000E+0	0.000000E+0	0.000000E+0	0.000000E+0
60.0    	249     	1.039189E-1 	8.640156E-5	-7.40E-1   	60.01     	3132.93	23.0 	37.2 	0.000000E+0	0.000000E+0	0.000000E+0	0.000000E+0	0.000000E+0	0.000000E+0	0.000000E+0	0.000000E+0
60.0    	250     	1.009107E-1 	1.776775E-4	-6.50E-1   	60.01     	3134.84	23.0 	37.2 	0.000000E+0	0.000000E+0	0.000000E+0	0.000000E+0	0.000000E+0	0.000000E+0	0.000000E+0	0.000000E+0
60.0    	251     	9.231682E-2 	1.477418E-4	-4.46E-1   	60.01     	3136.74	23.0 	37.2 	0.000000E+0	0.000000E+0	0.000000E+0	0.000000E+0	0.000000E+0	0.000000E+0	0.000000E+0	0.000000E+0
60.0    	252     	9.092039E-2 	1.521353E-4	-3.71E-1   	60.01     	3138.64	23.0 	37.2 	0.000000E+0	0.000000E+0	0.000000E+0	0.000000E+0	0.000000E+0	0.000000E+0	0.000000E+0	0.000000E+0
60.0    	253     	7.697465E-2 	8.225590E-5	-3.12E-1   	60.01     	3140.55	23.0 	37.2 	0.000000E+0	0.000000E+0	0.000000E+0	0.000000E+0	0.000000E+0	0.000000E+0	0.000000E+0	0.000000E+0
60.0    	254     	9.399696E-2 	2.026543E-4	-6.56E-1   	60.01     	3142.46	23.0 	37.2 	0.000000E+0	0.000000E+0	0.000000E+0	0.000000E+0	0.000000E+0	0.000000E+0	0.000000E+0	0.000000E+0
60.0    	255     	9.351640E-2 	1.827196E-4	-5.31E-1   	60.01     	3144.37	23.0 	37.2 	0.000000E+0	0.000000E+0	0.000000E+0	0.000000E+0	0.000000E+0	0.000000E+0	0.000000E+0	0.000000E+0
60.0    	256     	9.950451E-2 	1.494112E-4	-5.94E-1   	60.00     	3146.28	23.0 	37.2 	0.000000E+0	0.000000E+0	0.000000E+0	0.000000E+0	0.000000E+0	0.000000E+0	0.000000E+0	0.000000E+0
60.0    	257     	1.968209E-3 	1.035351E-4	-5.39E-1   	60.01     	3148.19	23.0 	37.2 	0.000000E+0	0.000000E+0	0.000000E+0	0.000000E+0	0.000000E+0	0.000000E+0	0.000000E+0	0.000000E+0
60.0    	258     	1.586413E-3 	6.533258E-5	-6.89E-1   	60.01     	3150.10	23.0 	37.2 	0.000000E+0	0.000000E+0	0.000000E+0	0.000000E+0	0.000000E+0	0.000000E+0	0.000000E+0	0.000000E+0
60.0    	259     	1.310986E-3 	5.423538E-5	-4.29E-1   	60.01     	3152.01	23.0 	37.2 	0.000000E+0	0.000000E+0	0.000000E+0	0.000000E+0	0.000000E+0	0.000000E+0	0.000000E+0	0.000000E+0
60.0    	260     	1.691834E-3 	1.531301E-4	-6.31E-1   	60.01     	3153.93	23.0 	37.2 	0.000000E+0	0.000000E+0	0.000000E+0	0.000000E+0	0.000000E+0	0.000000E+0	0.000000E+0	0.000000E+0
60.0    	261     	1.668725E-3 	1.699014E-4	-4.65E-1   	60.01     	3155.84	23.0 	37.2 	0.000000E+0	0.000000E+0	0.000000E+0	0.000000E+0	0.000000E+0	0.000000E+0	0.000000E+0	0.000000E+0
60.0    	262     	1.448383E-3 	2.130530E-4	-5.77E-1   	60.01     	3157.77	23.0 	37.2 	0.000000E+0	0.000000E+0	0.000000E+0	0.000000E+0	0.000000E+0	0.000000E+0	0.000000E+0	0.000000E+0
60.0    	263     	8.829678E-4 	1.934083E-4	-4.89E-1   	60.01     	3159.68	23.0 	37.2 	0.000000E+0	0.000000E+0	0.000000E+0	0.000000E+0	0.000000E+0	0.000000E+0	0.000000E+0	0.000000E+0
60.0    	264     	-2.105277E-3	1.919553E-4	-7.42E-1   	60.01     	3161.59	23.0 	37.2 	0.000000E+0	0.000000E+0	0.000000E+0	0.000000E+0	0.000000E+0	0.000000E+0	0.000000E+0	0.000000E+0
80.0    	1       	9.407225E-2 	7.628983E-5	7.74E+0    	80.01     	3181.00	23.0 	37.2 	0.000000E+0	0.000000E+0	0.000000E+0	0.000000E+0	0.000000E+0	0.000000E+0	0.000000E+0	0.000000E+0
80.0    	2       	1.791039E-1 	1.358795E-4	-5.41E-1   	80.01     	3182.78	23.0 	37.2 	0.000000E+0	0.000000E+0	0.000000E+0	0.000000E+0	0.000000E+0	0.000000E+0	0.000000E+0	0.000000E+0
80.0    	3       	1.997018E-3 	1.529956E-4	-5.47E-1   	80.00     	3184.70	23.0 	37.2 	0.000000E+0	0.000000E+0	0.000000E+0	0.000000E+0	0.000000E+0	0.000000E+0	0.000000E+0	0.000000E+0
80.0    	4       	9.725139E-2 	3.160970E-5	-5.08E-1   	80.00     	3186.61	23.0 	37.2 	0.000000E+0	0.000000E+0	0.000000E+0	0.000000E+0	0.000000E+0	0.000000E+0	0.000000E+0	0.000000E+0
80.0    	5       	9.985373E-2 	6.426236E-5	-4.87E-1   	80.00     	3188.52	23.0 	37.2 	0.000000E+0	0.000000E+0	0.000000E+0	0.000000E+0	0.000000E+0	0.000000E+0	0.000000E+0	0.000000E+0
80.0    	6       	1.335649E-1 	2.514278E-4	-2.55E-1   	80.01     	3190.43	23.0 	37.2 	0.000000E+0	0.000000E+0	0.000000E+0	0.000000E+0	0.000000E+0	0.000000E+0	0.000000E+0	0.000000E+0
80.0    	7       	9.336660E-2 	1.313941E-4	-4.70E-1   	80.01     	3192.34	23.0 	37.2 	0.000000E+0	0.000000E+0	0.000000E+0	0.000000E+0	0.000000E+0	0.000000E+0	0.000000E+0	0.000000E+0
80.0    	8       	1.012353E-1 	1.057393E-4	-6.13E-1   	80.00     	3194.26	23.0 	37.2 	0.000000E+0	0.000000E+0	0.000000E+0	0.000000E+0	0.000000E+0	0.000000E+0	0.000000E+0	0.000000E+0
80.0    	9       	9.154089E-2 	2.178003E-4	-4.08E-1   	80.01     	3196.16	23.0 	37.2 	0.000000E+0	0.000000E+0	0.000000E+0	0.000000E+0	0.000000E+0	0.000000E+0	0.000000E+0	0.000000E+0
80.0    	10      	1.066982E-1 	1.354475E-4	-7.84E-1   	80.00     	3198.08	23.0 	37.2 	0.000000E+0	0.000000E+0	0.000000E+0	0.000000E+0	0.000000E+0	0.000000E+0	0.000000E+0	0.000000E+0
80.0    	11      	9.320860E-2 	1.278974E-4	-7.47E-1   	80.01     	3199.99	23.0 	37.2 	0.000000E+0	0.000000E+0	0.000000E+0	0.000000E+0	0.000000E+0	0.000000E+0	0.000000E+0	0.000000E+0
80.0    	12      	1.014854E-1 	2.247161E-5	-6.62E-1   	80.00     	3201.89	23.0 	37.2 	0.000000E+0	0.000000E+0	0.000000E+0	0.000000E+0	0.000000E+0	0.000000E+0	0.000000E+0	0.000000E+0
80.0    	13      	1.171352E-1 	9.562271E-5	-4.90E-1   	80.00     	3203.80	23.0 	37.2 	0.000000E+0	0.000000E+0	0.000000E+0	0.000000E+0	0.000000E+0	0.000000E+0	0.000000E+0	0.000000E+0
80.0    	14      	9.437492E-2 	1.791125E-4	-6.05E-1   	80.00     	3205.71	23.0 	37.2 	0.000000E+0	0.000000E+0	0.000000E+0	0.000000E+0	0.000000E+0	0.000000E+0	0.000000E+0	0.000000E+0
80.0    	15      	1.594267E-1 	1.933309E-4	-4.66E-1   	80.00     	3207.62	23.0 	37.2 	0.000000E+0	0.000000E+0	0.000000E+0	0.000000E+0	0.000000E+0	0.000000E+0	0.000000E+0	0.000000E+0
80.0    	16      	1.078265E-1 	3.811696E-4	-6.52E-1   	80.00     	3209.54	23.0 	37.2 	0.000000E+0	0.000000E+0	0.000000E+0	0.000000E+0	0.000000E+0	0.000000E+0	0.000000E+0	0.000000E+0
80.0    	17      	2.228262E-2 	2.398945E-4	-6.78E-1   	80.00     	3211.47	23.0 	37.2 	0.000000E+0	0.000000E+0	0.000000E+0	0.000000E+0	0.000000E+0	0.000000E+0	0.000000E+0	0.000000E+0
80.0    	18      	9.341790E-2 	1.639835E-4	-3.76E-1   	80.00     	3213.38	23.0 	37.2 	0.000000E+0	0.000000E+0	0.000000E+0	0.000000E+0	0.000000E+0	0.000000E+0	0.000000E+0	0.000000E+0
80.0    	19      	2.155924E-1 	5.051960E-5	-6.44E-1   	80.00     	3215.30	23.0 	37.2 	0.000000E+0	0.000000E+0	0.000000E+0	0.000000E+0	0.000000E+0	0.000000E+0	0.000000E+0	0.000000E+0
80.0    	20      	9.087004E-2 	1.266794E-4	-7.44E-1   	80.01     	3217.21	23.0 	37.2 	0.000000E+0	0.000000E+0	0.000000E+0	0.000000E+0	0.000000E+0	0.000000E+0	0.000000E+0	0.000000E+0
80.0    	21      	2.377657E-2 	1.438336E-4	-6.53E-1   	80.00     	3219.12	23.0 	37.2 	0.000000E+0	0.000000E+0	0.000000E+0	0.000000E+0	0.000000E+0	0.000000E+0	0.000000E+0	0.000000E+0
80.0    	22      	2.517649E-2 	9.021928E-5	-6.13E-1   	80.00     	3221.03	23.0 	37.2 	0.000000E+0	0.000000E+0	0.000000E+0	0.000000E+0	0.000000E+0	0.000000E+0	0.000000E+0	0.000000E+0
80.0    	23      	2.649982E-2 	7.982000E-5	-4.04E-1   	80.00     	3222.94	23.0 	37.2 	0.000000E+0	0.000000E+0	0.000000E+0	0.000000E+0	0.000000E+0	0.000000E+0	0.000000E+0	0.000000E+0
80.0    	24      	3.229704E-2 	1.249310E-4	-4.76E-1   	80.01     	3224.85	23.0 	37.2 	0.000000E+0	0.000000E+0	0.000000E+0	0.000000E+0	0.000000E+0	0.000000E+0	0.000000E+0	0.000000E+0
80.0    	25      	1.699141E-1 	1.071615E-4	-6.31E-1   	80.00     	3226.76	23.0 	37.2 	0.000000E+0	0.000000E+0	0.000000E+0	0.000000E+0	0.000000E+0	0.000000E+0	0.000000E+0	0.000000E+0
80.0    	26      	3.613497E-2 	1.714316E-4	-6.76E-1   	80.00     	3228.67	23.0 	37.2 	0.000000E+0	0.000000E+0	0.000000E+0	0.000000E+0	0.000000E+0	0.000000E+0	0.000000E+0	0.000000E+0
80.0    	27      	3.117570E-2 	1.148006E-2	-3.36E-1   	80.01     	3230.58	23.0 	37.2 	0.000000E+0	0.000000E+0	0.000000E+0	0.000000E+0	0.000000E+0	0.000000E+0	0.000000E+0	0.000000E+0
80.0    	28      	2.586727E-2 	6.181756E-4	-4.25E-1   	80.00     	3232.49	23.0 	37.2 	0.000000E+0	0.000000E+0	0.000000E+0	0.000000E+0	0.000000E+0	0.000000E+0	0.000000E+0	0.000000E+0
80.0    	29      	3.233281E-2 	2.486618E-4	-7.37E-1   	80.00     	3234.40	23.0 	37.1 	0.000000E+0	0.000000E+0	0.000000E+0	0.000000E+0	0.000000E+0	0.000000E+0	0.000000E+0	0.000000E+0
80.0    	30      	2.414633E-2 	1.585077E-4	-5.68E-1   	80.00     	3236.31	23.0 	37.1 	0.000000E+0	0.000000E+0	0.000000E+0	0.000000E+0	0.000000E+0	0.000000E+0	0.000000E+0	0.000000E+0
80.0    	31      	2.251941E-2 	5.400108E-5	-6.26E-1   	80.00     	3238.22	23.0 	37.1 	0.000000E+0	0.000000E+0	0.000000E+0	0.000000E+0	0.000000E+0	0.000000E+0	0.000000E+0	0.000000E+0
80.0    	32      	3.309040E-2 	9.832221E-5	-8.00E-1   	80.01     	3240.13	23.0 	37.1 	0.000000E+0	0.000000E+0	0.000000E+0	0.000000E+0	0.000000E+0	0.000000E+0	0.000000E+0	0.000000E+0
80.0    	33      	1.320633E-1 	2.062879E-4	-7.04E-1   	80.01     	3242.06	23.0 	37.1 	0.000000E+0	0.000000E+0	0.000000E+0	0.000000E+0	0.000000E+0	0.000000E+0	0.000000E+0	0.000000E+0
80.0    	34      	9.016560E-2 	8.321757E-5	-7.18E-1   	80.01     	3243.97	23.0 	37.1 	0.000000E+0	0.000000E+0	0.000000E+0	0.000000E+0	0.000000E+0	0.000000E+0	0.000000E+0	0.000000E+0
80.0    	35      	1.211106E-1 	4.836076E-5	-3.46E-1   	80.01     	3245.89	23.0 	37.1 	0.000000E+0	0.000000E+0	0.000000E+0	0.000000E+0	0.000000E+0	0.000000E+0	0.000000E+0	0.000000E+0
80.0    	36      	2.401210E-2 	1.049007E-4	-6.91E-1   	80.01     	3247.79	23.0 	37.1 	0.000000E+0	0.000000E+0	0.000000E+0	0.000000E+0	0.000000E+0	0.000000E+0	0.000000E+0	0.000000E+0
80.0    	37      	2.295313E-2 	3.672033E-5	-3.89E-1   	80.01     	3249.70	23.0 	37.1 	0.000000E+0	0.000000E+0	0.000000E+0	0.000000E+0	0.000000E+0	0.000000E+0	0.000000E+0	0.000000E+0
80.0    	38      	2.461235E-2 	1.061526E-4	-9.86E-2   	80.01     	3251.62	23.0 	37.1 	0.000000E+0	0.000000E+0	0.000000E+0	0.000000E+0	0.000000E+0	0.000000E+0	0.000000E+0	0.000000E+0
80.0    	39      	2.549718E-2 	1.684766E-4	-3.91E-1   	80.01     	3253.54	23.0 	37.1 	0.000000E+0	0.000000E+0	0.000000E+0	0.000000E+0	0.000000E+0	0.000000E+0	0.000000E+0	0.000000E+0
80.0    	40      	-2.329695E-2	1.381782E-4	-5.45E-1   	80.01     	3255.46	23.0 	37.1 	0.000000E+0	0.000000E+0	0.000000E+0	0.000000E+0	0.000000E+0	0.000000E+0	0.000000E+0	0.000000E+0
80.0    	41      	2.089156E-2 	1.466496E-4	-4.81E-1   	80.01     	3257.37	23.0 	37.1 	0.000000E+0	0.000000E+0	0.000000E+0	0.000000E+0	0.000000E+0	0.000000E+0	0.000000E+0	0.000000E+0
80.0    	42      	3.131880E-2 	1.219750E-4	-6.34E-1   	80.01     	3259.28	23.0 	37.1 	0.000000E+0	0.000000E+0	0.000000E+0	0.000000E+0	0.000000E+0	0.000000E+0	0.000000E+0	0.000000E+0
80.0    	43      	2.314879E-2 	5.874865E-5	-5.60E-1   	80.00     	3261.19	23.0 	37.1 	0.000000E+0	0.000000E+0	0.000000E+0	0.000000E+0	0.000000E+0	0.000000E+0	0.000000E+0	0.000000E+0
80.0    	44      	1.018002E-2 	7.639116E-5	-5.69E-1   	80.00     	3263.10	23.0 	37.1 	0.000000E+0	0.000000E+0	0.000000E+0	0.000000E+0	0.000000E+0	0.000000E+0	0.000000E+0	0.000000E+0
80.0    	45      	-1.066481E-2	1.483691E-5	-6.40E-1   	80.00     	3265.02	23.0 	37.1 	0.000000E+0	0.000000E+0	0.000000E+0	0.000000E+0	0.000000E+0	0.000000E+0	0.000000E+0	0.000000E+0
80.0    	46      	6.362534E-2 	9.111802E-5	-7.23E-1   	80.01     	3266.93	23.0 	37.1 	0.000000E+0	0.000000E+0	0.000000E+0	0.000000E+0	0.000000E+0	0.000000E+0	0.000000E+0	0.000000E+0
80.0    	47      	4.909076E-2 	1.924547E-4	-5.27E-1   	80.00     	3268.84	23.0 	37.1 	0.000000E+0	0.000000E+0	0.000000E+0	0.000000E+0	0.000000E+0	0.000000E+0	0.000000E+0	0.000000E+0
80.0    	48      	3.481702E-2 	6.959352E-4	-7.30E-1   	80.01     	3270.75	23.0 	37.1 	0.000000E+0	0.000000E+0	0.000000E+0	0.000000E+0	0.000000E+0	0.000000E+0	0.000000E+0	0.000000E+0
80.0    	49      	2.132463E-2 	1.105755E-4	-3.18E-1   	80.00     	3272.66	23.0 	37.1 	0.000000E+0	0.000000E+0	0.000000E+0	0.000000E+0	0.000000E+0	0.000000E+0	0.000000E+0	0.000000E+0
80.0    	50      	8.862704E-2 	1.480723E-4	-3.29E-1   	80.00     	3274.59	23.0 	37.1 	0.000000E+0	0.000000E+0	0.000000E+0	0.000000E+0	0.000000E+0	0.000000E+0	0.000000E+0	0.000000E+0
80.0    	51      	1.097041E-1 	9.612185E-5	-5.03E-1   	80.00     	3276.50	23.0 	37.1 	0.000000E+0	0.000000E+0	0.000000E+0	0.000000E+0	0.000000E+0	0.000000E+0	0.000000E+0	0.000000E+0
80.0    	52      	2.416247E-2 	1.326918E-4	-6.92E-1   	80.00     	3278.41	23.0 	37.1 	0.000000E+0	0.000000E+0	0.000000E+0	0.000000E+0	0.000000E+0	0.000000E+0	0.000000E+0	0.000000E+0
80.0    	53      	2.424035E-2 	8.575497E-5	-7.10E-1   	80.01     	3280.32	23.0 	37.1 	0.000000E+0	0.000000E+0	0.000000E+0	0.000000E+0	0.000000E+0	0.000000E+0	0.000000E+0	0.000000E+0
80.0    	54      	2.419254E-2 	6.506057E-5	-5.60E-1   	80.00     	3282.23	23.0 	37.1 	0.000000E+0	0.000000E+0	0.000000E+0	0.000000E+0	0.000000E+0	0.000000E+0	0.000000E+0	0.000000E+0
80.0    	55      	2.360149E-2 	1.484379E-4	-5.37E-1   	80.00     	3284.14	23.0 	37.1 	0.000000E+0	0.000000E+0	0.000000E+0	0.000000E+0	0.000000E+0	0.000000E+0	0.000000E+0	0.000000E+0
80.0    	56      	3.537580E-2 	1.115976E-4	-4.43E-1   	80.00     	3286.05	23.0 	37.1 	0.000000E+0	0.000000E+0	0.000000E+0	0.000000E+0	0.000000E+0	0.000000E+0	0.000000E+0	0.000000E+0
80.0    	57      	4.174859E-2 	1.011119E-4	-6.80E-1   	80.00     	3287.96	23.0 	37.1 	0.000000E+0	0.000000E+0	0.000000E+0	0.000000E+0	0.000000E+0	0.000000E+0	0.000000E+0	0.000000E+0
80.0    	58      	3.872460E-2 	4.708913E-3	-4.38E-1   	80.00     	3289.89	23.0 	37.1 	0.000000E+0	0.000000E+0	0.000000E+0	0.000000E+0	0.000000E+0	0.000000E+0	0.000000E+0	0.000000E+0
80.0    	59      	2.653715E-2 	7.537423E-3	-5.65E-1   	80.01     	3291.80	23.0 	37.1 	0.000000E+0	0.000000E+0	0.000000E+0	0.000000E+0	0.000000E+0	0.000000E+0	0.000000E+0	0.000000E+0
80.0    	60      	2.526702E-2 	1.444974E-4	-5.10E-1   	80.00     	3293.72	23.0 	37.1 	0.000000E+0	0.000000E+0	0.000000E+0	0.000000E+0	0.000000E+0	0.000000E+0	0.000000E+0	0.000000E+0
80.0    	61      	2.308772E-1 	2.341500E-4	-3.21E-1   	80.00     	3295.64	23.0 	37.1 	0.000000E+0	0.000000E+0	0.000000E+0	0.000000E+0	0.000000E+0	0.000000E+0	0.000000E+0	0.000000E+0
80.0    	62      	2.636746E-2 	2.069155E-4	-5.42E-1   	80.00     	3297.56	23.0 	37.1 	0.000000E+0	0.000000E+0	0.000000E+0	0.000000E+0	0.000000E+0	0.000000E+0	0.000000E+0	0.000000E+0
80.0    	63      	1.251169E-1 	7.497975E-5	-3.78E-1   	80.01     	3299.47	23.0 	37.1 	0.000000E+0	0.000000E+0	0.000000E+0	0.000000E+0	0.000000E+0	0.000000E+0	0.000000E+0	0.000000E+0
80.0    	64      	2.690756E-2 	2.123829E-4	-3.87E-1   	80.00     	3301.40	23.0 	37.1 	0.000000E+0	0.000000E+0	0.000000E+0	0.000000E+0	0.000000E+0	0.000000E+0	0.000000E+0	0.000000E+0
80.0    	65      	2.102864E-2 	7.794950E-5	-8.27E-1   	80.00     	3303.32	23.0 	37.1 	0.000000E+0	0.000000E+0	0.000000E+0	0.000000E+0	0.000000E+0	0.000000E+0	0.000000E+0	0.000000E+0
80.0    	66      	8.968728E-2 	6.364662E-5	-5.73E-1   	80.00     	3305.23	23.0 	37.1 	0.000000E+0	0.000000E+0	0.000000E+0	0.000000E+0	0.000000E+0	0.000000E+0	0.000000E+0	0.000000E+0
80.0    	67      	1.020074E-1 	1.030170E-4	-5.73E-1   	80.00     	3307.14	23.0 	37.1 	0.000000E+0	0.000000E+0	0.000000E+0	0.000000E+0	0.000000E+0	0.000000E+0	0.000000E+0	0.000000E+0
80.0    	68      	2.322477E-2 	1.339614E-4	-4.93E-1   	80.00     	3309.06	23.0 	37.1 	0.000000E+0	0.000000E+0	0.000000E+0	0.000000E+0	0.000000E+0	0.000000E+0	0.000000E+0	0.000000E+0
80.0    	69      	2.353058E-2 	1.830411E-4	-9.51E-1   	80.00     	3310.97	23.0 	37.1 	0.000000E+0	0.000000E+0	0.000000E+0	0.000000E+0	0.000000E+0	0.000000E+0	0.000000E+0	0.000000E+0
80.0    	70      	2.182262E-2 	1.111324E-4	-7.40E-1   	80.00     	3312.88	23.0 	37.1 	0.000000E+0	0.000000E+0	0.000000E+0	0.000000E+0	0.000000E+0	0.000000E+0	0.000000E+0	0.000000E+0
80.0    	71      	2.192551E-2 	7.735617E-5	-2.89E-1   	80.00     	3314.81	23.0 	37.1 	0.000000E+0	0.000000E+0	0.000000E+0	0.000000E+0	0.000000E+0	0.000000E+0	0.000000E+0	0.000000E+0
80.0    	72      	2.926831E-2 	1.752533E-4	-4.73E-1   	80.01     	3316.72	23.0 	37.1 	0.000000E+0	0.000000E+0	0.000000E+0	0.000000E+0	0.000000E+0	0.000000E+0	0.000000E+0	0.000000E+0
80.0    	73      	2.451262E-2 	2.203207E-4	-5.61E-1   	80.01     	3318.64	23.0 	37.1 	0.000000E+0	0.000000E+0	0.000000E+0	0.000000E+0	0.000000E+0	0.000000E+0	0.000000E+0	0.000000E+0
80.0    	74      	4.793902E-2 	1.463055E-4	-6.28E-1   	80.00     	3320.56	23.0 	37.1 	0.000000E+0	0.000000E+0	0.000000E+0	0.000000E+0	0.000000E+0	0.000000E+0	0.000000E+0	0.000000E+0
80.0    	75      	2.189765E-2 	7.865404E-5	-4.11E-1   	80.00     	3322.48	23.0 	37.1 	0.000000E+0	0.000000E+0	0.000000E+0	0.000000E+0	0.000000E+0	0.000000E+0	0.000000E+0	0.000000E+0
80.0    	76      	4.872795E-2 	2.595490E-4	-6.81E-1   	80.01     	3324.41	23.0 	37.1 	0.000000E+0	0.000000E+0	0.000000E+0	0.000000E+0	0.000000E+0	0.000000E+0	0.000000E+0	0.000000E+0
80.0    	77      	1.142881E-3 	3.657425E-5	-6.31E-1   	80.01     	3326.32	23.0 	37.1 	0.000000E+0	0.000000E+0	0.000000E+0	0.000000E+0	0.000000E+0	0.000000E+0	0.000000E+0	0.000000E+0
80.0    	78      	1.175172E-3 	1.418294E-5	-6.02E-1   	80.00     	3328.24	23.0 	37.1 	0.000000E+0	0.000000E+0	0.000000E+0	0.000000E+0	0.000000E+0	0.000000E+0	0.000000E+0	0.000000E+0
80.0    	79      	7.315918E-2 	7.924678E-2	-5.11E-1   	80.00     	3330.16	23.0 	37.1 	0.000000E+0	0.000000E+0	0.000000E+0	0.000000E+0	0.000000E+0	0.000000E+0	0.000000E+0	0.000000E+0
80.0    	80      	2.643015E-2 	6.812195E-4	-6.97E-1   	80.00     	3332.07	23.0 	37.1 	0.000000E+0	0.000000E+0	0.000000E+0	0.000000E+0	0.000000E+0	0.000000E+0	0.000000E+0	0.000000E+0
80.0    	81      	2.176784E-2 	8.911114E-5	-5.04E-1   	80.01     	3334.00	23.0 	37.1 	0.000000E+0	0.000000E+0	0.000000E+0	0.000000E+0	0.000000E+0	0.000000E+0	0.000000E+0	0.000000E+0
80.0    	82      	8.829783E-2 	1.182846E-4	-7.39E-1   	80.00     	3335.91	23.0 	37.1 	0.000000E+0	0.000000E+0	0.000000E+0	0.000000E+0	0.000000E+0	0.000000E+0	0.000000E+0	0.000000E+0
80.0    	83      	1.028327E-1 	1.195692E-4	-6.35E-1   	80.01     	3337.83	23.0 	37.1 	0.000000E+0	0.000000E+0	0.000000E+0	0.000000E+0	0.000000E+0	0.000000E+0	0.000000E+0	0.000000E+0
80.0    	84      	2.536295E-2 	1.728104E-4	-5.91E-1   	80.00     	3339.74	23.0 	37.1 	0.000000E+0	0.000000E+0	0.000000E+0	0.000000E+0	0.000000E+0	0.000000E+0	0.000000E+0	0.000000E+0
80.0    	85      	2.328206E-2 	2.906421E-5	-6.90E-1   	80.01     	3341.66	23.0 	37.1 	0.000000E+0	0.000000E+0	0.000000E+0	0.000000E+0	0.000000E+0	0.000000E+0	0.000000E+0	0.000000E+0
80.0    	86      	2.165800E-2 	9.802729E-5	-6.50E-1   	80.01     	3343.57	23.0 	37.1 	0.000000E+0	0.000000E+0	0.000000E+0	0.000000E+0	0.000000E+0	0.000000E+0	0.000000E+0	0.000000E+0
80.0    	87      	2.184890E-2 	1.356652E-4	-4.09E-1   	80.01     	3345.49	23.0 	37.1 	0.000000E+0	0.000000E+0	0.000000E+0	0.000000E+0	0.000000E+0	0.000000E+0	0.000000E+0	0.000000E+0
80.0    	88      	3.799836E-2 	4.156663E-5	-2.30E-1   	80.01     	3347.40	23.0 	37.1 	0.000000E+0	0.000000E+0	0.000000E+0	0.000000E+0	0.000000E+0	0.000000E+0	0.000000E+0	0.000000E+0
80.0    	89      	2.021946E-2 	1.172557E-4	-5.12E-1   	80.01     	3349.31	23.0 	37.1 	0.000000E+0	0.000000E+0	0.000000E+0	0.000000E+0	0.000000E+0	0.000000E+0	0.000000E+0	0.000000E+0
80.0    	90      	4.416980E-2 	1.958727E-4	-7.47E-1   	80.01     	3351.22	23.0 	37.1 	0.000000E+0	0.000000E+0	0.000000E+0	0.000000E+0	0.000000E+0	0.000000E+0	0.000000E+0	0.000000E+0
80.0    	91      	2.257387E-2 	6.914717E-5	-5.64E-1   	80.01     	3353.13	23.0 	37.1 	0.000000E+0	0.000000E+0	0.000000E+0	0.000000E+0	0.000000E+0	0.000000E+0	0.000000E+0	0.000000E+0
80.0    	92      	2.874658E-2 	4.957929E-5	-3.95E-1   	80.01     	3355.04	23.0 	37.1 	0.000000E+0	0.000000E+0	0.000000E+0	0.000000E+0	0.000000E+0	0.000000E+0	0.000000E+0	0.000000E+0
80.0    	93      	2.691896E-2 	1.653827E-4	-7.54E-1   	80.00     	3356.95	23.0 	37.1 	0.000000E+0	0.000000E+0	0.000000E+0	0.000000E+0	0.000000E+0	0.000000E+0	0.000000E+0	0.000000E+0
80.0    	94      	5.012026E-2 	9.165622E-6	-8.21E-1   	80.00     	3358.86	23.0 	37.1 	0.000000E+0	0.000000E+0	0.000000E+0	0.000000E+0	0.000000E+0	0.000000E+0	0.000000E+0	0.000000E+0
80.0    	95      	2.986476E-2 	1.018108E-4	-5.70E-1   	80.00     	3360.78	23.0 	37.1 	0.000000E+0	0.000000E+0	0.000000E+0	0.000000E+0	0.000000E+0	0.000000E+0	0.000000E+0	0.000000E+0
80.0    	96      	2.551903E-2 	1.297650E-4	-4.76E-1   	80.01     	3362.69	23.0 	37.1 	0.000000E+0	0.000000E+0	0.000000E+0	0.000000E+0	0.000000E+0	0.000000E+0	0.000000E+0	0.000000E+0
80.0    	97      	2.311998E-2 	6.642432E-5	-4.77E-1   	80.01     	3364.60	23.0 	37.1 	0.000000E+0	0.000000E+0	0.000000E+0	0.000000E+0	0.000000E+0	0.000000E+0	0.000000E+0	0.000000E+0
80.0    	98      	9.098842E-2 	8.280783E-5	-4.02E-1   	80.01     	3366.53	23.0 	37.1 	0.000000E+0	0.000000E+0	0.000000E+0	0.000000E+0	0.000000E+0	0.000000E+0	0.000000E+0	0.000000E+0
80.0    	99      	8.879072E-2 	1.084431E-4	-5.48E-1   	80.01     	3368.44	23.0 	37.1 	0.000000E+0	0.000000E+0	0.000000E+0	0.000000E+0	0.000000E+0	0.000000E+0	0.000000E+0	0.000000E+0
80.0    	100     	2.370756E-2 	2.136113E-5	-6.56E-1   	80.01     	3370.36	23.0 	37.1 	0.000000E+0	0.000000E+0	0.000000E+0	0.000000E+0	0.000000E+0	0.000000E+0	0.000000E+0	0.000000E+0
80.0    	101     	2.987805E-2 	4.235286E-5	-1.80E-1   	80.01     	3372.28	23.0 	37.1 	0.000000E+0	0.000000E+0	0.000000E+0	0.000000E+0	0.000000E+0	0.000000E+0	0.000000E+0	0.000000E+0
80.0    	102     	2.145001E-2 	2.120183E-4	-7.22E-1   	80.01     	3374.20	23.0 	37.1 	0.000000E+0	0.000000E+0	0.000000E+0	0.000000E+0	0.000000E+0	0.000000E+0	0.000000E+0	0.000000E+0
80.0    	103     	8.510951E-2 	2.198798E-4	-5.97E-1   	80.01     	3376.11	23.0 	37.1 	0.000000E+0	0.000000E+0	0.000000E+0	0.000000E+0	0.000000E+0	0.000000E+0	0.000000E+0	0.000000E+0
80.0    	104     	-4.054835E-2	9.181207E-5	-5.25E-1   	80.01     	3378.03	23.0 	37.1 	0.000000E+0	0.000000E+0	0.000000E+0	0.000000E+0	0.000000E+0	0.000000E+0	0.000000E+0	0.000000E+0
80.0    	105     	4.022838E-2 	2.966460E-5	-5.62E-1   	80.00     	3379.95	23.0 	37.1 	0.000000E+0	0.000000E+0	0.000000E+0	0.000000E+0	0.000000E+0	0.000000E+0	0.000000E+0	0.000000E+0
80.0    	106     	4.665021E-2 	3.831592E-6	-5.57E-1   	80.01     	3381.87	23.0 	37.1 	0.000000E+0	0.000000E+0	0.000000E+0	0.000000E+0	0.000000E+0	0.000000E+0	0.000000E+0	0.000000E+0
80.0    	107     	2.242191E-2 	9.212500E-5	-5.73E-1   	80.00     	3383.78	23.0 	37.1 	0.000000E+0	0.000000E+0	0.000000E+0	0.000000E+0	0.000000E+0	0.000000E+0	0.000000E+0	0.000000E+0
80.0    	108     	2.722003E-2 	1.285283E-4	-6.20E-1   	80.00     	3385.69	23.0 	37.1 	0.000000E+0	0.000000E+0	0.000000E+0	0.000000E+0	0.000000E+0	0.000000E+0	0.000000E+0	0.000000E+0
80.0    	109     	2.636209E-2 	1.430957E-4	-8.45E-1   	80.00     	3387.60	23.0 	37.1 	0.000000E+0	0.000000E+0	0.000000E+0	0.000000E+0	0.000000E+0	0.000000E+0	0.000000E+0	0.000000E+0
80.0    	110     	2.694776E-2 	1.806339E-4	-5.29E-1   	80.00     	3389.51	23.0 	37.1 	0.000000E+0	0.000000E+0	0.000000E+0	0.000000E+0	0.000000E+0	0.000000E+0	0.000000E+0	0.000000E+0
80.0    	111     	2.458986E-2 	1.304237E-4	-4.59E-1   	80.00     	3391.44	23.0 	37.1 	0.000000E+0	0.000000E+0	0.000000E+0	0.000000E+0	0.000000E+0	0.000000E+0	0.000000E+0	0.000000E+0
80.0    	112     	2.390066E-2 	1.432039E-4	-2.82E-1   	80.00     	3393.35	23.0 	37.1 	0.000000E+0	0.000000E+0	0.000000E+0	0.000000E+0	0.000000E+0	0.000000E+0	0.000000E+0	0.000000E+0
80.0    	113     	2.309118E-2 	1.042679E-5	-6.34E-1   	80.00     	3395.27	23.0 	37.1 	0.000000E+0	0.000000E+0	0.000000E+0	0.000000E+0	0.000000E+0	0.000000E+0	0.000000E+0	0.000000E+0
80.0    	114     	9.037301E-2 	1.108037E-4	-6.86E-1   	80.00     	3397.18	23.0 	37.1 	0.000000E+0	0.000000E+0	0.000000E+0	0.000000E+0	0.000000E+0	0.000000E+0	0.000000E+0	0.000000E+0
80.0    	115     	9.580809E-2 	6.241379E-5	-3.63E-1   	80.00     	3399.08	23.0 	37.1 	0.000000E+0	0.000000E+0	0.000000E+0	0.000000E+0	0.000000E+0	0.000000E+0	0.000000E+0	0.000000E+0
80.0    	116     	2.419667E-2 	1.313960E-4	-6.82E-1   	80.01     	3401.00	23.0 	37.1 	0.000000E+0	0.000000E+0	0.000000E+0	0.000000E+0	0.000000E+0	0.000000E+0	0.000000E+0	0.000000E+0
80.0    	117     	2.327637E-2 	4.191140E-5	-2.05E-1   	80.01     	3402.91	23.0 	37.1 	0.000000E+0	0.000000E+0	0.000000E+0	0.000000E+0	0.000000E+0	0.000000E+0	0.000000E+0	0.000000E+0
80.0    	118     	2.172987E-2 	1.774478E-4	-6.11E-1   	80.01     	3404.84	23.0 	37.1 	0.000000E+0	0.000000E+0	0.000000E+0	0.000000E+0	0.000000E+0	0.000000E+0	0.000000E+0	0.000000E+0
80.0    	119     	2.223039E-2 	8.685081E-5	-8.04E-1   	80.01     	3406.75	23.0 	37.1 	0.000000E+0	0.000000E+0	0.000000E+0	0.000000E+0	0.000000E+0	0.000000E+0	0.000000E+0	0.000000E+0
80.0    	120     	4.051424E-2 	7.527647E-5	-4.81E-1   	80.01     	3408.66	23.0 	37.1 	0.000000E+0	0.000000E+0	0.000000E+0	0.000000E+0	0.000000E+0	0.000000E+0	0.000000E+0	0.000000E+0
80.0    	121     	2.234340E-2 	1.277644E-4	-7.09E-1   	80.00     	3410.57	23.0 	37.1 	0.000000E+0	0.000000E+0	0.000000E+0	0.000000E+0	0.000000E+0	0.000000E+0	0.000000E+0	0.000000E+0
80.0    	122     	4.023438E-2 	8.492474E-5	-6.27E-1   	80.00     	3412.48	23.0 	37.1 	0.000000E+0	0.000000E+0	0.000000E+0	0.000000E+0	0.000000E+0	0.000000E+0	0.000000E+0	0.000000E+0
80.0    	123     	9.697690E-2 	1.748427E-4	-6.45E-1   	80.01     	3414.40	23.0 	37.1 	0.000000E+0	0.000000E+0	0.000000E+0	0.000000E+0	0.000000E+0	0.000000E+0	0.000000E+0	0.000000E+0
80.0    	124     	2.428438E-2 	4.381105E-5	-3.53E-1   	80.00     	3416.32	23.0 	37.1 	0.000000E+0	0.000000E+0	0.000000E+0	0.000000E+0	0.000000E+0	0.000000E+0	0.000000E+0	0.000000E+0
80.0    	125     	2.310826E-2 	9.369516E-5	-7.35E-1   	80.01     	3418.22	23.0 	37.1 	0.000000E+0	0.000000E+0	0.000000E+0	0.000000E+0	0.000000E+0	0.000000E+0	0.000000E+0	0.000000E+0
80.0    	126     	2.584543E-2 	9.981885E-5	-7.80E-1   	80.01     	3420.14	23.0 	37.1 	0.000000E+0	0.000000E+0	0.000000E+0	0.000000E+0	0.000000E+0	0.000000E+0	0.000000E+0	0.000000E+0
80.0    	127     	2.605026E-2 	1.459248E-4	-8.96E-1   	80.01     	3422.05	23.0 	37.1 	0.000000E+0	0.000000E+0	0.000000E+0	0.000000E+0	0.000000E+0	0.000000E+0	0.000000E+0	0.000000E+0
80.0    	128     	2.574190E-2 	1.800566E-4	-5.44E-1   	80.01     	3423.97	23.0 	37.1 	0.000000E+0	0.000000E+0	0.000000E+0	0.000000E+0	0.000000E+0	0.000000E+0	0.000000E+0	0.000000E+0
80.0    	129     	2.193248E-2 	4.421354E-5	-6.36E-1   	80.01     	3425.88	23.0 	37.1 	0.000000E+0	0.000000E+0	0.000000E+0	0.000000E+0	0.000000E+0	0.000000E+0	0.000000E+0	0.000000E+0
80.0    	130     	9.187965E-2 	9.813769E-5	-7.19E-1   	80.01     	3427.80	23.0 	37.1 	0.000000E+0	0.000000E+0	0.000000E+0	0.000000E+0	0.000000E+0	0.000000E+0	0.000000E+0	0.000000E+0
80.0    	131     	1.123609E-1 	5.931433E-5	-6.38E-1   	80.01     	3429.72	23.0 	37.1 	0.000000E+0	0.000000E+0	0.000000E+0	0.000000E+0	0.000000E+0	0.000000E+0	0.000000E+0	0.000000E+0
80.0    	132     	1.310756E-1 	1.193851E-4	-8.85E-1   	80.01     	3431.64	23.0 	37.1 	0.000000E+0	0.000000E+0	0.000000E+0	0.000000E+0	0.000000E+0	0.000000E+0	0.000000E+0	0.000000E+0
80.0    	133     	2.319438E-2 	1.757422E-4	-8.43E-1   	80.00     	3433.55	23.0 	37.1 	0.000000E+0	0.000000E+0	0.000000E+0	0.000000E+0	0.000000E+0	0.000000E+0	0.000000E+0	0.000000E+0
80.0    	134     	2.213762E-2 	6.999920E-5	-7.52E-1   	80.00     	3435.46	23.0 	37.1 	0.000000E+0	0.000000E+0	0.000000E+0	0.000000E+0	0.000000E+0	0.000000E+0	0.000000E+0	0.000000E+0
80.0    	135     	2.261661E-2 	1.898561E-4	-3.15E-1   	80.01     	3437.38	23.0 	37.1 	0.000000E+0	0.000000E+0	0.000000E+0	0.000000E+0	0.000000E+0	0.000000E+0	0.000000E+0	0.000000E+0
80.0    	136     	-5.474520E-3	4.166989E-5	-6.83E-1   	80.00     	3439.28	23.0 	37.1 	0.000000E+0	0.000000E+0	0.000000E+0	0.000000E+0	0.000000E+0	0.000000E+0	0.000000E+0	0.000000E+0
80.0    	137     	7.360542E-3 	5.598250E-5	-3.04E-1   	80.01     	3441.19	23.0 	37.1 	0.000000E+0	0.000000E+0	0.000000E+0	0.000000E+0	0.000000E+0	0.000000E+0	0.000000E+0	0.000000E+0
80.0    	138     	3.386128E-2 	1.130264E-4	-5.02E-1   	80.01     	3443.11	23.0 	37.1 	0.000000E+0	0.000000E+0	0.000000E+0	0.000000E+0	0.000000E+0	0.000000E+0	0.000000E+0	0.000000E+0
80.0    	139     	2.210471E-2 	3.047101E-5	-5.93E-1   	80.01     	3445.02	23.0 	37.1 	0.000000E+0	0.000000E+0	0.000000E+0	0.000000E+0	0.000000E+0	0.000000E+0	0.000000E+0	0.000000E+0
80.0    	140     	-6.847037E-3	2.868174E-4	-6.98E-1   	80.01     	3446.95	23.0 	37.1 	0.000000E+0	0.000000E+0	0.000000E+0	0.000000E+0	0.000000E+0	0.000000E+0	0.000000E+0	0.000000E+0
80.0    	141     	4.410954E-3 	8.405801E-5	-3.79E-1   	80.00     	3448.86	23.0 	37.1 	0.000000E+0	0.000000E+0	0.000000E+0	0.000000E+0	0.000000E+0	0.000000E+0	0.000000E+0	0.000000E+0
80.0    	142     	2.635798E-2 	1.410433E-4	-4.82E-1   	80.00     	3450.78	23.0 	37.1 	0.000000E+0	0.000000E+0	0.000000E+0	0.000000E+0	0.000000E+0	0.000000E+0	0.000000E+0	0.000000E+0
80.0    	143     	5.551421E-2 	2.179384E-4	-6.08E-1   	80.01     	3452.69	23.0 	37.1 	0.000000E+0	0.000000E+0	0.000000E+0	0.000000E+0	0.000000E+0	0.000000E+0	0.000000E+0	0.000000E+0
80.0    	144     	2.167605E-2 	4.441912E-5	-3.28E-1   	80.01     	3454.61	23.0 	37.1 	0.000000E+0	0.000000E+0	0.000000E+0	0.000000E+0	0.000000E+0	0.000000E+0	0.000000E+0	0.000000E+0
80.0    	145     	2.332956E-2 	1.288890E-4	-7.38E-1   	80.00     	3456.53	23.0 	37.1 	0.000000E+0	0.000000E+0	0.000000E+0	0.000000E+0	0.000000E+0	0.000000E+0	0.000000E+0	0.000000E+0
80.0    	146     	8.929791E-2 	1.189485E-4	-6.31E-1   	80.01     	3458.45	23.0 	37.1 	0.000000E+0	0.000000E+0	0.000000E+0	0.000000E+0	0.000000E+0	0.000000E+0	0.000000E+0	0.000000E+0
80.0    	147     	1.110714E-1 	2.922008E-5	-4.95E-1   	80.00     	3460.37	23.0 	37.1 	0.000000E+0	0.000000E+0	0.000000E+0	0.000000E+0	0.000000E+0	0.000000E+0	0.000000E+0	0.000000E+0
80.0    	148     	2.889950E-2 	1.121108E-4	-6.93E-1   	80.00     	3462.30	23.0 	37.1 	0.000000E+0	0.000000E+0	0.000000E+0	0.000000E+0	0.000000E+0	0.000000E+0	0.000000E+0	0.000000E+0
80.0    	149     	2.224495E-2 	7.329979E-5	-7.67E-1   	80.00     	3464.21	23.0 	37.1 	0.000000E+0	0.000000E+0	0.000000E+0	0.000000E+0	0.000000E+0	0.000000E+0	0.000000E+0	0.000000E+0
80.0    	150     	2.219462E-2 	1.432886E-4	-6.77E-1   	80.00     	3466.14	23.0 	37.1 	0.000000E+0	0.000000E+0	0.000000E+0	0.000000E+0	0.000000E+0	0.000000E+0	0.000000E+0	0.000000E+0
80.0    	151     	2.812293E-1 	1.265863E-4	-7.84E-1   	80.01     	3468.05	23.0 	37.1 	0.000000E+0	0.000000E+0	0.000000E+0	0.000000E+0	0.000000E+0	0.000000E+0	0.000000E+0	0.000000E+0
80.0    	152     	3.136472E-2 	2.950044E-5	-5.85E-1   	80.00     	3469.97	23.0 	37.1 	0.000000E+0	0.000000E+0	0.000000E+0	0.000000E+0	0.000000E+0	0.000000E+0	0.000000E+0	0.000000E+0
80.0    	153     	2.182231E-2 	8.448171E-5	-3.80E-1   	80.00     	3471.88	23.0 	37.1 	0.000000E+0	0.000000E+0	0.000000E+0	0.000000E+0	0.000000E+0	0.000000E+0	0.000000E+0	0.000000E+0
80.0    	154     	4.126707E-2 	1.864115E-4	-6.45E-1   	80.00     	3473.79	23.0 	37.1 	0.000000E+0	0.000000E+0	0.000000E+0	0.000000E+0	0.000000E+0	0.000000E+0	0.000000E+0	0.000000E+0
80.0    	155     	2.183308E-2 	1.033059E-4	-3.80E-1   	80.00     	3475.70	23.0 	37.1 	0.000000E+0	0.000000E+0	0.000000E+0	0.000000E+0	0.000000E+0	0.000000E+0	0.000000E+0	0.000000E+0
80.0    	156     	2.072061E-2 	7.481121E-5	-7.56E-1   	80.00     	3477.61	23.0 	37.1 	0.000000E+0	0.000000E+0	0.000000E+0	0.000000E+0	0.000000E+0	0.000000E+0	0.000000E+0	0.000000E+0
80.0    	157     	2.719629E-2 	2.123998E-4	-7.08E-1   	80.00     	3479.53	23.0 	37.1 	0.000000E+0	0.000000E+0	0.000000E+0	0.000000E+0	0.000000E+0	0.000000E+0	0.000000E+0	0.000000E+0
80.0    	158     	2.670051E-2 	2.117810E-4	-4.75E-1   	80.00     	3481.44	23.0 	37.1 	0.000000E+0	0.000000E+0	0.000000E+0	0.000000E+0	0.000000E+0	0.000000E+0	0.000000E+0	0.000000E+0
80.0    	159     	2.181946E-2 	1.300729E-4	-2.88E-1   	80.00     	3483.36	23.0 	37.1 	0.000000E+0	0.000000E+0	0.000000E+0	0.000000E+0	0.000000E+0	0.000000E+0	0.000000E+0	0.000000E+0
80.0    	160     	2.358884E-2 	1.037525E-4	-6.07E-1   	80.00     	3485.27	23.0 	37.1 	0.000000E+0	0.000000E+0	0.000000E+0	0.000000E+0	0.000000E+0	0.000000E+0	0.000000E+0	0.000000E+0
80.0    	161     	2.340997E-2 	1.924542E-5	-7.63E-1   	80.00     	3487.18	23.0 	37.1 	0.000000E+0	0.000000E+0	0.000000E+0	0.000000E+0	0.000000E+0	0.000000E+0	0.000000E+0	0.000000E+0
80.0    	162     	9.017133E-2 	6.643610E-5	-6.44E-1   	80.00     	3489.09	23.0 	37.1 	0.000000E+0	0.000000E+0	0.000000E+0	0.000000E+0	0.000000E+0	0.000000E+0	0.000000E+0	0.000000E+0
80.0    	163     	9.743118E-2 	2.397846E-4	-8.87E-1   	80.00     	3491.01	23.0 	37.1 	0.000000E+0	0.000000E+0	0.000000E+0	0.000000E+0	0.000000E+0	0.000000E+0	0.000000E+0	0.000000E+0
80.0    	164     	1.433503E-3 	7.827751E-5	-2.90E-1   	80.01     	3492.92	23.0 	37.1 	0.000000E+0	0.000000E+0	0.000000E+0	0.000000E+0	0.000000E+0	0.000000E+0	0.000000E+0	0.000000E+0
80.0    	165     	2.556399E-2 	1.282047E-4	-5.32E-1   	80.00     	3494.83	23.0 	37.1 	0.000000E+0	0.000000E+0	0.000000E+0	0.000000E+0	0.000000E+0	0.000000E+0	0.000000E+0	0.000000E+0
80.0    	166     	2.256691E-2 	7.974820E-5	-7.06E-1   	80.01     	3496.74	23.0 	37.1 	0.000000E+0	0.000000E+0	0.000000E+0	0.000000E+0	0.000000E+0	0.000000E+0	0.000000E+0	0.000000E+0
80.0    	167     	1.125464E-1 	1.500794E-4	-5.02E-1   	80.00     	3498.66	23.0 	37.1 	0.000000E+0	0.000000E+0	0.000000E+0	0.000000E+0	0.000000E+0	0.000000E+0	0.000000E+0	0.000000E+0
80.0    	168     	3.956418E-2 	1.182226E-4	-4.08E-1   	80.00     	3500.57	23.0 	37.1 	0.000000E+0	0.000000E+0	0.000000E+0	0.000000E+0	0.000000E+0	0.000000E+0	0.000000E+0	0.000000E+0
80.0    	169     	2.399660E-2 	6.662367E-5	-4.34E-1   	80.01     	3502.47	23.0 	37.1 	0.000000E+0	0.000000E+0	0.000000E+0	0.000000E+0	0.000000E+0	0.000000E+0	0.000000E+0	0.000000E+0
80.0    	170     	6.804865E-2 	6.873854E-5	-7.66E-1   	80.00     	3504.40	23.0 	37.1 	0.000000E+0	0.000000E+0	0.000000E+0	0.000000E+0	0.000000E+0	0.000000E+0	0.000000E+0	0.000000E+0
80.0    	171     	3.516086E-2 	7.378117E-5	-4.20E-1   	80.00     	3506.31	23.0 	37.1 	0.000000E+0	0.000000E+0	0.000000E+0	0.000000E+0	0.000000E+0	0.000000E+0	0.000000E+0	0.000000E+0
80.0    	172     	2.238899E-2 	9.993988E-5	-8.00E-1   	80.01     	3508.23	23.0 	37.1 	0.000000E+0	0.000000E+0	0.000000E+0	0.000000E+0	0.000000E+0	0.000000E+0	0.000000E+0	0.000000E+0
80.0    	173     	3.395974E-2 	2.240351E-4	-6.12E-1   	80.00     	3510.15	23.0 	37.1 	0.000000E+0	0.000000E+0	0.000000E+0	0.000000E+0	0.000000E+0	0.000000E+0	0.000000E+0	0.000000E+0
80.0    	174     	2.585240E-2 	2.252286E-4	-6.53E-1   	80.00     	3512.07	23.0 	37.1 	0.000000E+0	0.000000E+0	0.000000E+0	0.000000E+0	0.000000E+0	0.000000E+0	0.000000E+0	0.000000E+0
80.0    	175     	2.568367E-2 	1.367693E-4	-5.43E-1   	80.00     	3513.99	23.0 	37.1 	0.000000E+0	0.000000E+0	0.000000E+0	0.000000E+0	0.000000E+0	0.000000E+0	0.000000E+0	0.000000E+0
80.0    	176     	2.248713E-2 	7.292010E-5	-4.77E-1   	80.00     	3515.91	23.0 	37.0 	0.000000E+0	0.000000E+0	0.000000E+0	0.000000E+0	0.000000E+0	0.000000E+0	0.000000E+0	0.000000E+0
80.0    	177     	2.796021E-2 	1.143182E-4	-6.55E-1   	80.01     	3517.82	23.0 	37.0 	0.000000E+0	0.000000E+0	0.000000E+0	0.000000E+0	0.000000E+0	0.000000E+0	0.000000E+0	0.000000E+0
80.0    	178     	9.163616E-2 	1.265535E-4	-6.53E-1   	80.01     	3519.73	23.0 	37.1 	0.000000E+0	0.000000E+0	0.000000E+0	0.000000E+0	0.000000E+0	0.000000E+0	0.000000E+0	0.000000E+0
80.0    	179     	1.100745E-1 	5.898212E-5	-5.24E-1   	80.01     	3521.64	23.0 	37.1 	0.000000E+0	0.000000E+0	0.000000E+0	0.000000E+0	0.000000E+0	0.000000E+0	0.000000E+0	0.000000E+0
80.0    	180     	2.854967E-2 	9.478376E-5	-3.79E-1   	80.01     	3523.55	23.0 	37.1 	0.000000E+0	0.000000E+0	0.000000E+0	0.000000E+0	0.000000E+0	0.000000E+0	0.000000E+0	0.000000E+0
80.0    	181     	5.848689E-2 	5.871870E-5	-6.81E-1   	80.01     	3525.48	23.0 	37.1 	0.000000E+0	0.000000E+0	0.000000E+0	0.000000E+0	0.000000E+0	0.000000E+0	0.000000E+0	0.000000E+0
80.0    	182     	2.214934E-2 	2.791054E-4	-4.79E-1   	80.00     	3527.39	23.0 	37.0 	0.000000E+0	0.000000E+0	0.000000E+0	0.000000E+0	0.000000E+0	0.000000E+0	0.000000E+0	0.000000E+0
80.0    	183     	2.206609E-2 	1.224287E-4	-3.63E-1   	80.00     	3529.29	23.0 	37.0 	0.000000E+0	0.000000E+0	0.000000E+0	0.000000E+0	0.000000E+0	0.000000E+0	0.000000E+0	0.000000E+0
80.0    	184     	4.144277E-2 	1.561019E-4	-4.51E-1   	80.01     	3531.21	23.0 	37.0 	0.000000E+0	0.000000E+0	0.000000E+0	0.000000E+0	0.000000E+0	0.000000E+0	0.000000E+0	0.000000E+0
80.0    	185     	2.305476E-2 	1.165701E-4	-6.99E-1   	80.00     	3533.12	23.0 	37.0 	0.000000E+0	0.000000E+0	0.000000E+0	0.000000E+0	0.000000E+0	0.000000E+0	0.000000E+0	0.000000E+0
80.0    	186     	1.039236E-1 	1.263124E-4	-4.47E-1   	80.01     	3535.05	23.0 	37.0 	0.000000E+0	0.000000E+0	0.000000E+0	0.000000E+0	0.000000E+0	0.000000E+0	0.000000E+0	0.000000E+0
80.0    	187     	3.166547E-2 	1.499071E-4	-9.30E-1   	80.00     	3536.96	23.0 	37.0 	0.000000E+0	0.000000E+0	0.000000E+0	0.000000E+0	0.000000E+0	0.000000E+0	0.000000E+0	0.000000E+0
80.0    	188     	2.118092E-2 	1.127439E-4	-5.58E-1   	80.01     	3538.89	23.0 	37.0 	0.000000E+0	0.000000E+0	0.000000E+0	0.000000E+0	0.000000E+0	0.000000E+0	0.000000E+0	0.000000E+0
80.0    	189     	2.740175E-2 	1.663680E-4	-3.30E-1   	80.00     	3540.80	23.0 	37.0 	0.000000E+0	0.000000E+0	0.000000E+0	0.000000E+0	0.000000E+0	0.000000E+0	0.000000E+0	0.000000E+0
80.0    	190     	3.745954E-2 	1.557553E-4	-5.72E-1   	80.00     	3542.72	23.0 	37.0 	0.000000E+0	0.000000E+0	0.000000E+0	0.000000E+0	0.000000E+0	0.000000E+0	0.000000E+0	0.000000E+0
80.0    	191     	2.484312E-2 	9.297504E-5	-8.86E-1   	80.01     	3544.64	23.0 	37.0 	0.000000E+0	0.000000E+0	0.000000E+0	0.000000E+0	0.000000E+0	0.000000E+0	0.000000E+0	0.000000E+0
80.0    	192     	2.233581E-2 	4.145544E-5	-3.73E-1   	80.00     	3546.56	23.0 	37.0 	0.000000E+0	0.000000E+0	0.000000E+0	0.000000E+0	0.000000E+0	0.000000E+0	0.000000E+0	0.000000E+0
80.0    	193     	2.769206E-2 	1.097441E-4	-9.28E-1   	80.00     	3548.47	23.0 	37.0 	0.000000E+0	0.000000E+0	0.000000E+0	0.000000E+0	0.000000E+0	0.000000E+0	0.000000E+0	0.000000E+0
80.0    	194     	9.610155E-2 	2.140356E-4	-3.14E-1   	80.00     	3550.39	23.0 	37.0 	0.000000E+0	0.000000E+0	0.000000E+0	0.000000E+0	0.000000E+0	0.000000E+0	0.000000E+0	0.000000E+0
80.0    	195     	9.746983E-2 	2.801687E-4	-6.91E-1   	80.00     	3552.30	23.0 	37.0 	0.000000E+0	0.000000E+0	0.000000E+0	0.000000E+0	0.000000E+0	0.000000E+0	0.000000E+0	0.000000E+0
80.0    	196     	2.466079E-2 	1.921274E-4	-9.24E-1   	80.01     	3554.23	23.0 	37.0 	0.000000E+0	0.000000E+0	0.000000E+0	0.000000E+0	0.000000E+0	0.000000E+0	0.000000E+0	0.000000E+0
80.0    	197     	2.232157E-2 	1.889112E-4	-5.32E-1   	80.00     	3556.14	23.0 	37.0 	0.000000E+0	0.000000E+0	0.000000E+0	0.000000E+0	0.000000E+0	0.000000E+0	0.000000E+0	0.000000E+0
80.0    	198     	2.426094E-2 	1.757255E-4	-2.51E-1   	80.00     	3558.07	23.0 	37.0 	0.000000E+0	0.000000E+0	0.000000E+0	0.000000E+0	0.000000E+0	0.000000E+0	0.000000E+0	0.000000E+0
80.0    	199     	3.672033E-2 	2.993171E-5	-5.08E-1   	80.00     	3559.98	23.0 	37.0 	0.000000E+0	0.000000E+0	0.000000E+0	0.000000E+0	0.000000E+0	0.000000E+0	0.000000E+0	0.000000E+0
80.0    	200     	-2.629174E-2	6.612861E-5	-7.31E-1   	80.00     	3561.90	23.0 	37.0 	0.000000E+0	0.000000E+0	0.000000E+0	0.000000E+0	0.000000E+0	0.000000E+0	0.000000E+0	0.000000E+0
80.0    	201     	2.087796E-2 	1.352836E-4	-4.65E-1   	80.01     	3563.81	23.0 	37.0 	0.000000E+0	0.000000E+0	0.000000E+0	0.000000E+0	0.000000E+0	0.000000E+0	0.000000E+0	0.000000E+0
80.0    	202     	3.254272E-2 	8.507333E-5	-3.42E-1   	80.00     	3565.72	23.0 	37.0 	0.000000E+0	0.000000E+0	0.000000E+0	0.000000E+0	0.000000E+0	0.000000E+0	0.000000E+0	0.000000E+0
80.0    	203     	2.459684E-2 	1.315264E-4	-7.30E-1   	80.00     	3567.64	23.0 	37.0 	0.000000E+0	0.000000E+0	0.000000E+0	0.000000E+0	0.000000E+0	0.000000E+0	0.000000E+0	0.000000E+0
80.0    	204     	2.523494E-3 	4.346390E-5	-2.86E-1   	80.00     	3569.55	23.0 	37.0 	0.000000E+0	0.000000E+0	0.000000E+0	0.000000E+0	0.000000E+0	0.000000E+0	0.000000E+0	0.000000E+0
80.0    	205     	8.957080E-2 	2.491896E-4	-8.04E-1   	80.00     	3571.47	23.0 	37.0 	0.000000E+0	0.000000E+0	0.000000E+0	0.000000E+0	0.000000E+0	0.000000E+0	0.000000E+0	0.000000E+0
80.0    	206     	3.646262E-2 	1.473027E-4	-6.14E-1   	80.00     	3573.39	23.0 	37.0 	0.000000E+0	0.000000E+0	0.000000E+0	0.000000E+0	0.000000E+0	0.000000E+0	0.000000E+0	0.000000E+0
80.0    	207     	2.574634E-2 	3.332540E-5	-8.55E-1   	80.00     	3575.30	23.0 	37.0 	0.000000E+0	0.000000E+0	0.000000E+0	0.000000E+0	0.000000E+0	0.000000E+0	0.000000E+0	0.000000E+0
80.0    	208     	2.344733E-2 	5.809550E-5	-3.26E-1   	80.00     	3577.21	23.0 	37.0 	0.000000E+0	0.000000E+0	0.000000E+0	0.000000E+0	0.000000E+0	0.000000E+0	0.000000E+0	0.000000E+0
80.0    	209     	5.468413E-2 	1.322591E-4	-5.67E-1   	80.00     	3579.12	23.0 	37.0 	0.000000E+0	0.000000E+0	0.000000E+0	0.000000E+0	0.000000E+0	0.000000E+0	0.000000E+0	0.000000E+0
80.0    	210     	1.032414E-1 	3.838806E-5	-5.30E-1   	80.00     	3581.03	23.0 	37.0 	0.000000E+0	0.000000E+0	0.000000E+0	0.000000E+0	0.000000E+0	0.000000E+0	0.000000E+0	0.000000E+0
80.0    	211     	1.075985E-1 	2.474965E-4	-3.46E-1   	80.01     	3582.94	23.0 	37.0 	0.000000E+0	0.000000E+0	0.000000E+0	0.000000E+0	0.000000E+0	0.000000E+0	0.000000E+0	0.000000E+0
80.0    	212     	2.493019E-2 	2.082943E-4	-4.53E-1   	80.00     	3584.86	23.0 	37.0 	0.000000E+0	0.000000E+0	0.000000E+0	0.000000E+0	0.000000E+0	0.000000E+0	0.000000E+0	0.000000E+0
80.0    	213     	2.419256E-2 	6.052880E-5	-7.34E-1   	80.00     	3586.78	23.0 	37.0 	0.000000E+0	0.000000E+0	0.000000E+0	0.000000E+0	0.000000E+0	0.000000E+0	0.000000E+0	0.000000E+0
80.0    	214     	1.591932E-1 	2.448569E-4	-6.26E-1   	80.00     	3588.69	23.0 	37.0 	0.000000E+0	0.000000E+0	0.000000E+0	0.000000E+0	0.000000E+0	0.000000E+0	0.000000E+0	0.000000E+0
80.0    	215     	1.079041E-1 	1.619421E-4	-6.66E-1   	80.00     	3590.60	23.0 	37.0 	0.000000E+0	0.000000E+0	0.000000E+0	0.000000E+0	0.000000E+0	0.000000E+0	0.000000E+0	0.000000E+0
80.0    	216     	5.767770E-2 	1.194447E-4	-7.98E-1   	80.00     	3592.51	23.0 	37.0 	0.000000E+0	0.000000E+0	0.000000E+0	0.000000E+0	0.000000E+0	0.000000E+0	0.000000E+0	0.000000E+0
80.0    	217     	9.451393E-2 	2.252736E-4	-2.52E-1   	80.00     	3594.43	23.0 	37.0 	0.000000E+0	0.000000E+0	0.000000E+0	0.000000E+0	0.000000E+0	0.000000E+0	0.000000E+0	0.000000E+0
80.0    	218     	2.731468E-2 	1.723302E-4	-3.93E-1   	80.00     	3596.35	23.0 	37.0 	0.000000E+0	0.000000E+0	0.000000E+0	0.000000E+0	0.000000E+0	0.000000E+0	0.000000E+0	0.000000E+0
80.0    	219     	2.143545E-2 	1.713974E-4	-4.78E-1   	80.00     	3598.27	23.0 	37.0 	0.000000E+0	0.000000E+0	0.000000E+0	0.000000E+0	0.000000E+0	0.000000E+0	0.000000E+0	0.000000E+0
80.0    	220     	4.690224E-2 	1.393417E-4	-7.50E-1   	80.01     	3600.18	23.0 	37.0 	0.000000E+0	0.000000E+0	0.000000E+0	0.000000E+0	0.000000E+0	0.000000E+0	0.000000E+0	0.000000E+0
80.0    	221     	2.242540E-2 	1.804474E-4	-4.04E-1   	80.01     	3602.09	23.0 	37.0 	0.000000E+0	0.000000E+0	0.000000E+0	0.000000E+0	0.000000E+0	0.000000E+0	0.000000E+0	0.000000E+0
80.0    	222     	3.080405E-2 	2.280338E-4	-6.97E-1   	80.00     	3604.00	23.0 	37.0 	0.000000E+0	0.000000E+0	0.000000E+0	0.000000E+0	0.000000E+0	0.000000E+0	0.000000E+0	0.000000E+0
80.0    	223     	8.643726E-2 	4.866197E-5	-6.40E-1   	80.01     	3605.92	23.0 	37.0 	0.000000E+0	0.000000E+0	0.000000E+0	0.000000E+0	0.000000E+0	0.000000E+0	0.000000E+0	0.000000E+0
80.0    	224     	2.897768E-2 	8.746993E-4	-3.62E-1   	80.01     	3607.83	23.0 	37.0 	0.000000E+0	0.000000E+0	0.000000E+0	0.000000E+0	0.000000E+0	0.000000E+0	0.000000E+0	0.000000E+0
80.0    	225     	4.352114E-2 	1.079907E-4	-8.07E-1   	80.01     	3609.74	23.0 	37.0 	0.000000E+0	0.000000E+0	0.000000E+0	0.000000E+0	0.000000E+0	0.000000E+0	0.000000E+0	0.000000E+0
80.0    	226     	1.097263E-1 	1.102240E-4	-8.88E-1   	80.01     	3611.65	23.0 	37.0 	0.000000E+0	0.000000E+0	0.000000E+0	0.000000E+0	0.000000E+0	0.000000E+0	0.000000E+0	0.000000E+0
80.0    	227     	1.223510E-1 	1.149378E-4	-8.15E-1   	80.01     	3613.56	23.0 	37.0 	0.000000E+0	0.000000E+0	0.000000E+0	0.000000E+0	0.000000E+0	0.000000E+0	0.000000E+0	0.000000E+0
80.0    	228     	2.733084E-2 	3.754161E-4	-8.61E-1   	80.01     	3615.47	23.0 	37.0 	0.000000E+0	0.000000E+0	0.000000E+0	0.000000E+0	0.000000E+0	0.000000E+0	0.000000E+0	0.000000E+0
80.0    	229     	2.597048E-2 	5.047011E-5	-2.63E-1   	80.01     	3617.38	23.0 	37.0 	0.000000E+0	0.000000E+0	0.000000E+0	0.000000E+0	0.000000E+0	0.000000E+0	0.000000E+0	0.000000E+0
80.0    	230     	2.848795E-2 	8.725957E-5	-2.86E-1   	80.01     	3619.29	23.0 	37.0 	0.000000E+0	0.000000E+0	0.000000E+0	0.000000E+0	0.000000E+0	0.000000E+0	0.000000E+0	0.000000E+0
80.0    	231     	2.679645E-2 	1.706313E-4	-5.68E-1   	80.01     	3621.20	23.0 	37.0 	0.000000E+0	0.000000E+0	0.000000E+0	0.000000E+0	0.000000E+0	0.000000E+0	0.000000E+0	0.000000E+0
80.0    	232     	-1.326582E-2	5.936070E-5	-3.44E-1   	80.00     	3623.13	23.0 	37.0 	0.000000E+0	0.000000E+0	0.000000E+0	0.000000E+0	0.000000E+0	0.000000E+0	0.000000E+0	0.000000E+0
80.0    	233     	6.095500E-2 	1.072130E-4	-5.77E-1   	80.00     	3625.04	23.0 	37.0 	0.000000E+0	0.000000E+0	0.000000E+0	0.000000E+0	0.000000E+0	0.000000E+0	0.000000E+0	0.000000E+0
80.0    	234     	2.969033E-2 	1.438254E-4	-5.21E-1   	80.01     	3626.95	23.0 	37.0 	0.000000E+0	0.000000E+0	0.000000E+0	0.000000E+0	0.000000E+0	0.000000E+0	0.000000E+0	0.000000E+0
80.0    	235     	2.621426E-2 	1.258540E-4	-5.31E-1   	80.01     	3628.86	23.0 	37.0 	0.000000E+0	0.000000E+0	0.000000E+0	0.000000E+0	0.000000E+0	0.000000E+0	0.000000E+0	0.000000E+0
80.0    	236     	8.125484E-2 	1.858797E-4	-8.01E-1   	80.01     	3630.78	23.0 	37.0 	0.000000E+0	0.000000E+0	0.000000E+0	0.000000E+0	0.000000E+0	0.000000E+0	0.000000E+0	0.000000E+0
80.0    	237     	1.571451E-2 	1.180917E-4	-4.00E-1   	80.01     	3632.70	23.0 	37.0 	0.000000E+0	0.000000E+0	0.000000E+0	0.000000E+0	0.000000E+0	0.000000E+0	0.000000E+0	0.000000E+0
80.0    	238     	2.813591E-2 	6.776499E-5	-8.78E-1   	80.01     	3634.62	23.0 	37.0 	0.000000E+0	0.000000E+0	0.000000E+0	0.000000E+0	0.000000E+0	0.000000E+0	0.000000E+0	0.000000E+0
80.0    	239     	2.673946E-2 	2.054915E-4	-7.55E-1   	80.01     	3636.55	23.0 	37.0 	0.000000E+0	0.000000E+0	0.000000E+0	0.000000E+0	0.000000E+0	0.000000E+0	0.000000E+0	0.000000E+0
80.0    	240     	2.968938E-2 	1.131835E-4	-6.55E-1   	80.00     	3638.46	23.0 	37.0 	0.000000E+0	0.000000E+0	0.000000E+0	0.000000E+0	0.000000E+0	0.000000E+0	0.000000E+0	0.000000E+0
80.0    	241     	1.200209E-1 	7.443951E-5	-4.48E-1   	80.00     	3640.38	23.0 	37.0 	0.000000E+0	0.000000E+0	0.000000E+0	0.000000E+0	0.000000E+0	0.000000E+0	0.000000E+0	0.000000E+0
80.0    	242     	2.185252E-1 	5.412590E-5	-6.88E-1   	80.00     	3642.29	23.0 	37.0 	0.000000E+0	0.000000E+0	0.000000E+0	0.000000E+0	0.000000E+0	0.000000E+0	0.000000E+0	0.000000E+0
80.0    	243     	1.849812E-1 	1.113109E-4	-9.80E-1   	80.00     	3644.20	23.0 	37.0 	0.000000E+0	0.000000E+0	0.000000E+0	0.000000E+0	0.000000E+0	0.000000E+0	0.000000E+0	0.000000E+0
80.0    	244     	2.492667E-1 	1.453209E-4	-4.74E-1   	80.01     	3646.11	23.0 	37.0 	0.000000E+0	0.000000E+0	0.000000E+0	0.000000E+0	0.000000E+0	0.000000E+0	0.000000E+0	0.000000E+0
80.0    	245     	9.994229E-2 	2.260952E-4	-3.75E-1   	80.00     	3648.02	23.0 	37.0 	0.000000E+0	0.000000E+0	0.000000E+0	0.000000E+0	0.000000E+0	0.000000E+0	0.000000E+0	0.000000E+0
80.0    	246     	1.015104E-1 	9.664142E-5	-4.03E-1   	80.00     	3649.94	23.0 	37.0 	0.000000E+0	0.000000E+0	0.000000E+0	0.000000E+0	0.000000E+0	0.000000E+0	0.000000E+0	0.000000E+0
80.0    	247     	1.004207E-1 	8.552668E-5	-5.42E-1   	80.00     	3651.86	23.0 	37.0 	0.000000E+0	0.000000E+0	0.000000E+0	0.000000E+0	0.000000E+0	0.000000E+0	0.000000E+0	0.000000E+0
80.0    	248     	9.746730E-2 	3.151528E-5	-4.68E-1   	80.01     	3653.76	23.0 	37.0 	0.000000E+0	0.000000E+0	0.000000E+0	0.000000E+0	0.000000E+0	0.000000E+0	0.000000E+0	0.000000E+0
80.0    	249     	1.102439E-1 	1.323256E-4	-7.06E-1   	80.00     	3655.68	23.0 	37.0 	0.000000E+0	0.000000E+0	0.000000E+0	0.000000E+0	0.000000E+0	0.000000E+0	0.000000E+0	0.000000E+0
80.0    	250     	1.046031E-1 	5.511210E-5	-7.40E-1   	80.00     	3657.58	23.0 	37.0 	0.000000E+0	0.000000E+0	0.000000E+0	0.000000E+0	0.000000E+0	0.000000E+0	0.000000E+0	0.000000E+0
80.0    	251     	9.618166E-2 	1.413713E-4	-4.34E-1   	80.00     	3659.49	23.0 	37.0 	0.000000E+0	0.000000E+0	0.000000E+0	0.000000E+0	0.000000E+0	0.000000E+0	0.000000E+0	0.000000E+0
80.0    	252     	9.477606E-2 	1.729713E-4	-4.49E-1   	80.00     	3661.40	23.0 	37.0 	0.000000E+0	0.000000E+0	0.000000E+0	0.000000E+0	0.000000E+0	0.000000E+0	0.000000E+0	0.000000E+0
80.0    	253     	8.051752E-2 	6.223101E-5	-4.30E-1   	80.00     	3663.32	23.0 	37.0 	0.000000E+0	0.000000E+0	0.000000E+0	0.000000E+0	0.000000E+0	0.000000E+0	0.000000E+0	0.000000E+0
80.0    	254     	9.778387E-2 	1.728507E-4	-6.77E-1   	80.00     	3665.23	23.0 	37.0 	0.000000E+0	0.000000E+0	0.000000E+0	0.000000E+0	0.000000E+0	0.000000E+0	0.000000E+0	0.000000E+0
80.0    	255     	9.735426E-2 	1.576006E-4	-7.34E-1   	80.00     	3667.14	23.0 	37.0 	0.000000E+0	0.000000E+0	0.000000E+0	0.000000E+0	0.000000E+0	0.000000E+0	0.000000E+0	0.000000E+0
80.0    	256     	1.032842E-1 	2.339920E-4	-9.23E-1   	80.01     	3669.07	23.0 	37.0 	0.000000E+0	0.000000E+0	0.000000E+0	0.000000E+0	0.000000E+0	0.000000E+0	0.000000E+0	0.000000E+0
80.0    	257     	2.221159E-3 	1.547393E-4	-5.37E-1   	80.00     	3670.98	23.0 	37.0 	0.000000E+0	0.000000E+0	0.000000E+0	0.000000E+0	0.000000E+0	0.000000E+0	0.000000E+0	0.000000E+0
80.0    	258     	1.527211E-3 	8.525101E-5	-3.88E-1   	80.00     	3672.89	23.0 	37.0 	0.000000E+0	0.000000E+0	0.000000E+0	0.000000E+0	0.000000E+0	0.000000E+0	0.000000E+0	0.000000E+0
80.0    	259     	1.450600E-3 	5.680200E-5	-7.79E-1   	80.00     	3674.81	23.0 	37.0 	0.000000E+0	0.000000E+0	0.000000E+0	0.000000E+0	0.000000E+0	0.000000E+0	0.000000E+0	0.000000E+0
80.0    	260     	1.705448E-3 	9.979758E-5	-4.57E-1   	80.01     	3676.72	23.0 	37.0 	0.000000E+0	0.000000E+0	0.000000E+0	0.000000E+0	0.000000E+0	0.000000E+0	0.000000E+0	0.000000E+0
80.0    	261     	1.740905E-3 	4.900505E-5	-5.21E-1   	80.01     	3678.64	23.0 	37.0 	0.000000E+0	0.000000E+0	0.000000E+0	0.000000E+0	0.000000E+0	0.000000E+0	0.000000E+0	0.000000E+0
80.0    	262     	1.571534E-3 	1.290478E-4	-2.63E-1   	80.01     	3680.55	23.0 	37.0 	0.000000E+0	0.000000E+0	0.000000E+0	0.000000E+0	0.000000E+0	0.000000E+0	0.000000E+0	0.000000E+0
80.0    	263     	1.143198E-3 	1.582986E-4	-7.90E-1   	80.00     	3682.48	23.0 	37.0 	0.000000E+0	0.000000E+0	0.000000E+0	0.000000E+0	0.000000E+0	0.000000E+0	0.000000E+0	0.000000E+0
80.0    	264     	-2.126168E-3	6.190203E-5	-4.58E-1   	80.01     	3684.39	23.0 	37.0 	0.000000E+0	0.000000E+0	0.000000E+0	0.000000E+0	0.000000E+0	0.000000E+0	0.000000E+0	0.000000E+0
100.0   	1       	9.760435E-2 	1.799024E-4	7.79E+0    	100.00    	3703.77	23.0 	37.0 	0.000000E+0	0.000000E+0	0.000000E+0	0.000000E+0	0.000000E+0	0.000000E+0	0.000000E+0	0.000000E+0
100.0   	2       	1.870178E-1 	3.115547E-5	-7.37E-1   	100.00    	3705.55	23.0 	37.0 	0.000000E+0	0.000000E+0	0.000000E+0	0.000000E+0	0.000000E+0	0.000000E+0	0.000000E+0	0.000000E+0
100.0   	3       	2.231922E-3 	1.934608E-4	-5.97E-1   	100.00    	3707.47	23.0 	37.0 	0.000000E+0	0.000000E+0	0.000000E+0	0.000000E+0	0.000000E+0	0.000000E+0	0.000000E+0	0.000000E+0
100.0   	4       	1.009051E-1 	1.315189E-4	-2.76E-1   	100.00    	3709.38	23.0 	37.0 	0.000000E+0	0.000000E+0	0.000000E+0	0.000000E+0	0.000000E+0	0.000000E+0	0.000000E+0	0.000000E+0
100.0   	5       	1.053230E-1 	4.656333E-5	-8.84E-1   	100.00    	3711.30	23.0 	37.0 	0.000000E+0	0.000000E+0	0.000000E+0	0.000000E+0	0.000000E+0	0.000000E+0	0.000000E+0	0.000000E+0
100.0   	6       	1.518310E-1 	2.228047E-4	-4.50E-1   	100.00    	3713.22	23.0 	37.0 	0.000000E+0	0.000000E+0	0.000000E+0	0.000000E+0	0.000000E+0	0.000000E+0	0.000000E+0	0.000000E+0
100.0   	7       	9.663496E-2 	6.472152E-5	-5.80E-1   	100.00    	3715.13	23.0 	37.0 	0.000000E+0	0.000000E+0	0.000000E+0	0.000000E+0	0.000000E+0	0.000000E+0	0.000000E+0	0.000000E+0
100.0   	8       	1.046990E-1 	6.853877E-5	-3.89E-1   	100.00    	3717.04	23.0 	37.0 	0.000000E+0	0.000000E+0	0.000000E+0	0.000000E+0	0.000000E+0	0.000000E+0	0.000000E+0	0.000000E+0
100.0   	9       	9.515180E-2 	2.418896E-5	-7.19E-1   	100.00    	3718.95	23.0 	37.0 	0.000000E+0	0.000000E+0	0.000000E+0	0.000000E+0	0.000000E+0	0.000000E+0	0.000000E+0	0.000000E+0
100.0   	10      	1.099203E-1 	1.176206E-4	-5.99E-1   	100.00    	3720.87	23.0 	37.0 	0.000000E+0	0.000000E+0	0.000000E+0	0.000000E+0	0.000000E+0	0.000000E+0	0.000000E+0	0.000000E+0
100.0   	11      	9.675280E-2 	1.054266E-4	-4.85E-1   	100.00    	3722.78	23.0 	37.0 	0.000000E+0	0.000000E+0	0.000000E+0	0.000000E+0	0.000000E+0	0.000000E+0	0.000000E+0	0.000000E+0
100.0   	12      	1.049810E-1 	4.148843E-5	-7.66E-1   	100.00    	3724.71	23.0 	37.0 	0.000000E+0	0.000000E+0	0.000000E+0	0.000000E+0	0.000000E+0	0.000000E+0	0.000000E+0	0.000000E+0
100.0   	13      	1.208763E-1 	8.153560E-5	-9.08E-1   	100.00    	3726.62	23.0 	37.0 	0.000000E+0	0.000000E+0	0.000000E+0	0.000000E+0	0.000000E+0	0.000000E+0	0.000000E+0	0.000000E+0
100.0   	14      	9.797415E-2 	2.028070E-4	-3.28E-1   	100.00    	3728.53	23.0 	37.0 	0.000000E+0	0.000000E+0	0.000000E+0	0.000000E+0	0.000000E+0	0.000000E+0	0.000000E+0	0.000000E+0
100.0   	15      	1.795756E-1 	6.971186E-5	-6.84E-1   	100.00    	3730.44	23.0 	37.0 	0.000000E+0	0.000000E+0	0.000000E+0	0.000000E+0	0.000000E+0	0.000000E+0	0.000000E+0	0.000000E+0
100.0   	16      	1.117882E-1 	1.712053E-4	-6.25E-1   	100.00    	3732.35	23.0 	37.0 	0.000000E+0	0.000000E+0	0.000000E+0	0.000000E+0	0.000000E+0	0.000000E+0	0.000000E+0	0.000000E+0
100.0   	17      	2.236144E-2 	1.199253E-4	-4.55E-1   	100.00    	3734.28	23.0 	37.0 	0.000000E+0	0.000000E+0	0.000000E+0	0.000000E+0	0.000000E+0	0.000000E+0	0.000000E+0	0.000000E+0
100.0   	18      	9.714594E-2 	8.235263E-5	-4.39E-1   	100.00    	3736.19	23.0 	37.0 	0.000000E+0	0.000000E+0	0.000000E+0	0.000000E+0	0.000000E+0	0.000000E+0	0.000000E+0	0.000000E+0
100.0   	19      	2.306553E-1 	8.862387E-5	-5.51E-1   	100.00    	3738.10	23.0 	37.0 	0.000000E+0	0.000000E+0	0.000000E+0	0.000000E+0	0.000000E+0	0.000000E+0	0.000000E+0	0.000000E+0
100.0   	20      	1.043032E-1 	1.056760E-4	-3.92E-1   	100.00    	3740.01	23.0 	37.0 	0.000000E+0	0.000000E+0	0.000000E+0	0.000000E+0	0.000000E+0	0.000000E+0	0.000000E+0	0.000000E+0
100.0   	21      	2.383608E-2 	2.854095E-4	-5.94E-1   	100.00    	3741.92	23.0 	37.0 	0.000000E+0	0.000000E+0	0.000000E+0	0.000000E+0	0.000000E+0	0.000000E+0	0.000000E+0	0.000000E+0
100.0   	22      	2.539207E-2 	9.076961E-5	-4.82E-1   	100.00    	3743.84	23.0 	37.0 	0.000000E+0	0.000000E+0	0.000000E+0	0.000000E+0	0.000000E+0	0.000000E+0	0.000000E+0	0.000000E+0
100.0   	23      	2.696486E-2 	9.945729E-5	-5.61E-1   	100.00    	3745.74	23.0 	37.0 	0.000000E+0	0.000000E+0	0.000000E+0	0.000000E+0	0.000000E+0	0.000000E+0	0.000000E+0	0.000000E+0
100.0   	24      	3.287228E-2 	1.112699E-4	-8.01E-1   	100.00    	3747.66	23.0 	37.0 	0.000000E+0	0.000000E+0	0.000000E+0	0.000000E+0	0.000000E+0	0.000000E+0	0.000000E+0	0.000000E+0
100.0   	25      	2.068685E-1 	1.773874E-4	-3.94E-1   	100.00    	3749.57	23.0 	37.0 	0.000000E+0	0.000000E+0	0.000000E+0	0.000000E+0	0.000000E+0	0.000000E+0	0.000000E+0	0.000000E+0
100.0   	26      	3.609664E-2 	1.938456E-4	-8.10E-1   	100.00    	3751.48	23.0 	37.0 	0.000000E+0	0.000000E+0	0.000000E+0	0.000000E+0	0.000000E+0	0.000000E+0	0.000000E+0	0.000000E+0
100.0   	27      	2.457911E-2 	4.797539E-5	-7.49E-1   	100.00    	3753.41	23.0 	37.0 	0.000000E+0	0.000000E+0	0.000000E+0	0.000000E+0	0.000000E+0	0.000000E+0	0.000000E+0	0.000000E+0
100.0   	28      	2.635070E-2 	6.426529E-4	-7.00E-1   	100.00    	3755.32	23.0 	37.0 	0.000000E+0	0.000000E+0	0.000000E+0	0.000000E+0	0.000000E+0	0.000000E+0	0.000000E+0	0.000000E+0
100.0   	29      	3.279376E-2 	4.508318E-4	-2.93E-1   	100.00    	3757.26	23.0 	37.0 	0.000000E+0	0.000000E+0	0.000000E+0	0.000000E+0	0.000000E+0	0.000000E+0	0.000000E+0	0.000000E+0
100.0   	30      	2.422041E-2 	1.308758E-4	-6.83E-1   	100.00    	3759.17	23.0 	37.0 	0.000000E+0	0.000000E+0	0.000000E+0	0.000000E+0	0.000000E+0	0.000000E+0	0.000000E+0	0.000000E+0
100.0   	31      	2.253556E-2 	1.583369E-4	-3.61E-1   	100.00    	3761.08	23.0 	37.0 	0.000000E+0	0.000000E+0	0.000000E+0	0.000000E+0	0.000000E+0	0.000000E+0	0.000000E+0	0.000000E+0
100.0   	32      	3.346078E-2 	1.201155E-4	-6.22E-1   	100.00    	3763.00	23.0 	37.0 	0.000000E+0	0.000000E+0	0.000000E+0	0.000000E+0	0.000000E+0	0.000000E+0	0.000000E+0	0.000000E+0
100.0   	33      	1.564815E-1 	2.760622E-5	-3.13E-1   	100.00    	3764.92	23.0 	37.0 	0.000000E+0	0.000000E+0	0.000000E+0	0.000000E+0	0.000000E+0	0.000000E+0	0.000000E+0	0.000000E+0
100.0   	34      	9.345837E-2 	7.856273E-5	-8.20E-1   	100.00    	3766.83	23.0 	37.0 	0.000000E+0	0.000000E+0	0.000000E+0	0.000000E+0	0.000000E+0	0.000000E+0	0.000000E+0	0.000000E+0
100.0   	35      	1.259742E-1 	3.110664E-5	-5.19E-1   	100.00    	3768.74	23.0 	37.0 	0.000000E+0	0.000000E+0	0.000000E+0	0.000000E+0	0.000000E+0	0.000000E+0	0.000000E+0	0.000000E+0
100.0   	36      	2.417894E-2 	1.139973E-4	-7.91E-1   	100.00    	3770.65	23.0 	37.0 	0.000000E+0	0.000000E+0	0.000000E+0	0.000000E+0	0.000000E+0	0.000000E+0	0.000000E+0	0.000000E+0
100.0   	37      	2.312663E-2 	7.917758E-5	-4.61E-1   	100.00    	3772.56	23.0 	37.0 	0.000000E+0	0.000000E+0	0.000000E+0	0.000000E+0	0.000000E+0	0.000000E+0	0.000000E+0	0.000000E+0
100.0   	38      	2.477885E-2 	2.582820E-4	-6.94E-1   	100.00    	3774.49	23.0 	37.0 	0.000000E+0	0.000000E+0	0.000000E+0	0.000000E+0	0.000000E+0	0.000000E+0	0.000000E+0	0.000000E+0
100.0   	39      	2.549654E-2 	9.545478E-5	-4.08E-1   	100.00    	3776.40	23.0 	37.0 	0.000000E+0	0.000000E+0	0.000000E+0	0.000000E+0	0.000000E+0	0.000000E+0	0.000000E+0	0.000000E+0
100.0   	40      	-2.273889E-2	1.478025E-4	-7.23E-1   	100.00    	3778.32	23.0 	37.0 	0.000000E+0	0.000000E+0	0.000000E+0	0.000000E+0	0.000000E+0	0.000000E+0	0.000000E+0	0.000000E+0
100.0   	41      	2.092765E-2 	2.283891E-4	-6.97E-1   	100.00    	3780.24	23.0 	37.0 	0.000000E+0	0.000000E+0	0.000000E+0	0.000000E+0	0.000000E+0	0.000000E+0	0.000000E+0	0.000000E+0
100.0   	42      	3.132229E-2 	5.955017E-5	-8.25E-1   	100.00    	3782.16	23.0 	37.0 	0.000000E+0	0.000000E+0	0.000000E+0	0.000000E+0	0.000000E+0	0.000000E+0	0.000000E+0	0.000000E+0
100.0   	43      	2.331848E-2 	1.025831E-4	-6.91E-1   	100.00    	3784.07	23.0 	37.0 	0.000000E+0	0.000000E+0	0.000000E+0	0.000000E+0	0.000000E+0	0.000000E+0	0.000000E+0	0.000000E+0
100.0   	44      	1.017970E-2 	2.724207E-5	-4.39E-1   	100.00    	3786.00	23.0 	37.0 	0.000000E+0	0.000000E+0	0.000000E+0	0.000000E+0	0.000000E+0	0.000000E+0	0.000000E+0	0.000000E+0
100.0   	45      	-1.089905E-2	1.137976E-4	-9.23E-1   	100.00    	3787.91	23.0 	37.0 	0.000000E+0	0.000000E+0	0.000000E+0	0.000000E+0	0.000000E+0	0.000000E+0	0.000000E+0	0.000000E+0
100.0   	46      	7.214166E-2 	3.044535E-4	-7.38E-1   	100.00    	3789.84	23.0 	37.0 	0.000000E+0	0.000000E+0	0.000000E+0	0.000000E+0	0.000000E+0	0.000000E+0	0.000000E+0	0.000000E+0
100.0   	47      	5.291157E-2 	6.158772E-5	-5.13E-1   	100.00    	3791.75	23.0 	37.0 	0.000000E+0	0.000000E+0	0.000000E+0	0.000000E+0	0.000000E+0	0.000000E+0	0.000000E+0	0.000000E+0
100.0   	48      	3.500066E-2 	1.298542E-4	-4.99E-1   	100.00    	3793.66	23.0 	37.0 	0.000000E+0	0.000000E+0	0.000000E+0	0.000000E+0	0.000000E+0	0.000000E+0	0.000000E+0	0.000000E+0
100.0   	49      	2.177957E-2 	6.084618E-5	-4.09E-1   	100.00    	3795.58	23.0 	36.9 	0.000000E+0	0.000000E+0	0.000000E+0	0.000000E+0	0.000000E+0	0.000000E+0	0.000000E+0	0.000000E+0
100.0   	50      	9.191384E-2 	7.155291E-5	-4.18E-1   	100.00    	3797.51	23.1 	36.9 	0.000000E+0	0.000000E+0	0.000000E+0	0.000000E+0	0.000000E+0	0.000000E+0	0.000000E+0	0.000000E+0
100.0   	51      	1.148536E-1 	7.608830E-5	-5.26E-1   	100.00    	3799.42	23.0 	36.9 	0.000000E+0	0.000000E+0	0.000000E+0	0.000000E+0	0.000000E+0	0.000000E+0	0.000000E+0	0.000000E+0
100.0   	52      	2.431254E-2 	4.739322E-5	-6.03E-1   	100.00    	3801.34	23.0 	36.9 	0.000000E+0	0.000000E+0	0.000000E+0	0.000000E+0	0.000000E+0	0.000000E+0	0.000000E+0	0.000000E+0
100.0   	53      	2.422199E-2 	2.514871E-4	-8.43E-1   	100.00    	3803.25	23.0 	36.9 	0.000000E+0	0.000000E+0	0.000000E+0	0.000000E+0	0.000000E+0	0.000000E+0	0.000000E+0	0.000000E+0
100.0   	54      	2.429861E-2 	1.387247E-4	-5.43E-1   	100.00    	3805.16	23.0 	36.9 	0.000000E+0	0.000000E+0	0.000000E+0	0.000000E+0	0.000000E+0	0.000000E+0	0.000000E+0	0.000000E+0
100.0   	55      	2.368032E-2 	1.419693E-4	-7.09E-1   	100.00    	3807.07	23.0 	36.9 	0.000000E+0	0.000000E+0	0.000000E+0	0.000000E+0	0.000000E+0	0.000000E+0	0.000000E+0	0.000000E+0
100.0   	56      	3.551730E-2 	2.330381E-5	-5.24E-1   	100.00    	3808.99	23.1 	36.9 	0.000000E+0	0.000000E+0	0.000000E+0	0.000000E+0	0.000000E+0	0.000000E+0	0.000000E+0	0.000000E+0
100.0   	57      	4.516354E-2 	1.799718E-4	-5.60E-1   	100.00    	3810.91	23.0 	36.9 	0.000000E+0	0.000000E+0	0.000000E+0	0.000000E+0	0.000000E+0	0.000000E+0	0.000000E+0	0.000000E+0
100.0   	58      	3.596210E-2 	8.458331E-5	-4.71E-1   	100.00    	3812.82	23.0 	36.9 	0.000000E+0	0.000000E+0	0.000000E+0	0.000000E+0	0.000000E+0	0.000000E+0	0.000000E+0	0.000000E+0
100.0   	59      	2.229781E-2 	1.718746E-4	-3.59E-1   	100.00    	3814.75	23.0 	36.9 	0.000000E+0	0.000000E+0	0.000000E+0	0.000000E+0	0.000000E+0	0.000000E+0	0.000000E+0	0.000000E+0
100.0   	60      	2.622913E-2 	8.907639E-4	-4.24E-1   	100.00    	3816.66	23.0 	36.9 	0.000000E+0	0.000000E+0	0.000000E+0	0.000000E+0	0.000000E+0	0.000000E+0	0.000000E+0	0.000000E+0
100.0   	61      	2.783079E-1 	1.560312E-3	-5.03E-1   	100.00    	3818.59	23.1 	36.9 	0.000000E+0	0.000000E+0	0.000000E+0	0.000000E+0	0.000000E+0	0.000000E+0	0.000000E+0	0.000000E+0
100.0   	62      	2.659256E-2 	1.750598E-4	-3.34E-1   	100.00    	3820.50	23.1 	36.9 	0.000000E+0	0.000000E+0	0.000000E+0	0.000000E+0	0.000000E+0	0.000000E+0	0.000000E+0	0.000000E+0
100.0   	63      	1.557449E-1 	4.582863E-5	-6.57E-1   	100.00    	3822.43	23.1 	36.9 	0.000000E+0	0.000000E+0	0.000000E+0	0.000000E+0	0.000000E+0	0.000000E+0	0.000000E+0	0.000000E+0
100.0   	64      	2.707439E-2 	9.697295E-5	-7.87E-1   	100.00    	3824.34	23.1 	36.9 	0.000000E+0	0.000000E+0	0.000000E+0	0.000000E+0	0.000000E+0	0.000000E+0	0.000000E+0	0.000000E+0
100.0   	65      	2.116761E-2 	4.691453E-5	-4.87E-1   	100.00    	3826.26	23.0 	36.9 	0.000000E+0	0.000000E+0	0.000000E+0	0.000000E+0	0.000000E+0	0.000000E+0	0.000000E+0	0.000000E+0
100.0   	66      	9.310003E-2 	8.261143E-5	-2.95E-1   	100.00    	3828.17	23.0 	36.9 	0.000000E+0	0.000000E+0	0.000000E+0	0.000000E+0	0.000000E+0	0.000000E+0	0.000000E+0	0.000000E+0
100.0   	67      	1.070559E-1 	1.911200E-4	-6.24E-1   	100.00    	3830.11	23.1 	36.9 	0.000000E+0	0.000000E+0	0.000000E+0	0.000000E+0	0.000000E+0	0.000000E+0	0.000000E+0	0.000000E+0
100.0   	68      	2.325737E-2 	1.294095E-4	-6.50E-1   	100.00    	3832.02	23.0 	36.9 	0.000000E+0	0.000000E+0	0.000000E+0	0.000000E+0	0.000000E+0	0.000000E+0	0.000000E+0	0.000000E+0
100.0   	69      	2.347296E-2 	4.146899E-5	-7.44E-1   	100.00    	3833.95	23.1 	36.9 	0.000000E+0	0.000000E+0	0.000000E+0	0.000000E+0	0.000000E+0	0.000000E+0	0.000000E+0	0.000000E+0
100.0   	70      	2.187485E-2 	2.435071E-4	-9.68E-1   	100.00    	3835.86	23.0 	36.9 	0.000000E+0	0.000000E+0	0.000000E+0	0.000000E+0	0.000000E+0	0.000000E+0	0.000000E+0	0.000000E+0
100.0   	71      	2.212244E-2 	6.655557E-5	-7.73E-1   	100.00    	3837.78	23.1 	36.9 	0.000000E+0	0.000000E+0	0.000000E+0	0.000000E+0	0.000000E+0	0.000000E+0	0.000000E+0	0.000000E+0
100.0   	72      	2.942375E-2 	1.240340E-4	-4.83E-1   	100.00    	3839.70	23.0 	36.9 	0.000000E+0	0.000000E+0	0.000000E+0	0.000000E+0	0.000000E+0	0.000000E+0	0.000000E+0	0.000000E+0
100.0   	73      	3.922923E-2 	2.533691E-2	-4.01E-1   	100.00    	3841.66	23.0 	36.9 	0.000000E+0	0.000000E+0	0.000000E+0	0.000000E+0	0.000000E+0	0.000000E+0	0.000000E+0	0.000000E+0
100.0   	74      	4.793046E-2 	8.632600E-5	-5.79E-1   	100.00    	3843.58	23.0 	36.9 	0.000000E+0	0.000000E+0	0.000000E+0	0.000000E+0	0.000000E+0	0.000000E+0	0.000000E+0	0.000000E+0
100.0   	75      	2.201004E-2 	9.273106E-5	-6.84E-1   	100.00    	3845.51	23.0 	36.9 	0.000000E+0	0.000000E+0	0.000000E+0	0.000000E+0	0.000000E+0	0.000000E+0	0.000000E+0	0.000000E+0
100.0   	76      	5.393664E-2 	6.973787E-5	-9.87E-1   	100.00    	3847.43	23.0 	36.9 	0.000000E+0	0.000000E+0	0.000000E+0	0.000000E+0	0.000000E+0	0.000000E+0	0.000000E+0	0.000000E+0
100.0   	77      	1.179604E-3 	3.462786E-5	-4.74E-1   	100.00    	3849.35	23.1 	36.9 	0.000000E+0	0.000000E+0	0.000000E+0	0.000000E+0	0.000000E+0	0.000000E+0	0.000000E+0	0.000000E+0
100.0   	78      	1.124203E-3 	2.918550E-5	-7.34E-1   	100.00    	3851.26	23.1 	36.9 	0.000000E+0	0.000000E+0	0.000000E+0	0.000000E+0	0.000000E+0	0.000000E+0	0.000000E+0	0.000000E+0
100.0   	79      	2.732512E-2 	1.145197E-4	-7.21E-1   	100.00    	3853.18	23.0 	36.9 	0.000000E+0	0.000000E+0	0.000000E+0	0.000000E+0	0.000000E+0	0.000000E+0	0.000000E+0	0.000000E+0
100.0   	80      	2.623830E-2 	1.130088E-4	-4.83E-1   	100.00    	3855.09	23.1 	36.9 	0.000000E+0	0.000000E+0	0.000000E+0	0.000000E+0	0.000000E+0	0.000000E+0	0.000000E+0	0.000000E+0
100.0   	81      	2.185176E-2 	5.280191E-5	-5.49E-1   	100.00    	3857.02	23.0 	36.9 	0.000000E+0	0.000000E+0	0.000000E+0	0.000000E+0	0.000000E+0	0.000000E+0	0.000000E+0	0.000000E+0
100.0   	82      	9.136986E-2 	1.007821E-4	-6.14E-1   	100.00    	3858.95	23.0 	36.9 	0.000000E+0	0.000000E+0	0.000000E+0	0.000000E+0	0.000000E+0	0.000000E+0	0.000000E+0	0.000000E+0
100.0   	83      	1.079354E-1 	6.486943E-5	-4.48E-1   	100.00    	3860.87	23.1 	36.9 	0.000000E+0	0.000000E+0	0.000000E+0	0.000000E+0	0.000000E+0	0.000000E+0	0.000000E+0	0.000000E+0
100.0   	84      	2.556240E-2 	1.315214E-4	-5.09E-1   	100.00    	3862.78	23.0 	36.9 	0.000000E+0	0.000000E+0	0.000000E+0	0.000000E+0	0.000000E+0	0.000000E+0	0.000000E+0	0.000000E+0
100.0   	85      	2.348849E-2 	2.155701E-4	-7.80E-1   	100.00    	3864.70	23.0 	36.9 	0.000000E+0	0.000000E+0	0.000000E+0	0.000000E+0	0.000000E+0	0.000000E+0	0.000000E+0	0.000000E+0
100.0   	86      	2.167510E-2 	3.489870E-5	-7.71E-1   	100.00    	3866.61	23.0 	36.9 	0.000000E+0	0.000000E+0	0.000000E+0	0.000000E+0	0.000000E+0	0.000000E+0	0.000000E+0	0.000000E+0
100.0   	87      	2.205879E-2 	9.072680E-5	-4.87E-1   	100.00    	3868.51	23.0 	36.9 	0.000000E+0	0.000000E+0	0.000000E+0	0.000000E+0	0.000000E+0	0.000000E+0	0.000000E+0	0.000000E+0
100.0   	88      	3.824658E-2 	1.472660E-4	-3.77E-1   	100.00    	3870.43	23.0 	36.9 	0.000000E+0	0.000000E+0	0.000000E+0	0.000000E+0	0.000000E+0	0.000000E+0	0.000000E+0	0.000000E+0
100.0   	89      	2.019951E-2 	1.044692E-4	-4.52E-1   	100.00    	3872.35	23.0 	36.9 	0.000000E+0	0.000000E+0	0.000000E+0	0.000000E+0	0.000000E+0	0.000000E+0	0.000000E+0	0.000000E+0
100.0   	90      	4.425465E-2 	2.549547E-5	-3.37E-1   	100.00    	3874.26	23.1 	36.9 	0.000000E+0	0.000000E+0	0.000000E+0	0.000000E+0	0.000000E+0	0.000000E+0	0.000000E+0	0.000000E+0
100.0   	91      	2.269101E-2 	7.788740E-5	-4.71E-1   	100.00    	3876.18	23.0 	36.9 	0.000000E+0	0.000000E+0	0.000000E+0	0.000000E+0	0.000000E+0	0.000000E+0	0.000000E+0	0.000000E+0
100.0   	92      	2.871967E-2 	1.136513E-4	-4.89E-1   	100.00    	3878.10	23.0 	36.9 	0.000000E+0	0.000000E+0	0.000000E+0	0.000000E+0	0.000000E+0	0.000000E+0	0.000000E+0	0.000000E+0
100.0   	93      	2.709498E-2 	2.219282E-4	-8.42E-1   	100.00    	3880.02	23.1 	36.9 	0.000000E+0	0.000000E+0	0.000000E+0	0.000000E+0	0.000000E+0	0.000000E+0	0.000000E+0	0.000000E+0
100.0   	94      	5.390187E-2 	2.210809E-4	-8.81E-1   	100.00    	3881.93	23.1 	36.9 	0.000000E+0	0.000000E+0	0.000000E+0	0.000000E+0	0.000000E+0	0.000000E+0	0.000000E+0	0.000000E+0
100.0   	95      	2.994326E-2 	6.263626E-5	-9.16E-1   	100.00    	3883.84	23.1 	36.9 	0.000000E+0	0.000000E+0	0.000000E+0	0.000000E+0	0.000000E+0	0.000000E+0	0.000000E+0	0.000000E+0
100.0   	96      	2.559121E-2 	6.256782E-5	-6.53E-1   	100.00    	3885.77	23.1 	36.9 	0.000000E+0	0.000000E+0	0.000000E+0	0.000000E+0	0.000000E+0	0.000000E+0	0.000000E+0	0.000000E+0
100.0   	97      	2.299461E-2 	7.886994E-5	-5.36E-1   	100.00    	3887.69	23.0 	36.9 	0.000000E+0	0.000000E+0	0.000000E+0	0.000000E+0	0.000000E+0	0.000000E+0	0.000000E+0	0.000000E+0
100.0   	98      	9.445782E-2 	1.806349E-4	-8.80E-1   	100.00    	3889.61	23.0 	36.9 	0.000000E+0	0.000000E+0	0.000000E+0	0.000000E+0	0.000000E+0	0.000000E+0	0.000000E+0	0.000000E+0
100.0   	99      	9.326841E-2 	2.134601E-4	-4.28E-1   	100.00    	3891.51	23.0 	36.9 	0.000000E+0	0.000000E+0	0.000000E+0	0.000000E+0	0.000000E+0	0.000000E+0	0.000000E+0	0.000000E+0
100.0   	100     	2.391365E-2 	1.098395E-4	-7.08E-1   	100.00    	3893.42	23.1 	36.9 	0.000000E+0	0.000000E+0	0.000000E+0	0.000000E+0	0.000000E+0	0.000000E+0	0.000000E+0	0.000000E+0
100.0   	101     	3.074263E-2 	1.198920E-4	-8.57E-1   	100.00    	3895.34	23.0 	36.9 	0.000000E+0	0.000000E+0	0.000000E+0	0.000000E+0	0.000000E+0	0.000000E+0	0.000000E+0	0.000000E+0
100.0   	102     	2.151586E-2 	1.990883E-4	-4.96E-1   	100.00    	3897.25	23.1 	36.9 	0.000000E+0	0.000000E+0	0.000000E+0	0.000000E+0	0.000000E+0	0.000000E+0	0.000000E+0	0.000000E+0
100.0   	103     	1.017069E-1 	4.848106E-5	-7.09E-1   	100.00    	3899.17	23.0 	36.9 	0.000000E+0	0.000000E+0	0.000000E+0	0.000000E+0	0.000000E+0	0.000000E+0	0.000000E+0	0.000000E+0
100.0   	104     	-3.796190E-2	7.064118E-5	-3.40E-1   	100.00    	3901.08	23.1 	36.9 	0.000000E+0	0.000000E+0	0.000000E+0	0.000000E+0	0.000000E+0	0.000000E+0	0.000000E+0	0.000000E+0
100.0   	105     	4.296300E-2 	1.213339E-4	-3.08E-1   	100.00    	3903.01	23.1 	36.9 	0.000000E+0	0.000000E+0	0.000000E+0	0.000000E+0	0.000000E+0	0.000000E+0	0.000000E+0	0.000000E+0
100.0   	106     	4.680946E-2 	4.757325E-5	-6.53E-1   	100.00    	3904.92	23.0 	36.9 	0.000000E+0	0.000000E+0	0.000000E+0	0.000000E+0	0.000000E+0	0.000000E+0	0.000000E+0	0.000000E+0
100.0   	107     	2.246181E-2 	2.708653E-4	-3.33E-1   	100.00    	3906.83	23.0 	36.9 	0.000000E+0	0.000000E+0	0.000000E+0	0.000000E+0	0.000000E+0	0.000000E+0	0.000000E+0	0.000000E+0
100.0   	108     	2.686387E-2 	4.941740E-5	-7.18E-1   	100.00    	3908.75	23.1 	36.9 	0.000000E+0	0.000000E+0	0.000000E+0	0.000000E+0	0.000000E+0	0.000000E+0	0.000000E+0	0.000000E+0
100.0   	109     	2.677111E-2 	9.341808E-5	-7.39E-1   	100.00    	3910.66	23.0 	36.9 	0.000000E+0	0.000000E+0	0.000000E+0	0.000000E+0	0.000000E+0	0.000000E+0	0.000000E+0	0.000000E+0
100.0   	110     	2.734667E-2 	6.881324E-5	-5.58E-1   	100.00    	3912.57	23.1 	36.9 	0.000000E+0	0.000000E+0	0.000000E+0	0.000000E+0	0.000000E+0	0.000000E+0	0.000000E+0	0.000000E+0
100.0   	111     	2.482129E-2 	1.333063E-4	-7.14E-1   	100.00    	3914.48	23.1 	36.9 	0.000000E+0	0.000000E+0	0.000000E+0	0.000000E+0	0.000000E+0	0.000000E+0	0.000000E+0	0.000000E+0
100.0   	112     	2.422516E-2 	1.379400E-4	-3.79E-1   	100.00    	3916.41	23.1 	36.9 	0.000000E+0	0.000000E+0	0.000000E+0	0.000000E+0	0.000000E+0	0.000000E+0	0.000000E+0	0.000000E+0
100.0   	113     	2.299492E-2 	3.382610E-4	-6.79E-1   	100.00    	3918.33	23.1 	36.9 	0.000000E+0	0.000000E+0	0.000000E+0	0.000000E+0	0.000000E+0	0.000000E+0	0.000000E+0	0.000000E+0
100.0   	114     	9.386550E-2 	1.006979E-4	-7.76E-1   	100.00    	3920.24	23.0 	36.9 	0.000000E+0	0.000000E+0	0.000000E+0	0.000000E+0	0.000000E+0	0.000000E+0	0.000000E+0	0.000000E+0
100.0   	115     	1.021448E-1 	1.536510E-4	-4.40E-1   	100.00    	3922.16	23.0 	36.9 	0.000000E+0	0.000000E+0	0.000000E+0	0.000000E+0	0.000000E+0	0.000000E+0	0.000000E+0	0.000000E+0
100.0   	116     	2.419983E-2 	8.596783E-5	-5.38E-1   	100.00    	3924.07	23.0 	36.9 	0.000000E+0	0.000000E+0	0.000000E+0	0.000000E+0	0.000000E+0	0.000000E+0	0.000000E+0	0.000000E+0
100.0   	117     	2.334127E-2 	8.473048E-5	-9.20E-1   	100.00    	3925.98	23.0 	36.9 	0.000000E+0	0.000000E+0	0.000000E+0	0.000000E+0	0.000000E+0	0.000000E+0	0.000000E+0	0.000000E+0
100.0   	118     	2.190430E-2 	1.464509E-4	-2.92E-1   	100.00    	3927.89	23.0 	36.9 	0.000000E+0	0.000000E+0	0.000000E+0	0.000000E+0	0.000000E+0	0.000000E+0	0.000000E+0	0.000000E+0
100.0   	119     	2.223608E-2 	1.128196E-4	-4.51E-1   	100.00    	3929.82	23.0 	36.9 	0.000000E+0	0.000000E+0	0.000000E+0	0.000000E+0	0.000000E+0	0.000000E+0	0.000000E+0	0.000000E+0
100.0   	120     	4.089510E-2 	1.531264E-4	-5.20E-1   	100.00    	3931.73	23.1 	36.9 	0.000000E+0	0.000000E+0	0.000000E+0	0.000000E+0	0.000000E+0	0.000000E+0	0.000000E+0	0.000000E+0
100.0   	121     	2.246150E-2 	7.377615E-5	-6.44E-1   	100.00    	3933.65	23.0 	36.9 	0.000000E+0	0.000000E+0	0.000000E+0	0.000000E+0	0.000000E+0	0.000000E+0	0.000000E+0	0.000000E+0
100.0   	122     	4.031161E-2 	8.781194E-5	-8.61E-1   	100.00    	3935.56	23.0 	36.9 	0.000000E+0	0.000000E+0	0.000000E+0	0.000000E+0	0.000000E+0	0.000000E+0	0.000000E+0	0.000000E+0
100.0   	123     	1.136316E-1 	3.300338E-5	-2.42E-1   	100.00    	3937.47	23.1 	36.9 	0.000000E+0	0.000000E+0	0.000000E+0	0.000000E+0	0.000000E+0	0.000000E+0	0.000000E+0	0.000000E+0
100.0   	124     	2.500458E-2 	1.399925E-5	-6.10E-1   	100.00    	3939.39	23.1 	36.9 	0.000000E+0	0.000000E+0	0.000000E+0	0.000000E+0	0.000000E+0	0.000000E+0	0.000000E+0	0.000000E+0
100.0   	125     	2.356256E-2 	9.343522E-4	-7.00E-1   	100.00    	3941.30	23.1 	36.9 	0.000000E+0	0.000000E+0	0.000000E+0	0.000000E+0	0.000000E+0	0.000000E+0	0.000000E+0	0.000000E+0
100.0   	126     	2.596130E-2 	4.258134E-5	-8.37E-1   	100.00    	3943.21	23.1 	36.9 	0.000000E+0	0.000000E+0	0.000000E+0	0.000000E+0	0.000000E+0	0.000000E+0	0.000000E+0	0.000000E+0
100.0   	127     	2.621583E-2 	1.824228E-4	-7.56E-1   	100.00    	3945.12	23.1 	36.9 	0.000000E+0	0.000000E+0	0.000000E+0	0.000000E+0	0.000000E+0	0.000000E+0	0.000000E+0	0.000000E+0
100.0   	128     	2.599548E-2 	1.310225E-4	-7.19E-1   	100.00    	3947.04	23.0 	36.9 	0.000000E+0	0.000000E+0	0.000000E+0	0.000000E+0	0.000000E+0	0.000000E+0	0.000000E+0	0.000000E+0
100.0   	129     	2.208761E-2 	5.022816E-5	-7.73E-1   	100.00    	3948.95	23.1 	36.8 	0.000000E+0	0.000000E+0	0.000000E+0	0.000000E+0	0.000000E+0	0.000000E+0	0.000000E+0	0.000000E+0
100.0   	130     	9.550702E-2 	1.573728E-4	-6.49E-1   	100.00    	3950.86	23.1 	36.8 	0.000000E+0	0.000000E+0	0.000000E+0	0.000000E+0	0.000000E+0	0.000000E+0	0.000000E+0	0.000000E+0
100.0   	131     	1.218267E-1 	1.311148E-4	-9.60E-1   	100.00    	3952.78	23.1 	36.8 	0.000000E+0	0.000000E+0	0.000000E+0	0.000000E+0	0.000000E+0	0.000000E+0	0.000000E+0	0.000000E+0
100.0   	132     	1.563378E-1 	1.477797E-4	-6.11E-1   	100.00    	3954.70	23.1 	36.8 	0.000000E+0	0.000000E+0	0.000000E+0	0.000000E+0	0.000000E+0	0.000000E+0	0.000000E+0	0.000000E+0
100.0   	133     	2.350146E-2 	9.243996E-5	-4.14E-1   	100.00    	3956.62	23.1 	36.8 	0.000000E+0	0.000000E+0	0.000000E+0	0.000000E+0	0.000000E+0	0.000000E+0	0.000000E+0	0.000000E+0
100.0   	134     	2.240639E-2 	2.575435E-4	-6.81E-1   	100.00    	3958.54	23.1 	36.8 	0.000000E+0	0.000000E+0	0.000000E+0	0.000000E+0	0.000000E+0	0.000000E+0	0.000000E+0	0.000000E+0
100.0   	135     	2.267645E-2 	1.168755E-4	-7.51E-1   	100.00    	3960.47	23.1 	36.8 	0.000000E+0	0.000000E+0	0.000000E+0	0.000000E+0	0.000000E+0	0.000000E+0	0.000000E+0	0.000000E+0
100.0   	136     	2.041321E-2 	1.369698E-4	-7.78E-1   	100.00    	3962.38	23.1 	36.8 	0.000000E+0	0.000000E+0	0.000000E+0	0.000000E+0	0.000000E+0	0.000000E+0	0.000000E+0	0.000000E+0
100.0   	137     	7.775585E-3 	6.602332E-5	-5.57E-1   	100.00    	3964.29	23.1 	36.8 	0.000000E+0	0.000000E+0	0.000000E+0	0.000000E+0	0.000000E+0	0.000000E+0	0.000000E+0	0.000000E+0
100.0   	138     	3.388566E-2 	1.029978E-4	-5.33E-1   	100.00    	3966.20	23.1 	36.8 	0.000000E+0	0.000000E+0	0.000000E+0	0.000000E+0	0.000000E+0	0.000000E+0	0.000000E+0	0.000000E+0
100.0   	139     	2.219176E-2 	6.008088E-5	-9.02E-1   	100.00    	3968.13	23.1 	36.8 	0.000000E+0	0.000000E+0	0.000000E+0	0.000000E+0	0.000000E+0	0.000000E+0	0.000000E+0	0.000000E+0
100.0   	140     	-7.008789E-3	3.245522E-5	-5.69E-1   	100.00    	3970.04	23.0 	36.8 	0.000000E+0	0.000000E+0	0.000000E+0	0.000000E+0	0.000000E+0	0.000000E+0	0.000000E+0	0.000000E+0
100.0   	141     	4.252662E-3 	6.490318E-5	-7.38E-1   	100.00    	3971.97	23.1 	36.8 	0.000000E+0	0.000000E+0	0.000000E+0	0.000000E+0	0.000000E+0	0.000000E+0	0.000000E+0	0.000000E+0
100.0   	142     	2.636304E-2 	1.233301E-4	-3.78E-1   	100.00    	3973.88	23.1 	36.8 	0.000000E+0	0.000000E+0	0.000000E+0	0.000000E+0	0.000000E+0	0.000000E+0	0.000000E+0	0.000000E+0
100.0   	143     	6.216019E-2 	4.294743E-5	-5.87E-1   	100.00    	3975.80	23.1 	36.8 	0.000000E+0	0.000000E+0	0.000000E+0	0.000000E+0	0.000000E+0	0.000000E+0	0.000000E+0	0.000000E+0
100.0   	144     	2.199104E-2 	1.783316E-4	-5.54E-1   	100.00    	3977.72	23.1 	36.8 	0.000000E+0	0.000000E+0	0.000000E+0	0.000000E+0	0.000000E+0	0.000000E+0	0.000000E+0	0.000000E+0
100.0   	145     	2.341377E-2 	9.432638E-5	-4.39E-1   	100.00    	3979.64	23.1 	36.8 	0.000000E+0	0.000000E+0	0.000000E+0	0.000000E+0	0.000000E+0	0.000000E+0	0.000000E+0	0.000000E+0
100.0   	146     	9.258302E-2 	1.272498E-4	-7.64E-1   	100.00    	3981.56	23.1 	36.8 	0.000000E+0	0.000000E+0	0.000000E+0	0.000000E+0	0.000000E+0	0.000000E+0	0.000000E+0	0.000000E+0
100.0   	147     	1.183218E-1 	1.207460E-4	-7.46E-1   	100.00    	3983.47	23.1 	36.8 	0.000000E+0	0.000000E+0	0.000000E+0	0.000000E+0	0.000000E+0	0.000000E+0	0.000000E+0	0.000000E+0
100.0   	148     	2.901757E-2 	1.289817E-4	-7.39E-1   	100.00    	3985.38	23.1 	36.8 	0.000000E+0	0.000000E+0	0.000000E+0	0.000000E+0	0.000000E+0	0.000000E+0	0.000000E+0	0.000000E+0
100.0   	149     	2.247352E-2 	8.815552E-5	-7.35E-1   	100.00    	3987.31	23.1 	36.8 	0.000000E+0	0.000000E+0	0.000000E+0	0.000000E+0	0.000000E+0	0.000000E+0	0.000000E+0	0.000000E+0
100.0   	150     	2.224780E-2 	4.662515E-5	-4.21E-1   	100.00    	3989.22	23.1 	36.8 	0.000000E+0	0.000000E+0	0.000000E+0	0.000000E+0	0.000000E+0	0.000000E+0	0.000000E+0	0.000000E+0
100.0   	151     	3.517960E-1 	1.146105E-4	-5.23E-1   	100.00    	3991.13	23.1 	36.9 	0.000000E+0	0.000000E+0	0.000000E+0	0.000000E+0	0.000000E+0	0.000000E+0	0.000000E+0	0.000000E+0
100.0   	152     	3.153788E-2 	1.027739E-4	-6.82E-1   	100.00    	3993.05	23.1 	36.9 	0.000000E+0	0.000000E+0	0.000000E+0	0.000000E+0	0.000000E+0	0.000000E+0	0.000000E+0	0.000000E+0
100.0   	153     	2.186283E-2 	1.329054E-4	-6.18E-1   	100.00    	3994.97	23.1 	36.9 	0.000000E+0	0.000000E+0	0.000000E+0	0.000000E+0	0.000000E+0	0.000000E+0	0.000000E+0	0.000000E+0
100.0   	154     	4.261066E-2 	1.423557E-4	-5.39E-1   	100.00    	3996.88	23.1 	36.9 	0.000000E+0	0.000000E+0	0.000000E+0	0.000000E+0	0.000000E+0	0.000000E+0	0.000000E+0	0.000000E+0
100.0   	155     	2.201099E-2 	2.546794E-4	-5.69E-1   	100.00    	3998.80	23.1 	36.9 	0.000000E+0	0.000000E+0	0.000000E+0	0.000000E+0	0.000000E+0	0.000000E+0	0.000000E+0	0.000000E+0
100.0   	156     	2.101946E-2 	3.988568E-5	-7.55E-1   	100.00    	4000.71	23.1 	36.9 	0.000000E+0	0.000000E+0	0.000000E+0	0.000000E+0	0.000000E+0	0.000000E+0	0.000000E+0	0.000000E+0
100.0   	157     	2.702882E-2 	9.010331E-5	-7.85E-1   	100.00    	4002.62	23.1 	36.9 	0.000000E+0	0.000000E+0	0.000000E+0	0.000000E+0	0.000000E+0	0.000000E+0	0.000000E+0	0.000000E+0
100.0   	158     	2.653020E-2 	9.261996E-5	-2.96E-1   	100.00    	4004.54	23.1 	36.8 	0.000000E+0	0.000000E+0	0.000000E+0	0.000000E+0	0.000000E+0	0.000000E+0	0.000000E+0	0.000000E+0
100.0   	159     	2.195021E-2 	6.679174E-5	-7.53E-1   	100.00    	4006.46	23.1 	36.8 	0.000000E+0	0.000000E+0	0.000000E+0	0.000000E+0	0.000000E+0	0.000000E+0	0.000000E+0	0.000000E+0
100.0   	160     	2.368318E-2 	4.313329E-5	-6.14E-1   	100.00    	4008.36	23.1 	36.8 	0.000000E+0	0.000000E+0	0.000000E+0	0.000000E+0	0.000000E+0	0.000000E+0	0.000000E+0	0.000000E+0
100.0   	161     	2.348974E-2 	8.464371E-5	-7.39E-1   	100.00    	4010.27	23.1 	36.8 	0.000000E+0	0.000000E+0	0.000000E+0	0.000000E+0	0.000000E+0	0.000000E+0	0.000000E+0	0.000000E+0
100.0   	162     	9.363158E-2 	1.608439E-4	-5.54E-1   	100.00    	4012.18	23.1 	36.8 	0.000000E+0	0.000000E+0	0.000000E+0	0.000000E+0	0.000000E+0	0.000000E+0	0.000000E+0	0.000000E+0
100.0   	163     	1.026168E-1 	1.344622E-4	-6.29E-1   	100.00    	4014.11	23.1 	36.8 	0.000000E+0	0.000000E+0	0.000000E+0	0.000000E+0	0.000000E+0	0.000000E+0	0.000000E+0	0.000000E+0
100.0   	164     	1.386016E-3 	1.046785E-4	-6.09E-1   	100.00    	4016.02	23.1 	36.8 	0.000000E+0	0.000000E+0	0.000000E+0	0.000000E+0	0.000000E+0	0.000000E+0	0.000000E+0	0.000000E+0
100.0   	165     	2.581662E-2 	8.633650E-5	-6.61E-1   	100.00    	4017.95	23.1 	36.8 	0.000000E+0	0.000000E+0	0.000000E+0	0.000000E+0	0.000000E+0	0.000000E+0	0.000000E+0	0.000000E+0
100.0   	166     	2.272108E-2 	8.394656E-5	-8.00E-1   	100.00    	4019.86	23.1 	36.8 	0.000000E+0	0.000000E+0	0.000000E+0	0.000000E+0	0.000000E+0	0.000000E+0	0.000000E+0	0.000000E+0
100.0   	167     	1.337925E-1 	3.028713E-5	-3.34E-1   	100.00    	4021.78	23.1 	36.9 	0.000000E+0	0.000000E+0	0.000000E+0	0.000000E+0	0.000000E+0	0.000000E+0	0.000000E+0	0.000000E+0
100.0   	168     	4.100336E-2 	5.674580E-5	-2.89E-1   	100.00    	4023.69	23.1 	36.8 	0.000000E+0	0.000000E+0	0.000000E+0	0.000000E+0	0.000000E+0	0.000000E+0	0.000000E+0	0.000000E+0
100.0   	169     	2.401178E-2 	9.370026E-5	-6.31E-1   	100.00    	4025.60	23.1 	36.8 	0.000000E+0	0.000000E+0	0.000000E+0	0.000000E+0	0.000000E+0	0.000000E+0	0.000000E+0	0.000000E+0
100.0   	170     	7.335705E-2 	9.682164E-5	-4.24E-1   	100.00    	4027.51	23.1 	36.9 	0.000000E+0	0.000000E+0	0.000000E+0	0.000000E+0	0.000000E+0	0.000000E+0	0.000000E+0	0.000000E+0
100.0   	171     	3.672888E-2 	6.251989E-5	-8.73E-1   	100.00    	4029.44	23.1 	36.9 	0.000000E+0	0.000000E+0	0.000000E+0	0.000000E+0	0.000000E+0	0.000000E+0	0.000000E+0	0.000000E+0
100.0   	172     	2.245105E-2 	5.580931E-5	-6.45E-1   	100.00    	4031.36	23.1 	36.8 	0.000000E+0	0.000000E+0	0.000000E+0	0.000000E+0	0.000000E+0	0.000000E+0	0.000000E+0	0.000000E+0
100.0   	173     	3.575379E-2 	9.988854E-5	-7.33E-1   	100.00    	4033.28	23.1 	36.8 	0.000000E+0	0.000000E+0	0.000000E+0	0.000000E+0	0.000000E+0	0.000000E+0	0.000000E+0	0.000000E+0
100.0   	174     	2.604171E-2 	5.279609E-5	-6.06E-1   	100.00    	4035.20	23.1 	36.9 	0.000000E+0	0.000000E+0	0.000000E+0	0.000000E+0	0.000000E+0	0.000000E+0	0.000000E+0	0.000000E+0
100.0   	175     	2.574095E-2 	1.718932E-4	-6.03E-1   	100.00    	4037.11	23.1 	36.8 	0.000000E+0	0.000000E+0	0.000000E+0	0.000000E+0	0.000000E+0	0.000000E+0	0.000000E+0	0.000000E+0
100.0   	176     	2.265840E-2 	7.459661E-5	-6.78E-1   	100.00    	4039.02	23.1 	36.8 	0.000000E+0	0.000000E+0	0.000000E+0	0.000000E+0	0.000000E+0	0.000000E+0	0.000000E+0	0.000000E+0
100.0   	177     	2.826854E-2 	3.562877E-5	-4.18E-1   	100.00    	4040.95	23.1 	36.9 	0.000000E+0	0.000000E+0	0.000000E+0	0.000000E+0	0.000000E+0	0.000000E+0	0.000000E+0	0.000000E+0
100.0   	178     	9.515368E-2 	1.351553E-4	-8.43E-1   	100.00    	4042.86	23.1 	36.8 	0.000000E+0	0.000000E+0	0.000000E+0	0.000000E+0	0.000000E+0	0.000000E+0	0.000000E+0	0.000000E+0
100.0   	179     	1.175879E-1 	9.150117E-5	-3.39E-1   	100.00    	4044.79	23.1 	36.9 	0.000000E+0	0.000000E+0	0.000000E+0	0.000000E+0	0.000000E+0	0.000000E+0	0.000000E+0	0.000000E+0
100.0   	180     	2.880452E-2 	3.988980E-5	-5.39E-1   	100.00    	4046.70	23.1 	36.8 	0.000000E+0	0.000000E+0	0.000000E+0	0.000000E+0	0.000000E+0	0.000000E+0	0.000000E+0	0.000000E+0
100.0   	181     	6.686397E-2 	4.058706E-5	-3.82E-1   	100.00    	4048.61	23.1 	36.8 	0.000000E+0	0.000000E+0	0.000000E+0	0.000000E+0	0.000000E+0	0.000000E+0	0.000000E+0	0.000000E+0
100.0   	182     	2.237032E-2 	1.160012E-4	-8.43E-1   	100.00    	4050.53	23.1 	36.8 	0.000000E+0	0.000000E+0	0.000000E+0	0.000000E+0	0.000000E+0	0.000000E+0	0.000000E+0	0.000000E+0
100.0   	183     	2.190905E-2 	6.903883E-5	-7.45E-1   	100.00    	4052.44	23.1 	36.8 	0.000000E+0	0.000000E+0	0.000000E+0	0.000000E+0	0.000000E+0	0.000000E+0	0.000000E+0	0.000000E+0
100.0   	184     	4.288987E-2 	7.264456E-5	-6.01E-1   	100.00    	4054.35	23.1 	36.8 	0.000000E+0	0.000000E+0	0.000000E+0	0.000000E+0	0.000000E+0	0.000000E+0	0.000000E+0	0.000000E+0
100.0   	185     	2.317411E-2 	1.268015E-4	-5.89E-1   	100.00    	4056.26	23.1 	36.8 	0.000000E+0	0.000000E+0	0.000000E+0	0.000000E+0	0.000000E+0	0.000000E+0	0.000000E+0	0.000000E+0
100.0   	186     	1.194868E-1 	1.513411E-4	-5.91E-1   	100.00    	4058.19	23.1 	36.8 	0.000000E+0	0.000000E+0	0.000000E+0	0.000000E+0	0.000000E+0	0.000000E+0	0.000000E+0	0.000000E+0
100.0   	187     	3.241987E-2 	2.614304E-5	-8.93E-1   	100.00    	4060.10	23.1 	36.8 	0.000000E+0	0.000000E+0	0.000000E+0	0.000000E+0	0.000000E+0	0.000000E+0	0.000000E+0	0.000000E+0
100.0   	188     	2.121953E-2 	2.757581E-4	-8.63E-1   	100.00    	4062.03	23.1 	36.8 	0.000000E+0	0.000000E+0	0.000000E+0	0.000000E+0	0.000000E+0	0.000000E+0	0.000000E+0	0.000000E+0
100.0   	189     	2.726086E-2 	1.004717E-4	-8.78E-1   	100.00    	4063.94	23.1 	36.8 	0.000000E+0	0.000000E+0	0.000000E+0	0.000000E+0	0.000000E+0	0.000000E+0	0.000000E+0	0.000000E+0
100.0   	190     	3.879996E-2 	1.006302E-4	-7.37E-1   	100.00    	4065.87	23.1 	36.8 	0.000000E+0	0.000000E+0	0.000000E+0	0.000000E+0	0.000000E+0	0.000000E+0	0.000000E+0	0.000000E+0
100.0   	191     	2.509988E-2 	4.060910E-5	-5.17E-1   	100.00    	4067.77	23.1 	36.8 	0.000000E+0	0.000000E+0	0.000000E+0	0.000000E+0	0.000000E+0	0.000000E+0	0.000000E+0	0.000000E+0
100.0   	192     	2.232409E-2 	3.773860E-5	-5.65E-1   	100.00    	4069.70	23.1 	36.8 	0.000000E+0	0.000000E+0	0.000000E+0	0.000000E+0	0.000000E+0	0.000000E+0	0.000000E+0	0.000000E+0
100.0   	193     	2.783926E-2 	1.625284E-4	-5.71E-1   	100.00    	4071.61	23.1 	36.8 	0.000000E+0	0.000000E+0	0.000000E+0	0.000000E+0	0.000000E+0	0.000000E+0	0.000000E+0	0.000000E+0
100.0   	194     	9.950986E-2 	8.969899E-5	-7.31E-1   	100.00    	4073.54	23.1 	36.8 	0.000000E+0	0.000000E+0	0.000000E+0	0.000000E+0	0.000000E+0	0.000000E+0	0.000000E+0	0.000000E+0
100.0   	195     	1.020054E-1 	7.758056E-5	-6.19E-1   	100.00    	4075.45	23.1 	36.8 	0.000000E+0	0.000000E+0	0.000000E+0	0.000000E+0	0.000000E+0	0.000000E+0	0.000000E+0	0.000000E+0
100.0   	196     	2.477760E-2 	2.123442E-4	-3.59E-1   	100.00    	4077.38	23.1 	36.8 	0.000000E+0	0.000000E+0	0.000000E+0	0.000000E+0	0.000000E+0	0.000000E+0	0.000000E+0	0.000000E+0
100.0   	197     	2.241178E-2 	9.884395E-5	-4.29E-1   	100.00    	4079.30	23.1 	36.8 	0.000000E+0	0.000000E+0	0.000000E+0	0.000000E+0	0.000000E+0	0.000000E+0	0.000000E+0	0.000000E+0
100.0   	198     	2.403553E-2 	1.457733E-4	-3.70E-1   	100.00    	4081.22	23.1 	36.8 	0.000000E+0	0.000000E+0	0.000000E+0	0.000000E+0	0.000000E+0	0.000000E+0	0.000000E+0	0.000000E+0
100.0   	199     	3.922257E-2 	4.200448E-5	-7.70E-1   	100.00    	4083.14	23.1 	36.8 	0.000000E+0	0.000000E+0	0.000000E+0	0.000000E+0	0.000000E+0	0.000000E+0	0.000000E+0	0.000000E+0
100.0   	200     	-2.618758E-2	7.333496E-5	-5.88E-1   	100.00    	4085.05	23.1 	36.8 	0.000000E+0	0.000000E+0	0.000000E+0	0.000000E+0	0.000000E+0	0.000000E+0	0.000000E+0	0.000000E+0
100.0   	201     	2.117932E-2 	5.401788E-5	-8.08E-1   	100.00    	4086.96	23.1 	36.8 	0.000000E+0	0.000000E+0	0.000000E+0	0.000000E+0	0.000000E+0	0.000000E+0	0.000000E+0	0.000000E+0
100.0   	202     	3.236829E-2 	2.400593E-4	-3.50E-1   	100.00    	4088.89	23.1 	36.8 	0.000000E+0	0.000000E+0	0.000000E+0	0.000000E+0	0.000000E+0	0.000000E+0	0.000000E+0	0.000000E+0
100.0   	203     	2.456296E-2 	8.866264E-5	-5.57E-1   	100.00    	4090.81	23.1 	36.8 	0.000000E+0	0.000000E+0	0.000000E+0	0.000000E+0	0.000000E+0	0.000000E+0	0.000000E+0	0.000000E+0
100.0   	204     	2.789423E-3 	1.417524E-4	-3.48E-1   	100.00    	4092.72	23.1 	36.8 	0.000000E+0	0.000000E+0	0.000000E+0	0.000000E+0	0.000000E+0	0.000000E+0	0.000000E+0	0.000000E+0
100.0   	205     	1.068315E-1 	1.852466E-4	-4.74E-1   	100.00    	4094.64	23.1 	36.8 	0.000000E+0	0.000000E+0	0.000000E+0	0.000000E+0	0.000000E+0	0.000000E+0	0.000000E+0	0.000000E+0
100.0   	206     	3.714486E-2 	5.437244E-5	-6.63E-1   	100.00    	4096.56	23.1 	36.8 	0.000000E+0	0.000000E+0	0.000000E+0	0.000000E+0	0.000000E+0	0.000000E+0	0.000000E+0	0.000000E+0
100.0   	207     	2.578432E-2 	1.668446E-4	-6.18E-1   	100.00    	4098.48	23.1 	36.8 	0.000000E+0	0.000000E+0	0.000000E+0	0.000000E+0	0.000000E+0	0.000000E+0	0.000000E+0	0.000000E+0
100.0   	208     	2.358092E-2 	1.057856E-4	-8.57E-1   	100.00    	4100.40	23.1 	36.8 	0.000000E+0	0.000000E+0	0.000000E+0	0.000000E+0	0.000000E+0	0.000000E+0	0.000000E+0	0.000000E+0
100.0   	209     	5.971331E-2 	1.316503E-4	-4.88E-1   	100.00    	4102.31	23.1 	36.8 	0.000000E+0	0.000000E+0	0.000000E+0	0.000000E+0	0.000000E+0	0.000000E+0	0.000000E+0	0.000000E+0
100.0   	210     	1.065925E-1 	1.104597E-4	-3.64E-1   	100.00    	4104.24	23.1 	36.8 	0.000000E+0	0.000000E+0	0.000000E+0	0.000000E+0	0.000000E+0	0.000000E+0	0.000000E+0	0.000000E+0
100.0   	211     	1.148985E-1 	2.600645E-4	-7.08E-1   	100.00    	4106.15	23.1 	36.8 	0.000000E+0	0.000000E+0	0.000000E+0	0.000000E+0	0.000000E+0	0.000000E+0	0.000000E+0	0.000000E+0
100.0   	212     	2.509830E-2 	2.443169E-4	-3.67E-1   	100.00    	4108.07	23.1 	36.8 	0.000000E+0	0.000000E+0	0.000000E+0	0.000000E+0	0.000000E+0	0.000000E+0	0.000000E+0	0.000000E+0
100.0   	213     	2.404155E-2 	1.584929E-4	-7.57E-1   	100.00    	4109.97	23.1 	36.8 	0.000000E+0	0.000000E+0	0.000000E+0	0.000000E+0	0.000000E+0	0.000000E+0	0.000000E+0	0.000000E+0
100.0   	214     	1.911118E-1 	1.661037E-4	-7.88E-1   	100.00    	4111.88	23.1 	36.8 	0.000000E+0	0.000000E+0	0.000000E+0	0.000000E+0	0.000000E+0	0.000000E+0	0.000000E+0	0.000000E+0
100.0   	215     	1.279668E-1 	7.670724E-5	-5.83E-1   	100.00    	4113.81	23.1 	36.8 	0.000000E+0	0.000000E+0	0.000000E+0	0.000000E+0	0.000000E+0	0.000000E+0	0.000000E+0	0.000000E+0
100.0   	216     	6.241917E-2 	1.427503E-4	-6.55E-1   	100.00    	4115.72	23.1 	36.8 	0.000000E+0	0.000000E+0	0.000000E+0	0.000000E+0	0.000000E+0	0.000000E+0	0.000000E+0	0.000000E+0
100.0   	217     	1.087351E-1 	7.700015E-5	-4.02E-1   	100.00    	4117.65	23.1 	36.8 	0.000000E+0	0.000000E+0	0.000000E+0	0.000000E+0	0.000000E+0	0.000000E+0	0.000000E+0	0.000000E+0
100.0   	218     	2.730992E-2 	3.070659E-5	-5.66E-1   	100.00    	4119.56	23.1 	36.8 	0.000000E+0	0.000000E+0	0.000000E+0	0.000000E+0	0.000000E+0	0.000000E+0	0.000000E+0	0.000000E+0
100.0   	219     	2.162381E-2 	1.526814E-4	-3.16E-1   	100.00    	4121.49	23.1 	36.8 	0.000000E+0	0.000000E+0	0.000000E+0	0.000000E+0	0.000000E+0	0.000000E+0	0.000000E+0	0.000000E+0
100.0   	220     	4.978849E-2 	6.375606E-5	-8.56E-1   	100.00    	4123.40	23.1 	36.8 	0.000000E+0	0.000000E+0	0.000000E+0	0.000000E+0	0.000000E+0	0.000000E+0	0.000000E+0	0.000000E+0
100.0   	221     	2.220601E-2 	1.173566E-4	-4.35E-1   	100.00    	4125.33	23.1 	36.8 	0.000000E+0	0.000000E+0	0.000000E+0	0.000000E+0	0.000000E+0	0.000000E+0	0.000000E+0	0.000000E+0
100.0   	222     	3.109943E-2 	7.473046E-5	-6.70E-1   	100.00    	4127.24	23.1 	36.8 	0.000000E+0	0.000000E+0	0.000000E+0	0.000000E+0	0.000000E+0	0.000000E+0	0.000000E+0	0.000000E+0
100.0   	223     	1.024582E-1 	1.290819E-4	-6.81E-1   	100.00    	4129.16	23.1 	36.8 	0.000000E+0	0.000000E+0	0.000000E+0	0.000000E+0	0.000000E+0	0.000000E+0	0.000000E+0	0.000000E+0
100.0   	224     	2.819193E-2 	1.154436E-4	-6.70E-1   	100.00    	4131.07	23.1 	36.8 	0.000000E+0	0.000000E+0	0.000000E+0	0.000000E+0	0.000000E+0	0.000000E+0	0.000000E+0	0.000000E+0
100.0   	225     	4.394441E-2 	1.859449E-4	-4.10E-1   	100.00    	4133.00	23.1 	36.8 	0.000000E+0	0.000000E+0	0.000000E+0	0.000000E+0	0.000000E+0	0.000000E+0	0.000000E+0	0.000000E+0
100.0   	226     	1.134158E-1 	3.807313E-5	-5.58E-1   	100.00    	4134.91	23.1 	36.8 	0.000000E+0	0.000000E+0	0.000000E+0	0.000000E+0	0.000000E+0	0.000000E+0	0.000000E+0	0.000000E+0
100.0   	227     	1.364606E-1 	1.569627E-4	-3.67E-1   	100.00    	4136.82	23.1 	36.8 	0.000000E+0	0.000000E+0	0.000000E+0	0.000000E+0	0.000000E+0	0.000000E+0	0.000000E+0	0.000000E+0
100.0   	228     	2.742993E-2 	6.046886E-5	-5.16E-1   	100.00    	4138.74	23.1 	36.8 	0.000000E+0	0.000000E+0	0.000000E+0	0.000000E+0	0.000000E+0	0.000000E+0	0.000000E+0	0.000000E+0
100.0   	229     	2.604994E-2 	8.974411E-5	-9.40E-1   	100.00    	4140.67	23.1 	36.8 	0.000000E+0	0.000000E+0	0.000000E+0	0.000000E+0	0.000000E+0	0.000000E+0	0.000000E+0	0.000000E+0
100.0   	230     	2.859367E-2 	6.783678E-5	-7.53E-1   	100.00    	4142.58	23.1 	36.8 	0.000000E+0	0.000000E+0	0.000000E+0	0.000000E+0	0.000000E+0	0.000000E+0	0.000000E+0	0.000000E+0
100.0   	231     	2.691137E-2 	5.458666E-5	-7.13E-1   	100.00    	4144.49	23.1 	36.8 	0.000000E+0	0.000000E+0	0.000000E+0	0.000000E+0	0.000000E+0	0.000000E+0	0.000000E+0	0.000000E+0
100.0   	232     	-1.292903E-2	6.988599E-5	-5.05E-1   	100.00    	4146.41	23.1 	36.8 	0.000000E+0	0.000000E+0	0.000000E+0	0.000000E+0	0.000000E+0	0.000000E+0	0.000000E+0	0.000000E+0
100.0   	233     	6.988607E-2 	1.164372E-4	-7.44E-1   	100.00    	4148.34	23.1 	36.8 	0.000000E+0	0.000000E+0	0.000000E+0	0.000000E+0	0.000000E+0	0.000000E+0	0.000000E+0	0.000000E+0
100.0   	234     	2.988090E-2 	9.314849E-5	-5.89E-1   	100.00    	4150.25	23.1 	36.8 	0.000000E+0	0.000000E+0	0.000000E+0	0.000000E+0	0.000000E+0	0.000000E+0	0.000000E+0	0.000000E+0
100.0   	235     	2.630542E-2 	1.016774E-4	-3.06E-1   	100.00    	4152.18	23.1 	36.8 	0.000000E+0	0.000000E+0	0.000000E+0	0.000000E+0	0.000000E+0	0.000000E+0	0.000000E+0	0.000000E+0
100.0   	236     	1.064861E-1 	1.084566E-4	-8.10E-1   	100.00    	4154.09	23.1 	36.8 	0.000000E+0	0.000000E+0	0.000000E+0	0.000000E+0	0.000000E+0	0.000000E+0	0.000000E+0	0.000000E+0
100.0   	237     	1.599436E-2 	1.776944E-4	-8.36E-1   	100.00    	4156.01	23.1 	36.8 	0.000000E+0	0.000000E+0	0.000000E+0	0.000000E+0	0.000000E+0	0.000000E+0	0.000000E+0	0.000000E+0
100.0   	238     	2.875640E-2 	7.964815E-4	-6.50E-1   	100.00    	4157.92	23.1 	36.8 	0.000000E+0	0.000000E+0	0.000000E+0	0.000000E+0	0.000000E+0	0.000000E+0	0.000000E+0	0.000000E+0
100.0   	239     	2.655046E-2 	2.605249E-4	-8.30E-1   	100.00    	4159.85	23.1 	36.8 	0.000000E+0	0.000000E+0	0.000000E+0	0.000000E+0	0.000000E+0	0.000000E+0	0.000000E+0	0.000000E+0
100.0   	240     	2.981632E-2 	7.618715E-5	-4.93E-1   	100.00    	4161.76	23.1 	36.8 	0.000000E+0	0.000000E+0	0.000000E+0	0.000000E+0	0.000000E+0	0.000000E+0	0.000000E+0	0.000000E+0
100.0   	241     	1.237024E-1 	2.109566E-4	-9.12E-1   	100.00    	4163.68	23.1 	36.8 	0.000000E+0	0.000000E+0	0.000000E+0	0.000000E+0	0.000000E+0	0.000000E+0	0.000000E+0	0.000000E+0
100.0   	242     	2.266722E-1 	8.678308E-5	-7.99E-1   	100.00    	4165.59	23.1 	36.8 	0.000000E+0	0.000000E+0	0.000000E+0	0.000000E+0	0.000000E+0	0.000000E+0	0.000000E+0	0.000000E+0
100.0   	243     	1.951929E-1 	2.068765E-4	-7.25E-1   	100.00    	4167.50	23.1 	36.8 	0.000000E+0	0.000000E+0	0.000000E+0	0.000000E+0	0.000000E+0	0.000000E+0	0.000000E+0	0.000000E+0
100.0   	244     	2.885864E-1 	8.551762E-5	-4.90E-1   	100.00    	4169.42	23.1 	36.8 	0.000000E+0	0.000000E+0	0.000000E+0	0.000000E+0	0.000000E+0	0.000000E+0	0.000000E+0	0.000000E+0
100.0   	245     	1.034408E-1 	1.316101E-4	-6.73E-1   	100.00    	4171.33	23.1 	36.8 	0.000000E+0	0.000000E+0	0.000000E+0	0.000000E+0	0.000000E+0	0.000000E+0	0.000000E+0	0.000000E+0
100.0   	246     	1.048278E-1 	8.049863E-5	-4.76E-1   	100.00    	4173.24	23.1 	36.8 	0.000000E+0	0.000000E+0	0.000000E+0	0.000000E+0	0.000000E+0	0.000000E+0	0.000000E+0	0.000000E+0
100.0   	247     	1.036809E-1 	1.039008E-4	-5.49E-1   	100.00    	4175.16	23.1 	36.8 	0.000000E+0	0.000000E+0	0.000000E+0	0.000000E+0	0.000000E+0	0.000000E+0	0.000000E+0	0.000000E+0
100.0   	248     	1.010425E-1 	3.481326E-5	-6.97E-1   	100.00    	4177.08	23.1 	36.8 	0.000000E+0	0.000000E+0	0.000000E+0	0.000000E+0	0.000000E+0	0.000000E+0	0.000000E+0	0.000000E+0
100.0   	249     	1.164153E-1 	1.306427E-4	-5.48E-1   	100.00    	4179.00	23.1 	36.8 	0.000000E+0	0.000000E+0	0.000000E+0	0.000000E+0	0.000000E+0	0.000000E+0	0.000000E+0	0.000000E+0
100.0   	250     	1.081063E-1 	7.824349E-5	-5.31E-1   	100.00    	4180.91	23.1 	36.8 	0.000000E+0	0.000000E+0	0.000000E+0	0.000000E+0	0.000000E+0	0.000000E+0	0.000000E+0	0.000000E+0
100.0   	251     	9.947471E-2 	1.187004E-4	-7.89E-1   	100.00    	4182.82	23.1 	36.8 	0.000000E+0	0.000000E+0	0.000000E+0	0.000000E+0	0.000000E+0	0.000000E+0	0.000000E+0	0.000000E+0
100.0   	252     	9.873738E-2 	2.240771E-4	-8.01E-1   	100.00    	4184.74	23.1 	36.8 	0.000000E+0	0.000000E+0	0.000000E+0	0.000000E+0	0.000000E+0	0.000000E+0	0.000000E+0	0.000000E+0
100.0   	253     	8.363044E-2 	1.737554E-4	-6.94E-1   	100.00    	4186.66	23.1 	36.8 	0.000000E+0	0.000000E+0	0.000000E+0	0.000000E+0	0.000000E+0	0.000000E+0	0.000000E+0	0.000000E+0
100.0   	254     	1.009012E-1 	1.182068E-4	-6.86E-1   	100.00    	4188.59	23.1 	36.8 	0.000000E+0	0.000000E+0	0.000000E+0	0.000000E+0	0.000000E+0	0.000000E+0	0.000000E+0	0.000000E+0
100.0   	255     	1.009440E-1 	9.687946E-5	-6.97E-1   	100.00    	4190.50	23.1 	36.8 	0.000000E+0	0.000000E+0	0.000000E+0	0.000000E+0	0.000000E+0	0.000000E+0	0.000000E+0	0.000000E+0
100.0   	256     	1.064114E-1 	1.128044E-4	-4.57E-1   	100.00    	4192.43	23.1 	36.8 	0.000000E+0	0.000000E+0	0.000000E+0	0.000000E+0	0.000000E+0	0.000000E+0	0.000000E+0	0.000000E+0
100.0   	257     	2.333861E-3 	1.143758E-4	-6.10E-1   	100.00    	4194.34	23.1 	36.8 	0.000000E+0	0.000000E+0	0.000000E+0	0.000000E+0	0.000000E+0	0.000000E+0	0.000000E+0	0.000000E+0
100.0   	258     	1.683603E-3 	1.825912E-4	-7.30E-1   	100.00    	4196.27	23.1 	36.8 	0.000000E+0	0.000000E+0	0.000000E+0	0.000000E+0	0.000000E+0	0.000000E+0	0.000000E+0	0.000000E+0
100.0   	259     	1.485422E-3 	1.286559E-4	-8.49E-1   	100.00    	4198.18	23.1 	36.8 	0.000000E+0	0.000000E+0	0.000000E+0	0.000000E+0	0.000000E+0	0.000000E+0	0.000000E+0	0.000000E+0
100.0   	260     	1.750401E-3 	5.414610E-5	-5.47E-1   	100.00    	4200.09	23.1 	36.8 	0.000000E+0	0.000000E+0	0.000000E+0	0.000000E+0	0.000000E+0	0.000000E+0	0.000000E+0	0.000000E+0
100.0   	261     	1.982139E-3 	1.033187E-4	-5.28E-1   	100.00    	4202.00	23.1 	36.8 	0.000000E+0	0.000000E+0	0.000000E+0	0.000000E+0	0.000000E+0	0.000000E+0	0.000000E+0	0.000000E+0
100.0   	262     	1.480040E-3 	2.750469E-4	-4.55E-1   	100.00    	4203.93	23.1 	36.8 	0.000000E+0	0.000000E+0	0.000000E+0	0.000000E+0	0.000000E+0	0.000000E+0	0.000000E+0	0.000000E+0
100.0   	263     	1.015299E-3 	1.343424E-4	-7.06E-1   	100.00    	4205.84	23.1 	36.8 	0.000000E+0	0.000000E+0	0.000000E+0	0.000000E+0	0.000000E+0	0.000000E+0	0.000000E+0	0.000000E+0
100.0   	264     	-1.848246E-3	3.780887E-4	-3.54E-1   	100.00    	4207.76	23.1 	36.8 	0.000000E+0	0.000000E+0	0.000000E+0	0.000000E+0	0.000000E+0	0.000000E+0	0.000000E+0	0.000000E+0
120.0   	1       	1.007392E-1 	2.423641E-5	7.82E+0    	120.00    	4227.12	23.1 	36.8 	0.000000E+0	0.000000E+0	0.000000E+0	0.000000E+0	0.000000E+0	0.000000E+0	0.000000E+0	0.000000E+0
120.0   	2       	1.943131E-1 	9.520695E-5	-2.55E-1   	120.00    	4228.91	23.1 	36.8 	0.000000E+0	0.000000E+0	0.000000E+0	0.000000E+0	0.000000E+0	0.000000E+0	0.000000E+0	0.000000E+0
120.0   	3       	2.271494E-3 	1.188980E-4	-7.26E-1   	120.00    	4230.83	23.1 	36.8 	0.000000E+0	0.000000E+0	0.000000E+0	0.000000E+0	0.000000E+0	0.000000E+0	0.000000E+0	0.000000E+0
120.0   	4       	1.041740E-1 	2.644170E-5	-8.92E-1   	120.00    	4232.74	23.1 	36.8 	0.000000E+0	0.000000E+0	0.000000E+0	0.000000E+0	0.000000E+0	0.000000E+0	0.000000E+0	0.000000E+0
120.0   	5       	1.102885E-1 	1.421661E-4	-5.77E-2   	120.00    	4234.66	23.1 	36.8 	0.000000E+0	0.000000E+0	0.000000E+0	0.000000E+0	0.000000E+0	0.000000E+0	0.000000E+0	0.000000E+0
120.0   	6       	1.704479E-1 	1.307947E-4	-5.49E-1   	120.00    	4236.59	23.1 	36.8 	0.000000E+0	0.000000E+0	0.000000E+0	0.000000E+0	0.000000E+0	0.000000E+0	0.000000E+0	0.000000E+0
120.0   	7       	9.972734E-2 	1.114350E-4	-9.84E-1   	120.00    	4238.50	23.1 	36.8 	0.000000E+0	0.000000E+0	0.000000E+0	0.000000E+0	0.000000E+0	0.000000E+0	0.000000E+0	0.000000E+0
120.0   	8       	1.078249E-1 	1.872707E-5	-6.21E-1   	120.00    	4240.43	23.1 	36.8 	0.000000E+0	0.000000E+0	0.000000E+0	0.000000E+0	0.000000E+0	0.000000E+0	0.000000E+0	0.000000E+0
120.0   	9       	1.047683E-1 	1.134780E-2	-7.54E-1   	120.00    	4242.34	23.1 	36.8 	0.000000E+0	0.000000E+0	0.000000E+0	0.000000E+0	0.000000E+0	0.000000E+0	0.000000E+0	0.000000E+0
120.0   	10      	1.153744E-1 	3.956298E-3	-2.75E-1   	120.00    	4244.27	23.1 	36.8 	0.000000E+0	0.000000E+0	0.000000E+0	0.000000E+0	0.000000E+0	0.000000E+0	0.000000E+0	0.000000E+0
120.0   	11      	9.983751E-2 	1.434730E-4	-9.17E-1   	120.00    	4246.18	23.1 	36.8 	0.000000E+0	0.000000E+0	0.000000E+0	0.000000E+0	0.000000E+0	0.000000E+0	0.000000E+0	0.000000E+0
120.0   	12      	1.081747E-1 	9.190501E-5	-3.48E-1   	120.00    	4248.10	23.1 	36.8 	0.000000E+0	0.000000E+0	0.000000E+0	0.000000E+0	0.000000E+0	0.000000E+0	0.000000E+0	0.000000E+0
120.0   	13      	1.239926E-1 	1.106042E-4	-8.24E-1   	120.00    	4250.01	23.1 	36.8 	0.000000E+0	0.000000E+0	0.000000E+0	0.000000E+0	0.000000E+0	0.000000E+0	0.000000E+0	0.000000E+0
120.0   	14      	1.012152E-1 	1.297310E-4	-9.03E-1   	120.00    	4251.94	23.1 	36.8 	0.000000E+0	0.000000E+0	0.000000E+0	0.000000E+0	0.000000E+0	0.000000E+0	0.000000E+0	0.000000E+0
120.0   	15      	1.999776E-1 	5.008516E-5	-4.67E-1   	120.00    	4253.85	23.1 	36.8 	0.000000E+0	0.000000E+0	0.000000E+0	0.000000E+0	0.000000E+0	0.000000E+0	0.000000E+0	0.000000E+0
120.0   	16      	1.153338E-1 	3.942983E-4	-6.67E-1   	120.00    	4255.78	23.1 	36.8 	0.000000E+0	0.000000E+0	0.000000E+0	0.000000E+0	0.000000E+0	0.000000E+0	0.000000E+0	0.000000E+0
120.0   	17      	2.245483E-2 	6.427362E-5	-5.11E-1   	120.00    	4257.70	23.1 	36.8 	0.000000E+0	0.000000E+0	0.000000E+0	0.000000E+0	0.000000E+0	0.000000E+0	0.000000E+0	0.000000E+0
120.0   	18      	1.006612E-1 	1.238939E-4	-7.69E-1   	120.00    	4259.61	23.1 	36.8 	0.000000E+0	0.000000E+0	0.000000E+0	0.000000E+0	0.000000E+0	0.000000E+0	0.000000E+0	0.000000E+0
120.0   	19      	2.457791E-1 	1.125270E-4	-6.51E-1   	120.00    	4261.52	23.1 	36.8 	0.000000E+0	0.000000E+0	0.000000E+0	0.000000E+0	0.000000E+0	0.000000E+0	0.000000E+0	0.000000E+0
120.0   	20      	1.176857E-1 	2.410956E-4	-4.81E-1   	120.00    	4263.45	23.1 	36.8 	0.000000E+0	0.000000E+0	0.000000E+0	0.000000E+0	0.000000E+0	0.000000E+0	0.000000E+0	0.000000E+0
120.0   	21      	2.380442E-2 	1.329188E-4	-3.64E-1   	120.00    	4265.36	23.1 	36.8 	0.000000E+0	0.000000E+0	0.000000E+0	0.000000E+0	0.000000E+0	0.000000E+0	0.000000E+0	0.000000E+0
120.0   	22      	2.547533E-2 	6.112096E-5	-6.17E-1   	120.00    	4267.29	23.1 	36.8 	0.000000E+0	0.000000E+0	0.000000E+0	0.000000E+0	0.000000E+0	0.000000E+0	0.000000E+0	0.000000E+0
120.0   	23      	2.749860E-2 	1.313298E-4	-4.36E-1   	120.00    	4269.20	23.1 	36.8 	0.000000E+0	0.000000E+0	0.000000E+0	0.000000E+0	0.000000E+0	0.000000E+0	0.000000E+0	0.000000E+0
120.0   	24      	3.358394E-2 	1.905963E-4	-6.37E-1   	120.00    	4271.12	23.1 	36.8 	0.000000E+0	0.000000E+0	0.000000E+0	0.000000E+0	0.000000E+0	0.000000E+0	0.000000E+0	0.000000E+0
120.0   	25      	2.433052E-1 	3.506085E-5	-8.04E-1   	120.00    	4273.03	23.1 	36.8 	0.000000E+0	0.000000E+0	0.000000E+0	0.000000E+0	0.000000E+0	0.000000E+0	0.000000E+0	0.000000E+0
120.0   	26      	3.606751E-2 	1.118225E-4	-5.48E-1   	120.00    	4274.96	23.1 	36.8 	0.000000E+0	0.000000E+0	0.000000E+0	0.000000E+0	0.000000E+0	0.000000E+0	0.000000E+0	0.000000E+0
120.0   	27      	2.449362E-2 	9.100729E-5	-5.89E-1   	120.00    	4276.88	23.1 	36.8 	0.000000E+0	0.000000E+0	0.000000E+0	0.000000E+0	0.000000E+0	0.000000E+0	0.000000E+0	0.000000E+0
120.0   	28      	2.608697E-2 	1.337425E-4	-2.10E-1   	120.00    	4278.78	23.1 	36.8 	0.000000E+0	0.000000E+0	0.000000E+0	0.000000E+0	0.000000E+0	0.000000E+0	0.000000E+0	0.000000E+0
120.0   	29      	3.259018E-2 	2.509549E-4	-7.71E-1   	120.00    	4280.69	23.1 	36.8 	0.000000E+0	0.000000E+0	0.000000E+0	0.000000E+0	0.000000E+0	0.000000E+0	0.000000E+0	0.000000E+0
120.0   	30      	2.448380E-2 	1.147827E-4	-6.66E-1   	120.00    	4282.60	23.1 	36.8 	0.000000E+0	0.000000E+0	0.000000E+0	0.000000E+0	0.000000E+0	0.000000E+0	0.000000E+0	0.000000E+0
120.0   	31      	2.351348E-2 	1.507510E-3	-4.12E-1   	120.00    	4284.53	23.1 	36.8 	0.000000E+0	0.000000E+0	0.000000E+0	0.000000E+0	0.000000E+0	0.000000E+0	0.000000E+0	0.000000E+0
120.0   	32      	3.394770E-2 	8.106342E-5	-6.25E-1   	120.00    	4286.45	23.1 	36.8 	0.000000E+0	0.000000E+0	0.000000E+0	0.000000E+0	0.000000E+0	0.000000E+0	0.000000E+0	0.000000E+0
120.0   	33      	1.805546E-1 	5.626067E-5	-6.48E-1   	120.00    	4288.37	23.1 	36.8 	0.000000E+0	0.000000E+0	0.000000E+0	0.000000E+0	0.000000E+0	0.000000E+0	0.000000E+0	0.000000E+0
120.0   	34      	9.611796E-2 	2.132979E-4	-3.78E-1   	120.00    	4290.28	23.1 	36.8 	0.000000E+0	0.000000E+0	0.000000E+0	0.000000E+0	0.000000E+0	0.000000E+0	0.000000E+0	0.000000E+0
120.0   	35      	1.305417E-1 	1.935625E-4	-5.19E-1   	120.00    	4292.21	23.1 	36.8 	0.000000E+0	0.000000E+0	0.000000E+0	0.000000E+0	0.000000E+0	0.000000E+0	0.000000E+0	0.000000E+0
120.0   	36      	2.420868E-2 	1.145538E-4	-6.15E-1   	120.00    	4294.11	23.1 	36.8 	0.000000E+0	0.000000E+0	0.000000E+0	0.000000E+0	0.000000E+0	0.000000E+0	0.000000E+0	0.000000E+0
120.0   	37      	2.319690E-2 	4.417310E-5	-4.62E-1   	120.00    	4296.04	23.1 	36.8 	0.000000E+0	0.000000E+0	0.000000E+0	0.000000E+0	0.000000E+0	0.000000E+0	0.000000E+0	0.000000E+0
120.0   	38      	2.470223E-2 	3.948703E-5	-7.41E-1   	120.00    	4297.96	23.1 	36.8 	0.000000E+0	0.000000E+0	0.000000E+0	0.000000E+0	0.000000E+0	0.000000E+0	0.000000E+0	0.000000E+0
120.0   	39      	2.562349E-2 	5.731870E-5	-3.83E-1   	120.00    	4299.89	23.1 	36.8 	0.000000E+0	0.000000E+0	0.000000E+0	0.000000E+0	0.000000E+0	0.000000E+0	0.000000E+0	0.000000E+0
120.0   	40      	-2.238279E-2	2.839124E-4	-4.02E-1   	120.00    	4301.80	23.1 	36.8 	0.000000E+0	0.000000E+0	0.000000E+0	0.000000E+0	0.000000E+0	0.000000E+0	0.000000E+0	0.000000E+0
120.0   	41      	2.489948E-2 	6.744086E-3	-5.01E-1   	120.00    	4303.71	23.1 	36.8 	0.000000E+0	0.000000E+0	0.000000E+0	0.000000E+0	0.000000E+0	0.000000E+0	0.000000E+0	0.000000E+0
120.0   	42      	3.316732E-2 	3.473437E-3	-4.29E-1   	120.00    	4305.63	23.1 	36.8 	0.000000E+0	0.000000E+0	0.000000E+0	0.000000E+0	0.000000E+0	0.000000E+0	0.000000E+0	0.000000E+0
120.0   	43      	2.338210E-2 	1.099018E-4	-4.46E-1   	120.00    	4307.56	23.1 	36.8 	0.000000E+0	0.000000E+0	0.000000E+0	0.000000E+0	0.000000E+0	0.000000E+0	0.000000E+0	0.000000E+0
120.0   	44      	1.015501E-2 	5.043663E-5	-4.87E-1   	120.00    	4309.47	23.1 	36.8 	0.000000E+0	0.000000E+0	0.000000E+0	0.000000E+0	0.000000E+0	0.000000E+0	0.000000E+0	0.000000E+0
120.0   	45      	-1.114057E-2	9.951941E-5	-5.65E-1   	120.00    	4311.39	23.1 	36.8 	0.000000E+0	0.000000E+0	0.000000E+0	0.000000E+0	0.000000E+0	0.000000E+0	0.000000E+0	0.000000E+0
120.0   	46      	8.092902E-2 	1.153349E-4	-9.09E-1   	120.00    	4313.30	23.1 	36.8 	0.000000E+0	0.000000E+0	0.000000E+0	0.000000E+0	0.000000E+0	0.000000E+0	0.000000E+0	0.000000E+0
120.0   	47      	5.691314E-2 	1.823002E-4	-5.71E-1   	120.00    	4315.21	23.1 	36.8 	0.000000E+0	0.000000E+0	0.000000E+0	0.000000E+0	0.000000E+0	0.000000E+0	0.000000E+0	0.000000E+0
120.0   	48      	3.553628E-2 	4.383328E-5	-6.68E-1   	120.00    	4317.15	23.1 	36.8 	0.000000E+0	0.000000E+0	0.000000E+0	0.000000E+0	0.000000E+0	0.000000E+0	0.000000E+0	0.000000E+0
120.0   	49      	2.220378E-2 	8.811018E-5	-7.58E-1   	120.00    	4319.08	23.1 	36.8 	0.000000E+0	0.000000E+0	0.000000E+0	0.000000E+0	0.000000E+0	0.000000E+0	0.000000E+0	0.000000E+0
120.0   	50      	9.470567E-2 	7.035410E-5	-8.19E-1   	120.00    	4321.00	23.1 	36.8 	0.000000E+0	0.000000E+0	0.000000E+0	0.000000E+0	0.000000E+0	0.000000E+0	0.000000E+0	0.000000E+0
120.0   	51      	1.196451E-1 	4.609060E-5	-7.61E-1   	120.00    	4322.91	23.1 	36.8 	0.000000E+0	0.000000E+0	0.000000E+0	0.000000E+0	0.000000E+0	0.000000E+0	0.000000E+0	0.000000E+0
120.0   	52      	2.441827E-2 	1.050326E-4	-5.45E-1   	120.00    	4324.83	23.1 	36.8 	0.000000E+0	0.000000E+0	0.000000E+0	0.000000E+0	0.000000E+0	0.000000E+0	0.000000E+0	0.000000E+0
120.0   	53      	2.439042E-2 	3.213093E-5	-6.06E-1   	120.00    	4326.74	23.1 	36.8 	0.000000E+0	0.000000E+0	0.000000E+0	0.000000E+0	0.000000E+0	0.000000E+0	0.000000E+0	0.000000E+0
120.0   	54      	2.451831E-2 	1.272059E-4	-3.84E-1   	120.00    	4328.65	23.1 	36.8 	0.000000E+0	0.000000E+0	0.000000E+0	0.000000E+0	0.000000E+0	0.000000E+0	0.000000E+0	0.000000E+0
120.0   	55      	2.362965E-2 	1.190171E-4	-3.83E-1   	120.00    	4330.58	23.1 	36.8 	0.000000E+0	0.000000E+0	0.000000E+0	0.000000E+0	0.000000E+0	0.000000E+0	0.000000E+0	0.000000E+0
120.0   	56      	3.588231E-2 	9.199253E-5	-8.55E-1   	120.00    	4332.49	23.1 	36.8 	0.000000E+0	0.000000E+0	0.000000E+0	0.000000E+0	0.000000E+0	0.000000E+0	0.000000E+0	0.000000E+0
120.0   	57      	4.887580E-2 	1.644680E-4	-5.48E-1   	120.00    	4334.42	23.1 	36.8 	0.000000E+0	0.000000E+0	0.000000E+0	0.000000E+0	0.000000E+0	0.000000E+0	0.000000E+0	0.000000E+0
120.0   	58      	3.610614E-2 	3.755322E-5	-9.07E-1   	120.00    	4336.33	23.1 	36.8 	0.000000E+0	0.000000E+0	0.000000E+0	0.000000E+0	0.000000E+0	0.000000E+0	0.000000E+0	0.000000E+0
120.0   	59      	2.210058E-2 	5.795027E-5	-3.54E-1   	120.00    	4338.25	23.1 	36.8 	0.000000E+0	0.000000E+0	0.000000E+0	0.000000E+0	0.000000E+0	0.000000E+0	0.000000E+0	0.000000E+0
120.0   	60      	2.585364E-2 	1.391898E-4	-7.69E-1   	120.00    	4340.15	23.1 	36.8 	0.000000E+0	0.000000E+0	0.000000E+0	0.000000E+0	0.000000E+0	0.000000E+0	0.000000E+0	0.000000E+0
120.0   	61      	3.220385E-1 	2.641637E-4	-8.10E-1   	120.00    	4342.07	23.1 	36.8 	0.000000E+0	0.000000E+0	0.000000E+0	0.000000E+0	0.000000E+0	0.000000E+0	0.000000E+0	0.000000E+0
120.0   	62      	2.670937E-2 	6.053275E-5	-7.47E-1   	120.00    	4343.98	23.1 	36.8 	0.000000E+0	0.000000E+0	0.000000E+0	0.000000E+0	0.000000E+0	0.000000E+0	0.000000E+0	0.000000E+0
120.0   	63      	1.888143E-1 	3.440252E-3	-8.49E-1   	120.00    	4345.90	23.1 	36.8 	0.000000E+0	0.000000E+0	0.000000E+0	0.000000E+0	0.000000E+0	0.000000E+0	0.000000E+0	0.000000E+0
120.0   	64      	2.765881E-2 	7.753871E-4	-3.19E-1   	120.00    	4347.83	23.1 	36.7 	0.000000E+0	0.000000E+0	0.000000E+0	0.000000E+0	0.000000E+0	0.000000E+0	0.000000E+0	0.000000E+0
120.0   	65      	2.113690E-2 	7.191965E-5	-8.52E-1   	120.00    	4349.75	23.1 	36.7 	0.000000E+0	0.000000E+0	0.000000E+0	0.000000E+0	0.000000E+0	0.000000E+0	0.000000E+0	0.000000E+0
120.0   	66      	9.605840E-2 	1.182532E-4	-4.94E-1   	120.00    	4351.66	23.1 	36.7 	0.000000E+0	0.000000E+0	0.000000E+0	0.000000E+0	0.000000E+0	0.000000E+0	0.000000E+0	0.000000E+0
120.0   	67      	1.119341E-1 	1.484911E-4	-4.32E-1   	120.00    	4353.58	23.1 	36.7 	0.000000E+0	0.000000E+0	0.000000E+0	0.000000E+0	0.000000E+0	0.000000E+0	0.000000E+0	0.000000E+0
120.0   	68      	2.330866E-2 	1.599720E-4	-4.76E-1   	120.00    	4355.49	23.1 	36.7 	0.000000E+0	0.000000E+0	0.000000E+0	0.000000E+0	0.000000E+0	0.000000E+0	0.000000E+0	0.000000E+0
120.0   	69      	2.354735E-2 	5.411271E-5	-8.25E-1   	120.00    	4357.41	23.1 	36.7 	0.000000E+0	0.000000E+0	0.000000E+0	0.000000E+0	0.000000E+0	0.000000E+0	0.000000E+0	0.000000E+0
120.0   	70      	2.201541E-2 	1.556473E-4	-5.68E-1   	120.00    	4359.34	23.1 	36.7 	0.000000E+0	0.000000E+0	0.000000E+0	0.000000E+0	0.000000E+0	0.000000E+0	0.000000E+0	0.000000E+0
120.0   	71      	2.221960E-2 	1.638321E-4	-3.62E-1   	120.00    	4361.26	23.1 	36.7 	0.000000E+0	0.000000E+0	0.000000E+0	0.000000E+0	0.000000E+0	0.000000E+0	0.000000E+0	0.000000E+0
120.0   	72      	2.936993E-2 	1.131611E-4	-3.59E-1   	120.00    	4363.17	23.1 	36.7 	0.000000E+0	0.000000E+0	0.000000E+0	0.000000E+0	0.000000E+0	0.000000E+0	0.000000E+0	0.000000E+0
120.0   	73      	2.465127E-2 	1.995262E-5	-3.98E-1   	120.00    	4365.09	23.1 	36.7 	0.000000E+0	0.000000E+0	0.000000E+0	0.000000E+0	0.000000E+0	0.000000E+0	0.000000E+0	0.000000E+0
120.0   	74      	5.153379E-2 	6.274651E-3	-4.64E-1   	120.00    	4367.02	23.1 	36.7 	0.000000E+0	0.000000E+0	0.000000E+0	0.000000E+0	0.000000E+0	0.000000E+0	0.000000E+0	0.000000E+0
120.0   	75      	5.216667E-2 	5.198580E-2	-7.11E-1   	120.00    	4368.93	23.1 	36.7 	0.000000E+0	0.000000E+0	0.000000E+0	0.000000E+0	0.000000E+0	0.000000E+0	0.000000E+0	0.000000E+0
120.0   	76      	5.927707E-2 	2.962470E-4	-9.16E-1   	120.00    	4370.85	23.1 	36.7 	0.000000E+0	0.000000E+0	0.000000E+0	0.000000E+0	0.000000E+0	0.000000E+0	0.000000E+0	0.000000E+0
120.0   	77      	1.284076E-3 	1.278177E-4	-8.00E-1   	120.00    	4372.76	23.1 	36.7 	0.000000E+0	0.000000E+0	0.000000E+0	0.000000E+0	0.000000E+0	0.000000E+0	0.000000E+0	0.000000E+0
120.0   	78      	1.044107E-3 	1.605147E-4	-6.43E-1   	120.00    	4374.69	23.1 	36.7 	0.000000E+0	0.000000E+0	0.000000E+0	0.000000E+0	0.000000E+0	0.000000E+0	0.000000E+0	0.000000E+0
120.0   	79      	2.747233E-2 	2.848895E-5	-8.25E-1   	120.00    	4376.59	23.1 	36.7 	0.000000E+0	0.000000E+0	0.000000E+0	0.000000E+0	0.000000E+0	0.000000E+0	0.000000E+0	0.000000E+0
120.0   	80      	2.640292E-2 	7.879131E-5	-6.61E-1   	120.00    	4378.50	23.1 	36.7 	0.000000E+0	0.000000E+0	0.000000E+0	0.000000E+0	0.000000E+0	0.000000E+0	0.000000E+0	0.000000E+0
120.0   	81      	2.186061E-2 	1.278012E-4	-7.62E-1   	120.00    	4380.43	23.1 	36.7 	0.000000E+0	0.000000E+0	0.000000E+0	0.000000E+0	0.000000E+0	0.000000E+0	0.000000E+0	0.000000E+0
120.0   	82      	9.423212E-2 	3.239465E-4	-5.36E-1   	120.00    	4382.36	23.1 	36.7 	0.000000E+0	0.000000E+0	0.000000E+0	0.000000E+0	0.000000E+0	0.000000E+0	0.000000E+0	0.000000E+0
120.0   	83      	1.123345E-1 	2.284137E-4	-4.01E-1   	120.00    	4384.27	23.1 	36.7 	0.000000E+0	0.000000E+0	0.000000E+0	0.000000E+0	0.000000E+0	0.000000E+0	0.000000E+0	0.000000E+0
120.0   	84      	2.590937E-2 	1.473997E-4	-7.31E-1   	120.00    	4386.20	23.1 	36.7 	0.000000E+0	0.000000E+0	0.000000E+0	0.000000E+0	0.000000E+0	0.000000E+0	0.000000E+0	0.000000E+0
120.0   	85      	2.343750E-2 	5.333234E-5	-5.17E-1   	120.00    	4388.12	23.1 	36.7 	0.000000E+0	0.000000E+0	0.000000E+0	0.000000E+0	0.000000E+0	0.000000E+0	0.000000E+0	0.000000E+0
120.0   	86      	2.175170E-2 	1.174527E-4	-8.32E-1   	120.00    	4390.03	23.1 	36.7 	0.000000E+0	0.000000E+0	0.000000E+0	0.000000E+0	0.000000E+0	0.000000E+0	0.000000E+0	0.000000E+0
120.0   	87      	2.202491E-2 	7.984464E-5	-5.39E-1   	120.00    	4391.94	23.1 	36.7 	0.000000E+0	0.000000E+0	0.000000E+0	0.000000E+0	0.000000E+0	0.000000E+0	0.000000E+0	0.000000E+0
120.0   	88      	3.833171E-2 	5.405466E-5	-4.94E-1   	120.00    	4393.87	23.1 	36.7 	0.000000E+0	0.000000E+0	0.000000E+0	0.000000E+0	0.000000E+0	0.000000E+0	0.000000E+0	0.000000E+0
120.0   	89      	2.063101E-2 	5.976555E-5	-3.43E-1   	120.00    	4395.78	23.1 	36.7 	0.000000E+0	0.000000E+0	0.000000E+0	0.000000E+0	0.000000E+0	0.000000E+0	0.000000E+0	0.000000E+0
120.0   	90      	4.433760E-2 	5.602409E-5	-4.53E-1   	120.00    	4397.71	23.1 	36.7 	0.000000E+0	0.000000E+0	0.000000E+0	0.000000E+0	0.000000E+0	0.000000E+0	0.000000E+0	0.000000E+0
120.0   	91      	2.277427E-2 	1.304221E-4	-6.76E-1   	120.00    	4399.63	23.1 	36.7 	0.000000E+0	0.000000E+0	0.000000E+0	0.000000E+0	0.000000E+0	0.000000E+0	0.000000E+0	0.000000E+0
120.0   	92      	2.864274E-2 	7.497832E-5	-4.25E-1   	120.00    	4401.56	23.1 	36.7 	0.000000E+0	0.000000E+0	0.000000E+0	0.000000E+0	0.000000E+0	0.000000E+0	0.000000E+0	0.000000E+0
120.0   	93      	2.727954E-2 	1.524714E-4	-3.75E-1   	120.00    	4403.47	23.1 	36.7 	0.000000E+0	0.000000E+0	0.000000E+0	0.000000E+0	0.000000E+0	0.000000E+0	0.000000E+0	0.000000E+0
120.0   	94      	5.767989E-2 	7.976221E-5	-6.98E-1   	120.00    	4405.39	23.1 	36.7 	0.000000E+0	0.000000E+0	0.000000E+0	0.000000E+0	0.000000E+0	0.000000E+0	0.000000E+0	0.000000E+0
120.0   	95      	3.011199E-2 	6.913790E-5	-6.72E-1   	120.00    	4407.31	23.1 	36.7 	0.000000E+0	0.000000E+0	0.000000E+0	0.000000E+0	0.000000E+0	0.000000E+0	0.000000E+0	0.000000E+0
120.0   	96      	2.564755E-2 	1.280494E-4	-3.33E-1   	120.00    	4409.24	23.1 	36.7 	0.000000E+0	0.000000E+0	0.000000E+0	0.000000E+0	0.000000E+0	0.000000E+0	0.000000E+0	0.000000E+0
120.0   	97      	2.319437E-2 	6.322728E-5	-6.42E-1   	120.00    	4411.15	23.1 	36.7 	0.000000E+0	0.000000E+0	0.000000E+0	0.000000E+0	0.000000E+0	0.000000E+0	0.000000E+0	0.000000E+0
120.0   	98      	9.739031E-2 	8.470976E-5	-5.62E-1   	120.00    	4413.07	23.1 	36.7 	0.000000E+0	0.000000E+0	0.000000E+0	0.000000E+0	0.000000E+0	0.000000E+0	0.000000E+0	0.000000E+0
120.0   	99      	9.910969E-2 	1.939826E-4	-7.39E-1   	120.00    	4414.98	23.1 	36.7 	0.000000E+0	0.000000E+0	0.000000E+0	0.000000E+0	0.000000E+0	0.000000E+0	0.000000E+0	0.000000E+0
120.0   	100     	2.400609E-2 	1.914327E-4	-4.86E-1   	120.00    	4416.91	23.1 	36.7 	0.000000E+0	0.000000E+0	0.000000E+0	0.000000E+0	0.000000E+0	0.000000E+0	0.000000E+0	0.000000E+0
120.0   	101     	3.130109E-2 	5.422390E-5	-7.94E-1   	120.00    	4418.83	23.1 	36.7 	0.000000E+0	0.000000E+0	0.000000E+0	0.000000E+0	0.000000E+0	0.000000E+0	0.000000E+0	0.000000E+0
120.0   	102     	2.159943E-2 	1.043050E-4	-4.58E-1   	120.00    	4420.76	23.1 	36.7 	0.000000E+0	0.000000E+0	0.000000E+0	0.000000E+0	0.000000E+0	0.000000E+0	0.000000E+0	0.000000E+0
120.0   	103     	1.188027E-1 	2.097624E-4	-4.04E-1   	120.00    	4422.67	23.1 	36.7 	0.000000E+0	0.000000E+0	0.000000E+0	0.000000E+0	0.000000E+0	0.000000E+0	0.000000E+0	0.000000E+0
120.0   	104     	-3.529601E-2	6.668533E-5	-7.91E-1   	120.00    	4424.59	23.1 	36.7 	0.000000E+0	0.000000E+0	0.000000E+0	0.000000E+0	0.000000E+0	0.000000E+0	0.000000E+0	0.000000E+0
120.0   	105     	4.599962E-2 	1.731018E-4	-5.70E-1   	120.00    	4426.50	23.1 	36.7 	0.000000E+0	0.000000E+0	0.000000E+0	0.000000E+0	0.000000E+0	0.000000E+0	0.000000E+0	0.000000E+0
120.0   	106     	4.700952E-2 	2.289580E-4	-4.94E-1   	120.00    	4428.43	23.1 	36.7 	0.000000E+0	0.000000E+0	0.000000E+0	0.000000E+0	0.000000E+0	0.000000E+0	0.000000E+0	0.000000E+0
120.0   	107     	2.252321E-2 	5.217665E-5	-8.53E-1   	120.00    	4430.35	23.1 	36.7 	0.000000E+0	0.000000E+0	0.000000E+0	0.000000E+0	0.000000E+0	0.000000E+0	0.000000E+0	0.000000E+0
120.0   	108     	2.670431E-2 	1.448420E-4	-8.23E-1   	120.00    	4432.27	23.1 	36.7 	0.000000E+0	0.000000E+0	0.000000E+0	0.000000E+0	0.000000E+0	0.000000E+0	0.000000E+0	0.000000E+0
120.0   	109     	2.705064E-2 	8.903742E-5	-8.28E-1   	120.00    	4434.19	23.1 	36.7 	0.000000E+0	0.000000E+0	0.000000E+0	0.000000E+0	0.000000E+0	0.000000E+0	0.000000E+0	0.000000E+0
120.0   	110     	2.757523E-2 	7.674572E-5	-7.81E-1   	120.00    	4436.11	23.1 	36.7 	0.000000E+0	0.000000E+0	0.000000E+0	0.000000E+0	0.000000E+0	0.000000E+0	0.000000E+0	0.000000E+0
120.0   	111     	2.504098E-2 	1.254935E-4	-7.63E-1   	120.00    	4438.01	23.1 	36.7 	0.000000E+0	0.000000E+0	0.000000E+0	0.000000E+0	0.000000E+0	0.000000E+0	0.000000E+0	0.000000E+0
120.0   	112     	2.439200E-2 	1.089603E-4	-7.29E-1   	120.00    	4439.94	23.1 	36.7 	0.000000E+0	0.000000E+0	0.000000E+0	0.000000E+0	0.000000E+0	0.000000E+0	0.000000E+0	0.000000E+0
120.0   	113     	2.320323E-2 	1.111368E-4	-6.29E-1   	120.00    	4441.86	23.1 	36.7 	0.000000E+0	0.000000E+0	0.000000E+0	0.000000E+0	0.000000E+0	0.000000E+0	0.000000E+0	0.000000E+0
120.0   	114     	9.672075E-2 	7.266682E-5	-5.35E-1   	120.00    	4443.77	23.1 	36.7 	0.000000E+0	0.000000E+0	0.000000E+0	0.000000E+0	0.000000E+0	0.000000E+0	0.000000E+0	0.000000E+0
120.0   	115     	1.147156E-1 	7.500222E-5	-9.12E-1   	120.00    	4445.69	23.1 	36.7 	0.000000E+0	0.000000E+0	0.000000E+0	0.000000E+0	0.000000E+0	0.000000E+0	0.000000E+0	0.000000E+0
120.0   	116     	2.445722E-2 	4.925421E-5	-3.69E-1   	120.00    	4447.62	23.1 	36.7 	0.000000E+0	0.000000E+0	0.000000E+0	0.000000E+0	0.000000E+0	0.000000E+0	0.000000E+0	0.000000E+0
120.0   	117     	2.355117E-2 	7.682750E-5	-5.16E-1   	120.00    	4449.53	23.1 	36.7 	0.000000E+0	0.000000E+0	0.000000E+0	0.000000E+0	0.000000E+0	0.000000E+0	0.000000E+0	0.000000E+0
120.0   	118     	2.202904E-2 	6.613570E-5	-9.26E-1   	120.00    	4451.45	23.1 	36.7 	0.000000E+0	0.000000E+0	0.000000E+0	0.000000E+0	0.000000E+0	0.000000E+0	0.000000E+0	0.000000E+0
120.0   	119     	2.244818E-2 	1.345057E-4	-8.26E-1   	120.00    	4453.37	23.1 	36.7 	0.000000E+0	0.000000E+0	0.000000E+0	0.000000E+0	0.000000E+0	0.000000E+0	0.000000E+0	0.000000E+0
120.0   	120     	4.124996E-2 	8.059875E-5	-7.42E-1   	120.00    	4455.30	23.1 	36.7 	0.000000E+0	0.000000E+0	0.000000E+0	0.000000E+0	0.000000E+0	0.000000E+0	0.000000E+0	0.000000E+0
120.0   	121     	2.245484E-2 	1.416228E-4	-7.18E-1   	120.00    	4457.23	23.1 	36.7 	0.000000E+0	0.000000E+0	0.000000E+0	0.000000E+0	0.000000E+0	0.000000E+0	0.000000E+0	0.000000E+0
120.0   	122     	4.054875E-2 	6.910058E-5	-8.03E-1   	120.00    	4459.16	23.1 	36.7 	0.000000E+0	0.000000E+0	0.000000E+0	0.000000E+0	0.000000E+0	0.000000E+0	0.000000E+0	0.000000E+0
120.0   	123     	1.289915E-1 	2.640642E-4	-3.32E-1   	120.00    	4461.07	23.1 	36.7 	0.000000E+0	0.000000E+0	0.000000E+0	0.000000E+0	0.000000E+0	0.000000E+0	0.000000E+0	0.000000E+0
120.0   	124     	2.566878E-2 	1.915235E-4	-7.36E-1   	120.00    	4463.00	23.1 	36.7 	0.000000E+0	0.000000E+0	0.000000E+0	0.000000E+0	0.000000E+0	0.000000E+0	0.000000E+0	0.000000E+0
120.0   	125     	2.336280E-2 	2.011634E-4	-3.35E-1   	120.00    	4464.94	23.1 	36.7 	0.000000E+0	0.000000E+0	0.000000E+0	0.000000E+0	0.000000E+0	0.000000E+0	0.000000E+0	0.000000E+0
120.0   	126     	2.616044E-2 	9.553414E-5	-7.53E-1   	120.00    	4466.86	23.1 	36.7 	0.000000E+0	0.000000E+0	0.000000E+0	0.000000E+0	0.000000E+0	0.000000E+0	0.000000E+0	0.000000E+0
120.0   	127     	2.611041E-2 	2.135173E-4	-4.52E-1   	120.00    	4468.78	23.1 	36.7 	0.000000E+0	0.000000E+0	0.000000E+0	0.000000E+0	0.000000E+0	0.000000E+0	0.000000E+0	0.000000E+0
120.0   	128     	2.620443E-2 	9.304218E-5	-6.86E-1   	120.00    	4470.71	23.1 	36.7 	0.000000E+0	0.000000E+0	0.000000E+0	0.000000E+0	0.000000E+0	0.000000E+0	0.000000E+0	0.000000E+0
120.0   	129     	2.235576E-2 	1.229430E-4	-8.51E-1   	120.00    	4472.62	23.1 	36.7 	0.000000E+0	0.000000E+0	0.000000E+0	0.000000E+0	0.000000E+0	0.000000E+0	0.000000E+0	0.000000E+0
120.0   	130     	9.844645E-2 	9.144679E-5	-8.47E-1   	120.00    	4474.55	23.1 	36.7 	0.000000E+0	0.000000E+0	0.000000E+0	0.000000E+0	0.000000E+0	0.000000E+0	0.000000E+0	0.000000E+0
120.0   	131     	1.310013E-1 	1.306545E-4	-8.65E-1   	120.00    	4476.47	23.1 	36.7 	0.000000E+0	0.000000E+0	0.000000E+0	0.000000E+0	0.000000E+0	0.000000E+0	0.000000E+0	0.000000E+0
120.0   	132     	1.817745E-1 	2.276090E-4	-6.43E-1   	120.00    	4478.40	23.1 	36.7 	0.000000E+0	0.000000E+0	0.000000E+0	0.000000E+0	0.000000E+0	0.000000E+0	0.000000E+0	0.000000E+0
120.0   	133     	2.354896E-2 	8.452826E-5	-9.18E-1   	120.00    	4480.31	23.1 	36.7 	0.000000E+0	0.000000E+0	0.000000E+0	0.000000E+0	0.000000E+0	0.000000E+0	0.000000E+0	0.000000E+0
120.0   	134     	2.238329E-2 	1.511331E-4	-9.08E-1   	120.00    	4482.24	23.1 	36.7 	0.000000E+0	0.000000E+0	0.000000E+0	0.000000E+0	0.000000E+0	0.000000E+0	0.000000E+0	0.000000E+0
120.0   	135     	2.278346E-2 	1.193380E-4	-5.60E-1   	120.00    	4484.16	23.1 	36.7 	0.000000E+0	0.000000E+0	0.000000E+0	0.000000E+0	0.000000E+0	0.000000E+0	0.000000E+0	0.000000E+0
120.0   	136     	4.712510E-2 	1.105682E-4	-4.21E-1   	120.00    	4486.08	23.1 	36.7 	0.000000E+0	0.000000E+0	0.000000E+0	0.000000E+0	0.000000E+0	0.000000E+0	0.000000E+0	0.000000E+0
120.0   	137     	8.271985E-3 	1.793276E-4	-7.14E-1   	120.00    	4487.99	23.1 	36.7 	0.000000E+0	0.000000E+0	0.000000E+0	0.000000E+0	0.000000E+0	0.000000E+0	0.000000E+0	0.000000E+0
120.0   	138     	3.405280E-2 	5.780359E-5	-5.89E-1   	120.00    	4489.92	23.1 	36.7 	0.000000E+0	0.000000E+0	0.000000E+0	0.000000E+0	0.000000E+0	0.000000E+0	0.000000E+0	0.000000E+0
120.0   	139     	2.227787E-2 	1.373157E-4	-7.01E-1   	120.00    	4491.84	23.1 	36.7 	0.000000E+0	0.000000E+0	0.000000E+0	0.000000E+0	0.000000E+0	0.000000E+0	0.000000E+0	0.000000E+0
120.0   	140     	-7.232896E-3	7.698819E-5	-4.24E-1   	120.00    	4493.75	23.1 	36.7 	0.000000E+0	0.000000E+0	0.000000E+0	0.000000E+0	0.000000E+0	0.000000E+0	0.000000E+0	0.000000E+0
120.0   	141     	4.214990E-3 	6.948274E-5	-2.41E-1   	120.00    	4495.67	23.1 	36.7 	0.000000E+0	0.000000E+0	0.000000E+0	0.000000E+0	0.000000E+0	0.000000E+0	0.000000E+0	0.000000E+0
120.0   	142     	2.639439E-2 	2.092184E-4	-3.44E-1   	120.00    	4497.60	23.1 	36.7 	0.000000E+0	0.000000E+0	0.000000E+0	0.000000E+0	0.000000E+0	0.000000E+0	0.000000E+0	0.000000E+0
120.0   	143     	6.884608E-2 	5.807254E-5	-5.60E-1   	120.00    	4499.52	23.1 	36.7 	0.000000E+0	0.000000E+0	0.000000E+0	0.000000E+0	0.000000E+0	0.000000E+0	0.000000E+0	0.000000E+0
120.0   	144     	2.207843E-2 	4.455959E-5	-5.65E-1   	120.00    	4501.43	23.1 	36.7 	0.000000E+0	0.000000E+0	0.000000E+0	0.000000E+0	0.000000E+0	0.000000E+0	0.000000E+0	0.000000E+0
120.0   	145     	2.347930E-2 	1.622565E-4	-7.53E-1   	120.00    	4503.34	23.1 	36.7 	0.000000E+0	0.000000E+0	0.000000E+0	0.000000E+0	0.000000E+0	0.000000E+0	0.000000E+0	0.000000E+0
120.0   	146     	9.549089E-2 	9.936187E-5	-4.51E-1   	120.00    	4505.26	23.1 	36.7 	0.000000E+0	0.000000E+0	0.000000E+0	0.000000E+0	0.000000E+0	0.000000E+0	0.000000E+0	0.000000E+0
120.0   	147     	1.247760E-1 	1.167927E-4	-7.35E-1   	120.00    	4507.18	23.1 	36.7 	0.000000E+0	0.000000E+0	0.000000E+0	0.000000E+0	0.000000E+0	0.000000E+0	0.000000E+0	0.000000E+0
120.0   	148     	2.910465E-2 	1.377095E-4	-5.06E-1   	120.00    	4509.10	23.1 	36.7 	0.000000E+0	0.000000E+0	0.000000E+0	0.000000E+0	0.000000E+0	0.000000E+0	0.000000E+0	0.000000E+0
120.0   	149     	2.263751E-2 	7.885247E-5	-7.59E-1   	120.00    	4511.01	23.1 	36.7 	0.000000E+0	0.000000E+0	0.000000E+0	0.000000E+0	0.000000E+0	0.000000E+0	0.000000E+0	0.000000E+0
120.0   	150     	2.223451E-2 	1.549359E-4	-5.87E-1   	120.00    	4512.94	23.1 	36.7 	0.000000E+0	0.000000E+0	0.000000E+0	0.000000E+0	0.000000E+0	0.000000E+0	0.000000E+0	0.000000E+0
120.0   	151     	4.192200E-1 	1.031621E-4	-8.48E-1   	120.00    	4514.85	23.1 	36.7 	0.000000E+0	0.000000E+0	0.000000E+0	0.000000E+0	0.000000E+0	0.000000E+0	0.000000E+0	0.000000E+0
120.0   	152     	3.175379E-2 	7.716823E-5	-4.18E-1   	120.00    	4516.78	23.1 	36.7 	0.000000E+0	0.000000E+0	0.000000E+0	0.000000E+0	0.000000E+0	0.000000E+0	0.000000E+0	0.000000E+0
120.0   	153     	2.203475E-2 	1.609906E-4	-7.16E-1   	120.00    	4518.70	23.1 	36.7 	0.000000E+0	0.000000E+0	0.000000E+0	0.000000E+0	0.000000E+0	0.000000E+0	0.000000E+0	0.000000E+0
120.0   	154     	4.386685E-2 	6.198686E-5	-7.72E-1   	120.00    	4520.61	23.1 	36.7 	0.000000E+0	0.000000E+0	0.000000E+0	0.000000E+0	0.000000E+0	0.000000E+0	0.000000E+0	0.000000E+0
120.0   	155     	2.201607E-2 	8.415776E-5	-7.21E-1   	120.00    	4522.53	23.1 	36.7 	0.000000E+0	0.000000E+0	0.000000E+0	0.000000E+0	0.000000E+0	0.000000E+0	0.000000E+0	0.000000E+0
120.0   	156     	2.139652E-2 	1.215679E-4	-5.13E-1   	120.00    	4524.44	23.1 	36.7 	0.000000E+0	0.000000E+0	0.000000E+0	0.000000E+0	0.000000E+0	0.000000E+0	0.000000E+0	0.000000E+0
120.0   	157     	2.712412E-2 	6.092737E-5	-6.69E-1   	120.00    	4526.36	23.1 	36.7 	0.000000E+0	0.000000E+0	0.000000E+0	0.000000E+0	0.000000E+0	0.000000E+0	0.000000E+0	0.000000E+0
120.0   	158     	2.692119E-2 	7.107167E-5	-4.70E-1   	120.00    	4528.29	23.1 	36.7 	0.000000E+0	0.000000E+0	0.000000E+0	0.000000E+0	0.000000E+0	0.000000E+0	0.000000E+0	0.000000E+0
120.0   	159     	2.195116E-2 	1.696634E-4	-6.51E-1   	120.00    	4530.21	23.1 	36.7 	0.000000E+0	0.000000E+0	0.000000E+0	0.000000E+0	0.000000E+0	0.000000E+0	0.000000E+0	0.000000E+0
120.0   	160     	2.381298E-2 	8.456392E-5	-4.20E-1   	120.00    	4532.12	23.1 	36.7 	0.000000E+0	0.000000E+0	0.000000E+0	0.000000E+0	0.000000E+0	0.000000E+0	0.000000E+0	0.000000E+0
120.0   	161     	2.361068E-2 	4.281769E-5	-3.68E-1   	120.00    	4534.04	23.1 	36.7 	0.000000E+0	0.000000E+0	0.000000E+0	0.000000E+0	0.000000E+0	0.000000E+0	0.000000E+0	0.000000E+0
120.0   	162     	9.666508E-2 	3.158654E-5	-5.70E-1   	120.00    	4535.97	23.1 	36.7 	0.000000E+0	0.000000E+0	0.000000E+0	0.000000E+0	0.000000E+0	0.000000E+0	0.000000E+0	0.000000E+0
120.0   	163     	1.065248E-1 	3.176289E-4	-7.32E-1   	120.00    	4537.88	23.1 	36.7 	0.000000E+0	0.000000E+0	0.000000E+0	0.000000E+0	0.000000E+0	0.000000E+0	0.000000E+0	0.000000E+0
120.0   	164     	1.201765E-3 	1.143290E-4	-4.74E-1   	120.00    	4539.80	23.1 	36.7 	0.000000E+0	0.000000E+0	0.000000E+0	0.000000E+0	0.000000E+0	0.000000E+0	0.000000E+0	0.000000E+0
120.0   	165     	2.613606E-2 	1.299992E-4	-9.11E-1   	120.00    	4541.72	23.1 	36.7 	0.000000E+0	0.000000E+0	0.000000E+0	0.000000E+0	0.000000E+0	0.000000E+0	0.000000E+0	0.000000E+0
120.0   	166     	2.275750E-2 	1.646168E-4	-3.97E-1   	120.00    	4543.65	23.1 	36.7 	0.000000E+0	0.000000E+0	0.000000E+0	0.000000E+0	0.000000E+0	0.000000E+0	0.000000E+0	0.000000E+0
120.0   	167     	1.554120E-1 	8.633024E-5	-5.09E-1   	120.00    	4545.56	23.1 	36.7 	0.000000E+0	0.000000E+0	0.000000E+0	0.000000E+0	0.000000E+0	0.000000E+0	0.000000E+0	0.000000E+0
120.0   	168     	4.255272E-2 	1.909143E-4	-4.04E-1   	120.00    	4547.48	23.1 	36.7 	0.000000E+0	0.000000E+0	0.000000E+0	0.000000E+0	0.000000E+0	0.000000E+0	0.000000E+0	0.000000E+0
120.0   	169     	2.423562E-2 	5.653987E-5	-3.54E-1   	120.00    	4549.39	23.1 	36.7 	0.000000E+0	0.000000E+0	0.000000E+0	0.000000E+0	0.000000E+0	0.000000E+0	0.000000E+0	0.000000E+0
120.0   	170     	7.872503E-2 	6.076730E-5	-7.29E-1   	120.00    	4551.31	23.1 	36.7 	0.000000E+0	0.000000E+0	0.000000E+0	0.000000E+0	0.000000E+0	0.000000E+0	0.000000E+0	0.000000E+0
120.0   	171     	3.844665E-2 	7.130283E-6	-4.94E-1   	120.00    	4553.22	23.1 	36.7 	0.000000E+0	0.000000E+0	0.000000E+0	0.000000E+0	0.000000E+0	0.000000E+0	0.000000E+0	0.000000E+0
120.0   	172     	2.223324E-2 	1.640120E-4	-7.87E-1   	120.00    	4555.15	23.1 	36.7 	0.000000E+0	0.000000E+0	0.000000E+0	0.000000E+0	0.000000E+0	0.000000E+0	0.000000E+0	0.000000E+0
120.0   	173     	3.740416E-2 	7.215236E-5	-3.16E-1   	120.00    	4557.07	23.1 	36.7 	0.000000E+0	0.000000E+0	0.000000E+0	0.000000E+0	0.000000E+0	0.000000E+0	0.000000E+0	0.000000E+0
120.0   	174     	2.596574E-2 	1.240483E-4	-7.97E-1   	120.00    	4559.00	23.1 	36.7 	0.000000E+0	0.000000E+0	0.000000E+0	0.000000E+0	0.000000E+0	0.000000E+0	0.000000E+0	0.000000E+0
120.0   	175     	2.597016E-2 	1.823054E-4	-7.39E-1   	120.00    	4560.91	23.1 	36.7 	0.000000E+0	0.000000E+0	0.000000E+0	0.000000E+0	0.000000E+0	0.000000E+0	0.000000E+0	0.000000E+0
120.0   	176     	2.279264E-2 	5.793544E-5	-7.78E-1   	120.00    	4562.83	23.1 	36.7 	0.000000E+0	0.000000E+0	0.000000E+0	0.000000E+0	0.000000E+0	0.000000E+0	0.000000E+0	0.000000E+0
120.0   	177     	2.867535E-2 	2.522409E-4	-7.95E-1   	120.00    	4564.76	23.1 	36.7 	0.000000E+0	0.000000E+0	0.000000E+0	0.000000E+0	0.000000E+0	0.000000E+0	0.000000E+0	0.000000E+0
120.0   	178     	9.816917E-2 	1.141634E-4	-6.75E-1   	120.00    	4566.68	23.1 	36.7 	0.000000E+0	0.000000E+0	0.000000E+0	0.000000E+0	0.000000E+0	0.000000E+0	0.000000E+0	0.000000E+0
120.0   	179     	1.246224E-1 	9.223882E-5	-3.73E-1   	120.00    	4568.61	23.1 	36.7 	0.000000E+0	0.000000E+0	0.000000E+0	0.000000E+0	0.000000E+0	0.000000E+0	0.000000E+0	0.000000E+0
120.0   	180     	2.907077E-2 	5.980326E-5	-3.89E-1   	120.00    	4570.52	23.1 	36.7 	0.000000E+0	0.000000E+0	0.000000E+0	0.000000E+0	0.000000E+0	0.000000E+0	0.000000E+0	0.000000E+0
120.0   	181     	7.527429E-2 	2.584782E-4	-6.23E-1   	120.00    	4572.45	23.1 	36.7 	0.000000E+0	0.000000E+0	0.000000E+0	0.000000E+0	0.000000E+0	0.000000E+0	0.000000E+0	0.000000E+0
120.0   	182     	2.245675E-2 	4.188544E-5	-9.75E-1   	120.00    	4574.35	23.1 	36.7 	0.000000E+0	0.000000E+0	0.000000E+0	0.000000E+0	0.000000E+0	0.000000E+0	0.000000E+0	0.000000E+0
120.0   	183     	2.190463E-2 	7.593500E-5	-5.74E-1   	120.00    	4576.28	23.1 	36.7 	0.000000E+0	0.000000E+0	0.000000E+0	0.000000E+0	0.000000E+0	0.000000E+0	0.000000E+0	0.000000E+0
120.0   	184     	4.441043E-2 	4.785587E-5	-4.55E-1   	120.00    	4578.20	23.1 	36.7 	0.000000E+0	0.000000E+0	0.000000E+0	0.000000E+0	0.000000E+0	0.000000E+0	0.000000E+0	0.000000E+0
120.0   	185     	2.323744E-2 	1.020992E-4	-6.22E-1   	120.00    	4580.12	23.1 	36.7 	0.000000E+0	0.000000E+0	0.000000E+0	0.000000E+0	0.000000E+0	0.000000E+0	0.000000E+0	0.000000E+0
120.0   	186     	1.352194E-1 	3.693255E-5	-4.57E-1   	120.00    	4582.04	23.1 	36.7 	0.000000E+0	0.000000E+0	0.000000E+0	0.000000E+0	0.000000E+0	0.000000E+0	0.000000E+0	0.000000E+0
120.0   	187     	3.346935E-2 	2.906425E-5	-6.76E-1   	120.00    	4583.96	23.1 	36.7 	0.000000E+0	0.000000E+0	0.000000E+0	0.000000E+0	0.000000E+0	0.000000E+0	0.000000E+0	0.000000E+0
120.0   	188     	2.106000E-2 	1.722321E-4	-5.61E-1   	120.00    	4585.88	23.1 	36.7 	0.000000E+0	0.000000E+0	0.000000E+0	0.000000E+0	0.000000E+0	0.000000E+0	0.000000E+0	0.000000E+0
120.0   	189     	2.724283E-2 	6.990715E-5	-9.23E-1   	120.00    	4587.79	23.1 	36.7 	0.000000E+0	0.000000E+0	0.000000E+0	0.000000E+0	0.000000E+0	0.000000E+0	0.000000E+0	0.000000E+0
120.0   	190     	4.030942E-2 	1.142070E-4	-4.87E-1   	120.00    	4589.71	23.1 	36.7 	0.000000E+0	0.000000E+0	0.000000E+0	0.000000E+0	0.000000E+0	0.000000E+0	0.000000E+0	0.000000E+0
120.0   	191     	2.511287E-2 	1.865825E-4	-6.33E-1   	120.00    	4591.63	23.1 	36.7 	0.000000E+0	0.000000E+0	0.000000E+0	0.000000E+0	0.000000E+0	0.000000E+0	0.000000E+0	0.000000E+0
120.0   	192     	2.241876E-2 	8.060790E-5	-6.63E-1   	120.00    	4593.54	23.1 	36.7 	0.000000E+0	0.000000E+0	0.000000E+0	0.000000E+0	0.000000E+0	0.000000E+0	0.000000E+0	0.000000E+0
120.0   	193     	2.795609E-2 	9.953019E-5	-6.91E-1   	120.00    	4595.47	23.1 	36.7 	0.000000E+0	0.000000E+0	0.000000E+0	0.000000E+0	0.000000E+0	0.000000E+0	0.000000E+0	0.000000E+0
120.0   	194     	1.024050E-1 	7.241646E-5	-9.90E-1   	120.00    	4597.39	23.1 	36.7 	0.000000E+0	0.000000E+0	0.000000E+0	0.000000E+0	0.000000E+0	0.000000E+0	0.000000E+0	0.000000E+0
120.0   	195     	1.059273E-1 	8.956798E-5	-6.07E-1   	120.00    	4599.30	23.1 	36.7 	0.000000E+0	0.000000E+0	0.000000E+0	0.000000E+0	0.000000E+0	0.000000E+0	0.000000E+0	0.000000E+0
120.0   	196     	2.467472E-2 	7.596406E-5	-4.45E-1   	120.00    	4601.22	23.1 	36.7 	0.000000E+0	0.000000E+0	0.000000E+0	0.000000E+0	0.000000E+0	0.000000E+0	0.000000E+0	0.000000E+0
120.0   	197     	2.261440E-2 	2.500216E-4	-7.17E-1   	120.00    	4603.15	23.1 	36.7 	0.000000E+0	0.000000E+0	0.000000E+0	0.000000E+0	0.000000E+0	0.000000E+0	0.000000E+0	0.000000E+0
120.0   	198     	2.432965E-2 	6.195829E-5	-9.02E-1   	120.00    	4605.06	23.1 	36.7 	0.000000E+0	0.000000E+0	0.000000E+0	0.000000E+0	0.000000E+0	0.000000E+0	0.000000E+0	0.000000E+0
120.0   	199     	4.161912E-2 	9.847770E-5	-8.12E-1   	120.00    	4606.99	23.1 	36.7 	0.000000E+0	0.000000E+0	0.000000E+0	0.000000E+0	0.000000E+0	0.000000E+0	0.000000E+0	0.000000E+0
120.0   	200     	-2.600432E-2	2.632923E-5	-7.01E-1   	120.00    	4608.92	23.1 	36.7 	0.000000E+0	0.000000E+0	0.000000E+0	0.000000E+0	0.000000E+0	0.000000E+0	0.000000E+0	0.000000E+0
120.0   	201     	2.134143E-2 	8.777839E-5	-8.58E-1   	120.00    	4610.84	23.1 	36.7 	0.000000E+0	0.000000E+0	0.000000E+0	0.000000E+0	0.000000E+0	0.000000E+0	0.000000E+0	0.000000E+0
120.0   	202     	3.265543E-2 	1.382730E-4	-8.40E-1   	120.00    	4612.77	23.1 	36.7 	0.000000E+0	0.000000E+0	0.000000E+0	0.000000E+0	0.000000E+0	0.000000E+0	0.000000E+0	0.000000E+0
120.0   	203     	2.452847E-2 	7.522115E-5	-6.55E-1   	120.00    	4614.68	23.1 	36.7 	0.000000E+0	0.000000E+0	0.000000E+0	0.000000E+0	0.000000E+0	0.000000E+0	0.000000E+0	0.000000E+0
120.0   	204     	2.792906E-3 	1.584734E-4	-4.95E-1   	120.00    	4616.58	23.1 	36.7 	0.000000E+0	0.000000E+0	0.000000E+0	0.000000E+0	0.000000E+0	0.000000E+0	0.000000E+0	0.000000E+0
120.0   	205     	1.246386E-1 	2.952948E-5	-7.54E-1   	120.00    	4618.50	23.1 	36.7 	0.000000E+0	0.000000E+0	0.000000E+0	0.000000E+0	0.000000E+0	0.000000E+0	0.000000E+0	0.000000E+0
120.0   	206     	3.767422E-2 	4.399631E-5	-5.20E-1   	120.00    	4620.41	23.1 	36.7 	0.000000E+0	0.000000E+0	0.000000E+0	0.000000E+0	0.000000E+0	0.000000E+0	0.000000E+0	0.000000E+0
120.0   	207     	2.567195E-2 	1.633863E-4	-7.81E-1   	120.00    	4622.33	23.1 	36.7 	0.000000E+0	0.000000E+0	0.000000E+0	0.000000E+0	0.000000E+0	0.000000E+0	0.000000E+0	0.000000E+0
120.0   	208     	2.385351E-2 	1.891814E-4	-4.11E-1   	120.00    	4624.24	23.1 	36.7 	0.000000E+0	0.000000E+0	0.000000E+0	0.000000E+0	0.000000E+0	0.000000E+0	0.000000E+0	0.000000E+0
120.0   	209     	6.517597E-2 	2.237504E-4	-7.20E-1   	120.00    	4626.18	23.1 	36.7 	0.000000E+0	0.000000E+0	0.000000E+0	0.000000E+0	0.000000E+0	0.000000E+0	0.000000E+0	0.000000E+0
120.0   	210     	1.092882E-1 	1.886252E-4	-3.83E-1   	120.00    	4628.09	23.1 	36.7 	0.000000E+0	0.000000E+0	0.000000E+0	0.000000E+0	0.000000E+0	0.000000E+0	0.000000E+0	0.000000E+0
120.0   	211     	1.215877E-1 	4.487553E-5	-3.38E-1   	120.00    	4630.00	23.1 	36.7 	0.000000E+0	0.000000E+0	0.000000E+0	0.000000E+0	0.000000E+0	0.000000E+0	0.000000E+0	0.000000E+0
120.0   	212     	2.524837E-2 	1.342612E-4	-7.28E-1   	120.00    	4631.91	23.1 	36.7 	0.000000E+0	0.000000E+0	0.000000E+0	0.000000E+0	0.000000E+0	0.000000E+0	0.000000E+0	0.000000E+0
120.0   	213     	2.412893E-2 	4.435156E-5	-4.54E-1   	120.00    	4633.84	23.1 	36.6 	0.000000E+0	0.000000E+0	0.000000E+0	0.000000E+0	0.000000E+0	0.000000E+0	0.000000E+0	0.000000E+0
120.0   	214     	2.233658E-1 	1.301512E-4	-5.82E-1   	120.00    	4635.77	23.1 	36.6 	0.000000E+0	0.000000E+0	0.000000E+0	0.000000E+0	0.000000E+0	0.000000E+0	0.000000E+0	0.000000E+0
120.0   	215     	1.483246E-1 	1.303222E-4	-7.39E-1   	120.00    	4637.69	23.1 	36.7 	0.000000E+0	0.000000E+0	0.000000E+0	0.000000E+0	0.000000E+0	0.000000E+0	0.000000E+0	0.000000E+0
120.0   	216     	6.714385E-2 	1.322832E-4	-5.98E-1   	120.00    	4639.60	23.1 	36.7 	0.000000E+0	0.000000E+0	0.000000E+0	0.000000E+0	0.000000E+0	0.000000E+0	0.000000E+0	0.000000E+0
120.0   	217     	1.227720E-1 	1.137305E-4	-5.96E-1   	120.00    	4641.52	23.1 	36.7 	0.000000E+0	0.000000E+0	0.000000E+0	0.000000E+0	0.000000E+0	0.000000E+0	0.000000E+0	0.000000E+0
120.0   	218     	2.729411E-2 	2.192257E-4	-4.32E-1   	120.00    	4643.43	23.1 	36.6 	0.000000E+0	0.000000E+0	0.000000E+0	0.000000E+0	0.000000E+0	0.000000E+0	0.000000E+0	0.000000E+0
120.0   	219     	2.164029E-2 	1.330517E-4	-1.02E+0   	120.00    	4645.37	23.1 	36.7 	0.000000E+0	0.000000E+0	0.000000E+0	0.000000E+0	0.000000E+0	0.000000E+0	0.000000E+0	0.000000E+0
120.0   	220     	5.239873E-2 	1.357622E-4	-4.91E-1   	120.00    	4647.30	23.1 	36.7 	0.000000E+0	0.000000E+0	0.000000E+0	0.000000E+0	0.000000E+0	0.000000E+0	0.000000E+0	0.000000E+0
120.0   	221     	2.202714E-2 	1.215365E-4	-5.16E-1   	120.00    	4649.21	23.1 	36.6 	0.000000E+0	0.000000E+0	0.000000E+0	0.000000E+0	0.000000E+0	0.000000E+0	0.000000E+0	0.000000E+0
120.0   	222     	3.078000E-2 	8.814836E-5	-3.36E-1   	120.00    	4651.15	23.1 	36.6 	0.000000E+0	0.000000E+0	0.000000E+0	0.000000E+0	0.000000E+0	0.000000E+0	0.000000E+0	0.000000E+0
120.0   	223     	1.185640E-1 	2.399659E-4	-4.65E-1   	120.00    	4653.06	23.1 	36.6 	0.000000E+0	0.000000E+0	0.000000E+0	0.000000E+0	0.000000E+0	0.000000E+0	0.000000E+0	0.000000E+0
120.0   	224     	2.812831E-2 	6.575714E-5	-6.82E-1   	120.00    	4654.99	23.1 	36.6 	0.000000E+0	0.000000E+0	0.000000E+0	0.000000E+0	0.000000E+0	0.000000E+0	0.000000E+0	0.000000E+0
120.0   	225     	4.406631E-2 	1.948100E-4	-7.72E-1   	120.00    	4656.92	23.1 	36.6 	0.000000E+0	0.000000E+0	0.000000E+0	0.000000E+0	0.000000E+0	0.000000E+0	0.000000E+0	0.000000E+0
120.0   	226     	1.166275E-1 	9.855876E-5	-7.99E-1   	120.00    	4658.84	23.1 	36.6 	0.000000E+0	0.000000E+0	0.000000E+0	0.000000E+0	0.000000E+0	0.000000E+0	0.000000E+0	0.000000E+0
120.0   	227     	1.540481E-1 	6.522533E-5	-5.98E-1   	120.00    	4660.76	23.1 	36.6 	0.000000E+0	0.000000E+0	0.000000E+0	0.000000E+0	0.000000E+0	0.000000E+0	0.000000E+0	0.000000E+0
120.0   	228     	2.754738E-2 	1.202821E-4	-6.28E-1   	120.00    	4662.68	23.1 	36.6 	0.000000E+0	0.000000E+0	0.000000E+0	0.000000E+0	0.000000E+0	0.000000E+0	0.000000E+0	0.000000E+0
120.0   	229     	2.622185E-2 	8.532766E-5	-4.86E-1   	120.00    	4664.61	23.1 	36.6 	0.000000E+0	0.000000E+0	0.000000E+0	0.000000E+0	0.000000E+0	0.000000E+0	0.000000E+0	0.000000E+0
120.0   	230     	2.856583E-2 	6.777618E-5	-4.68E-1   	120.00    	4666.53	23.1 	36.6 	0.000000E+0	0.000000E+0	0.000000E+0	0.000000E+0	0.000000E+0	0.000000E+0	0.000000E+0	0.000000E+0
120.0   	231     	2.692909E-2 	2.171599E-4	-4.74E-1   	120.00    	4668.44	23.1 	36.6 	0.000000E+0	0.000000E+0	0.000000E+0	0.000000E+0	0.000000E+0	0.000000E+0	0.000000E+0	0.000000E+0
120.0   	232     	-1.264762E-2	5.223000E-5	-3.39E-1   	120.00    	4670.36	23.1 	36.6 	0.000000E+0	0.000000E+0	0.000000E+0	0.000000E+0	0.000000E+0	0.000000E+0	0.000000E+0	0.000000E+0
120.0   	233     	7.925915E-2 	2.233597E-4	-6.92E-1   	120.00    	4672.28	23.1 	36.6 	0.000000E+0	0.000000E+0	0.000000E+0	0.000000E+0	0.000000E+0	0.000000E+0	0.000000E+0	0.000000E+0
120.0   	234     	2.978563E-2 	1.279075E-4	-7.80E-1   	120.00    	4674.19	23.1 	36.6 	0.000000E+0	0.000000E+0	0.000000E+0	0.000000E+0	0.000000E+0	0.000000E+0	0.000000E+0	0.000000E+0
120.0   	235     	2.613227E-2 	7.123854E-5	-6.08E-1   	120.00    	4676.12	23.1 	36.6 	0.000000E+0	0.000000E+0	0.000000E+0	0.000000E+0	0.000000E+0	0.000000E+0	0.000000E+0	0.000000E+0
120.0   	236     	1.310259E-1 	9.023615E-5	-7.01E-1   	120.00    	4678.04	23.1 	36.6 	0.000000E+0	0.000000E+0	0.000000E+0	0.000000E+0	0.000000E+0	0.000000E+0	0.000000E+0	0.000000E+0
120.0   	237     	1.623909E-2 	8.036036E-5	-9.50E-1   	120.00    	4679.97	23.1 	36.6 	0.000000E+0	0.000000E+0	0.000000E+0	0.000000E+0	0.000000E+0	0.000000E+0	0.000000E+0	0.000000E+0
120.0   	238     	2.860730E-2 	6.315181E-5	-7.64E-1   	120.00    	4681.88	23.1 	36.6 	0.000000E+0	0.000000E+0	0.000000E+0	0.000000E+0	0.000000E+0	0.000000E+0	0.000000E+0	0.000000E+0
120.0   	239     	2.639661E-2 	1.303314E-4	-7.86E-1   	120.00    	4683.80	23.1 	36.6 	0.000000E+0	0.000000E+0	0.000000E+0	0.000000E+0	0.000000E+0	0.000000E+0	0.000000E+0	0.000000E+0
120.0   	240     	2.991258E-2 	2.703558E-4	-8.66E-1   	120.00    	4685.71	23.1 	36.6 	0.000000E+0	0.000000E+0	0.000000E+0	0.000000E+0	0.000000E+0	0.000000E+0	0.000000E+0	0.000000E+0
120.0   	241     	1.270928E-1 	1.486861E-4	-7.94E-1   	120.00    	4687.63	23.1 	36.6 	0.000000E+0	0.000000E+0	0.000000E+0	0.000000E+0	0.000000E+0	0.000000E+0	0.000000E+0	0.000000E+0
120.0   	242     	2.335264E-1 	7.047853E-5	-4.96E-1   	120.00    	4689.54	23.1 	36.6 	0.000000E+0	0.000000E+0	0.000000E+0	0.000000E+0	0.000000E+0	0.000000E+0	0.000000E+0	0.000000E+0
120.0   	243     	2.028378E-1 	7.519617E-5	-8.30E-1   	120.00    	4691.47	23.1 	36.6 	0.000000E+0	0.000000E+0	0.000000E+0	0.000000E+0	0.000000E+0	0.000000E+0	0.000000E+0	0.000000E+0
120.0   	244     	3.256299E-1 	9.795266E-5	-6.64E-1   	120.00    	4693.39	23.1 	36.6 	0.000000E+0	0.000000E+0	0.000000E+0	0.000000E+0	0.000000E+0	0.000000E+0	0.000000E+0	0.000000E+0
120.0   	245     	1.063072E-1 	2.173573E-4	-6.04E-1   	120.00    	4695.32	23.1 	36.6 	0.000000E+0	0.000000E+0	0.000000E+0	0.000000E+0	0.000000E+0	0.000000E+0	0.000000E+0	0.000000E+0
120.0   	246     	1.078752E-1 	1.038663E-4	-4.79E-1   	120.00    	4697.23	23.1 	36.6 	0.000000E+0	0.000000E+0	0.000000E+0	0.000000E+0	0.000000E+0	0.000000E+0	0.000000E+0	0.000000E+0
120.0   	247     	1.065852E-1 	3.126505E-5	-7.55E-1   	120.00    	4699.14	23.1 	36.6 	0.000000E+0	0.000000E+0	0.000000E+0	0.000000E+0	0.000000E+0	0.000000E+0	0.000000E+0	0.000000E+0
120.0   	248     	1.040833E-1 	5.728528E-5	-4.77E-1   	120.00    	4701.06	23.1 	36.6 	0.000000E+0	0.000000E+0	0.000000E+0	0.000000E+0	0.000000E+0	0.000000E+0	0.000000E+0	0.000000E+0
120.0   	249     	1.216507E-1 	3.679837E-5	-4.66E-1   	120.00    	4702.99	23.1 	36.6 	0.000000E+0	0.000000E+0	0.000000E+0	0.000000E+0	0.000000E+0	0.000000E+0	0.000000E+0	0.000000E+0
120.0   	250     	1.108651E-1 	9.419283E-5	-4.93E-1   	120.00    	4704.90	23.1 	36.6 	0.000000E+0	0.000000E+0	0.000000E+0	0.000000E+0	0.000000E+0	0.000000E+0	0.000000E+0	0.000000E+0
120.0   	251     	1.024697E-1 	8.417258E-5	-6.82E-1   	120.00    	4706.82	23.1 	36.6 	0.000000E+0	0.000000E+0	0.000000E+0	0.000000E+0	0.000000E+0	0.000000E+0	0.000000E+0	0.000000E+0
120.0   	252     	1.018815E-1 	7.991335E-5	-5.27E-1   	120.00    	4708.74	23.1 	36.6 	0.000000E+0	0.000000E+0	0.000000E+0	0.000000E+0	0.000000E+0	0.000000E+0	0.000000E+0	0.000000E+0
120.0   	253     	8.636801E-2 	2.110774E-4	-3.59E-1   	120.00    	4710.67	23.1 	36.6 	0.000000E+0	0.000000E+0	0.000000E+0	0.000000E+0	0.000000E+0	0.000000E+0	0.000000E+0	0.000000E+0
120.0   	254     	1.039703E-1 	1.139516E-4	-4.93E-1   	120.00    	4712.59	23.1 	36.6 	0.000000E+0	0.000000E+0	0.000000E+0	0.000000E+0	0.000000E+0	0.000000E+0	0.000000E+0	0.000000E+0
120.0   	255     	1.037375E-1 	1.314519E-4	-4.85E-1   	120.00    	4714.50	23.1 	36.6 	0.000000E+0	0.000000E+0	0.000000E+0	0.000000E+0	0.000000E+0	0.000000E+0	0.000000E+0	0.000000E+0
120.0   	256     	1.092812E-1 	6.239626E-5	-6.46E-1   	120.00    	4716.42	23.1 	36.7 	0.000000E+0	0.000000E+0	0.000000E+0	0.000000E+0	0.000000E+0	0.000000E+0	0.000000E+0	0.000000E+0
120.0   	257     	2.530776E-3 	8.836802E-5	-7.65E-1   	120.00    	4718.35	23.1 	36.6 	0.000000E+0	0.000000E+0	0.000000E+0	0.000000E+0	0.000000E+0	0.000000E+0	0.000000E+0	0.000000E+0
120.0   	258     	1.723176E-3 	9.787935E-5	-7.17E-1   	120.00    	4720.26	23.1 	36.6 	0.000000E+0	0.000000E+0	0.000000E+0	0.000000E+0	0.000000E+0	0.000000E+0	0.000000E+0	0.000000E+0
120.0   	259     	1.603825E-3 	1.778696E-4	-7.55E-1   	120.00    	4722.18	23.1 	36.6 	0.000000E+0	0.000000E+0	0.000000E+0	0.000000E+0	0.000000E+0	0.000000E+0	0.000000E+0	0.000000E+0
120.0   	260     	1.756418E-3 	1.249226E-4	-5.29E-1   	120.00    	4724.09	23.1 	36.6 	0.000000E+0	0.000000E+0	0.000000E+0	0.000000E+0	0.000000E+0	0.000000E+0	0.000000E+0	0.000000E+0
120.0   	261     	2.220527E-3 	1.543750E-4	-6.00E-1   	120.00    	4726.02	23.1 	36.6 	0.000000E+0	0.000000E+0	0.000000E+0	0.000000E+0	0.000000E+0	0.000000E+0	0.000000E+0	0.000000E+0
120.0   	262     	1.609840E-3 	5.230791E-5	-6.22E-1   	120.00    	4727.94	23.1 	36.6 	0.000000E+0	0.000000E+0	0.000000E+0	0.000000E+0	0.000000E+0	0.000000E+0	0.000000E+0	0.000000E+0
120.0   	263     	1.121671E-3 	1.778189E-4	-5.67E-1   	120.00    	4729.85	23.1 	36.6 	0.000000E+0	0.000000E+0	0.000000E+0	0.000000E+0	0.000000E+0	0.000000E+0	0.000000E+0	0.000000E+0
120.0   	264     	-1.054049E-3	1.828850E-4	-4.96E-1   	120.00    	4731.77	23.1 	36.6 	0.000000E+0	0.000000E+0	0.000000E+0	0.000000E+0	0.000000E+0	0.000000E+0	0.000000E+0	0.000000E+0
140.0   	1       	1.032802E-1 	8.191400E-5	7.86E+0    	140.00    	4751.10	23.1 	36.6 	0.000000E+0	0.000000E+0	0.000000E+0	0.000000E+0	0.000000E+0	0.000000E+0	0.000000E+0	0.000000E+0
140.0   	2       	2.005138E-1 	1.290129E-4	-7.71E-1   	140.00    	4752.88	23.1 	36.6 	0.000000E+0	0.000000E+0	0.000000E+0	0.000000E+0	0.000000E+0	0.000000E+0	0.000000E+0	0.000000E+0
140.0   	3       	2.466511E-3 	6.311638E-5	-3.94E-1   	140.00    	4754.79	23.1 	36.6 	0.000000E+0	0.000000E+0	0.000000E+0	0.000000E+0	0.000000E+0	0.000000E+0	0.000000E+0	0.000000E+0
140.0   	4       	1.071193E-1 	8.545777E-5	-4.66E-1   	140.00    	4756.71	23.1 	36.6 	0.000000E+0	0.000000E+0	0.000000E+0	0.000000E+0	0.000000E+0	0.000000E+0	0.000000E+0	0.000000E+0
140.0   	5       	1.148942E-1 	1.142279E-4	-7.80E-1   	140.00    	4758.64	23.1 	36.6 	0.000000E+0	0.000000E+0	0.000000E+0	0.000000E+0	0.000000E+0	0.000000E+0	0.000000E+0	0.000000E+0
140.0   	6       	1.887797E-1 	1.405913E-4	-8.18E-1   	140.00    	4760.55	23.1 	36.6 	0.000000E+0	0.000000E+0	0.000000E+0	0.000000E+0	0.000000E+0	0.000000E+0	0.000000E+0	0.000000E+0
140.0   	7       	1.021967E-1 	2.826247E-4	-7.05E-1   	140.00    	4762.47	23.1 	36.6 	0.000000E+0	0.000000E+0	0.000000E+0	0.000000E+0	0.000000E+0	0.000000E+0	0.000000E+0	0.000000E+0
140.0   	8       	1.104590E-1 	1.417487E-4	-5.97E-1   	140.00    	4764.38	23.1 	36.6 	0.000000E+0	0.000000E+0	0.000000E+0	0.000000E+0	0.000000E+0	0.000000E+0	0.000000E+0	0.000000E+0
140.0   	9       	1.074520E-1 	1.121748E-2	-3.78E-1   	140.00    	4766.31	23.1 	36.6 	0.000000E+0	0.000000E+0	0.000000E+0	0.000000E+0	0.000000E+0	0.000000E+0	0.000000E+0	0.000000E+0
140.0   	10      	1.153121E-1 	1.655524E-4	-5.84E-1   	140.00    	4768.23	23.1 	36.6 	0.000000E+0	0.000000E+0	0.000000E+0	0.000000E+0	0.000000E+0	0.000000E+0	0.000000E+0	0.000000E+0
140.0   	11      	1.024114E-1 	1.070234E-4	-5.01E-1   	140.00    	4770.14	23.1 	36.6 	0.000000E+0	0.000000E+0	0.000000E+0	0.000000E+0	0.000000E+0	0.000000E+0	0.000000E+0	0.000000E+0
140.0   	12      	1.109452E-1 	2.020105E-4	-7.58E-1   	140.00    	4772.06	23.1 	36.6 	0.000000E+0	0.000000E+0	0.000000E+0	0.000000E+0	0.000000E+0	0.000000E+0	0.000000E+0	0.000000E+0
140.0   	13      	1.267990E-1 	2.191702E-4	-6.46E-1   	140.00    	4773.97	23.1 	36.6 	0.000000E+0	0.000000E+0	0.000000E+0	0.000000E+0	0.000000E+0	0.000000E+0	0.000000E+0	0.000000E+0
140.0   	14      	1.038769E-1 	1.158030E-4	-6.91E-1   	140.00    	4775.89	23.1 	36.6 	0.000000E+0	0.000000E+0	0.000000E+0	0.000000E+0	0.000000E+0	0.000000E+0	0.000000E+0	0.000000E+0
140.0   	15      	2.195582E-1 	1.745583E-4	-5.76E-1   	140.00    	4777.81	23.1 	36.6 	0.000000E+0	0.000000E+0	0.000000E+0	0.000000E+0	0.000000E+0	0.000000E+0	0.000000E+0	0.000000E+0
140.0   	16      	1.180938E-1 	1.753718E-4	-4.01E-1   	140.00    	4779.73	23.1 	36.6 	0.000000E+0	0.000000E+0	0.000000E+0	0.000000E+0	0.000000E+0	0.000000E+0	0.000000E+0	0.000000E+0
140.0   	17      	2.251690E-2 	1.102538E-4	-3.37E-1   	140.00    	4781.64	23.1 	36.6 	0.000000E+0	0.000000E+0	0.000000E+0	0.000000E+0	0.000000E+0	0.000000E+0	0.000000E+0	0.000000E+0
140.0   	18      	1.034979E-1 	6.824815E-5	-8.55E-1   	140.00    	4783.56	23.1 	36.6 	0.000000E+0	0.000000E+0	0.000000E+0	0.000000E+0	0.000000E+0	0.000000E+0	0.000000E+0	0.000000E+0
140.0   	19      	2.605465E-1 	1.083761E-4	-5.44E-1   	140.00    	4785.49	23.1 	36.6 	0.000000E+0	0.000000E+0	0.000000E+0	0.000000E+0	0.000000E+0	0.000000E+0	0.000000E+0	0.000000E+0
140.0   	20      	1.313622E-1 	6.480401E-5	-4.10E-1   	140.00    	4787.40	23.1 	36.6 	0.000000E+0	0.000000E+0	0.000000E+0	0.000000E+0	0.000000E+0	0.000000E+0	0.000000E+0	0.000000E+0
140.0   	21      	2.410963E-2 	1.746540E-4	-5.87E-1   	140.00    	4789.33	23.1 	36.6 	0.000000E+0	0.000000E+0	0.000000E+0	0.000000E+0	0.000000E+0	0.000000E+0	0.000000E+0	0.000000E+0
140.0   	22      	2.558522E-2 	7.162230E-5	-5.19E-1   	140.00    	4791.25	23.1 	36.6 	0.000000E+0	0.000000E+0	0.000000E+0	0.000000E+0	0.000000E+0	0.000000E+0	0.000000E+0	0.000000E+0
140.0   	23      	2.778512E-2 	1.222344E-4	-7.35E-1   	140.00    	4793.16	23.1 	36.6 	0.000000E+0	0.000000E+0	0.000000E+0	0.000000E+0	0.000000E+0	0.000000E+0	0.000000E+0	0.000000E+0
140.0   	24      	3.415603E-2 	7.586138E-5	-5.94E-1   	140.00    	4795.08	23.1 	36.6 	0.000000E+0	0.000000E+0	0.000000E+0	0.000000E+0	0.000000E+0	0.000000E+0	0.000000E+0	0.000000E+0
140.0   	25      	2.780586E-1 	2.201704E-4	-5.85E-1   	140.00    	4797.00	23.1 	36.6 	0.000000E+0	0.000000E+0	0.000000E+0	0.000000E+0	0.000000E+0	0.000000E+0	0.000000E+0	0.000000E+0
140.0   	26      	3.608877E-2 	1.295851E-4	-5.72E-1   	140.00    	4798.91	23.1 	36.6 	0.000000E+0	0.000000E+0	0.000000E+0	0.000000E+0	0.000000E+0	0.000000E+0	0.000000E+0	0.000000E+0
140.0   	27      	2.447338E-2 	1.673521E-4	-5.86E-1   	140.00    	4800.83	23.1 	36.6 	0.000000E+0	0.000000E+0	0.000000E+0	0.000000E+0	0.000000E+0	0.000000E+0	0.000000E+0	0.000000E+0
140.0   	28      	2.625320E-2 	5.208374E-5	-6.72E-1   	140.00    	4802.75	23.1 	36.6 	0.000000E+0	0.000000E+0	0.000000E+0	0.000000E+0	0.000000E+0	0.000000E+0	0.000000E+0	0.000000E+0
140.0   	29      	3.307365E-2 	5.495728E-4	-8.43E-1   	140.00    	4804.67	23.1 	36.6 	0.000000E+0	0.000000E+0	0.000000E+0	0.000000E+0	0.000000E+0	0.000000E+0	0.000000E+0	0.000000E+0
140.0   	30      	2.441892E-2 	8.130523E-5	-5.69E-1   	140.00    	4806.57	23.1 	36.6 	0.000000E+0	0.000000E+0	0.000000E+0	0.000000E+0	0.000000E+0	0.000000E+0	0.000000E+0	0.000000E+0
140.0   	31      	2.253209E-2 	1.188279E-4	-3.24E-1   	140.00    	4808.48	23.1 	36.6 	0.000000E+0	0.000000E+0	0.000000E+0	0.000000E+0	0.000000E+0	0.000000E+0	0.000000E+0	0.000000E+0
140.0   	32      	3.428108E-2 	7.722417E-5	-7.91E-1   	140.00    	4810.40	23.1 	36.6 	0.000000E+0	0.000000E+0	0.000000E+0	0.000000E+0	0.000000E+0	0.000000E+0	0.000000E+0	0.000000E+0
140.0   	33      	2.038131E-1 	1.731567E-4	-4.32E-1   	140.00    	4812.32	23.1 	36.6 	0.000000E+0	0.000000E+0	0.000000E+0	0.000000E+0	0.000000E+0	0.000000E+0	0.000000E+0	0.000000E+0
140.0   	34      	9.864275E-2 	1.442054E-4	-6.21E-1   	140.00    	4814.24	23.1 	36.6 	0.000000E+0	0.000000E+0	0.000000E+0	0.000000E+0	0.000000E+0	0.000000E+0	0.000000E+0	0.000000E+0
140.0   	35      	1.342940E-1 	1.277071E-4	-5.90E-1   	140.00    	4816.16	23.1 	36.6 	0.000000E+0	0.000000E+0	0.000000E+0	0.000000E+0	0.000000E+0	0.000000E+0	0.000000E+0	0.000000E+0
140.0   	36      	2.419668E-2 	6.865716E-5	-5.07E-1   	140.00    	4818.08	23.1 	36.6 	0.000000E+0	0.000000E+0	0.000000E+0	0.000000E+0	0.000000E+0	0.000000E+0	0.000000E+0	0.000000E+0
140.0   	37      	2.327574E-2 	1.429201E-4	-4.20E-1   	140.00    	4820.01	23.1 	36.6 	0.000000E+0	0.000000E+0	0.000000E+0	0.000000E+0	0.000000E+0	0.000000E+0	0.000000E+0	0.000000E+0
140.0   	38      	2.474595E-2 	6.650036E-5	-3.87E-1   	140.00    	4821.93	23.1 	36.6 	0.000000E+0	0.000000E+0	0.000000E+0	0.000000E+0	0.000000E+0	0.000000E+0	0.000000E+0	0.000000E+0
140.0   	39      	2.587519E-2 	4.633584E-5	-8.91E-1   	140.00    	4823.86	23.1 	36.6 	0.000000E+0	0.000000E+0	0.000000E+0	0.000000E+0	0.000000E+0	0.000000E+0	0.000000E+0	0.000000E+0
140.0   	40      	-2.205644E-2	1.473441E-4	-7.60E-1   	140.00    	4825.78	23.1 	36.6 	0.000000E+0	0.000000E+0	0.000000E+0	0.000000E+0	0.000000E+0	0.000000E+0	0.000000E+0	0.000000E+0
140.0   	41      	2.488493E-2 	6.705546E-3	-4.91E-1   	140.00    	4827.70	23.1 	36.6 	0.000000E+0	0.000000E+0	0.000000E+0	0.000000E+0	0.000000E+0	0.000000E+0	0.000000E+0	0.000000E+0
140.0   	42      	3.327465E-2 	3.481825E-3	-9.11E-1   	140.00    	4829.62	23.1 	36.6 	0.000000E+0	0.000000E+0	0.000000E+0	0.000000E+0	0.000000E+0	0.000000E+0	0.000000E+0	0.000000E+0
140.0   	43      	2.322319E-2 	4.730349E-5	-6.96E-1   	140.00    	4831.55	23.1 	36.6 	0.000000E+0	0.000000E+0	0.000000E+0	0.000000E+0	0.000000E+0	0.000000E+0	0.000000E+0	0.000000E+0
140.0   	44      	1.012462E-2 	7.815446E-5	-8.19E-1   	140.00    	4833.46	23.1 	36.6 	0.000000E+0	0.000000E+0	0.000000E+0	0.000000E+0	0.000000E+0	0.000000E+0	0.000000E+0	0.000000E+0
140.0   	45      	-1.136215E-2	9.548775E-5	-8.42E-1   	140.00    	4835.38	23.1 	36.6 	0.000000E+0	0.000000E+0	0.000000E+0	0.000000E+0	0.000000E+0	0.000000E+0	0.000000E+0	0.000000E+0
140.0   	46      	8.964742E-2 	2.103831E-4	-5.88E-1   	140.00    	4837.30	23.1 	36.6 	0.000000E+0	0.000000E+0	0.000000E+0	0.000000E+0	0.000000E+0	0.000000E+0	0.000000E+0	0.000000E+0
140.0   	47      	6.080808E-2 	7.118998E-5	-4.85E-1   	140.00    	4839.21	23.1 	36.6 	0.000000E+0	0.000000E+0	0.000000E+0	0.000000E+0	0.000000E+0	0.000000E+0	0.000000E+0	0.000000E+0
140.0   	48      	3.589311E-2 	1.345261E-4	-6.03E-1   	140.00    	4841.13	23.1 	36.6 	0.000000E+0	0.000000E+0	0.000000E+0	0.000000E+0	0.000000E+0	0.000000E+0	0.000000E+0	0.000000E+0
140.0   	49      	2.276605E-2 	1.019449E-4	-6.16E-1   	140.00    	4843.06	23.1 	36.6 	0.000000E+0	0.000000E+0	0.000000E+0	0.000000E+0	0.000000E+0	0.000000E+0	0.000000E+0	0.000000E+0
140.0   	50      	9.709378E-2 	1.377325E-4	-7.76E-1   	140.00    	4844.98	23.1 	36.6 	0.000000E+0	0.000000E+0	0.000000E+0	0.000000E+0	0.000000E+0	0.000000E+0	0.000000E+0	0.000000E+0
140.0   	51      	1.236721E-1 	1.489481E-4	-6.26E-1   	140.00    	4846.89	23.1 	36.6 	0.000000E+0	0.000000E+0	0.000000E+0	0.000000E+0	0.000000E+0	0.000000E+0	0.000000E+0	0.000000E+0
140.0   	52      	2.445564E-2 	6.304828E-5	-3.70E-1   	140.00    	4848.81	23.1 	36.6 	0.000000E+0	0.000000E+0	0.000000E+0	0.000000E+0	0.000000E+0	0.000000E+0	0.000000E+0	0.000000E+0
140.0   	53      	2.450123E-2 	9.324866E-5	-8.90E-1   	140.00    	4850.73	23.1 	36.6 	0.000000E+0	0.000000E+0	0.000000E+0	0.000000E+0	0.000000E+0	0.000000E+0	0.000000E+0	0.000000E+0
140.0   	54      	2.447212E-2 	2.859008E-5	-4.11E-1   	140.00    	4852.65	23.1 	36.6 	0.000000E+0	0.000000E+0	0.000000E+0	0.000000E+0	0.000000E+0	0.000000E+0	0.000000E+0	0.000000E+0
140.0   	55      	2.354357E-2 	1.041592E-4	-3.00E-1   	140.00    	4854.58	23.1 	36.6 	0.000000E+0	0.000000E+0	0.000000E+0	0.000000E+0	0.000000E+0	0.000000E+0	0.000000E+0	0.000000E+0
140.0   	56      	3.582947E-2 	9.133053E-5	-6.37E-1   	140.00    	4856.51	23.1 	36.6 	0.000000E+0	0.000000E+0	0.000000E+0	0.000000E+0	0.000000E+0	0.000000E+0	0.000000E+0	0.000000E+0
140.0   	57      	5.234998E-2 	1.139462E-4	-5.24E-1   	140.00    	4858.42	23.1 	36.6 	0.000000E+0	0.000000E+0	0.000000E+0	0.000000E+0	0.000000E+0	0.000000E+0	0.000000E+0	0.000000E+0
140.0   	58      	3.615714E-2 	1.489779E-4	-5.13E-1   	140.00    	4860.35	23.1 	36.6 	0.000000E+0	0.000000E+0	0.000000E+0	0.000000E+0	0.000000E+0	0.000000E+0	0.000000E+0	0.000000E+0
140.0   	59      	2.228580E-2 	7.101785E-5	-4.58E-1   	140.00    	4862.27	23.1 	36.6 	0.000000E+0	0.000000E+0	0.000000E+0	0.000000E+0	0.000000E+0	0.000000E+0	0.000000E+0	0.000000E+0
140.0   	60      	2.600405E-2 	8.042076E-5	-9.60E-1   	140.00    	4864.19	23.1 	36.6 	0.000000E+0	0.000000E+0	0.000000E+0	0.000000E+0	0.000000E+0	0.000000E+0	0.000000E+0	0.000000E+0
140.0   	61      	3.629838E-1 	1.236750E-4	-9.46E-1   	140.00    	4866.12	23.1 	36.6 	0.000000E+0	0.000000E+0	0.000000E+0	0.000000E+0	0.000000E+0	0.000000E+0	0.000000E+0	0.000000E+0
140.0   	62      	2.670591E-2 	1.083070E-4	-6.05E-1   	140.00    	4868.04	23.1 	36.6 	0.000000E+0	0.000000E+0	0.000000E+0	0.000000E+0	0.000000E+0	0.000000E+0	0.000000E+0	0.000000E+0
140.0   	63      	2.195770E-1 	3.645994E-3	-7.96E-1   	140.00    	4869.97	23.1 	36.6 	0.000000E+0	0.000000E+0	0.000000E+0	0.000000E+0	0.000000E+0	0.000000E+0	0.000000E+0	0.000000E+0
140.0   	64      	2.802543E-2 	5.663665E-4	-7.11E-1   	140.00    	4871.88	23.1 	36.6 	0.000000E+0	0.000000E+0	0.000000E+0	0.000000E+0	0.000000E+0	0.000000E+0	0.000000E+0	0.000000E+0
140.0   	65      	2.119359E-2 	5.611014E-5	-6.50E-1   	140.00    	4873.80	23.1 	36.6 	0.000000E+0	0.000000E+0	0.000000E+0	0.000000E+0	0.000000E+0	0.000000E+0	0.000000E+0	0.000000E+0
140.0   	66      	9.872920E-2 	1.473808E-4	-3.49E-1   	140.00    	4875.72	23.1 	36.6 	0.000000E+0	0.000000E+0	0.000000E+0	0.000000E+0	0.000000E+0	0.000000E+0	0.000000E+0	0.000000E+0
140.0   	67      	1.163296E-1 	6.753155E-5	-9.53E-1   	140.00    	4877.65	23.1 	36.6 	0.000000E+0	0.000000E+0	0.000000E+0	0.000000E+0	0.000000E+0	0.000000E+0	0.000000E+0	0.000000E+0
140.0   	68      	2.346505E-2 	1.529208E-4	-7.98E-1   	140.00    	4879.56	23.1 	36.6 	0.000000E+0	0.000000E+0	0.000000E+0	0.000000E+0	0.000000E+0	0.000000E+0	0.000000E+0	0.000000E+0
140.0   	69      	2.361956E-2 	7.225012E-5	-7.35E-1   	140.00    	4881.48	23.1 	36.6 	0.000000E+0	0.000000E+0	0.000000E+0	0.000000E+0	0.000000E+0	0.000000E+0	0.000000E+0	0.000000E+0
140.0   	70      	2.190559E-2 	1.766319E-4	-8.29E-1   	140.00    	4883.40	23.1 	36.6 	0.000000E+0	0.000000E+0	0.000000E+0	0.000000E+0	0.000000E+0	0.000000E+0	0.000000E+0	0.000000E+0
140.0   	71      	2.222564E-2 	1.148626E-4	-7.70E-1   	140.00    	4885.33	23.1 	36.6 	0.000000E+0	0.000000E+0	0.000000E+0	0.000000E+0	0.000000E+0	0.000000E+0	0.000000E+0	0.000000E+0
140.0   	72      	2.915815E-2 	1.364460E-4	-7.35E-1   	140.00    	4887.26	23.1 	36.6 	0.000000E+0	0.000000E+0	0.000000E+0	0.000000E+0	0.000000E+0	0.000000E+0	0.000000E+0	0.000000E+0
140.0   	73      	2.456898E-2 	1.891484E-4	-5.61E-1   	140.00    	4889.18	23.1 	36.6 	0.000000E+0	0.000000E+0	0.000000E+0	0.000000E+0	0.000000E+0	0.000000E+0	0.000000E+0	0.000000E+0
140.0   	74      	4.796721E-2 	2.692817E-4	-6.42E-1   	140.00    	4891.11	23.1 	36.6 	0.000000E+0	0.000000E+0	0.000000E+0	0.000000E+0	0.000000E+0	0.000000E+0	0.000000E+0	0.000000E+0
140.0   	75      	5.222365E-2 	5.206308E-2	-8.58E-1   	140.00    	4893.02	23.1 	36.6 	0.000000E+0	0.000000E+0	0.000000E+0	0.000000E+0	0.000000E+0	0.000000E+0	0.000000E+0	0.000000E+0
140.0   	76      	7.674167E-2 	2.065727E-2	-9.53E-1   	140.00    	4894.94	23.1 	36.6 	0.000000E+0	0.000000E+0	0.000000E+0	0.000000E+0	0.000000E+0	0.000000E+0	0.000000E+0	0.000000E+0
140.0   	77      	1.033344E-3 	3.497141E-4	-4.36E-1   	140.00    	4896.86	23.1 	36.6 	0.000000E+0	0.000000E+0	0.000000E+0	0.000000E+0	0.000000E+0	0.000000E+0	0.000000E+0	0.000000E+0
140.0   	78      	1.146681E-3 	3.537137E-5	-5.24E-1   	140.00    	4898.77	23.1 	36.6 	0.000000E+0	0.000000E+0	0.000000E+0	0.000000E+0	0.000000E+0	0.000000E+0	0.000000E+0	0.000000E+0
140.0   	79      	2.770852E-2 	2.392798E-4	-4.63E-1   	140.00    	4900.69	23.1 	36.6 	0.000000E+0	0.000000E+0	0.000000E+0	0.000000E+0	0.000000E+0	0.000000E+0	0.000000E+0	0.000000E+0
140.0   	80      	2.666317E-2 	1.789960E-4	-3.88E-1   	140.00    	4902.61	23.1 	36.6 	0.000000E+0	0.000000E+0	0.000000E+0	0.000000E+0	0.000000E+0	0.000000E+0	0.000000E+0	0.000000E+0
140.0   	81      	2.208508E-2 	1.254208E-4	-4.22E-1   	140.00    	4904.52	23.1 	36.6 	0.000000E+0	0.000000E+0	0.000000E+0	0.000000E+0	0.000000E+0	0.000000E+0	0.000000E+0	0.000000E+0
140.0   	82      	9.663059E-2 	6.271376E-5	-4.58E-1   	140.00    	4906.44	23.1 	36.6 	0.000000E+0	0.000000E+0	0.000000E+0	0.000000E+0	0.000000E+0	0.000000E+0	0.000000E+0	0.000000E+0
140.0   	83      	1.161937E-1 	6.221650E-5	-7.91E-1   	140.00    	4908.36	23.1 	36.6 	0.000000E+0	0.000000E+0	0.000000E+0	0.000000E+0	0.000000E+0	0.000000E+0	0.000000E+0	0.000000E+0
140.0   	84      	2.616361E-2 	1.410085E-4	-5.85E-1   	140.00    	4910.29	23.1 	36.6 	0.000000E+0	0.000000E+0	0.000000E+0	0.000000E+0	0.000000E+0	0.000000E+0	0.000000E+0	0.000000E+0
140.0   	85      	2.337737E-2 	1.335423E-4	-7.28E-1   	140.00    	4912.21	23.1 	36.6 	0.000000E+0	0.000000E+0	0.000000E+0	0.000000E+0	0.000000E+0	0.000000E+0	0.000000E+0	0.000000E+0
140.0   	86      	2.179320E-2 	5.085288E-5	-3.68E-1   	140.00    	4914.13	23.1 	36.6 	0.000000E+0	0.000000E+0	0.000000E+0	0.000000E+0	0.000000E+0	0.000000E+0	0.000000E+0	0.000000E+0
140.0   	87      	2.200151E-2 	8.500118E-5	-6.65E-1   	140.00    	4916.04	23.1 	36.6 	0.000000E+0	0.000000E+0	0.000000E+0	0.000000E+0	0.000000E+0	0.000000E+0	0.000000E+0	0.000000E+0
140.0   	88      	3.834502E-2 	1.043132E-4	-6.01E-1   	140.00    	4917.96	23.1 	36.6 	0.000000E+0	0.000000E+0	0.000000E+0	0.000000E+0	0.000000E+0	0.000000E+0	0.000000E+0	0.000000E+0
140.0   	89      	2.058828E-2 	4.904575E-5	-8.49E-1   	140.00    	4919.88	23.1 	36.6 	0.000000E+0	0.000000E+0	0.000000E+0	0.000000E+0	0.000000E+0	0.000000E+0	0.000000E+0	0.000000E+0
140.0   	90      	4.423031E-2 	4.504060E-5	-4.15E-1   	140.00    	4921.79	23.1 	36.6 	0.000000E+0	0.000000E+0	0.000000E+0	0.000000E+0	0.000000E+0	0.000000E+0	0.000000E+0	0.000000E+0
140.0   	91      	2.279202E-2 	6.137287E-5	-4.27E-1   	140.00    	4923.71	23.1 	36.6 	0.000000E+0	0.000000E+0	0.000000E+0	0.000000E+0	0.000000E+0	0.000000E+0	0.000000E+0	0.000000E+0
140.0   	92      	2.868107E-2 	7.360547E-5	-3.95E-1   	140.00    	4925.63	23.1 	36.6 	0.000000E+0	0.000000E+0	0.000000E+0	0.000000E+0	0.000000E+0	0.000000E+0	0.000000E+0	0.000000E+0
140.0   	93      	2.745241E-2 	1.508704E-4	-6.76E-1   	140.00    	4927.55	23.1 	36.6 	0.000000E+0	0.000000E+0	0.000000E+0	0.000000E+0	0.000000E+0	0.000000E+0	0.000000E+0	0.000000E+0
140.0   	94      	6.142227E-2 	6.085748E-5	-9.75E-1   	140.00    	4929.46	23.1 	36.6 	0.000000E+0	0.000000E+0	0.000000E+0	0.000000E+0	0.000000E+0	0.000000E+0	0.000000E+0	0.000000E+0
140.0   	95      	2.988250E-2 	1.186494E-4	-7.41E-1   	140.00    	4931.38	23.1 	36.6 	0.000000E+0	0.000000E+0	0.000000E+0	0.000000E+0	0.000000E+0	0.000000E+0	0.000000E+0	0.000000E+0
140.0   	96      	2.572419E-2 	2.081311E-4	-6.48E-1   	140.00    	4933.30	23.1 	36.6 	0.000000E+0	0.000000E+0	0.000000E+0	0.000000E+0	0.000000E+0	0.000000E+0	0.000000E+0	0.000000E+0
140.0   	97      	2.322162E-2 	1.575588E-4	-8.52E-1   	140.00    	4935.22	23.1 	36.6 	0.000000E+0	0.000000E+0	0.000000E+0	0.000000E+0	0.000000E+0	0.000000E+0	0.000000E+0	0.000000E+0
140.0   	98      	9.992086E-2 	1.296424E-4	-5.63E-1   	140.00    	4937.13	23.1 	36.6 	0.000000E+0	0.000000E+0	0.000000E+0	0.000000E+0	0.000000E+0	0.000000E+0	0.000000E+0	0.000000E+0
140.0   	99      	1.057143E-1 	1.022865E-4	-9.63E-1   	140.00    	4939.04	23.1 	36.6 	0.000000E+0	0.000000E+0	0.000000E+0	0.000000E+0	0.000000E+0	0.000000E+0	0.000000E+0	0.000000E+0
140.0   	100     	2.397635E-2 	1.407456E-4	-4.05E-1   	140.00    	4940.97	23.1 	36.6 	0.000000E+0	0.000000E+0	0.000000E+0	0.000000E+0	0.000000E+0	0.000000E+0	0.000000E+0	0.000000E+0
140.0   	101     	3.205582E-2 	1.018862E-4	-6.54E-1   	140.00    	4942.89	23.1 	36.6 	0.000000E+0	0.000000E+0	0.000000E+0	0.000000E+0	0.000000E+0	0.000000E+0	0.000000E+0	0.000000E+0
140.0   	102     	2.133954E-2 	1.366622E-4	-4.36E-1   	140.00    	4944.82	23.1 	36.6 	0.000000E+0	0.000000E+0	0.000000E+0	0.000000E+0	0.000000E+0	0.000000E+0	0.000000E+0	0.000000E+0
140.0   	103     	1.357003E-1 	1.164091E-4	-7.31E-1   	140.00    	4946.75	23.1 	36.6 	0.000000E+0	0.000000E+0	0.000000E+0	0.000000E+0	0.000000E+0	0.000000E+0	0.000000E+0	0.000000E+0
140.0   	104     	-3.265388E-2	1.149716E-4	-6.79E-1   	140.00    	4948.66	23.1 	36.6 	0.000000E+0	0.000000E+0	0.000000E+0	0.000000E+0	0.000000E+0	0.000000E+0	0.000000E+0	0.000000E+0
140.0   	105     	4.877895E-2 	1.523369E-4	-5.22E-1   	140.00    	4950.59	23.1 	36.6 	0.000000E+0	0.000000E+0	0.000000E+0	0.000000E+0	0.000000E+0	0.000000E+0	0.000000E+0	0.000000E+0
140.0   	106     	4.694721E-2 	1.209039E-4	-7.27E-1   	140.00    	4952.51	23.1 	36.6 	0.000000E+0	0.000000E+0	0.000000E+0	0.000000E+0	0.000000E+0	0.000000E+0	0.000000E+0	0.000000E+0
140.0   	107     	2.255806E-2 	2.231990E-4	-4.36E-1   	140.00    	4954.43	23.1 	36.6 	0.000000E+0	0.000000E+0	0.000000E+0	0.000000E+0	0.000000E+0	0.000000E+0	0.000000E+0	0.000000E+0
140.0   	108     	2.654700E-2 	1.277641E-4	-3.64E-1   	140.00    	4956.34	23.1 	36.6 	0.000000E+0	0.000000E+0	0.000000E+0	0.000000E+0	0.000000E+0	0.000000E+0	0.000000E+0	0.000000E+0
140.0   	109     	2.722068E-2 	8.516606E-5	-5.45E-1   	140.00    	4958.26	23.1 	36.6 	0.000000E+0	0.000000E+0	0.000000E+0	0.000000E+0	0.000000E+0	0.000000E+0	0.000000E+0	0.000000E+0
140.0   	110     	2.766610E-2 	1.041900E-4	-6.29E-1   	140.00    	4960.18	23.1 	36.6 	0.000000E+0	0.000000E+0	0.000000E+0	0.000000E+0	0.000000E+0	0.000000E+0	0.000000E+0	0.000000E+0
140.0   	111     	2.507458E-2 	4.941193E-5	-5.06E-1   	140.00    	4962.10	23.1 	36.6 	0.000000E+0	0.000000E+0	0.000000E+0	0.000000E+0	0.000000E+0	0.000000E+0	0.000000E+0	0.000000E+0
140.0   	112     	2.439170E-2 	2.114134E-5	-6.68E-1   	140.00    	4964.01	23.1 	36.6 	0.000000E+0	0.000000E+0	0.000000E+0	0.000000E+0	0.000000E+0	0.000000E+0	0.000000E+0	0.000000E+0
140.0   	113     	2.315577E-2 	1.083530E-4	-5.88E-1   	140.00    	4965.93	23.1 	36.6 	0.000000E+0	0.000000E+0	0.000000E+0	0.000000E+0	0.000000E+0	0.000000E+0	0.000000E+0	0.000000E+0
140.0   	114     	9.914902E-2 	1.161306E-4	-9.20E-1   	140.00    	4967.83	23.1 	36.6 	0.000000E+0	0.000000E+0	0.000000E+0	0.000000E+0	0.000000E+0	0.000000E+0	0.000000E+0	0.000000E+0
140.0   	115     	1.335213E-1 	3.679144E-5	-8.43E-1   	140.00    	4969.75	23.1 	36.6 	0.000000E+0	0.000000E+0	0.000000E+0	0.000000E+0	0.000000E+0	0.000000E+0	0.000000E+0	0.000000E+0
140.0   	116     	2.459715E-2 	6.222574E-5	-8.85E-1   	140.00    	4971.66	23.1 	36.6 	0.000000E+0	0.000000E+0	0.000000E+0	0.000000E+0	0.000000E+0	0.000000E+0	0.000000E+0	0.000000E+0
140.0   	117     	2.352300E-2 	1.741845E-4	-8.31E-1   	140.00    	4973.58	23.1 	36.6 	0.000000E+0	0.000000E+0	0.000000E+0	0.000000E+0	0.000000E+0	0.000000E+0	0.000000E+0	0.000000E+0
140.0   	118     	2.199803E-2 	1.203949E-4	-8.15E-1   	140.00    	4975.51	23.1 	36.6 	0.000000E+0	0.000000E+0	0.000000E+0	0.000000E+0	0.000000E+0	0.000000E+0	0.000000E+0	0.000000E+0
140.0   	119     	2.247259E-2 	1.525010E-4	-8.66E-1   	140.00    	4977.44	23.1 	36.6 	0.000000E+0	0.000000E+0	0.000000E+0	0.000000E+0	0.000000E+0	0.000000E+0	0.000000E+0	0.000000E+0
140.0   	120     	4.126584E-2 	2.292025E-4	-7.09E-1   	140.00    	4979.36	23.1 	36.6 	0.000000E+0	0.000000E+0	0.000000E+0	0.000000E+0	0.000000E+0	0.000000E+0	0.000000E+0	0.000000E+0
140.0   	121     	2.268122E-2 	2.196072E-4	-8.16E-1   	140.00    	4981.28	23.1 	36.6 	0.000000E+0	0.000000E+0	0.000000E+0	0.000000E+0	0.000000E+0	0.000000E+0	0.000000E+0	0.000000E+0
140.0   	122     	4.050857E-2 	5.318625E-5	-5.00E-1   	140.00    	4983.20	23.1 	36.5 	0.000000E+0	0.000000E+0	0.000000E+0	0.000000E+0	0.000000E+0	0.000000E+0	0.000000E+0	0.000000E+0
140.0   	123     	1.425521E-1 	2.569724E-4	-6.72E-1   	140.00    	4985.11	23.1 	36.6 	0.000000E+0	0.000000E+0	0.000000E+0	0.000000E+0	0.000000E+0	0.000000E+0	0.000000E+0	0.000000E+0
140.0   	124     	2.617089E-2 	1.667640E-4	-6.94E-1   	140.00    	4987.03	23.1 	36.6 	0.000000E+0	0.000000E+0	0.000000E+0	0.000000E+0	0.000000E+0	0.000000E+0	0.000000E+0	0.000000E+0
140.0   	125     	2.321339E-2 	8.796924E-5	-7.55E-1   	140.00    	4988.96	23.1 	36.6 	0.000000E+0	0.000000E+0	0.000000E+0	0.000000E+0	0.000000E+0	0.000000E+0	0.000000E+0	0.000000E+0
140.0   	126     	2.619242E-2 	5.664775E-5	-6.47E-1   	140.00    	4990.88	23.1 	36.6 	0.000000E+0	0.000000E+0	0.000000E+0	0.000000E+0	0.000000E+0	0.000000E+0	0.000000E+0	0.000000E+0
140.0   	127     	2.594740E-2 	5.080886E-5	-7.43E-1   	140.00    	4992.79	23.1 	36.6 	0.000000E+0	0.000000E+0	0.000000E+0	0.000000E+0	0.000000E+0	0.000000E+0	0.000000E+0	0.000000E+0
140.0   	128     	2.639408E-2 	7.844008E-5	-4.35E-1   	140.00    	4994.71	23.1 	36.5 	0.000000E+0	0.000000E+0	0.000000E+0	0.000000E+0	0.000000E+0	0.000000E+0	0.000000E+0	0.000000E+0
140.0   	129     	2.220823E-2 	1.628696E-4	-6.33E-1   	140.00    	4996.63	23.1 	36.6 	0.000000E+0	0.000000E+0	0.000000E+0	0.000000E+0	0.000000E+0	0.000000E+0	0.000000E+0	0.000000E+0
140.0   	130     	1.011134E-1 	2.652934E-4	-6.33E-1   	140.00    	4998.53	23.1 	36.6 	0.000000E+0	0.000000E+0	0.000000E+0	0.000000E+0	0.000000E+0	0.000000E+0	0.000000E+0	0.000000E+0
140.0   	131     	1.395041E-1 	9.087713E-5	-5.25E-1   	140.00    	5000.47	23.1 	36.6 	0.000000E+0	0.000000E+0	0.000000E+0	0.000000E+0	0.000000E+0	0.000000E+0	0.000000E+0	0.000000E+0
140.0   	132     	2.067061E-1 	1.552057E-4	-7.83E-1   	140.00    	5002.38	23.1 	36.6 	0.000000E+0	0.000000E+0	0.000000E+0	0.000000E+0	0.000000E+0	0.000000E+0	0.000000E+0	0.000000E+0
140.0   	133     	2.347456E-2 	1.173590E-4	-5.78E-1   	140.00    	5004.30	23.1 	36.6 	0.000000E+0	0.000000E+0	0.000000E+0	0.000000E+0	0.000000E+0	0.000000E+0	0.000000E+0	0.000000E+0
140.0   	134     	2.242669E-2 	1.137755E-4	-6.49E-1   	140.00    	5006.22	23.1 	36.6 	0.000000E+0	0.000000E+0	0.000000E+0	0.000000E+0	0.000000E+0	0.000000E+0	0.000000E+0	0.000000E+0
140.0   	135     	2.285786E-2 	6.133794E-5	-5.49E-1   	140.00    	5008.14	23.1 	36.6 	0.000000E+0	0.000000E+0	0.000000E+0	0.000000E+0	0.000000E+0	0.000000E+0	0.000000E+0	0.000000E+0
140.0   	136     	7.373890E-2 	1.603776E-4	-9.14E-1   	140.00    	5010.05	23.1 	36.6 	0.000000E+0	0.000000E+0	0.000000E+0	0.000000E+0	0.000000E+0	0.000000E+0	0.000000E+0	0.000000E+0
140.0   	137     	8.486632E-3 	5.406420E-5	-8.46E-1   	140.00    	5011.97	23.1 	36.5 	0.000000E+0	0.000000E+0	0.000000E+0	0.000000E+0	0.000000E+0	0.000000E+0	0.000000E+0	0.000000E+0
140.0   	138     	3.395249E-2 	1.206625E-4	-6.32E-1   	140.00    	5013.88	23.1 	36.6 	0.000000E+0	0.000000E+0	0.000000E+0	0.000000E+0	0.000000E+0	0.000000E+0	0.000000E+0	0.000000E+0
140.0   	139     	2.236874E-2 	1.140337E-4	-8.33E-1   	140.00    	5015.80	23.1 	36.6 	0.000000E+0	0.000000E+0	0.000000E+0	0.000000E+0	0.000000E+0	0.000000E+0	0.000000E+0	0.000000E+0
140.0   	140     	-7.749498E-3	1.666504E-4	-8.53E-1   	140.00    	5017.72	23.1 	36.6 	0.000000E+0	0.000000E+0	0.000000E+0	0.000000E+0	0.000000E+0	0.000000E+0	0.000000E+0	0.000000E+0
140.0   	141     	3.980723E-3 	2.161007E-4	-5.80E-1   	140.00    	5019.65	23.1 	36.6 	0.000000E+0	0.000000E+0	0.000000E+0	0.000000E+0	0.000000E+0	0.000000E+0	0.000000E+0	0.000000E+0
140.0   	142     	2.652041E-2 	8.881824E-5	-8.45E-1   	140.00    	5021.55	23.1 	36.6 	0.000000E+0	0.000000E+0	0.000000E+0	0.000000E+0	0.000000E+0	0.000000E+0	0.000000E+0	0.000000E+0
140.0   	143     	7.548865E-2 	1.046361E-4	-8.60E-1   	140.00    	5023.48	23.1 	36.6 	0.000000E+0	0.000000E+0	0.000000E+0	0.000000E+0	0.000000E+0	0.000000E+0	0.000000E+0	0.000000E+0
140.0   	144     	2.218861E-2 	5.195932E-5	-6.53E-1   	140.00    	5025.40	23.1 	36.6 	0.000000E+0	0.000000E+0	0.000000E+0	0.000000E+0	0.000000E+0	0.000000E+0	0.000000E+0	0.000000E+0
140.0   	145     	2.349611E-2 	4.302964E-5	-7.98E-1   	140.00    	5027.32	23.1 	36.6 	0.000000E+0	0.000000E+0	0.000000E+0	0.000000E+0	0.000000E+0	0.000000E+0	0.000000E+0	0.000000E+0
140.0   	146     	9.778745E-2 	1.587326E-4	-5.99E-1   	140.00    	5029.23	23.1 	36.6 	0.000000E+0	0.000000E+0	0.000000E+0	0.000000E+0	0.000000E+0	0.000000E+0	0.000000E+0	0.000000E+0
140.0   	147     	1.307253E-1 	1.221820E-4	-7.14E-1   	140.00    	5031.15	23.1 	36.6 	0.000000E+0	0.000000E+0	0.000000E+0	0.000000E+0	0.000000E+0	0.000000E+0	0.000000E+0	0.000000E+0
140.0   	148     	2.909230E-2 	7.220722E-5	-8.59E-1   	140.00    	5033.07	23.1 	36.6 	0.000000E+0	0.000000E+0	0.000000E+0	0.000000E+0	0.000000E+0	0.000000E+0	0.000000E+0	0.000000E+0
140.0   	149     	2.257358E-2 	1.470898E-4	-7.77E-1   	140.00    	5034.99	23.1 	36.6 	0.000000E+0	0.000000E+0	0.000000E+0	0.000000E+0	0.000000E+0	0.000000E+0	0.000000E+0	0.000000E+0
140.0   	150     	2.231209E-2 	9.165541E-5	-6.71E-1   	140.00    	5036.90	23.1 	36.6 	0.000000E+0	0.000000E+0	0.000000E+0	0.000000E+0	0.000000E+0	0.000000E+0	0.000000E+0	0.000000E+0
140.0   	151     	4.813794E-1 	7.062549E-5	-4.91E-1   	140.00    	5038.84	23.1 	36.6 	0.000000E+0	0.000000E+0	0.000000E+0	0.000000E+0	0.000000E+0	0.000000E+0	0.000000E+0	0.000000E+0
140.0   	152     	3.184308E-2 	1.328638E-4	-5.71E-1   	140.00    	5040.77	23.1 	36.6 	0.000000E+0	0.000000E+0	0.000000E+0	0.000000E+0	0.000000E+0	0.000000E+0	0.000000E+0	0.000000E+0
140.0   	153     	2.216899E-2 	3.918579E-5	-6.72E-1   	140.00    	5042.68	23.1 	36.6 	0.000000E+0	0.000000E+0	0.000000E+0	0.000000E+0	0.000000E+0	0.000000E+0	0.000000E+0	0.000000E+0
140.0   	154     	4.520537E-2 	7.771810E-6	-5.98E-1   	140.00    	5044.60	23.1 	36.6 	0.000000E+0	0.000000E+0	0.000000E+0	0.000000E+0	0.000000E+0	0.000000E+0	0.000000E+0	0.000000E+0
140.0   	155     	2.225067E-2 	1.327675E-4	-5.70E-1   	140.00    	5046.52	23.1 	36.6 	0.000000E+0	0.000000E+0	0.000000E+0	0.000000E+0	0.000000E+0	0.000000E+0	0.000000E+0	0.000000E+0
140.0   	156     	2.173084E-2 	9.592365E-5	-6.73E-1   	140.00    	5048.44	23.1 	36.6 	0.000000E+0	0.000000E+0	0.000000E+0	0.000000E+0	0.000000E+0	0.000000E+0	0.000000E+0	0.000000E+0
140.0   	157     	2.705955E-2 	9.445791E-5	-7.59E-1   	140.00    	5050.36	23.1 	36.6 	0.000000E+0	0.000000E+0	0.000000E+0	0.000000E+0	0.000000E+0	0.000000E+0	0.000000E+0	0.000000E+0
140.0   	158     	2.686578E-2 	1.292010E-4	-4.64E-1   	140.00    	5052.28	23.1 	36.6 	0.000000E+0	0.000000E+0	0.000000E+0	0.000000E+0	0.000000E+0	0.000000E+0	0.000000E+0	0.000000E+0
140.0   	159     	2.185083E-2 	1.074904E-4	-5.66E-1   	140.00    	5054.20	23.1 	36.6 	0.000000E+0	0.000000E+0	0.000000E+0	0.000000E+0	0.000000E+0	0.000000E+0	0.000000E+0	0.000000E+0
140.0   	160     	2.388203E-2 	7.686693E-5	-6.70E-1   	140.00    	5056.12	23.1 	36.6 	0.000000E+0	0.000000E+0	0.000000E+0	0.000000E+0	0.000000E+0	0.000000E+0	0.000000E+0	0.000000E+0
140.0   	161     	2.350655E-2 	2.092902E-4	-6.66E-1   	140.00    	5058.03	23.1 	36.6 	0.000000E+0	0.000000E+0	0.000000E+0	0.000000E+0	0.000000E+0	0.000000E+0	0.000000E+0	0.000000E+0
140.0   	162     	9.920253E-2 	1.287106E-4	-9.93E-1   	140.00    	5059.95	23.1 	36.6 	0.000000E+0	0.000000E+0	0.000000E+0	0.000000E+0	0.000000E+0	0.000000E+0	0.000000E+0	0.000000E+0
140.0   	163     	1.118354E-1 	6.913212E-5	-9.26E-1   	140.00    	5061.87	23.1 	36.6 	0.000000E+0	0.000000E+0	0.000000E+0	0.000000E+0	0.000000E+0	0.000000E+0	0.000000E+0	0.000000E+0
140.0   	164     	1.352776E-3 	9.899293E-5	-6.78E-1   	140.00    	5063.79	23.1 	36.6 	0.000000E+0	0.000000E+0	0.000000E+0	0.000000E+0	0.000000E+0	0.000000E+0	0.000000E+0	0.000000E+0
140.0   	165     	2.643493E-2 	9.341956E-5	-4.45E-1   	140.00    	5065.70	23.1 	36.6 	0.000000E+0	0.000000E+0	0.000000E+0	0.000000E+0	0.000000E+0	0.000000E+0	0.000000E+0	0.000000E+0
140.0   	166     	2.281386E-2 	8.656438E-5	-4.50E-1   	140.00    	5067.64	23.1 	36.6 	0.000000E+0	0.000000E+0	0.000000E+0	0.000000E+0	0.000000E+0	0.000000E+0	0.000000E+0	0.000000E+0
140.0   	167     	1.772343E-1 	2.572800E-5	-7.79E-1   	140.00    	5069.55	23.1 	36.6 	0.000000E+0	0.000000E+0	0.000000E+0	0.000000E+0	0.000000E+0	0.000000E+0	0.000000E+0	0.000000E+0
140.0   	168     	4.387510E-2 	1.623474E-4	-5.38E-1   	140.00    	5071.47	23.1 	36.6 	0.000000E+0	0.000000E+0	0.000000E+0	0.000000E+0	0.000000E+0	0.000000E+0	0.000000E+0	0.000000E+0
140.0   	169     	2.414002E-2 	7.413342E-6	-6.84E-1   	140.00    	5073.38	23.1 	36.6 	0.000000E+0	0.000000E+0	0.000000E+0	0.000000E+0	0.000000E+0	0.000000E+0	0.000000E+0	0.000000E+0
140.0   	170     	8.327310E-2 	1.192838E-4	-5.40E-1   	140.00    	5075.30	23.1 	36.6 	0.000000E+0	0.000000E+0	0.000000E+0	0.000000E+0	0.000000E+0	0.000000E+0	0.000000E+0	0.000000E+0
140.0   	171     	4.025500E-2 	1.680949E-4	-6.53E-1   	140.00    	5077.22	23.1 	36.6 	0.000000E+0	0.000000E+0	0.000000E+0	0.000000E+0	0.000000E+0	0.000000E+0	0.000000E+0	0.000000E+0
140.0   	172     	2.217564E-2 	1.523140E-4	-5.27E-1   	140.00    	5079.14	23.1 	36.6 	0.000000E+0	0.000000E+0	0.000000E+0	0.000000E+0	0.000000E+0	0.000000E+0	0.000000E+0	0.000000E+0
140.0   	173     	3.864837E-2 	3.617965E-5	-8.78E-1   	140.00    	5081.06	23.1 	36.6 	0.000000E+0	0.000000E+0	0.000000E+0	0.000000E+0	0.000000E+0	0.000000E+0	0.000000E+0	0.000000E+0
140.0   	174     	2.604902E-2 	2.123259E-4	-5.95E-1   	140.00    	5082.98	23.1 	36.5 	0.000000E+0	0.000000E+0	0.000000E+0	0.000000E+0	0.000000E+0	0.000000E+0	0.000000E+0	0.000000E+0
140.0   	175     	2.584639E-2 	7.022081E-5	-9.08E-1   	140.00    	5084.90	23.1 	36.5 	0.000000E+0	0.000000E+0	0.000000E+0	0.000000E+0	0.000000E+0	0.000000E+0	0.000000E+0	0.000000E+0
140.0   	176     	2.280247E-2 	5.090446E-5	-6.61E-1   	140.00    	5086.81	23.1 	36.5 	0.000000E+0	0.000000E+0	0.000000E+0	0.000000E+0	0.000000E+0	0.000000E+0	0.000000E+0	0.000000E+0
140.0   	177     	2.901885E-2 	1.563314E-4	-6.95E-1   	140.00    	5088.73	23.1 	36.5 	0.000000E+0	0.000000E+0	0.000000E+0	0.000000E+0	0.000000E+0	0.000000E+0	0.000000E+0	0.000000E+0
140.0   	178     	1.006965E-1 	9.034890E-5	-4.78E-1   	140.00    	5090.65	23.1 	36.5 	0.000000E+0	0.000000E+0	0.000000E+0	0.000000E+0	0.000000E+0	0.000000E+0	0.000000E+0	0.000000E+0
140.0   	179     	1.311704E-1 	6.654420E-5	-6.39E-1   	140.00    	5092.56	23.1 	36.5 	0.000000E+0	0.000000E+0	0.000000E+0	0.000000E+0	0.000000E+0	0.000000E+0	0.000000E+0	0.000000E+0
140.0   	180     	2.923762E-2 	3.476196E-5	-4.14E-1   	140.00    	5094.49	23.1 	36.5 	0.000000E+0	0.000000E+0	0.000000E+0	0.000000E+0	0.000000E+0	0.000000E+0	0.000000E+0	0.000000E+0
140.0   	181     	8.381603E-2 	5.886506E-5	-6.42E-1   	140.00    	5096.41	23.1 	36.5 	0.000000E+0	0.000000E+0	0.000000E+0	0.000000E+0	0.000000E+0	0.000000E+0	0.000000E+0	0.000000E+0
140.0   	182     	2.243998E-2 	9.887075E-5	-8.29E-1   	140.00    	5098.33	23.1 	36.5 	0.000000E+0	0.000000E+0	0.000000E+0	0.000000E+0	0.000000E+0	0.000000E+0	0.000000E+0	0.000000E+0
140.0   	183     	2.201829E-2 	4.386003E-5	-6.14E-1   	140.00    	5100.25	23.1 	36.5 	0.000000E+0	0.000000E+0	0.000000E+0	0.000000E+0	0.000000E+0	0.000000E+0	0.000000E+0	0.000000E+0
140.0   	184     	4.579486E-2 	7.363465E-5	-6.38E-1   	140.00    	5102.17	23.1 	36.5 	0.000000E+0	0.000000E+0	0.000000E+0	0.000000E+0	0.000000E+0	0.000000E+0	0.000000E+0	0.000000E+0
140.0   	185     	2.335522E-2 	1.426077E-5	-5.84E-1   	140.00    	5104.08	23.1 	36.5 	0.000000E+0	0.000000E+0	0.000000E+0	0.000000E+0	0.000000E+0	0.000000E+0	0.000000E+0	0.000000E+0
140.0   	186     	1.511059E-1 	2.823632E-5	-8.48E-1   	140.00    	5106.01	23.1 	36.5 	0.000000E+0	0.000000E+0	0.000000E+0	0.000000E+0	0.000000E+0	0.000000E+0	0.000000E+0	0.000000E+0
140.0   	187     	3.436152E-2 	1.517762E-4	-7.73E-1   	140.00    	5107.93	23.1 	36.5 	0.000000E+0	0.000000E+0	0.000000E+0	0.000000E+0	0.000000E+0	0.000000E+0	0.000000E+0	0.000000E+0
140.0   	188     	2.090551E-2 	2.245565E-4	-8.50E-1   	140.00    	5109.85	23.1 	36.5 	0.000000E+0	0.000000E+0	0.000000E+0	0.000000E+0	0.000000E+0	0.000000E+0	0.000000E+0	0.000000E+0
140.0   	189     	2.729697E-2 	1.795675E-4	-2.23E-1   	140.00    	5111.76	23.1 	36.5 	0.000000E+0	0.000000E+0	0.000000E+0	0.000000E+0	0.000000E+0	0.000000E+0	0.000000E+0	0.000000E+0
140.0   	190     	4.176382E-2 	1.259283E-4	-5.76E-1   	140.00    	5113.70	23.1 	36.5 	0.000000E+0	0.000000E+0	0.000000E+0	0.000000E+0	0.000000E+0	0.000000E+0	0.000000E+0	0.000000E+0
140.0   	191     	2.519962E-2 	1.407404E-4	-7.09E-1   	140.00    	5115.63	23.1 	36.5 	0.000000E+0	0.000000E+0	0.000000E+0	0.000000E+0	0.000000E+0	0.000000E+0	0.000000E+0	0.000000E+0
140.0   	192     	2.243619E-2 	2.724870E-5	-6.44E-1   	140.00    	5117.54	23.1 	36.5 	0.000000E+0	0.000000E+0	0.000000E+0	0.000000E+0	0.000000E+0	0.000000E+0	0.000000E+0	0.000000E+0
140.0   	193     	2.805456E-2 	3.985478E-5	-3.69E-1   	140.00    	5119.47	23.1 	36.5 	0.000000E+0	0.000000E+0	0.000000E+0	0.000000E+0	0.000000E+0	0.000000E+0	0.000000E+0	0.000000E+0
140.0   	194     	1.049561E-1 	2.236514E-4	-9.63E-1   	140.00    	5121.39	23.1 	36.5 	0.000000E+0	0.000000E+0	0.000000E+0	0.000000E+0	0.000000E+0	0.000000E+0	0.000000E+0	0.000000E+0
140.0   	195     	1.094858E-1 	1.512737E-4	-1.02E+0   	140.00    	5123.32	23.1 	36.5 	0.000000E+0	0.000000E+0	0.000000E+0	0.000000E+0	0.000000E+0	0.000000E+0	0.000000E+0	0.000000E+0
140.0   	196     	2.480011E-2 	5.699067E-5	-5.15E-1   	140.00    	5125.24	23.1 	36.5 	0.000000E+0	0.000000E+0	0.000000E+0	0.000000E+0	0.000000E+0	0.000000E+0	0.000000E+0	0.000000E+0
140.0   	197     	2.258213E-2 	1.064653E-4	-5.07E-1   	140.00    	5127.16	23.1 	36.5 	0.000000E+0	0.000000E+0	0.000000E+0	0.000000E+0	0.000000E+0	0.000000E+0	0.000000E+0	0.000000E+0
140.0   	198     	2.448731E-2 	1.386594E-4	-8.18E-1   	140.00    	5129.07	23.1 	36.5 	0.000000E+0	0.000000E+0	0.000000E+0	0.000000E+0	0.000000E+0	0.000000E+0	0.000000E+0	0.000000E+0
140.0   	199     	4.409199E-2 	9.577529E-5	-4.62E-1   	140.00    	5130.99	23.1 	36.5 	0.000000E+0	0.000000E+0	0.000000E+0	0.000000E+0	0.000000E+0	0.000000E+0	0.000000E+0	0.000000E+0
140.0   	200     	-2.570236E-2	1.262029E-5	-4.57E-1   	140.00    	5132.90	23.1 	36.5 	0.000000E+0	0.000000E+0	0.000000E+0	0.000000E+0	0.000000E+0	0.000000E+0	0.000000E+0	0.000000E+0
140.0   	201     	2.120626E-2 	6.694573E-5	-4.64E-1   	140.00    	5134.82	23.1 	36.5 	0.000000E+0	0.000000E+0	0.000000E+0	0.000000E+0	0.000000E+0	0.000000E+0	0.000000E+0	0.000000E+0
140.0   	202     	3.215240E-2 	1.898797E-4	-3.78E-1   	140.00    	5136.74	23.1 	36.5 	0.000000E+0	0.000000E+0	0.000000E+0	0.000000E+0	0.000000E+0	0.000000E+0	0.000000E+0	0.000000E+0
140.0   	203     	2.447562E-2 	1.121956E-4	-6.34E-1   	140.00    	5138.66	23.1 	36.5 	0.000000E+0	0.000000E+0	0.000000E+0	0.000000E+0	0.000000E+0	0.000000E+0	0.000000E+0	0.000000E+0
140.0   	204     	3.054087E-3 	1.283014E-4	-7.67E-1   	140.00    	5140.57	23.1 	36.5 	0.000000E+0	0.000000E+0	0.000000E+0	0.000000E+0	0.000000E+0	0.000000E+0	0.000000E+0	0.000000E+0
140.0   	205     	1.424160E-1 	6.717696E-5	-7.15E-1   	140.00    	5142.51	23.1 	36.5 	0.000000E+0	0.000000E+0	0.000000E+0	0.000000E+0	0.000000E+0	0.000000E+0	0.000000E+0	0.000000E+0
140.0   	206     	3.800947E-2 	6.084478E-5	-6.75E-1   	140.00    	5144.42	23.1 	36.5 	0.000000E+0	0.000000E+0	0.000000E+0	0.000000E+0	0.000000E+0	0.000000E+0	0.000000E+0	0.000000E+0
140.0   	207     	2.547126E-2 	1.121369E-4	-6.75E-1   	140.00    	5146.34	23.1 	36.5 	0.000000E+0	0.000000E+0	0.000000E+0	0.000000E+0	0.000000E+0	0.000000E+0	0.000000E+0	0.000000E+0
140.0   	208     	2.381268E-2 	5.494052E-5	-6.14E-1   	140.00    	5148.26	23.1 	36.5 	0.000000E+0	0.000000E+0	0.000000E+0	0.000000E+0	0.000000E+0	0.000000E+0	0.000000E+0	0.000000E+0
140.0   	209     	7.041895E-2 	1.268054E-4	-3.38E-1   	140.00    	5150.17	23.1 	36.5 	0.000000E+0	0.000000E+0	0.000000E+0	0.000000E+0	0.000000E+0	0.000000E+0	0.000000E+0	0.000000E+0
140.0   	210     	1.117104E-1 	3.216224E-5	-7.16E-1   	140.00    	5152.09	23.1 	36.5 	0.000000E+0	0.000000E+0	0.000000E+0	0.000000E+0	0.000000E+0	0.000000E+0	0.000000E+0	0.000000E+0
140.0   	211     	1.282850E-1 	7.715545E-5	-6.91E-1   	140.00    	5154.02	23.1 	36.5 	0.000000E+0	0.000000E+0	0.000000E+0	0.000000E+0	0.000000E+0	0.000000E+0	0.000000E+0	0.000000E+0
140.0   	212     	2.539718E-2 	1.653395E-4	-3.90E-1   	140.00    	5155.93	23.1 	36.5 	0.000000E+0	0.000000E+0	0.000000E+0	0.000000E+0	0.000000E+0	0.000000E+0	0.000000E+0	0.000000E+0
140.0   	213     	2.420936E-2 	8.441872E-5	-7.75E-1   	140.00    	5157.85	23.1 	36.5 	0.000000E+0	0.000000E+0	0.000000E+0	0.000000E+0	0.000000E+0	0.000000E+0	0.000000E+0	0.000000E+0
140.0   	214     	2.501562E-1 	1.278151E-4	-6.87E-1   	140.00    	5159.77	23.1 	36.5 	0.000000E+0	0.000000E+0	0.000000E+0	0.000000E+0	0.000000E+0	0.000000E+0	0.000000E+0	0.000000E+0
140.0   	215     	1.690076E-1 	1.751676E-4	-4.93E-1   	140.00    	5161.69	23.1 	36.5 	0.000000E+0	0.000000E+0	0.000000E+0	0.000000E+0	0.000000E+0	0.000000E+0	0.000000E+0	0.000000E+0
140.0   	216     	7.200882E-2 	9.814275E-5	-9.34E-1   	140.00    	5163.60	23.1 	36.5 	0.000000E+0	0.000000E+0	0.000000E+0	0.000000E+0	0.000000E+0	0.000000E+0	0.000000E+0	0.000000E+0
140.0   	217     	1.360166E-1 	5.051815E-5	-7.10E-1   	140.00    	5165.53	23.1 	36.5 	0.000000E+0	0.000000E+0	0.000000E+0	0.000000E+0	0.000000E+0	0.000000E+0	0.000000E+0	0.000000E+0
140.0   	218     	2.724634E-2 	4.937137E-5	-5.09E-1   	140.00    	5167.45	23.1 	36.5 	0.000000E+0	0.000000E+0	0.000000E+0	0.000000E+0	0.000000E+0	0.000000E+0	0.000000E+0	0.000000E+0
140.0   	219     	2.169000E-2 	2.883042E-5	-3.79E-1   	140.00    	5169.37	23.1 	36.5 	0.000000E+0	0.000000E+0	0.000000E+0	0.000000E+0	0.000000E+0	0.000000E+0	0.000000E+0	0.000000E+0
140.0   	220     	5.523315E-2 	1.302163E-4	-8.05E-1   	140.00    	5171.29	23.1 	36.5 	0.000000E+0	0.000000E+0	0.000000E+0	0.000000E+0	0.000000E+0	0.000000E+0	0.000000E+0	0.000000E+0
140.0   	221     	2.215823E-2 	2.253322E-4	-3.15E-1   	140.00    	5173.20	23.1 	36.5 	0.000000E+0	0.000000E+0	0.000000E+0	0.000000E+0	0.000000E+0	0.000000E+0	0.000000E+0	0.000000E+0
140.0   	222     	3.075502E-2 	1.780295E-4	-6.90E-1   	140.00    	5175.12	23.1 	36.5 	0.000000E+0	0.000000E+0	0.000000E+0	0.000000E+0	0.000000E+0	0.000000E+0	0.000000E+0	0.000000E+0
140.0   	223     	1.345173E-1 	1.546247E-4	-8.77E-1   	140.00    	5177.04	23.1 	36.5 	0.000000E+0	0.000000E+0	0.000000E+0	0.000000E+0	0.000000E+0	0.000000E+0	0.000000E+0	0.000000E+0
140.0   	224     	2.840819E-2 	1.093731E-4	-9.90E-1   	140.00    	5178.95	23.1 	36.5 	0.000000E+0	0.000000E+0	0.000000E+0	0.000000E+0	0.000000E+0	0.000000E+0	0.000000E+0	0.000000E+0
140.0   	225     	4.441710E-2 	1.028375E-4	-6.52E-1   	140.00    	5180.88	23.1 	36.5 	0.000000E+0	0.000000E+0	0.000000E+0	0.000000E+0	0.000000E+0	0.000000E+0	0.000000E+0	0.000000E+0
140.0   	226     	1.191080E-1 	1.020614E-4	-4.68E-1   	140.00    	5182.80	23.1 	36.5 	0.000000E+0	0.000000E+0	0.000000E+0	0.000000E+0	0.000000E+0	0.000000E+0	0.000000E+0	0.000000E+0
140.0   	227     	1.966984E-1 	4.040928E-5	-7.64E-1   	140.00    	5184.72	23.1 	36.5 	0.000000E+0	0.000000E+0	0.000000E+0	0.000000E+0	0.000000E+0	0.000000E+0	0.000000E+0	0.000000E+0
140.0   	228     	2.745749E-2 	8.321240E-5	-5.94E-1   	140.00    	5186.63	23.1 	36.5 	0.000000E+0	0.000000E+0	0.000000E+0	0.000000E+0	0.000000E+0	0.000000E+0	0.000000E+0	0.000000E+0
140.0   	229     	2.627158E-2 	9.714554E-5	-6.95E-1   	140.00    	5188.56	23.1 	36.5 	0.000000E+0	0.000000E+0	0.000000E+0	0.000000E+0	0.000000E+0	0.000000E+0	0.000000E+0	0.000000E+0
140.0   	230     	2.875580E-2 	1.619536E-4	-6.26E-1   	140.00    	5190.50	23.1 	36.5 	0.000000E+0	0.000000E+0	0.000000E+0	0.000000E+0	0.000000E+0	0.000000E+0	0.000000E+0	0.000000E+0
140.0   	231     	2.696267E-2 	1.413191E-4	-6.03E-1   	140.00    	5192.42	23.1 	36.5 	0.000000E+0	0.000000E+0	0.000000E+0	0.000000E+0	0.000000E+0	0.000000E+0	0.000000E+0	0.000000E+0
140.0   	232     	-1.248841E-2	5.848202E-5	-9.01E-1   	140.00    	5194.33	23.1 	36.5 	0.000000E+0	0.000000E+0	0.000000E+0	0.000000E+0	0.000000E+0	0.000000E+0	0.000000E+0	0.000000E+0
140.0   	233     	8.892158E-2 	1.510294E-5	-3.55E-1   	140.00    	5196.25	23.1 	36.5 	0.000000E+0	0.000000E+0	0.000000E+0	0.000000E+0	0.000000E+0	0.000000E+0	0.000000E+0	0.000000E+0
140.0   	234     	2.982364E-2 	8.310363E-5	-6.00E-1   	140.00    	5198.17	23.1 	36.5 	0.000000E+0	0.000000E+0	0.000000E+0	0.000000E+0	0.000000E+0	0.000000E+0	0.000000E+0	0.000000E+0
140.0   	235     	2.616300E-2 	1.530726E-4	-5.68E-1   	140.00    	5200.09	23.1 	36.5 	0.000000E+0	0.000000E+0	0.000000E+0	0.000000E+0	0.000000E+0	0.000000E+0	0.000000E+0	0.000000E+0
140.0   	236     	1.543826E-1 	1.334630E-4	-6.33E-1   	140.00    	5202.01	23.1 	36.5 	0.000000E+0	0.000000E+0	0.000000E+0	0.000000E+0	0.000000E+0	0.000000E+0	0.000000E+0	0.000000E+0
140.0   	237     	1.621187E-2 	7.132825E-5	-6.79E-1   	140.00    	5203.92	23.1 	36.5 	0.000000E+0	0.000000E+0	0.000000E+0	0.000000E+0	0.000000E+0	0.000000E+0	0.000000E+0	0.000000E+0
140.0   	238     	2.853197E-2 	1.097151E-4	-6.85E-1   	140.00    	5205.85	23.1 	36.5 	0.000000E+0	0.000000E+0	0.000000E+0	0.000000E+0	0.000000E+0	0.000000E+0	0.000000E+0	0.000000E+0
140.0   	239     	2.629500E-2 	1.226136E-4	-5.83E-1   	140.00    	5207.77	23.1 	36.5 	0.000000E+0	0.000000E+0	0.000000E+0	0.000000E+0	0.000000E+0	0.000000E+0	0.000000E+0	0.000000E+0
140.0   	240     	2.987429E-2 	7.879661E-5	-7.32E-1   	140.00    	5209.69	23.1 	36.5 	0.000000E+0	0.000000E+0	0.000000E+0	0.000000E+0	0.000000E+0	0.000000E+0	0.000000E+0	0.000000E+0
140.0   	241     	1.298230E-1 	1.898140E-4	-5.19E-1   	140.00    	5211.60	23.1 	36.5 	0.000000E+0	0.000000E+0	0.000000E+0	0.000000E+0	0.000000E+0	0.000000E+0	0.000000E+0	0.000000E+0
140.0   	242     	2.394763E-1 	1.266182E-4	-8.10E-1   	140.00    	5213.54	23.1 	36.5 	0.000000E+0	0.000000E+0	0.000000E+0	0.000000E+0	0.000000E+0	0.000000E+0	0.000000E+0	0.000000E+0
140.0   	243     	2.099493E-1 	9.783450E-5	-6.52E-1   	140.00    	5215.47	23.1 	36.5 	0.000000E+0	0.000000E+0	0.000000E+0	0.000000E+0	0.000000E+0	0.000000E+0	0.000000E+0	0.000000E+0
140.0   	244     	3.600721E-1 	1.070857E-4	-8.44E-1   	140.00    	5217.38	23.1 	36.5 	0.000000E+0	0.000000E+0	0.000000E+0	0.000000E+0	0.000000E+0	0.000000E+0	0.000000E+0	0.000000E+0
140.0   	245     	1.089729E-1 	1.137966E-4	-6.13E-1   	140.00    	5219.31	23.1 	36.5 	0.000000E+0	0.000000E+0	0.000000E+0	0.000000E+0	0.000000E+0	0.000000E+0	0.000000E+0	0.000000E+0
140.0   	246     	1.102016E-1 	3.500900E-5	-6.11E-1   	140.00    	5221.23	23.1 	36.5 	0.000000E+0	0.000000E+0	0.000000E+0	0.000000E+0	0.000000E+0	0.000000E+0	0.000000E+0	0.000000E+0
140.0   	247     	1.090657E-1 	8.120033E-5	-6.26E-1   	140.00    	5223.15	23.1 	36.5 	0.000000E+0	0.000000E+0	0.000000E+0	0.000000E+0	0.000000E+0	0.000000E+0	0.000000E+0	0.000000E+0
140.0   	248     	1.068122E-1 	7.979714E-5	-8.67E-1   	140.00    	5225.07	23.1 	36.5 	0.000000E+0	0.000000E+0	0.000000E+0	0.000000E+0	0.000000E+0	0.000000E+0	0.000000E+0	0.000000E+0
140.0   	249     	1.268564E-1 	5.716864E-5	-8.45E-1   	140.00    	5226.99	23.1 	36.5 	0.000000E+0	0.000000E+0	0.000000E+0	0.000000E+0	0.000000E+0	0.000000E+0	0.000000E+0	0.000000E+0
140.0   	250     	1.133883E-1 	9.594723E-5	-4.44E-1   	140.00    	5228.91	23.1 	36.5 	0.000000E+0	0.000000E+0	0.000000E+0	0.000000E+0	0.000000E+0	0.000000E+0	0.000000E+0	0.000000E+0
140.0   	251     	1.049780E-1 	9.159541E-5	-3.60E-1   	140.00    	5230.83	23.1 	36.5 	0.000000E+0	0.000000E+0	0.000000E+0	0.000000E+0	0.000000E+0	0.000000E+0	0.000000E+0	0.000000E+0
140.0   	252     	1.047501E-1 	1.844595E-4	-7.64E-1   	140.00    	5232.74	23.1 	36.5 	0.000000E+0	0.000000E+0	0.000000E+0	0.000000E+0	0.000000E+0	0.000000E+0	0.000000E+0	0.000000E+0
140.0   	253     	8.887252E-2 	2.073133E-5	-5.50E-1   	140.00    	5234.67	23.1 	36.5 	0.000000E+0	0.000000E+0	0.000000E+0	0.000000E+0	0.000000E+0	0.000000E+0	0.000000E+0	0.000000E+0
140.0   	254     	1.060769E-1 	7.308874E-5	-8.46E-1   	140.00    	5236.61	23.1 	36.5 	0.000000E+0	0.000000E+0	0.000000E+0	0.000000E+0	0.000000E+0	0.000000E+0	0.000000E+0	0.000000E+0
140.0   	255     	1.062896E-1 	1.396070E-4	-5.20E-1   	140.00    	5238.52	23.1 	36.5 	0.000000E+0	0.000000E+0	0.000000E+0	0.000000E+0	0.000000E+0	0.000000E+0	0.000000E+0	0.000000E+0
140.0   	256     	1.118276E-1 	5.573500E-5	-1.03E+0   	140.00    	5240.45	23.1 	36.5 	0.000000E+0	0.000000E+0	0.000000E+0	0.000000E+0	0.000000E+0	0.000000E+0	0.000000E+0	0.000000E+0
140.0   	257     	2.874587E-3 	3.402229E-4	-7.58E-1   	140.00    	5242.37	23.1 	36.5 	0.000000E+0	0.000000E+0	0.000000E+0	0.000000E+0	0.000000E+0	0.000000E+0	0.000000E+0	0.000000E+0
140.0   	258     	1.888117E-3 	1.112324E-4	-5.96E-1   	140.00    	5244.28	23.1 	36.5 	0.000000E+0	0.000000E+0	0.000000E+0	0.000000E+0	0.000000E+0	0.000000E+0	0.000000E+0	0.000000E+0
140.0   	259     	1.653214E-3 	1.253098E-4	-3.04E-1   	140.00    	5246.20	23.1 	36.5 	0.000000E+0	0.000000E+0	0.000000E+0	0.000000E+0	0.000000E+0	0.000000E+0	0.000000E+0	0.000000E+0
140.0   	260     	1.940670E-3 	2.659221E-5	-5.95E-1   	140.00    	5248.13	23.1 	36.5 	0.000000E+0	0.000000E+0	0.000000E+0	0.000000E+0	0.000000E+0	0.000000E+0	0.000000E+0	0.000000E+0
140.0   	261     	2.386733E-3 	3.236585E-5	-8.93E-1   	140.00    	5250.05	23.1 	36.5 	0.000000E+0	0.000000E+0	0.000000E+0	0.000000E+0	0.000000E+0	0.000000E+0	0.000000E+0	0.000000E+0
140.0   	262     	1.469912E-3 	2.649881E-4	-7.19E-1   	140.00    	5251.96	23.1 	36.5 	0.000000E+0	0.000000E+0	0.000000E+0	0.000000E+0	0.000000E+0	0.000000E+0	0.000000E+0	0.000000E+0
140.0   	263     	1.334731E-3 	1.222771E-4	-5.07E-1   	140.00    	5253.88	23.1 	36.5 	0.000000E+0	0.000000E+0	0.000000E+0	0.000000E+0	0.000000E+0	0.000000E+0	0.000000E+0	0.000000E+0
140.0   	264     	-1.742841E-3	2.323575E-4	-6.86E-1   	140.00    	5255.79	23.1 	36.5 	0.000000E+0	0.000000E+0	0.000000E+0	0.000000E+0	0.000000E+0	0.000000E+0	0.000000E+0	0.000000E+0
160.0   	1       	1.055684E-1 	1.407083E-4	7.85E+0    	160.00    	5275.12	23.1 	36.5 	0.000000E+0	0.000000E+0	0.000000E+0	0.000000E+0	0.000000E+0	0.000000E+0	0.000000E+0	0.000000E+0
160.0   	2       	2.061266E-1 	1.518876E-4	-4.20E-1   	160.00    	5276.90	23.1 	36.5 	0.000000E+0	0.000000E+0	0.000000E+0	0.000000E+0	0.000000E+0	0.000000E+0	0.000000E+0	0.000000E+0
160.0   	3       	2.642214E-3 	5.254062E-5	-4.19E-1   	160.00    	5278.82	23.1 	36.5 	0.000000E+0	0.000000E+0	0.000000E+0	0.000000E+0	0.000000E+0	0.000000E+0	0.000000E+0	0.000000E+0
160.0   	4       	1.094162E-1 	2.031445E-4	-7.27E-1   	160.00    	5280.73	23.1 	36.5 	0.000000E+0	0.000000E+0	0.000000E+0	0.000000E+0	0.000000E+0	0.000000E+0	0.000000E+0	0.000000E+0
160.0   	5       	1.190074E-1 	1.212861E-4	-4.07E-1   	160.00    	5282.65	23.1 	36.5 	0.000000E+0	0.000000E+0	0.000000E+0	0.000000E+0	0.000000E+0	0.000000E+0	0.000000E+0	0.000000E+0
160.0   	6       	2.066812E-1 	4.108946E-5	-3.95E-1   	160.00    	5284.57	23.1 	36.5 	0.000000E+0	0.000000E+0	0.000000E+0	0.000000E+0	0.000000E+0	0.000000E+0	0.000000E+0	0.000000E+0
160.0   	7       	1.043882E-1 	4.399989E-5	-5.39E-1   	160.00    	5286.49	23.1 	36.5 	0.000000E+0	0.000000E+0	0.000000E+0	0.000000E+0	0.000000E+0	0.000000E+0	0.000000E+0	0.000000E+0
160.0   	8       	1.130150E-1 	1.823439E-4	-7.98E-1   	160.00    	5288.40	23.1 	36.5 	0.000000E+0	0.000000E+0	0.000000E+0	0.000000E+0	0.000000E+0	0.000000E+0	0.000000E+0	0.000000E+0
160.0   	9       	1.031301E-1 	6.477831E-5	-5.83E-1   	160.00    	5290.31	23.1 	36.5 	0.000000E+0	0.000000E+0	0.000000E+0	0.000000E+0	0.000000E+0	0.000000E+0	0.000000E+0	0.000000E+0
160.0   	10      	1.176203E-1 	6.990854E-5	-6.84E-1   	160.00    	5292.22	23.1 	36.5 	0.000000E+0	0.000000E+0	0.000000E+0	0.000000E+0	0.000000E+0	0.000000E+0	0.000000E+0	0.000000E+0
160.0   	11      	1.045667E-1 	2.256328E-4	-7.13E-1   	160.00    	5294.14	23.1 	36.5 	0.000000E+0	0.000000E+0	0.000000E+0	0.000000E+0	0.000000E+0	0.000000E+0	0.000000E+0	0.000000E+0
160.0   	12      	1.132401E-1 	8.715830E-5	-3.25E-1   	160.00    	5296.05	23.1 	36.5 	0.000000E+0	0.000000E+0	0.000000E+0	0.000000E+0	0.000000E+0	0.000000E+0	0.000000E+0	0.000000E+0
160.0   	13      	1.289030E-1 	2.631230E-4	-5.94E-1   	160.00    	5297.97	23.1 	36.5 	0.000000E+0	0.000000E+0	0.000000E+0	0.000000E+0	0.000000E+0	0.000000E+0	0.000000E+0	0.000000E+0
160.0   	14      	1.061164E-1 	1.078773E-4	-6.31E-1   	160.00    	5299.88	23.1 	36.5 	0.000000E+0	0.000000E+0	0.000000E+0	0.000000E+0	0.000000E+0	0.000000E+0	0.000000E+0	0.000000E+0
160.0   	15      	2.387898E-1 	1.004687E-4	-7.18E-1   	160.00    	5301.81	23.1 	36.5 	0.000000E+0	0.000000E+0	0.000000E+0	0.000000E+0	0.000000E+0	0.000000E+0	0.000000E+0	0.000000E+0
160.0   	16      	1.205514E-1 	1.266318E-4	-7.22E-1   	160.00    	5303.72	23.1 	36.5 	0.000000E+0	0.000000E+0	0.000000E+0	0.000000E+0	0.000000E+0	0.000000E+0	0.000000E+0	0.000000E+0
160.0   	17      	2.252419E-2 	3.842162E-5	-9.16E-1   	160.00    	5305.65	23.1 	36.5 	0.000000E+0	0.000000E+0	0.000000E+0	0.000000E+0	0.000000E+0	0.000000E+0	0.000000E+0	0.000000E+0
160.0   	18      	1.058552E-1 	9.573789E-5	-5.47E-1   	160.00    	5307.58	23.1 	36.5 	0.000000E+0	0.000000E+0	0.000000E+0	0.000000E+0	0.000000E+0	0.000000E+0	0.000000E+0	0.000000E+0
160.0   	19      	2.743349E-1 	6.743681E-5	-2.20E-1   	160.00    	5309.50	23.1 	36.5 	0.000000E+0	0.000000E+0	0.000000E+0	0.000000E+0	0.000000E+0	0.000000E+0	0.000000E+0	0.000000E+0
160.0   	20      	1.449752E-1 	1.376320E-4	-7.64E-1   	160.00    	5311.43	23.1 	36.5 	0.000000E+0	0.000000E+0	0.000000E+0	0.000000E+0	0.000000E+0	0.000000E+0	0.000000E+0	0.000000E+0
160.0   	21      	2.404663E-2 	1.662241E-5	-7.49E-1   	160.00    	5313.34	23.1 	36.5 	0.000000E+0	0.000000E+0	0.000000E+0	0.000000E+0	0.000000E+0	0.000000E+0	0.000000E+0	0.000000E+0
160.0   	22      	2.548297E-2 	1.296684E-4	-6.78E-1   	160.00    	5315.26	23.1 	36.5 	0.000000E+0	0.000000E+0	0.000000E+0	0.000000E+0	0.000000E+0	0.000000E+0	0.000000E+0	0.000000E+0
160.0   	23      	2.815365E-2 	2.470500E-5	-6.63E-1   	160.00    	5317.18	23.1 	36.5 	0.000000E+0	0.000000E+0	0.000000E+0	0.000000E+0	0.000000E+0	0.000000E+0	0.000000E+0	0.000000E+0
160.0   	24      	3.442831E-2 	1.203088E-4	-8.21E-1   	160.00    	5319.10	23.1 	36.5 	0.000000E+0	0.000000E+0	0.000000E+0	0.000000E+0	0.000000E+0	0.000000E+0	0.000000E+0	0.000000E+0
160.0   	25      	3.102149E-1 	3.302039E-4	-6.41E-1   	160.00    	5321.01	23.1 	36.5 	0.000000E+0	0.000000E+0	0.000000E+0	0.000000E+0	0.000000E+0	0.000000E+0	0.000000E+0	0.000000E+0
160.0   	26      	3.589915E-2 	8.687555E-5	-6.96E-1   	160.00    	5322.94	23.1 	36.5 	0.000000E+0	0.000000E+0	0.000000E+0	0.000000E+0	0.000000E+0	0.000000E+0	0.000000E+0	0.000000E+0
160.0   	27      	2.441894E-2 	6.777186E-5	-6.95E-1   	160.00    	5324.86	23.1 	36.5 	0.000000E+0	0.000000E+0	0.000000E+0	0.000000E+0	0.000000E+0	0.000000E+0	0.000000E+0	0.000000E+0
160.0   	28      	2.662234E-2 	8.638293E-4	-3.99E-1   	160.00    	5326.78	23.1 	36.5 	0.000000E+0	0.000000E+0	0.000000E+0	0.000000E+0	0.000000E+0	0.000000E+0	0.000000E+0	0.000000E+0
160.0   	29      	3.309707E-2 	5.584655E-4	-7.71E-1   	160.00    	5328.69	23.1 	36.5 	0.000000E+0	0.000000E+0	0.000000E+0	0.000000E+0	0.000000E+0	0.000000E+0	0.000000E+0	0.000000E+0
160.0   	30      	2.442210E-2 	2.446496E-4	-2.83E-1   	160.00    	5330.62	23.1 	36.5 	0.000000E+0	0.000000E+0	0.000000E+0	0.000000E+0	0.000000E+0	0.000000E+0	0.000000E+0	0.000000E+0
160.0   	31      	2.255522E-2 	1.143603E-4	-5.52E-1   	160.00    	5332.54	23.1 	36.5 	0.000000E+0	0.000000E+0	0.000000E+0	0.000000E+0	0.000000E+0	0.000000E+0	0.000000E+0	0.000000E+0
160.0   	32      	3.464675E-2 	8.076028E-5	-5.75E-1   	160.00    	5334.45	23.1 	36.5 	0.000000E+0	0.000000E+0	0.000000E+0	0.000000E+0	0.000000E+0	0.000000E+0	0.000000E+0	0.000000E+0
160.0   	33      	2.256969E-1 	2.127238E-4	-3.43E-1   	160.00    	5336.37	23.1 	36.5 	0.000000E+0	0.000000E+0	0.000000E+0	0.000000E+0	0.000000E+0	0.000000E+0	0.000000E+0	0.000000E+0
160.0   	34      	1.007070E-1 	1.241235E-4	-9.78E-1   	160.00    	5338.30	23.1 	36.5 	0.000000E+0	0.000000E+0	0.000000E+0	0.000000E+0	0.000000E+0	0.000000E+0	0.000000E+0	0.000000E+0
160.0   	35      	1.377049E-1 	7.814992E-5	-4.68E-1   	160.00    	5340.21	23.1 	36.5 	0.000000E+0	0.000000E+0	0.000000E+0	0.000000E+0	0.000000E+0	0.000000E+0	0.000000E+0	0.000000E+0
160.0   	36      	2.407386E-2 	5.620994E-5	-6.29E-1   	160.00    	5342.13	23.1 	36.5 	0.000000E+0	0.000000E+0	0.000000E+0	0.000000E+0	0.000000E+0	0.000000E+0	0.000000E+0	0.000000E+0
160.0   	37      	2.322922E-2 	7.343432E-5	-8.84E-1   	160.00    	5344.05	23.1 	36.5 	0.000000E+0	0.000000E+0	0.000000E+0	0.000000E+0	0.000000E+0	0.000000E+0	0.000000E+0	0.000000E+0
160.0   	38      	2.465352E-2 	8.787608E-5	-7.82E-1   	160.00    	5345.97	23.1 	36.5 	0.000000E+0	0.000000E+0	0.000000E+0	0.000000E+0	0.000000E+0	0.000000E+0	0.000000E+0	0.000000E+0
160.0   	39      	2.573655E-2 	1.142847E-4	-5.98E-1   	160.00    	5347.88	23.1 	36.5 	0.000000E+0	0.000000E+0	0.000000E+0	0.000000E+0	0.000000E+0	0.000000E+0	0.000000E+0	0.000000E+0
160.0   	40      	-2.155853E-2	1.409232E-4	-7.38E-1   	160.00    	5349.81	23.1 	36.5 	0.000000E+0	0.000000E+0	0.000000E+0	0.000000E+0	0.000000E+0	0.000000E+0	0.000000E+0	0.000000E+0
160.0   	41      	2.109134E-2 	2.040152E-4	-8.22E-1   	160.00    	5351.73	23.1 	36.5 	0.000000E+0	0.000000E+0	0.000000E+0	0.000000E+0	0.000000E+0	0.000000E+0	0.000000E+0	0.000000E+0
160.0   	42      	3.125077E-2 	7.377893E-5	-7.95E-1   	160.00    	5353.65	23.1 	36.5 	0.000000E+0	0.000000E+0	0.000000E+0	0.000000E+0	0.000000E+0	0.000000E+0	0.000000E+0	0.000000E+0
160.0   	43      	2.353789E-2 	1.353779E-4	-5.54E-1   	160.00    	5355.56	23.1 	36.5 	0.000000E+0	0.000000E+0	0.000000E+0	0.000000E+0	0.000000E+0	0.000000E+0	0.000000E+0	0.000000E+0
160.0   	44      	1.018668E-2 	1.158342E-4	-6.89E-1   	160.00    	5357.49	23.1 	36.5 	0.000000E+0	0.000000E+0	0.000000E+0	0.000000E+0	0.000000E+0	0.000000E+0	0.000000E+0	0.000000E+0
160.0   	45      	-1.146219E-2	1.289529E-4	-4.33E-1   	160.00    	5359.41	23.1 	36.5 	0.000000E+0	0.000000E+0	0.000000E+0	0.000000E+0	0.000000E+0	0.000000E+0	0.000000E+0	0.000000E+0
160.0   	46      	9.820943E-2 	9.972048E-5	-5.98E-1   	160.00    	5361.33	23.1 	36.5 	0.000000E+0	0.000000E+0	0.000000E+0	0.000000E+0	0.000000E+0	0.000000E+0	0.000000E+0	0.000000E+0
160.0   	47      	6.479770E-2 	1.704574E-4	-7.46E-1   	160.00    	5363.23	23.1 	36.5 	0.000000E+0	0.000000E+0	0.000000E+0	0.000000E+0	0.000000E+0	0.000000E+0	0.000000E+0	0.000000E+0
160.0   	48      	3.615749E-2 	4.844311E-5	-5.97E-1   	160.00    	5365.16	23.1 	36.5 	0.000000E+0	0.000000E+0	0.000000E+0	0.000000E+0	0.000000E+0	0.000000E+0	0.000000E+0	0.000000E+0
160.0   	49      	2.321846E-2 	1.028417E-4	-6.99E-1   	160.00    	5367.08	23.1 	36.5 	0.000000E+0	0.000000E+0	0.000000E+0	0.000000E+0	0.000000E+0	0.000000E+0	0.000000E+0	0.000000E+0
160.0   	50      	9.910598E-2 	3.584057E-5	-2.90E-1   	160.00    	5369.01	23.1 	36.5 	0.000000E+0	0.000000E+0	0.000000E+0	0.000000E+0	0.000000E+0	0.000000E+0	0.000000E+0	0.000000E+0
160.0   	51      	1.278003E-1 	3.120198E-5	-1.07E+0   	160.00    	5370.94	23.1 	36.5 	0.000000E+0	0.000000E+0	0.000000E+0	0.000000E+0	0.000000E+0	0.000000E+0	0.000000E+0	0.000000E+0
160.0   	52      	2.451517E-2 	1.989973E-4	-9.67E-1   	160.00    	5372.86	23.1 	36.5 	0.000000E+0	0.000000E+0	0.000000E+0	0.000000E+0	0.000000E+0	0.000000E+0	0.000000E+0	0.000000E+0
160.0   	53      	2.463199E-2 	1.379920E-5	-4.38E-1   	160.00    	5374.79	23.1 	36.5 	0.000000E+0	0.000000E+0	0.000000E+0	0.000000E+0	0.000000E+0	0.000000E+0	0.000000E+0	0.000000E+0
160.0   	54      	2.475199E-2 	7.179386E-5	-7.88E-1   	160.00    	5376.72	23.1 	36.5 	0.000000E+0	0.000000E+0	0.000000E+0	0.000000E+0	0.000000E+0	0.000000E+0	0.000000E+0	0.000000E+0
160.0   	55      	2.376393E-2 	1.488863E-4	-5.38E-1   	160.00    	5378.64	23.1 	36.5 	0.000000E+0	0.000000E+0	0.000000E+0	0.000000E+0	0.000000E+0	0.000000E+0	0.000000E+0	0.000000E+0
160.0   	56      	3.606600E-2 	1.913403E-4	-6.31E-1   	160.00    	5380.57	23.1 	36.5 	0.000000E+0	0.000000E+0	0.000000E+0	0.000000E+0	0.000000E+0	0.000000E+0	0.000000E+0	0.000000E+0
160.0   	57      	5.596444E-2 	1.131146E-4	-3.84E-1   	160.00    	5382.48	23.1 	36.5 	0.000000E+0	0.000000E+0	0.000000E+0	0.000000E+0	0.000000E+0	0.000000E+0	0.000000E+0	0.000000E+0
160.0   	58      	3.603750E-2 	2.340308E-5	-5.03E-1   	160.00    	5384.40	23.1 	36.5 	0.000000E+0	0.000000E+0	0.000000E+0	0.000000E+0	0.000000E+0	0.000000E+0	0.000000E+0	0.000000E+0
160.0   	59      	2.217595E-2 	9.305867E-5	-6.44E-1   	160.00    	5386.32	23.1 	36.5 	0.000000E+0	0.000000E+0	0.000000E+0	0.000000E+0	0.000000E+0	0.000000E+0	0.000000E+0	0.000000E+0
160.0   	60      	2.594454E-2 	1.677968E-4	-3.93E-1   	160.00    	5388.24	23.1 	36.5 	0.000000E+0	0.000000E+0	0.000000E+0	0.000000E+0	0.000000E+0	0.000000E+0	0.000000E+0	0.000000E+0
160.0   	61      	4.001392E-1 	8.108276E-5	-7.86E-1   	160.00    	5390.16	23.1 	36.5 	0.000000E+0	0.000000E+0	0.000000E+0	0.000000E+0	0.000000E+0	0.000000E+0	0.000000E+0	0.000000E+0
160.0   	62      	2.872159E-2 	3.102492E-3	-5.01E-1   	160.00    	5392.08	23.1 	36.5 	0.000000E+0	0.000000E+0	0.000000E+0	0.000000E+0	0.000000E+0	0.000000E+0	0.000000E+0	0.000000E+0
160.0   	63      	2.488648E-1 	3.503293E-3	-8.57E-1   	160.00    	5394.00	23.1 	36.5 	0.000000E+0	0.000000E+0	0.000000E+0	0.000000E+0	0.000000E+0	0.000000E+0	0.000000E+0	0.000000E+0
160.0   	64      	2.782250E-2 	1.788453E-4	-6.77E-1   	160.00    	5395.91	23.1 	36.5 	0.000000E+0	0.000000E+0	0.000000E+0	0.000000E+0	0.000000E+0	0.000000E+0	0.000000E+0	0.000000E+0
160.0   	65      	2.123159E-2 	4.089920E-5	-6.05E-1   	160.00    	5397.83	23.1 	36.5 	0.000000E+0	0.000000E+0	0.000000E+0	0.000000E+0	0.000000E+0	0.000000E+0	0.000000E+0	0.000000E+0
160.0   	66      	1.010222E-1 	1.137954E-4	-4.33E-1   	160.00    	5399.75	23.1 	36.5 	0.000000E+0	0.000000E+0	0.000000E+0	0.000000E+0	0.000000E+0	0.000000E+0	0.000000E+0	0.000000E+0
160.0   	67      	1.207466E-1 	1.960667E-4	-9.04E-1   	160.00    	5401.66	23.1 	36.5 	0.000000E+0	0.000000E+0	0.000000E+0	0.000000E+0	0.000000E+0	0.000000E+0	0.000000E+0	0.000000E+0
160.0   	68      	2.353599E-2 	1.773669E-4	-7.17E-1   	160.00    	5403.58	23.1 	36.5 	0.000000E+0	0.000000E+0	0.000000E+0	0.000000E+0	0.000000E+0	0.000000E+0	0.000000E+0	0.000000E+0
160.0   	69      	2.377406E-2 	8.310931E-5	-6.72E-1   	160.00    	5405.50	23.1 	36.5 	0.000000E+0	0.000000E+0	0.000000E+0	0.000000E+0	0.000000E+0	0.000000E+0	0.000000E+0	0.000000E+0
160.0   	70      	2.217216E-2 	1.078970E-4	-7.24E-1   	160.00    	5407.43	23.1 	36.5 	0.000000E+0	0.000000E+0	0.000000E+0	0.000000E+0	0.000000E+0	0.000000E+0	0.000000E+0	0.000000E+0
160.0   	71      	2.226745E-2 	6.909375E-5	-6.17E-1   	160.00    	5409.34	23.1 	36.5 	0.000000E+0	0.000000E+0	0.000000E+0	0.000000E+0	0.000000E+0	0.000000E+0	0.000000E+0	0.000000E+0
160.0   	72      	2.927531E-2 	4.226312E-5	-8.59E-1   	160.00    	5411.26	23.1 	36.5 	0.000000E+0	0.000000E+0	0.000000E+0	0.000000E+0	0.000000E+0	0.000000E+0	0.000000E+0	0.000000E+0
160.0   	73      	3.917482E-2 	2.520874E-2	-6.84E-1   	160.00    	5413.18	23.1 	36.5 	0.000000E+0	0.000000E+0	0.000000E+0	0.000000E+0	0.000000E+0	0.000000E+0	0.000000E+0	0.000000E+0
160.0   	74      	5.146325E-2 	6.202640E-3	-5.01E-1   	160.00    	5415.10	23.1 	36.5 	0.000000E+0	0.000000E+0	0.000000E+0	0.000000E+0	0.000000E+0	0.000000E+0	0.000000E+0	0.000000E+0
160.0   	75      	2.213354E-2 	9.592405E-6	-5.89E-1   	160.00    	5417.02	23.1 	36.5 	0.000000E+0	0.000000E+0	0.000000E+0	0.000000E+0	0.000000E+0	0.000000E+0	0.000000E+0	0.000000E+0
160.0   	76      	7.043255E-2 	1.953091E-4	-9.05E-1   	160.00    	5418.94	23.1 	36.5 	0.000000E+0	0.000000E+0	0.000000E+0	0.000000E+0	0.000000E+0	0.000000E+0	0.000000E+0	0.000000E+0
160.0   	77      	1.346761E-3 	1.783960E-4	-2.43E-1   	160.00    	5420.86	23.1 	36.5 	0.000000E+0	0.000000E+0	0.000000E+0	0.000000E+0	0.000000E+0	0.000000E+0	0.000000E+0	0.000000E+0
160.0   	78      	1.203350E-3 	7.443399E-5	-7.06E-1   	160.00    	5422.77	23.1 	36.5 	0.000000E+0	0.000000E+0	0.000000E+0	0.000000E+0	0.000000E+0	0.000000E+0	0.000000E+0	0.000000E+0
160.0   	79      	2.764176E-2 	1.514389E-4	-4.92E-1   	160.00    	5424.69	23.1 	36.5 	0.000000E+0	0.000000E+0	0.000000E+0	0.000000E+0	0.000000E+0	0.000000E+0	0.000000E+0	0.000000E+0
160.0   	80      	2.686359E-2 	8.177357E-5	-5.33E-1   	160.00    	5426.62	23.1 	36.5 	0.000000E+0	0.000000E+0	0.000000E+0	0.000000E+0	0.000000E+0	0.000000E+0	0.000000E+0	0.000000E+0
160.0   	81      	2.188566E-2 	4.754791E-5	-5.20E-1   	160.00    	5428.53	23.1 	36.5 	0.000000E+0	0.000000E+0	0.000000E+0	0.000000E+0	0.000000E+0	0.000000E+0	0.000000E+0	0.000000E+0
160.0   	82      	9.885087E-2 	2.250397E-4	-6.54E-1   	160.00    	5430.45	23.1 	36.5 	0.000000E+0	0.000000E+0	0.000000E+0	0.000000E+0	0.000000E+0	0.000000E+0	0.000000E+0	0.000000E+0
160.0   	83      	1.199223E-1 	3.292800E-5	-7.63E-1   	160.00    	5432.37	23.1 	36.5 	0.000000E+0	0.000000E+0	0.000000E+0	0.000000E+0	0.000000E+0	0.000000E+0	0.000000E+0	0.000000E+0
160.0   	84      	2.628171E-2 	5.366246E-5	-6.73E-1   	160.00    	5434.29	23.1 	36.5 	0.000000E+0	0.000000E+0	0.000000E+0	0.000000E+0	0.000000E+0	0.000000E+0	0.000000E+0	0.000000E+0
160.0   	85      	2.346033E-2 	2.323718E-4	-7.63E-1   	160.00    	5436.20	23.1 	36.5 	0.000000E+0	0.000000E+0	0.000000E+0	0.000000E+0	0.000000E+0	0.000000E+0	0.000000E+0	0.000000E+0
160.0   	86      	2.183564E-2 	1.680441E-4	-7.45E-1   	160.00    	5438.12	23.1 	36.5 	0.000000E+0	0.000000E+0	0.000000E+0	0.000000E+0	0.000000E+0	0.000000E+0	0.000000E+0	0.000000E+0
160.0   	87      	2.197619E-2 	2.613378E-4	-3.76E-1   	160.00    	5440.04	23.1 	36.5 	0.000000E+0	0.000000E+0	0.000000E+0	0.000000E+0	0.000000E+0	0.000000E+0	0.000000E+0	0.000000E+0
160.0   	88      	3.828776E-2 	1.397444E-4	-3.45E-1   	160.00    	5441.96	23.1 	36.5 	0.000000E+0	0.000000E+0	0.000000E+0	0.000000E+0	0.000000E+0	0.000000E+0	0.000000E+0	0.000000E+0
160.0   	89      	2.073900E-2 	1.599648E-4	-6.40E-1   	160.00    	5443.87	23.1 	36.5 	0.000000E+0	0.000000E+0	0.000000E+0	0.000000E+0	0.000000E+0	0.000000E+0	0.000000E+0	0.000000E+0
160.0   	90      	4.429240E-2 	7.434967E-5	-9.36E-1   	160.00    	5445.79	23.1 	36.5 	0.000000E+0	0.000000E+0	0.000000E+0	0.000000E+0	0.000000E+0	0.000000E+0	0.000000E+0	0.000000E+0
160.0   	91      	2.289239E-2 	9.134482E-5	-7.19E-1   	160.00    	5447.71	23.1 	36.5 	0.000000E+0	0.000000E+0	0.000000E+0	0.000000E+0	0.000000E+0	0.000000E+0	0.000000E+0	0.000000E+0
160.0   	92      	2.865924E-2 	1.051580E-4	-7.97E-1   	160.00    	5449.64	23.1 	36.5 	0.000000E+0	0.000000E+0	0.000000E+0	0.000000E+0	0.000000E+0	0.000000E+0	0.000000E+0	0.000000E+0
160.0   	93      	2.744800E-2 	2.148319E-4	-4.68E-1   	160.00    	5451.56	23.1 	36.5 	0.000000E+0	0.000000E+0	0.000000E+0	0.000000E+0	0.000000E+0	0.000000E+0	0.000000E+0	0.000000E+0
160.0   	94      	6.517666E-2 	6.391638E-5	-7.99E-1   	160.00    	5453.48	23.1 	36.5 	0.000000E+0	0.000000E+0	0.000000E+0	0.000000E+0	0.000000E+0	0.000000E+0	0.000000E+0	0.000000E+0
160.0   	95      	2.996957E-2 	1.707857E-4	-4.91E-1   	160.00    	5455.39	23.1 	36.5 	0.000000E+0	0.000000E+0	0.000000E+0	0.000000E+0	0.000000E+0	0.000000E+0	0.000000E+0	0.000000E+0
160.0   	96      	2.584799E-2 	6.603135E-5	-4.03E-1   	160.00    	5457.31	23.1 	36.5 	0.000000E+0	0.000000E+0	0.000000E+0	0.000000E+0	0.000000E+0	0.000000E+0	0.000000E+0	0.000000E+0
160.0   	97      	2.321910E-2 	1.037190E-4	-7.99E-1   	160.00    	5459.23	23.1 	36.5 	0.000000E+0	0.000000E+0	0.000000E+0	0.000000E+0	0.000000E+0	0.000000E+0	0.000000E+0	0.000000E+0
160.0   	98      	1.019926E-1 	1.244378E-4	-7.36E-1   	160.00    	5461.15	23.1 	36.5 	0.000000E+0	0.000000E+0	0.000000E+0	0.000000E+0	0.000000E+0	0.000000E+0	0.000000E+0	0.000000E+0
160.0   	99      	1.304565E-1 	8.918851E-5	-7.96E-1   	160.00    	5463.06	23.1 	36.5 	0.000000E+0	0.000000E+0	0.000000E+0	0.000000E+0	0.000000E+0	0.000000E+0	0.000000E+0	0.000000E+0
160.0   	100     	2.397099E-2 	2.985194E-5	-6.86E-1   	160.00    	5464.98	23.1 	36.4 	0.000000E+0	0.000000E+0	0.000000E+0	0.000000E+0	0.000000E+0	0.000000E+0	0.000000E+0	0.000000E+0
160.0   	101     	3.257061E-2 	1.087853E-4	-6.84E-1   	160.00    	5466.90	23.1 	36.4 	0.000000E+0	0.000000E+0	0.000000E+0	0.000000E+0	0.000000E+0	0.000000E+0	0.000000E+0	0.000000E+0
160.0   	102     	2.156401E-2 	1.113581E-4	-6.47E-1   	160.00    	5468.82	23.1 	36.4 	0.000000E+0	0.000000E+0	0.000000E+0	0.000000E+0	0.000000E+0	0.000000E+0	0.000000E+0	0.000000E+0
160.0   	103     	1.523498E-1 	1.804276E-4	-6.59E-1   	160.00    	5470.74	23.1 	36.4 	0.000000E+0	0.000000E+0	0.000000E+0	0.000000E+0	0.000000E+0	0.000000E+0	0.000000E+0	0.000000E+0
160.0   	104     	-2.989526E-2	5.710959E-5	-6.46E-1   	160.00    	5472.65	23.1 	36.4 	0.000000E+0	0.000000E+0	0.000000E+0	0.000000E+0	0.000000E+0	0.000000E+0	0.000000E+0	0.000000E+0
160.0   	105     	5.185236E-2 	1.092764E-4	-7.65E-1   	160.00    	5474.57	23.1 	36.4 	0.000000E+0	0.000000E+0	0.000000E+0	0.000000E+0	0.000000E+0	0.000000E+0	0.000000E+0	0.000000E+0
160.0   	106     	4.697575E-2 	8.128336E-5	-1.03E+0   	160.00    	5476.50	23.1 	36.4 	0.000000E+0	0.000000E+0	0.000000E+0	0.000000E+0	0.000000E+0	0.000000E+0	0.000000E+0	0.000000E+0
160.0   	107     	2.278221E-2 	2.964788E-5	-7.11E-1   	160.00    	5478.41	23.1 	36.4 	0.000000E+0	0.000000E+0	0.000000E+0	0.000000E+0	0.000000E+0	0.000000E+0	0.000000E+0	0.000000E+0
160.0   	108     	2.673696E-2 	1.185322E-4	-8.36E-1   	160.00    	5480.34	23.1 	36.4 	0.000000E+0	0.000000E+0	0.000000E+0	0.000000E+0	0.000000E+0	0.000000E+0	0.000000E+0	0.000000E+0
160.0   	109     	2.733404E-2 	1.284888E-4	-4.47E-1   	160.00    	5482.26	23.1 	36.4 	0.000000E+0	0.000000E+0	0.000000E+0	0.000000E+0	0.000000E+0	0.000000E+0	0.000000E+0	0.000000E+0
160.0   	110     	2.795866E-2 	3.897094E-5	-8.38E-1   	160.00    	5484.17	23.1 	36.4 	0.000000E+0	0.000000E+0	0.000000E+0	0.000000E+0	0.000000E+0	0.000000E+0	0.000000E+0	0.000000E+0
160.0   	111     	2.540763E-2 	1.686635E-4	-5.37E-1   	160.00    	5486.09	23.1 	36.4 	0.000000E+0	0.000000E+0	0.000000E+0	0.000000E+0	0.000000E+0	0.000000E+0	0.000000E+0	0.000000E+0
160.0   	112     	2.450569E-2 	1.675710E-4	-8.06E-1   	160.00    	5488.01	23.1 	36.4 	0.000000E+0	0.000000E+0	0.000000E+0	0.000000E+0	0.000000E+0	0.000000E+0	0.000000E+0	0.000000E+0
160.0   	113     	2.331629E-2 	1.210466E-4	-6.53E-1   	160.00    	5489.93	23.1 	36.4 	0.000000E+0	0.000000E+0	0.000000E+0	0.000000E+0	0.000000E+0	0.000000E+0	0.000000E+0	0.000000E+0
160.0   	114     	1.015836E-1 	9.355036E-5	-8.07E-1   	160.00    	5491.86	23.1 	36.4 	0.000000E+0	0.000000E+0	0.000000E+0	0.000000E+0	0.000000E+0	0.000000E+0	0.000000E+0	0.000000E+0
160.0   	115     	1.861641E-1 	7.674610E-5	-9.50E-1   	160.00    	5493.78	23.1 	36.4 	0.000000E+0	0.000000E+0	0.000000E+0	0.000000E+0	0.000000E+0	0.000000E+0	0.000000E+0	0.000000E+0
160.0   	116     	2.472413E-2 	6.217287E-5	-4.43E-1   	160.00    	5495.70	23.1 	36.4 	0.000000E+0	0.000000E+0	0.000000E+0	0.000000E+0	0.000000E+0	0.000000E+0	0.000000E+0	0.000000E+0
160.0   	117     	2.357557E-2 	5.742964E-5	-5.02E-1   	160.00    	5497.63	23.1 	36.4 	0.000000E+0	0.000000E+0	0.000000E+0	0.000000E+0	0.000000E+0	0.000000E+0	0.000000E+0	0.000000E+0
160.0   	118     	2.205155E-2 	2.064903E-4	-3.78E-1   	160.00    	5499.56	23.1 	36.4 	0.000000E+0	0.000000E+0	0.000000E+0	0.000000E+0	0.000000E+0	0.000000E+0	0.000000E+0	0.000000E+0
160.0   	119     	2.230386E-2 	7.536750E-5	-1.05E+0   	160.00    	5501.48	23.1 	36.4 	0.000000E+0	0.000000E+0	0.000000E+0	0.000000E+0	0.000000E+0	0.000000E+0	0.000000E+0	0.000000E+0
160.0   	120     	4.129723E-2 	9.512058E-5	-7.01E-1   	160.00    	5503.41	23.1 	36.4 	0.000000E+0	0.000000E+0	0.000000E+0	0.000000E+0	0.000000E+0	0.000000E+0	0.000000E+0	0.000000E+0
160.0   	121     	2.254573E-2 	9.880791E-5	-8.19E-1   	160.00    	5505.35	23.1 	36.4 	0.000000E+0	0.000000E+0	0.000000E+0	0.000000E+0	0.000000E+0	0.000000E+0	0.000000E+0	0.000000E+0
160.0   	122     	4.055924E-2 	8.627383E-5	-4.38E-1   	160.00    	5507.27	23.1 	36.4 	0.000000E+0	0.000000E+0	0.000000E+0	0.000000E+0	0.000000E+0	0.000000E+0	0.000000E+0	0.000000E+0
160.0   	123     	1.552591E-1 	1.157130E-4	-8.21E-1   	160.00    	5509.20	23.1 	36.4 	0.000000E+0	0.000000E+0	0.000000E+0	0.000000E+0	0.000000E+0	0.000000E+0	0.000000E+0	0.000000E+0
160.0   	124     	2.668758E-2 	1.102381E-4	-6.32E-1   	160.00    	5511.12	23.1 	36.4 	0.000000E+0	0.000000E+0	0.000000E+0	0.000000E+0	0.000000E+0	0.000000E+0	0.000000E+0	0.000000E+0
160.0   	125     	2.331060E-2 	2.422649E-5	-4.17E-1   	160.00    	5513.04	23.1 	36.4 	0.000000E+0	0.000000E+0	0.000000E+0	0.000000E+0	0.000000E+0	0.000000E+0	0.000000E+0	0.000000E+0
160.0   	126     	2.620952E-2 	1.147224E-4	-8.26E-1   	160.00    	5514.97	23.1 	36.4 	0.000000E+0	0.000000E+0	0.000000E+0	0.000000E+0	0.000000E+0	0.000000E+0	0.000000E+0	0.000000E+0
160.0   	127     	2.590626E-2 	8.574007E-5	-5.80E-1   	160.00    	5516.89	23.1 	36.4 	0.000000E+0	0.000000E+0	0.000000E+0	0.000000E+0	0.000000E+0	0.000000E+0	0.000000E+0	0.000000E+0
160.0   	128     	2.624816E-2 	6.645523E-5	-4.72E-1   	160.00    	5518.81	23.1 	36.4 	0.000000E+0	0.000000E+0	0.000000E+0	0.000000E+0	0.000000E+0	0.000000E+0	0.000000E+0	0.000000E+0
160.0   	129     	2.224625E-2 	1.649403E-4	-6.07E-1   	160.00    	5520.73	23.1 	36.4 	0.000000E+0	0.000000E+0	0.000000E+0	0.000000E+0	0.000000E+0	0.000000E+0	0.000000E+0	0.000000E+0
160.0   	130     	1.035838E-1 	1.338852E-4	-7.48E-1   	160.00    	5522.65	23.1 	36.4 	0.000000E+0	0.000000E+0	0.000000E+0	0.000000E+0	0.000000E+0	0.000000E+0	0.000000E+0	0.000000E+0
160.0   	131     	1.484853E-1 	1.485271E-4	-3.04E-1   	160.00    	5524.57	23.1 	36.4 	0.000000E+0	0.000000E+0	0.000000E+0	0.000000E+0	0.000000E+0	0.000000E+0	0.000000E+0	0.000000E+0
160.0   	132     	2.307862E-1 	7.270083E-5	-7.44E-1   	160.00    	5526.49	23.1 	36.4 	0.000000E+0	0.000000E+0	0.000000E+0	0.000000E+0	0.000000E+0	0.000000E+0	0.000000E+0	0.000000E+0
160.0   	133     	2.378484E-2 	1.594685E-4	-5.27E-1   	160.00    	5528.40	23.1 	36.4 	0.000000E+0	0.000000E+0	0.000000E+0	0.000000E+0	0.000000E+0	0.000000E+0	0.000000E+0	0.000000E+0
160.0   	134     	2.256535E-2 	5.097043E-5	-7.98E-1   	160.00    	5530.32	23.1 	36.4 	0.000000E+0	0.000000E+0	0.000000E+0	0.000000E+0	0.000000E+0	0.000000E+0	0.000000E+0	0.000000E+0
160.0   	135     	2.289587E-2 	1.033476E-4	-5.94E-1   	160.00    	5532.24	23.1 	36.4 	0.000000E+0	0.000000E+0	0.000000E+0	0.000000E+0	0.000000E+0	0.000000E+0	0.000000E+0	0.000000E+0
160.0   	136     	9.922574E-2 	1.520741E-4	-5.45E-1   	160.00    	5534.16	23.1 	36.4 	0.000000E+0	0.000000E+0	0.000000E+0	0.000000E+0	0.000000E+0	0.000000E+0	0.000000E+0	0.000000E+0
160.0   	137     	8.873501E-3 	1.218416E-4	-7.77E-1   	160.00    	5536.08	23.1 	36.4 	0.000000E+0	0.000000E+0	0.000000E+0	0.000000E+0	0.000000E+0	0.000000E+0	0.000000E+0	0.000000E+0
160.0   	138     	3.414276E-2 	3.979844E-5	-7.10E-1   	160.00    	5538.00	23.1 	36.4 	0.000000E+0	0.000000E+0	0.000000E+0	0.000000E+0	0.000000E+0	0.000000E+0	0.000000E+0	0.000000E+0
160.0   	139     	2.238016E-2 	6.840472E-5	-1.04E+0   	160.00    	5539.92	23.1 	36.4 	0.000000E+0	0.000000E+0	0.000000E+0	0.000000E+0	0.000000E+0	0.000000E+0	0.000000E+0	0.000000E+0
160.0   	140     	-8.092947E-3	1.402474E-4	-8.83E-1   	160.00    	5541.84	23.1 	36.4 	0.000000E+0	0.000000E+0	0.000000E+0	0.000000E+0	0.000000E+0	0.000000E+0	0.000000E+0	0.000000E+0
160.0   	141     	4.121920E-3 	1.392161E-4	-3.74E-1   	160.00    	5543.76	23.1 	36.4 	0.000000E+0	0.000000E+0	0.000000E+0	0.000000E+0	0.000000E+0	0.000000E+0	0.000000E+0	0.000000E+0
160.0   	142     	2.656760E-2 	8.777961E-5	-6.26E-1   	160.00    	5545.68	23.1 	36.4 	0.000000E+0	0.000000E+0	0.000000E+0	0.000000E+0	0.000000E+0	0.000000E+0	0.000000E+0	0.000000E+0
160.0   	143     	8.211444E-2 	1.247416E-4	-6.12E-1   	160.00    	5547.60	23.1 	36.4 	0.000000E+0	0.000000E+0	0.000000E+0	0.000000E+0	0.000000E+0	0.000000E+0	0.000000E+0	0.000000E+0
160.0   	144     	2.201577E-2 	1.043067E-4	-5.94E-1   	160.00    	5549.52	23.1 	36.4 	0.000000E+0	0.000000E+0	0.000000E+0	0.000000E+0	0.000000E+0	0.000000E+0	0.000000E+0	0.000000E+0
160.0   	145     	2.347807E-2 	1.781715E-4	-6.17E-1   	160.00    	5551.43	23.1 	36.4 	0.000000E+0	0.000000E+0	0.000000E+0	0.000000E+0	0.000000E+0	0.000000E+0	0.000000E+0	0.000000E+0
160.0   	146     	1.000780E-1 	7.345199E-5	-6.70E-1   	160.00    	5553.35	23.1 	36.4 	0.000000E+0	0.000000E+0	0.000000E+0	0.000000E+0	0.000000E+0	0.000000E+0	0.000000E+0	0.000000E+0
160.0   	147     	1.369399E-1 	1.906264E-4	-7.75E-1   	160.00    	5555.27	23.1 	36.4 	0.000000E+0	0.000000E+0	0.000000E+0	0.000000E+0	0.000000E+0	0.000000E+0	0.000000E+0	0.000000E+0
160.0   	148     	2.907967E-2 	1.124196E-4	-5.97E-1   	160.00    	5557.19	23.1 	36.4 	0.000000E+0	0.000000E+0	0.000000E+0	0.000000E+0	0.000000E+0	0.000000E+0	0.000000E+0	0.000000E+0
160.0   	149     	2.260050E-2 	4.478045E-5	-8.78E-1   	160.00    	5559.10	23.1 	36.4 	0.000000E+0	0.000000E+0	0.000000E+0	0.000000E+0	0.000000E+0	0.000000E+0	0.000000E+0	0.000000E+0
160.0   	150     	2.217058E-2 	5.809254E-5	-6.04E-1   	160.00    	5561.02	23.1 	36.4 	0.000000E+0	0.000000E+0	0.000000E+0	0.000000E+0	0.000000E+0	0.000000E+0	0.000000E+0	0.000000E+0
160.0   	151     	5.373366E-1 	1.511802E-4	-5.84E-1   	160.00    	5562.94	23.1 	36.4 	0.000000E+0	0.000000E+0	0.000000E+0	0.000000E+0	0.000000E+0	0.000000E+0	0.000000E+0	0.000000E+0
160.0   	152     	3.197197E-2 	8.665758E-5	-7.52E-1   	160.00    	5564.87	23.1 	36.4 	0.000000E+0	0.000000E+0	0.000000E+0	0.000000E+0	0.000000E+0	0.000000E+0	0.000000E+0	0.000000E+0
160.0   	153     	2.215507E-2 	1.168134E-4	-5.42E-1   	160.00    	5566.80	23.1 	36.4 	0.000000E+0	0.000000E+0	0.000000E+0	0.000000E+0	0.000000E+0	0.000000E+0	0.000000E+0	0.000000E+0
160.0   	154     	4.646924E-2 	4.588301E-5	-7.69E-1   	160.00    	5568.72	23.1 	36.4 	0.000000E+0	0.000000E+0	0.000000E+0	0.000000E+0	0.000000E+0	0.000000E+0	0.000000E+0	0.000000E+0
160.0   	155     	2.208226E-2 	1.220601E-4	-5.57E-1   	160.00    	5570.64	23.1 	36.4 	0.000000E+0	0.000000E+0	0.000000E+0	0.000000E+0	0.000000E+0	0.000000E+0	0.000000E+0	0.000000E+0
160.0   	156     	2.165518E-2 	2.112171E-5	-6.61E-1   	160.00    	5572.56	23.1 	36.4 	0.000000E+0	0.000000E+0	0.000000E+0	0.000000E+0	0.000000E+0	0.000000E+0	0.000000E+0	0.000000E+0
160.0   	157     	2.681421E-2 	1.707962E-4	-9.49E-1   	160.00    	5574.49	23.1 	36.4 	0.000000E+0	0.000000E+0	0.000000E+0	0.000000E+0	0.000000E+0	0.000000E+0	0.000000E+0	0.000000E+0
160.0   	158     	2.680756E-2 	1.550294E-4	-8.89E-1   	160.00    	5576.40	23.1 	36.4 	0.000000E+0	0.000000E+0	0.000000E+0	0.000000E+0	0.000000E+0	0.000000E+0	0.000000E+0	0.000000E+0
160.0   	159     	2.185528E-2 	1.108071E-4	-8.03E-1   	160.00    	5578.32	23.1 	36.4 	0.000000E+0	0.000000E+0	0.000000E+0	0.000000E+0	0.000000E+0	0.000000E+0	0.000000E+0	0.000000E+0
160.0   	160     	2.391685E-2 	8.801696E-5	-1.03E+0   	160.00    	5580.24	23.1 	36.4 	0.000000E+0	0.000000E+0	0.000000E+0	0.000000E+0	0.000000E+0	0.000000E+0	0.000000E+0	0.000000E+0
160.0   	161     	2.356894E-2 	7.420949E-5	-9.23E-1   	160.00    	5582.16	23.1 	36.4 	0.000000E+0	0.000000E+0	0.000000E+0	0.000000E+0	0.000000E+0	0.000000E+0	0.000000E+0	0.000000E+0
160.0   	162     	1.013965E-1 	1.721238E-4	-9.35E-1   	160.00    	5584.09	23.1 	36.4 	0.000000E+0	0.000000E+0	0.000000E+0	0.000000E+0	0.000000E+0	0.000000E+0	0.000000E+0	0.000000E+0
160.0   	163     	1.225983E-1 	7.009872E-5	-5.46E-1   	160.00    	5586.01	23.1 	36.4 	0.000000E+0	0.000000E+0	0.000000E+0	0.000000E+0	0.000000E+0	0.000000E+0	0.000000E+0	0.000000E+0
160.0   	164     	1.449650E-3 	3.023817E-4	-4.08E-1   	160.00    	5587.94	23.1 	36.4 	0.000000E+0	0.000000E+0	0.000000E+0	0.000000E+0	0.000000E+0	0.000000E+0	0.000000E+0	0.000000E+0
160.0   	165     	2.672906E-2 	1.920023E-4	-6.26E-1   	160.00    	5589.86	23.1 	36.4 	0.000000E+0	0.000000E+0	0.000000E+0	0.000000E+0	0.000000E+0	0.000000E+0	0.000000E+0	0.000000E+0
160.0   	166     	2.274836E-2 	2.200662E-5	-9.16E-1   	160.00    	5591.77	23.1 	36.4 	0.000000E+0	0.000000E+0	0.000000E+0	0.000000E+0	0.000000E+0	0.000000E+0	0.000000E+0	0.000000E+0
160.0   	167     	1.991144E-1 	5.467653E-5	-7.25E-1   	160.00    	5593.69	23.1 	36.4 	0.000000E+0	0.000000E+0	0.000000E+0	0.000000E+0	0.000000E+0	0.000000E+0	0.000000E+0	0.000000E+0
160.0   	168     	4.540394E-2 	2.073974E-4	-6.96E-1   	160.00    	5595.61	23.1 	36.4 	0.000000E+0	0.000000E+0	0.000000E+0	0.000000E+0	0.000000E+0	0.000000E+0	0.000000E+0	0.000000E+0
160.0   	169     	2.412358E-2 	1.796141E-4	-8.22E-1   	160.00    	5597.51	23.1 	36.4 	0.000000E+0	0.000000E+0	0.000000E+0	0.000000E+0	0.000000E+0	0.000000E+0	0.000000E+0	0.000000E+0
160.0   	170     	8.777529E-2 	1.104864E-4	-9.56E-1   	160.00    	5599.44	23.1 	36.4 	0.000000E+0	0.000000E+0	0.000000E+0	0.000000E+0	0.000000E+0	0.000000E+0	0.000000E+0	0.000000E+0
160.0   	171     	4.194874E-2 	1.145552E-4	-6.96E-1   	160.00    	5601.36	23.1 	36.4 	0.000000E+0	0.000000E+0	0.000000E+0	0.000000E+0	0.000000E+0	0.000000E+0	0.000000E+0	0.000000E+0
160.0   	172     	2.210758E-2 	6.499928E-5	-5.42E-1   	160.00    	5603.28	23.1 	36.4 	0.000000E+0	0.000000E+0	0.000000E+0	0.000000E+0	0.000000E+0	0.000000E+0	0.000000E+0	0.000000E+0
160.0   	173     	4.048803E-2 	1.585131E-4	-8.80E-1   	160.00    	5605.20	23.1 	36.4 	0.000000E+0	0.000000E+0	0.000000E+0	0.000000E+0	0.000000E+0	0.000000E+0	0.000000E+0	0.000000E+0
160.0   	174     	2.604935E-2 	9.702000E-5	-8.45E-1   	160.00    	5607.12	23.1 	36.4 	0.000000E+0	0.000000E+0	0.000000E+0	0.000000E+0	0.000000E+0	0.000000E+0	0.000000E+0	0.000000E+0
160.0   	175     	2.572992E-2 	1.919114E-4	-5.46E-1   	160.00    	5609.04	23.1 	36.4 	0.000000E+0	0.000000E+0	0.000000E+0	0.000000E+0	0.000000E+0	0.000000E+0	0.000000E+0	0.000000E+0
160.0   	176     	2.283256E-2 	1.344321E-4	-4.48E-1   	160.00    	5610.96	23.1 	36.4 	0.000000E+0	0.000000E+0	0.000000E+0	0.000000E+0	0.000000E+0	0.000000E+0	0.000000E+0	0.000000E+0
160.0   	177     	2.934561E-2 	1.456186E-4	-4.81E-1   	160.00    	5612.88	23.1 	36.4 	0.000000E+0	0.000000E+0	0.000000E+0	0.000000E+0	0.000000E+0	0.000000E+0	0.000000E+0	0.000000E+0
160.0   	178     	1.027794E-1 	1.810756E-4	-9.20E-1   	160.00    	5614.80	23.1 	36.4 	0.000000E+0	0.000000E+0	0.000000E+0	0.000000E+0	0.000000E+0	0.000000E+0	0.000000E+0	0.000000E+0
160.0   	179     	1.375120E-1 	1.278906E-4	-4.44E-1   	160.00    	5616.71	23.1 	36.4 	0.000000E+0	0.000000E+0	0.000000E+0	0.000000E+0	0.000000E+0	0.000000E+0	0.000000E+0	0.000000E+0
160.0   	180     	2.935859E-2 	1.264709E-4	-4.50E-1   	160.00    	5618.63	23.1 	36.4 	0.000000E+0	0.000000E+0	0.000000E+0	0.000000E+0	0.000000E+0	0.000000E+0	0.000000E+0	0.000000E+0
160.0   	181     	9.221854E-2 	2.762292E-5	-7.85E-1   	160.00    	5620.55	23.1 	36.4 	0.000000E+0	0.000000E+0	0.000000E+0	0.000000E+0	0.000000E+0	0.000000E+0	0.000000E+0	0.000000E+0
160.0   	182     	2.242226E-2 	1.509350E-4	-5.16E-1   	160.00    	5622.47	23.1 	36.4 	0.000000E+0	0.000000E+0	0.000000E+0	0.000000E+0	0.000000E+0	0.000000E+0	0.000000E+0	0.000000E+0
160.0   	183     	2.195912E-2 	1.084487E-4	-5.41E-1   	160.00    	5624.39	23.1 	36.4 	0.000000E+0	0.000000E+0	0.000000E+0	0.000000E+0	0.000000E+0	0.000000E+0	0.000000E+0	0.000000E+0
160.0   	184     	4.719798E-2 	1.028428E-4	-3.68E-1   	160.00    	5626.31	23.1 	36.4 	0.000000E+0	0.000000E+0	0.000000E+0	0.000000E+0	0.000000E+0	0.000000E+0	0.000000E+0	0.000000E+0
160.0   	185     	2.342267E-2 	1.407328E-4	-5.82E-1   	160.00    	5628.21	23.1 	36.4 	0.000000E+0	0.000000E+0	0.000000E+0	0.000000E+0	0.000000E+0	0.000000E+0	0.000000E+0	0.000000E+0
160.0   	186     	1.666998E-1 	1.086853E-4	-5.73E-1   	160.00    	5630.14	23.1 	36.4 	0.000000E+0	0.000000E+0	0.000000E+0	0.000000E+0	0.000000E+0	0.000000E+0	0.000000E+0	0.000000E+0
160.0   	187     	3.513939E-2 	1.934574E-4	-9.15E-1   	160.00    	5632.06	23.1 	36.4 	0.000000E+0	0.000000E+0	0.000000E+0	0.000000E+0	0.000000E+0	0.000000E+0	0.000000E+0	0.000000E+0
160.0   	188     	2.086343E-2 	1.021021E-4	-6.31E-1   	160.00    	5633.98	23.1 	36.4 	0.000000E+0	0.000000E+0	0.000000E+0	0.000000E+0	0.000000E+0	0.000000E+0	0.000000E+0	0.000000E+0
160.0   	189     	2.710197E-2 	5.322524E-5	-2.90E-1   	160.00    	5635.92	23.1 	36.4 	0.000000E+0	0.000000E+0	0.000000E+0	0.000000E+0	0.000000E+0	0.000000E+0	0.000000E+0	0.000000E+0
160.0   	190     	4.328409E-2 	2.746937E-5	-6.32E-1   	160.00    	5637.84	23.1 	36.4 	0.000000E+0	0.000000E+0	0.000000E+0	0.000000E+0	0.000000E+0	0.000000E+0	0.000000E+0	0.000000E+0
160.0   	191     	2.537568E-2 	8.037064E-5	-6.53E-1   	160.00    	5639.77	23.1 	36.4 	0.000000E+0	0.000000E+0	0.000000E+0	0.000000E+0	0.000000E+0	0.000000E+0	0.000000E+0	0.000000E+0
160.0   	192     	2.251725E-2 	1.277682E-4	-3.32E-1   	160.00    	5641.68	23.1 	36.4 	0.000000E+0	0.000000E+0	0.000000E+0	0.000000E+0	0.000000E+0	0.000000E+0	0.000000E+0	0.000000E+0
160.0   	193     	2.803876E-2 	9.022921E-5	-3.34E-1   	160.00    	5643.60	23.1 	36.4 	0.000000E+0	0.000000E+0	0.000000E+0	0.000000E+0	0.000000E+0	0.000000E+0	0.000000E+0	0.000000E+0
160.0   	194     	1.073173E-1 	1.585852E-4	-5.39E-1   	160.00    	5645.52	23.1 	36.4 	0.000000E+0	0.000000E+0	0.000000E+0	0.000000E+0	0.000000E+0	0.000000E+0	0.000000E+0	0.000000E+0
160.0   	195     	1.129528E-1 	9.471283E-5	-5.88E-1   	160.00    	5647.44	23.1 	36.4 	0.000000E+0	0.000000E+0	0.000000E+0	0.000000E+0	0.000000E+0	0.000000E+0	0.000000E+0	0.000000E+0
160.0   	196     	2.477575E-2 	4.705438E-5	-6.02E-1   	160.00    	5649.36	23.1 	36.4 	0.000000E+0	0.000000E+0	0.000000E+0	0.000000E+0	0.000000E+0	0.000000E+0	0.000000E+0	0.000000E+0
160.0   	197     	2.259291E-2 	1.391767E-4	-7.93E-1   	160.00    	5651.28	23.1 	36.4 	0.000000E+0	0.000000E+0	0.000000E+0	0.000000E+0	0.000000E+0	0.000000E+0	0.000000E+0	0.000000E+0
160.0   	198     	2.446707E-2 	1.332802E-4	-4.42E-1   	160.00    	5653.20	23.1 	36.4 	0.000000E+0	0.000000E+0	0.000000E+0	0.000000E+0	0.000000E+0	0.000000E+0	0.000000E+0	0.000000E+0
160.0   	199     	4.649076E-2 	1.441935E-4	-9.18E-1   	160.00    	5655.12	23.1 	36.4 	0.000000E+0	0.000000E+0	0.000000E+0	0.000000E+0	0.000000E+0	0.000000E+0	0.000000E+0	0.000000E+0
160.0   	200     	-2.554919E-2	1.093910E-4	-7.78E-1   	160.00    	5657.05	23.1 	36.4 	0.000000E+0	0.000000E+0	0.000000E+0	0.000000E+0	0.000000E+0	0.000000E+0	0.000000E+0	0.000000E+0
160.0   	201     	2.125788E-2 	4.369199E-5	-7.52E-1   	160.00    	5658.97	23.1 	36.4 	0.000000E+0	0.000000E+0	0.000000E+0	0.000000E+0	0.000000E+0	0.000000E+0	0.000000E+0	0.000000E+0
160.0   	202     	3.239744E-2 	1.524556E-5	-7.75E-1   	160.00    	5660.90	23.1 	36.4 	0.000000E+0	0.000000E+0	0.000000E+0	0.000000E+0	0.000000E+0	0.000000E+0	0.000000E+0	0.000000E+0
160.0   	203     	2.438128E-2 	1.251740E-4	-7.97E-1   	160.00    	5662.82	23.1 	36.4 	0.000000E+0	0.000000E+0	0.000000E+0	0.000000E+0	0.000000E+0	0.000000E+0	0.000000E+0	0.000000E+0
160.0   	204     	3.395998E-3 	4.719685E-5	-9.47E-1   	160.00    	5664.74	23.1 	36.4 	0.000000E+0	0.000000E+0	0.000000E+0	0.000000E+0	0.000000E+0	0.000000E+0	0.000000E+0	0.000000E+0
160.0   	205     	1.605396E-1 	2.075295E-4	-6.40E-1   	160.00    	5666.66	23.1 	36.4 	0.000000E+0	0.000000E+0	0.000000E+0	0.000000E+0	0.000000E+0	0.000000E+0	0.000000E+0	0.000000E+0
160.0   	206     	3.872405E-2 	1.283411E-4	-7.42E-1   	160.00    	5668.57	23.1 	36.4 	0.000000E+0	0.000000E+0	0.000000E+0	0.000000E+0	0.000000E+0	0.000000E+0	0.000000E+0	0.000000E+0
160.0   	207     	2.520850E-2 	1.403770E-4	-5.14E-1   	160.00    	5670.50	23.1 	36.4 	0.000000E+0	0.000000E+0	0.000000E+0	0.000000E+0	0.000000E+0	0.000000E+0	0.000000E+0	0.000000E+0
160.0   	208     	2.371044E-2 	1.242156E-4	-5.81E-1   	160.00    	5672.42	23.1 	36.4 	0.000000E+0	0.000000E+0	0.000000E+0	0.000000E+0	0.000000E+0	0.000000E+0	0.000000E+0	0.000000E+0
160.0   	209     	7.559002E-2 	6.845448E-5	-9.07E-1   	160.00    	5674.35	23.1 	36.4 	0.000000E+0	0.000000E+0	0.000000E+0	0.000000E+0	0.000000E+0	0.000000E+0	0.000000E+0	0.000000E+0
160.0   	210     	1.140441E-1 	4.030215E-5	-7.02E-1   	160.00    	5676.28	23.1 	36.4 	0.000000E+0	0.000000E+0	0.000000E+0	0.000000E+0	0.000000E+0	0.000000E+0	0.000000E+0	0.000000E+0
160.0   	211     	1.595445E-1 	1.463272E-4	-7.19E-1   	160.00    	5678.20	23.1 	36.4 	0.000000E+0	0.000000E+0	0.000000E+0	0.000000E+0	0.000000E+0	0.000000E+0	0.000000E+0	0.000000E+0
160.0   	212     	2.518888E-2 	1.401075E-4	-6.78E-1   	160.00    	5680.13	23.1 	36.4 	0.000000E+0	0.000000E+0	0.000000E+0	0.000000E+0	0.000000E+0	0.000000E+0	0.000000E+0	0.000000E+0
160.0   	213     	2.428664E-2 	2.596130E-4	-4.71E-1   	160.00    	5682.05	23.1 	36.4 	0.000000E+0	0.000000E+0	0.000000E+0	0.000000E+0	0.000000E+0	0.000000E+0	0.000000E+0	0.000000E+0
160.0   	214     	2.837482E-1 	2.016770E-4	-6.81E-1   	160.00    	5683.97	23.1 	36.4 	0.000000E+0	0.000000E+0	0.000000E+0	0.000000E+0	0.000000E+0	0.000000E+0	0.000000E+0	0.000000E+0
160.0   	215     	1.886077E-1 	1.276747E-4	-6.41E-1   	160.00    	5685.89	23.1 	36.4 	0.000000E+0	0.000000E+0	0.000000E+0	0.000000E+0	0.000000E+0	0.000000E+0	0.000000E+0	0.000000E+0
160.0   	216     	7.675694E-2 	8.803887E-5	-9.02E-1   	160.00    	5687.80	23.1 	36.4 	0.000000E+0	0.000000E+0	0.000000E+0	0.000000E+0	0.000000E+0	0.000000E+0	0.000000E+0	0.000000E+0
160.0   	217     	1.486230E-1 	7.694364E-5	-8.71E-1   	160.00    	5689.73	23.1 	36.4 	0.000000E+0	0.000000E+0	0.000000E+0	0.000000E+0	0.000000E+0	0.000000E+0	0.000000E+0	0.000000E+0
160.0   	218     	2.727708E-2 	3.831928E-5	-6.45E-1   	160.00    	5691.65	23.1 	36.4 	0.000000E+0	0.000000E+0	0.000000E+0	0.000000E+0	0.000000E+0	0.000000E+0	0.000000E+0	0.000000E+0
160.0   	219     	2.173150E-2 	1.156427E-4	-6.52E-1   	160.00    	5693.59	23.1 	36.4 	0.000000E+0	0.000000E+0	0.000000E+0	0.000000E+0	0.000000E+0	0.000000E+0	0.000000E+0	0.000000E+0
160.0   	220     	5.810807E-2 	1.123516E-4	-8.12E-1   	160.00    	5695.52	23.1 	36.4 	0.000000E+0	0.000000E+0	0.000000E+0	0.000000E+0	0.000000E+0	0.000000E+0	0.000000E+0	0.000000E+0
160.0   	221     	2.199996E-2 	1.126749E-4	-1.10E+0   	160.00    	5697.44	23.1 	36.4 	0.000000E+0	0.000000E+0	0.000000E+0	0.000000E+0	0.000000E+0	0.000000E+0	0.000000E+0	0.000000E+0
160.0   	222     	3.073414E-2 	1.708966E-4	-7.04E-1   	160.00    	5699.37	23.1 	36.4 	0.000000E+0	0.000000E+0	0.000000E+0	0.000000E+0	0.000000E+0	0.000000E+0	0.000000E+0	0.000000E+0
160.0   	223     	1.506229E-1 	2.179651E-4	-7.07E-1   	160.00    	5701.30	23.1 	36.4 	0.000000E+0	0.000000E+0	0.000000E+0	0.000000E+0	0.000000E+0	0.000000E+0	0.000000E+0	0.000000E+0
160.0   	224     	2.841962E-2 	8.971540E-4	-7.97E-1   	160.00    	5703.22	23.1 	36.4 	0.000000E+0	0.000000E+0	0.000000E+0	0.000000E+0	0.000000E+0	0.000000E+0	0.000000E+0	0.000000E+0
160.0   	225     	4.447855E-2 	7.215631E-5	-4.82E-1   	160.00    	5705.15	23.1 	36.4 	0.000000E+0	0.000000E+0	0.000000E+0	0.000000E+0	0.000000E+0	0.000000E+0	0.000000E+0	0.000000E+0
160.0   	226     	1.215603E-1 	1.618122E-4	-7.04E-1   	160.00    	5707.06	23.1 	36.4 	0.000000E+0	0.000000E+0	0.000000E+0	0.000000E+0	0.000000E+0	0.000000E+0	0.000000E+0	0.000000E+0
160.0   	227     	2.253465E-1 	1.187371E-4	-5.81E-1   	160.00    	5708.98	23.1 	36.4 	0.000000E+0	0.000000E+0	0.000000E+0	0.000000E+0	0.000000E+0	0.000000E+0	0.000000E+0	0.000000E+0
160.0   	228     	2.757655E-2 	2.607910E-4	-3.87E-1   	160.00    	5710.90	23.1 	36.4 	0.000000E+0	0.000000E+0	0.000000E+0	0.000000E+0	0.000000E+0	0.000000E+0	0.000000E+0	0.000000E+0
160.0   	229     	2.626368E-2 	1.233598E-4	-9.10E-1   	160.00    	5712.82	23.1 	36.4 	0.000000E+0	0.000000E+0	0.000000E+0	0.000000E+0	0.000000E+0	0.000000E+0	0.000000E+0	0.000000E+0
160.0   	230     	2.852029E-2 	1.716871E-4	-5.84E-1   	160.00    	5714.74	23.1 	36.4 	0.000000E+0	0.000000E+0	0.000000E+0	0.000000E+0	0.000000E+0	0.000000E+0	0.000000E+0	0.000000E+0
160.0   	231     	2.708616E-2 	9.139729E-5	-8.84E-1   	160.00    	5716.66	23.1 	36.4 	0.000000E+0	0.000000E+0	0.000000E+0	0.000000E+0	0.000000E+0	0.000000E+0	0.000000E+0	0.000000E+0
160.0   	232     	-1.219879E-2	1.422241E-4	-6.32E-1   	160.00    	5718.57	23.1 	36.4 	0.000000E+0	0.000000E+0	0.000000E+0	0.000000E+0	0.000000E+0	0.000000E+0	0.000000E+0	0.000000E+0
160.0   	233     	9.862489E-2 	7.698451E-5	-8.03E-1   	160.00    	5720.49	23.1 	36.4 	0.000000E+0	0.000000E+0	0.000000E+0	0.000000E+0	0.000000E+0	0.000000E+0	0.000000E+0	0.000000E+0
160.0   	234     	2.978977E-2 	7.607149E-5	-7.21E-1   	160.00    	5722.43	23.1 	36.4 	0.000000E+0	0.000000E+0	0.000000E+0	0.000000E+0	0.000000E+0	0.000000E+0	0.000000E+0	0.000000E+0
160.0   	235     	2.612914E-2 	1.202316E-4	-3.40E-1   	160.00    	5724.35	23.1 	36.4 	0.000000E+0	0.000000E+0	0.000000E+0	0.000000E+0	0.000000E+0	0.000000E+0	0.000000E+0	0.000000E+0
160.0   	236     	1.764950E-1 	2.897332E-4	-5.18E-1   	160.00    	5726.28	23.1 	36.4 	0.000000E+0	0.000000E+0	0.000000E+0	0.000000E+0	0.000000E+0	0.000000E+0	0.000000E+0	0.000000E+0
160.0   	237     	1.652783E-2 	1.113483E-4	-6.98E-1   	160.00    	5728.20	23.1 	36.4 	0.000000E+0	0.000000E+0	0.000000E+0	0.000000E+0	0.000000E+0	0.000000E+0	0.000000E+0	0.000000E+0
160.0   	238     	2.848736E-2 	2.660365E-4	-6.41E-1   	160.00    	5730.12	23.1 	36.4 	0.000000E+0	0.000000E+0	0.000000E+0	0.000000E+0	0.000000E+0	0.000000E+0	0.000000E+0	0.000000E+0
160.0   	239     	2.611363E-2 	1.299699E-4	-7.62E-1   	160.00    	5732.04	23.1 	36.4 	0.000000E+0	0.000000E+0	0.000000E+0	0.000000E+0	0.000000E+0	0.000000E+0	0.000000E+0	0.000000E+0
160.0   	240     	2.999082E-2 	1.992846E-4	-4.40E-1   	160.00    	5733.96	23.1 	36.4 	0.000000E+0	0.000000E+0	0.000000E+0	0.000000E+0	0.000000E+0	0.000000E+0	0.000000E+0	0.000000E+0
160.0   	241     	1.324843E-1 	8.716060E-5	-4.66E-1   	160.00    	5735.89	23.1 	36.4 	0.000000E+0	0.000000E+0	0.000000E+0	0.000000E+0	0.000000E+0	0.000000E+0	0.000000E+0	0.000000E+0
160.0   	242     	2.453339E-1 	9.923630E-5	-7.60E-1   	160.00    	5737.81	23.1 	36.4 	0.000000E+0	0.000000E+0	0.000000E+0	0.000000E+0	0.000000E+0	0.000000E+0	0.000000E+0	0.000000E+0
160.0   	243     	2.168917E-1 	1.422533E-5	-9.07E-1   	160.00    	5739.74	23.1 	36.4 	0.000000E+0	0.000000E+0	0.000000E+0	0.000000E+0	0.000000E+0	0.000000E+0	0.000000E+0	0.000000E+0
160.0   	244     	3.922191E-1 	9.763157E-5	-5.94E-1   	160.00    	5741.65	23.1 	36.4 	0.000000E+0	0.000000E+0	0.000000E+0	0.000000E+0	0.000000E+0	0.000000E+0	0.000000E+0	0.000000E+0
160.0   	245     	1.113630E-1 	1.398471E-4	-5.40E-1   	160.00    	5743.57	23.1 	36.4 	0.000000E+0	0.000000E+0	0.000000E+0	0.000000E+0	0.000000E+0	0.000000E+0	0.000000E+0	0.000000E+0
160.0   	246     	1.123427E-1 	1.050128E-4	-7.89E-1   	160.00    	5745.49	23.1 	36.4 	0.000000E+0	0.000000E+0	0.000000E+0	0.000000E+0	0.000000E+0	0.000000E+0	0.000000E+0	0.000000E+0
160.0   	247     	1.112138E-1 	7.030000E-5	-3.13E-1   	160.00    	5747.41	23.1 	36.4 	0.000000E+0	0.000000E+0	0.000000E+0	0.000000E+0	0.000000E+0	0.000000E+0	0.000000E+0	0.000000E+0
160.0   	248     	1.093488E-1 	1.024925E-4	-8.75E-1   	160.00    	5749.33	23.1 	36.4 	0.000000E+0	0.000000E+0	0.000000E+0	0.000000E+0	0.000000E+0	0.000000E+0	0.000000E+0	0.000000E+0
160.0   	249     	1.319420E-1 	9.114765E-5	-7.90E-1   	160.00    	5751.24	23.1 	36.4 	0.000000E+0	0.000000E+0	0.000000E+0	0.000000E+0	0.000000E+0	0.000000E+0	0.000000E+0	0.000000E+0
160.0   	250     	1.158742E-1 	9.258101E-5	-8.36E-1   	160.00    	5753.16	23.1 	36.4 	0.000000E+0	0.000000E+0	0.000000E+0	0.000000E+0	0.000000E+0	0.000000E+0	0.000000E+0	0.000000E+0
160.0   	251     	1.072578E-1 	1.484369E-4	-6.71E-1   	160.00    	5755.08	23.1 	36.4 	0.000000E+0	0.000000E+0	0.000000E+0	0.000000E+0	0.000000E+0	0.000000E+0	0.000000E+0	0.000000E+0
160.0   	252     	1.076589E-1 	1.567132E-4	-8.63E-1   	160.00    	5757.00	23.1 	36.4 	0.000000E+0	0.000000E+0	0.000000E+0	0.000000E+0	0.000000E+0	0.000000E+0	0.000000E+0	0.000000E+0
160.0   	253     	9.098766E-2 	1.418839E-4	-5.89E-1   	160.00    	5758.93	23.1 	36.4 	0.000000E+0	0.000000E+0	0.000000E+0	0.000000E+0	0.000000E+0	0.000000E+0	0.000000E+0	0.000000E+0
160.0   	254     	1.083238E-1 	2.526614E-4	-8.75E-1   	160.00    	5760.86	23.1 	36.4 	0.000000E+0	0.000000E+0	0.000000E+0	0.000000E+0	0.000000E+0	0.000000E+0	0.000000E+0	0.000000E+0
160.0   	255     	1.085143E-1 	5.850960E-5	-7.25E-1   	160.00    	5762.78	23.1 	36.4 	0.000000E+0	0.000000E+0	0.000000E+0	0.000000E+0	0.000000E+0	0.000000E+0	0.000000E+0	0.000000E+0
160.0   	256     	1.140402E-1 	1.908571E-4	-1.01E+0   	160.00    	5764.70	23.1 	36.4 	0.000000E+0	0.000000E+0	0.000000E+0	0.000000E+0	0.000000E+0	0.000000E+0	0.000000E+0	0.000000E+0
160.0   	257     	3.005653E-3 	6.312315E-5	-7.32E-1   	160.00    	5766.62	23.1 	36.4 	0.000000E+0	0.000000E+0	0.000000E+0	0.000000E+0	0.000000E+0	0.000000E+0	0.000000E+0	0.000000E+0
160.0   	258     	1.957133E-3 	1.240224E-4	-6.80E-1   	160.00    	5768.55	23.1 	36.4 	0.000000E+0	0.000000E+0	0.000000E+0	0.000000E+0	0.000000E+0	0.000000E+0	0.000000E+0	0.000000E+0
160.0   	259     	1.494607E-3 	5.508873E-5	-7.31E-1   	160.00    	5770.47	23.1 	36.4 	0.000000E+0	0.000000E+0	0.000000E+0	0.000000E+0	0.000000E+0	0.000000E+0	0.000000E+0	0.000000E+0
160.0   	260     	2.130620E-3 	1.637140E-4	-4.29E-1   	160.00    	5772.39	23.1 	36.4 	0.000000E+0	0.000000E+0	0.000000E+0	0.000000E+0	0.000000E+0	0.000000E+0	0.000000E+0	0.000000E+0
160.0   	261     	2.369956E-3 	8.830143E-5	-6.63E-1   	160.00    	5774.30	23.1 	36.4 	0.000000E+0	0.000000E+0	0.000000E+0	0.000000E+0	0.000000E+0	0.000000E+0	0.000000E+0	0.000000E+0
160.0   	262     	1.626938E-3 	2.698885E-4	-7.00E-1   	160.00    	5776.22	23.1 	36.4 	0.000000E+0	0.000000E+0	0.000000E+0	0.000000E+0	0.000000E+0	0.000000E+0	0.000000E+0	0.000000E+0
160.0   	263     	1.253054E-3 	5.684964E-5	-6.61E-1   	160.00    	5778.14	23.1 	36.4 	0.000000E+0	0.000000E+0	0.000000E+0	0.000000E+0	0.000000E+0	0.000000E+0	0.000000E+0	0.000000E+0
160.0   	264     	-7.349786E-4	1.273564E-4	-5.04E-1   	160.00    	5780.06	23.1 	36.4 	0.000000E+0	0.000000E+0	0.000000E+0	0.000000E+0	0.000000E+0	0.000000E+0	0.000000E+0	0.000000E+0
180.0   	1       	1.079217E-1 	1.533449E-4	2.23E+2    	180.00    	5799.50	23.1 	36.4 	0.000000E+0	0.000000E+0	0.000000E+0	0.000000E+0	0.000000E+0	0.000000E+0	0.000000E+0	0.000000E+0
180.0   	2       	1.840121E+2 	3.282580E+0	1.60E+2    	180.00    	5801.47	23.1 	36.4 	0.000000E+0	0.000000E+0	0.000000E+0	0.000000E+0	0.000000E+0	0.000000E+0	0.000000E+0	0.000000E+0
180.0   	3       	3.501739E-3 	1.540494E-4	1.67E+2    	180.00    	5803.56	23.1 	36.4 	0.000000E+0	0.000000E+0	0.000000E+0	0.000000E+0	0.000000E+0	0.000000E+0	0.000000E+0	0.000000E+0
180.0   	4       	1.124396E-1 	1.727078E-4	1.49E+2    	180.00    	5805.56	23.1 	36.4 	0.000000E+0	0.000000E+0	0.000000E+0	0.000000E+0	0.000000E+0	0.000000E+0	0.000000E+0	0.000000E+0
180.0   	5       	1.234101E-1 	5.289905E-5	1.33E+2    	180.00    	5807.48	23.1 	36.4 	0.000000E+0	0.000000E+0	0.000000E+0	0.000000E+0	0.000000E+0	0.000000E+0	0.000000E+0	0.000000E+0
180.0   	6       	2.246224E-1 	1.859048E-4	1.24E+2    	180.00    	5809.40	23.1 	36.4 	0.000000E+0	0.000000E+0	0.000000E+0	0.000000E+0	0.000000E+0	0.000000E+0	0.000000E+0	0.000000E+0
180.0   	7       	1.065502E-1 	1.835278E-4	1.24E+2    	180.00    	5811.32	23.1 	36.4 	0.000000E+0	0.000000E+0	0.000000E+0	0.000000E+0	0.000000E+0	0.000000E+0	0.000000E+0	0.000000E+0
180.0   	8       	1.153056E-1 	1.216996E-4	1.18E+2    	180.00    	5813.24	23.1 	36.4 	0.000000E+0	0.000000E+0	0.000000E+0	0.000000E+0	0.000000E+0	0.000000E+0	0.000000E+0	0.000000E+0
180.0   	9       	1.052658E-1 	2.708376E-5	1.08E+2    	180.00    	5815.15	23.1 	36.4 	0.000000E+0	0.000000E+0	0.000000E+0	0.000000E+0	0.000000E+0	0.000000E+0	0.000000E+0	0.000000E+0
180.0   	10      	1.196440E-1 	1.226014E-4	6.08E+1    	180.00    	5817.07	23.1 	36.4 	0.000000E+0	0.000000E+0	0.000000E+0	0.000000E+0	0.000000E+0	0.000000E+0	0.000000E+0	0.000000E+0
180.0   	11      	1.069089E-1 	8.094037E-5	5.08E+1    	180.00    	5819.22	23.1 	36.4 	0.000000E+0	0.000000E+0	0.000000E+0	0.000000E+0	0.000000E+0	0.000000E+0	0.000000E+0	0.000000E+0
180.0   	12      	1.154784E-1 	4.345588E-5	4.88E+1    	180.00    	5821.13	23.1 	36.4 	0.000000E+0	0.000000E+0	0.000000E+0	0.000000E+0	0.000000E+0	0.000000E+0	0.000000E+0	0.000000E+0
180.0   	13      	1.344338E-1 	5.418087E-3	4.87E+1    	180.00    	5823.05	23.1 	36.4 	0.000000E+0	0.000000E+0	0.000000E+0	0.000000E+0	0.000000E+0	0.000000E+0	0.000000E+0	0.000000E+0
180.0   	14      	1.087615E-1 	4.132989E-4	4.40E+1    	180.00    	5824.97	23.1 	36.4 	0.000000E+0	0.000000E+0	0.000000E+0	0.000000E+0	0.000000E+0	0.000000E+0	0.000000E+0	0.000000E+0
180.0   	15      	2.579725E-1 	2.599623E-4	4.37E+1    	180.00    	5826.90	23.1 	36.4 	0.000000E+0	0.000000E+0	0.000000E+0	0.000000E+0	0.000000E+0	0.000000E+0	0.000000E+0	0.000000E+0
180.0   	16      	1.235643E-1 	2.995645E-4	4.45E+1    	180.00    	5828.82	23.1 	36.4 	0.000000E+0	0.000000E+0	0.000000E+0	0.000000E+0	0.000000E+0	0.000000E+0	0.000000E+0	0.000000E+0
180.0   	17      	2.281136E-2 	1.080559E-4	4.02E+1    	180.00    	5830.75	23.1 	36.4 	0.000000E+0	0.000000E+0	0.000000E+0	0.000000E+0	0.000000E+0	0.000000E+0	0.000000E+0	0.000000E+0
180.0   	18      	1.081125E-1 	1.972976E-4	4.24E+1    	180.00    	5832.67	23.1 	36.4 	0.000000E+0	0.000000E+0	0.000000E+0	0.000000E+0	0.000000E+0	0.000000E+0	0.000000E+0	0.000000E+0
180.0   	19      	2.897106E-1 	1.941690E-4	4.32E+1    	180.00    	5834.59	23.1 	36.4 	0.000000E+0	0.000000E+0	0.000000E+0	0.000000E+0	0.000000E+0	0.000000E+0	0.000000E+0	0.000000E+0
180.0   	20      	1.585285E-1 	4.653776E-5	3.77E+1    	180.00    	5836.52	23.1 	36.4 	0.000000E+0	0.000000E+0	0.000000E+0	0.000000E+0	0.000000E+0	0.000000E+0	0.000000E+0	0.000000E+0
180.0   	21      	2.399063E-2 	2.495978E-4	3.93E+1    	180.00    	5838.44	23.1 	36.4 	0.000000E+0	0.000000E+0	0.000000E+0	0.000000E+0	0.000000E+0	0.000000E+0	0.000000E+0	0.000000E+0
180.0   	22      	2.547982E-2 	8.290589E-5	3.65E+1    	180.00    	5840.37	23.1 	36.4 	0.000000E+0	0.000000E+0	0.000000E+0	0.000000E+0	0.000000E+0	0.000000E+0	0.000000E+0	0.000000E+0
180.0   	23      	2.881279E-2 	6.159342E-5	3.79E+1    	180.00    	5842.31	23.1 	36.4 	0.000000E+0	0.000000E+0	0.000000E+0	0.000000E+0	0.000000E+0	0.000000E+0	0.000000E+0	0.000000E+0
180.0   	24      	3.518179E-2 	1.520454E-4	3.51E+1    	180.00    	5844.23	23.1 	36.4 	0.000000E+0	0.000000E+0	0.000000E+0	0.000000E+0	0.000000E+0	0.000000E+0	0.000000E+0	0.000000E+0
180.0   	25      	3.442534E-1 	6.752890E-3	3.87E+1    	180.00    	5846.16	23.1 	36.4 	0.000000E+0	0.000000E+0	0.000000E+0	0.000000E+0	0.000000E+0	0.000000E+0	0.000000E+0	0.000000E+0
180.0   	26      	3.753589E-2 	2.303044E-3	3.62E+1    	180.00    	5848.09	23.1 	36.4 	0.000000E+0	0.000000E+0	0.000000E+0	0.000000E+0	0.000000E+0	0.000000E+0	0.000000E+0	0.000000E+0
180.0   	27      	2.426762E-2 	1.530706E-4	3.31E+1    	180.00    	5850.01	23.1 	36.4 	0.000000E+0	0.000000E+0	0.000000E+0	0.000000E+0	0.000000E+0	0.000000E+0	0.000000E+0	0.000000E+0
180.0   	28      	2.635676E-2 	2.426757E-4	3.32E+1    	180.00    	5851.93	23.1 	36.4 	0.000000E+0	0.000000E+0	0.000000E+0	0.000000E+0	0.000000E+0	0.000000E+0	0.000000E+0	0.000000E+0
180.0   	29      	3.282230E-2 	9.781649E-5	3.37E+1    	180.00    	5853.85	23.1 	36.4 	0.000000E+0	0.000000E+0	0.000000E+0	0.000000E+0	0.000000E+0	0.000000E+0	0.000000E+0	0.000000E+0
180.0   	30      	2.453165E-2 	9.991353E-5	3.44E+1    	180.00    	5855.77	23.1 	36.4 	0.000000E+0	0.000000E+0	0.000000E+0	0.000000E+0	0.000000E+0	0.000000E+0	0.000000E+0	0.000000E+0
180.0   	31      	2.271701E-2 	9.790837E-5	3.06E+1    	180.00    	5857.70	23.1 	36.4 	0.000000E+0	0.000000E+0	0.000000E+0	0.000000E+0	0.000000E+0	0.000000E+0	0.000000E+0	0.000000E+0
180.0   	32      	3.512701E-2 	3.013806E-4	3.26E+1    	180.00    	5859.62	23.1 	36.4 	0.000000E+0	0.000000E+0	0.000000E+0	0.000000E+0	0.000000E+0	0.000000E+0	0.000000E+0	0.000000E+0
180.0   	33      	2.465399E-1 	1.612577E-4	3.34E+1    	180.00    	5861.53	23.1 	36.4 	0.000000E+0	0.000000E+0	0.000000E+0	0.000000E+0	0.000000E+0	0.000000E+0	0.000000E+0	0.000000E+0
180.0   	34      	1.028198E-1 	1.226027E-4	3.31E+1    	180.00    	5863.46	23.1 	36.4 	0.000000E+0	0.000000E+0	0.000000E+0	0.000000E+0	0.000000E+0	0.000000E+0	0.000000E+0	0.000000E+0
180.0   	35      	1.409243E-1 	1.174457E-4	2.94E+1    	180.00    	5865.38	23.1 	36.4 	0.000000E+0	0.000000E+0	0.000000E+0	0.000000E+0	0.000000E+0	0.000000E+0	0.000000E+0	0.000000E+0
180.0   	36      	2.420779E-2 	1.472623E-4	2.91E+1    	180.00    	5867.30	23.1 	36.4 	0.000000E+0	0.000000E+0	0.000000E+0	0.000000E+0	0.000000E+0	0.000000E+0	0.000000E+0	0.000000E+0
180.0   	37      	2.325741E-2 	1.131987E-4	2.96E+1    	180.00    	5869.24	23.1 	36.4 	0.000000E+0	0.000000E+0	0.000000E+0	0.000000E+0	0.000000E+0	0.000000E+0	0.000000E+0	0.000000E+0
180.0   	38      	2.480804E-2 	6.983123E-5	3.26E+1    	180.00    	5871.18	23.1 	36.4 	0.000000E+0	0.000000E+0	0.000000E+0	0.000000E+0	0.000000E+0	0.000000E+0	0.000000E+0	0.000000E+0
180.0   	39      	2.586573E-2 	2.230591E-4	2.99E+1    	180.00    	5873.12	23.1 	36.4 	0.000000E+0	0.000000E+0	0.000000E+0	0.000000E+0	0.000000E+0	0.000000E+0	0.000000E+0	0.000000E+0
180.0   	40      	-2.115623E-2	1.659977E-4	2.89E+1    	180.00    	5875.06	23.1 	36.4 	0.000000E+0	0.000000E+0	0.000000E+0	0.000000E+0	0.000000E+0	0.000000E+0	0.000000E+0	0.000000E+0
180.0   	41      	2.126136E-2 	1.195323E-4	3.15E+1    	180.00    	5876.98	23.1 	36.4 	0.000000E+0	0.000000E+0	0.000000E+0	0.000000E+0	0.000000E+0	0.000000E+0	0.000000E+0	0.000000E+0
180.0   	42      	3.122799E-2 	1.477372E-4	2.97E+1    	180.00    	5878.91	23.1 	36.4 	0.000000E+0	0.000000E+0	0.000000E+0	0.000000E+0	0.000000E+0	0.000000E+0	0.000000E+0	0.000000E+0
180.0   	43      	2.352240E-2 	7.877565E-5	2.85E+1    	180.00    	5880.83	23.1 	36.4 	0.000000E+0	0.000000E+0	0.000000E+0	0.000000E+0	0.000000E+0	0.000000E+0	0.000000E+0	0.000000E+0
180.0   	44      	1.022151E-2 	6.604444E-5	3.02E+1    	180.00    	5882.75	23.1 	36.4 	0.000000E+0	0.000000E+0	0.000000E+0	0.000000E+0	0.000000E+0	0.000000E+0	0.000000E+0	0.000000E+0
180.0   	45      	-1.191327E-2	1.669815E-4	2.87E+1    	180.00    	5884.67	23.1 	36.4 	0.000000E+0	0.000000E+0	0.000000E+0	0.000000E+0	0.000000E+0	0.000000E+0	0.000000E+0	0.000000E+0
180.0   	46      	1.075854E-1 	2.000675E-5	2.78E+1    	180.00    	5886.60	23.1 	36.4 	0.000000E+0	0.000000E+0	0.000000E+0	0.000000E+0	0.000000E+0	0.000000E+0	0.000000E+0	0.000000E+0
180.0   	47      	6.880631E-2 	6.837634E-5	2.99E+1    	180.00    	5888.52	23.1 	36.4 	0.000000E+0	0.000000E+0	0.000000E+0	0.000000E+0	0.000000E+0	0.000000E+0	0.000000E+0	0.000000E+0
180.0   	48      	3.695339E-2 	5.340278E-4	2.93E+1    	180.00    	5890.44	23.1 	36.4 	0.000000E+0	0.000000E+0	0.000000E+0	0.000000E+0	0.000000E+0	0.000000E+0	0.000000E+0	0.000000E+0
180.0   	49      	2.387696E-2 	2.747629E-4	2.83E+1    	180.00    	5892.36	23.1 	36.4 	0.000000E+0	0.000000E+0	0.000000E+0	0.000000E+0	0.000000E+0	0.000000E+0	0.000000E+0	0.000000E+0
180.0   	50      	1.013155E-1 	1.522191E-4	2.69E+1    	180.00    	5894.28	23.1 	36.4 	0.000000E+0	0.000000E+0	0.000000E+0	0.000000E+0	0.000000E+0	0.000000E+0	0.000000E+0	0.000000E+0
180.0   	51      	1.319673E-1 	5.208464E-5	2.97E+1    	180.00    	5896.20	23.1 	36.3 	0.000000E+0	0.000000E+0	0.000000E+0	0.000000E+0	0.000000E+0	0.000000E+0	0.000000E+0	0.000000E+0
180.0   	52      	2.452025E-2 	1.618666E-4	2.80E+1    	180.00    	5898.12	23.1 	36.3 	0.000000E+0	0.000000E+0	0.000000E+0	0.000000E+0	0.000000E+0	0.000000E+0	0.000000E+0	0.000000E+0
180.0   	53      	2.482577E-2 	1.726945E-5	2.88E+1    	180.00    	5900.06	23.1 	36.3 	0.000000E+0	0.000000E+0	0.000000E+0	0.000000E+0	0.000000E+0	0.000000E+0	0.000000E+0	0.000000E+0
180.0   	54      	2.481373E-2 	2.056239E-4	2.60E+1    	180.00    	5901.98	23.1 	36.4 	0.000000E+0	0.000000E+0	0.000000E+0	0.000000E+0	0.000000E+0	0.000000E+0	0.000000E+0	0.000000E+0
180.0   	55      	2.369144E-2 	1.189983E-4	2.64E+1    	180.00    	5903.90	23.1 	36.4 	0.000000E+0	0.000000E+0	0.000000E+0	0.000000E+0	0.000000E+0	0.000000E+0	0.000000E+0	0.000000E+0
180.0   	56      	3.594380E-2 	1.264884E-4	2.63E+1    	180.00    	5905.82	23.1 	36.3 	0.000000E+0	0.000000E+0	0.000000E+0	0.000000E+0	0.000000E+0	0.000000E+0	0.000000E+0	0.000000E+0
180.0   	57      	5.954342E-2 	2.690363E-5	2.92E+1    	180.00    	5907.75	23.1 	36.4 	0.000000E+0	0.000000E+0	0.000000E+0	0.000000E+0	0.000000E+0	0.000000E+0	0.000000E+0	0.000000E+0
180.0   	58      	3.616415E-2 	1.037658E-4	2.69E+1    	180.00    	5909.68	23.1 	36.3 	0.000000E+0	0.000000E+0	0.000000E+0	0.000000E+0	0.000000E+0	0.000000E+0	0.000000E+0	0.000000E+0
180.0   	59      	2.238587E-2 	6.227660E-5	2.69E+1    	180.00    	5911.61	23.1 	36.3 	0.000000E+0	0.000000E+0	0.000000E+0	0.000000E+0	0.000000E+0	0.000000E+0	0.000000E+0	0.000000E+0
180.0   	60      	2.672460E-2 	8.899264E-4	2.77E+1    	180.00    	5913.54	23.1 	36.4 	0.000000E+0	0.000000E+0	0.000000E+0	0.000000E+0	0.000000E+0	0.000000E+0	0.000000E+0	0.000000E+0
180.0   	61      	4.349460E-1 	1.503837E-3	2.75E+1    	180.00    	5915.46	23.1 	36.3 	0.000000E+0	0.000000E+0	0.000000E+0	0.000000E+0	0.000000E+0	0.000000E+0	0.000000E+0	0.000000E+0
180.0   	62      	2.874631E-2 	3.088580E-3	2.94E+1    	180.00    	5917.39	23.1 	36.3 	0.000000E+0	0.000000E+0	0.000000E+0	0.000000E+0	0.000000E+0	0.000000E+0	0.000000E+0	0.000000E+0
180.0   	63      	2.755537E-1 	2.023476E-4	2.62E+1    	180.00    	5919.33	23.1 	36.3 	0.000000E+0	0.000000E+0	0.000000E+0	0.000000E+0	0.000000E+0	0.000000E+0	0.000000E+0	0.000000E+0
180.0   	64      	2.804445E-2 	3.267590E-5	2.54E+1    	180.00    	5921.25	23.1 	36.3 	0.000000E+0	0.000000E+0	0.000000E+0	0.000000E+0	0.000000E+0	0.000000E+0	0.000000E+0	0.000000E+0
180.0   	65      	2.128257E-2 	1.253094E-4	2.64E+1    	180.00    	5923.17	23.1 	36.3 	0.000000E+0	0.000000E+0	0.000000E+0	0.000000E+0	0.000000E+0	0.000000E+0	0.000000E+0	0.000000E+0
180.0   	66      	1.032127E-1 	1.141729E-4	2.63E+1    	180.00    	5925.09	23.1 	36.3 	0.000000E+0	0.000000E+0	0.000000E+0	0.000000E+0	0.000000E+0	0.000000E+0	0.000000E+0	0.000000E+0
180.0   	67      	1.269393E-1 	8.812050E-5	2.71E+1    	180.00    	5927.01	23.1 	36.3 	0.000000E+0	0.000000E+0	0.000000E+0	0.000000E+0	0.000000E+0	0.000000E+0	0.000000E+0	0.000000E+0
180.0   	68      	2.350022E-2 	1.847300E-4	2.55E+1    	180.00    	5928.93	23.1 	36.3 	0.000000E+0	0.000000E+0	0.000000E+0	0.000000E+0	0.000000E+0	0.000000E+0	0.000000E+0	0.000000E+0
180.0   	69      	2.386430E-2 	3.817618E-5	2.45E+1    	180.00    	5930.85	23.1 	36.3 	0.000000E+0	0.000000E+0	0.000000E+0	0.000000E+0	0.000000E+0	0.000000E+0	0.000000E+0	0.000000E+0
180.0   	70      	2.204806E-2 	2.824492E-5	2.72E+1    	180.00    	5932.77	23.1 	36.3 	0.000000E+0	0.000000E+0	0.000000E+0	0.000000E+0	0.000000E+0	0.000000E+0	0.000000E+0	0.000000E+0
180.0   	71      	2.228424E-2 	1.879127E-4	2.62E+1    	180.00    	5934.70	23.1 	36.3 	0.000000E+0	0.000000E+0	0.000000E+0	0.000000E+0	0.000000E+0	0.000000E+0	0.000000E+0	0.000000E+0
180.0   	72      	2.930254E-2 	9.695820E-6	2.43E+1    	180.00    	5936.62	23.1 	36.3 	0.000000E+0	0.000000E+0	0.000000E+0	0.000000E+0	0.000000E+0	0.000000E+0	0.000000E+0	0.000000E+0
180.0   	73      	3.927141E-2 	2.538669E-2	2.39E+1    	180.00    	5938.55	23.1 	36.3 	0.000000E+0	0.000000E+0	0.000000E+0	0.000000E+0	0.000000E+0	0.000000E+0	0.000000E+0	0.000000E+0
180.0   	74      	5.155984E-2 	6.216684E-3	2.60E+1    	180.00    	5940.47	23.1 	36.3 	0.000000E+0	0.000000E+0	0.000000E+0	0.000000E+0	0.000000E+0	0.000000E+0	0.000000E+0	0.000000E+0
180.0   	75      	2.204268E-2 	4.766993E-4	2.57E+1    	180.00    	5942.39	23.1 	36.3 	0.000000E+0	0.000000E+0	0.000000E+0	0.000000E+0	0.000000E+0	0.000000E+0	0.000000E+0	0.000000E+0
180.0   	76      	7.606482E-2 	4.556386E-5	2.58E+1    	180.00    	5944.29	23.1 	36.3 	0.000000E+0	0.000000E+0	0.000000E+0	0.000000E+0	0.000000E+0	0.000000E+0	0.000000E+0	0.000000E+0
180.0   	77      	1.221396E-3 	1.077426E-4	2.63E+1    	180.00    	5946.21	23.1 	36.3 	0.000000E+0	0.000000E+0	0.000000E+0	0.000000E+0	0.000000E+0	0.000000E+0	0.000000E+0	0.000000E+0
180.0   	78      	1.199235E-3 	2.139996E-4	2.37E+1    	180.00    	5948.13	23.1 	36.3 	0.000000E+0	0.000000E+0	0.000000E+0	0.000000E+0	0.000000E+0	0.000000E+0	0.000000E+0	0.000000E+0
180.0   	79      	2.771394E-2 	3.411894E-5	2.58E+1    	180.00    	5950.05	23.1 	36.3 	0.000000E+0	0.000000E+0	0.000000E+0	0.000000E+0	0.000000E+0	0.000000E+0	0.000000E+0	0.000000E+0
180.0   	80      	2.694242E-2 	9.743360E-5	2.61E+1    	180.00    	5951.97	23.1 	36.3 	0.000000E+0	0.000000E+0	0.000000E+0	0.000000E+0	0.000000E+0	0.000000E+0	0.000000E+0	0.000000E+0
180.0   	81      	2.195309E-2 	1.623605E-4	2.28E+1    	180.00    	5953.90	23.1 	36.3 	0.000000E+0	0.000000E+0	0.000000E+0	0.000000E+0	0.000000E+0	0.000000E+0	0.000000E+0	0.000000E+0
180.0   	82      	1.010195E-1 	1.060885E-4	2.25E+1    	180.00    	5955.83	23.1 	36.3 	0.000000E+0	0.000000E+0	0.000000E+0	0.000000E+0	0.000000E+0	0.000000E+0	0.000000E+0	0.000000E+0
180.0   	83      	1.237025E-1 	5.084044E-5	2.36E+1    	180.00    	5957.75	23.1 	36.3 	0.000000E+0	0.000000E+0	0.000000E+0	0.000000E+0	0.000000E+0	0.000000E+0	0.000000E+0	0.000000E+0
180.0   	84      	2.656030E-2 	1.125535E-4	2.26E+1    	180.00    	5959.67	23.1 	36.3 	0.000000E+0	0.000000E+0	0.000000E+0	0.000000E+0	0.000000E+0	0.000000E+0	0.000000E+0	0.000000E+0
180.0   	85      	2.355783E-2 	3.865658E-5	2.22E+1    	180.00    	5961.59	23.1 	36.3 	0.000000E+0	0.000000E+0	0.000000E+0	0.000000E+0	0.000000E+0	0.000000E+0	0.000000E+0	0.000000E+0
180.0   	86      	2.169887E-2 	2.161531E-4	2.24E+1    	180.00    	5963.51	23.1 	36.3 	0.000000E+0	0.000000E+0	0.000000E+0	0.000000E+0	0.000000E+0	0.000000E+0	0.000000E+0	0.000000E+0
180.0   	87      	2.202780E-2 	1.293794E-4	2.43E+1    	180.00    	5965.43	23.1 	36.3 	0.000000E+0	0.000000E+0	0.000000E+0	0.000000E+0	0.000000E+0	0.000000E+0	0.000000E+0	0.000000E+0
180.0   	88      	3.842990E-2 	1.382096E-4	2.41E+1    	180.00    	5967.35	23.1 	36.3 	0.000000E+0	0.000000E+0	0.000000E+0	0.000000E+0	0.000000E+0	0.000000E+0	0.000000E+0	0.000000E+0
180.0   	89      	2.079313E-2 	6.526395E-5	2.37E+1    	180.00    	5969.27	23.1 	36.3 	0.000000E+0	0.000000E+0	0.000000E+0	0.000000E+0	0.000000E+0	0.000000E+0	0.000000E+0	0.000000E+0
180.0   	90      	4.425755E-2 	1.472521E-4	2.23E+1    	180.00    	5971.19	23.1 	36.3 	0.000000E+0	0.000000E+0	0.000000E+0	0.000000E+0	0.000000E+0	0.000000E+0	0.000000E+0	0.000000E+0
180.0   	91      	2.297248E-2 	1.476233E-4	2.44E+1    	180.00    	5973.12	23.1 	36.3 	0.000000E+0	0.000000E+0	0.000000E+0	0.000000E+0	0.000000E+0	0.000000E+0	0.000000E+0	0.000000E+0
180.0   	92      	2.896665E-2 	2.022943E-4	2.40E+1    	180.00    	5975.05	23.1 	36.3 	0.000000E+0	0.000000E+0	0.000000E+0	0.000000E+0	0.000000E+0	0.000000E+0	0.000000E+0	0.000000E+0
180.0   	93      	2.754772E-2 	8.578680E-5	2.24E+1    	180.00    	5976.97	23.1 	36.3 	0.000000E+0	0.000000E+0	0.000000E+0	0.000000E+0	0.000000E+0	0.000000E+0	0.000000E+0	0.000000E+0
180.0   	94      	6.906209E-2 	4.693757E-5	2.24E+1    	180.00    	5978.89	23.1 	36.3 	0.000000E+0	0.000000E+0	0.000000E+0	0.000000E+0	0.000000E+0	0.000000E+0	0.000000E+0	0.000000E+0
180.0   	95      	2.999078E-2 	8.623433E-5	2.56E+1    	180.00    	5980.81	23.1 	36.3 	0.000000E+0	0.000000E+0	0.000000E+0	0.000000E+0	0.000000E+0	0.000000E+0	0.000000E+0	0.000000E+0
180.0   	96      	2.600755E-2 	1.845392E-4	2.50E+1    	180.00    	5982.73	23.1 	36.3 	0.000000E+0	0.000000E+0	0.000000E+0	0.000000E+0	0.000000E+0	0.000000E+0	0.000000E+0	0.000000E+0
180.0   	97      	2.327703E-2 	1.021952E-4	2.41E+1    	180.00    	5984.64	23.1 	36.3 	0.000000E+0	0.000000E+0	0.000000E+0	0.000000E+0	0.000000E+0	0.000000E+0	0.000000E+0	0.000000E+0
180.0   	98      	1.042524E-1 	1.160453E-4	2.37E+1    	180.00    	5986.56	23.1 	36.3 	0.000000E+0	0.000000E+0	0.000000E+0	0.000000E+0	0.000000E+0	0.000000E+0	0.000000E+0	0.000000E+0
180.0   	99      	1.496546E-1 	9.137565E-5	2.18E+1    	180.00    	5988.49	23.1 	36.3 	0.000000E+0	0.000000E+0	0.000000E+0	0.000000E+0	0.000000E+0	0.000000E+0	0.000000E+0	0.000000E+0
180.0   	100     	2.406437E-2 	8.368223E-5	2.15E+1    	180.00    	5990.41	23.1 	36.3 	0.000000E+0	0.000000E+0	0.000000E+0	0.000000E+0	0.000000E+0	0.000000E+0	0.000000E+0	0.000000E+0
180.0   	101     	3.315058E-2 	1.729499E-4	2.31E+1    	180.00    	5992.33	23.1 	36.3 	0.000000E+0	0.000000E+0	0.000000E+0	0.000000E+0	0.000000E+0	0.000000E+0	0.000000E+0	0.000000E+0
180.0   	102     	2.150164E-2 	1.348750E-4	2.38E+1    	180.00    	5994.27	23.1 	36.3 	0.000000E+0	0.000000E+0	0.000000E+0	0.000000E+0	0.000000E+0	0.000000E+0	0.000000E+0	0.000000E+0
180.0   	103     	1.693157E-1 	1.554144E-4	2.06E+1    	180.00    	5996.19	23.1 	36.3 	0.000000E+0	0.000000E+0	0.000000E+0	0.000000E+0	0.000000E+0	0.000000E+0	0.000000E+0	0.000000E+0
180.0   	104     	-2.701568E-2	1.196138E-4	2.45E+1    	180.00    	5998.11	23.1 	36.3 	0.000000E+0	0.000000E+0	0.000000E+0	0.000000E+0	0.000000E+0	0.000000E+0	0.000000E+0	0.000000E+0
180.0   	105     	5.500076E-2 	3.847598E-5	2.08E+1    	180.00    	6000.03	23.1 	36.3 	0.000000E+0	0.000000E+0	0.000000E+0	0.000000E+0	0.000000E+0	0.000000E+0	0.000000E+0	0.000000E+0
180.0   	106     	4.693297E-2 	2.217530E-4	2.22E+1    	180.00    	6001.95	23.1 	36.3 	0.000000E+0	0.000000E+0	0.000000E+0	0.000000E+0	0.000000E+0	0.000000E+0	0.000000E+0	0.000000E+0
180.0   	107     	2.271383E-2 	9.431117E-5	2.03E+1    	180.00    	6003.86	23.1 	36.3 	0.000000E+0	0.000000E+0	0.000000E+0	0.000000E+0	0.000000E+0	0.000000E+0	0.000000E+0	0.000000E+0
180.0   	108     	2.656315E-2 	1.092495E-4	2.15E+1    	180.00    	6005.79	23.1 	36.3 	0.000000E+0	0.000000E+0	0.000000E+0	0.000000E+0	0.000000E+0	0.000000E+0	0.000000E+0	0.000000E+0
180.0   	109     	2.739007E-2 	5.690568E-5	2.08E+1    	180.00    	6007.71	23.1 	36.3 	0.000000E+0	0.000000E+0	0.000000E+0	0.000000E+0	0.000000E+0	0.000000E+0	0.000000E+0	0.000000E+0
180.0   	110     	2.773197E-2 	1.255218E-4	2.34E+1    	180.00    	6009.63	23.1 	36.3 	0.000000E+0	0.000000E+0	0.000000E+0	0.000000E+0	0.000000E+0	0.000000E+0	0.000000E+0	0.000000E+0
180.0   	111     	2.552412E-2 	2.389508E-4	1.92E+1    	180.00    	6011.55	23.1 	36.3 	0.000000E+0	0.000000E+0	0.000000E+0	0.000000E+0	0.000000E+0	0.000000E+0	0.000000E+0	0.000000E+0
180.0   	112     	2.462250E-2 	1.661439E-4	2.03E+1    	180.00    	6013.47	23.1 	36.3 	0.000000E+0	0.000000E+0	0.000000E+0	0.000000E+0	0.000000E+0	0.000000E+0	0.000000E+0	0.000000E+0
180.0   	113     	2.329064E-2 	1.199285E-4	1.96E+1    	180.00    	6015.39	23.1 	36.3 	0.000000E+0	0.000000E+0	0.000000E+0	0.000000E+0	0.000000E+0	0.000000E+0	0.000000E+0	0.000000E+0
180.0   	114     	1.036819E-1 	1.688239E-4	1.95E+1    	180.00    	6017.31	23.1 	36.3 	0.000000E+0	0.000000E+0	0.000000E+0	0.000000E+0	0.000000E+0	0.000000E+0	0.000000E+0	0.000000E+0
180.0   	115     	2.723928E-1 	9.036135E-5	2.15E+1    	180.00    	6019.23	23.1 	36.3 	0.000000E+0	0.000000E+0	0.000000E+0	0.000000E+0	0.000000E+0	0.000000E+0	0.000000E+0	0.000000E+0
180.0   	116     	2.486628E-2 	5.468056E-5	1.96E+1    	180.00    	6021.15	23.1 	36.3 	0.000000E+0	0.000000E+0	0.000000E+0	0.000000E+0	0.000000E+0	0.000000E+0	0.000000E+0	0.000000E+0
180.0   	117     	2.341316E-2 	5.801508E-5	2.16E+1    	180.00    	6023.08	23.1 	36.3 	0.000000E+0	0.000000E+0	0.000000E+0	0.000000E+0	0.000000E+0	0.000000E+0	0.000000E+0	0.000000E+0
180.0   	118     	2.221205E-2 	4.736641E-5	1.95E+1    	180.00    	6025.01	23.1 	36.3 	0.000000E+0	0.000000E+0	0.000000E+0	0.000000E+0	0.000000E+0	0.000000E+0	0.000000E+0	0.000000E+0
180.0   	119     	2.268091E-2 	7.592353E-5	1.90E+1    	180.00    	6026.93	23.1 	36.3 	0.000000E+0	0.000000E+0	0.000000E+0	0.000000E+0	0.000000E+0	0.000000E+0	0.000000E+0	0.000000E+0
180.0   	120     	4.132601E-2 	2.046952E-4	2.17E+1    	180.00    	6028.85	23.1 	36.3 	0.000000E+0	0.000000E+0	0.000000E+0	0.000000E+0	0.000000E+0	0.000000E+0	0.000000E+0	0.000000E+0
180.0   	121     	2.269737E-2 	1.186844E-4	2.05E+1    	180.00    	6030.77	23.1 	36.3 	0.000000E+0	0.000000E+0	0.000000E+0	0.000000E+0	0.000000E+0	0.000000E+0	0.000000E+0	0.000000E+0
180.0   	122     	4.027368E-2 	1.263668E-4	1.93E+1    	180.00    	6032.69	23.1 	36.3 	0.000000E+0	0.000000E+0	0.000000E+0	0.000000E+0	0.000000E+0	0.000000E+0	0.000000E+0	0.000000E+0
180.0   	123     	1.674696E-1 	7.788307E-5	1.90E+1    	180.00    	6034.61	23.1 	36.3 	0.000000E+0	0.000000E+0	0.000000E+0	0.000000E+0	0.000000E+0	0.000000E+0	0.000000E+0	0.000000E+0
180.0   	124     	2.709184E-2 	8.134207E-5	2.24E+1    	180.00    	6036.54	23.1 	36.3 	0.000000E+0	0.000000E+0	0.000000E+0	0.000000E+0	0.000000E+0	0.000000E+0	0.000000E+0	0.000000E+0
180.0   	125     	2.324567E-2 	1.259187E-4	2.12E+1    	180.00    	6038.46	23.1 	36.3 	0.000000E+0	0.000000E+0	0.000000E+0	0.000000E+0	0.000000E+0	0.000000E+0	0.000000E+0	0.000000E+0
180.0   	126     	2.623327E-2 	9.654799E-5	1.90E+1    	180.00    	6040.40	23.1 	36.3 	0.000000E+0	0.000000E+0	0.000000E+0	0.000000E+0	0.000000E+0	0.000000E+0	0.000000E+0	0.000000E+0
180.0   	127     	2.592808E-2 	6.408027E-5	2.29E+1    	180.00    	6042.33	23.1 	36.3 	0.000000E+0	0.000000E+0	0.000000E+0	0.000000E+0	0.000000E+0	0.000000E+0	0.000000E+0	0.000000E+0
180.0   	128     	2.662804E-2 	2.296918E-4	2.15E+1    	180.00    	6044.25	23.1 	36.3 	0.000000E+0	0.000000E+0	0.000000E+0	0.000000E+0	0.000000E+0	0.000000E+0	0.000000E+0	0.000000E+0
180.0   	129     	2.253749E-2 	4.925775E-5	2.05E+1    	180.00    	6046.19	23.1 	36.3 	0.000000E+0	0.000000E+0	0.000000E+0	0.000000E+0	0.000000E+0	0.000000E+0	0.000000E+0	0.000000E+0
180.0   	130     	1.057884E-1 	1.587988E-4	1.83E+1    	180.00    	6048.12	23.1 	36.3 	0.000000E+0	0.000000E+0	0.000000E+0	0.000000E+0	0.000000E+0	0.000000E+0	0.000000E+0	0.000000E+0
180.0   	131     	1.579807E-1 	7.790424E-5	2.18E+1    	180.00    	6050.04	23.1 	36.3 	0.000000E+0	0.000000E+0	0.000000E+0	0.000000E+0	0.000000E+0	0.000000E+0	0.000000E+0	0.000000E+0
180.0   	132     	2.537683E-1 	1.543418E-4	1.94E+1    	180.00    	6051.96	23.1 	36.3 	0.000000E+0	0.000000E+0	0.000000E+0	0.000000E+0	0.000000E+0	0.000000E+0	0.000000E+0	0.000000E+0
180.0   	133     	2.377753E-2 	1.343354E-4	1.99E+1    	180.00    	6053.88	23.1 	36.3 	0.000000E+0	0.000000E+0	0.000000E+0	0.000000E+0	0.000000E+0	0.000000E+0	0.000000E+0	0.000000E+0
180.0   	134     	2.261125E-2 	6.535951E-5	2.08E+1    	180.00    	6055.80	23.1 	36.3 	0.000000E+0	0.000000E+0	0.000000E+0	0.000000E+0	0.000000E+0	0.000000E+0	0.000000E+0	0.000000E+0
180.0   	135     	2.298102E-2 	1.166991E-4	2.12E+1    	180.00    	6057.74	23.1 	36.3 	0.000000E+0	0.000000E+0	0.000000E+0	0.000000E+0	0.000000E+0	0.000000E+0	0.000000E+0	0.000000E+0
180.0   	136     	1.243683E-1 	1.718505E-4	2.06E+1    	180.00    	6059.66	23.1 	36.3 	0.000000E+0	0.000000E+0	0.000000E+0	0.000000E+0	0.000000E+0	0.000000E+0	0.000000E+0	0.000000E+0
180.0   	137     	9.078325E-3 	6.070003E-5	2.10E+1    	180.00    	6061.58	23.1 	36.3 	0.000000E+0	0.000000E+0	0.000000E+0	0.000000E+0	0.000000E+0	0.000000E+0	0.000000E+0	0.000000E+0
180.0   	138     	3.409684E-2 	1.018447E-4	1.94E+1    	180.00    	6063.50	23.1 	36.3 	0.000000E+0	0.000000E+0	0.000000E+0	0.000000E+0	0.000000E+0	0.000000E+0	0.000000E+0	0.000000E+0
180.0   	139     	2.246562E-2 	1.749641E-4	1.93E+1    	180.00    	6065.42	23.1 	36.3 	0.000000E+0	0.000000E+0	0.000000E+0	0.000000E+0	0.000000E+0	0.000000E+0	0.000000E+0	0.000000E+0
180.0   	140     	-8.396818E-3	5.730535E-5	2.11E+1    	180.00    	6067.35	23.1 	36.3 	0.000000E+0	0.000000E+0	0.000000E+0	0.000000E+0	0.000000E+0	0.000000E+0	0.000000E+0	0.000000E+0
180.0   	141     	4.056702E-3 	1.690975E-4	2.09E+1    	180.00    	6069.27	23.1 	36.3 	0.000000E+0	0.000000E+0	0.000000E+0	0.000000E+0	0.000000E+0	0.000000E+0	0.000000E+0	0.000000E+0
180.0   	142     	2.650330E-2 	9.715048E-5	2.02E+1    	180.00    	6071.20	23.1 	36.3 	0.000000E+0	0.000000E+0	0.000000E+0	0.000000E+0	0.000000E+0	0.000000E+0	0.000000E+0	0.000000E+0
180.0   	143     	8.915615E-2 	1.286454E-4	1.75E+1    	180.00    	6073.14	23.1 	36.3 	0.000000E+0	0.000000E+0	0.000000E+0	0.000000E+0	0.000000E+0	0.000000E+0	0.000000E+0	0.000000E+0
180.0   	144     	2.230417E-2 	1.032128E-4	1.87E+1    	180.00    	6075.06	23.1 	36.3 	0.000000E+0	0.000000E+0	0.000000E+0	0.000000E+0	0.000000E+0	0.000000E+0	0.000000E+0	0.000000E+0
180.0   	145     	2.347615E-2 	7.605298E-5	1.78E+1    	180.00    	6076.98	23.1 	36.3 	0.000000E+0	0.000000E+0	0.000000E+0	0.000000E+0	0.000000E+0	0.000000E+0	0.000000E+0	0.000000E+0
180.0   	146     	1.023414E-1 	7.070059E-5	2.18E+1    	180.00    	6078.90	23.1 	36.3 	0.000000E+0	0.000000E+0	0.000000E+0	0.000000E+0	0.000000E+0	0.000000E+0	0.000000E+0	0.000000E+0
180.0   	147     	1.428323E-1 	1.594289E-4	2.11E+1    	180.00    	6080.82	23.1 	36.3 	0.000000E+0	0.000000E+0	0.000000E+0	0.000000E+0	0.000000E+0	0.000000E+0	0.000000E+0	0.000000E+0
180.0   	148     	2.922718E-2 	8.784480E-5	2.06E+1    	180.00    	6082.74	23.1 	36.3 	0.000000E+0	0.000000E+0	0.000000E+0	0.000000E+0	0.000000E+0	0.000000E+0	0.000000E+0	0.000000E+0
180.0   	149     	2.261789E-2 	1.599503E-4	2.00E+1    	180.00    	6084.66	23.1 	36.3 	0.000000E+0	0.000000E+0	0.000000E+0	0.000000E+0	0.000000E+0	0.000000E+0	0.000000E+0	0.000000E+0
180.0   	150     	2.235355E-2 	1.008897E-4	1.85E+1    	180.00    	6086.58	23.1 	36.3 	0.000000E+0	0.000000E+0	0.000000E+0	0.000000E+0	0.000000E+0	0.000000E+0	0.000000E+0	0.000000E+0
180.0   	151     	5.877015E-1 	2.907530E-4	1.97E+1    	180.00    	6088.50	23.1 	36.3 	0.000000E+0	0.000000E+0	0.000000E+0	0.000000E+0	0.000000E+0	0.000000E+0	0.000000E+0	0.000000E+0
180.0   	152     	3.200075E-2 	1.578821E-5	1.99E+1    	180.00    	6090.44	23.1 	36.3 	0.000000E+0	0.000000E+0	0.000000E+0	0.000000E+0	0.000000E+0	0.000000E+0	0.000000E+0	0.000000E+0
180.0   	153     	2.241971E-2 	1.578823E-4	1.83E+1    	180.00    	6092.37	23.1 	36.3 	0.000000E+0	0.000000E+0	0.000000E+0	0.000000E+0	0.000000E+0	0.000000E+0	0.000000E+0	0.000000E+0
180.0   	154     	4.780768E-2 	8.945858E-5	2.07E+1    	180.00    	6094.29	23.1 	36.3 	0.000000E+0	0.000000E+0	0.000000E+0	0.000000E+0	0.000000E+0	0.000000E+0	0.000000E+0	0.000000E+0
180.0   	155     	2.203949E-2 	1.593711E-4	1.97E+1    	180.00    	6096.22	23.1 	36.3 	0.000000E+0	0.000000E+0	0.000000E+0	0.000000E+0	0.000000E+0	0.000000E+0	0.000000E+0	0.000000E+0
180.0   	156     	2.181377E-2 	1.227193E-4	1.75E+1    	180.00    	6098.15	23.1 	36.3 	0.000000E+0	0.000000E+0	0.000000E+0	0.000000E+0	0.000000E+0	0.000000E+0	0.000000E+0	0.000000E+0
180.0   	157     	2.655522E-2 	7.538763E-4	1.88E+1    	180.00    	6100.07	23.1 	36.3 	0.000000E+0	0.000000E+0	0.000000E+0	0.000000E+0	0.000000E+0	0.000000E+0	0.000000E+0	0.000000E+0
180.0   	158     	2.695032E-2 	1.326332E-4	2.11E+1    	180.00    	6102.00	23.1 	36.3 	0.000000E+0	0.000000E+0	0.000000E+0	0.000000E+0	0.000000E+0	0.000000E+0	0.000000E+0	0.000000E+0
180.0   	159     	2.186570E-2 	1.099757E-4	1.97E+1    	180.00    	6103.92	23.1 	36.3 	0.000000E+0	0.000000E+0	0.000000E+0	0.000000E+0	0.000000E+0	0.000000E+0	0.000000E+0	0.000000E+0
180.0   	160     	2.412324E-2 	1.651634E-5	1.90E+1    	180.00    	6105.86	23.1 	36.3 	0.000000E+0	0.000000E+0	0.000000E+0	0.000000E+0	0.000000E+0	0.000000E+0	0.000000E+0	0.000000E+0
180.0   	161     	2.374238E-2 	1.541337E-4	1.72E+1    	180.00    	6107.79	23.1 	36.3 	0.000000E+0	0.000000E+0	0.000000E+0	0.000000E+0	0.000000E+0	0.000000E+0	0.000000E+0	0.000000E+0
180.0   	162     	1.038576E-1 	7.387884E-5	1.98E+1    	180.00    	6109.71	23.1 	36.3 	0.000000E+0	0.000000E+0	0.000000E+0	0.000000E+0	0.000000E+0	0.000000E+0	0.000000E+0	0.000000E+0
180.0   	163     	1.499626E-1 	4.395620E-4	1.87E+1    	180.00    	6111.65	23.1 	36.3 	0.000000E+0	0.000000E+0	0.000000E+0	0.000000E+0	0.000000E+0	0.000000E+0	0.000000E+0	0.000000E+0
180.0   	164     	1.444585E-3 	1.066101E-4	1.85E+1    	180.00    	6113.58	23.1 	36.3 	0.000000E+0	0.000000E+0	0.000000E+0	0.000000E+0	0.000000E+0	0.000000E+0	0.000000E+0	0.000000E+0
180.0   	165     	2.702343E-2 	1.940518E-5	2.13E+1    	180.00    	6115.50	23.1 	36.3 	0.000000E+0	0.000000E+0	0.000000E+0	0.000000E+0	0.000000E+0	0.000000E+0	0.000000E+0	0.000000E+0
180.0   	166     	2.281290E-2 	1.901684E-4	1.80E+1    	180.00    	6117.42	23.1 	36.3 	0.000000E+0	0.000000E+0	0.000000E+0	0.000000E+0	0.000000E+0	0.000000E+0	0.000000E+0	0.000000E+0
180.0   	167     	2.217438E-1 	2.004346E-4	1.74E+1    	180.00    	6119.34	23.1 	36.3 	0.000000E+0	0.000000E+0	0.000000E+0	0.000000E+0	0.000000E+0	0.000000E+0	0.000000E+0	0.000000E+0
180.0   	168     	4.686744E-2 	3.235922E-5	1.72E+1    	180.00    	6121.27	23.1 	36.3 	0.000000E+0	0.000000E+0	0.000000E+0	0.000000E+0	0.000000E+0	0.000000E+0	0.000000E+0	0.000000E+0
180.0   	169     	2.434136E-2 	5.392894E-5	1.83E+1    	180.00    	6123.20	23.1 	36.3 	0.000000E+0	0.000000E+0	0.000000E+0	0.000000E+0	0.000000E+0	0.000000E+0	0.000000E+0	0.000000E+0
180.0   	170     	9.224532E-2 	9.848889E-5	1.66E+1    	180.00    	6125.11	23.1 	36.3 	0.000000E+0	0.000000E+0	0.000000E+0	0.000000E+0	0.000000E+0	0.000000E+0	0.000000E+0	0.000000E+0
180.0   	171     	4.382856E-2 	1.589135E-4	1.94E+1    	180.00    	6127.05	23.1 	36.3 	0.000000E+0	0.000000E+0	0.000000E+0	0.000000E+0	0.000000E+0	0.000000E+0	0.000000E+0	0.000000E+0
180.0   	172     	2.196510E-2 	1.022775E-4	1.74E+1    	180.00    	6128.98	23.1 	36.3 	0.000000E+0	0.000000E+0	0.000000E+0	0.000000E+0	0.000000E+0	0.000000E+0	0.000000E+0	0.000000E+0
180.0   	173     	4.211109E-2 	1.299238E-4	1.70E+1    	180.00    	6130.91	23.1 	36.3 	0.000000E+0	0.000000E+0	0.000000E+0	0.000000E+0	0.000000E+0	0.000000E+0	0.000000E+0	0.000000E+0
180.0   	174     	2.626397E-2 	1.761479E-4	1.93E+1    	180.00    	6132.85	23.1 	36.3 	0.000000E+0	0.000000E+0	0.000000E+0	0.000000E+0	0.000000E+0	0.000000E+0	0.000000E+0	0.000000E+0
180.0   	175     	2.571691E-2 	1.578651E-4	1.93E+1    	180.00    	6134.77	23.1 	36.3 	0.000000E+0	0.000000E+0	0.000000E+0	0.000000E+0	0.000000E+0	0.000000E+0	0.000000E+0	0.000000E+0
180.0   	176     	2.294650E-2 	1.317184E-4	1.68E+1    	180.00    	6136.69	23.1 	36.3 	0.000000E+0	0.000000E+0	0.000000E+0	0.000000E+0	0.000000E+0	0.000000E+0	0.000000E+0	0.000000E+0
180.0   	177     	2.987489E-2 	1.605273E-4	1.72E+1    	180.00    	6138.61	23.1 	36.3 	0.000000E+0	0.000000E+0	0.000000E+0	0.000000E+0	0.000000E+0	0.000000E+0	0.000000E+0	0.000000E+0
180.0   	178     	1.052205E-1 	8.871806E-5	1.97E+1    	180.00    	6140.52	23.1 	36.3 	0.000000E+0	0.000000E+0	0.000000E+0	0.000000E+0	0.000000E+0	0.000000E+0	0.000000E+0	0.000000E+0
180.0   	179     	1.430934E-1 	7.012862E-5	1.93E+1    	180.00    	6142.45	23.1 	36.3 	0.000000E+0	0.000000E+0	0.000000E+0	0.000000E+0	0.000000E+0	0.000000E+0	0.000000E+0	0.000000E+0
180.0   	180     	2.956971E-2 	1.268456E-4	1.73E+1    	180.00    	6144.39	23.1 	36.3 	0.000000E+0	0.000000E+0	0.000000E+0	0.000000E+0	0.000000E+0	0.000000E+0	0.000000E+0	0.000000E+0
180.0   	181     	1.011251E-1 	1.483880E-4	1.73E+1    	180.00    	6146.31	23.1 	36.3 	0.000000E+0	0.000000E+0	0.000000E+0	0.000000E+0	0.000000E+0	0.000000E+0	0.000000E+0	0.000000E+0
180.0   	182     	2.269038E-2 	3.898332E-5	1.75E+1    	180.00    	6148.24	23.1 	36.3 	0.000000E+0	0.000000E+0	0.000000E+0	0.000000E+0	0.000000E+0	0.000000E+0	0.000000E+0	0.000000E+0
180.0   	183     	2.212244E-2 	2.429691E-4	1.57E+1    	180.00    	6150.18	23.1 	36.3 	0.000000E+0	0.000000E+0	0.000000E+0	0.000000E+0	0.000000E+0	0.000000E+0	0.000000E+0	0.000000E+0
180.0   	184     	4.826830E-2 	7.413474E-5	1.86E+1    	180.00    	6152.10	23.1 	36.3 	0.000000E+0	0.000000E+0	0.000000E+0	0.000000E+0	0.000000E+0	0.000000E+0	0.000000E+0	0.000000E+0
180.0   	185     	2.331848E-2 	1.398809E-4	1.58E+1    	180.00    	6154.02	23.1 	36.3 	0.000000E+0	0.000000E+0	0.000000E+0	0.000000E+0	0.000000E+0	0.000000E+0	0.000000E+0	0.000000E+0
180.0   	186     	1.814489E-1 	7.766031E-5	1.90E+1    	180.00    	6155.95	23.1 	36.3 	0.000000E+0	0.000000E+0	0.000000E+0	0.000000E+0	0.000000E+0	0.000000E+0	0.000000E+0	0.000000E+0
180.0   	187     	3.603114E-2 	8.050129E-5	1.73E+1    	180.00    	6157.87	23.1 	36.3 	0.000000E+0	0.000000E+0	0.000000E+0	0.000000E+0	0.000000E+0	0.000000E+0	0.000000E+0	0.000000E+0
180.0   	188     	2.097894E-2 	5.381790E-5	1.69E+1    	180.00    	6159.81	23.1 	36.3 	0.000000E+0	0.000000E+0	0.000000E+0	0.000000E+0	0.000000E+0	0.000000E+0	0.000000E+0	0.000000E+0
180.0   	189     	2.712443E-2 	1.648865E-4	1.72E+1    	180.00    	6161.74	23.1 	36.3 	0.000000E+0	0.000000E+0	0.000000E+0	0.000000E+0	0.000000E+0	0.000000E+0	0.000000E+0	0.000000E+0
180.0   	190     	4.502079E-2 	1.533786E-4	1.70E+1    	180.00    	6163.66	23.1 	36.3 	0.000000E+0	0.000000E+0	0.000000E+0	0.000000E+0	0.000000E+0	0.000000E+0	0.000000E+0	0.000000E+0
180.0   	191     	2.530535E-2 	7.733933E-5	1.63E+1    	180.00    	6165.58	23.1 	36.3 	0.000000E+0	0.000000E+0	0.000000E+0	0.000000E+0	0.000000E+0	0.000000E+0	0.000000E+0	0.000000E+0
180.0   	192     	2.263277E-2 	1.346285E-4	1.67E+1    	180.00    	6167.51	23.1 	36.3 	0.000000E+0	0.000000E+0	0.000000E+0	0.000000E+0	0.000000E+0	0.000000E+0	0.000000E+0	0.000000E+0
180.0   	193     	2.815870E-2 	9.964209E-5	1.61E+1    	180.00    	6169.43	23.1 	36.3 	0.000000E+0	0.000000E+0	0.000000E+0	0.000000E+0	0.000000E+0	0.000000E+0	0.000000E+0	0.000000E+0
180.0   	194     	1.097196E-1 	1.793564E-4	1.77E+1    	180.00    	6171.36	23.1 	36.3 	0.000000E+0	0.000000E+0	0.000000E+0	0.000000E+0	0.000000E+0	0.000000E+0	0.000000E+0	0.000000E+0
180.0   	195     	1.162922E-1 	1.283260E-4	1.80E+1    	180.00    	6173.28	23.1 	36.3 	0.000000E+0	0.000000E+0	0.000000E+0	0.000000E+0	0.000000E+0	0.000000E+0	0.000000E+0	0.000000E+0
180.0   	196     	2.486560E-2 	1.102224E-4	1.80E+1    	180.00    	6175.20	23.1 	36.3 	0.000000E+0	0.000000E+0	0.000000E+0	0.000000E+0	0.000000E+0	0.000000E+0	0.000000E+0	0.000000E+0
180.0   	197     	2.270938E-2 	1.008739E-4	1.97E+1    	180.00    	6177.12	23.1 	36.3 	0.000000E+0	0.000000E+0	0.000000E+0	0.000000E+0	0.000000E+0	0.000000E+0	0.000000E+0	0.000000E+0
180.0   	198     	2.459367E-2 	9.220868E-5	1.96E+1    	180.00    	6179.04	23.1 	36.3 	0.000000E+0	0.000000E+0	0.000000E+0	0.000000E+0	0.000000E+0	0.000000E+0	0.000000E+0	0.000000E+0
180.0   	199     	4.903190E-2 	7.239664E-5	1.68E+1    	180.00    	6180.98	23.1 	36.3 	0.000000E+0	0.000000E+0	0.000000E+0	0.000000E+0	0.000000E+0	0.000000E+0	0.000000E+0	0.000000E+0
180.0   	200     	-2.507276E-2	9.468678E-5	1.62E+1    	180.00    	6182.90	23.1 	36.3 	0.000000E+0	0.000000E+0	0.000000E+0	0.000000E+0	0.000000E+0	0.000000E+0	0.000000E+0	0.000000E+0
180.0   	201     	2.135853E-2 	3.508205E-5	1.73E+1    	180.00    	6184.83	23.1 	36.3 	0.000000E+0	0.000000E+0	0.000000E+0	0.000000E+0	0.000000E+0	0.000000E+0	0.000000E+0	0.000000E+0
180.0   	202     	3.233314E-2 	1.157413E-4	1.61E+1    	180.00    	6186.77	23.1 	36.3 	0.000000E+0	0.000000E+0	0.000000E+0	0.000000E+0	0.000000E+0	0.000000E+0	0.000000E+0	0.000000E+0
180.0   	203     	2.467757E-2 	9.809692E-5	1.82E+1    	180.00    	6188.69	23.1 	36.3 	0.000000E+0	0.000000E+0	0.000000E+0	0.000000E+0	0.000000E+0	0.000000E+0	0.000000E+0	0.000000E+0
180.0   	204     	3.660023E-3 	1.988710E-4	1.65E+1    	180.00    	6190.61	23.1 	36.3 	0.000000E+0	0.000000E+0	0.000000E+0	0.000000E+0	0.000000E+0	0.000000E+0	0.000000E+0	0.000000E+0
180.0   	205     	1.781089E-1 	1.232052E-4	1.83E+1    	180.00    	6192.53	23.1 	36.3 	0.000000E+0	0.000000E+0	0.000000E+0	0.000000E+0	0.000000E+0	0.000000E+0	0.000000E+0	0.000000E+0
180.0   	206     	3.912541E-2 	1.764811E-4	1.53E+1    	180.00    	6194.45	23.1 	36.3 	0.000000E+0	0.000000E+0	0.000000E+0	0.000000E+0	0.000000E+0	0.000000E+0	0.000000E+0	0.000000E+0
180.0   	207     	2.518441E-2 	1.248272E-4	1.64E+1    	180.00    	6196.37	23.1 	36.3 	0.000000E+0	0.000000E+0	0.000000E+0	0.000000E+0	0.000000E+0	0.000000E+0	0.000000E+0	0.000000E+0
180.0   	208     	2.396463E-2 	1.329230E-4	1.50E+1    	180.00    	6198.29	23.1 	36.3 	0.000000E+0	0.000000E+0	0.000000E+0	0.000000E+0	0.000000E+0	0.000000E+0	0.000000E+0	0.000000E+0
180.0   	209     	8.122317E-2 	9.943288E-5	1.63E+1    	180.00    	6200.23	23.1 	36.3 	0.000000E+0	0.000000E+0	0.000000E+0	0.000000E+0	0.000000E+0	0.000000E+0	0.000000E+0	0.000000E+0
180.0   	210     	1.164188E-1 	4.670357E-5	1.48E+1    	180.00    	6202.16	23.1 	36.3 	0.000000E+0	0.000000E+0	0.000000E+0	0.000000E+0	0.000000E+0	0.000000E+0	0.000000E+0	0.000000E+0
180.0   	211     	1.834477E-1 	2.316959E-5	1.46E+1    	180.00    	6204.08	23.1 	36.3 	0.000000E+0	0.000000E+0	0.000000E+0	0.000000E+0	0.000000E+0	0.000000E+0	0.000000E+0	0.000000E+0
180.0   	212     	2.538228E-2 	8.321634E-5	1.63E+1    	180.00    	6206.01	23.1 	36.3 	0.000000E+0	0.000000E+0	0.000000E+0	0.000000E+0	0.000000E+0	0.000000E+0	0.000000E+0	0.000000E+0
180.0   	213     	2.430494E-2 	9.944968E-5	1.68E+1    	180.00    	6207.93	23.1 	36.3 	0.000000E+0	0.000000E+0	0.000000E+0	0.000000E+0	0.000000E+0	0.000000E+0	0.000000E+0	0.000000E+0
180.0   	214     	3.115790E-1 	1.556375E-4	1.87E+1    	180.00    	6209.86	23.1 	36.3 	0.000000E+0	0.000000E+0	0.000000E+0	0.000000E+0	0.000000E+0	0.000000E+0	0.000000E+0	0.000000E+0
180.0   	215     	2.077336E-1 	2.129794E-4	1.68E+1    	180.00    	6211.79	23.1 	36.3 	0.000000E+0	0.000000E+0	0.000000E+0	0.000000E+0	0.000000E+0	0.000000E+0	0.000000E+0	0.000000E+0
180.0   	216     	8.201967E-2 	1.343965E-4	1.70E+1    	180.00    	6213.71	23.1 	36.3 	0.000000E+0	0.000000E+0	0.000000E+0	0.000000E+0	0.000000E+0	0.000000E+0	0.000000E+0	0.000000E+0
180.0   	217     	1.607405E-1 	2.229125E-4	1.60E+1    	180.00    	6215.63	23.1 	36.3 	0.000000E+0	0.000000E+0	0.000000E+0	0.000000E+0	0.000000E+0	0.000000E+0	0.000000E+0	0.000000E+0
180.0   	218     	2.721431E-2 	8.229724E-5	1.60E+1    	180.00    	6217.55	23.1 	36.3 	0.000000E+0	0.000000E+0	0.000000E+0	0.000000E+0	0.000000E+0	0.000000E+0	0.000000E+0	0.000000E+0
180.0   	219     	2.167351E-2 	1.466500E-4	1.92E+1    	180.00    	6219.47	23.1 	36.3 	0.000000E+0	0.000000E+0	0.000000E+0	0.000000E+0	0.000000E+0	0.000000E+0	0.000000E+0	0.000000E+0
180.0   	220     	6.101986E-2 	9.154985E-5	1.55E+1    	180.00    	6221.39	23.1 	36.3 	0.000000E+0	0.000000E+0	0.000000E+0	0.000000E+0	0.000000E+0	0.000000E+0	0.000000E+0	0.000000E+0
180.0   	221     	2.205119E-2 	3.520910E-5	1.76E+1    	180.00    	6223.31	23.1 	36.3 	0.000000E+0	0.000000E+0	0.000000E+0	0.000000E+0	0.000000E+0	0.000000E+0	0.000000E+0	0.000000E+0
180.0   	222     	3.074610E-2 	2.079466E-4	1.59E+1    	180.00    	6225.24	23.1 	36.3 	0.000000E+0	0.000000E+0	0.000000E+0	0.000000E+0	0.000000E+0	0.000000E+0	0.000000E+0	0.000000E+0
180.0   	223     	1.665204E-1 	3.862309E-5	1.77E+1    	180.00    	6227.16	23.1 	36.3 	0.000000E+0	0.000000E+0	0.000000E+0	0.000000E+0	0.000000E+0	0.000000E+0	0.000000E+0	0.000000E+0
180.0   	224     	2.794942E-2 	3.217003E-5	1.86E+1    	180.00    	6229.08	23.1 	36.3 	0.000000E+0	0.000000E+0	0.000000E+0	0.000000E+0	0.000000E+0	0.000000E+0	0.000000E+0	0.000000E+0
180.0   	225     	4.473365E-2 	8.790089E-5	1.80E+1    	180.00    	6231.00	23.1 	36.3 	0.000000E+0	0.000000E+0	0.000000E+0	0.000000E+0	0.000000E+0	0.000000E+0	0.000000E+0	0.000000E+0
180.0   	226     	1.242795E-1 	8.972092E-5	1.56E+1    	180.00    	6232.92	23.1 	36.3 	0.000000E+0	0.000000E+0	0.000000E+0	0.000000E+0	0.000000E+0	0.000000E+0	0.000000E+0	0.000000E+0
180.0   	227     	3.133023E-1 	7.282814E-4	1.63E+1    	180.00    	6234.84	23.1 	36.3 	0.000000E+0	0.000000E+0	0.000000E+0	0.000000E+0	0.000000E+0	0.000000E+0	0.000000E+0	0.000000E+0
180.0   	228     	2.761036E-2 	2.352271E-5	1.50E+1    	180.00    	6236.75	23.1 	36.3 	0.000000E+0	0.000000E+0	0.000000E+0	0.000000E+0	0.000000E+0	0.000000E+0	0.000000E+0	0.000000E+0
180.0   	229     	2.637728E-2 	1.146455E-4	1.81E+1    	180.00    	6238.67	23.1 	36.3 	0.000000E+0	0.000000E+0	0.000000E+0	0.000000E+0	0.000000E+0	0.000000E+0	0.000000E+0	0.000000E+0
180.0   	230     	2.868359E-2 	1.100776E-4	1.45E+1    	180.00    	6240.60	23.1 	36.3 	0.000000E+0	0.000000E+0	0.000000E+0	0.000000E+0	0.000000E+0	0.000000E+0	0.000000E+0	0.000000E+0
180.0   	231     	2.719977E-2 	5.425225E-5	1.51E+1    	180.00    	6242.52	23.1 	36.3 	0.000000E+0	0.000000E+0	0.000000E+0	0.000000E+0	0.000000E+0	0.000000E+0	0.000000E+0	0.000000E+0
180.0   	232     	-1.191040E-2	8.444731E-5	1.66E+1    	180.00    	6244.44	23.1 	36.3 	0.000000E+0	0.000000E+0	0.000000E+0	0.000000E+0	0.000000E+0	0.000000E+0	0.000000E+0	0.000000E+0
180.0   	233     	1.081250E-1 	1.080411E-4	1.49E+1    	180.00    	6246.38	23.1 	36.3 	0.000000E+0	0.000000E+0	0.000000E+0	0.000000E+0	0.000000E+0	0.000000E+0	0.000000E+0	0.000000E+0
180.0   	234     	2.971247E-2 	1.056402E-4	1.62E+1    	180.00    	6248.31	23.1 	36.3 	0.000000E+0	0.000000E+0	0.000000E+0	0.000000E+0	0.000000E+0	0.000000E+0	0.000000E+0	0.000000E+0
180.0   	235     	2.628642E-2 	7.125074E-5	1.49E+1    	180.00    	6250.23	23.1 	36.3 	0.000000E+0	0.000000E+0	0.000000E+0	0.000000E+0	0.000000E+0	0.000000E+0	0.000000E+0	0.000000E+0
180.0   	236     	1.982618E-1 	2.225496E-4	1.58E+1    	180.00    	6252.16	23.1 	36.3 	0.000000E+0	0.000000E+0	0.000000E+0	0.000000E+0	0.000000E+0	0.000000E+0	0.000000E+0	0.000000E+0
180.0   	237     	1.668324E-2 	7.593154E-5	1.52E+1    	180.00    	6254.08	23.1 	36.3 	0.000000E+0	0.000000E+0	0.000000E+0	0.000000E+0	0.000000E+0	0.000000E+0	0.000000E+0	0.000000E+0
180.0   	238     	2.899605E-2 	7.343348E-4	1.57E+1    	180.00    	6256.00	23.1 	36.3 	0.000000E+0	0.000000E+0	0.000000E+0	0.000000E+0	0.000000E+0	0.000000E+0	0.000000E+0	0.000000E+0
180.0   	239     	2.597491E-2 	8.762103E-5	1.41E+1    	180.00    	6257.92	23.1 	36.3 	0.000000E+0	0.000000E+0	0.000000E+0	0.000000E+0	0.000000E+0	0.000000E+0	0.000000E+0	0.000000E+0
180.0   	240     	3.010186E-2 	2.384295E-4	1.44E+1    	180.00    	6259.84	23.1 	36.3 	0.000000E+0	0.000000E+0	0.000000E+0	0.000000E+0	0.000000E+0	0.000000E+0	0.000000E+0	0.000000E+0
180.0   	241     	1.352104E-1 	1.237585E-4	1.52E+1    	180.00    	6261.76	23.1 	36.3 	0.000000E+0	0.000000E+0	0.000000E+0	0.000000E+0	0.000000E+0	0.000000E+0	0.000000E+0	0.000000E+0
180.0   	242     	2.512521E-1 	1.612705E-4	1.54E+1    	180.00    	6263.68	23.1 	36.3 	0.000000E+0	0.000000E+0	0.000000E+0	0.000000E+0	0.000000E+0	0.000000E+0	0.000000E+0	0.000000E+0
180.0   	243     	2.241407E-1 	1.139079E-4	1.50E+1    	180.00    	6265.60	23.1 	36.3 	0.000000E+0	0.000000E+0	0.000000E+0	0.000000E+0	0.000000E+0	0.000000E+0	0.000000E+0	0.000000E+0
180.0   	244     	4.218102E-1 	1.071112E-4	1.80E+1    	180.00    	6267.52	23.1 	36.3 	0.000000E+0	0.000000E+0	0.000000E+0	0.000000E+0	0.000000E+0	0.000000E+0	0.000000E+0	0.000000E+0
180.0   	245     	1.139380E-1 	6.990854E-5	1.59E+1    	180.00    	6269.44	23.1 	36.3 	0.000000E+0	0.000000E+0	0.000000E+0	0.000000E+0	0.000000E+0	0.000000E+0	0.000000E+0	0.000000E+0
180.0   	246     	1.148070E-1 	6.234536E-5	1.74E+1    	180.00    	6271.36	23.1 	36.2 	0.000000E+0	0.000000E+0	0.000000E+0	0.000000E+0	0.000000E+0	0.000000E+0	0.000000E+0	0.000000E+0
180.0   	247     	1.134499E-1 	2.789271E-5	1.58E+1    	180.00    	6273.29	23.1 	36.2 	0.000000E+0	0.000000E+0	0.000000E+0	0.000000E+0	0.000000E+0	0.000000E+0	0.000000E+0	0.000000E+0
180.0   	248     	1.117071E-1 	7.469286E-5	1.71E+1    	180.00    	6275.21	23.1 	36.3 	0.000000E+0	0.000000E+0	0.000000E+0	0.000000E+0	0.000000E+0	0.000000E+0	0.000000E+0	0.000000E+0
180.0   	249     	1.369973E-1 	7.043538E-5	1.77E+1    	180.00    	6277.13	23.1 	36.3 	0.000000E+0	0.000000E+0	0.000000E+0	0.000000E+0	0.000000E+0	0.000000E+0	0.000000E+0	0.000000E+0
180.0   	250     	1.182844E-1 	1.413179E-4	1.50E+1    	180.00    	6279.05	23.1 	36.2 	0.000000E+0	0.000000E+0	0.000000E+0	0.000000E+0	0.000000E+0	0.000000E+0	0.000000E+0	0.000000E+0
180.0   	251     	1.095278E-1 	1.567227E-4	1.74E+1    	180.00    	6280.97	23.1 	36.3 	0.000000E+0	0.000000E+0	0.000000E+0	0.000000E+0	0.000000E+0	0.000000E+0	0.000000E+0	0.000000E+0
180.0   	252     	1.101023E-1 	1.141898E-4	1.73E+1    	180.00    	6282.89	23.1 	36.3 	0.000000E+0	0.000000E+0	0.000000E+0	0.000000E+0	0.000000E+0	0.000000E+0	0.000000E+0	0.000000E+0
180.0   	253     	9.342767E-2 	9.155332E-6	1.75E+1    	180.00    	6284.81	23.1 	36.3 	0.000000E+0	0.000000E+0	0.000000E+0	0.000000E+0	0.000000E+0	0.000000E+0	0.000000E+0	0.000000E+0
180.0   	254     	1.106839E-1 	5.902313E-5	1.41E+1    	180.00    	6286.73	23.1 	36.3 	0.000000E+0	0.000000E+0	0.000000E+0	0.000000E+0	0.000000E+0	0.000000E+0	0.000000E+0	0.000000E+0
180.0   	255     	1.108520E-1 	1.747812E-4	1.48E+1    	180.00    	6288.65	23.1 	36.3 	0.000000E+0	0.000000E+0	0.000000E+0	0.000000E+0	0.000000E+0	0.000000E+0	0.000000E+0	0.000000E+0
180.0   	256     	1.163820E-1 	2.810270E-4	1.67E+1    	180.00    	6290.57	23.1 	36.3 	0.000000E+0	0.000000E+0	0.000000E+0	0.000000E+0	0.000000E+0	0.000000E+0	0.000000E+0	0.000000E+0
180.0   	257     	3.162988E-3 	1.708668E-4	1.74E+1    	180.00    	6292.49	23.1 	36.3 	0.000000E+0	0.000000E+0	0.000000E+0	0.000000E+0	0.000000E+0	0.000000E+0	0.000000E+0	0.000000E+0
180.0   	258     	1.978023E-3 	1.358172E-4	1.61E+1    	180.00    	6294.41	23.1 	36.3 	0.000000E+0	0.000000E+0	0.000000E+0	0.000000E+0	0.000000E+0	0.000000E+0	0.000000E+0	0.000000E+0
180.0   	259     	1.581663E-3 	1.254569E-4	1.42E+1    	180.00    	6296.33	23.1 	36.3 	0.000000E+0	0.000000E+0	0.000000E+0	0.000000E+0	0.000000E+0	0.000000E+0	0.000000E+0	0.000000E+0
180.0   	260     	2.091043E-3 	1.052470E-4	1.42E+1    	180.00    	6298.25	23.1 	36.3 	0.000000E+0	0.000000E+0	0.000000E+0	0.000000E+0	0.000000E+0	0.000000E+0	0.000000E+0	0.000000E+0
180.0   	261     	2.538689E-3 	1.180232E-4	1.40E+1    	180.00    	6300.16	23.1 	36.3 	0.000000E+0	0.000000E+0	0.000000E+0	0.000000E+0	0.000000E+0	0.000000E+0	0.000000E+0	0.000000E+0
180.0   	262     	1.755783E-3 	2.374863E-4	1.50E+1    	180.00    	6302.08	23.1 	36.3 	0.000000E+0	0.000000E+0	0.000000E+0	0.000000E+0	0.000000E+0	0.000000E+0	0.000000E+0	0.000000E+0
180.0   	263     	1.334096E-3 	5.600573E-5	1.63E+1    	180.00    	6304.01	23.1 	36.3 	0.000000E+0	0.000000E+0	0.000000E+0	0.000000E+0	0.000000E+0	0.000000E+0	0.000000E+0	0.000000E+0
180.0   	264     	-8.369026E-4	5.531947E-4	1.59E+1    	180.00    	6305.93	23.1 	36.3 	0.000000E+0	0.000000E+0	0.000000E+0	0.000000E+0	0.000000E+0	0.000000E+0	0.000000E+0	0.000000E+0
200.0   	1       	1.113867E-1 	1.495444E-3	6.83E+3    	200.00    	6324.90	23.1 	36.3 	0.000000E+0	0.000000E+0	0.000000E+0	0.000000E+0	0.000000E+0	0.000000E+0	0.000000E+0	0.000000E+0
200.0   	2       	4.227511E+3 	9.741639E+1	5.34E+3    	200.00    	6327.05	23.1 	36.3 	0.000000E+0	0.000000E+0	0.000000E+0	0.000000E+0	0.000000E+0	0.000000E+0	0.000000E+0	0.000000E+0
200.0   	3       	2.977787E-3 	9.194879E-5	5.27E+3    	200.00    	6329.20	23.1 	36.3 	0.000000E+0	0.000000E+0	0.000000E+0	0.000000E+0	0.000000E+0	0.000000E+0	0.000000E+0	0.000000E+0
200.0   	4       	1.148266E-1 	4.803356E-5	3.88E+3    	200.00    	6331.20	23.1 	36.3 	0.000000E+0	0.000000E+0	0.000000E+0	0.000000E+0	0.000000E+0	0.000000E+0	0.000000E+0	0.000000E+0
200.0   	5       	1.275111E-1 	1.169447E-4	3.10E+3    	200.00    	6333.12	23.1 	36.3 	0.000000E+0	0.000000E+0	0.000000E+0	0.000000E+0	0.000000E+0	0.000000E+0	0.000000E+0	0.000000E+0
200.0   	6       	2.427734E-1 	9.288726E-5	2.57E+3    	200.00    	6335.04	23.1 	36.3 	0.000000E+0	0.000000E+0	0.000000E+0	0.000000E+0	0.000000E+0	0.000000E+0	0.000000E+0	0.000000E+0
200.0   	7       	1.089575E-1 	6.602313E-5	2.22E+3    	200.00    	6336.96	23.1 	36.3 	0.000000E+0	0.000000E+0	0.000000E+0	0.000000E+0	0.000000E+0	0.000000E+0	0.000000E+0	0.000000E+0
200.0   	8       	1.177740E-1 	9.912583E-5	1.94E+3    	200.00    	6338.88	23.1 	36.2 	0.000000E+0	0.000000E+0	0.000000E+0	0.000000E+0	0.000000E+0	0.000000E+0	0.000000E+0	0.000000E+0
200.0   	9       	1.076775E-1 	1.160669E-4	1.73E+3    	200.00    	6340.89	23.1 	36.2 	0.000000E+0	0.000000E+0	0.000000E+0	0.000000E+0	0.000000E+0	0.000000E+0	0.000000E+0	0.000000E+0
200.0   	10      	1.219757E-1 	1.073288E-4	1.57E+3    	200.00    	6342.81	23.1 	36.2 	0.000000E+0	0.000000E+0	0.000000E+0	0.000000E+0	0.000000E+0	0.000000E+0	0.000000E+0	0.000000E+0
200.0   	11      	1.105585E-1 	2.675865E-3	1.43E+3    	200.00    	6344.75	23.1 	36.2 	0.000000E+0	0.000000E+0	0.000000E+0	0.000000E+0	0.000000E+0	0.000000E+0	0.000000E+0	0.000000E+0
200.0   	12      	1.186130E-1 	1.067762E-3	1.33E+3    	200.00    	6346.68	23.1 	36.2 	0.000000E+0	0.000000E+0	0.000000E+0	0.000000E+0	0.000000E+0	0.000000E+0	0.000000E+0	0.000000E+0
200.0   	13      	1.367237E-1 	5.614489E-3	1.24E+3    	200.00    	6348.59	23.1 	36.2 	0.000000E+0	0.000000E+0	0.000000E+0	0.000000E+0	0.000000E+0	0.000000E+0	0.000000E+0	0.000000E+0
200.0   	14      	1.105990E-1 	9.400000E-5	1.16E+3    	200.00    	6350.52	23.1 	36.2 	0.000000E+0	0.000000E+0	0.000000E+0	0.000000E+0	0.000000E+0	0.000000E+0	0.000000E+0	0.000000E+0
200.0   	15      	2.765943E-1 	1.373754E-4	1.11E+3    	200.00    	6352.44	23.1 	36.2 	0.000000E+0	0.000000E+0	0.000000E+0	0.000000E+0	0.000000E+0	0.000000E+0	0.000000E+0	0.000000E+0
200.0   	16      	1.261998E-1 	1.719146E-4	1.05E+3    	200.00    	6354.36	23.1 	36.2 	0.000000E+0	0.000000E+0	0.000000E+0	0.000000E+0	0.000000E+0	0.000000E+0	0.000000E+0	0.000000E+0
200.0   	17      	2.278721E-2 	2.405431E-4	1.01E+3    	200.00    	6356.28	23.1 	36.2 	0.000000E+0	0.000000E+0	0.000000E+0	0.000000E+0	0.000000E+0	0.000000E+0	0.000000E+0	0.000000E+0
200.0   	18      	1.097284E-1 	2.381662E-4	9.15E+2    	200.00    	6358.21	23.1 	36.2 	0.000000E+0	0.000000E+0	0.000000E+0	0.000000E+0	0.000000E+0	0.000000E+0	0.000000E+0	0.000000E+0
200.0   	19      	2.291224E+2 	3.878681E+0	8.95E+2    	200.00    	6360.33	23.1 	36.2 	0.000000E+0	0.000000E+0	0.000000E+0	0.000000E+0	0.000000E+0	0.000000E+0	0.000000E+0	0.000000E+0
200.0   	20      	1.729491E-1 	1.611886E-4	8.71E+2    	200.00    	6362.34	23.1 	36.2 	0.000000E+0	0.000000E+0	0.000000E+0	0.000000E+0	0.000000E+0	0.000000E+0	0.000000E+0	0.000000E+0
200.0   	21      	2.426788E-2 	1.653396E-4	8.41E+2    	200.00    	6364.34	23.1 	36.2 	0.000000E+0	0.000000E+0	0.000000E+0	0.000000E+0	0.000000E+0	0.000000E+0	0.000000E+0	0.000000E+0
200.0   	22      	2.577608E-2 	1.160910E-4	8.23E+2    	200.00    	6366.27	23.1 	36.2 	0.000000E+0	0.000000E+0	0.000000E+0	0.000000E+0	0.000000E+0	0.000000E+0	0.000000E+0	0.000000E+0
200.0   	23      	2.932938E-2 	1.068253E-4	8.02E+2    	200.00    	6368.19	23.1 	36.2 	0.000000E+0	0.000000E+0	0.000000E+0	0.000000E+0	0.000000E+0	0.000000E+0	0.000000E+0	0.000000E+0
200.0   	24      	3.579870E-2 	1.761917E-4	7.88E+2    	200.00    	6370.12	23.1 	36.2 	0.000000E+0	0.000000E+0	0.000000E+0	0.000000E+0	0.000000E+0	0.000000E+0	0.000000E+0	0.000000E+0
200.0   	25      	3.721686E-1 	6.954768E-3	7.61E+2    	200.00    	6372.05	23.1 	36.2 	0.000000E+0	0.000000E+0	0.000000E+0	0.000000E+0	0.000000E+0	0.000000E+0	0.000000E+0	0.000000E+0
200.0   	26      	3.742469E-2 	2.314901E-3	7.52E+2    	200.00    	6373.97	23.1 	36.2 	0.000000E+0	0.000000E+0	0.000000E+0	0.000000E+0	0.000000E+0	0.000000E+0	0.000000E+0	0.000000E+0
200.0   	27      	3.099521E-2 	1.129378E-2	7.29E+2    	200.00    	6375.90	23.1 	36.2 	0.000000E+0	0.000000E+0	0.000000E+0	0.000000E+0	0.000000E+0	0.000000E+0	0.000000E+0	0.000000E+0
200.0   	28      	2.684674E-2 	6.556230E-4	7.30E+2    	200.00    	6377.83	23.1 	36.2 	0.000000E+0	0.000000E+0	0.000000E+0	0.000000E+0	0.000000E+0	0.000000E+0	0.000000E+0	0.000000E+0
200.0   	29      	3.223465E-2 	7.398177E-5	7.10E+2    	200.00    	6379.77	23.1 	36.2 	0.000000E+0	0.000000E+0	0.000000E+0	0.000000E+0	0.000000E+0	0.000000E+0	0.000000E+0	0.000000E+0
200.0   	30      	2.465980E-2 	4.098880E-5	6.99E+2    	200.00    	6381.69	23.1 	36.2 	0.000000E+0	0.000000E+0	0.000000E+0	0.000000E+0	0.000000E+0	0.000000E+0	0.000000E+0	0.000000E+0
200.0   	31      	2.288979E-2 	2.873235E-4	7.04E+2    	200.00    	6383.62	23.1 	36.2 	0.000000E+0	0.000000E+0	0.000000E+0	0.000000E+0	0.000000E+0	0.000000E+0	0.000000E+0	0.000000E+0
200.0   	32      	3.578477E-2 	1.569516E-4	6.88E+2    	200.00    	6385.54	23.1 	36.2 	0.000000E+0	0.000000E+0	0.000000E+0	0.000000E+0	0.000000E+0	0.000000E+0	0.000000E+0	0.000000E+0
200.0   	33      	2.657646E-1 	5.021912E-5	6.76E+2    	200.00    	6387.47	23.1 	36.2 	0.000000E+0	0.000000E+0	0.000000E+0	0.000000E+0	0.000000E+0	0.000000E+0	0.000000E+0	0.000000E+0
200.0   	34      	1.047944E-1 	5.371434E-5	6.65E+2    	200.00    	6389.40	23.1 	36.2 	0.000000E+0	0.000000E+0	0.000000E+0	0.000000E+0	0.000000E+0	0.000000E+0	0.000000E+0	0.000000E+0
200.0   	35      	1.444114E-1 	2.934792E-4	6.66E+2    	200.00    	6391.32	23.1 	36.2 	0.000000E+0	0.000000E+0	0.000000E+0	0.000000E+0	0.000000E+0	0.000000E+0	0.000000E+0	0.000000E+0
200.0   	36      	2.427326E-2 	1.011504E-4	6.61E+2    	200.00    	6393.24	23.1 	36.2 	0.000000E+0	0.000000E+0	0.000000E+0	0.000000E+0	0.000000E+0	0.000000E+0	0.000000E+0	0.000000E+0
200.0   	37      	2.341120E-2 	1.150084E-4	6.59E+2    	200.00    	6395.16	23.1 	36.2 	0.000000E+0	0.000000E+0	0.000000E+0	0.000000E+0	0.000000E+0	0.000000E+0	0.000000E+0	0.000000E+0
200.0   	38      	2.483328E-2 	1.209142E-4	6.56E+2    	200.00    	6397.10	23.1 	36.2 	0.000000E+0	0.000000E+0	0.000000E+0	0.000000E+0	0.000000E+0	0.000000E+0	0.000000E+0	0.000000E+0
200.0   	39      	2.590808E-2 	2.032991E-4	6.55E+2    	200.00    	6399.02	23.1 	36.2 	0.000000E+0	0.000000E+0	0.000000E+0	0.000000E+0	0.000000E+0	0.000000E+0	0.000000E+0	0.000000E+0
200.0   	40      	-2.078583E-2	2.163577E-4	6.50E+2    	200.00    	6400.94	23.1 	36.2 	0.000000E+0	0.000000E+0	0.000000E+0	0.000000E+0	0.000000E+0	0.000000E+0	0.000000E+0	0.000000E+0
200.0   	41      	2.111631E-2 	2.137787E-4	6.51E+2    	200.00    	6402.87	23.1 	36.2 	0.000000E+0	0.000000E+0	0.000000E+0	0.000000E+0	0.000000E+0	0.000000E+0	0.000000E+0	0.000000E+0
200.0   	42      	3.146312E-2 	3.472327E-5	6.48E+2    	200.00    	6404.80	23.1 	36.2 	0.000000E+0	0.000000E+0	0.000000E+0	0.000000E+0	0.000000E+0	0.000000E+0	0.000000E+0	0.000000E+0
200.0   	43      	2.348592E-2 	1.017629E-4	6.48E+2    	200.00    	6406.73	23.1 	36.2 	0.000000E+0	0.000000E+0	0.000000E+0	0.000000E+0	0.000000E+0	0.000000E+0	0.000000E+0	0.000000E+0
200.0   	44      	1.019901E-2 	1.453196E-4	6.44E+2    	200.00    	6408.65	23.1 	36.2 	0.000000E+0	0.000000E+0	0.000000E+0	0.000000E+0	0.000000E+0	0.000000E+0	0.000000E+0	0.000000E+0
200.0   	45      	-1.163563E-2	8.273427E-5	6.37E+2    	200.00    	6410.58	23.1 	36.2 	0.000000E+0	0.000000E+0	0.000000E+0	0.000000E+0	0.000000E+0	0.000000E+0	0.000000E+0	0.000000E+0
200.0   	46      	1.161201E-1 	1.782462E-4	6.36E+2    	200.00    	6412.51	23.1 	36.2 	0.000000E+0	0.000000E+0	0.000000E+0	0.000000E+0	0.000000E+0	0.000000E+0	0.000000E+0	0.000000E+0
200.0   	47      	7.281340E-2 	2.892976E-5	6.40E+2    	200.00    	6414.43	23.1 	36.2 	0.000000E+0	0.000000E+0	0.000000E+0	0.000000E+0	0.000000E+0	0.000000E+0	0.000000E+0	0.000000E+0
200.0   	48      	3.722302E-2 	4.070015E-5	6.37E+2    	200.00    	6416.35	23.1 	36.2 	0.000000E+0	0.000000E+0	0.000000E+0	0.000000E+0	0.000000E+0	0.000000E+0	0.000000E+0	0.000000E+0
200.0   	49      	2.422070E-2 	7.182878E-5	6.36E+2    	200.00    	6418.27	23.1 	36.2 	0.000000E+0	0.000000E+0	0.000000E+0	0.000000E+0	0.000000E+0	0.000000E+0	0.000000E+0	0.000000E+0
200.0   	50      	1.034623E-1 	9.459441E-5	6.34E+2    	200.00    	6420.21	23.1 	36.2 	0.000000E+0	0.000000E+0	0.000000E+0	0.000000E+0	0.000000E+0	0.000000E+0	0.000000E+0	0.000000E+0
200.0   	51      	1.361720E-1 	5.909927E-5	6.37E+2    	200.00    	6422.13	23.1 	36.2 	0.000000E+0	0.000000E+0	0.000000E+0	0.000000E+0	0.000000E+0	0.000000E+0	0.000000E+0	0.000000E+0
200.0   	52      	2.454996E-2 	3.944310E-5	6.39E+2    	200.00    	6424.05	23.1 	36.2 	0.000000E+0	0.000000E+0	0.000000E+0	0.000000E+0	0.000000E+0	0.000000E+0	0.000000E+0	0.000000E+0
200.0   	53      	2.481556E-2 	9.882729E-5	6.40E+2    	200.00    	6425.99	23.1 	36.2 	0.000000E+0	0.000000E+0	0.000000E+0	0.000000E+0	0.000000E+0	0.000000E+0	0.000000E+0	0.000000E+0
200.0   	54      	2.471963E-2 	1.710386E-4	6.38E+2    	200.00    	6427.91	23.1 	36.2 	0.000000E+0	0.000000E+0	0.000000E+0	0.000000E+0	0.000000E+0	0.000000E+0	0.000000E+0	0.000000E+0
200.0   	55      	2.371354E-2 	5.428571E-5	6.43E+2    	200.00    	6429.83	23.1 	36.2 	0.000000E+0	0.000000E+0	0.000000E+0	0.000000E+0	0.000000E+0	0.000000E+0	0.000000E+0	0.000000E+0
200.0   	56      	3.587186E-2 	1.229436E-4	6.40E+2    	200.00    	6431.77	23.1 	36.2 	0.000000E+0	0.000000E+0	0.000000E+0	0.000000E+0	0.000000E+0	0.000000E+0	0.000000E+0	0.000000E+0
200.0   	57      	6.323965E-2 	1.637228E-4	6.41E+2    	200.00    	6433.69	23.1 	36.2 	0.000000E+0	0.000000E+0	0.000000E+0	0.000000E+0	0.000000E+0	0.000000E+0	0.000000E+0	0.000000E+0
200.0   	58      	3.587121E-2 	1.431159E-4	6.37E+2    	200.00    	6435.62	23.1 	36.2 	0.000000E+0	0.000000E+0	0.000000E+0	0.000000E+0	0.000000E+0	0.000000E+0	0.000000E+0	0.000000E+0
200.0   	59      	2.240258E-2 	8.280337E-5	6.32E+2    	200.00    	6437.56	23.1 	36.2 	0.000000E+0	0.000000E+0	0.000000E+0	0.000000E+0	0.000000E+0	0.000000E+0	0.000000E+0	0.000000E+0
200.0   	60      	2.610785E-2 	5.428414E-5	6.39E+2    	200.00    	6439.48	23.1 	36.2 	0.000000E+0	0.000000E+0	0.000000E+0	0.000000E+0	0.000000E+0	0.000000E+0	0.000000E+0	0.000000E+0
200.0   	61      	4.663584E-1 	1.278415E-3	6.37E+2    	200.00    	6441.40	23.1 	36.2 	0.000000E+0	0.000000E+0	0.000000E+0	0.000000E+0	0.000000E+0	0.000000E+0	0.000000E+0	0.000000E+0
200.0   	62      	2.904097E-2 	2.976059E-3	6.34E+2    	200.00    	6443.32	23.1 	36.2 	0.000000E+0	0.000000E+0	0.000000E+0	0.000000E+0	0.000000E+0	0.000000E+0	0.000000E+0	0.000000E+0
200.0   	63      	3.044154E-1 	3.451023E-3	6.34E+2    	200.00    	6445.23	23.1 	36.2 	0.000000E+0	0.000000E+0	0.000000E+0	0.000000E+0	0.000000E+0	0.000000E+0	0.000000E+0	0.000000E+0
200.0   	64      	2.819285E-2 	8.251094E-5	6.28E+2    	200.00    	6447.15	23.1 	36.2 	0.000000E+0	0.000000E+0	0.000000E+0	0.000000E+0	0.000000E+0	0.000000E+0	0.000000E+0	0.000000E+0
200.0   	65      	2.120338E-2 	1.208478E-4	6.34E+2    	200.00    	6449.07	23.1 	36.2 	0.000000E+0	0.000000E+0	0.000000E+0	0.000000E+0	0.000000E+0	0.000000E+0	0.000000E+0	0.000000E+0
200.0   	66      	1.053725E-1 	1.253568E-4	6.32E+2    	200.00    	6451.01	23.1 	36.2 	0.000000E+0	0.000000E+0	0.000000E+0	0.000000E+0	0.000000E+0	0.000000E+0	0.000000E+0	0.000000E+0
200.0   	67      	1.329499E-1 	1.192742E-5	6.34E+2    	200.00    	6452.93	23.1 	36.2 	0.000000E+0	0.000000E+0	0.000000E+0	0.000000E+0	0.000000E+0	0.000000E+0	0.000000E+0	0.000000E+0
200.0   	68      	2.363028E-2 	5.124040E-5	6.39E+2    	200.00    	6454.85	23.1 	36.2 	0.000000E+0	0.000000E+0	0.000000E+0	0.000000E+0	0.000000E+0	0.000000E+0	0.000000E+0	0.000000E+0
200.0   	69      	2.392850E-2 	5.346677E-5	6.34E+2    	200.00    	6456.79	23.1 	36.2 	0.000000E+0	0.000000E+0	0.000000E+0	0.000000E+0	0.000000E+0	0.000000E+0	0.000000E+0	0.000000E+0
200.0   	70      	2.213158E-2 	1.108831E-4	6.34E+2    	200.00    	6458.71	23.1 	36.2 	0.000000E+0	0.000000E+0	0.000000E+0	0.000000E+0	0.000000E+0	0.000000E+0	0.000000E+0	0.000000E+0
200.0   	71      	2.237472E-2 	5.243770E-5	6.41E+2    	200.00    	6460.63	23.1 	36.2 	0.000000E+0	0.000000E+0	0.000000E+0	0.000000E+0	0.000000E+0	0.000000E+0	0.000000E+0	0.000000E+0
200.0   	72      	2.943227E-2 	1.402137E-4	6.35E+2    	200.00    	6462.57	23.1 	36.2 	0.000000E+0	0.000000E+0	0.000000E+0	0.000000E+0	0.000000E+0	0.000000E+0	0.000000E+0	0.000000E+0
200.0   	73      	3.920008E-2 	2.538431E-2	6.52E+2    	200.00    	6464.51	23.1 	36.2 	0.000000E+0	0.000000E+0	0.000000E+0	0.000000E+0	0.000000E+0	0.000000E+0	0.000000E+0	0.000000E+0
200.0   	74      	5.158000E-2 	6.378526E-3	6.48E+2    	200.00    	6466.42	23.1 	36.2 	0.000000E+0	0.000000E+0	0.000000E+0	0.000000E+0	0.000000E+0	0.000000E+0	0.000000E+0	0.000000E+0
200.0   	75      	5.225303E-2 	5.197995E-2	6.44E+2    	200.00    	6468.34	23.1 	36.2 	0.000000E+0	0.000000E+0	0.000000E+0	0.000000E+0	0.000000E+0	0.000000E+0	0.000000E+0	0.000000E+0
200.0   	76      	9.345736E-2 	2.070916E-2	6.47E+2    	200.00    	6470.27	23.1 	36.2 	0.000000E+0	0.000000E+0	0.000000E+0	0.000000E+0	0.000000E+0	0.000000E+0	0.000000E+0	0.000000E+0
200.0   	77      	9.035452E-4 	2.275190E-4	6.36E+2    	200.00    	6472.20	23.1 	36.2 	0.000000E+0	0.000000E+0	0.000000E+0	0.000000E+0	0.000000E+0	0.000000E+0	0.000000E+0	0.000000E+0
200.0   	78      	1.161242E-3 	9.845502E-5	6.37E+2    	200.00    	6474.13	23.1 	36.2 	0.000000E+0	0.000000E+0	0.000000E+0	0.000000E+0	0.000000E+0	0.000000E+0	0.000000E+0	0.000000E+0
200.0   	79      	2.779333E-2 	2.161328E-5	6.33E+2    	200.00    	6476.06	23.1 	36.2 	0.000000E+0	0.000000E+0	0.000000E+0	0.000000E+0	0.000000E+0	0.000000E+0	0.000000E+0	0.000000E+0
200.0   	80      	2.730041E-2 	4.062235E-5	6.33E+2    	200.00    	6477.99	23.1 	36.2 	0.000000E+0	0.000000E+0	0.000000E+0	0.000000E+0	0.000000E+0	0.000000E+0	0.000000E+0	0.000000E+0
200.0   	81      	2.204547E-2 	7.796830E-5	6.39E+2    	200.00    	6479.92	23.1 	36.2 	0.000000E+0	0.000000E+0	0.000000E+0	0.000000E+0	0.000000E+0	0.000000E+0	0.000000E+0	0.000000E+0
200.0   	82      	1.031375E-1 	1.393684E-4	6.38E+2    	200.00    	6481.85	23.1 	36.2 	0.000000E+0	0.000000E+0	0.000000E+0	0.000000E+0	0.000000E+0	0.000000E+0	0.000000E+0	0.000000E+0
200.0   	83      	1.275611E-1 	1.008770E-4	6.41E+2    	200.00    	6483.78	23.1 	36.2 	0.000000E+0	0.000000E+0	0.000000E+0	0.000000E+0	0.000000E+0	0.000000E+0	0.000000E+0	0.000000E+0
200.0   	84      	2.675588E-2 	1.951147E-4	6.40E+2    	200.00    	6485.71	23.1 	36.2 	0.000000E+0	0.000000E+0	0.000000E+0	0.000000E+0	0.000000E+0	0.000000E+0	0.000000E+0	0.000000E+0
200.0   	85      	2.367747E-2 	2.374000E-5	6.36E+2    	200.00    	6487.64	23.1 	36.2 	0.000000E+0	0.000000E+0	0.000000E+0	0.000000E+0	0.000000E+0	0.000000E+0	0.000000E+0	0.000000E+0
200.0   	86      	2.185079E-2 	8.825901E-5	6.37E+2    	200.00    	6489.56	23.1 	36.2 	0.000000E+0	0.000000E+0	0.000000E+0	0.000000E+0	0.000000E+0	0.000000E+0	0.000000E+0	0.000000E+0
200.0   	87      	2.233485E-2 	1.088508E-4	6.40E+2    	200.00    	6491.50	23.1 	36.2 	0.000000E+0	0.000000E+0	0.000000E+0	0.000000E+0	0.000000E+0	0.000000E+0	0.000000E+0	0.000000E+0
200.0   	88      	3.841241E-2 	1.574623E-4	6.38E+2    	200.00    	6493.42	23.1 	36.2 	0.000000E+0	0.000000E+0	0.000000E+0	0.000000E+0	0.000000E+0	0.000000E+0	0.000000E+0	0.000000E+0
200.0   	89      	2.100362E-2 	1.481740E-4	6.39E+2    	200.00    	6495.35	23.1 	36.2 	0.000000E+0	0.000000E+0	0.000000E+0	0.000000E+0	0.000000E+0	0.000000E+0	0.000000E+0	0.000000E+0
200.0   	90      	4.419733E-2 	1.331218E-4	6.39E+2    	200.00    	6497.28	23.1 	36.2 	0.000000E+0	0.000000E+0	0.000000E+0	0.000000E+0	0.000000E+0	0.000000E+0	0.000000E+0	0.000000E+0
200.0   	91      	2.305697E-2 	1.242124E-4	6.44E+2    	200.00    	6499.19	23.1 	36.2 	0.000000E+0	0.000000E+0	0.000000E+0	0.000000E+0	0.000000E+0	0.000000E+0	0.000000E+0	0.000000E+0
200.0   	92      	2.890360E-2 	1.833512E-5	6.42E+2    	200.00    	6501.13	23.1 	36.2 	0.000000E+0	0.000000E+0	0.000000E+0	0.000000E+0	0.000000E+0	0.000000E+0	0.000000E+0	0.000000E+0
200.0   	93      	2.766068E-2 	1.445151E-4	6.40E+2    	200.00    	6503.05	23.1 	36.2 	0.000000E+0	0.000000E+0	0.000000E+0	0.000000E+0	0.000000E+0	0.000000E+0	0.000000E+0	0.000000E+0
200.0   	94      	7.300462E-2 	6.980475E-5	6.32E+2    	200.00    	6504.98	23.1 	36.2 	0.000000E+0	0.000000E+0	0.000000E+0	0.000000E+0	0.000000E+0	0.000000E+0	0.000000E+0	0.000000E+0
200.0   	95      	2.999548E-2 	9.346766E-5	6.30E+2    	200.00    	6506.92	23.1 	36.2 	0.000000E+0	0.000000E+0	0.000000E+0	0.000000E+0	0.000000E+0	0.000000E+0	0.000000E+0	0.000000E+0
200.0   	96      	2.603346E-2 	1.282494E-4	6.30E+2    	200.00    	6508.85	23.1 	36.2 	0.000000E+0	0.000000E+0	0.000000E+0	0.000000E+0	0.000000E+0	0.000000E+0	0.000000E+0	0.000000E+0
200.0   	97      	2.341438E-2 	1.976870E-5	6.28E+2    	200.00    	6510.78	23.1 	36.2 	0.000000E+0	0.000000E+0	0.000000E+0	0.000000E+0	0.000000E+0	0.000000E+0	0.000000E+0	0.000000E+0
200.0   	98      	1.065098E-1 	4.791047E-5	6.25E+2    	200.00    	6512.70	23.1 	36.2 	0.000000E+0	0.000000E+0	0.000000E+0	0.000000E+0	0.000000E+0	0.000000E+0	0.000000E+0	0.000000E+0
200.0   	99      	1.778368E-1 	1.231032E-4	6.22E+2    	200.00    	6514.61	23.1 	36.2 	0.000000E+0	0.000000E+0	0.000000E+0	0.000000E+0	0.000000E+0	0.000000E+0	0.000000E+0	0.000000E+0
200.0   	100     	2.417228E-2 	1.090137E-4	6.13E+2    	200.00    	6516.53	23.1 	36.2 	0.000000E+0	0.000000E+0	0.000000E+0	0.000000E+0	0.000000E+0	0.000000E+0	0.000000E+0	0.000000E+0
200.0   	101     	3.415028E-2 	1.272979E-4	6.22E+2    	200.00    	6518.47	23.1 	36.2 	0.000000E+0	0.000000E+0	0.000000E+0	0.000000E+0	0.000000E+0	0.000000E+0	0.000000E+0	0.000000E+0
200.0   	102     	2.168016E-2 	7.035620E-5	6.20E+2    	200.00    	6520.40	23.1 	36.2 	0.000000E+0	0.000000E+0	0.000000E+0	0.000000E+0	0.000000E+0	0.000000E+0	0.000000E+0	0.000000E+0
200.0   	103     	1.856149E-1 	1.262022E-4	6.19E+2    	200.00    	6522.33	23.1 	36.2 	0.000000E+0	0.000000E+0	0.000000E+0	0.000000E+0	0.000000E+0	0.000000E+0	0.000000E+0	0.000000E+0
200.0   	104     	-2.372743E-2	5.550081E-5	6.11E+2    	200.00    	6524.26	23.1 	36.2 	0.000000E+0	0.000000E+0	0.000000E+0	0.000000E+0	0.000000E+0	0.000000E+0	0.000000E+0	0.000000E+0
200.0   	105     	5.805251E-2 	1.626819E-4	6.17E+2    	200.00    	6526.20	23.1 	36.2 	0.000000E+0	0.000000E+0	0.000000E+0	0.000000E+0	0.000000E+0	0.000000E+0	0.000000E+0	0.000000E+0
200.0   	106     	4.700319E-2 	1.054000E-4	6.12E+2    	200.00    	6528.14	23.1 	36.2 	0.000000E+0	0.000000E+0	0.000000E+0	0.000000E+0	0.000000E+0	0.000000E+0	0.000000E+0	0.000000E+0
200.0   	107     	2.290216E-2 	2.536040E-5	6.14E+2    	200.00    	6530.06	23.1 	36.2 	0.000000E+0	0.000000E+0	0.000000E+0	0.000000E+0	0.000000E+0	0.000000E+0	0.000000E+0	0.000000E+0
200.0   	108     	2.681923E-2 	6.465219E-5	6.12E+2    	200.00    	6531.99	23.1 	36.2 	0.000000E+0	0.000000E+0	0.000000E+0	0.000000E+0	0.000000E+0	0.000000E+0	0.000000E+0	0.000000E+0
200.0   	109     	2.761163E-2 	1.261645E-4	6.14E+2    	200.00    	6533.93	23.1 	36.2 	0.000000E+0	0.000000E+0	0.000000E+0	0.000000E+0	0.000000E+0	0.000000E+0	0.000000E+0	0.000000E+0
200.0   	110     	2.800703E-2 	1.985548E-4	6.16E+2    	200.00    	6535.87	23.1 	36.2 	0.000000E+0	0.000000E+0	0.000000E+0	0.000000E+0	0.000000E+0	0.000000E+0	0.000000E+0	0.000000E+0
200.0   	111     	2.560830E-2 	2.211641E-4	6.19E+2    	200.00    	6537.80	23.1 	36.2 	0.000000E+0	0.000000E+0	0.000000E+0	0.000000E+0	0.000000E+0	0.000000E+0	0.000000E+0	0.000000E+0
200.0   	112     	2.486433E-2 	9.718814E-5	6.18E+2    	200.00    	6539.73	23.1 	36.2 	0.000000E+0	0.000000E+0	0.000000E+0	0.000000E+0	0.000000E+0	0.000000E+0	0.000000E+0	0.000000E+0
200.0   	113     	2.334062E-2 	2.177952E-4	6.11E+2    	200.00    	6541.66	23.1 	36.2 	0.000000E+0	0.000000E+0	0.000000E+0	0.000000E+0	0.000000E+0	0.000000E+0	0.000000E+0	0.000000E+0
200.0   	114     	1.060206E-1 	1.860417E-4	6.07E+2    	200.00    	6543.58	23.1 	36.2 	0.000000E+0	0.000000E+0	0.000000E+0	0.000000E+0	0.000000E+0	0.000000E+0	0.000000E+0	0.000000E+0
200.0   	115     	3.500217E-1 	1.126879E-4	6.11E+2    	200.00    	6545.51	23.1 	36.2 	0.000000E+0	0.000000E+0	0.000000E+0	0.000000E+0	0.000000E+0	0.000000E+0	0.000000E+0	0.000000E+0
200.0   	116     	2.518629E-2 	1.423238E-4	6.04E+2    	200.00    	6547.44	23.1 	36.2 	0.000000E+0	0.000000E+0	0.000000E+0	0.000000E+0	0.000000E+0	0.000000E+0	0.000000E+0	0.000000E+0
200.0   	117     	2.381518E-2 	1.375641E-4	6.10E+2    	200.00    	6549.36	23.1 	36.2 	0.000000E+0	0.000000E+0	0.000000E+0	0.000000E+0	0.000000E+0	0.000000E+0	0.000000E+0	0.000000E+0
200.0   	118     	2.210025E-2 	1.673613E-5	5.96E+2    	200.00    	6551.30	23.1 	36.2 	0.000000E+0	0.000000E+0	0.000000E+0	0.000000E+0	0.000000E+0	0.000000E+0	0.000000E+0	0.000000E+0
200.0   	119     	2.253872E-2 	1.302940E-4	6.00E+2    	200.00    	6553.23	23.1 	36.2 	0.000000E+0	0.000000E+0	0.000000E+0	0.000000E+0	0.000000E+0	0.000000E+0	0.000000E+0	0.000000E+0
200.0   	120     	4.135189E-2 	8.575773E-5	5.96E+2    	200.00    	6555.15	23.1 	36.2 	0.000000E+0	0.000000E+0	0.000000E+0	0.000000E+0	0.000000E+0	0.000000E+0	0.000000E+0	0.000000E+0
200.0   	121     	2.297942E-2 	8.548000E-5	6.00E+2    	200.00    	6557.07	23.1 	36.2 	0.000000E+0	0.000000E+0	0.000000E+0	0.000000E+0	0.000000E+0	0.000000E+0	0.000000E+0	0.000000E+0
200.0   	122     	4.044014E-2 	2.850578E-5	5.94E+2    	200.00    	6559.01	23.1 	36.2 	0.000000E+0	0.000000E+0	0.000000E+0	0.000000E+0	0.000000E+0	0.000000E+0	0.000000E+0	0.000000E+0
200.0   	123     	1.790990E-1 	1.077593E-4	5.97E+2    	200.00    	6560.94	23.1 	36.2 	0.000000E+0	0.000000E+0	0.000000E+0	0.000000E+0	0.000000E+0	0.000000E+0	0.000000E+0	0.000000E+0
200.0   	124     	2.737483E-2 	5.750874E-5	5.94E+2    	200.00    	6562.85	23.1 	36.2 	0.000000E+0	0.000000E+0	0.000000E+0	0.000000E+0	0.000000E+0	0.000000E+0	0.000000E+0	0.000000E+0
200.0   	125     	2.343465E-2 	1.172182E-4	5.88E+2    	200.00    	6564.78	23.1 	36.2 	0.000000E+0	0.000000E+0	0.000000E+0	0.000000E+0	0.000000E+0	0.000000E+0	0.000000E+0	0.000000E+0
200.0   	126     	2.642572E-2 	5.711397E-5	5.87E+2    	200.00    	6566.69	23.1 	36.2 	0.000000E+0	0.000000E+0	0.000000E+0	0.000000E+0	0.000000E+0	0.000000E+0	0.000000E+0	0.000000E+0
200.0   	127     	2.611483E-2 	9.730436E-5	5.84E+2    	200.00    	6568.63	23.1 	36.2 	0.000000E+0	0.000000E+0	0.000000E+0	0.000000E+0	0.000000E+0	0.000000E+0	0.000000E+0	0.000000E+0
200.0   	128     	2.670147E-2 	1.941081E-5	5.84E+2    	200.00    	6570.57	23.1 	36.2 	0.000000E+0	0.000000E+0	0.000000E+0	0.000000E+0	0.000000E+0	0.000000E+0	0.000000E+0	0.000000E+0
200.0   	129     	2.253620E-2 	5.687459E-5	5.87E+2    	200.00    	6572.49	23.1 	36.2 	0.000000E+0	0.000000E+0	0.000000E+0	0.000000E+0	0.000000E+0	0.000000E+0	0.000000E+0	0.000000E+0
200.0   	130     	1.080541E-1 	1.239873E-4	5.84E+2    	200.00    	6574.42	23.1 	36.2 	0.000000E+0	0.000000E+0	0.000000E+0	0.000000E+0	0.000000E+0	0.000000E+0	0.000000E+0	0.000000E+0
200.0   	131     	1.683879E-1 	1.036226E-4	5.88E+2    	200.00    	6576.36	23.1 	36.2 	0.000000E+0	0.000000E+0	0.000000E+0	0.000000E+0	0.000000E+0	0.000000E+0	0.000000E+0	0.000000E+0
200.0   	132     	2.762288E-1 	1.373526E-4	5.87E+2    	200.00    	6578.30	23.1 	36.2 	0.000000E+0	0.000000E+0	0.000000E+0	0.000000E+0	0.000000E+0	0.000000E+0	0.000000E+0	0.000000E+0
200.0   	133     	2.374935E-2 	1.486013E-4	5.85E+2    	200.00    	6580.22	23.1 	36.2 	0.000000E+0	0.000000E+0	0.000000E+0	0.000000E+0	0.000000E+0	0.000000E+0	0.000000E+0	0.000000E+0
200.0   	134     	2.256754E-2 	1.111314E-4	5.89E+2    	200.00    	6582.14	23.1 	36.2 	0.000000E+0	0.000000E+0	0.000000E+0	0.000000E+0	0.000000E+0	0.000000E+0	0.000000E+0	0.000000E+0
200.0   	135     	2.294206E-2 	1.977400E-4	5.89E+2    	200.00    	6584.05	23.1 	36.2 	0.000000E+0	0.000000E+0	0.000000E+0	0.000000E+0	0.000000E+0	0.000000E+0	0.000000E+0	0.000000E+0
200.0   	136     	1.478794E-1 	1.502409E-5	5.81E+2    	200.00    	6585.97	23.1 	36.2 	0.000000E+0	0.000000E+0	0.000000E+0	0.000000E+0	0.000000E+0	0.000000E+0	0.000000E+0	0.000000E+0
200.0   	137     	9.569967E-3 	1.643688E-4	5.78E+2    	200.00    	6587.90	23.1 	36.2 	0.000000E+0	0.000000E+0	0.000000E+0	0.000000E+0	0.000000E+0	0.000000E+0	0.000000E+0	0.000000E+0
200.0   	138     	3.414302E-2 	1.679260E-4	5.82E+2    	200.00    	6589.82	23.1 	36.2 	0.000000E+0	0.000000E+0	0.000000E+0	0.000000E+0	0.000000E+0	0.000000E+0	0.000000E+0	0.000000E+0
200.0   	139     	2.263435E-2 	8.011053E-5	5.83E+2    	200.00    	6591.73	23.1 	36.2 	0.000000E+0	0.000000E+0	0.000000E+0	0.000000E+0	0.000000E+0	0.000000E+0	0.000000E+0	0.000000E+0
200.0   	140     	-8.468349E-3	3.574442E-5	5.78E+2    	200.00    	6593.65	23.1 	36.2 	0.000000E+0	0.000000E+0	0.000000E+0	0.000000E+0	0.000000E+0	0.000000E+0	0.000000E+0	0.000000E+0
200.0   	141     	4.176999E-3 	2.022864E-4	5.74E+2    	200.00    	6595.57	23.1 	36.2 	0.000000E+0	0.000000E+0	0.000000E+0	0.000000E+0	0.000000E+0	0.000000E+0	0.000000E+0	0.000000E+0
200.0   	142     	2.651341E-2 	1.454587E-4	5.67E+2    	200.00    	6597.50	23.1 	36.2 	0.000000E+0	0.000000E+0	0.000000E+0	0.000000E+0	0.000000E+0	0.000000E+0	0.000000E+0	0.000000E+0
200.0   	143     	9.611485E-2 	1.979580E-5	5.68E+2    	200.00    	6599.44	23.1 	36.2 	0.000000E+0	0.000000E+0	0.000000E+0	0.000000E+0	0.000000E+0	0.000000E+0	0.000000E+0	0.000000E+0
200.0   	144     	2.226078E-2 	1.920759E-4	5.69E+2    	200.00    	6601.37	23.1 	36.2 	0.000000E+0	0.000000E+0	0.000000E+0	0.000000E+0	0.000000E+0	0.000000E+0	0.000000E+0	0.000000E+0
200.0   	145     	2.366671E-2 	6.030442E-6	5.63E+2    	200.00    	6603.30	23.1 	36.2 	0.000000E+0	0.000000E+0	0.000000E+0	0.000000E+0	0.000000E+0	0.000000E+0	0.000000E+0	0.000000E+0
200.0   	146     	1.043051E-1 	6.006075E-5	5.66E+2    	200.00    	6605.23	23.1 	36.2 	0.000000E+0	0.000000E+0	0.000000E+0	0.000000E+0	0.000000E+0	0.000000E+0	0.000000E+0	0.000000E+0
200.0   	147     	1.485968E-1 	1.398110E-4	5.66E+2    	200.00    	6607.13	23.1 	36.2 	0.000000E+0	0.000000E+0	0.000000E+0	0.000000E+0	0.000000E+0	0.000000E+0	0.000000E+0	0.000000E+0
200.0   	148     	2.944465E-2 	4.519599E-5	5.67E+2    	200.00    	6609.06	23.1 	36.2 	0.000000E+0	0.000000E+0	0.000000E+0	0.000000E+0	0.000000E+0	0.000000E+0	0.000000E+0	0.000000E+0
200.0   	149     	2.273946E-2 	6.966543E-5	5.65E+2    	200.00    	6610.99	23.1 	36.2 	0.000000E+0	0.000000E+0	0.000000E+0	0.000000E+0	0.000000E+0	0.000000E+0	0.000000E+0	0.000000E+0
200.0   	150     	2.238963E-2 	3.201819E-5	5.69E+2    	200.00    	6612.91	23.1 	36.2 	0.000000E+0	0.000000E+0	0.000000E+0	0.000000E+0	0.000000E+0	0.000000E+0	0.000000E+0	0.000000E+0
200.0   	151     	6.335110E-1 	1.479961E-4	5.65E+2    	200.00    	6614.84	23.1 	36.2 	0.000000E+0	0.000000E+0	0.000000E+0	0.000000E+0	0.000000E+0	0.000000E+0	0.000000E+0	0.000000E+0
200.0   	152     	3.206119E-2 	8.420765E-5	5.63E+2    	200.00    	6616.76	23.1 	36.2 	0.000000E+0	0.000000E+0	0.000000E+0	0.000000E+0	0.000000E+0	0.000000E+0	0.000000E+0	0.000000E+0
200.0   	153     	2.217023E-2 	1.296061E-4	5.59E+2    	200.00    	6618.68	23.1 	36.2 	0.000000E+0	0.000000E+0	0.000000E+0	0.000000E+0	0.000000E+0	0.000000E+0	0.000000E+0	0.000000E+0
200.0   	154     	4.916135E-2 	4.251290E-5	5.54E+2    	200.00    	6620.61	23.1 	36.2 	0.000000E+0	0.000000E+0	0.000000E+0	0.000000E+0	0.000000E+0	0.000000E+0	0.000000E+0	0.000000E+0
200.0   	155     	2.208950E-2 	1.143866E-4	5.54E+2    	200.00    	6622.55	23.1 	36.2 	0.000000E+0	0.000000E+0	0.000000E+0	0.000000E+0	0.000000E+0	0.000000E+0	0.000000E+0	0.000000E+0
200.0   	156     	2.180838E-2 	1.200094E-4	5.51E+2    	200.00    	6624.48	23.1 	36.2 	0.000000E+0	0.000000E+0	0.000000E+0	0.000000E+0	0.000000E+0	0.000000E+0	0.000000E+0	0.000000E+0
200.0   	157     	7.321774E-2 	7.991566E-2	5.52E+2    	200.00    	6626.42	23.1 	36.2 	0.000000E+0	0.000000E+0	0.000000E+0	0.000000E+0	0.000000E+0	0.000000E+0	0.000000E+0	0.000000E+0
200.0   	158     	2.702945E-2 	1.229214E-4	5.48E+2    	200.00    	6628.35	23.1 	36.2 	0.000000E+0	0.000000E+0	0.000000E+0	0.000000E+0	0.000000E+0	0.000000E+0	0.000000E+0	0.000000E+0
200.0   	159     	2.195085E-2 	9.941229E-5	5.52E+2    	200.00    	6630.28	23.1 	36.2 	0.000000E+0	0.000000E+0	0.000000E+0	0.000000E+0	0.000000E+0	0.000000E+0	0.000000E+0	0.000000E+0
200.0   	160     	2.406465E-2 	9.756189E-5	5.49E+2    	200.00    	6632.20	23.1 	36.2 	0.000000E+0	0.000000E+0	0.000000E+0	0.000000E+0	0.000000E+0	0.000000E+0	0.000000E+0	0.000000E+0
200.0   	161     	2.368603E-2 	1.546639E-4	5.44E+2    	200.00    	6634.14	23.1 	36.2 	0.000000E+0	0.000000E+0	0.000000E+0	0.000000E+0	0.000000E+0	0.000000E+0	0.000000E+0	0.000000E+0
200.0   	162     	1.059267E-1 	6.015333E-5	5.48E+2    	200.00    	6636.08	23.1 	36.2 	0.000000E+0	0.000000E+0	0.000000E+0	0.000000E+0	0.000000E+0	0.000000E+0	0.000000E+0	0.000000E+0
200.0   	163     	1.816200E-1 	1.557121E-4	5.38E+2    	200.00    	6638.02	23.1 	36.2 	0.000000E+0	0.000000E+0	0.000000E+0	0.000000E+0	0.000000E+0	0.000000E+0	0.000000E+0	0.000000E+0
200.0   	164     	1.375252E-3 	1.463791E-4	5.48E+2    	200.00    	6639.94	23.1 	36.2 	0.000000E+0	0.000000E+0	0.000000E+0	0.000000E+0	0.000000E+0	0.000000E+0	0.000000E+0	0.000000E+0
200.0   	165     	2.740587E-2 	8.651549E-5	5.45E+2    	200.00    	6641.87	23.1 	36.2 	0.000000E+0	0.000000E+0	0.000000E+0	0.000000E+0	0.000000E+0	0.000000E+0	0.000000E+0	0.000000E+0
200.0   	166     	2.277174E-2 	4.225814E-5	5.41E+2    	200.00    	6643.81	23.1 	36.2 	0.000000E+0	0.000000E+0	0.000000E+0	0.000000E+0	0.000000E+0	0.000000E+0	0.000000E+0	0.000000E+0
200.0   	167     	2.453660E-1 	4.518181E-4	5.45E+2    	200.00    	6645.73	23.1 	36.2 	0.000000E+0	0.000000E+0	0.000000E+0	0.000000E+0	0.000000E+0	0.000000E+0	0.000000E+0	0.000000E+0
200.0   	168     	4.843162E-2 	8.718697E-5	5.47E+2    	200.00    	6647.66	23.1 	36.2 	0.000000E+0	0.000000E+0	0.000000E+0	0.000000E+0	0.000000E+0	0.000000E+0	0.000000E+0	0.000000E+0
200.0   	169     	2.451326E-2 	4.689688E-5	5.43E+2    	200.00    	6649.59	23.1 	36.2 	0.000000E+0	0.000000E+0	0.000000E+0	0.000000E+0	0.000000E+0	0.000000E+0	0.000000E+0	0.000000E+0
200.0   	170     	9.629751E-2 	1.032492E-4	5.41E+2    	200.00    	6651.51	23.1 	36.2 	0.000000E+0	0.000000E+0	0.000000E+0	0.000000E+0	0.000000E+0	0.000000E+0	0.000000E+0	0.000000E+0
200.0   	171     	4.554853E-2 	2.519718E-5	5.36E+2    	200.00    	6653.43	23.1 	36.2 	0.000000E+0	0.000000E+0	0.000000E+0	0.000000E+0	0.000000E+0	0.000000E+0	0.000000E+0	0.000000E+0
200.0   	172     	2.178021E-2 	5.048576E-5	5.35E+2    	200.00    	6655.35	23.1 	36.2 	0.000000E+0	0.000000E+0	0.000000E+0	0.000000E+0	0.000000E+0	0.000000E+0	0.000000E+0	0.000000E+0
200.0   	173     	4.341097E-2 	1.130398E-4	5.33E+2    	200.00    	6657.28	23.1 	36.2 	0.000000E+0	0.000000E+0	0.000000E+0	0.000000E+0	0.000000E+0	0.000000E+0	0.000000E+0	0.000000E+0
200.0   	174     	2.628801E-2 	2.520101E-4	5.33E+2    	200.00    	6659.22	23.1 	36.2 	0.000000E+0	0.000000E+0	0.000000E+0	0.000000E+0	0.000000E+0	0.000000E+0	0.000000E+0	0.000000E+0
200.0   	175     	2.596480E-2 	1.322937E-4	5.32E+2    	200.00    	6661.14	23.1 	36.2 	0.000000E+0	0.000000E+0	0.000000E+0	0.000000E+0	0.000000E+0	0.000000E+0	0.000000E+0	0.000000E+0
200.0   	176     	2.301044E-2 	1.939535E-4	5.31E+2    	200.00    	6663.06	23.1 	36.2 	0.000000E+0	0.000000E+0	0.000000E+0	0.000000E+0	0.000000E+0	0.000000E+0	0.000000E+0	0.000000E+0
200.0   	177     	3.025352E-2 	1.276366E-4	5.29E+2    	200.00    	6665.00	23.1 	36.2 	0.000000E+0	0.000000E+0	0.000000E+0	0.000000E+0	0.000000E+0	0.000000E+0	0.000000E+0	0.000000E+0
200.0   	178     	1.072852E-1 	6.665661E-5	5.23E+2    	200.00    	6666.93	23.1 	36.2 	0.000000E+0	0.000000E+0	0.000000E+0	0.000000E+0	0.000000E+0	0.000000E+0	0.000000E+0	0.000000E+0
200.0   	179     	1.493212E-1 	1.465647E-4	5.25E+2    	200.00    	6668.85	23.1 	36.2 	0.000000E+0	0.000000E+0	0.000000E+0	0.000000E+0	0.000000E+0	0.000000E+0	0.000000E+0	0.000000E+0
200.0   	180     	2.987584E-2 	5.549773E-5	5.16E+2    	200.00    	6670.77	23.1 	36.2 	0.000000E+0	0.000000E+0	0.000000E+0	0.000000E+0	0.000000E+0	0.000000E+0	0.000000E+0	0.000000E+0
200.0   	181     	1.094711E-1 	1.618050E-4	5.21E+2    	200.00    	6672.69	23.1 	36.2 	0.000000E+0	0.000000E+0	0.000000E+0	0.000000E+0	0.000000E+0	0.000000E+0	0.000000E+0	0.000000E+0
200.0   	182     	2.271286E-2 	1.522562E-4	5.20E+2    	200.00    	6674.63	23.1 	36.2 	0.000000E+0	0.000000E+0	0.000000E+0	0.000000E+0	0.000000E+0	0.000000E+0	0.000000E+0	0.000000E+0
200.0   	183     	2.194515E-2 	5.704573E-5	5.17E+2    	200.00    	6676.55	23.1 	36.2 	0.000000E+0	0.000000E+0	0.000000E+0	0.000000E+0	0.000000E+0	0.000000E+0	0.000000E+0	0.000000E+0
200.0   	184     	4.954126E-2 	3.978782E-5	5.16E+2    	200.00    	6678.47	23.1 	36.2 	0.000000E+0	0.000000E+0	0.000000E+0	0.000000E+0	0.000000E+0	0.000000E+0	0.000000E+0	0.000000E+0
200.0   	185     	2.352173E-2 	6.205142E-5	5.14E+2    	200.00    	6680.41	23.1 	36.2 	0.000000E+0	0.000000E+0	0.000000E+0	0.000000E+0	0.000000E+0	0.000000E+0	0.000000E+0	0.000000E+0
200.0   	186     	1.965814E-1 	1.004178E-4	5.13E+2    	200.00    	6682.32	23.1 	36.2 	0.000000E+0	0.000000E+0	0.000000E+0	0.000000E+0	0.000000E+0	0.000000E+0	0.000000E+0	0.000000E+0
200.0   	187     	3.717051E-2 	2.737584E-5	5.14E+2    	200.00    	6684.26	23.1 	36.2 	0.000000E+0	0.000000E+0	0.000000E+0	0.000000E+0	0.000000E+0	0.000000E+0	0.000000E+0	0.000000E+0
200.0   	188     	2.080515E-2 	1.199553E-4	5.14E+2    	200.00    	6686.18	23.1 	36.2 	0.000000E+0	0.000000E+0	0.000000E+0	0.000000E+0	0.000000E+0	0.000000E+0	0.000000E+0	0.000000E+0
200.0   	189     	2.701110E-2 	5.285837E-5	5.15E+2    	200.00    	6688.11	23.1 	36.2 	0.000000E+0	0.000000E+0	0.000000E+0	0.000000E+0	0.000000E+0	0.000000E+0	0.000000E+0	0.000000E+0
200.0   	190     	4.661921E-2 	2.206367E-4	5.10E+2    	200.00    	6690.04	23.1 	36.2 	0.000000E+0	0.000000E+0	0.000000E+0	0.000000E+0	0.000000E+0	0.000000E+0	0.000000E+0	0.000000E+0
200.0   	191     	2.537689E-2 	8.567207E-6	5.17E+2    	200.00    	6691.97	23.1 	36.2 	0.000000E+0	0.000000E+0	0.000000E+0	0.000000E+0	0.000000E+0	0.000000E+0	0.000000E+0	0.000000E+0
200.0   	192     	2.277143E-2 	1.028830E-4	5.14E+2    	200.00    	6693.89	23.1 	36.2 	0.000000E+0	0.000000E+0	0.000000E+0	0.000000E+0	0.000000E+0	0.000000E+0	0.000000E+0	0.000000E+0
200.0   	193     	2.835910E-2 	3.805434E-5	5.09E+2    	200.00    	6695.81	23.1 	36.2 	0.000000E+0	0.000000E+0	0.000000E+0	0.000000E+0	0.000000E+0	0.000000E+0	0.000000E+0	0.000000E+0
200.0   	194     	1.119369E-1 	1.988096E-4	5.11E+2    	200.00    	6697.74	23.1 	36.2 	0.000000E+0	0.000000E+0	0.000000E+0	0.000000E+0	0.000000E+0	0.000000E+0	0.000000E+0	0.000000E+0
200.0   	195     	1.195812E-1 	1.082893E-4	5.08E+2    	200.00    	6699.68	23.1 	36.2 	0.000000E+0	0.000000E+0	0.000000E+0	0.000000E+0	0.000000E+0	0.000000E+0	0.000000E+0	0.000000E+0
200.0   	196     	2.501472E-2 	2.082168E-5	5.05E+2    	200.00    	6701.60	23.1 	36.2 	0.000000E+0	0.000000E+0	0.000000E+0	0.000000E+0	0.000000E+0	0.000000E+0	0.000000E+0	0.000000E+0
200.0   	197     	2.268849E-2 	2.046711E-5	5.05E+2    	200.00    	6703.51	23.1 	36.2 	0.000000E+0	0.000000E+0	0.000000E+0	0.000000E+0	0.000000E+0	0.000000E+0	0.000000E+0	0.000000E+0
200.0   	198     	2.475133E-2 	1.337004E-4	5.06E+2    	200.00    	6705.43	23.1 	36.2 	0.000000E+0	0.000000E+0	0.000000E+0	0.000000E+0	0.000000E+0	0.000000E+0	0.000000E+0	0.000000E+0
200.0   	199     	5.162755E-2 	5.262251E-5	5.02E+2    	200.00    	6707.36	23.1 	36.2 	0.000000E+0	0.000000E+0	0.000000E+0	0.000000E+0	0.000000E+0	0.000000E+0	0.000000E+0	0.000000E+0
200.0   	200     	-2.477299E-2	9.915386E-5	4.99E+2    	200.00    	6709.28	23.1 	36.2 	0.000000E+0	0.000000E+0	0.000000E+0	0.000000E+0	0.000000E+0	0.000000E+0	0.000000E+0	0.000000E+0
200.0   	201     	2.150859E-2 	8.940772E-5	4.97E+2    	200.00    	6711.22	23.1 	36.2 	0.000000E+0	0.000000E+0	0.000000E+0	0.000000E+0	0.000000E+0	0.000000E+0	0.000000E+0	0.000000E+0
200.0   	202     	3.227775E-2 	8.657546E-5	5.00E+2    	200.00    	6713.15	23.1 	36.2 	0.000000E+0	0.000000E+0	0.000000E+0	0.000000E+0	0.000000E+0	0.000000E+0	0.000000E+0	0.000000E+0
200.0   	203     	2.452119E-2 	7.968920E-5	4.99E+2    	200.00    	6715.07	23.1 	36.2 	0.000000E+0	0.000000E+0	0.000000E+0	0.000000E+0	0.000000E+0	0.000000E+0	0.000000E+0	0.000000E+0
200.0   	204     	3.811350E-3 	1.398166E-4	4.98E+2    	200.00    	6716.98	23.1 	36.2 	0.000000E+0	0.000000E+0	0.000000E+0	0.000000E+0	0.000000E+0	0.000000E+0	0.000000E+0	0.000000E+0
200.0   	205     	1.947722E-1 	2.155425E-4	5.00E+2    	200.00    	6718.90	23.1 	36.2 	0.000000E+0	0.000000E+0	0.000000E+0	0.000000E+0	0.000000E+0	0.000000E+0	0.000000E+0	0.000000E+0
200.0   	206     	3.966993E-2 	1.567043E-5	4.97E+2    	200.00    	6720.83	23.1 	36.2 	0.000000E+0	0.000000E+0	0.000000E+0	0.000000E+0	0.000000E+0	0.000000E+0	0.000000E+0	0.000000E+0
200.0   	207     	2.521735E-2 	8.947883E-5	4.92E+2    	200.00    	6722.77	23.1 	36.2 	0.000000E+0	0.000000E+0	0.000000E+0	0.000000E+0	0.000000E+0	0.000000E+0	0.000000E+0	0.000000E+0
200.0   	208     	2.399915E-2 	4.835609E-5	5.01E+2    	200.00    	6724.71	23.1 	36.2 	0.000000E+0	0.000000E+0	0.000000E+0	0.000000E+0	0.000000E+0	0.000000E+0	0.000000E+0	0.000000E+0
200.0   	209     	8.648191E-2 	1.291378E-4	4.99E+2    	200.00    	6726.64	23.1 	36.2 	0.000000E+0	0.000000E+0	0.000000E+0	0.000000E+0	0.000000E+0	0.000000E+0	0.000000E+0	0.000000E+0
200.0   	210     	1.184146E-1 	8.899103E-5	4.92E+2    	200.00    	6728.57	23.1 	36.2 	0.000000E+0	0.000000E+0	0.000000E+0	0.000000E+0	0.000000E+0	0.000000E+0	0.000000E+0	0.000000E+0
200.0   	211     	2.355859E-1 	1.225522E-4	4.95E+2    	200.00    	6730.51	23.1 	36.2 	0.000000E+0	0.000000E+0	0.000000E+0	0.000000E+0	0.000000E+0	0.000000E+0	0.000000E+0	0.000000E+0
200.0   	212     	2.547124E-2 	1.853467E-4	4.94E+2    	200.00    	6732.43	23.1 	36.2 	0.000000E+0	0.000000E+0	0.000000E+0	0.000000E+0	0.000000E+0	0.000000E+0	0.000000E+0	0.000000E+0
200.0   	213     	2.448604E-2 	1.620312E-4	4.89E+2    	200.00    	6734.37	23.1 	36.2 	0.000000E+0	0.000000E+0	0.000000E+0	0.000000E+0	0.000000E+0	0.000000E+0	0.000000E+0	0.000000E+0
200.0   	214     	3.376892E-1 	1.082015E-4	4.92E+2    	200.00    	6736.31	23.1 	36.2 	0.000000E+0	0.000000E+0	0.000000E+0	0.000000E+0	0.000000E+0	0.000000E+0	0.000000E+0	0.000000E+0
200.0   	215     	2.261290E-1 	8.523299E-5	4.86E+2    	200.00    	6738.24	23.1 	36.2 	0.000000E+0	0.000000E+0	0.000000E+0	0.000000E+0	0.000000E+0	0.000000E+0	0.000000E+0	0.000000E+0
200.0   	216     	8.694192E-2 	6.784070E-5	4.85E+2    	200.00    	6740.17	23.1 	36.2 	0.000000E+0	0.000000E+0	0.000000E+0	0.000000E+0	0.000000E+0	0.000000E+0	0.000000E+0	0.000000E+0
200.0   	217     	1.719949E-1 	1.777947E-4	4.83E+2    	200.00    	6742.10	23.1 	36.2 	0.000000E+0	0.000000E+0	0.000000E+0	0.000000E+0	0.000000E+0	0.000000E+0	0.000000E+0	0.000000E+0
200.0   	218     	2.746857E-2 	4.884480E-5	4.88E+2    	200.00    	6744.04	23.1 	36.2 	0.000000E+0	0.000000E+0	0.000000E+0	0.000000E+0	0.000000E+0	0.000000E+0	0.000000E+0	0.000000E+0
200.0   	219     	2.189450E-2 	2.029005E-4	4.90E+2    	200.00    	6745.96	23.1 	36.2 	0.000000E+0	0.000000E+0	0.000000E+0	0.000000E+0	0.000000E+0	0.000000E+0	0.000000E+0	0.000000E+0
200.0   	220     	6.392992E-2 	1.351290E-4	4.86E+2    	200.00    	6747.89	23.1 	36.2 	0.000000E+0	0.000000E+0	0.000000E+0	0.000000E+0	0.000000E+0	0.000000E+0	0.000000E+0	0.000000E+0
200.0   	221     	2.220443E-2 	2.280661E-4	4.87E+2    	200.00    	6749.82	23.1 	36.2 	0.000000E+0	0.000000E+0	0.000000E+0	0.000000E+0	0.000000E+0	0.000000E+0	0.000000E+0	0.000000E+0
200.0   	222     	3.069927E-2 	8.241969E-5	4.86E+2    	200.00    	6751.75	23.1 	36.2 	0.000000E+0	0.000000E+0	0.000000E+0	0.000000E+0	0.000000E+0	0.000000E+0	0.000000E+0	0.000000E+0
200.0   	223     	1.818187E-1 	7.649373E-5	4.81E+2    	200.00    	6753.69	23.1 	36.2 	0.000000E+0	0.000000E+0	0.000000E+0	0.000000E+0	0.000000E+0	0.000000E+0	0.000000E+0	0.000000E+0
200.0   	224     	2.828250E-2 	9.666911E-5	4.81E+2    	200.00    	6755.61	23.1 	36.2 	0.000000E+0	0.000000E+0	0.000000E+0	0.000000E+0	0.000000E+0	0.000000E+0	0.000000E+0	0.000000E+0
200.0   	225     	4.524052E-2 	9.024532E-5	4.80E+2    	200.00    	6757.55	23.1 	36.2 	0.000000E+0	0.000000E+0	0.000000E+0	0.000000E+0	0.000000E+0	0.000000E+0	0.000000E+0	0.000000E+0
200.0   	226     	1.264606E-1 	7.584328E-5	4.76E+2    	200.00    	6759.48	23.1 	36.2 	0.000000E+0	0.000000E+0	0.000000E+0	0.000000E+0	0.000000E+0	0.000000E+0	0.000000E+0	0.000000E+0
200.0   	227     	4.439618E-1 	6.087482E-5	4.74E+2    	200.00    	6761.40	23.1 	36.2 	0.000000E+0	0.000000E+0	0.000000E+0	0.000000E+0	0.000000E+0	0.000000E+0	0.000000E+0	0.000000E+0
200.0   	228     	2.774306E-2 	7.297147E-5	4.73E+2    	200.00    	6763.34	23.1 	36.2 	0.000000E+0	0.000000E+0	0.000000E+0	0.000000E+0	0.000000E+0	0.000000E+0	0.000000E+0	0.000000E+0
200.0   	229     	2.655143E-2 	9.659895E-5	4.67E+2    	200.00    	6765.27	23.1 	36.2 	0.000000E+0	0.000000E+0	0.000000E+0	0.000000E+0	0.000000E+0	0.000000E+0	0.000000E+0	0.000000E+0
200.0   	230     	2.885299E-2 	1.928628E-4	4.74E+2    	200.00    	6767.21	23.1 	36.2 	0.000000E+0	0.000000E+0	0.000000E+0	0.000000E+0	0.000000E+0	0.000000E+0	0.000000E+0	0.000000E+0
200.0   	231     	2.712253E-2 	6.223461E-5	4.71E+2    	200.00    	6769.15	23.1 	36.2 	0.000000E+0	0.000000E+0	0.000000E+0	0.000000E+0	0.000000E+0	0.000000E+0	0.000000E+0	0.000000E+0
200.0   	232     	-1.171574E-2	9.617988E-5	4.72E+2    	200.00    	6771.09	23.1 	36.2 	0.000000E+0	0.000000E+0	0.000000E+0	0.000000E+0	0.000000E+0	0.000000E+0	0.000000E+0	0.000000E+0
200.0   	233     	1.180550E-1 	1.946313E-5	4.71E+2    	200.00    	6773.03	23.1 	36.2 	0.000000E+0	0.000000E+0	0.000000E+0	0.000000E+0	0.000000E+0	0.000000E+0	0.000000E+0	0.000000E+0
200.0   	234     	2.977392E-2 	6.993092E-5	4.73E+2    	200.00    	6774.95	23.1 	36.2 	0.000000E+0	0.000000E+0	0.000000E+0	0.000000E+0	0.000000E+0	0.000000E+0	0.000000E+0	0.000000E+0
200.0   	235     	2.629848E-2 	9.099166E-5	4.70E+2    	200.00    	6776.89	23.1 	36.2 	0.000000E+0	0.000000E+0	0.000000E+0	0.000000E+0	0.000000E+0	0.000000E+0	0.000000E+0	0.000000E+0
200.0   	236     	2.182918E-1 	2.247676E-4	4.68E+2    	200.00    	6778.82	23.1 	36.2 	0.000000E+0	0.000000E+0	0.000000E+0	0.000000E+0	0.000000E+0	0.000000E+0	0.000000E+0	0.000000E+0
200.0   	237     	1.682477E-2 	7.759706E-5	4.71E+2    	200.00    	6780.75	23.1 	36.2 	0.000000E+0	0.000000E+0	0.000000E+0	0.000000E+0	0.000000E+0	0.000000E+0	0.000000E+0	0.000000E+0
200.0   	238     	2.852183E-2 	1.067907E-4	4.68E+2    	200.00    	6782.69	23.1 	36.2 	0.000000E+0	0.000000E+0	0.000000E+0	0.000000E+0	0.000000E+0	0.000000E+0	0.000000E+0	0.000000E+0
200.0   	239     	2.584388E-2 	1.513334E-4	4.63E+2    	200.00    	6784.63	23.1 	36.2 	0.000000E+0	0.000000E+0	0.000000E+0	0.000000E+0	0.000000E+0	0.000000E+0	0.000000E+0	0.000000E+0
200.0   	240     	3.035769E-2 	1.727383E-4	4.66E+2    	200.00    	6786.57	23.1 	36.2 	0.000000E+0	0.000000E+0	0.000000E+0	0.000000E+0	0.000000E+0	0.000000E+0	0.000000E+0	0.000000E+0
200.0   	241     	1.378299E-1 	1.166166E-4	4.66E+2    	200.00    	6788.49	23.1 	36.2 	0.000000E+0	0.000000E+0	0.000000E+0	0.000000E+0	0.000000E+0	0.000000E+0	0.000000E+0	0.000000E+0
200.0   	242     	2.566033E-1 	1.305237E-4	4.65E+2    	200.00    	6790.43	23.1 	36.2 	0.000000E+0	0.000000E+0	0.000000E+0	0.000000E+0	0.000000E+0	0.000000E+0	0.000000E+0	0.000000E+0
200.0   	243     	2.308686E-1 	1.915122E-4	4.64E+2    	200.00    	6792.36	23.1 	36.2 	0.000000E+0	0.000000E+0	0.000000E+0	0.000000E+0	0.000000E+0	0.000000E+0	0.000000E+0	0.000000E+0
200.0   	244     	4.489512E-1 	1.324018E-4	4.63E+2    	200.00    	6794.29	23.1 	36.2 	0.000000E+0	0.000000E+0	0.000000E+0	0.000000E+0	0.000000E+0	0.000000E+0	0.000000E+0	0.000000E+0
200.0   	245     	1.160096E-1 	5.240480E-5	4.60E+2    	200.00    	6796.21	23.1 	36.2 	0.000000E+0	0.000000E+0	0.000000E+0	0.000000E+0	0.000000E+0	0.000000E+0	0.000000E+0	0.000000E+0
200.0   	246     	1.168633E-1 	7.846706E-5	4.62E+2    	200.00    	6798.14	23.1 	36.2 	0.000000E+0	0.000000E+0	0.000000E+0	0.000000E+0	0.000000E+0	0.000000E+0	0.000000E+0	0.000000E+0
200.0   	247     	1.154695E-1 	6.261664E-5	4.59E+2    	200.00    	6800.07	23.1 	36.2 	0.000000E+0	0.000000E+0	0.000000E+0	0.000000E+0	0.000000E+0	0.000000E+0	0.000000E+0	0.000000E+0
200.0   	248     	1.138708E-1 	1.679643E-4	4.63E+2    	200.00    	6801.99	23.1 	36.2 	0.000000E+0	0.000000E+0	0.000000E+0	0.000000E+0	0.000000E+0	0.000000E+0	0.000000E+0	0.000000E+0
200.0   	249     	1.414947E-1 	9.118083E-5	4.58E+2    	200.00    	6803.93	23.1 	36.2 	0.000000E+0	0.000000E+0	0.000000E+0	0.000000E+0	0.000000E+0	0.000000E+0	0.000000E+0	0.000000E+0
200.0   	250     	1.206363E-1 	4.186757E-5	4.62E+2    	200.00    	6805.85	23.1 	36.2 	0.000000E+0	0.000000E+0	0.000000E+0	0.000000E+0	0.000000E+0	0.000000E+0	0.000000E+0	0.000000E+0
200.0   	251     	1.114369E-1 	2.868281E-5	4.61E+2    	200.00    	6807.79	23.1 	36.2 	0.000000E+0	0.000000E+0	0.000000E+0	0.000000E+0	0.000000E+0	0.000000E+0	0.000000E+0	0.000000E+0
200.0   	252     	1.130413E-1 	1.062084E-4	4.58E+2    	200.00    	6809.73	23.1 	36.2 	0.000000E+0	0.000000E+0	0.000000E+0	0.000000E+0	0.000000E+0	0.000000E+0	0.000000E+0	0.000000E+0
200.0   	253     	9.560014E-2 	1.523935E-4	4.52E+2    	200.00    	6811.66	23.1 	36.2 	0.000000E+0	0.000000E+0	0.000000E+0	0.000000E+0	0.000000E+0	0.000000E+0	0.000000E+0	0.000000E+0
200.0   	254     	1.127665E-1 	9.294097E-5	4.51E+2    	200.00    	6813.58	23.1 	36.2 	0.000000E+0	0.000000E+0	0.000000E+0	0.000000E+0	0.000000E+0	0.000000E+0	0.000000E+0	0.000000E+0
200.0   	255     	1.128849E-1 	1.702064E-4	4.52E+2    	200.00    	6815.51	23.1 	36.2 	0.000000E+0	0.000000E+0	0.000000E+0	0.000000E+0	0.000000E+0	0.000000E+0	0.000000E+0	0.000000E+0
200.0   	256     	1.186438E-1 	8.814970E-5	4.46E+2    	200.00    	6817.45	23.1 	36.2 	0.000000E+0	0.000000E+0	0.000000E+0	0.000000E+0	0.000000E+0	0.000000E+0	0.000000E+0	0.000000E+0
200.0   	257     	3.213327E-3 	9.892462E-5	4.47E+2    	200.00    	6819.38	23.1 	36.2 	0.000000E+0	0.000000E+0	0.000000E+0	0.000000E+0	0.000000E+0	0.000000E+0	0.000000E+0	0.000000E+0
200.0   	258     	1.988157E-3 	7.191193E-5	4.45E+2    	200.00    	6821.31	23.1 	36.2 	0.000000E+0	0.000000E+0	0.000000E+0	0.000000E+0	0.000000E+0	0.000000E+0	0.000000E+0	0.000000E+0
200.0   	259     	1.420841E-3 	1.755807E-4	4.46E+2    	200.00    	6823.24	23.1 	36.2 	0.000000E+0	0.000000E+0	0.000000E+0	0.000000E+0	0.000000E+0	0.000000E+0	0.000000E+0	0.000000E+0
200.0   	260     	2.249019E-3 	1.324973E-4	4.47E+2    	200.00    	6825.17	23.1 	36.2 	0.000000E+0	0.000000E+0	0.000000E+0	0.000000E+0	0.000000E+0	0.000000E+0	0.000000E+0	0.000000E+0
200.0   	261     	2.520330E-3 	1.016024E-4	4.47E+2    	200.00    	6827.09	23.1 	36.2 	0.000000E+0	0.000000E+0	0.000000E+0	0.000000E+0	0.000000E+0	0.000000E+0	0.000000E+0	0.000000E+0
200.0   	262     	1.529745E-3 	3.426028E-5	4.44E+2    	200.00    	6829.02	23.1 	36.2 	0.000000E+0	0.000000E+0	0.000000E+0	0.000000E+0	0.000000E+0	0.000000E+0	0.000000E+0	0.000000E+0
200.0   	263     	1.494605E-3 	2.226321E-4	4.43E+2    	200.00    	6830.95	23.1 	36.2 	0.000000E+0	0.000000E+0	0.000000E+0	0.000000E+0	0.000000E+0	0.000000E+0	0.000000E+0	0.000000E+0
200.0   	264     	-1.526327E-3	2.662560E-4	4.51E+2    	200.00    	6832.87	23.1 	36.2 	0.000000E+0	0.000000E+0	0.000000E+0	0.000000E+0	0.000000E+0	0.000000E+0	0.000000E+0	0.000000E+0
