#Measurement:		CV
#Sensor type:		CALICE_6in_256ch
#Needle measurement:	0
#Identifier:		016_IV_CV_20250604_0
#Timestamp:		4.6.2025 15:24 
#Voltage delay:		20.0 s
#Switch delay:		0.3 s
#Compliance level:		2000.00 uA
#Mask pads above:		5.00 uA
#Voltage limit:		100.0 V
#LCR freq.:		2000 Hz
#LCR voltg.:		0.50 V
#Repeat:			1
#Sampling number:		3
#Source as DMM:		0
#Custom channels:		None
#Masked channels:		None
#Vltg. sign inversion?:	1
#VISA source:		GPIB0::18::INSTR
#VISA DMM:		GPIB0::25::INSTR
#VISA LCR:		GPIB0::17::INSTR
#HexPlot cmd:		C:\Users\calice\Desktop\ProbeStation\HGCAL_sensor_tests-CALICE_6in_256ch\bin\HexPlot.exe -i "D:\ProbeStationData\CALICE_6in_256ch_016_IV_CV_20250604_0\CALICE_6in_256ch_016_IV_CV_20250604_0_CV.txt" -o  "D:\ProbeStationData\CALICE_6in_256ch_016_IV_CV_20250604_0\CALICE_6in_256ch_016_IV_CV_20250604_0_CV.pdf" --CV  --select 200  --if SELECTOR:PADNUM:VAL  --pn 0 --invertx -g "C:\Users\calice\Documents\HGCAL_sensor_tests-CALICE_6in_256ch\src\..\geo\hex_positions_HPK_256ch_6inch_CALICE.txt" --colorpalette 1
#HexPlot analysis cmd:	C:\Users\calice\Desktop\ProbeStation\HGCAL_sensor_tests-CALICE_6in_256ch\bin\HexPlot.exe -i "D:\ProbeStationData\CALICE_6in_256ch_016_IV_CV_20250604_0\CALICE_6in_256ch_016_IV_CV_20250604_0_CV.txt" -o  "D:\ProbeStationData\CALICE_6in_256ch_016_IV_CV_20250604_0\CALICE_6in_256ch_016_IV_CV_20250604_0_CV_analysis.pdf" --CV  --select 200  --if SELECTOR:PADNUM:VAL -p PAD --sc 1-40--invertx -g "C:\Users\calice\Documents\HGCAL_sensor_tests-CALICE_6in_256ch\src\..\geo\hex_positions_HPK_256ch_6inch_CALICE.txt" --colorpalette 1
#HexPlot on matrix cmd:	C:\Users\calice\Desktop\ProbeStation\HGCAL_sensor_tests-CALICE_6in_256ch\bin\HexPlot.exe -i "D:\ProbeStationData\CALICE_6in_256ch_016_IV_CV_20250604_0\CALICE_6in_256ch_016_IV_CV_20250604_0_CV.txt" -o  "D:\ProbeStationData\CALICE_6in_256ch_016_IV_CV_20250604_0\CALICE_6in_256ch_016_IV_CV_20250604_0_CV.pdf" --CV  --select 200  --if SELECTOR:PADNUM:VAL  --pn 0 --invertx -g "C:\Users\calice\Documents\HGCAL_sensor_tests-CALICE_6in_256ch\geo\switch_matrix.txt" -m "C:\Users\calice\Documents\HGCAL_sensor_tests-CALICE_6in_256ch\src\..\maps\Probe_card_CALICE_6in_256ch.txt"  --colorpalette 1
#Voltage file:		C:\Users\calice\Desktop\ProbeStation\SensorTest_CALICE_6in_256ch\HGCAL_sensor_tests-CALICE_6in_256ch\config\Voltages_20250214.txt
#CV correction file:		None
#Comments:		sensor 016 yan IV CV

#Voltage	#Channel	#Cs        	#Error     	#Tot. curr.	#Act. vlt.	#Time   	#Temp	#Hum.	#Cp        	#Error      	#Impedance 	#Error     	#Phase      	#Error     	#Cs uncorr.	#Cp uncorr.
#[V]    	#       	#[pF]      	#[pF]      	#[nA]      	#[V]      	#[s]    	#[C] 	#[%] 	#[pF]      	#[pF]       	#[Ohm]     	#[Ohm]     	#[Rad]      	#[Rad]     	#[pF]      	#[pF]      
5.0     	1       	1.597808E+1	1.746842E-3	-1.59E-1   	5.00      	24.28   	24.3 	33.1 	1.599185E+1	3.006396E-6 	4.811777E+6	5.063925E+2	-1.584383E+0	3.055050E-5	1.653959E+1	1.653654E+1
5.0     	2       	1.607554E+1	1.022588E-3	-1.77E-1   	5.00      	27.14   	24.3 	33.1 	1.608917E+1	1.083916E-6 	4.783607E+6	2.967041E+2	-1.584637E+0	5.859465E-5	1.663705E+1	1.663386E+1
5.0     	3       	7.551750E-1	7.340500E-4	-1.77E-1   	5.00      	29.73   	24.3 	33.1 	6.135671E-1	4.382091E-7 	6.443870E+7	1.817251E+4	-1.925033E+0	1.321905E-3	1.316685E+0	1.158257E+0
5.0     	4       	1.611716E+1	6.028182E-4	-1.78E-1   	5.00      	32.27   	24.3 	33.1 	1.613138E+1	3.316866E-7 	4.771583E+6	1.686219E+2	-1.583287E+0	6.429101E-5	1.667867E+1	1.667607E+1
5.0     	5       	1.584831E+1	1.110719E-3	-1.84E-1   	5.00      	34.84   	24.3 	33.1 	1.586211E+1	1.248899E-6 	4.849827E+6	3.292922E+2	-1.584360E+0	2.000000E-5	1.640982E+1	1.640680E+1
5.0     	6       	1.583968E+1	1.594674E-3	-1.81E-1   	5.00      	37.41   	24.3 	33.1 	1.585296E+1	2.505756E-6 	4.852457E+6	4.700355E+2	-1.585483E+0	1.266228E-4	1.640119E+1	1.639765E+1
5.0     	7       	1.581667E+1	1.367098E-3	-1.84E-1   	5.00      	39.98   	24.3 	33.1 	1.582996E+1	1.888899E-6 	4.859273E+6	4.067350E+2	-1.585480E+0	1.732051E-5	1.637818E+1	1.637465E+1
5.0     	8       	1.587310E+1	1.043886E-3	-1.84E-1   	5.00      	42.55   	24.3 	33.1 	1.588745E+1	1.187729E-6 	4.842430E+6	3.143247E+2	-1.583043E+0	1.401190E-4	1.643461E+1	1.643214E+1
5.0     	9       	1.586028E+1	1.702925E-3	-1.80E-1   	5.00      	45.12   	24.3 	33.1 	1.587392E+1	2.916351E-6 	4.846317E+6	5.033223E+2	-1.584713E+0	3.511885E-5	1.642179E+1	1.641861E+1
5.0     	10      	1.584779E+1	5.002791E-4	-1.79E-1   	5.00      	47.70   	24.3 	33.1 	1.586094E+1	2.117816E-7 	4.850077E+6	1.418920E+2	-1.585763E+0	1.011599E-4	1.640930E+1	1.640563E+1
5.0     	11      	1.585628E+1	1.111470E-3	-1.79E-1   	5.00      	50.27   	24.3 	33.1 	1.586971E+1	1.347282E-6 	4.847527E+6	3.354599E+2	-1.585163E+0	1.096966E-4	1.641779E+1	1.641440E+1
5.0     	12      	1.582888E+1	1.706953E-3	-1.83E-1   	5.00      	52.84   	24.3 	33.1 	1.584279E+1	2.939805E-6 	4.855560E+6	5.068530E+2	-1.584123E+0	4.041452E-5	1.639039E+1	1.638748E+1
5.0     	13      	1.577758E+1	1.311207E-3	-1.82E-1   	5.00      	55.43   	24.3 	33.1 	1.579093E+1	1.793854E-6 	4.870890E+6	3.950949E+2	-1.585377E+0	7.505553E-5	1.633909E+1	1.633562E+1
5.0     	14      	1.598745E+1	1.205058E-3	-1.81E-1   	5.00      	58.00   	24.3 	33.1 	1.600135E+1	1.452987E-6 	4.809033E+6	3.501904E+2	-1.584090E+0	1.126943E-4	1.654896E+1	1.654604E+1
5.0     	15      	9.440518E-1	1.560135E-3	-1.78E-1   	5.00      	60.58   	24.3 	33.1 	9.573007E-1	2.342685E-6 	5.291850E+7	5.424952E+4	-1.619507E+0	1.298666E-3	1.505562E+0	1.501991E+0
5.0     	16      	1.626079E+1	1.809618E-3	-1.80E-1   	5.00      	63.12   	24.3 	33.1 	1.627475E+1	3.293163E-6 	4.730877E+6	5.096404E+2	-1.583843E+0	1.527525E-5	1.682230E+1	1.681944E+1
5.0     	17      	1.576384E+1	1.630790E-3	-1.84E-1   	5.00      	65.71   	24.3 	33.1 	1.577711E+1	2.747192E-6 	4.875003E+6	4.909515E+2	-1.585553E+0	1.011599E-4	1.632535E+1	1.632180E+1
5.0     	18      	1.552277E+1	9.984284E-4	-1.80E-1   	5.00      	68.28   	24.3 	33.1 	1.553535E+1	1.034415E-6 	4.948183E+6	3.100538E+2	-1.587023E+0	3.785939E-5	1.608428E+1	1.608004E+1
5.0     	19      	1.582028E+1	8.342255E-4	-1.80E-1   	5.00      	70.84   	24.3 	33.1 	1.583365E+1	6.462088E-7 	4.858190E+6	2.426932E+2	-1.585323E+0	1.607275E-4	1.638179E+1	1.637834E+1
5.0     	20      	1.557767E+1	1.967626E-3	-1.78E-1   	5.00      	73.41   	24.3 	33.1 	1.559044E+1	3.726133E-6 	4.931320E+6	5.955670E+2	-1.586623E+0	8.386497E-5	1.613918E+1	1.613513E+1
5.0     	21      	1.556795E+1	1.059137E-3	-1.79E-1   	5.00      	75.98   	24.3 	33.1 	1.558076E+1	1.200608E-6 	4.934287E+6	3.295957E+2	-1.586567E+0	1.006645E-4	1.612946E+1	1.612545E+1
5.0     	22      	1.551764E+1	1.565431E-3	-1.79E-1   	5.00      	78.55   	24.3 	33.1 	1.553045E+1	2.236428E-6 	4.949727E+6	4.712041E+2	-1.586587E+0	1.401190E-4	1.607915E+1	1.607514E+1
5.0     	23      	1.549162E+1	1.161887E-3	-1.77E-1   	5.00      	81.13   	24.3 	33.1 	1.550502E+1	1.300351E-6 	4.957660E+6	3.555278E+2	-1.585383E+0	6.506407E-5	1.605313E+1	1.604971E+1
5.0     	24      	1.545946E+1	5.001789E-4	-1.79E-1   	5.00      	83.70   	24.3 	33.1 	1.547317E+1	2.032920E-7 	4.967563E+6	1.474223E+2	-1.584723E+0	1.205543E-4	1.602097E+1	1.601786E+1
5.0     	25      	1.544440E+1	2.097371E-3	-1.77E-1   	5.00      	86.27   	24.3 	33.1 	1.545784E+1	4.457748E-6 	4.972280E+6	6.538348E+2	-1.585330E+0	4.582576E-5	1.600591E+1	1.600253E+1
5.0     	26      	1.554465E+1	2.032282E-3	-1.83E-1   	5.00      	88.84   	24.3 	33.1 	1.555786E+1	4.187840E-6 	4.941363E+6	6.256463E+2	-1.585753E+0	1.778576E-4	1.610616E+1	1.610255E+1
5.0     	27      	1.553527E+1	2.951904E-3	-1.82E-1   	5.00      	91.41   	24.3 	33.1 	1.554844E+1	8.816332E-6 	4.944250E+6	9.093404E+2	-1.585843E+0	1.021437E-4	1.609678E+1	1.609313E+1
5.0     	28      	1.561090E+1	1.142517E-3	-1.81E-1   	5.00      	93.99   	24.3 	33.1 	1.562364E+1	1.340168E-6 	4.921190E+6	3.500000E+2	-1.586680E+0	4.582576E-5	1.617241E+1	1.616833E+1
5.0     	29      	1.561982E+1	1.295380E-3	-1.78E-1   	5.00      	96.56   	24.3 	33.1 	1.563269E+1	1.703187E-6 	4.918457E+6	3.952636E+2	-1.586423E+0	2.081666E-5	1.618133E+1	1.617738E+1
5.0     	30      	1.554681E+1	2.813116E-3	-1.79E-1   	5.00      	99.14   	24.3 	33.1 	1.555998E+1	8.009513E-6 	4.940707E+6	8.655827E+2	-1.585863E+0	6.027714E-5	1.610832E+1	1.610467E+1
5.0     	31      	1.574900E+1	2.697893E-3	-1.80E-1   	5.00      	101.72  	24.3 	33.1 	1.576164E+1	7.288952E-6 	4.879533E+6	8.075477E+2	-1.586803E+0	2.516611E-5	1.631051E+1	1.630633E+1
5.0     	32      	1.575206E+1	1.138654E-3	-1.82E-1   	5.00      	104.34  	24.3 	33.1 	1.576646E+1	1.325594E-6 	4.878353E+6	3.423935E+2	-1.582983E+0	7.505553E-5	1.631357E+1	1.631115E+1
5.0     	33      	1.573476E+1	8.986850E-4	-1.82E-1   	5.00      	106.87  	24.3 	33.1 	1.574816E+1	7.875927E-7 	4.883683E+6	2.676440E+2	-1.585263E+0	5.859465E-5	1.629627E+1	1.629285E+1
5.0     	34      	1.551434E+1	7.786080E-4	-1.79E-1   	5.00      	109.45  	24.3 	33.1 	1.552689E+1	6.095155E-7 	4.950783E+6	2.400694E+2	-1.587090E+0	7.000000E-5	1.607585E+1	1.607158E+1
5.0     	35      	1.558333E+1	9.567763E-4	-1.78E-1   	5.00      	112.01  	24.3 	33.1 	1.559687E+1	1.009032E-6 	4.929473E+6	2.993883E+2	-1.585070E+0	1.300000E-4	1.614484E+1	1.614156E+1
5.0     	36      	1.550453E+1	4.514334E-4	-1.79E-1   	5.00      	114.57  	24.3 	33.1 	1.551716E+1	2.226390E-7 	4.953793E+6	1.422439E+2	-1.586957E+0	8.144528E-5	1.606604E+1	1.606185E+1
5.0     	37      	1.545113E+1	5.739186E-4	-1.78E-1   	5.00      	117.15  	24.3 	33.1 	1.546372E+1	3.354589E-7 	4.970323E+6	1.789786E+2	-1.587047E+0	2.516611E-5	1.601264E+1	1.600841E+1
5.0     	38      	1.529827E+1	9.313032E-5	-1.82E-1   	5.00      	119.72  	24.3 	33.1 	1.531091E+1	4.379670E-9 	5.018227E+6	2.516611E+1	-1.587037E+0	5.507571E-5	1.585978E+1	1.585560E+1
5.0     	39      	1.534009E+1	1.428295E-3	-1.78E-1   	5.00      	122.30  	24.3 	33.1 	1.535268E+1	2.085783E-6 	5.005033E+6	4.521430E+2	-1.587107E+0	3.511885E-5	1.590160E+1	1.589737E+1
5.0     	40      	1.540311E+1	6.987085E-4	-1.82E-1   	5.00      	124.87  	24.3 	33.1 	1.541633E+1	4.648113E-7 	4.985177E+6	2.154840E+2	-1.585817E+0	8.504901E-5	1.596462E+1	1.596102E+1
5.0     	41      	1.541805E+1	5.894596E-4	-1.84E-1   	5.00      	127.44  	24.3 	33.1 	1.543141E+1	2.946570E-7 	4.980493E+6	1.761628E+2	-1.585510E+0	1.734935E-4	1.597956E+1	1.597610E+1
5.0     	42      	1.534540E+1	9.614029E-4	-1.82E-1   	5.00      	130.03  	24.3 	33.1 	1.535818E+1	9.706845E-7 	5.003333E+6	3.061590E+2	-1.586743E+0	6.110101E-5	1.590691E+1	1.590287E+1
5.0     	43      	1.530596E+1	3.895346E-4	-1.78E-1   	5.00      	132.60  	24.3 	33.1 	1.531848E+1	1.220254E-7 	5.015813E+6	1.167619E+2	-1.587257E+0	8.386497E-5	1.586747E+1	1.586317E+1
5.0     	44      	1.541971E+1	9.613043E-4	-1.78E-1   	5.00      	135.18  	24.3 	33.1 	1.543253E+1	7.658976E-7 	4.980060E+6	2.861818E+2	-1.586627E+0	1.703917E-4	1.598122E+1	1.597722E+1
5.0     	45      	1.554549E+1	1.436117E-3	-1.77E-1   	5.00      	137.74  	24.3 	33.1 	1.555823E+1	2.138623E-6 	4.941177E+6	4.446722E+2	-1.586710E+0	5.196152E-5	1.610700E+1	1.610292E+1
5.0     	46      	1.564460E+1	4.250297E-4	-1.78E-1   	5.00      	140.31  	24.3 	33.1 	1.565830E+1	1.743522E-7 	4.910810E+6	1.276715E+2	-1.584660E+0	1.732051E-5	1.620611E+1	1.620299E+1
5.0     	47      	1.555050E+1	4.818468E-4	-1.83E-1   	5.00      	142.90  	24.3 	33.1 	1.556338E+1	1.861949E-7 	4.939620E+6	1.400000E+2	-1.586420E+0	1.058301E-4	1.611201E+1	1.610807E+1
5.0     	48      	1.598724E+1	1.520016E-3	-1.83E-1   	5.00      	145.47  	24.3 	33.1 	1.600148E+1	2.248517E-6 	4.809043E+6	4.387862E+2	-1.583287E+0	6.027714E-5	1.654875E+1	1.654617E+1
5.0     	49      	1.573883E+1	1.419404E-3	-1.80E-1   	5.00      	148.04  	24.3 	33.1 	1.575159E+1	2.052350E-6 	4.882560E+6	4.272002E+2	-1.586577E+0	2.886751E-5	1.630034E+1	1.629628E+1
5.0     	50      	1.553422E+1	1.183176E-3	-1.83E-1   	5.00      	150.61  	24.3 	33.1 	1.554690E+1	1.435761E-6 	4.944647E+6	3.655589E+2	-1.586833E+0	1.800926E-4	1.609573E+1	1.609159E+1
5.0     	51      	1.547036E+1	1.132067E-3	-1.78E-1   	5.00      	153.19  	24.3 	33.1 	1.548372E+1	1.239953E-6 	4.964240E+6	3.477068E+2	-1.585480E+0	6.082763E-5	1.603187E+1	1.602841E+1
5.0     	52      	1.540390E+1	1.368706E-3	-1.77E-1   	5.00      	155.76  	24.3 	33.1 	1.541661E+1	1.691793E-6 	4.985010E+6	4.167733E+2	-1.586847E+0	1.331666E-4	1.596541E+1	1.596130E+1
5.0     	53      	1.529507E+1	1.190168E-3	-1.80E-1   	5.00      	158.33  	24.3 	33.1 	1.530755E+1	1.426121E-6 	5.019263E+6	3.774034E+2	-1.587333E+0	3.214550E-5	1.585658E+1	1.585224E+1
5.0     	54      	1.553052E+1	7.133008E-4	-1.78E-1   	5.00      	160.93  	24.3 	33.1 	1.554312E+1	5.201107E-7 	4.945797E+6	2.203028E+2	-1.586973E+0	1.101514E-4	1.609203E+1	1.608781E+1
5.0     	55      	1.563123E+1	9.840442E-4	-1.80E-1   	5.00      	163.49  	24.3 	33.1 	1.564425E+1	9.917299E-7 	4.914970E+6	3.004996E+2	-1.586113E+0	3.511885E-5	1.619274E+1	1.618894E+1
5.0     	56      	1.549747E+1	1.602968E-3	-1.82E-1   	5.00      	166.05  	24.3 	33.1 	1.551042E+1	2.462448E-6 	4.955923E+6	4.895236E+2	-1.586310E+0	7.211103E-5	1.605898E+1	1.605511E+1
5.0     	57      	1.548378E+1	1.845877E-3	-1.79E-1   	5.00      	168.62  	24.3 	33.1 	1.549698E+1	3.333786E-6 	4.960113E+6	5.675679E+2	-1.585803E+0	5.131601E-5	1.604529E+1	1.604167E+1
5.0     	58      	1.559963E+1	2.413734E-3	-1.80E-1   	5.00      	171.20  	24.3 	33.1 	1.561263E+1	5.752216E-6 	4.924583E+6	7.333030E+2	-1.586183E+0	6.658328E-5	1.616114E+1	1.615732E+1
5.0     	59      	1.559486E+1	8.039940E-4	-1.80E-1   	5.00      	173.79  	24.3 	33.1 	1.560765E+1	6.379016E-7 	4.926070E+6	2.443358E+2	-1.586583E+0	3.785939E-5	1.615637E+1	1.615234E+1
5.0     	60      	1.534278E+1	1.859657E-4	-1.81E-1   	5.00      	176.35  	24.3 	33.1 	1.535527E+1	4.956600E-8 	5.004203E+6	6.429101E+1	-1.587310E+0	7.000000E-5	1.590429E+1	1.589996E+1
5.0     	61      	1.565542E+1	1.234675E-3	-1.83E-1   	5.00      	178.91  	24.3 	33.1 	1.566841E+1	1.508558E-6 	4.907640E+6	3.726929E+2	-1.586167E+0	2.309401E-5	1.621693E+1	1.621310E+1
5.0     	62      	1.582409E+1	1.272623E-3	-1.78E-1   	5.00      	181.48  	24.3 	33.1 	1.583794E+1	1.744094E-6 	4.856990E+6	3.843176E+2	-1.584250E+0	1.452584E-4	1.638560E+1	1.638263E+1
5.0     	63      	1.585867E+1	2.233993E-3	-1.83E-1   	5.00      	184.05  	24.3 	33.1 	1.587196E+1	5.191271E-6 	4.846843E+6	6.660581E+2	-1.585460E+0	9.848858E-5	1.642018E+1	1.641665E+1
5.0     	64      	1.026500E+0	1.467348E-3	-1.79E-1   	5.00      	186.63  	24.3 	33.1 	9.550688E-1	2.603136E-6 	5.156477E+7	5.133121E+4	-1.808777E+0	4.781562E-4	1.588010E+0	1.499759E+0
5.0     	65      	1.574785E+1	1.079986E-3	-1.78E-1   	5.00      	189.20  	24.3 	33.1 	1.576022E+1	1.121824E-6 	4.879917E+6	3.200521E+2	-1.587310E+0	4.582576E-5	1.630936E+1	1.630491E+1
5.0     	66      	1.554969E+1	1.004636E-4	-1.79E-1   	5.00      	191.79  	24.3 	33.1 	1.556241E+1	1.076354E-8 	4.939893E+6	3.055050E+1	-1.586740E+0	8.717798E-5	1.611120E+1	1.610710E+1
5.0     	67      	1.543891E+1	1.030003E-3	-1.80E-1   	5.00      	194.34  	24.3 	33.1 	1.545134E+1	1.141731E-6 	4.974143E+6	3.262412E+2	-1.587357E+0	7.371115E-5	1.600042E+1	1.599603E+1
5.0     	68      	1.531746E+1	6.173795E-4	-1.80E-1   	5.00      	196.91  	24.3 	33.1 	1.532982E+1	3.761145E-7 	5.012203E+6	1.942507E+2	-1.587557E+0	1.527525E-5	1.587897E+1	1.587451E+1
5.0     	69      	1.554066E+1	9.959727E-4	-1.78E-1   	5.00      	199.48  	24.3 	33.1 	1.555320E+1	9.521647E-7 	4.942690E+6	3.026549E+2	-1.587093E+0	5.507571E-5	1.610217E+1	1.609789E+1
5.0     	70      	1.544936E+1	5.184278E-4	-1.81E-1   	5.00      	202.05  	24.3 	33.1 	1.546205E+1	2.759422E-7 	4.970857E+6	1.619671E+2	-1.586850E+0	6.244998E-5	1.601087E+1	1.600674E+1
5.0     	71      	1.530147E+1	1.467053E-3	-1.78E-1   	5.00      	204.64  	24.3 	33.1 	1.531390E+1	1.995117E-6 	5.017247E+6	4.554485E+2	-1.587433E+0	1.123981E-4	1.586298E+1	1.585859E+1
5.0     	72      	1.554006E+1	8.333227E-4	-1.74E-1   	5.00      	207.19  	24.3 	33.1 	1.555305E+1	7.029375E-7 	4.942807E+6	2.565801E+2	-1.586220E+0	6.557439E-5	1.610157E+1	1.609774E+1
5.0     	73      	1.559567E+1	6.032110E-4	-1.78E-1   	5.00      	209.77  	24.3 	33.1 	1.560850E+1	3.795295E-7 	4.925817E+6	1.858315E+2	-1.586503E+0	6.350853E-5	1.615718E+1	1.615319E+1
5.0     	74      	1.540431E+1	3.737454E-3	-1.82E-1   	5.00      	212.36  	24.3 	33.1 	1.541688E+1	1.335711E-5 	4.984903E+6	1.154181E+3	-1.587123E+0	1.761628E-4	1.596582E+1	1.596157E+1
5.0     	75      	1.533460E+1	2.265587E-3	-1.82E-1   	5.00      	214.91  	24.3 	33.1 	1.534709E+1	5.886004E-6 	5.006780E+6	7.389858E+2	-1.587293E+0	3.200521E-4	1.589611E+1	1.589178E+1
5.0     	76      	1.586805E+1	1.050715E-3	-1.83E-1   	5.00      	217.48  	24.3 	33.1 	1.588117E+1	1.114252E-6 	4.844100E+6	3.104835E+2	-1.585797E+0	8.504901E-5	1.642956E+1	1.642586E+1
5.0     	77      	7.462213E-1	1.251425E-3	-1.81E-1   	5.00      	220.05  	24.3 	33.1 	6.134948E-1	1.563600E-6 	6.466097E+7	5.282275E+4	-1.915760E+0	1.697439E-3	1.307731E+0	1.158185E+0
5.0     	78      	7.512031E-1	6.232504E-4	-1.82E-1   	5.00      	222.63  	24.3 	33.1 	6.154799E-1	1.097173E-6 	6.448290E+7	4.038465E+4	-1.918657E+0	9.851057E-4	1.312713E+0	1.160170E+0
5.0     	79      	1.585525E+1	1.849925E-3	-1.79E-1   	5.00      	225.20  	24.3 	33.1 	1.586803E+1	3.352876E-6 	4.847927E+6	5.435378E+2	-1.586480E+0	4.000000E-5	1.641676E+1	1.641272E+1
5.0     	80      	1.607220E+1	2.247270E-4	-1.78E-1   	5.00      	227.77  	24.3 	33.1 	1.608539E+1	3.713505E-8 	4.784630E+6	6.000000E+1	-1.585577E+0	7.234178E-5	1.663371E+1	1.663008E+1
5.0     	81      	1.579284E+1	1.017084E-3	-1.77E-1   	5.00      	230.34  	24.3 	33.1 	1.580551E+1	1.034751E-6 	4.866447E+6	3.027100E+2	-1.586727E+0	5.773503E-6	1.635435E+1	1.635020E+1
5.0     	82      	1.549390E+1	1.091393E-3	-1.79E-1   	5.00      	232.92  	24.3 	33.1 	1.550612E+1	1.146530E-6 	4.957137E+6	3.338163E+2	-1.587727E+0	6.350853E-5	1.605541E+1	1.605081E+1
5.0     	83      	1.538483E+1	1.080780E-3	-1.76E-1   	5.00      	235.48  	24.3 	33.1 	1.539693E+1	1.257358E-6 	4.991067E+6	3.444319E+2	-1.587993E+0	1.628906E-4	1.594634E+1	1.594162E+1
5.0     	84      	1.552516E+1	1.389047E-3	-1.80E-1   	5.00      	238.05  	24.3 	33.1 	1.553753E+1	1.902830E-6 	4.947480E+6	4.257934E+2	-1.587413E+0	4.041452E-5	1.608667E+1	1.608222E+1
5.0     	85      	1.548831E+1	6.163243E-4	-1.80E-1   	5.00      	240.64  	24.3 	33.1 	1.550058E+1	3.709030E-7 	4.958857E+6	1.892969E+2	-1.587650E+0	3.605551E-5	1.604982E+1	1.604527E+1
5.0     	86      	1.541013E+1	8.674051E-4	-1.81E-1   	5.00      	243.20  	24.3 	33.1 	1.542230E+1	6.922184E-7 	4.983150E+6	2.651415E+2	-1.587857E+0	6.658328E-5	1.597164E+1	1.596699E+1
5.0     	87      	1.579086E+1	1.600461E-3	-1.78E-1   	5.00      	245.77  	24.3 	33.1 	1.580337E+1	2.786315E-6 	4.867060E+6	4.866210E+2	-1.587023E+0	1.342882E-4	1.635237E+1	1.634806E+1
5.0     	88      	1.579133E+1	1.402716E-3	-1.76E-1   	5.00      	248.34  	24.3 	33.1 	1.580379E+1	2.027867E-6 	4.866927E+6	4.206344E+2	-1.587137E+0	1.069268E-4	1.635284E+1	1.634848E+1
5.0     	89      	1.583975E+1	2.020376E-3	-1.83E-1   	5.00      	250.91  	24.3 	33.1 	1.585230E+1	3.995556E-6 	4.852543E+6	5.946708E+2	-1.586920E+0	5.196152E-5	1.640126E+1	1.639699E+1
5.0     	90      	1.591150E+1	1.407378E-3	-1.79E-1   	5.00      	253.49  	24.3 	33.1 	1.592408E+1	1.933905E-6 	4.831400E+6	4.103657E+2	-1.586837E+0	3.785939E-5	1.647301E+1	1.646877E+1
5.0     	91      	1.563801E+1	1.910267E-3	-1.78E-1   	5.00      	256.07  	24.3 	33.1 	1.565047E+1	3.738411E-6 	4.912997E+6	5.828665E+2	-1.587217E+0	1.001665E-4	1.619952E+1	1.619516E+1
5.0     	92      	1.536718E+1	1.382024E-3	-1.82E-1   	5.00      	258.65  	24.3 	33.1 	1.537940E+1	2.018274E-6 	4.996580E+6	4.396590E+2	-1.587780E+0	7.211103E-5	1.592869E+1	1.592409E+1
5.0     	93      	1.586825E+1	1.083605E-3	-1.77E-1   	5.00      	261.23  	24.3 	33.1 	1.588088E+1	1.104806E-6 	4.844113E+6	3.146956E+2	-1.586750E+0	8.185353E-5	1.642976E+1	1.642557E+1
5.0     	94      	1.565503E+1	1.710547E-3	-1.84E-1   	5.00      	263.79  	24.3 	33.1 	1.566753E+1	2.816762E-6 	4.907833E+6	5.128678E+2	-1.587130E+0	8.717798E-5	1.621654E+1	1.621222E+1
5.0     	95      	1.550036E+1	1.967658E-3	-1.79E-1   	5.00      	266.37  	24.3 	33.1 	1.551261E+1	3.869230E-6 	4.955140E+6	6.069596E+2	-1.587667E+0	5.507571E-5	1.606187E+1	1.605730E+1
5.0     	96      	1.604025E+1	1.177809E-3	-1.81E-1   	5.00      	268.94  	24.3 	33.1 	1.605323E+1	1.364443E-6 	4.793870E+6	3.386739E+2	-1.586007E+0	8.386497E-5	1.660176E+1	1.659792E+1
5.0     	97      	1.578231E+1	1.314798E-3	-1.82E-1   	5.00      	271.51  	24.3 	33.1 	1.579506E+1	1.600465E-6 	4.869570E+6	3.843176E+2	-1.586580E+0	1.252996E-4	1.634382E+1	1.633975E+1
5.0     	98      	1.544713E+1	2.094277E-3	-1.78E-1   	5.00      	274.08  	24.3 	33.1 	1.545941E+1	4.456282E-6 	4.971613E+6	6.530952E+2	-1.587627E+0	3.785939E-5	1.600864E+1	1.600410E+1
5.0     	99      	1.539771E+1	2.701517E-3	-1.78E-1   	5.00      	276.65  	24.3 	33.1 	1.541005E+1	7.254528E-6 	4.987000E+6	8.430896E+2	-1.587553E+0	6.506407E-5	1.595922E+1	1.595474E+1
5.0     	100     	1.555267E+1	8.372655E-4	-1.77E-1   	5.00      	279.23  	24.3 	33.1 	1.556516E+1	6.084643E-7 	4.939013E+6	2.478575E+2	-1.587193E+0	1.150362E-4	1.611418E+1	1.610985E+1
5.0     	101     	1.531708E+1	7.884791E-4	-1.83E-1   	5.00      	281.80  	24.3 	33.1 	1.532934E+1	5.609480E-7 	5.012340E+6	2.426932E+2	-1.587733E+0	7.637626E-5	1.587859E+1	1.587403E+1
5.0     	102     	1.569032E+1	1.226037E-3	-1.76E-1   	5.00      	284.38  	24.3 	33.1 	1.570287E+1	1.529967E-6 	4.897167E+6	3.711244E+2	-1.587000E+0	2.645751E-5	1.625183E+1	1.624756E+1
5.0     	103     	1.569286E+1	8.312781E-4	-1.77E-1   	5.00      	286.95  	24.3 	33.1 	1.570600E+1	6.869163E-7 	4.896313E+6	2.500667E+2	-1.585853E+0	1.527525E-5	1.625437E+1	1.625069E+1
5.0     	104     	1.557022E+1	4.536847E-4	-1.77E-1   	5.00      	289.53  	24.3 	33.1 	1.558332E+1	1.886158E-7 	4.933547E+6	1.357694E+2	-1.585990E+0	5.567764E-5	1.613173E+1	1.612801E+1
5.0     	105     	1.560806E+1	1.046505E-3	-1.85E-1   	5.00      	292.10  	24.3 	33.1 	1.562053E+1	1.141153E-6 	4.922097E+6	3.219213E+2	-1.587193E+0	4.163332E-5	1.616957E+1	1.616522E+1
5.0     	106     	1.578853E+1	8.880638E-4	-1.82E-1   	5.00      	294.68  	24.3 	33.1 	1.580113E+1	7.980287E-7 	4.867740E+6	2.651415E+2	-1.586873E+0	7.637626E-5	1.635004E+1	1.634582E+1
5.0     	107     	1.596107E+1	2.407912E-3	-1.84E-1   	5.00      	297.25  	24.3 	33.1 	1.597441E+1	5.984109E-6 	4.816793E+6	7.076958E+2	-1.585327E+0	8.082904E-5	1.652258E+1	1.651910E+1
5.0     	108     	1.550954E+1	2.610881E-4	-1.83E-1   	5.00      	299.82  	24.3 	33.1 	1.552195E+1	3.859696E-8 	4.952283E+6	7.023769E+1	-1.587347E+0	1.422439E-4	1.607105E+1	1.606664E+1
5.0     	109     	1.550204E+1	1.761886E-3	-1.80E-1   	5.00      	302.39  	24.3 	33.1 	1.551442E+1	2.890546E-6 	4.954600E+6	5.339476E+2	-1.587417E+0	1.250333E-4	1.606355E+1	1.605911E+1
5.0     	110     	1.536789E+1	1.475774E-3	-1.81E-1   	5.00      	304.97  	24.3 	33.1 	1.538024E+1	2.039788E-6 	4.996337E+6	4.554485E+2	-1.587553E+0	1.115049E-4	1.592940E+1	1.592493E+1
5.0     	111     	1.546113E+1	9.602313E-4	-1.81E-1   	5.00      	307.54  	24.3 	33.1 	1.547350E+1	9.850959E-7 	4.967253E+6	3.027100E+2	-1.587463E+0	7.371115E-5	1.602264E+1	1.601819E+1
5.0     	112     	1.585438E+1	1.006269E-3	-1.84E-1   	5.00      	310.12  	24.3 	33.1 	1.586717E+1	1.063162E-6 	4.848183E+6	3.008876E+2	-1.586467E+0	6.110101E-5	1.641589E+1	1.641186E+1
5.0     	113     	1.574068E+1	1.722432E-3	-1.80E-1   	5.00      	312.68  	24.3 	33.1 	1.575319E+1	2.922844E-6 	4.882043E+6	5.139390E+2	-1.587053E+0	2.516611E-5	1.630219E+1	1.629788E+1
5.0     	114     	1.543359E+1	1.538981E-3	-1.78E-1   	5.00      	315.26  	24.3 	33.1 	1.544583E+1	2.470117E-6 	4.975827E+6	4.838733E+2	-1.587720E+0	7.211103E-5	1.599510E+1	1.599052E+1
5.0     	115     	1.536319E+1	9.536580E-4	-1.80E-1   	5.00      	317.84  	24.3 	33.1 	1.537542E+1	8.057631E-7 	4.997830E+6	2.905168E+2	-1.587783E+0	1.154701E-4	1.592470E+1	1.592011E+1
5.0     	116     	1.553715E+1	3.210845E-3	-1.81E-1   	5.00      	320.40  	24.3 	33.1 	1.554962E+1	1.011139E-5 	4.943780E+6	9.813766E+2	-1.587223E+0	6.658328E-5	1.609866E+1	1.609431E+1
5.0     	117     	1.537394E+1	5.876630E-4	-1.80E-1   	5.00      	322.98  	24.3 	33.1 	1.538624E+1	3.073416E-7 	4.994447E+6	1.789786E+2	-1.587633E+0	6.658328E-5	1.593545E+1	1.593093E+1
5.0     	118     	1.567420E+1	8.750559E-4	-1.83E-1   	5.00      	325.55  	24.3 	33.1 	1.568668E+1	7.937787E-7 	4.902040E+6	2.666458E+2	-1.587137E+0	3.055050E-5	1.623571E+1	1.623137E+1
5.0     	119     	1.558547E+1	3.950417E-4	-1.83E-1   	5.00      	328.12  	24.3 	33.1 	1.559787E+1	1.516752E-7 	4.928993E+6	1.193035E+2	-1.587330E+0	1.276715E-4	1.614698E+1	1.614256E+1
5.0     	120     	1.559561E+1	1.009544E-3	-1.84E-1   	5.00      	330.70  	24.3 	33.1 	1.560805E+1	1.003805E-6 	4.925893E+6	3.066486E+2	-1.587260E+0	4.358899E-5	1.615712E+1	1.615274E+1
5.0     	121     	1.569912E+1	3.879851E-4	-1.81E-1   	5.00      	333.26  	24.3 	33.1 	1.571172E+1	1.966180E-7 	4.894510E+6	1.249000E+2	-1.586907E+0	1.450287E-4	1.626063E+1	1.625641E+1
5.0     	122     	1.558910E+1	7.661212E-4	-1.77E-1   	5.00      	335.85  	24.3 	33.1 	1.560151E+1	5.586586E-7 	4.927883E+6	2.309401E+2	-1.587320E+0	4.000000E-5	1.615061E+1	1.614620E+1
5.0     	123     	1.595091E+1	1.088695E-3	-1.81E-1   	5.00      	338.41  	24.3 	33.1 	1.596364E+1	1.202727E-6 	4.819847E+6	3.189566E+2	-1.586523E+0	4.932883E-5	1.651242E+1	1.650833E+1
5.0     	124     	1.570675E+1	2.855224E-4	-1.79E-1   	5.00      	340.98  	24.3 	33.1 	1.571935E+1	9.842359E-8 	4.892213E+6	8.962886E+1	-1.586900E+0	1.300000E-4	1.626826E+1	1.626404E+1
5.0     	125     	1.536596E+1	1.667897E-3	-1.83E-1   	5.00      	343.55  	24.3 	33.1 	1.537832E+1	2.929577E-6 	4.996940E+6	5.301886E+2	-1.587537E+0	1.167619E-4	1.592747E+1	1.592301E+1
5.0     	126     	1.539676E+1	1.230440E-3	-1.79E-1   	5.00      	346.14  	24.3 	33.1 	1.540905E+1	1.601167E-6 	4.987307E+6	3.900427E+2	-1.587643E+0	7.505553E-5	1.595827E+1	1.595374E+1
5.0     	127     	1.541842E+1	1.136426E-3	-1.79E-1   	5.00      	348.72  	24.3 	33.1 	1.543080E+1	1.279645E-6 	4.980530E+6	3.534119E+2	-1.587463E+0	2.886751E-5	1.597993E+1	1.597549E+1
5.0     	128     	1.582925E+1	3.143472E-4	-1.78E-1   	5.00      	351.29  	24.3 	33.1 	1.584225E+1	1.414132E-7 	4.855587E+6	1.021437E+2	-1.586053E+0	1.418920E-4	1.639076E+1	1.638694E+1
5.0     	129     	1.571877E+1	3.959189E-4	-1.83E-1   	5.00      	353.85  	24.3 	33.1 	1.573171E+1	2.257967E-7 	4.888550E+6	1.307670E+2	-1.586247E+0	1.628906E-4	1.628028E+1	1.627640E+1
5.0     	130     	1.543370E+1	5.369029E-4	-1.78E-1   	5.00      	356.42  	24.3 	33.1 	1.544594E+1	2.914995E-7 	4.975793E+6	1.674316E+2	-1.587727E+0	6.027714E-5	1.599521E+1	1.599063E+1
5.0     	131     	1.534843E+1	1.422735E-3	-1.79E-1   	5.00      	358.99  	24.3 	33.1 	1.536117E+1	2.038277E-6 	5.002387E+6	4.481443E+2	-1.586823E+0	2.309401E-5	1.590994E+1	1.590586E+1
5.0     	132     	1.550386E+1	2.426721E-3	-1.83E-1   	5.00      	361.57  	24.3 	33.1 	1.551634E+1	5.834042E-6 	4.954023E+6	7.466146E+2	-1.587240E+0	3.605551E-5	1.606537E+1	1.606103E+1
5.0     	133     	1.546305E+1	1.865337E-4	-1.83E-1   	5.00      	364.15  	24.3 	33.1 	1.547582E+1	4.331492E-8 	4.966597E+6	6.110101E+1	-1.586700E+0	5.567764E-5	1.602456E+1	1.602051E+1
5.0     	134     	1.566585E+1	4.378871E-4	-1.78E-1   	5.00      	366.72  	24.3 	33.1 	1.567829E+1	1.826527E-7 	4.904570E+6	1.307670E+2	-1.587220E+0	2.645751E-5	1.622736E+1	1.622298E+1
5.0     	135     	1.560722E+1	4.455176E-4	-1.78E-1   	5.00      	369.28  	24.3 	33.1 	1.561952E+1	2.047663E-7 	4.922377E+6	1.365040E+2	-1.587517E+0	9.291573E-5	1.616873E+1	1.616421E+1
5.0     	136     	1.546904E+1	1.613722E-3	-1.85E-1   	5.00      	371.84  	24.3 	33.1 	1.548173E+1	2.585666E-6 	4.964753E+6	4.989322E+2	-1.586840E+0	8.888194E-5	1.603055E+1	1.602642E+1
5.0     	137     	1.541572E+1	1.221955E-3	-1.78E-1   	5.00      	374.42  	24.3 	33.1 	1.542844E+1	1.526854E-6 	4.981320E+6	3.831449E+2	-1.586810E+0	3.000000E-5	1.597723E+1	1.597313E+1
5.0     	138     	1.565420E+1	5.193040E-4	-1.79E-1   	5.00      	376.99  	24.3 	33.1 	1.566662E+1	2.342650E-7 	4.908097E+6	1.517674E+2	-1.587253E+0	9.291573E-5	1.621571E+1	1.621131E+1
5.0     	139     	1.593677E+1	2.323176E-3	-1.81E-1   	5.00      	379.56  	24.3 	33.1 	1.594942E+1	5.466758E-6 	4.823990E+6	6.814690E+2	-1.586707E+0	8.962886E-5	1.649828E+1	1.649411E+1
5.0     	140     	1.566536E+1	2.548247E-3	-1.79E-1   	5.00      	382.13  	24.3 	33.1 	1.567821E+1	6.680421E-6 	4.904657E+6	7.757147E+2	-1.586440E+0	1.249000E-4	1.622687E+1	1.622290E+1
5.0     	141     	1.534123E+1	1.302436E-3	-1.77E-1   	5.00      	384.70  	24.3 	33.1 	1.535356E+1	1.703921E-6 	5.004717E+6	4.104063E+2	-1.587613E+0	2.516611E-5	1.590274E+1	1.589825E+1
5.0     	142     	1.537156E+1	4.525545E-4	-1.80E-1   	5.00      	387.27  	24.3 	33.1 	1.538433E+1	1.884935E-7 	4.995120E+6	1.389244E+2	-1.586737E+0	7.234178E-5	1.593307E+1	1.592902E+1
5.0     	143     	1.542080E+1	1.195490E-3	-1.80E-1   	5.00      	389.86  	24.3 	33.1 	1.543306E+1	1.549818E-6 	4.979807E+6	3.800439E+2	-1.587680E+0	1.752142E-4	1.598231E+1	1.597775E+1
5.0     	144     	1.578937E+1	4.121268E-4	-1.81E-1   	5.00      	392.42  	24.3 	33.1 	1.580248E+1	1.831205E-7 	4.867413E+6	1.250333E+2	-1.585863E+0	4.163332E-5	1.635088E+1	1.634717E+1
5.0     	145     	1.572181E+1	1.253612E-3	-1.80E-1   	5.00      	394.98  	24.3 	33.1 	1.573486E+1	1.534015E-6 	4.887620E+6	3.740321E+2	-1.586020E+0	6.082763E-5	1.628332E+1	1.627955E+1
5.0     	146     	1.541524E+1	1.458450E-3	-1.78E-1   	5.00      	397.58  	24.3 	33.1 	1.542756E+1	2.250286E-6 	4.981530E+6	4.613025E+2	-1.587580E+0	8.185353E-5	1.597675E+1	1.597225E+1
5.0     	147     	1.535093E+1	1.321855E-3	-1.78E-1   	5.00      	400.13  	24.3 	33.1 	1.536312E+1	1.602680E-6 	5.001687E+6	4.067350E+2	-1.587863E+0	1.115049E-4	1.591244E+1	1.590781E+1
5.0     	148     	1.572608E+1	1.279886E-4	-1.81E-1   	5.00      	402.70  	24.3 	33.1 	1.573890E+1	1.133575E-8 	4.886373E+6	3.511885E+1	-1.586457E+0	4.932883E-5	1.628759E+1	1.628359E+1
5.0     	149     	1.540336E+1	1.306634E-3	-1.82E-1   	5.00      	405.27  	24.3 	33.1 	1.541569E+1	1.719555E-6 	4.985237E+6	4.086971E+2	-1.587577E+0	1.069268E-4	1.596487E+1	1.596038E+1
5.0     	150     	1.563035E+1	1.633587E-3	-1.81E-1   	5.00      	407.85  	24.3 	33.1 	1.564288E+1	2.646023E-6 	4.915310E+6	4.948737E+2	-1.587063E+0	9.291573E-5	1.619186E+1	1.618757E+1
5.0     	151     	1.578870E+1	3.644501E-4	-1.81E-1   	5.00      	410.42  	24.3 	33.1 	1.580123E+1	1.311516E-7 	4.867700E+6	1.081665E+2	-1.587010E+0	1.732051E-5	1.635021E+1	1.634592E+1
5.0     	152     	1.561126E+1	3.750407E-4	-1.80E-1   	5.00      	413.00  	24.3 	33.1 	1.562357E+1	1.635950E-7 	4.921147E+6	1.184624E+2	-1.587497E+0	9.073772E-5	1.617277E+1	1.616826E+1
5.0     	153     	1.564359E+1	1.248440E-3	-1.82E-1   	5.00      	415.57  	24.3 	33.1 	1.565612E+1	1.460368E-6 	4.911293E+6	3.723350E+2	-1.587060E+0	8.000000E-5	1.620510E+1	1.620081E+1
5.0     	154     	1.573274E+1	1.434628E-3	-1.79E-1   	5.00      	418.14  	24.3 	33.1 	1.574520E+1	2.015997E-6 	4.884430E+6	4.279019E+2	-1.587157E+0	4.725816E-5	1.629425E+1	1.628989E+1
5.0     	155     	1.586571E+1	5.728204E-4	-1.83E-1   	5.00      	420.73  	24.3 	33.1 	1.587845E+1	3.486225E-7 	4.844847E+6	1.715615E+2	-1.586567E+0	3.511885E-5	1.642722E+1	1.642314E+1
5.0     	156     	1.547517E+1	1.313362E-3	-1.79E-1   	5.00      	423.31  	24.3 	33.1 	1.548763E+1	1.772738E-6 	4.962890E+6	4.092676E+2	-1.587280E+0	6.244998E-5	1.603668E+1	1.603232E+1
5.0     	157     	1.539040E+1	1.108661E-2	-1.81E-1   	5.00      	425.87  	24.3 	33.1 	1.540390E+1	1.268113E-4 	4.989107E+6	3.490621E+3	-1.585030E+0	2.895911E-3	1.595191E+1	1.594859E+1
5.0     	158     	1.531129E+1	1.388559E-3	-1.81E-1   	5.00      	428.44  	24.3 	33.1 	1.532335E+1	2.007502E-6 	5.014200E+6	4.430576E+2	-1.588120E+0	1.212436E-4	1.587280E+1	1.586804E+1
5.0     	159     	1.544722E+1	2.099563E-3	-1.77E-1   	5.00      	431.01  	24.3 	33.1 	1.545958E+1	4.400624E-6 	4.971573E+6	6.518691E+2	-1.587493E+0	3.055050E-5	1.600873E+1	1.600427E+1
5.0     	160     	1.576181E+1	1.831996E-3	-1.84E-1   	5.00      	433.60  	24.3 	33.1 	1.577441E+1	3.307906E-6 	4.875710E+6	5.452522E+2	-1.586883E+0	7.234178E-5	1.632332E+1	1.631910E+1
5.0     	161     	1.569607E+1	2.958277E-3	-1.76E-1   	5.00      	436.18  	24.3 	33.1 	1.570885E+1	8.997855E-6 	4.895400E+6	8.971622E+2	-1.586557E+0	8.962886E-5	1.625758E+1	1.625354E+1
5.0     	162     	1.545354E+1	1.274391E-3	-1.84E-1   	5.00      	438.76  	24.3 	33.1 	1.546579E+1	1.553714E-6 	4.969627E+6	3.911948E+2	-1.587680E+0	5.196152E-5	1.601505E+1	1.601048E+1
5.0     	163     	1.564296E+1	1.539097E-3	-1.80E-1   	5.00      	441.32  	24.3 	33.1 	1.565543E+1	2.434359E-6 	4.911493E+6	4.697162E+2	-1.587173E+0	8.082904E-5	1.620447E+1	1.620012E+1
5.0     	164     	7.523384E-1	1.172445E-3	-1.80E-1   	5.00      	443.88  	24.3 	33.1 	6.117358E-1	3.044526E-6 	6.455933E+7	7.418506E+4	-1.924257E+0	1.265754E-3	1.313848E+0	1.156426E+0
5.0     	165     	1.561501E+1	1.886327E-3	-1.79E-1   	5.00      	446.46  	24.3 	33.1 	1.562749E+1	3.523917E-6 	4.919980E+6	5.723635E+2	-1.587180E+0	2.645751E-5	1.617652E+1	1.617218E+1
5.0     	166     	1.547144E+1	2.065789E-3	-1.77E-1   	5.00      	449.03  	24.3 	33.1 	1.548374E+1	4.157155E-6 	4.964070E+6	6.355313E+2	-1.587593E+0	5.773503E-5	1.603295E+1	1.602843E+1
5.0     	167     	1.557279E+1	9.425160E-4	-1.76E-1   	5.00      	451.61  	24.3 	33.1 	1.558516E+1	9.449056E-7 	4.932873E+6	2.926317E+2	-1.587410E+0	1.014889E-4	1.613430E+1	1.612985E+1
5.0     	168     	1.582059E+1	9.721336E-4	-1.78E-1   	5.00      	454.18  	24.3 	33.1 	1.583321E+1	9.263605E-7 	4.858210E+6	2.868798E+2	-1.586797E+0	3.214550E-5	1.638210E+1	1.637790E+1
5.0     	169     	1.590416E+1	1.455770E-3	-1.77E-1   	5.00      	456.75  	24.3 	33.1 	1.591691E+1	2.171338E-6 	4.833530E+6	4.300000E+2	-1.586517E+0	4.725816E-5	1.646567E+1	1.646160E+1
5.0     	170     	1.570720E+1	1.819696E-3	-1.79E-1   	5.00      	459.32  	24.3 	33.1 	1.571963E+1	3.340804E-6 	4.892103E+6	5.484828E+2	-1.587223E+0	7.234178E-5	1.626871E+1	1.626432E+1
5.0     	171     	1.553949E+1	9.640789E-4	-1.79E-1   	5.00      	461.90  	24.3 	33.1 	1.555185E+1	9.422584E-7 	4.943077E+6	2.970410E+2	-1.587443E+0	1.527525E-5	1.610100E+1	1.609654E+1
5.0     	172     	1.532049E+1	1.122920E-3	-1.78E-1   	5.00      	464.48  	24.3 	33.1 	1.533273E+1	1.278227E-6 	5.011267E+6	3.555747E+2	-1.587783E+0	1.527525E-5	1.588200E+1	1.587742E+1
5.0     	173     	1.541059E+1	1.553012E-3	-1.83E-1   	5.00      	467.04  	24.3 	33.1 	1.542305E+1	2.347853E-6 	4.982960E+6	4.813523E+2	-1.587317E+0	4.041452E-5	1.597210E+1	1.596774E+1
5.0     	174     	1.529382E+1	3.063182E-4	-1.82E-1   	5.00      	469.62  	24.3 	33.1 	1.530609E+1	1.067974E-7 	5.019693E+6	1.001665E+2	-1.587743E+0	5.773503E-5	1.585533E+1	1.585078E+1
5.0     	175     	1.543946E+1	1.892195E-3	-1.79E-1   	5.00      	472.19  	24.3 	33.1 	1.545172E+1	3.538933E-6 	4.974000E+6	5.866004E+2	-1.587687E+0	2.516611E-5	1.600097E+1	1.599641E+1
5.0     	176     	1.575398E+1	2.098341E-3	-1.77E-1   	5.00      	474.77  	24.3 	33.1 	1.576691E+1	4.349916E-6 	4.878000E+6	6.255398E+2	-1.586247E+0	1.001665E-4	1.631549E+1	1.631160E+1
5.0     	177     	1.567199E+1	1.696630E-3	-1.77E-1   	5.00      	477.34  	24.3 	33.1 	1.568529E+1	3.140927E-6 	4.902583E+6	5.238638E+2	-1.585517E+0	1.692139E-4	1.623350E+1	1.622998E+1
5.0     	178     	1.550686E+1	9.035132E-4	-1.81E-1   	5.00      	479.91  	24.3 	33.1 	1.551937E+1	8.055326E-7 	4.953093E+6	2.775488E+2	-1.587177E+0	8.082904E-5	1.606837E+1	1.606406E+1
5.0     	179     	1.541433E+1	1.499427E-3	-1.76E-1   	5.00      	482.49  	24.3 	33.1 	1.542655E+1	2.110811E-6 	4.981830E+6	4.603260E+2	-1.587757E+0	1.050397E-4	1.597584E+1	1.597124E+1
5.0     	180     	1.557016E+1	9.213835E-4	-1.83E-1   	5.00      	485.05  	24.3 	33.1 	1.558305E+1	8.025541E-7 	4.933597E+6	2.779089E+2	-1.586397E+0	6.429101E-5	1.613167E+1	1.612774E+1
5.0     	181     	1.545194E+1	2.517479E-3	-1.80E-1   	5.00      	487.63  	24.3 	33.1 	1.546417E+1	6.449886E-6 	4.970127E+6	7.849416E+2	-1.587713E+0	7.637626E-5	1.601345E+1	1.600886E+1
5.0     	182     	1.530930E+1	6.942769E-4	-1.78E-1   	5.00      	490.20  	24.3 	33.1 	1.532154E+1	5.349710E-7 	5.014800E+6	2.251666E+2	-1.587780E+0	1.058301E-4	1.587081E+1	1.586623E+1
5.0     	183     	1.538327E+1	1.739163E-3	-1.80E-1   	5.00      	492.78  	24.4 	33.1 	1.539547E+1	2.987488E-6 	4.991540E+6	5.428628E+2	-1.587823E+0	5.131601E-5	1.594478E+1	1.594016E+1
5.0     	184     	1.534495E+1	1.677020E-3	-1.80E-1   	5.00      	495.35  	24.3 	33.1 	1.535726E+1	2.852582E-6 	5.003550E+6	5.294337E+2	-1.587643E+0	4.932883E-5	1.590646E+1	1.590195E+1
5.0     	185     	1.534825E+1	2.514610E-3	-1.81E-1   	5.00      	497.92  	24.3 	33.1 	1.536091E+1	6.472338E-6 	5.002457E+6	7.953825E+2	-1.586963E+0	1.159023E-4	1.590976E+1	1.590560E+1
5.0     	186     	1.546618E+1	4.514379E-4	-1.82E-1   	5.00      	500.49  	24.4 	33.1 	1.547846E+1	2.225454E-7 	4.965703E+6	1.429452E+2	-1.587617E+0	7.094599E-5	1.602769E+1	1.602315E+1
5.0     	187     	1.534353E+1	9.131213E-4	-1.81E-1   	5.00      	503.07  	24.3 	33.1 	1.535573E+1	8.683725E-7 	5.004013E+6	2.902298E+2	-1.587857E+0	6.429101E-5	1.590504E+1	1.590042E+1
5.0     	188     	1.542157E+1	2.427537E-3	-1.80E-1   	5.00      	505.64  	24.3 	33.1 	1.543397E+1	5.711643E-6 	4.979547E+6	7.504887E+2	-1.587427E+0	7.234178E-5	1.598308E+1	1.597866E+1
5.0     	189     	1.522122E+1	5.066888E-4	-1.79E-1   	5.00      	508.21  	24.4 	33.1 	1.523336E+1	2.270013E-7 	5.042807E+6	1.569501E+2	-1.588017E+0	9.291573E-5	1.578273E+1	1.577805E+1
5.0     	190     	1.537384E+1	3.121592E-4	-1.79E-1   	5.00      	510.78  	24.3 	33.1 	1.538607E+1	1.232272E-7 	4.994490E+6	1.039230E+2	-1.587763E+0	7.637626E-5	1.593535E+1	1.593076E+1
5.0     	191     	1.549965E+1	8.389976E-4	-1.81E-1   	5.00      	513.35  	24.3 	33.1 	1.551200E+1	7.336694E-7 	4.955343E+6	2.615977E+2	-1.587483E+0	3.785939E-5	1.606116E+1	1.605669E+1
5.0     	192     	1.571319E+1	1.722121E-3	-1.83E-1   	5.00      	515.94  	24.3 	33.1 	1.572602E+1	3.151289E-6 	4.890243E+6	5.254839E+2	-1.586447E+0	1.429452E-4	1.627470E+1	1.627071E+1
5.0     	193     	1.563867E+1	1.081778E-3	-1.80E-1   	5.00      	518.49  	24.4 	33.1 	1.565091E+1	1.077154E-6 	4.912830E+6	3.214032E+2	-1.587613E+0	9.504385E-5	1.620018E+1	1.619560E+1
5.0     	194     	1.545580E+1	1.175686E-4	-1.78E-1   	5.00      	521.07  	24.3 	33.1 	1.546843E+1	2.267034E-9 	4.968867E+6	2.516611E+1	-1.586970E+0	1.473092E-4	1.601731E+1	1.601312E+1
5.0     	195     	1.543132E+1	3.654716E-4	-1.80E-1   	5.00      	523.62  	24.3 	33.1 	1.544343E+1	1.702017E-7 	4.976553E+6	1.209683E+2	-1.587957E+0	1.040833E-4	1.599283E+1	1.598812E+1
5.0     	196     	1.539781E+1	2.026596E-3	-1.83E-1   	5.00      	526.21  	24.3 	33.1 	1.540992E+1	4.158155E-6 	4.987007E+6	6.353214E+2	-1.587977E+0	4.041452E-5	1.595932E+1	1.595461E+1
5.0     	197     	1.527699E+1	2.068909E-3	-1.79E-1   	5.00      	528.78  	24.4 	33.1 	1.528927E+1	4.304815E-6 	5.025027E+6	6.573685E+2	-1.587737E+0	8.082904E-5	1.583850E+1	1.583396E+1
5.0     	198     	1.546036E+1	1.189236E-3	-1.77E-1   	5.00      	531.35  	24.3 	33.1 	1.547258E+1	1.515887E-6 	4.967517E+6	3.752777E+2	-1.587730E+0	9.000000E-5	1.602187E+1	1.601727E+1
5.0     	199     	1.542246E+1	1.713594E-3	-1.81E-1   	5.00      	533.92  	24.3 	33.1 	1.543453E+1	3.023641E-6 	4.979320E+6	5.377732E+2	-1.588023E+0	1.266228E-4	1.598397E+1	1.597922E+1
5.0     	200     	1.537401E+1	1.807373E-3	-1.78E-1   	5.00      	536.48  	24.3 	33.1 	1.538660E+1	3.282219E-6 	4.994380E+6	5.671860E+2	-1.587077E+0	8.621678E-5	1.593552E+1	1.593129E+1
5.0     	201     	1.534262E+1	1.771771E-3	-1.83E-1   	5.00      	539.06  	24.4 	33.1 	1.535500E+1	3.194161E-6 	5.004270E+6	5.600000E+2	-1.587503E+0	3.214550E-5	1.590413E+1	1.589969E+1
5.0     	202     	1.544957E+1	1.000320E-3	-1.84E-1   	5.00      	541.64  	24.4 	33.1 	1.546181E+1	9.946915E-7 	4.970860E+6	3.100000E+2	-1.587710E+0	1.126943E-4	1.601108E+1	1.600650E+1
5.0     	203     	1.546413E+1	7.971375E-4	-1.81E-1   	5.00      	544.20  	24.4 	33.1 	1.547657E+1	6.606061E-7 	4.966313E+6	2.494661E+2	-1.587317E+0	4.618802E-5	1.602564E+1	1.602126E+1
5.0     	204     	1.523899E+1	2.276735E-3	-1.83E-1   	5.00      	546.78  	24.4 	33.1 	1.525129E+1	5.244405E-6 	5.037110E+6	7.280797E+2	-1.587717E+0	3.214550E-5	1.580050E+1	1.579598E+1
5.0     	205     	1.537460E+1	1.673148E-3	-1.82E-1   	5.00      	549.35  	24.4 	33.1 	1.538713E+1	2.801604E-6 	4.994203E+6	5.244362E+2	-1.587203E+0	9.018500E-5	1.593611E+1	1.593182E+1
5.0     	206     	1.544575E+1	3.031869E-4	-1.82E-1   	5.00      	551.92  	24.4 	33.1 	1.545808E+1	8.809015E-8 	4.972033E+6	9.291573E+1	-1.587560E+0	8.717798E-5	1.600726E+1	1.600277E+1
5.0     	207     	1.551910E+1	2.255186E-3	-1.81E-1   	5.00      	554.50  	24.4 	33.1 	1.553133E+1	4.792100E-6 	4.949367E+6	6.839103E+2	-1.587683E+0	1.700980E-4	1.608061E+1	1.607602E+1
5.0     	208     	1.565921E+1	1.169963E-3	-1.83E-1   	5.00      	557.07  	24.4 	33.1 	1.567203E+1	1.391557E-6 	4.906520E+6	3.553871E+2	-1.586513E+0	2.516611E-5	1.622072E+1	1.621672E+1
5.0     	209     	1.569935E+1	7.864335E-4	-1.80E-1   	5.00      	559.64  	24.4 	33.1 	1.571199E+1	5.981626E-7 	4.894433E+6	2.345918E+2	-1.586830E+0	1.216553E-4	1.626086E+1	1.625668E+1
5.0     	210     	1.543206E+1	1.149690E-3	-1.83E-1   	5.00      	562.22  	24.4 	33.1 	1.544450E+1	1.242515E-6 	4.976273E+6	3.523256E+2	-1.587337E+0	7.094599E-5	1.599357E+1	1.598919E+1
5.0     	211     	1.547236E+1	6.426257E-4	-1.76E-1   	5.00      	564.79  	24.4 	33.1 	1.548463E+1	3.821863E-7 	4.963790E+6	1.951922E+2	-1.587657E+0	4.509250E-5	1.603387E+1	1.602932E+1
5.0     	212     	1.541390E+1	1.760505E-3	-1.83E-1   	5.00      	567.37  	24.4 	33.1 	1.542632E+1	3.071913E-6 	4.981933E+6	5.478443E+2	-1.587380E+0	4.000000E-5	1.597541E+1	1.597101E+1
5.0     	213     	1.539772E+1	1.458156E-3	-1.78E-1   	5.00      	569.94  	24.4 	33.1 	1.540986E+1	2.053597E-6 	4.987030E+6	4.517743E+2	-1.587917E+0	4.618802E-5	1.595923E+1	1.595455E+1
5.0     	214     	1.536444E+1	1.527642E-3	-1.82E-1   	5.00      	572.51  	24.4 	33.1 	1.537653E+1	2.263675E-6 	4.997460E+6	4.757100E+2	-1.588023E+0	1.234234E-4	1.592595E+1	1.592122E+1
5.0     	215     	1.530747E+1	1.454388E-3	-1.79E-1   	5.00      	575.08  	24.4 	33.1 	1.531952E+1	2.216833E-6 	5.015410E+6	4.650806E+2	-1.588143E+0	1.193035E-4	1.586898E+1	1.586421E+1
5.0     	216     	1.540278E+1	2.195150E-3	-1.83E-1   	5.00      	577.67  	24.4 	33.1 	1.541499E+1	4.714992E-6 	4.985437E+6	6.819335E+2	-1.587790E+0	4.582576E-5	1.596429E+1	1.595968E+1
5.0     	217     	1.541269E+1	8.304776E-4	-1.79E-1   	5.00      	580.25  	24.4 	33.1 	1.542494E+1	6.779847E-7 	4.982337E+6	2.579406E+2	-1.587707E+0	3.214550E-5	1.597420E+1	1.596963E+1
5.0     	218     	1.529782E+1	2.425299E-4	-1.82E-1   	5.00      	582.81  	24.4 	33.1 	1.530988E+1	4.665216E-8 	5.018460E+6	7.211103E+1	-1.588113E+0	1.040833E-4	1.585933E+1	1.585457E+1
5.0     	219     	1.532115E+1	1.166029E-3	-1.86E-1   	5.00      	585.39  	24.4 	33.1 	1.533323E+1	1.374578E-6 	5.011083E+6	3.689625E+2	-1.588073E+0	1.527525E-5	1.588266E+1	1.587792E+1
5.0     	220     	1.539396E+1	7.841734E-4	-1.77E-1   	5.00      	587.97  	24.4 	33.1 	1.540604E+1	6.322639E-7 	4.988213E+6	2.468468E+2	-1.588023E+0	6.658328E-5	1.595547E+1	1.595073E+1
5.0     	221     	1.542521E+1	2.911447E-4	-1.78E-1   	5.00      	590.53  	24.4 	33.1 	1.543740E+1	6.132885E-8 	4.978443E+6	8.386497E+1	-1.587820E+0	8.544004E-5	1.598672E+1	1.598209E+1
5.0     	222     	1.549543E+1	1.029804E-3	-1.79E-1   	5.00      	593.11  	24.4 	33.1 	1.550805E+1	1.142766E-6 	4.956603E+6	3.239341E+2	-1.586963E+0	9.712535E-5	1.605694E+1	1.605274E+1
5.0     	223     	1.544564E+1	6.129072E-4	-1.79E-1   	5.00      	595.67  	24.4 	33.1 	1.545802E+1	3.798172E-7 	4.972060E+6	1.907878E+2	-1.587447E+0	9.073772E-5	1.600715E+1	1.600271E+1
5.0     	224     	1.565727E+1	1.422360E-3	-1.83E-1   	5.00      	598.25  	24.4 	33.1 	1.566983E+1	2.034502E-6 	4.907147E+6	4.309679E+2	-1.587013E+0	5.859465E-5	1.621878E+1	1.621452E+1
5.0     	225     	1.574622E+1	9.478772E-4	-1.77E-1   	5.00      	600.82  	24.4 	33.1 	1.575883E+1	8.536957E-7 	4.880370E+6	2.800000E+2	-1.586873E+0	1.159023E-4	1.630773E+1	1.630352E+1
5.0     	226     	1.547166E+1	1.339826E-3	-1.80E-1   	5.00      	603.40  	24.4 	33.1 	1.548372E+1	1.910194E-6 	4.964040E+6	4.214262E+2	-1.588017E+0	8.504901E-5	1.603317E+1	1.602841E+1
5.0     	227     	1.543281E+1	3.738487E-4	-1.83E-1   	5.00      	605.97  	24.4 	33.1 	1.544495E+1	1.020883E-7 	4.976087E+6	1.078579E+2	-1.587910E+0	1.014889E-4	1.599432E+1	1.598964E+1
5.0     	228     	1.549437E+1	1.182255E-3	-1.83E-1   	5.00      	608.54  	24.4 	33.1 	1.550673E+1	1.437266E-6 	4.956970E+6	3.675595E+2	-1.587460E+0	8.000000E-5	1.605588E+1	1.605142E+1
5.0     	229     	1.548119E+1	6.469672E-4	-1.83E-1   	5.00      	611.12  	24.4 	33.1 	1.549330E+1	3.964562E-7 	4.961083E+6	1.973153E+2	-1.587927E+0	8.326664E-5	1.604270E+1	1.603799E+1
5.0     	230     	1.540660E+1	9.310694E-4	-1.80E-1   	5.00      	613.69  	24.4 	33.1 	1.541871E+1	9.825563E-7 	4.984260E+6	3.000000E+2	-1.587970E+0	1.300000E-4	1.596811E+1	1.596340E+1
5.0     	231     	1.543769E+1	2.147071E-3	-1.85E-1   	5.00      	616.27  	24.4 	33.1 	1.544984E+1	4.677159E-6 	4.974567E+6	6.700995E+2	-1.587870E+0	3.464102E-5	1.599920E+1	1.599453E+1
5.0     	232     	1.544311E+1	2.455185E-3	-1.79E-1   	5.00      	618.86  	24.4 	33.1 	1.545530E+1	6.195306E-6 	4.972877E+6	7.682664E+2	-1.587807E+0	8.386497E-5	1.600462E+1	1.599999E+1
5.0     	233     	1.542305E+1	1.126689E-3	-1.83E-1   	5.00      	621.43  	24.4 	33.1 	1.543524E+1	1.225395E-6 	4.979117E+6	3.478985E+2	-1.587810E+0	6.244998E-5	1.598456E+1	1.597993E+1
5.0     	234     	1.541498E+1	9.656392E-4	-1.82E-1   	5.00      	624.00  	24.4 	33.1 	1.542721E+1	9.659998E-7 	4.981627E+6	3.036994E+2	-1.587733E+0	1.050397E-4	1.597649E+1	1.597190E+1
5.0     	235     	1.540423E+1	2.404486E-3	-1.79E-1   	5.00      	626.43  	24.4 	33.1 	1.541645E+1	5.770579E-6 	4.984983E+6	7.505553E+2	-1.587763E+0	5.507571E-5	1.596574E+1	1.596114E+1
5.0     	236     	1.547548E+1	7.641812E-4	-1.80E-1   	5.00      	629.01  	24.4 	33.1 	1.548769E+1	6.408326E-7 	4.962833E+6	2.421432E+2	-1.587757E+0	7.023769E-5	1.603699E+1	1.603238E+1
5.0     	237     	1.550525E+1	7.713927E-4	-1.82E-1   	5.00      	631.58  	24.4 	33.1 	1.551757E+1	6.068910E-7 	4.953620E+6	2.389561E+2	-1.587523E+0	8.082904E-5	1.606676E+1	1.606226E+1
5.0     	238     	1.543359E+1	1.679745E-3	-1.79E-1   	5.00      	634.15  	24.4 	33.1 	1.544568E+1	3.008134E-6 	4.975850E+6	5.311309E+2	-1.587993E+0	1.115049E-4	1.599510E+1	1.599037E+1
5.0     	239     	1.542459E+1	4.326562E-4	-1.80E-1   	5.00      	636.72  	24.4 	33.1 	1.543670E+1	1.383031E-7 	4.978650E+6	1.252996E+2	-1.587967E+0	1.106044E-4	1.598610E+1	1.598139E+1
5.0     	240     	1.584281E+1	1.595674E-3	-1.82E-1   	5.00      	639.30  	24.4 	33.1 	1.585610E+1	2.532340E-6 	4.851530E+6	4.712749E+2	-1.585467E+0	9.073772E-5	1.640432E+1	1.640079E+1
5.0     	241     	1.591852E+1	3.701048E-3	-1.83E-1   	5.00      	641.87  	24.4 	33.1 	1.593242E+1	1.363922E-5 	4.829150E+6	1.083467E+3	-1.584113E+0	1.096966E-4	1.648003E+1	1.647711E+1
5.0     	242     	1.577994E+1	9.557354E-4	-1.81E-1   	5.00      	644.45  	24.4 	33.1 	1.579249E+1	9.272645E-7 	4.870307E+6	2.858904E+2	-1.586953E+0	8.082904E-5	1.634145E+1	1.633718E+1
5.0     	243     	1.569059E+1	1.875513E-3	-1.84E-1   	5.00      	647.01  	24.4 	33.1 	1.570347E+1	3.420537E-6 	4.897037E+6	5.612783E+2	-1.586370E+0	6.082763E-5	1.625210E+1	1.624816E+1
5.0     	244     	1.565797E+1	8.718287E-4	-1.81E-1   	5.00      	649.59  	24.4 	33.1 	1.567106E+1	7.525829E-7 	4.906853E+6	2.631223E+2	-1.585960E+0	1.000000E-5	1.621948E+1	1.621575E+1
5.0     	245     	1.570891E+1	2.475055E-3	-1.80E-1   	5.00      	652.16  	24.4 	33.1 	1.572180E+1	6.094058E-6 	4.891520E+6	7.432362E+2	-1.586330E+0	2.000000E-5	1.627042E+1	1.626649E+1
5.0     	246     	1.572984E+1	1.633886E-3	-1.79E-1   	5.00      	654.73  	24.4 	33.1 	1.574252E+1	2.780031E-6 	4.885267E+6	4.950084E+2	-1.586740E+0	8.888194E-5	1.629135E+1	1.628721E+1
5.0     	247     	1.574980E+1	1.205470E-3	-1.79E-1   	5.00      	657.30  	24.4 	33.1 	1.576253E+1	1.539589E-6 	4.879280E+6	3.659235E+2	-1.586623E+0	7.094599E-5	1.631131E+1	1.630722E+1
5.0     	248     	1.573983E+1	1.155299E-3	-1.77E-1   	5.00      	659.87  	24.4 	33.1 	1.575252E+1	1.421287E-6 	4.882270E+6	3.515679E+2	-1.586720E+0	7.211103E-5	1.630134E+1	1.629721E+1
5.0     	249     	1.572485E+1	1.619850E-3	-1.78E-1   	5.00      	662.45  	24.4 	33.1 	1.573789E+1	2.660413E-6 	4.886710E+6	4.877499E+2	-1.586030E+0	3.464102E-5	1.628636E+1	1.628258E+1
5.0     	250     	1.573957E+1	1.656740E-3	-1.80E-1   	5.00      	665.01  	24.4 	33.1 	1.575223E+1	2.822174E-6 	4.882353E+6	4.997333E+2	-1.586773E+0	8.621678E-5	1.630108E+1	1.629692E+1
5.0     	251     	1.577212E+1	1.164799E-3	-1.85E-1   	5.00      	667.59  	24.4 	33.1 	1.578484E+1	1.309141E-6 	4.872613E+6	3.442867E+2	-1.586657E+0	1.365040E-4	1.633363E+1	1.632953E+1
5.0     	252     	1.570477E+1	2.019908E-3	-1.82E-1   	5.00      	670.17  	24.4 	33.1 	1.571743E+1	4.080655E-6 	4.892800E+6	6.077006E+2	-1.586787E+0	4.163332E-5	1.626628E+1	1.626212E+1
5.0     	253     	1.560903E+1	1.188933E-3	-1.84E-1   	5.00      	672.77  	24.4 	33.1 	1.562188E+1	1.376275E-6 	4.921743E+6	3.594904E+2	-1.586467E+0	4.509250E-5	1.617054E+1	1.616657E+1
5.0     	254     	1.564617E+1	8.536373E-4	-1.80E-1   	5.00      	675.33  	24.4 	33.1 	1.565909E+1	6.929606E-7 	4.910453E+6	2.554082E+2	-1.586317E+0	7.094599E-5	1.620768E+1	1.620378E+1
5.0     	255     	1.576581E+1	2.124038E-3	-1.83E-1   	5.00      	677.89  	24.4 	33.1 	1.577831E+1	4.725098E-6 	4.874530E+6	6.415606E+2	-1.587053E+0	1.205543E-4	1.632732E+1	1.632300E+1
5.0     	256     	1.624521E+1	5.017016E-4	-1.83E-1   	5.00      	680.45  	24.4 	33.1 	1.625917E+1	2.838934E-7 	4.735263E+6	1.457166E+2	-1.583853E+0	8.621678E-5	1.680672E+1	1.680386E+1
5.0     	257     	5.682682E+0	1.943388E-3	-1.84E-1   	5.00      	683.01  	24.4 	33.1 	5.677258E+0	3.007805E-6 	1.276700E+7	3.758989E+3	-1.630517E+0	4.041452E-4	6.244192E+0	6.221948E+0
5.0     	258     	8.129214E+0	1.607797E-3	-1.84E-1   	5.00      	685.59  	24.4 	33.1 	8.131352E+0	2.735811E-6 	9.164343E+6	1.721434E+3	-1.611910E+0	6.928203E-5	8.690724E+0	8.676042E+0
5.0     	259     	1.127355E+1	1.951637E-3	-1.82E-1   	5.00      	688.15  	24.4 	33.1 	1.128124E+1	3.614943E-6 	6.726470E+6	1.095308E+3	-1.598570E+0	7.937254E-5	1.183506E+1	1.182593E+1
5.0     	260     	2.367544E+1	1.492174E-3	-1.78E-1   	5.00      	690.73  	24.4 	33.1 	2.369146E+1	2.179631E-6 	3.283367E+6	2.010804E+2	-1.576527E+0	6.027714E-5	2.423695E+1	2.423615E+1
5.0     	261     	2.817125E+1	7.777514E-4	-1.79E-1   	5.00      	693.30  	24.4 	33.1 	2.818799E+1	6.077217E-7 	2.769577E+6	7.505553E+1	-1.572363E+0	2.081666E-5	2.873276E+1	2.873268E+1
5.0     	262     	3.425361E+1	1.016795E-3	-1.80E-1   	5.00      	695.88  	24.4 	33.1 	3.427010E+1	1.023241E-6 	2.285727E+6	6.658328E+1	-1.567760E+0	7.000000E-5	3.481512E+1	3.481479E+1
5.0     	263     	5.019220E+1	4.915868E-4	-1.84E-1   	5.00      	698.45  	24.4 	33.1 	5.020067E+1	2.471933E-7 	1.568043E+6	1.527525E+1	-1.557973E+0	5.773503E-6	5.075371E+1	5.074536E+1
5.0     	264     	1.099582E+2	1.253332E-3	-1.80E-1   	5.00      	701.03  	24.4 	33.1 	1.097927E+2	1.831194E-6 	7.206243E+5	8.504901E+0	-1.530173E+0	1.154701E-5	1.105197E+2	1.103374E+2
10.0    	1       	1.173536E+1	1.409110E-3	2.57E+0    	10.00     	732.86  	24.4 	33.1 	1.174401E+1	1.862282E-6 	6.473510E+6	7.302055E+2	-1.596573E+0	1.001665E-4	1.229687E+1	1.228870E+1
10.0    	2       	1.184097E+1	8.165384E-4	-2.43E-1   	10.00     	735.16  	24.4 	33.1 	1.185208E+1	7.381233E-7 	6.417733E+6	4.336281E+2	-1.592243E+0	9.018500E-5	1.240248E+1	1.239677E+1
10.0    	3       	7.477795E-1	1.808725E-3	-2.43E-1   	10.00     	737.74  	24.4 	33.1 	6.117037E-1	1.623275E-6 	6.467253E+7	7.925720E+4	-1.919550E+0	6.584831E-4	1.309290E+0	1.156394E+0
10.0    	4       	1.184709E+1	1.596402E-3	-2.48E-1   	10.00     	740.32  	24.4 	33.1 	1.185836E+1	2.577022E-6 	6.414527E+6	8.277882E+2	-1.591947E+0	3.214550E-5	1.240860E+1	1.240305E+1
10.0    	5       	1.157045E+1	4.845705E-4	-2.48E-1   	10.00     	742.88  	24.4 	33.1 	1.157951E+1	1.645330E-7 	6.561423E+6	2.400694E+2	-1.596100E+0	1.705872E-4	1.213196E+1	1.212420E+1
10.0    	6       	1.157100E+1	8.233478E-4	-2.44E-1   	10.00     	745.46  	24.4 	33.1 	1.157980E+1	6.460048E-7 	6.561197E+6	4.400379E+2	-1.596507E+0	5.507571E-5	1.213251E+1	1.212449E+1
10.0    	7       	1.156338E+1	6.923379E-4	-2.45E-1   	10.00     	748.03  	24.4 	33.1 	1.157220E+1	4.377615E-7 	6.565317E+6	3.666515E+2	-1.596487E+0	6.027714E-5	1.212489E+1	1.211689E+1
10.0    	8       	1.160354E+1	7.049142E-4	-2.46E-1   	10.00     	750.61  	24.4 	33.1 	1.161380E+1	4.723052E-7 	6.543247E+6	3.744774E+2	-1.594030E+0	4.358899E-5	1.216505E+1	1.215849E+1
10.0    	9       	1.158945E+1	2.702951E-4	-2.44E-1   	10.00     	753.18  	24.4 	33.1 	1.159892E+1	8.471130E-8 	6.551050E+6	1.513275E+2	-1.595397E+0	4.163332E-5	1.215096E+1	1.214361E+1
10.0    	10      	1.157349E+1	8.292214E-4	-2.49E-1   	10.00     	755.75  	24.4 	33.1 	1.158240E+1	6.923309E-7 	6.559820E+6	4.491102E+2	-1.596343E+0	4.041452E-5	1.213500E+1	1.212709E+1
10.0    	11      	1.157208E+1	1.878119E-4	-2.45E-1   	10.00     	758.33  	24.4 	33.1 	1.158146E+1	1.615360E-8 	6.560457E+6	8.504901E+1	-1.595563E+0	1.040833E-4	1.213359E+1	1.212615E+1
10.0    	12      	1.156846E+1	4.241827E-4	-2.44E-1   	10.00     	760.90  	24.4 	33.1 	1.157856E+1	2.092165E-7 	6.562220E+6	2.381176E+2	-1.594337E+0	1.078579E-4	1.212997E+1	1.212325E+1
10.0    	13      	1.152730E+1	1.520046E-3	-2.44E-1   	10.00     	763.48  	24.4 	33.1 	1.153613E+1	2.612858E-6 	6.584913E+6	8.545369E+2	-1.596500E+0	1.670329E-4	1.208881E+1	1.208082E+1
10.0    	14      	1.177005E+1	6.110620E-4	-2.43E-1   	10.00     	766.05  	24.4 	33.1 	1.178013E+1	3.935714E-7 	6.454920E+6	3.241913E+2	-1.594190E+0	3.605551E-5	1.233156E+1	1.232482E+1
10.0    	15      	9.415039E-1	1.134469E-3	-2.46E-1   	10.00     	768.62  	24.4 	33.1 	9.501148E-1	9.182768E-7 	5.309047E+7	3.700883E+4	-1.644763E+0	8.896254E-4	1.503014E+0	1.494805E+0
10.0    	16      	1.202393E+1	7.507031E-4	-2.42E-1   	10.00     	771.20  	24.4 	33.1 	1.203367E+1	3.837093E-7 	6.324757E+6	3.442867E+2	-1.594520E+0	2.260531E-4	1.258544E+1	1.257836E+1
10.0    	17      	1.153456E+1	1.652317E-3	-2.44E-1   	10.00     	773.77  	24.4 	33.1 	1.154350E+1	2.628543E-6 	6.580933E+6	8.907487E+2	-1.596320E+0	9.643651E-5	1.209607E+1	1.208819E+1
10.0    	18      	1.129640E+1	1.523359E-3	-2.46E-1   	10.00     	776.35  	24.4 	33.1 	1.130461E+1	2.391794E-6 	6.713357E+6	8.692717E+2	-1.597733E+0	8.962886E-5	1.185791E+1	1.184930E+1
10.0    	19      	1.160064E+1	6.673956E-4	-2.46E-1   	10.00     	778.92  	24.4 	33.1 	1.160988E+1	4.591939E-7 	6.545083E+6	3.619853E+2	-1.595770E+0	3.605551E-5	1.216215E+1	1.215457E+1
10.0    	20      	1.132892E+1	1.098404E-3	-2.46E-1   	10.00     	781.49  	24.4 	33.1 	1.133743E+1	1.159413E-6 	6.694907E+6	6.117461E+2	-1.597233E+0	1.855622E-4	1.189043E+1	1.188212E+1
10.0    	21      	1.131826E+1	2.092062E-3	-2.49E-1   	10.00     	784.07  	24.4 	33.1 	1.132662E+1	4.674365E-6 	6.700957E+6	1.200347E+3	-1.597470E+0	1.126943E-4	1.187977E+1	1.187131E+1
10.0    	22      	1.128635E+1	1.733183E-3	-2.43E-1   	10.00     	786.65  	24.4 	33.1 	1.129470E+1	3.061369E-6 	6.719013E+6	9.879946E+2	-1.597527E+0	2.886751E-5	1.184786E+1	1.183939E+1
10.0    	23      	1.126498E+1	1.804740E-3	-2.42E-1   	10.00     	789.23  	24.4 	33.1 	1.127402E+1	3.335041E-6 	6.730963E+6	1.033650E+3	-1.596437E+0	5.507571E-5	1.182649E+1	1.181871E+1
10.0    	24      	1.124148E+1	1.409047E-3	-2.48E-1   	10.00     	791.81  	24.4 	33.1 	1.125090E+1	1.949214E-6 	6.744260E+6	8.016857E+2	-1.595847E+0	2.081666E-5	1.180299E+1	1.179559E+1
10.0    	25      	1.123487E+1	9.880020E-4	-2.49E-1   	10.00     	794.38  	24.4 	33.1 	1.124400E+1	9.482326E-7 	6.748123E+6	5.612783E+2	-1.596333E+0	2.886751E-5	1.179638E+1	1.178869E+1
10.0    	26      	1.131946E+1	1.301076E-3	-2.49E-1   	10.00     	796.95  	24.4 	33.1 	1.132834E+1	1.793190E-6 	6.700133E+6	7.446699E+2	-1.596650E+0	8.717798E-5	1.188097E+1	1.187303E+1
10.0    	27      	1.129374E+1	4.691450E-4	-2.45E-1   	10.00     	799.53  	24.4 	33.1 	1.130259E+1	1.224932E-7 	6.714683E+6	2.318045E+2	-1.596723E+0	2.030599E-4	1.185525E+1	1.184728E+1
10.0    	28      	1.135374E+1	1.335352E-3	-2.43E-1   	10.00     	802.10  	24.4 	33.1 	1.136212E+1	1.920610E-6 	6.680990E+6	7.631514E+2	-1.597407E+0	9.291573E-5	1.191525E+1	1.190681E+1
10.0    	29      	1.136325E+1	1.313387E-3	-2.46E-1   	10.00     	804.68  	24.4 	33.1 	1.137182E+1	1.770003E-6 	6.675607E+6	7.400901E+2	-1.597107E+0	9.712535E-5	1.192476E+1	1.191651E+1
10.0    	30      	1.130825E+1	5.825222E-4	-2.44E-1   	10.00     	807.26  	24.4 	33.1 	1.131726E+1	3.478667E-7 	6.706427E+6	3.308071E+2	-1.596440E+0	1.058301E-4	1.186976E+1	1.186195E+1
10.0    	31      	1.154031E+1	1.171495E-3	-2.43E-1   	10.00     	809.82  	24.4 	33.1 	1.154863E+1	1.073075E-6 	6.577973E+6	6.001111E+2	-1.597300E+0	2.107131E-4	1.210182E+1	1.209332E+1
10.0    	32      	1.150523E+1	7.266180E-4	-2.50E-1   	10.00     	812.38  	24.4 	33.1 	1.151586E+1	5.369638E-7 	6.596470E+6	3.988734E+2	-1.593440E+0	6.557439E-5	1.206674E+1	1.206055E+1
10.0    	33      	1.151367E+1	2.213706E-3	-2.43E-1   	10.00     	814.96  	24.4 	33.1 	1.152263E+1	4.947087E-6 	6.592313E+6	1.211666E+3	-1.596317E+0	4.618802E-5	1.207518E+1	1.206732E+1
10.0    	34      	1.129050E+1	1.075941E-3	-2.45E-1   	10.00     	817.52  	24.4 	33.1 	1.129878E+1	1.295302E-6 	6.716680E+6	6.274552E+2	-1.597637E+0	1.193035E-4	1.185201E+1	1.184347E+1
10.0    	35      	1.133014E+1	8.132053E-4	-2.42E-1   	10.00     	820.10  	24.4 	33.1 	1.133942E+1	4.891483E-7 	6.694000E+6	4.257934E+2	-1.595973E+0	1.950214E-4	1.189165E+1	1.188411E+1
10.0    	36      	1.126847E+1	3.146381E-4	-2.46E-1   	10.00     	822.67  	24.4 	33.1 	1.127664E+1	5.944305E-8 	6.729223E+6	1.588500E+2	-1.597843E+0	1.115049E-4	1.182998E+1	1.182133E+1
10.0    	37      	1.123856E+1	1.645489E-3	-2.44E-1   	10.00     	825.24  	24.4 	33.1 	1.124673E+1	2.617159E-6 	6.746287E+6	9.330773E+2	-1.597873E+0	5.033223E-5	1.180007E+1	1.179142E+1
10.0    	38      	1.113029E+1	1.911246E-3	-2.45E-1   	10.00     	827.82  	24.4 	33.1 	1.113842E+1	3.549903E-6 	6.808793E+6	1.105637E+3	-1.598057E+0	4.163332E-5	1.169180E+1	1.168311E+1
10.0    	39      	1.116846E+1	1.470102E-3	-2.48E-1   	10.00     	830.39  	24.4 	33.1 	1.117673E+1	2.056981E-6 	6.786590E+6	8.404166E+2	-1.597787E+0	5.507571E-5	1.172997E+1	1.172142E+1
10.0    	40      	1.121471E+1	1.077159E-3	-2.45E-1   	10.00     	832.96  	24.4 	33.1 	1.122369E+1	1.171700E-6 	6.759723E+6	6.200269E+2	-1.596593E+0	1.527525E-5	1.177622E+1	1.176838E+1
10.0    	41      	1.121874E+1	9.198639E-4	-2.48E-1   	10.00     	835.53  	24.4 	33.1 	1.122774E+1	8.426923E-7 	6.757403E+6	5.263396E+2	-1.596560E+0	1.824829E-4	1.178025E+1	1.177243E+1
10.0    	42      	1.116809E+1	1.131537E-3	-2.49E-1   	10.00     	838.11  	24.4 	33.1 	1.117655E+1	1.195664E-6 	6.786750E+6	6.437391E+2	-1.597493E+0	1.050397E-4	1.172960E+1	1.172124E+1
10.0    	43      	1.114422E+1	1.064397E-3	-2.46E-1   	10.00     	840.68  	24.4 	33.1 	1.115231E+1	1.143834E-6 	6.800700E+6	6.199193E+2	-1.598113E+0	7.571878E-5	1.170573E+1	1.169700E+1
10.0    	44      	1.121790E+1	2.669783E-4	-2.46E-1   	10.00     	843.25  	24.4 	33.1 	1.122637E+1	4.349623E-8 	6.758040E+6	1.352775E+2	-1.597423E+0	1.361372E-4	1.177941E+1	1.177106E+1
10.0    	45      	1.131321E+1	2.376653E-3	-2.48E-1   	10.00     	845.82  	24.4 	33.1 	1.132168E+1	5.708804E-6 	6.703777E+6	1.345821E+3	-1.597307E+0	3.055050E-5	1.187472E+1	1.186637E+1
10.0    	46      	1.137560E+1	1.663338E-3	-2.50E-1   	10.00     	848.39  	24.4 	33.1 	1.138497E+1	2.861367E-6 	6.668473E+6	9.373544E+2	-1.595783E+0	5.131601E-5	1.193711E+1	1.192966E+1
10.0    	47      	1.131384E+1	1.898323E-3	-2.47E-1   	10.00     	850.98  	24.4 	33.1 	1.132220E+1	3.415708E-6 	6.703450E+6	1.057875E+3	-1.597487E+0	7.767453E-5	1.187535E+1	1.186689E+1
10.0    	48      	1.177006E+1	7.476682E-4	-2.49E-1   	10.00     	853.54  	24.4 	33.1 	1.178053E+1	5.071737E-7 	6.454813E+6	3.821431E+2	-1.593493E+0	6.658328E-5	1.233157E+1	1.232522E+1
10.0    	49      	1.152372E+1	1.007733E-3	-2.43E-1   	10.00     	856.11  	24.4 	33.1 	1.153249E+1	1.063873E-6 	6.586883E+6	5.558177E+2	-1.596613E+0	6.110101E-5	1.208523E+1	1.207718E+1
10.0    	50      	1.130958E+1	1.136900E-3	-2.43E-1   	10.00     	858.68  	24.4 	33.1 	1.131781E+1	1.259558E-6 	6.705893E+6	6.379133E+2	-1.597707E+0	1.331666E-4	1.187109E+1	1.186250E+1
10.0    	51      	1.125476E+1	4.781936E-4	-2.47E-1   	10.00     	861.25  	24.4 	33.1 	1.126381E+1	2.463918E-7 	6.736783E+6	2.779089E+2	-1.596443E+0	3.214550E-5	1.181627E+1	1.180850E+1
10.0    	52      	1.120301E+1	1.839824E-3	-2.43E-1   	10.00     	863.83  	24.4 	33.1 	1.121132E+1	3.131990E-6 	6.766640E+6	1.037690E+3	-1.597687E+0	2.494661E-4	1.176452E+1	1.175601E+1
10.0    	53      	1.113425E+1	1.742684E-3	-2.48E-1   	10.00     	866.40  	24.4 	33.1 	1.114233E+1	3.044138E-6 	6.806503E+6	1.015004E+3	-1.598130E+0	9.539392E-5	1.169576E+1	1.168702E+1
10.0    	54      	1.130905E+1	2.213048E-3	-2.44E-1   	10.00     	868.97  	24.4 	33.1 	1.131739E+1	4.890277E-6 	6.706163E+6	1.250213E+3	-1.597537E+0	5.773503E-6	1.187056E+1	1.186208E+1
10.0    	55      	1.137063E+1	1.546023E-3	-2.45E-1   	10.00     	871.54  	24.4 	33.1 	1.137928E+1	2.375037E-6 	6.671457E+6	8.631531E+2	-1.596963E+0	8.020806E-5	1.193214E+1	1.192397E+1
10.0    	56      	1.127828E+1	1.097715E-3	-2.44E-1   	10.00     	874.11  	24.4 	33.1 	1.128694E+1	1.340547E-6 	6.723507E+6	6.404946E+2	-1.597067E+0	1.242310E-4	1.183979E+1	1.183163E+1
10.0    	57      	1.126527E+1	9.909163E-4	-2.48E-1   	10.00     	876.68  	24.4 	33.1 	1.127421E+1	1.069450E-6 	6.730827E+6	5.763969E+2	-1.596620E+0	8.888194E-5	1.182678E+1	1.181890E+1
10.0    	58      	1.134156E+1	1.535131E-3	-2.43E-1   	10.00     	879.26  	24.4 	33.1 	1.135025E+1	2.725032E-6 	6.687743E+6	8.951164E+2	-1.596927E+0	2.098412E-4	1.190307E+1	1.189494E+1
10.0    	59      	1.135043E+1	1.328624E-3	-2.44E-1   	10.00     	881.82  	24.4 	33.1 	1.135891E+1	1.533788E-6 	6.682820E+6	7.202083E+2	-1.597257E+0	1.616581E-4	1.191194E+1	1.190360E+1
10.0    	60      	1.116629E+1	2.229391E-3	-2.44E-1   	10.00     	884.40  	24.4 	33.1 	1.117437E+1	5.358754E-6 	6.787900E+6	1.315599E+3	-1.598110E+0	1.442221E-4	1.172780E+1	1.171906E+1
10.0    	61      	1.149129E+1	1.258776E-3	-2.43E-1   	10.00     	886.96  	24.4 	33.1 	1.150002E+1	1.371006E-6 	6.604623E+6	6.657577E+2	-1.596713E+0	1.619671E-4	1.205280E+1	1.204471E+1
10.0    	62      	1.160803E+1	3.148252E-3	-2.46E-1   	10.00     	889.54  	24.4 	33.1 	1.161781E+1	9.493228E-6 	6.540963E+6	1.674794E+3	-1.594840E+0	1.126943E-4	1.216954E+1	1.216250E+1
10.0    	63      	1.162510E+1	9.142287E-4	-2.43E-1   	10.00     	892.12  	24.4 	33.1 	1.163430E+1	8.356095E-7 	6.531953E+6	4.900340E+2	-1.595797E+0	6.350853E-5	1.218661E+1	1.217899E+1
10.0    	64      	1.011422E+0	1.740181E-3	-2.48E-1   	10.00     	894.68  	24.4 	33.1 	9.418051E-1	4.994505E-6 	5.204200E+7	6.747066E+4	-1.807417E+0	1.037802E-3	1.572932E+0	1.486495E+0
10.0    	65      	1.154076E+1	1.641186E-3	-2.50E-1   	10.00     	897.25  	24.4 	33.1 	1.154898E+1	2.837523E-6 	6.577753E+6	9.036777E+2	-1.597457E+0	1.594783E-4	1.210227E+1	1.209367E+1
10.0    	66      	1.131625E+1	7.911951E-4	-2.45E-1   	10.00     	899.82  	24.4 	33.1 	1.132470E+1	5.822657E-7 	6.702067E+6	4.384442E+2	-1.597347E+0	8.504901E-5	1.187776E+1	1.186939E+1
10.0    	67      	1.123910E+1	1.788987E-3	-2.43E-1   	10.00     	902.40  	24.4 	33.1 	1.124718E+1	3.416614E-6 	6.746003E+6	1.040064E+3	-1.598023E+0	1.001665E-4	1.180061E+1	1.179187E+1
10.0    	68      	1.115181E+1	5.715660E-4	-2.49E-1   	10.00     	904.97  	24.4 	33.1 	1.115983E+1	3.029277E-7 	6.796310E+6	3.251154E+2	-1.598210E+0	1.014889E-4	1.171332E+1	1.170452E+1
10.0    	69      	1.131456E+1	9.920516E-4	-2.48E-1   	10.00     	907.55  	24.4 	33.1 	1.132274E+1	1.174755E-6 	6.703093E+6	5.858612E+2	-1.597773E+0	1.677299E-4	1.187607E+1	1.186743E+1
10.0    	70      	1.123612E+1	1.244875E-3	-2.49E-1   	10.00     	910.12  	24.4 	33.1 	1.124448E+1	1.581613E-6 	6.747630E+6	7.158212E+2	-1.597577E+0	7.505553E-5	1.179763E+1	1.178917E+1
10.0    	71      	1.114589E+1	4.074985E-4	-2.49E-1   	10.00     	912.71  	24.4 	33.1 	1.115401E+1	2.331403E-7 	6.799720E+6	2.586503E+2	-1.598053E+0	1.193035E-4	1.170740E+1	1.169870E+1
10.0    	72      	1.132621E+1	1.523413E-3	-2.43E-1   	10.00     	915.28  	24.4 	33.1 	1.133495E+1	2.382354E-6 	6.696367E+6	8.640795E+2	-1.596877E+0	6.806859E-5	1.188772E+1	1.187964E+1
10.0    	73      	1.136379E+1	1.215982E-3	-2.45E-1   	10.00     	917.86  	24.4 	33.1 	1.137245E+1	1.486786E-6 	6.675280E+6	6.816891E+2	-1.596947E+0	8.386497E-5	1.192530E+1	1.191714E+1
10.0    	74      	1.122767E+1	1.140208E-3	-2.50E-1   	10.00     	920.43  	24.4 	33.1 	1.123588E+1	1.565501E-6 	6.752510E+6	6.835203E+2	-1.597823E+0	3.098925E-4	1.178918E+1	1.178057E+1
10.0    	75      	1.116139E+1	2.750084E-3	-2.49E-1   	10.00     	923.00  	24.4 	33.1 	1.116966E+1	7.954688E-6 	6.790683E+6	1.612028E+3	-1.597813E+0	4.724757E-4	1.172290E+1	1.171435E+1
10.0    	76      	1.163858E+1	8.416827E-4	-2.47E-1   	10.00     	925.58  	24.4 	33.1 	1.164763E+1	7.762481E-7 	6.524773E+6	4.604708E+2	-1.596030E+0	1.249000E-4	1.220009E+1	1.219232E+1
10.0    	77      	7.405394E-1	1.549351E-3	-2.48E-1   	10.00     	928.15  	24.4 	33.1 	6.124847E-1	2.177253E-6 	6.483020E+7	7.745115E+4	-1.910880E+0	8.715503E-4	1.302049E+0	1.157175E+0
10.0    	78      	7.436643E-1	1.265339E-3	-2.46E-1   	10.00     	930.73  	24.4 	33.1 	6.127947E-1	3.598576E-7 	6.474383E+7	4.145676E+4	-1.913873E+0	1.233221E-3	1.305174E+0	1.157485E+0
10.0    	79      	1.163771E+1	1.464593E-3	-2.49E-1   	10.00     	933.30  	24.4 	33.1 	1.164663E+1	2.427013E-6 	6.525273E+6	8.085378E+2	-1.596247E+0	1.569501E-4	1.219922E+1	1.219132E+1
10.0    	80      	1.186210E+1	1.208363E-3	-2.46E-1   	10.00     	935.88  	24.4 	33.1 	1.187126E+1	1.487869E-6 	6.407317E+6	6.261257E+2	-1.595627E+0	1.101514E-4	1.242361E+1	1.241595E+1
10.0    	81      	1.157551E+1	7.640432E-4	-2.45E-1   	10.00     	938.45  	24.4 	33.1 	1.158385E+1	4.956142E-7 	6.558883E+6	3.967787E+2	-1.597230E+0	9.643651E-5	1.213702E+1	1.212854E+1
10.0    	82      	1.128804E+1	1.489156E-3	-2.46E-1   	10.00     	941.02  	24.4 	33.1 	1.129597E+1	1.879010E-6 	6.718173E+6	8.110076E+2	-1.598190E+0	1.808314E-4	1.184955E+1	1.184066E+1
10.0    	83      	1.120576E+1	8.251568E-4	-2.45E-1   	10.00     	943.60  	24.4 	33.1 	1.121363E+1	6.903976E-7 	6.765183E+6	4.760602E+2	-1.598380E+0	7.211103E-5	1.176727E+1	1.175832E+1
10.0    	84      	1.131995E+1	4.069897E-4	-2.44E-1   	10.00     	946.18  	24.4 	33.1 	1.132806E+1	1.954923E-7 	6.700073E+6	2.386071E+2	-1.597877E+0	1.266228E-4	1.188146E+1	1.187275E+1
10.0    	85      	1.127047E+1	1.015458E-3	-2.49E-1   	10.00     	948.74  	24.4 	33.1 	1.127849E+1	9.313714E-7 	6.728127E+6	5.632347E+2	-1.598073E+0	8.736895E-5	1.183198E+1	1.182318E+1
10.0    	86      	1.123540E+1	3.276386E-4	-2.48E-1   	10.00     	951.32  	24.4 	33.1 	1.124332E+1	1.419137E-7 	6.748167E+6	2.013289E+2	-1.598257E+0	9.073772E-5	1.179691E+1	1.178801E+1
10.0    	87      	1.150404E+1	1.758359E-3	-2.46E-1   	10.00     	953.89  	24.4 	33.1 	1.151237E+1	2.962140E-6 	6.597750E+6	9.516827E+2	-1.597333E+0	5.686241E-5	1.206555E+1	1.205706E+1
10.0    	88      	1.148361E+1	1.299357E-3	-2.48E-1   	10.00     	956.47  	24.4 	33.1 	1.149183E+1	1.664311E-6 	6.608977E+6	7.105866E+2	-1.597523E+0	5.131601E-5	1.204512E+1	1.203652E+1
10.0    	89      	1.152325E+1	1.459851E-3	-2.46E-1   	10.00     	959.02  	24.4 	33.1 	1.153164E+1	2.381181E-6 	6.587243E+6	8.186778E+2	-1.597210E+0	1.322876E-4	1.208476E+1	1.207633E+1
10.0    	90      	1.158934E+1	1.254801E-3	-2.43E-1   	10.00     	961.60  	24.4 	33.1 	1.159784E+1	1.503295E-6 	6.551373E+6	6.690541E+2	-1.596963E+0	5.131601E-5	1.215085E+1	1.214253E+1
10.0    	91      	1.139531E+1	1.095280E-3	-2.47E-1   	10.00     	964.17  	24.4 	33.1 	1.140357E+1	1.127066E-6 	6.657787E+6	6.006940E+2	-1.597563E+0	5.773503E-5	1.195682E+1	1.194826E+1
10.0    	92      	1.119240E+1	5.982421E-4	-2.45E-1   	10.00     	966.75  	24.4 	33.1 	1.120045E+1	3.010862E-7 	6.772827E+6	3.300505E+2	-1.598113E+0	1.258306E-4	1.175391E+1	1.174514E+1
10.0    	93      	1.166534E+1	1.797767E-4	-2.50E-1   	10.00     	969.31  	24.4 	33.1 	1.167398E+1	3.015991E-8 	6.510597E+6	9.291573E+1	-1.596670E+0	9.000000E-5	1.222685E+1	1.221867E+1
10.0    	94      	1.149630E+1	6.227485E-4	-2.45E-1   	10.00     	971.89  	24.4 	33.1 	1.150467E+1	4.576046E-7 	6.601977E+6	3.557152E+2	-1.597270E+0	9.539392E-5	1.205781E+1	1.204936E+1
10.0    	95      	1.129127E+1	3.421739E-4	-2.48E-1   	10.00     	974.47  	24.4 	33.1 	1.129929E+1	9.839243E-8 	6.716317E+6	1.850225E+2	-1.598057E+0	1.069268E-4	1.185278E+1	1.184398E+1
10.0    	96      	1.171767E+1	1.587110E-3	-2.43E-1   	10.00     	977.04  	24.4 	33.1 	1.172631E+1	2.547019E-6 	6.482843E+6	8.403769E+2	-1.596603E+0	8.386497E-5	1.227918E+1	1.227100E+1
10.0    	97      	1.156026E+1	5.983328E-4	-2.47E-1   	10.00     	979.61  	24.4 	33.1 	1.156895E+1	3.025386E-7 	6.567043E+6	3.108590E+2	-1.596700E+0	1.113553E-4	1.212177E+1	1.211364E+1
10.0    	98      	1.125818E+1	1.302327E-3	-2.43E-1   	10.00     	982.18  	24.4 	33.1 	1.126631E+1	1.865857E-6 	6.735097E+6	7.605480E+2	-1.597907E+0	1.026320E-4	1.181969E+1	1.181100E+1
10.0    	99      	1.121590E+1	1.266967E-3	-2.44E-1   	10.00     	984.76  	24.4 	33.1 	1.122388E+1	1.349427E-6 	6.759327E+6	6.971609E+2	-1.598203E+0	1.680278E-4	1.177741E+1	1.176857E+1
10.0    	100     	1.133408E+1	2.480404E-3	-2.43E-1   	10.00     	987.32  	24.4 	33.1 	1.134229E+1	5.637655E-6 	6.692087E+6	1.365882E+3	-1.597703E+0	1.665333E-4	1.189559E+1	1.188698E+1
10.0    	101     	1.115459E+1	1.668388E-3	-2.44E-1   	10.00     	989.89  	24.4 	33.1 	1.116267E+1	2.770478E-6 	6.794683E+6	9.667126E+2	-1.598117E+0	4.932883E-5	1.171610E+1	1.170736E+1
10.0    	102     	1.142371E+1	2.711889E-3	-2.43E-1   	10.00     	992.47  	24.4 	33.1 	1.143207E+1	7.422893E-6 	6.641980E+6	1.506917E+3	-1.597370E+0	8.717798E-5	1.198522E+1	1.197676E+1
10.0    	103     	1.140469E+1	2.212524E-3	-2.48E-1   	10.00     	995.04  	24.4 	33.1 	1.141354E+1	4.810643E-6 	6.652403E+6	1.225167E+3	-1.596593E+0	5.859465E-5	1.196620E+1	1.195823E+1
10.0    	104     	1.131675E+1	2.246081E-3	-2.44E-1   	10.00     	997.61  	24.4 	33.1 	1.132557E+1	4.866537E-6 	6.701677E+6	1.256397E+3	-1.596750E+0	8.660254E-5	1.187826E+1	1.187026E+1
10.0    	105     	1.137011E+1	7.449605E-4	-2.45E-1   	10.00     	1000.19 	24.4 	33.1 	1.137844E+1	5.102194E-7 	6.671837E+6	4.079624E+2	-1.597470E+0	8.185353E-5	1.193162E+1	1.192313E+1
10.0    	106     	1.148100E+1	1.700580E-3	-2.49E-1   	10.00     	1002.76 	24.4 	33.1 	1.148932E+1	3.097873E-6 	6.610380E+6	9.501579E+2	-1.597357E+0	9.504385E-5	1.204251E+1	1.203401E+1
10.0    	107     	1.161645E+1	9.076152E-4	-2.47E-1   	10.00     	1005.33 	24.4 	33.1 	1.162562E+1	6.799544E-7 	6.536603E+6	4.650090E+2	-1.595870E+0	1.374773E-4	1.217796E+1	1.217031E+1
10.0    	108     	1.130655E+1	7.949473E-4	-2.42E-1   	10.00     	1007.91 	24.4 	33.1 	1.131471E+1	5.765033E-7 	6.707627E+6	4.393556E+2	-1.597817E+0	6.110101E-5	1.186806E+1	1.185940E+1
10.0    	109     	1.129197E+1	2.703945E-4	-2.47E-1   	10.00     	1010.48 	24.4 	33.1 	1.130003E+1	5.944909E-8 	6.715907E+6	1.457166E+2	-1.597987E+0	4.163332E-5	1.185348E+1	1.184472E+1
10.0    	110     	1.120059E+1	1.277994E-3	-2.44E-1   	10.00     	1013.04 	24.4 	33.1 	1.120862E+1	1.650738E-6 	6.768113E+6	7.375862E+2	-1.598127E+0	2.081666E-5	1.176210E+1	1.175331E+1
10.0    	111     	1.125736E+1	1.457557E-3	-2.47E-1   	10.00     	1015.61 	24.4 	33.1 	1.126533E+1	2.075376E-6 	6.735610E+6	8.261356E+2	-1.598170E+0	2.645751E-5	1.181887E+1	1.181002E+1
10.0    	112     	1.161416E+1	1.717584E-3	-2.50E-1   	10.00     	1018.19 	24.4 	33.1 	1.162299E+1	2.854423E-6 	6.537923E+6	9.151138E+2	-1.596430E+0	4.582576E-5	1.217567E+1	1.216768E+1
10.0    	113     	1.153614E+1	2.250203E-3	-2.42E-1   	10.00     	1020.76 	24.4 	33.1 	1.154444E+1	4.951152E-6 	6.580247E+6	1.217429E+3	-1.597343E+0	4.509250E-5	1.209765E+1	1.208913E+1
10.0    	114     	1.124629E+1	1.637123E-3	-2.51E-1   	10.00     	1023.33 	24.4 	33.1 	1.125423E+1	2.729338E-6 	6.741933E+6	9.392728E+2	-1.598217E+0	4.618802E-5	1.180780E+1	1.179892E+1
10.0    	115     	1.119310E+1	7.789920E-4	-2.49E-1   	10.00     	1025.90 	24.4 	33.1 	1.120105E+1	5.194985E-7 	6.772450E+6	4.309292E+2	-1.598273E+0	1.985783E-4	1.175461E+1	1.174574E+1
10.0    	116     	1.131668E+1	1.076447E-3	-2.51E-1   	10.00     	1028.49 	24.4 	33.1 	1.132490E+1	1.046893E-6 	6.701887E+6	5.924807E+2	-1.597717E+0	9.712535E-5	1.187819E+1	1.186959E+1
10.0    	117     	1.119499E+1	7.435423E-4	-2.45E-1   	10.00     	1031.06 	24.4 	33.1 	1.120296E+1	7.903002E-7 	6.771357E+6	4.701418E+2	-1.598240E+0	2.381176E-4	1.175650E+1	1.174765E+1
10.0    	118     	1.139659E+1	1.947547E-3	-2.43E-1   	10.00     	1033.61 	24.4 	33.1 	1.140478E+1	3.811072E-6 	6.657093E+6	1.085833E+3	-1.597663E+0	3.214550E-5	1.195810E+1	1.194947E+1
10.0    	119     	1.133653E+1	5.827121E-4	-2.49E-1   	10.00     	1036.19 	24.4 	33.1 	1.134476E+1	3.265055E-7 	6.690700E+6	3.235738E+2	-1.597673E+0	1.450287E-4	1.189804E+1	1.188945E+1
10.0    	120     	1.127747E+1	1.198574E-3	-2.44E-1   	10.00     	1038.76 	24.4 	33.1 	1.128553E+1	1.391387E-6 	6.724140E+6	6.755738E+2	-1.598000E+0	3.605551E-5	1.183898E+1	1.183022E+1
10.0    	121     	1.142795E+1	1.181514E-3	-2.44E-1   	10.00     	1041.34 	24.4 	33.1 	1.143628E+1	1.402948E-6 	6.639637E+6	6.553116E+2	-1.597417E+0	2.081666E-5	1.198946E+1	1.198097E+1
10.0    	122     	1.136552E+1	1.062853E-3	-2.45E-1   	10.00     	1043.90 	24.4 	33.1 	1.137377E+1	1.253009E-6 	6.674427E+6	6.107645E+2	-1.597597E+0	9.504385E-5	1.192703E+1	1.191846E+1
10.0    	123     	1.159725E+1	1.879767E-3	-2.48E-1   	10.00     	1046.47 	24.4 	33.1 	1.160582E+1	3.461947E-6 	6.547090E+6	1.006827E+3	-1.596840E+0	1.946792E-4	1.215876E+1	1.215051E+1
10.0    	124     	1.144091E+1	1.616535E-3	-2.44E-1   	10.00     	1049.04 	24.4 	33.1 	1.144928E+1	2.542611E-6 	6.632453E+6	8.875434E+2	-1.597333E+0	3.785939E-5	1.200242E+1	1.199397E+1
10.0    	125     	1.119686E+1	6.187193E-4	-2.44E-1   	10.00     	1051.62 	24.4 	33.1 	1.120480E+1	3.900011E-7 	6.770287E+6	3.579572E+2	-1.598273E+0	4.618802E-5	1.175837E+1	1.174949E+1
10.0    	126     	1.121389E+1	8.747475E-4	-2.51E-1   	10.00     	1054.18 	24.4 	33.1 	1.122177E+1	6.514257E-7 	6.760510E+6	4.828043E+2	-1.598357E+0	1.242310E-4	1.177540E+1	1.176646E+1
10.0    	127     	1.123310E+1	1.871133E-3	-2.50E-1   	10.00     	1056.76 	24.4 	33.1 	1.124117E+1	3.211433E-6 	6.749440E+6	1.048427E+3	-1.598037E+0	1.250333E-4	1.179461E+1	1.178586E+1
10.0    	128     	1.155873E+1	2.275818E-3	-2.45E-1   	10.00     	1059.33 	24.4 	33.1 	1.156758E+1	4.925373E-6 	6.567830E+6	1.217908E+3	-1.596440E+0	1.900000E-4	1.212024E+1	1.211227E+1
10.0    	129     	1.151052E+1	9.745982E-4	-2.49E-1   	10.00     	1061.90 	24.4 	33.1 	1.151917E+1	1.090639E-6 	6.594120E+6	5.505452E+2	-1.596810E+0	2.260531E-4	1.207203E+1	1.206386E+1
10.0    	130     	1.124532E+1	1.635282E-3	-2.51E-1   	10.00     	1064.48 	24.4 	33.1 	1.125324E+1	2.766616E-6 	6.742497E+6	9.419306E+2	-1.598257E+0	1.171893E-4	1.180683E+1	1.179793E+1
10.0    	131     	1.118335E+1	1.353751E-3	-2.47E-1   	10.00     	1067.05 	24.4 	33.1 	1.119170E+1	1.755538E-6 	6.777960E+6	7.732399E+2	-1.597653E+0	4.509250E-5	1.174486E+1	1.173639E+1
10.0    	132     	1.129262E+1	8.193313E-4	-2.48E-1   	10.00     	1069.63 	24.4 	33.1 	1.130080E+1	5.540105E-7 	6.715507E+6	4.418522E+2	-1.597800E+0	2.151743E-4	1.185413E+1	1.184549E+1
10.0    	133     	1.125804E+1	8.899869E-4	-2.49E-1   	10.00     	1072.21 	24.4 	33.1 	1.126652E+1	8.294396E-7 	6.735073E+6	5.131601E+2	-1.597360E+0	6.244998E-5	1.181955E+1	1.181121E+1
10.0    	134     	1.140178E+1	1.187090E-3	-2.48E-1   	10.00     	1074.79 	24.4 	33.1 	1.141000E+1	1.513326E-6 	6.654197E+6	6.724086E+2	-1.597613E+0	1.026320E-4	1.196329E+1	1.195469E+1
10.0    	135     	1.136013E+1	1.579233E-3	-2.49E-1   	10.00     	1077.36 	24.4 	33.1 	1.136821E+1	2.350947E-6 	6.677493E+6	8.715695E+2	-1.597877E+0	1.569501E-4	1.192164E+1	1.191290E+1
10.0    	136     	1.110139E+1	1.823290E-3	-2.44E-1   	10.00     	1079.94 	24.4 	33.1 	1.110958E+1	3.347191E-6 	6.825653E+6	1.069268E+3	-1.598003E+0	7.094599E-5	1.166290E+1	1.165427E+1
10.0    	137     	1.104117E+1	1.366055E-3	-2.43E-1   	10.00     	1082.51 	24.4 	33.1 	1.104933E+1	1.985825E-6 	6.861103E+6	8.207517E+2	-1.598123E+0	9.018500E-5	1.160268E+1	1.159402E+1
10.0    	138     	1.141835E+1	6.047293E-4	-2.50E-1   	10.00     	1085.09 	24.4 	33.1 	1.142665E+1	4.593528E-7 	6.644967E+6	3.557152E+2	-1.597473E+0	1.242310E-4	1.197986E+1	1.197134E+1
10.0    	139     	1.157719E+1	1.486168E-3	-2.43E-1   	10.00     	1087.66 	24.4 	33.1 	1.158562E+1	2.585864E-6 	6.557950E+6	8.359426E+2	-1.597103E+0	2.119748E-4	1.213870E+1	1.213031E+1
10.0    	140     	1.141599E+1	1.106507E-3	-2.47E-1   	10.00     	1090.23 	24.4 	33.1 	1.142466E+1	1.146825E-6 	6.646173E+6	6.028543E+2	-1.596883E+0	2.466441E-4	1.197750E+1	1.196935E+1
10.0    	141     	1.117347E+1	1.817287E-3	-2.44E-1   	10.00     	1092.81 	24.4 	33.1 	1.118142E+1	3.699499E-6 	6.783783E+6	1.081542E+3	-1.598293E+0	1.677299E-4	1.173498E+1	1.172611E+1
10.0    	142     	1.119288E+1	8.250037E-4	-2.44E-1   	10.00     	1095.38 	24.4 	33.1 	1.120142E+1	6.389225E-7 	6.772407E+6	4.680100E+2	-1.597330E+0	6.082763E-5	1.175439E+1	1.174611E+1
10.0    	143     	1.123380E+1	2.792554E-3	-2.50E-1   	10.00     	1097.96 	24.4 	33.1 	1.124176E+1	8.035826E-6 	6.749070E+6	1.610342E+3	-1.598200E+0	7.549834E-5	1.179531E+1	1.178645E+1
10.0    	144     	1.154439E+1	6.543987E-4	-2.44E-1   	10.00     	1100.52 	24.4 	33.1 	1.155310E+1	4.149910E-7 	6.575647E+6	3.527511E+2	-1.596680E+0	3.464102E-5	1.210590E+1	1.209779E+1
10.0    	145     	1.150759E+1	2.159279E-3	-2.49E-1   	10.00     	1103.09 	24.4 	33.1 	1.151705E+1	4.573160E-6 	6.595500E+6	1.174777E+3	-1.595503E+0	4.932883E-5	1.206910E+1	1.206174E+1
10.0    	146     	1.123192E+1	1.053559E-3	-2.46E-1   	10.00     	1105.66 	24.4 	33.1 	1.123990E+1	1.262228E-6 	6.750143E+6	6.232442E+2	-1.598177E+0	1.159023E-4	1.179343E+1	1.178459E+1
10.0    	147     	1.118409E+1	1.156814E-3	-2.46E-1   	10.00     	1108.24 	24.4 	33.1 	1.119198E+1	1.244309E-6 	6.777663E+6	6.557693E+2	-1.598373E+0	8.144528E-5	1.174560E+1	1.173667E+1
10.0    	148     	1.154757E+1	1.649222E-3	-2.50E-1   	10.00     	1110.81 	24.4 	33.1 	1.155629E+1	2.778397E-6 	6.573920E+6	9.003888E+2	-1.596660E+0	3.605551E-5	1.210908E+1	1.210098E+1
10.0    	149     	1.122566E+1	1.109061E-3	-2.46E-1   	10.00     	1113.38 	24.4 	33.1 	1.123362E+1	1.193802E-6 	6.753733E+6	6.305817E+2	-1.598207E+0	1.222020E-4	1.178717E+1	1.177831E+1
10.0    	150     	1.138024E+1	1.807825E-3	-2.43E-1   	10.00     	1115.97 	24.4 	33.1 	1.138858E+1	3.363172E-6 	6.666170E+6	1.016809E+3	-1.597443E+0	5.507571E-5	1.194175E+1	1.193327E+1
10.0    	151     	1.148114E+1	2.571031E-3	-2.50E-1   	10.00     	1118.53 	24.4 	33.1 	1.148950E+1	6.159890E-6 	6.610293E+6	1.387239E+3	-1.597310E+0	1.769181E-4	1.204265E+1	1.203419E+1
10.0    	152     	1.136351E+1	1.927959E-3	-2.50E-1   	10.00     	1121.10 	24.4 	33.1 	1.137161E+1	3.863211E-6 	6.675593E+6	1.090015E+3	-1.597840E+0	1.200000E-4	1.192502E+1	1.191630E+1
10.0    	153     	1.138675E+1	1.079255E-3	-2.49E-1   	10.00     	1123.68 	24.4 	33.1 	1.139505E+1	1.144528E-6 	6.662550E+6	5.990826E+2	-1.597503E+0	1.069268E-4	1.194826E+1	1.193974E+1
10.0    	154     	1.144318E+1	9.182083E-4	-2.45E-1   	10.00     	1126.26 	24.4 	33.1 	1.145138E+1	7.527628E-7 	6.631247E+6	4.933896E+2	-1.597593E+0	7.767453E-5	1.200469E+1	1.199607E+1
10.0    	155     	1.154816E+1	2.247155E-3	-2.46E-1   	10.00     	1128.82 	24.4 	33.1 	1.155667E+1	4.922543E-6 	6.573653E+6	1.212326E+3	-1.596993E+0	1.078579E-4	1.210967E+1	1.210136E+1
10.0    	156     	1.127321E+1	6.445242E-4	-2.51E-1   	10.00     	1131.40 	24.4 	33.1 	1.128134E+1	3.389686E-7 	6.726540E+6	3.487119E+2	-1.597897E+0	9.865766E-5	1.183472E+1	1.182603E+1
10.0    	157     	1.119780E+1	2.359089E-2	-2.48E-1   	10.00     	1133.96 	24.4 	33.1 	1.120589E+1	5.869675E-4 	6.769723E+6	1.378562E+4	-1.598033E+0	1.018692E-3	1.175931E+1	1.175058E+1
10.0    	158     	1.115704E+1	9.067095E-4	-2.46E-1   	10.00     	1136.54 	24.4 	33.1 	1.116495E+1	8.124216E-7 	6.793310E+6	5.242137E+2	-1.598383E+0	3.511885E-5	1.171855E+1	1.170964E+1
10.0    	159     	1.125083E+1	7.833598E-4	-2.45E-1   	10.00     	1139.11 	24.4 	33.1 	1.125897E+1	5.823383E-7 	6.739287E+6	4.407191E+2	-1.597903E+0	1.305118E-4	1.181234E+1	1.180366E+1
10.0    	160     	1.153701E+1	1.096510E-3	-2.44E-1   	10.00     	1141.68 	24.4 	33.1 	1.154592E+1	1.378544E-6 	6.579607E+6	6.176029E+2	-1.596357E+0	1.285820E-4	1.209852E+1	1.209061E+1
10.0    	161     	1.149445E+1	5.142744E-4	-2.47E-1   	10.00     	1144.25 	24.4 	33.1 	1.150330E+1	3.417041E-7 	6.602857E+6	3.007214E+2	-1.596503E+0	1.386843E-4	1.205596E+1	1.204799E+1
10.0    	162     	1.125796E+1	1.320790E-3	-2.50E-1   	10.00     	1146.83 	24.4 	33.1 	1.126593E+1	1.866131E-6 	6.735267E+6	7.657894E+2	-1.598150E+0	9.643651E-5	1.181947E+1	1.181062E+1
10.0    	163     	1.148817E+1	8.808614E-4	-2.50E-1   	10.00     	1149.39 	24.4 	33.1 	1.149651E+1	6.685458E-7 	6.606440E+6	4.657252E+2	-1.597320E+0	1.058301E-4	1.204968E+1	1.204120E+1
10.0    	164     	7.453093E-1	6.741194E-5	-2.50E-1   	10.00     	1151.97 	24.4 	33.1 	6.119563E-1	4.765950E-7 	6.472650E+7	1.925175E+4	-1.916640E+0	8.373769E-4	1.306819E+0	1.156646E+0
10.0    	165     	1.147023E+1	8.683315E-4	-2.49E-1   	10.00     	1154.54 	24.4 	33.1 	1.147861E+1	7.859126E-7 	6.616283E+6	4.826317E+2	-1.597283E+0	4.041452E-5	1.203174E+1	1.202330E+1
10.0    	166     	1.126730E+1	1.574168E-3	-2.49E-1   	10.00     	1157.11 	24.4 	33.1 	1.127538E+1	2.221713E-6 	6.729917E+6	8.720283E+2	-1.597983E+0	1.365040E-4	1.182881E+1	1.182007E+1
10.0    	167     	1.134505E+1	7.297849E-4	-2.48E-1   	10.00     	1159.68 	24.4 	33.1 	1.135328E+1	5.900453E-7 	6.685910E+6	4.203570E+2	-1.597650E+0	1.153256E-4	1.190656E+1	1.189797E+1
10.0    	168     	1.152641E+1	5.997336E-4	-2.46E-1   	10.00     	1162.25 	24.4 	33.1 	1.153483E+1	3.381419E-7 	6.585510E+6	3.218695E+2	-1.597157E+0	2.886751E-5	1.208792E+1	1.207952E+1
10.0    	169     	1.157651E+1	9.093919E-4	-2.47E-1   	10.00     	1164.82 	24.4 	33.1 	1.158513E+1	7.523362E-7 	6.558267E+6	4.801389E+2	-1.596790E+0	7.000000E-5	1.213802E+1	1.212982E+1
10.0    	170     	1.145290E+1	6.497228E-4	-2.48E-1   	10.00     	1167.40 	24.4 	33.1 	1.146134E+1	4.364623E-7 	6.625813E+6	3.614323E+2	-1.597223E+0	2.516611E-5	1.201441E+1	1.200603E+1
10.0    	171     	1.132565E+1	9.888174E-4	-2.52E-1   	10.00     	1169.96 	24.4 	33.1 	1.133383E+1	1.077288E-6 	6.696840E+6	5.710517E+2	-1.597763E+0	8.962886E-5	1.188716E+1	1.187852E+1
10.0    	172     	1.115882E+1	6.479953E-4	-2.45E-1   	10.00     	1172.54 	24.4 	33.1 	1.116683E+1	3.577303E-7 	6.792247E+6	3.611556E+2	-1.598220E+0	8.185353E-5	1.172033E+1	1.171152E+1
10.0    	173     	1.122075E+1	1.209202E-3	-2.50E-1   	10.00     	1175.11 	24.4 	33.1 	1.122882E+1	1.423196E-6 	6.756517E+6	6.888638E+2	-1.598040E+0	9.165151E-5	1.178226E+1	1.177351E+1
10.0    	174     	1.114173E+1	1.030603E-3	-2.50E-1   	10.00     	1177.68 	24.4 	33.1 	1.114970E+1	1.154421E-6 	6.802183E+6	6.119913E+2	-1.598310E+0	7.549834E-5	1.170324E+1	1.169439E+1
10.0    	175     	1.124647E+1	1.648609E-3	-2.45E-1   	10.00     	1180.25 	24.4 	33.1 	1.125448E+1	2.862100E-6 	6.741810E+6	9.534674E+2	-1.598117E+0	1.677299E-4	1.180798E+1	1.179917E+1
10.0    	176     	1.152986E+1	9.420806E-4	-2.44E-1   	10.00     	1182.82 	24.4 	33.1 	1.153834E+1	8.637546E-7 	6.583617E+6	5.096404E+2	-1.597067E+0	2.516611E-5	1.209137E+1	1.208303E+1
10.0    	177     	1.147898E+1	2.567943E-3	-2.50E-1   	10.00     	1185.39 	24.4 	33.1 	1.148780E+1	6.327643E-6 	6.611353E+6	1.396149E+3	-1.596573E+0	8.736895E-5	1.204049E+1	1.203249E+1
10.0    	178     	1.129628E+1	3.056984E-3	-2.46E-1   	10.00     	1187.97 	24.4 	33.1 	1.130453E+1	9.381055E-6 	6.713413E+6	1.733272E+3	-1.597677E+0	1.527525E-5	1.185779E+1	1.184922E+1
10.0    	179     	1.123198E+1	5.922738E-4	-2.49E-1   	10.00     	1190.54 	24.4 	33.1 	1.123995E+1	4.006392E-7 	6.750107E+6	3.499047E+2	-1.598193E+0	1.484363E-4	1.179349E+1	1.178464E+1
10.0    	180     	1.143476E+1	1.388748E-3	-2.48E-1   	10.00     	1193.11 	24.4 	33.1 	1.144361E+1	2.011714E-6 	6.635723E+6	7.766810E+2	-1.596573E+0	5.131601E-5	1.199627E+1	1.198830E+1
10.0    	181     	1.125356E+1	3.947179E-4	-2.50E-1   	10.00     	1195.68 	24.4 	33.1 	1.126142E+1	1.454653E-7 	6.737807E+6	2.212088E+2	-1.598343E+0	5.131601E-5	1.181507E+1	1.180611E+1
10.0    	182     	1.115029E+1	6.116552E-4	-2.46E-1   	10.00     	1198.26 	24.4 	33.1 	1.115825E+1	4.078733E-7 	6.797213E+6	3.629509E+2	-1.598307E+0	4.618802E-5	1.171180E+1	1.170294E+1
10.0    	183     	1.120548E+1	2.206297E-3	-2.50E-1   	10.00     	1200.82 	24.4 	33.1 	1.121353E+1	5.022542E-6 	6.765293E+6	1.279075E+3	-1.598103E+0	7.637626E-5	1.176699E+1	1.175822E+1
10.0    	184     	1.117259E+1	1.610687E-3	-2.50E-1   	10.00     	1203.40 	24.4 	33.1 	1.118062E+1	2.597206E-6 	6.784267E+6	9.317904E+2	-1.598170E+0	3.605551E-5	1.173410E+1	1.172531E+1
10.0    	185     	1.118693E+1	2.243528E-3	-2.49E-1   	10.00     	1205.96 	24.4 	33.1 	1.119532E+1	4.717153E-6 	6.775880E+6	1.273852E+3	-1.597587E+0	1.205543E-4	1.174844E+1	1.174001E+1
10.0    	186     	1.125664E+1	1.648764E-3	-2.44E-1   	10.00     	1208.54 	24.4 	33.1 	1.126467E+1	2.766067E-6 	6.736003E+6	9.439456E+2	-1.598070E+0	1.126943E-4	1.181815E+1	1.180936E+1
10.0    	187     	1.117817E+1	8.155072E-4	-2.49E-1   	10.00     	1211.11 	24.4 	33.1 	1.118610E+1	7.354228E-7 	6.781070E+6	4.828043E+2	-1.598320E+0	1.417745E-4	1.173968E+1	1.173079E+1
10.0    	188     	1.122951E+1	8.962135E-4	-2.42E-1   	10.00     	1213.68 	24.4 	33.1 	1.123754E+1	9.458263E-7 	6.751507E+6	5.351947E+2	-1.598107E+0	1.209683E-4	1.179102E+1	1.178223E+1
10.0    	189     	1.108858E+1	1.909823E-3	-2.50E-1   	10.00     	1216.26 	24.4 	33.1 	1.109646E+1	3.602594E-6 	6.833253E+6	1.116975E+3	-1.598513E+0	8.144528E-5	1.165009E+1	1.164115E+1
10.0    	190     	1.119759E+1	3.725782E-4	-2.50E-1   	10.00     	1218.83 	24.4 	33.1 	1.120554E+1	1.327799E-7 	6.769863E+6	2.122106E+2	-1.598250E+0	1.732051E-5	1.175910E+1	1.175023E+1
10.0    	191     	1.128748E+1	1.848641E-4	-2.51E-1   	10.00     	1221.41 	24.4 	33.1 	1.129559E+1	6.012539E-8 	6.718440E+6	1.216553E+2	-1.597903E+0	1.059874E-4	1.184899E+1	1.184028E+1
10.0    	192     	1.151000E+1	2.259206E-3	-2.48E-1   	10.00     	1223.98 	24.4 	33.1 	1.151877E+1	5.204902E-6 	6.594373E+6	1.240578E+3	-1.596620E+0	4.358899E-5	1.207151E+1	1.206346E+1
10.0    	193     	1.144945E+1	4.567910E-4	-2.48E-1   	10.00     	1226.56 	24.4 	33.1 	1.145753E+1	1.369752E-7 	6.627817E+6	2.281082E+2	-1.597760E+0	1.389244E-4	1.201096E+1	1.200222E+1
10.0    	194     	1.126099E+1	8.692222E-4	-2.46E-1   	10.00     	1229.13 	24.4 	33.1 	1.126926E+1	7.678898E-7 	6.733453E+6	4.972256E+2	-1.597683E+0	4.041452E-5	1.182250E+1	1.181395E+1
10.0    	195     	1.123814E+1	1.293722E-3	-2.43E-1   	10.00     	1231.71 	24.4 	33.1 	1.124598E+1	1.790613E-6 	6.746623E+6	7.526841E+2	-1.598383E+0	8.326664E-5	1.179965E+1	1.179067E+1
10.0    	196     	1.121493E+1	1.120743E-3	-2.49E-1   	10.00     	1234.28 	24.4 	33.1 	1.122280E+1	1.171462E-6 	6.759913E+6	6.325609E+2	-1.598370E+0	6.000000E-5	1.177644E+1	1.176749E+1
10.0    	197     	1.112614E+1	1.931896E-3	-2.48E-1   	10.00     	1236.85 	24.4 	33.1 	1.113411E+1	3.818033E-6 	6.811260E+6	1.132652E+3	-1.598313E+0	5.033223E-5	1.168765E+1	1.167880E+1
10.0    	198     	1.125952E+1	9.814673E-4	-2.48E-1   	10.00     	1239.43 	24.4 	33.1 	1.126761E+1	9.909913E-7 	6.734343E+6	5.622574E+2	-1.597973E+0	1.942507E-4	1.182103E+1	1.181230E+1
10.0    	199     	1.123240E+1	1.296490E-3	-2.45E-1   	10.00     	1242.00 	24.4 	33.1 	1.124025E+1	1.744007E-6 	6.749903E+6	7.488881E+2	-1.598367E+0	1.159023E-4	1.179391E+1	1.178494E+1
10.0    	200     	1.118628E+1	1.969560E-3	-2.47E-1   	10.00     	1244.57 	24.4 	33.1 	1.119463E+1	3.884779E-6 	6.776267E+6	1.136940E+3	-1.597657E+0	2.309401E-5	1.174779E+1	1.173932E+1
10.0    	201     	1.116561E+1	1.038794E-3	-2.44E-1   	10.00     	1247.15 	24.4 	33.1 	1.117377E+1	9.676689E-7 	6.788270E+6	5.855766E+2	-1.597970E+0	8.544004E-5	1.172712E+1	1.171846E+1
10.0    	202     	1.124896E+1	1.560221E-3	-2.47E-1   	10.00     	1249.72 	24.4 	33.1 	1.125698E+1	2.638995E-6 	6.740387E+6	9.089738E+2	-1.598093E+0	1.274101E-4	1.181047E+1	1.180167E+1
10.0    	203     	1.125899E+1	2.645944E-4	-2.51E-1   	10.00     	1252.30 	24.4 	33.1 	1.126727E+1	6.230924E-8 	6.734590E+6	1.417745E+2	-1.597687E+0	2.059935E-4	1.182050E+1	1.181196E+1
10.0    	204     	1.110074E+1	1.159945E-3	-2.44E-1   	10.00     	1254.87 	24.4 	33.1 	1.110865E+1	1.447604E-6 	6.826117E+6	6.917610E+2	-1.598440E+0	9.539392E-5	1.166225E+1	1.165334E+1
10.0    	205     	1.119159E+1	1.657584E-3	-2.45E-1   	10.00     	1257.45 	24.4 	33.1 	1.119988E+1	2.688516E-6 	6.773223E+6	9.503859E+2	-1.597740E+0	3.464102E-5	1.175310E+1	1.174457E+1
10.0    	206     	1.124633E+1	8.827554E-4	-2.44E-1   	10.00     	1260.02 	24.4 	33.1 	1.125453E+1	6.014881E-7 	6.741837E+6	4.735328E+2	-1.597830E+0	1.700000E-4	1.180784E+1	1.179922E+1
10.0    	207     	1.130223E+1	1.282236E-3	-2.49E-1   	10.00     	1262.59 	24.4 	33.1 	1.131030E+1	1.695817E-6 	6.710097E+6	7.311179E+2	-1.597950E+0	5.567764E-5	1.186374E+1	1.185499E+1
10.0    	208     	1.146266E+1	3.568142E-3	-2.49E-1   	10.00     	1265.16 	24.4 	33.1 	1.147144E+1	1.314001E-5 	6.620340E+6	1.980985E+3	-1.596643E+0	1.011599E-4	1.202417E+1	1.201613E+1
10.0    	209     	1.150020E+1	1.524313E-3	-2.50E-1   	10.00     	1267.74 	24.4 	33.1 	1.150880E+1	2.391993E-6 	6.599777E+6	8.403769E+2	-1.596903E+0	8.621678E-5	1.206171E+1	1.205349E+1
10.0    	210     	1.124358E+1	2.929281E-4	-2.48E-1   	10.00     	1270.31 	24.4 	33.1 	1.125187E+1	6.788130E-8 	6.743383E+6	1.569501E+2	-1.597670E+0	1.178983E-4	1.180509E+1	1.179656E+1
10.0    	211     	1.127352E+1	2.822885E-3	-2.51E-1   	10.00     	1272.89 	24.4 	33.1 	1.128151E+1	8.144881E-6 	6.726403E+6	1.613578E+3	-1.598117E+0	7.023769E-5	1.183503E+1	1.182620E+1
10.0    	212     	1.122290E+1	2.733402E-3	-2.45E-1   	10.00     	1275.46 	24.4 	33.1 	1.123117E+1	7.562727E-6 	6.755227E+6	1.572429E+3	-1.597737E+0	3.055050E-5	1.178441E+1	1.177586E+1
10.0    	213     	1.121816E+1	2.277907E-3	-2.48E-1   	10.00     	1278.03 	24.4 	33.1 	1.122616E+1	4.738940E-6 	6.758023E+6	1.278137E+3	-1.598167E+0	2.025669E-4	1.177967E+1	1.177085E+1
10.0    	214     	1.118898E+1	1.414014E-3	-2.45E-1   	10.00     	1280.61 	24.4 	33.1 	1.119679E+1	1.957456E-6 	6.774867E+6	8.113158E+2	-1.598487E+0	3.055050E-5	1.175049E+1	1.174148E+1
10.0    	215     	1.115239E+1	2.661626E-3	-2.44E-1   	10.00     	1283.17 	24.4 	33.1 	1.116014E+1	7.269148E-6 	6.796053E+6	1.554906E+3	-1.598627E+0	9.291573E-5	1.171390E+1	1.170483E+1
10.0    	216     	1.122322E+1	1.272773E-3	-2.48E-1   	10.00     	1285.75 	24.4 	33.1 	1.123128E+1	1.467489E-6 	6.755103E+6	7.122032E+2	-1.598060E+0	9.643651E-5	1.178473E+1	1.177597E+1
10.0    	217     	1.122595E+1	4.045137E-4	-2.48E-1   	10.00     	1288.32 	24.4 	33.1 	1.123397E+1	1.983973E-7 	6.753550E+6	2.426932E+2	-1.598117E+0	1.289703E-4	1.178746E+1	1.177866E+1
10.0    	218     	1.114732E+1	1.976023E-3	-2.46E-1   	10.00     	1290.90 	24.4 	33.1 	1.115519E+1	3.836496E-6 	6.798963E+6	1.142687E+3	-1.598457E+0	4.932883E-5	1.170883E+1	1.169988E+1
10.0    	219     	1.115575E+1	1.751441E-3	-2.45E-1   	10.00     	1293.46 	24.4 	33.1 	1.116348E+1	3.269784E-6 	6.794110E+6	1.031843E+3	-1.598663E+0	1.929594E-4	1.171726E+1	1.170817E+1
10.0    	220     	1.121227E+1	1.218959E-3	-2.44E-1   	10.00     	1296.04 	24.4 	33.1 	1.122029E+1	1.637021E-6 	6.761400E+6	7.175653E+2	-1.598150E+0	1.135782E-4	1.177378E+1	1.176498E+1
10.0    	221     	1.123539E+1	7.173460E-4	-2.46E-1   	10.00     	1298.61 	24.4 	33.1 	1.124345E+1	3.625077E-7 	6.748133E+6	3.774034E+2	-1.598050E+0	1.835756E-4	1.179690E+1	1.178814E+1
10.0    	222     	1.128657E+1	7.375141E-4	-2.45E-1   	10.00     	1301.18 	24.4 	33.1 	1.129503E+1	6.107119E-7 	6.718857E+6	4.301550E+2	-1.597360E+0	1.562050E-4	1.184808E+1	1.183972E+1
10.0    	223     	1.125147E+1	2.386334E-3	-2.52E-1   	10.00     	1303.75 	24.4 	33.1 	1.125966E+1	5.652332E-6 	6.738907E+6	1.359056E+3	-1.597820E+0	8.888194E-5	1.181298E+1	1.180435E+1
10.0    	224     	1.147411E+1	1.426701E-3	-2.45E-1   	10.00     	1306.32 	24.4 	33.1 	1.148251E+1	1.910427E-6 	6.614143E+6	7.720320E+2	-1.597247E+0	9.609024E-5	1.203562E+1	1.202720E+1
10.0    	225     	1.152568E+1	4.386216E-4	-2.48E-1   	10.00     	1308.90 	24.4 	33.1 	1.153408E+1	1.868837E-7 	6.585913E+6	2.345918E+2	-1.597193E+0	2.081666E-4	1.208719E+1	1.207877E+1
10.0    	226     	1.126833E+1	4.568989E-4	-2.44E-1   	10.00     	1311.48 	24.4 	33.1 	1.127620E+1	2.138484E-7 	6.729390E+6	2.600000E+2	-1.598313E+0	1.550269E-4	1.182984E+1	1.182089E+1
10.0    	227     	1.123883E+1	1.937087E-3	-2.47E-1   	10.00     	1314.05 	24.4 	33.1 	1.124673E+1	3.584543E-6 	6.746210E+6	1.094943E+3	-1.598287E+0	1.594783E-4	1.180034E+1	1.179142E+1
10.0    	228     	1.128367E+1	7.071012E-4	-2.45E-1   	10.00     	1316.62 	24.4 	33.1 	1.129182E+1	5.102136E-7 	6.720590E+6	4.028647E+2	-1.597847E+0	1.137248E-4	1.184518E+1	1.183651E+1
10.0    	229     	1.127166E+1	1.156451E-3	-2.52E-1   	10.00     	1319.18 	24.4 	33.1 	1.127968E+1	1.458627E-6 	6.727453E+6	6.721111E+2	-1.598067E+0	1.159023E-4	1.183317E+1	1.182437E+1
10.0    	230     	1.121615E+1	8.068931E-4	-2.45E-1   	10.00     	1321.75 	24.4 	33.1 	1.122408E+1	7.339944E-7 	6.759197E+6	4.772141E+2	-1.598263E+0	1.234234E-4	1.177766E+1	1.176877E+1
10.0    	231     	1.124307E+1	1.030721E-3	-2.49E-1   	10.00     	1324.33 	24.4 	33.1 	1.125107E+1	9.497577E-7 	6.743757E+6	5.729165E+2	-1.598137E+0	1.021437E-4	1.180458E+1	1.179576E+1
10.0    	232     	1.124972E+1	2.137325E-3	-2.46E-1   	10.00     	1326.89 	24.4 	33.1 	1.125779E+1	4.290080E-6 	6.739940E+6	1.201291E+3	-1.598017E+0	1.006645E-4	1.181123E+1	1.180248E+1
10.0    	233     	1.123313E+1	1.350372E-3	-2.50E-1   	10.00     	1329.47 	24.4 	33.1 	1.124114E+1	1.710122E-6 	6.749440E+6	7.607233E+2	-1.598127E+0	1.026320E-4	1.179464E+1	1.178583E+1
10.0    	234     	1.122857E+1	9.303606E-4	-2.45E-1   	10.00     	1332.04 	24.4 	33.1 	1.123661E+1	9.015281E-7 	6.752040E+6	5.384236E+2	-1.598090E+0	6.082763E-5	1.179008E+1	1.178130E+1
10.0    	235     	1.121873E+1	9.122220E-4	-2.47E-1   	10.00     	1334.61 	24.4 	33.1 	1.122675E+1	8.193525E-7 	6.757690E+6	5.214403E+2	-1.598133E+0	2.081666E-5	1.178024E+1	1.177144E+1
10.0    	236     	1.127022E+1	2.965588E-4	-2.51E-1   	10.00     	1337.18 	24.4 	33.1 	1.127829E+1	1.122791E-7 	6.728257E+6	1.795364E+2	-1.597983E+0	7.094599E-5	1.183173E+1	1.182298E+1
10.0    	237     	1.129427E+1	1.863627E-3	-2.43E-1   	10.00     	1339.76 	24.4 	33.1 	1.130237E+1	3.462816E-6 	6.714593E+6	1.055099E+3	-1.597917E+0	7.023769E-5	1.185578E+1	1.184706E+1
10.0    	238     	1.124624E+1	1.492791E-3	-2.45E-1   	10.00     	1342.33 	24.4 	33.1 	1.125411E+1	2.090748E-6 	6.741983E+6	8.391861E+2	-1.598323E+0	1.101514E-4	1.180775E+1	1.179880E+1
10.0    	239     	1.123510E+1	8.287695E-4	-2.51E-1   	10.00     	1344.90 	24.4 	33.1 	1.124302E+1	7.460228E-7 	6.748337E+6	4.838733E+2	-1.598267E+0	1.193035E-4	1.179661E+1	1.178771E+1
10.0    	240     	1.154821E+1	1.198996E-3	-2.52E-1   	10.00     	1347.47 	24.4 	33.1 	1.155705E+1	1.701761E-6 	6.573537E+6	6.792888E+2	-1.596473E+0	2.193931E-4	1.210972E+1	1.210174E+1
10.0    	241     	1.172391E+1	2.740980E-3	-2.53E-1   	10.00     	1350.04 	24.4 	33.1 	1.173398E+1	7.951825E-6 	6.479170E+6	1.466663E+3	-1.594237E+0	1.401190E-4	1.228542E+1	1.227867E+1
10.0    	242     	1.156605E+1	1.558183E-3	-2.50E-1   	10.00     	1352.61 	24.4 	33.1 	1.157461E+1	2.562880E-6 	6.563940E+6	8.551023E+2	-1.596903E+0	9.018500E-5	1.212756E+1	1.211930E+1
10.0    	243     	1.148626E+1	7.492506E-4	-2.48E-1   	10.00     	1355.18 	24.4 	33.1 	1.149482E+1	6.085082E-7 	6.607427E+6	4.186088E+2	-1.596980E+0	1.682260E-4	1.204777E+1	1.203951E+1
10.0    	244     	1.146327E+1	2.127364E-4	-2.47E-1   	10.00     	1357.75 	24.4 	33.1 	1.147217E+1	2.828114E-8 	6.619970E+6	1.044031E+2	-1.596467E+0	9.291573E-5	1.202478E+1	1.201686E+1
10.0    	245     	1.149985E+1	1.416094E-3	-2.50E-1   	10.00     	1360.33 	24.4 	33.1 	1.150899E+1	2.102222E-6 	6.599820E+6	7.842831E+2	-1.596027E+0	1.040833E-4	1.206136E+1	1.205368E+1
10.0    	246     	1.151357E+1	1.161179E-3	-2.51E-1   	10.00     	1362.89 	24.4 	33.1 	1.152188E+1	1.205436E-6 	6.592547E+6	6.164684E+2	-1.597347E+0	1.677299E-4	1.207508E+1	1.206657E+1
10.0    	247     	1.152925E+1	1.383699E-3	-2.47E-1   	10.00     	1365.47 	24.4 	33.1 	1.153866E+1	1.887693E-6 	6.583693E+6	7.508218E+2	-1.595553E+0	1.205543E-4	1.209076E+1	1.208335E+1
10.0    	248     	1.151897E+1	7.723618E-4	-2.45E-1   	10.00     	1368.04 	24.4 	33.1 	1.152761E+1	6.215214E-7 	6.589510E+6	4.257934E+2	-1.596820E+0	2.645751E-5	1.208048E+1	1.207230E+1
10.0    	249     	1.151086E+1	5.530301E-4	-2.51E-1   	10.00     	1370.61 	24.4 	33.1 	1.151963E+1	2.671762E-7 	6.593900E+6	2.920616E+2	-1.596620E+0	8.888194E-5	1.207237E+1	1.206432E+1
10.0    	250     	1.152268E+1	1.264882E-3	-2.50E-1   	10.00     	1373.19 	24.4 	33.1 	1.153127E+1	1.750997E-6 	6.587500E+6	7.054786E+2	-1.596900E+0	1.374773E-4	1.208419E+1	1.207596E+1
10.0    	251     	1.154717E+1	7.657912E-4	-2.51E-1   	10.00     	1375.76 	24.4 	33.1 	1.155613E+1	5.024001E-7 	6.574070E+6	4.003748E+2	-1.596283E+0	9.865766E-5	1.210868E+1	1.210082E+1
10.0    	252     	1.149630E+1	7.831465E-4	-2.50E-1   	10.00     	1378.34 	24.4 	33.1 	1.150501E+1	5.303842E-7 	6.601880E+6	4.138840E+2	-1.596733E+0	8.736895E-5	1.205781E+1	1.204970E+1
10.0    	253     	1.143171E+1	8.526669E-4	-2.49E-1   	10.00     	1380.91 	24.4 	33.1 	1.144051E+1	6.887635E-7 	6.637423E+6	4.654389E+2	-1.596653E+0	1.059874E-4	1.199322E+1	1.198520E+1
10.0    	254     	1.146020E+1	1.825630E-3	-2.44E-1   	10.00     	1383.49 	24.4 	33.1 	1.146901E+1	3.168561E-6 	6.621687E+6	9.932438E+2	-1.596617E+0	8.020806E-5	1.202171E+1	1.201370E+1
10.0    	255     	1.154120E+1	7.506329E-4	-2.50E-1   	10.00     	1386.06 	24.4 	33.1 	1.154982E+1	4.627047E-7 	6.577407E+6	3.888873E+2	-1.596827E+0	1.159023E-4	1.210271E+1	1.209451E+1
10.0    	256     	1.182179E+1	1.175182E-3	-2.51E-1   	10.00     	1388.64 	24.4 	33.1 	1.183189E+1	1.206688E-6 	6.427937E+6	5.902824E+2	-1.594083E+0	1.320353E-4	1.238330E+1	1.237658E+1
10.0    	257     	5.688911E+0	1.295476E-3	-2.49E-1   	10.00     	1391.22 	24.4 	33.1 	5.683442E+0	2.145565E-6 	1.275430E+7	2.816026E+3	-1.630547E+0	3.256276E-4	6.250421E+0	6.228132E+0
10.0    	258     	8.136264E+0	7.664644E-4	-2.48E-1   	10.00     	1393.80 	24.4 	33.1 	8.138323E+0	5.156763E-7 	9.156950E+6	7.808329E+2	-1.612003E+0	1.342882E-4	8.697774E+0	8.683013E+0
10.0    	259     	1.128424E+1	1.914019E-4	-2.48E-1   	10.00     	1396.37 	24.4 	33.1 	1.129188E+1	4.401018E-8 	6.720413E+6	1.137248E+2	-1.598630E+0	4.000000E-5	1.184575E+1	1.183657E+1
10.0    	260     	2.370020E+1	8.897779E-4	-2.49E-1   	10.00     	1398.94 	24.4 	33.1 	2.371625E+1	7.877798E-7 	3.280013E+6	1.201388E+2	-1.576460E+0	6.082763E-5	2.426171E+1	2.426094E+1
10.0    	261     	2.820060E+1	1.262137E-3	-2.50E-1   	10.00     	1401.52 	24.4 	33.1 	2.821735E+1	1.584082E-6 	2.766750E+6	1.212436E+2	-1.572327E+0	4.041452E-5	2.876211E+1	2.876204E+1
10.0    	262     	3.428965E+1	7.733221E-4	-2.45E-1   	10.00     	1404.11 	24.4 	33.1 	3.430613E+1	5.823648E-7 	2.283363E+6	5.033223E+1	-1.567653E+0	4.725816E-5	3.485116E+1	3.485082E+1
10.0    	263     	5.024461E+1	3.688667E-4	-2.50E-1   	10.00     	1406.67 	24.4 	33.1 	5.025301E+1	1.445036E-7 	1.566427E+6	1.154701E+1	-1.557920E+0	1.000000E-5	5.080612E+1	5.079770E+1
10.0    	264     	1.100745E+2	2.891860E-4	-2.45E-1   	10.00     	1409.24 	24.4 	33.1 	1.099085E+2	1.247191E-7 	7.198677E+5	2.081666E+0	-1.530140E+0	1.000000E-5	1.106360E+2	1.104532E+2
15.0    	1       	9.821822E+0	6.723795E-4	2.79E+0    	15.00     	1441.12 	24.4 	33.1 	9.827486E+0	4.514883E-7 	7.668083E+6	4.964205E+2	-1.603580E+0	6.082763E-5	1.038333E+1	1.037218E+1
15.0    	2       	9.926472E+0	1.327856E-3	-3.06E-1   	15.00     	1443.39 	24.4 	33.1 	9.934437E+0	1.882946E-6 	7.590697E+6	9.774627E+2	-1.599857E+0	1.006645E-4	1.048798E+1	1.047913E+1
15.0    	3       	7.472541E-1	1.989363E-3	-3.13E-1   	15.00     	1445.96 	24.4 	33.1 	6.122469E-1	5.844905E-6 	6.467040E+7	1.141224E+5	-1.918350E+0	1.290116E-3	1.308764E+0	1.156937E+0
15.0    	4       	9.915402E+0	5.626900E-4	-3.11E-1   	15.00     	1448.54 	24.4 	33.1 	9.924239E+0	3.142459E-7 	7.598403E+6	4.072264E+2	-1.598403E+0	7.023769E-5	1.047691E+1	1.046893E+1
15.0    	5       	9.638940E+0	4.624891E-4	-3.12E-1   	15.00     	1451.10 	24.4 	33.1 	9.644870E+0	1.766145E-7 	7.805537E+6	3.372437E+2	-1.603477E+0	1.040833E-4	1.020045E+1	1.018956E+1
15.0    	6       	9.635274E+0	1.186523E-3	-3.11E-1   	15.00     	1453.69 	24.4 	33.1 	9.640989E+0	1.599952E-6 	7.808427E+6	9.385805E+2	-1.603803E+0	1.778576E-4	1.019678E+1	1.018568E+1
15.0    	7       	9.629856E+0	1.386002E-3	-3.08E-1   	15.00     	1456.26 	24.4 	33.1 	9.635771E+0	2.124181E-6 	7.812503E+6	1.089694E+3	-1.603513E+0	2.020726E-4	1.019137E+1	1.018046E+1
15.0    	8       	9.669292E+0	1.601613E-3	-3.07E-1   	15.00     	1458.83 	24.4 	33.1 	9.676589E+0	2.809954E-6 	7.781847E+6	1.246769E+3	-1.601310E+0	1.900000E-4	1.023080E+1	1.022128E+1
15.0    	9       	9.655615E+0	1.739868E-3	-3.06E-1   	15.00     	1461.40 	24.4 	33.1 	9.662272E+0	3.275129E-6 	7.792513E+6	1.354302E+3	-1.602340E+0	1.352775E-4	1.021712E+1	1.020696E+1
15.0    	10      	9.641401E+0	1.141039E-3	-3.13E-1   	15.00     	1463.97 	24.4 	33.1 	9.648436E+0	1.315145E-6 	7.803230E+6	8.750429E+2	-1.601770E+0	8.717798E-5	1.020291E+1	1.019313E+1
15.0    	11      	9.639419E+0	9.995785E-4	-3.07E-1   	15.00     	1466.55 	24.4 	33.1 	9.645783E+0	1.087711E-6 	7.805003E+6	7.813023E+2	-1.602817E+0	1.331666E-4	1.020093E+1	1.019047E+1
15.0    	12      	9.644379E+0	4.482587E-4	-3.08E-1   	15.00     	1469.12 	24.4 	33.1 	9.650765E+0	3.073912E-7 	7.801200E+6	3.830144E+2	-1.602777E+0	1.789786E-4	1.020589E+1	1.019545E+1
15.0    	13      	9.602809E+0	1.726495E-3	-3.11E-1   	15.00     	1471.70 	24.4 	33.1 	9.608543E+0	2.927757E-6 	7.833373E+6	1.325003E+3	-1.603827E+0	1.171893E-4	1.016432E+1	1.015323E+1
15.0    	14      	9.854900E+0	2.239190E-3	-3.11E-1   	15.00     	1474.26 	24.4 	33.1 	9.863024E+0	4.799712E-6 	7.642817E+6	1.625495E+3	-1.599693E+0	1.457166E-4	1.041641E+1	1.040771E+1
15.0    	15      	9.409172E-1	1.078634E-3	-3.09E-1   	15.00     	1476.84 	24.4 	33.1 	9.451444E-1	7.533299E-7 	5.318933E+7	3.454625E+4	-1.662473E+0	8.069903E-4	1.502427E+0	1.489834E+0
15.0    	16      	1.010363E+1	9.745552E-4	-3.13E-1   	15.00     	1479.40 	24.4 	33.1 	1.011101E+1	1.001664E-6 	7.464760E+6	6.915924E+2	-1.600553E+0	4.618802E-5	1.066514E+1	1.065570E+1
15.0    	17      	9.609509E+0	1.355595E-3	-3.11E-1   	15.00     	1481.98 	24.4 	33.1 	9.615850E+0	1.924142E-6 	7.827977E+6	1.056046E+3	-1.602900E+0	5.567764E-5	1.017102E+1	1.016054E+1
15.0    	18      	9.379515E+0	7.044733E-4	-3.08E-1   	15.00     	1484.55 	24.4 	33.1 	9.384671E+0	4.541145E-7 	8.009657E+6	5.532028E+2	-1.605057E+0	1.921805E-4	9.941025E+0	9.929361E+0
15.0    	19      	9.684229E+0	1.107874E-3	-3.09E-1   	15.00     	1487.12 	24.4 	33.1 	9.690780E+0	1.329491E-6 	7.770780E+6	8.560958E+2	-1.602460E+0	2.330236E-4	1.024574E+1	1.023547E+1
15.0    	20      	9.401521E+0	1.905417E-3	-3.10E-1   	15.00     	1489.69 	24.4 	33.1 	9.407088E+0	3.878264E-6 	7.991790E+6	1.554735E+3	-1.604410E+0	1.307670E-4	9.963031E+0	9.951778E+0
15.0    	21      	9.391352E+0	2.548272E-3	-3.09E-1   	15.00     	1492.26 	24.4 	33.1 	9.396646E+0	6.386910E-6 	8.000070E+6	2.040613E+3	-1.604833E+0	1.331666E-4	9.952862E+0	9.941336E+0
15.0    	22      	9.364686E+0	2.100626E-3	-3.08E-1   	15.00     	1494.84 	24.4 	33.1 	9.369973E+0	4.342513E-6 	8.021577E+6	1.691459E+3	-1.604890E+0	9.539392E-5	9.926196E+0	9.914663E+0
15.0    	23      	9.346697E+0	2.460766E-3	-3.10E-1   	15.00     	1497.41 	24.4 	33.1 	9.352622E+0	6.112601E-6 	8.035890E+6	2.001325E+3	-1.603963E+0	6.506407E-5	9.908207E+0	9.897312E+0
15.0    	24      	9.327314E+0	1.874689E-3	-3.08E-1   	15.00     	1499.98 	24.4 	33.1 	9.333606E+0	3.386850E-6 	8.051500E+6	1.513175E+3	-1.603430E+0	8.000000E-5	9.888824E+0	9.878296E+0
15.0    	25      	9.320929E+0	6.033082E-4	-3.08E-1   	15.00     	1502.55 	24.4 	33.1 	9.326939E+0	3.189350E-7 	8.056820E+6	4.763402E+2	-1.603877E+0	6.506407E-5	9.882439E+0	9.871629E+0
15.0    	26      	9.399164E+0	1.494612E-3	-3.13E-1   	15.00     	1505.12 	24.4 	33.1 	9.405093E+0	2.345328E-6 	7.993537E+6	1.214674E+3	-1.603870E+0	1.113553E-4	9.960674E+0	9.949783E+0
15.0    	27      	9.370023E+0	9.883470E-4	-3.09E-1   	15.00     	1507.69 	24.4 	33.1 	9.375615E+0	9.639757E-7 	8.017140E+6	7.954244E+2	-1.604427E+0	6.658328E-5	9.931533E+0	9.920305E+0
15.0    	28      	9.423975E+0	1.982495E-3	-3.12E-1   	15.00     	1510.27 	24.4 	33.1 	9.429414E+0	3.889948E-6 	7.973860E+6	1.579905E+3	-1.604563E+0	9.018500E-5	9.985485E+0	9.974104E+0
15.0    	29      	9.429270E+0	2.048659E-4	-3.13E-1   	15.00     	1512.84 	24.4 	33.1 	9.434830E+0	4.940533E-8 	7.969583E+6	1.703917E+2	-1.604373E+0	3.214550E-5	9.990780E+0	9.979520E+0
15.0    	30      	9.385626E+0	7.793032E-4	-3.12E-1   	15.00     	1515.41 	24.4 	33.1 	9.391518E+0	6.718011E-7 	8.004437E+6	6.436096E+2	-1.603947E+0	7.023769E-5	9.947136E+0	9.936208E+0
15.0    	31      	9.630636E+0	1.832527E-3	-3.14E-1   	15.00     	1517.98 	24.4 	33.1 	9.635853E+0	3.296248E-6 	7.812173E+6	1.398797E+3	-1.604543E+0	4.041452E-5	1.019215E+1	1.018054E+1
15.0    	32      	9.577960E+0	1.728460E-3	-3.14E-1   	15.00     	1520.56 	24.4 	33.1 	9.583912E+0	2.835186E-6 	7.852497E+6	1.321905E+3	-1.603540E+0	7.211103E-5	1.013947E+1	1.012860E+1
15.0    	33      	9.590904E+0	1.152808E-3	-3.12E-1   	15.00     	1523.12 	24.4 	33.1 	9.596691E+0	1.296098E-6 	7.842543E+6	8.851177E+2	-1.603767E+0	9.237604E-5	1.015241E+1	1.014138E+1
15.0    	34      	9.370841E+0	3.957558E-4	-3.12E-1   	15.00     	1525.70 	24.4 	33.1 	9.376242E+0	1.652880E-7 	8.016557E+6	3.231615E+2	-1.604710E+0	8.544004E-5	9.932351E+0	9.920932E+0
15.0    	35      	9.401147E+0	4.282719E-4	-3.14E-1   	15.00     	1528.26 	24.4 	33.1 	9.407311E+0	1.357831E-7 	7.991850E+6	3.176476E+2	-1.603507E+0	1.665333E-4	9.962657E+0	9.952001E+0
15.0    	36      	9.351419E+0	5.655287E-4	-3.12E-1   	15.00     	1530.84 	24.4 	33.1 	9.356662E+0	2.739758E-7 	8.032337E+6	4.404921E+2	-1.604977E+0	1.209683E-4	9.912929E+0	9.901352E+0
15.0    	37      	9.328188E+0	7.862527E-4	-3.12E-1   	15.00     	1533.41 	24.4 	33.1 	9.333395E+0	6.910082E-7 	8.051230E+6	6.587109E+2	-1.605070E+0	8.185353E-5	9.889698E+0	9.878085E+0
15.0    	38      	9.237730E+0	1.181686E-3	-3.12E-1   	15.00     	1535.98 	24.4 	33.1 	9.242823E+0	1.204991E-6 	8.125643E+6	9.451102E+2	-1.605397E+0	1.625833E-4	9.799240E+0	9.787513E+0
15.0    	39      	9.274499E+0	6.255911E-4	-3.09E-1   	15.00     	1538.55 	24.4 	33.1 	9.279729E+0	3.714591E-7 	8.095193E+6	5.071818E+2	-1.605130E+0	1.345362E-4	9.836009E+0	9.824419E+0
15.0    	40      	9.314243E+0	9.448649E-4	-3.12E-1   	15.00     	1541.12 	24.4 	33.1 	9.320067E+0	9.237494E-7 	8.062353E+6	7.784814E+2	-1.604170E+0	2.645751E-5	9.875753E+0	9.864757E+0
15.0    	41      	9.315692E+0	8.820487E-4	-3.11E-1   	15.00     	1543.70 	24.4 	33.1 	9.321557E+0	8.094979E-7 	8.061153E+6	7.250747E+2	-1.604107E+0	2.205297E-4	9.877202E+0	9.866247E+0
15.0    	42      	9.273988E+0	9.760085E-4	-3.09E-1   	15.00     	1546.26 	24.4 	33.1 	9.279310E+0	9.710631E-7 	8.095577E+6	8.069903E+2	-1.604993E+0	1.266228E-4	9.835498E+0	9.824000E+0
15.0    	43      	9.250674E+0	1.022722E-3	-3.14E-1   	15.00     	1548.84 	24.4 	33.1 	9.255770E+0	1.042671E-6 	8.114917E+6	8.451233E+2	-1.605370E+0	1.113553E-4	9.812184E+0	9.800460E+0
15.0    	44      	9.310605E+0	7.674470E-4	-3.11E-1   	15.00     	1551.40 	24.4 	33.1 	9.316061E+0	6.191019E-7 	8.065477E+6	6.350066E+2	-1.604730E+0	7.549834E-5	9.872115E+0	9.860751E+0
15.0    	45      	9.389510E+0	1.725996E-3	-3.14E-1   	15.00     	1553.98 	24.4 	33.1 	9.395032E+0	2.874101E-6 	8.001460E+6	1.374882E+3	-1.604497E+0	2.302897E-4	9.951020E+0	9.939722E+0
15.0    	46      	9.436736E+0	1.388283E-3	-3.15E-1   	15.00     	1556.56 	24.4 	33.1 	9.443163E+0	1.923858E-6 	7.963283E+6	1.105863E+3	-1.603043E+0	2.516611E-5	9.998246E+0	9.987853E+0
15.0    	47      	9.387476E+0	1.540346E-3	-3.14E-1   	15.00     	1559.14 	24.4 	33.1 	9.392923E+0	2.477894E-6 	8.003127E+6	1.252850E+3	-1.604613E+0	1.379613E-4	9.948986E+0	9.937613E+0
15.0    	48      	9.836464E+0	4.008766E-4	-3.11E-1   	15.00     	1561.72 	24.4 	33.1 	9.842968E+0	1.827677E-7 	7.656970E+6	3.051229E+2	-1.602300E+0	4.582576E-5	1.039797E+1	1.038766E+1
15.0    	49      	9.615877E+0	3.471887E-4	-3.07E-1   	15.00     	1564.30 	24.4 	33.1 	9.623118E+0	9.003104E-8 	7.822730E+6	2.487971E+2	-1.601480E+0	7.810250E-5	1.017739E+1	1.016781E+1
15.0    	50      	9.391493E+0	3.357014E-4	-3.14E-1   	15.00     	1566.86 	24.4 	33.1 	9.396687E+0	1.256196E-7 	7.999997E+6	2.773686E+2	-1.604980E+0	4.358899E-5	9.953003E+0	9.941377E+0
15.0    	51      	9.340749E+0	1.657605E-3	-3.11E-1   	15.00     	1569.43 	24.4 	33.1 	9.346739E+0	3.186126E-6 	8.040693E+6	1.398440E+3	-1.603873E+0	2.150194E-4	9.902259E+0	9.891429E+0
15.0    	52      	9.296731E+0	2.222721E-3	-3.08E-1   	15.00     	1572.00 	24.4 	33.1 	9.301995E+0	4.671749E-6 	8.076913E+6	1.796951E+3	-1.605040E+0	9.539392E-5	9.858241E+0	9.846685E+0
15.0    	53      	9.243650E+0	6.053893E-4	-3.12E-1   	15.00     	1574.59 	24.4 	33.1 	9.248577E+0	4.666046E-7 	8.120803E+6	5.335104E+2	-1.605630E+0	1.352775E-4	9.805160E+0	9.793267E+0
15.0    	54      	9.388246E+0	9.777792E-4	-3.14E-1   	15.00     	1577.15 	24.4 	33.1 	9.393545E+0	9.764575E-7 	8.002567E+6	7.893246E+2	-1.604830E+0	1.951922E-4	9.949756E+0	9.938235E+0
15.0    	55      	9.433713E+0	1.164430E-3	-3.12E-1   	15.00     	1579.73 	24.4 	33.1 	9.439311E+0	1.194602E-6 	7.966023E+6	9.000185E+2	-1.604310E+0	1.081665E-4	9.995223E+0	9.984001E+0
15.0    	56      	9.357486E+0	2.967166E-3	-3.13E-1   	15.00     	1582.30 	24.4 	33.1 	9.363192E+0	9.061542E-6 	8.027233E+6	2.420007E+3	-1.604277E+0	9.073772E-5	9.918996E+0	9.907882E+0
15.0    	57      	9.348469E+0	5.668120E-4	-3.08E-1   	15.00     	1584.88 	24.4 	33.1 	9.354424E+0	4.277865E-7 	8.034440E+6	4.951767E+2	-1.603913E+0	1.342882E-4	9.909979E+0	9.899114E+0
15.0    	58      	9.406804E+0	1.173838E-3	-3.10E-1   	15.00     	1587.44 	24.4 	33.1 	9.412443E+0	1.301283E-6 	7.987523E+6	9.278110E+2	-1.604293E+0	5.773503E-5	9.968314E+0	9.957133E+0
15.0    	59      	9.423728E+0	6.899382E-4	-3.11E-1   	15.00     	1590.02 	24.4 	33.1 	9.429119E+0	4.555445E-7 	7.974077E+6	5.451911E+2	-1.604633E+0	4.509250E-5	9.985238E+0	9.973809E+0
15.0    	60      	9.271545E+0	2.275368E-3	-3.14E-1   	15.00     	1592.59 	24.4 	33.1 	9.276566E+0	5.269426E-6 	8.097713E+6	1.883224E+3	-1.605443E+0	1.001665E-4	9.833055E+0	9.821256E+0
15.0    	61      	9.597516E+0	2.535233E-4	-3.10E-1   	15.00     	1595.17 	24.4 	33.1 	9.603363E+0	1.788075E-7 	7.837413E+6	2.610236E+2	-1.603667E+0	2.550163E-4	1.015903E+1	1.014805E+1
15.0    	62      	9.693963E+0	7.284573E-4	-3.08E-1   	15.00     	1597.75 	24.4 	33.1 	9.700920E+0	5.456338E-7 	7.763247E+6	5.550976E+2	-1.601813E+0	9.712535E-5	1.025547E+1	1.024561E+1
15.0    	63      	9.700399E+0	1.473850E-3	-3.09E-1   	15.00     	1600.32 	24.4 	33.1 	9.706736E+0	1.885205E-6 	7.758610E+6	1.076708E+3	-1.602763E+0	1.527525E-4	1.026191E+1	1.025143E+1
15.0    	64      	1.003524E+0	2.329471E-3	-3.10E-1   	15.00     	1602.89 	24.4 	33.1 	9.348138E-1	2.185169E-6 	5.229627E+7	6.352459E+4	-1.806750E+0	1.517004E-3	1.565034E+0	1.479504E+0
15.0    	65      	9.629958E+0	1.234355E-3	-3.13E-1   	15.00     	1605.46 	24.4 	33.1 	9.634940E+0	1.825928E-6 	7.812783E+6	9.901683E+2	-1.604883E+0	2.650157E-4	1.019147E+1	1.017963E+1
15.0    	66      	9.392077E+0	8.773701E-4	-3.12E-1   	15.00     	1608.03 	24.4 	33.1 	9.397462E+0	9.412960E-7 	7.999450E+6	7.427651E+2	-1.604697E+0	1.446836E-4	9.953587E+0	9.942152E+0
15.0    	67      	9.329895E+0	1.130447E-4	-3.13E-1   	15.00     	1610.61 	24.4 	33.1 	9.335012E+0	3.655243E-8 	8.049877E+6	1.193035E+2	-1.605200E+0	1.664332E-4	9.891405E+0	9.879702E+0
15.0    	68      	9.259348E+0	1.179582E-4	-3.11E-1   	15.00     	1613.18 	24.4 	33.1 	9.264254E+0	4.644541E-10	8.107823E+6	5.507571E+1	-1.605633E+0	1.530795E-4	9.820858E+0	9.808944E+0
15.0    	69      	9.392960E+0	1.300721E-3	-3.09E-1   	15.00     	1615.75 	24.4 	33.1 	9.398188E+0	1.402514E-6 	7.998803E+6	9.988660E+2	-1.604927E+0	1.778576E-4	9.954470E+0	9.942878E+0
15.0    	70      	9.322863E+0	1.312157E-3	-3.12E-1   	15.00     	1618.33 	24.4 	33.1 	9.328259E+0	1.691860E-6 	8.055493E+6	1.065004E+3	-1.604800E+0	9.643651E-5	9.884373E+0	9.872949E+0
15.0    	71      	9.259879E+0	1.178357E-3	-3.03E-1   	15.00     	1621.01 	24.4 	33.1 	9.264862E+0	1.380223E-6 	8.107353E+6	9.717167E+2	-1.605520E+0	5.196152E-5	9.821389E+0	9.809552E+0
15.0    	72      	9.409765E+0	6.719063E-4	-3.11E-1   	15.00     	1623.86 	24.4 	33.1 	9.415454E+0	4.002279E-7 	7.985130E+6	5.225897E+2	-1.604213E+0	6.350853E-5	9.971275E+0	9.960144E+0
15.0    	73      	9.438591E+0	1.344595E-3	-3.07E-1   	15.00     	1626.45 	24.4 	33.1 	9.444237E+0	1.788464E-6 	7.962117E+6	1.068285E+3	-1.604230E+0	2.000000E-5	1.000010E+1	9.988927E+0
15.0    	74      	9.333096E+0	6.402971E-3	-3.12E-1   	15.00     	1629.03 	24.4 	33.1 	9.338524E+0	3.938987E-5 	8.047147E+6	5.157638E+3	-1.604733E+0	2.203028E-4	9.894606E+0	9.883214E+0
15.0    	75      	9.259959E+0	4.362849E-3	-3.11E-1   	15.00     	1631.59 	24.4 	33.1 	9.265131E+0	1.802518E-5 	8.107210E+6	3.553252E+3	-1.605240E+0	4.708503E-4	9.821469E+0	9.809821E+0
15.0    	76      	9.715734E+0	1.144887E-3	-3.09E-1   	15.00     	1634.17 	24.4 	33.1 	9.722073E+0	1.336070E-6 	7.747027E+6	8.675444E+2	-1.602737E+0	2.886751E-5	1.027724E+1	1.026676E+1
15.0    	77      	7.349609E-1	1.178700E-4	-3.12E-1   	15.00     	1636.73 	24.4 	33.1 	6.100121E-1	1.059785E-6 	6.503900E+7	3.129840E+4	-1.907820E+0	1.176563E-3	1.296471E+0	1.154702E+0
15.0    	78      	7.394004E-1	3.004820E-3	-3.08E-1   	15.00     	1639.31 	24.4 	33.1 	6.118446E-1	3.777138E-6 	6.487663E+7	1.289320E+5	-1.910423E+0	9.841917E-4	1.300910E+0	1.156535E+0
15.0    	79      	9.720290E+0	5.908360E-4	-3.09E-1   	15.00     	1641.88 	24.4 	33.1 	9.726316E+0	2.949010E-7 	7.743710E+6	4.272002E+2	-1.603203E+0	7.094599E-5	1.028180E+1	1.027101E+1
15.0    	80      	9.944919E+0	1.092746E-3	-3.11E-1   	15.00     	1644.45 	24.4 	33.1 	9.951359E+0	1.156461E-6 	7.577913E+6	7.821338E+2	-1.602233E+0	6.658328E-5	1.050643E+1	1.049605E+1
15.0    	81      	9.659844E+0	1.592848E-3	-3.11E-1   	15.00     	1647.03 	24.4 	33.1 	9.665638E+0	2.764747E-6 	7.789617E+6	1.241142E+3	-1.603647E+0	1.069268E-4	1.022135E+1	1.021033E+1
15.0    	82      	9.375977E+0	6.689171E-4	-3.10E-1   	15.00     	1649.61 	24.4 	33.1 	9.380819E+0	3.017785E-7 	8.012637E+6	4.913587E+2	-1.605520E+0	1.734935E-4	9.937487E+0	9.925509E+0
15.0    	83      	9.307099E+0	1.018827E-3	-3.14E-1   	15.00     	1652.22 	24.4 	33.1 	9.311954E+0	1.029085E-6 	8.068590E+6	8.316249E+2	-1.605623E+0	5.033223E-5	9.868609E+0	9.856644E+0
15.0    	84      	9.409943E+0	2.551373E-4	-3.10E-1   	15.00     	1654.74 	24.4 	33.1 	9.415002E+0	1.048566E-7 	7.985240E+6	2.306513E+2	-1.605147E+0	1.350309E-4	9.971453E+0	9.959692E+0
15.0    	85      	9.355539E+0	1.299838E-3	-3.11E-1   	15.00     	1657.31 	24.4 	33.1 	9.360587E+0	1.752126E-6 	8.029077E+6	1.062654E+3	-1.605257E+0	4.725816E-5	9.917049E+0	9.905277E+0
15.0    	86      	9.339747E+0	3.475384E-4	-3.12E-1   	15.00     	1659.88 	24.4 	33.1 	9.344795E+0	1.453353E-7 	8.041890E+6	2.959730E+2	-1.605283E+0	6.110101E-5	9.901257E+0	9.889485E+0
15.0    	87      	9.551935E+0	1.762404E-3	-3.10E-1   	15.00     	1662.46 	24.5 	33.1 	9.557360E+0	3.085560E-6 	7.872920E+6	1.370438E+3	-1.604370E+0	2.645751E-5	1.011345E+1	1.010205E+1
15.0    	88      	9.527198E+0	3.087837E-3	-3.11E-1   	15.00     	1665.02 	24.4 	33.1 	9.532713E+0	9.694426E-6 	7.892200E+6	2.426541E+3	-1.604277E+0	9.073772E-5	1.008871E+1	1.007740E+1
15.0    	89      	9.557833E+0	7.927940E-3	-3.11E-1   	15.00     	1667.60 	24.4 	33.1 	9.563305E+0	6.385071E-5 	7.868313E+6	6.194750E+3	-1.604290E+0	1.212436E-4	1.011934E+1	1.010800E+1
15.0    	90      	9.619293E+0	7.269765E-4	-3.11E-1   	15.00     	1670.17 	24.5 	33.1 	9.624861E+0	5.745618E-7 	7.820747E+6	5.706429E+2	-1.604047E+0	5.686241E-5	1.018080E+1	1.016955E+1
15.0    	91      	9.467831E+0	1.035417E-3	-3.12E-1   	15.00     	1672.75 	24.4 	33.1 	9.473133E+0	1.051000E-6 	7.939027E+6	8.154344E+2	-1.604690E+0	1.135782E-4	1.002934E+1	1.001782E+1
15.0    	92      	9.295268E+0	1.249395E-3	-3.11E-1   	15.00     	1675.33 	24.4 	33.1 	9.300254E+0	1.563006E-6 	8.078227E+6	1.024955E+3	-1.605453E+0	1.154701E-5	9.856778E+0	9.844944E+0
15.0    	93      	9.751387E+0	8.289357E-4	-3.07E-1   	15.00     	1677.88 	24.5 	33.1 	9.757033E+0	6.778541E-7 	7.720490E+6	6.187891E+2	-1.603720E+0	2.000000E-5	1.031290E+1	1.030172E+1
15.0    	94      	9.606999E+0	1.273233E-3	-3.13E-1   	15.00     	1680.47 	24.4 	33.1 	9.612484E+0	1.744352E-6 	7.830240E+6	9.991997E+2	-1.604190E+0	1.000000E-4	1.016851E+1	1.015717E+1
15.0    	95      	9.374220E+0	1.254994E-3	-3.11E-1   	15.00     	1683.03 	24.4 	33.1 	9.379305E+0	1.516394E-6 	8.013957E+6	1.002015E+3	-1.605170E+0	1.907878E-4	9.935730E+0	9.923995E+0
15.0    	96      	9.743441E+0	5.522767E-4	-3.10E-1   	15.00     	1685.59 	24.4 	33.1 	9.749566E+0	2.980640E-7 	7.726267E+6	4.118657E+2	-1.603017E+0	3.055050E-5	1.030495E+1	1.029426E+1
15.0    	97      	9.640121E+0	1.326372E-3	-3.10E-1   	15.00     	1688.16 	24.5 	33.1 	9.645788E+0	1.797379E-6 	7.804733E+6	1.020506E+3	-1.603867E+0	1.040833E-4	1.020163E+1	1.019048E+1
15.0    	98      	9.348520E+0	8.014851E-4	-3.14E-1   	15.00     	1690.75 	24.5 	33.1 	9.353674E+0	6.202703E-7 	8.034723E+6	6.443860E+2	-1.605113E+0	5.507571E-5	9.910030E+0	9.898364E+0
15.0    	99      	9.313944E+0	1.273086E-3	-3.09E-1   	15.00     	1693.30 	24.5 	33.1 	9.318980E+0	1.605044E-6 	8.062920E+6	1.037111E+3	-1.605347E+0	1.011599E-4	9.875454E+0	9.863670E+0
15.0    	100     	9.416858E+0	1.443773E-3	-3.10E-1   	15.00     	1695.88 	24.5 	33.1 	9.422007E+0	2.148231E-6 	7.979667E+6	1.163286E+3	-1.605003E+0	1.464013E-4	9.978368E+0	9.966697E+0
15.0    	101     	9.263487E+0	1.426372E-3	-3.11E-1   	15.00     	1698.45 	24.4 	33.1 	9.268529E+0	1.987557E-6 	8.104350E+6	1.170427E+3	-1.605427E+0	4.041452E-5	9.824997E+0	9.813219E+0
15.0    	102     	9.479812E+0	1.544594E-3	-3.11E-1   	15.00     	1701.02 	24.5 	33.1 	9.485221E+0	2.145019E-6 	7.929507E+6	1.188795E+3	-1.604513E+0	1.234234E-4	1.004132E+1	1.002991E+1
15.0    	103     	9.451390E+0	1.086792E-3	-3.13E-1   	15.00     	1703.59 	24.5 	33.1 	9.457203E+0	9.868983E-7 	7.951867E+6	8.261558E+2	-1.603957E+0	1.656301E-4	1.001290E+1	1.000189E+1
15.0    	104     	9.387557E+0	1.659390E-3	-3.10E-1   	15.00     	1706.16 	24.5 	33.1 	9.393472E+0	2.894528E-6 	8.002873E+6	1.352418E+3	-1.603910E+0	7.000000E-5	9.949067E+0	9.938162E+0
15.0    	105     	9.443223E+0	6.102052E-4	-3.10E-1   	15.00     	1708.73 	24.5 	33.1 	9.448613E+0	3.965598E-7 	7.958530E+6	4.932545E+2	-1.604603E+0	5.859465E-5	1.000473E+1	9.993303E+0
15.0    	106     	9.524874E+0	5.984156E-4	-3.12E-1   	15.00     	1711.31 	24.5 	33.1 	9.530454E+0	4.608580E-7 	7.893993E+6	5.000333E+2	-1.604183E+0	1.266228E-4	1.008638E+1	1.007514E+1
15.0    	107     	9.641378E+0	2.062142E-3	-3.09E-1   	15.00     	1713.88 	24.4 	33.1 	9.647684E+0	4.020798E-6 	7.803527E+6	1.556031E+3	-1.602903E+0	8.386497E-5	1.020289E+1	1.019237E+1
15.0    	108     	9.394909E+0	4.555555E-4	-3.09E-1   	15.00     	1716.46 	24.5 	33.1 	9.400153E+0	2.181804E-7 	7.997230E+6	3.704052E+2	-1.604900E+0	6.244998E-5	9.956419E+0	9.944843E+0
15.0    	109     	9.376142E+0	1.737788E-3	-3.13E-1   	15.00     	1719.03 	24.5 	33.1 	9.381150E+0	2.767257E-6 	8.012437E+6	1.371726E+3	-1.605280E+0	1.473092E-4	9.937652E+0	9.925840E+0
15.0    	110     	9.304999E+0	1.114000E-3	-3.12E-1   	15.00     	1721.61 	24.5 	33.1 	9.310134E+0	1.311576E-6 	8.070193E+6	9.243556E+2	-1.605217E+0	7.023769E-5	9.866509E+0	9.854824E+0
15.0    	111     	9.346049E+0	1.260728E-3	-3.13E-1   	15.00     	1724.19 	24.5 	33.1 	9.351069E+0	1.532304E-6 	8.036783E+6	1.014018E+3	-1.605313E+0	4.041452E-5	9.907559E+0	9.895759E+0
15.0    	112     	9.681202E+0	1.067904E-3	-3.08E-1   	15.00     	1726.77 	24.5 	33.1 	9.687220E+0	8.380415E-7 	7.773280E+6	7.528612E+2	-1.603277E+0	2.302897E-4	1.024271E+1	1.023191E+1
15.0    	113     	9.620758E+0	4.425241E-4	-3.13E-1   	15.00     	1729.34 	24.5 	33.1 	9.626390E+0	1.872077E-7 	7.819597E+6	3.350124E+2	-1.603950E+0	1.113553E-4	1.018227E+1	1.017108E+1
15.0    	114     	9.338644E+0	6.440474E-4	-3.13E-1   	15.00     	1731.90 	24.5 	33.1 	9.343626E+0	2.959170E-7 	8.042813E+6	4.826317E+2	-1.605383E+0	1.530795E-4	9.900154E+0	9.888316E+0
15.0    	115     	9.297457E+0	1.272366E-3	-3.13E-1   	15.00     	1734.48 	24.5 	33.1 	9.302253E+0	1.649627E-6 	8.076510E+6	1.047473E+3	-1.605727E+0	9.865766E-5	9.858967E+0	9.846943E+0
15.0    	116     	9.398206E+0	1.129854E-3	-3.13E-1   	15.00     	1737.05 	24.5 	33.1 	9.403304E+0	1.595252E-6 	7.994640E+6	9.606248E+2	-1.605110E+0	2.179449E-4	9.959716E+0	9.947994E+0
15.0    	117     	9.295876E+0	1.337729E-3	-3.13E-1   	15.00     	1739.63 	24.5 	33.1 	9.300938E+0	1.850120E-6 	8.077697E+6	1.106089E+3	-1.605340E+0	3.605551E-5	9.857386E+0	9.845628E+0
15.0    	118     	9.452293E+0	2.919934E-3	-3.10E-1   	15.00     	1742.20 	24.5 	33.1 	9.457493E+0	8.306620E-6 	7.951393E+6	2.304481E+3	-1.604867E+0	6.506407E-5	1.001380E+1	1.000218E+1
15.0    	119     	9.401019E+0	1.309969E-3	-3.09E-1   	15.00     	1744.78 	24.5 	33.1 	9.406270E+0	1.811687E-6 	7.992320E+6	1.065786E+3	-1.604880E+0	1.044031E-4	9.962529E+0	9.950960E+0
15.0    	120     	9.339190E+0	3.773993E-4	-3.09E-1   	15.00     	1747.35 	24.5 	33.1 	9.344335E+0	1.398950E-7 	8.042303E+6	3.053413E+2	-1.605143E+0	1.527525E-5	9.900700E+0	9.889025E+0
15.0    	121     	9.481736E+0	2.491103E-3	-3.13E-1   	15.00     	1749.92 	24.5 	33.1 	9.487230E+0	5.930155E-6 	7.927953E+6	1.944796E+3	-1.604383E+0	1.747379E-4	1.004325E+1	1.003192E+1
15.0    	122     	9.444351E+0	1.604776E-3	-3.13E-1   	15.00     	1752.49 	24.5 	33.1 	9.449705E+0	2.328104E-6 	7.957647E+6	1.245565E+3	-1.604653E+0	1.250333E-4	1.000586E+1	9.994395E+0
15.0    	123     	9.613549E+0	4.753160E-4	-3.13E-1   	15.00     	1755.07 	24.5 	33.1 	9.619258E+0	1.551542E-7 	7.825110E+6	3.340659E+2	-1.603847E+0	1.331666E-4	1.017506E+1	1.016395E+1
15.0    	124     	9.501573E+0	2.257235E-3	-3.11E-1   	15.00     	1757.64 	24.5 	33.1 	9.507066E+0	5.299305E-6 	7.912317E+6	1.793219E+3	-1.604353E+0	8.504901E-5	1.006308E+1	1.005176E+1
15.0    	125     	9.299657E+0	2.367800E-3	-3.11E-1   	15.00     	1760.23 	24.5 	33.1 	9.304551E+0	5.459989E-6 	8.074667E+6	1.927079E+3	-1.605580E+0	9.000000E-5	9.861167E+0	9.849241E+0
15.0    	126     	9.305904E+0	6.649132E-4	-3.11E-1   	15.00     	1762.79 	24.5 	33.1 	9.310899E+0	4.482449E-7 	8.069510E+6	5.452522E+2	-1.605420E+0	1.014889E-4	9.867414E+0	9.855589E+0
15.0    	127     	9.325049E+0	1.484271E-3	-3.13E-1   	15.00     	1765.37 	24.5 	33.1 	9.330194E+0	2.244966E-6 	8.053813E+6	1.215415E+3	-1.605167E+0	7.094599E-5	9.886559E+0	9.874884E+0
15.0    	128     	9.628464E+0	1.497414E-3	-3.12E-1   	15.00     	1767.95 	24.5 	33.1 	9.634269E+0	2.342718E-6 	7.813613E+6	1.161436E+3	-1.603680E+0	8.185353E-5	1.018997E+1	1.017896E+1
15.0    	129     	9.593959E+0	2.106572E-3	-3.12E-1   	15.00     	1770.53 	24.5 	33.1 	9.599779E+0	4.426990E-6 	7.840170E+6	1.625946E+3	-1.603713E+0	6.027714E-5	1.015547E+1	1.014447E+1
15.0    	130     	9.337350E+0	7.345749E-4	-3.11E-1   	15.00     	1773.09 	24.5 	33.1 	9.342419E+0	6.538262E-7 	8.043830E+6	6.260192E+2	-1.605257E+0	1.858315E-4	9.898860E+0	9.887109E+0
15.0    	131     	9.288827E+0	1.299116E-3	-3.11E-1   	15.00     	1775.67 	24.5 	33.1 	9.294248E+0	1.716962E-6 	8.083333E+6	1.070016E+3	-1.604820E+0	1.915724E-4	9.850337E+0	9.838938E+0
15.0    	132     	9.375386E+0	1.395054E-3	-3.13E-1   	15.00     	1778.24 	24.5 	33.1 	9.380650E+0	1.736133E-6 	8.012943E+6	1.094364E+3	-1.604903E+0	1.201388E-4	9.936896E+0	9.925340E+0
15.0    	133     	9.346039E+0	1.144157E-3	-3.09E-1   	15.00     	1780.81 	24.5 	33.1 	9.351506E+0	1.138370E-6 	8.036610E+6	8.960469E+2	-1.604653E+0	2.040425E-4	9.907549E+0	9.896196E+0
15.0    	134     	9.462641E+0	1.348269E-3	-3.09E-1   	15.00     	1783.38 	24.5 	33.1 	9.467950E+0	1.867414E-6 	7.943137E+6	1.076120E+3	-1.604690E+0	7.549834E-5	1.002415E+1	1.001264E+1
15.0    	135     	9.434655E+0	2.814871E-3	-3.09E-1   	15.00     	1785.95 	24.5 	33.1 	9.439751E+0	7.532098E-6 	7.965473E+6	2.215972E+3	-1.605050E+0	1.410674E-4	9.996165E+0	9.984441E+0
15.0    	136     	9.177232E+0	1.269134E-3	-3.15E-1   	15.00     	1788.52 	24.5 	33.1 	9.182328E+0	1.732793E-6 	8.176150E+6	1.085864E+3	-1.605500E+0	8.000000E-5	9.738742E+0	9.727018E+0
15.0    	137     	9.154782E+0	1.279936E-3	-3.13E-1   	15.00     	1791.09 	24.5 	33.1 	9.159916E+0	1.694315E-6 	8.195037E+6	1.088592E+3	-1.605483E+0	1.401190E-4	9.716292E+0	9.704606E+0
15.0    	138     	9.480003E+0	2.735580E-3	-3.10E-1   	15.00     	1793.67 	24.5 	33.1 	9.485402E+0	8.093962E-6 	7.929360E+6	2.203543E+3	-1.604527E+0	2.720907E-4	1.004151E+1	1.003009E+1
15.0    	139     	9.590495E+0	6.101935E-4	-3.09E-1   	15.00     	1796.23 	24.5 	33.1 	9.596066E+0	3.227995E-7 	7.842943E+6	4.545694E+2	-1.604090E+0	1.216553E-4	1.015200E+1	1.014076E+1
15.0    	140     	9.480647E+0	9.224007E-4	-3.10E-1   	15.00     	1798.81 	24.5 	33.1 	9.486384E+0	8.762226E-7 	7.928717E+6	7.333030E+2	-1.604023E+0	1.266228E-4	1.004216E+1	1.003107E+1
15.0    	141     	9.279960E+0	1.214620E-4	-3.10E-1   	15.00     	1801.38 	24.5 	33.1 	9.285041E+0	1.594055E-8 	8.090760E+6	9.643651E+1	-1.605340E+0	1.178983E-4	9.841470E+0	9.829731E+0
15.0    	142     	9.289522E+0	5.849152E-4	-3.12E-1   	15.00     	1803.95 	24.5 	33.1 	9.295014E+0	2.943168E-7 	8.082733E+6	4.598188E+2	-1.604713E+0	2.003331E-4	9.851032E+0	9.839704E+0
15.0    	143     	9.326869E+0	5.393130E-4	-3.10E-1   	15.00     	1806.52 	24.5 	33.1 	9.331769E+0	2.236013E-7 	8.052430E+6	4.121893E+2	-1.605523E+0	1.040833E-4	9.888379E+0	9.876459E+0
15.0    	144     	9.613438E+0	1.504751E-3	-3.13E-1   	15.00     	1809.10 	24.5 	33.1 	9.619499E+0	2.057779E-6 	7.825060E+6	1.130619E+3	-1.603320E+0	1.345362E-4	1.017495E+1	1.016419E+1
15.0    	145     	9.592889E+0	7.773775E-4	-3.12E-1   	15.00     	1811.67 	24.5 	33.1 	9.599088E+0	6.161076E-7 	7.840850E+6	6.032412E+2	-1.603143E+0	7.234178E-5	1.015440E+1	1.014378E+1
15.0    	146     	9.325731E+0	1.551162E-3	-3.11E-1   	15.00     	1814.24 	24.5 	33.1 	9.330641E+0	2.234131E-6 	8.053353E+6	1.241223E+3	-1.605510E+0	8.000000E-5	9.887241E+0	9.875331E+0
15.0    	147     	9.285645E+0	1.788831E-3	-3.12E-1   	15.00     	1816.81 	24.5 	33.1 	9.290377E+0	3.212701E-6 	8.086230E+6	1.470136E+3	-1.605840E+0	2.007486E-4	9.847155E+0	9.835067E+0
15.0    	148     	9.641782E+0	1.975866E-3	-3.12E-1   	15.00     	1819.38 	24.5 	33.1 	9.647672E+0	3.632565E-6 	7.803377E+6	1.484060E+3	-1.603530E+0	2.487971E-4	1.020329E+1	1.019236E+1
15.0    	149     	9.324552E+0	9.237667E-4	-3.12E-1   	15.00     	1821.95 	24.5 	33.1 	9.329464E+0	8.766050E-7 	8.054313E+6	7.580457E+2	-1.605510E+0	4.358899E-5	9.886062E+0	9.874154E+0
15.0    	150     	9.448238E+0	1.048654E-3	-3.13E-1   	15.00     	1824.53 	24.5 	33.1 	9.453461E+0	1.061100E-6 	7.954607E+6	8.264583E+2	-1.604840E+0	2.645751E-5	1.000975E+1	9.998151E+0
15.0    	151     	9.524048E+0	1.435790E-3	-3.11E-1   	15.00     	1827.10 	24.5 	33.1 	9.529450E+0	1.922599E-6 	7.894710E+6	1.104898E+3	-1.604450E+0	1.345362E-4	1.008556E+1	1.007414E+1
15.0    	152     	9.423807E+0	6.052418E-4	-3.13E-1   	15.00     	1829.67 	24.5 	33.1 	9.429065E+0	5.062390E-7 	7.974067E+6	5.259594E+2	-1.604830E+0	1.637071E-4	9.985317E+0	9.973755E+0
15.0    	153     	9.421598E+0	8.760847E-4	-3.11E-1   	15.00     	1832.23 	24.5 	33.1 	9.427012E+0	1.187629E-6 	7.975770E+6	7.858117E+2	-1.604603E+0	3.181719E-4	9.983108E+0	9.971702E+0
15.0    	154     	9.496838E+0	1.989127E-3	-3.14E-1   	15.00     	1834.81 	24.5 	33.1 	9.502187E+0	3.984148E-6 	7.916100E+6	1.569044E+3	-1.604573E+0	2.516611E-5	1.005835E+1	1.004688E+1
15.0    	155     	9.581146E+0	9.826664E-4	-3.13E-1   	15.00     	1837.38 	24.5 	33.1 	9.586734E+0	1.018180E-6 	7.850170E+6	7.707788E+2	-1.604080E+0	1.053565E-4	1.014266E+1	1.013142E+1
15.0    	156     	9.360597E+0	2.695306E-4	-3.11E-1   	15.00     	1839.95 	24.5 	33.1 	9.365738E+0	1.191969E-7 	8.024943E+6	2.458319E+2	-1.605110E+0	1.777639E-4	9.922107E+0	9.910428E+0
15.0    	157     	9.289765E+0	2.133373E-2	-3.12E-1   	15.00     	1842.52 	24.5 	33.1 	9.296853E+0	4.388969E-4 	8.081903E+6	1.736468E+4	-1.602177E+0	2.283689E-3	9.851275E+0	9.841543E+0
15.0    	158     	9.265644E+0	1.855315E-3	-3.10E-1   	15.00     	1845.10 	24.5 	33.1 	9.270573E+0	2.909150E-6 	8.102617E+6	1.468650E+3	-1.605587E+0	2.458319E-4	9.827154E+0	9.815263E+0
15.0    	159     	9.340599E+0	1.357389E-3	-3.10E-1   	15.00     	1847.67 	24.5 	33.1 	9.345626E+0	2.048180E-6 	8.041207E+6	1.132887E+3	-1.605313E+0	1.266228E-4	9.902109E+0	9.890316E+0
15.0    	160     	9.610054E+0	7.986806E-4	-3.12E-1   	15.00     	1850.25 	24.5 	33.1 	9.615902E+0	7.443350E-7 	7.827747E+6	6.395571E+2	-1.603647E+0	1.078579E-4	1.017156E+1	1.016059E+1
15.0    	161     	9.584213E+0	2.650498E-3	-3.10E-1   	15.00     	1852.82 	24.5 	33.1 	9.590246E+0	6.977794E-6 	7.847623E+6	2.047983E+3	-1.603410E+0	6.000000E-5	1.014572E+1	1.013494E+1
15.0    	162     	9.347405E+0	8.118163E-4	-3.11E-1   	15.00     	1855.40 	24.5 	33.1 	9.352448E+0	5.085086E-7 	8.035673E+6	6.178457E+2	-1.605277E+0	1.823001E-4	9.908915E+0	9.897138E+0
15.0    	163     	9.592535E+0	4.864741E-5	-3.12E-1   	15.00     	1857.96 	24.5 	33.1 	9.597984E+0	1.300715E-8 	7.841413E+6	5.686241E+1	-1.604267E+0	1.404754E-4	1.015405E+1	1.014267E+1
15.0    	164     	7.420251E-1	7.047825E-4	-3.12E-1   	15.00     	1860.52 	24.5 	33.1 	6.100503E-1	3.602063E-6 	6.486150E+7	6.965063E+4	-1.915433E+0	1.630164E-3	1.303535E+0	1.154740E+0
15.0    	165     	9.581439E+0	1.240449E-3	-3.11E-1   	15.00     	1863.09 	24.5 	33.1 	9.587051E+0	1.673578E-6 	7.849933E+6	9.810369E+2	-1.604043E+0	1.101514E-4	1.014295E+1	1.013174E+1
15.0    	166     	9.357193E+0	1.012965E-3	-3.13E-1   	15.00     	1865.67 	24.5 	33.1 	9.362332E+0	1.021263E-6 	8.027700E+6	8.190849E+2	-1.605120E+0	8.185353E-5	9.918703E+0	9.907022E+0
15.0    	167     	9.422000E+0	1.021474E-3	-3.11E-1   	15.00     	1868.24 	24.5 	33.1 	9.427260E+0	1.145485E-6 	7.975510E+6	8.352245E+2	-1.604830E+0	1.562050E-4	9.983510E+0	9.971950E+0
15.0    	168     	9.571772E+0	8.698145E-4	-3.11E-1   	15.00     	1870.82 	24.5 	33.1 	9.577177E+0	9.579077E-7 	7.857507E+6	7.171006E+2	-1.604367E+0	1.625833E-4	1.013328E+1	1.012187E+1
15.0    	169     	9.607439E+0	1.320161E-3	-3.11E-1   	15.00     	1873.39 	24.5 	33.1 	9.613038E+0	1.799973E-6 	7.829857E+6	1.025004E+3	-1.604020E+0	1.126943E-4	1.016895E+1	1.015773E+1
15.0    	170     	9.518057E+0	7.436211E-4	-3.11E-1   	15.00     	1875.97 	24.5 	33.1 	9.523481E+0	4.590012E-7 	7.899397E+6	5.571654E+2	-1.604427E+0	9.712535E-5	1.007957E+1	1.006817E+1
15.0    	171     	9.406207E+0	9.723732E-4	-3.08E-1   	15.00     	1878.54 	24.5 	33.1 	9.411361E+0	8.479651E-7 	7.988197E+6	7.583095E+2	-1.605013E+0	1.418920E-4	9.967717E+0	9.956051E+0
15.0    	172     	9.265686E+0	1.562966E-3	-3.11E-1   	15.00     	1881.12 	24.5 	33.1 	9.270611E+0	1.793689E-6 	8.102583E+6	1.196843E+3	-1.605593E+0	3.423935E-4	9.827196E+0	9.815301E+0
15.0    	173     	9.316880E+0	1.145554E-3	-3.10E-1   	15.00     	1883.70 	24.5 	33.1 	9.321978E+0	1.214001E-6 	8.060497E+6	9.174058E+2	-1.605250E+0	6.928203E-5	9.878390E+0	9.866668E+0
15.0    	174     	9.247339E+0	2.147932E-3	-3.08E-1   	15.00     	1886.26 	24.5 	33.1 	9.252301E+0	4.868043E-6 	8.117733E+6	1.802674E+3	-1.605573E+0	8.962886E-5	9.808849E+0	9.796991E+0
15.0    	175     	9.339257E+0	3.194465E-4	-3.10E-1   	15.00     	1888.84 	24.5 	33.1 	9.344309E+0	1.024542E-7 	8.042287E+6	2.589080E+2	-1.605280E+0	8.185353E-5	9.900767E+0	9.888999E+0
15.0    	176     	9.605716E+0	1.236985E-3	-3.08E-1   	15.00     	1891.41 	24.5 	33.1 	9.611344E+0	1.830908E-6 	7.831173E+6	9.976138E+2	-1.603980E+0	2.100000E-4	1.016723E+1	1.015603E+1
15.0    	177     	9.569589E+0	1.664720E-3	-3.07E-1   	15.00     	1893.99 	24.5 	33.1 	9.575597E+0	2.812015E-6 	7.858967E+6	1.296778E+3	-1.603470E+0	6.928203E-5	1.013110E+1	1.012029E+1
15.0    	178     	9.376826E+0	2.240504E-3	-3.14E-1   	15.00     	1896.56 	24.5 	33.1 	9.382053E+0	4.916047E-6 	8.011797E+6	1.797674E+3	-1.604957E+0	3.055050E-5	9.938336E+0	9.926743E+0
15.0    	179     	9.326605E+0	1.554443E-3	-3.09E-1   	15.00     	1899.14 	24.5 	33.1 	9.331722E+0	2.152390E-6 	8.052557E+6	1.230867E+3	-1.605207E+0	1.553491E-4	9.888115E+0	9.876412E+0
15.0    	180     	9.549780E+0	2.480415E-3	-3.13E-1   	15.00     	1901.71 	24.5 	33.1 	9.555878E+0	5.799492E-6 	7.874337E+6	1.904267E+3	-1.603367E+0	1.096966E-4	1.011129E+1	1.010057E+1
15.0    	181     	9.343235E+0	1.542136E-3	-3.12E-1   	15.00     	1904.28 	24.5 	33.1 	9.348266E+0	2.609920E-6 	8.039063E+6	1.282199E+3	-1.605303E+0	1.101514E-4	9.904745E+0	9.892956E+0
15.0    	182     	9.259459E+0	2.013716E-3	-3.11E-1   	15.00     	1906.86 	24.5 	33.1 	9.264426E+0	3.752801E-6 	8.107707E+6	1.631482E+3	-1.605543E+0	1.350309E-4	9.820969E+0	9.809116E+0
15.0    	183     	9.303379E+0	2.557349E-3	-3.13E-1   	15.00     	1909.44 	24.5 	33.1 	9.308505E+0	6.183261E-6 	8.071523E+6	2.064566E+3	-1.605233E+0	1.021437E-4	9.864889E+0	9.853195E+0
15.0    	184     	9.278287E+0	1.045742E-3	-3.13E-1   	15.00     	1912.02 	24.5 	33.1 	9.283239E+0	1.227385E-6 	8.092190E+6	8.861151E+2	-1.605533E+0	9.451631E-5	9.839797E+0	9.827929E+0
15.0    	185     	9.297043E+0	7.910672E-4	-3.11E-1   	15.00     	1914.59 	24.5 	33.1 	9.302535E+0	8.580536E-7 	8.076563E+6	7.030173E+2	-1.604700E+0	2.424871E-4	9.858553E+0	9.847225E+0
15.0    	186     	9.340753E+0	7.205202E-4	-3.10E-1   	15.00     	1917.15 	24.5 	33.1 	9.345963E+0	6.189364E-7 	8.041007E+6	6.110101E+2	-1.605043E+0	1.761628E-4	9.902263E+0	9.890653E+0
15.0    	187     	9.281079E+0	1.850569E-3	-3.13E-1   	15.00     	1919.73 	24.5 	33.1 	9.286193E+0	3.275949E-6 	8.089827E+6	1.504671E+3	-1.605290E+0	1.452584E-4	9.842589E+0	9.830883E+0
15.0    	188     	9.320674E+0	1.028466E-3	-3.11E-1   	15.00     	1922.30 	24.5 	33.1 	9.325707E+0	1.277086E-6 	8.057427E+6	8.803598E+2	-1.605340E+0	1.670329E-4	9.882184E+0	9.870397E+0
15.0    	189     	9.209974E+0	2.140061E-3	-3.12E-1   	15.00     	1924.87 	24.5 	33.1 	9.214912E+0	4.585576E-6 	8.148803E+6	1.785506E+3	-1.605673E+0	2.081666E-4	9.771484E+0	9.759602E+0
15.0    	190     	9.296165E+0	1.004754E-3	-3.15E-1   	15.00     	1927.45 	24.5 	33.1 	9.301275E+0	8.810012E-7 	8.077440E+6	7.961784E+2	-1.605270E+0	1.374773E-4	9.857675E+0	9.845965E+0
15.0    	191     	9.371043E+0	8.179969E-4	-3.13E-1   	15.00     	1930.02 	24.5 	33.1 	9.376123E+0	8.386942E-7 	8.016523E+6	7.000952E+2	-1.605183E+0	1.457166E-4	9.932553E+0	9.920813E+0
15.0    	192     	9.599035E+0	6.287153E-4	-3.11E-1   	15.00     	1932.60 	24.5 	33.1 	9.604789E+0	4.073874E-7 	7.836277E+6	4.888081E+2	-1.603803E+0	3.055050E-5	1.016054E+1	1.014948E+1
15.0    	193     	9.542820E+0	1.862398E-3	-3.09E-1   	15.00     	1935.16 	24.5 	33.1 	9.548012E+0	3.280219E-6 	7.880117E+6	1.433050E+3	-1.604727E+0	1.001665E-4	1.010433E+1	1.009270E+1
15.0    	194     	9.349324E+0	1.018529E-3	-3.14E-1   	15.00     	1937.74 	24.5 	33.1 	9.354671E+0	9.724885E-7 	8.033993E+6	8.129781E+2	-1.604827E+0	5.686241E-5	9.910834E+0	9.899361E+0
15.0    	195     	9.330805E+0	1.971278E-3	-3.12E-1   	15.00     	1940.31 	24.5 	33.1 	9.335814E+0	4.216647E-6 	8.049180E+6	1.638170E+3	-1.605357E+0	1.401190E-4	9.892315E+0	9.880504E+0
15.0    	196     	9.311420E+0	1.516272E-3	-3.14E-1   	15.00     	1942.88 	24.5 	33.1 	9.316356E+0	2.508910E-6 	8.065023E+6	1.266978E+3	-1.605497E+0	1.159023E-4	9.872930E+0	9.861046E+0
15.0    	197     	9.237745E+0	1.536745E-3	-3.13E-1   	15.00     	1945.45 	24.5 	33.1 	9.242520E+0	2.090738E-6 	8.125763E+6	1.237147E+3	-1.605863E+0	1.457166E-4	9.799255E+0	9.787210E+0
15.0    	198     	9.348283E+0	6.877390E-5	-3.09E-1   	15.00     	1948.03 	24.5 	33.1 	9.353451E+0	3.689112E-8 	8.034910E+6	1.058301E+2	-1.605093E+0	1.814754E-4	9.909793E+0	9.898141E+0
15.0    	199     	9.325930E+0	1.860316E-3	-3.14E-1   	15.00     	1950.60 	24.5 	33.1 	9.330924E+0	3.542363E-6 	8.053157E+6	1.523953E+3	-1.605387E+0	2.081666E-4	9.887440E+0	9.875614E+0
15.0    	200     	9.282726E+0	1.441508E-3	-3.10E-1   	15.00     	1953.17 	24.5 	33.1 	9.288153E+0	2.132272E-6 	8.088343E+6	1.192742E+3	-1.604823E+0	3.055050E-5	9.844236E+0	9.832843E+0
15.0    	201     	9.263938E+0	1.709617E-3	-3.15E-1   	15.00     	1955.74 	24.5 	33.1 	9.269104E+0	2.800039E-6 	8.103927E+6	1.394716E+3	-1.605243E+0	2.236813E-4	9.825448E+0	9.813794E+0
15.0    	202     	9.336114E+0	9.384853E-4	-3.13E-1   	15.00     	1958.32 	24.5 	33.1 	9.341384E+0	1.032962E-6 	8.044753E+6	7.946278E+2	-1.604963E+0	1.386843E-4	9.897624E+0	9.886074E+0
15.0    	203     	9.347404E+0	1.966430E-3	-3.12E-1   	15.00     	1960.90 	24.5 	33.1 	9.352778E+0	3.985218E-6 	8.035540E+6	1.607825E+3	-1.604790E+0	7.000000E-5	9.908914E+0	9.897468E+0
15.0    	204     	9.217827E+0	1.403635E-3	-3.11E-1   	15.00     	1963.47 	24.5 	33.1 	9.222826E+0	1.918141E-6 	8.142230E+6	1.160905E+3	-1.605570E+0	1.513275E-4	9.779337E+0	9.767516E+0
15.0    	205     	9.289214E+0	4.893759E-4	-3.11E-1   	15.00     	1966.05 	24.5 	33.1 	9.294550E+0	3.374156E-7 	8.083050E+6	4.386342E+2	-1.604947E+0	1.656301E-4	9.850724E+0	9.839240E+0
15.0    	206     	9.337471E+0	5.200502E-4	-3.11E-1   	15.00     	1968.60 	24.5 	33.1 	9.342773E+0	3.416807E-7 	8.043637E+6	4.483674E+2	-1.604913E+0	1.320353E-4	9.898981E+0	9.887463E+0
15.0    	207     	9.384021E+0	2.943320E-4	-3.14E-1   	15.00     	1971.17 	24.5 	33.1 	9.389026E+0	1.203723E-7 	8.006087E+6	2.565801E+2	-1.605270E+0	1.322876E-4	9.945531E+0	9.933716E+0
15.0    	208     	9.561643E+0	1.485375E-3	-3.11E-1   	15.00     	1973.76 	24.5 	33.1 	9.567467E+0	2.138018E-6 	7.865210E+6	1.145295E+3	-1.603760E+0	1.178983E-4	1.012315E+1	1.011216E+1
15.0    	209     	9.587903E+0	3.316488E-3	-3.10E-1   	15.00     	1976.33 	24.5 	33.1 	9.593752E+0	1.119705E-5 	7.844840E+6	2.575636E+3	-1.603680E+0	1.322876E-4	1.014941E+1	1.013844E+1
15.0    	210     	9.335251E+0	6.731214E-4	-3.14E-1   	15.00     	1978.89 	24.5 	33.1 	9.340583E+0	5.733176E-7 	8.045430E+6	5.786190E+2	-1.604873E+0	2.514624E-4	9.896761E+0	9.885273E+0
15.0    	211     	9.361100E+0	7.519987E-4	-3.14E-1   	15.00     	1981.46 	24.5 	33.1 	9.366158E+0	5.189777E-7 	8.024570E+6	5.957348E+2	-1.605233E+0	4.618802E-5	9.922610E+0	9.910848E+0
15.0    	212     	9.316690E+0	2.021157E-3	-3.15E-1   	15.00     	1984.05 	24.5 	33.1 	9.322054E+0	4.086875E-6 	8.060543E+6	1.650040E+3	-1.604857E+0	1.242310E-4	9.878200E+0	9.866744E+0
15.0    	213     	9.315914E+0	1.297467E-3	-3.11E-1   	15.00     	1986.62 	24.5 	33.1 	9.320886E+0	1.887350E-6 	8.061337E+6	1.090015E+3	-1.605437E+0	1.823001E-4	9.877424E+0	9.865576E+0
15.0    	214     	9.287583E+0	1.987208E-3	-3.10E-1   	15.00     	1989.18 	24.5 	33.1 	9.292530E+0	3.780798E-6 	8.084550E+6	1.614435E+3	-1.605523E+0	6.658328E-5	9.849093E+0	9.837220E+0
15.0    	215     	9.260970E+0	8.030232E-4	-3.11E-1   	15.00     	1991.75 	24.5 	33.1 	9.265902E+0	7.494481E-7 	8.106473E+6	6.888638E+2	-1.605593E+0	1.050397E-4	9.822480E+0	9.810592E+0
15.0    	216     	9.321815E+0	2.726204E-4	-3.13E-1   	15.00     	1994.32 	24.5 	33.1 	9.326919E+0	7.792361E-8 	8.056467E+6	2.250185E+2	-1.605233E+0	1.154701E-5	9.883325E+0	9.871609E+0
15.0    	217     	9.322284E+0	1.705669E-3	-3.10E-1   	15.00     	1996.89 	24.5 	33.1 	9.327489E+0	2.887574E-6 	8.056043E+6	1.388572E+3	-1.605083E+0	2.516611E-5	9.883794E+0	9.872179E+0
15.0    	218     	9.259309E+0	7.999021E-4	-3.14E-1   	15.00     	1999.46 	24.5 	33.1 	9.264374E+0	8.705946E-7 	8.107790E+6	7.154719E+2	-1.605400E+0	2.116601E-4	9.820819E+0	9.809064E+0
15.0    	219     	9.260144E+0	2.437063E-3	-3.14E-1   	15.00     	2002.04 	24.5 	33.1 	9.264905E+0	6.172131E-6 	8.107227E+6	2.032371E+3	-1.605843E+0	8.386497E-5	9.821654E+0	9.809595E+0
15.0    	220     	9.309825E+0	1.000819E-3	-3.15E-1   	15.00     	2004.61 	24.5 	33.1 	9.314859E+0	9.299578E-7 	8.066287E+6	8.020806E+2	-1.605357E+0	1.721434E-4	9.871335E+0	9.859549E+0
15.0    	221     	9.328033E+0	7.630732E-4	-3.12E-1   	15.00     	2007.18 	24.5 	33.1 	9.333166E+0	6.549185E-7 	8.051387E+6	6.404165E+2	-1.605180E+0	7.211103E-5	9.889543E+0	9.877856E+0
15.0    	222     	9.369299E+0	2.624181E-3	-3.11E-1   	15.00     	2009.75 	24.5 	33.1 	9.374756E+0	6.827725E-6 	8.017780E+6	2.115467E+3	-1.604630E+0	1.113553E-4	9.930809E+0	9.919446E+0
15.0    	223     	9.342246E+0	9.808791E-4	-3.11E-1   	15.00     	2012.32 	24.5 	33.1 	9.347416E+0	1.122662E-6 	8.039810E+6	8.286736E+2	-1.605100E+0	1.178983E-4	9.903756E+0	9.892106E+0
15.0    	224     	9.563618E+0	7.069475E-4	-3.15E-1   	15.00     	2014.89 	24.5 	33.1 	9.569036E+0	6.201006E-7 	7.863833E+6	5.804596E+2	-1.604360E+0	1.352775E-4	1.012513E+1	1.011373E+1
15.0    	225     	9.608400E+0	2.053445E-3	-3.10E-1   	15.00     	2017.46 	24.5 	33.1 	9.614812E+0	4.179600E-6 	7.828803E+6	1.578047E+3	-1.602793E+0	9.451631E-5	1.016991E+1	1.015950E+1
15.0    	226     	9.356492E+0	1.297202E-3	-3.11E-1   	15.00     	2020.04 	24.5 	33.1 	9.361436E+0	1.722627E-6 	8.028347E+6	1.056709E+3	-1.605407E+0	8.386497E-5	9.918002E+0	9.906126E+0
15.0    	227     	9.331335E+0	1.554962E-3	-3.11E-1   	15.00     	2022.61 	24.5 	33.1 	9.336380E+0	2.564750E-6 	8.048733E+6	1.284848E+3	-1.605303E+0	7.094599E-5	9.892845E+0	9.881070E+0
15.0    	228     	9.368099E+0	1.112169E-3	-3.10E-1   	15.00     	2025.19 	24.5 	33.1 	9.373455E+0	1.211546E-6 	8.018790E+6	8.937002E+2	-1.604780E+0	8.660254E-5	9.929609E+0	9.918145E+0
15.0    	229     	9.355026E+0	8.262866E-4	-3.14E-1   	15.00     	2027.77 	24.5 	33.1 	9.360095E+0	7.223721E-7 	8.029483E+6	6.785524E+2	-1.605227E+0	1.011599E-4	9.916536E+0	9.904785E+0
15.0    	230     	9.313074E+0	2.031004E-4	-3.12E-1   	15.00     	2030.35 	24.5 	33.1 	9.318209E+0	5.101055E-8 	8.063590E+6	1.700000E+2	-1.605203E+0	1.569501E-4	9.874584E+0	9.862899E+0
15.0    	231     	9.335987E+0	1.338506E-3	-3.11E-1   	15.00     	2032.92 	24.5 	33.1 	9.341101E+0	1.580426E-6 	8.044920E+6	1.055320E+3	-1.605193E+0	1.301281E-4	9.897497E+0	9.885791E+0
15.0    	232     	9.340534E+0	6.850661E-4	-3.12E-1   	15.00     	2035.50 	24.5 	33.1 	9.345632E+0	5.325716E-7 	8.041230E+6	5.745433E+2	-1.605210E+0	9.539392E-5	9.902044E+0	9.890322E+0
15.0    	233     	9.327925E+0	1.392975E-3	-3.14E-1   	15.00     	2038.06 	24.5 	33.1 	9.333160E+0	1.882807E-6 	8.051433E+6	1.126336E+3	-1.605030E+0	3.000000E-5	9.889435E+0	9.877850E+0
15.0    	234     	9.326538E+0	1.473973E-3	-3.13E-1   	15.00     	2040.66 	24.5 	33.1 	9.331609E+0	2.066016E-6 	8.052630E+6	1.185791E+3	-1.605273E+0	1.201388E-4	9.888048E+0	9.876299E+0
15.0    	235     	9.313812E+0	9.466981E-4	-3.13E-1   	15.00     	2043.23 	24.5 	33.1 	9.318850E+0	7.496368E-7 	8.063027E+6	7.375862E+2	-1.605343E+0	2.571640E-4	9.875322E+0	9.863540E+0
15.0    	236     	9.357363E+0	7.497195E-4	-3.11E-1   	15.00     	2045.79 	24.5 	33.1 	9.362524E+0	4.520603E-7 	8.027553E+6	5.736143E+2	-1.605087E+0	2.136196E-4	9.918873E+0	9.907214E+0
15.0    	237     	9.376345E+0	1.708311E-4	-3.13E-1   	15.00     	2048.36 	24.5 	33.1 	9.381550E+0	3.450116E-8 	8.012193E+6	1.436431E+2	-1.604990E+0	3.464102E-5	9.937855E+0	9.926240E+0
15.0    	238     	9.337984E+0	1.363688E-3	-3.10E-1   	15.00     	2050.94 	24.5 	33.1 	9.342843E+0	1.786067E-6 	8.043400E+6	1.097406E+3	-1.605563E+0	8.736895E-5	9.899494E+0	9.887533E+0
15.0    	239     	9.328692E+0	1.387139E-3	-3.10E-1   	15.00     	2053.51 	24.5 	33.1 	9.333801E+0	2.225519E-6 	8.050860E+6	1.172348E+3	-1.605213E+0	1.761628E-4	9.890202E+0	9.878491E+0
15.0    	240     	9.600048E+0	7.491802E-4	-3.12E-1   	15.00     	2056.07 	24.5 	33.1 	9.606039E+0	5.896648E-7 	7.835403E+6	5.851780E+2	-1.603447E+0	3.785939E-5	1.016156E+1	1.015073E+1
15.0    	241     	9.819532E+0	9.648264E-4	-3.13E-1   	15.00     	2058.65 	24.5 	33.1 	9.826303E+0	8.447205E-7 	7.669367E+6	6.961561E+2	-1.601913E+0	8.386497E-5	1.038104E+1	1.037099E+1
15.0    	242     	9.648265E+0	4.169770E-4	-3.09E-1   	15.00     	2061.22 	24.5 	33.1 	9.653995E+0	2.009183E-7 	7.798480E+6	3.304542E+2	-1.603760E+0	6.244998E-5	1.020977E+1	1.019868E+1
15.0    	243     	9.576260E+0	7.443290E-4	-3.10E-1   	15.00     	2063.80 	24.5 	33.1 	9.582395E+0	6.364920E-7 	7.853743E+6	5.976900E+2	-1.603267E+0	8.326664E-5	1.013777E+1	1.012708E+1
15.0    	244     	9.555818E+0	7.420859E-4	-3.11E-1   	15.00     	2066.37 	24.5 	33.1 	9.561722E+0	6.093319E-7 	7.869710E+6	5.925369E+2	-1.603650E+0	6.082763E-5	1.011733E+1	1.010641E+1
15.0    	245     	9.587464E+0	1.849511E-3	-3.15E-1   	15.00     	2068.94 	24.5 	33.1 	9.593742E+0	3.144927E-6 	7.845013E+6	1.400940E+3	-1.603030E+0	1.249000E-4	1.014897E+1	1.013843E+1
15.0    	246     	9.599942E+0	9.612131E-4	-3.12E-1   	15.00     	2071.52 	24.5 	33.1 	9.605342E+0	9.335749E-7 	7.835713E+6	7.433259E+2	-1.604327E+0	7.571878E-5	1.016145E+1	1.015003E+1
15.0    	247     	9.611563E+0	1.703146E-3	-3.10E-1   	15.00     	2074.09 	24.5 	33.1 	9.617753E+0	2.692548E-6 	7.826453E+6	1.287025E+3	-1.603127E+0	1.069268E-4	1.017307E+1	1.016244E+1
15.0    	248     	9.602783E+0	5.765204E-4	-3.12E-1   	15.00     	2076.67 	24.5 	33.1 	9.608802E+0	3.696211E-7 	7.833283E+6	4.565450E+2	-1.603400E+0	6.244998E-5	1.016429E+1	1.015349E+1
15.0    	249     	9.593507E+0	1.478880E-3	-3.10E-1   	15.00     	2079.24 	24.5 	33.1 	9.599696E+0	2.096922E-6 	7.840377E+6	1.130369E+3	-1.603157E+0	5.859465E-5	1.015502E+1	1.014439E+1
15.0    	250     	9.607669E+0	9.689930E-4	-3.09E-1   	15.00     	2081.81 	24.5 	33.1 	9.613543E+0	9.308937E-7 	7.829573E+6	7.447371E+2	-1.603610E+0	4.582576E-5	1.016918E+1	1.015823E+1
15.0    	251     	9.628630E+0	3.378382E-4	-3.15E-1   	15.00     	2084.39 	24.5 	33.1 	9.634468E+0	1.658337E-7 	7.813473E+6	2.836077E+2	-1.603630E+0	1.734935E-4	1.019014E+1	1.017916E+1
15.0    	252     	9.584552E+0	1.462398E-3	-3.14E-1   	15.00     	2086.96 	24.5 	33.1 	9.590268E+0	2.297707E-6 	7.847483E+6	1.152403E+3	-1.603883E+0	9.291573E-5	1.014606E+1	1.013496E+1
15.0    	253     	9.530194E+0	1.447338E-3	-3.15E-1   	15.00     	2089.53 	24.5 	33.1 	9.537060E+0	2.552800E-6 	7.889327E+6	1.190560E+3	-1.602207E+0	2.706166E-4	1.009170E+1	1.008175E+1
15.0    	254     	9.556066E+0	2.111559E-4	-3.08E-1   	15.00     	2092.10 	24.5 	33.1 	9.561688E+0	2.062712E-8 	7.869627E+6	1.379613E+2	-1.604070E+0	1.014889E-4	1.011758E+1	1.010638E+1
15.0    	255     	9.618760E+0	2.757998E-4	-3.07E-1   	15.00     	2094.68 	24.5 	33.1 	9.624735E+0	5.387764E-8 	7.821000E+6	1.951922E+2	-1.603440E+0	6.557439E-5	1.018027E+1	1.016943E+1
15.0    	256     	9.873618E+0	8.863278E-4	-3.10E-1   	15.00     	2097.25 	24.5 	33.1 	9.880571E+0	7.522249E-7 	7.629530E+6	6.411708E+2	-1.601550E+0	7.937254E-5	1.043513E+1	1.042526E+1
15.0    	257     	5.691126E+0	8.146304E-4	-3.11E-1   	15.00     	2099.82 	24.5 	33.1 	5.685729E+0	6.178250E-7 	1.274970E+7	1.609348E+3	-1.630440E+0	3.798684E-4	6.252636E+0	6.230419E+0
15.0    	258     	8.140167E+0	1.253347E-3	-3.09E-1   	15.00     	2102.39 	24.5 	33.1 	8.142370E+0	1.441481E-6 	9.152763E+6	1.291524E+3	-1.611793E+0	7.505553E-5	8.701677E+0	8.687060E+0
15.0    	259     	1.128857E+1	6.303708E-4	-3.12E-1   	15.00     	2104.97 	24.5 	33.1 	1.129622E+1	3.308505E-7 	6.717953E+6	3.412233E+2	-1.598607E+0	1.379613E-4	1.185008E+1	1.184091E+1
15.0    	260     	2.371108E+1	1.344680E-3	-3.14E-1   	15.00     	2107.54 	24.5 	33.1 	2.372713E+1	1.813164E-6 	3.278543E+6	1.817507E+2	-1.576450E+0	4.358899E-5	2.427259E+1	2.427182E+1
15.0    	261     	2.821339E+1	9.952598E-4	-3.09E-1   	15.00     	2110.12 	24.5 	33.1 	2.823014E+1	9.798520E-7 	2.765520E+6	9.539392E+1	-1.572310E+0	7.000000E-5	2.877490E+1	2.877483E+1
15.0    	262     	3.430477E+1	2.393238E-4	-3.09E-1   	15.00     	2112.70 	24.5 	33.1 	3.432124E+1	5.170655E-8 	2.282373E+6	1.527525E+1	-1.567643E+0	5.773503E-5	3.486628E+1	3.486593E+1
15.0    	263     	5.027058E+1	9.127064E-4	-3.13E-1   	15.00     	2115.26 	24.5 	33.1 	5.027896E+1	9.249296E-7 	1.565627E+6	2.886751E+1	-1.557913E+0	4.041452E-5	5.083209E+1	5.082365E+1
15.0    	264     	1.101249E+2	1.274197E-3	-3.10E-1   	15.00     	2117.82 	24.5 	33.1 	1.099587E+2	1.111815E-6 	7.195403E+5	7.571878E+0	-1.530123E+0	2.516611E-5	1.106864E+2	1.105034E+2
20.0    	1       	8.673675E+0	2.017435E-4	3.07E+0    	20.00     	2149.74 	24.5 	33.1 	8.677698E+0	1.230783E-8 	8.622747E+6	1.457166E+2	-1.608030E+0	1.352775E-4	9.235185E+0	9.222388E+0
20.0    	2       	8.779351E+0	1.651558E-3	-3.72E-1   	20.00     	2152.34 	24.5 	33.1 	8.784698E+0	2.284923E-6 	8.524523E+6	1.444172E+3	-1.605850E+0	2.107131E-4	9.340861E+0	9.329388E+0
20.0    	3       	7.453092E-1	2.126615E-4	-3.72E-1   	20.00     	2154.91 	24.5 	33.1 	6.109232E-1	8.421123E-7 	6.475543E+7	2.368635E+4	-1.917877E+0	1.219030E-3	1.306819E+0	1.155613E+0
20.0    	4       	8.761869E+0	2.115418E-3	-3.73E-1   	20.00     	2157.48 	24.5 	33.1 	8.767044E+0	4.051664E-6 	8.540597E+6	1.889771E+3	-1.606143E+0	3.467468E-4	9.323379E+0	9.311734E+0
20.0    	5       	8.484100E+0	1.992415E-3	-3.72E-1   	20.00     	2160.04 	24.5 	33.1 	8.487483E+0	3.725711E-6 	8.803900E+6	1.910314E+3	-1.609347E+0	8.504901E-5	9.045610E+0	9.032173E+0
20.0    	6       	8.475118E+0	3.642571E-4	-3.68E-1   	20.00     	2162.61 	24.5 	33.1 	8.480270E+0	6.379946E-8 	8.811793E+6	3.008876E+2	-1.606737E+0	1.715615E-4	9.036628E+0	9.024960E+0
20.0    	7       	8.470412E+0	3.657274E-4	-3.71E-1   	20.00     	2165.18 	24.5 	33.1 	8.474072E+0	2.598265E-7 	8.817117E+6	4.273562E+2	-1.608977E+0	2.154840E-4	9.031922E+0	9.018762E+0
20.0    	8       	8.507546E+0	1.196586E-3	-3.72E-1   	20.00     	2167.75 	24.5 	33.1 	8.512488E+0	1.379834E-6 	8.780367E+6	1.148492E+3	-1.606993E+0	6.027714E-5	9.069056E+0	9.057178E+0
20.0    	9       	8.491959E+0	2.796637E-3	-3.72E-1   	20.00     	2170.32 	24.5 	33.1 	8.496381E+0	8.274208E-6 	8.795747E+6	2.757033E+3	-1.607810E+0	2.690725E-4	9.053469E+0	9.041071E+0
20.0    	10      	8.483960E+0	7.502435E-4	-3.73E-1   	20.00     	2172.89 	24.5 	33.1 	8.488949E+0	3.767147E-7 	8.803253E+6	6.610850E+2	-1.606970E+0	2.882707E-4	9.045470E+0	9.033639E+0
20.0    	11      	8.477998E+0	1.410828E-3	-3.70E-1   	20.00     	2175.47 	24.5 	33.1 	8.481785E+0	1.747241E-6 	8.809650E+6	1.332329E+3	-1.608777E+0	1.350309E-4	9.039508E+0	9.026475E+0
20.0    	12      	8.486573E+0	2.506747E-3	-3.70E-1   	20.00     	2178.03 	24.5 	33.1 	8.490535E+0	6.583889E-6 	8.801210E+6	2.469190E+3	-1.608503E+0	9.504385E-5	9.048083E+0	9.035225E+0
20.0    	13      	8.451176E+0	9.276087E-4	-3.69E-1   	20.00     	2180.61 	24.5 	33.1 	8.454698E+0	7.906269E-7 	8.836017E+6	8.904680E+2	-1.609217E+0	1.205543E-4	9.012686E+0	8.999388E+0
20.0    	14      	8.695602E+0	1.399229E-3	-3.73E-1   	20.00     	2183.18 	24.5 	33.1 	8.700281E+0	1.763336E-6 	8.602003E+6	1.267767E+3	-1.607020E+0	1.044031E-4	9.257112E+0	9.244971E+0
20.0    	15      	9.410872E-1	6.605887E-4	-3.70E-1   	20.00     	2185.75 	24.5 	33.1 	9.412800E-1	1.071075E-6 	5.325543E+7	3.023282E+4	-1.676180E+0	1.231950E-3	1.502597E+0	1.485970E+0
20.0    	16      	8.953593E+0	9.593426E-4	-3.69E-1   	20.00     	2188.32 	24.5 	33.1 	8.958887E+0	8.261162E-7 	8.368350E+6	8.217664E+2	-1.605607E+0	1.011599E-4	9.515103E+0	9.503577E+0
20.0    	17      	8.457331E+0	1.746085E-3	-3.71E-1   	20.00     	2190.89 	24.5 	33.1 	8.460987E+0	3.034380E-6 	8.829917E+6	1.707669E+3	-1.609010E+0	1.824829E-4	9.018841E+0	9.005677E+0
20.0    	18      	8.230947E+0	1.582623E-3	-3.69E-1   	20.00     	2193.46 	24.5 	33.1 	8.233638E+0	2.435711E-6 	9.057933E+6	1.620319E+3	-1.610893E+0	3.214550E-5	8.792457E+0	8.778328E+0
20.0    	19      	8.534416E+0	5.555784E-4	-3.68E-1   	20.00     	2196.03 	24.5 	33.1 	8.538767E+0	2.424384E-7 	8.754697E+6	5.046121E+2	-1.607830E+0	9.539392E-5	9.095926E+0	9.083457E+0
20.0    	20      	8.245014E+0	7.421360E-4	-3.74E-1   	20.00     	2198.60 	24.5 	33.1 	8.248119E+0	5.995714E-7 	9.043240E+6	7.765951E+2	-1.610270E+0	1.868154E-4	8.806524E+0	8.792809E+0
20.0    	21      	8.234193E+0	1.906088E-4	-3.68E-1   	20.00     	2201.18 	24.5 	33.1 	8.236938E+0	5.189558E-8 	9.054560E+6	2.095233E+2	-1.610810E+0	1.493318E-4	8.795703E+0	8.781628E+0
20.0    	22      	8.209024E+0	7.494218E-4	-3.67E-1   	20.00     	2203.75 	24.5 	33.1 	8.211972E+0	7.512226E-7 	9.080460E+6	8.373769E+2	-1.610577E+0	1.700980E-4	8.770534E+0	8.756662E+0
20.0    	23      	8.197502E+0	9.397547E-4	-3.69E-1   	20.00     	2206.33 	24.5 	33.1 	8.200803E+0	9.099526E-7 	9.092230E+6	9.823950E+2	-1.610093E+0	1.365040E-4	8.759012E+0	8.745493E+0
20.0    	24      	8.180079E+0	6.485972E-4	-3.75E-1   	20.00     	2208.90 	24.5 	33.1 	8.183948E+0	3.692621E-7 	9.110070E+6	6.538348E+2	-1.609297E+0	1.285820E-4	8.741589E+0	8.728638E+0
20.0    	25      	8.174263E+0	7.407083E-4	-3.71E-1   	20.00     	2211.47 	24.5 	33.1 	8.177704E+0	5.928024E-7 	9.116363E+6	7.788025E+2	-1.609940E+0	3.555278E-4	8.735773E+0	8.722394E+0
20.0    	26      	8.248912E+0	6.201633E-4	-3.74E-1   	20.00     	2214.05 	24.5 	33.1 	8.252171E+0	4.974441E-7 	9.039157E+6	6.798774E+2	-1.610040E+0	1.500000E-4	8.810422E+0	8.796861E+0
20.0    	27      	8.214786E+0	1.665229E-3	-3.70E-1   	20.00     	2216.63 	24.5 	33.1 	8.217901E+0	2.411992E-6 	9.074407E+6	1.664222E+3	-1.610323E+0	2.212088E-4	8.776296E+0	8.762591E+0
20.0    	28      	8.262418E+0	1.294511E-3	-3.68E-1   	20.00     	2219.21 	24.5 	33.1 	8.265354E+0	1.570768E-6 	9.025477E+6	1.303700E+3	-1.610473E+0	9.504385E-5	8.823928E+0	8.810044E+0
20.0    	29      	8.269699E+0	6.579353E-4	-3.75E-1   	20.00     	2221.79 	24.5 	33.1 	8.272803E+0	3.087956E-7 	9.017943E+6	6.201075E+2	-1.610217E+0	1.457166E-4	8.831209E+0	8.817493E+0
20.0    	30      	8.232747E+0	1.045190E-3	-3.65E-1   	20.00     	2224.34 	24.5 	33.1 	8.235957E+0	9.691338E-7 	9.055810E+6	1.044174E+3	-1.610147E+0	1.823001E-4	8.794257E+0	8.780647E+0
20.0    	31      	8.485517E+0	5.070069E-4	-3.74E-1   	20.00     	2226.94 	24.5 	33.1 	8.488209E+0	2.938144E-7 	8.802857E+6	5.089532E+2	-1.610323E+0	1.342882E-4	9.047027E+0	9.032899E+0
20.0    	32      	8.429475E+0	6.038328E-4	-3.70E-1   	20.00     	2229.49 	24.5 	33.1 	8.433320E+0	2.764291E-7 	8.857200E+6	5.566866E+2	-1.608793E+0	1.167619E-4	8.990985E+0	8.978010E+0
20.0    	33      	8.435320E+0	7.369528E-4	-3.75E-1   	20.00     	2232.07 	24.5 	33.1 	8.438762E+0	5.596091E-7 	8.851640E+6	7.295889E+2	-1.609367E+0	1.361372E-4	8.996830E+0	8.983452E+0
20.0    	34      	8.220026E+0	1.271780E-3	-3.70E-1   	20.00     	2234.64 	24.5 	33.1 	8.222866E+0	1.455483E-6 	9.069130E+6	1.279883E+3	-1.610707E+0	1.504438E-4	8.781536E+0	8.767556E+0
20.0    	35      	8.243754E+0	6.243322E-4	-3.72E-1   	20.00     	2237.22 	24.5 	33.1 	8.247459E+0	4.254801E-7 	9.044227E+6	6.561504E+2	-1.609400E+0	4.358899E-5	8.805264E+0	8.792149E+0
20.0    	36      	8.199914E+0	1.072222E-3	-3.73E-1   	20.00     	2239.79 	24.5 	33.1 	8.202699E+0	1.215105E-6 	9.089993E+6	1.128554E+3	-1.610830E+0	8.888194E-5	8.761424E+0	8.747389E+0
20.0    	37      	8.179368E+0	9.514713E-4	-3.70E-1   	20.00     	2242.36 	24.5 	33.1 	8.181943E+0	9.180707E-7 	9.111487E+6	9.960087E+2	-1.611177E+0	3.055050E-5	8.740878E+0	8.726633E+0
20.0    	38      	8.104201E+0	7.386513E-4	-3.74E-1   	20.00     	2244.94 	24.5 	33.1 	8.106861E+0	3.618030E-7 	9.190540E+6	7.110556E+2	-1.611230E+0	1.967232E-4	8.665711E+0	8.651551E+0
20.0    	39      	8.135536E+0	1.654965E-3	-3.75E-1   	20.00     	2247.51 	24.5 	33.1 	8.138406E+0	2.356710E-6 	9.157290E+6	1.680565E+3	-1.610857E+0	1.700980E-4	8.697046E+0	8.683096E+0
20.0    	40      	8.172896E+0	9.872728E-4	-3.72E-1   	20.00     	2250.08 	24.5 	33.1 	8.176212E+0	1.353039E-6 	9.117857E+6	1.123403E+3	-1.610127E+0	2.596793E-4	8.734406E+0	8.720902E+0
20.0    	41      	8.171623E+0	9.663732E-4	-3.69E-1   	20.00     	2252.66 	24.5 	33.1 	8.175009E+0	1.072654E-6 	9.119150E+6	1.044174E+3	-1.610027E+0	2.040425E-4	8.733133E+0	8.719699E+0
20.0    	42      	8.136728E+0	1.684238E-3	-3.73E-1   	20.00     	2255.23 	24.5 	33.1 	8.139643E+0	2.989085E-6 	9.156010E+6	1.797526E+3	-1.610790E+0	8.888194E-5	8.698238E+0	8.684333E+0
20.0    	43      	8.116832E+0	8.366065E-4	-3.70E-1   	20.00     	2257.80 	24.5 	33.1 	8.119479E+0	6.771428E-7 	9.177160E+6	8.772685E+2	-1.611220E+0	1.100000E-4	8.678342E+0	8.664169E+0
20.0    	44      	8.165165E+0	1.481342E-3	-3.72E-1   	20.00     	2260.37 	24.5 	33.1 	8.168227E+0	2.216156E-6 	9.126073E+6	1.553201E+3	-1.610513E+0	1.429452E-4	8.726675E+0	8.712917E+0
20.0    	45      	8.236073E+0	1.799738E-3	-3.70E-1   	20.00     	2262.95 	24.5 	33.1 	8.239180E+0	2.946720E-6 	9.052437E+6	1.810451E+3	-1.610287E+0	1.209683E-4	8.797583E+0	8.783870E+0
20.0    	46      	8.275556E+0	1.319881E-3	-3.72E-1   	20.00     	2265.52 	24.5 	33.1 	8.279270E+0	1.926900E-6 	9.011650E+6	1.381774E+3	-1.609317E+0	1.167619E-4	8.837066E+0	8.823960E+0
20.0    	47      	8.234370E+0	1.382850E-3	-3.69E-1   	20.00     	2268.09 	24.5 	33.1 	8.237292E+0	2.127937E-6 	9.054287E+6	1.462065E+3	-1.610557E+0	2.289833E-4	8.795880E+0	8.781982E+0
20.0    	48      	8.691155E+0	4.973868E-4	-3.72E-1   	20.00     	2270.67 	24.5 	33.1 	8.695448E+0	2.107894E-7 	8.606320E+6	4.450843E+2	-1.607600E+0	6.000000E-5	9.252665E+0	9.240138E+0
20.0    	49      	8.471480E+0	2.336262E-3	-3.72E-1   	20.00     	2273.24 	24.5 	33.1 	8.476593E+0	4.737786E-6 	8.815363E+6	2.202461E+3	-1.606803E+0	3.023795E-4	9.032990E+0	9.021283E+0
20.0    	50      	8.237178E+0	6.936768E-4	-3.69E-1   	20.00     	2275.81 	24.5 	33.1 	8.239966E+0	3.036915E-7 	9.051463E+6	6.401042E+2	-1.610740E+0	2.151743E-4	8.798688E+0	8.784656E+0
20.0    	51      	8.192516E+0	8.586422E-4	-3.69E-1   	20.00     	2278.38 	24.5 	33.1 	8.195996E+0	8.320920E-7 	9.097320E+6	9.208149E+2	-1.609843E+0	8.144528E-5	8.754026E+0	8.740686E+0
20.0    	52      	8.155035E+0	4.648759E-4	-3.71E-1   	20.00     	2280.95 	24.5 	33.1 	8.157813E+0	3.843795E-7 	9.136837E+6	5.653612E+2	-1.610943E+0	2.844878E-4	8.716545E+0	8.702503E+0
20.0    	53      	8.112358E+0	1.637179E-3	-3.69E-1   	20.00     	2283.52 	24.5 	33.1 	8.114742E+0	2.512933E-6 	9.182037E+6	1.706937E+3	-1.611603E+0	1.006645E-4	8.673868E+0	8.659432E+0
20.0    	54      	8.237553E+0	1.189603E-3	-3.73E-1   	20.00     	2286.10 	24.5 	33.1 	8.240505E+0	1.376748E-6 	9.050993E+6	1.215333E+3	-1.610507E+0	1.266228E-4	8.799063E+0	8.785195E+0
20.0    	55      	8.271354E+0	1.154679E-3	-3.70E-1   	20.00     	2288.66 	24.5 	33.1 	8.274566E+0	1.302981E-6 	9.016197E+6	1.172192E+3	-1.610057E+0	1.159023E-4	8.832864E+0	8.819256E+0
20.0    	56      	8.207763E+0	1.507502E-3	-3.68E-1   	20.00     	2291.25 	24.5 	33.1 	8.211089E+0	1.934562E-6 	9.081570E+6	1.501599E+3	-1.610033E+0	1.882374E-4	8.769273E+0	8.755779E+0
20.0    	57      	8.197440E+0	2.521858E-3	-3.72E-1   	20.00     	2293.82 	24.5 	33.1 	8.200873E+0	6.046216E-6 	9.092227E+6	2.586549E+3	-1.609900E+0	1.113553E-4	8.758950E+0	8.745563E+0
20.0    	58      	8.246678E+0	4.622381E-4	-3.69E-1   	20.00     	2296.41 	24.5 	33.1 	8.249829E+0	2.729397E-7 	9.041507E+6	5.054041E+2	-1.610200E+0	1.039230E-4	8.808188E+0	8.794519E+0
20.0    	59      	8.262737E+0	1.190427E-3	-3.70E-1   	20.00     	2298.96 	24.5 	33.1 	8.265672E+0	1.313349E-6 	9.025150E+6	1.195533E+3	-1.610473E+0	9.291573E-5	8.824247E+0	8.810362E+0
20.0    	60      	8.135769E+0	8.483899E-5	-3.72E-1   	20.00     	2301.54 	24.5 	33.1 	8.138331E+0	5.691917E-8 	9.157207E+6	1.700980E+2	-1.611297E+0	2.205297E-4	8.697279E+0	8.683021E+0
20.0    	61      	8.460116E+0	1.703063E-3	-3.71E-1   	20.00     	2304.10 	24.5 	33.1 	8.463715E+0	2.606130E-6 	8.827217E+6	1.624264E+3	-1.609087E+0	1.274101E-4	9.021626E+0	9.008405E+0
20.0    	62      	8.541428E+0	1.473354E-3	-3.70E-1   	20.00     	2306.67 	24.5 	33.1 	8.546059E+0	2.241439E-6 	8.747813E+6	1.427457E+3	-1.607397E+0	1.530795E-4	9.102938E+0	9.090749E+0
20.0    	63      	8.545220E+0	6.446727E-4	-3.71E-1   	20.00     	2309.24 	24.5 	33.1 	8.549265E+0	4.137650E-7 	8.744450E+6	6.183041E+2	-1.608260E+0	7.549834E-5	9.106730E+0	9.093955E+0
20.0    	64      	9.956350E-1	3.227907E-4	-3.75E-1   	20.00     	2311.81 	24.5 	33.1 	9.257086E-1	1.081337E-6 	5.259060E+7	2.381953E+4	-1.809070E+0	1.061650E-3	1.557145E+0	1.470399E+0
20.0    	65      	8.482796E+0	9.034396E-4	-3.74E-1   	20.00     	2314.38 	24.5 	33.1 	8.485789E+0	1.016996E-6 	8.805360E+6	9.306449E+2	-1.609907E+0	1.882374E-4	9.044306E+0	9.030479E+0
20.0    	66      	8.236652E+0	8.595549E-4	-3.69E-1   	20.00     	2316.95 	24.5 	33.1 	8.239475E+0	8.633447E-7 	9.051987E+6	9.208873E+2	-1.610693E+0	1.040833E-4	8.798162E+0	8.784165E+0
20.0    	67      	8.185172E+0	8.919575E-4	-3.71E-1   	20.00     	2319.53 	24.5 	33.1 	8.187848E+0	8.599371E-7 	9.105383E+6	9.470656E+2	-1.611020E+0	1.113553E-4	8.746682E+0	8.732538E+0
20.0    	68      	8.124933E+0	7.238505E-4	-3.71E-1   	20.00     	2322.09 	24.5 	33.1 	8.127393E+0	5.087721E-7 	9.168693E+6	7.588368E+2	-1.611467E+0	5.507571E-5	8.686443E+0	8.672083E+0
20.0    	69      	8.240944E+0	8.552152E-4	-3.72E-1   	20.00     	2324.67 	24.5 	33.1 	8.243812E+0	8.531703E-7 	9.047547E+6	9.135827E+2	-1.610620E+0	1.734935E-4	8.802454E+0	8.788502E+0
20.0    	70      	8.175659E+0	6.676552E-4	-3.69E-1   	20.00     	2327.25 	24.5 	33.1 	8.178702E+0	2.822505E-7 	9.115113E+6	6.258061E+2	-1.610517E+0	1.950214E-4	8.737169E+0	8.723392E+0
20.0    	71      	8.129382E+0	7.499399E-4	-3.73E-1   	20.00     	2329.82 	24.5 	33.1 	8.132169E+0	6.947688E-7 	9.163823E+6	8.354839E+2	-1.610990E+0	1.216553E-4	8.690892E+0	8.676859E+0
20.0    	72      	8.256972E+0	8.621180E-4	-3.70E-1   	20.00     	2332.38 	24.5 	33.1 	8.260300E+0	7.201158E-7 	9.030853E+6	8.764892E+2	-1.609920E+0	5.000000E-5	8.818482E+0	8.804990E+0
20.0    	73      	8.283860E+0	1.985356E-3	-3.71E-1   	20.00     	2334.96 	24.5 	33.1 	8.287189E+0	3.606423E-6 	9.003380E+6	1.977600E+3	-1.609860E+0	2.116601E-4	8.845370E+0	8.831879E+0
20.0    	74      	8.193254E+0	1.954787E-3	-3.74E-1   	20.00     	2337.52 	24.5 	33.1 	8.196220E+0	3.492577E-6 	9.096820E+6	1.988266E+3	-1.610587E+0	1.193035E-4	8.754764E+0	8.740910E+0
20.0    	75      	8.127508E+0	2.949746E-3	-3.71E-1   	20.00     	2340.10 	24.5 	33.1 	8.130386E+0	7.591227E-6 	9.165753E+6	3.010886E+3	-1.610863E+0	3.292922E-4	8.689018E+0	8.675076E+0
20.0    	76      	8.561214E+0	8.254542E-4	-3.71E-1   	20.00     	2342.67 	24.5 	33.1 	8.565256E+0	8.675549E-7 	8.729110E+6	8.401786E+2	-1.608230E+0	2.007486E-4	9.122724E+0	9.109946E+0
20.0    	77      	7.348857E-1	1.729840E-4	-3.74E-1   	20.00     	2345.24 	24.5 	33.1 	6.112005E-1	9.856454E-8 	6.500743E+7	1.316067E+4	-1.906267E+0	1.985783E-4	1.296396E+0	1.155890E+0
20.0    	78      	7.410674E-1	1.711204E-3	-3.75E-1   	20.00     	2347.83 	24.5 	33.1 	6.143540E-1	7.185504E-9 	6.476473E+7	4.161855E+4	-1.909163E+0	1.916281E-3	1.302577E+0	1.159044E+0
20.0    	79      	8.568580E+0	2.434360E-3	-3.68E-1   	20.00     	2350.38 	24.5 	33.1 	8.572335E+0	5.968111E-6 	8.722200E+6	2.330064E+3	-1.608633E+0	2.663331E-4	9.130090E+0	9.117025E+0
20.0    	80      	8.794105E+0	1.844876E-3	-3.73E-1   	20.00     	2352.95 	24.5 	33.1 	8.798256E+0	3.572613E-6 	8.511617E+6	1.700157E+3	-1.607603E+0	8.082904E-5	9.355615E+0	9.342946E+0
20.0    	81      	8.506818E+0	1.793178E-3	-3.69E-1   	20.00     	2355.53 	24.5 	33.1 	8.510444E+0	3.188251E-6 	8.781710E+6	1.733119E+3	-1.608950E+0	1.868154E-4	9.068328E+0	9.055134E+0
20.0    	82      	8.226967E+0	5.432316E-4	-3.68E-1   	20.00     	2358.10 	24.5 	33.1 	8.229507E+0	2.702696E-7 	9.062117E+6	5.484828E+2	-1.611117E+0	4.041452E-5	8.788477E+0	8.774197E+0
20.0    	83      	8.167167E+0	8.171543E-4	-3.73E-1   	20.00     	2360.68 	24.5 	33.1 	8.169576E+0	7.037333E-7 	9.124320E+6	8.660831E+2	-1.611440E+0	6.000000E-5	8.728677E+0	8.714266E+0
20.0    	84      	8.263219E+0	6.535161E-4	-3.74E-1   	20.00     	2363.26 	24.5 	33.1 	8.265992E+0	3.428692E-7 	9.024740E+6	6.295236E+2	-1.610703E+0	2.302897E-4	8.824729E+0	8.810682E+0
20.0    	85      	8.208316E+0	1.369242E-3	-3.72E-1   	20.00     	2365.84 	24.5 	33.1 	8.211097E+0	1.572794E-6 	9.081280E+6	1.359228E+3	-1.610817E+0	1.703917E-4	8.769826E+0	8.755787E+0
20.0    	86      	8.202352E+0	1.655336E-4	-3.72E-1   	20.00     	2368.41 	24.5 	33.1 	8.205097E+0	1.371397E-8 	9.087483E+6	1.464013E+2	-1.610883E+0	7.234178E-5	8.763862E+0	8.749787E+0
20.0    	87      	8.379415E+0	1.245211E-3	-3.72E-1   	20.00     	2370.99 	24.5 	33.1 	8.382647E+0	1.544715E-6 	8.907133E+6	1.240215E+3	-1.609790E+0	3.464102E-5	8.940925E+0	8.927337E+0
20.0    	88      	8.353115E+0	1.518927E-3	-3.73E-1   	20.00     	2373.54 	24.5 	33.1 	8.356203E+0	2.466054E-6 	8.933503E+6	1.548688E+3	-1.610053E+0	1.184624E-4	8.914625E+0	8.900893E+0
20.0    	89      	8.382775E+0	8.370016E-4	-3.68E-1   	20.00     	2376.12 	24.5 	33.1 	8.385876E+0	8.238931E-7 	8.903850E+6	8.685045E+2	-1.609970E+0	1.389244E-4	8.944285E+0	8.930566E+0
20.0    	90      	8.436039E+0	3.122833E-3	-3.75E-1   	20.00     	2378.69 	24.5 	33.1 	8.439372E+0	9.734915E-6 	8.850987E+6	3.072301E+3	-1.609523E+0	5.773503E-6	8.997549E+0	8.984062E+0
20.0    	91      	8.309817E+0	1.072722E-3	-3.74E-1   	20.00     	2381.26 	24.5 	33.1 	8.312823E+0	1.281979E-6 	8.977180E+6	1.114989E+3	-1.610267E+0	1.844813E-4	8.871327E+0	8.857513E+0
20.0    	92      	8.157637E+0	3.635392E-4	-3.70E-1   	20.00     	2383.84 	24.5 	33.1 	8.160322E+0	1.077156E-7 	9.134157E+6	3.622614E+2	-1.611070E+0	6.557439E-5	8.719147E+0	8.705012E+0
20.0    	93      	8.604398E+0	1.547823E-3	-3.72E-1   	20.00     	2386.41 	24.5 	33.1 	8.607946E+0	2.494009E-6 	8.688190E+6	1.482026E+3	-1.608857E+0	1.686219E-4	9.165908E+0	9.152636E+0
20.0    	94      	8.473109E+0	1.322652E-3	-3.73E-1   	20.00     	2389.00 	24.5 	33.1 	8.476440E+0	1.539781E-6 	8.814643E+6	1.251492E+3	-1.609447E+0	1.205543E-4	9.034619E+0	9.021130E+0
20.0    	95      	8.226971E+0	4.811807E-4	-3.71E-1   	20.00     	2391.57 	24.5 	33.1 	8.229696E+0	2.252070E-7 	9.062017E+6	4.923752E+2	-1.610853E+0	7.637626E-5	8.788481E+0	8.774386E+0
20.0    	96      	8.546816E+0	1.237235E-3	-3.75E-1   	20.00     	2394.14 	24.5 	33.1 	8.550182E+0	1.609854E-6 	8.743243E+6	1.202594E+3	-1.609240E+0	1.539480E-4	9.108326E+0	9.094872E+0
20.0    	97      	8.491351E+0	2.057228E-3	-3.70E-1   	20.00     	2396.71 	24.5 	33.1 	8.494932E+0	4.288300E-6 	8.796747E+6	2.006797E+3	-1.609047E+0	4.618802E-5	9.052861E+0	9.039622E+0
20.0    	98      	8.204755E+0	2.445674E-3	-3.71E-1   	20.00     	2399.28 	24.5 	33.1 	8.207598E+0	5.943022E-6 	9.084940E+6	2.532133E+3	-1.610737E+0	1.755942E-4	8.766265E+0	8.752288E+0
20.0    	99      	8.175528E+0	2.745685E-3	-3.71E-1   	20.00     	2401.86 	24.5 	33.1 	8.178203E+0	7.237084E-6 	9.115443E+6	2.838421E+3	-1.611043E+0	7.637626E-5	8.737038E+0	8.722893E+0
20.0    	100     	8.265661E+0	1.674990E-3	-3.71E-1   	20.00     	2404.43 	24.5 	33.1 	8.268678E+0	2.539866E-6 	9.022117E+6	1.671536E+3	-1.610350E+0	1.126943E-4	8.827171E+0	8.813368E+0
20.0    	101     	8.129580E+0	5.171981E-4	-3.72E-1   	20.00     	2407.00 	24.5 	33.1 	8.132185E+0	2.023238E-7 	9.163710E+6	5.047772E+2	-1.611250E+0	2.211334E-4	8.691090E+0	8.676875E+0
20.0    	102     	8.312524E+0	4.122048E-4	-3.74E-1   	20.00     	2409.58 	24.5 	33.1 	8.315608E+0	1.593983E-7 	8.974400E+6	4.077990E+2	-1.610150E+0	1.374773E-4	8.874034E+0	8.860298E+0
20.0    	103     	8.278498E+0	1.364871E-3	-3.73E-1   	20.00     	2412.15 	24.5 	33.1 	8.281858E+0	2.171554E-6 	9.008830E+6	1.447619E+3	-1.609827E+0	1.607275E-4	8.840008E+0	8.826548E+0
20.0    	104     	8.234427E+0	1.267355E-3	-3.73E-1   	20.00     	2414.73 	24.5 	33.1 	8.237829E+0	1.637256E-6 	9.053980E+6	1.311831E+3	-1.609863E+0	2.309401E-5	8.795937E+0	8.782519E+0
20.0    	105     	8.292998E+0	1.920952E-3	-3.73E-1   	20.00     	2417.30 	24.5 	33.1 	8.296061E+0	3.337870E-6 	8.994217E+6	1.904267E+3	-1.610223E+0	1.778576E-4	8.854508E+0	8.840751E+0
20.0    	106     	8.350083E+0	9.907202E-4	-3.72E-1   	20.00     	2419.87 	24.5 	33.1 	8.353255E+0	1.005305E-6 	8.936503E+6	1.000117E+3	-1.609940E+0	4.582576E-5	8.911593E+0	8.897945E+0
20.0    	107     	8.455386E+0	1.569338E-3	-3.71E-1   	20.00     	2422.45 	24.5 	33.1 	8.459251E+0	2.310848E-6 	8.831720E+6	1.513836E+3	-1.608710E+0	9.000000E-5	9.016896E+0	9.003941E+0
20.0    	108     	8.247312E+0	1.276247E-3	-3.70E-1   	20.00     	2425.02 	24.5 	33.1 	8.250176E+0	1.539415E-6 	9.041003E+6	1.291562E+3	-1.610610E+0	1.571623E-4	8.808822E+0	8.794866E+0
20.0    	109     	8.226464E+0	1.156787E-3	-3.71E-1   	20.00     	2427.60 	24.5 	33.1 	8.229125E+0	1.484238E-6 	9.062573E+6	1.224105E+3	-1.610947E+0	1.965536E-4	8.787974E+0	8.773815E+0
20.0    	110     	8.169485E+0	1.394938E-3	-3.73E-1   	20.00     	2430.17 	24.5 	33.1 	8.172217E+0	1.811939E-6 	9.121727E+6	1.431829E+3	-1.610977E+0	1.778576E-4	8.730995E+0	8.716907E+0
20.0    	111     	8.200874E+0	6.959270E-4	-3.73E-1   	20.00     	2432.74 	24.5 	33.1 	8.203377E+0	3.761117E-7 	9.089143E+6	6.795096E+2	-1.611230E+0	1.153256E-4	8.762384E+0	8.748067E+0
20.0    	112     	8.523829E+0	1.966636E-3	-3.73E-1   	20.00     	2435.32 	24.5 	33.1 	8.527474E+0	3.568016E-6 	8.765247E+6	1.861084E+3	-1.608887E+0	1.193035E-4	9.085339E+0	9.072164E+0
20.0    	113     	8.473020E+0	2.006613E-3	-3.71E-1   	20.00     	2437.91 	24.5 	33.1 	8.476209E+0	3.995262E-6 	8.814800E+6	1.955531E+3	-1.609650E+0	8.000000E-5	9.034530E+0	9.020899E+0
20.0    	114     	8.193747E+0	1.784807E-3	-3.67E-1   	20.00     	2440.45 	24.5 	33.1 	8.196266E+0	3.451595E-6 	9.096540E+6	1.893647E+3	-1.611223E+0	1.150362E-4	8.755257E+0	8.740956E+0
20.0    	115     	8.161879E+0	3.959362E-4	-3.69E-1   	20.00     	2443.04 	24.5 	33.1 	8.164452E+0	1.254124E-7 	9.129770E+6	3.923009E+2	-1.611220E+0	7.937254E-5	8.723389E+0	8.709142E+0
20.0    	116     	8.245266E+0	1.016908E-3	-3.74E-1   	20.00     	2445.60 	24.5 	33.1 	8.247906E+0	8.654947E-7 	9.043220E+6	1.000450E+3	-1.610933E+0	1.209683E-4	8.806776E+0	8.792596E+0
20.0    	117     	8.157071E+0	1.002622E-3	-3.74E-1   	20.00     	2448.18 	24.5 	33.1 	8.159788E+0	1.062464E-6 	9.134733E+6	1.066036E+3	-1.611027E+0	4.725816E-5	8.718581E+0	8.704478E+0
20.0    	118     	8.285057E+0	1.158774E-3	-3.69E-1   	20.00     	2450.74 	24.5 	33.1 	8.287904E+0	1.353064E-6 	9.002407E+6	1.182469E+3	-1.610550E+0	1.000000E-5	8.846567E+0	8.832594E+0
20.0    	119     	8.237567E+0	1.159458E-3	-3.73E-1   	20.00     	2453.31 	24.5 	33.1 	8.240432E+0	1.102390E-6 	9.051023E+6	1.137248E+3	-1.610630E+0	1.539480E-4	8.799077E+0	8.785122E+0
20.0    	120     	8.194331E+0	7.230051E-4	-3.72E-1   	20.00     	2455.89 	24.5 	33.1 	8.197111E+0	4.793484E-7 	9.095797E+6	7.344613E+2	-1.610850E+0	1.252996E-4	8.755841E+0	8.741801E+0
20.0    	121     	8.311371E+0	1.518370E-3	-3.76E-1   	20.00     	2458.46 	24.5 	33.1 	8.314424E+0	2.204681E-6 	8.975583E+6	1.520044E+3	-1.610197E+0	6.658328E-5	8.872881E+0	8.859114E+0
20.0    	122     	8.287091E+0	9.007319E-4	-3.69E-1   	20.00     	2461.03 	24.5 	33.1 	8.290126E+0	8.515151E-7 	9.000240E+6	9.279547E+2	-1.610277E+0	6.110101E-5	8.848601E+0	8.834816E+0
20.0    	123     	8.420384E+0	1.796130E-3	-3.72E-1   	20.00     	2463.59 	24.5 	33.1 	8.423693E+0	2.915811E-6 	8.866437E+6	1.730385E+3	-1.609590E+0	1.307670E-4	8.981894E+0	8.968383E+0
20.0    	124     	8.337454E+0	9.246975E-4	-3.72E-1   	20.00     	2466.17 	24.5 	33.1 	8.340683E+0	8.111947E-7 	8.949167E+6	9.178417E+2	-1.609887E+0	1.078579E-4	8.898964E+0	8.885373E+0
20.0    	125     	8.163295E+0	1.638973E-3	-3.74E-1   	20.00     	2468.74 	24.5 	33.1 	8.165812E+0	2.768583E-6 	9.128317E+6	1.727320E+3	-1.611297E+0	2.150194E-4	8.724805E+0	8.710502E+0
20.0    	126     	8.166715E+0	1.032125E-3	-3.75E-1   	20.00     	2471.31 	24.5 	33.1 	8.169341E+0	1.302349E-6 	9.124680E+6	1.136178E+3	-1.611133E+0	1.942507E-4	8.728225E+0	8.714031E+0
20.0    	127     	8.185141E+0	2.722249E-3	-3.71E-1   	20.00     	2473.89 	24.5 	33.1 	8.187796E+0	7.357734E-6 	9.105427E+6	2.830942E+3	-1.611050E+0	1.708801E-4	8.746651E+0	8.732486E+0
20.0    	128     	8.470629E+0	3.206407E-3	-3.69E-1   	20.00     	2476.46 	24.5 	33.1 	8.474007E+0	1.087938E-5 	8.817043E+6	3.177693E+3	-1.609383E+0	1.457166E-4	9.032139E+0	9.018697E+0
20.0    	129     	8.448111E+0	1.755130E-3	-3.74E-1   	20.00     	2479.03 	24.5 	33.1 	8.451650E+0	2.941438E-6 	8.839017E+6	1.701245E+3	-1.609200E+0	2.563201E-4	9.009621E+0	8.996340E+0
20.0    	130     	8.193497E+0	1.376159E-3	-3.69E-1   	20.00     	2481.60 	24.5 	33.1 	8.196330E+0	1.645548E-6 	9.096637E+6	1.382257E+3	-1.610777E+0	1.401190E-4	8.755007E+0	8.741020E+0
20.0    	131     	8.154235E+0	1.221594E-3	-3.73E-1   	20.00     	2484.17 	24.5 	33.1 	8.157138E+0	1.648976E-6 	9.137610E+6	1.314648E+3	-1.610767E+0	9.609024E-5	8.715745E+0	8.701828E+0
20.0    	132     	8.227498E+0	2.461918E-3	-3.74E-1   	20.00     	2486.75 	24.5 	33.1 	8.230275E+0	6.252278E-6 	9.061447E+6	2.560104E+3	-1.610780E+0	7.937254E-5	8.789008E+0	8.774965E+0
20.0    	133     	8.197649E+0	1.382142E-3	-3.71E-1   	20.00     	2489.32 	24.5 	33.1 	8.200580E+0	1.835773E-6 	9.092270E+6	1.421689E+3	-1.610627E+0	4.041452E-5	8.759159E+0	8.745270E+0
20.0    	134     	8.299970E+0	2.475155E-3	-3.74E-1   	20.00     	2491.91 	24.5 	33.1 	8.302977E+0	6.366869E-6 	8.987163E+6	2.535376E+3	-1.610287E+0	2.023199E-4	8.861480E+0	8.847667E+0
20.0    	135     	8.273888E+0	1.749631E-3	-3.72E-1   	20.00     	2494.48 	24.5 	33.1 	8.276825E+0	2.745805E-6 	9.013750E+6	1.738649E+3	-1.610447E+0	1.517674E-4	8.835398E+0	8.821515E+0
20.0    	136     	8.052316E+0	1.147119E-3	-3.74E-1   	20.00     	2497.04 	24.5 	33.1 	8.054991E+0	1.335389E-6 	9.245937E+6	1.236622E+3	-1.611330E+0	6.082763E-5	8.613826E+0	8.599681E+0
20.0    	137     	8.049264E+0	8.906045E-4	-3.71E-1   	20.00     	2499.61 	24.5 	33.1 	8.051963E+0	7.229549E-7 	9.249203E+6	9.348975E+2	-1.611303E+0	1.159023E-4	8.610774E+0	8.596653E+0
20.0    	138     	8.309082E+0	1.558765E-3	-3.73E-1   	20.00     	2502.17 	24.5 	33.1 	8.312064E+0	1.956158E-6 	8.977937E+6	1.497476E+3	-1.610303E+0	2.289833E-4	8.870592E+0	8.856754E+0
20.0    	139     	8.399166E+0	7.085863E-4	-3.74E-1   	20.00     	2504.74 	24.5 	33.1 	8.402328E+0	3.456267E-7 	8.887520E+6	6.425730E+2	-1.609847E+0	1.942507E-4	8.960676E+0	8.947018E+0
20.0    	140     	8.319292E+0	1.022030E-3	-3.73E-1   	20.00     	2507.32 	24.5 	33.1 	8.322499E+0	8.709658E-7 	8.967493E+6	9.876403E+2	-1.609957E+0	1.422439E-4	8.880802E+0	8.867189E+0
20.0    	141     	8.145704E+0	6.807623E-4	-3.73E-1   	20.00     	2509.90 	24.5 	33.1 	8.148271E+0	3.367787E-7 	9.146747E+6	6.627468E+2	-1.611267E+0	1.457166E-4	8.707214E+0	8.692961E+0
20.0    	142     	8.151579E+0	4.421278E-4	-3.69E-1   	20.00     	2512.47 	24.5 	33.1 	8.154592E+0	8.964931E-8 	9.140340E+6	3.803945E+2	-1.610613E+0	3.055050E-4	8.713089E+0	8.699282E+0
20.0    	143     	8.183761E+0	1.561096E-3	-3.75E-1   	20.00     	2515.04 	24.5 	33.1 	8.186361E+0	2.794327E-6 	9.106893E+6	1.684646E+3	-1.611130E+0	1.652271E-4	8.745271E+0	8.731051E+0
20.0    	144     	8.458274E+0	2.102438E-3	-3.75E-1   	20.00     	2517.60 	24.5 	33.1 	8.461970E+0	4.669231E-6 	8.828973E+6	2.086440E+3	-1.608950E+0	2.424871E-4	9.019784E+0	9.006660E+0
20.0    	145     	8.447771E+0	7.077476E-4	-3.68E-1   	20.00     	2520.18 	24.5 	33.1 	8.451324E+0	4.442884E-7 	8.839343E+6	6.735231E+2	-1.609180E+0	1.307670E-4	9.009281E+0	8.996014E+0
20.0    	146     	8.182865E+0	1.651895E-3	-3.72E-1   	20.00     	2522.75 	24.5 	33.1 	8.185300E+0	2.506733E-6 	9.107913E+6	1.686337E+3	-1.611367E+0	9.712535E-5	8.744375E+0	8.729990E+0
20.0    	147     	8.149273E+0	1.631343E-3	-3.76E-1   	20.00     	2525.33 	24.5 	33.1 	8.151725E+0	2.920117E-6 	9.143057E+6	1.754261E+3	-1.611420E+0	1.135782E-4	8.710783E+0	8.696415E+0
20.0    	148     	8.498865E+0	1.214886E-3	-3.72E-1   	20.00     	2527.90 	24.5 	33.1 	8.502486E+0	1.333821E-6 	8.789427E+6	1.150058E+3	-1.608973E+0	1.078579E-4	9.060375E+0	9.047176E+0
20.0    	149     	8.182916E+0	2.446237E-3	-3.72E-1   	20.00     	2530.48 	24.5 	33.1 	8.185537E+0	5.593840E-6 	9.107763E+6	2.506398E+3	-1.611103E+0	2.272297E-4	8.744426E+0	8.730227E+0
20.0    	150     	8.286763E+0	2.572713E-3	-3.70E-1   	20.00     	2533.05 	24.5 	33.1 	8.289747E+0	6.429654E-6 	9.000600E+6	2.598904E+3	-1.610350E+0	2.605763E-4	8.848273E+0	8.834437E+0
20.0    	151     	8.349106E+0	1.270524E-3	-3.75E-1   	20.00     	2535.62 	24.5 	33.1 	8.352206E+0	1.633785E-6 	8.937520E+6	1.278554E+3	-1.610047E+0	1.184624E-4	8.910616E+0	8.896896E+0
20.0    	152     	8.263171E+0	6.304229E-4	-3.73E-1   	20.00     	2538.19 	24.5 	33.1 	8.266117E+0	3.346043E-7 	9.024700E+6	6.179806E+2	-1.610457E+0	1.059874E-4	8.824681E+0	8.810807E+0
20.0    	153     	8.253351E+0	1.803284E-3	-3.70E-1   	20.00     	2540.77 	24.5 	33.1 	8.256198E+0	3.046062E-6 	9.034813E+6	1.816214E+3	-1.610620E+0	3.371943E-4	8.814861E+0	8.800888E+0
20.0    	154     	8.326886E+0	1.443850E-3	-3.69E-1   	20.00     	2543.36 	24.5 	33.1 	8.329926E+0	1.651626E-6 	8.959910E+6	1.376554E+3	-1.610180E+0	2.260531E-4	8.888396E+0	8.874616E+0
20.0    	155     	8.403464E+0	2.339673E-3	-3.69E-1   	20.00     	2545.93 	24.5 	33.1 	8.406699E+0	5.554010E-6 	8.883220E+6	2.328583E+3	-1.609733E+0	6.027714E-5	8.964974E+0	8.951389E+0
20.0    	156     	8.214243E+0	8.634946E-4	-3.75E-1   	20.00     	2548.49 	24.5 	33.1 	8.217027E+0	7.125570E-7 	9.075140E+6	8.835723E+2	-1.610800E+0	3.000000E-5	8.775753E+0	8.761717E+0
20.0    	157     	8.158368E+0	5.819121E-3	-3.76E-1   	20.00     	2551.07 	24.5 	33.1 	8.161871E+0	2.527885E-5 	9.132963E+6	5.686126E+3	-1.609873E+0	1.161737E-3	8.719878E+0	8.706561E+0
20.0    	158     	8.134390E+0	1.850231E-3	-3.70E-1   	20.00     	2553.64 	24.5 	33.0 	8.136984E+0	3.018148E-6 	9.158643E+6	1.890432E+3	-1.611253E+0	1.628906E-4	8.695900E+0	8.681674E+0
20.0    	159     	8.195472E+0	2.467890E-3	-3.69E-1   	20.00     	2556.21 	24.5 	33.1 	8.198119E+0	5.667628E-6 	9.094680E+6	2.520179E+3	-1.611037E+0	1.184624E-4	8.756982E+0	8.742809E+0
20.0    	160     	8.458842E+0	9.037108E-4	-3.72E-1   	20.00     	2558.79 	24.5 	33.1 	8.462150E+0	8.347200E-7 	8.828607E+6	8.891756E+2	-1.609510E+0	1.113553E-4	9.020352E+0	9.006840E+0
20.0    	161     	8.438011E+0	6.961237E-4	-3.75E-1   	20.00     	2561.36 	24.5 	33.1 	8.441707E+0	5.618371E-7 	8.848867E+6	7.112196E+2	-1.608993E+0	8.144528E-5	8.999521E+0	8.986397E+0
20.0    	162     	8.201985E+0	3.882699E-5	-3.68E-1   	20.00     	2563.94 	24.5 	33.1 	8.204591E+0	3.279032E-8 	9.087937E+6	9.865766E+1	-1.611080E+0	2.553429E-4	8.763495E+0	8.749281E+0
20.0    	163     	8.454361E+0	1.332708E-3	-3.72E-1   	20.00     	2566.52 	24.5 	33.1 	8.457631E+0	1.660312E-6 	8.833017E+6	1.284303E+3	-1.609573E+0	1.429452E-4	9.015871E+0	9.002321E+0
20.0    	164     	7.387141E-1	9.500304E-4	-3.73E-1   	20.00     	2569.08 	24.5 	33.1 	6.095903E-1	5.177483E-7 	6.495693E+7	4.381488E+4	-1.912433E+0	2.250185E-4	1.300224E+0	1.154280E+0
20.0    	165     	8.447577E+0	9.463089E-4	-3.76E-1   	20.00     	2571.66 	24.5 	33.1 	8.450860E+0	8.975117E-7 	8.839667E+6	9.278110E+2	-1.609570E+0	1.734935E-4	9.009087E+0	8.995550E+0
20.0    	166     	8.208578E+0	3.654430E-4	-3.70E-1   	20.00     	2574.26 	24.5 	33.1 	8.211394E+0	1.927847E-7 	9.080990E+6	4.160529E+2	-1.610767E+0	1.285820E-4	8.770088E+0	8.756084E+0
20.0    	167     	8.267700E+0	1.106985E-3	-3.73E-1   	20.00     	2576.82 	24.5 	33.1 	8.270556E+0	1.146712E-6 	9.020113E+6	1.113388E+3	-1.610577E+0	4.932883E-5	8.829210E+0	8.815246E+0
20.0    	168     	8.396513E+0	3.978335E-4	-3.68E-1   	20.00     	2579.38 	24.5 	33.1 	8.399643E+0	1.047163E-7 	8.890170E+6	3.579106E+2	-1.609900E+0	1.135782E-4	8.958023E+0	8.944333E+0
20.0    	169     	8.423381E+0	1.756363E-3	-3.72E-1   	20.00     	2581.95 	24.5 	33.0 	8.426644E+0	2.653324E-6 	8.863500E+6	1.670898E+3	-1.609650E+0	1.802776E-4	8.984891E+0	8.971334E+0
20.0    	170     	8.353121E+0	1.335239E-3	-3.73E-1   	20.00     	2584.52 	24.5 	33.1 	8.356277E+0	1.647518E-6 	8.933463E+6	1.313024E+3	-1.609957E+0	7.371115E-5	8.914631E+0	8.900967E+0
20.0    	171     	8.254438E+0	6.468409E-4	-3.72E-1   	20.00     	2587.11 	24.5 	33.1 	8.257340E+0	5.109290E-7 	9.033670E+6	6.973521E+2	-1.610540E+0	1.389244E-4	8.815948E+0	8.802030E+0
20.0    	172     	8.131294E+0	5.864441E-4	-3.71E-1   	20.00     	2589.68 	24.5 	33.1 	8.133852E+0	3.665022E-7 	9.161927E+6	6.266046E+2	-1.611313E+0	1.386843E-4	8.692804E+0	8.678542E+0
20.0    	173     	8.175040E+0	7.849478E-4	-3.69E-1   	20.00     	2592.30 	24.5 	33.1 	8.177566E+0	5.442657E-7 	9.116030E+6	7.950472E+2	-1.611257E+0	6.506407E-5	8.736550E+0	8.722256E+0
20.0    	174     	8.115080E+0	8.379690E-4	-3.72E-1   	20.00     	2594.81 	24.5 	33.1 	8.117811E+0	7.131240E-7 	9.178970E+6	8.901124E+2	-1.611103E+0	8.326664E-5	8.676590E+0	8.662501E+0
20.0    	175     	8.194033E+0	2.179934E-4	-3.70E-1   	20.00     	2597.38 	24.5 	33.1 	8.196749E+0	1.184948E-7 	9.096140E+6	2.920616E+2	-1.610943E+0	1.833939E-4	8.755543E+0	8.741439E+0
20.0    	176     	8.453288E+0	1.679757E-3	-3.71E-1   	20.00     	2599.95 	24.5 	33.1 	8.456759E+0	3.375218E-6 	8.833970E+6	1.724616E+3	-1.609287E+0	2.371357E-4	9.014798E+0	9.001449E+0
20.0    	177     	8.423224E+0	1.827779E-3	-3.76E-1   	20.00     	2602.53 	24.5 	33.1 	8.426834E+0	3.160091E-6 	8.863483E+6	1.779672E+3	-1.609150E+0	8.660254E-5	8.984734E+0	8.971524E+0
20.0    	178     	8.227821E+0	7.039087E-4	-3.69E-1   	20.00     	2605.10 	24.5 	33.1 	8.230681E+0	5.776619E-7 	9.061070E+6	7.542546E+2	-1.610660E+0	1.322876E-4	8.789331E+0	8.775371E+0
20.0    	179     	8.186343E+0	1.492109E-3	-3.73E-1   	20.00     	2607.67 	24.5 	33.1 	8.188994E+0	2.114948E-6 	9.104177E+6	1.534481E+3	-1.611053E+0	5.033223E-5	8.747853E+0	8.733684E+0
20.0    	180     	8.420719E+0	6.480284E-4	-3.76E-1   	20.00     	2610.24 	24.5 	33.1 	8.424579E+0	3.706698E-7 	8.865833E+6	6.206717E+2	-1.608790E+0	6.082763E-5	8.982229E+0	8.969269E+0
20.0    	181     	8.198082E+0	1.812271E-3	-3.71E-1   	20.00     	2612.83 	24.5 	33.1 	8.200840E+0	2.768305E-6 	9.091910E+6	1.805519E+3	-1.610873E+0	2.107922E-4	8.759592E+0	8.745530E+0
20.0    	182     	8.126639E+0	1.276684E-3	-3.74E-1   	20.00     	2615.40 	24.5 	33.1 	8.129297E+0	1.737666E-6 	9.166787E+6	1.369319E+3	-1.611180E+0	1.410674E-4	8.688149E+0	8.673987E+0
20.0    	183     	8.165521E+0	5.905818E-4	-3.73E-1   	20.00     	2617.98 	24.5 	33.1 	8.168285E+0	2.994600E-7 	9.125857E+6	5.953430E+2	-1.610940E+0	6.082763E-5	8.727031E+0	8.712975E+0
20.0    	184     	8.144601E+0	1.776655E-3	-3.70E-1   	20.00     	2620.55 	24.5 	33.1 	8.147188E+0	3.129368E-6 	9.147897E+6	1.864332E+3	-1.611240E+0	2.645751E-5	8.706111E+0	8.691878E+0
20.0    	185     	8.164853E+0	8.246676E-4	-3.74E-1   	20.00     	2623.12 	24.5 	33.1 	8.167947E+0	7.674984E-7 	9.126383E+6	8.894005E+2	-1.610467E+0	1.193035E-4	8.726363E+0	8.712637E+0
20.0    	186     	8.196541E+0	1.291633E-3	-3.72E-1   	20.00     	2625.68 	24.5 	33.1 	8.199500E+0	1.534751E-6 	9.093407E+6	1.314737E+3	-1.610590E+0	7.549834E-5	8.758051E+0	8.744190E+0
20.0    	187     	8.147714E+0	2.016297E-3	-3.69E-1   	20.00     	2628.26 	24.5 	33.1 	8.150518E+0	4.239937E-6 	9.144510E+6	2.141121E+3	-1.610923E+0	7.234178E-5	8.709224E+0	8.695208E+0
20.0    	188     	8.176395E+0	9.406630E-4	-3.71E-1   	20.00     	2630.82 	24.5 	33.1 	8.179155E+0	9.280728E-7 	9.114493E+6	9.911778E+2	-1.610920E+0	1.997498E-4	8.737905E+0	8.723845E+0
20.0    	189     	8.086065E+0	1.128011E-3	-3.71E-1   	20.00     	2633.39 	24.5 	33.1 	8.088640E+0	1.603897E-6 	9.209877E+6	1.276179E+3	-1.611393E+0	2.000833E-4	8.647575E+0	8.633330E+0
20.0    	190     	8.157669E+0	4.633993E-4	-3.74E-1   	20.00     	2635.96 	24.5 	33.1 	8.160474E+0	1.341882E-7 	9.134060E+6	4.330127E+2	-1.610900E+0	1.769181E-4	8.719179E+0	8.705164E+0
20.0    	191     	8.221016E+0	1.611886E-3	-3.69E-1   	20.00     	2638.53 	24.5 	33.1 	8.223695E+0	2.649487E-6 	9.068190E+6	1.673649E+3	-1.610933E+0	9.865766E-5	8.782526E+0	8.768385E+0
20.0    	192     	8.453014E+0	1.110505E-3	-3.71E-1   	20.00     	2641.10 	24.5 	33.1 	8.456381E+0	1.387225E-6 	8.834290E+6	1.122141E+3	-1.609437E+0	1.006645E-4	9.014524E+0	9.001071E+0
20.0    	193     	8.399599E+0	9.124126E-4	-3.72E-1   	20.00     	2643.67 	24.5 	33.1 	8.403171E+0	8.464752E-7 	8.886887E+6	9.089738E+2	-1.609257E+0	7.094599E-5	8.961109E+0	8.947861E+0
20.0    	194     	8.204906E+0	1.683772E-3	-3.75E-1   	20.00     	2646.24 	24.5 	33.1 	8.207916E+0	2.955549E-6 	9.084697E+6	1.763812E+3	-1.610497E+0	1.553491E-4	8.766416E+0	8.752606E+0
20.0    	195     	8.185844E+0	1.467646E-3	-3.74E-1   	20.00     	2648.87 	24.5 	33.1 	8.188622E+0	2.132120E-6 	9.104630E+6	1.524500E+3	-1.610873E+0	8.020806E-5	8.747354E+0	8.733312E+0
20.0    	196     	8.170315E+0	1.544472E-3	-3.70E-1   	20.00     	2651.40 	24.5 	33.0 	8.173008E+0	2.418683E-6 	9.120880E+6	1.619846E+3	-1.611030E+0	7.211103E-5	8.731825E+0	8.717698E+0
20.0    	197     	8.109311E+0	7.472657E-4	-3.71E-1   	20.00     	2653.96 	24.5 	33.0 	8.111857E+0	7.868787E-7 	9.185180E+6	8.662563E+2	-1.611380E+0	2.066398E-4	8.670821E+0	8.656547E+0
20.0    	198     	8.202792E+0	1.242613E-3	-3.72E-1   	20.00     	2656.53 	24.5 	33.1 	8.205601E+0	1.469860E-6 	9.086993E+6	1.273434E+3	-1.610790E+0	6.928203E-5	8.764302E+0	8.750291E+0
20.0    	199     	8.181837E+0	4.907459E-4	-3.71E-1   	20.00     	2659.11 	24.5 	33.1 	8.184505E+0	3.571478E-7 	9.108863E+6	5.672154E+2	-1.611040E+0	1.587451E-4	8.743347E+0	8.729195E+0
20.0    	200     	8.140915E+0	3.898800E-4	-3.73E-1   	20.00     	2661.69 	24.5 	33.0 	8.143991E+0	1.840713E-7 	9.151517E+6	4.306197E+2	-1.610547E+0	7.371115E-5	8.702425E+0	8.688681E+0
20.0    	201     	8.131698E+0	5.409586E-3	-3.74E-1   	20.00     	2664.31 	24.5 	33.0 	8.134381E+0	2.420233E-5 	9.161437E+6	5.444900E+3	-1.611130E+0	6.986415E-4	8.693208E+0	8.679071E+0
20.0    	202     	8.188415E+0	1.204209E-3	-3.71E-1   	20.00     	2667.20 	24.5 	33.0 	8.191275E+0	1.472472E-6 	9.101910E+6	1.258213E+3	-1.610750E+0	6.557439E-5	8.749925E+0	8.735965E+0
20.0    	203     	8.202600E+0	2.514171E-3	-3.74E-1   	20.00     	2669.72 	24.5 	33.1 	8.205646E+0	6.489674E-6 	9.087070E+6	2.626157E+3	-1.610450E+0	7.000000E-5	8.764110E+0	8.750336E+0
20.0    	204     	8.093701E+0	9.836195E-4	-3.74E-1   	20.00     	2672.33 	24.5 	33.1 	8.096322E+0	9.633830E-7 	9.201720E+6	1.045323E+3	-1.611310E+0	5.567764E-5	8.655211E+0	8.641012E+0
20.0    	205     	8.151584E+0	1.918340E-3	-3.72E-1   	20.00     	2674.94 	24.5 	33.0 	8.154321E+0	3.870113E-6 	9.140480E+6	2.039142E+3	-1.611010E+0	1.609348E-4	8.713094E+0	8.699011E+0
20.0    	206     	8.192400E+0	1.480570E-3	-3.69E-1   	20.00     	2677.52 	24.5 	33.1 	8.195433E+0	1.994104E-6 	9.097673E+6	1.504405E+3	-1.610493E+0	9.609024E-5	8.753910E+0	8.740123E+0
20.0    	207     	8.233803E+0	4.577448E-4	-3.71E-1   	20.00     	2680.10 	24.5 	33.1 	8.236835E+0	1.159366E-7 	9.054813E+6	4.110150E+2	-1.610400E+0	1.705872E-4	8.795313E+0	8.781525E+0
20.0    	208     	8.420953E+0	9.758919E-4	-3.70E-1   	20.00     	2682.68 	24.5 	33.1 	8.424500E+0	9.393089E-7 	8.865757E+6	9.603298E+2	-1.609247E+0	7.371115E-5	8.982463E+0	8.969190E+0
20.0    	209     	8.434708E+0	8.606036E-4	-3.73E-1   	20.00     	2685.24 	24.5 	33.1 	8.438406E+0	9.656493E-7 	8.852117E+6	9.050046E+2	-1.608997E+0	2.706166E-4	8.996218E+0	8.983096E+0
20.0    	210     	8.190464E+0	2.012793E-3	-3.71E-1   	20.00     	2687.81 	24.5 	33.0 	8.193383E+0	4.351289E-6 	9.099747E+6	2.132542E+3	-1.610660E+0	1.228821E-4	8.751974E+0	8.738073E+0
20.0    	211     	8.214189E+0	2.340144E-3	-3.72E-1   	20.00     	2690.39 	24.5 	33.1 	8.216825E+0	4.966369E-6 	9.075273E+6	2.363902E+3	-1.611010E+0	1.734935E-4	8.775699E+0	8.761515E+0
20.0    	212     	8.175087E+0	1.051156E-3	-3.73E-1   	20.00     	2692.96 	24.5 	33.1 	8.178176E+0	9.730641E-7 	9.115687E+6	1.060393E+3	-1.610450E+0	2.511971E-4	8.736597E+0	8.722866E+0
20.0    	213     	8.176186E+0	1.255018E-4	-3.74E-1   	20.00     	2695.54 	24.5 	33.1 	8.179005E+0	8.209984E-9 	9.114680E+6	1.126943E+2	-1.610837E+0	5.131601E-5	8.737696E+0	8.723695E+0
20.0    	214     	8.149212E+0	1.346514E-3	-3.75E-1   	20.00     	2698.11 	24.5 	33.0 	8.151805E+0	1.789453E-6 	9.143047E+6	1.409976E+3	-1.611220E+0	1.000000E-5	8.710722E+0	8.696495E+0
20.0    	215     	8.129213E+0	1.540653E-3	-3.69E-1   	20.00     	2700.68 	24.5 	33.1 	8.131744E+0	2.317173E-6 	9.164137E+6	1.615931E+3	-1.611357E+0	7.767453E-5	8.690723E+0	8.676434E+0
20.0    	216     	8.180184E+0	1.043692E-3	-3.71E-1   	20.00     	2703.26 	24.5 	33.1 	8.183083E+0	1.242634E-6 	9.110467E+6	1.125626E+3	-1.610713E+0	1.069268E-4	8.741694E+0	8.727773E+0
20.0    	217     	8.178683E+0	2.620095E-3	-3.70E-1   	20.00     	2705.83 	24.5 	33.0 	8.181600E+0	6.423624E-6 	9.112023E+6	2.689430E+3	-1.610690E+0	1.178983E-4	8.740193E+0	8.726290E+0
20.0    	218     	8.128124E+0	5.637508E-4	-3.70E-1   	20.00     	2708.41 	24.5 	33.1 	8.130723E+0	4.164895E-7 	9.165250E+6	6.337981E+2	-1.611260E+0	2.343075E-4	8.689634E+0	8.675413E+0
20.0    	219     	8.125065E+0	1.204533E-3	-3.74E-1   	20.00     	2710.98 	24.5 	33.1 	8.127665E+0	1.467403E-6 	9.168480E+6	1.275735E+3	-1.611267E+0	7.371115E-5	8.686575E+0	8.672355E+0
20.0    	220     	8.168342E+0	1.260958E-3	-3.72E-1   	20.00     	2713.56 	24.5 	33.1 	8.171155E+0	1.416404E-6 	9.122880E+6	1.280586E+3	-1.610863E+0	1.747379E-4	8.729852E+0	8.715845E+0
20.0    	221     	8.184255E+0	1.619365E-3	-3.70E-1   	20.00     	2716.14 	24.5 	33.0 	8.187127E+0	2.403409E-6 	9.106237E+6	1.651494E+3	-1.610743E+0	9.865766E-5	8.745765E+0	8.731817E+0
20.0    	222     	8.220271E+0	6.268278E-4	-3.70E-1   	20.00     	2718.70 	24.5 	33.1 	8.223414E+0	4.229455E-7 	9.068720E+6	6.559726E+2	-1.610270E+0	2.051828E-4	8.781781E+0	8.768104E+0
20.0    	223     	8.198071E+0	1.870210E-3	-3.72E-1   	20.00     	2721.30 	24.5 	33.1 	8.200935E+0	3.541819E-6 	9.091867E+6	1.948777E+3	-1.610723E+0	7.505553E-5	8.759581E+0	8.745625E+0
20.0    	224     	8.420785E+0	1.160793E-3	-3.74E-1   	20.00     	2723.87 	24.5 	33.1 	8.423966E+0	1.134422E-6 	8.866103E+6	1.098059E+3	-1.609773E+0	2.055075E-4	8.982295E+0	8.968656E+0
20.0    	225     	8.458354E+0	9.662525E-4	-3.69E-1   	20.00     	2726.43 	24.5 	33.0 	8.462529E+0	7.499315E-7 	8.828660E+6	8.960469E+2	-1.608247E+0	2.052641E-4	9.019864E+0	9.007219E+0
20.0    	226     	8.207976E+0	2.009844E-3	-3.70E-1   	20.00     	2729.00 	24.5 	33.0 	8.210685E+0	4.352751E-6 	9.081670E+6	2.122334E+3	-1.610920E+0	1.311488E-4	8.769486E+0	8.755375E+0
20.0    	227     	8.188838E+0	1.344555E-3	-3.70E-1   	20.00     	2731.57 	24.5 	33.1 	8.191499E+0	1.691823E-6 	9.101573E+6	1.376675E+3	-1.611033E+0	7.234178E-5	8.750348E+0	8.736189E+0
20.0    	228     	8.219805E+0	1.463329E-3	-3.72E-1   	20.00     	2734.14 	24.5 	33.1 	8.223035E+0	2.289353E-6 	9.069157E+6	1.537932E+3	-1.610147E+0	1.193035E-4	8.781315E+0	8.767725E+0
20.0    	229     	8.209839E+0	3.547265E-4	-3.74E-1   	20.00     	2736.71 	24.5 	33.1 	8.212578E+0	1.525245E-7 	9.079723E+6	3.847510E+2	-1.610873E+0	1.011599E-4	8.771349E+0	8.757268E+0
20.0    	230     	8.170787E+0	6.304784E-4	-3.73E-1   	20.00     	2739.28 	24.5 	33.1 	8.173575E+0	4.817563E-7 	9.120337E+6	6.921223E+2	-1.610893E+0	1.026320E-4	8.732297E+0	8.718265E+0
20.0    	231     	8.193229E+0	5.675932E-4	-3.71E-1   	20.00     	2741.86 	24.5 	33.1 	8.196084E+0	2.444250E-7 	9.096903E+6	5.518454E+2	-1.610747E+0	1.159023E-4	8.754739E+0	8.740774E+0
20.0    	232     	8.195808E+0	3.717250E-4	-3.70E-1   	20.00     	2744.44 	24.5 	33.1 	8.198783E+0	1.478888E-7 	9.094160E+6	3.903844E+2	-1.610567E+0	1.266228E-4	8.757318E+0	8.743473E+0
20.0    	233     	8.182923E+0	6.487657E-4	-3.72E-1   	20.00     	2747.01 	24.5 	33.1 	8.185880E+0	4.004059E-7 	9.107580E+6	6.677574E+2	-1.610623E+0	4.509250E-5	8.744433E+0	8.730570E+0
20.0    	234     	8.183482E+0	1.333632E-3	-3.73E-1   	20.00     	2749.57 	24.5 	33.1 	8.186249E+0	1.306185E-6 	9.107097E+6	1.288268E+3	-1.610893E+0	3.370954E-4	8.744992E+0	8.730939E+0
20.0    	235     	8.171429E+0	1.230349E-3	-3.74E-1   	20.00     	2752.15 	24.5 	33.1 	8.174221E+0	1.493470E-6 	9.119663E+6	1.281458E+3	-1.610887E+0	5.507571E-5	8.732939E+0	8.718911E+0
20.0    	236     	8.207577E+0	3.800748E-4	-3.70E-1   	20.00     	2754.72 	24.5 	33.1 	8.210511E+0	1.776561E-7 	9.081967E+6	4.150100E+2	-1.610600E+0	7.937254E-5	8.769087E+0	8.755201E+0
20.0    	237     	8.227525E+0	1.227945E-3	-3.74E-1   	20.00     	2757.29 	24.5 	33.1 	8.230518E+0	1.679456E-6 	9.061307E+6	1.302165E+3	-1.610470E+0	1.014889E-4	8.789035E+0	8.775208E+0
20.0    	238     	8.194856E+0	6.268273E-4	-3.71E-1   	20.00     	2759.86 	24.5 	33.1 	8.197542E+0	4.655521E-7 	9.095300E+6	6.791171E+2	-1.610983E+0	1.436431E-4	8.756366E+0	8.742232E+0
20.0    	239     	8.187252E+0	2.482859E-3	-3.74E-1   	20.00     	2762.44 	24.5 	33.1 	8.190018E+0	6.336399E-6 	9.103170E+6	2.602633E+3	-1.610887E+0	1.386843E-4	8.748762E+0	8.734708E+0
20.0    	240     	8.443745E+0	1.561472E-3	-3.70E-1   	20.00     	2765.02 	24.5 	33.1 	8.447193E+0	2.428594E-6 	8.843350E+6	1.533069E+3	-1.609340E+0	4.582576E-5	9.005255E+0	8.991883E+0
20.0    	241     	8.679180E+0	5.551900E-4	-3.75E-1   	20.00     	2767.59 	24.5 	33.1 	8.683581E+0	3.068355E-7 	8.617430E+6	5.141984E+2	-1.607463E+0	1.844813E-4	9.240690E+0	9.228271E+0
20.0    	242     	8.498193E+0	2.973772E-3	-3.68E-1   	20.00     	2770.15 	24.5 	33.1 	8.502053E+0	9.144390E-6 	8.789963E+6	2.912221E+3	-1.608627E+0	8.326664E-5	9.059703E+0	9.046743E+0
20.0    	243     	8.427059E+0	1.146751E-3	-3.74E-1   	20.00     	2772.72 	24.5 	33.1 	8.430707E+0	1.466371E-6 	8.859680E+6	1.162583E+3	-1.609087E+0	1.101514E-4	8.988569E+0	8.975397E+0
20.0    	244     	8.412824E+0	3.659716E-4	-3.69E-1   	20.00     	2775.31 	24.5 	33.1 	8.416458E+0	1.237520E-7 	8.873750E+6	3.551056E+2	-1.609137E+0	2.081666E-5	8.974334E+0	8.961148E+0
20.0    	245     	8.440868E+0	1.106212E-3	-3.76E-1   	20.00     	2777.87 	24.5 	33.1 	8.444935E+0	1.309359E-6 	8.845873E+6	1.106541E+3	-1.608443E+0	6.110101E-5	9.002378E+0	8.989625E+0
20.0    	246     	8.452756E+0	9.385795E-4	-3.70E-1   	20.00     	2780.44 	24.5 	33.1 	8.456421E+0	1.069240E-6 	8.834397E+6	9.641749E+2	-1.609007E+0	2.742870E-4	9.014266E+0	9.001111E+0
20.0    	247     	8.459418E+0	6.508767E-4	-3.72E-1   	20.00     	2783.01 	24.5 	33.1 	8.463140E+0	3.297925E-7 	8.827840E+6	5.992495E+2	-1.608910E+0	1.374773E-4	9.020928E+0	9.007830E+0
20.0    	248     	8.453385E+0	1.994407E-3	-3.69E-1   	20.00     	2785.58 	24.5 	33.1 	8.457077E+0	4.610752E-6 	8.833767E+6	2.030624E+3	-1.608967E+0	2.289833E-4	9.014895E+0	9.001767E+0
20.0    	249     	8.444255E+0	3.791335E-4	-3.71E-1   	20.00     	2788.15 	24.5 	33.1 	8.448168E+0	1.553189E-7 	8.842620E+6	3.798684E+2	-1.608663E+0	2.516611E-5	9.005765E+0	8.992858E+0
20.0    	250     	8.459657E+0	8.197256E-4	-3.71E-1   	20.00     	2790.72 	24.5 	33.1 	8.463404E+0	7.597859E-7 	8.827593E+6	8.277882E+2	-1.608873E+0	1.040833E-4	9.021167E+0	9.008094E+0
20.0    	251     	8.474266E+0	9.174641E-4	-3.69E-1   	20.00     	2793.29 	24.5 	33.1 	8.478076E+0	1.002555E-6 	8.813280E+6	9.354678E+2	-1.608750E+0	1.808314E-4	9.035776E+0	9.022766E+0
20.0    	252     	8.438461E+0	1.437938E-3	-3.75E-1   	20.00     	2795.86 	24.5 	33.1 	8.442395E+0	2.337540E-6 	8.848307E+6	1.459532E+3	-1.608643E+0	1.450287E-4	8.999971E+0	8.987085E+0
20.0    	253     	8.394288E+0	4.211801E-4	-3.74E-1   	20.00     	2798.43 	24.5 	33.1 	8.397975E+0	2.286773E-7 	8.892103E+6	4.465796E+2	-1.609100E+0	9.539392E-5	8.955798E+0	8.942665E+0
20.0    	254     	8.410747E+0	1.125292E-3	-3.69E-1   	20.00     	2801.01 	24.5 	33.1 	8.414696E+0	9.191793E-7 	8.875650E+6	1.031310E+3	-1.608680E+0	2.497999E-4	8.972257E+0	8.959386E+0
20.0    	255     	8.466600E+0	1.536927E-3	-3.73E-1   	20.00     	2803.58 	24.5 	33.1 	8.470435E+0	2.476075E-6 	8.820757E+6	1.520175E+3	-1.608730E+0	1.252996E-4	9.028110E+0	9.015125E+0
20.0    	256     	8.711272E+0	1.270434E-3	-3.73E-1   	20.00     	2806.15 	24.5 	33.1 	8.715831E+0	1.711614E-6 	8.587513E+6	1.193496E+3	-1.607167E+0	1.903506E-4	9.272782E+0	9.260521E+0
20.0    	257     	5.692187E+0	1.555101E-3	-3.70E-1   	20.00     	2808.72 	24.5 	33.1 	5.686627E+0	2.965279E-6 	1.274770E+7	3.340659E+3	-1.630653E+0	3.407834E-4	6.253697E+0	6.231317E+0
20.0    	258     	8.142828E+0	5.294379E-4	-3.70E-1   	20.00     	2811.29 	24.5 	33.1 	8.145076E+0	4.243459E-7 	9.149940E+6	6.209670E+2	-1.611723E+0	1.789786E-4	8.704338E+0	8.689766E+0
20.0    	259     	1.129264E+1	2.025292E-3	-3.68E-1   	20.00     	2813.86 	24.5 	33.1 	1.130034E+1	4.330421E-6 	6.715633E+6	1.163457E+3	-1.598540E+0	9.539392E-5	1.185415E+1	1.184503E+1
20.0    	260     	2.371886E+1	8.276511E-4	-3.73E-1   	20.00     	2816.44 	24.5 	33.1 	2.373490E+1	6.469696E-7 	3.277493E+6	1.101514E+2	-1.576477E+0	8.504901E-5	2.428037E+1	2.427959E+1
20.0    	261     	2.822210E+1	1.693574E-3	-3.69E-1   	20.00     	2819.01 	24.5 	33.1 	2.823886E+1	2.861961E-6 	2.764683E+6	1.625833E+2	-1.572253E+0	5.507571E-5	2.878361E+1	2.878355E+1
20.0    	262     	3.431567E+1	1.697607E-3	-3.70E-1   	20.00     	2821.58 	24.5 	33.1 	3.433215E+1	2.912688E-6 	2.281660E+6	1.113553E+2	-1.567657E+0	4.163332E-5	3.487718E+1	3.487684E+1
20.0    	263     	5.028316E+1	3.117241E-4	-3.73E-1   	20.00     	2824.15 	24.5 	33.1 	5.029150E+1	1.142010E-7 	1.565240E+6	1.000000E+1	-1.557883E+0	2.081666E-5	5.084467E+1	5.083619E+1
20.0    	264     	1.101573E+2	1.419499E-3	-3.74E-1   	20.00     	2826.73 	24.5 	33.1 	1.099910E+2	2.298650E-6 	7.193300E+5	9.539392E+0	-1.530127E+0	1.527525E-5	1.107188E+2	1.105357E+2
25.0    	1       	7.896110E+0	1.073396E-3	9.26E+0    	25.00     	2859.21 	24.5 	33.1 	7.898598E+0	1.398283E-6 	9.416950E+6	1.256463E+3	-1.611973E+0	1.850225E-4	8.457620E+0	8.443288E+0
25.0    	2       	8.000039E+0	1.988392E-3	-5.65E-1   	25.00     	2861.59 	24.5 	33.1 	8.003191E+0	3.979207E-6 	9.302180E+6	2.165895E+3	-1.610763E+0	2.081666E-5	8.561549E+0	8.547881E+0
25.0    	3       	7.450219E-1	1.799558E-3	-1.20E-1   	25.00     	2864.18 	24.5 	33.1 	6.111259E-1	1.932316E-6 	6.475693E+7	8.073273E+4	-1.917330E+0	9.563995E-4	1.306532E+0	1.155816E+0
25.0    	4       	7.979676E+0	1.528266E-4	-2.39E-1   	25.00     	2866.74 	24.5 	33.1 	7.983178E+0	1.685245E-8 	9.324183E+6	1.537314E+2	-1.610293E+0	5.131601E-5	8.541186E+0	8.527868E+0
25.0    	5       	7.701258E+0	9.327430E-4	-6.08E-1   	25.00     	2869.32 	24.5 	33.1 	7.702695E+0	1.080203E-6 	9.639827E+6	1.150362E+3	-1.613957E+0	1.950214E-4	8.262768E+0	8.247385E+0
25.0    	6       	7.689720E+0	2.904531E-3	-3.47E-1   	25.00     	2871.89 	24.5 	33.1 	7.692220E+0	8.617173E-6 	9.652697E+6	3.418338E+3	-1.612467E+0	5.507571E-5	8.251230E+0	8.236910E+0
25.0    	7       	7.679808E+0	1.443075E-3	-5.36E-1   	25.00     	2874.47 	24.5 	33.1 	7.682085E+0	2.352854E-6 	9.664447E+6	1.746463E+3	-1.612817E+0	1.761628E-4	8.241318E+0	8.226775E+0
25.0    	8       	7.717565E+0	6.603085E-4	-2.99E-1   	25.00     	2877.04 	24.5 	33.1 	7.720552E+0	3.501797E-7 	9.619920E+6	7.279423E+2	-1.611683E+0	1.011599E-4	8.279075E+0	8.265242E+0
25.0    	9       	7.704504E+0	2.464146E-3	-1.61E-1   	25.00     	2879.61 	24.5 	33.1 	7.707371E+0	7.131700E-6 	9.635203E+6	2.994417E+3	-1.611893E+0	3.350124E-4	8.266014E+0	8.252061E+0
25.0    	10      	7.692461E+0	1.610337E-3	-7.27E-3   	25.00     	2882.18 	24.5 	33.1 	7.695316E+0	2.496802E-6 	9.649280E+6	1.866226E+3	-1.611940E+0	9.848858E-5	8.253971E+0	8.240006E+0
25.0    	11      	7.691281E+0	2.342434E-3	-4.72E-2   	25.00     	2884.75 	24.5 	33.1 	7.692994E+0	5.738405E-6 	9.651330E+6	2.773247E+3	-1.613593E+0	8.386497E-5	8.252791E+0	8.237684E+0
25.0    	12      	7.707289E+0	1.912443E-3	-2.07E-1   	25.00     	2887.33 	24.5 	33.1 	7.709091E+0	4.081158E-6 	9.632577E+6	2.292255E+3	-1.613427E+0	2.159475E-4	8.268799E+0	8.253781E+0
25.0    	13      	7.666593E+0	2.600926E-3	-6.70E-1   	25.00     	2889.91 	24.5 	33.1 	7.668699E+0	5.836180E-6 	9.680083E+6	2.953258E+3	-1.613097E+0	3.073001E-4	8.228103E+0	8.213389E+0
25.0    	14      	7.914641E+0	9.048968E-4	-9.80E-2   	25.00     	2892.48 	24.5 	33.1 	7.917444E+0	8.851543E-7 	9.396170E+6	1.022106E+3	-1.611473E+0	1.700980E-4	8.476151E+0	8.462134E+0
25.0    	15      	9.372269E-1	1.654965E-3	-1.39E-1   	25.00     	2895.05 	24.5 	33.1 	9.357926E-1	2.335212E-6 	5.342273E+7	5.679175E+4	-1.681380E+0	1.048427E-3	1.498737E+0	1.480483E+0
25.0    	16      	8.160737E+0	5.343149E-4	-4.57E-1   	25.00     	2897.62 	24.5 	33.1 	8.164028E+0	2.502338E-7 	9.130590E+6	5.406478E+2	-1.610190E+0	1.135782E-4	8.722247E+0	8.708718E+0
25.0    	17      	7.680342E+0	1.215254E-3	-1.06E-1   	25.00     	2900.20 	24.5 	33.1 	7.681785E+0	1.362346E-6 	9.664310E+6	1.396675E+3	-1.614003E+0	1.594783E-4	8.241852E+0	8.226475E+0
25.0    	18      	7.448444E+0	4.861766E-4	-2.05E-1   	25.00     	2902.78 	24.5 	33.1 	7.449184E+0	2.743726E-7 	9.944810E+6	6.238590E+2	-1.615617E+0	1.625833E-4	8.009954E+0	7.993874E+0
25.0    	19      	7.753640E+0	5.127215E-4	-7.92E-2   	25.00     	2905.34 	24.5 	33.1 	7.756111E+0	2.396141E-7 	9.578447E+6	5.776100E+2	-1.612350E+0	4.358899E-5	8.315150E+0	8.300801E+0
25.0    	20      	7.461499E+0	7.969036E-4	-6.14E-1   	25.00     	2907.93 	24.5 	33.1 	7.462418E+0	5.213140E-7 	9.928500E+6	9.395212E+2	-1.615330E+0	1.479865E-4	8.023009E+0	8.007108E+0
25.0    	21      	7.448870E+0	7.059032E-4	-4.50E-1   	25.00     	2910.50 	24.5 	33.1 	7.449664E+0	5.963795E-7 	9.944247E+6	9.184951E+2	-1.615540E+0	9.539392E-5	8.010380E+0	7.994354E+0
25.0    	22      	7.428339E+0	6.068595E-4	-6.59E-1   	25.00     	2913.06 	24.5 	33.1 	7.429195E+0	3.082693E-7 	9.969787E+6	7.256951E+2	-1.615510E+0	7.211103E-5	7.989849E+0	7.973885E+0
25.0    	23      	7.415977E+0	1.536422E-3	-5.90E-1   	25.00     	2915.65 	24.5 	33.1 	7.417261E+0	2.830329E-6 	9.984983E+6	2.015349E+3	-1.614940E+0	2.605763E-4	7.977487E+0	7.961951E+0
25.0    	24      	7.400129E+0	6.521489E-4	-4.24E-1   	25.00     	2918.21 	24.5 	33.1 	7.401802E+0	4.915917E-7 	1.000463E+7	8.504901E+2	-1.614427E+0	1.040833E-4	7.961639E+0	7.946492E+0
25.0    	25      	7.393571E+0	1.178117E-3	-3.69E-1   	25.00     	2920.78 	24.5 	33.1 	7.394909E+0	1.055696E-6 	1.001310E+7	1.389244E+3	-1.614927E+0	2.112660E-4	7.955081E+0	7.939599E+0
25.0    	26      	7.466521E+0	5.742783E-4	-3.49E-1   	25.00     	2923.36 	24.5 	33.1 	7.467827E+0	2.777780E-7 	9.922043E+6	6.811999E+2	-1.614770E+0	6.557439E-5	8.028031E+0	8.012517E+0
25.0    	27      	7.430828E+0	2.593843E-3	-5.53E-1   	25.00     	2925.93 	24.5 	33.1 	7.431699E+0	7.105030E-6 	9.966670E+6	3.281036E+3	-1.615483E+0	2.193931E-4	7.992338E+0	7.976389E+0
25.0    	28      	7.475230E+0	4.598618E-4	-4.14E-1   	25.00     	2928.50 	24.5 	33.1 	7.476079E+0	2.367771E-7 	9.911563E+6	5.828665E+2	-1.615390E+0	9.848858E-5	8.036740E+0	8.020769E+0
25.0    	29      	7.480646E+0	9.293926E-4	-1.06E-1   	25.00     	2931.08 	24.5 	33.1 	7.481790E+0	9.437715E-7 	9.904700E+6	1.169915E+3	-1.614960E+0	1.637071E-4	8.042156E+0	8.026480E+0
25.0    	30      	7.448247E+0	1.403414E-3	-3.85E-1   	25.00     	2933.65 	24.5 	33.1 	7.449621E+0	1.728586E-6 	9.944660E+6	1.689023E+3	-1.614723E+0	1.250333E-4	8.009757E+0	7.994311E+0
25.0    	31      	7.707019E+0	2.088417E-3	-1.44E-1   	25.00     	2936.22 	24.5 	33.1 	7.707846E+0	3.964889E-6 	9.633460E+6	2.378298E+3	-1.614790E+0	1.609348E-4	8.268529E+0	8.252536E+0
25.0    	32      	7.651379E+0	2.596720E-4	-2.80E-1   	25.00     	2938.79 	24.5 	33.1 	7.653143E+0	6.862777E-8 	9.698233E+6	3.082748E+2	-1.613627E+0	5.773503E-6	8.212889E+0	8.197833E+0
25.0    	33      	7.659128E+0	5.139249E-4	-3.89E-1   	25.00     	2941.36 	24.5 	33.1 	7.660609E+0	3.012436E-7 	9.689250E+6	6.238590E+2	-1.614007E+0	1.569501E-4	8.220638E+0	8.205299E+0
25.0    	34      	7.439739E+0	7.800718E-4	-3.90E-1   	25.00     	2943.93 	24.5 	33.1 	7.440661E+0	6.867525E-7 	9.955527E+6	1.000616E+3	-1.615387E+0	1.357694E-4	8.001249E+0	7.985351E+0
25.0    	35      	7.458175E+0	6.780255E-4	-2.34E-1   	25.00     	2946.50 	24.5 	33.1 	7.459657E+0	3.714517E-7 	9.932270E+6	7.979348E+2	-1.614543E+0	9.712535E-5	8.019685E+0	8.004347E+0
25.0    	36      	7.421637E+0	9.359587E-4	-8.37E-2   	25.00     	2949.07 	24.5 	33.1 	7.422447E+0	1.215114E-6 	9.978193E+6	1.274219E+3	-1.615593E+0	2.631223E-4	7.983147E+0	7.967137E+0
25.0    	37      	7.401841E+0	6.907671E-4	-2.51E-1   	25.00     	2951.64 	24.5 	33.1 	7.402529E+0	5.979697E-7 	1.000310E+7	9.165151E+2	-1.615820E+0	2.227106E-4	7.963351E+0	7.947219E+0
25.0    	38      	7.336084E+0	1.700066E-3	-1.84E-1   	25.00     	2954.22 	24.5 	33.1 	7.336574E+0	2.407964E-6 	1.008660E+7	2.078461E+3	-1.616283E+0	2.212088E-4	7.897594E+0	7.881264E+0
25.0    	39      	7.367493E+0	5.621265E-4	-2.95E-1   	25.00     	2956.78 	24.5 	33.1 	7.368250E+0	2.613796E-7 	1.004643E+7	6.806859E+2	-1.615820E+0	7.000000E-5	7.929003E+0	7.912940E+0
25.0    	40      	7.398659E+0	1.756622E-3	-3.68E-1   	25.00     	2959.36 	24.5 	33.1 	7.399935E+0	2.795849E-6 	1.000673E+7	2.157159E+3	-1.615000E+0	1.374773E-4	7.960169E+0	7.944625E+0
25.0    	41      	7.395130E+0	1.839456E-3	-1.03E-1   	25.00     	2961.93 	24.5 	33.1 	7.396420E+0	3.202806E-6 	1.001117E+7	2.285461E+3	-1.614990E+0	8.544004E-5	7.956640E+0	7.941110E+0
25.0    	42      	7.366375E+0	2.750025E-3	-3.03E-1   	25.00     	2964.51 	24.5 	33.1 	7.367267E+0	7.117527E-6 	1.004777E+7	3.435598E+3	-1.615633E+0	1.625833E-4	7.927885E+0	7.911957E+0
25.0    	43      	7.348189E+0	1.054831E-3	-2.38E-1   	25.00     	2967.07 	24.5 	33.1 	7.348962E+0	1.036802E-6 	1.007097E+7	1.320353E+3	-1.615853E+0	1.106044E-4	7.909699E+0	7.893652E+0
25.0    	44      	7.388853E+0	1.927999E-3	-1.80E-1   	25.00     	2969.66 	24.5 	33.1 	7.389897E+0	3.593173E-6 	1.001923E+7	2.411086E+3	-1.615357E+0	1.137248E-4	7.950363E+0	7.934587E+0
25.0    	45      	7.451991E+0	7.172554E-4	-3.21E-1   	25.00     	2972.24 	24.5 	33.1 	7.453000E+0	4.122002E-7 	9.940237E+6	8.435836E+2	-1.615230E+0	1.153256E-4	8.013501E+0	7.997690E+0
25.0    	46      	7.484345E+0	1.498559E-3	-7.49E-2   	25.00     	2974.79 	24.5 	33.1 	7.486119E+0	1.923248E-6 	9.899753E+6	1.776579E+3	-1.614053E+0	1.569501E-4	8.045855E+0	8.030809E+0
25.0    	47      	7.450552E+0	7.523153E-4	-1.93E-1   	25.00     	2977.37 	24.5 	33.1 	7.451535E+0	3.643753E-7 	9.942040E+6	8.401786E+2	-1.615270E+0	2.426932E-4	8.012062E+0	7.996225E+0
25.0    	48      	7.920033E+0	1.789151E-3	-2.56E-1   	25.00     	2979.93 	24.5 	33.1 	7.922424E+0	2.751119E-6 	9.390420E+6	1.909738E+3	-1.612053E+0	2.205297E-4	8.481543E+0	8.467114E+0
25.0    	49      	7.690484E+0	7.608064E-4	-2.95E-1   	25.00     	2982.51 	24.5 	33.1 	7.692850E+0	8.338793E-7 	9.651880E+6	9.796428E+2	-1.612660E+0	2.286919E-4	8.251994E+0	8.237540E+0
25.0    	50      	7.455252E+0	1.380685E-3	-9.69E-2   	25.00     	2985.07 	24.5 	33.1 	7.455916E+0	2.114187E-6 	9.936403E+6	1.757451E+3	-1.615703E+0	1.665333E-4	8.016762E+0	8.000606E+0
25.0    	51      	7.412645E+0	1.000660E-3	-2.21E-1   	25.00     	2987.64 	24.5 	33.1 	7.413981E+0	1.296728E-6 	9.989127E+6	1.341430E+3	-1.614877E+0	2.010804E-4	7.974155E+0	7.958671E+0
25.0    	52      	7.380914E+0	3.891752E-4	-2.07E-1   	25.00     	2990.22 	24.5 	33.1 	7.381628E+0	6.360532E-8 	1.002947E+7	4.041452E+2	-1.615843E+0	2.023199E-4	7.942424E+0	7.926318E+0
25.0    	53      	7.343324E+0	1.848954E-3	-3.15E-1   	25.00     	2992.79 	24.5 	33.1 	7.343740E+0	2.822743E-6 	1.007740E+7	2.251666E+3	-1.616367E+0	2.302897E-4	7.904834E+0	7.888430E+0
25.0    	54      	7.453771E+0	1.367318E-3	-5.83E-1   	25.00     	2995.37 	24.5 	33.1 	7.454807E+0	1.988739E-6 	9.938010E+6	1.723456E+3	-1.615187E+0	1.021437E-4	8.015281E+0	7.999497E+0
25.0    	55      	7.481746E+0	9.405227E-4	-3.18E-1   	25.00     	2997.93 	24.5 	33.1 	7.482869E+0	1.135071E-6 	9.903357E+6	1.234234E+3	-1.614987E+0	2.369247E-4	8.043256E+0	8.027559E+0
25.0    	56      	7.427626E+0	2.196605E-3	-3.95E-1   	25.00     	3000.50 	24.5 	33.1 	7.429108E+0	4.740302E-6 	9.970287E+6	2.730940E+3	-1.614627E+0	1.443376E-4	7.989136E+0	7.973798E+0
25.0    	57      	7.417852E+0	1.658318E-3	-2.23E-3   	25.00     	3003.07 	24.5 	33.1 	7.419324E+0	2.421454E-6 	9.982517E+6	2.010033E+3	-1.614667E+0	2.700617E-4	7.979362E+0	7.964014E+0
25.0    	58      	7.458099E+0	1.935959E-3	-2.65E-1   	25.00     	3005.64 	24.5 	33.1 	7.459315E+0	3.362121E-6 	9.932530E+6	2.335466E+3	-1.614920E+0	2.271563E-4	8.019609E+0	8.004005E+0
25.0    	59      	7.476277E+0	6.947408E-4	-3.50E-1   	25.00     	3008.21 	24.5 	33.1 	7.477219E+0	4.489242E-7 	9.910213E+6	8.419818E+2	-1.615257E+0	5.033223E-5	8.037787E+0	8.021909E+0
25.0    	60      	7.366259E+0	1.875721E-3	-3.69E-1   	25.00     	3010.80 	24.5 	33.1 	7.366857E+0	3.209376E-6 	1.004810E+7	2.325941E+3	-1.616047E+0	1.563117E-4	7.927769E+0	7.911547E+0
25.0    	61      	7.688921E+0	2.383646E-3	-2.43E-1   	25.00     	3013.36 	24.5 	33.1 	7.690691E+0	5.379198E-6 	9.654060E+6	2.751745E+3	-1.613520E+0	2.920616E-4	8.250431E+0	8.235381E+0
25.0    	62      	7.763646E+0	1.556280E-3	-4.31E-1   	25.00     	3015.95 	24.5 	33.1 	7.766386E+0	2.395913E-6 	9.566770E+6	1.782919E+3	-1.611933E+0	2.311565E-4	8.325156E+0	8.311076E+0
25.0    	63      	7.760971E+0	2.767198E-3	-3.76E-1   	25.00     	3018.53 	24.5 	33.1 	7.763048E+0	7.714535E-6 	9.570230E+6	3.190188E+3	-1.612897E+0	1.628906E-4	8.322481E+0	8.307738E+0
25.0    	64      	9.909021E-1	7.242531E-4	-2.24E-1   	25.00     	3021.09 	24.5 	33.1 	9.184034E-1	3.255696E-7 	5.280203E+7	2.221043E+4	-1.813023E+0	3.594904E-4	1.552412E+0	1.463093E+0
25.0    	65      	7.709103E+0	1.029877E-3	-1.86E-1   	25.00     	3023.66 	24.5 	33.1 	7.710913E+0	9.205173E-7 	9.630457E+6	1.157641E+3	-1.613410E+0	1.752142E-4	8.270613E+0	8.255603E+0
25.0    	66      	7.454436E+0	2.796136E-4	-1.75E-1   	25.00     	3026.25 	24.5 	33.1 	7.455426E+0	1.434773E-7 	9.937213E+6	4.085748E+2	-1.615250E+0	1.400000E-4	8.015946E+0	8.000116E+0
25.0    	67      	7.410160E+0	5.859250E-4	-3.05E-1   	25.00     	3028.80 	24.5 	33.1 	7.410924E+0	4.603201E-7 	9.992603E+6	7.928640E+2	-1.615690E+0	1.452584E-4	7.971670E+0	7.955614E+0
25.0    	68      	7.358391E+0	4.876469E-4	-4.92E-1   	25.00     	3031.38 	24.5 	33.1 	7.358924E+0	3.412361E-7 	1.005813E+7	6.806859E+2	-1.616160E+0	1.513275E-4	7.919901E+0	7.903614E+0
25.0    	69      	7.457168E+0	3.004222E-3	3.72E-2    	25.00     	3033.96 	24.5 	33.1 	7.457860E+0	9.073108E-6 	9.934010E+6	3.730804E+3	-1.615660E+0	8.660254E-5	8.018678E+0	8.002550E+0
25.0    	70      	7.398415E+0	6.814661E-4	-4.26E-1   	25.00     	3036.53 	24.5 	33.1 	7.399489E+0	6.212051E-7 	1.000717E+7	9.237604E+2	-1.615287E+0	1.800926E-4	7.959925E+0	7.944179E+0
25.0    	71      	7.363160E+0	5.667768E-4	-3.07E-1   	25.00     	3039.10 	24.5 	33.1 	7.363915E+0	3.957547E-7 	1.005193E+7	7.571878E+2	-1.615837E+0	1.530795E-4	7.924670E+0	7.908605E+0
25.0    	72      	7.475463E+0	7.571625E-4	-1.29E-1   	25.00     	3041.68 	24.5 	33.1 	7.476549E+0	4.228724E-7 	9.911130E+6	8.662563E+2	-1.615057E+0	2.074448E-4	8.036973E+0	8.021239E+0
25.0    	73      	7.497345E+0	2.116775E-3	8.02E-2    	25.00     	3044.26 	24.5 	33.1 	7.498690E+0	4.295667E-6 	9.884033E+6	2.570707E+3	-1.614630E+0	1.417745E-4	8.058855E+0	8.043380E+0
25.0    	74      	7.420599E+0	1.612692E-3	6.10E-3    	25.00     	3046.83 	24.5 	33.1 	7.421547E+0	2.176804E-6 	9.979407E+6	1.930656E+3	-1.615403E+0	2.542309E-4	7.982109E+0	7.966237E+0
25.0    	75      	7.356901E+0	6.024836E-4	-4.20E-1   	25.00     	3049.40 	24.5 	33.1 	7.357740E+0	2.000681E-7 	1.005983E+7	6.658328E+2	-1.615737E+0	2.386071E-4	7.918411E+0	7.902430E+0
25.0    	76      	7.776114E+0	7.520111E-4	-1.73E-1   	25.00     	3051.99 	24.5 	33.1 	7.778386E+0	2.778745E-7 	9.552720E+6	7.332121E+2	-1.612580E+0	3.218695E-4	8.337624E+0	8.323076E+0
25.0    	77      	7.321746E-1	1.725190E-3	-1.81E-1   	25.00     	3054.56 	24.5 	33.1 	6.086266E-1	7.603915E-7 	6.514813E+7	6.773008E+4	-1.906460E+0	8.753856E-4	1.293685E+0	1.153317E+0
25.0    	78      	7.345354E-1	3.076411E-3	-1.43E-1   	25.00     	3057.12 	24.5 	33.1 	6.103018E-1	6.556939E-6 	6.504173E+7	1.491716E+5	-1.906993E+0	2.259056E-4	1.296045E+0	1.154992E+0
25.0    	79      	7.785504E+0	1.680549E-3	-1.92E-1   	25.00     	3059.70 	24.5 	33.1 	7.787493E+0	2.776436E-6 	9.542127E+6	1.913775E+3	-1.612960E+0	1.389244E-4	8.347014E+0	8.332183E+0
25.0    	80      	8.015500E+0	4.422050E-4	-2.63E-1   	25.00     	3062.27 	24.5 	33.1 	8.017954E+0	1.509701E-7 	9.285777E+6	4.500370E+2	-1.611733E+0	7.571878E-5	8.577010E+0	8.562644E+0
25.0    	81      	7.726051E+0	1.051886E-3	-3.13E-1   	25.00     	3064.85 	24.5 	33.1 	7.727399E+0	1.323326E-6 	9.611013E+6	1.278176E+3	-1.614017E+0	1.404754E-4	8.287561E+0	8.272089E+0
25.0    	82      	7.449200E+0	6.276798E-4	-3.22E-1   	25.00     	3067.42 	24.5 	33.1 	7.449871E+0	4.235376E-7 	9.943913E+6	7.841769E+2	-1.615710E+0	2.858321E-4	8.010710E+0	7.994561E+0
25.0    	83      	7.396776E+0	1.280666E-3	-1.47E-1   	25.00     	3069.99 	24.5 	33.1 	7.397369E+0	1.316046E-6 	1.000953E+7	1.527525E+3	-1.615967E+0	2.136196E-4	7.958286E+0	7.942059E+0
25.0    	84      	7.486302E+0	1.031116E-3	-4.38E-1   	25.00     	3072.58 	24.5 	33.1 	7.487006E+0	1.189550E-6 	9.898003E+6	1.306190E+3	-1.615560E+0	8.888194E-5	8.047812E+0	8.031696E+0
25.0    	85      	7.428633E+0	8.216413E-4	-4.19E-1   	25.00     	3075.15 	24.5 	33.1 	7.429553E+0	8.301242E-7 	9.969380E+6	1.080879E+3	-1.615420E+0	1.734935E-4	7.990143E+0	7.974243E+0
25.0    	86      	7.430854E+0	9.021227E-4	-4.08E-1   	25.00     	3077.71 	24.5 	33.1 	7.431677E+0	6.888070E-7 	9.966667E+6	1.077466E+3	-1.615550E+0	2.179449E-4	7.992364E+0	7.976367E+0
25.0    	87      	7.579841E+0	1.858132E-3	-4.37E-1   	25.00     	3080.30 	24.5 	33.1 	7.581108E+0	3.956023E-6 	9.783830E+6	2.313180E+3	-1.614517E+0	2.154840E-4	8.141351E+0	8.125798E+0
25.0    	88      	7.555734E+0	1.392648E-3	-5.70E-2   	25.00     	3082.85 	24.5 	33.1 	7.556932E+0	1.976643E-6 	9.812957E+6	1.693350E+3	-1.614680E+0	3.464102E-5	8.117244E+0	8.101622E+0
25.0    	89      	7.581092E+0	9.487617E-4	-4.71E-1   	25.00     	3085.43 	24.5 	33.1 	7.582395E+0	9.506987E-7 	9.782303E+6	1.156777E+3	-1.614463E+0	4.041452E-5	8.142602E+0	8.127085E+0
25.0    	90      	7.630915E+0	8.222996E-4	-3.25E-1   	25.00     	3087.99 	24.5 	33.1 	7.632344E+0	5.478884E-7 	9.722680E+6	9.279547E+2	-1.614153E+0	1.137248E-4	8.192425E+0	8.177034E+0
25.0    	91      	7.523040E+0	1.512208E-3	-3.82E-1   	25.00     	3090.57 	24.5 	33.1 	7.524164E+0	2.752527E-6 	9.852723E+6	1.934123E+3	-1.614873E+0	2.136196E-4	8.084550E+0	8.068854E+0
25.0    	92      	7.389099E+0	8.988235E-4	-1.29E-1   	25.00     	3093.15 	24.5 	33.1 	7.389915E+0	7.074465E-7 	1.001907E+7	1.096966E+3	-1.615677E+0	1.050397E-4	7.950609E+0	7.934605E+0
25.0    	93      	7.825457E+0	1.872961E-3	-5.08E-1   	25.00     	3095.71 	24.5 	33.1 	7.827241E+0	3.560273E-6 	9.496747E+6	2.130289E+3	-1.613150E+0	7.000000E-5	8.386967E+0	8.371931E+0
25.0    	94      	7.706543E+0	1.551377E-3	-3.99E-1   	25.00     	3098.28 	24.5 	33.1 	7.708030E+0	1.935122E-6 	9.633630E+6	1.715547E+3	-1.613873E+0	2.236813E-4	8.268053E+0	8.252720E+0
25.0    	95      	7.448997E+0	1.257591E-3	-4.63E-2   	25.00     	3100.85 	24.5 	33.1 	7.449704E+0	1.277540E-6 	9.944143E+6	1.483655E+3	-1.615660E+0	1.743560E-4	8.010507E+0	7.994394E+0
25.0    	96      	7.747770E+0	7.686304E-4	-2.83E-1   	25.00     	3103.42 	24.5 	33.1 	7.749219E+0	5.811987E-7 	9.585810E+6	8.838552E+2	-1.613820E+0	2.000000E-5	8.309280E+0	8.293909E+0
25.0    	97      	7.714409E+0	1.048008E-3	-1.28E-1   	25.00     	3106.00 	24.5 	33.1 	7.715813E+0	1.074968E-6 	9.624513E+6	1.213274E+3	-1.613970E+0	5.567764E-5	8.275919E+0	8.260503E+0
25.0    	98      	7.429901E+0	1.762847E-3	-2.49E-1   	25.00     	3108.57 	24.5 	33.1 	7.430649E+0	2.627761E-6 	9.967903E+6	2.112092E+3	-1.615657E+0	2.205297E-4	7.991411E+0	7.975339E+0
25.0    	99      	7.402340E+0	1.153818E-3	-5.22E-1   	25.00     	3111.15 	24.5 	33.1 	7.402984E+0	1.189085E-6 	1.000250E+7	1.410674E+3	-1.615880E+0	9.643651E-5	7.963850E+0	7.947674E+0
25.0    	100     	7.483951E+0	9.340560E-4	-4.10E-1   	25.00     	3113.71 	24.5 	33.1 	7.484734E+0	8.634007E-7 	9.900850E+6	1.147519E+3	-1.615457E+0	1.527525E-5	8.045461E+0	8.029424E+0
25.0    	101     	7.364275E+0	1.178908E-3	-2.21E-1   	25.00     	3116.28 	24.5 	33.1 	7.365058E+0	1.382874E-6 	1.005050E+7	1.493318E+3	-1.615793E+0	1.418920E-4	7.925785E+0	7.909748E+0
25.0    	102     	7.520788E+0	4.829794E-4	-3.97E-1   	25.00     	3118.85 	24.5 	33.1 	7.521870E+0	3.863302E-7 	9.855497E+6	6.730032E+2	-1.614937E+0	2.154840E-4	8.082298E+0	8.066560E+0
25.0    	103     	7.483381E+0	1.444425E-3	-3.15E-1   	25.00     	3121.44 	24.5 	33.1 	7.484870E+0	2.546151E-6 	9.901117E+6	1.872814E+3	-1.614463E+0	2.193931E-4	8.044891E+0	8.029560E+0
25.0    	104     	7.456607E+0	4.865643E-4	-3.86E-1   	25.00     	3124.01 	24.5 	33.1 	7.458000E+0	3.368469E-7 	9.934270E+6	6.600000E+2	-1.614673E+0	1.721434E-4	8.018117E+0	8.002690E+0
25.0    	105     	7.511005E+0	1.103203E-3	-4.49E-1   	25.00     	3126.57 	24.5 	33.1 	7.512162E+0	1.117384E-6 	9.867407E+6	1.321451E+3	-1.614860E+0	6.244998E-5	8.072515E+0	8.056852E+0
25.0    	106     	7.554177E+0	1.688119E-3	-1.27E-1   	25.00     	3129.14 	24.5 	33.1 	7.555553E+0	2.849491E-6 	9.814733E+6	2.043143E+3	-1.614433E+0	4.163332E-5	8.115687E+0	8.100243E+0
25.0    	107     	7.643052E+0	1.507576E-3	-5.79E-1   	25.00     	3131.71 	24.5 	33.1 	7.644982E+0	2.107750E-6 	9.707987E+6	1.751694E+3	-1.613410E+0	1.452584E-4	8.204562E+0	8.189672E+0
25.0    	108     	7.468376E+0	6.469926E-4	-2.77E-1   	25.00     	3134.28 	24.5 	33.1 	7.469487E+0	4.929188E-7 	9.919870E+6	8.314445E+2	-1.615040E+0	1.734935E-4	8.029886E+0	8.014177E+0
25.0    	109     	7.451160E+0	1.950463E-3	-5.86E-1   	25.00     	3136.85 	24.5 	33.1 	7.451791E+0	3.665629E-6 	9.941503E+6	2.399882E+3	-1.615760E+0	8.000000E-5	8.012670E+0	7.996481E+0
25.0    	110     	7.399294E+0	1.174756E-3	-2.67E-1   	25.00     	3139.43 	24.5 	33.1 	7.400094E+0	1.405701E-6 	1.000623E+7	1.484363E+3	-1.615670E+0	8.660254E-5	7.960804E+0	7.944784E+0
25.0    	111     	7.423083E+0	1.740086E-3	-1.74E-1   	25.00     	3142.00 	24.5 	33.1 	7.423603E+0	3.491591E-6 	9.976567E+6	2.254337E+3	-1.615993E+0	3.023795E-4	7.984593E+0	7.968293E+0
25.0    	112     	7.738510E+0	4.598377E-4	-1.99E-1   	25.00     	3144.57 	24.5 	33.1 	7.740277E+0	3.027439E-7 	9.596330E+6	5.828379E+2	-1.613397E+0	1.674316E-4	8.300020E+0	8.284967E+0
25.0    	113     	7.696624E+0	2.581617E-3	-3.41E-1   	25.00     	3147.15 	24.5 	33.1 	7.697961E+0	6.595836E-6 	9.645300E+6	3.010199E+3	-1.614110E+0	1.311488E-4	8.258134E+0	8.242651E+0
25.0    	114     	7.419909E+0	5.582794E-4	-4.61E-1   	25.00     	3149.73 	24.5 	33.1 	7.420479E+0	4.020569E-7 	9.980507E+6	7.345974E+2	-1.615933E+0	3.118226E-4	7.981419E+0	7.965169E+0
25.0    	115     	7.393995E+0	6.334904E-4	-3.04E-1   	25.00     	3152.30 	24.5 	33.1 	7.394539E+0	5.417280E-7 	1.001307E+7	8.621678E+2	-1.616043E+0	1.625833E-4	7.955505E+0	7.939229E+0
25.0    	116     	7.465808E+0	7.263859E-4	-4.02E-1   	25.00     	3154.87 	24.5 	33.1 	7.466520E+0	5.342908E-7 	9.923293E+6	9.013508E+2	-1.615607E+0	5.686241E-5	8.027318E+0	8.011210E+0
25.0    	117     	7.387495E+0	8.764885E-4	-6.67E-1   	25.00     	3157.43 	24.5 	33.1 	7.388086E+0	7.726357E-7 	1.002123E+7	1.106044E+3	-1.615997E+0	1.342882E-4	7.949005E+0	7.932776E+0
25.0    	118     	7.495668E+0	5.936661E-4	-2.07E-2   	25.00     	3160.00 	24.5 	33.1 	7.496669E+0	3.569572E-7 	9.886303E+6	7.305021E+2	-1.615120E+0	8.544004E-5	8.057178E+0	8.041359E+0
25.0    	119     	7.448881E+0	1.718244E-3	-7.46E-2   	25.00     	3162.57 	24.5 	33.1 	7.449793E+0	3.012668E-6 	9.944160E+6	2.143992E+3	-1.615373E+0	2.254625E-4	8.010391E+0	7.994483E+0
25.0    	120     	7.430487E+0	9.626605E-4	-4.05E-1   	25.00     	3165.15 	24.5 	33.1 	7.431425E+0	7.978747E-7 	9.967053E+6	1.158030E+3	-1.615390E+0	1.135782E-4	7.991997E+0	7.976115E+0
25.0    	121     	7.519865E+0	3.613349E-4	-3.72E-1   	25.00     	3167.73 	24.5 	33.1 	7.521177E+0	1.391296E-7 	9.856483E+6	4.409460E+2	-1.614617E+0	1.871719E-4	8.081375E+0	8.065867E+0
25.0    	122     	7.499111E+0	5.464370E-4	5.93E-2    	25.00     	3170.31 	24.5 	33.1 	7.500176E+0	1.084563E-7 	9.882037E+6	5.314446E+2	-1.615020E+0	3.534119E-4	8.060621E+0	8.044866E+0
25.0    	123     	7.607033E+0	1.300117E-3	4.70E-2    	25.00     	3172.87 	24.5 	33.1 	7.608495E+0	1.445720E-6 	9.751113E+6	1.494869E+3	-1.614170E+0	1.479865E-4	8.168543E+0	8.153185E+0
25.0    	124     	7.546362E+0	5.924852E-4	-1.20E-1   	25.00     	3175.44 	24.5 	33.1 	7.547565E+0	3.882894E-7 	9.824307E+6	7.143062E+2	-1.614697E+0	4.235957E-4	8.107872E+0	8.092255E+0
25.0    	125     	7.393967E+0	1.148741E-3	9.03E-2    	25.00     	3178.02 	24.5 	33.1 	7.394514E+0	1.346785E-6 	1.001310E+7	1.452584E+3	-1.616040E+0	1.757840E-4	7.955477E+0	7.939204E+0
25.0    	126     	7.393777E+0	2.374595E-3	-4.15E-1   	25.00     	3180.59 	24.5 	33.1 	7.394440E+0	5.481000E-6 	1.001327E+7	2.970410E+3	-1.615877E+0	1.588500E-4	7.955287E+0	7.939130E+0
25.0    	127     	7.409261E+0	1.632734E-3	-2.68E-1   	25.00     	3183.16 	24.5 	33.1 	7.409900E+0	2.123303E-6 	9.993810E+6	1.937834E+3	-1.615867E+0	2.836077E-4	7.970771E+0	7.954590E+0
25.0    	128     	7.688905E+0	4.795841E-4	-5.60E-1   	25.00     	3185.74 	24.5 	33.1 	7.690268E+0	1.909155E-7 	9.654317E+6	5.352881E+2	-1.614093E+0	1.106044E-4	8.250415E+0	8.234958E+0
25.0    	129     	7.672763E+0	2.935562E-3	-2.70E-1   	25.00     	3188.31 	24.5 	33.1 	7.674348E+0	8.825511E-6 	9.673130E+6	3.471642E+3	-1.613823E+0	8.736895E-5	8.234273E+0	8.219038E+0
25.0    	130     	7.417786E+0	1.771422E-3	-5.04E-2   	25.00     	3190.89 	24.5 	33.1 	7.418678E+0	2.756612E-6 	9.982963E+6	2.148705E+3	-1.615490E+0	1.509967E-4	7.979296E+0	7.963368E+0
25.0    	131     	7.385564E+0	1.045994E-3	-2.96E-1   	25.00     	3193.47 	24.5 	33.1 	7.386636E+0	1.133672E-6 	1.002337E+7	1.331666E+3	-1.615327E+0	1.115049E-4	7.947074E+0	7.931326E+0
25.0    	132     	7.446779E+0	1.352416E-3	-4.01E-1   	25.00     	3196.04 	24.5 	33.1 	7.447636E+0	1.870572E-6 	9.946807E+6	1.690927E+3	-1.615457E+0	2.516611E-5	8.008289E+0	7.992326E+0
25.0    	133     	7.418325E+0	7.087995E-4	-1.37E-1   	25.00     	3198.61 	24.5 	33.1 	7.419495E+0	5.552243E-7 	9.982113E+6	9.097436E+2	-1.615097E+0	9.073772E-5	7.979835E+0	7.964185E+0
25.0    	134     	7.513853E+0	1.002073E-3	-4.43E-1   	25.00     	3201.18 	24.5 	33.1 	7.514868E+0	1.494042E-6 	9.864010E+6	1.359890E+3	-1.615050E+0	3.119295E-4	8.075363E+0	8.059558E+0
25.0    	135     	7.481627E+0	2.532809E-3	-4.79E-1   	25.00     	3203.76 	24.5 	33.1 	7.482682E+0	6.624904E-6 	9.903547E+6	3.145987E+3	-1.615083E+0	1.858315E-4	8.043137E+0	8.027372E+0
25.0    	136     	7.307459E+0	1.692315E-3	-2.88E-1   	25.00     	3206.35 	24.5 	33.1 	7.308255E+0	2.248926E-6 	1.012313E+7	2.055075E+3	-1.615937E+0	2.668957E-4	7.868969E+0	7.852945E+0
25.0    	137     	7.300034E+0	1.008997E-3	-3.12E-1   	25.00     	3208.92 	24.5 	33.1 	7.300784E+0	8.885086E-7 	1.013273E+7	1.258306E+3	-1.616023E+0	1.250333E-4	7.861544E+0	7.845474E+0
25.0    	138     	7.514589E+0	3.652528E-4	-2.44E-1   	25.00     	3211.48 	24.5 	33.1 	7.515757E+0	1.076384E-7 	9.863017E+6	4.052571E+2	-1.614833E+0	2.898850E-4	8.076099E+0	8.060447E+0
25.0    	139     	7.590492E+0	8.705897E-4	-7.82E-2   	25.00     	3214.05 	24.5 	33.1 	7.591917E+0	8.481672E-7 	9.770940E+6	1.074756E+3	-1.614267E+0	7.371115E-5	8.152002E+0	8.136607E+0
25.0    	140     	7.529512E+0	1.127501E-3	-2.86E-1   	25.00     	3216.63 	24.5 	33.1 	7.530966E+0	1.089540E-6 	9.844633E+6	1.321981E+3	-1.614390E+0	1.249000E-4	8.091022E+0	8.075656E+0
25.0    	141     	7.376770E+0	1.726240E-3	-1.07E-1   	25.00     	3219.20 	24.5 	33.1 	7.377234E+0	2.734339E-6 	1.003487E+7	2.138535E+3	-1.616203E+0	9.609024E-5	7.938280E+0	7.921924E+0
25.0    	142     	7.380066E+0	1.131605E-3	-4.11E-1   	25.00     	3221.78 	24.5 	33.1 	7.381052E+0	1.191188E-6 	1.003037E+7	1.404754E+3	-1.615463E+0	9.609024E-5	7.941576E+0	7.925742E+0
25.0    	143     	7.409588E+0	1.498350E-3	-1.70E-1   	25.00     	3224.34 	24.5 	33.1 	7.410369E+0	1.430604E-6 	9.993310E+6	1.690532E+3	-1.615667E+0	4.214657E-4	7.971098E+0	7.955059E+0
25.0    	144     	7.678587E+0	1.818232E-3	-6.32E-2   	25.00     	3226.92 	24.5 	33.1 	7.680229E+0	3.061519E-6 	9.666253E+6	2.093904E+3	-1.613727E+0	1.715615E-4	8.240097E+0	8.224919E+0
25.0    	145     	7.672278E+0	2.184355E-3	-2.29E-1   	25.00     	3229.49 	24.5 	33.1 	7.673790E+0	4.949291E-6 	9.673743E+6	2.592322E+3	-1.613927E+0	8.736895E-5	8.233788E+0	8.218480E+0
25.0    	146     	7.409237E+0	5.440960E-4	-3.55E-1   	25.00     	3232.06 	24.5 	33.1 	7.409764E+0	3.770008E-7 	9.993910E+6	7.171471E+2	-1.616023E+0	2.800595E-4	7.970747E+0	7.954454E+0
25.0    	147     	7.379616E+0	1.116834E-3	-4.00E-1   	25.00     	3234.64 	24.5 	33.1 	7.380185E+0	1.124702E-6 	1.003120E+7	1.374773E+3	-1.616050E+0	1.705872E-4	7.941126E+0	7.924875E+0
25.0    	148     	7.723127E+0	2.363171E-3	-6.76E-2   	25.00     	3237.21 	24.5 	33.1 	7.724898E+0	5.520402E-6 	9.614163E+6	2.737158E+3	-1.613430E+0	9.000000E-5	8.284637E+0	8.269588E+0
25.0    	149     	7.412588E+0	5.745777E-4	-2.58E-1   	25.00     	3239.80 	24.5 	33.1 	7.413278E+0	1.861241E-7 	9.989603E+6	6.305817E+2	-1.615787E+0	2.003331E-4	7.974098E+0	7.957968E+0
25.0    	150     	7.499635E+0	2.124701E-4	-3.34E-1   	25.00     	3242.37 	24.5 	33.1 	7.500588E+0	1.017704E-7 	9.881463E+6	3.257811E+2	-1.615177E+0	1.537314E-4	8.061145E+0	8.045278E+0
25.0    	151     	7.553488E+0	1.616094E-3	-2.73E-1   	25.00     	3244.93 	24.5 	33.1 	7.554605E+0	2.618593E-6 	9.815723E+6	1.957916E+3	-1.614800E+0	4.358899E-5	8.114998E+0	8.099295E+0
25.0    	152     	7.479124E+0	1.478398E-3	-5.12E-1   	25.00     	3247.52 	24.5 	33.1 	7.480215E+0	2.155820E-6 	9.906610E+6	1.816700E+3	-1.615040E+0	6.082763E-5	8.040634E+0	8.024905E+0
25.0    	153     	7.472087E+0	4.818284E-4	-2.56E-1   	25.00     	3250.09 	24.5 	33.1 	7.473096E+0	1.940588E-7 	9.915347E+6	5.558177E+2	-1.615173E+0	2.902298E-4	8.033597E+0	8.017786E+0
25.0    	154     	7.534232E+0	1.635605E-3	-9.17E-2   	25.00     	3252.65 	24.5 	33.1 	7.535344E+0	2.500805E-6 	9.839097E+6	1.956587E+3	-1.614860E+0	7.549834E-5	8.095742E+0	8.080034E+0
25.0    	155     	7.600402E+0	9.678061E-4	-5.21E-1   	25.00     	3255.21 	24.5 	33.1 	7.601662E+0	9.862269E-7 	9.759163E+6	1.173300E+3	-1.614473E+0	6.429101E-5	8.161912E+0	8.146352E+0
25.0    	156     	7.439015E+0	6.760814E-4	-1.58E-1   	25.00     	3257.78 	24.5 	33.1 	7.439871E+0	4.564520E-7 	9.956470E+6	8.286736E+2	-1.615480E+0	3.342155E-4	8.000525E+0	7.984561E+0
25.0    	157     	7.387078E+0	2.270282E-4	1.90E-2    	25.00     	3260.36 	24.5 	33.1 	7.388238E+0	4.358118E-8 	1.002140E+7	2.645751E+2	-1.615197E+0	1.700980E-4	7.948588E+0	7.932928E+0
25.0    	158     	7.368959E+0	2.338018E-3	-2.86E-1   	25.00     	3262.93 	24.5 	33.1 	7.369466E+0	4.924713E-6 	1.004473E+7	2.888483E+3	-1.616167E+0	1.588500E-4	7.930469E+0	7.914156E+0
25.0    	159     	7.419715E+0	2.970803E-3	-3.21E-1   	25.00     	3265.50 	24.5 	33.1 	7.420386E+0	9.136588E-6 	9.980687E+6	3.751218E+3	-1.615793E+0	1.795364E-4	7.981225E+0	7.965076E+0
25.0    	160     	7.677205E+0	1.689013E-3	-1.99E-1   	25.00     	3268.08 	24.5 	33.1 	7.678528E+0	2.585187E-6 	9.668063E+6	1.935984E+3	-1.614180E+0	1.153256E-4	8.238715E+0	8.223218E+0
25.0    	161     	7.663235E+0	2.503110E-3	-1.32E-3   	25.00     	3270.65 	24.5 	33.1 	7.664877E+0	6.724055E-6 	9.684313E+6	3.000939E+3	-1.613767E+0	2.953529E-4	8.224745E+0	8.209567E+0
25.0    	162     	7.422896E+0	1.549569E-3	-1.07E-1   	25.00     	3273.21 	24.5 	33.1 	7.423539E+0	2.648621E-6 	9.976723E+6	1.985607E+3	-1.615823E+0	1.892969E-4	7.984406E+0	7.968229E+0
25.0    	163     	7.686759E+0	5.810550E-4	-2.31E-1   	25.00     	3275.80 	24.5 	33.1 	7.688266E+0	1.872992E-7 	9.656747E+6	5.928181E+2	-1.613897E+0	2.250185E-4	8.248269E+0	8.232956E+0
25.0    	164     	7.364744E-1	1.760472E-3	-1.30E-1   	25.00     	3278.37 	24.5 	33.1 	6.072493E-1	4.282888E-6 	6.507907E+7	1.011724E+5	-1.912863E+0	9.508593E-4	1.297984E+0	1.151939E+0
25.0    	165     	7.681410E+0	1.009219E-3	-1.57E-1   	25.00     	3280.93 	24.5 	33.1 	7.682932E+0	9.909323E-7 	9.663010E+6	1.175925E+3	-1.613890E+0	6.082763E-5	8.242920E+0	8.227622E+0
25.0    	166     	7.433789E+0	1.879775E-4	-3.02E-1   	25.00     	3283.51 	24.5 	33.1 	7.434812E+0	4.190487E-8 	9.962880E+6	2.426932E+2	-1.615260E+0	7.810250E-5	7.995299E+0	7.979502E+0
25.0    	167     	7.484579E+0	1.791574E-3	-4.61E-1   	25.00     	3286.08 	24.5 	33.1 	7.485670E+0	3.511223E-6 	9.899887E+6	2.257041E+3	-1.615023E+0	1.250333E-4	8.046089E+0	8.030360E+0
25.0    	168     	7.597903E+0	4.825648E-4	-4.17E-1   	25.00     	3288.65 	24.5 	33.1 	7.599144E+0	2.051693E-7 	9.762167E+6	5.600298E+2	-1.614507E+0	4.932883E-5	8.159413E+0	8.143834E+0
25.0    	169     	7.615560E+0	5.920922E-4	-9.50E-2   	25.00     	3291.21 	24.5 	33.1 	7.616985E+0	3.091937E-7 	9.740957E+6	6.836910E+2	-1.614200E+0	9.165151E-5	8.177070E+0	8.161675E+0
25.0    	170     	7.562223E+0	1.809116E-3	-1.33E-1   	25.00     	3293.78 	24.5 	33.1 	7.563510E+0	3.259774E-6 	9.805057E+6	2.182896E+3	-1.614537E+0	1.305118E-4	8.123733E+0	8.108200E+0
25.0    	171     	7.474129E+0	6.458408E-4	-3.57E-1   	25.00     	3296.37 	24.5 	33.1 	7.475258E+0	5.077022E-7 	9.912750E+6	8.352245E+2	-1.615000E+0	1.997498E-4	8.035639E+0	8.019948E+0
25.0    	172     	7.365196E+0	1.909304E-3	-1.55E-1   	25.00     	3298.93 	24.5 	33.1 	7.365818E+0	3.560307E-6 	1.004943E+7	2.409011E+3	-1.616017E+0	6.350853E-5	7.926706E+0	7.910508E+0
25.0    	173     	7.402937E+0	1.265505E-3	-3.48E-1   	25.00     	3301.51 	24.5 	33.1 	7.403501E+0	1.937548E-6 	1.000180E+7	1.670329E+3	-1.615990E+0	1.802776E-4	7.964447E+0	7.948191E+0
25.0    	174     	7.351931E+0	2.997343E-3	-3.07E-1   	25.00     	3304.09 	24.5 	33.1 	7.352549E+0	9.243354E-6 	1.006630E+7	3.843176E+3	-1.616060E+0	2.451530E-4	7.913441E+0	7.897239E+0
25.0    	175     	7.418802E+0	1.048366E-3	-3.67E-1   	25.00     	3306.65 	24.6 	33.1 	7.419701E+0	1.136725E-6 	9.981687E+6	1.323720E+3	-1.615477E+0	4.509250E-5	7.980312E+0	7.964391E+0
25.0    	176     	7.675112E+0	1.886010E-3	-5.78E-2   	25.00     	3309.21 	24.5 	33.1 	7.676531E+0	4.038364E-6 	9.670467E+6	2.288435E+3	-1.614050E+0	2.253886E-4	8.236622E+0	8.221221E+0
25.0    	177     	7.646598E+0	1.098798E-3	5.90E-2    	25.00     	3311.78 	24.5 	33.1 	7.648302E+0	1.372279E-6 	9.703923E+6	1.342398E+3	-1.613723E+0	1.601041E-4	8.208108E+0	8.192992E+0
25.0    	178     	7.447585E+0	9.347661E-4	-4.45E-2   	25.00     	3314.35 	24.5 	33.1 	7.448541E+0	7.654339E-7 	9.945743E+6	1.122512E+3	-1.615317E+0	1.795364E-4	8.009095E+0	7.993231E+0
25.0    	179     	7.412047E+0	5.690885E-4	-3.33E-1   	25.00     	3316.92 	24.5 	33.1 	7.412943E+0	3.406217E-7 	9.990153E+6	7.214107E+2	-1.615500E+0	1.039230E-4	7.973557E+0	7.957633E+0
25.0    	180     	7.657400E+0	1.180753E-3	-1.64E-1   	25.00     	3319.50 	24.6 	33.1 	7.659416E+0	1.389160E-6 	9.690973E+6	1.392312E+3	-1.613250E+0	0.000000E+0	8.218910E+0	8.204106E+0
25.0    	181     	7.421762E+0	1.335908E-3	-4.91E-1   	25.00     	3322.07 	24.6 	33.1 	7.422648E+0	1.725663E-6 	9.977990E+6	1.657347E+3	-1.615487E+0	6.429101E-5	7.983272E+0	7.967338E+0
25.0    	182     	7.360563E+0	1.968929E-3	-9.60E-3   	25.00     	3324.64 	24.5 	33.1 	7.361159E+0	3.882989E-6 	1.005533E+7	2.502665E+3	-1.616067E+0	4.725816E-5	7.922073E+0	7.905849E+0
25.0    	183     	7.393784E+0	2.343228E-3	-2.61E-1   	25.00     	3327.22 	24.5 	33.1 	7.394697E+0	4.995721E-6 	1.001310E+7	2.884441E+3	-1.615527E+0	1.464013E-4	7.955294E+0	7.939387E+0
25.0    	184     	7.377723E+0	8.609574E-4	-5.15E-1   	25.00     	3329.80 	24.5 	33.1 	7.378335E+0	4.679762E-7 	1.003357E+7	9.712535E+2	-1.615993E+0	3.407834E-4	7.939233E+0	7.923025E+0
25.0    	185     	7.400019E+0	1.438564E-3	-4.81E-1   	25.00     	3332.38 	24.5 	33.1 	7.401170E+0	1.783572E-6 	1.000510E+7	1.743560E+3	-1.615173E+0	2.084067E-4	7.961529E+0	7.945860E+0
25.0    	186     	7.418925E+0	1.292902E-3	-2.81E-1   	25.00     	3334.96 	24.5 	33.1 	7.420094E+0	1.803502E-6 	9.981363E+6	1.650040E+3	-1.615097E+0	8.621678E-5	7.980435E+0	7.964784E+0
25.0    	187     	7.377869E+0	9.807893E-4	-2.05E-1   	25.00     	3337.58 	24.6 	33.1 	7.378821E+0	8.357966E-7 	1.003317E+7	1.193035E+3	-1.615517E+0	2.720907E-4	7.939379E+0	7.923511E+0
25.0    	188     	7.402548E+0	1.760472E-3	-4.01E-1   	25.00     	3340.11 	24.6 	33.1 	7.403344E+0	2.483785E-6 	1.000214E+7	2.096815E+3	-1.615667E+0	2.640707E-4	7.964058E+0	7.948034E+0
25.0    	189     	7.325393E+0	5.573764E-4	-4.61E-1   	25.00     	3342.68 	24.6 	33.1 	7.326174E+0	1.534814E-7 	1.010010E+7	6.082763E+2	-1.615907E+0	2.318045E-4	7.886903E+0	7.870864E+0
25.0    	190     	7.384950E+0	9.076971E-4	-1.90E-1   	25.00     	3345.26 	24.5 	33.1 	7.385877E+0	5.072291E-7 	1.002423E+7	1.021437E+3	-1.615533E+0	2.950141E-4	7.946460E+0	7.930567E+0
25.0    	191     	7.442302E+0	1.770585E-3	-8.68E-2   	25.00     	3347.83 	24.5 	33.1 	7.443201E+0	2.755618E-6 	9.952350E+6	2.133448E+3	-1.615410E+0	2.364318E-4	8.003812E+0	7.987891E+0
25.0    	192     	7.676385E+0	5.216733E-4	-3.45E-1   	25.00     	3350.40 	24.6 	33.1 	7.677878E+0	2.255739E-7 	9.668927E+6	5.853489E+2	-1.613943E+0	6.658328E-5	8.237895E+0	8.222568E+0
25.0    	193     	7.627512E+0	6.472432E-4	-2.04E-1   	25.00     	3352.98 	24.6 	33.1 	7.629307E+0	5.176958E-7 	9.726507E+6	8.074858E+2	-1.613643E+0	2.400694E-4	8.189022E+0	8.173997E+0
25.0    	194     	7.428944E+0	1.779251E-3	-1.14E-1   	25.00     	3355.55 	24.6 	33.1 	7.430095E+0	3.255263E-6 	9.968847E+6	2.237238E+3	-1.615093E+0	1.242310E-4	7.990454E+0	7.974785E+0
25.0    	195     	7.411232E+0	9.287656E-4	-3.36E-1   	25.00     	3358.12 	24.6 	33.1 	7.411855E+0	9.032676E-7 	9.991347E+6	1.174578E+3	-1.615883E+0	2.218859E-4	7.972742E+0	7.956545E+0
25.0    	196     	7.398622E+0	5.517395E-4	-3.08E-1   	25.00     	3360.70 	24.6 	33.1 	7.399388E+0	3.145282E-7 	1.000710E+7	7.000000E+2	-1.615720E+0	2.645751E-5	7.960132E+0	7.944078E+0
25.0    	197     	7.343768E+0	1.138136E-3	-4.37E-1   	25.00     	3363.27 	24.6 	33.1 	7.344445E+0	1.595494E-6 	1.007667E+7	1.530795E+3	-1.616000E+0	2.286919E-4	7.905278E+0	7.889135E+0
25.0    	198     	7.425860E+0	8.190524E-4	-4.03E-1   	25.00     	3365.84 	24.6 	33.1 	7.426887E+0	5.885467E-7 	9.972777E+6	9.856132E+2	-1.615277E+0	2.478575E-4	7.987370E+0	7.971577E+0
25.0    	199     	7.409657E+0	1.350649E-3	-4.15E-1   	25.00     	3368.41 	24.6 	33.1 	7.410481E+0	1.262554E-6 	9.993197E+6	1.551913E+3	-1.615607E+0	3.225420E-4	7.971167E+0	7.955171E+0
25.0    	200     	7.369525E+0	1.059056E-3	-1.99E-1   	25.00     	3370.98 	24.6 	33.1 	7.370477E+0	1.200240E-6 	1.004373E+7	1.365040E+3	-1.615540E+0	1.135782E-4	7.931035E+0	7.915167E+0
25.0    	201     	7.359644E+0	5.072900E-4	-4.29E-1   	25.00     	3373.57 	24.6 	33.1 	7.360503E+0	1.948586E-7 	1.005633E+7	6.027714E+2	-1.615700E+0	9.165151E-5	7.921154E+0	7.905193E+0
25.0    	202     	7.413800E+0	2.436117E-3	-2.42E-1   	25.00     	3376.14 	24.6 	33.1 	7.414800E+0	5.705554E-6 	9.987890E+6	3.018559E+3	-1.615347E+0	4.007909E-4	7.975310E+0	7.959490E+0
25.0    	203     	7.427340E+0	1.197742E-3	-3.91E-1   	25.00     	3378.70 	24.6 	33.1 	7.428353E+0	1.601921E-6 	9.970937E+6	1.537866E+3	-1.615293E+0	1.530795E-4	7.988850E+0	7.973043E+0
25.0    	204     	7.333255E+0	8.529659E-4	-1.82E-1   	25.00     	3381.29 	24.6 	33.1 	7.333878E+0	7.966655E-7 	1.009013E+7	1.115049E+3	-1.616107E+0	1.446836E-4	7.894765E+0	7.878568E+0
25.0    	205     	7.381639E+0	1.922579E-3	-1.14E-1   	25.00     	3383.84 	24.6 	33.1 	7.382434E+0	4.369762E-6 	1.002850E+7	2.535744E+3	-1.615727E+0	2.663331E-4	7.943149E+0	7.927124E+0
25.0    	206     	7.416310E+0	1.561847E-3	-2.89E-1   	25.00     	3386.45 	24.6 	33.1 	7.417338E+0	2.520726E-6 	9.984727E+6	1.972165E+3	-1.615303E+0	1.289703E-4	7.977820E+0	7.962028E+0
25.0    	207     	7.453280E+0	7.599682E-4	-5.39E-2   	25.00     	3388.99 	24.6 	33.1 	7.454218E+0	5.236516E-7 	9.938680E+6	9.206519E+2	-1.615327E+0	5.773503E-5	8.014790E+0	7.998908E+0
25.0    	208     	7.647119E+0	5.277041E-4	-3.55E-1   	25.00     	3391.57 	24.6 	33.1 	7.648812E+0	1.818804E-7 	9.703313E+6	5.622574E+2	-1.613737E+0	1.855622E-4	8.208629E+0	8.193502E+0
25.0    	209     	7.662414E+0	2.229772E-3	-1.30E-1   	25.00     	3394.14 	24.6 	33.1 	7.664390E+0	4.874541E-6 	9.685083E+6	2.614313E+3	-1.613293E+0	1.882374E-4	8.223924E+0	8.209080E+0
25.0    	210     	7.416947E+0	8.546353E-4	-4.64E-1   	25.00     	3396.70 	24.6 	33.1 	7.417893E+0	5.806854E-7 	9.983980E+6	1.012373E+3	-1.615417E+0	1.301281E-4	7.978457E+0	7.962583E+0
25.0    	211     	7.439417E+0	1.430459E-3	-3.63E-1   	25.00     	3399.28 	24.6 	33.1 	7.440074E+0	2.205924E-6 	9.956093E+6	1.816104E+3	-1.615757E+0	8.621678E-5	8.000927E+0	7.984764E+0
25.0    	212     	7.402855E+0	2.516827E-3	-3.15E-1   	25.00     	3401.85 	24.6 	33.1 	7.403971E+0	6.399129E-6 	1.000156E+7	3.167907E+3	-1.615213E+0	3.580968E-4	7.964365E+0	7.948661E+0
25.0    	213     	7.402518E+0	1.077115E-3	-5.02E-1   	25.00     	3404.42 	24.6 	33.1 	7.403549E+0	1.147331E-6 	1.000203E+7	1.350309E+3	-1.615337E+0	2.081666E-5	7.964028E+0	7.948239E+0
25.0    	214     	7.380761E+0	5.103144E-4	-1.65E-1   	25.00     	3406.99 	24.6 	33.1 	7.381308E+0	3.761534E-7 	1.002977E+7	7.094599E+2	-1.616077E+0	1.625833E-4	7.942271E+0	7.925998E+0
25.0    	215     	7.365326E+0	1.337137E-3	8.30E-2    	25.00     	3409.57 	24.6 	33.1 	7.365950E+0	1.819167E-6 	1.004927E+7	1.703917E+3	-1.616013E+0	7.637626E-5	7.926836E+0	7.910640E+0
25.0    	216     	7.408074E+0	4.433744E-4	-4.15E-1   	25.00     	3412.14 	24.6 	33.1 	7.409084E+0	9.052227E-8 	9.995067E+6	4.670475E+2	-1.615350E+0	1.997498E-4	7.969584E+0	7.953774E+0
25.0    	217     	7.406272E+0	1.521633E-3	-3.15E-1   	25.00     	3414.71 	24.6 	33.1 	7.407430E+0	2.267739E-6 	9.997237E+6	1.900272E+3	-1.615147E+0	1.415392E-4	7.967782E+0	7.952120E+0
25.0    	218     	7.363961E+0	1.137307E-4	-4.69E-1   	25.00     	3417.28 	24.6 	33.1 	7.364742E+0	3.363865E-9 	1.005090E+7	1.000000E+2	-1.615797E+0	1.234234E-4	7.925471E+0	7.909432E+0
25.0    	219     	7.359238E+0	1.145075E-3	-3.59E-1   	25.00     	3419.85 	24.6 	33.1 	7.359755E+0	1.123928E-6 	1.005707E+7	1.401190E+3	-1.616180E+0	1.216553E-4	7.920748E+0	7.904445E+0
25.0    	220     	7.398163E+0	6.887060E-4	-4.22E-1   	25.00     	3422.44 	24.6 	33.1 	7.399158E+0	5.675098E-7 	1.000753E+7	9.073772E+2	-1.615400E+0	9.539392E-5	7.959673E+0	7.943848E+0
25.0    	221     	7.410464E+0	4.825646E-4	-4.80E-1   	25.00     	3425.01 	24.6 	33.1 	7.411474E+0	1.959266E-7 	9.992067E+6	5.762233E+2	-1.615343E+0	1.650253E-4	7.971974E+0	7.956164E+0
25.0    	222     	7.442358E+0	1.318306E-3	-3.04E-1   	25.00     	3427.57 	24.6 	33.1 	7.443734E+0	1.845646E-6 	9.951983E+6	1.665063E+3	-1.614737E+0	1.301281E-4	8.003868E+0	7.988424E+0
25.0    	223     	7.426081E+0	1.444108E-3	-4.37E-1   	25.00     	3430.14 	24.6 	33.1 	7.427067E+0	1.968828E-6 	9.972527E+6	1.779251E+3	-1.615333E+0	6.506407E-5	7.987591E+0	7.971757E+0
25.0    	224     	7.646555E+0	5.151861E-4	-3.91E-1   	25.00     	3432.71 	24.6 	33.1 	7.647979E+0	2.679770E-7 	9.704140E+6	6.104916E+2	-1.614120E+0	6.557439E-5	8.208065E+0	8.192669E+0
25.0    	225     	7.678128E+0	9.422847E-4	-3.01E-1   	25.00     	3435.28 	24.6 	33.1 	7.679989E+0	8.934721E-7 	9.666663E+6	1.108257E+3	-1.613417E+0	1.527525E-5	8.239638E+0	8.224679E+0
25.0    	226     	7.432515E+0	3.428039E-4	-2.67E-1   	25.00     	3437.86 	24.6 	33.1 	7.433339E+0	1.123426E-7 	9.964593E+6	4.027820E+2	-1.615543E+0	2.898850E-4	7.994025E+0	7.978029E+0
25.0    	227     	7.415192E+0	1.048642E-3	-3.28E-1   	25.00     	3440.43 	24.6 	33.1 	7.416013E+0	1.157590E-6 	9.986257E+6	1.330952E+3	-1.615597E+0	6.658328E-5	7.976702E+0	7.960703E+0
25.0    	228     	7.443315E+0	2.193012E-4	-1.64E-1   	25.00     	3442.99 	24.6 	33.1 	7.444534E+0	2.557455E-8 	9.950890E+6	2.357965E+2	-1.614957E+0	8.504901E-5	8.004825E+0	7.989224E+0
25.0    	229     	7.431387E+0	5.525597E-4	-5.02E-1   	25.00     	3445.57 	24.6 	33.1 	7.432304E+0	4.412681E-7 	9.965943E+6	7.593638E+2	-1.615417E+0	1.607275E-4	7.992897E+0	7.976994E+0
25.0    	230     	7.399997E+0	4.233627E-4	-4.95E-1   	25.00     	3448.15 	24.6 	33.1 	7.400927E+0	2.070926E-7 	1.000527E+7	5.507571E+2	-1.615487E+0	1.096966E-4	7.961507E+0	7.945617E+0
25.0    	231     	7.419779E+0	1.074050E-3	-1.47E-1   	25.00     	3450.71 	24.6 	33.1 	7.420752E+0	1.088671E-6 	9.980417E+6	1.325003E+3	-1.615370E+0	6.557439E-5	7.981289E+0	7.965442E+0
25.0    	232     	7.421352E+0	8.426770E-4	-3.83E-1   	25.00     	3453.28 	24.6 	33.1 	7.422466E+0	6.788912E-7 	9.978360E+6	1.041297E+3	-1.615167E+0	1.193035E-4	7.982862E+0	7.967156E+0
25.0    	233     	7.412348E+0	1.704656E-3	-1.29E-1   	25.00     	3455.85 	24.6 	33.1 	7.413482E+0	2.725638E-6 	9.989627E+6	2.102673E+3	-1.615163E+0	1.903506E-4	7.973858E+0	7.958172E+0
25.0    	234     	7.411082E+0	1.507160E-3	-3.60E-1   	25.00     	3458.43 	24.6 	33.1 	7.412058E+0	2.207315E-6 	9.991313E+6	1.877161E+3	-1.615390E+0	6.928203E-5	7.972592E+0	7.956748E+0
25.0    	235     	7.399391E+0	1.681618E-3	-7.76E-2   	25.00     	3460.99 	24.6 	33.1 	7.400262E+0	2.545126E-6 	1.000607E+7	2.059935E+3	-1.615570E+0	2.193171E-4	7.960901E+0	7.944952E+0
25.0    	236     	7.432377E+0	1.626374E-3	-1.48E-1   	25.00     	3463.56 	24.6 	33.1 	7.433354E+0	2.296123E-6 	9.964670E+6	1.959286E+3	-1.615330E+0	1.800000E-4	7.993887E+0	7.978044E+0
25.0    	237     	7.449351E+0	5.172221E-4	-2.17E-1   	25.00     	3466.14 	24.6 	33.1 	7.450427E+0	2.732019E-7 	9.943473E+6	6.429878E+2	-1.615143E+0	1.418920E-4	8.010861E+0	7.995117E+0
25.0    	238     	7.421902E+0	2.686232E-3	-1.79E-1   	25.00     	3468.72 	24.6 	33.1 	7.422530E+0	6.933419E-6 	9.977977E+6	3.327226E+3	-1.615847E+0	8.326664E-5	7.983412E+0	7.967220E+0
25.0    	239     	7.413724E+0	2.828635E-4	-2.48E-1   	25.00     	3471.29 	24.6 	33.1 	7.414742E+0	4.873364E-8 	9.987973E+6	3.000556E+2	-1.615323E+0	2.362908E-4	7.975234E+0	7.959432E+0
25.0    	240     	7.664755E+0	1.140305E-3	-1.51E-1   	25.00     	3473.86 	24.6 	33.1 	7.666383E+0	1.163501E-6 	9.682530E+6	1.306560E+3	-1.613783E+0	1.266228E-4	8.226265E+0	8.211073E+0
25.0    	241     	7.909831E+0	8.491852E-4	-5.20E-2   	25.00     	3476.44 	24.6 	33.1 	7.912374E+0	6.672797E-7 	9.401653E+6	9.252207E+2	-1.611860E+0	5.196152E-5	8.471341E+0	8.457064E+0
25.0    	242     	7.716389E+0	1.754702E-3	-1.52E-1   	25.00     	3479.01 	24.6 	33.1 	7.718370E+0	3.513476E-6 	9.621873E+6	2.110126E+3	-1.613147E+0	2.484619E-4	8.277899E+0	8.263060E+0
25.0    	243     	7.653299E+0	9.352496E-4	-3.16E-1   	25.00     	3481.59 	24.6 	33.1 	7.655070E+0	1.157706E-6 	9.695960E+6	1.187308E+3	-1.613610E+0	2.251666E-4	8.214809E+0	8.199760E+0
25.0    	244     	7.639824E+0	1.462018E-3	-1.87E-1   	25.00     	3484.16 	24.6 	33.1 	7.641746E+0	2.292728E-6 	9.711817E+6	1.763529E+3	-1.613430E+0	9.165151E-5	8.201334E+0	8.186436E+0
25.0    	245     	7.664438E+0	5.079434E-4	-3.51E-3   	25.00     	3486.73 	24.6 	33.1 	7.666292E+0	1.248749E-7 	9.682770E+6	5.068530E+2	-1.613463E+0	2.254625E-4	8.225948E+0	8.210982E+0
25.0    	246     	7.676133E+0	1.240096E-3	-7.41E-2   	25.00     	3489.31 	24.6 	33.1 	7.677982E+0	1.459638E-6 	9.669013E+6	1.437231E+3	-1.613440E+0	1.352775E-4	8.237643E+0	8.222672E+0
25.0    	247     	7.686665E+0	6.943355E-4	-2.35E-1   	25.00     	3491.88 	24.6 	33.1 	7.688598E+0	4.578750E-7 	9.656607E+6	8.002708E+2	-1.613293E+0	1.709776E-4	8.248175E+0	8.233288E+0
25.0    	248     	7.675875E+0	1.126702E-3	-2.72E-1   	25.00     	3494.45 	24.6 	33.1 	7.677815E+0	1.189732E-6 	9.669263E+6	1.302472E+3	-1.613310E+0	5.567764E-5	8.237385E+0	8.222505E+0
25.0    	249     	7.667183E+0	7.505344E-4	-3.33E-1   	25.00     	3497.02 	24.6 	33.1 	7.669332E+0	6.819971E-7 	9.679363E+6	9.263549E+2	-1.613033E+0	1.755942E-4	8.228693E+0	8.214022E+0
25.0    	250     	7.681425E+0	9.197309E-4	-5.28E-1   	25.00     	3499.59 	24.6 	33.1 	7.683343E+0	7.531757E-7 	9.662760E+6	1.047043E+3	-1.613327E+0	1.569501E-4	8.242935E+0	8.228033E+0
25.0    	251     	7.695319E+0	1.402718E-3	-3.03E-1   	25.00     	3502.18 	24.6 	33.1 	7.697229E+0	1.955519E-6 	9.646490E+6	1.637162E+3	-1.613303E+0	1.021437E-4	8.256829E+0	8.241919E+0
25.0    	252     	7.665629E+0	5.534831E-4	-1.19E-1   	25.00     	3504.74 	24.6 	33.1 	7.667500E+0	1.875897E-7 	9.681357E+6	5.800287E+2	-1.613437E+0	1.882374E-4	8.227139E+0	8.212190E+0
25.0    	253     	7.626020E+0	3.347138E-4	-1.84E-1   	25.00     	3507.32 	24.6 	33.1 	7.627755E+0	1.296301E-7 	9.728317E+6	4.130779E+2	-1.613733E+0	4.041452E-5	8.187530E+0	8.172445E+0
25.0    	254     	7.639456E+0	1.465023E-3	2.72E-2    	25.00     	3509.90 	24.6 	33.1 	7.641460E+0	1.939364E-6 	9.712203E+6	1.693409E+3	-1.613313E+0	1.101514E-4	8.200966E+0	8.186150E+0
25.0    	255     	7.687571E+0	9.894871E-4	-8.35E-2   	25.00     	3512.47 	24.6 	33.1 	7.689439E+0	1.119003E-6 	9.655583E+6	1.193706E+3	-1.613383E+0	3.000556E-4	8.249081E+0	8.234129E+0
25.0    	256     	7.930138E+0	1.415770E-3	-4.14E-1   	25.00     	3515.06 	24.6 	33.1 	7.932919E+0	2.157046E-6 	9.379020E+6	1.593393E+3	-1.611467E+0	1.504438E-4	8.491648E+0	8.477609E+0
25.0    	257     	5.693714E+0	1.762336E-3	-3.86E-2   	25.00     	3517.62 	24.6 	33.1 	5.688201E+0	2.477438E-6 	1.274453E+7	3.400490E+3	-1.630583E+0	3.251666E-4	6.255224E+0	6.232891E+0
25.0    	258     	8.144747E+0	4.815264E-4	-4.84E-1   	25.00     	3520.20 	24.6 	33.1 	8.146985E+0	1.952545E-7 	9.147927E+6	4.838733E+2	-1.611733E+0	1.193035E-4	8.706257E+0	8.691675E+0
25.0    	259     	1.129484E+1	7.956743E-4	-3.90E-1   	25.00     	3522.82 	24.6 	33.1 	1.130255E+1	7.131459E-7 	6.714383E+6	4.645787E+2	-1.598517E+0	8.144528E-5	1.185635E+1	1.184724E+1
25.0    	260     	2.372401E+1	1.469613E-3	-3.25E-1   	25.00     	3525.33 	24.6 	33.1 	2.374007E+1	2.172422E-6 	3.276797E+6	1.985783E+2	-1.576393E+0	3.214550E-5	2.428552E+1	2.428476E+1
25.0    	261     	2.822619E+1	5.809115E-4	-3.95E-1   	25.00     	3527.91 	24.6 	33.1 	2.824295E+1	3.349706E-7 	2.764290E+6	5.567764E+1	-1.572297E+0	4.163332E-5	2.878770E+1	2.878764E+1
25.0    	262     	3.432265E+1	2.684070E-3	-5.48E-1   	25.00     	3530.48 	24.6 	33.1 	3.433913E+1	7.216399E-6 	2.281203E+6	1.755942E+2	-1.567647E+0	1.154701E-5	3.488416E+1	3.488382E+1
25.0    	263     	5.029279E+1	1.312780E-3	-3.91E-1   	25.00     	3533.05 	24.6 	33.1 	5.030115E+1	1.725660E-6 	1.564943E+6	4.041452E+1	-1.557897E+0	5.773503E-6	5.085430E+1	5.084584E+1
25.0    	264     	1.101782E+2	2.975862E-3	-2.60E-1   	25.00     	3535.62 	24.6 	33.1 	1.100118E+2	9.582835E-6 	7.191943E+5	1.973153E+1	-1.530117E+0	1.527525E-5	1.107397E+2	1.105565E+2
30.0    	1       	7.343375E+0	2.367040E-3	9.49E+0    	30.00     	3568.10 	24.6 	33.1 	7.344785E+0	5.317829E-6 	1.007670E+7	2.981610E+3	-1.614963E+0	9.451631E-5	7.904885E+0	7.889475E+0
30.0    	2       	7.448097E+0	5.105556E-4	-1.96E-1   	30.00     	3570.48 	24.6 	33.1 	7.449166E+0	3.201357E-7 	9.945037E+6	6.687551E+2	-1.615157E+0	8.504901E-5	8.009607E+0	7.993856E+0
30.0    	3       	7.433801E-1	1.335206E-3	-1.77E-1   	30.00     	3573.05 	24.6 	33.1 	6.101630E-1	9.994343E-7 	6.482463E+7	6.111811E+4	-1.916743E+0	2.802380E-4	1.304890E+0	1.154853E+0
30.0    	4       	7.422044E+0	5.651640E-4	2.09E-2    	30.00     	3575.62 	24.6 	33.1 	7.423590E+0	2.728120E-7 	9.977223E+6	6.703979E+2	-1.614550E+0	2.690725E-4	7.983554E+0	7.968280E+0
30.0    	5       	7.148671E+0	7.639969E-4	-4.31E-1   	30.00     	3578.22 	24.6 	33.1 	7.149067E+0	5.616357E-7 	1.033210E+7	1.014889E+3	-1.616967E+0	4.509250E-5	7.710181E+0	7.693757E+0
30.0    	6       	7.129952E+0	1.355279E-3	-1.81E-1   	30.00     	3580.79 	24.6 	33.1 	7.130160E+0	1.939962E-6 	1.035740E+7	1.852026E+3	-1.617287E+0	1.040833E-4	7.691462E+0	7.674850E+0
30.0    	7       	7.117829E+0	1.695170E-3	-2.06E-1   	30.00     	3583.36 	24.6 	33.1 	7.118385E+0	2.958800E-6 	1.037353E+7	2.307235E+3	-1.616833E+0	1.903506E-4	7.679339E+0	7.663075E+0
30.0    	8       	7.154279E+0	4.732799E-4	-3.96E-1   	30.00     	3585.92 	24.6 	33.1 	7.155545E+0	1.797682E-7 	1.032400E+7	6.000000E+2	-1.615710E+0	9.848858E-5	7.715789E+0	7.700235E+0
30.0    	9       	7.139498E+0	1.781323E-3	4.85E-2    	30.00     	3588.49 	24.6 	33.1 	7.140618E+0	3.580206E-6 	1.034393E+7	2.468468E+3	-1.615963E+0	2.223361E-4	7.701008E+0	7.685308E+0
30.0    	10      	7.129266E+0	1.687542E-3	-9.70E-2   	30.00     	3591.05 	24.6 	33.1 	7.130153E+0	2.901452E-6 	1.035787E+7	2.285461E+3	-1.616327E+0	1.167619E-4	7.690776E+0	7.674843E+0
30.0    	11      	7.128035E+0	9.011322E-4	-1.37E-1   	30.00     	3593.63 	24.6 	33.1 	7.128270E+0	5.392483E-7 	1.035997E+7	1.096966E+3	-1.617253E+0	3.302020E-4	7.689545E+0	7.672960E+0
30.0    	12      	7.152603E+0	1.565824E-3	-3.34E-1   	30.00     	3596.20 	24.6 	33.1 	7.152793E+0	2.647954E-6 	1.032697E+7	2.138535E+3	-1.617243E+0	1.778576E-4	7.714113E+0	7.697483E+0
30.0    	13      	7.111203E+0	1.063944E-3	-2.79E-1   	30.00     	3598.77 	24.6 	33.1 	7.111268E+0	1.074565E-6 	1.038283E+7	1.422439E+3	-1.617543E+0	6.429101E-5	7.672713E+0	7.655958E+0
30.0    	14      	7.358723E+0	1.397197E-3	-1.85E-1   	30.00     	3601.35 	24.6 	33.1 	7.359746E+0	1.848822E-6 	1.005740E+7	1.752142E+3	-1.615470E+0	5.291503E-5	7.920233E+0	7.904436E+0
30.0    	15      	9.398056E-1	1.761702E-3	-2.88E-1   	30.00     	3603.92 	24.6 	33.1 	9.341392E-1	2.241534E-6 	5.340667E+7	5.795294E+4	-1.693483E+0	1.233059E-3	1.501316E+0	1.478829E+0
30.0    	16      	7.601782E+0	4.045972E-4	-1.24E-1   	30.00     	3606.49 	24.6 	33.1 	7.603190E+0	1.389266E-7 	9.757423E+6	4.631774E+2	-1.614260E+0	1.058301E-4	8.163292E+0	8.147880E+0
30.0    	17      	7.128998E+0	2.946077E-4	3.52E-2    	30.00     	3609.06 	24.6 	33.1 	7.129037E+0	1.513366E-7 	1.035880E+7	4.582576E+2	-1.617527E+0	1.677299E-4	7.690508E+0	7.673727E+0
30.0    	18      	6.898475E+0	9.701936E-4	-4.25E-1   	30.00     	3611.63 	24.6 	33.1 	6.897531E+0	1.153599E-6 	1.067997E+7	1.464013E+3	-1.619613E+0	1.817507E-4	7.459985E+0	7.442221E+0
30.0    	19      	7.198481E+0	6.136572E-4	-1.01E-1   	30.00     	3614.20 	24.6 	33.1 	7.199546E+0	6.300437E-7 	1.026527E+7	9.291573E+2	-1.615870E+0	3.019934E-4	7.759991E+0	7.744236E+0
30.0    	20      	6.904874E+0	1.869320E-3	-7.67E-2   	30.00     	3616.77 	24.6 	33.1 	6.904306E+0	3.921317E-6 	1.067053E+7	2.753785E+3	-1.619073E+0	2.000833E-4	7.466384E+0	7.448996E+0
30.0    	21      	6.891924E+0	1.990977E-3	-3.55E-1   	30.00     	3619.35 	24.6 	33.1 	6.890884E+0	4.358487E-6 	1.068943E+7	2.928026E+3	-1.619767E+0	1.484363E-4	7.453434E+0	7.435574E+0
30.0    	22      	6.876000E+0	5.429478E-4	-7.58E-2   	30.00     	3621.92 	24.6 	33.1 	6.875211E+0	3.255875E-7 	1.071217E+7	8.020806E+2	-1.619473E+0	8.020806E-5	7.437510E+0	7.419901E+0
30.0    	23      	6.866401E+0	1.319754E-3	-4.11E-1   	30.00     	3624.48 	24.6 	33.1 	6.865925E+0	1.617936E-6 	1.072580E+7	1.873499E+3	-1.619070E+0	6.244998E-5	7.427911E+0	7.410615E+0
30.0    	24      	6.852192E+0	1.339791E-3	-2.80E-1   	30.00     	3627.06 	24.6 	33.1 	6.852102E+0	1.552886E-6 	1.074610E+7	1.873499E+3	-1.618573E+0	2.302897E-4	7.413702E+0	7.396792E+0
30.0    	25      	6.846331E+0	1.336082E-3	-8.65E-2   	30.00     	3629.63 	24.6 	33.1 	6.845891E+0	1.465437E-6 	1.075487E+7	1.850225E+3	-1.619083E+0	1.882374E-4	7.407841E+0	7.390581E+0
30.0    	26      	6.916125E+0	1.068068E-3	-2.57E-1   	30.00     	3632.20 	24.6 	33.1 	6.915734E+0	1.396395E-6 	1.065433E+7	1.601041E+3	-1.618790E+0	2.662705E-4	7.477635E+0	7.460424E+0
30.0    	27      	6.879353E+0	4.763341E-4	-2.13E-1   	30.00     	3634.77 	24.6 	33.1 	6.878471E+0	4.028403E-7 	1.070740E+7	8.000000E+2	-1.619590E+0	2.260531E-4	7.440863E+0	7.423161E+0
30.0    	28      	6.912915E+0	8.558386E-4	-1.81E-1   	30.00     	3637.36 	24.6 	33.1 	6.912170E+0	9.055704E-7 	1.065917E+7	1.289703E+3	-1.619293E+0	1.594783E-4	7.474425E+0	7.456860E+0
30.0    	29      	6.920381E+0	1.111694E-3	-2.76E-1   	30.00     	3639.91 	24.6 	33.1 	6.919894E+0	1.291099E-6 	1.064833E+7	1.601041E+3	-1.618910E+0	8.544004E-5	7.481891E+0	7.464584E+0
30.0    	30      	6.893129E+0	2.501253E-3	5.50E-2    	30.00     	3642.49 	24.6 	33.1 	6.892791E+0	5.529105E-6 	1.068720E+7	3.482815E+3	-1.618790E+0	2.029778E-4	7.454639E+0	7.437481E+0
30.0    	31      	7.159150E+0	1.300787E-3	-1.00E-1   	30.00     	3645.05 	24.6 	33.1 	7.158394E+0	1.737851E-6 	1.031883E+7	1.750238E+3	-1.618527E+0	1.721434E-4	7.720660E+0	7.703084E+0
30.0    	32      	7.104691E+0	9.786386E-4	-5.40E-2   	30.00     	3647.63 	24.6 	33.1 	7.104849E+0	1.176539E-6 	1.039160E+7	1.400000E+3	-1.617433E+0	1.563117E-4	7.666201E+0	7.649539E+0
30.0    	33      	7.111335E+0	1.325923E-3	-1.74E-2   	30.00     	3650.20 	24.6 	33.1 	7.111186E+0	1.526962E-6 	1.038280E+7	1.734935E+3	-1.617840E+0	1.212436E-4	7.672845E+0	7.655876E+0
30.0    	34      	6.889686E+0	2.107135E-3	-7.29E-2   	30.00     	3652.78 	24.6 	33.1 	6.888992E+0	4.886832E-6 	1.069240E+7	3.100000E+3	-1.619297E+0	2.676440E-4	7.451196E+0	7.433682E+0
30.0    	35      	6.903397E+0	1.315306E-3	-4.70E-1   	30.00     	3655.36 	24.6 	33.1 	6.903220E+0	2.677618E-6 	1.067237E+7	2.112660E+3	-1.618530E+0	4.557412E-4	7.464907E+0	7.447910E+0
30.0    	36      	6.870826E+0	5.584514E-4	-5.42E-1   	30.00     	3657.92 	24.6 	33.1 	6.870128E+0	3.150545E-7 	1.071957E+7	8.082904E+2	-1.619363E+0	3.055050E-5	7.432336E+0	7.414818E+0
30.0    	37      	6.854593E+0	1.120002E-3	5.21E-2    	30.00     	3660.48 	24.6 	33.1 	6.853700E+0	1.440380E-6 	1.074320E+7	1.682260E+3	-1.619687E+0	1.258306E-4	7.416103E+0	7.398390E+0
30.0    	38      	6.800701E+0	6.667006E-4	-8.68E-2   	30.00     	3663.07 	24.6 	33.1 	6.799675E+0	5.266996E-7 	1.082203E+7	1.021437E+3	-1.620050E+0	1.757840E-4	7.362211E+0	7.344365E+0
30.0    	39      	6.829136E+0	4.325215E-4	-1.94E-1   	30.00     	3665.63 	24.6 	33.1 	6.828355E+0	1.658092E-7 	1.078017E+7	6.110101E+2	-1.619617E+0	1.021437E-4	7.390646E+0	7.373045E+0
30.0    	40      	6.853926E+0	1.064258E-3	-2.85E-1   	30.00     	3668.22 	24.6 	33.1 	6.853493E+0	1.012201E-6 	1.074383E+7	1.501111E+3	-1.619050E+0	9.539392E-5	7.415436E+0	7.398183E+0
30.0    	41      	6.852060E+0	3.719896E-4	-1.02E-1   	30.00     	3670.80 	24.6 	33.1 	6.851591E+0	2.641785E-7 	1.074657E+7	6.429101E+2	-1.619107E+0	2.010804E-4	7.413570E+0	7.396281E+0
30.0    	42      	6.829260E+0	8.030432E-4	-1.22E-1   	30.00     	3673.37 	24.6 	33.1 	6.828596E+0	3.936184E-7 	1.077990E+7	1.044031E+3	-1.619453E+0	2.468468E-4	7.390770E+0	7.373286E+0
30.0    	43      	6.812843E+0	1.313130E-3	-4.73E-1   	30.00     	3675.95 	24.6 	33.1 	6.811899E+0	1.830418E-6 	1.080413E+7	1.955335E+3	-1.619897E+0	8.020806E-5	7.374353E+0	7.356589E+0
30.0    	44      	6.844477E+0	2.223597E-3	-3.83E-1   	30.00     	3678.51 	24.6 	33.1 	6.843848E+0	5.074918E-6 	1.075770E+7	3.251154E+3	-1.619353E+0	3.028751E-4	7.405987E+0	7.388538E+0
30.0    	45      	6.896008E+0	5.634783E-4	-3.12E-1   	30.00     	3681.09 	24.6 	33.1 	6.895393E+0	5.055635E-7 	1.068327E+7	9.073772E+2	-1.619167E+0	2.973774E-4	7.457518E+0	7.440083E+0
30.0    	46      	6.923595E+0	1.384332E-3	-9.35E-2   	30.00     	3683.66 	24.6 	33.1 	6.923561E+0	2.208279E-6 	1.064343E+7	2.040425E+3	-1.618267E+0	2.510644E-4	7.485105E+0	7.468251E+0
30.0    	47      	6.897595E+0	1.935797E-3	-5.88E-1   	30.00     	3686.24 	24.6 	33.1 	6.896784E+0	3.866133E-6 	1.068113E+7	2.797022E+3	-1.619433E+0	1.078579E-4	7.459105E+0	7.441474E+0
30.0    	48      	7.373908E+0	1.285811E-3	-3.07E-2   	30.00     	3688.81 	24.6 	33.1 	7.374828E+0	1.774930E-6 	1.003820E+7	1.652271E+3	-1.615573E+0	3.036994E-4	7.935418E+0	7.919518E+0
30.0    	49      	7.139897E+0	1.618035E-3	-2.33E-1   	30.00     	3691.39 	24.6 	33.1 	7.140319E+0	2.712883E-6 	1.034387E+7	2.193931E+3	-1.616957E+0	1.415392E-4	7.701407E+0	7.685009E+0
30.0    	50      	6.903844E+0	7.928340E-4	-2.06E-1   	30.00     	3693.98 	24.6 	33.1 	6.903006E+0	4.447835E-7 	1.067220E+7	1.044031E+3	-1.619450E+0	1.808314E-4	7.465354E+0	7.447696E+0
30.0    	51      	6.865654E+0	1.599805E-4	-1.25E-2   	30.00     	3696.54 	24.6 	33.1 	6.865380E+0	3.628664E-8 	1.072673E+7	2.516611E+2	-1.618790E+0	7.211103E-5	7.427164E+0	7.410070E+0
30.0    	52      	6.838638E+0	1.939206E-3	6.85E-2    	30.00     	3699.16 	24.6 	33.1 	6.837733E+0	3.236400E-6 	1.076640E+7	2.722132E+3	-1.619757E+0	1.871719E-4	7.400148E+0	7.382423E+0
30.0    	53      	6.810128E+0	1.255404E-3	-1.21E-1   	30.00     	3701.68 	24.6 	33.1 	6.808936E+0	1.980053E-6 	1.080830E+7	1.951922E+3	-1.620247E+0	2.818392E-4	7.371638E+0	7.353626E+0
30.0    	54      	6.900740E+0	2.926915E-4	-4.24E-1   	30.00     	3704.26 	24.6 	33.1 	6.900243E+0	1.218518E-7 	1.067640E+7	4.582576E+2	-1.618987E+0	1.059874E-4	7.462250E+0	7.444933E+0
30.0    	55      	6.923473E+0	6.082345E-4	-4.42E-1   	30.00     	3706.83 	24.6 	33.1 	6.922888E+0	3.814072E-7 	1.064400E+7	8.717798E+2	-1.619037E+0	7.371115E-5	7.484983E+0	7.467578E+0
30.0    	56      	6.877914E+0	4.453474E-4	-3.38E-1   	30.00     	3709.41 	24.6 	33.1 	6.877642E+0	2.070731E-7 	1.070903E+7	6.429101E+2	-1.618747E+0	1.703917E-4	7.439424E+0	7.422332E+0
30.0    	57      	6.871821E+0	6.517177E-4	-2.10E-1   	30.00     	3711.98 	24.6 	33.1 	6.871487E+0	5.132431E-7 	1.071787E+7	9.865766E+2	-1.618853E+0	1.266228E-4	7.433331E+0	7.416177E+0
30.0    	58      	6.902081E+0	1.452953E-3	-2.93E-1   	30.00     	3714.54 	24.6 	33.1 	6.901649E+0	2.124934E-6 	1.067443E+7	2.081666E+3	-1.618893E+0	1.778576E-4	7.463591E+0	7.446339E+0
30.0    	59      	6.919133E+0	1.846472E-3	-3.95E-1   	30.00     	3717.11 	24.6 	33.1 	6.918430E+0	3.682109E-6 	1.065027E+7	2.683903E+3	-1.619213E+0	1.069268E-4	7.480643E+0	7.463120E+0
30.0    	60      	6.828830E+0	1.201694E-3	-2.03E-1   	30.00     	3719.68 	24.6 	33.1 	6.827704E+0	1.466603E-6 	1.078087E+7	1.761628E+3	-1.620093E+0	5.507571E-5	7.390340E+0	7.372394E+0
30.0    	61      	7.147764E+0	2.587576E-3	-6.36E-2   	30.00     	3722.27 	24.6 	33.1 	7.147988E+0	6.166318E-6 	1.033343E+7	3.401960E+3	-1.617210E+0	1.493318E-4	7.709274E+0	7.692678E+0
30.0    	62      	7.207891E+0	1.594053E-3	-2.04E-1   	30.00     	3724.84 	24.6 	33.1 	7.209039E+0	3.104111E-6 	1.025277E+7	2.214347E+3	-1.615723E+0	3.365016E-4	7.769401E+0	7.753729E+0
30.0    	63      	7.201260E+0	1.428962E-3	-2.13E-1   	30.00     	3727.42 	24.6 	33.1 	7.201855E+0	2.575349E-6 	1.026190E+7	2.007486E+3	-1.616530E+0	2.523886E-4	7.762770E+0	7.746545E+0
30.0    	64      	9.877965E-1	3.492925E-4	2.09E-3    	30.00     	3729.99 	24.6 	33.1 	9.142503E-1	2.568093E-7 	5.293010E+7	1.181144E+4	-1.814717E+0	7.613365E-4	1.549307E+0	1.458940E+0
30.0    	65      	7.162017E+0	2.862946E-4	-3.51E-1   	30.00     	3732.56 	24.6 	33.1 	7.161957E+0	8.036521E-8 	1.031453E+7	3.785939E+2	-1.617563E+0	8.621678E-5	7.723527E+0	7.706647E+0
30.0    	66      	6.900525E+0	9.899978E-4	-3.91E-1   	30.00     	3735.13 	24.6 	33.1 	6.899854E+0	1.230612E-6 	1.067683E+7	1.501111E+3	-1.619230E+0	2.402082E-4	7.462035E+0	7.444544E+0
30.0    	67      	6.867064E+0	9.667601E-4	-2.82E-1   	30.00     	3737.71 	24.6 	33.1 	6.866091E+0	9.130892E-7 	1.072520E+7	1.389244E+3	-1.619757E+0	1.527525E-5	7.428574E+0	7.410781E+0
30.0    	68      	6.824857E+0	1.096417E-3	-3.95E-1   	30.00     	3740.28 	24.6 	33.1 	6.823785E+0	1.243272E-6 	1.078663E+7	1.616581E+3	-1.620033E+0	4.041452E-5	7.386367E+0	7.368475E+0
30.0    	69      	6.903757E+0	3.721853E-4	-3.05E-1   	30.00     	3742.84 	24.6 	33.1 	6.902953E+0	1.904891E-7 	1.067230E+7	5.567764E+2	-1.619403E+0	3.178574E-4	7.465267E+0	7.447643E+0
30.0    	70      	6.855117E+0	1.824298E-3	-3.44E-1   	30.00     	3745.41 	24.6 	33.1 	6.854463E+0	3.239710E-6 	1.074227E+7	2.627420E+3	-1.619353E+0	3.511885E-5	7.416627E+0	7.399153E+0
30.0    	71      	6.830579E+0	2.309319E-3	2.48E-2    	30.00     	3747.99 	24.6 	33.1 	6.829653E+0	5.204531E-6 	1.077817E+7	3.350124E+3	-1.619813E+0	4.041452E-5	7.392089E+0	7.374343E+0
30.0    	72      	6.922910E+0	1.050200E-3	-2.17E-1   	30.00     	3750.56 	24.6 	33.1 	6.922467E+0	1.099767E-6 	1.064470E+7	1.493318E+3	-1.618840E+0	1.113553E-4	7.484420E+0	7.467157E+0
30.0    	73      	6.942132E+0	2.554780E-3	-1.73E-1   	30.00     	3753.12 	24.6 	33.1 	6.941925E+0	6.456361E-6 	1.061723E+7	3.608786E+3	-1.618450E+0	1.752142E-4	7.503642E+0	7.486615E+0
30.0    	74      	6.873724E+0	3.144001E-3	-2.57E-1   	30.00     	3755.70 	24.6 	33.1 	6.873098E+0	1.078440E-5 	1.071533E+7	4.631774E+3	-1.619253E+0	4.572016E-4	7.435234E+0	7.417788E+0
30.0    	75      	6.821305E+0	1.338462E-3	-2.54E-1   	30.00     	3758.28 	24.6 	33.1 	6.820818E+0	1.684581E-6 	1.079140E+7	1.928730E+3	-1.619233E+0	6.506407E-5	7.382815E+0	7.365508E+0
30.0    	76      	7.219946E+0	1.678398E-3	-1.56E-1   	30.00     	3760.84 	24.6 	33.1 	7.220589E+0	3.245805E-6 	1.023720E+7	2.291288E+3	-1.616407E+0	1.877054E-4	7.781456E+0	7.765279E+0
30.0    	77      	7.324387E-1	5.696443E-4	-5.32E-1   	30.00     	3763.40 	24.6 	33.1 	6.093912E-1	4.383143E-7 	6.511987E+7	3.208058E+4	-1.905803E+0	3.927255E-4	1.293949E+0	1.154081E+0
30.0    	78      	7.345066E-1	1.283680E-3	-7.77E-2   	30.00     	3765.98 	24.6 	33.1 	6.100690E-1	2.727470E-7 	6.504880E+7	3.144773E+4	-1.907247E+0	1.715935E-3	1.296017E+0	1.154759E+0
30.0    	79      	7.227982E+0	1.765200E-3	-4.37E-1   	30.00     	3768.55 	24.6 	33.1 	7.228616E+0	3.330961E-6 	1.022663E+7	2.358672E+3	-1.616397E+0	1.527525E-4	7.789492E+0	7.773306E+0
30.0    	80      	7.463612E+0	7.592664E-4	-4.53E-1   	30.00     	3771.13 	24.6 	33.1 	7.464407E+0	6.950479E-7 	9.925960E+6	9.824459E+2	-1.615497E+0	2.203028E-4	8.025122E+0	8.009097E+0
30.0    	81      	7.174617E+0	8.328402E-4	-1.71E-1   	30.00     	3773.70 	24.6 	33.1 	7.174580E+0	1.084908E-6 	1.029770E+7	1.249000E+3	-1.617493E+0	2.936551E-4	7.736127E+0	7.719270E+0
30.0    	82      	6.902719E+0	3.241719E-4	-2.77E-1   	30.00     	3776.27 	24.6 	33.1 	6.901896E+0	8.132389E-8 	1.067380E+7	4.358899E+2	-1.619433E+0	6.027714E-5	7.464229E+0	7.446586E+0
30.0    	83      	6.858396E+0	1.091727E-3	-9.16E-2   	30.00     	3778.85 	24.6 	33.1 	6.857347E+0	1.001418E-6 	1.073780E+7	1.513275E+3	-1.619890E+0	2.029778E-4	7.419906E+0	7.402037E+0
30.0    	84      	6.940449E+0	7.645439E-4	-4.27E-1   	30.00     	3781.42 	24.6 	33.1 	6.939655E+0	5.572990E-7 	1.062003E+7	1.069268E+3	-1.619270E+0	1.113553E-4	7.501959E+0	7.484345E+0
30.0    	85      	6.884701E+0	2.029444E-3	-2.92E-1   	30.00     	3783.98 	24.6 	33.1 	6.883913E+0	3.857686E-6 	1.069963E+7	2.872862E+3	-1.619443E+0	9.291573E-5	7.446211E+0	7.428603E+0
30.0    	86      	6.890710E+0	6.080382E-4	-3.94E-1   	30.00     	3786.55 	24.6 	33.1 	6.890101E+0	4.762932E-7 	1.069087E+7	9.291573E+2	-1.619177E+0	1.892969E-4	7.452220E+0	7.434791E+0
30.0    	87      	7.008011E+0	1.605302E-3	-2.78E-1   	30.00     	3789.13 	24.6 	33.1 	7.007791E+0	2.232967E-6 	1.052473E+7	2.157159E+3	-1.618260E+0	1.652271E-4	7.569521E+0	7.552481E+0
30.0    	88      	6.988879E+0	1.526871E-3	-3.60E-3   	30.00     	3791.70 	24.6 	33.1 	6.988468E+0	2.272267E-6 	1.055157E+7	2.122106E+3	-1.618587E+0	7.505553E-5	7.550389E+0	7.533158E+0
30.0    	89      	7.009797E+0	1.090946E-3	-1.18E-1   	30.00     	3794.26 	24.6 	33.1 	7.009551E+0	1.149691E-6 	1.052227E+7	1.504438E+3	-1.618290E+0	8.185353E-5	7.571307E+0	7.554241E+0
30.0    	90      	7.052248E+0	1.156615E-3	-2.41E-3   	30.01     	3796.83 	24.6 	33.1 	7.052099E+0	1.469068E-6 	1.046347E+7	1.628906E+3	-1.618023E+0	1.106044E-4	7.613758E+0	7.596789E+0
30.0    	91      	6.965868E+0	1.263431E-3	-5.90E-1   	30.00     	3799.41 	24.6 	33.1 	6.965399E+0	1.435545E-6 	1.058390E+7	1.732051E+3	-1.618740E+0	1.249000E-4	7.527378E+0	7.510089E+0
30.0    	92      	6.857601E+0	2.084154E-3	-4.51E-1   	30.00     	3801.98 	24.6 	33.1 	6.856946E+0	4.279052E-6 	1.073867E+7	3.008876E+3	-1.619347E+0	6.429101E-5	7.419111E+0	7.401636E+0
30.0    	93      	7.272337E+0	1.600738E-3	-4.20E-1   	30.00     	3804.57 	24.6 	33.1 	7.272670E+0	2.441133E-6 	1.016887E+7	2.052641E+3	-1.616687E+0	2.154840E-4	7.833847E+0	7.817360E+0
30.0    	94      	7.168598E+0	1.493156E-3	-3.39E-1   	30.00     	3807.13 	24.6 	33.1 	7.168751E+0	2.058836E-6 	1.030560E+7	1.951922E+3	-1.617247E+0	1.955335E-4	7.730108E+0	7.713441E+0
30.0    	95      	6.903484E+0	6.645762E-4	-4.90E-1   	30.00     	3809.70 	24.6 	33.1 	6.902668E+0	3.347803E-7 	1.067270E+7	8.888194E+2	-1.619420E+0	1.374773E-4	7.464994E+0	7.447358E+0
30.0    	96      	7.185561E+0	1.814568E-3	-3.93E-1   	30.00     	3812.26 	24.6 	33.1 	7.185430E+0	3.176437E-6 	1.028320E+7	2.389561E+3	-1.617590E+0	4.358899E-5	7.747071E+0	7.730120E+0
30.0    	97      	7.163030E+0	6.576649E-4	-3.30E-1   	30.00     	3814.84 	24.6 	33.1 	7.163138E+0	2.548802E-7 	1.031307E+7	7.767453E+2	-1.617327E+0	2.107922E-4	7.724540E+0	7.707828E+0
30.0    	98      	6.886660E+0	9.640668E-4	3.86E-2    	30.00     	3817.41 	24.6 	33.1 	6.885802E+0	9.880958E-7 	1.069687E+7	1.404754E+3	-1.619533E+0	1.814754E-4	7.448170E+0	7.430492E+0
30.0    	99      	6.864597E+0	2.021290E-3	-3.69E-1   	30.00     	3819.99 	24.6 	33.1 	6.863719E+0	4.643642E-6 	1.072870E+7	3.019934E+3	-1.619633E+0	2.107922E-4	7.426107E+0	7.408409E+0
30.0    	100     	6.935357E+0	1.762120E-3	-3.62E-1   	30.00     	3822.58 	24.6 	33.1 	6.934783E+0	3.226954E-6 	1.062710E+7	2.523886E+3	-1.618983E+0	1.703917E-4	7.496867E+0	7.479473E+0
30.0    	101     	6.836485E+0	3.848373E-4	-3.26E-1   	30.00     	3825.16 	24.6 	33.1 	6.835766E+0	1.104285E-7 	1.076940E+7	5.196152E+2	-1.619507E+0	1.274101E-4	7.397995E+0	7.380456E+0
30.0    	102     	6.959761E+0	2.009833E-3	-3.20E-1   	30.00     	3827.72 	24.6 	33.1 	6.959250E+0	3.672719E-6 	1.059253E+7	2.761038E+3	-1.618817E+0	3.950105E-4	7.521271E+0	7.503940E+0
30.0    	103     	6.923752E+0	5.371636E-4	-2.96E-1   	30.00     	3830.30 	24.6 	33.1 	6.923498E+0	4.345654E-7 	1.064337E+7	8.504901E+2	-1.618573E+0	1.934770E-4	7.485262E+0	7.468188E+0
30.0    	104     	6.913667E+0	1.861069E-3	-2.29E-1   	30.00     	3832.87 	24.6 	33.1 	6.913472E+0	3.502037E-6 	1.065770E+7	2.662705E+3	-1.618523E+0	1.588500E-4	7.475177E+0	7.458162E+0
30.0    	105     	6.959359E+0	1.459728E-3	-8.32E-2   	30.00     	3835.44 	24.6 	33.1 	6.958943E+0	1.679250E-6 	1.059303E+7	1.942507E+3	-1.618687E+0	2.254625E-4	7.520869E+0	7.503633E+0
30.0    	106     	6.986112E+0	1.695300E-3	-4.19E-1   	30.00     	3838.02 	24.6 	33.1 	6.985900E+0	3.265926E-6 	1.055530E+7	2.451530E+3	-1.618317E+0	1.877054E-4	7.547622E+0	7.530590E+0
30.0    	107     	7.064105E+0	2.164366E-3	-4.88E-2   	30.00     	3840.59 	24.6 	33.1 	7.064314E+0	4.702187E-6 	1.044693E+7	2.970410E+3	-1.617487E+0	1.006645E-4	7.625615E+0	7.609004E+0
30.0    	108     	6.921455E+0	1.588984E-3	4.41E-2    	30.00     	3843.17 	24.6 	33.1 	6.920833E+0	2.997790E-6 	1.064690E+7	2.364318E+3	-1.619093E+0	2.285461E-4	7.482965E+0	7.465523E+0
30.0    	109     	6.904591E+0	1.014028E-3	-6.83E-2   	30.00     	3845.75 	24.6 	33.1 	6.903564E+0	1.221937E-6 	1.067127E+7	1.514376E+3	-1.619707E+0	2.050203E-4	7.466101E+0	7.448254E+0
30.0    	110     	6.864623E+0	7.948089E-4	-3.14E-1   	30.00     	3848.31 	24.6 	33.1 	6.863922E+0	6.551569E-7 	1.072853E+7	1.159023E+3	-1.619390E+0	1.014889E-4	7.426133E+0	7.408612E+0
30.0    	111     	6.878146E+0	1.515848E-3	-5.37E-1   	30.00     	3850.88 	24.6 	33.1 	6.877134E+0	2.924356E-6 	1.070923E+7	2.324507E+3	-1.619773E+0	2.731910E-4	7.439656E+0	7.421824E+0
30.0    	112     	7.182575E+0	4.314884E-4	-3.35E-1   	30.00     	3853.45 	24.6 	33.1 	7.182647E+0	9.702488E-8 	1.028703E+7	4.932883E+2	-1.617317E+0	1.738774E-4	7.744085E+0	7.727337E+0
30.0    	113     	7.148596E+0	2.030575E-3	-1.18E-1   	30.00     	3856.04 	24.6 	33.1 	7.148548E+0	3.893786E-6 	1.033250E+7	2.685144E+3	-1.617587E+0	9.712535E-5	7.710106E+0	7.693238E+0
30.0    	114     	6.877749E+0	2.590149E-4	-3.69E-1   	30.00     	3858.60 	24.6 	33.1 	6.876837E+0	1.026550E-7 	1.070973E+7	4.163332E+2	-1.619637E+0	1.059874E-4	7.439259E+0	7.421527E+0
30.0    	115     	6.859506E+0	1.537589E-3	-1.84E-1   	30.00     	3861.17 	24.6 	33.1 	6.858539E+0	2.146185E-6 	1.073613E+7	2.173323E+3	-1.619773E+0	1.601041E-4	7.421016E+0	7.403229E+0
30.0    	116     	6.917859E+0	1.423077E-3	-3.83E-1   	30.00     	3863.74 	24.6 	33.1 	6.917038E+0	1.445941E-6 	1.065217E+7	1.871719E+3	-1.619380E+0	3.031501E-4	7.479369E+0	7.461728E+0
30.0    	117     	6.852623E+0	1.019756E-3	-2.43E-1   	30.00     	3866.31 	24.6 	33.1 	6.851856E+0	9.236821E-7 	1.074597E+7	1.436431E+3	-1.619520E+0	1.212436E-4	7.414133E+0	7.396546E+0
30.0    	118     	6.938937E+0	2.887642E-3	-3.81E-1   	30.00     	3868.92 	24.6 	33.1 	6.938347E+0	7.493375E-6 	1.062203E+7	3.987898E+3	-1.618993E+0	2.000833E-4	7.500447E+0	7.483037E+0
30.0    	119     	6.895351E+0	7.953282E-4	-3.50E-1   	30.00     	3871.48 	24.6 	33.1 	6.894795E+0	3.705604E-7 	1.068417E+7	1.006645E+3	-1.619087E+0	2.602563E-4	7.456861E+0	7.439485E+0
30.0    	120     	6.898274E+0	6.337790E-4	-5.14E-1   	30.00     	3874.04 	24.6 	33.1 	6.897638E+0	3.059324E-7 	1.068003E+7	8.504901E+2	-1.619190E+0	1.126943E-4	7.459784E+0	7.442328E+0
30.0    	121     	6.958851E+0	3.753655E-4	-4.04E-1   	30.00     	3876.63 	24.6 	33.1 	6.958458E+0	2.086891E-7 	1.059373E+7	5.859465E+2	-1.618657E+0	1.320353E-4	7.520361E+0	7.503148E+0
30.0    	122     	6.943693E+0	1.368268E-3	-3.98E-1   	30.00     	3879.20 	24.6 	33.1 	6.943329E+0	1.892279E-6 	1.061513E+7	1.942507E+3	-1.618663E+0	2.516611E-5	7.505203E+0	7.488019E+0
30.0    	123     	7.026533E+0	6.706442E-4	-2.96E-1   	30.00     	3881.76 	24.6 	33.1 	7.026286E+0	4.819476E-7 	1.049903E+7	9.451631E+2	-1.618240E+0	5.196152E-5	7.588043E+0	7.570976E+0
30.0    	124     	6.985429E+0	5.227407E-4	-4.60E-2   	30.00     	3884.33 	24.6 	33.1 	6.985107E+0	1.276603E-7 	1.055633E+7	6.110101E+2	-1.618473E+0	2.764658E-4	7.546939E+0	7.529797E+0
30.0    	125     	6.855849E+0	1.605915E-3	-1.66E-1   	30.00     	3886.90 	24.6 	33.1 	6.854881E+0	2.326273E-6 	1.074143E+7	2.267892E+3	-1.619787E+0	2.154840E-4	7.417359E+0	7.399571E+0
30.0    	126     	6.856972E+0	1.684970E-3	6.73E-2    	30.00     	3889.48 	24.6 	33.1 	6.855965E+0	2.655904E-6 	1.073983E+7	2.400694E+3	-1.619837E+0	1.662328E-4	7.418482E+0	7.400655E+0
30.0    	127     	6.869886E+0	1.504339E-3	-9.41E-2   	30.00     	3892.04 	24.6 	33.1 	6.869222E+0	2.260886E-6 	1.072090E+7	2.170253E+3	-1.619320E+0	1.907878E-4	7.431396E+0	7.413912E+0
30.0    	128     	7.136811E+0	1.012681E-3	-4.33E-1   	30.00     	3894.61 	24.6 	33.1 	7.136616E+0	1.201919E-6 	1.034843E+7	1.418920E+3	-1.617827E+0	1.270171E-4	7.698321E+0	7.681306E+0
30.0    	129     	7.125357E+0	1.124432E-3	-2.69E-2   	30.00     	3897.20 	24.6 	33.1 	7.125463E+0	1.070965E-6 	1.036367E+7	1.457166E+3	-1.617443E+0	1.222020E-4	7.686867E+0	7.670153E+0
30.0    	130     	6.876273E+0	4.801429E-4	-1.34E-1   	30.00     	3899.76 	24.6 	33.1 	6.875399E+0	2.827921E-7 	1.071183E+7	7.234178E+2	-1.619590E+0	1.946792E-4	7.437783E+0	7.420089E+0
30.0    	131     	6.853957E+0	1.186585E-3	-3.87E-1   	30.00     	3902.33 	24.6 	33.1 	6.853371E+0	1.006748E-6 	1.074390E+7	1.587451E+3	-1.619263E+0	2.650157E-4	7.415467E+0	7.398061E+0
30.0    	132     	6.899899E+0	4.094938E-4	-1.04E-1   	30.01     	3904.91 	24.6 	33.1 	6.899176E+0	1.327572E-7 	1.067777E+7	5.507571E+2	-1.619303E+0	1.357694E-4	7.461409E+0	7.443866E+0
30.0    	133     	6.878171E+0	7.355960E-4	-3.45E-1   	30.00     	3907.48 	24.6 	33.1 	6.877571E+0	5.122371E-7 	1.070890E+7	1.044031E+3	-1.619203E+0	1.159023E-4	7.439681E+0	7.422261E+0
30.0    	134     	6.953427E+0	7.784694E-4	-7.82E-2   	30.00     	3910.05 	24.6 	33.1 	6.953017E+0	4.382910E-7 	1.060140E+7	1.014889E+3	-1.618697E+0	2.084067E-4	7.514937E+0	7.497707E+0
30.0    	135     	6.925150E+0	6.850400E-4	-1.15E-1   	30.00     	3912.63 	24.6 	33.1 	6.924489E+0	6.048212E-7 	1.064167E+7	1.040833E+3	-1.619137E+0	1.305118E-4	7.486660E+0	7.469179E+0
30.0    	136     	6.795449E+0	4.664399E-4	-1.83E-1   	30.00     	3915.20 	24.6 	33.1 	6.794561E+0	3.471579E-7 	1.082967E+7	7.767453E+2	-1.619877E+0	1.908752E-4	7.356959E+0	7.339251E+0
30.0    	137     	6.783805E+0	1.095873E-3	-9.20E-2   	30.00     	3917.76 	24.6 	33.1 	6.782856E+0	1.251696E-6 	1.084690E+7	1.637071E+3	-1.620000E+0	4.358899E-5	7.345315E+0	7.327546E+0
30.0    	138     	6.954910E+0	3.558582E-4	-4.64E-1   	30.00     	3920.34 	24.6 	33.1 	6.954509E+0	6.854641E-8 	1.059930E+7	4.358899E+2	-1.618680E+0	1.300000E-4	7.516420E+0	7.499199E+0
30.0    	139     	7.013667E+0	9.437599E-4	-3.02E-1   	30.00     	3922.91 	24.6 	33.1 	7.013494E+0	1.041916E-6 	1.051683E+7	1.361372E+3	-1.618177E+0	2.324507E-4	7.575177E+0	7.558184E+0
30.0    	140     	6.971578E+0	7.569167E-4	-4.48E-2   	30.00     	3925.48 	24.6 	33.1 	6.971490E+0	3.818266E-7 	1.057560E+7	9.643651E+2	-1.618190E+0	2.227106E-4	7.533088E+0	7.516180E+0
30.0    	141     	6.843068E+0	1.074565E-3	-2.78E-1   	30.00     	3928.06 	24.6 	33.1 	6.842186E+0	1.607038E-6 	1.075993E+7	1.703917E+3	-1.619710E+0	2.762245E-4	7.404578E+0	7.386876E+0
30.0    	142     	6.845474E+0	7.077298E-4	-1.02E-1   	30.00     	3930.63 	24.6 	33.1 	6.844913E+0	7.323205E-7 	1.075620E+7	1.135782E+3	-1.619257E+0	2.250185E-4	7.406984E+0	7.389603E+0
30.0    	143     	6.869438E+0	8.690713E-4	3.25E-2    	30.00     	3933.20 	24.6 	33.1 	6.868469E+0	7.903261E-7 	1.072177E+7	1.266228E+3	-1.619743E+0	1.871719E-4	7.430948E+0	7.413159E+0
30.0    	144     	7.128958E+0	1.329801E-3	-5.19E-1   	30.00     	3935.77 	24.6 	33.1 	7.129176E+0	1.648635E-6 	1.035873E+7	1.761628E+3	-1.617277E+0	1.193035E-4	7.690468E+0	7.673866E+0
30.0    	145     	7.126736E+0	9.345525E-4	-3.67E-1   	30.00     	3938.35 	24.6 	33.1 	7.126604E+0	7.836303E-7 	1.036197E+7	1.222020E+3	-1.617770E+0	2.505993E-4	7.688246E+0	7.671294E+0
30.0    	146     	6.870813E+0	1.738123E-3	-7.34E-2   	30.00     	3940.92 	24.6 	33.1 	6.869865E+0	2.977841E-6 	1.071977E+7	2.498666E+3	-1.619710E+0	2.100000E-4	7.432323E+0	7.414555E+0
30.0    	147     	6.846310E+0	6.006507E-4	-3.11E-1   	30.00     	3943.48 	24.6 	33.1 	6.845224E+0	2.021568E-7 	1.075537E+7	7.571878E+2	-1.619980E+0	2.740438E-4	7.407820E+0	7.389914E+0
30.0    	148     	7.181324E+0	8.131624E-4	-3.46E-1   	30.00     	3946.08 	24.6 	33.1 	7.181543E+0	6.090317E-7 	1.028860E+7	1.058301E+3	-1.617117E+0	1.266228E-4	7.742834E+0	7.726233E+0
30.0    	149     	6.875838E+0	1.090934E-3	-2.65E-1   	30.00     	3948.62 	24.6 	33.1 	6.874864E+0	1.363293E-6 	1.071253E+7	1.625833E+3	-1.619730E+0	2.128380E-4	7.437348E+0	7.419554E+0
30.0    	150     	6.944151E+0	1.162093E-3	-1.57E-1   	30.00     	3951.19 	24.6 	33.1 	6.943390E+0	1.387314E-6 	1.061477E+7	1.656301E+3	-1.619213E+0	6.658328E-5	7.505661E+0	7.488080E+0
30.0    	151     	6.988315E+0	8.125915E-4	-2.99E-1   	30.00     	3953.78 	24.6 	33.1 	6.987888E+0	5.713330E-7 	1.055237E+7	1.096966E+3	-1.618610E+0	9.643651E-5	7.549825E+0	7.532578E+0
30.0    	152     	6.930081E+0	1.518023E-3	-2.68E-1   	30.00     	3956.34 	24.6 	33.1 	6.929497E+0	2.724740E-6 	1.063460E+7	2.251666E+3	-1.619013E+0	1.921805E-4	7.491591E+0	7.474187E+0
30.0    	153     	6.925159E+0	8.796055E-4	-1.64E-1   	30.00     	3958.93 	24.6 	33.1 	6.924620E+0	6.625229E-7 	1.064157E+7	1.201388E+3	-1.618967E+0	2.013289E-4	7.486669E+0	7.469310E+0
30.0    	154     	6.973240E+0	6.579082E-4	-1.54E-1   	30.00     	3961.47 	24.6 	33.1 	6.972865E+0	4.036487E-7 	1.057347E+7	9.073772E+2	-1.618587E+0	9.018500E-5	7.534750E+0	7.517555E+0
30.0    	155     	7.026769E+0	9.342403E-4	-4.05E-1   	30.00     	3964.05 	24.6 	33.1 	7.026435E+0	1.322928E-6 	1.049877E+7	1.443376E+3	-1.618360E+0	3.080584E-4	7.588279E+0	7.571125E+0
30.0    	156     	6.895353E+0	1.146953E-3	-3.38E-1   	30.00     	3966.64 	24.6 	33.1 	6.894747E+0	1.527135E-6 	1.068420E+7	1.708801E+3	-1.619157E+0	1.415392E-4	7.456863E+0	7.439437E+0
30.0    	157     	6.840769E+0	3.017122E-2	-2.43E-1   	30.00     	3969.19 	24.6 	33.1 	6.840761E+0	9.840643E-4 	1.076277E+7	4.486316E+4	-1.618460E+0	2.335466E-3	7.402279E+0	7.385451E+0
30.0    	158     	6.837391E+0	2.671919E-3	-2.59E-1   	30.00     	3971.78 	24.6 	33.1 	6.836600E+0	7.388298E-6 	1.076813E+7	3.927255E+3	-1.619603E+0	7.571878E-5	7.398901E+0	7.381290E+0
30.0    	159     	6.877236E+0	1.537034E-3	-5.61E-1   	30.00     	3974.37 	24.6 	33.1 	6.876379E+0	2.103514E-6 	1.071043E+7	2.150194E+3	-1.619563E+0	2.482606E-4	7.438746E+0	7.421069E+0
30.0    	160     	7.127263E+0	1.624772E-3	-4.00E-1   	30.00     	3976.91 	24.6 	33.1 	7.127017E+0	2.377278E-6 	1.036133E+7	2.136196E+3	-1.617927E+0	1.115049E-4	7.688773E+0	7.671707E+0
30.0    	161     	7.118494E+0	4.695439E-4	-3.58E-1   	30.00     	3979.49 	24.6 	33.1 	7.118459E+0	3.606149E-7 	1.037303E+7	7.234178E+2	-1.617660E+0	1.852026E-4	7.680004E+0	7.663149E+0
30.0    	162     	6.883571E+0	6.831026E-4	-4.22E-1   	30.00     	3982.06 	24.6 	33.1 	6.882634E+0	5.133408E-7 	1.070137E+7	1.001665E+3	-1.619653E+0	2.052641E-4	7.445081E+0	7.427324E+0
30.0    	163     	7.151899E+0	1.396365E-3	-3.72E-1   	30.00     	3984.64 	24.6 	33.1 	7.151856E+0	1.641569E-6 	1.032807E+7	1.792577E+3	-1.617570E+0	2.260531E-4	7.713409E+0	7.696546E+0
30.0    	164     	7.347009E-1	5.174838E-4	-5.79E-1   	30.00     	3987.21 	24.6 	33.1 	6.070267E-1	2.882618E-7 	6.512977E+7	2.090941E+4	-1.911210E+0	8.239539E-4	1.296211E+0	1.151717E+0
30.0    	165     	7.146633E+0	2.901346E-5	3.26E-2    	30.00     	3989.78 	24.6 	33.1 	7.146733E+0	2.926958E-8 	1.033503E+7	1.154701E+2	-1.617387E+0	2.444040E-4	7.708143E+0	7.691423E+0
30.0    	166     	6.892293E+0	1.947367E-3	-3.97E-1   	30.00     	3992.36 	24.6 	33.1 	6.891537E+0	3.243676E-6 	1.068870E+7	2.688866E+3	-1.619373E+0	2.569695E-4	7.453803E+0	7.436227E+0
30.0    	167     	6.932775E+0	2.073875E-3	-1.61E-1   	30.00     	3994.94 	24.6 	33.1 	6.932434E+0	4.306320E-6 	1.063060E+7	2.946184E+3	-1.618667E+0	9.073772E-5	7.494285E+0	7.477124E+0
30.0    	168     	7.026668E+0	1.579890E-3	-2.24E-1   	30.00     	3997.51 	24.6 	33.1 	7.026344E+0	2.421540E-6 	1.049890E+7	2.170253E+3	-1.618347E+0	1.844813E-4	7.588178E+0	7.571034E+0
30.0    	169     	7.039220E+0	1.799934E-4	-2.08E-1   	30.00     	4000.10 	24.6 	33.1 	7.038860E+0	1.849989E-8 	1.048157E+7	2.081666E+2	-1.618357E+0	1.436431E-4	7.600730E+0	7.583550E+0
30.0    	170     	7.002000E+0	1.513363E-3	-3.73E-1   	30.00     	4002.67 	24.6 	33.1 	7.001696E+0	2.242126E-6 	1.053317E+7	2.098412E+3	-1.618397E+0	5.773503E-5	7.563510E+0	7.546386E+0
30.0    	171     	6.925959E+0	8.199926E-4	-2.17E-1   	30.00     	4005.23 	24.6 	33.1 	6.925366E+0	9.213441E-7 	1.064047E+7	1.266228E+3	-1.619040E+0	1.967232E-4	7.487469E+0	7.470056E+0
30.0    	172     	6.835989E+0	1.366719E-3	-1.55E-1   	30.00     	4007.80 	24.6 	33.1 	6.835165E+0	2.157956E-6 	1.077020E+7	2.066398E+3	-1.619653E+0	1.607275E-4	7.397499E+0	7.379855E+0
30.0    	173     	6.865918E+0	1.739747E-3	-1.48E-1   	30.00     	4010.37 	24.6 	33.1 	6.864933E+0	2.799774E-6 	1.072687E+7	2.466441E+3	-1.619777E+0	1.767295E-4	7.427428E+0	7.409623E+0
30.0    	174     	6.822488E+0	2.289557E-3	-4.64E-1   	30.00     	4012.95 	24.6 	33.1 	6.821732E+0	5.089301E-6 	1.078987E+7	3.324655E+3	-1.619603E+0	1.209683E-4	7.383998E+0	7.366422E+0
30.0    	175     	6.880092E+0	2.143787E-3	-2.23E-1   	30.00     	4015.52 	24.6 	33.1 	6.879214E+0	4.036038E-6 	1.070633E+7	2.990541E+3	-1.619583E+0	1.789786E-4	7.441602E+0	7.423904E+0
30.0    	176     	7.123517E+0	7.363498E-4	-2.28E-1   	30.00     	4018.10 	24.6 	33.1 	7.123452E+0	4.702878E-7 	1.036627E+7	9.451631E+2	-1.617687E+0	3.544479E-4	7.685027E+0	7.668142E+0
30.0    	177     	7.107704E+0	8.531175E-4	-1.73E-1   	30.00     	4020.67 	24.6 	33.1 	7.107684E+0	5.905761E-7 	1.038763E+7	1.096966E+3	-1.617673E+0	1.892969E-4	7.669214E+0	7.652374E+0
30.0    	178     	6.901799E+0	1.110112E-3	-2.21E-1   	30.00     	4023.24 	24.6 	33.1 	6.901140E+0	1.266863E-6 	1.067500E+7	1.600000E+3	-1.619210E+0	9.848858E-5	7.463309E+0	7.445830E+0
30.0    	179     	6.875784E+0	3.597646E-4	-4.26E-1   	30.00     	4025.81 	24.6 	33.1 	6.875056E+0	1.308851E-7 	1.071243E+7	5.033223E+2	-1.619390E+0	2.523886E-4	7.437294E+0	7.419746E+0
30.0    	180     	7.129109E+0	1.580909E-3	-1.77E-1   	30.00     	4028.39 	24.6 	33.1 	7.129716E+0	2.091990E-6 	1.035827E+7	2.040425E+3	-1.616727E+0	2.064784E-4	7.690619E+0	7.674406E+0
30.0    	181     	6.881895E+0	2.837523E-3	-4.36E-1   	30.00     	4030.96 	24.6 	33.1 	6.881208E+0	7.845039E-6 	1.070360E+7	4.058325E+3	-1.619313E+0	1.418920E-4	7.443405E+0	7.425898E+0
30.0    	182     	6.834337E+0	2.208990E-3	-7.52E-2   	30.00     	4033.53 	24.6 	33.1 	6.833389E+0	4.775879E-6 	1.077270E+7	3.204684E+3	-1.619830E+0	5.196152E-5	7.395847E+0	7.378079E+0
30.0    	183     	6.858469E+0	1.563778E-3	-2.55E-1   	30.00     	4036.11 	24.6 	33.1 	6.857872E+0	2.177071E-6 	1.073737E+7	2.200757E+3	-1.619263E+0	1.650253E-4	7.419979E+0	7.402562E+0
30.0    	184     	6.850738E+0	2.520751E-3	-3.96E-1   	30.00     	4038.68 	24.6 	33.1 	6.849929E+0	6.001180E-6 	1.074873E+7	3.608786E+3	-1.619583E+0	1.001665E-4	7.412248E+0	7.394619E+0
30.0    	185     	6.868070E+0	6.319366E-4	-4.78E-1   	30.00     	4041.25 	24.6 	33.1 	6.867714E+0	4.992397E-7 	1.072330E+7	9.643651E+2	-1.618897E+0	1.761628E-4	7.429580E+0	7.412404E+0
30.0    	186     	6.878919E+0	7.480420E-4	-8.65E-2   	30.00     	4043.82 	24.6 	33.1 	6.878304E+0	4.854729E-7 	1.070783E+7	1.040833E+3	-1.619223E+0	7.023769E-5	7.440429E+0	7.422994E+0
30.0    	187     	6.847961E+0	1.455981E-3	-4.58E-1   	30.00     	4046.41 	24.6 	33.1 	6.847335E+0	1.995919E-6 	1.075263E+7	2.084067E+3	-1.619340E+0	6.082763E-5	7.409471E+0	7.392025E+0
30.0    	188     	6.865827E+0	8.305319E-4	1.29E-1    	30.00     	4048.96 	24.6 	33.1 	6.865161E+0	7.723815E-7 	1.072677E+7	1.234234E+3	-1.619337E+0	1.386843E-4	7.427337E+0	7.409851E+0
30.0    	189     	6.807867E+0	6.379380E-4	-6.21E-2   	30.00     	4051.53 	24.6 	33.1 	6.807065E+0	3.934373E-7 	1.081133E+7	9.291573E+2	-1.619717E+0	2.081666E-5	7.369377E+0	7.351755E+0
30.0    	190     	6.852071E+0	1.441478E-4	6.09E-2    	30.00     	4054.13 	24.6 	33.1 	6.851535E+0	7.245900E-8 	1.074660E+7	3.000000E+2	-1.619200E+0	1.752142E-4	7.413581E+0	7.396225E+0
30.0    	191     	6.896596E+0	2.220597E-3	-2.36E-1   	30.00     	4056.70 	24.6 	33.1 	6.895876E+0	5.311173E-6 	1.068250E+7	3.244996E+3	-1.619310E+0	1.300000E-4	7.458106E+0	7.440566E+0
30.0    	192     	7.128008E+0	1.116127E-3	-5.18E-1   	30.00     	4059.26 	24.6 	33.1 	7.127902E+0	9.264507E-7 	1.036023E+7	1.401190E+3	-1.617730E+0	2.264950E-4	7.689518E+0	7.672592E+0
30.0    	193     	7.090553E+0	2.022445E-4	3.95E-2    	30.00     	4061.82 	24.6 	33.1 	7.090594E+0	2.875272E-9 	1.041090E+7	1.732051E+2	-1.617640E+0	2.100000E-4	7.652063E+0	7.635284E+0
30.0    	194     	6.887631E+0	1.945713E-3	-1.56E-1   	30.00     	4064.39 	24.6 	33.1 	6.887149E+0	3.735220E-6 	1.069520E+7	2.787472E+3	-1.619010E+0	7.549834E-5	7.449141E+0	7.431839E+0
30.0    	195     	6.873880E+0	4.401122E-4	-1.86E-1   	30.00     	4066.96 	24.6 	33.1 	6.873262E+0	2.724449E-7 	1.071510E+7	6.928203E+2	-1.619243E+0	1.404754E-4	7.435390E+0	7.417952E+0
30.0    	196     	6.863916E+0	8.508698E-4	-1.27E-1   	30.00     	4069.54 	24.6 	33.1 	6.863154E+0	8.356522E-7 	1.072960E+7	1.276715E+3	-1.619477E+0	9.073772E-5	7.425426E+0	7.407844E+0
30.0    	197     	6.819741E+0	9.741803E-4	-1.77E-1   	30.00     	4072.11 	24.6 	33.1 	6.818785E+0	1.201151E-6 	1.079403E+7	1.514376E+3	-1.619890E+0	2.029778E-4	7.381251E+0	7.363475E+0
30.0    	198     	6.886962E+0	1.587051E-3	-2.11E-1   	30.00     	4074.69 	24.6 	33.1 	6.886426E+0	2.433372E-6 	1.069620E+7	2.260531E+3	-1.619087E+0	1.569501E-4	7.448472E+0	7.431116E+0
30.0    	199     	6.873205E+0	1.797070E-3	-1.40E-3   	30.00     	4077.26 	24.6 	33.1 	6.872552E+0	3.266140E-6 	1.071610E+7	2.600000E+3	-1.619293E+0	1.115049E-4	7.434715E+0	7.417242E+0
30.0    	200     	6.837811E+0	3.615293E-4	-1.61E-1   	30.00     	4079.82 	24.6 	33.1 	6.837506E+0	6.638566E-8 	1.076717E+7	4.509250E+2	-1.618923E+0	1.450287E-4	7.399321E+0	7.382196E+0
30.0    	201     	6.831526E+0	1.898000E-3	-1.14E-1   	30.00     	4082.40 	24.6 	33.1 	6.830898E+0	3.776144E-6 	1.077657E+7	2.802380E+3	-1.619397E+0	1.250333E-4	7.393036E+0	7.375588E+0
30.0    	202     	6.875319E+0	4.181268E-4	-8.78E-2   	30.00     	4084.97 	24.6 	33.1 	6.874874E+0	9.961299E-8 	1.071290E+7	5.196152E+2	-1.618997E+0	2.386071E-4	7.436829E+0	7.419564E+0
30.0    	203     	6.886466E+0	7.526926E-4	-2.51E-2   	30.00     	4087.54 	24.6 	33.1 	6.885948E+0	4.801795E-7 	1.069690E+7	1.039230E+3	-1.619063E+0	8.621678E-5	7.447976E+0	7.430638E+0
30.0    	204     	6.812313E+0	1.600736E-3	-2.50E-1   	30.00     	4090.12 	24.6 	33.1 	6.811520E+0	2.802442E-6 	1.080480E+7	2.402082E+3	-1.619690E+0	1.322876E-4	7.373823E+0	7.356210E+0
30.0    	205     	6.847440E+0	5.717295E-4	-1.56E-1   	30.00     	4092.69 	24.6 	33.1 	6.846754E+0	2.150325E-7 	1.075343E+7	7.505553E+2	-1.619423E+0	1.767295E-4	7.408950E+0	7.391444E+0
30.0    	206     	6.876495E+0	6.577756E-4	-1.49E-1   	30.00     	4095.26 	24.6 	33.1 	6.876102E+0	5.810690E-7 	1.071117E+7	1.011599E+3	-1.618920E+0	3.377869E-4	7.438005E+0	7.420792E+0
30.0    	207     	6.908096E+0	9.829568E-4	-4.23E-1   	30.00     	4097.84 	24.6 	33.1 	6.907376E+0	7.127931E-7 	1.066603E+7	1.305118E+3	-1.619273E+0	2.107922E-4	7.469606E+0	7.452066E+0
30.0    	208     	7.105958E+0	2.558612E-4	-4.44E-1   	30.00     	4100.41 	24.6 	33.1 	7.106137E+0	1.177885E-7 	1.038987E+7	4.041452E+2	-1.617400E+0	1.513275E-4	7.667468E+0	7.650827E+0
30.0    	209     	7.122606E+0	2.113109E-3	-3.01E-1   	30.00     	4102.98 	24.6 	33.1 	7.123079E+0	4.942974E-6 	1.036713E+7	2.928026E+3	-1.616937E+0	1.792577E-4	7.684116E+0	7.667769E+0
30.0    	210     	6.877584E+0	1.512254E-3	1.49E-1    	30.00     	4105.54 	24.6 	33.1 	6.876864E+0	2.612037E-6 	1.070983E+7	2.254625E+3	-1.619373E+0	1.504438E-4	7.439094E+0	7.421554E+0
30.0    	211     	6.896143E+0	5.779093E-4	-1.16E-1   	30.00     	4108.12 	24.6 	33.1 	6.895352E+0	2.960207E-7 	1.068320E+7	8.000000E+2	-1.619410E+0	1.705872E-4	7.457653E+0	7.440042E+0
30.0    	212     	6.866256E+0	1.146898E-3	-2.77E-1   	30.00     	4110.69 	24.6 	33.1 	6.865885E+0	1.457442E-6 	1.072593E+7	1.700980E+3	-1.618923E+0	1.320353E-4	7.427766E+0	7.410575E+0
30.0    	213     	6.867621E+0	8.044682E-4	-1.73E-1   	30.00     	4113.26 	24.6 	33.1 	6.867010E+0	5.937241E-7 	1.072413E+7	1.137248E+3	-1.619253E+0	9.712535E-5	7.429131E+0	7.411700E+0
30.0    	214     	6.846954E+0	5.935133E-4	-3.21E-1   	30.00     	4115.83 	24.6 	33.1 	6.846094E+0	2.620712E-7 	1.075427E+7	8.020806E+2	-1.619667E+0	1.379613E-4	7.408464E+0	7.390784E+0
30.0    	215     	6.836635E+0	1.243951E-3	-1.62E-1   	30.00     	4118.39 	24.6 	33.1 	6.835754E+0	1.617290E-6 	1.076930E+7	1.833030E+3	-1.619730E+0	5.567764E-5	7.398145E+0	7.380444E+0
30.0    	216     	6.874620E+0	1.150493E-3	-2.45E-1   	30.00     	4120.98 	24.6 	33.1 	6.874279E+0	1.669183E-6 	1.071383E+7	1.761628E+3	-1.618853E+0	2.055075E-4	7.436130E+0	7.418969E+0
30.0    	217     	6.872262E+0	1.474367E-3	-2.11E-1   	30.00     	4123.54 	24.6 	33.1 	6.872062E+0	1.890634E-6 	1.071713E+7	2.055075E+3	-1.618663E+0	1.985783E-4	7.433772E+0	7.416752E+0
30.0    	218     	6.837816E+0	8.332199E-4	-4.36E-1   	30.00     	4126.11 	24.6 	33.1 	6.837043E+0	6.672983E-7 	1.076750E+7	1.200000E+3	-1.619577E+0	1.342882E-4	7.399326E+0	7.381733E+0
30.0    	219     	6.832528E+0	1.925057E-3	5.78E-2    	30.00     	4128.68 	24.6 	33.1 	6.831770E+0	3.468196E-6 	1.077520E+7	2.762245E+3	-1.619573E+0	1.289703E-4	7.394038E+0	7.376460E+0
30.0    	220     	6.862821E+0	1.574804E-3	-3.38E-1   	30.00     	4131.26 	24.6 	33.1 	6.862176E+0	2.606620E-6 	1.073110E+7	2.306513E+3	-1.619317E+0	1.386843E-4	7.424331E+0	7.406866E+0
30.0    	221     	6.872204E+0	6.663034E-4	-5.94E-1   	30.00     	4133.83 	24.6 	33.1 	6.871659E+0	4.143980E-7 	1.071747E+7	9.451631E+2	-1.619147E+0	5.131601E-5	7.433714E+0	7.416349E+0
30.0    	222     	6.898635E+0	8.464906E-4	-3.02E-1   	30.00     	4136.40 	24.6 	33.1 	6.898393E+0	9.237274E-7 	1.067923E+7	1.285820E+3	-1.618637E+0	3.496188E-4	7.460145E+0	7.443083E+0
30.0    	223     	6.885480E+0	1.732937E-3	-2.78E-2   	30.00     	4138.99 	24.6 	33.1 	6.885034E+0	2.842701E-6 	1.069827E+7	2.458319E+3	-1.618967E+0	1.242310E-4	7.446990E+0	7.429724E+0
30.0    	224     	7.104452E+0	1.252169E-3	1.20E-1    	30.00     	4141.57 	24.6 	33.1 	7.104400E+0	1.078822E-6 	1.039207E+7	1.550269E+3	-1.617727E+0	3.707200E-4	7.665962E+0	7.649090E+0
30.0    	225     	7.131195E+0	7.658629E-4	-2.39E-1   	30.00     	4144.15 	24.6 	33.1 	7.131488E+0	4.091659E-7 	1.035567E+7	9.451631E+2	-1.617163E+0	2.119748E-4	7.692705E+0	7.676178E+0
30.0    	226     	6.892275E+0	3.392026E-4	-5.94E-2   	30.00     	4146.72 	24.6 	33.1 	6.891693E+0	1.257800E-7 	1.068860E+7	4.582576E+2	-1.619133E+0	3.787259E-4	7.453785E+0	7.436383E+0
30.0    	227     	6.879088E+0	2.242288E-4	-1.14E-1   	30.00     	4149.29 	24.6 	33.1 	6.878505E+0	4.834494E-8 	1.070757E+7	3.055050E+2	-1.619177E+0	1.833939E-4	7.440598E+0	7.423195E+0
30.0    	228     	6.900559E+0	6.448466E-4	-4.56E-1   	30.00     	4151.87 	24.6 	33.1 	6.900192E+0	6.752135E-7 	1.067657E+7	1.050397E+3	-1.618807E+0	2.510644E-4	7.462069E+0	7.444882E+0
30.0    	229     	6.890741E+0	2.233298E-3	-4.06E-1   	30.00     	4154.43 	24.6 	33.1 	6.890303E+0	5.529655E-6 	1.069070E+7	3.292416E+3	-1.618937E+0	2.159475E-4	7.452251E+0	7.434993E+0
30.0    	230     	6.864820E+0	6.948613E-4	-3.36E-1   	30.00     	4157.00 	24.6 	33.1 	6.864324E+0	5.086765E-7 	1.072810E+7	1.014889E+3	-1.619103E+0	1.625833E-4	7.426330E+0	7.409014E+0
30.0    	231     	6.880579E+0	2.124094E-3	-2.38E-1   	30.00     	4159.57 	24.6 	33.1 	6.879976E+0	4.464042E-6 	1.070543E+7	3.050137E+3	-1.619200E+0	1.389244E-4	7.442089E+0	7.424666E+0
30.0    	232     	6.880491E+0	1.675446E-4	7.00E-2    	30.00     	4162.15 	24.6 	33.1 	6.880156E+0	7.774015E-8 	1.070537E+7	3.214550E+2	-1.618827E+0	1.569501E-4	7.442001E+0	7.424846E+0
30.0    	233     	6.872098E+0	2.174432E-3	-4.34E-1   	30.00     	4164.71 	24.6 	33.1 	6.871766E+0	4.816878E-6 	1.071747E+7	3.153305E+3	-1.618850E+0	8.888194E-5	7.433608E+0	7.416456E+0
30.0    	234     	6.872405E+0	2.547703E-4	-3.23E-1   	30.00     	4167.29 	24.6 	33.1 	6.871827E+0	1.227949E-7 	1.071720E+7	4.358899E+2	-1.619193E+0	1.450287E-4	7.433915E+0	7.416517E+0
30.0    	235     	6.863561E+0	1.866039E-3	-2.54E-1   	30.00     	4169.86 	24.6 	33.1 	6.863094E+0	3.243600E-6 	1.072990E+7	2.651415E+3	-1.619067E+0	1.750238E-4	7.425071E+0	7.407784E+0
30.0    	236     	6.889812E+0	6.356739E-4	-3.74E-1   	30.00     	4172.44 	24.6 	33.1 	6.889282E+0	5.411493E-7 	1.069210E+7	9.848858E+2	-1.619070E+0	1.473092E-4	7.451322E+0	7.433972E+0
30.0    	237     	6.904246E+0	1.128892E-3	-4.77E-2   	30.00     	4175.01 	24.6 	33.1 	6.903861E+0	1.392978E-6 	1.067130E+7	1.652271E+3	-1.618820E+0	7.549834E-5	7.465756E+0	7.448551E+0
30.0    	238     	6.880842E+0	2.726223E-3	-1.34E-1   	30.00     	4177.59 	24.6 	33.1 	6.879899E+0	7.245959E-6 	1.070530E+7	3.900000E+3	-1.619670E+0	1.322876E-4	7.442352E+0	7.424589E+0
30.0    	239     	6.876707E+0	6.934469E-4	-6.01E-1   	30.00     	4180.16 	24.6 	33.1 	6.876121E+0	4.030506E-7 	1.071100E+7	9.539392E+2	-1.619190E+0	1.769181E-4	7.438217E+0	7.420811E+0
30.0    	240     	7.119680E+0	1.720326E-3	-3.09E-1   	30.00     	4182.73 	24.6 	33.1 	7.119986E+0	2.974500E-6 	1.037120E+7	2.325941E+3	-1.617180E+0	2.088061E-4	7.681190E+0	7.664676E+0
30.0    	241     	7.367664E+0	1.152660E-3	-4.91E-2   	30.00     	4185.31 	24.6 	33.1 	7.368867E+0	1.046728E-6 	1.004593E+7	1.379613E+3	-1.615190E+0	1.833030E-4	7.929174E+0	7.913557E+0
30.0    	242     	7.168830E+0	1.771828E-3	-2.25E-1   	30.00     	4187.87 	24.6 	33.1 	7.169318E+0	2.846181E-6 	1.030507E+7	2.307235E+3	-1.616777E+0	1.761628E-4	7.730340E+0	7.714008E+0
30.0    	243     	7.115373E+0	8.748615E-4	-3.83E-1   	30.00     	4190.47 	24.6 	33.1 	7.115863E+0	6.915329E-7 	1.037690E+7	1.153256E+3	-1.616933E+0	1.258306E-4	7.676883E+0	7.660553E+0
30.0    	244     	7.101270E+0	2.857344E-3	-3.54E-1   	30.01     	4193.02 	24.6 	33.1 	7.101445E+0	7.557164E-6 	1.039623E+7	3.807011E+3	-1.617420E+0	1.473092E-4	7.662780E+0	7.646135E+0
30.0    	245     	7.125250E+0	5.880880E-4	-4.43E-1   	30.00     	4195.60 	24.6 	33.1 	7.125323E+0	2.966335E-7 	1.036383E+7	7.637626E+2	-1.617490E+0	8.717798E-5	7.686760E+0	7.670013E+0
30.0    	246     	7.128170E+0	1.379194E-3	-4.22E-1   	30.00     	4198.17 	24.6 	33.1 	7.128579E+0	1.971864E-6 	1.035967E+7	1.877054E+3	-1.617010E+0	4.000000E-5	7.689680E+0	7.673269E+0
30.0    	247     	7.141645E+0	1.153929E-3	-2.90E-1   	30.00     	4200.74 	24.6 	33.1 	7.142141E+0	1.487395E-6 	1.034147E+7	1.594783E+3	-1.616847E+0	1.167619E-4	7.703155E+0	7.686831E+0
30.0    	248     	7.133720E+0	9.909607E-4	-3.66E-1   	30.00     	4203.31 	24.6 	33.1 	7.134209E+0	8.721800E-7 	1.035213E+7	1.285820E+3	-1.616880E+0	3.500000E-4	7.695230E+0	7.678899E+0
30.0    	249     	7.124184E+0	1.133361E-3	-6.55E-1   	30.00     	4205.89 	24.6 	33.1 	7.124809E+0	1.485581E-6 	1.036490E+7	1.587451E+3	-1.616717E+0	1.497776E-4	7.685694E+0	7.669499E+0
30.0    	250     	7.136449E+0	2.385224E-3	-1.26E-1   	30.00     	4208.47 	24.6 	33.1 	7.136977E+0	5.877394E-6 	1.034843E+7	3.234708E+3	-1.616817E+0	1.850225E-4	7.697959E+0	7.681667E+0
30.0    	251     	7.150083E+0	1.955328E-3	-1.09E-1   	30.00     	4211.04 	24.6 	33.1 	7.150589E+0	3.700264E-6 	1.033013E+7	2.600641E+3	-1.616807E+0	6.110101E-5	7.711593E+0	7.695279E+0
30.0    	252     	7.121114E+0	9.351691E-4	-5.56E-1   	30.00     	4213.61 	24.6 	33.1 	7.121511E+0	8.502553E-7 	1.036920E+7	1.252996E+3	-1.617047E+0	1.379613E-4	7.682624E+0	7.666201E+0
30.0    	253     	7.091591E+0	6.138512E-4	-1.96E-1   	30.00     	4216.18 	24.6 	33.1 	7.091955E+0	3.290887E-7 	1.040927E+7	8.082904E+2	-1.617183E+0	6.506407E-5	7.653101E+0	7.636645E+0
30.0    	254     	7.103460E+0	1.370331E-3	-7.84E-2   	30.00     	4218.76 	24.6 	33.1 	7.103869E+0	1.564689E-6 	1.039310E+7	1.777639E+3	-1.617083E+0	2.200757E-4	7.664970E+0	7.648559E+0
30.0    	255     	7.142603E+0	4.616787E-4	-3.11E-1   	30.00     	4221.32 	24.6 	33.1 	7.143019E+0	1.309899E-7 	1.034023E+7	5.507571E+2	-1.616957E+0	1.767295E-4	7.704113E+0	7.687709E+0
30.0    	256     	7.380901E+0	1.297818E-3	-3.71E-2   	30.00     	4223.89 	24.6 	33.1 	7.382116E+0	1.638055E-6 	1.002917E+7	1.628906E+3	-1.615137E+0	2.516611E-5	7.942411E+0	7.926806E+0
30.0    	257     	5.693451E+0	7.812589E-4	-2.76E-1   	30.00     	4226.48 	24.6 	33.1 	5.687942E+0	6.111274E-7 	1.274507E+7	1.594783E+3	-1.630580E+0	4.582576E-5	6.254961E+0	6.232632E+0
30.0    	258     	8.146069E+0	1.282596E-3	-3.37E-1   	30.00     	4229.04 	24.6 	33.1 	8.148408E+0	1.419900E-6 	9.146483E+6	1.300013E+3	-1.611587E+0	1.625833E-4	8.707579E+0	8.693098E+0
30.0    	259     	1.129450E+1	8.568186E-4	-2.14E-1   	30.00     	4231.61 	24.6 	33.1 	1.130227E+1	5.693732E-7 	6.714557E+6	4.563259E+2	-1.598430E+0	1.670329E-4	1.185601E+1	1.184696E+1
30.0    	260     	2.372515E+1	1.008426E-3	-4.83E-1   	30.00     	4234.17 	24.6 	33.1 	2.374120E+1	9.865722E-7 	3.276643E+6	1.350309E+2	-1.576420E+0	6.082763E-5	2.428666E+1	2.428589E+1
30.0    	261     	2.823053E+1	7.886462E-4	-2.42E-2   	30.00     	4236.76 	24.6 	33.1 	2.824729E+1	6.223592E-7 	2.763873E+6	7.571878E+1	-1.572253E+0	2.081666E-5	2.879204E+1	2.879198E+1
30.0    	262     	3.432490E+1	8.400413E-4	-5.61E-2   	30.00     	4239.32 	24.6 	33.1 	3.434136E+1	7.133620E-7 	2.281057E+6	5.507571E+1	-1.567603E+0	2.309401E-5	3.488641E+1	3.488605E+1
30.0    	263     	5.029915E+1	1.053365E-3	-2.85E-1   	30.00     	4241.89 	24.6 	33.1 	5.030756E+1	1.073779E-6 	1.564747E+6	3.214550E+1	-1.557933E+0	1.527525E-5	5.086066E+1	5.085225E+1
30.0    	264     	1.101944E+2	9.956015E-4	-5.38E-1   	30.00     	4244.46 	24.6 	33.1 	1.100279E+2	1.112569E-6 	7.190897E+5	6.658328E+0	-1.530100E+0	1.000000E-5	1.107559E+2	1.105726E+2
35.0    	1       	6.968141E+0	6.067218E-4	9.67E+0    	35.00     	4276.96 	24.6 	33.1 	6.968101E+0	5.662840E-7 	1.058040E+7	9.539392E+2	-1.618133E+0	2.450170E-4	7.529651E+0	7.512791E+0
35.0    	2       	7.069578E+0	9.503031E-4	-1.25E-1   	35.00     	4279.31 	24.6 	33.1 	7.069591E+0	8.622449E-7 	1.043957E+7	1.285820E+3	-1.617743E+0	8.962886E-5	7.631088E+0	7.614281E+0
35.0    	3       	7.424609E-1	5.290572E-4	-1.96E-1   	35.00     	4281.89 	24.6 	33.1 	6.089251E-1	4.572798E-7 	6.488223E+7	3.126665E+4	-1.917253E+0	4.086971E-4	1.303971E+0	1.153615E+0
35.0    	4       	7.038031E+0	8.536509E-4	-3.29E-1   	35.00     	4284.46 	24.6 	33.1 	7.038263E+0	6.697125E-7 	1.048280E+7	1.153256E+3	-1.617533E+0	1.150362E-4	7.599541E+0	7.582953E+0
35.0    	5       	6.772229E+0	1.332736E-3	-1.28E-1   	35.00     	4287.04 	24.6 	33.1 	6.771203E+0	1.852632E-6 	1.086410E+7	1.997498E+3	-1.620147E+0	9.291573E-5	7.333739E+0	7.315893E+0
35.0    	6       	6.751832E+0	8.132259E-4	-3.90E-1   	35.00     	4289.61 	24.6 	33.1 	6.750587E+0	7.445290E-7 	1.089460E+7	1.249000E+3	-1.620517E+0	1.193035E-4	7.313342E+0	7.295277E+0
35.0    	7       	6.734777E+0	4.616419E-4	-4.43E-1   	35.00     	4292.18 	24.6 	33.1 	6.733796E+0	2.523481E-7 	1.091990E+7	7.211103E+2	-1.620210E+0	9.643651E-5	7.296287E+0	7.278486E+0
35.0    	8       	6.764921E+0	1.776725E-3	-1.03E-1   	35.00     	4294.77 	24.6 	33.1 	6.765037E+0	2.632034E-6 	1.087410E+7	2.523886E+3	-1.618563E+0	2.753785E-4	7.326431E+0	7.309727E+0
35.0    	9       	6.748722E+0	8.766586E-4	-2.15E-1   	35.00     	4297.31 	24.6 	33.1 	6.748513E+0	6.545273E-7 	1.089847E+7	1.250333E+3	-1.619080E+0	2.783882E-4	7.310232E+0	7.293203E+0
35.0    	10      	6.738518E+0	1.542077E-3	-3.06E-1   	35.00     	4299.90 	24.6 	33.1 	6.737712E+0	2.491366E-6 	1.091417E+7	2.335237E+3	-1.619953E+0	1.026320E-4	7.300028E+0	7.282402E+0
35.0    	11      	6.742635E+0	6.180467E-4	1.33E-2    	35.00     	4302.47 	24.6 	33.1 	6.741481E+0	4.920076E-7 	1.090827E+7	9.865766E+2	-1.620423E+0	1.184624E-4	7.304145E+0	7.286171E+0
35.0    	12      	6.771102E+0	7.569801E-4	-3.28E-1   	35.00     	4305.08 	24.6 	33.1 	6.769993E+0	7.341911E-7 	1.086583E+7	1.193035E+3	-1.620263E+0	2.328805E-4	7.332612E+0	7.314683E+0
35.0    	13      	6.732448E+0	7.587643E-4	-4.28E-1   	35.00     	4307.60 	24.6 	33.1 	6.731278E+0	6.958848E-7 	1.092353E+7	1.193035E+3	-1.620480E+0	1.473092E-4	7.293958E+0	7.275968E+0
35.0    	14      	6.987291E+0	6.736882E-4	-1.61E-1   	35.00     	4310.18 	24.6 	33.1 	6.986816E+0	2.763078E-7 	1.055383E+7	8.386497E+2	-1.618680E+0	2.128380E-4	7.548801E+0	7.531506E+0
35.0    	15      	9.390916E-1	9.972669E-4	-3.58E-1   	35.00     	4312.76 	24.6 	33.1 	9.312804E-1	2.678973E-6 	5.347107E+7	4.605001E+4	-1.699253E+0	2.392997E-3	1.500602E+0	1.475970E+0
35.0    	16      	7.218248E+0	1.351640E-3	-1.06E-1   	35.00     	4315.34 	24.6 	33.1 	7.218340E+0	1.406482E-6 	1.023980E+7	1.670329E+3	-1.617183E+0	2.650157E-4	7.779758E+0	7.763030E+0
35.0    	17      	6.753625E+0	3.501883E-4	-4.14E-1   	35.00     	4317.90 	24.6 	33.1 	6.752550E+0	5.514717E-8 	1.089180E+7	4.358899E+2	-1.620277E+0	1.588500E-4	7.315135E+0	7.297240E+0
35.0    	18      	6.527002E+0	1.487979E-3	-1.33E-1   	35.00     	4320.47 	24.6 	33.1 	6.524908E+0	1.751942E-6 	1.124127E+7	2.230097E+3	-1.622473E+0	2.797022E-4	7.088512E+0	7.069598E+0
35.0    	19      	6.822726E+0	5.583237E-4	-1.70E-1   	35.00     	4323.04 	24.6 	33.1 	6.822632E+0	3.693464E-7 	1.078903E+7	8.504901E+2	-1.618673E+0	1.436431E-4	7.384236E+0	7.367322E+0
35.0    	20      	6.527224E+0	1.766710E-3	-2.24E-1   	35.00     	4325.62 	24.6 	33.1 	6.525358E+0	3.636820E-6 	1.124073E+7	2.914332E+3	-1.622160E+0	2.910326E-4	7.088734E+0	7.070048E+0
35.0    	21      	6.515130E+0	8.469703E-4	-2.89E-1   	35.00     	4328.21 	24.6 	33.1 	6.512849E+0	6.159720E-7 	1.126030E+7	1.300000E+3	-1.622773E+0	8.326664E-5	7.076640E+0	7.057539E+0
35.0    	22      	6.503592E+0	1.898505E-3	-3.09E-1   	35.00     	4330.78 	24.6 	33.1 	6.501620E+0	2.887033E-6 	1.127847E+7	2.874601E+3	-1.622393E+0	2.948446E-4	7.065102E+0	7.046310E+0
35.0    	23      	6.495224E+0	1.987732E-3	-2.31E-1   	35.00     	4333.35 	24.6 	33.1 	6.493534E+0	4.716672E-6 	1.129163E+7	3.329164E+3	-1.622033E+0	3.758102E-4	7.056734E+0	7.038224E+0
35.0    	24      	6.486382E+0	1.639185E-3	-3.28E-1   	35.00     	4335.93 	24.6 	33.1 	6.485003E+0	2.595427E-6 	1.130557E+7	2.610236E+3	-1.621633E+0	6.806859E-5	7.047892E+0	7.029693E+0
35.0    	25      	6.479099E+0	1.380016E-3	-1.65E-1   	35.00     	4338.50 	24.6 	33.1 	6.477567E+0	1.813511E-6 	1.131740E+7	2.193171E+3	-1.621873E+0	1.365040E-4	7.040609E+0	7.022257E+0
35.0    	26      	6.543236E+0	5.693328E-4	-3.32E-1   	35.00     	4341.09 	24.6 	33.1 	6.541580E+0	2.176840E-7 	1.121520E+7	8.185353E+2	-1.621813E+0	1.401190E-4	7.104746E+0	7.086270E+0
35.0    	27      	6.500652E+0	1.118665E-3	7.05E-3    	35.00     	4343.69 	24.6 	33.1 	6.498682E+0	1.077760E-6 	1.128317E+7	1.724336E+3	-1.622400E+0	1.385641E-4	7.062162E+0	7.043372E+0
35.0    	28      	6.528263E+0	8.189850E-4	-2.11E-2   	35.00     	4346.22 	24.6 	33.1 	6.526208E+0	4.538358E-7 	1.123923E+7	1.184624E+3	-1.622417E+0	1.962991E-4	7.089773E+0	7.070898E+0
35.0    	29      	6.534639E+0	2.274362E-4	-5.49E-1   	35.00     	4348.80 	24.6 	33.1 	6.532905E+0	8.132435E-8 	1.122887E+7	4.041452E+2	-1.621953E+0	1.069268E-4	7.096149E+0	7.077595E+0
35.0    	30      	6.516002E+0	1.089996E-3	-2.33E-1   	35.00     	4351.37 	24.6 	33.1 	6.514403E+0	9.529808E-7 	1.125837E+7	1.644182E+3	-1.621833E+0	1.861003E-4	7.077512E+0	7.059093E+0
35.0    	31      	6.784514E+0	8.210170E-4	-3.57E-1   	35.00     	4353.94 	24.6 	33.1 	6.782509E+0	7.858954E-7 	1.084663E+7	1.258306E+3	-1.621440E+0	2.029778E-4	7.346024E+0	7.327199E+0
35.0    	32      	6.733379E+0	1.191377E-3	-4.43E-1   	35.00     	4356.53 	24.6 	33.1 	6.732348E+0	1.855692E-6 	1.092203E+7	1.913984E+3	-1.620283E+0	2.441994E-4	7.294889E+0	7.277038E+0
35.0    	33      	6.739639E+0	1.461594E-3	5.41E-2    	35.00     	4359.12 	24.6 	33.1 	6.738150E+0	2.295100E-6 	1.091300E+7	2.227106E+3	-1.620893E+0	9.073772E-5	7.301149E+0	7.282840E+0
35.0    	34      	6.516797E+0	2.293677E-3	-2.72E-1   	35.00     	4361.68 	24.6 	33.1 	6.514823E+0	4.623625E-6 	1.125740E+7	3.538361E+3	-1.622347E+0	2.050203E-4	7.078307E+0	7.059513E+0
35.0    	35      	6.524980E+0	3.324143E-4	-3.97E-1   	35.00     	4364.24 	24.6 	33.1 	6.523446E+0	5.645804E-8 	1.124403E+7	4.509250E+2	-1.621710E+0	1.479865E-4	7.086490E+0	7.068136E+0
35.0    	36      	6.501596E+0	8.987861E-4	-2.34E-1   	35.00     	4366.81 	24.6 	33.1 	6.499655E+0	5.979704E-7 	1.128163E+7	1.331666E+3	-1.622357E+0	2.650157E-4	7.063106E+0	7.044345E+0
35.0    	37      	6.491348E+0	1.906788E-4	3.69E-2    	35.00     	4369.37 	24.6 	33.1 	6.489051E+0	6.244455E-8 	1.129833E+7	3.214550E+2	-1.622883E+0	2.627420E-4	7.052858E+0	7.033741E+0
35.0    	38      	6.451308E+0	1.859736E-3	-2.46E-1   	35.00     	4371.96 	24.6 	33.1 	6.448966E+0	3.459747E-6 	1.136297E+7	3.017173E+3	-1.623093E+0	4.509250E-5	7.012818E+0	6.993656E+0
35.0    	39      	6.472754E+0	1.457294E-3	-2.88E-1   	35.00     	4374.53 	24.6 	33.1 	6.470713E+0	1.901057E-6 	1.132803E+7	2.285461E+3	-1.622600E+0	1.493318E-4	7.034264E+0	7.015403E+0
35.0    	40      	6.491627E+0	1.769251E-3	-3.17E-1   	35.00     	4377.11 	24.6 	33.1 	6.489935E+0	2.767588E-6 	1.129740E+7	2.751363E+3	-1.622050E+0	2.066398E-4	7.053137E+0	7.034625E+0
35.0    	41      	6.485524E+0	2.050537E-3	-1.76E-1   	35.00     	4379.69 	24.6 	33.1 	6.483870E+0	3.763631E-6 	1.130717E+7	3.203644E+3	-1.622020E+0	2.260531E-4	7.047034E+0	7.028560E+0
35.0    	42      	6.470233E+0	3.223805E-4	-3.20E-2   	35.00     	4382.24 	24.6 	33.1 	6.468439E+0	1.967809E-7 	1.133190E+7	6.082763E+2	-1.622270E+0	2.535744E-4	7.031743E+0	7.013129E+0
35.0    	43      	6.458498E+0	1.248647E-3	-1.94E-1   	35.00     	4384.81 	24.6 	33.1 	6.456500E+0	1.750812E-6 	1.135103E+7	2.081666E+3	-1.622593E+0	1.234234E-4	7.020008E+0	7.001190E+0
35.0    	44      	6.482221E+0	1.314873E-3	-3.37E-1   	35.00     	4387.38 	24.6 	33.1 	6.480288E+0	1.400637E-6 	1.131270E+7	2.007486E+3	-1.622417E+0	2.173323E-4	7.043731E+0	7.024978E+0
35.0    	45      	6.519584E+0	1.268371E-3	-2.16E-1   	35.00     	4389.96 	24.6 	33.1 	6.517773E+0	1.639101E-6 	1.125283E+7	2.025669E+3	-1.622113E+0	1.662328E-4	7.081094E+0	7.062463E+0
35.0    	46      	6.534625E+0	1.310575E-3	8.24E-3    	35.00     	4392.53 	24.6 	33.1 	6.533423E+0	1.663114E-6 	1.122847E+7	2.059935E+3	-1.621213E+0	3.214550E-5	7.096135E+0	7.078113E+0
35.0    	47      	6.520039E+0	1.264857E-3	-1.53E-1   	35.00     	4395.09 	24.6 	33.1 	6.517988E+0	1.878398E-6 	1.125230E+7	2.095233E+3	-1.622440E+0	1.967232E-4	7.081549E+0	7.062678E+0
35.0    	48      	7.002962E+0	1.170597E-3	-3.88E-1   	35.00     	4397.66 	24.6 	33.1 	7.002837E+0	1.177251E-6 	1.053170E+7	1.571623E+3	-1.618143E+0	1.357694E-4	7.564472E+0	7.547527E+0
35.0    	49      	6.771248E+0	2.063560E-3	-2.32E-1   	35.00     	4400.23 	24.6 	33.1 	6.770521E+0	4.479383E-6 	1.086533E+7	3.100538E+3	-1.619733E+0	8.962886E-5	7.332758E+0	7.315211E+0
35.0    	50      	6.530064E+0	1.532334E-3	-2.53E-1   	35.00     	4402.82 	24.6 	33.1 	6.527811E+0	2.665157E-6 	1.123653E+7	2.510644E+3	-1.622680E+0	1.473092E-4	7.091574E+0	7.072501E+0
35.0    	51      	6.496593E+0	1.850380E-3	-1.88E-1   	35.00     	4405.38 	24.6 	33.1 	6.495243E+0	3.450354E-6 	1.128917E+7	2.968726E+3	-1.621557E+0	5.507571E-5	7.058103E+0	7.039933E+0
35.0    	52      	6.477942E+0	4.356661E-4	-1.49E-1   	35.00     	4407.98 	24.6 	33.1 	6.475826E+0	1.560376E-7 	1.131973E+7	6.658328E+2	-1.622683E+0	1.193035E-4	7.039452E+0	7.020516E+0
35.0    	53      	6.459852E+0	1.276065E-3	-4.95E-1   	35.00     	4410.52 	24.6 	33.1 	6.457535E+0	1.707359E-6 	1.134910E+7	2.088061E+3	-1.623027E+0	1.582193E-4	7.021362E+0	7.002225E+0
35.0    	54      	6.524919E+0	4.841355E-4	-2.35E-1   	35.00     	4413.09 	24.6 	33.1 	6.523087E+0	2.186778E-7 	1.124437E+7	7.505553E+2	-1.622123E+0	1.594783E-4	7.086429E+0	7.067777E+0
35.0    	55      	6.541608E+0	1.261973E-3	-7.77E-2   	35.00     	4415.67 	24.6 	33.1 	6.539709E+0	2.384350E-6 	1.121797E+7	2.218859E+3	-1.622153E+0	3.932345E-4	7.103118E+0	7.084399E+0
35.0    	56      	6.510315E+0	1.857392E-4	-2.53E-1   	35.00     	4418.23 	24.6 	33.1 	6.508881E+0	2.799328E-8 	1.126730E+7	2.645751E+2	-1.621623E+0	1.700980E-4	7.071825E+0	7.053571E+0
35.0    	57      	6.504804E+0	2.246451E-3	-5.59E-2   	35.00     	4420.81 	24.6 	33.1 	6.503370E+0	4.992705E-6 	1.127610E+7	3.579106E+3	-1.621643E+0	4.725816E-5	7.066314E+0	7.048060E+0
35.0    	58      	6.525670E+0	5.514974E-4	-2.40E-1   	35.00     	4423.39 	24.6 	33.1 	6.523889E+0	2.546939E-7 	1.124313E+7	8.386497E+2	-1.622050E+0	7.000000E-5	7.087180E+0	7.068579E+0
35.0    	59      	6.536762E+0	1.545175E-3	-4.16E-1   	35.00     	4425.95 	24.6 	33.1 	6.534697E+0	2.523690E-6 	1.122577E+7	2.478575E+3	-1.622400E+0	2.227106E-4	7.098272E+0	7.079387E+0
35.0    	60      	6.474170E+0	1.086415E-3	-3.24E-1   	35.00     	4428.54 	24.6 	33.1 	6.471777E+0	1.348559E-6 	1.132603E+7	1.803700E+3	-1.623077E+0	3.066486E-4	7.035680E+0	7.016467E+0
35.0    	61      	6.788028E+0	1.267091E-3	4.72E-3    	35.00     	4431.11 	24.6 	33.1 	6.787206E+0	1.254123E-6 	1.084057E+7	1.761628E+3	-1.619810E+0	2.211334E-4	7.349538E+0	7.331896E+0
35.0    	62      	6.829140E+0	5.994371E-4	-3.40E-1   	35.00     	4433.67 	24.6 	33.1 	6.829173E+0	4.084492E-7 	1.077957E+7	9.018500E+2	-1.618473E+0	1.418920E-4	7.390650E+0	7.373863E+0
35.0    	63      	6.819109E+0	1.928451E-3	-3.18E-1   	35.00     	4436.23 	24.6 	33.1 	6.818552E+0	3.568680E-6 	1.079467E+7	2.793445E+3	-1.619337E+0	1.939931E-4	7.380619E+0	7.363242E+0
35.0    	64      	9.846171E-1	1.518282E-3	-2.62E-1   	35.00     	4438.81 	24.6 	33.1 	9.090949E-1	3.251500E-6 	5.307840E+7	5.892945E+4	-1.817683E+0	5.515735E-4	1.546127E+0	1.453785E+0
35.0    	65      	6.796839E+0	3.360439E-4	-2.20E-1   	35.00     	4441.39 	24.6 	33.1 	6.795660E+0	2.879160E-7 	1.082783E+7	6.429101E+2	-1.620273E+0	2.779089E-4	7.358349E+0	7.340350E+0
35.0    	66      	6.528422E+0	7.802411E-4	-2.01E-1   	35.00     	4443.95 	24.6 	33.1 	6.526553E+0	8.057746E-7 	1.123883E+7	1.331666E+3	-1.622160E+0	1.646208E-4	7.089932E+0	7.071243E+0
35.0    	67      	6.504534E+0	9.214854E-4	-4.24E-1   	35.00     	4446.54 	24.6 	33.1 	6.502430E+0	7.351955E-7 	1.127707E+7	1.418920E+3	-1.622570E+0	1.670329E-4	7.066044E+0	7.047120E+0
35.0    	68      	6.472646E+0	3.932489E-4	-3.26E-1   	35.00     	4449.10 	24.6 	33.1 	6.470407E+0	3.109402E-7 	1.132837E+7	7.571878E+2	-1.622873E+0	3.056687E-4	7.034156E+0	7.015097E+0
35.0    	69      	6.530136E+0	3.675970E-4	-1.34E-1   	35.00     	4451.67 	24.6 	33.1 	6.528032E+0	1.648728E-7 	1.123630E+7	6.000000E+2	-1.622477E+0	2.289833E-4	7.091646E+0	7.072722E+0
35.0    	70      	6.495794E+0	7.268078E-4	-1.05E-1   	35.00     	4454.23 	24.6 	33.1 	6.493920E+0	6.965963E-7 	1.129087E+7	1.250333E+3	-1.622287E+0	1.628906E-4	7.057304E+0	7.038610E+0
35.0    	71      	6.477763E+0	1.713120E-3	-1.12E-2   	35.00     	4456.81 	24.6 	33.1 	6.475757E+0	2.491573E-6 	1.131993E+7	2.650157E+3	-1.622533E+0	1.847521E-4	7.039273E+0	7.020447E+0
35.0    	72      	6.545134E+0	1.253085E-3	1.21E-1    	35.00     	4459.39 	24.6 	33.1 	6.543437E+0	1.684129E-6 	1.121223E+7	2.013289E+3	-1.621863E+0	1.527525E-4	7.106644E+0	7.088127E+0
35.0    	73      	6.558348E+0	3.055596E-3	-4.90E-2   	35.00     	4461.94 	24.6 	33.1 	6.556944E+0	8.878484E-6 	1.119117E+7	4.750088E+3	-1.621410E+0	1.200000E-4	7.119858E+0	7.101634E+0
35.0    	74      	6.511866E+0	2.455532E-3	-4.56E-1   	35.00     	4464.53 	24.6 	33.1 	6.510466E+0	6.051630E-6 	1.126480E+7	3.897435E+3	-1.621567E+0	7.106570E-4	7.073376E+0	7.055156E+0
35.0    	75      	6.468229E+0	5.042689E-3	-4.29E-1   	35.00     	4467.11 	24.6 	33.1 	6.466524E+0	2.483899E-5 	1.133507E+7	8.095884E+3	-1.622153E+0	1.106044E-4	7.029739E+0	7.011214E+0
35.0    	76      	6.840093E+0	9.058698E-4	-1.43E-1   	35.00     	4469.67 	24.6 	33.1 	6.839756E+0	5.663218E-7 	1.076387E+7	1.205543E+3	-1.618960E+0	2.433105E-4	7.401603E+0	7.384446E+0
35.0    	77      	7.300282E-1	1.023114E-3	-1.57E-1   	35.00     	4472.24 	24.6 	33.1 	6.078183E-1	1.782388E-6 	6.522510E+7	6.357389E+4	-1.905083E+0	5.404936E-4	1.291538E+0	1.152508E+0
35.0    	78      	7.351850E-1	1.966770E-3	-1.69E-1   	35.00     	4474.81 	24.6 	33.1 	6.104289E-1	3.428066E-6 	6.502173E+7	9.454482E+4	-1.907550E+0	1.617900E-3	1.296695E+0	1.155119E+0
35.0    	79      	6.847490E+0	4.403807E-3	-1.34E-1   	35.00     	4477.39 	24.6 	33.1 	6.846891E+0	1.788383E-5 	1.075330E+7	6.269769E+3	-1.619303E+0	2.874601E-4	7.409000E+0	7.391581E+0
35.0    	80      	7.086441E+0	2.411870E-4	-9.17E-2   	35.00     	4479.96 	24.6 	33.1 	7.086243E+0	5.511320E-8 	1.041667E+7	3.214550E+2	-1.617987E+0	9.018500E-5	7.647951E+0	7.630933E+0
35.0    	81      	6.805374E+0	1.293460E-3	-1.01E-1   	35.00     	4482.53 	24.6 	33.1 	6.804114E+0	1.747736E-6 	1.081533E+7	1.921805E+3	-1.620357E+0	9.712535E-5	7.366884E+0	7.348804E+0
35.0    	82      	6.538059E+0	1.429491E-3	-3.49E-2   	35.00     	4485.12 	24.6 	33.1 	6.536010E+0	2.380628E-6 	1.122370E+7	2.351595E+3	-1.622373E+0	2.154840E-4	7.099569E+0	7.080700E+0
35.0    	83      	6.505136E+0	1.711199E-3	-1.90E-1   	35.00     	4487.68 	24.6 	33.1 	6.502996E+0	2.631912E-6 	1.127613E+7	2.663331E+3	-1.622617E+0	1.234234E-4	7.066646E+0	7.047686E+0
35.0    	84      	6.576933E+0	1.647186E-3	-2.08E-1   	35.00     	4490.26 	24.6 	33.1 	6.574966E+0	2.451890E-6 	1.116243E+7	2.514624E+3	-1.622120E+0	1.352775E-4	7.138443E+0	7.119656E+0
35.0    	85      	6.524576E+0	9.348448E-4	-1.86E-1   	35.00     	4492.84 	24.6 	33.1 	6.522717E+0	5.431735E-7 	1.124493E+7	1.327906E+3	-1.622160E+0	2.696294E-4	7.086086E+0	7.067407E+0
35.0    	86      	6.530047E+0	2.433530E-3	1.10E-2    	35.00     	4495.41 	24.6 	33.1 	6.528080E+0	6.518084E-6 	1.123633E+7	3.955165E+3	-1.622290E+0	1.824829E-4	7.091557E+0	7.072770E+0
35.0    	87      	6.614439E+0	1.511679E-3	-1.12E-1   	35.00     	4497.98 	24.6 	33.1 	6.613008E+0	2.373734E-6 	1.110360E+7	2.364318E+3	-1.621250E+0	6.557439E-5	7.175949E+0	7.157698E+0
35.0    	88      	6.600169E+0	4.403177E-4	6.87E-2    	35.00     	4500.56 	24.6 	33.1 	6.598634E+0	2.944196E-7 	1.112583E+7	7.571878E+2	-1.621443E+0	2.367136E-4	7.161679E+0	7.143324E+0
35.0    	89      	6.614953E+0	1.615575E-3	-7.18E-2   	35.00     	4503.14 	24.6 	33.1 	6.613527E+0	1.973083E-6 	1.110280E+7	2.338803E+3	-1.621240E+0	2.858321E-4	7.176463E+0	7.158217E+0
35.0    	90      	6.647493E+0	1.956080E-3	2.25E-2    	35.00     	4505.72 	24.6 	33.1 	6.646093E+0	4.391255E-6 	1.105260E+7	3.109662E+3	-1.621090E+0	2.007486E-4	7.209003E+0	7.190783E+0
35.0    	91      	6.584007E+0	1.442063E-3	-1.71E-2   	35.00     	4508.29 	24.6 	33.1 	6.582383E+0	2.462332E-6 	1.115110E+7	2.351595E+3	-1.621623E+0	2.227854E-4	7.145517E+0	7.127073E+0
35.0    	92      	6.503500E+0	1.979722E-3	-2.32E-1   	35.00     	4510.85 	24.6 	33.1 	6.501545E+0	3.379457E-6 	1.127860E+7	3.051229E+3	-1.622370E+0	2.137756E-4	7.065010E+0	7.046235E+0
35.0    	93      	6.897689E+0	8.973516E-4	-5.02E-1   	35.00     	4513.42 	24.6 	33.1 	6.896689E+0	7.319598E-7 	1.068113E+7	1.250333E+3	-1.619693E+0	2.441994E-4	7.459199E+0	7.441379E+0
35.0    	94      	6.811660E+0	7.559980E-4	3.92E-3    	35.00     	4516.01 	24.6 	33.1 	6.810719E+0	5.785663E-7 	1.080587E+7	1.106044E+3	-1.619897E+0	2.285461E-4	7.373170E+0	7.355409E+0
35.0    	95      	6.535411E+0	2.161946E-3	5.53E-2    	35.00     	4518.57 	24.6 	33.1 	6.533439E+0	5.194562E-6 	1.122783E+7	3.516153E+3	-1.622277E+0	2.739221E-4	7.096921E+0	7.078129E+0
35.0    	96      	6.803784E+0	1.305220E-3	-3.65E-1   	35.00     	4521.17 	24.6 	33.1 	6.802574E+0	1.468970E-6 	1.081763E+7	1.850225E+3	-1.620293E+0	1.404754E-4	7.365294E+0	7.347264E+0
35.0    	97      	6.789535E+0	7.311158E-4	-9.20E-2   	35.00     	4523.73 	24.6 	33.1 	6.788408E+0	5.150646E-7 	1.083857E+7	1.069268E+3	-1.620227E+0	3.785939E-5	7.351045E+0	7.333098E+0
35.0    	98      	6.527367E+0	2.724020E-3	-1.63E-1   	35.00     	4526.30 	24.6 	33.1 	6.525426E+0	7.024679E-6 	1.124057E+7	4.266536E+3	-1.622263E+0	1.474223E-4	7.088877E+0	7.070116E+0
35.0    	99      	6.509993E+0	6.572552E-4	-1.16E-1   	35.00     	4528.87 	24.6 	33.1 	6.508076E+0	4.897455E-7 	1.126820E+7	1.081665E+3	-1.622293E+0	1.006645E-4	7.071503E+0	7.052766E+0
35.0    	100     	6.567609E+0	1.297798E-3	-2.93E-1   	35.00     	4531.46 	24.6 	33.1 	6.565751E+0	1.476495E-6 	1.117697E+7	1.965536E+3	-1.622003E+0	3.089229E-4	7.129119E+0	7.110441E+0
35.0    	101     	6.489690E+0	1.740331E-3	-5.37E-1   	35.00     	4534.03 	24.6 	33.1 	6.487883E+0	3.441764E-6 	1.130060E+7	2.884441E+3	-1.622217E+0	1.844813E-4	7.051200E+0	7.032573E+0
35.0    	102     	6.578177E+0	8.984846E-4	-1.65E-1   	35.00     	4536.59 	24.6 	33.1 	6.576575E+0	4.936936E-7 	1.116020E+7	1.249000E+3	-1.621613E+0	3.164385E-4	7.139687E+0	7.121265E+0
35.0    	103     	6.550557E+0	1.252467E-3	1.56E-1    	35.00     	4539.17 	24.6 	33.1 	6.549121E+0	1.349448E-6 	1.120347E+7	1.903506E+3	-1.621483E+0	1.342882E-4	7.112067E+0	7.093811E+0
35.0    	104     	6.548176E+0	1.339757E-3	-6.94E-2   	35.00     	4541.74 	24.6 	33.1 	6.546896E+0	1.183930E-6 	1.120710E+7	1.915724E+3	-1.621273E+0	3.499047E-4	7.109686E+0	7.091586E+0
35.0    	105     	6.580422E+0	3.994699E-4	-2.55E-1   	35.00     	4544.31 	24.6 	33.1 	6.578932E+0	2.905739E-8 	1.115660E+7	4.358899E+2	-1.621450E+0	3.551056E-4	7.141932E+0	7.123622E+0
35.0    	106     	6.598204E+0	3.193107E-3	-6.12E-2   	35.00     	4546.90 	24.6 	33.1 	6.596659E+0	9.028550E-6 	1.112890E+7	4.821825E+3	-1.621463E+0	2.490649E-4	7.159714E+0	7.141349E+0
35.0    	107     	6.655071E+0	9.896065E-4	-2.95E-1   	35.00     	4549.46 	24.6 	33.1 	6.654122E+0	8.535346E-7 	1.104063E+7	1.457166E+3	-1.620437E+0	2.983845E-4	7.216581E+0	7.198812E+0
35.0    	108     	6.553104E+0	2.558692E-4	-3.03E-1   	35.00     	4552.03 	24.6 	33.1 	6.551521E+0	1.061346E-7 	1.119957E+7	4.509250E+2	-1.621677E+0	1.750238E-4	7.114614E+0	7.096211E+0
35.0    	109     	6.541911E+0	1.324638E-3	-1.91E-1   	35.00     	4554.58 	24.6 	33.1 	6.539953E+0	1.857269E-6 	1.121753E+7	2.122106E+3	-1.622233E+0	2.000833E-4	7.103421E+0	7.084643E+0
35.0    	110     	6.511581E+0	1.235255E-3	-3.04E-1   	35.00     	4557.18 	24.6 	33.1 	6.509706E+0	1.199617E-6 	1.126563E+7	1.858315E+3	-1.622230E+0	1.907878E-4	7.073091E+0	7.054396E+0
35.0    	111     	6.516799E+0	1.723771E-4	2.63E-2    	35.00     	4559.73 	24.6 	33.1 	6.514569E+0	6.913032E-8 	1.125760E+7	3.464102E+2	-1.622697E+0	1.266228E-4	7.078309E+0	7.059259E+0
35.0    	112     	6.802802E+0	2.032379E-3	-5.40E-1   	35.00     	4562.31 	24.6 	33.1 	6.801925E+0	4.848875E-6 	1.081883E+7	3.113412E+3	-1.619837E+0	2.836077E-4	7.364312E+0	7.346615E+0
35.0    	113     	6.776229E+0	8.604046E-4	-5.51E-2   	35.00     	4564.88 	24.6 	33.1 	6.774758E+0	4.936570E-7 	1.085850E+7	1.153256E+3	-1.620743E+0	2.844878E-4	7.337739E+0	7.319448E+0
35.0    	114     	6.517150E+0	1.193438E-3	-2.39E-2   	35.00     	4567.46 	24.6 	33.1 	6.514930E+0	1.548044E-6 	1.125703E+7	1.939931E+3	-1.622683E+0	1.209683E-4	7.078660E+0	7.059620E+0
35.0    	115     	6.504005E+0	1.354552E-3	-4.72E-1   	35.00     	4570.03 	24.6 	33.1 	6.501874E+0	1.788798E-6 	1.127793E+7	2.150194E+3	-1.622610E+0	1.228821E-4	7.065515E+0	7.046564E+0
35.0    	116     	6.548984E+0	1.131982E-3	-2.05E-1   	35.00     	4572.59 	24.6 	33.1 	6.546849E+0	1.378026E-6 	1.120650E+7	1.819341E+3	-1.622450E+0	6.557439E-5	7.110494E+0	7.091539E+0
35.0    	117     	6.499328E+0	7.993753E-4	-1.66E-1   	35.00     	4575.18 	24.6 	33.1 	6.497214E+0	7.078332E-7 	1.128540E+7	1.307670E+3	-1.622603E+0	2.122106E-4	7.060838E+0	7.041904E+0
35.0    	118     	6.561806E+0	1.304165E-3	-2.57E-1   	35.00     	4577.75 	24.6 	33.1 	6.560138E+0	1.390207E-6 	1.118593E+7	1.950214E+3	-1.621763E+0	2.267892E-4	7.123316E+0	7.104828E+0
35.0    	119     	6.525802E+0	1.423866E-3	-4.44E-1   	35.00     	4580.32 	24.6 	33.1 	6.523799E+0	2.190875E-6 	1.124310E+7	2.306513E+3	-1.622353E+0	9.073772E-5	7.087312E+0	7.068489E+0
35.0    	120     	6.538467E+0	2.840408E-4	-3.48E-1   	35.00     	4582.87 	24.6 	33.1 	6.536865E+0	1.495452E-7 	1.122270E+7	5.291503E+2	-1.621757E+0	1.616581E-4	7.099977E+0	7.081555E+0
35.0    	121     	6.578451E+0	6.018842E-4	-3.05E-1   	35.00     	4585.44 	24.6 	33.1 	6.576940E+0	4.383535E-7 	1.115970E+7	9.848858E+2	-1.621487E+0	1.833939E-4	7.139961E+0	7.121630E+0
35.0    	122     	6.567227E+0	5.175272E-4	-3.32E-1   	35.00     	4588.01 	24.6 	33.1 	6.565665E+0	2.560494E-7 	1.117733E+7	8.020806E+2	-1.621597E+0	8.326664E-5	7.128737E+0	7.110355E+0
35.0    	123     	6.624437E+0	6.720051E-4	-2.07E-1   	35.00     	4590.59 	24.6 	33.1 	6.622874E+0	3.663268E-7 	1.108823E+7	9.865766E+2	-1.621397E+0	8.962886E-5	7.185947E+0	7.167564E+0
35.0    	124     	6.597215E+0	1.020030E-3	-3.27E-1   	35.00     	4593.15 	24.6 	33.1 	6.595633E+0	1.085391E-6 	1.113047E+7	1.604161E+3	-1.621520E+0	9.539392E-5	7.158725E+0	7.140323E+0
35.0    	125     	6.503632E+0	1.601622E-3	1.40E-1    	35.00     	4595.75 	24.6 	33.1 	6.501413E+0	2.360600E-6 	1.127860E+7	2.505993E+3	-1.622730E+0	1.900000E-4	7.065142E+0	7.046103E+0
35.0    	126     	6.500489E+0	1.243441E-3	-1.38E-2   	35.00     	4598.30 	24.6 	33.1 	6.498428E+0	1.619908E-6 	1.128350E+7	2.007486E+3	-1.622527E+0	2.514624E-4	7.061999E+0	7.043118E+0
35.0    	127     	6.510577E+0	1.907152E-3	1.12E-1    	35.00     	4600.89 	24.6 	33.1 	6.508579E+0	3.739105E-6 	1.126733E+7	3.061590E+3	-1.622403E+0	1.789786E-4	7.072087E+0	7.053269E+0
35.0    	128     	6.761637E+0	3.099074E-3	-5.34E-1   	35.00     	4603.47 	24.6 	33.1 	6.760208E+0	1.003492E-5 	1.088013E+7	4.660830E+3	-1.620737E+0	1.331666E-4	7.323147E+0	7.304898E+0
35.0    	129     	6.755704E+0	4.163575E-4	8.70E-2    	35.00     	4606.04 	24.6 	33.1 	6.754720E+0	1.999048E-7 	1.088863E+7	6.429101E+2	-1.620143E+0	5.859465E-5	7.317214E+0	7.299410E+0
35.0    	130     	6.521305E+0	4.873552E-3	-1.20E-1   	35.00     	4608.60 	24.6 	33.1 	6.519115E+0	1.975973E-5 	1.125040E+7	7.408104E+3	-1.622623E+0	5.653612E-4	7.082815E+0	7.063805E+0
35.0    	131     	6.501786E+0	5.559289E-4	6.87E-3    	35.00     	4611.44 	24.6 	33.1 	6.500007E+0	4.249477E-7 	1.128120E+7	9.643651E+2	-1.622133E+0	1.650253E-4	7.063296E+0	7.044697E+0
35.0    	132     	6.533434E+0	4.721029E-4	-2.42E-1   	35.00     	4614.01 	24.6 	33.1 	6.531628E+0	8.468216E-8 	1.123083E+7	6.027714E+2	-1.622057E+0	2.608320E-4	7.094944E+0	7.076318E+0
35.0    	133     	6.516818E+0	9.660036E-4	-3.26E-1   	35.00     	4616.61 	24.6 	33.1 	6.515178E+0	7.147596E-7 	1.125710E+7	1.442221E+3	-1.621887E+0	1.644182E-4	7.078328E+0	7.059868E+0
35.0    	134     	6.573696E+0	1.860625E-3	-1.68E-1   	35.00     	4619.18 	24.6 	33.1 	6.572202E+0	3.076986E-6 	1.116713E+7	2.830783E+3	-1.621480E+0	2.286919E-4	7.135206E+0	7.116892E+0
35.0    	135     	6.549449E+0	1.822939E-3	-3.53E-1   	35.00     	4621.75 	24.6 	33.1 	6.547736E+0	3.220058E-6 	1.120543E+7	2.853653E+3	-1.621870E+0	5.567764E-5	7.110959E+0	7.092426E+0
35.0    	136     	6.461042E+0	6.867099E-4	-1.85E-1   	35.00     	4624.32 	24.6 	33.1 	6.459064E+0	5.192783E-7 	1.134690E+7	1.135782E+3	-1.622557E+0	1.415392E-4	7.022552E+0	7.003754E+0
35.0    	137     	6.450129E+0	1.054172E-3	-2.18E-1   	35.00     	4626.90 	24.6 	33.1 	6.448255E+0	1.113228E-6 	1.136450E+7	1.705872E+3	-1.622453E+0	2.371357E-4	7.011639E+0	6.992945E+0
35.0    	138     	6.572742E+0	2.524414E-3	-9.38E-2   	35.00     	4629.48 	24.6 	33.1 	6.571200E+0	6.052292E-6 	1.116867E+7	3.906832E+3	-1.621550E+0	1.039230E-4	7.134252E+0	7.115890E+0
35.0    	139     	6.616102E+0	6.388029E-4	-2.37E-1   	35.00     	4632.05 	24.6 	33.1 	6.614529E+0	2.257190E-7 	1.110113E+7	8.621678E+2	-1.621440E+0	2.251666E-4	7.177612E+0	7.159219E+0
35.0    	140     	6.586225E+0	2.252067E-3	-7.72E-2   	35.00     	4634.63 	24.6 	33.1 	6.584903E+0	4.517969E-6 	1.114740E+7	3.417601E+3	-1.621197E+0	1.703917E-4	7.147735E+0	7.129593E+0
35.0    	141     	6.493161E+0	1.245824E-3	-2.43E-1   	35.00     	4637.20 	24.6 	33.1 	6.491021E+0	1.085150E-6 	1.129530E+7	1.833030E+3	-1.622660E+0	2.861818E-4	7.054671E+0	7.035711E+0
35.0    	142     	6.493881E+0	1.006846E-3	-7.94E-2   	35.00     	4639.78 	24.6 	33.1 	6.492130E+0	7.881983E-7 	1.129383E+7	1.514376E+3	-1.622123E+0	2.458319E-4	7.055391E+0	7.036820E+0
35.0    	143     	6.507914E+0	8.428994E-4	-1.29E-1   	35.00     	4642.36 	24.6 	33.1 	6.505728E+0	7.401512E-7 	1.127173E+7	1.357694E+3	-1.622670E+0	1.276715E-4	7.069424E+0	7.050418E+0
35.0    	144     	6.755742E+0	3.075728E-3	-9.40E-2   	35.00     	4644.92 	24.6 	33.1 	6.754639E+0	8.239454E-6 	1.088867E+7	4.429823E+3	-1.620307E+0	2.836077E-4	7.317252E+0	7.299329E+0
35.0    	145     	6.758478E+0	1.220770E-3	-4.45E-1   	35.00     	4647.49 	24.6 	33.1 	6.757229E+0	1.519270E-6 	1.088470E+7	1.824829E+3	-1.620500E+0	1.452584E-4	7.319988E+0	7.301919E+0
35.0    	146     	6.514815E+0	1.698553E-3	-4.56E-1   	35.00     	4650.06 	24.6 	33.1 	6.512662E+0	2.840263E-6 	1.126070E+7	2.696294E+3	-1.622600E+0	3.605551E-5	7.076325E+0	7.057352E+0
35.0    	147     	6.496396E+0	1.313914E-3	7.22E-2    	35.00     	4652.64 	24.6 	33.1 	6.494317E+0	1.563913E-6 	1.129007E+7	2.052641E+3	-1.622567E+0	1.379613E-4	7.057906E+0	7.039007E+0
35.0    	148     	6.815397E+0	1.437463E-3	-5.35E-2   	35.00     	4655.22 	24.6 	33.1 	6.814619E+0	2.746710E-6 	1.080027E+7	2.267892E+3	-1.619657E+0	3.172276E-4	7.376907E+0	7.359309E+0
35.0    	149     	6.516977E+0	6.521569E-4	-2.13E-1   	35.00     	4657.81 	24.6 	33.1 	6.514893E+0	3.138961E-7 	1.125720E+7	9.643651E+2	-1.622497E+0	1.418920E-4	7.078487E+0	7.059583E+0
35.0    	150     	6.566173E+0	6.330350E-4	-1.27E-1   	35.00     	4660.37 	24.6 	33.1 	6.564384E+0	4.326983E-7 	1.117917E+7	1.006645E+3	-1.621913E+0	2.107922E-4	7.127683E+0	7.109074E+0
35.0    	151     	6.598054E+0	1.105556E-3	-3.63E-1   	35.00     	4662.94 	24.6 	33.1 	6.596507E+0	6.790202E-7 	1.112913E+7	1.501111E+3	-1.621467E+0	3.855299E-4	7.159564E+0	7.141197E+0
35.0    	152     	6.559168E+0	5.248343E-4	-3.27E-1   	35.00     	4665.53 	24.6 	33.1 	6.557478E+0	1.333685E-7 	1.119010E+7	7.000000E+2	-1.621803E+0	2.196209E-4	7.120678E+0	7.102168E+0
35.0    	153     	6.557094E+0	1.143709E-3	-2.34E-1   	35.00     	4668.08 	24.6 	33.1 	6.555402E+0	1.277525E-6 	1.119337E+7	1.789786E+3	-1.621813E+0	4.725816E-5	7.118604E+0	7.100092E+0
35.0    	154     	6.589674E+0	2.104585E-3	-3.17E-1   	35.00     	4670.65 	24.6 	33.1 	6.587946E+0	4.480350E-6 	1.114233E+7	3.292922E+3	-1.621747E+0	1.021437E-4	7.151184E+0	7.132636E+0
35.0    	155     	6.628188E+0	3.567883E-4	-2.16E-1   	35.00     	4673.23 	24.6 	33.1 	6.626678E+0	1.054823E-7 	1.108240E+7	5.196152E+2	-1.621310E+0	1.513275E-4	7.189698E+0	7.171368E+0
35.0    	156     	6.530770E+0	8.281683E-4	-3.58E-1   	35.00     	4675.82 	24.6 	33.1 	6.528910E+0	3.703638E-7 	1.123510E+7	1.135782E+3	-1.622140E+0	3.360060E-4	7.092280E+0	7.073600E+0
35.0    	157     	6.496927E+0	1.673276E-2	-2.75E-1   	35.00     	4678.39 	24.6 	33.1 	6.496621E+0	2.300224E-4 	1.128783E+7	2.547476E+4	-1.619990E+0	3.443443E-3	7.058437E+0	7.041311E+0
35.0    	158     	6.489535E+0	1.144049E-3	-3.41E-1   	35.00     	4680.95 	24.6 	33.1 	6.487540E+0	1.127378E-6 	1.130100E+7	1.769181E+3	-1.622477E+0	1.386843E-4	7.051045E+0	7.032230E+0
35.0    	159     	6.516283E+0	1.203408E-3	-1.51E-1   	35.00     	4683.52 	24.6 	33.1 	6.514123E+0	1.585983E-6 	1.125837E+7	1.960442E+3	-1.622603E+0	1.301281E-4	7.077793E+0	7.058813E+0
35.0    	160     	6.753510E+0	1.309982E-3	-9.31E-2   	35.00     	4686.09 	24.6 	33.1 	6.752218E+0	2.041714E-6 	1.089213E+7	2.040425E+3	-1.620577E+0	2.112660E-4	7.315020E+0	7.296908E+0
35.0    	161     	6.755722E+0	4.268945E-4	-4.74E-1   	35.00     	4688.67 	24.6 	33.1 	6.754479E+0	8.200911E-8 	1.088880E+7	5.291503E+2	-1.620500E+0	2.107131E-4	7.317232E+0	7.299169E+0
35.0    	162     	6.520848E+0	2.997808E-3	-1.84E-1   	35.00     	4691.23 	24.6 	33.1 	6.518815E+0	8.989187E-6 	1.125100E+7	4.769696E+3	-1.622413E+0	1.101514E-4	7.082358E+0	7.063505E+0
35.0    	163     	6.795802E+0	8.230174E-4	-2.95E-1   	35.00     	4693.82 	24.6 	33.1 	6.794706E+0	3.943644E-7 	1.082930E+7	1.058301E+3	-1.620163E+0	3.873414E-4	7.357312E+0	7.339396E+0
35.0    	164     	7.339941E-1	1.395826E-3	-4.83E-1   	35.00     	4696.39 	24.6 	33.1 	6.074874E-1	2.760822E-6 	6.513457E+7	8.183986E+4	-1.909873E+0	5.744853E-4	1.295504E+0	1.152177E+0
35.0    	165     	6.793550E+0	1.149059E-3	-3.97E-1   	35.00     	4698.96 	24.6 	33.1 	6.792616E+0	9.673805E-7 	1.083250E+7	1.571623E+3	-1.619947E+0	2.379776E-4	7.355060E+0	7.337306E+0
35.0    	166     	6.529615E+0	2.927942E-3	-1.98E-2   	35.00     	4701.53 	24.6 	33.1 	6.527797E+0	8.326948E-6 	1.123690E+7	4.613025E+3	-1.622087E+0	7.023769E-5	7.091125E+0	7.072487E+0
35.0    	167     	6.560569E+0	1.390622E-3	-4.69E-1   	35.00     	4704.11 	24.6 	33.1 	6.558917E+0	1.982066E-6 	1.118787E+7	2.200757E+3	-1.621747E+0	5.507571E-5	7.122079E+0	7.103607E+0
35.0    	168     	6.628669E+0	1.389040E-3	-4.31E-1   	35.00     	4706.70 	24.6 	33.1 	6.627018E+0	1.778914E-6 	1.108177E+7	2.100794E+3	-1.621503E+0	8.082904E-5	7.190179E+0	7.171708E+0
35.0    	169     	6.637120E+0	2.361391E-3	-4.37E-2   	35.00     	4709.27 	24.6 	33.1 	6.635478E+0	4.913436E-6 	1.106873E+7	3.521837E+3	-1.621460E+0	3.143247E-4	7.198630E+0	7.180168E+0
35.0    	170     	6.614358E+0	1.495128E-3	-1.99E-1   	35.00     	4711.81 	24.6 	33.1 	6.612873E+0	1.516185E-6 	1.110377E+7	2.103172E+3	-1.621323E+0	4.936936E-4	7.175868E+0	7.157563E+0
35.0    	171     	6.554825E+0	2.265159E-3	-2.07E-1   	35.00     	4714.39 	24.7 	33.1 	6.553228E+0	5.726387E-6 	1.119687E+7	3.669242E+3	-1.621690E+0	1.852026E-4	7.116335E+0	7.097918E+0
35.0    	172     	6.487626E+0	9.729912E-4	5.67E-3    	35.00     	4716.95 	24.6 	33.1 	6.485628E+0	8.343586E-7 	1.130407E+7	1.514376E+3	-1.622487E+0	9.073772E-5	7.049136E+0	7.030318E+0
35.0    	173     	6.508211E+0	1.937738E-3	-3.92E-1   	35.00     	4719.53 	24.6 	33.1 	6.506016E+0	4.043292E-6 	1.127127E+7	3.146956E+3	-1.622680E+0	3.345146E-4	7.069721E+0	7.050706E+0
35.0    	174     	6.478758E+0	1.630621E-3	-1.79E-1   	35.00     	4722.11 	24.6 	33.1 	6.476832E+0	2.724958E-6 	1.131827E+7	2.640707E+3	-1.622420E+0	7.549834E-5	7.040268E+0	7.021522E+0
35.0    	175     	6.519727E+0	1.892380E-3	-3.59E-1   	35.00     	4724.67 	24.6 	33.1 	6.517840E+0	3.499000E-6 	1.125267E+7	2.993883E+3	-1.622217E+0	7.637626E-5	7.081237E+0	7.062530E+0
35.0    	176     	6.751755E+0	1.473596E-3	-2.07E-1   	35.00     	4727.24 	24.6 	33.1 	6.750620E+0	1.881960E-6 	1.089463E+7	2.122106E+3	-1.620367E+0	1.365040E-4	7.313265E+0	7.295310E+0
35.0    	177     	6.744495E+0	1.003630E-3	-1.99E-1   	35.00     	4729.81 	24.6 	33.1 	6.743368E+0	1.285735E-6 	1.090547E+7	1.594783E+3	-1.620380E+0	2.523886E-4	7.306005E+0	7.288058E+0
35.0    	178     	6.537065E+0	2.697379E-4	3.12E-2    	35.00     	4732.39 	24.6 	33.1 	6.535067E+0	1.070502E-7 	1.122523E+7	4.725816E+2	-1.622307E+0	8.082904E-5	7.098575E+0	7.079757E+0
35.0    	179     	6.518867E+0	1.862597E-3	-5.67E-2   	35.00     	4734.97 	24.6 	33.1 	6.517065E+0	3.643394E-6 	1.125397E+7	3.000556E+3	-1.622103E+0	1.115049E-4	7.080377E+0	7.061755E+0
35.0    	180     	6.780688E+0	6.229114E-4	6.42E-2    	35.00     	4737.54 	24.6 	33.1 	6.780248E+0	4.913959E-7 	1.085113E+7	9.712535E+2	-1.619300E+0	2.666458E-4	7.342198E+0	7.324938E+0
35.0    	181     	6.524752E+0	1.344441E-3	-1.91E-1   	35.00     	4740.11 	24.7 	33.1 	6.523086E+0	2.054327E-6 	1.124450E+7	2.206808E+3	-1.621893E+0	1.320353E-4	7.086262E+0	7.067776E+0
35.0    	182     	6.487779E+0	7.465641E-4	-4.97E-1   	35.00     	4742.69 	24.7 	33.1 	6.485766E+0	6.590593E-7 	1.130383E+7	1.250333E+3	-1.622507E+0	1.201388E-4	7.049289E+0	7.030456E+0
35.0    	183     	6.507072E+0	9.487249E-4	1.99E-1    	35.00     	4745.24 	24.7 	33.1 	6.505317E+0	9.005700E-7 	1.127273E+7	1.504438E+3	-1.622080E+0	3.124100E-4	7.068582E+0	7.050007E+0
35.0    	184     	6.500295E+0	1.238035E-3	-4.57E-1   	35.00     	4747.82 	24.7 	33.1 	6.498247E+0	1.500970E-6 	1.128380E+7	1.969772E+3	-1.622510E+0	8.544004E-5	7.061805E+0	7.042937E+0
35.0    	185     	6.513400E+0	2.030496E-3	-6.55E-2   	35.00     	4750.39 	24.7 	33.1 	6.511651E+0	4.578739E-6 	1.126263E+7	3.323151E+3	-1.622050E+0	1.670329E-4	7.074910E+0	7.056341E+0
35.0    	186     	6.521004E+0	7.320413E-4	-3.81E-1   	35.00     	4752.95 	24.7 	33.1 	6.519370E+0	4.871672E-7 	1.125043E+7	1.137248E+3	-1.621863E+0	4.618802E-5	7.082514E+0	7.064060E+0
35.0    	187     	6.499126E+0	2.049377E-3	-3.64E-1   	35.00     	4755.53 	24.7 	33.1 	6.497417E+0	4.401640E-6 	1.128540E+7	3.318132E+3	-1.622047E+0	1.563117E-4	7.060636E+0	7.042107E+0
35.0    	188     	6.509876E+0	9.878128E-4	-1.95E-1   	35.00     	4758.12 	24.7 	33.1 	6.508025E+0	1.043094E-6 	1.126833E+7	1.601041E+3	-1.622203E+0	1.429452E-4	7.071386E+0	7.052715E+0
35.0    	189     	6.467147E+0	1.253167E-3	-2.38E-1   	35.00     	4760.68 	24.6 	33.1 	6.465331E+0	1.944700E-6 	1.133690E+7	2.137756E+3	-1.622310E+0	2.211334E-4	7.028657E+0	7.010021E+0
35.0    	190     	6.496621E+0	1.383941E-3	-4.80E-1   	35.00     	4763.24 	24.7 	33.1 	6.494925E+0	2.378936E-6 	1.128940E+7	2.338803E+3	-1.622037E+0	3.478985E-4	7.058131E+0	7.039615E+0
35.0    	191     	6.528146E+0	2.910699E-3	1.16E-1    	35.00     	4765.81 	24.6 	33.1 	6.526200E+0	8.105570E-6 	1.123933E+7	4.570923E+3	-1.622267E+0	8.082904E-5	7.089656E+0	7.070890E+0
35.0    	192     	6.757648E+0	6.804930E-4	-4.99E-1   	35.00     	4768.41 	24.6 	33.1 	6.756536E+0	5.935631E-7 	1.088583E+7	1.078579E+3	-1.620313E+0	1.703917E-4	7.319158E+0	7.301226E+0
35.0    	193     	6.733511E+0	3.918219E-4	-2.71E-1   	35.00     	4770.98 	24.7 	33.1 	6.732571E+0	7.837263E-8 	1.092177E+7	5.033223E+2	-1.620157E+0	1.550269E-4	7.295021E+0	7.277261E+0
35.0    	194     	6.528368E+0	8.597503E-4	-4.67E-1   	35.00     	4773.52 	24.6 	33.1 	6.526816E+0	6.697145E-7 	1.123867E+7	1.331666E+3	-1.621723E+0	5.507571E-5	7.089878E+0	7.071506E+0
35.0    	195     	6.516453E+0	1.442856E-3	-3.95E-1   	35.00     	4776.10 	24.6 	33.1 	6.514580E+0	2.297379E-6 	1.125787E+7	2.354428E+3	-1.622210E+0	1.868154E-4	7.077963E+0	7.059270E+0
35.0    	196     	6.510535E+0	1.240032E-3	-3.11E-1   	35.00     	4778.70 	24.7 	33.1 	6.508578E+0	1.471038E-6 	1.126737E+7	1.955335E+3	-1.622347E+0	1.184624E-4	7.072045E+0	7.053268E+0
35.0    	197     	6.480163E+0	6.947611E-4	-1.43E-1   	35.00     	4781.26 	24.7 	33.1 	6.478119E+0	4.232261E-7 	1.131610E+7	1.081665E+3	-1.622577E+0	9.018500E-5	7.041673E+0	7.022809E+0
35.0    	198     	6.526777E+0	6.295355E-4	-2.03E-1   	35.00     	4783.83 	24.6 	33.1 	6.525174E+0	2.030141E-7 	1.124123E+7	8.504901E+2	-1.621800E+0	3.104835E-4	7.088287E+0	7.069864E+0
35.0    	199     	6.516731E+0	1.710043E-3	-7.84E-2   	35.00     	4786.41 	24.7 	33.1 	6.514930E+0	2.651643E-6 	1.125737E+7	2.657693E+3	-1.622110E+0	1.322876E-4	7.078241E+0	7.059620E+0
35.0    	200     	6.490064E+0	9.090329E-4	-1.06E-1   	35.00     	4788.98 	24.7 	33.1 	6.488589E+0	6.153195E-7 	1.129973E+7	1.357694E+3	-1.621753E+0	1.900877E-4	7.051574E+0	7.033279E+0
35.0    	201     	6.485502E+0	7.914016E-4	-3.50E-1   	35.00     	4791.56 	24.7 	33.1 	6.483809E+0	5.125129E-7 	1.130723E+7	1.209683E+3	-1.622073E+0	1.365040E-4	7.047012E+0	7.028499E+0
35.0    	202     	6.518353E+0	1.302184E-3	-1.02E-1   	35.00     	4794.14 	24.6 	33.1 	6.516825E+0	1.533995E-6 	1.125457E+7	2.020726E+3	-1.621727E+0	1.588500E-4	7.079863E+0	7.061515E+0
35.0    	203     	6.527921E+0	1.602104E-3	-5.23E-1   	35.00     	4796.69 	24.7 	33.1 	6.526256E+0	2.407624E-6 	1.123947E+7	2.502665E+3	-1.621880E+0	1.053565E-4	7.089431E+0	7.070946E+0
35.0    	204     	6.471225E+0	6.841240E-4	-1.04E-1   	35.00     	4799.27 	24.7 	33.1 	6.469348E+0	3.314408E-7 	1.133037E+7	1.006645E+3	-1.622380E+0	2.783882E-4	7.032735E+0	7.014038E+0
35.0    	205     	6.494176E+0	1.951674E-3	-3.99E-3   	35.00     	4801.85 	24.7 	33.1 	6.492294E+0	3.919176E-6 	1.129347E+7	3.150132E+3	-1.622303E+0	9.504385E-5	7.055686E+0	7.036984E+0
35.0    	206     	6.514728E+0	1.099695E-3	-4.84E-1   	35.00     	4804.43 	24.7 	33.1 	6.513124E+0	1.359046E-6 	1.126040E+7	1.802776E+3	-1.621843E+0	1.844813E-4	7.076238E+0	7.057814E+0
35.0    	207     	6.539118E+0	9.553970E-4	1.12E-1    	35.00     	4807.00 	24.7 	33.1 	6.537352E+0	8.776007E-7 	1.122180E+7	1.493318E+3	-1.621980E+0	1.852026E-4	7.100628E+0	7.082042E+0
35.0    	208     	6.741969E+0	2.185988E-3	-2.83E-1   	35.00     	4809.57 	24.7 	33.1 	6.741212E+0	4.469797E-6 	1.090897E+7	3.212994E+3	-1.619873E+0	2.657693E-4	7.303479E+0	7.285902E+0
35.0    	209     	6.761332E+0	1.590374E-3	-1.44E-1   	35.00     	4812.14 	24.7 	33.1 	6.760691E+0	2.543528E-6 	1.088000E+7	2.364318E+3	-1.619647E+0	2.902298E-4	7.322842E+0	7.305381E+0
35.0    	210     	6.520588E+0	1.122894E-3	1.25E-1    	35.00     	4814.71 	24.7 	33.1 	6.518947E+0	1.121052E-6 	1.125110E+7	1.734935E+3	-1.621873E+0	1.069268E-4	7.082098E+0	7.063637E+0
35.0    	211     	6.532913E+0	1.043063E-3	-4.50E-1   	35.00     	4817.28 	24.7 	33.1 	6.531098E+0	8.486475E-7 	1.123167E+7	1.556706E+3	-1.622070E+0	1.682260E-4	7.094423E+0	7.075788E+0
35.0    	212     	6.511824E+0	7.645357E-4	-3.04E-1   	35.00     	4819.87 	24.7 	33.1 	6.510465E+0	5.517344E-7 	1.126483E+7	1.201388E+3	-1.621513E+0	6.027714E-5	7.073334E+0	7.055155E+0
35.0    	213     	6.514458E+0	8.250852E-4	-1.19E-1   	35.00     	4822.44 	24.7 	33.1 	6.512934E+0	7.589517E-7 	1.126077E+7	1.350309E+3	-1.621733E+0	1.201388E-4	7.075968E+0	7.057624E+0
35.0    	214     	6.499951E+0	2.458172E-3	-5.18E-1   	35.00     	4825.03 	24.7 	33.1 	6.497966E+0	5.242281E-6 	1.128430E+7	3.798684E+3	-1.622423E+0	2.250185E-4	7.061461E+0	7.042656E+0
35.0    	215     	6.491272E+0	1.273535E-3	-4.56E-1   	35.00     	4827.57 	24.7 	33.1 	6.489335E+0	1.415759E-6 	1.129817E+7	1.975686E+3	-1.622390E+0	1.135782E-4	7.052782E+0	7.034025E+0
35.0    	216     	6.519995E+0	1.569670E-3	-4.54E-1   	35.00     	4830.15 	24.7 	33.1 	6.518409E+0	2.286701E-6 	1.125200E+7	2.451530E+3	-1.621800E+0	7.937254E-5	7.081505E+0	7.063099E+0
35.0    	217     	6.516608E+0	7.220087E-4	-2.64E-1   	35.00     	4832.73 	24.7 	33.1 	6.515177E+0	8.407762E-7 	1.125727E+7	1.305118E+3	-1.621597E+0	2.750152E-4	7.078118E+0	7.059867E+0
35.0    	218     	6.493262E+0	9.586497E-4	5.08E-2    	35.00     	4835.31 	24.7 	33.1 	6.491460E+0	1.095338E-6 	1.129487E+7	1.607275E+3	-1.622197E+0	1.350309E-4	7.054772E+0	7.036150E+0
35.0    	219     	6.485378E+0	1.884494E-3	1.37E-2    	35.00     	4837.87 	24.7 	33.1 	6.483352E+0	3.662642E-6 	1.130770E+7	3.051229E+3	-1.622533E+0	4.725816E-5	7.046888E+0	7.028042E+0
35.0    	220     	6.508372E+0	1.122690E-3	-3.76E-1   	35.00     	4840.45 	24.7 	33.1 	6.506814E+0	1.110309E-6 	1.127050E+7	1.734935E+3	-1.621803E+0	1.674316E-4	7.069882E+0	7.051504E+0
35.0    	221     	6.513162E+0	7.905026E-4	-2.44E-1   	35.00     	4843.01 	24.7 	33.1 	6.511469E+0	5.340763E-7 	1.126297E+7	1.209683E+3	-1.621973E+0	1.625833E-4	7.074672E+0	7.056159E+0
35.0    	222     	6.532379E+0	7.487761E-4	-2.56E-1   	35.00     	4845.59 	24.7 	33.1 	6.531042E+0	5.108429E-7 	1.123213E+7	1.159023E+3	-1.621410E+0	9.539392E-5	7.093889E+0	7.075732E+0
35.0    	223     	6.523273E+0	2.533174E-4	-4.69E-1   	35.00     	4848.15 	24.7 	33.1 	6.521628E+0	2.528569E-8 	1.124683E+7	3.214550E+2	-1.621870E+0	1.700000E-4	7.084783E+0	7.066318E+0
35.0    	224     	6.741139E+0	1.251862E-3	-5.42E-1   	35.00     	4850.74 	24.7 	33.1 	6.740036E+0	1.696914E-6 	1.091047E+7	1.908752E+3	-1.620357E+0	1.686219E-4	7.302649E+0	7.284726E+0
35.0    	225     	6.764579E+0	1.372441E-3	-2.94E-1   	35.00     	4853.31 	24.7 	33.1 	6.763720E+0	1.660429E-6 	1.087533E+7	1.975686E+3	-1.619940E+0	1.873499E-4	7.326089E+0	7.308410E+0
35.0    	226     	6.532968E+0	1.228940E-3	-1.18E-1   	35.00     	4855.87 	24.7 	33.1 	6.531211E+0	1.347047E-6 	1.123153E+7	1.890326E+3	-1.621990E+0	2.179449E-4	7.094478E+0	7.075901E+0
35.0    	227     	6.523049E+0	1.119774E-3	-3.79E-1   	35.00     	4858.45 	24.7 	33.1 	6.521139E+0	1.129826E-6 	1.124740E+7	1.734935E+3	-1.622237E+0	7.505553E-5	7.084559E+0	7.065829E+0
35.0    	228     	6.537321E+0	8.699180E-4	-2.63E-1   	35.00     	4861.02 	24.7 	33.1 	6.535947E+0	9.454253E-7 	1.122433E+7	1.457166E+3	-1.621443E+0	1.795364E-4	7.098831E+0	7.080637E+0
35.0    	229     	6.528744E+0	4.601463E-4	-1.41E-2   	35.00     	4863.60 	24.7 	33.1 	6.526860E+0	1.479189E-7 	1.123833E+7	6.658328E+2	-1.622180E+0	1.682260E-4	7.090254E+0	7.071550E+0
35.0    	230     	6.511123E+0	1.146914E-3	-1.11E-1   	35.00     	4866.17 	24.7 	33.1 	6.509370E+0	1.495936E-6 	1.126627E+7	1.890326E+3	-1.622063E+0	1.101514E-4	7.072633E+0	7.054060E+0
35.0    	231     	6.521482E+0	9.709175E-4	-4.81E-1   	35.00     	4868.74 	24.7 	33.1 	6.519688E+0	7.804353E-7 	1.124980E+7	1.473092E+3	-1.622083E+0	1.619671E-4	7.082992E+0	7.064378E+0
35.0    	232     	6.523094E+0	1.236785E-3	-5.32E-1   	35.00     	4871.32 	24.7 	33.1 	6.521640E+0	1.639927E-6 	1.124697E+7	2.000833E+3	-1.621607E+0	6.658328E-5	7.084604E+0	7.066330E+0
35.0    	233     	6.517159E+0	2.163082E-3	-2.21E-1   	35.00     	4873.89 	24.7 	33.1 	6.515633E+0	4.081891E-6 	1.125647E+7	3.330666E+3	-1.621727E+0	2.000833E-4	7.078669E+0	7.060323E+0
35.0    	234     	6.516325E+0	1.133281E-3	-2.66E-1   	35.00     	4876.44 	24.7 	33.1 	6.514708E+0	9.412894E-7 	1.125787E+7	1.674316E+3	-1.621857E+0	2.379776E-4	7.077835E+0	7.059398E+0
35.0    	235     	6.508092E+0	1.489649E-3	-4.40E-1   	35.00     	4879.02 	24.7 	33.1 	6.506426E+0	2.025121E-6 	1.127103E+7	2.324507E+3	-1.621953E+0	9.451631E-5	7.069602E+0	7.051116E+0
35.0    	236     	6.526651E+0	6.636229E-4	-4.71E-1   	35.00     	4881.60 	24.7 	33.1 	6.524922E+0	6.225692E-7 	1.124153E+7	1.150362E+3	-1.621973E+0	2.307235E-4	7.088161E+0	7.069612E+0
35.0    	237     	6.536223E+0	1.196447E-3	-3.59E-1   	35.00     	4884.16 	24.7 	33.1 	6.534646E+0	1.292912E-6 	1.122623E+7	1.847521E+3	-1.621730E+0	8.185353E-5	7.097733E+0	7.079336E+0
35.0    	238     	6.520567E+0	1.143382E-3	-3.62E-1   	35.00     	4886.73 	24.7 	33.1 	6.518758E+0	1.303033E-6 	1.125127E+7	1.817507E+3	-1.622107E+0	5.773503E-6	7.082077E+0	7.063448E+0
35.0    	239     	6.519836E+0	9.431583E-4	-1.40E-1   	35.00     	4889.30 	24.7 	33.1 	6.518191E+0	1.110776E-6 	1.125230E+7	1.587451E+3	-1.621883E+0	1.929594E-4	7.081346E+0	7.062881E+0
35.0    	240     	6.753142E+0	1.046179E-3	1.03E-1    	35.00     	4891.87 	24.7 	33.1 	6.752183E+0	1.268461E-6 	1.089243E+7	1.619671E+3	-1.620117E+0	1.159023E-4	7.314652E+0	7.296873E+0
35.0    	241     	7.002568E+0	1.217736E-3	-2.83E-1   	35.00     	4894.45 	24.7 	33.1 	7.002658E+0	1.440916E-6 	1.053210E+7	1.682260E+3	-1.617843E+0	2.098412E-4	7.564078E+0	7.547348E+0
35.0    	242     	6.800771E+0	1.413749E-3	7.33E-2    	35.00     	4897.02 	24.7 	33.1 	6.799968E+0	1.794172E-6 	1.082177E+7	2.025669E+3	-1.619740E+0	9.848858E-5	7.362281E+0	7.344658E+0
35.0    	243     	6.754021E+0	6.061908E-4	-4.13E-1   	35.00     	4899.60 	24.7 	33.1 	6.753361E+0	3.204473E-7 	1.089090E+7	8.660254E+2	-1.619697E+0	2.218859E-4	7.315531E+0	7.298051E+0
35.0    	244     	6.745601E+0	5.716033E-4	-4.19E-1   	35.00     	4902.17 	24.7 	33.1 	6.744804E+0	5.644305E-7 	1.090357E+7	9.865766E+2	-1.619917E+0	2.761038E-4	7.307111E+0	7.289494E+0
35.0    	245     	6.763022E+0	1.184976E-3	-3.20E-1   	35.00     	4904.73 	24.7 	33.1 	6.762183E+0	1.072936E-6 	1.087763E+7	1.650253E+3	-1.619917E+0	2.214347E-4	7.324532E+0	7.306873E+0
35.0    	246     	6.763581E+0	7.132491E-4	-9.00E-2   	35.00     	4907.32 	24.7 	33.1 	6.762970E+0	6.826510E-7 	1.087663E+7	1.137248E+3	-1.619597E+0	2.902298E-4	7.325091E+0	7.307660E+0
35.0    	247     	6.773073E+0	1.486175E-3	-1.36E-1   	35.00     	4909.88 	24.7 	33.1 	6.772516E+0	1.795652E-6 	1.086250E+7	2.095233E+3	-1.619490E+0	2.022375E-4	7.334583E+0	7.317206E+0
35.0    	248     	6.767621E+0	1.233283E-3	-3.41E-2   	35.00     	4912.46 	24.7 	33.1 	6.767051E+0	1.535809E-6 	1.087060E+7	1.835756E+3	-1.619527E+0	5.859465E-5	7.329131E+0	7.311741E+0
35.0    	249     	6.758820E+0	1.883593E-3	2.14E-1    	35.00     	4915.03 	24.7 	33.1 	6.758140E+0	3.303121E-6 	1.088377E+7	2.753785E+3	-1.619710E+0	1.228821E-4	7.320330E+0	7.302830E+0
35.0    	250     	6.769241E+0	1.461332E-3	-4.01E-1   	35.00     	4917.60 	24.7 	33.1 	6.768664E+0	2.371343E-6 	1.086820E+7	2.227106E+3	-1.619530E+0	1.442221E-4	7.330751E+0	7.313354E+0
35.0    	251     	6.780536E+0	6.933665E-4	-4.14E-2   	35.00     	4920.17 	24.7 	33.1 	6.779861E+0	5.847634E-7 	1.085153E+7	1.078579E+3	-1.619630E+0	1.100000E-4	7.342046E+0	7.324551E+0
35.0    	252     	6.757635E+0	6.101636E-4	-3.62E-1   	35.00     	4922.73 	24.7 	33.1 	6.756817E+0	3.177020E-7 	1.088563E+7	8.736895E+2	-1.619907E+0	7.371115E-5	7.319145E+0	7.301507E+0
35.0    	253     	6.735934E+0	2.267727E-3	-1.30E-1   	35.00     	4925.30 	24.7 	33.1 	6.735175E+0	4.991555E-6 	1.091800E+7	3.371943E+3	-1.619897E+0	7.637626E-5	7.297444E+0	7.279865E+0
35.0    	254     	6.744293E+0	4.455446E-4	-1.41E-1   	35.00     	4927.88 	24.7 	33.1 	6.743659E+0	1.445834E-7 	1.090540E+7	6.082763E+2	-1.619693E+0	2.136196E-4	7.305803E+0	7.288349E+0
35.0    	255     	6.776167E+0	1.170077E-3	-9.49E-2   	35.00     	4930.45 	24.7 	33.1 	6.775359E+0	1.299302E-6 	1.085810E+7	1.708801E+3	-1.619830E+0	1.734935E-4	7.337677E+0	7.320049E+0
35.0    	256     	7.007927E+0	1.404603E-3	-1.19E-1   	35.00     	4933.02 	24.7 	33.1 	7.008067E+0	1.817990E-6 	1.052460E+7	1.915724E+3	-1.617757E+0	1.078579E-4	7.569437E+0	7.552757E+0
35.0    	257     	5.695463E+0	9.920239E-4	-2.01E-1   	35.00     	4935.59 	24.7 	33.1 	5.690111E+0	1.342107E-6 	1.274080E+7	2.193171E+3	-1.630360E+0	2.351595E-4	6.256973E+0	6.234801E+0
35.0    	258     	8.146442E+0	1.236656E-3	-4.49E-1   	35.00     	4938.17 	24.7 	33.1 	8.148631E+0	1.940337E-6 	9.146170E+6	1.381449E+3	-1.611797E+0	2.577466E-4	8.707952E+0	8.693321E+0
35.0    	259     	1.129580E+1	1.640468E-3	-7.38E-2   	35.00     	4940.74 	24.7 	33.1 	1.130359E+1	2.602748E-6 	6.713817E+6	9.215386E+2	-1.598403E+0	6.658328E-5	1.185731E+1	1.184828E+1
35.0    	260     	2.372865E+1	1.283071E-3	-2.47E-1   	35.00     	4943.32 	24.7 	33.1 	2.374468E+1	1.611795E-6 	3.276173E+6	1.721434E+2	-1.576503E+0	5.686241E-5	2.429016E+1	2.428937E+1
35.0    	261     	2.823411E+1	5.431816E-4	6.25E-2    	35.00     	4945.89 	24.7 	33.1 	2.825087E+1	2.912694E-7 	2.763530E+6	5.196152E+1	-1.572283E+0	4.163332E-5	2.879562E+1	2.879556E+1
35.0    	262     	3.432897E+1	7.932804E-4	-6.51E-2   	35.00     	4948.47 	24.7 	33.1 	3.434545E+1	6.343462E-7 	2.280790E+6	5.196152E+1	-1.567637E+0	1.527525E-5	3.489048E+1	3.489014E+1
35.0    	263     	5.030409E+1	6.604048E-4	-2.24E-1   	35.00     	4951.04 	24.7 	33.1 	5.031238E+1	4.802440E-7 	1.564597E+6	2.081666E+1	-1.557847E+0	2.516611E-5	5.086560E+1	5.085707E+1
35.0    	264     	1.102038E+2	7.252330E-4	-1.44E-1   	35.00     	4953.61 	24.7 	33.1 	1.100373E+2	6.903928E-7 	7.190283E+5	5.033223E+0	-1.530100E+0	2.000000E-5	1.107653E+2	1.105820E+2
40.0    	1       	6.732334E+0	1.158158E-3	9.83E+0    	40.00     	4986.11 	24.7 	33.1 	6.731524E+0	1.071620E-6 	1.092343E+7	1.644182E+3	-1.619980E+0	1.752142E-4	7.293844E+0	7.276214E+0
40.0    	2       	6.837775E+0	9.845340E-4	7.32E-2    	40.00     	4988.50 	24.7 	33.1 	6.836810E+0	1.184375E-6 	1.076770E+7	1.509967E+3	-1.619843E+0	1.537314E-4	7.399285E+0	7.381500E+0
40.0    	3       	7.418428E-1	4.990400E-4	-1.13E-1   	40.00     	4991.06 	24.7 	33.1 	6.092908E-1	3.171889E-6 	6.488737E+7	5.921067E+4	-1.916153E+0	1.827302E-3	1.303353E+0	1.153981E+0
40.0    	4       	6.801223E+0	1.955352E-3	-3.45E-1   	40.00     	4993.63 	24.7 	33.1 	6.800875E+0	3.952683E-6 	1.082077E+7	2.900575E+3	-1.619103E+0	1.305118E-4	7.362733E+0	7.345565E+0
40.0    	5       	6.539069E+0	3.894200E-4	-3.12E-1   	40.00     	4996.20 	24.7 	33.1 	6.537443E+0	1.466041E-7 	1.122177E+7	6.110101E+2	-1.621787E+0	1.527525E-5	7.100579E+0	7.082133E+0
40.0    	6       	6.512496E+0	7.114422E-4	4.49E-2    	40.00     	4998.77 	24.7 	33.1 	6.510630E+0	5.159842E-7 	1.126417E+7	1.137248E+3	-1.622213E+0	1.320353E-4	7.074006E+0	7.055320E+0
40.0    	7       	6.496648E+0	1.533923E-4	-3.24E-1   	40.00     	5001.35 	24.7 	33.1 	6.494938E+0	2.282663E-8 	1.128937E+7	2.309401E+2	-1.622057E+0	1.350309E-4	7.058158E+0	7.039628E+0
40.0    	8       	6.520468E+0	1.906847E-3	-1.47E-1   	40.00     	5003.92 	24.7 	33.1 	6.519612E+0	3.799791E-6 	1.125067E+7	3.066486E+3	-1.620777E+0	8.144528E-5	7.081978E+0	7.064302E+0
40.0    	9       	6.504737E+0	1.569339E-3	-1.06E-2   	40.00     	5006.50 	24.7 	33.1 	6.503644E+0	2.698399E-6 	1.127593E+7	2.565801E+3	-1.621167E+0	1.159023E-4	7.066247E+0	7.048334E+0
40.0    	10      	6.498823E+0	7.845236E-4	-2.21E-1   	40.00     	5009.09 	24.7 	33.1 	6.497094E+0	6.301711E-7 	1.128590E+7	1.252996E+3	-1.622073E+0	2.764658E-4	7.060333E+0	7.041784E+0
40.0    	11      	6.498844E+0	7.637365E-4	-2.95E-1   	40.00     	5011.65 	24.7 	33.1 	6.496906E+0	5.514830E-7 	1.128603E+7	1.205543E+3	-1.622363E+0	2.886751E-5	7.060354E+0	7.041596E+0
40.0    	12      	6.535705E+0	1.418685E-3	-1.87E-1   	40.00     	5014.22 	24.7 	33.1 	6.533776E+0	2.023324E-6 	1.122733E+7	2.250185E+3	-1.622217E+0	2.516611E-5	7.097215E+0	7.078466E+0
40.0    	13      	6.496700E+0	9.133471E-4	-1.74E-1   	40.00     	5016.78 	24.7 	33.1 	6.494886E+0	1.069251E-6 	1.128937E+7	1.556706E+3	-1.622200E+0	2.364318E-4	7.058210E+0	7.039576E+0
40.0    	14      	6.756969E+0	1.076952E-3	-1.53E-1   	40.00     	5019.37 	24.7 	33.1 	6.755872E+0	9.768006E-7 	1.088683E+7	1.537314E+3	-1.620297E+0	1.484363E-4	7.318479E+0	7.300562E+0
40.0    	15      	9.400809E-1	2.435390E-4	-1.95E-1   	40.00     	5021.93 	24.7 	33.1 	9.292991E-1	1.328092E-10	5.348933E+7	4.152509E+3	-1.706793E+0	6.190584E-4	1.501591E+0	1.473989E+0
40.0    	16      	6.981820E+0	9.119969E-4	-3.20E-1   	40.00     	5024.52 	24.7 	33.1 	6.980817E+0	7.626707E-7 	1.056187E+7	1.250333E+3	-1.619423E+0	1.115049E-4	7.543330E+0	7.525507E+0
40.0    	17      	6.523602E+0	6.888954E-4	-7.98E-2   	40.00     	5027.13 	24.7 	33.1 	6.521845E+0	5.335780E-7 	1.124640E+7	1.126943E+3	-1.622023E+0	1.021437E-4	7.085112E+0	7.066535E+0
40.0    	18      	6.299551E+0	2.063645E-3	-1.14E-1   	40.00     	5029.65 	24.7 	33.1 	6.296406E+0	4.319404E-6 	1.161533E+7	3.510461E+3	-1.624767E+0	5.507571E-5	6.861061E+0	6.841096E+0
40.0    	19      	6.590438E+0	1.209088E-3	-5.07E-1   	40.00     	5032.22 	24.7 	33.1 	6.589788E+0	1.523615E-6 	1.114030E+7	1.900000E+3	-1.620240E+0	2.628688E-4	7.151948E+0	7.134478E+0
40.0    	20      	6.295524E+0	1.556752E-3	-1.37E-1   	40.00     	5034.79 	24.7 	33.1 	6.292848E+0	2.273755E-6 	1.162177E+7	2.600641E+3	-1.624143E+0	7.234178E-5	6.857034E+0	6.837538E+0
40.0    	21      	6.284968E+0	3.473383E-4	-5.16E-1   	40.00     	5037.36 	24.7 	33.1 	6.281717E+0	1.277522E-7 	1.164020E+7	6.000000E+2	-1.624967E+0	1.527525E-5	6.846478E+0	6.826407E+0
40.0    	22      	6.277212E+0	2.071902E-3	5.48E-2    	40.00     	5039.94 	24.7 	33.1 	6.274415E+0	4.394026E-6 	1.165303E+7	3.555747E+3	-1.624380E+0	1.178983E-4	6.838722E+0	6.819105E+0
40.0    	23      	6.273383E+0	1.737515E-3	-3.72E-1   	40.00     	5042.51 	24.7 	33.1 	6.270825E+0	3.198008E-6 	1.165937E+7	3.010537E+3	-1.624067E+0	1.320353E-4	6.834893E+0	6.815515E+0
40.0    	24      	6.267520E+0	4.558787E-4	-2.44E-1   	40.00     	5045.08 	24.7 	33.1 	6.265184E+0	3.804884E-7 	1.166920E+7	8.888194E+2	-1.623783E+0	4.346646E-4	6.829030E+0	6.809874E+0
40.0    	25      	6.260903E+0	1.625809E-3	1.06E-1    	40.00     	5047.65 	24.7 	33.1 	6.258413E+0	2.699762E-6 	1.168067E+7	2.802380E+3	-1.624023E+0	6.658328E-5	6.822413E+0	6.803103E+0
40.0    	26      	6.317464E+0	1.487792E-3	-3.68E-1   	40.00     	5050.23 	24.7 	33.1 	6.315001E+0	2.740980E-6 	1.158447E+7	2.650157E+3	-1.623767E+0	2.450170E-4	6.878974E+0	6.859691E+0
40.0    	27      	6.273906E+0	2.558881E-3	-3.17E-1   	40.00     	5052.82 	24.7 	33.1 	6.271006E+0	5.307578E-6 	1.165877E+7	4.152509E+3	-1.624533E+0	3.458805E-4	6.835416E+0	6.815696E+0
40.0    	28      	6.289566E+0	6.812900E-4	-2.59E-1   	40.00     	5055.39 	24.7 	33.1 	6.286640E+0	6.071940E-7 	1.163210E+7	1.228821E+3	-1.624507E+0	3.178574E-4	6.851076E+0	6.831330E+0
40.0    	29      	6.292920E+0	5.849498E-4	-3.86E-1   	40.00     	5057.95 	24.7 	33.1 	6.290190E+0	6.746062E-7 	1.162623E+7	1.193035E+3	-1.624227E+0	3.400490E-4	6.854430E+0	6.834880E+0
40.0    	30      	6.284143E+0	2.149820E-3	-1.20E-1   	40.00     	5060.52 	24.7 	33.1 	6.281602E+0	5.066613E-6 	1.164100E+7	3.746999E+3	-1.624003E+0	1.861003E-4	6.845653E+0	6.826292E+0
40.0    	31      	6.557211E+0	1.184101E-3	-1.61E-1   	40.00     	5063.09 	24.7 	33.1 	6.554440E+0	1.637425E-6 	1.119403E+7	1.934770E+3	-1.623280E+0	2.685144E-4	7.118721E+0	7.099130E+0
40.0    	32      	6.503448E+0	1.328258E-3	-3.65E-1   	40.00     	5065.65 	24.7 	33.1 	6.501680E+0	1.966077E-6 	1.127853E+7	2.182506E+3	-1.622113E+0	1.069268E-4	7.064958E+0	7.046370E+0
40.0    	33      	6.508807E+0	1.222478E-3	-6.47E-2   	40.00     	5068.23 	24.7 	33.1 	6.506839E+0	2.063571E-6 	1.127013E+7	2.122106E+3	-1.622367E+0	3.053413E-4	7.070317E+0	7.051529E+0
40.0    	34      	6.289530E+0	1.786109E-3	-1.50E-1   	40.00     	5070.80 	24.7 	33.1 	6.286793E+0	3.212883E-6 	1.163200E+7	3.041381E+3	-1.624250E+0	8.544004E-5	6.851040E+0	6.831483E+0
40.0    	35      	6.290459E+0	3.053782E-3	-3.36E-1   	40.00     	5073.37 	24.7 	33.1 	6.288139E+0	8.891616E-6 	1.163007E+7	5.128678E+3	-1.623673E+0	9.018500E-5	6.851969E+0	6.832829E+0
40.0    	36      	6.277440E+0	7.982224E-4	-5.61E-2   	40.00     	5075.94 	24.7 	33.1 	6.274694E+0	6.192461E-7 	1.165260E+7	1.345362E+3	-1.624310E+0	2.211334E-4	6.838950E+0	6.819384E+0
40.0    	37      	6.269936E+0	1.340506E-3	-4.27E-1   	40.00     	5078.51 	24.7 	33.1 	6.267095E+0	1.917377E-6 	1.166550E+7	2.330236E+3	-1.624470E+0	7.937254E-5	6.831446E+0	6.811785E+0
40.0    	38      	6.246255E+0	5.997522E-4	-1.29E-2   	40.00     	5081.08 	24.7 	33.1 	6.243110E+0	2.961335E-7 	1.170640E+7	9.848858E+2	-1.624977E+0	7.505553E-5	6.807765E+0	6.787800E+0
40.0    	39      	6.261874E+0	6.591270E-4	7.81E-2    	40.00     	5083.68 	24.7 	33.1 	6.259075E+0	4.530345E-7 	1.167927E+7	1.137248E+3	-1.624443E+0	1.628906E-4	6.823384E+0	6.803765E+0
40.0    	40      	6.273115E+0	8.162738E-4	-8.19E-2   	40.00     	5086.22 	24.7 	33.1 	6.270624E+0	5.525869E-7 	1.165977E+7	1.331666E+3	-1.623977E+0	1.159023E-4	6.834625E+0	6.815314E+0
40.0    	41      	6.266481E+0	8.102775E-4	-1.84E-1   	40.00     	5088.81 	24.7 	33.1 	6.264120E+0	4.290014E-7 	1.167100E+7	1.249000E+3	-1.623823E+0	2.757414E-4	6.827991E+0	6.808810E+0
40.0    	42      	6.257240E+0	1.619246E-3	-2.48E-1   	40.00     	5091.37 	24.7 	33.1 	6.254576E+0	2.701864E-6 	1.168710E+7	2.800000E+3	-1.624277E+0	4.041452E-5	6.818750E+0	6.799266E+0
40.0    	43      	6.251003E+0	1.935340E-3	-4.74E-1   	40.00     	5093.95 	24.7 	33.1 	6.248318E+0	3.954182E-6 	1.169783E+7	3.370954E+3	-1.624330E+0	2.402082E-4	6.812513E+0	6.793008E+0
40.0    	44      	6.263526E+0	1.039379E-3	-2.56E-1   	40.00     	5096.51 	24.7 	33.1 	6.260769E+0	1.267024E-6 	1.167640E+7	1.852026E+3	-1.624380E+0	2.007486E-4	6.825036E+0	6.805459E+0
40.0    	45      	6.288859E+0	1.963434E-3	-2.61E-1   	40.00     	5099.08 	24.7 	33.1 	6.286210E+0	3.780238E-6 	1.163307E+7	3.323151E+3	-1.624133E+0	4.041452E-5	6.850369E+0	6.830900E+0
40.0    	46      	6.292506E+0	1.665144E-3	-1.61E-2   	40.00     	5101.65 	24.7 	33.1 	6.290211E+0	2.748645E-6 	1.162657E+7	2.821938E+3	-1.623630E+0	1.113553E-4	6.854016E+0	6.834901E+0
40.0    	47      	6.285798E+0	1.199693E-3	-3.25E-1   	40.00     	5104.23 	24.7 	33.1 	6.282845E+0	1.408134E-6 	1.163853E+7	2.030599E+3	-1.624560E+0	4.582576E-5	6.847308E+0	6.827535E+0
40.0    	48      	6.771914E+0	1.639137E-3	-1.10E-1   	40.00     	5106.81 	24.7 	33.1 	6.771023E+0	2.063662E-6 	1.086447E+7	2.281082E+3	-1.619960E+0	2.787472E-4	7.333424E+0	7.315713E+0
40.0    	49      	6.541083E+0	1.182358E-3	-2.93E-1   	40.00     	5109.40 	24.7 	33.1 	6.539390E+0	1.342604E-6 	1.121863E+7	1.850225E+3	-1.621873E+0	1.026320E-4	7.102593E+0	7.084080E+0
40.0    	50      	6.296689E+0	1.351402E-3	-3.45E-2   	40.00     	5111.94 	24.7 	33.1 	6.293608E+0	1.298679E-6 	1.162013E+7	2.112660E+3	-1.624690E+0	2.858321E-4	6.858199E+0	6.838298E+0
40.0    	51      	6.274413E+0	1.291632E-3	-2.62E-1   	40.00     	5114.50 	24.7 	33.1 	6.272058E+0	2.038102E-6 	1.165743E+7	2.318045E+3	-1.623783E+0	2.948446E-4	6.835923E+0	6.816748E+0
40.0    	52      	6.262844E+0	2.270630E-3	1.29E-1    	40.00     	5117.08 	24.7 	33.1 	6.259896E+0	5.433467E-6 	1.167773E+7	3.942503E+3	-1.624643E+0	9.814955E-5	6.824354E+0	6.804586E+0
40.0    	53      	6.253079E+0	2.669591E-3	-1.82E-1   	40.00     	5119.69 	24.7 	33.1 	6.249734E+0	7.325574E-6 	1.169483E+7	4.618802E+3	-1.625220E+0	8.888194E-5	6.814589E+0	6.794424E+0
40.0    	54      	6.293763E+0	1.128060E-3	-1.26E-1   	40.00     	5122.23 	24.7 	33.1 	6.291113E+0	1.316070E-6 	1.162473E+7	1.929594E+3	-1.624113E+0	1.594783E-4	6.855273E+0	6.835803E+0
40.0    	55      	6.303469E+0	8.636425E-4	-2.36E-1   	40.00     	5124.80 	24.7 	33.1 	6.300828E+0	6.724207E-7 	1.160827E+7	1.422439E+3	-1.624063E+0	1.619671E-4	6.864979E+0	6.845518E+0
40.0    	56      	6.284759E+0	1.160604E-3	-7.17E-2   	40.00     	5127.39 	24.7 	33.1 	6.282356E+0	1.743370E-6 	1.163983E+7	2.107922E+3	-1.623810E+0	3.104835E-4	6.846269E+0	6.827046E+0
40.0    	57      	6.280517E+0	1.912567E-3	-3.00E-1   	40.00     	5129.96 	24.7 	33.1 	6.278184E+0	3.476314E-6 	1.164700E+7	3.218695E+3	-1.623730E+0	1.000000E-4	6.842027E+0	6.822874E+0
40.0    	58      	6.291292E+0	2.072375E-3	-7.31E-2   	40.00     	5132.55 	24.7 	33.1 	6.288836E+0	4.275772E-6 	1.162877E+7	3.516153E+3	-1.623857E+0	1.429452E-4	6.852802E+0	6.833526E+0
40.0    	59      	6.299642E+0	1.931350E-3	-2.82E-1   	40.00     	5135.12 	24.7 	33.1 	6.296590E+0	3.738408E-6 	1.161510E+7	3.274141E+3	-1.624640E+0	1.664332E-4	6.861152E+0	6.841280E+0
40.0    	60      	6.261161E+0	2.258521E-3	-3.70E-1   	40.00     	5137.69 	24.7 	33.1 	6.258039E+0	4.654054E-6 	1.168077E+7	3.785939E+3	-1.624887E+0	1.429452E-4	6.822671E+0	6.802729E+0
40.0    	61      	6.570145E+0	2.056791E-3	-3.23E-1   	40.00     	5140.26 	24.7 	33.1 	6.568483E+0	5.598299E-6 	1.117283E+7	3.464583E+3	-1.621723E+0	5.340724E-4	7.131655E+0	7.113173E+0
40.0    	62      	6.595404E+0	1.044162E-3	-1.15E-1   	40.00     	5142.84 	24.7 	33.1 	6.594532E+0	9.281915E-7 	1.113273E+7	1.563117E+3	-1.620537E+0	1.193035E-4	7.156914E+0	7.139222E+0
40.0    	63      	6.577532E+0	9.499953E-4	-4.10E-1   	40.00     	5145.41 	24.7 	33.1 	6.575985E+0	8.479839E-7 	1.116117E+7	1.464013E+3	-1.621540E+0	6.000000E-5	7.139042E+0	7.120675E+0
40.0    	64      	9.822205E-1	7.036330E-4	-3.87E-1   	40.00     	5147.99 	24.7 	33.1 	9.061990E-1	4.498298E-7 	5.317253E+7	2.411770E+4	-1.818560E+0	2.821347E-4	1.543731E+0	1.450889E+0
40.0    	65      	6.567107E+0	1.092663E-3	-2.47E-2   	40.00     	5150.57 	24.7 	33.1 	6.565488E+0	9.054021E-7 	1.117757E+7	1.601041E+3	-1.621677E+0	2.676440E-4	7.128617E+0	7.110178E+0
40.0    	66      	6.294075E+0	2.832576E-3	-5.18E-2   	40.00     	5153.14 	24.7 	33.1 	6.291234E+0	7.433676E-6 	1.162437E+7	4.716284E+3	-1.624373E+0	2.829016E-4	6.855585E+0	6.835924E+0
40.0    	67      	6.286858E+0	5.427043E-4	-1.80E-1   	40.00     	5155.70 	24.7 	33.1 	6.283821E+0	2.323445E-7 	1.163680E+7	8.717798E+2	-1.624670E+0	8.185353E-5	6.848368E+0	6.828511E+0
40.0    	68      	6.263564E+0	5.554417E-4	-2.77E-1   	40.00     	5158.27 	24.7 	33.1 	6.260575E+0	2.555579E-7 	1.167653E+7	9.073772E+2	-1.624697E+0	1.050397E-4	6.825074E+0	6.805265E+0
40.0    	69      	6.296976E+0	1.537261E-3	-3.28E-1   	40.00     	5160.85 	24.7 	33.1 	6.294106E+0	2.269907E-6 	1.161947E+7	2.579406E+3	-1.624403E+0	1.850225E-4	6.858486E+0	6.838796E+0
40.0    	70      	6.276298E+0	9.762862E-4	-4.63E-1   	40.00     	5163.42 	24.7 	33.1 	6.273766E+0	7.833867E-7 	1.165437E+7	1.588500E+3	-1.624020E+0	1.228821E-4	6.837808E+0	6.818456E+0
40.0    	71      	6.268825E+0	2.561207E-3	1.04E-2    	40.00     	5165.99 	24.7 	33.1 	6.265908E+0	6.480068E-6 	1.166747E+7	4.366158E+3	-1.624577E+0	1.877054E-4	6.830335E+0	6.810598E+0
40.0    	72      	6.306934E+0	1.868812E-3	-2.19E-1   	40.00     	5168.56 	24.7 	33.1 	6.304493E+0	3.283976E-6 	1.160223E+7	3.113412E+3	-1.623777E+0	7.094599E-5	6.868444E+0	6.849183E+0
40.0    	73      	6.316437E+0	3.509830E-3	-4.70E-1   	40.00     	5171.14 	24.7 	33.1 	6.314290E+0	1.196414E-5 	1.158593E+7	5.877358E+3	-1.623333E+0	2.318045E-4	6.877947E+0	6.858980E+0
40.0    	74      	6.288216E+0	1.758836E-3	-4.39E-1   	40.00     	5173.70 	24.7 	33.1 	6.285599E+0	3.214358E-6 	1.163413E+7	3.013857E+3	-1.624090E+0	3.315117E-4	6.849726E+0	6.830289E+0
40.0    	75      	6.261108E+0	2.066365E-3	-3.39E-1   	40.00     	5176.28 	24.7 	33.1 	6.258597E+0	4.039098E-6 	1.168033E+7	3.493327E+3	-1.624050E+0	1.509967E-4	6.822618E+0	6.803287E+0
40.0    	76      	6.600715E+0	1.480447E-3	-2.35E-1   	40.00     	5178.85 	24.7 	33.1 	6.599673E+0	2.502750E-6 	1.112460E+7	2.381176E+3	-1.620757E+0	1.474223E-4	7.162225E+0	7.144363E+0
40.0    	77      	7.285279E-1	8.430912E-4	-1.39E-1   	40.00     	5181.44 	24.7 	33.1 	6.069899E-1	5.819483E-6 	6.528653E+7	8.510290E+4	-1.904440E+0	2.428909E-3	1.290038E+0	1.151680E+0
40.0    	78      	7.348158E-1	2.251654E-3	-3.69E-1   	40.00     	5184.02 	24.7 	33.1 	6.107180E-1	2.954894E-6 	6.502287E+7	1.038100E+5	-1.906787E+0	7.136059E-4	1.296326E+0	1.155408E+0
40.0    	79      	6.608121E+0	1.098484E-3	-2.10E-1   	40.00     	5186.59 	24.7 	33.1 	6.606729E+0	1.538376E-6 	1.111337E+7	1.814754E+3	-1.621217E+0	2.112660E-4	7.169631E+0	7.151419E+0
40.0    	80      	6.847232E+0	1.765093E-3	-1.08E-1   	40.00     	5189.14 	24.7 	33.1 	6.846367E+0	2.824806E-6 	1.075387E+7	2.500667E+3	-1.619673E+0	2.494661E-4	7.408742E+0	7.391057E+0
40.0    	81      	6.568032E+0	1.233566E-3	-1.92E-1   	40.00     	5191.74 	24.7 	33.1 	6.566049E+0	1.460602E-6 	1.117640E+7	1.907878E+3	-1.622173E+0	3.233162E-4	7.129542E+0	7.110739E+0
40.0    	82      	6.310134E+0	1.600611E-3	-4.13E-1   	40.00     	5194.31 	24.7 	33.1 	6.307365E+0	2.520783E-6 	1.159710E+7	2.690725E+3	-1.624213E+0	2.302897E-4	6.871644E+0	6.852055E+0
40.0    	83      	6.291574E+0	1.352419E-3	-1.27E-1   	40.00     	5196.89 	24.7 	33.1 	6.288711E+0	1.402557E-6 	1.162863E+7	2.154840E+3	-1.624413E+0	2.289833E-4	6.853084E+0	6.833401E+0
40.0    	84      	6.353680E+0	4.515581E-4	-2.47E-1   	40.00     	5199.49 	24.7 	33.1 	6.350991E+0	1.504898E-7 	1.152390E+7	7.000000E+2	-1.623937E+0	9.291573E-5	6.915190E+0	6.895681E+0
40.0    	85      	6.303350E+0	6.254782E-4	-3.08E-1   	40.00     	5202.01 	24.7 	33.1 	6.300710E+0	4.646394E-7 	1.160847E+7	1.101514E+3	-1.624063E+0	1.908752E-4	6.864860E+0	6.845400E+0
40.0    	86      	6.309766E+0	1.269567E-3	-3.94E-1   	40.00     	5204.59 	24.7 	33.1 	6.306983E+0	1.354834E-6 	1.159773E+7	2.055075E+3	-1.624233E+0	1.858315E-4	6.871276E+0	6.851673E+0
40.0    	87      	6.359121E+0	1.645114E-3	-5.53E-1   	40.00     	5207.18 	24.7 	33.1 	6.356745E+0	2.733537E-6 	1.151457E+7	2.742870E+3	-1.623487E+0	2.809508E-4	6.920631E+0	6.901435E+0
40.0    	88      	6.349482E+0	7.266799E-4	-1.01E-1   	40.00     	5209.72 	24.7 	33.1 	6.347124E+0	4.921178E-7 	1.153063E+7	1.193035E+3	-1.623500E+0	4.000000E-5	6.910992E+0	6.891814E+0
40.0    	89      	6.359769E+0	1.120995E-3	-4.29E-2   	40.00     	5212.31 	24.7 	33.1 	6.357498E+0	1.427360E-6 	1.151340E+7	1.928730E+3	-1.623340E+0	1.178983E-4	6.921279E+0	6.902188E+0
40.0    	90      	6.382987E+0	3.976453E-4	-3.63E-1   	40.00     	5214.86 	24.7 	33.1 	6.380780E+0	2.291757E-7 	1.147480E+7	7.211103E+2	-1.623163E+0	1.700980E-4	6.944497E+0	6.925470E+0
40.0    	91      	6.341098E+0	1.476490E-3	-3.25E-1   	40.00     	5217.46 	24.7 	33.1 	6.338452E+0	2.033236E-6 	1.154490E+7	2.426932E+3	-1.623927E+0	2.173323E-4	6.902608E+0	6.883142E+0
40.0    	92      	6.291107E+0	1.112336E-3	-3.83E-1   	40.00     	5220.03 	24.7 	33.1 	6.288550E+0	1.001127E-6 	1.162917E+7	1.795364E+3	-1.623997E+0	1.497776E-4	6.852617E+0	6.833240E+0
40.0    	93      	6.660108E+0	9.848979E-4	-3.25E-2   	40.00     	5222.58 	24.7 	33.1 	6.658623E+0	9.811012E-7 	1.103333E+7	1.504438E+3	-1.621163E+0	2.500667E-4	7.221618E+0	7.203313E+0
40.0    	94      	6.595460E+0	2.492822E-3	-1.58E-1   	40.00     	5225.15 	24.7 	33.1 	6.593964E+0	6.317388E-6 	1.113313E+7	3.899145E+3	-1.621407E+0	8.504901E-5	7.156970E+0	7.138654E+0
40.0    	95      	6.308486E+0	5.007915E-4	-7.22E-2   	40.00     	5227.73 	24.7 	33.1 	6.305661E+0	3.210309E-7 	1.159993E+7	9.018500E+2	-1.624297E+0	1.069268E-4	6.869996E+0	6.850351E+0
40.0    	96      	6.562213E+0	1.553112E-3	-1.68E-1   	40.00     	5230.29 	24.7 	33.1 	6.560072E+0	2.010042E-6 	1.118567E+7	2.335237E+3	-1.622410E+0	1.905256E-4	7.123723E+0	7.104762E+0
40.0    	97      	6.553225E+0	7.912744E-4	-2.61E-1   	40.00     	5232.87 	24.7 	33.1 	6.551357E+0	6.874036E-7 	1.119960E+7	1.276715E+3	-1.622070E+0	7.810250E-5	7.114735E+0	7.096047E+0
40.0    	98      	6.305271E+0	2.084193E-4	-1.67E-1   	40.00     	5235.45 	24.7 	33.1 	6.302609E+0	4.634497E-8 	1.160523E+7	3.511885E+2	-1.624087E+0	1.171893E-4	6.866781E+0	6.847299E+0
40.0    	99      	6.294530E+0	1.302383E-3	-4.20E-1   	40.00     	5238.03 	24.7 	33.1 	6.291759E+0	2.150015E-6 	1.162353E+7	2.350177E+3	-1.624277E+0	2.386071E-4	6.856040E+0	6.836449E+0
40.0    	100     	6.338106E+0	1.074130E-3	1.51E-1    	40.00     	5240.59 	24.7 	33.1 	6.335238E+0	1.236066E-6 	1.155010E+7	1.824829E+3	-1.624240E+0	2.762245E-4	6.899616E+0	6.879928E+0
40.0    	101     	6.283567E+0	2.027429E-3	-4.69E-1   	40.00     	5243.15 	24.7 	33.1 	6.280964E+0	4.003462E-6 	1.164203E+7	3.429772E+3	-1.624090E+0	6.082763E-5	6.845077E+0	6.825654E+0
40.0    	102     	6.337917E+0	5.088791E-4	-1.38E-1   	40.00     	5245.72 	24.7 	33.1 	6.335545E+0	3.423519E-7 	1.155000E+7	9.165151E+2	-1.623563E+0	1.193035E-4	6.899427E+0	6.880235E+0
40.0    	103     	6.317215E+0	1.008735E-3	-3.37E-1   	40.00     	5248.31 	24.7 	33.1 	6.314972E+0	8.208804E-7 	1.158470E+7	1.600000E+3	-1.623463E+0	3.789899E-4	6.878725E+0	6.859662E+0
40.0    	104     	6.320083E+0	9.521135E-4	-3.62E-2   	40.00     	5250.87 	24.7 	33.1 	6.317957E+0	6.956907E-7 	1.157977E+7	1.504438E+3	-1.623290E+0	1.708801E-4	6.881593E+0	6.862647E+0
40.0    	105     	6.338560E+0	9.301536E-4	-2.82E-1   	40.00     	5253.43 	24.7 	33.1 	6.336294E+0	8.546619E-7 	1.154883E+7	1.553491E+3	-1.623413E+0	7.371115E-5	6.900070E+0	6.880984E+0
40.0    	106     	6.348993E+0	8.875666E-4	-3.53E-1   	40.00     	5256.01 	24.7 	33.1 	6.346655E+0	8.861304E-7 	1.153143E+7	1.527525E+3	-1.623473E+0	1.069268E-4	6.910503E+0	6.891345E+0
40.0    	107     	6.386771E+0	1.890579E-3	-3.61E-1   	40.00     	5258.57 	24.7 	33.1 	6.384857E+0	2.917054E-6 	1.146830E+7	2.971532E+3	-1.622743E+0	2.956913E-4	6.948281E+0	6.929547E+0
40.0    	108     	6.322032E+0	3.412948E-4	-1.32E-1   	40.00     	5261.15 	24.7 	33.1 	6.319452E+0	1.275300E-7 	1.157687E+7	5.859465E+2	-1.623910E+0	8.544004E-5	6.883542E+0	6.864142E+0
40.0    	109     	6.318681E+0	8.115343E-4	-4.63E-1   	40.00     	5263.72 	24.7 	33.1 	6.315721E+0	7.677861E-7 	1.158283E+7	1.422439E+3	-1.624440E+0	1.014889E-4	6.880191E+0	6.860411E+0
40.0    	110     	6.293684E+0	7.234542E-4	-6.19E-2   	40.00     	5266.30 	24.7 	33.1 	6.290957E+0	8.679102E-7 	1.162493E+7	1.401190E+3	-1.624220E+0	3.377869E-4	6.855194E+0	6.835647E+0
40.0    	111     	6.295615E+0	1.111495E-3	-2.84E-1   	40.00     	5268.87 	24.7 	33.1 	6.292638E+0	1.164724E-6 	1.162187E+7	1.858315E+3	-1.624553E+0	1.040833E-4	6.857125E+0	6.837328E+0
40.0    	112     	6.558787E+0	1.159858E-3	-1.73E-1   	40.00     	5271.44 	24.7 	33.1 	6.557098E+0	1.574316E-6 	1.119070E+7	1.900000E+3	-1.621803E+0	1.357694E-4	7.120297E+0	7.101788E+0
40.0    	113     	6.539829E+0	2.420700E-3	-1.50E-1   	40.00     	5274.01 	24.7 	33.1 	6.537653E+0	5.748130E-6 	1.122100E+7	3.811824E+3	-1.622540E+0	1.276715E-4	7.101339E+0	7.082343E+0
40.0    	114     	6.296525E+0	1.507255E-3	1.91E-3    	40.00     	5276.58 	24.7 	33.1 	6.293614E+0	2.079248E-6 	1.162027E+7	2.500667E+3	-1.624460E+0	1.600000E-4	6.858035E+0	6.838304E+0
40.0    	115     	6.287491E+0	5.601477E-4	-2.12E-1   	40.00     	5279.15 	24.7 	33.1 	6.284599E+0	1.765463E-7 	1.163560E+7	8.185353E+2	-1.624470E+0	3.160696E-4	6.849001E+0	6.829289E+0
40.0    	116     	6.321690E+0	2.018218E-3	-2.34E-1   	40.00     	5281.74 	24.7 	33.1 	6.318766E+0	3.869903E-6 	1.157773E+7	3.356089E+3	-1.624380E+0	7.211103E-5	6.883200E+0	6.863456E+0
40.0    	117     	6.283969E+0	1.255541E-3	-4.04E-1   	40.00     	5284.31 	24.7 	33.1 	6.281111E+0	1.572694E-6 	1.164157E+7	2.136196E+3	-1.624437E+0	1.059874E-4	6.845479E+0	6.825801E+0
40.0    	118     	6.322357E+0	4.850817E-4	-1.17E-1   	40.00     	5286.88 	24.7 	33.1 	6.319641E+0	2.789336E-7 	1.157643E+7	8.504901E+2	-1.624093E+0	1.266228E-4	6.883867E+0	6.864331E+0
40.0    	119     	6.298111E+0	2.008874E-3	6.77E-3    	40.00     	5289.45 	24.7 	33.1 	6.295604E+0	3.785198E-6 	1.161723E+7	3.350124E+3	-1.623900E+0	2.645751E-4	6.859621E+0	6.840294E+0
40.0    	120     	6.310892E+0	1.355963E-3	-1.98E-1   	40.00     	5292.04 	24.7 	33.1 	6.308382E+0	1.598784E-6 	1.159560E+7	2.211334E+3	-1.623857E+0	1.985783E-4	6.872402E+0	6.853072E+0
40.0    	121     	6.334264E+0	7.255532E-4	-4.00E-1   	40.00     	5294.60 	24.7 	33.1 	6.331885E+0	6.954702E-7 	1.155613E+7	1.305118E+3	-1.623587E+0	2.203028E-4	6.895774E+0	6.876575E+0
40.0    	122     	6.326427E+0	1.654789E-3	-2.87E-1   	40.00     	5297.18 	24.7 	33.1 	6.324088E+0	2.540776E-6 	1.156927E+7	2.731910E+3	-1.623560E+0	1.126943E-4	6.887937E+0	6.868778E+0
40.0    	123     	6.362336E+0	9.906768E-4	-2.07E-1   	40.00     	5299.75 	24.7 	33.1 	6.360015E+0	1.267678E-6 	1.150917E+7	1.761628E+3	-1.623400E+0	1.900000E-4	6.923846E+0	6.904705E+0
40.0    	124     	6.346663E+0	8.426398E-4	-1.28E-1   	40.00     	5302.32 	24.7 	33.1 	6.344399E+0	7.031022E-7 	1.153527E+7	1.401190E+3	-1.623380E+0	1.819341E-4	6.908173E+0	6.889089E+0
40.0    	125     	6.286937E+0	9.613783E-4	-4.66E-1   	40.00     	5304.90 	24.7 	33.1 	6.283899E+0	8.626450E-7 	1.163667E+7	1.607275E+3	-1.624670E+0	9.848858E-5	6.848447E+0	6.828589E+0
40.0    	126     	6.282858E+0	1.722761E-3	-4.00E-1   	40.00     	5307.48 	24.7 	33.1 	6.280147E+0	2.454380E-6 	1.164333E+7	2.800595E+3	-1.624240E+0	2.424871E-4	6.844368E+0	6.824837E+0
40.0    	127     	6.289095E+0	5.688992E-4	-4.42E-1   	40.00     	5310.06 	24.7 	33.1 	6.286444E+0	3.729280E-7 	1.163267E+7	1.001665E+3	-1.624133E+0	1.026320E-4	6.850605E+0	6.831134E+0
40.0    	128     	6.525138E+0	7.282264E-4	-3.25E-1   	40.00     	5312.62 	24.7 	33.1 	6.522994E+0	5.366238E-7 	1.124427E+7	1.159023E+3	-1.622550E+0	1.014889E-4	7.086648E+0	7.067684E+0
40.0    	129     	6.521514E+0	1.590191E-3	-7.97E-2   	40.00     	5315.19 	24.7 	33.1 	6.519698E+0	2.253302E-6 	1.124977E+7	2.458319E+3	-1.622113E+0	1.193035E-4	7.083024E+0	7.064388E+0
40.0    	130     	6.296839E+0	1.138894E-3	-2.85E-1   	40.00     	5317.77 	24.7 	33.1 	6.294008E+0	1.359970E-6 	1.161967E+7	1.955335E+3	-1.624350E+0	6.244998E-5	6.858349E+0	6.838698E+0
40.0    	131     	6.282938E+0	1.011370E-3	-1.98E-1   	40.00     	5320.34 	24.7 	33.1 	6.280419E+0	1.159495E-6 	1.164303E+7	1.778576E+3	-1.623977E+0	9.504385E-5	6.844448E+0	6.825109E+0
40.0    	132     	6.304144E+0	2.694974E-3	-3.00E-1   	40.00     	5322.92 	24.7 	33.1 	6.301572E+0	7.086091E-6 	1.160707E+7	4.534681E+3	-1.623967E+0	1.242310E-4	6.865654E+0	6.846262E+0
40.0    	133     	6.294065E+0	6.232972E-4	-5.14E-1   	40.00     	5325.51 	24.7 	33.1 	6.291674E+0	3.949517E-7 	1.162400E+7	1.058301E+3	-1.623757E+0	1.563117E-4	6.855575E+0	6.836364E+0
40.0    	134     	6.331138E+0	8.365961E-4	-8.26E-2   	40.00     	5328.07 	24.7 	33.1 	6.328777E+0	6.543071E-7 	1.156137E+7	1.379613E+3	-1.623573E+0	1.331666E-4	6.892648E+0	6.873467E+0
40.0    	135     	6.314545E+0	8.401793E-4	-4.70E-1   	40.00     	5330.63 	24.7 	33.1 	6.312111E+0	5.981909E-7 	1.158937E+7	1.361372E+3	-1.623737E+0	1.026320E-4	6.876055E+0	6.856801E+0
40.0    	136     	6.261320E+0	2.577009E-3	-4.25E-1   	40.00     	5333.22 	24.7 	33.1 	6.258658E+0	6.302425E-6 	1.168010E+7	4.358899E+3	-1.624257E+0	1.721434E-4	6.822830E+0	6.803348E+0
40.0    	137     	6.253905E+0	1.291498E-3	-2.62E-1   	40.00     	5335.80 	24.7 	33.1 	6.251155E+0	1.373893E-6 	1.169290E+7	2.107131E+3	-1.624407E+0	3.501904E-4	6.815415E+0	6.795845E+0
40.0    	138     	6.329005E+0	1.931647E-3	-4.53E-2   	40.00     	5338.35 	24.7 	33.1 	6.326625E+0	3.235025E-6 	1.156497E+7	3.134220E+3	-1.623607E+0	1.850225E-4	6.890515E+0	6.871315E+0
40.0    	139     	6.356870E+0	1.483686E-3	-1.15E-1   	40.00     	5340.93 	24.7 	33.1 	6.354756E+0	1.503147E-6 	1.151810E+7	2.253886E+3	-1.623133E+0	4.200397E-4	6.918380E+0	6.899446E+0
40.0    	140     	6.338203E+0	1.491003E-3	-1.16E-1   	40.00     	5343.51 	24.7 	33.1 	6.335856E+0	2.032121E-6 	1.154950E+7	2.443358E+3	-1.623527E+0	1.274101E-4	6.899713E+0	6.880546E+0
40.0    	141     	6.278824E+0	1.435487E-3	-4.14E-1   	40.00     	5346.07 	24.7 	33.1 	6.276047E+0	1.810553E-6 	1.165027E+7	2.371357E+3	-1.624347E+0	1.342882E-4	6.840334E+0	6.820737E+0
40.0    	142     	6.277465E+0	8.196687E-4	-8.47E-2   	40.00     	5348.64 	24.7 	33.1 	6.274865E+0	6.850757E-7 	1.165243E+7	1.404754E+3	-1.624110E+0	7.211103E-5	6.838975E+0	6.819555E+0
40.0    	143     	6.289121E+0	7.887765E-4	-3.61E-1   	40.00     	5351.21 	24.7 	33.1 	6.286222E+0	8.328266E-7 	1.163283E+7	1.446836E+3	-1.624473E+0	1.721434E-4	6.850631E+0	6.830912E+0
40.0    	144     	6.519322E+0	1.818056E-3	-3.37E-1   	40.00     	5353.78 	24.7 	33.1 	6.517616E+0	3.348448E-6 	1.125317E+7	2.902298E+3	-1.621970E+0	2.645751E-5	7.080832E+0	7.062306E+0
40.0    	145     	6.523814E+0	9.336845E-4	-4.20E-1   	40.00     	5356.35 	24.7 	33.1 	6.521843E+0	9.208781E-7 	1.124623E+7	1.504438E+3	-1.622317E+0	4.509250E-5	7.085324E+0	7.066533E+0
40.0    	146     	6.290857E+0	4.207827E-4	-4.86E-1   	40.00     	5358.93 	24.7 	33.1 	6.287781E+0	1.770142E-7 	1.163003E+7	7.094599E+2	-1.624707E+0	1.436431E-4	6.852367E+0	6.832471E+0
40.0    	147     	6.282428E+0	1.319781E-3	-3.59E-1   	40.00     	5361.51 	24.7 	33.1 	6.279403E+0	1.947782E-6 	1.164433E+7	2.307235E+3	-1.624670E+0	2.858321E-4	6.843938E+0	6.824093E+0
40.0    	148     	6.587282E+0	8.360756E-4	-3.72E-1   	40.00     	5364.07 	24.7 	33.1 	6.585766E+0	5.918110E-7 	1.114590E+7	1.252996E+3	-1.621463E+0	9.018500E-5	7.148792E+0	7.130456E+0
40.0    	149     	6.294841E+0	1.942165E-3	-3.64E-1   	40.00     	5366.64 	24.7 	33.1 	6.291842E+0	3.017696E-6 	1.162320E+7	3.122499E+3	-1.624587E+0	2.730079E-4	6.856351E+0	6.836532E+0
40.0    	150     	6.325666E+0	7.846204E-4	-4.09E-1   	40.00     	5369.22 	24.7 	33.1 	6.322987E+0	6.898742E-7 	1.157083E+7	1.357694E+3	-1.624030E+0	1.135782E-4	6.887176E+0	6.867677E+0
40.0    	151     	6.346658E+0	1.153599E-3	-2.64E-2   	40.00     	5371.80 	24.7 	33.1 	6.344285E+0	1.202103E-6 	1.153537E+7	1.877054E+3	-1.623530E+0	2.116601E-4	6.908168E+0	6.888975E+0
40.0    	152     	6.322174E+0	2.215613E-3	-5.18E-2   	40.00     	5374.35 	24.7 	33.1 	6.319707E+0	4.781211E-6 	1.157653E+7	3.707200E+3	-1.623753E+0	8.386497E-5	6.883684E+0	6.864397E+0
40.0    	153     	6.319609E+0	8.406654E-4	1.64E-2    	40.00     	5376.93 	24.7 	33.1 	6.316889E+0	4.717720E-7 	1.158107E+7	1.285820E+3	-1.624110E+0	2.251666E-4	6.881119E+0	6.861579E+0
40.0    	154     	6.341497E+0	5.525011E-4	-8.92E-2   	40.00     	5379.51 	24.7 	33.1 	6.339167E+0	4.195098E-7 	1.154397E+7	1.001665E+3	-1.623490E+0	1.907878E-4	6.903007E+0	6.883857E+0
40.0    	155     	6.365450E+0	8.720851E-4	-4.80E-2   	40.00     	5382.07 	24.7 	33.1 	6.362952E+0	7.751463E-7 	1.150413E+7	1.457166E+3	-1.623630E+0	4.582576E-5	6.926960E+0	6.907642E+0
40.0    	156     	6.302112E+0	2.266009E-3	-2.29E-1   	40.00     	5384.64 	24.7 	33.2 	6.299509E+0	5.186324E-6 	1.161053E+7	3.847510E+3	-1.624017E+0	3.055050E-5	6.863622E+0	6.844199E+0
40.0    	157     	6.287659E+0	1.917088E-2	-1.95E-2   	40.00     	5387.21 	24.7 	33.2 	6.285567E+0	4.476339E-4 	1.163470E+7	3.423872E+4	-1.623313E+0	3.045527E-3	6.849169E+0	6.830257E+0
40.0    	158     	6.276951E+0	2.217031E-3	-2.11E-1   	40.00     	5389.79 	24.7 	33.2 	6.274364E+0	5.734565E-6 	1.165330E+7	3.934463E+3	-1.624093E+0	2.914332E-4	6.838461E+0	6.819054E+0
40.0    	159     	6.290438E+0	1.386922E-3	-2.95E-1   	40.00     	5392.35 	24.7 	33.2 	6.287454E+0	1.817069E-6 	1.163067E+7	2.324507E+3	-1.624583E+0	6.658328E-5	6.851948E+0	6.832144E+0
40.0    	160     	6.516504E+0	2.233038E-3	-8.11E-2   	40.00     	5394.93 	24.7 	33.2 	6.514446E+0	4.760281E-6 	1.125793E+7	3.516153E+3	-1.622463E+0	6.350853E-5	7.078014E+0	7.059136E+0
40.0    	161     	6.523219E+0	7.634084E-4	9.99E-2    	40.00     	5397.49 	24.7 	33.2 	6.521221E+0	4.742367E-7 	1.124720E+7	1.153256E+3	-1.622357E+0	1.242310E-4	7.084729E+0	7.065911E+0
40.0    	162     	6.298554E+0	4.820709E-4	-2.59E-1   	40.00     	5400.07 	24.7 	33.2 	6.295947E+0	1.395589E-7 	1.161657E+7	7.234178E+2	-1.624037E+0	1.703917E-4	6.860064E+0	6.840637E+0
40.0    	163     	6.577171E+0	1.435012E-3	-4.14E-2   	40.00     	5402.64 	24.7 	33.2 	6.575367E+0	1.601773E-6 	1.116193E+7	2.112660E+3	-1.621897E+0	2.592939E-4	7.138681E+0	7.120057E+0
40.0    	164     	7.341331E-1	5.321841E-4	-2.64E-2   	40.00     	5405.21 	24.7 	33.2 	6.058584E-1	9.958264E-8 	6.517710E+7	1.820961E+4	-1.912023E+0	5.902824E-4	1.295643E+0	1.150548E+0
40.0    	165     	6.574200E+0	6.492360E-4	-4.16E-1   	40.00     	5407.79 	24.7 	33.2 	6.572592E+0	3.345940E-7 	1.116643E+7	9.609024E+2	-1.621637E+0	1.184624E-4	7.135710E+0	7.117282E+0
40.0    	166     	6.302419E+0	9.753463E-4	-2.32E-1   	40.00     	5410.35 	24.7 	33.2 	6.299791E+0	6.685380E-7 	1.161003E+7	1.514376E+3	-1.624050E+0	2.751363E-4	6.863929E+0	6.844481E+0
40.0    	167     	6.322351E+0	2.920982E-3	-2.12E-1   	40.00     	5412.92 	24.7 	33.2 	6.319886E+0	8.857983E-6 	1.157623E+7	4.966219E+3	-1.623750E+0	9.848858E-5	6.883861E+0	6.864576E+0
40.0    	168     	6.367583E+0	1.646906E-3	-4.80E-1   	40.00     	5415.49 	24.7 	33.2 	6.365189E+0	2.589432E-6 	1.150050E+7	2.705550E+3	-1.623480E+0	8.544004E-5	6.929093E+0	6.909879E+0
40.0    	169     	6.372554E+0	8.223716E-4	-1.50E-1   	40.00     	5418.07 	24.7 	33.2 	6.370213E+0	9.300392E-7 	1.149220E+7	1.473092E+3	-1.623387E+0	3.426855E-4	6.934064E+0	6.914903E+0
40.0    	170     	6.359423E+0	1.461296E-3	-3.24E-1   	40.00     	5420.64 	24.7 	33.2 	6.357163E+0	2.170046E-6 	1.151397E+7	2.444040E+3	-1.623327E+0	4.041452E-5	6.920933E+0	6.901853E+0
40.0    	171     	6.319683E+0	1.481947E-3	-3.10E-1   	40.00     	5423.22 	24.7 	33.2 	6.317368E+0	2.275152E-6 	1.158060E+7	2.515949E+3	-1.623553E+0	2.218859E-4	6.881193E+0	6.862058E+0
40.0    	172     	6.276028E+0	1.206198E-4	-4.16E-1   	40.00     	5425.78 	24.7 	33.2 	6.273098E+0	3.710986E-8 	1.165517E+7	2.516611E+2	-1.624567E+0	1.747379E-4	6.837538E+0	6.817788E+0
40.0    	173     	6.286325E+0	1.360469E-3	-5.76E-2   	40.00     	5428.35 	24.7 	33.2 	6.283336E+0	1.517571E-6 	1.163767E+7	2.205297E+3	-1.624607E+0	1.913984E-4	6.847835E+0	6.828026E+0
40.0    	174     	6.268408E+0	2.200717E-3	4.77E-2    	40.00     	5430.93 	24.7 	33.2 	6.265778E+0	5.132698E-6 	1.166793E+7	3.817504E+3	-1.624187E+0	2.375570E-4	6.829918E+0	6.810468E+0
40.0    	175     	6.293362E+0	7.928985E-4	-4.35E-1   	40.00     	5433.51 	24.7 	33.2 	6.290729E+0	6.881640E-7 	1.162540E+7	1.374773E+3	-1.624093E+0	1.550269E-4	6.854872E+0	6.835419E+0
40.0    	176     	6.515496E+0	1.166981E-3	1.68E-2    	40.00     	5436.09 	24.7 	33.2 	6.513487E+0	1.588866E-6 	1.125950E+7	1.931321E+3	-1.622400E+0	2.151743E-4	7.077006E+0	7.058177E+0
40.0    	177     	6.516235E+0	1.575604E-4	-4.24E-1   	40.00     	5438.65 	24.7 	33.2 	6.514254E+0	3.108598E-8 	1.125830E+7	2.645751E+2	-1.622360E+0	5.291503E-5	7.077745E+0	7.058944E+0
40.0    	178     	6.306471E+0	3.588346E-3	-2.00E-1   	40.00     	5441.22 	24.7 	33.2 	6.303737E+0	1.256844E-5 	1.160327E+7	6.035175E+3	-1.624180E+0	1.228821E-4	6.867981E+0	6.848427E+0
40.0    	179     	6.298669E+0	1.112835E-3	-1.62E-1   	40.00     	5443.80 	24.7 	33.2 	6.296225E+0	1.248241E-6 	1.161623E+7	1.887679E+3	-1.623813E+0	1.778576E-4	6.860179E+0	6.840915E+0
40.0    	180     	6.565914E+0	5.097080E-4	9.21E-3    	40.00     	5446.37 	24.7 	33.2 	6.564727E+0	2.402186E-7 	1.117910E+7	7.810250E+2	-1.621080E+0	1.442221E-4	7.127424E+0	7.109417E+0
40.0    	181     	6.301183E+0	8.715144E-4	-4.42E-1   	40.00     	5448.94 	24.7 	33.2 	6.298745E+0	7.091427E-7 	1.161197E+7	1.450287E+3	-1.623793E+0	1.123981E-4	6.862693E+0	6.843435E+0
40.0    	182     	6.277654E+0	9.437780E-4	-1.86E-1   	40.00     	5451.52 	24.7 	33.2 	6.274871E+0	8.569353E-7 	1.165227E+7	1.594783E+3	-1.624360E+0	4.358899E-5	6.839164E+0	6.819561E+0
40.0    	183     	6.289322E+0	7.010101E-4	-3.03E-1   	40.00     	5454.10 	24.7 	33.2 	6.286882E+0	5.900396E-7 	1.163210E+7	1.249000E+3	-1.623843E+0	9.609024E-5	6.850832E+0	6.831572E+0
40.0    	184     	6.284095E+0	1.556620E-3	-5.27E-1   	40.00     	5456.68 	24.7 	33.2 	6.281181E+0	2.763360E-6 	1.164140E+7	2.740438E+3	-1.624513E+0	1.662328E-4	6.845605E+0	6.825871E+0
40.0    	185     	6.292395E+0	1.984793E-3	-3.56E-3   	40.00     	5459.26 	24.7 	33.2 	6.290322E+0	4.001758E-6 	1.162657E+7	3.384277E+3	-1.623323E+0	1.327906E-4	6.853905E+0	6.835012E+0
40.0    	186     	6.297210E+0	1.014642E-3	-3.88E-1   	40.00     	5461.82 	24.7 	33.2 	6.294736E+0	1.422511E-6 	1.161873E+7	1.871719E+3	-1.623860E+0	2.605763E-4	6.858720E+0	6.839426E+0
40.0    	187     	6.284110E+0	9.618391E-4	-1.50E-1   	40.00     	5464.40 	24.7 	33.2 	6.281673E+0	1.051734E-6 	1.164097E+7	1.692139E+3	-1.623860E+0	9.165151E-5	6.845620E+0	6.826363E+0
40.0    	188     	6.289079E+0	3.323342E-4	-4.14E-1   	40.00     	5466.98 	24.7 	33.2 	6.286460E+0	2.466701E-7 	1.163267E+7	7.023769E+2	-1.624090E+0	2.475884E-4	6.850589E+0	6.831150E+0
40.0    	189     	6.265553E+0	1.803363E-3	4.64E-2    	40.00     	5469.55 	24.7 	33.2 	6.262945E+0	2.738324E-6 	1.167280E+7	2.959730E+3	-1.624167E+0	2.059935E-4	6.827063E+0	6.807635E+0
40.0    	190     	6.280783E+0	9.904046E-4	-8.43E-3   	40.00     	5472.13 	24.7 	33.2 	6.278231E+0	8.500833E-7 	1.164673E+7	1.628906E+3	-1.624030E+0	1.307670E-4	6.842293E+0	6.822921E+0
40.0    	191     	6.297964E+0	8.727451E-4	-9.30E-2   	40.00     	5474.71 	24.7 	33.2 	6.295122E+0	5.957748E-7 	1.161777E+7	1.386843E+3	-1.624360E+0	2.718455E-4	6.859474E+0	6.839812E+0
40.0    	192     	6.519322E+0	1.098196E-3	-4.14E-1   	40.00     	5477.28 	24.7 	33.2 	6.517364E+0	1.358062E-6 	1.125337E+7	1.800926E+3	-1.622317E+0	1.006645E-4	7.080832E+0	7.062054E+0
40.0    	193     	6.508113E+0	1.714435E-3	-4.45E-1   	40.00     	5479.84 	24.7 	33.2 	6.506572E+0	2.114712E-6 	1.127090E+7	2.523886E+3	-1.621780E+0	4.454211E-4	7.069623E+0	7.051262E+0
40.0    	194     	6.301996E+0	7.475497E-4	-5.69E-1   	40.00     	5482.40 	24.7 	33.2 	6.299545E+0	6.627811E-7 	1.161060E+7	1.322876E+3	-1.623810E+0	9.539392E-5	6.863506E+0	6.844235E+0
40.0    	195     	6.294397E+0	1.727933E-3	-4.00E-1   	40.00     	5484.98 	24.7 	33.2 	6.291736E+0	2.930953E-6 	1.162367E+7	2.919475E+3	-1.624127E+0	7.094599E-5	6.855907E+0	6.836426E+0
40.0    	196     	6.291646E+0	1.291902E-3	-2.90E-1   	40.00     	5487.55 	24.7 	33.2 	6.288991E+0	1.840859E-6 	1.162833E+7	2.250185E+3	-1.624130E+0	9.539392E-5	6.853156E+0	6.833681E+0
40.0    	197     	6.272428E+0	2.381073E-3	-1.66E-1   	40.00     	5490.12 	24.7 	33.2 	6.269674E+0	4.716886E-6 	1.166117E+7	3.888873E+3	-1.624340E+0	2.981610E-4	6.833938E+0	6.814364E+0
40.0    	198     	6.302414E+0	6.963210E-4	9.20E-2    	40.00     	5492.70 	24.7 	33.3 	6.300150E+0	3.795897E-7 	1.160973E+7	1.101514E+3	-1.623550E+0	2.645751E-4	6.863924E+0	6.844840E+0
40.0    	199     	6.296366E+0	3.309718E-4	-3.80E-1   	40.00     	5495.27 	24.7 	33.3 	6.293851E+0	1.067870E-7 	1.162020E+7	5.567764E+2	-1.623920E+0	6.082763E-5	6.857876E+0	6.838541E+0
40.0    	200     	6.279224E+0	1.774624E-3	-1.18E-1   	40.00     	5497.84 	24.7 	33.2 	6.276935E+0	2.957680E-6 	1.164917E+7	2.973774E+3	-1.623673E+0	3.164385E-4	6.840734E+0	6.821625E+0
40.0    	201     	6.275769E+0	1.253997E-3	-1.16E-1   	40.00     	5500.41 	24.7 	33.2 	6.273318E+0	1.362583E-6 	1.165520E+7	2.066398E+3	-1.623910E+0	1.249000E-4	6.837279E+0	6.818008E+0
40.0    	202     	6.294548E+0	9.931085E-4	-3.72E-1   	40.00     	5502.99 	24.7 	33.2 	6.292095E+0	9.951939E-7 	1.162323E+7	1.680278E+3	-1.623840E+0	2.893095E-4	6.856058E+0	6.836785E+0
40.0    	203     	6.302419E+0	5.220628E-4	-4.05E-1   	40.00     	5505.57 	24.7 	33.2 	6.300145E+0	4.526315E-7 	1.160973E+7	1.006645E+3	-1.623563E+0	2.715388E-4	6.863929E+0	6.844835E+0
40.0    	204     	6.268040E+0	1.474202E-3	-2.71E-1   	40.00     	5508.14 	24.7 	33.2 	6.265250E+0	2.319570E-6 	1.166870E+7	2.563201E+3	-1.624407E+0	1.404754E-4	6.829550E+0	6.809940E+0
40.0    	205     	6.275573E+0	9.961764E-4	-2.05E-1   	40.00     	5510.70 	24.7 	33.2 	6.272968E+0	7.024056E-7 	1.165567E+7	1.563117E+3	-1.624123E+0	2.548202E-4	6.837083E+0	6.817658E+0
40.0    	206     	6.292307E+0	9.266675E-4	-3.07E-1   	40.00     	5513.29 	24.7 	33.2 	6.289742E+0	8.909652E-7 	1.162713E+7	1.588500E+3	-1.624003E+0	5.773503E-5	6.853817E+0	6.834432E+0
40.0    	207     	6.306250E+0	4.773333E-4	-5.96E-1   	40.00     	5515.85 	24.7 	33.2 	6.303757E+0	5.030687E-7 	1.160343E+7	1.001665E+3	-1.623850E+0	3.407345E-4	6.867760E+0	6.848447E+0
40.0    	208     	6.510842E+0	1.943444E-3	-3.29E-1   	40.00     	5518.42 	24.7 	33.2 	6.509232E+0	3.686781E-6 	1.126660E+7	3.080584E+3	-1.621867E+0	1.101514E-4	7.072352E+0	7.053922E+0
40.0    	209     	6.527668E+0	8.039263E-4	-1.47E-1   	40.00     	5520.99 	24.7 	33.2 	6.526382E+0	2.591428E-7 	1.123957E+7	1.040833E+3	-1.621353E+0	4.166933E-4	7.089178E+0	7.071072E+0
40.0    	210     	6.298770E+0	2.405007E-3	-3.47E-1   	40.00     	5523.57 	24.7 	33.3 	6.296400E+0	5.311761E-6 	1.161600E+7	3.988734E+3	-1.623710E+0	3.439477E-4	6.860280E+0	6.841090E+0
40.0    	211     	6.305150E+0	1.625493E-3	-3.15E-1   	40.00     	5526.13 	24.7 	33.3 	6.302495E+0	2.337173E-6 	1.160543E+7	2.668957E+3	-1.624077E+0	1.331666E-4	6.866660E+0	6.847185E+0
40.0    	212     	6.293129E+0	6.861016E-4	-5.86E-2   	40.00     	5528.71 	24.7 	33.3 	6.291001E+0	6.047590E-7 	1.162537E+7	1.242310E+3	-1.623397E+0	1.501111E-4	6.854639E+0	6.835691E+0
40.0    	213     	6.292758E+0	5.109554E-4	-1.48E-1   	40.00     	5531.29 	24.7 	33.3 	6.290351E+0	4.002286E-7 	1.162623E+7	9.712535E+2	-1.623783E+0	1.721434E-4	6.854268E+0	6.835041E+0
40.0    	214     	6.285561E+0	8.476469E-4	-1.78E-1   	40.00     	5533.85 	24.7 	33.3 	6.282964E+0	6.378576E-7 	1.163863E+7	1.401190E+3	-1.624073E+0	6.429101E-5	6.847071E+0	6.827654E+0
40.0    	215     	6.281140E+0	1.428085E-3	-3.63E-1   	40.00     	5536.42 	24.7 	33.3 	6.278344E+0	2.122346E-6 	1.164633E+7	2.458319E+3	-1.624363E+0	5.033223E-5	6.842650E+0	6.823034E+0
40.0    	216     	6.298498E+0	4.853993E-4	-4.53E-2   	40.00     	5539.00 	24.7 	33.3 	6.296238E+0	2.765662E-7 	1.161637E+7	8.504901E+2	-1.623560E+0	1.868154E-4	6.860008E+0	6.840928E+0
40.0    	217     	6.298182E+0	1.020094E-3	-2.76E-1   	40.00     	5541.59 	24.7 	33.3 	6.296083E+0	8.796945E-7 	1.161677E+7	1.650253E+3	-1.623337E+0	3.165965E-4	6.859692E+0	6.840773E+0
40.0    	218     	6.281660E+0	2.051923E-3	4.17E-2    	40.00     	5544.13 	24.7 	33.3 	6.279115E+0	4.372445E-6 	1.164523E+7	3.530345E+3	-1.624017E+0	6.806859E-5	6.843170E+0	6.823805E+0
40.0    	219     	6.275321E+0	1.490020E-3	-3.87E-3   	40.00     	5546.71 	24.7 	33.3 	6.272634E+0	2.105384E-6 	1.165617E+7	2.510644E+3	-1.624237E+0	5.507571E-5	6.836831E+0	6.817324E+0
40.0    	220     	6.289055E+0	3.125897E-3	-1.75E-1   	40.00     	5549.28 	24.7 	33.3 	6.286642E+0	9.424800E-6 	1.163253E+7	5.269092E+3	-1.623807E+0	6.806859E-5	6.850565E+0	6.831332E+0
40.0    	221     	6.289821E+0	9.315688E-4	-1.17E-1   	40.00     	5551.85 	24.7 	33.3 	6.287404E+0	6.967122E-7 	1.163123E+7	1.501111E+3	-1.623810E+0	1.307670E-4	6.851331E+0	6.832094E+0
40.0    	222     	6.300633E+0	1.377950E-3	3.09E-3    	40.00     	5554.43 	24.7 	33.3 	6.298272E+0	1.877473E-6 	1.161283E+7	2.328805E+3	-1.623690E+0	2.645751E-5	6.862143E+0	6.842962E+0
40.0    	223     	6.295508E+0	1.019018E-3	-6.13E-2   	40.00     	5557.00 	24.7 	33.3 	6.292902E+0	1.034702E-6 	1.162173E+7	1.721434E+3	-1.624047E+0	2.413158E-4	6.857018E+0	6.837592E+0
40.0    	224     	6.511676E+0	3.719091E-4	2.95E-2    	40.00     	5559.59 	24.7 	33.3 	6.509736E+0	8.750080E-8 	1.126553E+7	5.131601E+2	-1.622320E+0	2.645751E-4	7.073186E+0	7.054426E+0
40.0    	225     	6.530498E+0	9.409752E-4	-4.47E-1   	40.00     	5562.15 	24.7 	33.3 	6.528972E+0	1.143730E-6 	1.123527E+7	1.594783E+3	-1.621680E+0	1.819341E-4	7.092008E+0	7.073662E+0
40.0    	226     	6.306494E+0	1.051175E-3	-7.26E-3   	40.00     	5564.71 	24.7 	33.3 	6.303750E+0	1.015745E-6 	1.160323E+7	1.738774E+3	-1.624193E+0	1.761628E-4	6.868004E+0	6.848440E+0
40.0    	227     	6.301290E+0	1.844409E-3	-3.10E-1   	40.00     	5567.27 	24.7 	33.3 	6.298835E+0	3.905990E-6 	1.161180E+7	3.235738E+3	-1.623817E+0	2.236813E-4	6.862800E+0	6.843525E+0
40.0    	228     	6.306415E+0	9.489215E-4	-1.97E-1   	40.00     	5569.87 	24.7 	33.3 	6.304301E+0	7.948530E-7 	1.160283E+7	1.556706E+3	-1.623327E+0	7.637626E-5	6.867925E+0	6.848991E+0
40.0    	229     	6.302991E+0	6.739685E-4	-2.14E-1   	40.00     	5572.43 	24.7 	33.3 	6.300479E+0	4.731512E-7 	1.160897E+7	1.150362E+3	-1.623890E+0	1.322876E-4	6.864501E+0	6.845169E+0
40.0    	230     	6.292208E+0	8.531599E-4	-3.37E-1   	40.00     	5575.00 	24.7 	33.3 	6.289881E+0	9.533075E-7 	1.162710E+7	1.552417E+3	-1.623677E+0	2.107922E-4	6.853718E+0	6.834571E+0
40.0    	231     	6.299522E+0	9.311583E-4	2.45E-2    	40.00     	5577.57 	24.7 	33.3 	6.297259E+0	1.070842E-6 	1.161463E+7	1.662328E+3	-1.623560E+0	2.426932E-4	6.861032E+0	6.841949E+0
40.0    	232     	6.299408E+0	2.013736E-3	-3.35E-1   	40.00     	5580.15 	24.7 	33.3 	6.297099E+0	4.605466E-6 	1.161487E+7	3.523256E+3	-1.623623E+0	2.797022E-4	6.860918E+0	6.841789E+0
40.0    	233     	6.296318E+0	9.610367E-4	-6.80E-3   	40.00     	5582.71 	24.7 	33.3 	6.294056E+0	8.862489E-7 	1.162007E+7	1.607275E+3	-1.623570E+0	2.426932E-4	6.857828E+0	6.838746E+0
40.0    	234     	6.293563E+0	7.413728E-4	-3.26E-1   	40.00     	5585.28 	24.7 	33.3 	6.291234E+0	8.054684E-7 	1.162480E+7	1.389244E+3	-1.623673E+0	2.554082E-4	6.855073E+0	6.835924E+0
40.0    	235     	6.286422E+0	1.940813E-3	-2.01E-1   	40.00     	5587.85 	24.7 	33.3 	6.283983E+0	3.531222E-6 	1.163703E+7	3.247050E+3	-1.623853E+0	2.274496E-4	6.847932E+0	6.828673E+0
40.0    	236     	6.298694E+0	1.019277E-3	-2.13E-1   	40.00     	5590.43 	24.7 	33.3 	6.296396E+0	1.092359E-6 	1.161607E+7	1.750238E+3	-1.623610E+0	4.358899E-5	6.860204E+0	6.841086E+0
40.0    	237     	6.305773E+0	4.788162E-4	1.82E-2    	40.00     	5593.00 	24.7 	33.3 	6.303328E+0	3.282161E-7 	1.160420E+7	8.888194E+2	-1.623787E+0	1.497776E-4	6.867283E+0	6.848018E+0
40.0    	238     	6.297741E+0	9.074400E-4	-3.08E-1   	40.00     	5595.60 	24.7 	33.3 	6.295148E+0	6.057385E-7 	1.161793E+7	1.429452E+3	-1.624020E+0	1.757840E-4	6.859251E+0	6.839838E+0
40.0    	239     	6.295626E+0	5.163123E-4	-2.83E-1   	40.00     	5598.16 	24.7 	33.3 	6.293294E+0	2.215977E-7 	1.162130E+7	8.185353E+2	-1.623670E+0	2.944486E-4	6.857136E+0	6.837984E+0
40.0    	240     	6.519859E+0	8.089154E-4	-3.84E-1   	40.00     	5600.73 	24.7 	33.3 	6.518335E+0	5.414361E-7 	1.125217E+7	1.222020E+3	-1.621713E+0	2.458319E-4	7.081369E+0	7.063025E+0
40.0    	241     	6.764316E+0	8.902721E-4	3.69E-2    	40.00     	5603.30 	24.7 	33.3 	6.763580E+0	8.773822E-7 	1.087563E+7	1.357694E+3	-1.619770E+0	8.000000E-5	7.325826E+0	7.308270E+0
40.0    	242     	6.562822E+0	1.690207E-3	-2.33E-1   	40.00     	5605.89 	24.7 	33.3 	6.561243E+0	3.508281E-6 	1.118427E+7	2.800595E+3	-1.621637E+0	2.640707E-4	7.124332E+0	7.105933E+0
40.0    	243     	6.523973E+0	4.302073E-4	-1.35E-1   	40.00     	5608.45 	24.7 	33.3 	6.522480E+0	1.347032E-7 	1.124560E+7	6.244998E+2	-1.621657E+0	2.040425E-4	7.085483E+0	7.067170E+0
40.0    	244     	6.519465E+0	4.979173E-4	-6.62E-2   	40.00     	5611.03 	24.7 	33.3 	6.517808E+0	2.522471E-7 	1.125290E+7	7.810250E+2	-1.621900E+0	2.651415E-4	7.080975E+0	7.062498E+0
40.0    	245     	6.527713E+0	1.556186E-3	-1.53E-2   	40.00     	5613.60 	24.7 	33.3 	6.526086E+0	2.393253E-6 	1.123977E+7	2.458319E+3	-1.621830E+0	2.688866E-4	7.089223E+0	7.070776E+0
40.0    	246     	6.530222E+0	2.814020E-3	-4.52E-1   	40.00     	5616.17 	24.7 	33.3 	6.528870E+0	6.871379E-6 	1.123557E+7	4.303874E+3	-1.621437E+0	4.821134E-4	7.091732E+0	7.073560E+0
40.0    	247     	6.537477E+0	1.021556E-3	-3.49E-1   	40.00     	5618.74 	24.7 	33.3 	6.536255E+0	1.678862E-6 	1.122397E+7	1.833939E+3	-1.621230E+0	3.934463E-4	7.098987E+0	7.080945E+0
40.0    	248     	6.534623E+0	1.214666E-4	-2.71E-1   	40.00     	5621.34 	24.7 	33.3 	6.533299E+0	1.732533E-9 	1.122857E+7	1.154701E+2	-1.621383E+0	1.504438E-4	7.096133E+0	7.077989E+0
40.0    	249     	6.526454E+0	1.181192E-3	-3.55E-1   	40.00     	5623.90 	24.7 	33.3 	6.525035E+0	2.123092E-6 	1.124160E+7	2.095233E+3	-1.621543E+0	3.888873E-4	7.087964E+0	7.069725E+0
40.0    	250     	6.536041E+0	1.450910E-3	-7.74E-2   	40.00     	5626.46 	24.7 	33.3 	6.534701E+0	2.173411E-6 	1.122633E+7	2.315887E+3	-1.621400E+0	1.053565E-4	7.097551E+0	7.079391E+0
40.0    	251     	6.541683E+0	7.286300E-4	-3.29E-1   	40.00     	5629.03 	24.7 	33.3 	6.540265E+0	4.655238E-7 	1.121747E+7	1.115049E+3	-1.621490E+0	7.937254E-5	7.103193E+0	7.084955E+0
40.0    	252     	6.523198E+0	1.891474E-3	-2.39E-1   	40.00     	5631.62 	24.7 	33.3 	6.521578E+0	3.758335E-6 	1.124693E+7	3.043572E+3	-1.621837E+0	9.504385E-5	7.084708E+0	7.066268E+0
40.0    	253     	6.508904E+0	8.396021E-4	-3.66E-1   	40.00     	5634.18 	24.7 	33.3 	6.507493E+0	6.099314E-7 	1.126953E+7	1.285820E+3	-1.621597E+0	2.532456E-4	7.070414E+0	7.052183E+0
40.0    	254     	6.515109E+0	1.866632E-3	-1.81E-1   	40.00     	5636.76 	24.7 	33.3 	6.513790E+0	3.375838E-6 	1.125957E+7	2.950141E+3	-1.621447E+0	8.020806E-5	7.076619E+0	7.058480E+0
40.0    	255     	6.540271E+0	5.419096E-4	-4.68E-2   	40.00     	5639.35 	24.7 	33.3 	6.538810E+0	2.269360E-7 	1.121973E+7	8.020806E+2	-1.621553E+0	1.550269E-4	7.101781E+0	7.083500E+0
40.0    	256     	6.763981E+0	2.097705E-3	-5.30E-2   	40.00     	5641.91 	24.7 	33.3 	6.763466E+0	4.264396E-6 	1.087597E+7	3.089229E+3	-1.619460E+0	3.019934E-4	7.325491E+0	7.308156E+0
40.0    	257     	5.694529E+0	1.787791E-3	-1.42E-1   	40.00     	5644.48 	24.7 	33.3 	5.689118E+0	3.931250E-6 	1.274277E+7	3.847510E+3	-1.630443E+0	2.797022E-4	6.256039E+0	6.233808E+0
40.0    	258     	8.144434E+0	1.362565E-3	-3.78E-1   	40.00     	5647.05 	24.7 	33.3 	8.146556E+0	1.721077E-6 	9.148317E+6	1.405359E+3	-1.611897E+0	1.582193E-4	8.705944E+0	8.691246E+0
40.0    	259     	1.129761E+1	2.159451E-3	-3.35E-1   	40.00     	5649.63 	24.7 	33.3 	1.130533E+1	4.473580E-6 	6.712810E+6	1.210248E+3	-1.598503E+0	8.326664E-5	1.185912E+1	1.185002E+1
40.0    	260     	2.373104E+1	1.087434E-3	-3.18E-1   	40.00     	5652.19 	24.7 	33.3 	2.374708E+1	1.204190E-6 	3.275850E+6	1.473092E+2	-1.576430E+0	4.358899E-5	2.429255E+1	2.429177E+1
40.0    	261     	2.823546E+1	1.504721E-3	-1.82E-1   	40.00     	5654.79 	24.7 	33.3 	2.825222E+1	2.253147E-6 	2.763400E+6	1.442221E+2	-1.572237E+0	4.509250E-5	2.879697E+1	2.879691E+1
40.0    	262     	3.433020E+1	1.862744E-3	-3.14E-1   	40.00     	5657.35 	24.7 	33.3 	3.434667E+1	3.457541E-6 	2.280710E+6	1.216553E+2	-1.567630E+0	3.464102E-5	3.489171E+1	3.489136E+1
40.0    	263     	5.030633E+1	4.687974E-4	-2.61E-1   	40.00     	5659.92 	24.7 	33.3 	5.031469E+1	2.750915E-7 	1.564527E+6	1.527525E+1	-1.557900E+0	4.358899E-5	5.086784E+1	5.085938E+1
40.0    	264     	1.102107E+2	1.484571E-3	4.78E-2    	40.00     	5662.48 	24.7 	33.3 	1.100442E+2	2.173572E-6 	7.189837E+5	9.609024E+0	-1.530097E+0	5.773503E-6	1.107722E+2	1.105888E+2
45.0    	1       	6.611577E+0	1.175944E-3	9.95E+0    	45.00     	5695.00 	24.7 	33.3 	6.610148E+0	1.300523E-6 	1.110803E+7	1.795364E+3	-1.621257E+0	7.094599E-5	7.173087E+0	7.154838E+0
45.0    	2       	6.715097E+0	1.075720E-3	-2.53E-1   	45.00     	5697.34 	24.7 	33.3 	6.713899E+0	1.119478E-6 	1.094963E+7	1.607275E+3	-1.620577E+0	2.081666E-5	7.276607E+0	7.258589E+0
45.0    	3       	7.402777E-1	1.323682E-3	-2.14E-1   	45.00     	5699.93 	24.7 	33.3 	6.068068E-1	4.644881E-6 	6.499640E+7	9.090831E+4	-1.917477E+0	1.555678E-3	1.301788E+0	1.151497E+0
45.0    	4       	6.682625E+0	1.171187E-3	-7.39E-2   	45.00     	5702.49 	24.7 	33.3 	6.681747E+0	1.317891E-6 	1.099853E+7	1.761628E+3	-1.620243E+0	1.193035E-4	7.244135E+0	7.226437E+0
45.0    	5       	6.427870E+0	6.523969E-4	-9.74E-2   	45.00     	5705.06 	24.7 	33.3 	6.425759E+0	5.088879E-7 	1.140093E+7	1.115049E+3	-1.622863E+0	1.026320E-4	6.989380E+0	6.970449E+0
45.0    	6       	6.396128E+0	4.530854E-4	-3.58E-1   	45.00     	5707.63 	24.7 	33.3 	6.393756E+0	1.678662E-7 	1.145323E+7	7.094599E+2	-1.623340E+0	9.848858E-5	6.957638E+0	6.938446E+0
45.0    	7       	6.379191E+0	3.995617E-4	-3.59E-1   	45.00     	5710.20 	24.7 	33.3 	6.377125E+0	1.800333E-7 	1.148097E+7	6.658328E+2	-1.622983E+0	2.510644E-4	6.940701E+0	6.921815E+0
45.0    	8       	6.396186E+0	1.079599E-3	-3.26E-1   	45.00     	5712.77 	24.7 	33.3 	6.394991E+0	1.235448E-6 	1.145217E+7	1.803700E+3	-1.621703E+0	1.497776E-4	6.957696E+0	6.939681E+0
45.0    	9       	6.384564E+0	2.569943E-3	-1.22E-1   	45.00     	5715.34 	24.7 	33.3 	6.382951E+0	7.918197E-6 	1.147170E+7	4.450843E+3	-1.622333E+0	3.937427E-4	6.946074E+0	6.927641E+0
45.0    	10      	6.375622E+0	1.941733E-3	-4.30E-1   	45.00     	5717.92 	24.7 	33.3 	6.373616E+0	4.331409E-6 	1.148683E+7	3.330666E+3	-1.622913E+0	3.458805E-4	6.937132E+0	6.918306E+0
45.0    	11      	6.379598E+0	6.080147E-4	-4.33E-1   	45.00     	5720.49 	24.7 	33.3 	6.377362E+0	3.491340E-7 	1.148043E+7	9.865766E+2	-1.623217E+0	1.850225E-4	6.941108E+0	6.922052E+0
45.0    	12      	6.418741E+0	1.021366E-3	-1.76E-1   	45.00     	5723.06 	24.7 	33.3 	6.416222E+0	1.023118E-6 	1.141620E+7	1.664332E+3	-1.623457E+0	4.509250E-5	6.980251E+0	6.960912E+0
45.0    	13      	6.380160E+0	9.422733E-4	-2.85E-1   	45.00     	5725.64 	24.7 	33.3 	6.377808E+0	5.412828E-7 	1.147960E+7	1.389244E+3	-1.623373E+0	2.804164E-4	6.941670E+0	6.922498E+0
45.0    	14      	6.646235E+0	1.426510E-3	-2.74E-1   	45.00     	5728.20 	24.7 	33.3 	6.644659E+0	2.340825E-6 	1.105467E+7	2.267892E+3	-1.621337E+0	2.281082E-4	7.207745E+0	7.189349E+0
45.0    	15      	9.366787E-1	9.429493E-4	-2.58E-2   	45.00     	5730.77 	24.7 	33.3 	9.266917E-1	2.682990E-7 	5.359747E+7	2.628047E+4	-1.704960E+0	1.031164E-3	1.498189E+0	1.471382E+0
45.0    	16      	6.858269E+0	1.839894E-3	-1.53E-1   	45.00     	5733.34 	24.7 	33.3 	6.856969E+0	3.622219E-6 	1.073817E+7	2.709859E+3	-1.620233E+0	2.250185E-4	7.419779E+0	7.401659E+0
45.0    	17      	6.405480E+0	1.208570E-3	-4.25E-1   	45.00     	5735.93 	24.7 	33.3 	6.403398E+0	1.146548E-6 	1.143760E+7	1.873499E+3	-1.622907E+0	1.858315E-4	6.966990E+0	6.948088E+0
45.0    	18      	6.190206E+0	5.960092E-4	1.91E-1    	45.00     	5738.49 	24.7 	33.3 	6.186518E+0	6.543069E-7 	1.180420E+7	1.228821E+3	-1.625937E+0	3.028751E-4	6.751716E+0	6.731208E+0
45.0    	19      	6.478254E+0	5.969339E-4	-2.09E-1   	45.00     	5741.06 	24.7 	33.3 	6.477376E+0	2.008831E-7 	1.131823E+7	8.326664E+2	-1.620957E+0	2.950141E-4	7.039764E+0	7.022066E+0
45.0    	20      	6.182064E+0	6.282219E-4	-5.39E-1   	45.00     	5743.63 	24.7 	33.3 	6.178876E+0	3.116453E-7 	1.181803E+7	1.040833E+3	-1.625293E+0	1.006645E-4	6.743574E+0	6.723566E+0
45.0    	21      	6.172148E+0	2.090057E-3	2.70E-2    	45.00     	5746.21 	24.7 	33.3 	6.168465E+0	4.506224E-6 	1.183590E+7	3.704052E+3	-1.626003E+0	2.706166E-4	6.733658E+0	6.713155E+0
45.0    	22      	6.173010E+0	1.167008E-3	-4.32E-1   	45.00     	5748.77 	24.7 	33.3 	6.169912E+0	1.366181E-6 	1.183387E+7	2.055075E+3	-1.625207E+0	2.081666E-5	6.734520E+0	6.714602E+0
45.0    	23      	6.170616E+0	6.604632E-4	-4.55E-1   	45.00     	5751.34 	24.7 	33.3 	6.167610E+0	3.505716E-7 	1.183800E+7	1.081665E+3	-1.625090E+0	3.465545E-4	6.732126E+0	6.712300E+0
45.0    	24      	6.167306E+0	1.851300E-3	-9.04E-2   	45.00     	5753.91 	24.7 	33.3 	6.164942E+0	3.386071E-6 	1.184327E+7	3.253204E+3	-1.624217E+0	4.163332E-5	6.728816E+0	6.709632E+0
45.0    	25      	6.159597E+0	1.087449E-3	-4.93E-1   	45.00     	5756.50 	24.7 	33.3 	6.156633E+0	9.764291E-7 	1.185740E+7	1.833030E+3	-1.625077E+0	1.429452E-4	6.721107E+0	6.701323E+0
45.0    	26      	6.212108E+0	1.289458E-4	-2.46E-1   	45.00     	5759.06 	24.7 	33.3 	6.209193E+0	1.065916E-8 	1.176530E+7	2.000000E+2	-1.624800E+0	5.567764E-5	6.773618E+0	6.753883E+0
45.0    	27      	6.163927E+0	1.629412E-4	-3.68E-1   	45.00     	5761.63 	24.7 	33.3 	6.160496E+0	3.501030E-8 	1.185017E+7	3.055050E+2	-1.625697E+0	7.767453E-5	6.725437E+0	6.705186E+0
45.0    	28      	6.171966E+0	1.537251E-3	-3.66E-1   	45.00     	5764.20 	24.7 	33.3 	6.168646E+0	2.410020E-6 	1.183590E+7	2.718455E+3	-1.625513E+0	1.101514E-4	6.733476E+0	6.713336E+0
45.0    	29      	6.174279E+0	6.802569E-4	6.12E-2    	45.00     	5766.77 	24.7 	33.3 	6.171068E+0	5.262531E-7 	1.183173E+7	1.234234E+3	-1.625357E+0	1.331666E-4	6.735789E+0	6.715758E+0
45.0    	30      	6.171696E+0	2.548122E-3	-2.89E-1   	45.00     	5769.34 	24.7 	33.3 	6.168992E+0	7.033945E-6 	1.183583E+7	4.576389E+3	-1.624670E+0	1.969772E-4	6.733206E+0	6.713682E+0
45.0    	31      	6.449346E+0	1.519776E-3	-2.61E-2   	45.00     	5771.92 	24.7 	33.3 	6.446123E+0	2.076176E-6 	1.136687E+7	2.402776E+3	-1.624290E+0	1.345362E-4	7.010856E+0	6.990813E+0
45.0    	32      	6.389677E+0	9.193441E-4	1.79E-2    	45.00     	5774.49 	24.7 	33.3 	6.387520E+0	9.458351E-7 	1.146370E+7	1.562050E+3	-1.623070E+0	7.937254E-5	6.951187E+0	6.932210E+0
45.0    	33      	6.390481E+0	1.209998E-3	-4.25E-1   	45.00     	5777.07 	24.7 	33.3 	6.387967E+0	1.667399E-6 	1.146267E+7	2.064784E+3	-1.623557E+0	1.193035E-4	6.951991E+0	6.932657E+0
45.0    	34      	6.176976E+0	7.842033E-4	-2.65E-3   	45.00     	5779.65 	24.7 	33.3 	6.173754E+0	4.060348E-7 	1.182700E+7	1.249000E+3	-1.625360E+0	1.969772E-4	6.738486E+0	6.718444E+0
45.0    	35      	6.174676E+0	1.252846E-3	-2.83E-1   	45.00     	5782.23 	24.7 	33.3 	6.171808E+0	1.005876E-6 	1.183073E+7	1.975686E+3	-1.624883E+0	4.359281E-4	6.736186E+0	6.716498E+0
45.0    	36      	6.171211E+0	1.072120E-3	-1.01E-1   	45.00     	5784.79 	24.7 	33.3 	6.168038E+0	1.624780E-6 	1.183710E+7	2.066398E+3	-1.625317E+0	2.809508E-4	6.732721E+0	6.712728E+0
45.0    	37      	6.169008E+0	1.481997E-4	-1.91E-1   	45.00     	5787.36 	24.7 	33.3 	6.165736E+0	8.511078E-9 	1.184107E+7	2.081666E+2	-1.625460E+0	9.643651E-5	6.730518E+0	6.710426E+0
45.0    	38      	6.156365E+0	1.493920E-3	-9.06E-2   	45.00     	5789.94 	24.7 	33.3 	6.152889E+0	2.330295E-6 	1.186357E+7	2.668957E+3	-1.625790E+0	1.757840E-4	6.717875E+0	6.697579E+0
45.0    	39      	6.166492E+0	3.677217E-4	-3.22E-2   	45.00     	5792.51 	24.7 	33.3 	6.163223E+0	7.610092E-8 	1.184550E+7	5.567764E+2	-1.625467E+0	2.081666E-4	6.728002E+0	6.707913E+0
45.0    	40      	6.168983E+0	1.427542E-3	-5.25E-1   	45.00     	5795.08 	24.7 	33.3 	6.166140E+0	1.857529E-6 	1.184073E+7	2.458319E+3	-1.624873E+0	8.326664E-5	6.730493E+0	6.710830E+0
45.0    	41      	6.163085E+0	2.612388E-3	-1.28E-1   	45.00     	5797.66 	24.7 	33.3 	6.160356E+0	6.291849E-6 	1.185103E+7	4.518112E+3	-1.624740E+0	1.571623E-4	6.724595E+0	6.705046E+0
45.0    	42      	6.161111E+0	1.132874E-3	-2.20E-1   	45.00     	5800.24 	24.7 	33.3 	6.157987E+0	1.155823E-6 	1.185487E+7	1.929594E+3	-1.625290E+0	4.357752E-4	6.722621E+0	6.702677E+0
45.0    	43      	6.159088E+0	2.071963E-4	-2.15E-1   	45.00     	5802.81 	24.7 	33.3 	6.156085E+0	1.734988E-7 	1.185833E+7	5.507571E+2	-1.625133E+0	2.909181E-4	6.720598E+0	6.700775E+0
45.0    	44      	6.164904E+0	2.907911E-4	-3.53E-1   	45.00     	5805.40 	24.7 	33.3 	6.162012E+0	4.328511E-8 	1.184797E+7	4.163332E+2	-1.624957E+0	2.482606E-4	6.726414E+0	6.706702E+0
45.0    	45      	6.177521E+0	1.507661E-3	-2.81E-1   	45.00     	5807.95 	24.7 	33.3 	6.174461E+0	2.761534E-6 	1.182590E+7	2.783882E+3	-1.625137E+0	2.514624E-4	6.739031E+0	6.719151E+0
45.0    	46      	6.171879E+0	1.401737E-3	-1.12E-1   	45.00     	5810.52 	24.7 	33.3 	6.169149E+0	1.668648E-6 	1.183553E+7	2.369247E+3	-1.624707E+0	1.823001E-4	6.733389E+0	6.713839E+0
45.0    	47      	6.173095E+0	7.219998E-4	-2.69E-1   	45.00     	5813.10 	24.7 	33.3 	6.169828E+0	5.967279E-7 	1.183387E+7	1.305118E+3	-1.625437E+0	2.589080E-4	6.734605E+0	6.714518E+0
45.0    	48      	6.654858E+0	1.977479E-3	2.50E-2    	45.00     	5815.68 	24.7 	33.3 	6.653683E+0	4.052238E-6 	1.104113E+7	3.056687E+3	-1.620753E+0	5.859465E-5	7.216368E+0	7.198373E+0
45.0    	49      	6.424436E+0	1.343459E-3	-1.34E-1   	45.00     	5818.26 	24.7 	33.3 	6.422544E+0	2.191740E-6 	1.140637E+7	2.307235E+3	-1.622573E+0	2.441994E-4	6.985946E+0	6.967234E+0
45.0    	50      	6.180903E+0	5.397436E-4	-2.73E-1   	45.00     	5820.84 	24.7 	33.3 	6.177418E+0	5.048696E-7 	1.182033E+7	1.096966E+3	-1.625700E+0	2.426932E-4	6.742413E+0	6.722108E+0
45.0    	51      	6.168238E+0	1.250640E-3	-5.62E-2   	45.00     	5823.45 	24.7 	33.3 	6.165371E+0	1.627720E-6 	1.184207E+7	2.223361E+3	-1.624910E+0	1.705872E-4	6.729748E+0	6.710061E+0
45.0    	52      	6.163147E+0	1.756828E-3	8.22E-3    	45.00     	5825.98 	24.7 	33.3 	6.159766E+0	2.501813E-6 	1.185150E+7	2.946184E+3	-1.625633E+0	2.350177E-4	6.724657E+0	6.704456E+0
45.0    	53      	6.159441E+0	6.778201E-4	-1.04E-1   	45.00     	5828.54 	24.7 	33.3 	6.155959E+0	7.341991E-7 	1.185813E+7	1.342882E+3	-1.625783E+0	3.784618E-4	6.720951E+0	6.700649E+0
45.0    	54      	6.178028E+0	2.256453E-4	-4.43E-2   	45.00     	5831.11 	24.7 	33.3 	6.174864E+0	1.437894E-7 	1.182510E+7	5.291503E+2	-1.625277E+0	2.250185E-4	6.739538E+0	6.719554E+0
45.0    	55      	6.184319E+0	1.604680E-3	-3.63E-1   	45.00     	5833.68 	24.7 	33.3 	6.181068E+0	2.690863E-6 	1.181413E+7	2.844878E+3	-1.625370E+0	1.473092E-4	6.745829E+0	6.725758E+0
45.0    	56      	6.173467E+0	2.198283E-3	-3.60E-1   	45.00     	5836.26 	24.7 	33.3 	6.170592E+0	4.813372E-6 	1.183287E+7	3.863073E+3	-1.624900E+0	1.479865E-4	6.734977E+0	6.715282E+0
45.0    	57      	6.168948E+0	1.722948E-3	-1.88E-1   	45.00     	5838.83 	24.7 	33.3 	6.166288E+0	3.041185E-6 	1.184063E+7	3.053413E+3	-1.624620E+0	9.539392E-5	6.730458E+0	6.710978E+0
45.0    	58      	6.176478E+0	2.018679E-3	1.13E-2    	45.00     	5841.40 	24.7 	33.3 	6.173419E+0	4.561330E-6 	1.182773E+7	3.650114E+3	-1.625140E+0	2.426932E-4	6.737988E+0	6.718109E+0
45.0    	59      	6.176916E+0	1.676379E-3	1.87E-1    	45.00     	5843.98 	24.7 	33.3 	6.173474E+0	3.037419E-6 	1.182730E+7	3.004996E+3	-1.625660E+0	1.126943E-4	6.738426E+0	6.718164E+0
45.0    	60      	6.163091E+0	9.852144E-4	-2.63E-1   	45.00     	5846.55 	24.7 	33.3 	6.159444E+0	1.011587E-6 	1.185183E+7	1.755942E+3	-1.625993E+0	1.059874E-4	6.724601E+0	6.704134E+0
45.0    	61      	6.464126E+0	1.285569E-3	-4.48E-1   	45.00     	5849.12 	24.7 	33.3 	6.462081E+0	1.988363E-6 	1.134197E+7	2.173323E+3	-1.622637E+0	3.212994E-4	7.025636E+0	7.006771E+0
45.0    	62      	6.476616E+0	9.799332E-4	-2.38E-1   	45.00     	5851.70 	24.7 	33.3 	6.475329E+0	1.189382E-6 	1.132120E+7	1.664332E+3	-1.621540E+0	2.426932E-4	7.038126E+0	7.020019E+0
45.0    	63      	6.454755E+0	5.327327E-4	-1.42E-1   	45.00     	5854.26 	24.7 	33.3 	6.452794E+0	4.120001E-7 	1.135707E+7	9.504385E+2	-1.622557E+0	1.792577E-4	7.016265E+0	6.997484E+0
45.0    	64      	9.813476E-1	2.104558E-3	-1.37E-1   	45.00     	5856.85 	24.7 	33.3 	9.050134E-1	2.734130E-6 	5.320937E+7	6.650882E+4	-1.819057E+0	5.671273E-4	1.542858E+0	1.449703E+0
45.0    	65      	6.450275E+0	2.657498E-3	-3.01E-1   	45.00     	5859.41 	24.7 	33.3 	6.448069E+0	6.933746E-6 	1.136453E+7	4.292241E+3	-1.622910E+0	9.539392E-5	7.011785E+0	6.992759E+0
45.0    	66      	6.177884E+0	1.820828E-3	-2.17E-1   	45.00     	5861.98 	24.7 	33.3 	6.174857E+0	3.458650E-6 	1.182523E+7	3.233162E+3	-1.625090E+0	8.185353E-5	6.739394E+0	6.719547E+0
45.0    	67      	6.182515E+0	5.648118E-4	-2.82E-1   	45.00     	5864.55 	24.7 	33.3 	6.179262E+0	3.928132E-7 	1.181730E+7	1.044031E+3	-1.625380E+0	1.228821E-4	6.744025E+0	6.723952E+0
45.0    	68      	6.167711E+0	9.531905E-4	-3.42E-1   	45.00     	5867.13 	24.7 	33.3 	6.164310E+0	6.509303E-7 	1.184347E+7	1.550269E+3	-1.625640E+0	2.051828E-4	6.729221E+0	6.709000E+0
45.0    	69      	6.180140E+0	3.263499E-4	-5.53E-2   	45.00     	5869.72 	24.7 	33.3 	6.176776E+0	6.642466E-8 	1.182157E+7	5.033223E+2	-1.625540E+0	1.769181E-4	6.741650E+0	6.721466E+0
45.0    	70      	6.171704E+0	1.473255E-3	-3.69E-1   	45.00     	5872.28 	24.7 	33.3 	6.168870E+0	1.877308E-6 	1.183593E+7	2.502665E+3	-1.624850E+0	1.374773E-4	6.733214E+0	6.713560E+0
45.0    	71      	6.167787E+0	5.502929E-4	-7.83E-2   	45.00     	5874.87 	24.7 	33.3 	6.164575E+0	1.837078E-7 	1.184317E+7	8.621678E+2	-1.625383E+0	1.686219E-4	6.729297E+0	6.709265E+0
45.0    	72      	6.183372E+0	3.058966E-3	-1.54E-1   	45.00     	5877.43 	24.7 	33.3 	6.180457E+0	8.232023E-6 	1.181550E+7	5.196152E+3	-1.624913E+0	3.453018E-4	6.744882E+0	6.725147E+0
45.0    	73      	6.190014E+0	1.398099E-3	-1.27E-1   	45.00     	5879.99 	24.7 	33.3 	6.187318E+0	2.058776E-6 	1.180367E+7	2.478575E+3	-1.624587E+0	1.401190E-4	6.751524E+0	6.732008E+0
45.0    	74      	6.172480E+0	2.082504E-3	2.81E-2    	45.00     	5882.56 	24.7 	33.3 	6.169307E+0	5.855353E-6 	1.183487E+7	3.951371E+3	-1.625310E+0	6.518435E-4	6.733990E+0	6.713997E+0
45.0    	75      	6.167151E+0	5.073939E-3	-2.87E-1   	45.00     	5885.13 	24.7 	33.3 	6.164345E+0	2.689193E-5 	1.184393E+7	9.038990E+3	-1.624830E+0	1.802776E-4	6.728661E+0	6.709035E+0
45.0    	76      	6.478659E+0	6.651028E-4	-4.44E-2   	45.00     	5887.70 	24.7 	33.3 	6.476972E+0	2.640901E-7 	1.131823E+7	9.451631E+2	-1.622090E+0	2.523886E-4	7.040169E+0	7.021662E+0
45.0    	77      	7.301876E-1	1.508510E-3	-4.92E-1   	45.00     	5890.27 	24.7 	33.3 	6.084295E-1	4.456641E-7 	6.520377E+7	2.103481E+4	-1.904490E+0	2.488694E-3	1.291698E+0	1.153119E+0
45.0    	78      	7.325040E-1	1.448027E-3	6.17E-2    	45.00     	5892.85 	24.7 	33.3 	6.094212E-1	1.241476E-6 	6.511740E+7	4.707558E+4	-1.905833E+0	2.171413E-3	1.294014E+0	1.154111E+0
45.0    	79      	6.483010E+0	6.606158E-4	-4.93E-4   	45.00     	5895.43 	24.7 	33.3 	6.480951E+0	4.025352E-7 	1.131153E+7	1.021437E+3	-1.622587E+0	3.453018E-4	7.044520E+0	7.025641E+0
45.0    	80      	6.722744E+0	8.808372E-4	-2.16E-1   	45.00     	5897.99 	24.7 	33.3 	6.721489E+0	8.319582E-7 	1.093817E+7	1.342882E+3	-1.620630E+0	2.193171E-4	7.284254E+0	7.266179E+0
45.0    	81      	6.446152E+0	1.650463E-3	-3.16E-1   	45.00     	5900.56 	24.7 	33.3 	6.443735E+0	2.298295E-6 	1.137140E+7	2.570992E+3	-1.623213E+0	2.230097E-4	7.007662E+0	6.988425E+0
45.0    	82      	6.199106E+0	1.257572E-3	-2.10E-1   	45.00     	5903.13 	24.7 	33.3 	6.195955E+0	1.815222E-6 	1.178817E+7	2.267892E+3	-1.625173E+0	2.939955E-4	6.760616E+0	6.740645E+0
45.0    	83      	6.190683E+0	1.044316E-3	2.41E-2    	45.00     	5905.71 	24.7 	33.3 	6.187487E+0	1.181871E-6 	1.180293E+7	1.861003E+3	-1.625270E+0	2.165641E-4	6.752193E+0	6.732177E+0
45.0    	84      	6.241866E+0	1.147321E-3	6.31E-3    	45.00     	5908.27 	24.7 	33.3 	6.238871E+0	1.305185E-6 	1.171383E+7	1.973153E+3	-1.624790E+0	1.053565E-4	6.803376E+0	6.783561E+0
45.0    	85      	6.196638E+0	1.164861E-3	-4.46E-1   	45.00     	5910.84 	24.7 	33.3 	6.193538E+0	1.391495E-6 	1.179243E+7	2.040425E+3	-1.625113E+0	2.829016E-4	6.758148E+0	6.738228E+0
45.0    	86      	6.200417E+0	1.213858E-3	-3.93E-1   	45.00     	5913.41 	24.7 	33.3 	6.197241E+0	1.143773E-6 	1.178590E+7	1.992486E+3	-1.625203E+0	2.010804E-4	6.761927E+0	6.741931E+0
45.0    	87      	6.220494E+0	1.745416E-3	-2.52E-1   	45.00     	5915.98 	24.7 	33.3 	6.217615E+0	3.257736E-6 	1.175070E+7	3.080584E+3	-1.624717E+0	9.504385E-5	6.782004E+0	6.762305E+0
45.0    	88      	6.216573E+0	8.592734E-4	-5.23E-1   	45.00     	5918.55 	24.7 	33.3 	6.213588E+0	6.120872E-7 	1.175760E+7	1.417745E+3	-1.624877E+0	2.581343E-4	6.778083E+0	6.758278E+0
45.0    	89      	6.221377E+0	9.058269E-4	-6.76E-2   	45.00     	5921.14 	24.7 	33.3 	6.218500E+0	8.721225E-7 	1.174917E+7	1.594783E+3	-1.624710E+0	9.165151E-5	6.782887E+0	6.763190E+0
45.0    	90      	6.233557E+0	6.171150E-4	-1.03E-2   	45.00     	5923.71 	24.7 	33.3 	6.230767E+0	2.001674E-7 	1.172800E+7	9.165151E+2	-1.624543E+0	2.610236E-4	6.795067E+0	6.775457E+0
45.0    	91      	6.211450E+0	1.237059E-3	-7.02E-2   	45.00     	5926.28 	24.7 	33.3 	6.208587E+0	1.757099E-6 	1.176640E+7	2.227106E+3	-1.624730E+0	2.042058E-4	6.772960E+0	6.753277E+0
45.0    	92      	6.191460E+0	6.135592E-4	-2.16E-1   	45.00     	5928.85 	24.7 	33.3 	6.188310E+0	2.193015E-7 	1.180153E+7	9.291573E+2	-1.625203E+0	3.421013E-4	6.752970E+0	6.733000E+0
45.0    	93      	6.535542E+0	1.409933E-3	5.27E-2    	45.00     	5931.42 	24.7 	33.3 	6.533475E+0	2.066986E-6 	1.122770E+7	2.253886E+3	-1.622407E+0	1.436431E-4	7.097052E+0	7.078165E+0
45.0    	94      	6.491603E+0	8.852078E-4	-8.62E-2   	45.00     	5934.00 	24.7 	33.3 	6.489710E+0	8.621953E-7 	1.129760E+7	1.452584E+3	-1.622327E+0	1.464013E-4	7.053113E+0	7.034400E+0
45.0    	95      	6.198103E+0	1.615518E-3	-3.10E-1   	45.00     	5936.59 	24.7 	33.3 	6.194859E+0	2.058296E-6 	1.179000E+7	2.662705E+3	-1.625303E+0	2.685765E-4	6.759613E+0	6.739549E+0
45.0    	96      	6.433379E+0	8.636913E-4	-3.79E-1   	45.00     	5939.15 	24.7 	33.3 	6.430953E+0	4.142635E-7 	1.139220E+7	1.228821E+3	-1.623273E+0	2.967041E-4	6.994889E+0	6.975643E+0
45.0    	97      	6.428280E+0	3.419806E-4	-2.12E-1   	45.00     	5941.72 	24.7 	33.3 	6.426044E+0	1.645036E-7 	1.140037E+7	6.027714E+2	-1.623033E+0	1.855622E-4	6.989790E+0	6.970734E+0
45.0    	98      	6.196264E+0	1.592422E-3	-4.25E-1   	45.00     	5944.29 	24.7 	33.3 	6.193073E+0	2.418990E-6 	1.179317E+7	2.750152E+3	-1.625240E+0	9.000000E-5	6.757774E+0	6.737763E+0
45.0    	99      	6.193002E+0	1.699752E-3	1.05E-2    	45.00     	5946.86 	24.7 	33.3 	6.189930E+0	2.079911E-6 	1.179877E+7	2.746513E+3	-1.625090E+0	3.637307E-4	6.754512E+0	6.734620E+0
45.0    	100     	6.223785E+0	2.280838E-3	-1.04E-1   	45.00     	5949.44 	24.7 	33.3 	6.220821E+0	4.710387E-6 	1.174507E+7	3.855299E+3	-1.624820E+0	2.600000E-4	6.785295E+0	6.765511E+0
45.0    	101     	6.189093E+0	4.120292E-4	-1.94E-1   	45.00     	5952.04 	24.7 	33.4 	6.186145E+0	1.720808E-7 	1.180550E+7	7.211103E+2	-1.624937E+0	1.026320E-4	6.750603E+0	6.730835E+0
45.0    	102     	6.211644E+0	1.118431E-3	-1.42E-1   	45.00     	5954.60 	24.7 	33.4 	6.208547E+0	1.554536E-6 	1.176627E+7	2.055075E+3	-1.625050E+0	2.364318E-4	6.773154E+0	6.753237E+0
45.0    	103     	6.199351E+0	1.173553E-3	-9.82E-2   	45.01     	5957.16 	24.7 	33.4 	6.196436E+0	1.544188E-6 	1.178753E+7	2.107922E+3	-1.624850E+0	1.571623E-4	6.760861E+0	6.741126E+0
45.0    	104     	6.201711E+0	3.120898E-4	-4.63E-1   	45.00     	5959.74 	24.7 	33.4 	6.199117E+0	1.295626E-7 	1.178313E+7	5.859465E+2	-1.624400E+0	7.549834E-5	6.763221E+0	6.743807E+0
45.0    	105     	6.213144E+0	1.030420E-3	-2.69E-1   	45.00     	5962.33 	24.7 	33.3 	6.210381E+0	8.578683E-7 	1.176337E+7	1.700980E+3	-1.624587E+0	1.418920E-4	6.774654E+0	6.755071E+0
45.0    	106     	6.216930E+0	5.647921E-4	-3.05E-1   	45.00     	5964.90 	24.7 	33.3 	6.213998E+0	9.833516E-8 	1.175693E+7	7.571878E+2	-1.624803E+0	3.700450E-4	6.778440E+0	6.758688E+0
45.0    	107     	6.232084E+0	1.604592E-3	-1.99E-1   	45.00     	5967.47 	24.7 	33.4 	6.229579E+0	2.291607E-6 	1.173030E+7	2.696294E+3	-1.624157E+0	1.193035E-4	6.793594E+0	6.774269E+0
45.0    	108     	6.202469E+0	1.681262E-3	1.14E-3    	45.00     	5970.03 	24.7 	33.3 	6.199468E+0	2.759224E-6 	1.178217E+7	2.914332E+3	-1.624957E+0	1.101514E-4	6.763979E+0	6.744158E+0
45.0    	109     	6.209452E+0	1.799400E-3	-3.53E-1   	45.00     	5972.61 	24.7 	33.3 	6.205951E+0	2.882433E-6 	1.177043E+7	3.043572E+3	-1.625607E+0	1.404754E-4	6.770962E+0	6.750641E+0
45.0    	110     	6.192831E+0	1.507050E-3	-5.14E-1   	45.00     	5975.18 	24.7 	33.3 	6.189720E+0	1.715501E-6 	1.179910E+7	2.463737E+3	-1.625143E+0	2.650157E-4	6.754341E+0	6.734410E+0
45.0    	111     	6.183933E+0	3.887583E-4	-5.80E-2   	45.00     	5977.76 	24.7 	33.4 	6.180504E+0	2.894960E-7 	1.181497E+7	8.082904E+2	-1.625613E+0	2.454248E-4	6.745443E+0	6.725194E+0
45.0    	112     	6.429588E+0	1.583201E-3	1.20E-1    	45.00     	5980.34 	24.7 	33.3 	6.427472E+0	2.823262E-6 	1.139813E+7	2.663331E+3	-1.622863E+0	1.644182E-4	6.991098E+0	6.972162E+0
45.0    	113     	6.414429E+0	1.285361E-3	-1.37E-1   	45.00     	5982.90 	24.7 	33.3 	6.411868E+0	1.570473E-6 	1.142330E+7	2.080865E+3	-1.623530E+0	9.643651E-5	6.975939E+0	6.956558E+0
45.0    	114     	6.184614E+0	1.149646E-3	-1.20E-1   	45.00     	5985.48 	24.7 	33.3 	6.181229E+0	1.185414E-6 	1.181373E+7	1.962991E+3	-1.625550E+0	7.810250E-5	6.746124E+0	6.725919E+0
45.0    	115     	6.181038E+0	5.502102E-4	-3.08E-1   	45.00     	5988.06 	24.7 	33.3 	6.177587E+0	3.220380E-8 	1.182007E+7	6.350853E+2	-1.625653E+0	5.159780E-4	6.742548E+0	6.722277E+0
45.0    	116     	6.204696E+0	4.817995E-4	-2.33E-2   	45.00     	5990.62 	24.7 	33.3 	6.201293E+0	1.938325E-7 	1.177863E+7	8.020806E+2	-1.625493E+0	9.609024E-5	6.766206E+0	6.745983E+0
45.0    	117     	6.178052E+0	1.163301E-3	-5.98E-1   	45.00     	5993.19 	24.7 	33.3 	6.174841E+0	1.451567E-6 	1.182510E+7	2.080865E+3	-1.625340E+0	6.244998E-5	6.739562E+0	6.719531E+0
45.0    	118     	6.196777E+0	2.285817E-3	-3.47E-1   	45.00     	5995.78 	24.7 	33.3 	6.193743E+0	5.023362E-6 	1.179213E+7	3.951371E+3	-1.625023E+0	2.916048E-4	6.758287E+0	6.738433E+0
45.0    	119     	6.184266E+0	6.059539E-4	-1.13E-1   	45.00     	5998.35 	24.7 	33.3 	6.181424E+0	3.766422E-7 	1.181387E+7	1.069268E+3	-1.624810E+0	4.000000E-5	6.745776E+0	6.726114E+0
45.0    	120     	6.191832E+0	1.250759E-3	-3.68E-1   	45.00     	6000.90 	24.7 	33.3 	6.188890E+0	1.856758E-6 	1.180070E+7	2.286919E+3	-1.624917E+0	1.616581E-4	6.753342E+0	6.733580E+0
45.0    	121     	6.201753E+0	9.712411E-4	-3.69E-1   	45.00     	6003.48 	24.7 	33.3 	6.198846E+0	8.574444E-7 	1.178333E+7	1.650253E+3	-1.624830E+0	2.066398E-4	6.763263E+0	6.743536E+0
45.0    	122     	6.198590E+0	9.609500E-4	1.09E-1    	45.00     	6006.05 	24.7 	33.3 	6.195631E+0	7.781688E-7 	1.178890E+7	1.609348E+3	-1.624913E+0	1.050397E-4	6.760100E+0	6.740321E+0
45.0    	123     	6.212650E+0	5.346139E-4	-2.88E-1   	45.00     	6008.63 	24.7 	33.3 	6.209801E+0	2.406118E-7 	1.176430E+7	8.888194E+2	-1.624707E+0	1.209683E-4	6.774160E+0	6.754491E+0
45.0    	124     	6.206159E+0	3.523434E-4	-4.20E-1   	45.00     	6011.21 	24.7 	33.3 	6.203195E+0	2.203320E-7 	1.177570E+7	7.000000E+2	-1.624890E+0	2.861818E-4	6.767669E+0	6.747885E+0
45.0    	125     	6.182946E+0	3.013213E-4	-5.16E-3   	45.00     	6013.78 	24.7 	33.3 	6.179552E+0	4.664629E-8 	1.181667E+7	4.509250E+2	-1.625570E+0	1.385641E-4	6.744456E+0	6.724242E+0
45.0    	126     	6.178291E+0	2.374756E-3	-1.10E-1   	45.00     	6016.35 	24.7 	33.3 	6.174982E+0	5.680639E-6 	1.182477E+7	4.178915E+3	-1.625473E+0	1.357694E-4	6.739801E+0	6.719672E+0
45.0    	127     	6.180857E+0	6.242806E-4	-4.83E-1   	45.00     	6018.91 	24.7 	33.3 	6.177577E+0	3.559524E-7 	1.182023E+7	1.069268E+3	-1.625423E+0	1.171893E-4	6.742367E+0	6.722267E+0
45.0    	128     	6.399690E+0	1.330111E-3	-3.46E-1   	45.00     	6021.49 	24.7 	33.3 	6.397033E+0	1.566308E-6 	1.144760E+7	2.116601E+3	-1.623717E+0	3.407834E-4	6.961200E+0	6.941723E+0
45.0    	129     	6.396517E+0	1.201622E-3	-3.92E-1   	45.00     	6024.06 	24.7 	33.3 	6.394298E+0	1.283004E-6 	1.145247E+7	1.921805E+3	-1.623130E+0	1.637071E-4	6.958027E+0	6.938988E+0
45.0    	130     	6.184961E+0	1.090070E-3	-3.50E-1   	45.00     	6026.62 	24.7 	33.3 	6.181681E+0	1.247064E-6 	1.181303E+7	1.934770E+3	-1.625407E+0	4.163332E-5	6.746471E+0	6.726371E+0
45.0    	131     	6.178383E+0	1.610567E-3	-3.22E-1   	45.00     	6029.20 	24.7 	33.3 	6.175345E+0	2.376461E-6 	1.182437E+7	2.768273E+3	-1.625103E+0	1.401190E-4	6.739893E+0	6.720035E+0
45.0    	132     	6.190848E+0	1.519589E-3	-1.73E-1   	45.00     	6031.77 	24.7 	33.3 	6.187741E+0	1.946945E-6 	1.180257E+7	2.550163E+3	-1.625147E+0	1.965536E-4	6.752358E+0	6.732431E+0
45.0    	133     	6.180217E+0	5.529295E-4	9.78E-2    	45.00     	6034.35 	24.7 	33.3 	6.177192E+0	6.737835E-7 	1.182113E+7	1.205543E+3	-1.625077E+0	3.763420E-4	6.741727E+0	6.721882E+0
45.0    	134     	6.201678E+0	2.630092E-3	-1.96E-1   	45.00     	6036.92 	24.7 	33.3 	6.198579E+0	6.758579E-6 	1.178363E+7	4.562163E+3	-1.625093E+0	4.509250E-5	6.763188E+0	6.743269E+0
45.0    	135     	6.192836E+0	1.701031E-3	-1.29E-1   	45.00     	6039.47 	24.7 	33.3 	6.189906E+0	2.360590E-6 	1.179893E+7	2.829016E+3	-1.624897E+0	2.858904E-4	6.754346E+0	6.734596E+0
45.0    	136     	6.166076E+0	1.119676E-3	-3.01E-1   	45.00     	6042.08 	24.7 	33.3 	6.163147E+0	1.211517E-6 	1.184593E+7	1.955335E+3	-1.625003E+0	1.537314E-4	6.727586E+0	6.707837E+0
45.0    	137     	6.165357E+0	3.062902E-4	-2.62E-1   	45.00     	6044.65 	24.7 	33.3 	6.162542E+0	8.752578E-8 	1.184710E+7	5.291503E+2	-1.624850E+0	7.000000E-5	6.726867E+0	6.707232E+0
45.0    	138     	6.198077E+0	1.032106E-3	1.39E-1    	45.00     	6047.19 	24.7 	33.3 	6.195076E+0	1.399958E-6 	1.178983E+7	1.934770E+3	-1.624973E+0	2.112660E-4	6.759587E+0	6.739766E+0
45.0    	139     	6.210383E+0	1.193723E-3	-3.14E-1   	45.00     	6049.77 	24.7 	33.3 	6.207585E+0	1.613132E-6 	1.176820E+7	2.137756E+3	-1.624647E+0	2.837840E-4	6.771893E+0	6.752275E+0
45.0    	140     	6.202330E+0	6.738659E-4	-2.31E-1   	45.00     	6052.34 	24.7 	33.3 	6.199491E+0	7.210092E-7 	1.178227E+7	1.320353E+3	-1.624733E+0	3.370954E-4	6.763840E+0	6.744181E+0
45.0    	141     	6.176412E+0	8.731110E-4	-1.26E-1   	45.00     	6054.92 	24.7 	33.3 	6.173143E+0	9.535705E-7 	1.182803E+7	1.625833E+3	-1.625427E+0	1.464013E-4	6.737922E+0	6.717833E+0
45.0    	142     	6.174458E+0	3.648460E-4	-1.30E-1   	45.00     	6057.48 	24.7 	33.3 	6.171458E+0	9.800281E-8 	1.183123E+7	5.859465E+2	-1.625067E+0	1.844813E-4	6.735968E+0	6.716148E+0
45.0    	143     	6.178540E+0	1.949112E-3	-2.02E-1   	45.00     	6060.05 	24.7 	33.3 	6.175340E+0	4.250972E-6 	1.182423E+7	3.523256E+3	-1.625323E+0	1.686219E-4	6.740050E+0	6.720030E+0
45.0    	144     	6.393835E+0	1.804824E-3	-7.13E-2   	45.00     	6062.62 	24.7 	33.3 	6.391562E+0	3.088686E-6 	1.145693E+7	2.936551E+3	-1.623213E+0	1.789786E-4	6.955345E+0	6.936252E+0
45.0    	145     	6.400155E+0	2.059738E-3	-1.16E-1   	45.00     	6065.20 	24.7 	33.3 	6.397783E+0	4.491840E-6 	1.144660E+7	3.439477E+3	-1.623327E+0	1.887679E-4	6.961665E+0	6.942473E+0
45.0    	146     	6.180599E+0	2.360224E-3	-3.31E-3   	45.00     	6067.76 	24.7 	33.3 	6.177002E+0	5.431587E-6 	1.182097E+7	4.118657E+3	-1.625853E+0	1.069268E-4	6.742109E+0	6.721692E+0
45.0    	147     	6.180374E+0	4.397364E-4	-3.51E-1   	45.00     	6070.33 	24.7 	33.3 	6.176997E+0	1.795894E-7 	1.182117E+7	7.505553E+2	-1.625557E+0	1.662328E-4	6.741884E+0	6.721687E+0
45.0    	148     	6.468196E+0	1.357133E-3	-2.91E-1   	45.00     	6072.92 	24.7 	33.3 	6.466511E+0	1.897627E-6 	1.133510E+7	2.206808E+3	-1.622127E+0	1.096966E-4	7.029706E+0	7.011201E+0
45.0    	149     	6.184653E+0	1.278182E-3	-2.23E-1   	45.00     	6075.48 	24.7 	33.3 	6.181305E+0	1.633109E-6 	1.181363E+7	2.236813E+3	-1.625500E+0	2.193171E-4	6.746163E+0	6.725995E+0
45.0    	150     	6.195012E+0	1.283538E-3	-4.39E-2   	45.00     	6078.06 	24.7 	33.3 	6.191998E+0	1.697115E-6 	1.179520E+7	2.260531E+3	-1.625003E+0	4.163332E-5	6.756522E+0	6.736688E+0
45.0    	151     	6.207429E+0	3.653687E-3	-1.07E-1   	45.00     	6080.62 	24.7 	33.3 	6.204454E+0	1.335059E-5 	1.177350E+7	6.366318E+3	-1.624900E+0	2.645751E-5	6.768939E+0	6.749144E+0
45.0    	152     	6.193893E+0	8.182533E-4	-1.45E-1   	45.00     	6083.21 	24.7 	33.3 	6.190906E+0	7.236748E-7 	1.179713E+7	1.457166E+3	-1.624970E+0	1.352775E-4	6.755403E+0	6.735596E+0
45.0    	153     	6.192427E+0	1.600342E-3	-1.41E-1   	45.00     	6085.77 	24.7 	33.3 	6.189362E+0	2.052629E-6 	1.179977E+7	2.650157E+3	-1.625083E+0	3.043572E-4	6.753937E+0	6.734052E+0
45.0    	154     	6.203587E+0	1.744519E-3	-4.53E-2   	45.00     	6088.37 	24.7 	33.3 	6.200643E+0	2.463432E-6 	1.178017E+7	2.888483E+3	-1.624873E+0	2.702468E-4	6.765097E+0	6.745333E+0
45.0    	155     	6.213342E+0	1.936172E-3	-8.39E-2   	45.00     	6090.93 	24.7 	33.3 	6.210184E+0	4.131932E-6 	1.176337E+7	3.450121E+3	-1.625127E+0	1.778576E-4	6.774852E+0	6.754874E+0
45.0    	156     	6.183370E+0	1.935238E-4	-5.16E-2   	45.00     	6093.49 	24.7 	33.3 	6.180041E+0	7.202495E-8 	1.181587E+7	4.041452E+2	-1.625480E+0	1.126943E-4	6.744880E+0	6.724731E+0
45.0    	157     	6.173269E+0	1.768500E-3	-2.81E-1   	45.00     	6096.07 	24.7 	33.3 	6.169200E+0	7.422824E-8 	1.183427E+7	1.365040E+3	-1.626477E+0	2.625535E-3	6.734779E+0	6.713890E+0
45.0    	158     	6.174363E+0	7.045587E-4	-4.07E-1   	45.00     	6098.66 	24.7 	33.3 	6.171174E+0	5.536516E-7 	1.183157E+7	1.274101E+3	-1.625327E+0	5.859465E-5	6.735873E+0	6.715864E+0
45.0    	159     	6.178329E+0	1.521995E-3	-1.04E-1   	45.00     	6101.24 	24.7 	33.3 	6.174830E+0	2.080393E-6 	1.182487E+7	2.602563E+3	-1.625730E+0	1.752142E-4	6.739839E+0	6.719520E+0
45.0    	160     	6.390057E+0	8.008816E-4	-3.24E-1   	45.00     	6103.85 	24.7 	33.3 	6.387584E+0	7.730889E-7 	1.146333E+7	1.386843E+3	-1.623503E+0	1.234234E-4	6.951567E+0	6.932274E+0
45.0    	161     	6.399908E+0	7.369432E-4	-3.15E-1   	45.00     	6106.38 	24.7 	33.3 	6.397665E+0	4.412341E-7 	1.144690E+7	1.153256E+3	-1.623150E+0	1.058301E-4	6.961418E+0	6.942355E+0
45.0    	162     	6.185408E+0	9.362051E-4	-1.41E-1   	45.00     	6108.95 	24.7 	33.3 	6.182183E+0	7.376136E-7 	1.181220E+7	1.571623E+3	-1.625330E+0	1.600000E-4	6.746918E+0	6.726873E+0
45.0    	163     	6.465321E+0	1.959616E-3	6.13E-2    	45.00     	6111.53 	24.7 	33.3 	6.463237E+0	4.169711E-6 	1.134007E+7	3.233162E+3	-1.622687E+0	1.205543E-4	7.026831E+0	7.007927E+0
45.0    	164     	7.316243E-1	3.558298E-4	-3.16E-1   	45.00     	6114.10 	24.7 	33.3 	6.053446E-1	2.288260E-7 	6.525487E+7	2.225316E+4	-1.909917E+0	2.542309E-4	1.293134E+0	1.150035E+0
45.0    	165     	6.463172E+0	5.042281E-4	-1.28E-1   	45.00     	6116.67 	24.7 	33.3 	6.461096E+0	2.009330E-7 	1.134353E+7	7.571878E+2	-1.622683E+0	2.490649E-4	7.024682E+0	7.005786E+0
45.0    	166     	6.185946E+0	3.741374E-4	-8.17E-2   	45.00     	6119.23 	24.7 	33.3 	6.182900E+0	1.250540E-7 	1.181110E+7	6.244998E+2	-1.625083E+0	2.042874E-4	6.747456E+0	6.727590E+0
45.0    	167     	6.196365E+0	5.852633E-4	-6.18E-2   	45.01     	6121.81 	24.7 	33.3 	6.193391E+0	3.769086E-7 	1.179280E+7	1.044031E+3	-1.624943E+0	1.457166E-4	6.757875E+0	6.738081E+0
45.0    	168     	6.214401E+0	2.635986E-3	-3.19E-2   	45.00     	6124.39 	24.7 	33.3 	6.211349E+0	7.093521E-6 	1.176143E+7	4.605793E+3	-1.624977E+0	6.429101E-5	6.775911E+0	6.756039E+0
45.0    	169     	6.217082E+0	1.096836E-4	-4.61E-1   	45.00     	6126.96 	24.7 	33.3 	6.214115E+0	4.010994E-8 	1.175670E+7	2.645751E+2	-1.624850E+0	1.473092E-4	6.778592E+0	6.758805E+0
45.0    	170     	6.213313E+0	2.544019E-3	-4.58E-1   	45.00     	6129.53 	24.7 	33.3 	6.210443E+0	6.338481E-6 	1.176317E+7	4.400379E+3	-1.624733E+0	8.736895E-5	6.774823E+0	6.755133E+0
45.0    	171     	6.195367E+0	2.019091E-3	-3.63E-1   	45.00     	6132.10 	24.7 	33.3 	6.192407E+0	3.928838E-6 	1.179453E+7	3.493327E+3	-1.624927E+0	2.713546E-4	6.756877E+0	6.737097E+0
45.0    	172     	6.173270E+0	9.287685E-4	-3.69E-1   	45.00     	6134.68 	24.7 	33.3 	6.170107E+0	8.211892E-7 	1.183347E+7	1.607275E+3	-1.625293E+0	2.386071E-4	6.734780E+0	6.714797E+0
45.0    	173     	6.175636E+0	5.590778E-4	3.69E-2    	45.00     	6137.27 	24.7 	33.3 	6.172251E+0	2.337576E-7 	1.182950E+7	9.165151E+2	-1.625587E+0	1.021437E-4	6.737146E+0	6.716941E+0
45.0    	174     	6.171204E+0	2.587572E-3	-6.63E-2   	45.00     	6139.84 	24.7 	33.3 	6.168084E+0	5.735047E-6 	1.183707E+7	4.384442E+3	-1.625243E+0	2.871121E-4	6.732714E+0	6.712774E+0
45.0    	175     	6.182491E+0	1.362113E-3	-3.27E-1   	45.00     	6142.39 	24.7 	33.3 	6.179514E+0	1.758787E-6 	1.181710E+7	2.357965E+3	-1.625003E+0	1.106044E-4	6.744001E+0	6.724204E+0
45.0    	176     	6.389933E+0	9.186800E-4	-8.44E-2   	45.00     	6145.00 	24.7 	33.3 	6.387506E+0	7.929045E-7 	1.146350E+7	1.493318E+3	-1.623440E+0	6.244998E-5	6.951443E+0	6.932196E+0
45.0    	177     	6.397311E+0	1.998964E-3	5.82E-2    	45.00     	6147.54 	24.7 	33.3 	6.395082E+0	4.590460E-6 	1.145117E+7	3.412233E+3	-1.623140E+0	2.051828E-4	6.958821E+0	6.939772E+0
45.0    	178     	6.190749E+0	2.719291E-4	-2.21E-1   	45.00     	6150.11 	24.7 	33.3 	6.187650E+0	1.049488E-7 	1.180273E+7	5.033223E+2	-1.625137E+0	2.250185E-4	6.752259E+0	6.732340E+0
45.0    	179     	6.188435E+0	1.920444E-3	3.73E-2    	45.00     	6152.69 	24.7 	33.3 	6.185509E+0	3.778781E-6 	1.180663E+7	3.384277E+3	-1.624910E+0	4.358899E-5	6.749945E+0	6.730199E+0
45.0    	180     	6.462647E+0	5.859581E-4	-1.94E-1   	45.00     	6155.27 	24.7 	33.3 	6.461208E+0	4.373505E-7 	1.134387E+7	1.001665E+3	-1.621803E+0	2.300725E-4	7.024157E+0	7.005898E+0
45.0    	181     	6.189050E+0	2.750829E-3	-1.60E-1   	45.00     	6157.84 	24.7 	33.3 	6.186189E+0	7.015660E-6 	1.180550E+7	4.728636E+3	-1.624817E+0	1.700980E-4	6.750560E+0	6.730879E+0
45.0    	182     	6.175763E+0	2.008477E-3	-1.29E-1   	45.00     	6160.40 	24.7 	33.3 	6.172655E+0	3.827861E-6 	1.182903E+7	3.484729E+3	-1.625210E+0	1.374773E-4	6.737273E+0	6.717345E+0
45.0    	183     	6.182747E+0	1.286115E-3	-2.07E-3   	45.00     	6162.97 	24.7 	33.3 	6.179789E+0	1.526243E-6 	1.181663E+7	2.212088E+3	-1.624977E+0	6.506407E-5	6.744257E+0	6.724479E+0
45.0    	184     	6.178059E+0	1.267763E-3	-3.88E-1   	45.01     	6165.56 	24.7 	33.3 	6.174910E+0	1.205232E-6 	1.182503E+7	2.074448E+3	-1.625257E+0	2.956913E-4	6.739569E+0	6.719600E+0
45.0    	185     	6.181091E+0	7.314715E-4	-1.76E-1   	45.00     	6168.12 	24.7 	33.3 	6.178406E+0	4.224518E-7 	1.181930E+7	1.212436E+3	-1.624607E+0	1.115049E-4	6.742601E+0	6.723096E+0
45.0    	186     	6.184602E+0	6.242445E-4	-2.01E-1   	45.00     	6170.69 	24.7 	33.3 	6.182038E+0	2.767870E-7 	1.181303E+7	1.001665E+3	-1.624427E+0	2.281082E-4	6.746112E+0	6.726728E+0
45.0    	187     	6.178597E+0	1.296877E-3	-2.18E-1   	45.00     	6173.26 	24.7 	33.3 	6.175927E+0	1.668216E-6 	1.182367E+7	2.272297E+3	-1.624597E+0	1.285820E-4	6.740107E+0	6.720617E+0
45.0    	188     	6.177740E+0	1.631242E-3	-3.19E-1   	45.00     	6175.82 	24.7 	33.3 	6.174584E+0	2.629350E-6 	1.182560E+7	2.858321E+3	-1.625267E+0	5.033223E-5	6.739250E+0	6.719274E+0
45.0    	189     	6.170284E+0	1.089055E-3	8.75E-2    	45.00     	6178.40 	24.7 	33.3 	6.167413E+0	1.254217E-6 	1.183847E+7	1.942507E+3	-1.624907E+0	1.700980E-4	6.731794E+0	6.712103E+0
45.0    	190     	6.176443E+0	8.240381E-4	-4.25E-1   	45.00     	6180.98 	24.7 	33.3 	6.173643E+0	7.061465E-7 	1.182757E+7	1.450287E+3	-1.624783E+0	3.008876E-4	6.737953E+0	6.718333E+0
45.0    	191     	6.182484E+0	1.246980E-3	-5.01E-1   	45.00     	6183.55 	24.7 	33.3 	6.179217E+0	1.436497E-6 	1.181737E+7	2.145538E+3	-1.625400E+0	6.082763E-5	6.743994E+0	6.723907E+0
45.0    	192     	6.396005E+0	2.127876E-3	2.95E-2    	45.00     	6186.12 	24.7 	33.3 	6.393678E+0	4.753798E-6 	1.145340E+7	3.551056E+3	-1.623280E+0	8.000000E-5	6.957515E+0	6.938368E+0
45.0    	193     	6.392309E+0	8.160837E-4	-4.49E-1   	45.00     	6188.69 	24.7 	33.3 	6.390299E+0	8.178805E-7 	1.145923E+7	1.418920E+3	-1.622857E+0	1.436431E-4	6.953819E+0	6.934989E+0
45.0    	194     	6.187680E+0	1.655610E-3	-1.79E-1   	45.00     	6191.28 	24.7 	33.3 	6.184780E+0	2.503566E-6 	1.180793E+7	2.836077E+3	-1.624877E+0	1.386843E-4	6.749190E+0	6.729470E+0
45.0    	195     	6.185090E+0	7.226419E-4	-4.99E-1   	45.00     	6193.84 	24.7 	33.3 	6.182045E+0	4.397395E-7 	1.181260E+7	1.212436E+3	-1.625087E+0	1.429452E-4	6.746600E+0	6.726735E+0
45.0    	196     	6.183943E+0	7.493574E-4	-2.41E-1   	45.00     	6196.41 	24.7 	33.3 	6.180835E+0	6.514585E-7 	1.181467E+7	1.365040E+3	-1.625177E+0	8.621678E-5	6.745453E+0	6.725525E+0
45.0    	197     	6.173544E+0	2.178561E-3	-1.83E-1   	45.00     	6199.00 	24.7 	33.3 	6.170364E+0	4.900447E-6 	1.183300E+7	3.858756E+3	-1.625317E+0	3.280752E-4	6.735054E+0	6.715054E+0
45.0    	198     	6.188508E+0	1.807481E-3	-3.47E-1   	45.00     	6201.55 	24.7 	33.3 	6.185703E+0	3.749509E-6 	1.180640E+7	3.278719E+3	-1.624743E+0	1.921805E-4	6.750018E+0	6.730393E+0
45.0    	199     	6.185829E+0	1.553454E-3	-4.36E-1   	45.00     	6204.11 	24.7 	33.3 	6.183017E+0	2.761005E-6 	1.181110E+7	2.816026E+3	-1.624763E+0	2.227854E-4	6.747339E+0	6.727707E+0
45.0    	200     	6.174870E+0	1.132815E-3	-3.99E-1   	45.00     	6206.70 	24.7 	33.3 	6.172258E+0	1.612997E-6 	1.183017E+7	2.112660E+3	-1.624530E+0	2.080865E-4	6.736380E+0	6.716948E+0
45.0    	201     	6.175259E+0	1.111594E-3	-1.53E-1   	45.00     	6209.27 	24.7 	33.3 	6.172400E+0	1.374223E-6 	1.182970E+7	2.007486E+3	-1.624870E+0	1.153256E-4	6.736769E+0	6.717090E+0
45.0    	202     	6.183859E+0	3.776072E-4	-3.04E-1   	45.00     	6211.85 	24.7 	33.3 	6.181185E+0	1.536302E-7 	1.181443E+7	6.658328E+2	-1.624580E+0	1.752142E-4	6.745369E+0	6.725875E+0
45.0    	203     	6.187263E+0	2.463418E-3	-2.16E-1   	45.00     	6214.40 	24.7 	33.4 	6.184475E+0	6.533957E-6 	1.180857E+7	4.398106E+3	-1.624723E+0	1.686219E-4	6.748773E+0	6.729165E+0
45.0    	204     	6.171886E+0	5.008897E-4	-2.93E-1   	45.00     	6216.97 	24.7 	33.4 	6.168991E+0	1.781474E-7 	1.183567E+7	8.082904E+2	-1.624933E+0	1.644182E-4	6.733396E+0	6.713681E+0
45.0    	205     	6.173082E+0	9.051403E-4	-1.77E-1   	45.00     	6219.56 	24.7 	33.4 	6.169954E+0	9.680907E-7 	1.183377E+7	1.644182E+3	-1.625247E+0	3.931073E-4	6.734592E+0	6.714644E+0
45.0    	206     	6.178520E+0	1.956059E-3	-1.56E-1   	45.00     	6222.12 	24.7 	33.4 	6.175852E+0	3.241167E-6 	1.182380E+7	3.296968E+3	-1.624593E+0	2.731910E-4	6.740030E+0	6.720542E+0
45.0    	207     	6.187028E+0	8.935590E-4	1.13E-1    	45.00     	6224.69 	24.7 	33.4 	6.183910E+0	9.067145E-7 	1.180927E+7	1.616581E+3	-1.625177E+0	1.123981E-4	6.748538E+0	6.728600E+0
45.0    	208     	6.390847E+0	9.123319E-4	-1.21E-2   	45.00     	6227.26 	24.7 	33.4 	6.388973E+0	6.603238E-7 	1.146153E+7	1.422439E+3	-1.622673E+0	1.650253E-4	6.952357E+0	6.933663E+0
45.0    	209     	6.406144E+0	1.314917E-3	-3.23E-1   	45.00     	6229.85 	24.7 	33.4 	6.404356E+0	1.705119E-6 	1.143627E+7	2.150194E+3	-1.622497E+0	2.050203E-4	6.967654E+0	6.949046E+0
45.0    	210     	6.185390E+0	1.596361E-3	4.10E-2    	45.00     	6232.40 	24.7 	33.4 	6.182392E+0	2.690772E-6 	1.181203E+7	2.836077E+3	-1.625020E+0	1.734935E-4	6.746900E+0	6.727082E+0
45.0    	211     	6.189071E+0	2.071585E-3	-2.39E-1   	45.00     	6234.98 	24.7 	33.4 	6.186092E+0	4.409896E-6 	1.180557E+7	3.652853E+3	-1.624980E+0	8.544004E-5	6.750581E+0	6.730782E+0
45.0    	212     	6.182210E+0	1.464875E-3	-4.83E-1   	45.00     	6237.56 	24.7 	33.4 	6.179642E+0	1.925628E-6 	1.181723E+7	2.500667E+3	-1.624440E+0	2.007486E-4	6.743720E+0	6.724332E+0
45.0    	213     	6.184882E+0	1.414304E-3	-3.31E-1   	45.00     	6240.14 	24.7 	33.4 	6.182177E+0	1.793168E-6 	1.181267E+7	2.413158E+3	-1.624620E+0	1.300000E-4	6.746392E+0	6.726867E+0
45.0    	214     	6.180795E+0	1.314032E-3	-2.66E-1   	45.00     	6242.70 	24.7 	33.4 	6.177678E+0	2.016892E-6 	1.182020E+7	2.389561E+3	-1.625200E+0	3.819686E-4	6.742305E+0	6.722368E+0
45.0    	215     	6.180266E+0	1.183511E-3	-3.20E-1   	45.00     	6245.30 	24.7 	33.4 	6.177181E+0	1.505609E-6 	1.182110E+7	2.116601E+3	-1.625160E+0	7.211103E-5	6.741776E+0	6.721871E+0
45.0    	216     	6.187411E+0	1.306465E-3	-8.30E-2   	45.00     	6247.87 	24.7 	33.4 	6.184782E+0	1.504474E-6 	1.180817E+7	2.218859E+3	-1.624503E+0	1.101514E-4	6.748921E+0	6.729472E+0
45.0    	217     	6.186558E+0	1.539380E-3	-4.03E-1   	45.00     	6250.44 	24.7 	33.4 	6.183848E+0	2.388171E-6 	1.180973E+7	2.702468E+3	-1.624620E+0	1.044031E-4	6.748068E+0	6.728538E+0
45.0    	218     	6.178815E+0	2.456298E-4	-3.59E-1   	45.00     	6253.05 	24.7 	33.4 	6.175785E+0	4.139427E-8 	1.182360E+7	3.605551E+2	-1.625090E+0	2.551470E-4	6.740325E+0	6.720475E+0
45.0    	219     	6.174991E+0	4.759785E-4	-9.36E-2   	45.01     	6255.58 	24.7 	33.4 	6.171985E+0	2.073957E-7 	1.183030E+7	8.185353E+2	-1.625073E+0	5.131601E-5	6.736501E+0	6.716675E+0
45.0    	220     	6.181567E+0	8.139194E-4	-4.52E-2   	45.00     	6258.16 	24.7 	33.4 	6.178842E+0	4.855965E-7 	1.181850E+7	1.322876E+3	-1.624660E+0	2.100000E-4	6.743077E+0	6.723532E+0
45.0    	221     	6.181092E+0	4.539859E-4	-2.31E-1   	45.00     	6260.73 	24.7 	33.4 	6.178405E+0	3.482377E-7 	1.181930E+7	9.165151E+2	-1.624610E+0	1.907878E-4	6.742602E+0	6.723095E+0
45.0    	222     	6.184493E+0	8.069809E-4	-3.08E-1   	45.00     	6263.31 	24.7 	33.4 	6.181767E+0	7.456667E-7 	1.181337E+7	1.464013E+3	-1.624650E+0	1.113553E-4	6.746003E+0	6.726457E+0
45.0    	223     	6.183171E+0	1.476357E-3	-2.00E-1   	45.00     	6265.86 	24.7 	33.4 	6.180201E+0	2.174409E-6 	1.181590E+7	2.586503E+3	-1.624990E+0	1.587451E-4	6.744681E+0	6.724891E+0
45.0    	224     	6.392823E+0	1.396975E-3	-4.27E-2   	45.00     	6268.45 	24.7 	33.4 	6.390594E+0	2.099894E-6 	1.145857E+7	2.345918E+3	-1.623157E+0	1.892969E-4	6.954333E+0	6.935284E+0
45.0    	225     	6.402167E+0	2.424976E-3	-5.86E-2   	45.00     	6271.03 	24.7 	33.4 	6.400024E+0	5.649566E-6 	1.144310E+7	3.950949E+3	-1.623003E+0	1.115049E-4	6.963677E+0	6.944714E+0
45.0    	226     	6.192552E+0	2.771530E-4	-2.67E-1   	45.00     	6273.60 	24.7 	33.4 	6.189655E+0	1.151493E-7 	1.179940E+7	5.196152E+2	-1.624853E+0	2.421432E-4	6.754062E+0	6.734345E+0
45.0    	227     	6.188733E+0	7.768909E-4	-2.36E-2   	45.00     	6276.20 	24.7 	33.4 	6.185972E+0	3.851442E-7 	1.180597E+7	1.222020E+3	-1.624680E+0	2.351595E-4	6.750243E+0	6.730662E+0
45.0    	228     	6.191183E+0	1.722891E-3	-2.97E-1   	45.00     	6278.76 	24.7 	33.4 	6.188510E+0	2.731262E-6 	1.180160E+7	2.951271E+3	-1.624550E+0	2.007486E-4	6.752693E+0	6.733200E+0
45.0    	229     	6.189006E+0	1.792452E-3	-2.90E-1   	45.00     	6281.32 	24.7 	33.4 	6.186119E+0	3.366811E-6 	1.180560E+7	3.176476E+3	-1.624853E+0	9.865766E-5	6.750516E+0	6.730809E+0
45.0    	230     	6.184955E+0	6.752201E-4	-1.81E-1   	45.00     	6283.89 	24.7 	33.4 	6.182256E+0	4.204279E-7 	1.181253E+7	1.154701E+3	-1.624610E+0	1.833030E-4	6.746465E+0	6.726946E+0
45.0    	231     	6.186680E+0	1.472823E-3	-2.63E-1   	45.00     	6286.45 	24.7 	33.4 	6.183954E+0	2.983933E-6 	1.180953E+7	2.804164E+3	-1.624640E+0	3.593049E-4	6.748190E+0	6.728644E+0
45.0    	232     	6.187562E+0	1.007995E-3	-4.24E-1   	45.00     	6289.02 	24.7 	33.4 	6.184974E+0	9.803987E-7 	1.180787E+7	1.750238E+3	-1.624447E+0	4.509250E-5	6.749072E+0	6.729664E+0
45.0    	233     	6.184610E+0	1.455807E-4	-4.49E-2   	45.00     	6291.60 	24.7 	33.4 	6.181802E+0	4.120169E-8 	1.181323E+7	3.055050E+2	-1.624763E+0	8.144528E-5	6.746120E+0	6.726492E+0
45.0    	234     	6.185395E+0	3.057270E-4	-3.81E-1   	45.00     	6294.17 	24.7 	33.4 	6.182766E+0	8.304573E-8 	1.181170E+7	5.196152E+2	-1.624513E+0	5.507571E-5	6.746905E+0	6.727456E+0
45.0    	235     	6.181267E+0	1.011392E-3	-3.09E-1   	45.00     	6296.75 	24.7 	33.4 	6.178572E+0	9.591436E-7 	1.181900E+7	1.743560E+3	-1.624620E+0	1.852026E-4	6.742777E+0	6.723262E+0
45.0    	236     	6.185935E+0	1.125351E-3	-1.49E-1   	45.00     	6299.33 	24.7 	33.4 	6.183139E+0	1.562559E-6 	1.181090E+7	2.080865E+3	-1.624740E+0	2.151743E-4	6.747445E+0	6.727829E+0
45.0    	237     	6.187335E+0	1.605813E-3	1.21E-1    	45.00     	6301.90 	24.7 	33.4 	6.184402E+0	2.607311E-6 	1.180857E+7	2.821938E+3	-1.624923E+0	3.785939E-5	6.748845E+0	6.729092E+0
45.0    	238     	6.184322E+0	1.109461E-3	-3.69E-1   	45.00     	6304.47 	24.7 	33.4 	6.181179E+0	1.307785E-6 	1.181403E+7	1.975686E+3	-1.625223E+0	5.859465E-5	6.745832E+0	6.725869E+0
45.0    	239     	6.185265E+0	1.089192E-3	-4.18E-1   	45.00     	6307.04 	24.7 	33.4 	6.182516E+0	1.586265E-6 	1.181203E+7	2.050203E+3	-1.624677E+0	3.852705E-4	6.746775E+0	6.727206E+0
45.0    	240     	6.394327E+0	7.089433E-5	4.12E-2    	45.00     	6309.62 	24.7 	33.4 	6.392403E+0	5.427095E-9 	1.145583E+7	5.773503E+1	-1.622730E+0	1.752142E-4	6.955837E+0	6.937093E+0
45.0    	241     	6.633229E+0	1.334530E-3	1.04E-1    	45.01     	6312.18 	24.7 	33.4 	6.632141E+0	1.366453E-6 	1.107430E+7	1.928730E+3	-1.620707E+0	2.274496E-4	7.194739E+0	7.176831E+0
45.0    	242     	6.433955E+0	1.197840E-3	1.52E-1    	45.00     	6314.76 	24.7 	33.4 	6.431971E+0	1.373515E-6 	1.139090E+7	1.931321E+3	-1.622667E+0	8.504901E-5	6.995465E+0	6.976661E+0
45.0    	243     	6.403270E+0	1.526535E-3	-4.16E-1   	45.00     	6317.34 	24.7 	33.4 	6.401310E+0	2.008069E-6 	1.144113E+7	2.419366E+3	-1.622747E+0	1.973153E-4	6.964780E+0	6.946000E+0
45.0    	244     	6.401372E+0	6.754056E-4	-5.27E-1   	45.00     	6319.90 	24.7 	33.4 	6.399318E+0	7.147007E-7 	1.144433E+7	1.250333E+3	-1.622883E+0	2.571640E-4	6.962882E+0	6.944008E+0
45.0    	245     	6.406037E+0	1.109454E-3	-3.94E-1   	45.00     	6322.47 	24.7 	33.4 	6.403895E+0	1.184059E-6 	1.143673E+7	1.803700E+3	-1.622987E+0	1.569501E-4	6.967547E+0	6.948585E+0
45.0    	246     	6.404297E+0	9.081158E-4	-4.01E-1   	45.00     	6325.04 	24.7 	33.4 	6.402715E+0	8.506734E-7 	1.143913E+7	1.501111E+3	-1.622217E+0	1.814754E-4	6.965807E+0	6.947405E+0
45.0    	247     	6.415173E+0	1.349406E-3	-2.01E-1   	45.00     	6327.62 	24.7 	33.4 	6.413644E+0	1.837642E-6 	1.142123E+7	2.214347E+3	-1.622103E+0	1.789786E-4	6.976683E+0	6.958334E+0
45.0    	248     	6.412441E+0	4.056274E-4	-2.46E-1   	45.00     	6330.18 	24.7 	33.4 	6.410766E+0	1.034310E-7 	1.142583E+7	5.859465E+2	-1.622317E+0	2.214347E-4	6.973951E+0	6.955456E+0
45.0    	249     	6.405579E+0	1.340194E-3	-1.53E-1   	45.00     	6332.75 	24.7 	33.4 	6.403785E+0	1.478081E-6 	1.143720E+7	2.100000E+3	-1.622507E+0	1.817507E-4	6.967089E+0	6.948475E+0
45.0    	250     	6.411739E+0	4.890450E-4	-5.10E-1   	45.00     	6335.34 	24.7 	33.4 	6.410006E+0	2.392057E-7 	1.142703E+7	8.020806E+2	-1.622400E+0	4.358899E-5	6.973249E+0	6.954696E+0
45.0    	251     	6.414365E+0	1.401409E-3	-7.53E-3   	45.00     	6337.89 	24.7 	33.4 	6.412663E+0	2.352167E-6 	1.142270E+7	2.406242E+3	-1.622347E+0	1.965536E-4	6.975875E+0	6.957353E+0
45.0    	252     	6.399107E+0	1.099672E-3	-1.08E-1   	45.00     	6340.48 	24.7 	33.4 	6.397008E+0	1.072533E-6 	1.144810E+7	1.757840E+3	-1.622953E+0	1.006645E-4	6.960617E+0	6.941698E+0
45.0    	253     	6.394176E+0	1.148505E-3	-1.60E-1   	45.00     	6343.04 	24.7 	33.4 	6.392392E+0	1.345359E-6 	1.145597E+7	1.900877E+3	-1.622537E+0	1.709776E-4	6.955686E+0	6.937082E+0
45.0    	254     	6.398871E+0	5.064455E-4	-6.77E-2   	45.00     	6345.62 	24.7 	33.4 	6.397162E+0	4.601907E-7 	1.144817E+7	9.712535E+2	-1.622413E+0	2.898850E-4	6.960381E+0	6.941852E+0
45.0    	255     	6.411709E+0	2.231795E-3	-2.03E-1   	45.00     	6348.18 	24.7 	33.4 	6.409753E+0	4.945827E-6 	1.142727E+7	3.655589E+3	-1.622710E+0	4.358899E-5	6.973219E+0	6.954443E+0
45.0    	256     	6.626856E+0	9.802091E-4	-4.72E-1   	45.00     	6350.75 	24.7 	33.4 	6.626065E+0	1.220042E-6 	1.108390E+7	1.609348E+3	-1.620313E+0	1.800926E-4	7.188366E+0	7.170755E+0
45.0    	257     	5.694251E+0	1.405753E-3	-4.36E-1   	45.00     	6353.33 	24.7 	33.4 	5.688873E+0	2.197952E-6 	1.274330E+7	2.946184E+3	-1.630400E+0	1.352775E-4	6.255761E+0	6.233563E+0
45.0    	258     	8.144741E+0	1.451484E-3	-2.27E-1   	45.00     	6355.90 	24.7 	33.4 	8.147016E+0	1.962845E-6 	9.147913E+6	1.499478E+3	-1.611680E+0	9.643651E-5	8.706251E+0	8.691706E+0
45.0    	259     	1.129754E+1	1.826376E-4	-1.84E-1   	45.00     	6358.47 	24.7 	33.4 	1.130528E+1	4.492000E-8 	6.712843E+6	1.115049E+2	-1.598467E+0	5.859465E-5	1.185905E+1	1.184997E+1
45.0    	260     	2.372965E+1	1.837774E-3	-3.24E-1   	45.00     	6361.04 	24.7 	33.4 	2.374570E+1	3.444394E-6 	3.276037E+6	2.490649E+2	-1.576420E+0	9.643651E-5	2.429116E+1	2.429039E+1
45.0    	261     	2.823616E+1	8.672648E-4	-3.22E-2   	45.00     	6363.61 	24.7 	33.4 	2.825292E+1	7.538721E-7 	2.763333E+6	8.326664E+1	-1.572230E+0	1.732051E-5	2.879767E+1	2.879761E+1
45.0    	262     	3.433086E+1	2.222099E-3	-4.52E-1   	45.00     	6366.18 	24.7 	33.4 	3.434733E+1	5.001714E-6 	2.280667E+6	1.457166E+2	-1.567630E+0	6.557439E-5	3.489237E+1	3.489202E+1
45.0    	263     	5.030818E+1	1.969732E-5	-1.20E-1   	45.00     	6368.75 	24.7 	33.4 	5.031652E+1	3.878553E-10	1.564470E+6	0.000000E+0	-1.557890E+0	3.000000E-5	5.086969E+1	5.086121E+1
45.0    	264     	1.102127E+2	8.426918E-4	-1.27E-1   	45.00     	6371.33 	24.7 	33.4 	1.100461E+2	7.632029E-7 	7.189710E+5	5.567764E+0	-1.530100E+0	1.000000E-5	1.107742E+2	1.105908E+2
50.0    	1       	6.557270E+0	6.672733E-4	1.01E+1    	50.00     	6403.83 	24.7 	33.4 	6.555819E+0	3.452726E-7 	1.119290E+7	9.848858E+2	-1.621480E+0	1.708801E-4	7.118780E+0	7.100509E+0
50.0    	2       	6.664009E+0	1.237258E-3	3.03E-2    	50.00     	6406.37 	24.7 	33.4 	6.662614E+0	1.800824E-6 	1.102730E+7	1.967232E+3	-1.621027E+0	2.565801E-4	7.225519E+0	7.207304E+0
50.0    	3       	7.406164E-1	6.173140E-4	-2.59E-1   	50.00     	6408.93 	24.7 	33.4 	6.078077E-1	1.832528E-7 	6.495963E+7	1.449977E+4	-1.916633E+0	1.007489E-3	1.302126E+0	1.152498E+0
50.0    	4       	6.632067E+0	9.067501E-5	-2.36E-1   	50.00     	6411.49 	24.7 	33.4 	6.630880E+0	3.333183E-8 	1.107617E+7	2.081666E+2	-1.620850E+0	1.410674E-4	7.193577E+0	7.175570E+0
50.0    	5       	6.381602E+0	1.560270E-3	-1.88E-1   	50.00     	6414.06 	24.7 	33.4 	6.379385E+0	2.493296E-6 	1.147710E+7	2.598076E+3	-1.623183E+0	9.073772E-5	6.943112E+0	6.924075E+0
50.0    	6       	6.349236E+0	1.377481E-3	-1.47E-1   	50.00     	6416.62 	24.7 	33.4 	6.346652E+0	1.669922E-6 	1.153123E+7	2.230097E+3	-1.623810E+0	1.153256E-4	6.910746E+0	6.891342E+0
50.0    	7       	6.331947E+0	1.234797E-3	-2.72E-1   	50.00     	6419.19 	24.7 	33.4 	6.329635E+0	1.187747E-6 	1.155997E+7	1.950214E+3	-1.623503E+0	2.354428E-4	6.893457E+0	6.874325E+0
50.0    	8       	6.346107E+0	2.953664E-4	-1.70E-1   	50.00     	6421.77 	24.7 	33.4 	6.344596E+0	1.718797E-7 	1.153557E+7	5.859465E+2	-1.622333E+0	2.328805E-4	6.907617E+0	6.889286E+0
50.0    	9       	6.331925E+0	2.037557E-3	-6.55E-2   	50.00     	6424.35 	24.7 	33.4 	6.330173E+0	4.956392E-6 	1.155953E+7	3.579572E+3	-1.622723E+0	2.753785E-4	6.893435E+0	6.874863E+0
50.0    	10      	6.326082E+0	8.582845E-4	-2.01E-1   	50.00     	6426.94 	24.7 	33.4 	6.323838E+0	7.544906E-7 	1.156977E+7	1.450287E+3	-1.623430E+0	1.307670E-4	6.887592E+0	6.868528E+0
50.0    	11      	6.331417E+0	1.352407E-3	1.02E-1    	50.00     	6429.51 	24.7 	33.4 	6.328895E+0	1.281415E-6 	1.156103E+7	2.084067E+3	-1.623793E+0	3.347138E-4	6.892927E+0	6.873585E+0
50.0    	12      	6.370034E+0	1.683815E-3	2.29E-2    	50.00     	6432.07 	24.7 	33.4 	6.367594E+0	2.407967E-6 	1.149647E+7	2.685765E+3	-1.623533E+0	2.020726E-4	6.931544E+0	6.912284E+0
50.0    	13      	6.331052E+0	1.349780E-3	-1.04E-1   	50.00     	6434.65 	24.7 	33.4 	6.328506E+0	2.131717E-6 	1.156167E+7	2.358672E+3	-1.623827E+0	2.025669E-4	6.892562E+0	6.873196E+0
50.0    	14      	6.599730E+0	8.332526E-4	1.78E-2    	50.00     	6437.22 	24.7 	33.4 	6.597959E+0	6.265075E-7 	1.112670E+7	1.252996E+3	-1.621770E+0	2.954657E-4	7.161240E+0	7.142649E+0
50.0    	15      	9.341220E-1	9.103347E-4	-2.91E-1   	50.00     	6439.79 	24.7 	33.4 	9.224346E-1	6.588250E-7 	5.372103E+7	2.942895E+4	-1.709293E+0	1.398440E-3	1.495632E+0	1.467125E+0
50.0    	16      	6.806351E+0	1.674187E-3	-7.97E-2   	50.00     	6442.37 	24.7 	33.4 	6.804952E+0	2.653187E-6 	1.081400E+7	2.426932E+3	-1.620543E+0	8.386497E-5	7.367861E+0	7.349642E+0
50.0    	17      	6.356372E+0	2.136549E-3	-3.26E-1   	50.00     	6444.94 	24.7 	33.4 	6.353855E+0	4.310490E-6 	1.151927E+7	3.507611E+3	-1.623690E+0	3.080584E-4	6.917882E+0	6.898545E+0
50.0    	18      	6.150790E+0	9.545338E-4	-2.60E-1   	50.00     	6447.51 	24.7 	33.4 	6.147353E+0	5.140768E-7 	1.187340E+7	1.479865E+3	-1.625760E+0	3.218695E-4	6.712300E+0	6.692043E+0
50.0    	19      	6.433026E+0	1.141625E-3	3.26E-2    	50.00     	6450.09 	24.7 	33.4 	6.431959E+0	1.048198E-6 	1.139167E+7	1.761628E+3	-1.621387E+0	2.581343E-4	6.994536E+0	6.976649E+0
50.0    	20      	6.139624E+0	7.570260E-4	-2.40E-1   	50.00     	6452.66 	24.7 	33.4 	6.136240E+0	7.249672E-7 	1.189317E+7	1.429452E+3	-1.625733E+0	1.350309E-4	6.701134E+0	6.680930E+0
50.0    	21      	6.130698E+0	7.004970E-4	-2.99E-1   	50.00     	6455.23 	24.7 	33.4 	6.127076E+0	4.117525E-7 	1.190927E+7	1.193035E+3	-1.626093E+0	1.497776E-4	6.692208E+0	6.671766E+0
50.0    	22      	6.135342E+0	8.997815E-4	-7.65E-2   	50.00     	6457.81 	24.7 	33.4 	6.132163E+0	1.161975E-6 	1.190060E+7	1.752142E+3	-1.625470E+0	3.567913E-4	6.696852E+0	6.676853E+0
50.0    	23      	6.132977E+0	5.191646E-4	-2.77E-1   	50.00     	6460.40 	24.7 	33.4 	6.129847E+0	2.750222E-7 	1.190477E+7	9.291573E+2	-1.625413E+0	2.309401E-5	6.694487E+0	6.674537E+0
50.0    	24      	6.131277E+0	2.091072E-3	-4.72E-3   	50.00     	6462.97 	24.7 	33.4 	6.128442E+0	4.662177E-6 	1.190753E+7	3.785939E+3	-1.625013E+0	1.059874E-4	6.692787E+0	6.673132E+0
50.0    	25      	6.121513E+0	8.628117E-4	-1.91E-1   	50.00     	6465.54 	24.7 	33.4 	6.118628E+0	5.202023E-7 	1.192500E+7	1.410674E+3	-1.625123E+0	2.596793E-4	6.683023E+0	6.663318E+0
50.0    	26      	6.171483E+0	1.601684E-3	-1.64E-1   	50.00     	6468.11 	24.7 	33.4 	6.168599E+0	2.769329E-6 	1.183637E+7	2.874601E+3	-1.624920E+0	1.300000E-4	6.732993E+0	6.713289E+0
50.0    	27      	6.124667E+0	7.159404E-4	-9.30E-2   	50.00     	6470.69 	24.7 	33.4 	6.121111E+0	3.372265E-7 	1.191997E+7	1.137248E+3	-1.626027E+0	3.731398E-4	6.686177E+0	6.665801E+0
50.0    	28      	6.128324E+0	1.354959E-3	-1.80E-1   	50.00     	6473.27 	24.7 	33.4 	6.124851E+0	2.106848E-6 	1.191337E+7	2.502665E+3	-1.625900E+0	1.417745E-4	6.689834E+0	6.669541E+0
50.0    	29      	6.126762E+0	7.249542E-4	2.80E-2    	50.00     	6475.81 	24.7 	33.3 	6.123497E+0	3.802753E-7 	1.191597E+7	1.184624E+3	-1.625623E+0	2.977135E-4	6.688272E+0	6.668187E+0
50.0    	30      	6.129151E+0	1.393984E-3	-4.38E-2   	50.00     	6478.41 	24.7 	33.3 	6.126154E+0	1.941749E-6 	1.191147E+7	2.484619E+3	-1.625247E+0	2.081666E-5	6.690661E+0	6.670844E+0
50.0    	31      	6.409811E+0	1.145145E-3	7.54E-2    	50.00     	6480.98 	24.7 	33.3 	6.406534E+0	1.499078E-6 	1.143147E+7	1.942507E+3	-1.624513E+0	2.138535E-4	6.971321E+0	6.951224E+0
50.0    	32      	6.342151E+0	3.389220E-4	-3.39E-2   	50.00     	6483.53 	24.7 	33.3 	6.339986E+0	1.547262E-7 	1.154273E+7	6.027714E+2	-1.623260E+0	1.997498E-4	6.903661E+0	6.884676E+0
50.0    	33      	6.343345E+0	1.299955E-3	-4.55E-1   	50.00     	6486.12 	24.7 	33.3 	6.340665E+0	1.651032E-6 	1.154117E+7	2.159475E+3	-1.623963E+0	2.079263E-4	6.904855E+0	6.885355E+0
50.0    	34      	6.136860E+0	2.352000E-3	-5.81E-1   	50.00     	6488.68 	24.7 	33.3 	6.133607E+0	5.618683E-6 	1.189797E+7	4.200397E+3	-1.625567E+0	4.041452E-5	6.698370E+0	6.678297E+0
50.0    	35      	6.132710E+0	1.219972E-3	-3.69E-1   	50.00     	6491.25 	24.7 	33.3 	6.129778E+0	1.184390E-6 	1.190507E+7	2.055075E+3	-1.625143E+0	1.858315E-4	6.694220E+0	6.674468E+0
50.0    	36      	6.134039E+0	2.687488E-3	-2.56E-1   	50.00     	6493.82 	24.7 	33.3 	6.130659E+0	8.204957E-6 	1.190310E+7	4.938623E+3	-1.625750E+0	3.605551E-4	6.695549E+0	6.675349E+0
50.0    	37      	6.131990E+0	8.053542E-4	-2.47E-2   	50.00     	6496.40 	24.7 	33.3 	6.128590E+0	5.539001E-7 	1.190677E+7	1.379613E+3	-1.625787E+0	1.001665E-4	6.693500E+0	6.673280E+0
50.0    	38      	6.123975E+0	1.180668E-3	1.11E-1    	50.00     	6498.96 	24.7 	33.3 	6.120459E+0	1.632088E-6 	1.192117E+7	2.193931E+3	-1.625977E+0	1.700980E-4	6.685485E+0	6.665149E+0
50.0    	39      	6.131129E+0	2.562607E-3	-3.84E-1   	50.00     	6501.54 	24.7 	33.3 	6.127880E+0	6.425717E-6 	1.190817E+7	4.539089E+3	-1.625583E+0	2.802380E-4	6.692639E+0	6.672570E+0
50.0    	40      	6.129919E+0	1.208544E-3	-3.12E-1   	50.00     	6504.12 	24.7 	33.3 	6.126844E+0	1.411514E-6 	1.191017E+7	2.136196E+3	-1.625350E+0	3.000000E-5	6.691429E+0	6.671534E+0
50.0    	41      	6.121050E+0	5.526740E-4	1.78E-1    	50.00     	6506.68 	24.7 	33.3 	6.118009E+0	1.624072E-7 	1.192597E+7	8.504901E+2	-1.625340E+0	2.338803E-4	6.682560E+0	6.662699E+0
50.0    	42      	6.124522E+0	1.699633E-3	-3.74E-1   	50.00     	6509.25 	24.7 	33.3 	6.121144E+0	2.922809E-6 	1.192007E+7	3.043572E+3	-1.625787E+0	8.386497E-5	6.686032E+0	6.665834E+0
50.0    	43      	6.125897E+0	1.045886E-3	-2.47E-1   	50.00     	6511.82 	24.7 	33.3 	6.122644E+0	8.266736E-7 	1.191750E+7	1.743560E+3	-1.625610E+0	1.997498E-4	6.687407E+0	6.667334E+0
50.0    	44      	6.127770E+0	1.447404E-3	-1.12E-1   	50.00     	6514.41 	24.7 	33.3 	6.124582E+0	1.803194E-6 	1.191410E+7	2.487971E+3	-1.625513E+0	1.484363E-4	6.689280E+0	6.669272E+0
50.0    	45      	6.135656E+0	1.438623E-3	-1.79E-1   	50.00     	6516.98 	24.7 	33.3 	6.132487E+0	2.396548E-6 	1.190003E+7	2.657693E+3	-1.625457E+0	1.556706E-4	6.697166E+0	6.677177E+0
50.0    	46      	6.125794E+0	2.160474E-4	9.54E-2    	50.00     	6519.55 	24.7 	33.3 	6.122858E+0	1.591457E-8 	1.191740E+7	3.000000E+2	-1.625177E+0	1.504438E-4	6.687304E+0	6.667548E+0
50.0    	47      	6.131013E+0	6.243630E-4	-1.09E-1   	50.00     	6522.12 	24.7 	33.3 	6.127584E+0	6.520851E-7 	1.190853E+7	1.274101E+3	-1.625830E+0	2.751363E-4	6.692523E+0	6.672274E+0
50.0    	48      	6.609627E+0	5.360834E-4	-1.96E-1   	50.00     	6524.70 	24.7 	33.3 	6.608058E+0	2.204774E-7 	1.111117E+7	7.767453E+2	-1.621457E+0	1.550269E-4	7.171137E+0	7.152748E+0
50.0    	49      	6.379544E+0	2.318540E-3	-6.31E-2   	50.00     	6527.25 	24.7 	33.3 	6.377378E+0	4.859845E-6 	1.148047E+7	3.744774E+3	-1.623120E+0	2.170253E-4	6.941054E+0	6.922068E+0
50.0    	50      	6.136907E+0	2.901347E-4	-2.58E-1   	50.00     	6529.85 	24.7 	33.3 	6.133334E+0	1.500701E-7 	1.189817E+7	5.773503E+2	-1.626000E+0	2.946184E-4	6.698417E+0	6.678024E+0
50.0    	51      	6.127791E+0	1.470923E-3	-2.29E-1   	50.00     	6532.42 	24.7 	33.3 	6.124785E+0	2.076668E-6 	1.191390E+7	2.594224E+3	-1.625263E+0	1.955335E-4	6.689301E+0	6.669475E+0
50.0    	52      	6.127031E+0	1.295774E-3	2.55E-1    	50.00     	6534.98 	24.7 	33.3 	6.123602E+0	1.774607E-6 	1.191563E+7	2.343786E+3	-1.625847E+0	1.115049E-4	6.688541E+0	6.668292E+0
50.0    	53      	6.124595E+0	5.571343E-4	-2.26E-1   	50.00     	6537.54 	24.7 	33.3 	6.121070E+0	4.198744E-7 	1.192007E+7	1.069268E+3	-1.625987E+0	2.212088E-4	6.686105E+0	6.665760E+0
50.0    	54      	6.133900E+0	8.908713E-4	-3.45E-1   	50.00     	6540.10 	24.7 	33.3 	6.130572E+0	6.226310E-7 	1.190330E+7	1.493318E+3	-1.625680E+0	1.835756E-4	6.695410E+0	6.675262E+0
50.0    	55      	6.138869E+0	9.070732E-4	-1.73E-1   	50.00     	6542.68 	24.7 	33.3 	6.135384E+0	8.740550E-7 	1.189460E+7	1.637071E+3	-1.625873E+0	6.506407E-5	6.700379E+0	6.680074E+0
50.0    	56      	6.131411E+0	2.063854E-3	-3.71E-1   	50.00     	6545.25 	24.7 	33.3 	6.128458E+0	4.713606E-6 	1.190740E+7	3.772267E+3	-1.625177E+0	1.656301E-4	6.692921E+0	6.673148E+0
50.0    	57      	6.127761E+0	8.448757E-4	-3.89E-2   	50.00     	6547.82 	24.7 	33.3 	6.124964E+0	7.026150E-7 	1.191377E+7	1.501111E+3	-1.624977E+0	1.154701E-5	6.689271E+0	6.669654E+0
50.0    	58      	6.130303E+0	7.360600E-4	-1.79E-1   	50.00     	6550.39 	24.7 	33.3 	6.127134E+0	5.823321E-7 	1.190957E+7	1.331666E+3	-1.625477E+0	1.703917E-4	6.691813E+0	6.671824E+0
50.0    	59      	6.129615E+0	1.185740E-3	-2.21E-1   	50.00     	6552.97 	24.7 	33.3 	6.126065E+0	1.403646E-6 	1.191113E+7	2.112660E+3	-1.626000E+0	5.000000E-5	6.691125E+0	6.670755E+0
50.0    	60      	6.127853E+0	4.273002E-4	-2.31E-1   	50.00     	6555.54 	24.7 	33.3 	6.124200E+0	1.970496E-7 	1.191437E+7	7.767453E+2	-1.626147E+0	4.041452E-5	6.689363E+0	6.668890E+0
50.0    	61      	6.423314E+0	9.383252E-4	-5.74E-2   	50.00     	6558.11 	24.7 	33.3 	6.421302E+0	9.239062E-7 	1.140830E+7	1.552417E+3	-1.622743E+0	9.712535E-5	6.984824E+0	6.965992E+0
50.0    	62      	6.427781E+0	1.177868E-3	-2.26E-1   	50.00     	6560.68 	24.7 	33.3 	6.426257E+0	1.336716E-6 	1.140060E+7	1.905256E+3	-1.622050E+0	1.081665E-4	6.989291E+0	6.970947E+0
50.0    	63      	6.406965E+0	1.934830E-3	6.74E-2    	50.00     	6563.26 	24.7 	33.3 	6.405117E+0	3.161375E-6 	1.143497E+7	3.050137E+3	-1.622577E+0	2.138535E-4	6.968475E+0	6.949807E+0
50.0    	64      	9.844702E-1	2.472028E-3	-3.39E-1   	50.00     	6565.82 	24.7 	33.3 	9.040951E-1	3.963532E-6 	5.317247E+7	7.776647E+4	-1.824237E+0	1.133770E-3	1.545980E+0	1.448785E+0
50.0    	65      	6.402949E+0	1.333848E-3	8.31E-2    	50.00     	6568.39 	24.7 	33.3 	6.400498E+0	1.512995E-6 	1.144207E+7	2.107922E+3	-1.623423E+0	1.792577E-4	6.964459E+0	6.945188E+0
50.0    	66      	6.134898E+0	1.553487E-3	-9.81E-2   	50.00     	6570.98 	24.7 	33.3 	6.131560E+0	2.387326E-6 	1.190153E+7	2.757414E+3	-1.625690E+0	6.928203E-5	6.696408E+0	6.676250E+0
50.0    	67      	6.144502E+0	1.178073E-3	1.48E-3    	50.00     	6573.54 	24.7 	33.3 	6.140934E+0	1.104032E-6 	1.188467E+7	1.973153E+3	-1.625963E+0	2.635021E-4	6.706012E+0	6.685624E+0
50.0    	68      	6.133790E+0	2.112339E-3	-1.23E-1   	50.00     	6576.11 	24.7 	33.3 	6.130384E+0	4.118859E-6 	1.190357E+7	3.685557E+3	-1.625787E+0	1.800926E-4	6.695300E+0	6.675074E+0
50.0    	69      	6.134210E+0	1.984218E-3	3.34E-2    	50.00     	6578.69 	24.7 	33.3 	6.130788E+0	3.801669E-6 	1.190283E+7	3.501904E+3	-1.625807E+0	5.686241E-5	6.695720E+0	6.675478E+0
50.0    	70      	6.133098E+0	1.157466E-3	-1.00E-1   	50.00     	6581.28 	24.7 	33.3 	6.130139E+0	8.229598E-7 	1.190440E+7	1.835756E+3	-1.625177E+0	3.700450E-4	6.694608E+0	6.674829E+0
50.0    	71      	6.129774E+0	4.682742E-4	-2.10E-1   	50.00     	6583.86 	24.7 	33.3 	6.126615E+0	2.028459E-7 	1.191050E+7	8.185353E+2	-1.625467E+0	4.041452E-5	6.691284E+0	6.671305E+0
50.0    	72      	6.134313E+0	1.379629E-3	-8.66E-2   	50.00     	6586.44 	24.7 	33.3 	6.131208E+0	2.212037E-6 	1.190237E+7	2.548202E+3	-1.625373E+0	2.713546E-4	6.695823E+0	6.675898E+0
50.0    	73      	6.134474E+0	1.075230E-3	-9.75E-2   	50.00     	6589.00 	24.7 	33.3 	6.131495E+0	1.311904E-6 	1.190197E+7	1.975686E+3	-1.625200E+0	1.389244E-4	6.695984E+0	6.676185E+0
50.0    	74      	6.128917E+0	2.881380E-3	-2.38E-1   	50.00     	6591.59 	24.7 	33.3 	6.125978E+0	7.938159E-6 	1.191183E+7	5.079698E+3	-1.625167E+0	1.950214E-4	6.690427E+0	6.670668E+0
50.0    	75      	6.127070E+0	3.515920E-3	-1.47E-1   	50.00     	6594.14 	24.7 	33.3 	6.124163E+0	1.370930E-5 	1.191510E+7	6.428063E+3	-1.625130E+0	5.977458E-4	6.688580E+0	6.668853E+0
50.0    	76      	6.427330E+0	1.227892E-3	-1.30E-1   	50.00     	6596.73 	24.7 	33.3 	6.425647E+0	1.530187E-6 	1.140147E+7	2.013289E+3	-1.622273E+0	3.055050E-5	6.988840E+0	6.970337E+0
50.0    	77      	7.298518E-1	2.214381E-3	-2.35E-1   	50.00     	6599.29 	24.7 	33.3 	6.064574E-1	4.800836E-6 	6.526820E+7	1.164807E+5	-1.906583E+0	9.022380E-4	1.291362E+0	1.151147E+0
50.0    	78      	7.324734E-1	1.245777E-3	-8.86E-2   	50.00     	6601.87 	24.7 	33.3 	6.085679E-1	3.421900E-7 	6.514223E+7	1.501943E+4	-1.906860E+0	2.097713E-3	1.293983E+0	1.153258E+0
50.0    	79      	6.432737E+0	1.918715E-3	-3.44E-1   	50.00     	6604.44 	24.7 	33.3 	6.430696E+0	2.947069E-6 	1.139293E+7	2.956913E+3	-1.622747E+0	4.528061E-4	6.994247E+0	6.975386E+0
50.0    	80      	6.669637E+0	7.922689E-4	-2.19E-1   	50.00     	6607.04 	24.7 	33.3 	6.668208E+0	8.082386E-7 	1.101873E+7	1.285820E+3	-1.621053E+0	2.468468E-4	7.231147E+0	7.212898E+0
50.0    	81      	6.393098E+0	9.766054E-4	2.96E-2    	50.00     	6609.63 	24.7 	33.3 	6.390520E+0	5.517021E-7 	1.145840E+7	1.417745E+3	-1.623633E+0	3.181719E-4	6.954608E+0	6.935210E+0
50.0    	82      	6.159075E+0	7.705700E-4	-8.14E-2   	50.00     	6612.16 	24.7 	33.3 	6.155835E+0	6.278337E-7 	1.185857E+7	1.379613E+3	-1.625457E+0	9.814955E-5	6.720585E+0	6.700525E+0
50.0    	83      	6.154942E+0	8.593292E-4	-1.54E-1   	50.00     	6614.76 	24.7 	33.3 	6.151673E+0	7.183126E-7 	1.186590E+7	1.509967E+3	-1.625513E+0	2.516611E-5	6.716452E+0	6.696363E+0
50.0    	84      	6.199560E+0	2.207348E-4	-5.30E-1   	50.00     	6617.32 	24.7 	33.3 	6.196303E+0	7.471015E-8 	1.178747E+7	4.041452E+2	-1.625317E+0	2.454248E-4	6.761070E+0	6.740993E+0
50.0    	85      	6.156057E+0	2.220386E-3	-2.40E-1   	50.00     	6619.89 	24.7 	33.3 	6.152895E+0	5.030888E-6 	1.186383E+7	3.946306E+3	-1.625363E+0	7.571878E-5	6.717567E+0	6.697585E+0
50.0    	86      	6.157923E+0	1.237768E-3	-6.51E-2   	50.00     	6622.45 	24.7 	33.3 	6.154799E+0	1.864556E-6 	1.186050E+7	2.300000E+3	-1.625303E+0	2.107922E-4	6.719433E+0	6.699489E+0
50.0    	87      	6.166318E+0	2.645361E-3	-3.79E-1   	50.00     	6625.01 	24.7 	33.3 	6.163435E+0	6.677567E-6 	1.184547E+7	4.611218E+3	-1.624940E+0	7.549834E-5	6.727828E+0	6.708125E+0
50.0    	88      	6.163909E+0	2.935405E-4	-3.54E-1   	50.00     	6627.59 	24.7 	33.3 	6.160967E+0	1.152727E-7 	1.184977E+7	5.507571E+2	-1.625030E+0	1.587451E-4	6.725419E+0	6.705657E+0
50.0    	89      	6.166365E+0	2.172429E-3	-4.33E-1   	50.00     	6630.17 	24.7 	33.3 	6.163387E+0	4.575609E-6 	1.184547E+7	3.800439E+3	-1.625070E+0	1.571623E-4	6.727875E+0	6.708077E+0
50.0    	90      	6.170688E+0	1.102822E-3	-2.92E-1   	50.00     	6632.73 	24.7 	33.3 	6.167728E+0	1.573060E-6 	1.183783E+7	2.074448E+3	-1.625027E+0	2.345918E-4	6.732198E+0	6.712418E+0
50.0    	91      	6.161738E+0	1.857305E-3	-2.66E-1   	50.00     	6635.32 	24.7 	33.3 	6.158532E+0	3.505632E-6 	1.185383E+7	3.292922E+3	-1.625400E+0	8.185353E-5	6.723248E+0	6.703222E+0
50.0    	92      	6.154489E+0	1.502696E-3	-4.13E-1   	50.00     	6637.90 	24.7 	33.3 	6.151260E+0	2.192036E-6 	1.186667E+7	2.638813E+3	-1.625460E+0	1.153256E-4	6.715999E+0	6.695950E+0
50.0    	93      	6.486904E+0	1.251565E-3	7.83E-2    	50.00     	6640.46 	24.7 	33.3 	6.484939E+0	1.447081E-6 	1.130520E+7	1.969772E+3	-1.622443E+0	1.289703E-4	7.048414E+0	7.029629E+0
50.0    	94      	6.449103E+0	1.501840E-3	4.26E-2    	50.00     	6643.04 	24.7 	33.3 	6.447186E+0	1.919958E-6 	1.136620E+7	2.343075E+3	-1.622517E+0	1.700980E-4	7.010613E+0	6.991876E+0
50.0    	95      	6.156282E+0	2.981620E-3	-3.90E-1   	50.00     	6645.60 	24.7 	33.3 	6.152936E+0	9.426863E-6 	1.186360E+7	5.350701E+3	-1.625613E+0	1.401190E-4	6.717792E+0	6.697626E+0
50.0    	96      	6.379724E+0	2.136883E-3	-1.61E-1   	50.00     	6648.18 	24.7 	33.3 	6.377037E+0	4.641034E-6 	1.148060E+7	3.551056E+3	-1.623833E+0	2.020726E-4	6.941234E+0	6.921727E+0
50.0    	97      	6.376525E+0	2.222276E-4	-3.79E-1   	50.00     	6650.74 	24.7 	33.3 	6.374039E+0	1.301912E-7 	1.148573E+7	4.725816E+2	-1.623570E+0	2.535744E-4	6.938035E+0	6.918729E+0
50.0    	98      	6.154515E+0	3.114258E-4	2.05E-2    	50.00     	6653.34 	24.7 	33.3 	6.151384E+0	2.096766E-7 	1.186653E+7	6.806859E+2	-1.625327E+0	2.030599E-4	6.716025E+0	6.696074E+0
50.0    	99      	6.154762E+0	1.472378E-3	-2.22E-1   	50.00     	6655.92 	24.7 	33.3 	6.151552E+0	1.950661E-6 	1.186617E+7	2.538372E+3	-1.625433E+0	9.865766E-5	6.716272E+0	6.696242E+0
50.0    	100     	6.178380E+0	6.516515E-4	4.72E-2    	50.00     	6658.45 	24.7 	33.3 	6.175158E+0	3.792105E-7 	1.182453E+7	1.101514E+3	-1.625353E+0	2.554082E-4	6.739890E+0	6.719848E+0
50.0    	101     	6.154178E+0	1.422112E-3	-3.44E-1   	50.00     	6661.06 	24.7 	33.3 	6.151156E+0	1.920009E-6 	1.186703E+7	2.484619E+3	-1.625180E+0	5.000000E-5	6.715688E+0	6.695846E+0
50.0    	102     	6.161983E+0	2.407604E-3	-2.63E-1   	50.00     	6663.62 	24.7 	33.3 	6.158966E+0	5.069877E-6 	1.185323E+7	4.110150E+3	-1.625140E+0	3.148015E-4	6.723493E+0	6.703656E+0
50.0    	103     	6.154142E+0	1.281693E-3	-3.17E-1   	50.00     	6666.18 	24.7 	33.3 	6.151154E+0	1.603618E-6 	1.186707E+7	2.254625E+3	-1.625133E+0	2.081666E-5	6.715652E+0	6.695844E+0
50.0    	104     	6.155005E+0	2.188687E-3	-1.29E-1   	50.00     	6668.80 	24.7 	33.3 	6.152213E+0	4.577336E-6 	1.186537E+7	3.827967E+3	-1.624860E+0	7.549834E-5	6.716515E+0	6.696903E+0
50.0    	105     	6.160502E+0	2.043406E-3	1.02E-1    	50.00     	6671.33 	24.7 	33.3 	6.157502E+0	4.615890E-6 	1.185583E+7	3.700450E+3	-1.625123E+0	2.345918E-4	6.722012E+0	6.702192E+0
50.0    	106     	6.163792E+0	1.072630E-3	-3.65E-1   	50.00     	6673.90 	24.7 	33.3 	6.160744E+0	1.267966E-6 	1.185007E+7	1.939931E+3	-1.625177E+0	9.018500E-5	6.725302E+0	6.705434E+0
50.0    	107     	6.165654E+0	2.018708E-3	-3.57E-1   	50.00     	6676.48 	24.7 	33.3 	6.162813E+0	3.702858E-6 	1.184660E+7	3.477068E+3	-1.624883E+0	1.404754E-4	6.727164E+0	6.707503E+0
50.0    	108     	6.156338E+0	1.262896E-3	7.07E-2    	50.00     	6679.05 	24.7 	33.3 	6.153179E+0	1.523600E-6 	1.186333E+7	2.203028E+3	-1.625357E+0	2.315887E-4	6.717848E+0	6.697869E+0
50.0    	109     	6.168743E+0	2.605518E-3	-2.78E-1   	50.00     	6681.62 	24.7 	33.3 	6.165360E+0	6.496672E-6 	1.184163E+7	4.539089E+3	-1.625613E+0	1.700980E-4	6.730253E+0	6.710050E+0
50.0    	110     	6.151158E+0	1.105573E-3	-1.88E-1   	50.00     	6684.18 	24.7 	33.3 	6.147925E+0	1.637856E-6 	1.187257E+7	2.112660E+3	-1.625480E+0	2.475884E-4	6.712668E+0	6.692615E+0
50.0    	111     	6.145112E+0	2.130662E-3	-3.09E-1   	50.00     	6686.75 	24.7 	33.3 	6.141527E+0	3.627397E-6 	1.188360E+7	3.579106E+3	-1.625983E+0	3.113412E-4	6.706622E+0	6.686217E+0
50.0    	112     	6.376166E+0	1.236185E-3	-1.73E-1   	50.00     	6689.32 	24.7 	33.3 	6.373876E+0	2.023439E-6 	1.148617E+7	2.203028E+3	-1.623303E+0	2.900575E-4	6.937676E+0	6.918566E+0
50.0    	113     	6.362802E+0	1.101136E-3	-8.79E-2   	50.00     	6691.89 	24.7 	33.3 	6.360070E+0	1.260746E-6 	1.150873E+7	1.850225E+3	-1.623960E+0	8.544004E-5	6.924312E+0	6.904760E+0
50.0    	114     	6.145182E+0	2.665445E-3	-9.05E-2   	50.00     	6694.46 	24.7 	33.3 	6.141683E+0	6.837794E-6 	1.188340E+7	4.686150E+3	-1.625867E+0	5.773503E-5	6.706692E+0	6.686373E+0
50.0    	115     	6.140956E+0	3.259770E-4	-3.60E-1   	50.00     	6697.03 	24.7 	33.3 	6.137572E+0	7.926003E-8 	1.189080E+7	5.291503E+2	-1.625727E+0	1.724336E-4	6.702466E+0	6.682262E+0
50.0    	116     	6.162155E+0	2.358728E-3	-1.83E-1   	50.00     	6699.60 	24.7 	33.3 	6.158568E+0	6.150967E-6 	1.185343E+7	4.271222E+3	-1.625917E+0	1.738774E-4	6.723665E+0	6.703258E+0
50.0    	117     	6.140853E+0	1.833106E-3	-2.96E-1   	50.00     	6702.17 	24.7 	33.3 	6.137376E+0	2.708431E-6 	1.189107E+7	3.089229E+3	-1.625853E+0	2.676440E-4	6.702363E+0	6.682066E+0
50.0    	118     	6.146444E+0	1.166610E-3	5.82E-2    	50.00     	6704.75 	24.7 	33.3 	6.143162E+0	1.360434E-6 	1.188097E+7	2.059935E+3	-1.625567E+0	2.983845E-4	6.707954E+0	6.687852E+0
50.0    	119     	6.143160E+0	8.378452E-4	-1.91E-1   	50.00     	6707.32 	24.7 	33.3 	6.139910E+0	6.090864E-7 	1.188677E+7	1.436431E+3	-1.625537E+0	8.621678E-5	6.704670E+0	6.684600E+0
50.0    	120     	6.144592E+0	1.765811E-3	-9.22E-2   	50.00     	6709.95 	24.7 	33.3 	6.141408E+0	2.962200E-6 	1.188417E+7	3.092464E+3	-1.625440E+0	1.479865E-4	6.706102E+0	6.686098E+0
50.0    	121     	6.148831E+0	3.753696E-4	-1.32E-1   	50.00     	6712.48 	24.7 	33.3 	6.145700E+0	5.044770E-8 	1.187660E+7	5.291503E+2	-1.625350E+0	2.193171E-4	6.710341E+0	6.690390E+0
50.0    	122     	6.146728E+0	1.185833E-3	-3.17E-1   	50.00     	6715.04 	24.7 	33.3 	6.143705E+0	1.314471E-6 	1.188023E+7	2.055075E+3	-1.625210E+0	3.629049E-4	6.708238E+0	6.688395E+0
50.0    	123     	6.150729E+0	2.518842E-4	-1.07E-1   	50.00     	6717.60 	24.7 	33.3 	6.147639E+0	3.304904E-8 	1.187320E+7	3.605551E+2	-1.625287E+0	2.250185E-4	6.712239E+0	6.692329E+0
50.0    	124     	6.149977E+0	5.467330E-4	-3.04E-1   	50.00     	6720.17 	24.7 	33.3 	6.146811E+0	5.289207E-7 	1.187460E+7	1.126943E+3	-1.625393E+0	2.695057E-4	6.711487E+0	6.691501E+0
50.0    	125     	6.143432E+0	4.629069E-4	-3.25E-1   	50.00     	6722.76 	24.7 	33.3 	6.139901E+0	1.807278E-7 	1.188653E+7	7.767453E+2	-1.625917E+0	2.107922E-4	6.704942E+0	6.684591E+0
50.0    	126     	6.138360E+0	1.440845E-3	-3.93E-1   	50.00     	6725.32 	24.7 	33.3 	6.134955E+0	2.501938E-6 	1.189543E+7	2.685765E+3	-1.625767E+0	2.550163E-4	6.699870E+0	6.679645E+0
50.0    	127     	6.140454E+0	7.812467E-4	-4.16E-1   	50.00     	6727.91 	24.7 	33.3 	6.137248E+0	7.545700E-7 	1.189153E+7	1.464013E+3	-1.625487E+0	1.715615E-4	6.701964E+0	6.681938E+0
50.0    	128     	6.348430E+0	1.886682E-3	-1.37E-1   	50.00     	6730.48 	24.7 	33.3 	6.345545E+0	3.217228E-6 	1.153283E+7	3.074627E+3	-1.624223E+0	1.484363E-4	6.909940E+0	6.890235E+0
50.0    	129     	6.346817E+0	1.368961E-3	-4.11E-1   	50.00     	6733.04 	24.7 	33.3 	6.344366E+0	2.009729E-6 	1.153517E+7	2.328805E+3	-1.623637E+0	1.193035E-4	6.908327E+0	6.889056E+0
50.0    	130     	6.143708E+0	2.532289E-3	-3.19E-1   	50.00     	6735.61 	24.7 	33.3 	6.140527E+0	6.990628E-6 	1.188573E+7	4.593836E+3	-1.625440E+0	1.646208E-4	6.705218E+0	6.685217E+0
50.0    	131     	6.138284E+0	3.992450E-4	-2.39E-1   	50.00     	6738.18 	24.7 	33.3 	6.135143E+0	1.122033E-7 	1.189533E+7	6.506407E+2	-1.625407E+0	1.171893E-4	6.699794E+0	6.679833E+0
50.0    	132     	6.145677E+0	1.322207E-3	-2.93E-1   	50.00     	6740.76 	24.7 	33.3 	6.142351E+0	1.561818E-6 	1.188237E+7	2.281082E+3	-1.625630E+0	1.276715E-4	6.707187E+0	6.687041E+0
50.0    	133     	6.140311E+0	1.190355E-3	5.42E-2    	50.00     	6743.33 	24.7 	33.3 	6.137166E+0	1.455015E-6 	1.189173E+7	2.112660E+3	-1.625403E+0	4.086971E-4	6.701821E+0	6.681856E+0
50.0    	134     	6.148353E+0	1.125496E-3	-2.84E-1   	50.00     	6745.91 	24.7 	33.3 	6.145238E+0	1.218065E-6 	1.187743E+7	1.975686E+3	-1.625330E+0	4.000000E-5	6.709863E+0	6.689928E+0
50.0    	135     	6.144735E+0	1.313371E-3	-1.63E-1   	50.00     	6748.49 	24.7 	33.3 	6.141526E+0	1.441399E-6 	1.188393E+7	2.230097E+3	-1.625473E+0	1.601041E-4	6.706245E+0	6.686216E+0
50.0    	136     	6.135276E+0	1.926700E-3	-3.31E-1   	50.00     	6751.06 	24.7 	33.3 	6.132193E+0	3.465099E-6 	1.190063E+7	3.370954E+3	-1.625340E+0	8.888194E-5	6.696786E+0	6.676883E+0
50.0    	137     	6.131177E+0	1.332219E-3	-4.74E-2   	50.00     	6753.64 	24.7 	33.3 	6.128130E+0	1.732424E-6 	1.190790E+7	2.357965E+3	-1.625307E+0	1.422439E-4	6.692687E+0	6.672820E+0
50.0    	138     	6.146798E+0	8.139935E-5	-2.38E-1   	50.00     	6756.21 	24.7 	33.3 	6.143597E+0	2.362473E-8 	1.188027E+7	2.081666E+2	-1.625453E+0	1.011599E-4	6.708308E+0	6.688287E+0
50.0    	139     	6.151304E+0	1.249562E-3	-2.03E-1   	50.00     	6758.78 	24.7 	33.3 	6.148381E+0	9.491702E-7 	1.187203E+7	1.965536E+3	-1.625053E+0	4.178915E-4	6.712814E+0	6.693071E+0
50.0    	140     	6.146842E+0	3.148299E-4	-1.02E-1   	50.00     	6761.36 	24.7 	33.3 	6.144003E+0	2.929076E-8 	1.187987E+7	4.163332E+2	-1.624957E+0	2.610236E-4	6.708352E+0	6.688693E+0
50.0    	141     	6.138354E+0	1.331598E-3	-2.65E-1   	50.00     	6763.93 	24.7 	33.3 	6.135074E+0	1.703719E-6 	1.189533E+7	2.343786E+3	-1.625597E+0	9.609024E-5	6.699864E+0	6.679764E+0
50.0    	142     	6.134601E+0	1.328863E-3	-1.23E-1   	50.00     	6766.50 	24.7 	33.3 	6.131519E+0	1.790218E-6 	1.190183E+7	2.369247E+3	-1.625340E+0	2.151743E-4	6.696111E+0	6.676209E+0
50.0    	143     	6.139826E+0	1.281422E-3	-2.82E-1   	50.00     	6769.08 	24.7 	33.3 	6.136339E+0	1.456348E-6 	1.189290E+7	2.211334E+3	-1.625873E+0	9.814955E-5	6.701336E+0	6.681029E+0
50.0    	144     	6.343029E+0	4.900767E-5	-3.38E-1   	50.00     	6771.65 	24.7 	33.3 	6.340462E+0	5.877408E-9 	1.154160E+7	1.000000E+2	-1.623810E+0	6.557439E-5	6.904539E+0	6.885152E+0
50.0    	145     	6.349423E+0	8.708748E-4	-2.64E-1   	50.00     	6774.22 	24.7 	33.3 	6.346745E+0	7.585748E-7 	1.153100E+7	1.452584E+3	-1.623937E+0	1.415392E-4	6.910933E+0	6.891435E+0
50.0    	146     	6.138699E+0	9.416838E-4	1.12E-1    	50.00     	6776.80 	24.7 	33.3 	6.135104E+0	1.122970E-6 	1.189500E+7	1.777639E+3	-1.626023E+0	2.059935E-4	6.700209E+0	6.679794E+0
50.0    	147     	6.141004E+0	6.950240E-4	-2.50E-1   	50.00     	6779.39 	24.7 	33.3 	6.137525E+0	5.505163E-7 	1.189080E+7	1.276715E+3	-1.625857E+0	6.658328E-5	6.702514E+0	6.682215E+0
50.0    	148     	6.420626E+0	8.248585E-4	-4.35E-1   	50.00     	6781.95 	24.7 	33.3 	6.418612E+0	6.051501E-7 	1.141270E+7	1.311488E+3	-1.622757E+0	6.806859E-5	6.982136E+0	6.963302E+0
50.0    	149     	6.139256E+0	1.438047E-3	7.61E-2    	50.00     	6784.51 	24.7 	33.3 	6.135597E+0	1.256902E-6 	1.189407E+7	2.274496E+3	-1.626107E+0	4.235957E-4	6.700766E+0	6.680287E+0
50.0    	150     	6.143168E+0	7.224492E-4	-4.69E-1   	50.00     	6787.09 	24.7 	33.3 	6.139751E+0	5.557119E-7 	1.188690E+7	1.300000E+3	-1.625763E+0	1.429452E-4	6.704678E+0	6.684441E+0
50.0    	151     	6.149638E+0	2.212449E-3	-1.37E-1   	50.00     	6789.67 	24.7 	33.3 	6.146473E+0	4.475026E-6 	1.187520E+7	3.831449E+3	-1.625393E+0	2.466441E-4	6.711148E+0	6.691163E+0
50.0    	152     	6.144871E+0	1.069318E-3	-1.83E-1   	50.00     	6792.23 	24.7 	33.3 	6.141616E+0	1.026613E-6 	1.188373E+7	1.847521E+3	-1.625537E+0	8.020806E-5	6.706381E+0	6.686306E+0
50.0    	153     	6.141548E+0	1.042539E-3	-3.49E-2   	50.00     	6794.81 	24.7 	33.3 	6.138294E+0	2.011638E-6 	1.188963E+7	2.182506E+3	-1.625547E+0	5.553677E-4	6.703058E+0	6.682984E+0
50.0    	154     	6.148777E+0	2.293190E-3	-1.36E-1   	50.00     	6797.40 	24.7 	33.3 	6.145604E+0	4.572975E-6 	1.187673E+7	3.925982E+3	-1.625407E+0	2.350177E-4	6.710287E+0	6.690294E+0
50.0    	155     	6.149352E+0	4.943596E-4	-4.07E-2   	50.00     	6799.96 	24.7 	33.3 	6.146119E+0	1.746709E-7 	1.187577E+7	8.082904E+2	-1.625487E+0	1.026320E-4	6.710862E+0	6.690809E+0
50.0    	156     	6.138287E+0	1.257905E-3	-1.00E-3   	50.00     	6802.53 	24.7 	33.3 	6.134953E+0	1.387122E-6 	1.189550E+7	2.165641E+3	-1.625670E+0	1.044031E-4	6.699797E+0	6.679643E+0
50.0    	157     	6.151743E+0	2.649151E-2	-6.96E-2   	50.00     	6805.10 	24.7 	33.3 	6.147563E+0	7.673946E-4 	1.187250E+7	4.785478E+4	-1.626683E+0	3.564524E-3	6.713253E+0	6.692253E+0
50.0    	158     	6.135450E+0	5.762782E-4	-1.52E-1   	50.00     	6807.68 	24.7 	33.3 	6.132205E+0	2.384526E-7 	1.190047E+7	9.237604E+2	-1.625560E+0	3.421988E-4	6.696960E+0	6.676895E+0
50.0    	159     	6.136904E+0	2.493346E-3	-3.35E-2   	50.00     	6810.25 	24.7 	33.3 	6.133525E+0	5.491532E-6 	1.189800E+7	4.300000E+3	-1.625737E+0	2.510644E-4	6.698414E+0	6.678215E+0
50.0    	160     	6.338728E+0	1.594816E-3	-3.71E-4   	50.00     	6812.83 	24.7 	33.3 	6.335929E+0	2.266496E-6 	1.154900E+7	2.598076E+3	-1.624143E+0	1.350309E-4	6.900238E+0	6.880619E+0
50.0    	161     	6.348198E+0	2.489974E-3	-2.28E-2   	50.00     	6815.40 	24.7 	33.3 	6.345697E+0	6.032589E-6 	1.153290E+7	4.132796E+3	-1.623700E+0	9.848858E-5	6.909708E+0	6.890387E+0
50.0    	162     	6.142701E+0	1.484313E-3	-2.32E-1   	50.00     	6817.96 	24.7 	33.3 	6.139280E+0	1.901425E-6 	1.188773E+7	2.542309E+3	-1.625770E+0	1.400000E-4	6.704211E+0	6.683970E+0
50.0    	163     	6.422099E+0	1.071005E-3	-2.98E-1   	50.00     	6820.54 	24.7 	33.3 	6.419827E+0	1.104848E-6 	1.141050E+7	1.732051E+3	-1.623107E+0	2.013289E-4	6.983609E+0	6.964517E+0
50.0    	164     	7.325879E-1	9.139720E-4	1.54E-1    	50.00     	6823.12 	24.7 	33.3 	6.055294E-1	2.041177E-7 	6.522533E+7	3.571279E+4	-1.910743E+0	4.606879E-4	1.294098E+0	1.150219E+0
50.0    	165     	6.417106E+0	1.522269E-3	-1.01E-1   	50.00     	6825.70 	24.7 	33.3 	6.414886E+0	2.729774E-6 	1.141863E+7	2.600641E+3	-1.623053E+0	1.887679E-4	6.978616E+0	6.959576E+0
50.0    	166     	6.139844E+0	8.512701E-4	-1.83E-1   	50.00     	6828.24 	24.7 	33.3 	6.136620E+0	1.113113E-6 	1.189263E+7	1.692139E+3	-1.625513E+0	3.121431E-4	6.701354E+0	6.681310E+0
50.0    	167     	6.145120E+0	1.561872E-3	-2.31E-1   	50.00     	6830.82 	24.7 	33.3 	6.141968E+0	2.446202E-6 	1.188320E+7	2.773085E+3	-1.625393E+0	1.001665E-4	6.706630E+0	6.686658E+0
50.0    	168     	6.150990E+0	1.076989E-3	-1.11E-1   	50.00     	6833.40 	24.7 	33.3 	6.147642E+0	1.024362E-6 	1.187297E+7	1.844813E+3	-1.625637E+0	2.354428E-4	6.712500E+0	6.692332E+0
50.0    	169     	6.151611E+0	9.115936E-4	-2.50E-1   	50.00     	6835.98 	24.7 	33.3 	6.148564E+0	7.520077E-7 	1.187160E+7	1.571623E+3	-1.625223E+0	1.700980E-4	6.713121E+0	6.693254E+0
50.0    	170     	6.150927E+0	2.427967E-3	-3.08E-1   	50.00     	6838.54 	24.7 	33.3 	6.147894E+0	5.674921E-6 	1.187280E+7	4.257934E+3	-1.625207E+0	2.000833E-4	6.712437E+0	6.692584E+0
50.0    	171     	6.143306E+0	1.485362E-3	7.31E-2    	50.00     	6841.10 	24.7 	33.3 	6.140214E+0	2.654171E-6 	1.188637E+7	2.764658E+3	-1.625320E+0	2.042058E-4	6.704816E+0	6.684904E+0
50.0    	172     	6.134160E+0	1.644316E-3	-1.70E-1   	50.00     	6843.67 	24.7 	33.3 	6.130800E+0	3.082994E-6 	1.190287E+7	3.027100E+3	-1.625723E+0	1.594783E-4	6.695670E+0	6.675490E+0
50.0    	173     	6.134493E+0	3.613835E-4	-4.71E-1   	50.00     	6846.24 	24.7 	33.3 	6.130953E+0	1.369711E-7 	1.190243E+7	6.506407E+2	-1.625967E+0	4.041452E-5	6.696003E+0	6.675643E+0
50.0    	174     	6.134047E+0	1.052928E-3	-6.68E-1   	50.00     	6848.82 	24.7 	33.3 	6.130875E+0	1.540184E-6 	1.190290E+7	2.042058E+3	-1.625467E+0	2.640707E-4	6.695557E+0	6.675565E+0
50.0    	175     	6.140376E+0	1.361672E-3	-4.58E-2   	50.00     	6851.39 	24.7 	33.3 	6.137251E+0	1.975351E-6 	1.189160E+7	2.457641E+3	-1.625377E+0	1.159023E-4	6.701886E+0	6.681941E+0
50.0    	176     	6.340342E+0	6.523574E-4	2.46E-2    	50.00     	6853.96 	24.7 	33.3 	6.337736E+0	2.185987E-7 	1.154613E+7	9.237604E+2	-1.623873E+0	3.635015E-4	6.901852E+0	6.882426E+0
50.0    	177     	6.347332E+0	2.184237E-3	-3.73E-1   	50.00     	6856.53 	24.7 	33.3 	6.344728E+0	4.910508E-6 	1.153443E+7	3.677409E+3	-1.623843E+0	1.137248E-4	6.908842E+0	6.889418E+0
50.0    	178     	6.143672E+0	1.101416E-3	-1.92E-1   	50.00     	6859.10 	24.7 	33.3 	6.140374E+0	1.470331E-6 	1.188590E+7	2.051828E+3	-1.625600E+0	2.163331E-4	6.705182E+0	6.685064E+0
50.0    	179     	6.147644E+0	6.560009E-4	-2.84E-1   	50.00     	6861.68 	24.7 	33.3 	6.144555E+0	3.295167E-7 	1.187867E+7	1.078579E+3	-1.625297E+0	2.706166E-4	6.709154E+0	6.689245E+0
50.0    	180     	6.420511E+0	1.683635E-3	4.66E-2    	50.00     	6864.27 	24.7 	33.3 	6.418888E+0	2.542362E-6 	1.141257E+7	2.672702E+3	-1.622213E+0	4.037739E-4	6.982021E+0	6.963578E+0
50.0    	181     	6.144960E+0	2.136190E-3	-4.37E-2   	50.00     	6866.84 	24.7 	33.3 	6.141828E+0	3.900046E-6 	1.188347E+7	3.647373E+3	-1.625367E+0	2.328805E-4	6.706470E+0	6.686518E+0
50.0    	182     	6.135225E+0	7.030206E-4	-1.56E-1   	50.00     	6869.40 	24.7 	33.3 	6.131944E+0	7.397743E-7 	1.190090E+7	1.389244E+3	-1.625610E+0	2.463737E-4	6.696735E+0	6.676634E+0
50.0    	183     	6.138787E+0	9.527457E-4	1.20E-2    	50.00     	6871.95 	24.7 	33.3 	6.135652E+0	9.311661E-7 	1.189443E+7	1.703917E+3	-1.625397E+0	8.504901E-5	6.700297E+0	6.680342E+0
50.0    	184     	6.135912E+0	9.039447E-4	-5.54E-1   	50.00     	6874.54 	24.7 	33.3 	6.132717E+0	9.874041E-7 	1.189960E+7	1.682260E+3	-1.625490E+0	2.570992E-4	6.697422E+0	6.677407E+0
50.0    	185     	6.136281E+0	1.050900E-3	-3.71E-1   	50.00     	6877.12 	24.7 	33.3 	6.133510E+0	1.231413E-6 	1.189857E+7	1.921805E+3	-1.624907E+0	9.291573E-5	6.697791E+0	6.678200E+0
50.0    	186     	6.139546E+0	3.232101E-4	7.84E-2    	50.00     	6879.67 	24.7 	33.3 	6.136430E+0	7.065608E-8 	1.189307E+7	4.932883E+2	-1.625367E+0	2.804164E-4	6.701056E+0	6.681120E+0
50.0    	187     	6.138031E+0	2.611118E-3	-1.65E-1   	50.00     	6882.24 	24.7 	33.3 	6.135097E+0	7.047492E-6 	1.189560E+7	4.680812E+3	-1.625123E+0	8.020806E-5	6.699541E+0	6.679787E+0
50.0    	188     	6.136887E+0	1.359313E-3	-1.63E-1   	50.00     	6884.83 	24.7 	33.3 	6.133616E+0	1.782770E-6 	1.189793E+7	2.396525E+3	-1.625590E+0	7.000000E-5	6.698397E+0	6.678306E+0
50.0    	189     	6.135109E+0	1.446157E-3	-2.33E-1   	50.00     	6887.40 	24.7 	33.3 	6.132060E+0	1.933361E-6 	1.190090E+7	2.523886E+3	-1.625293E+0	1.021437E-4	6.696619E+0	6.676750E+0
50.0    	190     	6.136700E+0	9.585080E-4	-1.98E-1   	50.00     	6889.98 	24.7 	33.3 	6.133578E+0	8.341650E-7 	1.189813E+7	1.662328E+3	-1.625387E+0	1.550269E-4	6.698210E+0	6.678268E+0
50.0    	191     	6.138432E+0	8.598600E-4	-1.94E-1   	50.00     	6892.56 	24.7 	33.3 	6.135071E+0	6.963341E-7 	1.189527E+7	1.504438E+3	-1.625707E+0	1.222020E-4	6.699942E+0	6.679761E+0
50.0    	192     	6.343691E+0	3.002954E-4	-3.49E-1   	50.00     	6895.12 	24.7 	33.3 	6.341035E+0	7.000666E-8 	1.154057E+7	4.725816E+2	-1.623930E+0	5.000000E-5	6.905201E+0	6.885725E+0
50.0    	193     	6.343806E+0	1.160691E-3	-1.74E-1   	50.00     	6897.69 	24.7 	33.3 	6.341596E+0	1.310424E-6 	1.154000E+7	1.928730E+3	-1.623317E+0	4.163332E-5	6.905316E+0	6.886286E+0
50.0    	194     	6.142464E+0	2.065244E-3	-4.74E-1   	50.00     	6900.26 	24.7 	33.3 	6.139555E+0	4.996406E-6 	1.188770E+7	3.810512E+3	-1.625070E+0	4.423799E-4	6.703974E+0	6.684245E+0
50.0    	195     	6.143950E+0	1.576672E-3	-4.26E-1   	50.00     	6902.85 	24.7 	33.3 	6.140809E+0	2.962383E-6 	1.188527E+7	2.926317E+3	-1.625383E+0	2.205297E-4	6.705460E+0	6.685499E+0
50.0    	196     	6.143348E+0	1.629266E-3	-5.21E-2   	50.00     	6905.41 	24.7 	33.3 	6.140135E+0	3.120050E-6 	1.188640E+7	3.004996E+3	-1.625483E+0	4.101626E-4	6.704858E+0	6.684825E+0
50.0    	197     	6.136616E+0	2.122759E-3	-4.42E-1   	50.00     	6908.01 	24.7 	33.3 	6.133326E+0	4.533541E-6 	1.189843E+7	3.781975E+3	-1.625617E+0	2.516611E-5	6.698126E+0	6.678016E+0
50.0    	198     	6.145344E+0	1.926061E-3	-1.00E-1   	50.00     	6910.57 	24.7 	33.3 	6.142420E+0	3.926013E-6 	1.188260E+7	3.465545E+3	-1.625080E+0	1.249000E-4	6.706854E+0	6.687110E+0
50.0    	199     	6.141738E+0	1.179175E-3	-8.47E-2   	50.00     	6913.14 	24.7 	33.3 	6.138704E+0	1.408039E-6 	1.188910E+7	2.100000E+3	-1.625247E+0	1.078579E-4	6.703248E+0	6.683394E+0
50.0    	200     	6.136862E+0	1.827169E-3	-3.45E-1   	50.00     	6915.71 	24.7 	33.3 	6.134091E+0	3.352191E-6 	1.189753E+7	3.253204E+3	-1.624903E+0	5.686241E-5	6.698372E+0	6.678781E+0
50.0    	201     	6.137521E+0	1.134274E-3	-2.18E-1   	50.00     	6918.28 	24.7 	33.3 	6.134370E+0	1.693163E-6 	1.189670E+7	2.165641E+3	-1.625423E+0	2.400694E-4	6.699031E+0	6.679060E+0
50.0    	202     	6.140226E+0	2.300254E-3	-2.89E-1   	50.00     	6920.86 	24.7 	33.3 	6.137365E+0	4.971162E-6 	1.189163E+7	4.021608E+3	-1.625013E+0	2.802380E-4	6.701736E+0	6.682055E+0
50.0    	203     	6.141808E+0	1.477202E-3	4.38E-2    	50.00     	6923.44 	24.7 	33.3 	6.138934E+0	2.391821E-6 	1.188883E+7	2.685765E+3	-1.625027E+0	1.026320E-4	6.703318E+0	6.683624E+0
50.0    	204     	6.134170E+0	5.548851E-4	-2.92E-1   	50.00     	6926.02 	24.7 	33.3 	6.131014E+0	6.167147E-7 	1.190267E+7	1.193035E+3	-1.625443E+0	3.200521E-4	6.695680E+0	6.675704E+0
50.0    	205     	6.134843E+0	1.292909E-3	-2.29E-1   	50.00     	6928.57 	24.7 	33.3 	6.131651E+0	1.115670E-6 	1.190150E+7	2.088061E+3	-1.625490E+0	3.500000E-4	6.696353E+0	6.676341E+0
50.0    	206     	6.138389E+0	1.644582E-3	-4.93E-1   	50.00     	6931.15 	24.7 	33.3 	6.135563E+0	2.381113E-6 	1.189487E+7	2.830783E+3	-1.624973E+0	2.285461E-4	6.699899E+0	6.680253E+0
50.0    	207     	6.143661E+0	1.099521E-3	-3.80E-2   	50.00     	6933.74 	24.7 	33.3 	6.140723E+0	1.421567E-6 	1.188560E+7	2.029778E+3	-1.625107E+0	2.470493E-4	6.705171E+0	6.685413E+0
50.0    	208     	6.342383E+0	2.150185E-3	-2.74E-1   	50.00     	6936.29 	24.7 	33.3 	6.340232E+0	4.585652E-6 	1.154233E+7	3.592121E+3	-1.623240E+0	1.058301E-4	6.903893E+0	6.884922E+0
50.0    	209     	6.355954E+0	1.673248E-3	4.68E-2    	50.00     	6938.86 	24.7 	33.3 	6.353953E+0	3.038024E-6 	1.151953E+7	2.837840E+3	-1.622980E+0	4.257934E-4	6.917464E+0	6.898643E+0
50.0    	210     	6.141952E+0	1.126875E-3	-4.46E-1   	50.00     	6941.46 	24.7 	33.3 	6.138902E+0	1.299635E-6 	1.188873E+7	2.003331E+3	-1.625267E+0	3.089229E-4	6.703462E+0	6.683592E+0
50.0    	211     	6.145173E+0	9.110274E-4	-2.31E-1   	50.00     	6944.01 	24.7 	33.3 	6.141990E+0	1.157248E-6 	1.188313E+7	1.761628E+3	-1.625437E+0	2.542309E-4	6.706683E+0	6.686680E+0
50.0    	212     	6.140999E+0	1.344815E-4	-1.26E-1   	50.00     	6946.58 	24.7 	33.3 	6.138204E+0	4.967290E-8 	1.189020E+7	3.000000E+2	-1.624920E+0	2.029778E-4	6.702509E+0	6.682894E+0
50.0    	213     	6.144229E+0	1.010812E-3	-4.01E-1   	50.00     	6949.15 	24.7 	33.3 	6.141393E+0	9.011452E-7 	1.188450E+7	1.732051E+3	-1.624963E+0	2.627420E-4	6.705739E+0	6.686083E+0
50.0    	214     	6.142236E+0	5.729394E-4	-2.63E-2   	50.00     	6951.73 	24.7 	33.3 	6.139032E+0	2.187151E-7 	1.188837E+7	9.237604E+2	-1.625477E+0	1.436431E-4	6.703746E+0	6.683722E+0
50.0    	215     	6.138806E+0	1.272941E-3	-9.61E-2   	50.00     	6954.30 	24.7 	33.3 	6.135634E+0	1.695767E-6 	1.189443E+7	2.285461E+3	-1.625447E+0	1.985783E-4	6.700316E+0	6.680324E+0
50.0    	216     	6.144325E+0	4.923536E-4	-1.83E-1   	50.00     	6956.87 	24.7 	33.3 	6.141561E+0	1.315863E-7 	1.188427E+7	7.505553E+2	-1.624863E+0	2.468468E-4	6.705835E+0	6.686251E+0
50.0    	217     	6.144173E+0	1.393699E-3	-1.14E-1   	50.00     	6959.46 	24.7 	33.3 	6.141487E+0	2.416357E-6 	1.188447E+7	2.615977E+3	-1.624757E+0	2.400694E-4	6.705683E+0	6.686177E+0
50.0    	218     	6.140210E+0	1.117887E-3	-1.74E-1   	50.00     	6962.03 	24.7 	33.3 	6.137192E+0	1.467731E-6 	1.189180E+7	2.066398E+3	-1.625230E+0	2.260531E-4	6.701720E+0	6.681882E+0
50.0    	219     	6.139077E+0	3.567344E-4	-4.22E-1   	50.00     	6964.60 	24.7 	33.3 	6.135999E+0	2.381283E-7 	1.189387E+7	7.505553E+2	-1.625317E+0	1.858315E-4	6.700587E+0	6.680689E+0
50.0    	220     	6.140819E+0	8.726522E-4	7.39E-2    	50.00     	6967.17 	24.7 	33.3 	6.138046E+0	7.855684E-7 	1.189050E+7	1.562050E+3	-1.624890E+0	6.082763E-5	6.702329E+0	6.682736E+0
50.0    	221     	6.139895E+0	6.228889E-4	-2.05E-1   	50.00     	6969.75 	24.7 	33.3 	6.137169E+0	6.168967E-7 	1.189210E+7	1.249000E+3	-1.624830E+0	2.594224E-4	6.701405E+0	6.681859E+0
50.0    	222     	6.140505E+0	1.156258E-3	-1.12E-1   	50.00     	6972.31 	24.7 	33.3 	6.137648E+0	1.814191E-6 	1.189113E+7	2.218859E+3	-1.625007E+0	3.611556E-4	6.702015E+0	6.682338E+0
50.0    	223     	6.141291E+0	8.940495E-4	-2.65E-1   	50.00     	6974.88 	24.7 	33.3 	6.138287E+0	8.255579E-7 	1.188987E+7	1.601041E+3	-1.625207E+0	4.509250E-5	6.702801E+0	6.682977E+0
50.0    	224     	6.344285E+0	1.010926E-3	1.09E-1    	50.00     	6977.46 	24.7 	33.3 	6.341636E+0	8.628305E-7 	1.153957E+7	1.619671E+3	-1.623917E+0	1.962991E-4	6.905795E+0	6.886326E+0
50.0    	225     	6.349605E+0	1.148676E-3	-7.15E-2   	50.00     	6980.03 	24.7 	33.3 	6.347360E+0	1.217677E-6 	1.153033E+7	1.877054E+3	-1.623343E+0	2.193931E-4	6.911115E+0	6.892050E+0
50.0    	226     	6.147718E+0	1.363720E-3	-3.42E-1   	50.00     	6982.59 	24.7 	33.3 	6.144595E+0	1.863348E-6 	1.187857E+7	2.417299E+3	-1.625343E+0	1.446836E-4	6.709228E+0	6.689285E+0
50.0    	227     	6.145118E+0	1.553891E-3	-3.03E-1   	50.00     	6985.16 	24.7 	33.3 	6.142083E+0	2.475541E-6 	1.188310E+7	2.773085E+3	-1.625233E+0	1.305118E-4	6.706628E+0	6.686773E+0
50.0    	228     	6.148260E+0	7.494950E-4	-2.50E-1   	50.00     	6987.74 	24.7 	33.3 	6.145668E+0	5.063316E-7 	1.187713E+7	1.285820E+3	-1.624610E+0	2.457641E-4	6.709770E+0	6.690358E+0
50.0    	229     	6.146928E+0	1.269632E-3	-1.58E-2   	50.00     	6990.31 	24.7 	33.3 	6.144031E+0	1.475992E-6 	1.187977E+7	2.203028E+3	-1.625037E+0	7.023769E-5	6.708438E+0	6.688721E+0
50.0    	230     	6.144854E+0	1.374819E-3	-2.65E-1   	50.00     	6992.87 	24.7 	33.3 	6.141896E+0	2.168124E-6 	1.188350E+7	2.523886E+3	-1.625130E+0	2.206808E-4	6.706364E+0	6.686586E+0
50.0    	231     	6.146906E+0	1.222682E-3	-1.55E-1   	50.00     	6995.45 	24.7 	33.3 	6.143978E+0	1.259918E-6 	1.187983E+7	2.079263E+3	-1.625080E+0	1.452584E-4	6.708416E+0	6.688668E+0
50.0    	232     	6.146573E+0	1.679299E-3	-4.10E-1   	50.00     	6998.03 	24.7 	33.3 	6.143897E+0	2.720320E-6 	1.188020E+7	2.951271E+3	-1.624733E+0	5.507571E-5	6.708083E+0	6.688587E+0
50.0    	233     	6.143579E+0	5.198298E-4	-1.81E-1   	50.00     	7000.59 	24.7 	33.3 	6.140842E+0	3.447260E-7 	1.188557E+7	9.814955E+2	-1.624830E+0	1.212436E-4	6.705089E+0	6.685532E+0
50.0    	234     	6.143203E+0	1.102061E-3	-1.04E-1   	50.00     	7003.16 	24.7 	33.3 	6.140317E+0	1.289659E-6 	1.188637E+7	1.985783E+3	-1.625037E+0	1.040833E-4	6.704713E+0	6.685007E+0
50.0    	235     	6.143297E+0	1.709131E-3	-8.33E-2   	50.00     	7005.76 	24.7 	33.3 	6.140336E+0	2.519312E-6 	1.188627E+7	2.926317E+3	-1.625140E+0	1.609348E-4	6.704807E+0	6.685026E+0
50.0    	236     	6.141682E+0	9.260795E-4	-5.61E-3   	50.00     	7008.32 	24.7 	33.3 	6.138609E+0	8.811990E-7 	1.188923E+7	1.650253E+3	-1.625300E+0	2.179449E-4	6.703192E+0	6.683299E+0
50.0    	237     	6.141812E+0	7.829159E-4	-1.38E-1   	50.00     	7010.89 	24.7 	33.3 	6.138704E+0	5.178133E-7 	1.188903E+7	1.331666E+3	-1.625347E+0	1.553491E-4	6.703322E+0	6.683394E+0
50.0    	238     	6.142023E+0	6.339904E-4	-2.14E-1   	50.00     	7013.45 	24.7 	33.3 	6.138794E+0	7.122091E-7 	1.188877E+7	1.305118E+3	-1.625510E+0	3.609709E-4	6.703533E+0	6.683484E+0
50.0    	239     	6.144718E+0	9.361482E-4	-2.20E-1   	50.00     	7016.01 	24.7 	33.3 	6.141769E+0	1.081708E-6 	1.188373E+7	1.750238E+3	-1.625117E+0	2.247962E-4	6.706228E+0	6.686459E+0
50.0    	240     	6.345442E+0	1.121867E-3	-3.05E-1   	50.00     	7018.59 	24.7 	33.3 	6.343347E+0	1.003931E-6 	1.153717E+7	1.761628E+3	-1.623150E+0	4.085340E-4	6.906952E+0	6.888037E+0
50.0    	241     	6.575227E+0	9.810559E-4	-4.73E-1   	50.00     	7021.16 	24.7 	33.3 	6.574074E+0	8.437288E-7 	1.116447E+7	1.484363E+3	-1.621000E+0	1.967232E-4	7.136737E+0	7.118764E+0
50.0    	242     	6.379569E+0	1.866251E-3	-1.44E-1   	50.00     	7023.74 	24.7 	33.3 	6.377312E+0	3.884407E-6 	1.148050E+7	3.174902E+3	-1.623247E+0	2.565801E-4	6.941079E+0	6.922002E+0
50.0    	243     	6.353287E+0	1.349730E-3	-1.06E-1   	50.00     	7026.31 	24.7 	33.3 	6.351303E+0	1.165712E-6 	1.152397E+7	2.025669E+3	-1.622967E+0	3.850108E-4	6.914797E+0	6.895993E+0
50.0    	244     	6.353006E+0	3.405311E-3	-2.87E-1   	50.00     	7028.87 	24.7 	33.3 	6.350708E+0	1.227121E-5 	1.152470E+7	5.765414E+3	-1.623403E+0	2.020726E-4	6.914516E+0	6.895398E+0
50.0    	245     	6.356944E+0	9.989595E-4	-3.49E-1   	50.00     	7031.45 	24.7 	33.3 	6.354642E+0	8.246823E-7 	1.151813E+7	1.588500E+3	-1.623393E+0	1.517674E-4	6.918454E+0	6.899332E+0
50.0    	246     	6.355047E+0	1.496142E-3	-3.57E-1   	50.00     	7034.02 	24.7 	33.3 	6.353061E+0	2.269753E-6 	1.152103E+7	2.500667E+3	-1.622963E+0	2.227854E-4	6.916557E+0	6.897751E+0
50.0    	247     	6.362004E+0	1.939019E-3	-4.27E-1   	50.00     	7036.60 	24.7 	33.3 	6.360467E+0	3.875814E-6 	1.150907E+7	3.251666E+3	-1.622310E+0	7.810250E-5	6.923514E+0	6.905157E+0
50.0    	248     	6.362535E+0	5.265369E-4	1.07E-1    	50.00     	7039.18 	24.7 	33.3 	6.360656E+0	2.053254E-7 	1.150847E+7	8.144528E+2	-1.622787E+0	1.159023E-4	6.924045E+0	6.905346E+0
50.0    	249     	6.355700E+0	9.690503E-4	-3.13E-1   	50.00     	7041.75 	24.7 	33.3 	6.353806E+0	8.210034E-7 	1.151987E+7	1.563117E+3	-1.622833E+0	9.865766E-5	6.917210E+0	6.898496E+0
50.0    	250     	6.361305E+0	4.924432E-4	-4.06E-1   	50.00     	7044.32 	24.7 	33.3 	6.359204E+0	3.313499E-7 	1.151070E+7	8.888194E+2	-1.623100E+0	1.252996E-4	6.922815E+0	6.903894E+0
50.0    	251     	6.362159E+0	1.194663E-3	-2.41E-1   	50.00     	7046.90 	24.7 	33.3 	6.360312E+0	1.243576E-6 	1.150907E+7	1.921805E+3	-1.622743E+0	1.250333E-4	6.923669E+0	6.905002E+0
50.0    	252     	6.351201E+0	2.250909E-3	-7.39E-2   	50.00     	7049.48 	24.7 	33.3 	6.348998E+0	5.218890E-6 	1.152763E+7	3.787259E+3	-1.623280E+0	6.244998E-5	6.912711E+0	6.893688E+0
50.0    	253     	6.346446E+0	1.422485E-3	-2.20E-1   	50.00     	7052.05 	24.7 	33.3 	6.344337E+0	1.631286E-6 	1.153550E+7	2.253886E+3	-1.623167E+0	2.829016E-4	6.907956E+0	6.889027E+0
50.0    	254     	6.350751E+0	1.259983E-3	-4.06E-1   	50.00     	7054.62 	24.7 	33.3 	6.348888E+0	1.563513E-6 	1.152810E+7	2.095233E+3	-1.622810E+0	1.135782E-4	6.912261E+0	6.893578E+0
50.0    	255     	6.360082E+0	5.735866E-4	-1.01E-1   	50.00     	7057.22 	24.7 	33.3 	6.358025E+0	3.276520E-7 	1.151270E+7	9.539392E+2	-1.623043E+0	4.509250E-5	6.921592E+0	6.902715E+0
50.0    	256     	6.566527E+0	4.731482E-4	-3.19E-1   	50.00     	7059.77 	24.7 	33.3 	6.565430E+0	2.015498E-7 	1.117807E+7	7.234178E+2	-1.620953E+0	5.773503E-5	7.128037E+0	7.110120E+0
50.0    	257     	5.693548E+0	1.869261E-3	-1.51E-1   	50.00     	7062.32 	24.7 	33.3 	5.688204E+0	2.622788E-6 	1.274470E+7	3.559494E+3	-1.630357E+0	3.401960E-4	6.255058E+0	6.232894E+0
50.0    	258     	8.146217E+0	1.250227E-3	-3.82E-1   	50.00     	7064.90 	24.7 	33.3 	8.148590E+0	1.495489E-6 	9.146310E+6	1.299885E+3	-1.611540E+0	3.605551E-5	8.707727E+0	8.693280E+0
50.0    	259     	1.129543E+1	8.225244E-4	-3.26E-1   	50.00     	7067.47 	24.7 	33.3 	1.130326E+1	6.632262E-7 	6.714013E+6	4.636090E+2	-1.598347E+0	1.154701E-5	1.185694E+1	1.184795E+1
50.0    	260     	2.372997E+1	8.014666E-4	-1.73E-1   	50.00     	7070.05 	24.7 	33.3 	2.374602E+1	6.151307E-7 	3.275993E+6	1.069268E+2	-1.576420E+0	7.549834E-5	2.429148E+1	2.429071E+1
50.0    	261     	2.823744E+1	4.189870E-4	-1.64E-1   	50.00     	7072.62 	24.7 	33.3 	2.825420E+1	1.720588E-7 	2.763210E+6	4.000000E+1	-1.572270E+0	6.082763E-5	2.879895E+1	2.879889E+1
50.0    	262     	3.433178E+1	8.647900E-5	-3.45E-1   	50.00     	7075.20 	24.7 	33.3 	3.434825E+1	8.156753E-9 	2.280607E+6	5.773503E+0	-1.567630E+0	3.464102E-5	3.489329E+1	3.489294E+1
50.0    	263     	5.030808E+1	1.591941E-3	-1.71E-1   	50.00     	7077.78 	24.7 	33.3 	5.031641E+1	2.610332E-6 	1.564473E+6	4.932883E+1	-1.557880E+0	2.000000E-5	5.086959E+1	5.086110E+1
50.0    	264     	1.102143E+2	1.695881E-3	2.06E-2    	50.00     	7080.34 	24.7 	33.3 	1.100479E+2	3.263482E-6 	7.189597E+5	1.137248E+1	-1.530113E+0	1.527525E-5	1.107759E+2	1.105926E+2
55.0    	1       	6.530013E+0	1.163972E-3	1.01E+1    	55.00     	7112.87 	24.7 	33.3 	6.528449E+0	1.590562E-6 	1.123607E+7	1.921805E+3	-1.621733E+0	2.055075E-4	7.091523E+0	7.073139E+0
55.0    	2       	6.638910E+0	8.312164E-4	-2.12E-1   	55.00     	7115.20 	24.7 	33.3 	6.637542E+0	8.921569E-7 	1.106577E+7	1.365040E+3	-1.621077E+0	1.903506E-4	7.200420E+0	7.182232E+0
55.0    	3       	7.408914E-1	1.090101E-3	-2.37E-1   	55.00     	7117.77 	24.7 	33.3 	6.075387E-1	1.410769E-7 	6.496037E+7	3.749964E+4	-1.917250E+0	7.318470E-4	1.302401E+0	1.152229E+0
55.0    	4       	6.606283E+0	1.631205E-3	-1.12E-1   	55.00     	7120.35 	24.7 	33.3 	6.605088E+0	2.835809E-6 	1.111607E+7	2.573584E+3	-1.620950E+0	8.185353E-5	7.167793E+0	7.149778E+0
55.0    	5       	6.361772E+0	2.293046E-3	-2.08E-1   	55.00     	7122.92 	24.7 	33.3 	6.359418E+0	4.634605E-6 	1.151013E+7	3.700450E+3	-1.623447E+0	1.929594E-4	6.923282E+0	6.904108E+0
55.0    	6       	6.329435E+0	8.488436E-4	-4.23E-1   	55.00     	7125.50 	24.7 	33.3 	6.326870E+0	8.206349E-7 	1.156440E+7	1.473092E+3	-1.623860E+0	1.307670E-4	6.890945E+0	6.871560E+0
55.0    	7       	6.312497E+0	1.434926E-3	-2.99E-2   	55.00     	7128.07 	24.7 	33.3 	6.310091E+0	2.460364E-6 	1.159280E+7	2.535744E+3	-1.623707E+0	2.003331E-4	6.874007E+0	6.854781E+0
55.0    	8       	6.321486E+0	1.706112E-3	-1.72E-1   	55.00     	7130.66 	24.7 	33.3 	6.319918E+0	3.259381E-6 	1.157693E+7	2.956913E+3	-1.622507E+0	1.464013E-4	6.882996E+0	6.864608E+0
55.0    	9       	6.310546E+0	1.126739E-4	-1.23E-1   	55.00     	7133.21 	24.7 	33.3 	6.308530E+0	3.238155E-8 	1.159577E+7	1.527525E+2	-1.623173E+0	3.332166E-4	6.872056E+0	6.853220E+0
55.0    	10      	6.305855E+0	2.342815E-3	9.46E-2    	55.00     	7135.79 	24.7 	33.3 	6.303523E+0	5.841073E-6 	1.160397E+7	4.026578E+3	-1.623630E+0	1.212436E-4	6.867365E+0	6.848213E+0
55.0    	11      	6.307723E+0	2.558891E-4	-2.63E-1   	55.00     	7138.35 	24.7 	33.3 	6.305122E+0	2.534790E-8 	1.160103E+7	3.214550E+2	-1.623993E+0	2.627420E-4	6.869233E+0	6.849812E+0
55.0    	12      	6.347502E+0	1.807406E-3	-4.23E-1   	55.00     	7140.94 	24.7 	33.3 	6.344837E+0	3.313199E-6 	1.153420E+7	3.031501E+3	-1.623927E+0	8.326664E-5	6.909012E+0	6.889527E+0
55.0    	13      	6.310806E+0	1.761696E-3	-2.34E-1   	55.00     	7143.51 	24.7 	33.3 	6.308113E+0	2.853129E-6 	1.159590E+7	2.913760E+3	-1.624107E+0	1.724336E-4	6.872316E+0	6.852803E+0
55.0    	14      	6.579320E+0	1.181898E-3	-2.92E-1   	55.00     	7146.08 	24.7 	33.3 	6.577817E+0	1.559914E-6 	1.115833E+7	1.900877E+3	-1.621473E+0	1.401190E-4	7.140830E+0	7.122507E+0
55.0    	15      	9.317615E-1	2.085462E-3	-4.19E-2   	55.00     	7148.65 	24.7 	33.3 	9.176036E-1	3.683613E-6 	5.385227E+7	7.236825E+4	-1.715327E+0	1.177978E-3	1.493271E+0	1.462294E+0
55.0    	16      	6.782968E+0	1.253154E-3	-3.89E-2   	55.00     	7151.23 	24.7 	33.3 	6.781576E+0	1.276788E-6 	1.084847E+7	1.761628E+3	-1.620613E+0	1.789786E-4	7.344478E+0	7.326266E+0
55.0    	17      	6.332711E+0	7.488676E-4	2.88E-2    	55.00     	7153.83 	24.7 	33.3 	6.330221E+0	4.807634E-7 	1.155883E+7	1.209683E+3	-1.623743E+0	1.096966E-4	6.894221E+0	6.874911E+0
55.0    	18      	6.131652E+0	1.523085E-3	1.91E-1    	55.00     	7156.38 	24.7 	33.3 	6.128105E+0	2.118556E-6 	1.190750E+7	2.651415E+3	-1.625987E+0	1.803700E-4	6.693162E+0	6.672795E+0
55.0    	19      	6.411391E+0	2.287673E-3	9.75E-2    	55.00     	7158.96 	24.7 	33.3 	6.410069E+0	4.708975E-6 	1.142727E+7	3.655589E+3	-1.621827E+0	2.328805E-4	6.972901E+0	6.954759E+0
55.0    	20      	6.121929E+0	1.753997E-3	-1.33E-1   	55.00     	7161.51 	24.7 	33.3 	6.118549E+0	2.810485E-6 	1.192470E+7	3.064311E+3	-1.625800E+0	1.081665E-4	6.683439E+0	6.663239E+0
55.0    	21      	6.114544E+0	4.214557E-4	-1.61E-1   	55.00     	7164.10 	24.7 	33.3 	6.110655E+0	2.504425E-7 	1.193837E+7	8.082904E+2	-1.626520E+0	2.751363E-4	6.676054E+0	6.655345E+0
55.0    	22      	6.118099E+0	1.300323E-3	1.67E-1    	55.00     	7166.65 	24.7 	33.3 	6.114735E+0	1.383043E-6 	1.193153E+7	2.214347E+3	-1.625793E+0	1.738774E-4	6.679609E+0	6.659425E+0
55.0    	23      	6.116831E+0	2.210626E-3	-2.46E-1   	55.00     	7169.23 	24.7 	33.3 	6.113656E+0	4.749298E-6 	1.193363E+7	3.927255E+3	-1.625540E+0	4.582576E-5	6.678341E+0	6.658346E+0
55.0    	24      	6.115308E+0	1.476247E-3	-1.37E-1   	55.00     	7171.80 	24.7 	33.3 	6.112422E+0	2.057433E-6 	1.193610E+7	2.605763E+3	-1.625150E+0	5.196152E-5	6.676818E+0	6.657112E+0
55.0    	25      	6.104695E+0	7.989086E-4	-4.44E-2   	55.00     	7174.39 	24.7 	33.3 	6.101436E+0	7.293056E-7 	1.195547E+7	1.484363E+3	-1.625707E+0	8.736895E-5	6.666205E+0	6.646126E+0
55.0    	26      	6.157565E+0	1.461692E-3	-3.37E-1   	55.00     	7176.95 	24.7 	33.3 	6.154478E+0	1.643849E-6 	1.186110E+7	2.424871E+3	-1.625253E+0	2.400694E-4	6.719075E+0	6.699168E+0
55.0    	27      	6.106683E+0	1.089295E-3	-2.41E-1   	55.00     	7179.52 	24.7 	33.3 	6.103161E+0	7.639721E-7 	1.195213E+7	1.761628E+3	-1.626057E+0	2.902298E-4	6.668193E+0	6.647851E+0
55.0    	28      	6.109234E+0	1.543741E-3	-2.40E-1   	55.00     	7182.11 	24.7 	33.3 	6.105736E+0	2.062998E-6 	1.194753E+7	2.672702E+3	-1.626013E+0	1.501111E-4	6.670744E+0	6.650426E+0
55.0    	29      	6.110364E+0	1.732527E-3	-6.42E-3   	55.00     	7184.65 	24.7 	33.3 	6.106875E+0	3.435456E-6 	1.194550E+7	3.214032E+3	-1.625997E+0	2.362908E-4	6.671874E+0	6.651565E+0
55.0    	30      	6.112820E+0	1.483885E-3	-2.24E-2   	55.00     	7187.23 	24.7 	33.3 	6.109736E+0	2.394219E-6 	1.194073E+7	2.715388E+3	-1.625433E+0	1.154701E-4	6.674330E+0	6.654426E+0
55.0    	31      	6.392285E+0	2.833204E-4	-9.58E-3   	55.00     	7189.80 	24.7 	33.3 	6.388992E+0	1.072311E-7 	1.146033E+7	5.033223E+2	-1.624603E+0	7.505553E-5	6.953795E+0	6.933682E+0
55.0    	32      	6.320691E+0	7.874376E-4	-4.09E-2   	55.00     	7192.39 	24.7 	33.3 	6.318339E+0	8.085756E-7 	1.157893E+7	1.418920E+3	-1.623600E+0	1.992486E-4	6.882201E+0	6.863029E+0
55.0    	33      	6.318931E+0	9.685878E-4	-3.35E-1   	55.00     	7194.95 	24.7 	33.3 	6.316342E+0	8.076120E-7 	1.158210E+7	1.571623E+3	-1.623933E+0	1.588500E-4	6.880441E+0	6.861032E+0
55.0    	34      	6.120382E+0	1.629344E-3	-6.12E-2   	55.00     	7197.50 	24.7 	33.3 	6.117000E+0	2.890557E-6 	1.192747E+7	2.973774E+3	-1.625810E+0	2.066398E-4	6.681892E+0	6.661690E+0
55.0    	35      	6.113165E+0	5.640455E-4	-2.25E-1   	55.00     	7200.10 	24.7 	33.4 	6.110283E+0	2.471194E-7 	1.193993E+7	9.504385E+2	-1.625153E+0	9.018500E-5	6.674675E+0	6.654973E+0
55.0    	36      	6.116932E+0	7.791712E-4	-2.54E-1   	55.00     	7202.67 	24.7 	33.4 	6.113518E+0	7.286633E-7 	1.193367E+7	1.457166E+3	-1.625867E+0	1.955335E-4	6.678442E+0	6.658208E+0
55.0    	37      	6.114596E+0	1.839116E-3	-1.99E-1   	55.00     	7205.23 	24.7 	33.3 	6.111050E+0	3.213218E-6 	1.193797E+7	3.251666E+3	-1.626057E+0	1.026320E-4	6.676106E+0	6.655740E+0
55.0    	38      	6.108045E+0	1.160971E-3	-2.70E-1   	55.00     	7207.79 	24.7 	33.4 	6.104770E+0	1.309244E-6 	1.194947E+7	2.064784E+3	-1.625713E+0	1.750238E-4	6.669555E+0	6.649460E+0
55.0    	39      	6.114918E+0	1.611170E-3	-3.46E-1   	55.00     	7210.39 	24.7 	33.3 	6.111621E+0	2.910835E-6 	1.193717E+7	2.970410E+3	-1.625717E+0	1.415392E-4	6.676428E+0	6.656311E+0
55.0    	40      	6.112197E+0	7.072768E-4	-1.98E-1   	55.00     	7212.93 	24.7 	33.4 	6.108946E+0	3.158032E-7 	1.194200E+7	1.135782E+3	-1.625663E+0	2.122106E-4	6.673707E+0	6.653636E+0
55.0    	41      	6.105757E+0	1.161780E-3	-3.85E-1   	55.00     	7215.51 	24.7 	33.4 	6.102749E+0	9.197876E-7 	1.195333E+7	1.900877E+3	-1.625357E+0	3.177001E-4	6.667267E+0	6.647439E+0
55.0    	42      	6.108714E+0	6.136170E-4	6.07E-2    	55.00     	7218.11 	24.7 	33.4 	6.105327E+0	3.907555E-7 	1.194837E+7	1.106044E+3	-1.625863E+0	1.625833E-4	6.670224E+0	6.650017E+0
55.0    	43      	6.111279E+0	1.008153E-3	-2.18E-1   	55.00     	7220.66 	24.7 	33.4 	6.108078E+0	9.416352E-7 	1.194360E+7	1.769181E+3	-1.625600E+0	1.915724E-4	6.672789E+0	6.652768E+0
55.0    	44      	6.111698E+0	1.450867E-3	-3.76E-1   	55.00     	7223.23 	24.7 	33.4 	6.108478E+0	2.051134E-6 	1.194287E+7	2.577466E+3	-1.625623E+0	2.720907E-4	6.673208E+0	6.653168E+0
55.0    	45      	6.117964E+0	9.158742E-4	-3.84E-1   	55.00     	7225.79 	24.7 	33.4 	6.114684E+0	1.088060E-6 	1.193170E+7	1.752142E+3	-1.625680E+0	1.852026E-4	6.679474E+0	6.659374E+0
55.0    	46      	6.105925E+0	3.859316E-4	-1.52E-1   	55.00     	7228.37 	24.7 	33.4 	6.102989E+0	1.269755E-7 	1.195297E+7	6.658328E+2	-1.625257E+0	5.507571E-5	6.667435E+0	6.647679E+0
55.0    	47      	6.113426E+0	1.798430E-3	-2.84E-1   	55.00     	7230.95 	24.7 	33.4 	6.109839E+0	3.289288E-6 	1.194010E+7	3.235738E+3	-1.626117E+0	7.505553E-5	6.674936E+0	6.654529E+0
55.0    	48      	6.586537E+0	2.170717E-3	-2.86E-2   	55.00     	7233.51 	24.7 	33.4 	6.585061E+0	4.272373E-6 	1.114703E+7	3.308071E+3	-1.621410E+0	1.493318E-4	7.148047E+0	7.129751E+0
55.0    	49      	6.357292E+0	1.435035E-3	6.18E-2    	55.00     	7236.09 	24.7 	33.4 	6.355093E+0	2.164837E-6 	1.151747E+7	2.421432E+3	-1.623250E+0	1.135782E-4	6.918802E+0	6.899783E+0
55.0    	50      	6.119336E+0	2.322707E-3	-4.61E-2   	55.00     	7238.67 	24.7 	33.4 	6.115623E+0	5.076279E-6 	1.192963E+7	4.091862E+3	-1.626263E+0	1.101514E-4	6.680846E+0	6.660313E+0
55.0    	51      	6.112971E+0	2.001266E-3	-6.15E-2   	55.00     	7241.23 	24.7 	33.4 	6.110070E+0	3.791115E-6 	1.194030E+7	3.536948E+3	-1.625180E+0	9.539392E-5	6.674481E+0	6.654760E+0
55.0    	52      	6.111843E+0	8.996789E-4	1.44E-2    	55.00     	7243.81 	24.7 	33.4 	6.108445E+0	7.533373E-7 	1.194277E+7	1.582193E+3	-1.625867E+0	1.250333E-4	6.673353E+0	6.653135E+0
55.0    	53      	6.108793E+0	6.227025E-4	-3.59E-2   	55.00     	7246.38 	24.7 	33.4 	6.104989E+0	4.198803E-7 	1.194860E+7	1.135782E+3	-1.626430E+0	1.509967E-4	6.670303E+0	6.649679E+0
55.0    	54      	6.115817E+0	4.337140E-4	-3.66E-1   	55.00     	7248.96 	24.7 	33.4 	6.112472E+0	2.844702E-7 	1.193560E+7	8.544004E+2	-1.625777E+0	2.532456E-4	6.677327E+0	6.657162E+0
55.0    	55      	6.116922E+0	6.075400E-4	-2.01E-1   	55.00     	7251.53 	24.7 	33.4 	6.113416E+0	4.421713E-7 	1.193377E+7	1.137248E+3	-1.625993E+0	1.184624E-4	6.678432E+0	6.658106E+0
55.0    	56      	6.112150E+0	1.699117E-3	-2.72E-1   	55.00     	7254.12 	24.7 	33.4 	6.109476E+0	3.327761E-6 	1.194157E+7	3.156475E+3	-1.624870E+0	1.992486E-4	6.673660E+0	6.654166E+0
55.0    	57      	6.108514E+0	1.185596E-3	-5.21E-3   	55.00     	7256.68 	24.7 	33.4 	6.105602E+0	1.535281E-6 	1.194830E+7	2.170253E+3	-1.625213E+0	2.289833E-4	6.670024E+0	6.650292E+0
55.0    	58      	6.110891E+0	2.386405E-3	6.90E-2    	55.00     	7259.26 	24.7 	33.4 	6.107464E+0	5.828809E-6 	1.194450E+7	4.303487E+3	-1.625910E+0	7.211103E-5	6.672401E+0	6.652154E+0
55.0    	59      	6.111387E+0	2.020117E-3	-2.87E-1   	55.00     	7261.84 	24.7 	33.4 	6.107823E+0	3.376992E-6 	1.194373E+7	3.453018E+3	-1.626093E+0	3.500476E-4	6.672897E+0	6.652513E+0
55.0    	60      	6.109912E+0	1.234889E-3	-2.76E-1   	55.00     	7264.40 	24.7 	33.4 	6.106323E+0	1.981372E-6 	1.194640E+7	2.364318E+3	-1.626133E+0	3.372437E-4	6.671422E+0	6.651013E+0
55.0    	61      	6.406893E+0	8.637067E-4	-2.35E-1   	55.00     	7266.98 	24.7 	33.4 	6.404621E+0	1.000876E-6 	1.143543E+7	1.530795E+3	-1.623163E+0	2.150194E-4	6.968403E+0	6.949311E+0
55.0    	62      	6.407921E+0	1.561315E-3	-1.28E-1   	55.00     	7269.56 	24.7 	33.4 	6.406392E+0	2.565140E-6 	1.143313E+7	2.596793E+3	-1.622130E+0	1.276715E-4	6.969431E+0	6.951082E+0
55.0    	63      	6.389008E+0	9.018851E-4	-3.71E-1   	55.00     	7272.12 	24.7 	33.4 	6.386937E+0	1.348669E-6 	1.146473E+7	1.703917E+3	-1.622953E+0	3.663787E-4	6.950518E+0	6.931627E+0
55.0    	64      	9.847715E-1	3.257425E-5	-1.19E-1   	55.00     	7274.70 	24.7 	33.4 	9.023424E-1	5.601692E-8 	5.319940E+7	4.812484E+3	-1.826937E+0	2.809508E-4	1.546281E+0	1.447032E+0
55.0    	65      	6.382303E+0	8.122983E-4	-3.16E-1   	55.00     	7277.29 	24.7 	33.4 	6.379812E+0	5.813249E-7 	1.147617E+7	1.301281E+3	-1.623557E+0	1.301281E-4	6.943813E+0	6.924502E+0
55.0    	66      	6.115980E+0	1.081560E-3	-4.48E-1   	55.00     	7279.85 	24.7 	33.4 	6.112496E+0	1.059682E-6 	1.193543E+7	1.887679E+3	-1.625967E+0	1.418920E-4	6.677490E+0	6.657186E+0
55.0    	67      	6.128400E+0	1.265098E-3	-5.42E-1   	55.00     	7282.43 	24.7 	33.4 	6.124924E+0	1.241502E-6 	1.191323E+7	2.119748E+3	-1.625903E+0	2.419366E-4	6.689910E+0	6.669614E+0
55.0    	68      	6.116668E+0	1.404685E-3	-4.04E-1   	55.00     	7284.99 	24.7 	33.4 	6.113111E+0	2.244935E-6 	1.193427E+7	2.596793E+3	-1.626063E+0	1.850225E-4	6.678178E+0	6.657801E+0
55.0    	69      	6.116140E+0	1.002355E-3	-3.86E-1   	55.00     	7287.57 	24.7 	33.4 	6.112633E+0	7.112612E-7 	1.193517E+7	1.650253E+3	-1.625997E+0	2.369247E-4	6.677650E+0	6.657323E+0
55.0    	70      	6.114422E+0	3.681337E-4	-4.09E-1   	55.00     	7290.15 	24.7 	33.4 	6.111223E+0	8.743466E-8 	1.193797E+7	5.686241E+2	-1.625583E+0	2.814842E-4	6.675932E+0	6.655913E+0
55.0    	71      	6.112124E+0	1.110381E-3	1.02E-1    	55.00     	7292.71 	24.7 	33.4 	6.108833E+0	1.335962E-6 	1.194217E+7	2.030599E+3	-1.625720E+0	8.888194E-5	6.673634E+0	6.653523E+0
55.0    	72      	6.113703E+0	2.223411E-3	-6.67E-3   	55.00     	7295.28 	24.7 	33.4 	6.110492E+0	4.625488E-6 	1.193927E+7	3.914503E+3	-1.625603E+0	2.274496E-4	6.675213E+0	6.655182E+0
55.0    	73      	6.116370E+0	6.601405E-4	-1.98E-1   	55.00     	7297.85 	24.7 	33.4 	6.113371E+0	5.114287E-7 	1.193430E+7	1.228821E+3	-1.625300E+0	1.345362E-4	6.677880E+0	6.658061E+0
55.0    	74      	6.111774E+0	2.783290E-3	-3.49E-1   	55.00     	7300.44 	24.7 	33.4 	6.108775E+0	6.966435E-6 	1.194253E+7	4.858326E+3	-1.625320E+0	2.116601E-4	6.673284E+0	6.653465E+0
55.0    	75      	6.110383E+0	2.595138E-3	-1.12E-1   	55.00     	7303.05 	24.7 	33.4 	6.107376E+0	5.919701E-6 	1.194503E+7	4.508141E+3	-1.625337E+0	2.157159E-4	6.671893E+0	6.652066E+0
55.0    	76      	6.404958E+0	4.840856E-4	-2.61E-1   	55.00     	7305.57 	24.7 	33.4 	6.403109E+0	1.958265E-7 	1.143827E+7	7.571878E+2	-1.622587E+0	1.497776E-4	6.966468E+0	6.947799E+0
55.0    	77      	7.280383E-1	2.721555E-3	9.90E-2    	55.00     	7308.14 	24.7 	33.4 	6.065254E-1	4.012162E-6 	6.531217E+7	1.235469E+5	-1.904477E+0	1.145528E-3	1.289548E+0	1.151215E+0
55.0    	78      	7.323407E-1	5.955211E-4	2.56E-1    	55.00     	7310.71 	24.7 	33.4 	6.086805E-1	3.355247E-6 	6.514243E+7	6.671299E+4	-1.906577E+0	1.617168E-3	1.293851E+0	1.153371E+0
55.0    	79      	6.411479E+0	1.617587E-3	-1.57E-1   	55.00     	7313.31 	24.7 	33.4 	6.409576E+0	2.064218E-6 	1.142760E+7	2.505993E+3	-1.622637E+0	2.450170E-4	6.972989E+0	6.954266E+0
55.0    	80      	6.646304E+0	1.651538E-3	7.21E-3    	55.00     	7315.86 	24.7 	33.4 	6.644634E+0	2.405612E-6 	1.105463E+7	2.458319E+3	-1.621467E+0	1.677299E-4	7.207814E+0	7.189324E+0
55.0    	81      	6.370018E+0	2.796623E-3	-4.43E-1   	55.00     	7318.43 	24.7 	33.4 	6.367410E+0	7.878225E-6 	1.149663E+7	4.650090E+3	-1.623763E+0	3.353108E-4	6.931528E+0	6.912100E+0
55.0    	82      	6.140771E+0	3.038712E-4	-2.06E-1   	55.00     	7321.00 	24.7 	33.4 	6.137344E+0	1.119524E-7 	1.189117E+7	5.507571E+2	-1.625787E+0	2.122106E-4	6.702281E+0	6.682034E+0
55.0    	83      	6.137458E+0	2.285243E-3	1.32E-1    	55.00     	7323.59 	24.7 	33.4 	6.134058E+0	5.001620E-6 	1.189703E+7	4.020365E+3	-1.625763E+0	5.859465E-5	6.698968E+0	6.678748E+0
55.0    	84      	6.184000E+0	1.493237E-3	-2.89E-1   	55.00     	7326.14 	24.7 	33.4 	6.180627E+0	2.053741E-6 	1.181480E+7	2.563201E+3	-1.625537E+0	2.122106E-4	6.745510E+0	6.725317E+0
55.0    	85      	6.140295E+0	2.528200E-3	-4.43E-1   	55.00     	7328.71 	24.7 	33.4 	6.136884E+0	5.895628E-6 	1.189200E+7	4.403408E+3	-1.625767E+0	2.040425E-4	6.701805E+0	6.681574E+0
55.0    	86      	6.139851E+0	7.820734E-4	-2.45E-1   	55.00     	7331.29 	24.7 	33.4 	6.136839E+0	5.076138E-7 	1.189243E+7	1.327906E+3	-1.625223E+0	9.291573E-5	6.701361E+0	6.681529E+0
55.0    	87      	6.144192E+0	1.159654E-3	-1.27E-1   	55.00     	7333.87 	24.7 	33.4 	6.141056E+0	1.350110E-6 	1.188483E+7	2.059935E+3	-1.625377E+0	5.507571E-5	6.705702E+0	6.685746E+0
55.0    	88      	6.141892E+0	3.259017E-4	-3.56E-1   	55.00     	7336.43 	24.7 	33.4 	6.138925E+0	1.323167E-7 	1.188877E+7	6.110101E+2	-1.625153E+0	8.504901E-5	6.703402E+0	6.683615E+0
55.0    	89      	6.144321E+0	2.834733E-3	-1.96E-1   	55.00     	7339.01 	24.7 	33.4 	6.141453E+0	7.870412E-6 	1.188437E+7	5.005330E+3	-1.625007E+0	3.785939E-5	6.705831E+0	6.686143E+0
55.0    	90      	6.146563E+0	3.498584E-4	-2.18E-1   	55.00     	7341.57 	24.7 	33.4 	6.143531E+0	1.772984E-7 	1.188053E+7	6.806859E+2	-1.625223E+0	1.415392E-4	6.708073E+0	6.688221E+0
55.0    	91      	6.140805E+0	5.454512E-4	-2.00E-1   	55.00     	7344.15 	24.7 	33.4 	6.137722E+0	2.399267E-7 	1.189080E+7	9.165151E+2	-1.625317E+0	1.386843E-4	6.702315E+0	6.682412E+0
55.0    	92      	6.138467E+0	6.942293E-4	-1.85E-1   	55.00     	7346.71 	24.7 	33.4 	6.135372E+0	7.567430E-7 	1.189497E+7	1.386843E+3	-1.625343E+0	2.929733E-4	6.699977E+0	6.680062E+0
55.0    	93      	6.464239E+0	1.698893E-3	-1.97E-1   	55.00     	7349.29 	24.7 	33.4 	6.462092E+0	2.986061E-6 	1.134187E+7	2.768273E+3	-1.622777E+0	1.715615E-4	7.025749E+0	7.006782E+0
55.0    	94      	6.430630E+0	1.020309E-3	-3.63E-1   	55.00     	7351.86 	24.7 	33.4 	6.428634E+0	1.391787E-6 	1.139633E+7	1.778576E+3	-1.622693E+0	4.705670E-4	6.992140E+0	6.973324E+0
55.0    	95      	6.137206E+0	1.146818E-3	-1.77E-1   	55.00     	7354.45 	24.7 	33.4 	6.133748E+0	1.367009E-6 	1.189753E+7	2.059935E+3	-1.625843E+0	3.511885E-5	6.698716E+0	6.678438E+0
55.0    	96      	6.356544E+0	6.801252E-4	-1.75E-1   	55.00     	7357.00 	24.7 	33.4 	6.353803E+0	3.506403E-7 	1.151917E+7	1.059874E+3	-1.623997E+0	1.342882E-4	6.918054E+0	6.898493E+0
55.0    	97      	6.355724E+0	6.852177E-4	-1.66E-2   	55.00     	7359.57 	24.7 	33.4 	6.353063E+0	2.350861E-7 	1.152047E+7	9.712535E+2	-1.623890E+0	3.080584E-4	6.917234E+0	6.897753E+0
55.0    	98      	6.138676E+0	8.131445E-4	-3.93E-2   	55.00     	7362.15 	24.7 	33.4 	6.135351E+0	4.914299E-7 	1.189480E+7	1.345362E+3	-1.625657E+0	1.594783E-4	6.700186E+0	6.680041E+0
55.0    	99      	6.138756E+0	1.639102E-3	-2.30E-1   	55.00     	7364.73 	24.7 	33.4 	6.135384E+0	2.483722E-6 	1.189470E+7	2.858321E+3	-1.625720E+0	7.937254E-5	6.700266E+0	6.680074E+0
55.0    	100     	6.158187E+0	9.103700E-4	3.77E-2    	55.00     	7367.29 	24.7 	33.4 	6.154837E+0	8.662066E-7 	1.186023E+7	1.625833E+3	-1.625610E+0	1.039230E-4	6.719697E+0	6.699527E+0
55.0    	101     	6.138247E+0	1.207775E-3	7.67E-2    	55.00     	7369.87 	24.7 	33.4 	6.135180E+0	1.692010E-6 	1.189533E+7	2.230097E+3	-1.625307E+0	1.357694E-4	6.699757E+0	6.679870E+0
55.0    	102     	6.140939E+0	6.799966E-4	-4.04E-1   	55.00     	7372.45 	24.7 	33.4 	6.137851E+0	5.032472E-7 	1.189057E+7	1.234234E+3	-1.625323E+0	4.509250E-5	6.702449E+0	6.682541E+0
55.0    	103     	6.136326E+0	1.842914E-3	-1.96E-1   	55.00     	7375.01 	24.7 	33.4 	6.133465E+0	3.132326E-6 	1.189857E+7	3.212994E+3	-1.625030E+0	1.276715E-4	6.697836E+0	6.678155E+0
55.0    	104     	6.135948E+0	2.357221E-3	-3.46E-1   	55.00     	7377.57 	24.7 	33.4 	6.133020E+0	4.939419E-6 	1.189930E+7	4.070626E+3	-1.625123E+0	2.914332E-4	6.697458E+0	6.677710E+0
55.0    	105     	6.142710E+0	8.586252E-4	-2.32E-1   	55.00     	7380.14 	24.7 	33.4 	6.139758E+0	6.096299E-7 	1.188730E+7	1.452584E+3	-1.625130E+0	1.752142E-4	6.704220E+0	6.684448E+0
55.0    	106     	6.142390E+0	7.837705E-4	1.57E-1    	55.00     	7382.73 	24.7 	33.4 	6.139290E+0	4.284945E-7 	1.188800E+7	1.276715E+3	-1.625333E+0	1.803700E-4	6.703900E+0	6.683980E+0
55.0    	107     	6.140149E+0	2.696763E-4	-2.60E-1   	55.00     	7385.31 	24.7 	33.4 	6.137252E+0	1.797438E-7 	1.189180E+7	6.000000E+2	-1.625063E+0	3.066486E-4	6.701659E+0	6.681942E+0
55.0    	108     	6.138458E+0	1.536138E-3	-3.76E-1   	55.00     	7387.88 	24.7 	33.4 	6.135270E+0	2.948563E-6 	1.189507E+7	2.891943E+3	-1.625470E+0	2.598076E-4	6.699968E+0	6.679960E+0
55.0    	109     	6.152344E+0	1.877324E-3	-1.62E-2   	55.00     	7390.45 	24.7 	33.4 	6.148849E+0	2.480849E-6 	1.187070E+7	3.051229E+3	-1.625830E+0	4.903060E-4	6.713854E+0	6.693539E+0
55.0    	110     	6.134592E+0	4.572896E-4	-1.13E-1   	55.00     	7393.03 	24.7 	33.4 	6.131303E+0	8.549843E-8 	1.190203E+7	6.658328E+2	-1.625623E+0	2.311565E-4	6.696102E+0	6.675993E+0
55.0    	111     	6.128032E+0	1.201819E-3	-1.42E-1   	55.00     	7395.61 	24.7 	33.4 	6.124545E+0	1.317347E-6 	1.191390E+7	2.095233E+3	-1.625920E+0	7.000000E-5	6.689542E+0	6.669235E+0
55.0    	112     	6.352196E+0	1.858374E-3	1.02E-1    	55.00     	7398.18 	24.7 	33.4 	6.349760E+0	3.677327E-6 	1.152617E+7	3.150132E+3	-1.623597E+0	2.003331E-4	6.913706E+0	6.894450E+0
55.0    	113     	6.338922E+0	1.921945E-3	-2.81E-1   	55.00     	7400.74 	24.7 	33.4 	6.336013E+0	3.307002E-6 	1.154877E+7	3.134220E+3	-1.624293E+0	1.331666E-4	6.900432E+0	6.880703E+0
55.0    	114     	6.126038E+0	1.490758E-3	-2.32E-1   	55.00     	7403.31 	24.7 	33.4 	6.122653E+0	2.298143E-6 	1.191737E+7	2.676440E+3	-1.625790E+0	2.884441E-4	6.687548E+0	6.667343E+0
55.0    	115     	6.123626E+0	1.924945E-3	-4.22E-2   	55.00     	7405.89 	24.7 	33.4 	6.120136E+0	3.005337E-6 	1.192177E+7	3.265476E+3	-1.625943E+0	2.775488E-4	6.685136E+0	6.664826E+0
55.0    	116     	6.143022E+0	6.923811E-4	-1.74E-1   	55.00     	7408.47 	24.7 	33.4 	6.139485E+0	4.454419E-7 	1.188727E+7	1.193035E+3	-1.625927E+0	2.836077E-4	6.704532E+0	6.684175E+0
55.0    	117     	6.122923E+0	1.179536E-3	-1.43E-1   	55.00     	7411.05 	24.7 	33.4 	6.119645E+0	1.637851E-6 	1.192283E+7	2.196209E+3	-1.625657E+0	1.527525E-4	6.684433E+0	6.664335E+0
55.0    	118     	6.127905E+0	1.260105E-3	-1.80E-2   	55.00     	7413.62 	24.7 	33.4 	6.124634E+0	1.349145E-6 	1.191393E+7	2.159475E+3	-1.625627E+0	1.365040E-4	6.689415E+0	6.669324E+0
55.0    	119     	6.124046E+0	1.792119E-3	-1.28E-1   	55.00     	7416.19 	24.7 	33.4 	6.120911E+0	3.417289E-6 	1.192070E+7	3.251154E+3	-1.625457E+0	8.621678E-5	6.685556E+0	6.665601E+0
55.0    	120     	6.126066E+0	1.110123E-3	-5.53E-2   	55.00     	7418.78 	24.7 	33.4 	6.122886E+0	1.710671E-6 	1.191713E+7	2.154840E+3	-1.625510E+0	3.244996E-4	6.687576E+0	6.667576E+0
55.0    	121     	6.128843E+0	1.545479E-3	1.02E-2    	55.00     	7421.35 	24.7 	33.4 	6.125827E+0	2.357514E-6 	1.191203E+7	2.746513E+3	-1.625273E+0	8.504901E-5	6.690353E+0	6.670517E+0
55.0    	122     	6.128054E+0	9.844335E-4	-2.80E-1   	55.00     	7423.92 	24.7 	33.4 	6.124970E+0	9.342314E-7 	1.191350E+7	1.734935E+3	-1.625370E+0	1.997498E-4	6.689564E+0	6.669660E+0
55.0    	123     	6.128135E+0	3.061691E-3	-7.27E-2   	55.00     	7426.48 	24.7 	33.4 	6.124966E+0	9.423130E-6 	1.191343E+7	5.463820E+3	-1.625487E+0	3.579572E-4	6.689645E+0	6.669656E+0
55.0    	124     	6.126593E+0	1.284622E-3	-2.89E-2   	55.00     	7429.06 	24.7 	33.4 	6.123368E+0	1.434414E-6 	1.191623E+7	2.214347E+3	-1.625570E+0	1.135782E-4	6.688103E+0	6.668058E+0
55.0    	125     	6.126267E+0	7.197753E-5	-4.02E-1   	55.00     	7431.68 	24.7 	33.4 	6.122498E+0	7.224787E-9 	1.191730E+7	1.000000E+2	-1.626310E+0	1.493318E-4	6.687777E+0	6.667188E+0
55.0    	126     	6.122331E+0	7.158840E-4	-3.13E-1   	55.00     	7434.20 	24.7 	33.4 	6.118893E+0	4.098182E-7 	1.192403E+7	1.209683E+3	-1.625877E+0	1.401190E-4	6.683841E+0	6.663583E+0
55.0    	127     	6.124835E+0	1.003260E-3	-1.21E-1   	55.00     	7436.79 	24.7 	33.4 	6.121614E+0	4.864701E-7 	1.191937E+7	1.517674E+3	-1.625570E+0	4.160529E-4	6.686345E+0	6.666304E+0
55.0    	128     	6.326353E+0	1.845682E-3	-3.09E-1   	55.00     	7439.35 	24.7 	33.4 	6.323528E+0	2.779504E-6 	1.156980E+7	2.954657E+3	-1.624227E+0	2.362908E-4	6.887863E+0	6.868218E+0
55.0    	129     	6.324880E+0	1.484373E-3	1.19E-1    	55.00     	7441.93 	24.7 	33.4 	6.322306E+0	1.928871E-6 	1.157207E+7	2.417299E+3	-1.623890E+0	1.252996E-4	6.886390E+0	6.866996E+0
55.0    	130     	6.125801E+0	7.623248E-4	1.16E-1    	55.00     	7444.49 	24.7 	33.4 	6.122516E+0	7.689283E-7 	1.191770E+7	1.452584E+3	-1.625653E+0	3.102150E-4	6.687311E+0	6.667206E+0
55.0    	131     	6.121186E+0	1.842300E-3	6.80E-2    	55.00     	7447.08 	24.7 	33.4 	6.117911E+0	2.783253E-6 	1.192593E+7	3.137409E+3	-1.625660E+0	2.306513E-4	6.682696E+0	6.662601E+0
55.0    	132     	6.126624E+0	1.219268E-3	-1.15E-1   	55.00     	7449.63 	24.7 	33.4 	6.123262E+0	1.297042E-6 	1.191630E+7	2.100000E+3	-1.625757E+0	2.200757E-4	6.688134E+0	6.667952E+0
55.0    	133     	6.121033E+0	1.556146E-3	-2.52E-1   	55.00     	7452.19 	24.7 	33.4 	6.117766E+0	2.442565E-6 	1.192620E+7	2.787472E+3	-1.625650E+0	6.557439E-5	6.682543E+0	6.662456E+0
55.0    	134     	6.127917E+0	7.852048E-4	-1.84E-1   	55.00     	7454.77 	24.7 	33.4 	6.124622E+0	6.754318E-7 	1.191393E+7	1.429452E+3	-1.625660E+0	1.700000E-4	6.689427E+0	6.669312E+0
55.0    	135     	6.127151E+0	2.246390E-3	-2.45E-1   	55.00     	7457.35 	24.7 	33.4 	6.123819E+0	5.421783E-6 	1.191533E+7	4.080850E+3	-1.625713E+0	1.703917E-4	6.688661E+0	6.668509E+0
55.0    	136     	6.119878E+0	1.236664E-3	-2.53E-1   	55.00     	7459.92 	24.7 	33.4 	6.116721E+0	1.271109E-6 	1.192817E+7	2.107922E+3	-1.625503E+0	2.746513E-4	6.681388E+0	6.661411E+0
55.0    	137     	6.116827E+0	1.676913E-3	-3.47E-2   	55.00     	7462.48 	24.7 	33.4 	6.113660E+0	2.915696E-6 	1.193363E+7	3.028751E+3	-1.625530E+0	6.244998E-5	6.678337E+0	6.658350E+0
55.0    	138     	6.125881E+0	1.764440E-3	-3.93E-1   	55.00     	7465.07 	24.7 	33.4 	6.122772E+0	3.095671E-6 	1.191740E+7	3.143247E+3	-1.625413E+0	1.159023E-4	6.687391E+0	6.667462E+0
55.0    	139     	6.128358E+0	3.635262E-4	-2.22E-1   	55.00     	7467.64 	24.7 	33.4 	6.125227E+0	1.791694E-7 	1.191300E+7	7.000000E+2	-1.625433E+0	1.115049E-4	6.689868E+0	6.669917E+0
55.0    	140     	6.122895E+0	6.649346E-4	-4.87E-2   	55.00     	7470.20 	24.7 	33.4 	6.119821E+0	7.964583E-7 	1.192270E+7	1.389244E+3	-1.625377E+0	3.365016E-4	6.684405E+0	6.664511E+0
55.0    	141     	6.120915E+0	1.384847E-3	-4.11E-1   	55.00     	7472.78 	24.7 	33.4 	6.117548E+0	1.697715E-6 	1.192650E+7	2.402082E+3	-1.625787E+0	1.159023E-4	6.682425E+0	6.662238E+0
55.0    	142     	6.118206E+0	1.123880E-3	-3.42E-1   	55.00     	7475.35 	24.7 	33.4 	6.115149E+0	1.273984E-6 	1.193107E+7	2.013289E+3	-1.625373E+0	1.209683E-4	6.679716E+0	6.659839E+0
55.0    	143     	6.119804E+0	1.839529E-3	-2.50E-1   	55.00     	7477.92 	24.7 	33.4 	6.116274E+0	3.514484E-6 	1.192863E+7	3.320141E+3	-1.626013E+0	6.506407E-5	6.681314E+0	6.660964E+0
55.0    	144     	6.321586E+0	8.017806E-4	-2.05E-1   	55.00     	7480.49 	24.7 	33.4 	6.318987E+0	6.077666E-7 	1.157763E+7	1.331666E+3	-1.623937E+0	3.511885E-5	6.883096E+0	6.863677E+0
55.0    	145     	6.326146E+0	2.637198E-3	-3.78E-1   	55.00     	7483.07 	24.7 	33.4 	6.323419E+0	6.771046E-6 	1.157007E+7	4.406056E+3	-1.624093E+0	1.484363E-4	6.887656E+0	6.868109E+0
55.0    	146     	6.122711E+0	1.628250E-3	-2.13E-1   	55.00     	7485.65 	24.7 	33.4 	6.119036E+0	3.084555E-6 	1.192357E+7	3.023795E+3	-1.626197E+0	1.850225E-4	6.684221E+0	6.663726E+0
55.0    	147     	6.124825E+0	8.751013E-4	-1.88E-1   	55.00     	7488.23 	24.7 	33.4 	6.121289E+0	7.834674E-7 	1.191967E+7	1.569501E+3	-1.626000E+0	1.153256E-4	6.686335E+0	6.665979E+0
55.0    	148     	6.399046E+0	1.367167E-3	-2.00E-1   	55.00     	7490.78 	24.7 	33.4 	6.396948E+0	1.552942E-6 	1.144820E+7	2.151743E+3	-1.622953E+0	1.665333E-4	6.960556E+0	6.941638E+0
55.0    	149     	6.121963E+0	2.014525E-3	-2.45E-1   	55.00     	7493.35 	24.7 	33.4 	6.118404E+0	4.536642E-6 	1.192480E+7	3.702702E+3	-1.626043E+0	1.650253E-4	6.683473E+0	6.663094E+0
55.0    	150     	6.122848E+0	2.607268E-4	-5.01E-1   	55.00     	7495.92 	24.7 	33.4 	6.119532E+0	6.388197E-8 	1.192300E+7	4.582576E+2	-1.625710E+0	3.000000E-5	6.684358E+0	6.664222E+0
55.0    	151     	6.126892E+0	1.721721E-3	-2.24E-1   	55.00     	7498.50 	24.7 	33.4 	6.123666E+0	2.889778E-6 	1.191570E+7	3.051229E+3	-1.625570E+0	1.509967E-4	6.688402E+0	6.668356E+0
55.0    	152     	6.123704E+0	2.033803E-3	6.76E-2    	55.00     	7501.07 	24.7 	33.4 	6.120468E+0	3.705506E-6 	1.192140E+7	3.534119E+3	-1.625597E+0	1.563117E-4	6.685214E+0	6.665158E+0
55.0    	153     	6.122692E+0	8.041487E-4	-3.55E-1   	55.00     	7503.64 	24.7 	33.4 	6.119427E+0	5.126749E-7 	1.192323E+7	1.357694E+3	-1.625640E+0	1.178983E-4	6.684202E+0	6.664117E+0
55.0    	154     	6.125094E+0	2.437390E-3	-3.10E-1   	55.00     	7506.22 	24.7 	33.4 	6.122029E+0	6.085786E-6 	1.191877E+7	4.375310E+3	-1.625357E+0	1.939931E-4	6.686604E+0	6.666719E+0
55.0    	155     	6.125613E+0	1.195334E-3	2.64E-2    	55.00     	7508.77 	24.7 	33.4 	6.122219E+0	1.660897E-6 	1.191813E+7	2.212088E+3	-1.625803E+0	2.615977E-4	6.687123E+0	6.666909E+0
55.0    	156     	6.118301E+0	1.205953E-3	-1.99E-1   	55.00     	7511.35 	24.7 	33.4 	6.114981E+0	1.624562E-6 	1.193113E+7	2.218859E+3	-1.625733E+0	1.011599E-4	6.679811E+0	6.659671E+0
55.0    	157     	6.109448E+0	4.598791E-3	-2.75E-1   	55.00     	7513.94 	24.7 	33.4 	6.109164E+0	6.826585E-6 	1.194427E+7	6.353214E+3	-1.621373E+0	3.453322E-3	6.670958E+0	6.653854E+0
55.0    	158     	6.120029E+0	8.419483E-4	-3.43E-2   	55.00     	7516.49 	24.7 	33.4 	6.116830E+0	4.775211E-7 	1.192793E+7	1.361372E+3	-1.625560E+0	3.119295E-4	6.681539E+0	6.661520E+0
55.0    	159     	6.120655E+0	1.794257E-4	-6.93E-2   	55.00     	7519.05 	24.7 	33.4 	6.117137E+0	4.596791E-8 	1.192710E+7	3.464102E+2	-1.625993E+0	1.069268E-4	6.682165E+0	6.661827E+0
55.0    	160     	6.317307E+0	3.774295E-4	5.29E-2    	55.00     	7521.64 	24.7 	33.4 	6.314407E+0	2.056899E-7 	1.158510E+7	7.000000E+2	-1.624363E+0	1.184624E-4	6.878817E+0	6.859097E+0
55.0    	161     	6.325329E+0	1.262654E-3	-4.78E-1   	55.00     	7524.22 	24.7 	33.4 	6.322610E+0	1.469238E-6 	1.157143E+7	2.081666E+3	-1.624087E+0	7.637626E-5	6.886839E+0	6.867300E+0
55.0    	162     	6.126718E+0	2.118753E-3	-4.92E-1   	55.00     	7526.77 	24.7 	33.4 	6.123392E+0	3.678870E-6 	1.191610E+7	3.601389E+3	-1.625707E+0	2.700617E-4	6.688228E+0	6.668082E+0
55.0    	163     	6.403145E+0	8.643282E-4	-9.93E-2   	55.00     	7529.34 	24.7 	33.4 	6.400706E+0	5.229257E-7 	1.144173E+7	1.305118E+3	-1.623407E+0	2.000833E-4	6.964655E+0	6.945396E+0
55.0    	164     	7.318078E-1	3.321074E-4	-1.33E-1   	55.00     	7531.91 	24.7 	33.4 	6.050908E-1	1.070463E-8 	6.525743E+7	8.279090E+3	-1.910430E+0	4.095119E-4	1.293318E+0	1.149781E+0
55.0    	165     	6.397526E+0	1.053705E-3	-1.98E-1   	55.00     	7534.50 	24.7 	33.4 	6.395231E+0	1.254791E-6 	1.145087E+7	1.789786E+3	-1.623230E+0	1.417745E-4	6.959036E+0	6.939921E+0
55.0    	166     	6.122084E+0	1.044870E-3	-2.10E-2   	55.00     	7537.07 	24.7 	33.4 	6.118916E+0	1.503739E-6 	1.192423E+7	2.025669E+3	-1.625510E+0	3.157531E-4	6.683594E+0	6.663606E+0
55.0    	167     	6.124508E+0	1.136740E-3	-1.16E-1   	55.00     	7539.65 	24.7 	33.4 	6.121418E+0	1.502945E-6 	1.191983E+7	2.107922E+3	-1.625393E+0	1.703917E-4	6.686018E+0	6.666108E+0
55.0    	168     	6.126287E+0	1.702657E-3	-1.63E-1   	55.00     	7542.22 	24.7 	33.4 	6.122889E+0	3.603004E-6 	1.191693E+7	3.212994E+3	-1.625807E+0	2.836077E-4	6.687797E+0	6.667579E+0
55.0    	169     	6.125760E+0	8.665897E-4	-4.93E-1   	55.00     	7544.83 	24.7 	33.4 	6.122520E+0	5.262988E-7 	1.191773E+7	1.418920E+3	-1.625593E+0	2.157159E-4	6.687270E+0	6.667210E+0
55.0    	170     	6.126542E+0	2.331201E-4	-4.40E-1   	55.00     	7547.35 	24.7 	33.4 	6.123492E+0	6.139601E-8 	1.191617E+7	4.163332E+2	-1.625330E+0	1.609348E-4	6.688052E+0	6.668182E+0
55.0    	171     	6.123013E+0	2.928109E-4	-3.33E-1   	55.00     	7549.93 	24.7 	33.4 	6.119852E+0	5.693100E-8 	1.192257E+7	4.725816E+2	-1.625497E+0	9.865766E-5	6.684523E+0	6.664542E+0
55.0    	172     	6.117254E+0	6.746984E-4	-4.17E-1   	55.00     	7552.51 	24.7 	33.4 	6.113866E+0	4.033630E-7 	1.193307E+7	1.171893E+3	-1.625830E+0	5.196152E-5	6.678764E+0	6.658556E+0
55.0    	173     	6.118148E+0	9.771204E-4	-2.88E-1   	55.00     	7555.09 	24.7 	33.4 	6.114649E+0	1.061283E-6 	1.193157E+7	1.789786E+3	-1.625977E+0	2.300725E-4	6.679658E+0	6.659339E+0
55.0    	174     	6.118574E+0	7.991337E-4	-2.31E-1   	55.00     	7557.67 	24.7 	33.4 	6.115452E+0	7.285842E-7 	1.193047E+7	1.474223E+3	-1.625460E+0	1.802776E-4	6.680084E+0	6.660142E+0
55.0    	175     	6.123076E+0	2.385600E-3	3.22E-3    	55.00     	7560.24 	24.7 	33.4 	6.119753E+0	4.724579E-6 	1.192260E+7	4.070626E+3	-1.625717E+0	2.898850E-4	6.684586E+0	6.664443E+0
55.0    	176     	6.318488E+0	1.427083E-3	-2.82E-1   	55.00     	7562.82 	24.7 	33.4 	6.315796E+0	1.852213E-6 	1.158293E+7	2.350177E+3	-1.624077E+0	8.621678E-5	6.879998E+0	6.860486E+0
55.0    	177     	6.324928E+0	1.613316E-3	8.37E-3    	55.00     	7565.43 	24.7 	33.4 	6.322417E+0	2.921127E-6 	1.157193E+7	2.793445E+3	-1.623803E+0	2.173323E-4	6.886438E+0	6.867107E+0
55.0    	178     	6.126950E+0	1.396620E-3	7.46E-2    	55.00     	7567.97 	24.7 	33.4 	6.123534E+0	1.849218E-6 	1.191577E+7	2.458319E+3	-1.625830E+0	8.888194E-5	6.688460E+0	6.668224E+0
55.0    	179     	6.130426E+0	2.341831E-4	-9.10E-2   	55.00     	7570.54 	24.7 	33.4 	6.127235E+0	3.636985E-8 	1.190937E+7	3.785939E+2	-1.625507E+0	5.859465E-5	6.691936E+0	6.671925E+0
55.0    	180     	6.400704E+0	7.067905E-4	1.70E-1    	55.00     	7573.16 	24.7 	33.4 	6.399014E+0	4.585411E-7 	1.144513E+7	1.137248E+3	-1.622380E+0	1.153256E-4	6.962214E+0	6.943704E+0
55.0    	181     	6.127529E+0	6.974788E-4	1.80E-2    	55.00     	7575.69 	24.7 	33.4 	6.124374E+0	5.033382E-7 	1.191450E+7	1.249000E+3	-1.625470E+0	1.868154E-4	6.689039E+0	6.669064E+0
55.0    	182     	6.119671E+0	8.982397E-4	-3.96E-1   	55.00     	7578.27 	24.7 	33.4 	6.116369E+0	1.015262E-6 	1.192867E+7	1.700980E+3	-1.625703E+0	2.212088E-4	6.681181E+0	6.661059E+0
55.0    	183     	6.123324E+0	9.861330E-4	-5.49E-1   	55.00     	7580.88 	24.7 	33.4 	6.120213E+0	7.627771E-7 	1.192197E+7	1.656301E+3	-1.625427E+0	2.358672E-4	6.684834E+0	6.664903E+0
55.0    	184     	6.119797E+0	1.570222E-3	-8.19E-2   	55.00     	7583.43 	24.7 	33.4 	6.116318E+0	3.152021E-6 	1.192860E+7	2.986637E+3	-1.625943E+0	3.906832E-4	6.681307E+0	6.661008E+0
55.0    	185     	6.118880E+0	9.953660E-4	6.53E-2    	55.00     	7585.97 	24.7 	33.4 	6.115928E+0	1.180733E-6 	1.192977E+7	1.861003E+3	-1.625227E+0	1.550269E-4	6.680390E+0	6.660618E+0
55.0    	186     	6.123675E+0	1.156617E-3	-2.67E-1   	55.00     	7588.56 	24.7 	33.4 	6.120497E+0	1.013145E-6 	1.192140E+7	1.931321E+3	-1.625517E+0	2.010804E-4	6.685185E+0	6.665187E+0
55.0    	187     	6.121699E+0	1.187126E-3	-3.96E-1   	55.00     	7591.12 	24.7 	33.4 	6.118741E+0	1.487636E-6 	1.192473E+7	2.150194E+3	-1.625223E+0	8.020806E-5	6.683209E+0	6.663431E+0
55.0    	188     	6.119386E+0	7.367878E-4	-6.14E-1   	55.00     	7593.69 	24.6 	33.4 	6.116168E+0	4.857355E-7 	1.192910E+7	1.276715E+3	-1.625590E+0	1.824829E-4	6.680896E+0	6.660858E+0
55.0    	189     	6.119691E+0	4.277948E-4	-3.56E-1   	55.00     	7596.27 	24.7 	33.4 	6.116498E+0	5.425387E-8 	1.192853E+7	5.773503E+2	-1.625553E+0	3.256276E-4	6.681201E+0	6.661188E+0
55.0    	190     	6.119743E+0	1.179609E-3	-2.16E-1   	55.00     	7598.84 	24.7 	33.4 	6.116781E+0	1.463258E-6 	1.192823E+7	2.136196E+3	-1.625237E+0	5.033223E-5	6.681253E+0	6.661471E+0
55.0    	191     	6.121496E+0	2.346648E-4	1.00E-1    	55.00     	7601.43 	24.6 	33.4 	6.118049E+0	1.259353E-7 	1.192553E+7	5.131601E+2	-1.625893E+0	2.458319E-4	6.683006E+0	6.662739E+0
55.0    	192     	6.319803E+0	2.578303E-4	-3.72E-3   	55.00     	7603.97 	24.6 	33.4 	6.317051E+0	1.672255E-8 	1.158077E+7	3.214550E+2	-1.624153E+0	1.955335E-4	6.881313E+0	6.861741E+0
55.0    	193     	6.324347E+0	1.793950E-3	-4.53E-1   	55.00     	7606.56 	24.7 	33.4 	6.321968E+0	2.778821E-6 	1.157280E+7	2.910326E+3	-1.623623E+0	2.294196E-4	6.885857E+0	6.866658E+0
55.0    	194     	6.124763E+0	3.806424E-4	-8.62E-2   	55.00     	7609.12 	24.6 	33.4 	6.121611E+0	8.739168E-8 	1.191943E+7	6.027714E+2	-1.625477E+0	1.242310E-4	6.686273E+0	6.666301E+0
55.0    	195     	6.126933E+0	1.304773E-3	-1.97E-1   	55.00     	7611.70 	24.6 	33.4 	6.123700E+0	1.856817E-6 	1.191563E+7	2.379776E+3	-1.625580E+0	8.717798E-5	6.688443E+0	6.668390E+0
55.0    	196     	6.125949E+0	8.600860E-4	-3.10E-1   	55.00     	7614.28 	24.7 	33.4 	6.122592E+0	6.800038E-7 	1.191750E+7	1.500000E+3	-1.625753E+0	1.594783E-4	6.687459E+0	6.667282E+0
55.0    	197     	6.121412E+0	6.009724E-4	-8.46E-2   	55.00     	7616.83 	24.7 	33.4 	6.118356E+0	3.561990E-7 	1.192533E+7	1.069268E+3	-1.625360E+0	7.000000E-5	6.682922E+0	6.663046E+0
55.0    	198     	6.125814E+0	1.401426E-3	-3.69E-1   	55.00     	7619.42 	24.7 	33.4 	6.122839E+0	2.601580E-6 	1.191740E+7	2.688866E+3	-1.625230E+0	3.176476E-4	6.687324E+0	6.667529E+0
55.0    	199     	6.125316E+0	2.241803E-3	-3.37E-1   	55.00     	7621.97 	24.7 	33.4 	6.122143E+0	4.674280E-6 	1.191847E+7	3.924708E+3	-1.625503E+0	3.253204E-4	6.686826E+0	6.666833E+0
55.0    	200     	6.121224E+0	1.385994E-3	-1.96E-1   	55.00     	7624.55 	24.7 	33.4 	6.118432E+0	1.631907E-6 	1.192543E+7	2.379776E+3	-1.624997E+0	1.517674E-4	6.682734E+0	6.663122E+0
55.0    	201     	6.119793E+0	3.263743E-4	-3.37E-1   	55.00     	7627.12 	24.7 	33.4 	6.116656E+0	3.002349E-7 	1.192830E+7	7.810250E+2	-1.625477E+0	3.108590E-4	6.681303E+0	6.661346E+0
55.0    	202     	6.124171E+0	7.356708E-4	-1.29E-2   	55.00     	7629.69 	24.7 	33.4 	6.121196E+0	6.247354E-7 	1.192033E+7	1.361372E+3	-1.625237E+0	1.154701E-4	6.685681E+0	6.665886E+0
55.0    	203     	6.123297E+0	1.431471E-3	1.50E-3    	55.00     	7632.26 	24.7 	33.4 	6.120315E+0	2.183209E-6 	1.192190E+7	2.598076E+3	-1.625250E+0	8.544004E-5	6.684807E+0	6.665005E+0
55.0    	204     	6.118538E+0	3.210931E-3	2.11E-3    	55.00     	7634.86 	24.7 	33.4 	6.115490E+0	1.032346E-5 	1.193047E+7	5.746593E+3	-1.625360E+0	5.291503E-5	6.680048E+0	6.660180E+0
55.0    	205     	6.118555E+0	2.287363E-3	-2.78E-1   	55.00     	7637.43 	24.6 	33.4 	6.115249E+0	5.884171E-6 	1.193067E+7	4.214657E+3	-1.625713E+0	1.985783E-4	6.680065E+0	6.659939E+0
55.0    	206     	6.123193E+0	4.058067E-4	-3.26E-1   	55.00     	7639.99 	24.7 	33.4 	6.120269E+0	8.403768E-8 	1.192203E+7	6.027714E+2	-1.625170E+0	2.800000E-4	6.684703E+0	6.664959E+0
55.0    	207     	6.125463E+0	1.128839E-3	-4.51E-1   	55.00     	7642.56 	24.6 	33.4 	6.122480E+0	1.365770E-6 	1.191803E+7	2.050203E+3	-1.625243E+0	9.073772E-5	6.686973E+0	6.667170E+0
55.0    	208     	6.321256E+0	4.485595E-4	-4.07E-1   	55.00     	7645.12 	24.7 	33.4 	6.318921E+0	2.268502E-8 	1.157797E+7	4.932883E+2	-1.623573E+0	4.427565E-4	6.882766E+0	6.863611E+0
55.0    	209     	6.330519E+0	1.728919E-3	-2.82E-1   	55.00     	7647.70 	24.7 	33.4 	6.328483E+0	3.088097E-6 	1.156213E+7	2.928026E+3	-1.623127E+0	6.110101E-5	6.892029E+0	6.873173E+0
55.0    	210     	6.125313E+0	1.054606E-3	-2.55E-2   	55.00     	7650.26 	24.6 	33.4 	6.122108E+0	1.091893E-6 	1.191850E+7	1.868154E+3	-1.625547E+0	2.230097E-4	6.686823E+0	6.666798E+0
55.0    	211     	6.126904E+0	1.043161E-3	-1.22E-1   	55.00     	7652.84 	24.6 	33.4 	6.123766E+0	1.004559E-6 	1.191560E+7	1.824829E+3	-1.625450E+0	5.196152E-5	6.688414E+0	6.668456E+0
55.0    	212     	6.123211E+0	1.238357E-3	-5.26E-1   	55.00     	7655.41 	24.7 	33.4 	6.120475E+0	1.553612E-6 	1.192183E+7	2.218859E+3	-1.624910E+0	6.000000E-5	6.684721E+0	6.665165E+0
55.0    	213     	6.127934E+0	1.471279E-3	-3.73E-1   	55.00     	7657.98 	24.7 	33.4 	6.124941E+0	2.276517E-6 	1.191363E+7	2.657693E+3	-1.625247E+0	6.658328E-5	6.689444E+0	6.669631E+0
55.0    	214     	6.125253E+0	7.019072E-4	-5.92E-2   	55.00     	7660.55 	24.7 	33.4 	6.121868E+0	6.722816E-7 	1.191877E+7	1.357694E+3	-1.625793E+0	1.789786E-4	6.686763E+0	6.666558E+0
55.0    	215     	6.124227E+0	1.516351E-3	-2.59E-1   	55.00     	7663.12 	24.7 	33.4 	6.121028E+0	2.221263E-6 	1.192043E+7	2.683903E+3	-1.625543E+0	6.429101E-5	6.685737E+0	6.665718E+0
55.0    	216     	6.128011E+0	1.024564E-3	-2.50E-2   	55.00     	7665.69 	24.7 	33.4 	6.125126E+0	8.666551E-7 	1.191340E+7	1.743560E+3	-1.625097E+0	1.350309E-4	6.689521E+0	6.669816E+0
55.0    	217     	6.125681E+0	4.941383E-4	-1.52E-1   	55.00     	7668.28 	24.6 	33.4 	6.122859E+0	3.724385E-7 	1.191750E+7	9.848858E+2	-1.625020E+0	1.743560E-4	6.687191E+0	6.667549E+0
55.0    	218     	6.123808E+0	1.914501E-3	-4.84E-1   	55.00     	7670.84 	24.6 	33.4 	6.120663E+0	2.770200E-6 	1.192113E+7	3.194266E+3	-1.625470E+0	3.487119E-4	6.685318E+0	6.665353E+0
55.0    	219     	6.122029E+0	8.825253E-4	-2.64E-1   	55.00     	7673.43 	24.6 	33.4 	6.118859E+0	1.077139E-6 	1.192433E+7	1.715615E+3	-1.625513E+0	2.203028E-4	6.683539E+0	6.663549E+0
55.0    	220     	6.125701E+0	1.091372E-3	-1.68E-1   	55.00     	7675.98 	24.6 	33.4 	6.122765E+0	1.027400E-6 	1.191757E+7	1.877054E+3	-1.625177E+0	1.514376E-4	6.687211E+0	6.667455E+0
55.0    	221     	6.123360E+0	1.354352E-3	-2.81E-1   	55.00     	7678.55 	24.6 	33.4 	6.120439E+0	2.566975E-6 	1.192173E+7	2.631223E+3	-1.625163E+0	4.841832E-4	6.684870E+0	6.665129E+0
55.0    	222     	6.121766E+0	5.247225E-4	-1.26E-1   	55.00     	7681.12 	24.6 	33.4 	6.118935E+0	2.445185E-7 	1.192450E+7	9.000000E+2	-1.625047E+0	2.173323E-4	6.683276E+0	6.663625E+0
55.0    	223     	6.122695E+0	8.707096E-4	-3.68E-1   	55.00     	7683.69 	24.6 	33.4 	6.119498E+0	1.094266E-6 	1.192317E+7	1.709776E+3	-1.625547E+0	2.809508E-4	6.684205E+0	6.664188E+0
55.0    	224     	6.320863E+0	2.560404E-4	-2.20E-1   	55.00     	7686.26 	24.6 	33.4 	6.318127E+0	1.275112E-7 	1.157897E+7	5.131601E+2	-1.624127E+0	1.692139E-4	6.882373E+0	6.862817E+0
55.0    	225     	6.327169E+0	1.103158E-3	-7.12E-2   	55.00     	7688.83 	24.6 	33.4 	6.324971E+0	1.160422E-6 	1.156790E+7	1.833030E+3	-1.623363E+0	4.509250E-5	6.888679E+0	6.869661E+0
55.0    	226     	6.131784E+0	7.442844E-4	-4.13E-1   	55.00     	7691.41 	24.6 	33.4 	6.128645E+0	7.650745E-7 	1.190690E+7	1.442221E+3	-1.625430E+0	1.852026E-4	6.693294E+0	6.673335E+0
55.0    	227     	6.132079E+0	2.393855E-3	-1.52E-1   	55.00     	7693.98 	24.6 	33.4 	6.129025E+0	6.099387E-6 	1.190630E+7	4.331282E+3	-1.625313E+0	2.196209E-4	6.693589E+0	6.673715E+0
55.0    	228     	6.129091E+0	1.218039E-3	-9.08E-2   	55.00     	7696.56 	24.6 	33.4 	6.126251E+0	1.572290E-6 	1.191143E+7	2.203028E+3	-1.625030E+0	8.888194E-5	6.690601E+0	6.670941E+0
55.0    	229     	6.129957E+0	1.451774E-3	-3.48E-3   	55.00     	7699.14 	24.6 	33.4 	6.126844E+0	2.314856E-6 	1.191013E+7	2.650157E+3	-1.625403E+0	1.115049E-4	6.691467E+0	6.671534E+0
55.0    	230     	6.128292E+0	2.448802E-3	-6.82E-3   	55.00     	7701.72 	24.6 	33.4 	6.125481E+0	5.990478E-6 	1.191283E+7	4.366158E+3	-1.624993E+0	3.785939E-5	6.689802E+0	6.670171E+0
55.0    	231     	6.128207E+0	1.143189E-3	-3.72E-1   	55.00     	7704.29 	24.6 	33.4 	6.125266E+0	1.652965E-6 	1.191310E+7	2.165641E+3	-1.625173E+0	2.059935E-4	6.689717E+0	6.669956E+0
55.0    	232     	6.128456E+0	1.104910E-3	1.12E-2    	55.00     	7706.88 	24.6 	33.4 	6.125577E+0	1.371984E-6 	1.191260E+7	2.029778E+3	-1.625087E+0	9.609024E-5	6.689966E+0	6.670267E+0
55.0    	233     	6.126580E+0	6.796578E-4	-2.90E-1   	55.00     	7709.45 	24.6 	33.4 	6.123791E+0	5.090022E-7 	1.191587E+7	1.242310E+3	-1.624970E+0	7.937254E-5	6.688090E+0	6.668481E+0
55.0    	234     	6.127641E+0	1.657474E-3	-3.85E-2   	55.00     	7712.01 	24.6 	33.4 	6.124748E+0	3.007501E-6 	1.191407E+7	3.023795E+3	-1.625110E+0	1.900000E-4	6.689151E+0	6.669438E+0
55.0    	235     	6.125115E+0	1.406583E-3	-2.69E-1   	55.00     	7714.58 	24.6 	33.4 	6.121933E+0	1.955813E-6 	1.191883E+7	2.502665E+3	-1.625517E+0	1.154701E-4	6.686625E+0	6.666623E+0
55.0    	236     	6.125201E+0	8.745988E-4	-4.52E-1   	55.00     	7717.17 	24.6 	33.4 	6.122256E+0	8.601548E-7 	1.191847E+7	1.594783E+3	-1.625190E+0	3.304542E-4	6.686711E+0	6.666946E+0
55.0    	237     	6.124854E+0	9.442497E-4	-1.58E-1   	55.00     	7719.72 	24.6 	33.4 	6.121782E+0	1.050833E-6 	1.191920E+7	1.757840E+3	-1.625367E+0	1.167619E-4	6.686364E+0	6.666472E+0
55.0    	238     	6.124995E+0	1.627048E-3	-4.51E-1   	55.00     	7722.32 	24.6 	33.4 	6.121679E+0	3.221852E-6 	1.191917E+7	3.055050E+3	-1.625700E+0	2.357965E-4	6.686505E+0	6.666369E+0
55.0    	239     	6.125874E+0	5.350676E-4	-1.93E-1   	55.00     	7724.89 	24.6 	33.4 	6.122816E+0	2.326085E-7 	1.191737E+7	9.073772E+2	-1.625343E+0	8.144528E-5	6.687384E+0	6.667506E+0
55.0    	240     	6.321900E+0	3.397858E-4	-1.13E-1   	55.00     	7727.45 	24.6 	33.4 	6.319584E+0	1.898082E-7 	1.157687E+7	6.506407E+2	-1.623547E+0	1.628906E-4	6.883410E+0	6.864274E+0
55.0    	241     	6.545510E+0	5.993640E-4	-2.36E-1   	55.00     	7730.01 	24.6 	33.4 	6.544115E+0	4.700550E-7 	1.121140E+7	1.014889E+3	-1.621443E+0	1.222020E-4	7.107020E+0	7.088805E+0
55.0    	242     	6.352762E+0	1.147862E-3	-2.44E-1   	55.00     	7732.59 	24.6 	33.4 	6.350431E+0	1.305317E-6 	1.152513E+7	1.908752E+3	-1.623450E+0	1.734935E-4	6.914272E+0	6.895121E+0
55.0    	243     	6.329597E+0	1.071952E-3	-6.39E-1   	55.00     	7735.18 	24.6 	33.4 	6.327460E+0	1.292125E-6 	1.156377E+7	1.855622E+3	-1.623270E+0	1.039230E-4	6.891107E+0	6.872150E+0
55.0    	244     	6.328392E+0	7.669376E-4	1.35E-1    	55.00     	7737.74 	24.6 	33.4 	6.326087E+0	7.275473E-7 	1.156593E+7	1.361372E+3	-1.623507E+0	1.274101E-4	6.889902E+0	6.870777E+0
55.0    	245     	6.334241E+0	1.045858E-3	-3.31E-1   	55.00     	7740.32 	24.6 	33.4 	6.331868E+0	9.961867E-7 	1.155617E+7	1.709776E+3	-1.623577E+0	2.250185E-4	6.895751E+0	6.876558E+0
55.0    	246     	6.330685E+0	1.296025E-3	-1.49E-1   	55.00     	7742.89 	24.6 	33.4 	6.328753E+0	2.249118E-6 	1.156177E+7	2.345918E+3	-1.622980E+0	3.364521E-4	6.892195E+0	6.873443E+0
55.0    	247     	6.339786E+0	2.159376E-3	-3.21E-1   	55.00     	7745.45 	24.6 	33.4 	6.337813E+0	4.686648E-6 	1.154653E+7	3.622614E+3	-1.623003E+0	5.507571E-5	6.901296E+0	6.882503E+0
55.0    	248     	6.340089E+0	1.464230E-3	-3.69E-1   	55.00     	7748.03 	24.6 	33.4 	6.337988E+0	1.967020E-6 	1.154613E+7	2.400694E+3	-1.623180E+0	9.848858E-5	6.901599E+0	6.882678E+0
55.0    	249     	6.331972E+0	5.149799E-4	-1.48E-1   	55.00     	7750.62 	24.6 	33.4 	6.330006E+0	3.524598E-7 	1.155963E+7	9.291573E+2	-1.623023E+0	1.457166E-4	6.893482E+0	6.874696E+0
55.0    	250     	6.338825E+0	1.588507E-3	-1.49E-1   	55.00     	7753.18 	24.6 	33.4 	6.336785E+0	2.635025E-6 	1.154820E+7	2.690725E+3	-1.623100E+0	8.717798E-5	6.900335E+0	6.881475E+0
55.0    	251     	6.340859E+0	1.686967E-4	-1.45E-1   	55.00     	7755.75 	24.6 	33.4 	6.338809E+0	3.860745E-8 	1.154480E+7	3.000000E+2	-1.623107E+0	1.059874E-4	6.902369E+0	6.883499E+0
55.0    	252     	6.328087E+0	7.847891E-4	-1.50E-1   	55.00     	7758.34 	24.6 	33.4 	6.325758E+0	6.391901E-7 	1.156647E+7	1.331666E+3	-1.623540E+0	2.645751E-5	6.889597E+0	6.870448E+0
55.0    	253     	6.327716E+0	2.967149E-4	-4.09E-1   	55.00     	7760.90 	24.6 	33.4 	6.325692E+0	1.500405E-7 	1.156683E+7	5.686241E+2	-1.623120E+0	1.907878E-4	6.889226E+0	6.870382E+0
55.0    	254     	6.328858E+0	5.991638E-4	-3.72E-3   	55.00     	7763.46 	24.6 	33.4 	6.327048E+0	4.995203E-7 	1.156473E+7	1.096966E+3	-1.622817E+0	1.628906E-4	6.890368E+0	6.871738E+0
55.0    	255     	6.336352E+0	1.332130E-3	6.00E-2    	55.00     	7766.04 	24.6 	33.4 	6.334367E+0	2.140195E-6 	1.155230E+7	2.343075E+3	-1.623033E+0	2.212088E-4	6.897862E+0	6.879057E+0
55.0    	256     	6.538065E+0	6.319655E-4	-4.67E-1   	55.00     	7768.62 	24.6 	33.4 	6.536930E+0	4.166304E-7 	1.122297E+7	1.006645E+3	-1.621107E+0	1.665333E-4	7.099575E+0	7.081620E+0
55.0    	257     	5.694201E+0	3.134779E-4	-4.84E-1   	55.00     	7771.18 	24.6 	33.4 	5.688759E+0	1.610479E-7 	1.274347E+7	7.023769E+2	-1.630487E+0	2.850146E-4	6.255711E+0	6.233449E+0
55.0    	258     	8.143988E+0	1.003972E-3	-5.80E-2   	55.00     	7773.75 	24.6 	33.4 	8.146272E+0	1.308695E-6 	9.148700E+6	1.127431E+3	-1.611670E+0	2.771281E-4	8.705498E+0	8.690962E+0
55.0    	259     	1.129733E+1	1.448576E-3	-3.20E-2   	55.00     	7776.32 	24.6 	33.4 	1.130512E+1	2.214964E-6 	6.712950E+6	8.314445E+2	-1.598397E+0	1.101514E-4	1.185884E+1	1.184981E+1
55.0    	260     	2.373081E+1	1.482264E-3	-3.05E-1   	55.00     	7778.90 	24.6 	33.4 	2.374686E+1	2.234986E-6 	3.275880E+6	2.007486E+2	-1.576430E+0	6.082763E-5	2.429232E+1	2.429155E+1
55.0    	261     	2.823529E+1	2.780641E-3	-3.71E-1   	55.00     	7781.48 	24.6 	33.4 	2.825205E+1	7.693764E-6 	2.763417E+6	2.665208E+2	-1.572273E+0	9.609024E-5	2.879680E+1	2.879674E+1
55.0    	262     	3.433239E+1	2.253354E-3	-1.18E-1   	55.00     	7784.05 	24.6 	33.4 	3.434886E+1	5.098778E-6 	2.280567E+6	1.474223E+2	-1.567633E+0	3.785939E-5	3.489390E+1	3.489355E+1
55.0    	263     	5.030818E+1	1.685736E-3	1.60E-1    	55.00     	7786.63 	24.6 	33.4 	5.031652E+1	2.866378E-6 	1.564470E+6	5.196152E+1	-1.557887E+0	5.773503E-6	5.086969E+1	5.086121E+1
55.0    	264     	1.102151E+2	1.126303E-3	-6.15E-2   	55.00     	7789.20 	24.6 	33.4 	1.100487E+2	1.213601E-6 	7.189547E+5	7.234178E+0	-1.530127E+0	5.773503E-6	1.107766E+2	1.105934E+2
60.0    	1       	6.511993E+0	1.201783E-3	1.02E+1    	60.00     	7822.44 	24.6 	33.5 	6.510380E+0	1.423080E-6 	1.126477E+7	1.908752E+3	-1.621867E+0	6.806859E-5	7.073503E+0	7.055070E+0
60.0    	2       	6.622345E+0	8.516583E-4	-3.83E-1   	60.00     	7824.79 	24.6 	33.5 	6.620867E+0	5.978678E-7 	1.109140E+7	1.252996E+3	-1.621287E+0	1.850225E-4	7.183855E+0	7.165557E+0
60.0    	3       	7.392035E-1	1.363966E-3	-5.31E-2   	60.00     	7827.37 	24.6 	33.5 	6.066381E-1	2.374397E-6 	6.502797E+7	7.648871E+4	-1.916537E+0	6.928444E-4	1.300713E+0	1.151328E+0
60.0    	4       	6.596175E+0	5.797949E-4	-2.05E-1   	60.00     	7829.97 	24.6 	33.5 	6.595046E+0	2.833045E-7 	1.113173E+7	8.621678E+2	-1.620893E+0	1.553491E-4	7.157685E+0	7.139736E+0
60.0    	5       	6.350253E+0	2.510205E-4	-3.16E-1   	60.00     	7832.53 	24.6 	33.4 	6.348069E+0	1.731195E-7 	1.152920E+7	5.567764E+2	-1.623257E+0	2.324507E-4	6.911763E+0	6.892759E+0
60.0    	6       	6.317335E+0	1.287442E-3	-4.25E-1   	60.00     	7835.10 	24.6 	33.5 	6.314616E+0	1.495428E-6 	1.158490E+7	2.116601E+3	-1.624117E+0	8.326664E-5	6.878845E+0	6.859306E+0
60.0    	7       	6.299843E+0	5.377481E-4	-1.33E-1   	60.00     	7837.68 	24.6 	33.5 	6.297528E+0	2.432401E-7 	1.161413E+7	8.736895E+2	-1.623630E+0	6.082763E-5	6.861353E+0	6.842218E+0
60.0    	8       	6.308698E+0	1.746704E-3	-4.25E-1   	60.00     	7840.25 	24.6 	33.5 	6.307064E+0	3.817912E-6 	1.159857E+7	3.126233E+3	-1.622647E+0	3.552933E-4	6.870208E+0	6.851754E+0
60.0    	9       	6.298606E+0	1.485261E-3	-8.08E-2   	60.00     	7842.81 	24.6 	33.5 	6.296523E+0	2.415712E-6 	1.161603E+7	2.571640E+3	-1.623313E+0	2.829016E-4	6.860116E+0	6.841213E+0
60.0    	10      	6.294092E+0	1.652084E-3	-3.63E-1   	60.00     	7845.40 	24.6 	33.5 	6.291766E+0	2.174176E-6 	1.162390E+7	2.651415E+3	-1.623667E+0	3.085990E-4	6.855602E+0	6.836456E+0
60.0    	11      	6.294842E+0	6.520745E-4	-4.99E-1   	60.00     	7847.97 	24.6 	33.5 	6.292075E+0	4.655529E-7 	1.162300E+7	1.126943E+3	-1.624270E+0	1.873499E-4	6.856352E+0	6.836765E+0
60.0    	12      	6.334937E+0	1.634457E-3	-3.11E-1   	60.00     	7850.53 	24.6 	33.5 	6.332325E+0	2.533047E-6 	1.155520E+7	2.705550E+3	-1.623903E+0	1.266228E-4	6.896447E+0	6.877015E+0
60.0    	13      	6.298354E+0	9.246819E-4	-2.54E-1   	60.00     	7853.09 	24.6 	33.5 	6.295832E+0	4.184441E-7 	1.161683E+7	1.331666E+3	-1.623920E+0	3.819686E-4	6.859864E+0	6.840522E+0
60.0    	14      	6.566253E+0	4.506049E-4	-1.06E-1   	60.00     	7855.65 	24.6 	33.5 	6.564559E+0	1.517467E-7 	1.117897E+7	6.506407E+2	-1.621783E+0	2.074448E-4	7.127763E+0	7.109249E+0
60.0    	15      	9.329547E-1	3.579262E-4	-3.51E-1   	60.00     	7858.23 	24.6 	33.5 	9.142519E-1	2.922063E-7 	5.389250E+7	1.586159E+4	-1.725587E+0	6.627468E-4	1.494465E+0	1.458942E+0
60.0    	16      	6.769569E+0	1.799242E-3	1.92E-2    	60.00     	7860.80 	24.6 	33.5 	6.768157E+0	2.944852E-6 	1.086833E+7	2.608320E+3	-1.620687E+0	1.594783E-4	7.331079E+0	7.312847E+0
60.0    	17      	6.319148E+0	1.408717E-3	-4.18E-1   	60.00     	7863.37 	24.6 	33.5 	6.316520E+0	1.712962E-6 	1.158177E+7	2.289833E+3	-1.623987E+0	1.404754E-4	6.880658E+0	6.861210E+0
60.0    	18      	6.124058E+0	4.849433E-4	-2.52E-1   	60.00     	7865.97 	24.6 	33.5 	6.120189E+0	2.821463E-7 	1.192133E+7	9.073772E+2	-1.626453E+0	6.429101E-5	6.685568E+0	6.664879E+0
60.0    	19      	6.401514E+0	1.069666E-3	-4.81E-1   	60.00     	7868.51 	24.6 	33.5 	6.400148E+0	1.045768E-6 	1.144353E+7	1.721434E+3	-1.621923E+0	7.767453E-5	6.963024E+0	6.944838E+0
60.0    	20      	6.113308E+0	8.143793E-4	-2.64E-1   	60.00     	7871.09 	24.6 	33.5 	6.109881E+0	3.915210E-7 	1.194017E+7	1.289703E+3	-1.625900E+0	2.551470E-4	6.674818E+0	6.654571E+0
60.0    	21      	6.104710E+0	8.205800E-4	-4.95E-2   	60.00     	7873.65 	24.6 	33.5 	6.100902E+0	5.338929E-7 	1.195593E+7	1.386843E+3	-1.626453E+0	2.302897E-4	6.666220E+0	6.645592E+0
60.0    	22      	6.110254E+0	4.315152E-4	-2.90E-1   	60.01     	7876.24 	24.6 	33.5 	6.106761E+0	2.441900E-7 	1.194570E+7	8.185353E+2	-1.626003E+0	2.259056E-4	6.671764E+0	6.651451E+0
60.0    	23      	6.106990E+0	1.618512E-3	-5.45E-1   	60.00     	7878.81 	24.6 	33.5 	6.103745E+0	2.445040E-6 	1.195133E+7	2.853653E+3	-1.625677E+0	1.692139E-4	6.668500E+0	6.648435E+0
60.0    	24      	6.106280E+0	1.086804E-3	-3.89E-1   	60.00     	7881.39 	24.6 	33.5 	6.103415E+0	2.015767E-6 	1.195227E+7	2.250185E+3	-1.625157E+0	4.660830E-4	6.667790E+0	6.648105E+0
60.0    	25      	6.096768E+0	1.387307E-4	-4.26E-1   	60.00     	7883.97 	24.6 	33.5 	6.093532E+0	1.669637E-8 	1.196970E+7	2.000000E+2	-1.625707E+0	2.055075E-4	6.658278E+0	6.638222E+0
60.0    	26      	6.146634E+0	1.211478E-3	-2.19E-1   	60.00     	7886.54 	24.6 	33.5 	6.143648E+0	1.396307E-6 	1.188037E+7	2.122106E+3	-1.625160E+0	3.605551E-5	6.708144E+0	6.688338E+0
60.0    	27      	6.099763E+0	1.078682E-3	-2.90E-1   	60.00     	7889.10 	24.6 	33.5 	6.096169E+0	1.030902E-6 	1.196463E+7	1.877054E+3	-1.626183E+0	2.450170E-4	6.661273E+0	6.640859E+0
60.0    	28      	6.099821E+0	9.001937E-4	-1.62E-1   	60.00     	7891.68 	24.6 	33.5 	6.096259E+0	5.443333E-7 	1.196450E+7	1.473092E+3	-1.626140E+0	2.179449E-4	6.661331E+0	6.640949E+0
60.0    	29      	6.101779E+0	1.777178E-3	-1.90E-1   	60.00     	7894.25 	24.6 	33.5 	6.098379E+0	3.414465E-6 	1.196083E+7	3.257811E+3	-1.625910E+0	1.212436E-4	6.663289E+0	6.643069E+0
60.0    	30      	6.101448E+0	1.574385E-3	-3.76E-1   	60.00     	7896.83 	24.6 	33.5 	6.098339E+0	2.472880E-6 	1.196117E+7	2.829016E+3	-1.625513E+0	3.785939E-5	6.662958E+0	6.643029E+0
60.0    	31      	6.381646E+0	1.085385E-3	4.31E-2    	60.00     	7899.42 	24.6 	33.5 	6.378376E+0	1.372334E-6 	1.147790E+7	1.868154E+3	-1.624613E+0	1.201388E-4	6.943156E+0	6.923066E+0
60.0    	32      	6.307397E+0	1.186333E-3	-4.67E-1   	60.00     	7901.99 	24.6 	33.5 	6.304976E+0	1.334467E-6 	1.160143E+7	1.965536E+3	-1.623747E+0	3.942503E-4	6.868907E+0	6.849666E+0
60.0    	33      	6.307636E+0	9.797617E-4	-2.99E-1   	60.00     	7904.61 	24.6 	33.5 	6.304737E+0	9.760841E-7 	1.160143E+7	1.662328E+3	-1.624400E+0	1.249000E-4	6.869146E+0	6.849427E+0
60.0    	34      	6.109927E+0	1.995629E-3	-3.68E-1   	60.00     	7907.14 	24.6 	33.5 	6.106568E+0	4.135660E-6 	1.194617E+7	3.611556E+3	-1.625820E+0	1.400000E-4	6.671437E+0	6.651258E+0
60.0    	35      	6.103923E+0	3.869049E-4	2.12E-2    	60.00     	7909.71 	24.6 	33.5 	6.100797E+0	1.384022E-7 	1.195673E+7	6.806859E+2	-1.625527E+0	6.027714E-5	6.665433E+0	6.645487E+0
60.0    	36      	6.108312E+0	6.915307E-4	-4.31E-1   	60.00     	7912.28 	24.6 	33.5 	6.104949E+0	4.293335E-7 	1.194907E+7	1.205543E+3	-1.625833E+0	1.289703E-4	6.669822E+0	6.649639E+0
60.0    	37      	6.105946E+0	4.959926E-4	-2.44E-1   	60.00     	7914.90 	24.6 	33.5 	6.102450E+0	4.999345E-8 	1.195343E+7	6.429101E+2	-1.626023E+0	3.789899E-4	6.667456E+0	6.647140E+0
60.0    	38      	6.100190E+0	7.479817E-4	-1.17E-2   	60.00     	7917.43 	24.6 	33.5 	6.096595E+0	5.836481E-7 	1.196387E+7	1.357694E+3	-1.626183E+0	1.137248E-4	6.661700E+0	6.641285E+0
60.0    	39      	6.106279E+0	1.258777E-3	-1.87E-1   	60.00     	7920.01 	24.6 	33.5 	6.102971E+0	2.162545E-6 	1.195267E+7	2.450170E+3	-1.625767E+0	2.967041E-4	6.667789E+0	6.647661E+0
60.0    	40      	6.105279E+0	1.031920E-3	1.95E-2    	60.00     	7922.62 	24.6 	33.5 	6.102076E+0	1.100245E-6 	1.195437E+7	1.861003E+3	-1.625627E+0	2.540341E-4	6.666789E+0	6.646766E+0
60.0    	41      	6.097666E+0	1.117462E-3	6.68E-2    	60.00     	7925.15 	24.6 	33.5 	6.094561E+0	1.159671E-6 	1.196797E+7	1.965536E+3	-1.625523E+0	2.926317E-4	6.659176E+0	6.639251E+0
60.0    	42      	6.100023E+0	8.374013E-5	-4.10E-1   	60.00     	7927.73 	24.6 	33.5 	6.096797E+0	1.262985E-8 	1.196383E+7	1.527525E+2	-1.625680E+0	1.400000E-4	6.661533E+0	6.641487E+0
60.0    	43      	6.102683E+0	2.454612E-3	-4.35E-1   	60.00     	7930.34 	24.6 	33.5 	6.099256E+0	6.394056E-6 	1.195923E+7	4.476978E+3	-1.625943E+0	1.800926E-4	6.664193E+0	6.643946E+0
60.0    	44      	6.102604E+0	9.593022E-4	-3.43E-1   	60.00     	7932.87 	24.6 	33.5 	6.099371E+0	1.089858E-6 	1.195920E+7	1.800000E+3	-1.625680E+0	1.307670E-4	6.664114E+0	6.644061E+0
60.0    	45      	6.107609E+0	8.677834E-4	-6.66E-2   	60.00     	7935.48 	24.6 	33.5 	6.104314E+0	6.794150E-7 	1.195027E+7	1.517674E+3	-1.625743E+0	8.504901E-5	6.669119E+0	6.649004E+0
60.0    	46      	6.096884E+0	2.250955E-3	-2.79E-1   	60.00     	7938.00 	24.6 	33.5 	6.093825E+0	5.143070E-6 	1.196933E+7	4.064890E+3	-1.625463E+0	2.003331E-4	6.658394E+0	6.638515E+0
60.0    	47      	6.101749E+0	1.533369E-4	2.90E-2    	60.00     	7940.57 	24.6 	33.5 	6.098112E+0	2.009253E-8 	1.196110E+7	2.645751E+2	-1.626233E+0	3.214550E-5	6.663259E+0	6.642802E+0
60.0    	48      	6.574520E+0	1.119441E-3	-2.34E-1   	60.00     	7943.16 	24.6 	33.5 	6.572867E+0	9.901006E-7 	1.116597E+7	1.656301E+3	-1.621697E+0	1.692139E-4	7.136030E+0	7.117557E+0
60.0    	49      	6.346059E+0	3.126825E-3	-2.31E-1   	60.00     	7945.73 	24.6 	33.5 	6.343968E+0	8.799738E-6 	1.153613E+7	5.095423E+3	-1.623143E+0	2.218859E-4	6.907569E+0	6.888658E+0
60.0    	50      	6.111161E+0	6.723171E-4	-2.44E-1   	60.00     	7948.29 	24.6 	33.5 	6.107193E+0	6.054040E-7 	1.194450E+7	1.300000E+3	-1.626640E+0	1.513275E-4	6.672671E+0	6.651883E+0
60.0    	51      	6.103297E+0	5.096916E-4	-2.74E-2   	60.00     	7950.88 	24.6 	33.5 	6.100161E+0	3.004575E-7 	1.195787E+7	9.504385E+2	-1.625543E+0	5.507571E-5	6.664807E+0	6.644851E+0
60.0    	52      	6.102677E+0	9.697366E-4	-6.21E-2   	60.00     	7953.43 	24.6 	33.5 	6.099187E+0	7.581211E-7 	1.195930E+7	1.652271E+3	-1.626030E+0	1.682260E-4	6.664187E+0	6.643877E+0
60.0    	53      	6.101692E+0	3.055372E-4	-1.45E-1   	60.00     	7956.00 	24.6 	33.5 	6.097910E+0	1.826213E-7 	1.196133E+7	6.506407E+2	-1.626430E+0	2.286919E-4	6.663202E+0	6.642600E+0
60.0    	54      	6.103063E+0	1.761376E-3	-1.12E-1   	60.00     	7958.57 	24.6 	33.5 	6.099728E+0	2.886689E-6 	1.195847E+7	3.108590E+3	-1.625817E+0	9.073772E-5	6.664573E+0	6.644418E+0
60.0    	55      	6.107420E+0	1.293821E-3	-2.99E-2   	60.00     	7961.15 	24.6 	33.5 	6.103947E+0	1.820105E-6 	1.195077E+7	2.371357E+3	-1.625987E+0	1.101514E-4	6.668930E+0	6.648637E+0
60.0    	56      	6.102795E+0	5.918801E-4	-3.37E-1   	60.00     	7963.72 	24.6 	33.5 	6.099551E+0	1.960697E-7 	1.195887E+7	9.291573E+2	-1.625693E+0	2.052641E-4	6.664305E+0	6.644241E+0
60.0    	57      	6.100686E+0	1.414430E-3	-6.42E-1   	60.00     	7966.30 	24.6 	33.5 	6.097729E+0	1.915780E-6 	1.196240E+7	2.511971E+3	-1.625307E+0	2.335237E-4	6.662196E+0	6.642419E+0
60.0    	58      	6.100089E+0	1.486688E-3	-3.24E-1   	60.00     	7968.87 	24.6 	33.5 	6.096584E+0	1.893973E-6 	1.196397E+7	2.573584E+3	-1.626060E+0	1.708801E-4	6.661599E+0	6.641274E+0
60.0    	59      	6.100004E+0	1.130913E-3	-2.03E-1   	60.00     	7971.44 	24.6 	33.5 	6.096262E+0	1.222512E-6 	1.196433E+7	2.010804E+3	-1.626383E+0	8.144528E-5	6.661514E+0	6.640952E+0
60.0    	60      	6.100863E+0	8.191203E-4	-5.24E-1   	60.00     	7974.01 	24.6 	33.5 	6.097182E+0	1.044287E-6 	1.196273E+7	1.650253E+3	-1.626297E+0	3.429772E-4	6.662373E+0	6.641872E+0
60.0    	61      	6.393946E+0	1.956420E-3	-2.38E-1   	60.00     	7976.57 	24.6 	33.5 	6.391734E+0	4.039311E-6 	1.145670E+7	3.269557E+3	-1.623130E+0	1.587451E-4	6.955456E+0	6.936424E+0
60.0    	62      	6.396468E+0	5.329160E-4	-1.33E-1   	60.00     	7979.15 	24.6 	33.5 	6.394912E+0	3.046799E-7 	1.145200E+7	8.888194E+2	-1.622210E+0	1.652271E-4	6.957978E+0	6.939602E+0
60.0    	63      	6.378848E+0	7.763369E-4	-4.47E-1   	60.00     	7981.72 	24.6 	33.5 	6.376704E+0	7.897634E-7 	1.148160E+7	1.374773E+3	-1.623093E+0	2.421432E-4	6.940358E+0	6.921394E+0
60.0    	64      	9.855495E-1	1.323499E-3	1.07E-2    	60.00     	7984.31 	24.6 	33.5 	9.032854E-1	2.462732E-6 	5.316873E+7	5.157919E+4	-1.826653E+0	4.384442E-4	1.547060E+0	1.447975E+0
60.0    	65      	6.371845E+0	1.467597E-3	-3.95E-1   	60.00     	7986.89 	24.6 	33.5 	6.369356E+0	2.210468E-6 	1.149350E+7	2.451530E+3	-1.623593E+0	9.609024E-5	6.933355E+0	6.914046E+0
60.0    	66      	6.107799E+0	3.315266E-4	-4.42E-1   	60.00     	7989.43 	24.6 	33.5 	6.104459E+0	1.435965E-7 	1.194997E+7	6.350853E+2	-1.625803E+0	1.078579E-4	6.669309E+0	6.649149E+0
60.0    	67      	6.119931E+0	8.724673E-4	-1.58E-1   	60.00     	7992.01 	24.6 	33.5 	6.116444E+0	6.582151E-7 	1.192837E+7	1.504438E+3	-1.625953E+0	1.078579E-4	6.681441E+0	6.661134E+0
60.0    	68      	6.109029E+0	6.459461E-4	-1.25E-2   	60.00     	7994.58 	24.6 	33.5 	6.105421E+0	2.262944E-7 	1.194800E+7	1.000000E+3	-1.626163E+0	2.811287E-4	6.670539E+0	6.650111E+0
60.0    	69      	6.107718E+0	4.789981E-4	-3.78E-1   	60.00     	7997.17 	24.6 	33.5 	6.104057E+0	2.511211E-7 	1.195040E+7	8.717798E+2	-1.626240E+0	1.777639E-4	6.669228E+0	6.648747E+0
60.0    	70      	6.106688E+0	2.069462E-3	-1.83E-1   	60.00     	7999.73 	24.6 	33.5 	6.103602E+0	4.002874E-6 	1.195173E+7	3.652853E+3	-1.625460E+0	8.888194E-5	6.668198E+0	6.648292E+0
60.0    	71      	6.103613E+0	7.933327E-4	-1.53E-1   	60.00     	8002.30 	24.6 	33.5 	6.100291E+0	6.872581E-7 	1.195747E+7	1.457166E+3	-1.625797E+0	7.505553E-5	6.665123E+0	6.644981E+0
60.0    	72      	6.102853E+0	1.731754E-3	-1.98E-1   	60.00     	8004.87 	24.6 	33.5 	6.099531E+0	3.249030E-6 	1.195883E+7	3.175426E+3	-1.625800E+0	1.587451E-4	6.664363E+0	6.644221E+0
60.0    	73      	6.105715E+0	1.191673E-3	-1.07E-1   	60.00     	8007.45 	24.6 	33.5 	6.102569E+0	1.691663E-6 	1.195353E+7	2.236813E+3	-1.625547E+0	1.887679E-4	6.667225E+0	6.647259E+0
60.0    	74      	6.106594E+0	4.543091E-3	-2.07E-1   	60.00     	8010.03 	24.6 	33.5 	6.103438E+0	1.933893E-5 	1.195197E+7	8.021430E+3	-1.625557E+0	2.074448E-4	6.668104E+0	6.648128E+0
60.0    	75      	6.100913E+0	2.388520E-3	-1.17E-1   	60.00     	8012.58 	24.6 	33.5 	6.097800E+0	5.915464E-6 	1.196213E+7	4.291076E+3	-1.625517E+0	9.252207E-4	6.662423E+0	6.642490E+0
60.0    	76      	6.394102E+0	1.033249E-3	-9.94E-2   	60.00     	8015.17 	24.6 	33.5 	6.392385E+0	1.067824E-6 	1.145603E+7	1.703917E+3	-1.622443E+0	6.027714E-5	6.955612E+0	6.937075E+0
60.0    	77      	7.303625E-1	1.228441E-3	-2.75E-2   	60.00     	8017.72 	24.6 	33.5 	6.087979E-1	6.165679E-6 	6.518903E+7	1.006956E+5	-1.904230E+0	1.781264E-3	1.291873E+0	1.153488E+0
60.0    	78      	7.320571E-1	2.130089E-3	-8.71E-2   	60.00     	8020.30 	24.6 	33.5 	6.087939E-1	1.791428E-6 	6.514640E+7	8.614778E+4	-1.906120E+0	1.521972E-3	1.293567E+0	1.153484E+0
60.0    	79      	6.399989E+0	6.022230E-4	4.16E-2    	60.00     	8022.87 	24.6 	33.5 	6.397907E+0	1.514482E-7 	1.144663E+7	8.144528E+2	-1.622927E+0	3.027100E-4	6.961499E+0	6.942597E+0
60.0    	80      	6.633513E+0	7.879152E-4	-3.12E-1   	60.00     	8025.45 	24.6 	33.5 	6.632030E+0	3.753352E-7 	1.107417E+7	1.078579E+3	-1.621253E+0	2.466441E-4	7.195023E+0	7.176720E+0
60.0    	81      	6.356563E+0	6.086080E-4	-3.60E-1   	60.00     	8028.01 	24.6 	33.5 	6.353983E+0	4.297008E-7 	1.151900E+7	1.053565E+3	-1.623777E+0	8.082904E-5	6.918073E+0	6.898673E+0
60.0    	82      	6.131882E+0	9.853325E-4	-4.00E-1   	60.00     	8030.59 	24.6 	33.5 	6.128361E+0	8.814079E-7 	1.190707E+7	1.709776E+3	-1.625950E+0	1.900000E-4	6.693392E+0	6.673051E+0
60.0    	83      	6.128540E+0	3.897243E-4	-8.47E-2   	60.00     	8033.18 	24.6 	33.5 	6.124897E+0	8.980195E-8 	1.191313E+7	6.110101E+2	-1.626130E+0	1.571623E-4	6.690050E+0	6.669587E+0
60.0    	84      	6.174452E+0	9.077341E-4	1.62E-1    	60.00     	8035.73 	24.6 	33.5 	6.171085E+0	7.197987E-7 	1.183157E+7	1.537314E+3	-1.625567E+0	2.413158E-4	6.735962E+0	6.715775E+0
60.0    	85      	6.130804E+0	8.240591E-4	-2.81E-1   	60.00     	8038.33 	24.6 	33.5 	6.127493E+0	9.166838E-7 	1.190880E+7	1.587451E+3	-1.625670E+0	1.907878E-4	6.692314E+0	6.672183E+0
60.0    	86      	6.129560E+0	1.015423E-3	3.98E-2    	60.00     	8040.88 	24.6 	33.5 	6.126269E+0	7.268361E-7 	1.191100E+7	1.664332E+3	-1.625647E+0	2.302897E-4	6.691070E+0	6.670959E+0
60.0    	87      	6.131488E+0	4.814200E-4	1.14E-1    	60.00     	8043.47 	24.6 	33.5 	6.128231E+0	2.166308E-7 	1.190753E+7	8.386497E+2	-1.625593E+0	1.404754E-4	6.692998E+0	6.672921E+0
60.0    	88      	6.131302E+0	9.913953E-5	-3.06E-1   	60.00     	8046.04 	24.6 	33.5 	6.128267E+0	2.368716E-8 	1.190767E+7	1.527525E+2	-1.625290E+0	2.662705E-4	6.692812E+0	6.672957E+0
60.0    	89      	6.132890E+0	1.062185E-3	1.00E-1    	60.00     	8048.63 	24.6 	33.5 	6.129785E+0	1.179995E-6 	1.190490E+7	1.907878E+3	-1.625380E+0	2.264950E-4	6.694400E+0	6.674475E+0
60.0    	90      	6.134839E+0	3.218039E-3	-2.41E-1   	60.00     	8051.18 	24.6 	33.5 	6.131732E+0	9.562897E-6 	1.190143E+7	5.614564E+3	-1.625373E+0	1.738774E-4	6.696349E+0	6.676422E+0
60.0    	91      	6.130661E+0	1.036867E-3	-2.38E-1   	60.01     	8053.75 	24.6 	33.5 	6.127598E+0	6.938604E-7 	1.190883E+7	1.665333E+3	-1.625330E+0	2.858321E-4	6.692171E+0	6.672288E+0
60.0    	92      	6.129324E+0	1.743411E-3	-3.22E-1   	60.00     	8056.36 	24.6 	33.5 	6.126132E+0	3.011800E-6 	1.191133E+7	3.100538E+3	-1.625513E+0	6.658328E-5	6.690834E+0	6.670822E+0
60.0    	93      	6.453647E+0	3.733802E-4	-2.19E-1   	60.01     	8058.90 	24.6 	33.5 	6.451435E+0	2.545468E-7 	1.135907E+7	7.094599E+2	-1.622907E+0	2.059935E-4	7.015157E+0	6.996125E+0
60.0    	94      	6.419863E+0	4.066266E-4	-2.46E-1   	60.00     	8061.47 	24.6 	33.5 	6.417704E+0	1.693720E-7 	1.141407E+7	6.658328E+2	-1.622960E+0	1.212436E-4	6.981373E+0	6.962394E+0
60.0    	95      	6.129556E+0	1.071677E-3	-7.26E-1   	60.00     	8064.05 	24.6 	33.5 	6.126124E+0	1.513050E-6 	1.191113E+7	2.050203E+3	-1.625840E+0	2.605763E-4	6.691066E+0	6.670814E+0
60.0    	96      	6.342667E+0	2.219525E-3	-5.39E-1   	60.00     	8066.64 	24.6 	33.5 	6.340028E+0	4.689520E-6 	1.154227E+7	3.669242E+3	-1.623910E+0	1.600000E-4	6.904177E+0	6.884718E+0
60.0    	97      	6.343169E+0	5.020031E-4	-1.27E-1   	60.00     	8069.19 	24.6 	33.5 	6.340760E+0	3.390224E-7 	1.154123E+7	9.073772E+2	-1.623593E+0	1.159023E-4	6.904679E+0	6.885450E+0
60.0    	98      	6.129520E+0	6.670267E-4	-1.98E-1   	60.00     	8071.77 	24.6 	33.5 	6.126271E+0	3.486427E-7 	1.191103E+7	1.115049E+3	-1.625590E+0	2.022375E-4	6.691030E+0	6.670961E+0
60.0    	99      	6.130365E+0	1.667702E-3	1.08E-1    	60.00     	8074.35 	24.6 	33.5 	6.127109E+0	2.585223E-6 	1.190953E+7	2.919475E+3	-1.625597E+0	7.505553E-5	6.691875E+0	6.671799E+0
60.0    	100     	6.148917E+0	8.121265E-4	-4.65E-1   	60.00     	8076.92 	24.6 	33.5 	6.145576E+0	4.366797E-7 	1.187663E+7	1.305118E+3	-1.625637E+0	2.055075E-4	6.710427E+0	6.690266E+0
60.0    	101     	6.128392E+0	1.390045E-3	-4.95E-1   	60.00     	8079.50 	24.6 	33.5 	6.125268E+0	1.966581E-6 	1.191293E+7	2.482606E+3	-1.625423E+0	3.008876E-4	6.689902E+0	6.669958E+0
60.0    	102     	6.130544E+0	2.114321E-3	-1.06E-1   	60.00     	8082.12 	24.6 	33.5 	6.127417E+0	4.173588E-6 	1.190910E+7	3.702702E+3	-1.625420E+0	1.802776E-4	6.692054E+0	6.672107E+0
60.0    	103     	6.126249E+0	1.309944E-3	-6.13E-2   	60.00     	8084.65 	24.6 	33.5 	6.123188E+0	1.731424E-6 	1.191670E+7	2.343075E+3	-1.625347E+0	3.214550E-5	6.687759E+0	6.667878E+0
60.0    	104     	6.127006E+0	1.492617E-3	-3.81E-1   	60.00     	8087.21 	24.6 	33.5 	6.124112E+0	1.880662E-6 	1.191520E+7	2.553429E+3	-1.625113E+0	1.955335E-4	6.688516E+0	6.668802E+0
60.0    	105     	6.131148E+0	1.998108E-3	-1.42E-1   	60.00     	8089.78 	24.6 	33.5 	6.128048E+0	3.599398E-6 	1.190800E+7	3.469870E+3	-1.625380E+0	1.442221E-4	6.692658E+0	6.672738E+0
60.0    	106     	6.132879E+0	1.436703E-3	-3.04E-1   	60.00     	8092.37 	24.6 	33.5 	6.129647E+0	2.436477E-6 	1.190503E+7	2.668957E+3	-1.625553E+0	1.934770E-4	6.694389E+0	6.674337E+0
60.0    	107     	6.127696E+0	1.050543E-3	-1.47E-1   	60.00     	8094.92 	24.6 	33.5 	6.124768E+0	1.686739E-6 	1.191400E+7	2.095233E+3	-1.625157E+0	3.496188E-4	6.689206E+0	6.669458E+0
60.0    	108     	6.129437E+0	1.915310E-3	-1.05E-1   	60.00     	8097.51 	24.6 	33.5 	6.126093E+0	3.301277E-6 	1.191127E+7	3.326159E+3	-1.625720E+0	1.473092E-4	6.690947E+0	6.670783E+0
60.0    	109     	6.142256E+0	9.727032E-4	-3.45E-1   	60.00     	8100.10 	24.6 	33.5 	6.138637E+0	1.064218E-6 	1.188870E+7	1.777639E+3	-1.626040E+0	1.609348E-4	6.703766E+0	6.683327E+0
60.0    	110     	6.125565E+0	4.900675E-4	-3.84E-1   	60.00     	8102.65 	24.6 	33.5 	6.122341E+0	2.265976E-7 	1.191807E+7	8.621678E+2	-1.625573E+0	2.081666E-5	6.687075E+0	6.667031E+0
60.0    	111     	6.119513E+0	1.844946E-3	-3.61E-1   	60.00     	8105.21 	24.6 	33.5 	6.115856E+0	3.715713E-6 	1.192927E+7	3.372437E+3	-1.626187E+0	1.418920E-4	6.681023E+0	6.660546E+0
60.0    	112     	6.336370E+0	1.821261E-3	-1.34E-1   	60.00     	8107.79 	24.6 	33.5 	6.333912E+0	2.418585E-6 	1.155267E+7	2.829016E+3	-1.623687E+0	3.920884E-4	6.897880E+0	6.878602E+0
60.0    	113     	6.327372E+0	1.105026E-3	-3.01E-1   	60.00     	8110.37 	24.6 	33.5 	6.324333E+0	1.685361E-6 	1.156827E+7	2.020726E+3	-1.624513E+0	2.746513E-4	6.888882E+0	6.869023E+0
60.0    	114     	6.117281E+0	1.438124E-3	1.90E-2    	60.00     	8112.93 	24.6 	33.5 	6.113690E+0	2.462740E-6 	1.193320E+7	2.690725E+3	-1.626107E+0	1.861003E-4	6.678791E+0	6.658380E+0
60.0    	115     	6.116374E+0	5.883645E-4	3.94E-2    	60.00     	8115.51 	24.6 	33.5 	6.112884E+0	2.819585E-7 	1.193473E+7	1.001665E+3	-1.625973E+0	7.571878E-5	6.677884E+0	6.657574E+0
60.0    	116     	6.133182E+0	1.909884E-3	-2.74E-1   	60.00     	8118.09 	24.6 	33.5 	6.129682E+0	3.033581E-6 	1.190473E+7	3.251666E+3	-1.625917E+0	2.259056E-4	6.694692E+0	6.674372E+0
60.0    	117     	6.115214E+0	1.596121E-4	-1.22E-1   	60.00     	8120.64 	24.6 	33.5 	6.111957E+0	3.845552E-8 	1.193660E+7	2.645751E+2	-1.625660E+0	2.751363E-4	6.676724E+0	6.656647E+0
60.0    	118     	6.118128E+0	7.711013E-4	-1.73E-1   	60.00     	8123.23 	24.6 	33.5 	6.114855E+0	9.770649E-7 	1.193140E+7	1.571623E+3	-1.625670E+0	3.296968E-4	6.679638E+0	6.659545E+0
60.0    	119     	6.114883E+0	7.913635E-4	-6.70E-2   	60.00     	8125.80 	24.6 	33.5 	6.111693E+0	6.237341E-7 	1.193713E+7	1.415392E+3	-1.625570E+0	3.000000E-5	6.676393E+0	6.656383E+0
60.0    	120     	6.117699E+0	5.460465E-4	-3.86E-1   	60.00     	8128.38 	24.6 	33.5 	6.114427E+0	2.428951E-7 	1.193217E+7	9.291573E+2	-1.625670E+0	7.549834E-5	6.679209E+0	6.659117E+0
60.0    	121     	6.115667E+0	2.185324E-3	-3.56E-1   	60.00     	8130.93 	24.6 	33.5 	6.112586E+0	5.541945E-6 	1.193563E+7	4.062429E+3	-1.625417E+0	2.730079E-4	6.677177E+0	6.657276E+0
60.0    	122     	6.117652E+0	1.338398E-3	-1.26E-1   	60.00     	8133.51 	24.6 	33.5 	6.114548E+0	1.641641E-6 	1.193210E+7	2.343075E+3	-1.625440E+0	1.081665E-4	6.679162E+0	6.659238E+0
60.0    	123     	6.116156E+0	1.181973E-3	-4.76E-1   	60.01     	8136.09 	24.6 	33.5 	6.112803E+0	1.493710E-6 	1.193500E+7	2.151743E+3	-1.625787E+0	6.027714E-5	6.677666E+0	6.657493E+0
60.0    	124     	6.115574E+0	1.327232E-3	-7.88E-2   	60.00     	8138.67 	24.6 	33.5 	6.112454E+0	1.752248E-6 	1.193583E+7	2.369247E+3	-1.625470E+0	1.951922E-4	6.677084E+0	6.657144E+0
60.0    	125     	6.118210E+0	5.936201E-4	-3.76E-1   	60.00     	8141.23 	24.6 	33.5 	6.114662E+0	4.409865E-7 	1.193150E+7	1.100000E+3	-1.626043E+0	3.716629E-4	6.679720E+0	6.659352E+0
60.0    	126     	6.114002E+0	1.314708E-3	-3.08E-1   	60.01     	8143.79 	24.6 	33.5 	6.110528E+0	1.435410E-6 	1.193897E+7	2.236813E+3	-1.625960E+0	4.011234E-4	6.675512E+0	6.655218E+0
60.0    	127     	6.114493E+0	1.100646E-3	-3.62E-1   	60.00     	8146.35 	24.6 	33.5 	6.111041E+0	1.218883E-6 	1.193807E+7	1.973153E+3	-1.625930E+0	9.000000E-5	6.676003E+0	6.655731E+0
60.0    	128     	6.313590E+0	1.213725E-3	-3.25E-1   	60.00     	8148.95 	24.6 	33.5 	6.310697E+0	1.447718E-6 	1.159137E+7	2.040425E+3	-1.624370E+0	3.000000E-5	6.875100E+0	6.855387E+0
60.0    	129     	6.313011E+0	7.794666E-4	-1.27E-1   	60.00     	8151.51 	24.6 	33.5 	6.310407E+0	9.783204E-7 	1.159210E+7	1.493318E+3	-1.623977E+0	2.914332E-4	6.874521E+0	6.855097E+0
60.0    	130     	6.116365E+0	2.205059E-3	-3.62E-1   	60.00     	8154.09 	24.6 	33.5 	6.112968E+0	4.221173E-6 	1.193467E+7	3.810949E+3	-1.625847E+0	2.311565E-4	6.677875E+0	6.657658E+0
60.0    	131     	6.112679E+0	1.103317E-3	-3.38E-1   	60.00     	8156.66 	24.6 	33.5 	6.109393E+0	1.115456E-6 	1.194117E+7	1.934770E+3	-1.625710E+0	6.557439E-5	6.674189E+0	6.654083E+0
60.0    	132     	6.118332E+0	1.726386E-3	-4.10E-1   	60.00     	8159.23 	24.6 	33.5 	6.114838E+0	3.766316E-6 	1.193123E+7	3.280752E+3	-1.625970E+0	2.986637E-4	6.679842E+0	6.659528E+0
60.0    	133     	6.110828E+0	1.352968E-3	-2.55E-1   	60.00     	8161.79 	24.6 	33.5 	6.107599E+0	1.757782E-6 	1.194443E+7	2.400694E+3	-1.625640E+0	7.549834E-5	6.672338E+0	6.652289E+0
60.0    	134     	6.114503E+0	1.621422E-3	-1.04E-2   	60.00     	8164.36 	24.6 	33.5 	6.111143E+0	2.388689E-6 	1.193797E+7	2.836077E+3	-1.625803E+0	9.814955E-5	6.676013E+0	6.655833E+0
60.0    	135     	6.116460E+0	2.185291E-3	-3.75E-1   	60.00     	8166.94 	24.6 	33.5 	6.113133E+0	5.010053E-6 	1.193443E+7	3.957693E+3	-1.625750E+0	1.216553E-4	6.677970E+0	6.657823E+0
60.0    	136     	6.109593E+0	5.988093E-4	-2.37E-1   	60.00     	8169.51 	24.6 	33.5 	6.106195E+0	3.147524E-7 	1.194680E+7	1.039230E+3	-1.625877E+0	8.144528E-5	6.671103E+0	6.650885E+0
60.0    	137     	6.108206E+0	3.966208E-4	-1.78E-1   	60.01     	8172.10 	24.6 	33.5 	6.105055E+0	3.062905E-7 	1.194907E+7	8.504901E+2	-1.625543E+0	2.343786E-4	6.669716E+0	6.649745E+0
60.0    	138     	6.115559E+0	1.442705E-3	-2.03E-1   	60.00     	8174.65 	24.6 	33.5 	6.112284E+0	2.019996E-6 	1.193600E+7	2.563201E+3	-1.625683E+0	8.504901E-5	6.677069E+0	6.656974E+0
60.0    	139     	6.116162E+0	1.302040E-3	-1.01E-1   	60.00     	8177.21 	24.6 	33.5 	6.112872E+0	1.665337E-6 	1.193493E+7	2.318045E+3	-1.625700E+0	1.587451E-4	6.677672E+0	6.657562E+0
60.0    	140     	6.111776E+0	1.764371E-3	-4.86E-1   	60.00     	8179.79 	24.6 	33.5 	6.108660E+0	3.084130E-6 	1.194263E+7	3.153305E+3	-1.625480E+0	1.417745E-4	6.673286E+0	6.653350E+0
60.0    	141     	6.112638E+0	2.249065E-3	-3.36E-1   	60.00     	8182.35 	24.6 	33.5 	6.109064E+0	4.756683E-6 	1.194150E+7	3.966106E+3	-1.626103E+0	2.663331E-4	6.674148E+0	6.653754E+0
60.0    	142     	6.109354E+0	1.440853E-3	-4.14E-1   	60.00     	8184.94 	24.6 	33.5 	6.106100E+0	1.986326E-6 	1.194710E+7	2.551470E+3	-1.625680E+0	2.381176E-4	6.670864E+0	6.650790E+0
60.0    	143     	6.111714E+0	1.061476E-3	4.55E-2    	60.00     	8187.51 	24.6 	33.5 	6.108164E+0	1.101377E-6 	1.194313E+7	1.890326E+3	-1.626073E+0	1.106044E-4	6.673224E+0	6.652854E+0
60.0    	144     	6.308063E+0	3.059441E-3	-3.32E-1   	60.00     	8190.11 	24.6 	33.5 	6.305376E+0	8.793911E-6 	1.160053E+7	5.093460E+3	-1.624110E+0	1.417745E-4	6.869573E+0	6.850066E+0
60.0    	145     	6.313555E+0	6.596450E-4	-2.58E-1   	60.00     	8192.67 	24.6 	33.5 	6.310771E+0	4.160472E-7 	1.159133E+7	1.096966E+3	-1.624220E+0	1.609348E-4	6.875065E+0	6.855461E+0
60.0    	146     	6.112285E+0	6.739382E-4	-1.42E-1   	60.00     	8195.23 	24.6 	33.5 	6.108635E+0	5.325627E-7 	1.194220E+7	1.252996E+3	-1.626207E+0	1.850225E-4	6.673795E+0	6.653325E+0
60.0    	147     	6.116571E+0	1.444757E-3	-1.45E-2   	60.00     	8197.80 	24.6 	33.5 	6.112910E+0	1.534276E-6 	1.193453E+7	2.400694E+3	-1.626203E+0	2.829016E-4	6.678081E+0	6.657600E+0
60.0    	148     	6.386752E+0	1.326247E-3	3.78E-2    	60.00     	8200.37 	24.6 	33.5 	6.384714E+0	1.974044E-6 	1.146843E+7	2.254625E+3	-1.622917E+0	2.112660E-4	6.948262E+0	6.929404E+0
60.0    	149     	6.111489E+0	1.693934E-3	-2.01E-1   	60.00     	8202.96 	24.6 	33.5 	6.107832E+0	3.173690E-6 	1.194363E+7	3.113412E+3	-1.626220E+0	2.051828E-4	6.672999E+0	6.652522E+0
60.0    	150     	6.112663E+0	1.223588E-3	-1.89E-1   	60.00     	8205.52 	24.6 	33.5 	6.109224E+0	1.311336E-6 	1.194133E+7	2.122106E+3	-1.625920E+0	1.113553E-4	6.674173E+0	6.653914E+0
60.0    	151     	6.115063E+0	1.292694E-3	-3.40E-1   	60.00     	8208.12 	24.6 	33.5 	6.111848E+0	1.731368E-6 	1.193683E+7	2.335237E+3	-1.625603E+0	3.785939E-5	6.676573E+0	6.656538E+0
60.0    	152     	6.111889E+0	1.753484E-3	1.85E-2    	60.00     	8210.68 	24.6 	33.5 	6.108622E+0	3.138035E-6 	1.194257E+7	3.156475E+3	-1.625687E+0	1.858315E-4	6.673399E+0	6.653312E+0
60.0    	153     	6.111218E+0	1.043663E-3	-2.51E-1   	60.01     	8213.27 	24.6 	33.5 	6.108065E+0	1.032121E-6 	1.194367E+7	1.844813E+3	-1.625533E+0	1.101514E-4	6.672728E+0	6.652755E+0
60.0    	154     	6.113524E+0	7.522128E-4	-1.14E-1   	60.01     	8215.84 	24.6 	33.5 	6.110447E+0	7.279106E-7 	1.193947E+7	1.436431E+3	-1.625420E+0	1.777639E-4	6.675034E+0	6.655137E+0
60.0    	155     	6.113620E+0	9.278281E-4	-1.27E-2   	60.00     	8218.40 	24.6 	33.5 	6.110202E+0	6.667793E-7 	1.193960E+7	1.562050E+3	-1.625887E+0	1.563117E-4	6.675130E+0	6.654892E+0
60.0    	156     	6.107933E+0	1.000133E-3	-2.87E-1   	60.00     	8220.97 	24.6 	33.5 	6.104548E+0	1.330853E-6 	1.194977E+7	1.929594E+3	-1.625863E+0	2.668957E-4	6.669443E+0	6.649238E+0
60.0    	157     	6.084883E+0	3.464111E-2	-3.92E-1   	60.00     	8223.56 	24.6 	33.5 	6.082983E+0	1.058502E-3 	1.199013E+7	6.085346E+4	-1.623830E+0	2.910120E-3	6.646393E+0	6.627673E+0
60.0    	158     	6.112485E+0	6.816556E-4	2.40E-2    	60.00     	8226.11 	24.6 	33.5 	6.109178E+0	3.762826E-7 	1.194153E+7	1.159023E+3	-1.625740E+0	1.216553E-4	6.673995E+0	6.653868E+0
60.0    	159     	6.110954E+0	1.445937E-3	-2.44E-1   	60.00     	8228.72 	24.6 	33.5 	6.107326E+0	1.682217E-6 	1.194457E+7	2.458319E+3	-1.626183E+0	2.040425E-4	6.672464E+0	6.652016E+0
60.0    	160     	6.306416E+0	1.364635E-3	-3.45E-1   	60.00     	8231.28 	24.6 	33.5 	6.303435E+0	1.583881E-6 	1.160357E+7	2.218859E+3	-1.624517E+0	1.386843E-4	6.867926E+0	6.848125E+0
60.0    	161     	6.313017E+0	1.757015E-3	-1.81E-2   	60.00     	8233.84 	24.6 	33.5 	6.310323E+0	3.235734E-6 	1.159217E+7	3.002221E+3	-1.624100E+0	7.000000E-5	6.874527E+0	6.855013E+0
60.0    	162     	6.116126E+0	2.097874E-3	1.73E-2    	60.00     	8236.42 	24.6 	33.5 	6.112685E+0	3.522513E-6 	1.193513E+7	3.557152E+3	-1.625907E+0	3.017173E-4	6.677636E+0	6.657375E+0
60.0    	163     	6.389488E+0	1.471972E-3	-1.48E-1   	60.00     	8239.00 	24.6 	33.6 	6.387144E+0	2.303891E-6 	1.146417E+7	2.468468E+3	-1.623327E+0	1.209683E-4	6.950998E+0	6.931834E+0
60.0    	164     	7.325213E-1	1.054256E-3	-2.43E-1   	60.01     	8241.56 	24.6 	33.6 	6.045077E-1	4.447021E-8 	6.525600E+7	2.732929E+4	-1.911923E+0	1.172789E-3	1.294031E+0	1.149198E+0
60.0    	165     	6.388232E+0	1.328726E-3	-2.41E-1   	60.00     	8244.12 	24.6 	33.5 	6.385979E+0	1.600207E-6 	1.146617E+7	2.136196E+3	-1.623207E+0	2.893671E-4	6.949742E+0	6.930669E+0
60.0    	166     	6.111196E+0	1.349217E-3	-3.28E-2   	60.00     	8246.72 	24.6 	33.5 	6.107975E+0	2.157123E-6 	1.194377E+7	2.510644E+3	-1.625627E+0	4.576389E-4	6.672706E+0	6.652665E+0
60.0    	167     	6.114647E+0	1.150368E-3	-4.69E-3   	60.00     	8249.27 	24.6 	33.6 	6.111259E+0	1.495604E-6 	1.193773E+7	2.119748E+3	-1.625840E+0	2.551470E-4	6.676157E+0	6.655949E+0
60.0    	168     	6.114887E+0	9.398966E-4	-5.73E-2   	60.00     	8251.84 	24.6 	33.5 	6.111318E+0	7.738841E-7 	1.193747E+7	1.628906E+3	-1.626087E+0	8.326664E-5	6.676397E+0	6.656008E+0
60.0    	169     	6.112152E+0	3.023419E-4	-2.62E-1   	60.00     	8254.44 	24.6 	33.5 	6.108953E+0	1.110706E-7 	1.194203E+7	5.686241E+2	-1.625593E+0	6.658328E-5	6.673662E+0	6.653643E+0
60.0    	170     	6.113992E+0	1.024208E-3	-5.72E-2   	60.00     	8256.99 	24.6 	33.6 	6.110648E+0	8.785069E-7 	1.193887E+7	1.755942E+3	-1.625783E+0	1.357694E-4	6.675502E+0	6.655338E+0
60.0    	171     	6.112883E+0	4.475226E-4	-9.66E-2   	60.00     	8259.56 	24.6 	33.6 	6.109747E+0	1.533097E-7 	1.194067E+7	7.505553E+2	-1.625503E+0	9.609024E-5	6.674393E+0	6.654437E+0
60.0    	172     	6.110774E+0	1.343986E-3	-5.90E-2   	60.00     	8262.14 	24.6 	33.6 	6.107394E+0	1.501921E-6 	1.194467E+7	2.300725E+3	-1.625847E+0	2.274496E-4	6.672284E+0	6.652084E+0
60.0    	173     	6.107608E+0	6.562718E-4	-4.38E-1   	60.00     	8264.72 	24.6 	33.6 	6.104019E+0	5.272935E-7 	1.195053E+7	1.234234E+3	-1.626143E+0	2.138535E-4	6.669118E+0	6.648709E+0
60.0    	174     	6.111340E+0	2.099106E-3	-1.59E-1   	60.00     	8267.27 	24.6 	33.6 	6.108241E+0	4.120133E-6 	1.194340E+7	3.700000E+3	-1.625460E+0	1.044031E-4	6.672850E+0	6.652931E+0
60.0    	175     	6.113698E+0	5.981816E-4	-1.09E-1   	60.00     	8269.85 	24.6 	33.6 	6.110384E+0	2.927165E-7 	1.193937E+7	1.011599E+3	-1.625743E+0	2.154840E-4	6.675208E+0	6.655074E+0
60.0    	176     	6.305411E+0	2.306288E-3	4.03E-3    	60.00     	8272.45 	24.6 	33.6 	6.302785E+0	5.106068E-6 	1.160497E+7	3.863073E+3	-1.624037E+0	1.320353E-4	6.866921E+0	6.847475E+0
60.0    	177     	6.311474E+0	4.016740E-4	1.41E-1    	60.00     	8275.01 	24.6 	33.6 	6.308826E+0	2.392394E-7 	1.159473E+7	7.505553E+2	-1.624043E+0	1.504438E-4	6.872984E+0	6.853516E+0
60.0    	178     	6.114530E+0	1.184805E-3	-7.20E-2   	60.00     	8277.57 	24.6 	33.6 	6.111079E+0	1.891022E-6 	1.193800E+7	2.291288E+3	-1.625927E+0	2.858904E-4	6.676040E+0	6.655769E+0
60.0    	179     	6.120252E+0	1.947209E-4	-2.45E-1   	60.00     	8280.17 	24.6 	33.6 	6.117092E+0	1.857768E-9 	1.192750E+7	2.000000E+2	-1.625507E+0	2.343786E-4	6.681762E+0	6.661782E+0
60.0    	180     	6.389524E+0	8.572846E-4	-2.29E-1   	60.00     	8282.72 	24.6 	33.6 	6.387914E+0	7.397316E-7 	1.146350E+7	1.400000E+3	-1.622310E+0	3.798684E-4	6.951034E+0	6.932604E+0
60.0    	181     	6.117177E+0	1.358061E-3	-1.26E-1   	60.00     	8285.28 	24.6 	33.6 	6.113980E+0	1.805606E-6 	1.193303E+7	2.417299E+3	-1.625570E+0	3.605551E-5	6.678687E+0	6.658670E+0
60.0    	182     	6.111267E+0	1.295882E-3	-1.29E-1   	60.01     	8287.88 	24.6 	33.6 	6.107756E+0	1.783788E-6 	1.194390E+7	2.357965E+3	-1.626023E+0	1.006645E-4	6.672777E+0	6.652446E+0
60.0    	183     	6.111866E+0	1.090389E-3	-1.55E-1   	60.01     	8290.45 	24.6 	33.6 	6.108867E+0	1.162247E-6 	1.194237E+7	1.939931E+3	-1.625320E+0	1.769181E-4	6.673376E+0	6.653557E+0
60.0    	184     	6.109943E+0	1.244645E-3	-3.46E-1   	60.01     	8293.01 	24.6 	33.6 	6.106626E+0	1.661239E-6 	1.194610E+7	2.271563E+3	-1.625763E+0	6.658328E-5	6.671453E+0	6.651316E+0
60.0    	185     	6.108153E+0	1.281285E-3	-3.60E-1   	60.00     	8295.56 	24.6 	33.6 	6.105182E+0	1.795852E-6 	1.194900E+7	2.351595E+3	-1.625297E+0	9.291573E-5	6.669663E+0	6.649872E+0
60.0    	186     	6.113777E+0	1.275979E-3	-3.47E-1   	60.00     	8298.13 	24.6 	33.6 	6.110826E+0	1.978213E-6 	1.193890E+7	2.400000E+3	-1.625247E+0	2.514624E-4	6.675287E+0	6.655516E+0
60.0    	187     	6.111986E+0	6.672824E-4	-3.32E-1   	60.00     	8300.73 	24.6 	33.6 	6.109044E+0	6.229206E-7 	1.194210E+7	1.300000E+3	-1.625240E+0	2.475884E-4	6.673496E+0	6.653734E+0
60.0    	188     	6.111603E+0	1.574897E-3	-5.42E-1   	60.00     	8303.30 	24.6 	33.6 	6.108276E+0	2.235182E-6 	1.194313E+7	2.746513E+3	-1.625770E+0	2.722132E-4	6.673113E+0	6.652966E+0
60.0    	189     	6.110504E+0	1.443063E-3	-1.42E-1   	60.00     	8305.84 	24.6 	33.6 	6.107366E+0	1.866294E-6 	1.194493E+7	2.514624E+3	-1.625517E+0	2.250185E-4	6.672014E+0	6.652056E+0
60.0    	190     	6.113411E+0	4.803162E-4	-2.12E-2   	60.00     	8308.43 	24.6 	33.6 	6.110373E+0	3.543904E-7 	1.193963E+7	9.609024E+2	-1.625367E+0	1.939931E-4	6.674921E+0	6.655063E+0
60.0    	191     	6.112122E+0	2.147718E-4	-3.13E-1   	60.00     	8311.01 	24.6 	33.6 	6.108686E+0	5.402562E-8 	1.194230E+7	4.000000E+2	-1.625917E+0	4.509250E-5	6.673632E+0	6.653376E+0
60.0    	192     	6.305816E+0	5.916465E-4	-2.33E-1   	60.00     	8313.58 	24.6 	33.6 	6.303128E+0	3.618316E-7 	1.160433E+7	1.006645E+3	-1.624120E+0	1.249000E-4	6.867326E+0	6.847818E+0
60.0    	193     	6.313784E+0	1.184248E-3	1.73E-2    	60.01     	8316.15 	24.6 	33.6 	6.311371E+0	1.579990E-6 	1.159063E+7	2.055075E+3	-1.623710E+0	2.740438E-4	6.875294E+0	6.856061E+0
60.0    	194     	6.114226E+0	6.096271E-4	-7.21E-2   	60.01     	8318.77 	24.6 	33.6 	6.111084E+0	5.086078E-7 	1.193827E+7	1.184624E+3	-1.625507E+0	1.446836E-4	6.675736E+0	6.655774E+0
60.0    	195     	6.116339E+0	1.122234E-3	-4.24E-2   	60.00     	8321.37 	24.6 	33.6 	6.113030E+0	1.659399E-6 	1.193463E+7	2.157159E+3	-1.625727E+0	2.411086E-4	6.677849E+0	6.657720E+0
60.0    	196     	6.116465E+0	1.099105E-3	9.30E-2    	60.00     	8323.95 	24.6 	33.6 	6.113277E+0	1.070538E-6 	1.193430E+7	1.907878E+3	-1.625560E+0	1.389244E-4	6.677975E+0	6.657967E+0
60.0    	197     	6.113107E+0	6.865207E-4	-3.17E-2   	60.00     	8326.52 	24.6 	33.6 	6.109710E+0	5.089632E-7 	1.194050E+7	1.252996E+3	-1.625860E+0	9.000000E-5	6.674617E+0	6.654400E+0
60.0    	198     	6.115362E+0	1.816969E-3	-1.35E-1   	60.01     	8329.09 	24.6 	33.6 	6.112294E+0	2.920042E-6 	1.193617E+7	3.156475E+3	-1.625400E+0	1.442221E-4	6.676872E+0	6.656984E+0
60.0    	199     	6.115922E+0	2.108207E-3	-3.70E-1   	60.01     	8331.67 	24.6 	33.6 	6.112629E+0	4.358495E-6 	1.193537E+7	3.755440E+3	-1.625707E+0	2.309401E-5	6.677432E+0	6.657319E+0
60.0    	200     	6.112128E+0	2.429161E-4	-3.81E-1   	60.00     	8334.25 	24.6 	33.6 	6.109200E+0	1.556063E-7 	1.194183E+7	5.686241E+2	-1.625220E+0	2.264950E-4	6.673638E+0	6.653890E+0
60.0    	201     	6.112394E+0	9.745503E-4	8.16E-2    	60.01     	8336.83 	24.6 	33.6 	6.109418E+0	8.644466E-7 	1.194140E+7	1.705872E+3	-1.625287E+0	6.806859E-5	6.673904E+0	6.654108E+0
60.0    	202     	6.114076E+0	2.354841E-3	5.88E-2    	60.00     	8339.37 	24.6 	33.6 	6.111198E+0	5.491472E-6 	1.193830E+7	4.203570E+3	-1.625143E+0	2.742870E-4	6.675586E+0	6.655888E+0
60.0    	203     	6.113086E+0	2.348089E-3	-3.10E-1   	60.00     	8341.95 	24.6 	33.6 	6.110066E+0	4.988033E-6 	1.194020E+7	4.103657E+3	-1.625343E+0	1.674316E-4	6.674596E+0	6.654756E+0
60.0    	204     	6.110097E+0	4.401417E-4	4.42E-2    	60.00     	8344.52 	24.6 	33.6 	6.106955E+0	1.521153E-7 	1.194567E+7	7.371115E+2	-1.625523E+0	1.709776E-4	6.671607E+0	6.651645E+0
60.0    	205     	6.110337E+0	1.224820E-3	-2.70E-1   	60.01     	8347.12 	24.6 	33.6 	6.107087E+0	1.661636E-6 	1.194533E+7	2.250185E+3	-1.625670E+0	2.233831E-4	6.671847E+0	6.651777E+0
60.0    	206     	6.113686E+0	2.078183E-3	-2.84E-1   	60.01     	8349.68 	24.6 	33.6 	6.110768E+0	4.244684E-6 	1.193903E+7	3.701801E+3	-1.625200E+0	2.868798E-4	6.675196E+0	6.655458E+0
60.0    	207     	6.114551E+0	2.174073E-3	-3.82E-1   	60.01     	8352.26 	24.6 	33.6 	6.111318E+0	5.397977E-6 	1.193777E+7	4.027820E+3	-1.625630E+0	2.165641E-4	6.676061E+0	6.656008E+0
60.0    	208     	6.308861E+0	1.783542E-3	-7.82E-3   	60.00     	8354.82 	24.6 	33.6 	6.306547E+0	3.723438E-6 	1.159887E+7	3.139002E+3	-1.623593E+0	2.200757E-4	6.870371E+0	6.851237E+0
60.0    	209     	6.316722E+0	1.002698E-3	-2.52E-1   	60.00     	8357.41 	24.6 	33.6 	6.314675E+0	1.455454E-6 	1.158537E+7	1.861003E+3	-1.623193E+0	3.239341E-4	6.878232E+0	6.859365E+0
60.0    	210     	6.117544E+0	1.725529E-3	-2.00E-1   	60.00     	8359.97 	24.6 	33.6 	6.114545E+0	3.260245E-6 	1.193220E+7	3.157531E+3	-1.625297E+0	1.715615E-4	6.679054E+0	6.659235E+0
60.0    	211     	6.115947E+0	9.134808E-4	-3.40E-1   	60.00     	8362.57 	24.6 	33.6 	6.112714E+0	9.311175E-7 	1.193527E+7	1.680278E+3	-1.625623E+0	1.201388E-4	6.677457E+0	6.657404E+0
60.0    	212     	6.116636E+0	3.643511E-4	-1.96E-1   	60.00     	8365.14 	24.6 	33.6 	6.113775E+0	6.847722E-8 	1.193370E+7	5.567764E+2	-1.625110E+0	1.682260E-4	6.678146E+0	6.658465E+0
60.0    	213     	6.117432E+0	5.023927E-4	-3.06E-1   	60.00     	8367.69 	24.6 	33.6 	6.114395E+0	3.888443E-7 	1.193243E+7	1.006645E+3	-1.625350E+0	1.802776E-4	6.678942E+0	6.659085E+0
60.0    	214     	6.115237E+0	7.177495E-4	-4.96E-2   	60.01     	8370.30 	24.6 	33.6 	6.111897E+0	3.347970E-7 	1.193663E+7	1.159023E+3	-1.625773E+0	2.050203E-4	6.676747E+0	6.656587E+0
60.0    	215     	6.113505E+0	4.681467E-4	-4.91E-1   	60.01     	8372.84 	24.6 	33.6 	6.110205E+0	2.913443E-7 	1.193970E+7	9.000000E+2	-1.625727E+0	1.484363E-4	6.675015E+0	6.654895E+0
60.0    	216     	6.118602E+0	8.070209E-4	-6.20E-2   	60.00     	8375.42 	24.6 	33.6 	6.115759E+0	4.668098E-7 	1.193017E+7	1.331666E+3	-1.625077E+0	1.850225E-4	6.680112E+0	6.660449E+0
60.0    	217     	6.116620E+0	3.247374E-3	-1.60E-1   	60.01     	8378.01 	24.6 	33.6 	6.113756E+0	9.806333E-6 	1.193373E+7	5.707305E+3	-1.625113E+0	2.010804E-4	6.678130E+0	6.658446E+0
60.0    	218     	6.114030E+0	1.761860E-3	-1.13E-1   	60.00     	8380.56 	24.6 	33.6 	6.110983E+0	2.863777E-6 	1.193853E+7	3.092464E+3	-1.625377E+0	1.184624E-4	6.675540E+0	6.655673E+0
60.0    	219     	6.114619E+0	4.418544E-4	-4.13E-1   	60.01     	8383.15 	24.6 	33.6 	6.111324E+0	7.257808E-8 	1.193770E+7	6.244998E+2	-1.625713E+0	3.007214E-4	6.676129E+0	6.656014E+0
60.0    	220     	6.117350E+0	7.621382E-4	-3.01E-1   	60.01     	8385.71 	24.6 	33.6 	6.114366E+0	8.325223E-7 	1.193253E+7	1.497776E+3	-1.625277E+0	2.203028E-4	6.678860E+0	6.659056E+0
60.0    	221     	6.115872E+0	8.180020E-4	3.02E-2    	60.01     	8388.28 	24.6 	33.6 	6.112790E+0	1.206284E-6 	1.193527E+7	1.715615E+3	-1.625417E+0	3.881151E-4	6.677382E+0	6.657480E+0
60.0    	222     	6.112419E+0	1.075433E-3	-2.00E-1   	60.01     	8390.86 	24.6 	33.6 	6.109355E+0	1.346458E-6 	1.194143E+7	2.003331E+3	-1.625407E+0	1.222020E-4	6.673929E+0	6.654045E+0
60.0    	223     	6.113798E+0	1.198794E-3	-2.21E-1   	60.00     	8393.43 	24.6 	33.6 	6.110619E+0	1.462231E-6 	1.193907E+7	2.154840E+3	-1.625560E+0	1.389244E-4	6.675308E+0	6.655309E+0
60.0    	224     	6.310898E+0	1.774012E-3	-8.14E-2   	60.01     	8396.00 	24.6 	33.6 	6.308376E+0	2.727393E-6 	1.159560E+7	2.893095E+3	-1.623873E+0	1.761628E-4	6.872408E+0	6.853066E+0
60.0    	225     	6.314305E+0	1.926674E-3	-5.04E-2   	60.01     	8398.58 	24.6 	33.6 	6.311957E+0	3.901371E-6 	1.158970E+7	3.290897E+3	-1.623620E+0	1.915724E-4	6.875815E+0	6.856647E+0
60.0    	226     	6.120675E+0	6.355433E-4	-3.35E-1   	60.01     	8401.15 	24.6 	33.6 	6.117304E+0	3.575051E-7 	1.192693E+7	1.101514E+3	-1.625793E+0	8.504901E-5	6.682185E+0	6.661994E+0
60.0    	227     	6.119470E+0	1.763552E-3	-5.80E-1   	60.01     	8403.72 	24.6 	33.6 	6.116234E+0	2.847320E-6 	1.192897E+7	3.082748E+3	-1.625613E+0	2.059935E-4	6.680980E+0	6.660924E+0
60.0    	228     	6.118735E+0	5.277148E-4	-8.29E-3   	60.00     	8406.29 	24.6 	33.6 	6.116036E+0	4.316229E-7 	1.192980E+7	1.058301E+3	-1.624877E+0	1.985783E-4	6.680245E+0	6.660726E+0
60.0    	229     	6.119059E+0	7.449890E-4	-2.00E-1   	60.01     	8408.86 	24.6 	33.6 	6.116085E+0	6.779883E-7 	1.192947E+7	1.401190E+3	-1.625257E+0	1.457166E-4	6.680569E+0	6.660775E+0
60.0    	230     	6.117879E+0	1.527432E-3	-1.72E-1   	60.01     	8411.45 	24.6 	33.6 	6.115029E+0	2.842346E-6 	1.193147E+7	2.874601E+3	-1.625090E+0	2.306513E-4	6.679389E+0	6.659719E+0
60.0    	231     	6.119575E+0	9.843619E-4	-2.86E-1   	60.00     	8414.03 	24.6 	33.6 	6.116688E+0	9.480004E-7 	1.192847E+7	1.750238E+3	-1.625133E+0	4.725816E-5	6.681085E+0	6.661378E+0
60.0    	232     	6.119423E+0	2.427493E-3	-1.34E-1   	60.01     	8416.58 	24.6 	33.6 	6.116691E+0	5.610422E-6 	1.192860E+7	4.288356E+3	-1.624920E+0	7.549834E-5	6.680933E+0	6.661381E+0
60.0    	233     	6.118185E+0	8.140594E-4	-4.01E-1   	60.00     	8419.17 	24.6 	33.6 	6.115170E+0	4.406287E-7 	1.193107E+7	1.320353E+3	-1.625317E+0	2.227854E-4	6.679695E+0	6.659860E+0
60.0    	234     	6.118439E+0	1.353566E-3	-3.90E-1   	60.01     	8421.75 	24.6 	33.6 	6.115587E+0	1.229728E-6 	1.193047E+7	2.200757E+3	-1.625090E+0	3.515679E-4	6.679949E+0	6.660277E+0
60.0    	235     	6.116600E+0	6.599347E-4	-1.81E-1   	60.01     	8424.31 	24.6 	33.6 	6.113625E+0	3.262559E-7 	1.193387E+7	1.101514E+3	-1.625267E+0	1.201388E-4	6.678110E+0	6.658315E+0
60.0    	236     	6.117050E+0	2.803342E-4	-3.95E-1   	60.01     	8426.88 	24.6 	33.6 	6.113883E+0	2.105886E-8 	1.193323E+7	3.785939E+2	-1.625530E+0	1.928730E-4	6.678560E+0	6.658573E+0
60.0    	237     	6.115962E+0	1.478706E-3	-2.54E-2   	60.01     	8429.50 	24.6 	33.6 	6.112848E+0	2.234757E-6 	1.193513E+7	2.657693E+3	-1.625460E+0	2.211334E-4	6.677472E+0	6.657538E+0
60.0    	238     	6.117116E+0	5.636415E-4	-2.26E-1   	60.01     	8432.03 	24.6 	33.6 	6.113780E+0	3.403061E-7 	1.193327E+7	1.026320E+3	-1.625760E+0	3.000000E-5	6.678626E+0	6.658470E+0
60.0    	239     	6.118230E+0	2.484988E-3	-1.44E-1   	60.01     	8434.58 	24.6 	33.6 	6.115089E+0	5.067707E-6 	1.193110E+7	4.233202E+3	-1.625487E+0	3.646002E-4	6.679740E+0	6.659779E+0
60.0    	240     	6.311281E+0	1.024176E-3	1.26E-1    	60.00     	8437.17 	24.6 	33.6 	6.309018E+0	1.040864E-6 	1.159473E+7	1.721434E+3	-1.623513E+0	2.272297E-4	6.872791E+0	6.853708E+0
60.0    	241     	6.528749E+0	3.451912E-4	-1.13E-3   	60.01     	8439.75 	24.6 	33.6 	6.527275E+0	1.808757E-7 	1.123800E+7	6.000000E+2	-1.621613E+0	2.350177E-4	7.090259E+0	7.071965E+0
60.0    	242     	6.338669E+0	1.208630E-3	-3.92E-1   	60.01     	8442.32 	24.6 	33.6 	6.336384E+0	1.747929E-6 	1.154867E+7	2.119748E+3	-1.623440E+0	1.946792E-4	6.900179E+0	6.881074E+0
60.0    	243     	6.317690E+0	1.059188E-3	-2.50E-1   	60.01     	8444.90 	24.6 	33.6 	6.315446E+0	1.011038E-6 	1.158390E+7	1.734935E+3	-1.623463E+0	2.400694E-4	6.879200E+0	6.860136E+0
60.0    	244     	6.318304E+0	1.070165E-3	-1.22E-1   	60.01     	8447.47 	24.6 	33.6 	6.316097E+0	1.112276E-6 	1.158283E+7	1.789786E+3	-1.623410E+0	1.212436E-4	6.879814E+0	6.860787E+0
60.0    	245     	6.320515E+0	1.478201E-3	-4.07E-1   	60.01     	8450.01 	24.6 	33.6 	6.318001E+0	2.525747E-6 	1.157937E+7	2.581343E+3	-1.623823E+0	2.482606E-4	6.882025E+0	6.862691E+0
60.0    	246     	6.318695E+0	6.956827E-4	-1.93E-1   	60.00     	8452.59 	24.6 	33.6 	6.316576E+0	4.319274E-7 	1.158210E+7	1.135782E+3	-1.623287E+0	1.724336E-4	6.880205E+0	6.861266E+0
60.0    	247     	6.327101E+0	4.491808E-4	-3.59E-1   	60.00     	8455.17 	24.6 	33.6 	6.325117E+0	4.218252E-7 	1.156783E+7	9.237604E+2	-1.623067E+0	2.821938E-4	6.888611E+0	6.869807E+0
60.0    	248     	6.325107E+0	9.729067E-4	-1.69E-1   	60.00     	8457.75 	24.6 	33.6 	6.323148E+0	8.900322E-7 	1.157117E+7	1.607275E+3	-1.623040E+0	2.116601E-4	6.886617E+0	6.867838E+0
60.0    	249     	6.318506E+0	1.268849E-3	-3.96E-2   	60.01     	8460.30 	24.6 	33.6 	6.316528E+0	2.110998E-6 	1.158230E+7	2.291288E+3	-1.623090E+0	3.296968E-4	6.880016E+0	6.861218E+0
60.0    	250     	6.325662E+0	5.850862E-4	1.27E-1    	60.00     	8462.86 	24.6 	33.6 	6.323505E+0	4.553479E-7 	1.157040E+7	1.058301E+3	-1.623313E+0	1.569501E-4	6.887172E+0	6.868195E+0
60.0    	251     	6.326043E+0	1.090248E-3	-1.34E-1   	60.00     	8465.47 	24.6 	33.6 	6.324035E+0	1.104734E-6 	1.156963E+7	1.800926E+3	-1.623103E+0	6.110101E-5	6.887553E+0	6.868725E+0
60.0    	252     	6.315338E+0	1.805148E-3	-1.11E-1   	60.00     	8468.01 	24.6 	33.6 	6.313057E+0	3.256016E-6 	1.158790E+7	3.044667E+3	-1.623523E+0	9.291573E-5	6.876848E+0	6.857747E+0
60.0    	253     	6.313905E+0	1.219119E-3	-1.02E-1   	60.00     	8470.58 	24.6 	33.6 	6.311842E+0	1.437423E-6 	1.159013E+7	2.040425E+3	-1.623227E+0	6.506407E-5	6.875415E+0	6.856532E+0
60.0    	254     	6.316478E+0	1.180302E-3	-4.39E-1   	60.01     	8473.16 	24.6 	33.6 	6.314444E+0	1.378953E-6 	1.158577E+7	1.985783E+3	-1.623177E+0	4.725816E-5	6.877988E+0	6.859134E+0
60.0    	255     	6.321203E+0	9.836694E-4	-2.58E-1   	60.01     	8475.74 	24.6 	33.6 	6.318974E+0	8.764533E-7 	1.157797E+7	1.616581E+3	-1.623430E+0	8.717798E-5	6.882713E+0	6.863664E+0
60.0    	256     	6.521573E+0	1.154183E-3	-2.68E-1   	60.01     	8478.31 	24.6 	33.6 	6.520392E+0	1.234500E-6 	1.124917E+7	1.800926E+3	-1.621230E+0	7.000000E-5	7.083083E+0	7.065082E+0
60.0    	257     	5.693946E+0	3.004503E-4	-4.09E-1   	60.01     	8480.86 	24.6 	33.6 	5.688622E+0	3.731780E-8 	1.274387E+7	5.033223E+2	-1.630330E+0	1.442221E-4	6.255456E+0	6.233312E+0
60.0    	258     	8.146606E+0	1.313477E-3	-2.21E-1   	60.01     	8483.45 	24.6 	33.6 	8.148911E+0	1.345377E-6 	9.145937E+6	1.297318E+3	-1.611633E+0	3.023795E-4	8.708116E+0	8.693601E+0
60.0    	259     	1.129757E+1	6.311392E-4	-4.28E-1   	60.00     	8486.03 	24.6 	33.6 	1.130535E+1	3.877090E-7 	6.712817E+6	3.547299E+2	-1.598413E+0	7.505553E-5	1.185908E+1	1.185004E+1
60.0    	260     	2.373032E+1	2.599118E-3	-1.82E-1   	60.00     	8488.59 	24.6 	33.6 	2.374637E+1	6.684698E-6 	3.275947E+6	3.496188E+2	-1.576427E+0	5.131601E-5	2.429183E+1	2.429106E+1
60.0    	261     	2.823536E+1	2.151749E-3	-3.80E-1   	60.00     	8491.15 	24.6 	33.6 	2.825212E+1	4.644061E-6 	2.763410E+6	2.066398E+2	-1.572273E+0	4.163332E-5	2.879687E+1	2.879681E+1
60.0    	262     	3.433224E+1	5.825057E-4	-1.47E-1   	60.00     	8493.73 	24.6 	33.6 	3.434871E+1	3.318767E-7 	2.280577E+6	3.785939E+1	-1.567627E+0	6.806859E-5	3.489375E+1	3.489340E+1
60.0    	263     	5.030753E+1	1.944349E-3	5.52E-2    	60.00     	8496.31 	24.6 	33.6 	5.031587E+1	3.830489E-6 	1.564490E+6	6.000000E+1	-1.557890E+0	2.000000E-5	5.086904E+1	5.086056E+1
60.0    	264     	1.102147E+2	1.700728E-3	-2.48E-1   	60.01     	8498.88 	24.6 	33.6 	1.100483E+2	2.864447E-6 	7.189573E+5	1.101514E+1	-1.530117E+0	1.154701E-5	1.107762E+2	1.105930E+2
80.0    	1       	6.480955E+0	4.108730E-4	1.05E+1    	80.00     	8533.91 	24.6 	33.6 	6.479192E+0	1.258438E-7 	1.131460E+7	6.082763E+2	-1.622187E+0	1.814754E-4	7.042465E+0	7.023882E+0
80.0    	2       	6.593349E+0	6.548996E-4	-1.56E-2   	80.00     	8536.35 	24.6 	33.6 	6.591795E+0	5.225365E-7 	1.113647E+7	1.059874E+3	-1.621493E+0	3.194266E-4	7.154859E+0	7.136485E+0
80.0    	3       	7.406414E-1	1.843279E-3	-1.28E-1   	80.00     	8538.93 	24.6 	33.6 	6.066071E-1	1.460405E-6 	6.499293E+7	7.990834E+4	-1.918103E+0	5.751811E-4	1.302151E+0	1.151297E+0
80.0    	4       	6.570473E+0	2.207691E-3	-8.81E-3   	80.00     	8541.50 	24.6 	33.6 	6.569175E+0	5.003888E-6 	1.117203E+7	3.484729E+3	-1.621220E+0	1.300000E-4	7.131983E+0	7.113865E+0
80.0    	5       	6.330125E+0	9.069046E-4	-4.76E-1   	80.00     	8544.10 	24.6 	33.6 	6.327766E+0	6.856611E-7 	1.156307E+7	1.457166E+3	-1.623573E+0	1.154701E-4	6.891635E+0	6.872456E+0
80.0    	6       	6.297174E+0	1.221289E-3	-4.65E-1   	80.00     	8546.67 	24.6 	33.6 	6.294379E+0	1.798036E-6 	1.161907E+7	2.173323E+3	-1.624300E+0	1.682260E-4	6.858684E+0	6.839069E+0
80.0    	7       	6.279116E+0	1.002349E-3	-2.90E-1   	80.00     	8549.23 	24.6 	33.6 	6.276613E+0	1.230866E-6 	1.164953E+7	1.800926E+3	-1.623970E+0	1.539480E-4	6.840626E+0	6.821303E+0
80.0    	8       	6.283779E+0	2.424512E-3	-3.22E-1   	80.00     	8551.80 	24.6 	33.6 	6.282044E+0	6.574561E-6 	1.164093E+7	4.247744E+3	-1.622883E+0	2.223361E-4	6.845289E+0	6.826734E+0
80.0    	9       	6.275759E+0	1.646194E-3	-1.35E-1   	80.00     	8554.37 	24.6 	33.6 	6.273953E+0	2.540963E-6 	1.165467E+7	2.764658E+3	-1.623013E+0	9.609024E-5	6.837269E+0	6.818643E+0
80.0    	10      	6.273061E+0	1.795311E-3	-2.14E-1   	80.00     	8556.95 	24.6 	33.6 	6.270601E+0	2.957179E-6 	1.165983E+7	3.002221E+3	-1.623933E+0	1.159023E-4	6.834571E+0	6.815291E+0
80.0    	11      	6.272715E+0	6.301088E-4	-2.74E-1   	80.00     	8559.52 	24.6 	33.6 	6.269892E+0	5.389288E-7 	1.166073E+7	1.159023E+3	-1.624433E+0	2.450170E-4	6.834225E+0	6.814582E+0
80.0    	12      	6.309961E+0	1.630894E-3	-8.91E-2   	80.00     	8562.09 	24.6 	33.6 	6.307104E+0	2.404644E-6 	1.159747E+7	2.683903E+3	-1.624333E+0	2.837840E-4	6.871471E+0	6.851794E+0
80.0    	13      	6.275535E+0	1.476618E-3	-1.50E-1   	80.00     	8564.67 	24.6 	33.6 	6.272811E+0	1.844514E-6 	1.165583E+7	2.419366E+3	-1.624287E+0	1.588500E-4	6.837045E+0	6.817501E+0
80.0    	14      	6.545225E+0	2.417904E-3	-5.06E-1   	80.00     	8567.25 	24.6 	33.6 	6.543642E+0	5.730108E-6 	1.121200E+7	3.800000E+3	-1.621707E+0	3.055050E-5	7.106735E+0	7.088332E+0
80.0    	15      	9.411000E-1	7.056496E-4	-1.07E-1   	80.00     	8569.83 	24.6 	33.6 	9.114203E-1	2.225979E-7 	5.379847E+7	1.610507E+4	-1.747627E+0	1.509845E-3	1.502610E+0	1.456110E+0
80.0    	16      	6.743529E+0	2.197056E-3	-7.46E-2   	80.00     	8572.40 	24.6 	33.6 	6.742150E+0	4.479501E-6 	1.090710E+7	3.223352E+3	-1.620730E+0	2.007486E-4	7.305039E+0	7.286840E+0
80.0    	17      	6.296293E+0	1.550093E-3	2.54E-2    	80.00     	8574.96 	24.6 	33.6 	6.293649E+0	2.699610E-6 	1.162043E+7	2.702468E+3	-1.624097E+0	3.394604E-4	6.857803E+0	6.838339E+0
80.0    	18      	6.106076E+0	5.397777E-4	-5.36E-1   	80.00     	8577.55 	24.6 	33.6 	6.102283E+0	3.445735E-7 	1.195347E+7	1.011599E+3	-1.626427E+0	6.658328E-5	6.667586E+0	6.646973E+0
80.0    	19      	6.382226E+0	2.270986E-3	-3.77E-2   	80.00     	8580.11 	24.6 	33.6 	6.380896E+0	5.730418E-6 	1.147533E+7	3.859188E+3	-1.621943E+0	1.817507E-4	6.943736E+0	6.925586E+0
80.0    	20      	6.095491E+0	1.351077E-3	-1.38E-1   	80.00     	8582.69 	24.6 	33.6 	6.091886E+0	2.281762E-6 	1.197233E+7	2.577466E+3	-1.626217E+0	2.250185E-4	6.657001E+0	6.636576E+0
80.0    	21      	6.087320E+0	2.325332E-3	-3.72E-1   	80.00     	8585.26 	24.6 	33.6 	6.083387E+0	5.241252E-6 	1.198737E+7	4.164533E+3	-1.626693E+0	1.514376E-4	6.648830E+0	6.628077E+0
80.0    	22      	6.093247E+0	2.330931E-3	-3.82E-2   	80.00     	8587.84 	24.6 	33.6 	6.089654E+0	5.860700E-6 	1.197637E+7	4.282912E+3	-1.626210E+0	1.652271E-4	6.654757E+0	6.634344E+0
80.0    	23      	6.091103E+0	1.725652E-3	-7.29E-2   	80.00     	8590.42 	24.6 	33.6 	6.087804E+0	3.623583E-6 	1.197997E+7	3.265476E+3	-1.625817E+0	4.082075E-4	6.652613E+0	6.632494E+0
80.0    	24      	6.089835E+0	1.132668E-3	-5.42E-2   	80.00     	8592.98 	24.6 	33.6 	6.086742E+0	1.493531E-6 	1.198207E+7	2.122106E+3	-1.625540E+0	1.907878E-4	6.651345E+0	6.631432E+0
80.0    	25      	6.081521E+0	8.004671E-4	-1.69E-1   	80.00     	8595.56 	24.6 	33.6 	6.078559E+0	8.467124E-7 	1.199697E+7	1.553491E+3	-1.625393E+0	2.203028E-4	6.643031E+0	6.623249E+0
80.0    	26      	6.130635E+0	8.267292E-4	-8.51E-2   	80.00     	8598.14 	24.6 	33.6 	6.127512E+0	4.481489E-7 	1.190893E+7	1.331666E+3	-1.625413E+0	2.302897E-4	6.692145E+0	6.672202E+0
80.0    	27      	6.080729E+0	1.352178E-3	-4.38E-2   	80.00     	8600.70 	24.6 	33.6 	6.076957E+0	1.802250E-6 	1.199913E+7	2.437895E+3	-1.626503E+0	2.516611E-5	6.642239E+0	6.621647E+0
80.0    	28      	6.083382E+0	1.534973E-3	8.44E-2    	80.00     	8603.29 	24.6 	33.6 	6.079612E+0	2.475339E-6 	1.199433E+7	2.809508E+3	-1.626490E+0	7.000000E-5	6.644892E+0	6.624302E+0
80.0    	29      	6.083823E+0	8.480569E-4	-1.42E-2   	80.00     	8605.83 	24.6 	33.6 	6.080314E+0	8.315542E-7 	1.199330E+7	1.587451E+3	-1.626133E+0	1.795364E-4	6.645333E+0	6.625004E+0
80.0    	30      	6.085125E+0	5.984352E-4	-1.70E-1   	80.00     	8608.42 	24.6 	33.6 	6.081815E+0	3.224406E-7 	1.199077E+7	1.040833E+3	-1.625857E+0	2.500667E-4	6.646635E+0	6.626505E+0
80.0    	31      	6.365359E+0	1.442260E-3	-4.67E-1   	80.00     	8610.98 	24.6 	33.6 	6.362282E+0	2.459716E-6 	1.150477E+7	2.502665E+3	-1.624417E+0	2.157159E-4	6.926869E+0	6.906972E+0
80.0    	32      	6.283509E+0	7.013419E-4	-1.48E-1   	80.00     	8613.55 	24.6 	33.6 	6.281100E+0	3.787180E-7 	1.164197E+7	1.101514E+3	-1.623823E+0	3.583760E-4	6.845019E+0	6.825790E+0
80.0    	33      	6.282413E+0	1.768438E-4	-2.62E-1   	80.00     	8616.14 	24.6 	33.6 	6.279457E+0	1.163066E-7 	1.164430E+7	4.358899E+2	-1.624577E+0	2.500667E-4	6.843923E+0	6.824147E+0
80.0    	34      	6.092413E+0	1.960081E-3	-3.06E-2   	80.00     	8618.72 	24.6 	33.6 	6.088934E+0	3.136114E-6 	1.197777E+7	3.356089E+3	-1.626057E+0	4.080850E-4	6.653923E+0	6.633624E+0
80.0    	35      	6.087483E+0	9.697879E-4	-4.17E-1   	80.00     	8621.29 	24.6 	33.6 	6.084404E+0	1.172101E-6 	1.198630E+7	1.852026E+3	-1.625530E+0	1.819341E-4	6.648993E+0	6.629094E+0
80.0    	36      	6.093582E+0	1.920464E-3	-2.09E-1   	80.00     	8623.86 	24.6 	33.6 	6.090058E+0	3.354075E-6 	1.197570E+7	3.377869E+3	-1.626113E+0	2.458319E-4	6.655092E+0	6.634748E+0
80.0    	37      	6.090947E+0	1.186067E-3	5.47E-2    	80.00     	8626.41 	24.6 	33.6 	6.087442E+0	1.182103E-6 	1.198043E+7	2.050203E+3	-1.626100E+0	1.300000E-4	6.652457E+0	6.632132E+0
80.0    	38      	6.084277E+0	1.752604E-3	-3.35E-1   	80.00     	8629.01 	24.6 	33.6 	6.080672E+0	2.609090E-6 	1.199257E+7	3.043572E+3	-1.626263E+0	1.795364E-4	6.645787E+0	6.625362E+0
80.0    	39      	6.089608E+0	8.083405E-4	-1.29E-1   	80.00     	8631.58 	24.6 	33.6 	6.086304E+0	9.354139E-7 	1.198267E+7	1.594783E+3	-1.625830E+0	3.207803E-4	6.651118E+0	6.630994E+0
80.0    	40      	6.088831E+0	1.446903E-3	7.05E-2    	80.00     	8634.12 	24.6 	33.6 	6.085604E+0	2.351109E-6 	1.198400E+7	2.688866E+3	-1.625727E+0	1.331666E-4	6.650341E+0	6.630294E+0
80.0    	41      	6.081247E+0	7.721836E-4	-4.35E-1   	80.00     	8636.69 	24.6 	33.6 	6.078133E+0	7.737425E-7 	1.199760E+7	1.493318E+3	-1.625603E+0	1.692139E-4	6.642757E+0	6.622823E+0
80.0    	42      	6.082401E+0	8.934610E-4	-3.09E-1   	80.00     	8639.30 	24.6 	33.6 	6.079044E+0	1.023594E-6 	1.199573E+7	1.721434E+3	-1.625933E+0	1.960442E-4	6.643911E+0	6.623734E+0
80.0    	43      	6.086968E+0	1.386478E-3	1.31E-1    	80.00     	8641.83 	24.6 	33.6 	6.083626E+0	1.971768E-6 	1.198747E+7	2.514624E+3	-1.625893E+0	2.494661E-4	6.648478E+0	6.628316E+0
80.0    	44      	6.087080E+0	1.853079E-3	-2.93E-1   	80.00     	8644.42 	24.6 	33.6 	6.083625E+0	4.095301E-6 	1.198737E+7	3.500476E+3	-1.626047E+0	2.411086E-4	6.648590E+0	6.628315E+0
80.0    	45      	6.092395E+0	9.321461E-4	-1.60E-1   	80.00     	8646.99 	24.6 	33.6 	6.088988E+0	7.621152E-7 	1.197773E+7	1.625833E+3	-1.625960E+0	1.212436E-4	6.653905E+0	6.633678E+0
80.0    	46      	6.080170E+0	7.258515E-4	-1.97E-4   	80.00     	8649.58 	24.6 	33.6 	6.077110E+0	4.354334E-7 	1.199950E+7	1.249000E+3	-1.625533E+0	1.858315E-4	6.641680E+0	6.621800E+0
80.0    	47      	6.086149E+0	8.095188E-4	-3.10E-1   	80.00     	8652.12 	24.6 	33.6 	6.082599E+0	6.476773E-7 	1.198913E+7	1.457166E+3	-1.626180E+0	7.000000E-5	6.647659E+0	6.627289E+0
80.0    	48      	6.549980E+0	1.140047E-3	-1.65E-1   	80.00     	8654.70 	24.6 	33.6 	6.548345E+0	1.347967E-6 	1.120453E+7	1.814754E+3	-1.621760E+0	6.557439E-5	7.111490E+0	7.093035E+0
80.0    	49      	6.327165E+0	1.481914E-3	-5.83E-2   	80.00     	8657.28 	24.6 	33.6 	6.324935E+0	1.958666E-6 	1.156793E+7	2.421432E+3	-1.623407E+0	1.747379E-4	6.888675E+0	6.869625E+0
80.0    	50      	6.094251E+0	2.471250E-4	-2.86E-1   	80.00     	8659.85 	24.6 	33.6 	6.090351E+0	7.055184E-8 	1.197483E+7	4.618802E+2	-1.626620E+0	3.000000E-5	6.655761E+0	6.635041E+0
80.0    	51      	6.086722E+0	9.814407E-4	-2.23E-1   	80.01     	8662.42 	24.6 	33.6 	6.083614E+0	7.434265E-7 	1.198770E+7	1.664332E+3	-1.625573E+0	1.616581E-4	6.648232E+0	6.628304E+0
80.0    	52      	6.087080E+0	7.300571E-5	-3.34E-2   	80.00     	8664.98 	24.6 	33.6 	6.083404E+0	2.800532E-8 	1.198757E+7	2.081666E+2	-1.626347E+0	1.582193E-4	6.648590E+0	6.628094E+0
80.0    	53      	6.085789E+0	1.444481E-4	-2.98E-1   	80.00     	8667.55 	24.6 	33.6 	6.081742E+0	1.526848E-8 	1.199023E+7	2.081666E+2	-1.626853E+0	1.858315E-4	6.647299E+0	6.626432E+0
80.0    	54      	6.089023E+0	7.907638E-4	7.28E-2    	80.00     	8670.13 	24.6 	33.6 	6.085486E+0	6.426408E-7 	1.198393E+7	1.436431E+3	-1.626150E+0	5.567764E-5	6.650533E+0	6.630176E+0
80.0    	55      	6.091299E+0	9.588148E-4	-2.60E-2   	80.00     	8672.70 	24.6 	33.6 	6.087718E+0	7.506304E-7 	1.197987E+7	1.644182E+3	-1.626200E+0	1.600000E-4	6.652809E+0	6.632408E+0
80.0    	56      	6.084667E+0	2.402367E-3	-8.67E-2   	80.00     	8675.26 	24.6 	33.6 	6.081647E+0	6.093410E-6 	1.199133E+7	4.400379E+3	-1.625460E+0	1.322876E-4	6.646177E+0	6.626337E+0
80.0    	57      	6.085101E+0	1.398056E-3	-4.04E-1   	80.00     	8677.85 	24.6 	33.6 	6.082024E+0	2.191686E-6 	1.199060E+7	2.600000E+3	-1.625537E+0	1.527525E-4	6.646611E+0	6.626714E+0
80.0    	58      	6.083721E+0	8.643335E-4	-3.84E-1   	80.00     	8680.43 	24.6 	33.6 	6.080415E+0	7.090552E-7 	1.199330E+7	1.539480E+3	-1.625857E+0	1.415392E-4	6.645231E+0	6.625105E+0
80.0    	59      	6.083670E+0	2.562526E-3	-7.85E-2   	80.00     	8683.00 	24.6 	33.6 	6.079805E+0	6.113425E-6 	1.199390E+7	4.550824E+3	-1.626617E+0	1.193035E-4	6.645180E+0	6.624495E+0
80.0    	60      	6.085009E+0	9.629505E-4	6.45E-2    	80.00     	8685.55 	24.6 	33.6 	6.081526E+0	9.494509E-7 	1.199113E+7	1.750238E+3	-1.626093E+0	3.055050E-5	6.646519E+0	6.626216E+0
80.0    	61      	6.376604E+0	1.908990E-3	3.79E-2    	80.00     	8688.15 	24.6 	33.6 	6.374282E+0	3.561768E-6 	1.148547E+7	3.146956E+3	-1.623347E+0	3.785939E-5	6.938114E+0	6.918972E+0
80.0    	62      	6.378504E+0	1.146557E-3	-2.95E-1   	80.00     	8690.71 	24.6 	33.6 	6.376926E+0	1.591656E-6 	1.148170E+7	1.992486E+3	-1.622307E+0	2.274496E-4	6.940014E+0	6.921616E+0
80.0    	63      	6.361934E+0	4.236533E-4	-3.84E-1   	80.00     	8693.28 	24.6 	33.6 	6.359616E+0	7.968879E-8 	1.150983E+7	5.859465E+2	-1.623397E+0	2.050203E-4	6.923444E+0	6.904306E+0
80.0    	64      	9.841036E-1	1.110826E-3	-2.62E-1   	80.00     	8695.85 	24.6 	33.6 	9.039305E-1	8.183256E-7 	5.318173E+7	3.526434E+4	-1.824000E+0	4.471018E-4	1.545614E+0	1.448620E+0
80.0    	65      	6.349951E+0	2.593748E-3	-3.10E-2   	80.00     	8698.44 	24.6 	33.6 	6.347455E+0	6.607325E-6 	1.152997E+7	4.314317E+3	-1.623687E+0	5.686241E-5	6.911461E+0	6.892145E+0
80.0    	66      	6.091442E+0	1.098491E-3	-2.75E-1   	80.00     	8701.01 	24.6 	33.6 	6.088019E+0	1.320938E-6 	1.197947E+7	2.013289E+3	-1.625983E+0	3.622614E-4	6.652952E+0	6.632709E+0
80.0    	67      	6.103706E+0	1.394986E-3	-1.77E-2   	80.00     	8703.60 	24.6 	33.6 	6.100125E+0	2.096999E-6 	1.195753E+7	2.554082E+3	-1.626150E+0	8.717798E-5	6.665216E+0	6.644815E+0
80.0    	68      	6.092871E+0	1.296746E-3	-9.93E-2   	80.00     	8706.14 	24.6 	33.6 	6.089364E+0	1.358914E-6 	1.197697E+7	2.218859E+3	-1.626093E+0	1.800926E-4	6.654381E+0	6.634054E+0
80.0    	69      	6.089794E+0	1.846464E-3	-4.41E-1   	80.00     	8708.72 	24.6 	33.6 	6.086157E+0	3.690861E-6 	1.198263E+7	3.397548E+3	-1.626283E+0	2.040425E-4	6.651304E+0	6.630847E+0
80.0    	70      	6.090804E+0	3.828849E-4	-4.56E-1   	80.00     	8711.31 	24.6 	33.6 	6.087584E+0	1.147513E-7 	1.198043E+7	6.350853E+2	-1.625710E+0	2.233831E-4	6.652314E+0	6.632274E+0
80.0    	71      	6.088233E+0	7.458312E-4	-2.23E-1   	80.00     	8713.88 	24.6 	33.6 	6.084799E+0	4.643102E-7 	1.198527E+7	1.285820E+3	-1.626013E+0	1.415392E-4	6.649743E+0	6.629489E+0
80.0    	72      	6.085485E+0	3.361653E-4	-3.95E-1   	80.00     	8716.46 	24.6 	33.6 	6.082156E+0	1.250682E-8 	1.199013E+7	4.041452E+2	-1.625880E+0	3.061046E-4	6.646995E+0	6.626846E+0
80.0    	73      	6.088572E+0	1.933700E-3	-3.56E-1   	80.00     	8719.04 	24.6 	33.6 	6.085346E+0	3.751197E-6 	1.198447E+7	3.493327E+3	-1.625727E+0	5.131601E-5	6.650082E+0	6.630036E+0
80.0    	74      	6.087368E+0	1.249915E-3	-2.52E-2   	80.00     	8721.61 	24.6 	33.6 	6.084186E+0	8.343515E-7 	1.198660E+7	1.951922E+3	-1.625670E+0	4.629255E-4	6.648878E+0	6.628876E+0
80.0    	75      	6.088235E+0	1.053736E-3	-1.68E-1   	80.00     	8724.18 	24.6 	33.6 	6.085313E+0	1.898445E-6 	1.198480E+7	2.193171E+3	-1.625310E+0	4.703190E-4	6.649745E+0	6.630003E+0
80.0    	76      	6.373323E+0	2.682845E-3	-1.33E-2   	80.00     	8726.75 	24.6 	33.6 	6.371453E+0	7.421430E-6 	1.149053E+7	4.483674E+3	-1.622733E+0	1.882374E-4	6.934833E+0	6.916143E+0
80.0    	77      	7.293870E-1	9.984462E-4	-3.73E-1   	80.00     	8729.31 	24.6 	33.6 	6.076138E-1	5.191803E-7 	6.524707E+7	4.561319E+4	-1.904623E+0	2.218859E-4	1.290897E+0	1.152304E+0
80.0    	78      	7.315277E-1	1.511748E-3	-4.05E-1   	80.00     	8731.89 	24.6 	33.6 	6.075260E-1	8.473362E-7 	6.519553E+7	5.816961E+4	-1.907110E+0	1.299885E-3	1.293038E+0	1.152216E+0
80.0    	79      	6.378035E+0	3.087440E-3	-2.90E-1   	80.00     	8734.47 	24.6 	33.6 	6.375950E+0	8.004179E-6 	1.148290E+7	4.900000E+3	-1.623013E+0	3.611556E-4	6.939545E+0	6.920640E+0
80.0    	80      	6.611251E+0	7.207711E-4	2.83E-2    	80.00     	8737.04 	24.6 	33.6 	6.609700E+0	4.544631E-7 	1.110863E+7	1.078579E+3	-1.621427E+0	1.530795E-4	7.172761E+0	7.154390E+0
80.0    	81      	6.335384E+0	1.144099E-3	-1.16E-1   	80.00     	8739.62 	24.6 	33.6 	6.332514E+0	1.220471E-6 	1.155467E+7	1.877054E+3	-1.624253E+0	3.055050E-4	6.896894E+0	6.877204E+0
80.0    	82      	6.114029E+0	2.442170E-3	-1.10E-1   	80.00     	8742.18 	24.6 	33.6 	6.110538E+0	5.819120E-6 	1.193893E+7	4.346646E+3	-1.625983E+0	6.429101E-5	6.675539E+0	6.655228E+0
80.0    	83      	6.111554E+0	9.077065E-4	-6.87E-2   	80.00     	8744.78 	24.6 	33.6 	6.108027E+0	7.534013E-7 	1.194340E+7	1.571623E+3	-1.626043E+0	3.827967E-4	6.673064E+0	6.652717E+0
80.0    	84      	6.156019E+0	1.289400E-3	-1.36E-1   	80.00     	8747.32 	24.6 	33.6 	6.152556E+0	1.305480E-6 	1.186417E+7	2.150194E+3	-1.625773E+0	2.059935E-4	6.717529E+0	6.697246E+0
80.0    	85      	6.114041E+0	8.232132E-4	-1.66E-1   	80.00     	8749.91 	24.6 	33.6 	6.110711E+0	5.264535E-7 	1.193877E+7	1.386843E+3	-1.625763E+0	1.331666E-4	6.675551E+0	6.655401E+0
80.0    	86      	6.112907E+0	1.236786E-3	5.86E-2    	80.00     	8752.50 	24.6 	33.6 	6.109501E+0	1.377765E-6 	1.194087E+7	2.154840E+3	-1.625873E+0	2.311565E-4	6.674417E+0	6.654191E+0
80.0    	87      	6.114245E+0	4.162090E-4	-5.13E-1   	80.00     	8755.07 	24.6 	33.6 	6.111251E+0	1.641846E-7 	1.193810E+7	7.211103E+2	-1.625303E+0	2.230097E-4	6.675755E+0	6.655941E+0
80.0    	88      	6.115241E+0	4.477148E-4	-2.81E-1   	80.00     	8757.64 	24.6 	33.6 	6.112005E+0	3.133303E-7 	1.193653E+7	8.962886E+2	-1.625630E+0	2.193171E-4	6.676751E+0	6.656695E+0
80.0    	89      	6.114008E+0	1.323745E-3	-1.13E-1   	80.00     	8760.19 	24.6 	33.6 	6.110781E+0	1.904983E-6 	1.193873E+7	2.421432E+3	-1.625623E+0	1.101514E-4	6.675518E+0	6.655471E+0
80.0    	90      	6.113706E+0	2.147169E-3	1.48E-1    	80.00     	8762.76 	24.6 	33.6 	6.110711E+0	4.641994E-6 	1.193907E+7	3.852705E+3	-1.625307E+0	3.511885E-5	6.675216E+0	6.655401E+0
80.0    	91      	6.112324E+0	1.417153E-3	-4.34E-1   	80.00     	8765.35 	24.6 	33.6 	6.109005E+0	1.932824E-6 	1.194183E+7	2.514624E+3	-1.625757E+0	9.073772E-5	6.673834E+0	6.653695E+0
80.0    	92      	6.114975E+0	8.451928E-4	-2.73E-1   	80.00     	8767.92 	24.6 	33.6 	6.111601E+0	7.607132E-7 	1.193713E+7	1.537314E+3	-1.625820E+0	6.928203E-5	6.676485E+0	6.656291E+0
80.0    	93      	6.435255E+0	1.520110E-3	-2.19E-1   	80.00     	8770.48 	24.6 	33.6 	6.432961E+0	2.402642E-6 	1.138903E+7	2.500667E+3	-1.623087E+0	1.527525E-4	6.996765E+0	6.977651E+0
80.0    	94      	6.401031E+0	1.093118E-3	-3.17E-2   	80.00     	8773.06 	24.6 	33.6 	6.398930E+0	1.082886E-6 	1.144493E+7	1.755942E+3	-1.622950E+0	7.211103E-5	6.962541E+0	6.943620E+0
80.0    	95      	6.112199E+0	9.094985E-4	-3.49E-1   	80.00     	8775.62 	24.6 	33.6 	6.108684E+0	1.116605E-6 	1.194223E+7	1.761628E+3	-1.626023E+0	2.138535E-4	6.673709E+0	6.653374E+0
80.0    	96      	6.319520E+0	6.099307E-4	-1.66E-1   	80.00     	8778.20 	24.6 	33.6 	6.316622E+0	4.222717E-7 	1.158137E+7	1.059874E+3	-1.624353E+0	1.159023E-4	6.881030E+0	6.861312E+0
80.0    	97      	6.320053E+0	2.065953E-3	-3.47E-1   	80.00     	8780.79 	24.6 	33.6 	6.317317E+0	4.599729E-6 	1.158033E+7	3.547299E+3	-1.624130E+0	1.442221E-4	6.881563E+0	6.862007E+0
80.0    	98      	6.111968E+0	7.711445E-4	-1.16E-1   	80.00     	8783.35 	24.6 	33.6 	6.108616E+0	7.639887E-7 	1.194250E+7	1.473092E+3	-1.625803E+0	1.721434E-4	6.673478E+0	6.653306E+0
80.0    	99      	6.113536E+0	1.414608E-3	-1.30E-1   	80.00     	8785.92 	24.6 	33.6 	6.110211E+0	2.052721E-6 	1.193967E+7	2.550163E+3	-1.625760E+0	6.000000E-5	6.675046E+0	6.654901E+0
80.0    	100     	6.132311E+0	6.570565E-4	4.19E-2    	80.00     	8788.50 	24.6 	33.6 	6.128868E+0	4.774491E-7 	1.190623E+7	1.193035E+3	-1.625843E+0	2.136196E-4	6.693821E+0	6.673558E+0
80.0    	101     	6.113634E+0	1.331017E-3	-5.66E-1   	80.00     	8791.04 	24.6 	33.6 	6.110523E+0	1.618274E-6 	1.193930E+7	2.330236E+3	-1.625467E+0	1.285820E-4	6.675144E+0	6.655213E+0
80.0    	102     	6.114869E+0	1.474430E-3	-5.72E-3   	80.00     	8793.64 	24.6 	33.6 	6.111633E+0	1.899343E-6 	1.193720E+7	2.553429E+3	-1.625633E+0	1.386843E-4	6.676379E+0	6.656323E+0
80.0    	103     	6.108302E+0	1.380348E-3	-4.68E-1   	80.00     	8796.19 	24.6 	33.6 	6.104997E+0	2.257569E-6 	1.194903E+7	2.577466E+3	-1.625753E+0	3.722007E-4	6.669812E+0	6.649687E+0
80.0    	104     	6.108066E+0	2.226602E-3	-6.48E-2   	80.00     	8798.78 	24.6 	33.6 	6.105121E+0	5.018846E-6 	1.194913E+7	4.006661E+3	-1.625260E+0	4.582576E-5	6.669576E+0	6.649811E+0
80.0    	105     	6.112551E+0	1.140940E-3	-5.60E-2   	80.00     	8801.33 	24.6 	33.6 	6.109336E+0	1.159190E-6 	1.194133E+7	1.985783E+3	-1.625613E+0	1.331666E-4	6.674061E+0	6.654026E+0
80.0    	106     	6.114059E+0	1.646047E-3	9.71E-2    	80.00     	8803.92 	24.6 	33.6 	6.110879E+0	2.247292E-6 	1.193860E+7	2.816026E+3	-1.625560E+0	1.997498E-4	6.675569E+0	6.655569E+0
80.0    	107     	6.108398E+0	1.045749E-3	-4.79E-1   	80.01     	8806.49 	24.6 	33.6 	6.105494E+0	8.422315E-7 	1.194850E+7	1.757840E+3	-1.625203E+0	2.409011E-4	6.669908E+0	6.650184E+0
80.0    	108     	6.111180E+0	1.066840E-3	-2.51E-1   	80.00     	8809.06 	24.6 	33.6 	6.107917E+0	1.787479E-6 	1.194383E+7	2.154840E+3	-1.625683E+0	3.750111E-4	6.672690E+0	6.652607E+0
80.0    	109     	6.125101E+0	1.651296E-3	-3.44E-2   	80.00     	8811.62 	24.6 	33.6 	6.121461E+0	2.828418E-6 	1.191927E+7	2.973774E+3	-1.626140E+0	1.452584E-4	6.686611E+0	6.666151E+0
80.0    	110     	6.108797E+0	1.298785E-3	7.51E-2    	80.00     	8814.19 	24.6 	33.6 	6.105467E+0	1.785394E-6 	1.194817E+7	2.362908E+3	-1.625787E+0	8.962886E-5	6.670307E+0	6.650157E+0
80.0    	111     	6.102451E+0	8.064944E-4	-2.31E-1   	80.00     	8816.78 	24.6 	33.6 	6.098783E+0	7.523450E-7 	1.195987E+7	1.504438E+3	-1.626273E+0	9.073772E-5	6.663961E+0	6.643473E+0
80.0    	112     	6.312668E+0	1.113282E-3	8.76E-2    	80.00     	8819.33 	24.6 	33.6 	6.310079E+0	1.460962E-6 	1.159267E+7	1.960442E+3	-1.623957E+0	1.457166E-4	6.874178E+0	6.854769E+0
80.0    	113     	6.303846E+0	5.875941E-4	-2.75E-1   	80.00     	8821.92 	24.6 	33.6 	6.300885E+0	3.042242E-7 	1.160790E+7	9.643651E+2	-1.624500E+0	5.000000E-5	6.865356E+0	6.845575E+0
80.0    	114     	6.101588E+0	3.757620E-4	-4.61E-1   	80.00     	8824.50 	24.6 	33.6 	6.097902E+0	2.030224E-7 	1.196143E+7	7.371115E+2	-1.626300E+0	1.734935E-4	6.663098E+0	6.642592E+0
80.0    	115     	6.100301E+0	3.359779E-4	-1.42E-1   	80.00     	8827.05 	24.6 	33.6 	6.096742E+0	1.022385E-7 	1.196363E+7	5.859465E+2	-1.626133E+0	1.021437E-4	6.661811E+0	6.641432E+0
80.0    	116     	6.115321E+0	6.926309E-4	-2.51E-1   	80.00     	8829.64 	24.6 	33.6 	6.111591E+0	4.337707E-7 	1.193683E+7	1.209683E+3	-1.626303E+0	4.725816E-5	6.676831E+0	6.656281E+0
80.0    	117     	6.098447E+0	2.558192E-3	-1.40E-1   	80.00     	8832.22 	24.6 	33.6 	6.095040E+0	6.416613E-6 	1.196683E+7	4.578573E+3	-1.625933E+0	1.817507E-4	6.659957E+0	6.639730E+0
80.0    	118     	6.099194E+0	1.386875E-3	-2.59E-1   	80.00     	8834.76 	24.6 	33.6 	6.095663E+0	2.021057E-6 	1.196560E+7	2.523886E+3	-1.626100E+0	1.931321E-4	6.660704E+0	6.640353E+0
80.0    	119     	6.097904E+0	1.781554E-4	3.66E-2    	80.00     	8837.33 	24.6 	33.6 	6.094397E+0	1.094369E-7 	1.196790E+7	4.582576E+2	-1.626073E+0	2.084067E-4	6.659414E+0	6.639087E+0
80.0    	120     	6.099779E+0	7.245310E-4	-5.07E-2   	80.00     	8839.91 	24.6 	33.6 	6.096375E+0	6.961154E-7 	1.196443E+7	1.401190E+3	-1.625923E+0	1.747379E-4	6.661289E+0	6.641065E+0
80.0    	121     	6.099924E+0	1.380388E-3	-3.51E-1   	80.00     	8842.48 	24.6 	33.6 	6.096823E+0	2.034585E-6 	1.196390E+7	2.523886E+3	-1.625510E+0	9.165151E-5	6.661434E+0	6.641513E+0
80.0    	122     	6.098864E+0	1.470511E-3	-2.34E-1   	80.00     	8845.06 	24.6 	33.6 	6.095734E+0	2.250686E-6 	1.196583E+7	2.672702E+3	-1.625553E+0	7.234178E-5	6.660374E+0	6.640424E+0
80.0    	123     	6.099252E+0	1.203900E-3	-2.44E-1   	80.00     	8847.64 	24.6 	33.6 	6.095902E+0	1.330072E-6 	1.196533E+7	2.112660E+3	-1.625853E+0	2.779089E-4	6.660762E+0	6.640592E+0
80.0    	124     	6.098242E+0	1.263642E-3	-1.39E-1   	80.00     	8850.26 	24.6 	33.6 	6.095096E+0	1.280835E-6 	1.196697E+7	2.154840E+3	-1.625577E+0	1.908752E-4	6.659752E+0	6.639786E+0
80.0    	125     	6.103819E+0	1.341007E-3	-2.01E-1   	80.00     	8852.80 	24.6 	33.6 	6.100161E+0	2.001355E-6 	1.195740E+7	2.475884E+3	-1.626253E+0	1.101514E-4	6.665329E+0	6.644851E+0
80.0    	126     	6.095292E+0	8.858529E-4	-1.65E-1   	80.00     	8855.37 	24.6 	33.6 	6.091900E+0	5.629647E-7 	1.197250E+7	1.473092E+3	-1.625927E+0	1.882374E-4	6.656802E+0	6.636590E+0
80.0    	127     	6.098230E+0	1.686652E-3	-2.89E-1   	80.00     	8857.96 	24.6 	33.6 	6.094849E+0	3.221285E-6 	1.196720E+7	3.132092E+3	-1.625900E+0	1.700000E-4	6.659740E+0	6.639539E+0
80.0    	128     	6.292336E+0	1.476864E-3	-2.67E-1   	80.00     	8860.51 	24.6 	33.6 	6.289322E+0	2.143569E-6 	1.162747E+7	2.494661E+3	-1.624617E+0	2.218859E-4	6.853846E+0	6.834012E+0
80.0    	129     	6.292362E+0	1.402587E-3	-2.52E-2   	80.00     	8863.12 	24.6 	33.6 	6.289649E+0	1.980461E-6 	1.162717E+7	2.386071E+3	-1.624207E+0	8.144528E-5	6.853872E+0	6.834339E+0
80.0    	130     	6.099669E+0	1.080926E-3	7.99E-2    	80.00     	8865.71 	24.6 	33.6 	6.096115E+0	1.339817E-6 	1.196477E+7	2.010804E+3	-1.626130E+0	1.946792E-4	6.661179E+0	6.640805E+0
80.0    	131     	6.097054E+0	1.456608E-3	-4.60E-1   	80.00     	8868.24 	24.6 	33.6 	6.093618E+0	2.238563E-6 	1.196937E+7	2.657693E+3	-1.625980E+0	6.244998E-5	6.658564E+0	6.638308E+0
80.0    	132     	6.101053E+0	8.436132E-4	3.92E-2    	80.00     	8870.82 	24.6 	33.6 	6.097659E+0	6.826809E-7 	1.196213E+7	1.501111E+3	-1.625907E+0	3.214550E-5	6.662563E+0	6.642349E+0
80.0    	133     	6.095045E+0	1.710974E-3	-5.67E-1   	80.00     	8873.39 	24.6 	33.6 	6.091666E+0	3.034159E-6 	1.197293E+7	3.106981E+3	-1.625910E+0	2.251666E-4	6.656555E+0	6.636356E+0
80.0    	134     	6.098986E+0	1.465448E-3	-1.30E-1   	80.00     	8875.97 	24.6 	33.6 	6.095686E+0	2.727597E-6 	1.196577E+7	2.804164E+3	-1.625787E+0	2.608320E-4	6.660496E+0	6.640376E+0
80.0    	135     	6.098151E+0	8.119878E-4	1.31E-1    	80.00     	8878.52 	24.6 	33.6 	6.094743E+0	7.432062E-7 	1.196737E+7	1.501111E+3	-1.625937E+0	2.079263E-4	6.659661E+0	6.639433E+0
80.0    	136     	6.092787E+0	5.029307E-4	-1.03E-1   	80.00     	8881.10 	24.6 	33.6 	6.089520E+0	2.477838E-7 	1.197690E+7	9.000000E+2	-1.625767E+0	8.962886E-5	6.654297E+0	6.634210E+0
80.0    	137     	6.092984E+0	1.674567E-3	-1.92E-1   	80.00     	8883.69 	24.6 	33.6 	6.089657E+0	2.670493E-6 	1.197660E+7	2.981610E+3	-1.625847E+0	5.686241E-5	6.654494E+0	6.634347E+0
80.0    	138     	6.097335E+0	1.105435E-3	-2.86E-1   	80.00     	8886.24 	24.6 	33.6 	6.094188E+0	1.430232E-6 	1.196860E+7	2.066398E+3	-1.625583E+0	2.569695E-4	6.658845E+0	6.638878E+0
80.0    	139     	6.098237E+0	1.340740E-3	-3.16E-1   	80.00     	8888.82 	24.6 	33.6 	6.094990E+0	1.425572E-6 	1.196707E+7	2.274496E+3	-1.625717E+0	3.225420E-4	6.659747E+0	6.639680E+0
80.0    	140     	6.094897E+0	1.015552E-3	-1.32E-2   	80.00     	8891.41 	24.6 	33.6 	6.091591E+0	1.000726E-6 	1.197313E+7	1.814754E+3	-1.625810E+0	1.000000E-4	6.656407E+0	6.636281E+0
80.0    	141     	6.096166E+0	1.148760E-4	-2.86E-1   	80.00     	8893.96 	24.6 	33.6 	6.092728E+0	1.622566E-8 	1.197097E+7	2.081666E+2	-1.625987E+0	1.001665E-4	6.657676E+0	6.637418E+0
80.0    	142     	6.092960E+0	1.393778E-3	-2.67E-1   	80.00     	8896.54 	24.6 	33.6 	6.089680E+0	1.630963E-6 	1.197660E+7	2.406242E+3	-1.625783E+0	1.767295E-4	6.654470E+0	6.634370E+0
80.0    	143     	6.095989E+0	1.737235E-3	-3.04E-1   	80.00     	8899.11 	24.6 	33.6 	6.092313E+0	2.992145E-6 	1.197150E+7	3.119295E+3	-1.626310E+0	2.007486E-4	6.657499E+0	6.637003E+0
80.0    	144     	6.285865E+0	1.691469E-3	4.73E-2    	80.00     	8901.69 	24.6 	33.6 	6.283209E+0	3.740649E-6 	1.163817E+7	3.085990E+3	-1.624153E+0	3.438507E-4	6.847375E+0	6.827899E+0
80.0    	145     	6.288365E+0	2.270574E-3	-1.93E-1   	80.00     	8904.25 	24.6 	33.6 	6.285490E+0	5.323926E-6 	1.163410E+7	3.893584E+3	-1.624443E+0	1.026320E-4	6.849875E+0	6.830180E+0
80.0    	146     	6.097004E+0	9.735401E-4	-8.94E-2   	80.00     	8906.86 	24.6 	33.6 	6.093187E+0	7.492949E-7 	1.196980E+7	1.652271E+3	-1.626497E+0	2.122106E-4	6.658514E+0	6.637877E+0
80.0    	147     	6.098049E+0	7.286124E-4	-2.68E-1   	80.00     	8909.42 	24.6 	33.6 	6.094475E+0	5.407920E-7 	1.196770E+7	1.307670E+3	-1.626163E+0	2.433790E-4	6.659559E+0	6.639165E+0
80.0    	148     	6.369043E+0	1.448353E-3	-6.09E-2   	80.00     	8911.97 	24.6 	33.6 	6.366778E+0	1.695261E-6 	1.149797E+7	2.281082E+3	-1.623297E+0	2.809508E-4	6.930553E+0	6.911468E+0
80.0    	149     	6.095174E+0	1.745128E-3	-1.35E-1   	80.00     	8914.58 	24.6 	33.6 	6.091611E+0	3.399624E-6 	1.197287E+7	3.231615E+3	-1.626160E+0	1.705872E-4	6.656684E+0	6.636301E+0
80.0    	150     	6.093991E+0	8.166641E-4	-2.64E-2   	80.00     	8917.13 	24.6 	33.6 	6.090388E+0	6.486688E-7 	1.197503E+7	1.457166E+3	-1.626220E+0	1.682260E-4	6.655501E+0	6.635078E+0
80.0    	151     	6.096572E+0	1.043388E-3	-2.72E-1   	80.00     	8919.69 	24.6 	33.6 	6.093395E+0	1.079854E-6 	1.197000E+7	1.868154E+3	-1.625627E+0	2.421432E-4	6.658082E+0	6.638085E+0
80.0    	152     	6.096814E+0	1.123942E-3	-4.01E-1   	80.00     	8922.26 	24.6 	33.6 	6.093524E+0	1.377142E-6 	1.196967E+7	2.059935E+3	-1.625780E+0	2.893095E-4	6.658324E+0	6.638214E+0
80.0    	153     	6.094060E+0	1.817825E-3	-6.49E-2   	80.00     	8924.83 	24.6 	33.6 	6.090579E+0	3.011532E-6 	1.197480E+7	3.200000E+3	-1.626053E+0	1.715615E-4	6.655570E+0	6.635269E+0
80.0    	154     	6.096253E+0	1.612613E-3	-4.00E-1   	80.00     	8927.42 	24.6 	33.6 	6.093012E+0	3.014634E-6 	1.197063E+7	3.013857E+3	-1.625717E+0	2.318045E-4	6.657763E+0	6.637702E+0
80.0    	155     	6.093210E+0	1.010082E-3	-2.47E-1   	80.00     	8930.00 	24.6 	33.6 	6.089690E+0	1.106030E-6 	1.197637E+7	1.858315E+3	-1.626110E+0	6.082763E-5	6.654720E+0	6.634380E+0
80.0    	156     	6.092212E+0	9.986377E-4	-2.83E-1   	80.00     	8932.60 	24.6 	33.6 	6.088617E+0	9.176075E-7 	1.197823E+7	1.761628E+3	-1.626217E+0	1.365040E-4	6.653722E+0	6.633307E+0
80.0    	157     	6.090069E+0	4.288000E-2	-3.78E-1   	80.00     	8935.12 	24.6 	33.6 	6.086218E+0	1.882609E-3 	1.198267E+7	7.779437E+4	-1.626567E+0	1.231435E-3	6.651579E+0	6.630908E+0
80.0    	158     	6.094668E+0	1.650928E-3	-2.60E-1   	80.00     	8937.69 	24.6 	33.6 	6.091229E+0	2.669349E-6 	1.197367E+7	2.956913E+3	-1.625993E+0	1.747379E-4	6.656178E+0	6.635919E+0
80.0    	159     	6.093802E+0	1.541797E-3	-4.08E-1   	80.00     	8940.28 	24.6 	33.6 	6.090319E+0	2.000892E-6 	1.197527E+7	2.663331E+3	-1.626057E+0	1.844813E-4	6.655312E+0	6.635009E+0
80.0    	160     	6.283907E+0	6.624178E-4	-5.20E-2   	80.00     	8942.84 	24.6 	33.6 	6.280976E+0	2.717004E-7 	1.164173E+7	1.006645E+3	-1.624537E+0	2.050203E-4	6.845417E+0	6.825666E+0
80.0    	161     	6.288693E+0	1.437204E-3	-2.18E-1   	80.00     	8945.40 	24.6 	33.6 	6.285788E+0	2.234678E-6 	1.163357E+7	2.490649E+3	-1.624483E+0	1.962991E-4	6.850203E+0	6.830478E+0
80.0    	162     	6.098786E+0	1.534772E-3	-5.05E-2   	80.00     	8947.98 	24.6 	33.6 	6.095219E+0	2.342822E-6 	1.196637E+7	2.757414E+3	-1.626150E+0	7.810250E-5	6.660296E+0	6.639909E+0
80.0    	163     	6.373329E+0	1.451051E-3	3.14E-2    	80.00     	8950.55 	24.6 	33.6 	6.370764E+0	1.656230E-6 	1.149110E+7	2.264950E+3	-1.623690E+0	3.551056E-4	6.934839E+0	6.915454E+0
80.0    	164     	7.303036E-1	1.803274E-3	-2.43E-1   	80.00     	8953.12 	24.6 	33.6 	6.032177E-1	3.456743E-6 	6.534877E+7	9.813126E+4	-1.911090E+0	5.168172E-4	1.291814E+0	1.147908E+0
80.0    	165     	6.368033E+0	1.964624E-3	-3.48E-1   	80.00     	8955.69 	24.6 	33.6 	6.365662E+0	4.152783E-6 	1.149973E+7	3.326159E+3	-1.623447E+0	1.150362E-4	6.929543E+0	6.910352E+0
80.0    	166     	6.096167E+0	1.191211E-3	-3.26E-1   	80.00     	8958.26 	24.6 	33.6 	6.092912E+0	1.345685E-6 	1.197080E+7	2.116601E+3	-1.625737E+0	5.773503E-5	6.657677E+0	6.637602E+0
80.0    	167     	6.095923E+0	3.806249E-3	7.38E-2    	80.00     	8960.84 	24.6 	33.6 	6.092714E+0	1.411762E-5 	1.197120E+7	6.811020E+3	-1.625673E+0	1.709776E-4	6.657433E+0	6.637404E+0
80.0    	168     	6.094684E+0	5.597824E-4	-3.70E-1   	80.00     	8963.42 	24.6 	33.7 	6.091250E+0	3.116826E-7 	1.197363E+7	1.001665E+3	-1.625987E+0	1.582193E-4	6.656194E+0	6.635940E+0
80.0    	169     	6.094544E+0	1.337138E-4	-1.15E-1   	80.00     	8965.99 	24.6 	33.6 	6.091130E+0	5.030015E-8 	1.197387E+7	3.055050E+2	-1.625960E+0	2.000000E-4	6.656054E+0	6.635820E+0
80.0    	170     	6.096812E+0	1.167159E-3	-2.65E-1   	80.00     	8968.59 	24.6 	33.6 	6.093563E+0	2.017276E-6 	1.196963E+7	2.328805E+3	-1.625723E+0	3.669242E-4	6.658322E+0	6.638253E+0
80.0    	171     	6.094556E+0	9.503215E-4	-1.40E-1   	80.00     	8971.18 	24.6 	33.6 	6.091562E+0	8.990263E-7 	1.197347E+7	1.703917E+3	-1.625383E+0	2.200757E-4	6.656066E+0	6.636252E+0
80.0    	172     	6.092468E+0	3.919447E-4	3.54E-2    	80.00     	8973.71 	24.6 	33.7 	6.089063E+0	1.664829E-7 	1.197760E+7	7.211103E+2	-1.625957E+0	2.516611E-5	6.653978E+0	6.633753E+0
80.0    	173     	6.092081E+0	1.241587E-3	-1.96E-1   	80.00     	8976.26 	24.6 	33.6 	6.088158E+0	1.866387E-6 	1.197877E+7	2.345918E+3	-1.626660E+0	2.971532E-4	6.653591E+0	6.632848E+0
80.0    	174     	6.094261E+0	7.578644E-4	-1.10E-1   	80.00     	8978.86 	24.6 	33.7 	6.090933E+0	8.144951E-7 	1.197430E+7	1.493318E+3	-1.625843E+0	2.413158E-4	6.655771E+0	6.635623E+0
80.0    	175     	6.099064E+0	1.883973E-3	-3.57E-1   	80.00     	8981.43 	24.6 	33.7 	6.095719E+0	4.028822E-6 	1.196567E+7	3.500476E+3	-1.625847E+0	1.871719E-4	6.660574E+0	6.640409E+0
80.0    	176     	6.285895E+0	1.830753E-4	-1.70E-1   	80.00     	8984.00 	24.6 	33.7 	6.282943E+0	3.184774E-8 	1.163837E+7	2.886751E+2	-1.624557E+0	1.700980E-4	6.847405E+0	6.827633E+0
80.0    	177     	6.291573E+0	3.628411E-4	1.67E-2    	80.00     	8986.56 	24.6 	33.7 	6.288828E+0	1.075604E-7 	1.162853E+7	5.859465E+2	-1.624253E+0	7.094599E-5	6.853083E+0	6.833518E+0
80.0    	178     	6.100708E+0	9.891789E-4	-2.19E-1   	80.00     	8989.15 	24.6 	33.7 	6.097373E+0	9.230599E-7 	1.196270E+7	1.752142E+3	-1.625827E+0	1.026320E-4	6.662218E+0	6.642063E+0
80.0    	179     	6.103711E+0	7.577821E-4	-3.67E-1   	80.00     	8991.72 	24.6 	33.7 	6.100601E+0	6.224367E-7 	1.195710E+7	1.385641E+3	-1.625507E+0	1.665333E-4	6.665221E+0	6.645291E+0
80.0    	180     	6.368384E+0	3.090576E-4	-6.24E-2   	80.00     	8994.26 	24.6 	33.7 	6.366633E+0	2.177310E-7 	1.149863E+7	6.429101E+2	-1.622587E+0	2.343786E-4	6.929894E+0	6.911323E+0
80.0    	181     	6.101193E+0	1.174316E-3	-5.82E-2   	80.00     	8996.83 	24.6 	33.6 	6.097926E+0	7.974957E-7 	1.196177E+7	1.858315E+3	-1.625730E+0	3.815757E-4	6.662703E+0	6.642616E+0
80.0    	182     	6.093552E+0	2.118188E-3	-2.46E-1   	80.00     	8999.42 	24.6 	33.7 	6.090014E+0	3.876578E-6 	1.197577E+7	3.682843E+3	-1.626133E+0	2.030599E-4	6.655062E+0	6.634704E+0
80.0    	183     	6.095730E+0	1.994993E-3	-1.15E-1   	80.00     	9002.00 	24.6 	33.6 	6.092609E+0	4.281115E-6 	1.197147E+7	3.650114E+3	-1.625553E+0	4.061199E-4	6.657240E+0	6.637299E+0
80.0    	184     	6.092421E+0	5.825325E-4	-5.37E-2   	80.00     	9004.60 	24.6 	33.6 	6.088925E+0	2.760415E-7 	1.197777E+7	9.865766E+2	-1.626080E+0	2.455606E-4	6.653931E+0	6.633615E+0
80.0    	185     	6.091089E+0	1.203764E-3	-4.58E-2   	80.00     	9007.15 	24.6 	33.7 	6.088001E+0	1.045765E-6 	1.197980E+7	2.007486E+3	-1.625527E+0	2.458319E-4	6.652599E+0	6.632691E+0
80.0    	186     	6.096527E+0	1.831947E-3	-3.27E-2   	80.00     	9009.72 	24.6 	33.7 	6.093404E+0	2.929093E-6 	1.197003E+7	3.189566E+3	-1.625553E+0	1.900877E-4	6.658037E+0	6.638094E+0
80.0    	187     	6.095756E+0	3.066632E-3	-6.79E-2   	80.00     	9012.31 	24.6 	33.7 	6.092584E+0	1.000596E-5 	1.197147E+7	5.608327E+3	-1.625623E+0	1.601041E-4	6.657266E+0	6.637274E+0
80.0    	188     	6.094342E+0	2.223273E-3	-4.03E-1   	80.00     	9014.89 	24.6 	33.7 	6.090816E+0	5.631570E-6 	1.197433E+7	4.140451E+3	-1.626113E+0	2.281082E-4	6.655852E+0	6.635506E+0
80.0    	189     	6.094736E+0	4.145805E-4	-1.63E-1   	80.00     	9017.44 	24.6 	33.7 	6.091567E+0	2.233050E-7 	1.197330E+7	7.549834E+2	-1.625623E+0	4.061199E-4	6.656246E+0	6.636257E+0
80.0    	190     	6.096782E+0	1.478219E-3	-9.76E-2   	80.00     	9020.05 	24.6 	33.7 	6.093667E+0	1.572843E-6 	1.196957E+7	2.458319E+3	-1.625540E+0	3.260368E-4	6.658292E+0	6.638357E+0
80.0    	191     	6.095779E+0	1.648683E-3	-5.59E-1   	80.00     	9022.59 	24.6 	33.7 	6.092190E+0	2.303906E-6 	1.197180E+7	2.851315E+3	-1.626193E+0	1.724336E-4	6.657289E+0	6.636880E+0
80.0    	192     	6.284445E+0	8.475949E-4	-2.53E-1   	80.00     	9025.17 	24.6 	33.7 	6.281691E+0	7.466140E-7 	1.164067E+7	1.457166E+3	-1.624293E+0	3.511885E-5	6.845955E+0	6.826381E+0
80.0    	193     	6.292556E+0	1.478191E-3	2.80E-2    	80.00     	9027.73 	24.6 	33.7 	6.290121E+0	2.593890E-6 	1.162660E+7	2.622975E+3	-1.623823E+0	2.136196E-4	6.854066E+0	6.834811E+0
80.0    	194     	6.098252E+0	1.757804E-3	-1.06E-1   	80.00     	9030.31 	24.6 	33.7 	6.095012E+0	3.086359E-6 	1.196703E+7	3.156475E+3	-1.625707E+0	2.983845E-4	6.659762E+0	6.639702E+0
80.0    	195     	6.100436E+0	1.096746E-3	-3.65E-1   	80.00     	9032.88 	24.6 	33.7 	6.097201E+0	1.196960E-6 	1.196310E+7	1.967232E+3	-1.625690E+0	1.571623E-4	6.661946E+0	6.641891E+0
80.0    	196     	6.100517E+0	2.962065E-3	-4.55E-1   	80.00     	9035.45 	24.6 	33.7 	6.097195E+0	9.137170E-6 	1.196303E+7	5.379901E+3	-1.625810E+0	1.931321E-4	6.662027E+0	6.641885E+0
80.0    	197     	6.097367E+0	2.141703E-3	-4.73E-1   	80.00     	9038.04 	24.6 	33.7 	6.093934E+0	3.882891E-6 	1.196880E+7	3.700000E+3	-1.625973E+0	2.627420E-4	6.658877E+0	6.638624E+0
80.0    	198     	6.098736E+0	1.324945E-3	-1.03E-1   	80.00     	9040.61 	24.6 	33.7 	6.095788E+0	1.772421E-6 	1.196590E+7	2.389561E+3	-1.625303E+0	1.527525E-5	6.660246E+0	6.640478E+0
80.0    	199     	6.098669E+0	1.922021E-3	-3.59E-1   	80.00     	9043.19 	24.6 	33.7 	6.095410E+0	3.250428E-6 	1.196630E+7	3.351119E+3	-1.625730E+0	1.552417E-4	6.660179E+0	6.640100E+0
80.0    	200     	6.094732E+0	1.091861E-3	-1.29E-1   	80.00     	9045.76 	24.6 	33.7 	6.091607E+0	1.041405E-6 	1.197327E+7	1.900877E+3	-1.625563E+0	1.556706E-4	6.656242E+0	6.636297E+0
80.0    	201     	6.096041E+0	2.542738E-4	-5.10E-1   	80.00     	9048.33 	24.6 	33.7 	6.093074E+0	2.772259E-8 	1.197077E+7	3.785939E+2	-1.625340E+0	1.212436E-4	6.657551E+0	6.637764E+0
80.0    	202     	6.099718E+0	8.454531E-4	-2.24E-1   	80.00     	9050.91 	24.6 	33.7 	6.096547E+0	5.653143E-7 	1.196433E+7	1.436431E+3	-1.625607E+0	1.250333E-4	6.661228E+0	6.641237E+0
80.0    	203     	6.095715E+0	2.396318E-3	5.54E-2    	80.00     	9053.50 	24.6 	33.7 	6.092735E+0	5.592848E-6 	1.197137E+7	4.285246E+3	-1.625360E+0	1.734935E-4	6.657225E+0	6.637425E+0
80.0    	204     	6.095393E+0	1.385800E-3	-4.13E-1   	80.00     	9056.07 	24.6 	33.7 	6.092057E+0	2.158717E-6 	1.197227E+7	2.571640E+3	-1.625850E+0	1.212436E-4	6.656903E+0	6.636747E+0
80.0    	205     	6.093688E+0	3.946011E-4	-2.20E-1   	80.00     	9058.64 	24.6 	33.7 	6.090580E+0	1.220562E-7 	1.197513E+7	6.658328E+2	-1.625543E+0	1.320353E-4	6.655198E+0	6.635270E+0
80.0    	206     	6.096443E+0	1.578410E-3	7.51E-2    	80.00     	9061.20 	24.6 	33.7 	6.093376E+0	2.544305E-6 	1.197013E+7	2.857155E+3	-1.625477E+0	6.658328E-5	6.657953E+0	6.638066E+0
80.0    	207     	6.098865E+0	1.012463E-3	-1.25E-1   	80.00     	9063.76 	24.6 	33.7 	6.095696E+0	8.498385E-7 	1.196587E+7	1.738774E+3	-1.625607E+0	1.550269E-4	6.660375E+0	6.640386E+0
80.0    	208     	6.286595E+0	1.357399E-3	-1.00E-1   	80.00     	9066.33 	24.6 	33.7 	6.284201E+0	1.702171E-6 	1.163670E+7	2.264950E+3	-1.623790E+0	7.000000E-5	6.848105E+0	6.828891E+0
80.0    	209     	6.292858E+0	1.460419E-3	-2.58E-1   	80.00     	9068.92 	24.6 	33.7 	6.290565E+0	2.678000E-6 	1.162597E+7	2.627420E+3	-1.623627E+0	3.262412E-4	6.854368E+0	6.835255E+0
80.0    	210     	6.098924E+0	1.679590E-3	-3.01E-1   	80.00     	9071.48 	24.6 	33.7 	6.095748E+0	2.826614E-6 	1.196577E+7	3.023795E+3	-1.625617E+0	3.511885E-5	6.660434E+0	6.640438E+0
80.0    	211     	6.100707E+0	1.476790E-3	-8.94E-2   	80.00     	9074.06 	24.6 	33.7 	6.097227E+0	2.366284E-6 	1.196283E+7	2.709859E+3	-1.626023E+0	1.527525E-4	6.662217E+0	6.641917E+0
80.0    	212     	6.099530E+0	1.805341E-3	-2.50E-1   	80.00     	9076.61 	24.6 	33.7 	6.096661E+0	2.698754E-6 	1.196440E+7	3.100000E+3	-1.625190E+0	2.402082E-4	6.661040E+0	6.641351E+0
80.0    	213     	6.103901E+0	9.855989E-4	-1.86E-1   	80.00     	9079.20 	24.6 	33.7 	6.100894E+0	1.087615E-6 	1.195667E+7	1.814754E+3	-1.625363E+0	2.657693E-4	6.665411E+0	6.645584E+0
80.0    	214     	6.099663E+0	4.569736E-4	-3.76E-1   	80.00     	9081.76 	24.6 	33.7 	6.096453E+0	2.387448E-7 	1.196447E+7	8.504901E+2	-1.625660E+0	4.582576E-5	6.661173E+0	6.641143E+0
80.0    	215     	6.100577E+0	1.442757E-3	-2.07E-1   	80.00     	9084.33 	24.6 	33.7 	6.097134E+0	2.226395E-6 	1.196303E+7	2.638813E+3	-1.625973E+0	7.371115E-5	6.662087E+0	6.641824E+0
80.0    	216     	6.100834E+0	1.502699E-3	-2.16E-1   	80.00     	9086.90 	24.6 	33.7 	6.097766E+0	2.383084E-6 	1.196223E+7	2.739221E+3	-1.625460E+0	6.557439E-5	6.662344E+0	6.642456E+0
80.0    	217     	6.099924E+0	6.755698E-4	-3.98E-1   	80.00     	9089.48 	24.6 	33.7 	6.097156E+0	6.130153E-7 	1.196360E+7	1.311488E+3	-1.625050E+0	1.571623E-4	6.661434E+0	6.641846E+0
80.0    	218     	6.098778E+0	1.166948E-3	-6.95E-2   	80.00     	9092.04 	24.6 	33.7 	6.095524E+0	1.281659E-6 	1.196610E+7	2.066398E+3	-1.625723E+0	1.457166E-4	6.660288E+0	6.640214E+0
80.0    	219     	6.097579E+0	2.210301E-3	-1.14E-1   	80.00     	9094.65 	24.6 	33.7 	6.094316E+0	4.807561E-6 	1.196827E+7	3.955165E+3	-1.625740E+0	3.830144E-4	6.659089E+0	6.639006E+0
80.0    	220     	6.100224E+0	1.459835E-3	-3.62E-1   	80.00     	9097.19 	24.6 	33.7 	6.097190E+0	2.126823E-6 	1.196330E+7	2.621068E+3	-1.625417E+0	1.890326E-4	6.661734E+0	6.641880E+0
80.0    	221     	6.100669E+0	6.788345E-4	-1.29E-1   	80.00     	9099.76 	24.6 	33.7 	6.097671E+0	1.970950E-7 	1.196247E+7	1.001665E+3	-1.625363E+0	3.720663E-4	6.662179E+0	6.642361E+0
80.0    	222     	6.096297E+0	2.439632E-3	1.88E-1    	80.00     	9102.34 	24.6 	33.7 	6.093190E+0	5.464382E-6 	1.197043E+7	4.300388E+3	-1.625533E+0	1.305118E-4	6.657807E+0	6.637880E+0
80.0    	223     	6.095761E+0	1.238808E-3	-3.90E-1   	80.00     	9104.92 	24.6 	33.7 	6.092652E+0	1.176105E-6 	1.197140E+7	2.088061E+3	-1.625537E+0	2.853653E-4	6.657271E+0	6.637342E+0
80.0    	224     	6.288791E+0	1.645860E-4	7.71E-3    	80.00     	9107.47 	24.6 	33.7 	6.286120E+0	2.606038E-8 	1.163320E+7	2.645751E+2	-1.624163E+0	1.331666E-4	6.850301E+0	6.830810E+0
80.0    	225     	6.292743E+0	6.642576E-4	-4.42E-1   	80.00     	9110.07 	24.6 	33.7 	6.290366E+0	4.356516E-7 	1.162623E+7	1.123981E+3	-1.623743E+0	6.429101E-5	6.854253E+0	6.835056E+0
80.0    	226     	6.104599E+0	9.291694E-4	1.16E-2    	80.00     	9112.67 	24.6 	33.7 	6.101161E+0	8.540415E-7 	1.195580E+7	1.664332E+3	-1.625950E+0	2.000000E-5	6.666109E+0	6.645851E+0
80.0    	227     	6.102270E+0	1.101021E-3	-5.56E-1   	80.00     	9115.19 	24.6 	33.7 	6.099037E+0	1.184301E-6 	1.195980E+7	1.967232E+3	-1.625680E+0	6.082763E-5	6.663780E+0	6.643727E+0
80.0    	228     	6.102285E+0	3.047134E-4	-1.47E-1   	80.00     	9117.77 	24.6 	33.7 	6.099466E+0	7.783123E-8 	1.195940E+7	5.196152E+2	-1.625110E+0	1.153256E-4	6.663795E+0	6.644156E+0
80.0    	229     	6.103162E+0	1.626345E-3	-3.30E-2   	80.00     	9120.34 	24.6 	33.7 	6.100111E+0	3.696954E-6 	1.195803E+7	3.189566E+3	-1.625427E+0	4.142865E-4	6.664672E+0	6.644801E+0
80.0    	230     	6.101815E+0	1.637213E-3	-3.71E-1   	80.00     	9122.92 	24.6 	33.7 	6.098788E+0	2.283744E-6 	1.196043E+7	2.829016E+3	-1.625400E+0	1.833030E-4	6.663325E+0	6.643478E+0
80.0    	231     	6.103748E+0	8.891769E-4	-2.14E-1   	80.00     	9125.47 	24.6 	33.7 	6.100824E+0	9.193924E-7 	1.195687E+7	1.656301E+3	-1.625250E+0	2.007486E-4	6.665258E+0	6.645514E+0
80.0    	232     	6.103485E+0	5.813571E-4	-4.29E-3   	80.00     	9128.06 	24.6 	33.7 	6.100530E+0	3.332868E-7 	1.195737E+7	1.040833E+3	-1.625293E+0	1.154701E-5	6.664995E+0	6.645220E+0
80.0    	233     	6.102104E+0	6.639322E-4	-5.17E-1   	80.00     	9130.62 	24.6 	33.7 	6.099314E+0	5.725013E-7 	1.195970E+7	1.276715E+3	-1.625070E+0	1.322876E-4	6.663614E+0	6.644004E+0
80.0    	234     	6.102916E+0	9.681976E-4	-2.67E-2   	80.00     	9133.20 	24.6 	33.7 	6.099986E+0	5.745264E-7 	1.195837E+7	1.550269E+3	-1.625260E+0	2.913760E-4	6.664426E+0	6.644676E+0
80.0    	235     	6.099905E+0	1.135615E-3	-3.86E-1   	80.00     	9135.78 	24.6 	33.7 	6.096805E+0	1.772898E-6 	1.196393E+7	2.218859E+3	-1.625507E+0	2.804164E-4	6.661415E+0	6.641495E+0
80.0    	236     	6.101344E+0	4.165576E-4	-2.54E-2   	80.00     	9138.33 	24.6 	33.7 	6.098183E+0	1.890884E-7 	1.196140E+7	7.549834E+2	-1.625587E+0	1.934770E-4	6.662854E+0	6.642873E+0
80.0    	237     	6.099357E+0	5.826544E-4	-3.40E-1   	80.00     	9140.93 	24.6 	33.7 	6.096240E+0	4.375193E-7 	1.196493E+7	1.115049E+3	-1.625533E+0	1.844813E-4	6.660867E+0	6.640930E+0
80.0    	238     	6.099212E+0	1.167194E-3	-6.30E-2   	80.00     	9143.47 	24.6 	33.7 	6.096015E+0	1.148955E-6 	1.196527E+7	2.013289E+3	-1.625643E+0	1.530795E-4	6.660722E+0	6.640705E+0
80.0    	239     	6.102748E+0	1.546676E-3	1.00E-2    	80.00     	9146.05 	24.6 	33.7 	6.099672E+0	2.760407E-6 	1.195880E+7	2.882707E+3	-1.625463E+0	1.650253E-4	6.664258E+0	6.644362E+0
80.0    	240     	6.289919E+0	9.952281E-4	-3.22E-1   	80.00     	9148.62 	24.6 	33.7 	6.287658E+0	9.915707E-7 	1.163093E+7	1.686219E+3	-1.623593E+0	2.311565E-4	6.851429E+0	6.832348E+0
80.0    	241     	6.495187E+0	1.248962E-3	-1.89E-1   	80.00     	9151.20 	24.6 	33.7 	6.493653E+0	1.725009E-6 	1.129157E+7	2.052641E+3	-1.621817E+0	9.451631E-5	7.056697E+0	7.038343E+0
80.0    	242     	6.309099E+0	1.688211E-3	-3.62E-1   	80.00     	9153.78 	24.6 	33.7 	6.306664E+0	3.062421E-6 	1.159857E+7	2.902298E+3	-1.623760E+0	2.551470E-4	6.870609E+0	6.851354E+0
80.0    	243     	6.293700E+0	1.983906E-3	-3.44E-1   	80.00     	9156.37 	24.6 	33.7 	6.291451E+0	4.142456E-6 	1.162450E+7	3.411744E+3	-1.623563E+0	1.150362E-4	6.855210E+0	6.836141E+0
80.0    	244     	6.291840E+0	2.374102E-3	-1.19E-1   	80.00     	9158.91 	24.6 	33.7 	6.289426E+0	5.809163E-6 	1.162780E+7	4.063250E+3	-1.623797E+0	1.320353E-4	6.853350E+0	6.834116E+0
80.0    	245     	6.292430E+0	2.182136E-3	-1.80E-1   	80.00     	9161.50 	24.6 	33.7 	6.289974E+0	5.013546E-6 	1.162683E+7	3.755440E+3	-1.623853E+0	9.291573E-5	6.853940E+0	6.834664E+0
80.0    	246     	6.292727E+0	1.252890E-3	-6.61E-1   	80.00     	9164.09 	24.6 	33.7 	6.290499E+0	1.830852E-6 	1.162613E+7	2.212088E+3	-1.623537E+0	1.850225E-4	6.854237E+0	6.835189E+0
80.0    	247     	6.300522E+0	2.209087E-3	-2.66E-1   	80.00     	9166.65 	24.6 	33.7 	6.298541E+0	4.924091E-6 	1.161270E+7	3.751000E+3	-1.623163E+0	9.073772E-5	6.862032E+0	6.843231E+0
80.0    	248     	6.298967E+0	3.097114E-4	-3.65E-1   	80.00     	9169.22 	24.6 	33.7 	6.297027E+0	1.687886E-7 	1.161530E+7	6.082763E+2	-1.623113E+0	1.700980E-4	6.860477E+0	6.841717E+0
80.0    	249     	6.292139E+0	7.110102E-4	1.69E-2    	80.00     	9171.79 	24.6 	33.7 	6.289949E+0	6.934889E-7 	1.162710E+7	1.311488E+3	-1.623487E+0	1.715615E-4	6.853649E+0	6.834639E+0
80.0    	250     	6.299957E+0	7.205355E-4	-3.88E-1   	80.00     	9174.37 	24.6 	33.7 	6.297807E+0	2.744130E-7 	1.161380E+7	1.053565E+3	-1.623400E+0	2.783882E-4	6.861467E+0	6.842497E+0
80.0    	251     	6.299149E+0	2.065416E-3	-3.92E-1   	80.00     	9176.95 	24.6 	33.7 	6.297121E+0	4.486350E-6 	1.161507E+7	3.544479E+3	-1.623233E+0	1.721434E-4	6.860659E+0	6.841811E+0
80.0    	252     	6.291701E+0	7.439763E-4	-4.96E-1   	80.00     	9179.53 	24.6 	33.7 	6.289368E+0	5.923672E-7 	1.162797E+7	1.285820E+3	-1.623687E+0	4.163332E-5	6.853211E+0	6.834058E+0
80.0    	253     	6.288603E+0	8.808621E-4	-1.43E-1   	80.00     	9182.08 	24.6 	33.7 	6.286348E+0	5.555376E-7 	1.163317E+7	1.379613E+3	-1.623590E+0	2.351595E-4	6.850113E+0	6.831038E+0
80.0    	254     	6.291920E+0	1.269073E-3	1.13E-1    	80.00     	9184.67 	24.6 	33.7 	6.289658E+0	1.510516E-6 	1.162753E+7	2.122106E+3	-1.623587E+0	6.110101E-5	6.853430E+0	6.834348E+0
80.0    	255     	6.298872E+0	4.860608E-4	-2.82E-1   	80.00     	9187.24 	24.6 	33.7 	6.296533E+0	8.940700E-8 	1.161580E+7	6.557439E+2	-1.623667E+0	3.156475E-4	6.860382E+0	6.841223E+0
80.0    	256     	6.491130E+0	5.726539E-4	-9.35E-2   	80.00     	9189.81 	24.6 	33.7 	6.489725E+0	2.536661E-7 	1.129797E+7	8.621678E+2	-1.621653E+0	1.184624E-4	7.052640E+0	7.034415E+0
80.0    	257     	5.693496E+0	1.190735E-3	-3.00E-1   	80.00     	9192.39 	24.6 	33.7 	5.688093E+0	1.581615E-6 	1.274487E+7	2.498666E+3	-1.630437E+0	1.115049E-4	6.255006E+0	6.232783E+0
80.0    	258     	8.146234E+0	9.675946E-4	-1.79E-1   	80.00     	9194.94 	24.6 	33.7 	8.148560E+0	1.002876E-6 	9.146317E+6	1.035004E+3	-1.611607E+0	5.507571E-5	8.707744E+0	8.693250E+0
80.0    	259     	1.129764E+1	7.233179E-4	-1.80E-1   	80.00     	9197.55 	24.6 	33.7 	1.130537E+1	5.328133E-7 	6.712790E+6	4.114608E+2	-1.598473E+0	1.527525E-5	1.185915E+1	1.185006E+1
80.0    	260     	2.373092E+1	2.120704E-4	-9.12E-2   	80.00     	9200.09 	24.6 	33.7 	2.374695E+1	4.668236E-8 	3.275867E+6	2.886751E+1	-1.576493E+0	1.527525E-5	2.429243E+1	2.429164E+1
80.0    	261     	2.823602E+1	1.938801E-3	-2.54E-1   	80.00     	9202.68 	24.6 	33.7 	2.825278E+1	3.763754E-6 	2.763347E+6	1.861003E+2	-1.572273E+0	1.527525E-5	2.879753E+1	2.879747E+1
80.0    	262     	3.433163E+1	7.766131E-4	-9.78E-2   	80.00     	9205.24 	24.6 	33.7 	3.434810E+1	5.829728E-7 	2.280617E+6	5.033223E+1	-1.567650E+0	6.000000E-5	3.489314E+1	3.489279E+1
80.0    	263     	5.030958E+1	4.845748E-4	-4.23E-1   	80.00     	9207.84 	24.6 	33.7 	5.031794E+1	2.589225E-7 	1.564427E+6	1.527525E+1	-1.557893E+0	2.081666E-5	5.087109E+1	5.086263E+1
80.0    	264     	1.102163E+2	2.037344E-3	-2.75E-1   	80.00     	9210.40 	24.6 	33.7 	1.100500E+2	4.257061E-6 	7.189463E+5	1.331666E+1	-1.530127E+0	5.773503E-6	1.107778E+2	1.105947E+2
100.0   	1       	6.468664E+0	1.750442E-3	3.80E+2    	100.00    	9245.46 	24.6 	33.7 	6.467075E+0	3.079062E-6 	1.133427E+7	2.829016E+3	-1.621990E+0	8.660254E-5	7.030174E+0	7.011765E+0
100.0   	2       	6.579691E+0	1.470306E-3	3.96E-1    	100.00    	9248.34 	24.6 	33.7 	6.578044E+0	2.065477E-6 	1.115787E+7	2.274496E+3	-1.621670E+0	4.358899E-5	7.141201E+0	7.122734E+0
100.0   	3       	7.397938E-1	1.574276E-3	6.26E-2    	100.00    	9251.33 	24.6 	33.7 	6.066104E-1	3.347622E-7 	6.501397E+7	4.954698E+4	-1.917197E+0	1.460730E-3	1.301304E+0	1.151300E+0
100.0   	4       	6.560951E+0	7.516406E-4	-2.10E-2   	100.00    	9253.90 	24.6 	33.7 	6.559679E+0	3.963768E-7 	1.118697E+7	1.078579E+3	-1.621217E+0	2.800595E-4	7.122461E+0	7.104369E+0
100.0   	5       	6.320185E+0	1.616503E-3	-3.07E-1   	100.00    	9256.51 	24.6 	33.7 	6.317697E+0	2.806346E-6 	1.157990E+7	2.773085E+3	-1.623790E+0	8.717798E-5	6.881695E+0	6.862387E+0
100.0   	6       	6.285893E+0	1.814799E-3	-1.32E-1   	100.00    	9259.08 	24.6 	33.7 	6.282985E+0	3.433504E-6 	1.163833E+7	3.121431E+3	-1.624497E+0	1.115049E-4	6.847403E+0	6.827675E+0
100.0   	7       	6.270261E+0	2.256618E-3	-5.66E-2   	100.00    	9261.64 	24.6 	33.7 	6.267550E+0	5.890726E-6 	1.166483E+7	4.001666E+3	-1.624290E+0	3.439477E-4	6.831771E+0	6.812240E+0
100.0   	8       	6.270456E+0	4.928773E-4	-3.75E-1   	100.00    	9264.20 	24.6 	33.7 	6.268757E+0	3.704015E-7 	1.166363E+7	9.291573E+2	-1.622883E+0	3.000556E-4	6.831966E+0	6.813447E+0
100.0   	9       	6.266140E+0	3.902331E-4	-1.76E-1   	100.00    	9266.79 	24.6 	33.7 	6.263993E+0	7.399049E-8 	1.167140E+7	5.291503E+2	-1.623527E+0	3.667879E-4	6.827650E+0	6.808683E+0
100.0   	10      	6.263506E+0	6.579994E-4	-3.57E-1   	100.00    	9269.36 	24.6 	33.7 	6.261022E+0	6.933744E-7 	1.167620E+7	1.276715E+3	-1.624003E+0	2.500667E-4	6.825016E+0	6.805712E+0
100.0   	11      	6.263555E+0	1.614283E-3	6.34E-2    	100.00    	9271.92 	24.6 	33.7 	6.260817E+0	2.520647E-6 	1.167633E+7	2.742870E+3	-1.624353E+0	7.571878E-5	6.825065E+0	6.805507E+0
100.0   	12      	6.296550E+0	1.993315E-3	-1.28E-1   	100.00    	9274.51 	24.6 	33.7 	6.293786E+0	4.078586E-6 	1.162010E+7	3.404409E+3	-1.624260E+0	5.196152E-5	6.858060E+0	6.838476E+0
100.0   	13      	6.266042E+0	2.280319E-3	2.07E-1    	100.00    	9277.05 	24.6 	33.7 	6.263236E+0	5.395736E-6 	1.167213E+7	3.939966E+3	-1.624437E+0	7.023769E-5	6.827552E+0	6.807926E+0
100.0   	14      	6.535836E+0	1.773698E-3	-1.16E-1   	100.00    	9279.64 	24.6 	33.7 	6.534149E+0	2.811248E-6 	1.122693E+7	2.730079E+3	-1.621883E+0	2.302897E-4	7.097346E+0	7.078839E+0
100.0   	15      	9.416446E-1	1.335801E-3	1.63E-1    	100.00    	9282.22 	24.6 	33.7 	9.117603E-1	1.766603E-6 	5.378247E+7	4.769406E+4	-1.747990E+0	8.809654E-4	1.503155E+0	1.456450E+0
100.0   	16      	6.730168E+0	1.578156E-3	-2.78E-1   	100.00    	9284.79 	24.6 	33.7 	6.728713E+0	2.885972E-6 	1.092717E+7	2.458319E+3	-1.620880E+0	1.802776E-4	7.291678E+0	7.273403E+0
100.0   	17      	6.284362E+0	1.021035E-3	1.36E-1    	100.00    	9287.36 	24.6 	33.7 	6.281579E+0	7.029883E-7 	1.164083E+7	1.582193E+3	-1.624333E+0	2.569695E-4	6.845872E+0	6.826269E+0
100.0   	18      	6.099274E+0	7.991762E-4	1.08E-1    	100.00    	9289.92 	24.6 	33.7 	6.095657E+0	4.719146E-7 	1.196553E+7	1.327906E+3	-1.626217E+0	2.746513E-4	6.660784E+0	6.640347E+0
100.0   	19      	6.374627E+0	2.853561E-4	-1.75E-1   	100.00    	9292.51 	24.6 	33.7 	6.373402E+0	1.498347E-7 	1.148783E+7	5.507571E+2	-1.621823E+0	2.079263E-4	6.936137E+0	6.918092E+0
100.0   	20      	6.089231E+0	9.140898E-4	8.11E-2    	100.00    	9295.05 	24.6 	33.7 	6.085721E+0	6.522399E-7 	1.198353E+7	1.550269E+3	-1.626113E+0	2.055075E-4	6.650741E+0	6.630411E+0
100.0   	21      	6.081073E+0	7.680875E-4	-1.67E-1   	100.00    	9297.64 	24.6 	33.7 	6.077019E+0	5.400713E-7 	1.199877E+7	1.357694E+3	-1.626883E+0	1.137248E-4	6.642583E+0	6.621709E+0
100.0   	22      	6.086187E+0	2.780230E-4	-1.30E-1   	100.00    	9300.20 	24.6 	33.7 	6.082525E+0	1.115854E-7 	1.198917E+7	5.507571E+2	-1.626333E+0	1.059874E-4	6.647697E+0	6.627215E+0
100.0   	23      	6.083690E+0	5.665942E-4	-1.60E-1   	100.00    	9302.77 	24.6 	33.7 	6.080372E+0	3.354371E-7 	1.199337E+7	1.011599E+3	-1.625873E+0	3.350124E-4	6.645200E+0	6.625062E+0
100.0   	24      	6.081218E+0	3.847165E-4	-3.73E-1   	100.00    	9305.35 	24.6 	33.7 	6.078199E+0	1.388742E-7 	1.199757E+7	6.806859E+2	-1.625473E+0	1.171893E-4	6.642728E+0	6.622889E+0
100.0   	25      	6.074627E+0	6.522365E-4	-1.24E-1   	100.00    	9307.92 	24.6 	33.7 	6.071388E+0	2.953542E-7 	1.200970E+7	1.081665E+3	-1.625803E+0	1.747379E-4	6.636137E+0	6.616078E+0
100.0   	26      	6.122607E+0	1.076012E-3	-3.73E-1   	100.00    	9310.49 	24.6 	33.7 	6.119401E+0	1.460857E-6 	1.192333E+7	2.040425E+3	-1.625560E+0	1.967232E-4	6.684117E+0	6.664091E+0
100.0   	27      	6.072949E+0	1.740099E-3	-3.33E-1   	100.00    	9313.06 	24.6 	33.7 	6.069243E+0	2.313362E-6 	1.201317E+7	2.956913E+3	-1.626447E+0	2.914332E-4	6.634459E+0	6.613933E+0
100.0   	28      	6.075809E+0	2.675215E-4	-1.79E-1   	100.00    	9315.64 	24.6 	33.7 	6.072119E+0	1.109327E-8 	1.200797E+7	3.214550E+2	-1.626413E+0	2.676440E-4	6.637319E+0	6.616809E+0
100.0   	29      	6.074423E+0	1.101009E-3	1.55E-1    	100.00    	9318.19 	24.6 	33.7 	6.070894E+0	9.411322E-7 	1.201033E+7	1.877054E+3	-1.626200E+0	1.757840E-4	6.635933E+0	6.615584E+0
100.0   	30      	6.077414E+0	2.047930E-3	-2.27E-1   	100.00    	9320.80 	24.6 	33.7 	6.074305E+0	4.201189E-6 	1.200453E+7	3.709897E+3	-1.625613E+0	1.154701E-5	6.638924E+0	6.618995E+0
100.0   	31      	6.358116E+0	1.347824E-3	-1.24E-1   	100.00    	9323.34 	24.6 	33.7 	6.354951E+0	2.042177E-6 	1.151690E+7	2.306513E+3	-1.624563E+0	3.233162E-4	6.919626E+0	6.899641E+0
100.0   	32      	6.273920E+0	1.027711E-3	-1.54E-1   	100.00    	9325.90 	24.6 	33.7 	6.271497E+0	7.808319E-7 	1.165833E+7	1.628906E+3	-1.623880E+0	2.570992E-4	6.835430E+0	6.816187E+0
100.0   	33      	6.270654E+0	1.409693E-3	-3.19E-1   	100.00    	9328.50 	24.6 	33.7 	6.267703E+0	1.509811E-6 	1.166437E+7	2.254625E+3	-1.624617E+0	2.581343E-4	6.832164E+0	6.812393E+0
100.0   	34      	6.085857E+0	1.707936E-3	-6.62E-2   	100.00    	9331.07 	24.6 	33.7 	6.082596E+0	2.736295E-6 	1.198940E+7	3.034798E+3	-1.625787E+0	1.858315E-4	6.647367E+0	6.627286E+0
100.0   	35      	6.079717E+0	1.677030E-3	1.18E-1    	100.00    	9333.64 	24.6 	33.7 	6.076495E+0	3.118327E-6 	1.200047E+7	3.102150E+3	-1.625757E+0	4.539089E-4	6.641227E+0	6.621185E+0
100.0   	36      	6.083231E+0	5.772181E-4	-2.78E-1   	100.00    	9336.22 	24.6 	33.7 	6.079616E+0	5.145869E-7 	1.199447E+7	1.159023E+3	-1.626280E+0	3.124100E-4	6.644741E+0	6.624306E+0
100.0   	37      	6.083371E+0	1.340390E-3	9.19E-2    	100.00    	9338.78 	24.6 	33.7 	6.079734E+0	1.891346E-6 	1.199423E+7	2.454248E+3	-1.626310E+0	7.211103E-5	6.644881E+0	6.624424E+0
100.0   	38      	6.077414E+0	5.807412E-4	-1.58E-1   	100.00    	9341.33 	24.6 	33.7 	6.073790E+0	3.065835E-7 	1.200500E+7	1.014889E+3	-1.626317E+0	2.400694E-4	6.638924E+0	6.618480E+0
100.0   	39      	6.084296E+0	4.233408E-4	-7.84E-3   	100.00    	9343.93 	24.6 	33.7 	6.080837E+0	7.295550E-8 	1.199240E+7	6.244998E+2	-1.626063E+0	2.203028E-4	6.645806E+0	6.625527E+0
100.0   	40      	6.080907E+0	4.827100E-4	-1.80E-1   	100.00    	9346.50 	24.6 	33.7 	6.077663E+0	9.733507E-8 	1.199833E+7	7.094599E+2	-1.625783E+0	2.898850E-4	6.642417E+0	6.622353E+0
100.0   	41      	6.072018E+0	4.974197E-4	-3.06E-2   	100.00    	9349.10 	24.6 	33.7 	6.068813E+0	1.982313E-7 	1.201440E+7	8.544004E+2	-1.625767E+0	8.144528E-5	6.633528E+0	6.613503E+0
100.0   	42      	6.077328E+0	1.327936E-3	-1.15E-1   	100.00    	9351.69 	24.6 	33.7 	6.073802E+0	1.820225E-6 	1.200507E+7	2.413158E+3	-1.626183E+0	3.464583E-4	6.638838E+0	6.618492E+0
100.0   	43      	6.079697E+0	1.155669E-3	1.33E-2    	100.00    	9354.24 	24.6 	33.7 	6.076220E+0	1.614290E-6 	1.200073E+7	2.193931E+3	-1.626107E+0	2.013289E-4	6.641207E+0	6.620910E+0
100.0   	44      	6.079410E+0	1.668646E-3	-3.87E-1   	100.00    	9356.83 	24.6 	33.7 	6.076139E+0	2.651189E-6 	1.200107E+7	2.983845E+3	-1.625827E+0	4.932883E-5	6.640920E+0	6.620829E+0
100.0   	45      	6.084164E+0	1.099715E-3	-1.22E-1   	100.00    	9359.40 	24.6 	33.7 	6.080600E+0	1.356276E-6 	1.199273E+7	2.042874E+3	-1.626207E+0	1.965536E-4	6.645674E+0	6.625290E+0
100.0   	46      	6.072339E+0	7.441154E-4	-6.19E-2   	100.00    	9361.97 	24.6 	33.7 	6.069300E+0	7.730728E-7 	1.201367E+7	1.457166E+3	-1.625537E+0	3.731398E-4	6.633849E+0	6.613990E+0
100.0   	47      	6.077966E+0	1.951126E-3	-3.84E-1   	100.00    	9364.53 	24.6 	33.7 	6.074159E+0	3.157145E-6 	1.200417E+7	3.372437E+3	-1.626563E+0	2.898850E-4	6.639476E+0	6.618849E+0
100.0   	48      	6.541294E+0	8.588876E-4	1.49E-1    	100.00    	9367.09 	24.6 	33.7 	6.539684E+0	7.340320E-7 	1.121823E+7	1.350309E+3	-1.621757E+0	2.281082E-4	7.102804E+0	7.084374E+0
100.0   	49      	6.317316E+0	1.372267E-3	-9.62E-2   	100.00    	9369.71 	24.6 	33.7 	6.314911E+0	1.699461E-6 	1.158467E+7	2.254625E+3	-1.623687E+0	1.700980E-4	6.878826E+0	6.859601E+0
100.0   	50      	6.086031E+0	4.349991E-4	-2.22E-1   	100.00    	9372.24 	24.6 	33.7 	6.082164E+0	1.241674E-7 	1.198963E+7	7.094599E+2	-1.626610E+0	1.307670E-4	6.647541E+0	6.626854E+0
100.0   	51      	6.079250E+0	1.501252E-3	-7.86E-2   	100.00    	9374.81 	24.6 	33.7 	6.076040E+0	3.094557E-6 	1.200130E+7	2.951271E+3	-1.625743E+0	3.608786E-4	6.640760E+0	6.620730E+0
100.0   	52      	6.079569E+0	7.802188E-4	-1.39E-1   	100.00    	9377.38 	24.6 	33.7 	6.075796E+0	6.394404E-7 	1.200123E+7	1.422439E+3	-1.626510E+0	2.163331E-4	6.641079E+0	6.620486E+0
100.0   	53      	6.077069E+0	4.314030E-4	-5.72E-2   	100.00    	9379.97 	24.6 	33.7 	6.073178E+0	1.670130E-7 	1.200587E+7	7.571878E+2	-1.626680E+0	1.135782E-4	6.638579E+0	6.617868E+0
100.0   	54      	6.079544E+0	1.064856E-3	-2.25E-2   	100.00    	9382.53 	24.6 	33.7 	6.076005E+0	1.170653E-6 	1.200107E+7	1.939931E+3	-1.626193E+0	1.650253E-4	6.641054E+0	6.620695E+0
100.0   	55      	6.082066E+0	1.238355E-3	-1.72E-1   	100.00    	9385.10 	24.6 	33.7 	6.078568E+0	1.071054E-6 	1.199647E+7	2.055075E+3	-1.626127E+0	2.768273E-4	6.643576E+0	6.623258E+0
100.0   	56      	6.077928E+0	1.798376E-3	-2.35E-1   	100.00    	9387.69 	24.6 	33.7 	6.074858E+0	2.838931E-6 	1.200357E+7	3.153305E+3	-1.625557E+0	1.619671E-4	6.639438E+0	6.619548E+0
100.0   	57      	6.075822E+0	1.166358E-3	6.96E-2    	100.00    	9390.24 	24.6 	33.7 	6.072768E+0	1.332725E-6 	1.200737E+7	2.100794E+3	-1.625543E+0	1.250333E-4	6.637332E+0	6.617458E+0
100.0   	58      	6.075281E+0	5.288052E-4	-4.03E-1   	100.00    	9392.84 	24.6 	33.7 	6.071874E+0	2.972938E-7 	1.200867E+7	9.712535E+2	-1.626030E+0	9.539392E-5	6.636791E+0	6.616564E+0
100.0   	59      	6.075359E+0	1.238593E-3	2.91E-2    	100.00    	9395.39 	24.6 	33.7 	6.071651E+0	1.491976E-6 	1.200880E+7	2.227106E+3	-1.626440E+0	1.442221E-4	6.636869E+0	6.616341E+0
100.0   	60      	6.078640E+0	1.493074E-3	-4.54E-1   	100.00    	9397.98 	24.6 	33.7 	6.074811E+0	2.545647E-6 	1.200297E+7	2.793445E+3	-1.626590E+0	2.351595E-4	6.640150E+0	6.619501E+0
100.0   	61      	6.368558E+0	6.352589E-4	-4.52E-1   	100.00    	9400.56 	24.6 	33.7 	6.366299E+0	5.615495E-7 	1.149877E+7	1.150362E+3	-1.623290E+0	1.609348E-4	6.930068E+0	6.910989E+0
100.0   	62      	6.369818E+0	1.984130E-3	-3.19E-1   	100.00    	9403.12 	24.6 	33.7 	6.368170E+0	3.784572E-6 	1.149617E+7	3.262412E+3	-1.622437E+0	6.110101E-5	6.931328E+0	6.912860E+0
100.0   	63      	6.354144E+0	2.528412E-4	-1.94E-1   	100.00    	9405.69 	24.6 	33.7 	6.351726E+0	3.263909E-8 	1.152290E+7	3.605551E+2	-1.623563E+0	1.078579E-4	6.915654E+0	6.896416E+0
100.0   	64      	9.860521E-1	2.875883E-3	-3.58E-1   	100.00    	9408.26 	24.6 	33.7 	9.041049E-1	5.632247E-6 	5.314513E+7	9.173583E+4	-1.826190E+0	1.126543E-3	1.547562E+0	1.448795E+0
100.0   	65      	6.339672E+0	4.574536E-4	-1.31E-1   	100.00    	9410.88 	24.6 	33.7 	6.337171E+0	2.573488E-7 	1.154717E+7	8.082904E+2	-1.623733E+0	7.023769E-5	6.901182E+0	6.881861E+0
100.0   	66      	6.082877E+0	9.696183E-4	-7.27E-3   	100.00    	9413.41 	24.6 	33.7 	6.079305E+0	1.052759E-6 	1.199507E+7	1.800926E+3	-1.626223E+0	1.792577E-4	6.644387E+0	6.623995E+0
100.0   	67      	6.095719E+0	1.063266E-3	1.03E-2    	100.00    	9415.96 	24.6 	33.7 	6.092066E+0	1.223195E-6 	1.197197E+7	1.950214E+3	-1.626280E+0	1.833030E-4	6.657229E+0	6.636756E+0
100.0   	68      	6.085908E+0	8.008626E-4	-3.97E-1   	100.00    	9418.53 	24.6 	33.7 	6.082177E+0	7.702045E-7 	1.198973E+7	1.514376E+3	-1.626427E+0	1.514376E-4	6.647418E+0	6.626867E+0
100.0   	69      	6.080687E+0	1.446236E-3	5.97E-2    	100.00    	9421.13 	24.6 	33.7 	6.076926E+0	2.256901E-6 	1.199920E+7	2.666458E+3	-1.626490E+0	1.493318E-4	6.642197E+0	6.621616E+0
100.0   	70      	6.082797E+0	1.260395E-3	4.46E-2    	100.00    	9423.70 	24.6 	33.7 	6.079606E+0	2.200196E-6 	1.199487E+7	2.478575E+3	-1.625703E+0	3.442867E-4	6.644307E+0	6.624296E+0
100.0   	71      	6.080532E+0	9.338682E-4	-2.94E-1   	100.00    	9426.26 	24.6 	33.7 	6.076970E+0	9.884150E-7 	1.199930E+7	1.743560E+3	-1.626220E+0	1.212436E-4	6.642042E+0	6.621660E+0
100.0   	72      	6.077090E+0	1.615838E-3	-1.60E-1   	100.00    	9428.86 	24.6 	33.7 	6.073599E+0	2.792885E-6 	1.200547E+7	2.967041E+3	-1.626137E+0	3.652853E-4	6.638600E+0	6.618289E+0
100.0   	73      	6.079658E+0	7.088099E-4	-1.84E-2   	100.00    	9431.41 	24.6 	33.7 	6.076443E+0	5.672069E-7 	1.200057E+7	1.320353E+3	-1.625750E+0	1.410674E-4	6.641168E+0	6.621133E+0
100.0   	74      	6.078645E+0	1.473006E-3	-3.55E-3   	100.00    	9433.97 	24.6 	33.7 	6.075320E+0	1.681749E-6 	1.200250E+7	2.500000E+3	-1.625903E+0	3.655589E-4	6.640155E+0	6.620010E+0
100.0   	75      	6.077542E+0	2.984269E-3	-1.42E-1   	100.00    	9436.53 	24.6 	33.7 	6.074289E+0	8.189128E-6 	1.200443E+7	5.293707E+3	-1.625810E+0	1.833030E-4	6.639052E+0	6.618979E+0
100.0   	76      	6.366243E+0	1.584069E-3	-2.11E-1   	100.00    	9439.14 	24.6 	33.7 	6.364243E+0	2.110108E-6 	1.150240E+7	2.523886E+3	-1.622940E+0	1.819341E-4	6.927753E+0	6.908933E+0
100.0   	77      	7.288451E-1	1.729868E-3	-4.36E-1   	100.00    	9441.68 	24.6 	33.7 	6.071696E-1	6.590387E-6 	6.527347E+7	1.154672E+5	-1.904573E+0	1.456445E-3	1.290355E+0	1.151860E+0
100.0   	78      	7.315543E-1	3.552660E-4	-3.91E-2   	100.00    	9444.25 	24.6 	33.7 	6.072525E-1	2.157240E-7 	6.520257E+7	7.170309E+3	-1.907480E+0	9.335952E-4	1.293064E+0	1.151943E+0
100.0   	79      	6.372424E+0	8.747849E-4	-3.33E-1   	100.00    	9446.82 	24.6 	33.7 	6.370142E+0	7.189045E-7 	1.149237E+7	1.429452E+3	-1.623307E+0	3.511885E-5	6.933934E+0	6.914832E+0
100.0   	80      	6.602608E+0	1.387084E-3	-2.53E-1   	100.00    	9449.43 	24.6 	33.7 	6.600911E+0	1.992635E-6 	1.112217E+7	2.173323E+3	-1.621657E+0	1.594783E-4	7.164118E+0	7.145601E+0
100.0   	81      	6.326958E+0	1.544997E-3	-4.88E-2   	100.00    	9452.00 	24.6 	33.7 	6.324112E+0	2.786647E-6 	1.156880E+7	2.700000E+3	-1.624253E+0	2.739221E-4	6.888468E+0	6.868802E+0
100.0   	82      	6.106451E+0	9.908337E-4	-5.89E-2   	100.00    	9454.54 	24.6 	33.7 	6.102799E+0	1.069443E-6 	1.195267E+7	1.817507E+3	-1.626233E+0	8.504901E-5	6.667961E+0	6.647489E+0
100.0   	83      	6.105507E+0	1.795737E-3	-1.43E-1   	100.00    	9457.13 	24.6 	33.7 	6.101998E+0	3.018061E-6 	1.195423E+7	3.172276E+3	-1.626043E+0	7.767453E-5	6.667017E+0	6.646688E+0
100.0   	84      	6.149028E+0	1.104667E-3	-3.75E-1   	100.00    	9459.70 	24.6 	33.7 	6.145428E+0	1.184583E-6 	1.187667E+7	1.939931E+3	-1.625987E+0	1.877054E-4	6.710538E+0	6.690118E+0
100.0   	85      	6.104350E+0	1.604678E-4	-4.10E-1   	100.00    	9462.26 	24.6 	33.7 	6.101001E+0	9.231117E-8 	1.195617E+7	4.163332E+2	-1.625830E+0	2.007486E-4	6.665860E+0	6.645691E+0
100.0   	86      	6.104977E+0	1.524168E-3	-4.95E-1   	100.00    	9464.84 	24.6 	33.7 	6.101673E+0	1.898711E-6 	1.195500E+7	2.605763E+3	-1.625767E+0	2.003331E-4	6.666487E+0	6.646363E+0
100.0   	87      	6.106267E+0	1.451556E-3	-2.11E-1   	100.00    	9467.42 	24.6 	33.7 	6.103205E+0	2.120340E-6 	1.195247E+7	2.610236E+3	-1.625430E+0	2.645751E-5	6.667777E+0	6.647895E+0
100.0   	88      	6.106871E+0	6.451363E-4	-3.22E-1   	100.00    	9469.98 	24.6 	33.7 	6.103456E+0	5.368710E-7 	1.195170E+7	1.228821E+3	-1.625910E+0	2.457641E-4	6.668381E+0	6.648146E+0
100.0   	89      	6.106981E+0	1.373364E-3	-2.24E-1   	100.00    	9472.53 	24.6 	33.7 	6.103754E+0	1.665606E-6 	1.195133E+7	2.386071E+3	-1.625653E+0	2.542309E-4	6.668491E+0	6.648444E+0
100.0   	90      	6.106345E+0	1.482771E-3	-5.30E-1   	100.00    	9475.14 	24.6 	33.7 	6.103127E+0	2.291961E-6 	1.195247E+7	2.685765E+3	-1.625643E+0	2.250185E-4	6.667855E+0	6.647817E+0
100.0   	91      	6.104473E+0	2.739387E-4	-5.44E-2   	100.00    	9477.74 	24.6 	33.7 	6.101175E+0	4.493061E-8 	1.195590E+7	4.358899E+2	-1.625760E+0	8.888194E-5	6.665983E+0	6.645865E+0
100.0   	92      	6.105630E+0	8.506125E-4	-7.08E-2   	100.00    	9480.27 	24.6 	33.7 	6.102319E+0	9.616045E-7 	1.195383E+7	1.644182E+3	-1.625773E+0	1.861003E-4	6.667140E+0	6.647009E+0
100.0   	93      	6.426346E+0	3.772730E-4	-2.15E-1   	100.00    	9482.82 	24.6 	33.7 	6.423979E+0	1.397560E-7 	1.140363E+7	6.110101E+2	-1.623220E+0	9.643651E-5	6.987856E+0	6.968669E+0
100.0   	94      	6.393666E+0	1.001541E-3	-3.00E-1   	100.00    	9485.39 	24.6 	33.7 	6.391447E+0	9.335814E-7 	1.145717E+7	1.619671E+3	-1.623140E+0	1.734935E-4	6.955176E+0	6.936137E+0
100.0   	95      	6.104462E+0	2.298969E-3	-8.99E-2   	100.00    	9487.97 	24.6 	33.7 	6.100891E+0	5.344026E-6 	1.195617E+7	4.140451E+3	-1.626133E+0	5.859465E-5	6.665972E+0	6.645581E+0
100.0   	96      	6.310304E+0	4.629750E-4	-6.99E-2   	100.00    	9490.55 	24.6 	33.7 	6.307392E+0	1.970860E-7 	1.159693E+7	7.571878E+2	-1.624407E+0	1.913984E-4	6.871814E+0	6.852082E+0
100.0   	97      	6.309670E+0	9.978250E-4	-9.06E-2   	100.00    	9493.12 	24.6 	33.7 	6.306961E+0	1.199054E-6 	1.159783E+7	1.755942E+3	-1.624133E+0	3.707200E-4	6.871180E+0	6.851651E+0
100.0   	98      	6.105924E+0	1.734831E-3	-2.26E-1   	100.00    	9495.69 	24.6 	33.7 	6.102583E+0	2.900930E-6 	1.195333E+7	3.085990E+3	-1.625813E+0	4.725816E-5	6.667434E+0	6.647273E+0
100.0   	99      	6.104305E+0	5.555062E-4	-8.44E-2   	100.00    	9498.27 	24.6 	33.7 	6.100787E+0	1.931849E-7 	1.195640E+7	8.888194E+2	-1.626060E+0	2.088061E-4	6.665815E+0	6.645477E+0
100.0   	100     	6.125111E+0	1.926446E-4	-3.40E-1   	100.00    	9500.84 	24.6 	33.7 	6.121563E+0	4.128613E-8 	1.191917E+7	3.511885E+2	-1.626017E+0	6.110101E-5	6.686621E+0	6.666253E+0
100.0   	101     	6.105493E+0	1.440773E-3	-1.33E-1   	100.00    	9503.42 	24.6 	33.7 	6.102309E+0	1.638796E-6 	1.195397E+7	2.441994E+3	-1.625600E+0	2.389561E-4	6.667003E+0	6.646999E+0
100.0   	102     	6.105596E+0	6.863746E-4	-3.53E-1   	100.00    	9506.00 	24.6 	33.7 	6.102280E+0	4.291290E-7 	1.195390E+7	1.200000E+3	-1.625780E+0	1.609348E-4	6.667106E+0	6.646970E+0
100.0   	103     	6.101580E+0	5.310098E-4	-4.53E-2   	100.00    	9508.55 	24.6 	33.7 	6.098429E+0	2.289220E-7 	1.196097E+7	9.073772E+2	-1.625570E+0	7.000000E-5	6.663090E+0	6.643119E+0
100.0   	104     	6.101506E+0	9.346769E-4	-4.55E-1   	100.00    	9511.14 	24.6 	33.7 	6.098392E+0	1.069929E-6 	1.196107E+7	1.761628E+3	-1.625520E+0	2.981610E-4	6.663016E+0	6.643082E+0
100.0   	105     	6.106449E+0	7.952181E-4	-3.86E-1   	100.00    	9513.72 	24.6 	33.7 	6.103060E+0	6.982727E-7 	1.195243E+7	1.457166E+3	-1.625877E+0	2.200757E-4	6.667959E+0	6.647750E+0
100.0   	106     	6.104402E+0	1.891323E-3	-1.30E-1   	100.00    	9516.30 	24.6 	33.7 	6.101247E+0	2.527664E-6 	1.195590E+7	3.124100E+3	-1.625563E+0	4.499259E-4	6.665912E+0	6.645937E+0
100.0   	107     	6.100737E+0	1.510872E-3	-1.41E-1   	100.00    	9518.88 	24.6 	33.7 	6.097641E+0	2.213722E-6 	1.196243E+7	2.695057E+3	-1.625500E+0	1.126943E-4	6.662247E+0	6.642331E+0
100.0   	108     	6.103524E+0	5.298973E-4	-3.76E-1   	100.00    	9521.45 	24.6 	33.7 	6.100195E+0	3.695105E-7 	1.195763E+7	1.021437E+3	-1.625807E+0	1.266228E-4	6.665034E+0	6.644885E+0
100.0   	109     	6.117783E+0	2.412223E-3	6.29E-2    	100.00    	9524.01 	24.6 	33.7 	6.114047E+0	6.231619E-6 	1.193243E+7	4.389001E+3	-1.626300E+0	2.861818E-4	6.679293E+0	6.658737E+0
100.0   	110     	6.099929E+0	1.085356E-3	-5.08E-1   	100.00    	9526.60 	24.6 	33.7 	6.096596E+0	8.030072E-7 	1.196410E+7	1.777639E+3	-1.625827E+0	3.126233E-4	6.661439E+0	6.641286E+0
100.0   	111     	6.093333E+0	7.980445E-4	-4.73E-1   	100.00    	9529.17 	24.6 	33.7 	6.089604E+0	5.775908E-7 	1.197633E+7	1.401190E+3	-1.626393E+0	1.446836E-4	6.654843E+0	6.634294E+0
100.0   	112     	6.301562E+0	1.211088E-3	-4.88E-1   	100.00    	9531.73 	24.6 	33.7 	6.298878E+0	1.102890E-6 	1.161153E+7	1.908752E+3	-1.624130E+0	3.377869E-4	6.863072E+0	6.843568E+0
100.0   	113     	6.294644E+0	9.615416E-4	-2.93E-1   	100.00    	9534.30 	24.6 	33.7 	6.291646E+0	7.748762E-7 	1.162353E+7	1.556706E+3	-1.624587E+0	2.542309E-4	6.856154E+0	6.836336E+0
100.0   	114     	6.093273E+0	1.758283E-3	-4.76E-1   	100.00    	9536.89 	24.6 	33.7 	6.089628E+0	2.894688E-6 	1.197637E+7	3.118226E+3	-1.626280E+0	7.000000E-5	6.654783E+0	6.634318E+0
100.0   	115     	6.092457E+0	3.858869E-4	-4.08E-1   	100.00    	9539.47 	24.6 	33.7 	6.088927E+0	1.807520E-7 	1.197773E+7	7.234178E+2	-1.626127E+0	1.686219E-4	6.653967E+0	6.633617E+0
100.0   	116     	6.109561E+0	8.055699E-4	-3.10E-1   	100.00    	9542.06 	24.6 	33.7 	6.105745E+0	7.914820E-7 	1.194723E+7	1.517674E+3	-1.626443E+0	1.800926E-4	6.671071E+0	6.650435E+0
100.0   	117     	6.089806E+0	7.837311E-4	-3.99E-1   	100.00    	9544.65 	24.6 	33.7 	6.086476E+0	9.038841E-7 	1.198233E+7	1.563117E+3	-1.625863E+0	2.589080E-4	6.651316E+0	6.631166E+0
100.0   	118     	6.092498E+0	1.090036E-3	-3.14E-1   	100.00    	9547.18 	24.6 	33.7 	6.089070E+0	1.538442E-6 	1.197757E+7	2.100794E+3	-1.625987E+0	2.103172E-4	6.654008E+0	6.633760E+0
100.0   	119     	6.090584E+0	1.237284E-3	-1.79E-3   	100.00    	9549.76 	24.6 	33.7 	6.087287E+0	1.518401E-6 	1.198090E+7	2.227106E+3	-1.625817E+0	2.081666E-5	6.652094E+0	6.631977E+0
100.0   	120     	6.091215E+0	5.997179E-4	-9.86E-2   	100.00    	9552.37 	24.6 	33.7 	6.087986E+0	3.782753E-7 	1.197970E+7	1.081665E+3	-1.625720E+0	2.628688E-4	6.652725E+0	6.632676E+0
100.0   	121     	6.091387E+0	1.498602E-3	-1.80E-1   	100.00    	9554.90 	24.6 	33.7 	6.088221E+0	2.098816E-6 	1.197933E+7	2.657693E+3	-1.625633E+0	7.023769E-5	6.652897E+0	6.632911E+0
100.0   	122     	6.091473E+0	1.020456E-3	-3.83E-1   	100.00    	9557.48 	24.6 	33.7 	6.088173E+0	1.071825E-6 	1.197930E+7	1.852026E+3	-1.625817E+0	1.193035E-4	6.652983E+0	6.632863E+0
100.0   	123     	6.090512E+0	7.837790E-4	-3.42E-1   	100.00    	9560.04 	24.6 	33.7 	6.087100E+0	6.679969E-7 	1.198113E+7	1.443376E+3	-1.625973E+0	8.962886E-5	6.652022E+0	6.631790E+0
100.0   	124     	6.088953E+0	1.586070E-3	-4.31E-1   	100.00    	9562.61 	24.6 	33.7 	6.085593E+0	1.987924E-6 	1.198390E+7	2.700000E+3	-1.625910E+0	3.080584E-4	6.650463E+0	6.630283E+0
100.0   	125     	6.094983E+0	1.709415E-3	-3.53E-1   	100.00    	9565.18 	24.6 	33.7 	6.091247E+0	3.052532E-6 	1.197337E+7	3.113412E+3	-1.626397E+0	6.658328E-5	6.656493E+0	6.635937E+0
100.0   	126     	6.088332E+0	2.688098E-3	-5.68E-2   	100.00    	9567.75 	24.6 	33.7 	6.084812E+0	7.962858E-6 	1.198517E+7	4.974267E+3	-1.626130E+0	1.969772E-4	6.649842E+0	6.629502E+0
100.0   	127     	6.090791E+0	5.812632E-4	4.87E-2    	100.00    	9570.35 	24.6 	33.7 	6.087339E+0	4.182968E-7 	1.198067E+7	1.096966E+3	-1.626027E+0	2.478575E-4	6.652301E+0	6.632029E+0
100.0   	128     	6.280642E+0	1.289255E-3	-5.66E-2   	100.00    	9572.92 	24.6 	33.7 	6.277512E+0	1.763933E-6 	1.164747E+7	2.230097E+3	-1.624820E+0	1.307670E-4	6.842152E+0	6.822202E+0
100.0   	129     	6.281244E+0	2.233693E-3	3.71E-2    	100.00    	9575.46 	24.6 	33.7 	6.278592E+0	4.593848E-6 	1.164603E+7	3.728717E+3	-1.624167E+0	2.040425E-4	6.842754E+0	6.823282E+0
100.0   	130     	6.091602E+0	1.224415E-3	-1.72E-2   	100.00    	9578.05 	24.6 	33.7 	6.088118E+0	1.061898E-6 	1.197923E+7	2.025669E+3	-1.626067E+0	3.666515E-4	6.653112E+0	6.632808E+0
100.0   	131     	6.088395E+0	4.586722E-4	-3.79E-1   	100.00    	9580.62 	24.6 	33.7 	6.085153E+0	2.925588E-7 	1.198480E+7	9.000000E+2	-1.625750E+0	1.493318E-4	6.649905E+0	6.629843E+0
100.0   	132     	6.092703E+0	1.752521E-3	-3.85E-1   	100.00    	9583.20 	24.6 	33.7 	6.089273E+0	3.267119E-6 	1.197720E+7	3.207803E+3	-1.625990E+0	1.249000E-4	6.654213E+0	6.633963E+0
100.0   	133     	6.086102E+0	1.893545E-3	-3.13E-1   	100.00    	9585.76 	24.6 	33.7 	6.082869E+0	3.787837E-6 	1.198893E+7	3.464583E+3	-1.625747E+0	2.358672E-4	6.647612E+0	6.627559E+0
100.0   	134     	6.091538E+0	7.581393E-4	-3.24E-1   	100.00    	9588.35 	24.6 	33.7 	6.088033E+0	4.987851E-7 	1.197937E+7	1.320353E+3	-1.626097E+0	6.806859E-5	6.653048E+0	6.632723E+0
100.0   	135     	6.090218E+0	2.847281E-3	-2.66E-1   	100.00    	9590.90 	24.6 	33.7 	6.086694E+0	7.451045E-6 	1.198177E+7	5.024274E+3	-1.626127E+0	3.695042E-4	6.651728E+0	6.631384E+0
100.0   	136     	6.087177E+0	1.875814E-3	-3.85E-1   	100.00    	9593.48 	24.6 	33.7 	6.083751E+0	3.752710E-6 	1.198717E+7	3.442867E+3	-1.626007E+0	1.137248E-4	6.648687E+0	6.628441E+0
100.0   	137     	6.085433E+0	1.050462E-3	-2.56E-1   	100.00    	9596.04 	24.6 	33.7 	6.082282E+0	9.409011E-7 	1.199007E+7	1.823001E+3	-1.625637E+0	1.644182E-4	6.646943E+0	6.626972E+0
100.0   	138     	6.089388E+0	7.203362E-4	-4.25E-1   	100.00    	9598.61 	24.6 	33.7 	6.086192E+0	6.399313E-7 	1.198297E+7	1.365040E+3	-1.625683E+0	2.328805E-4	6.650898E+0	6.630882E+0
100.0   	139     	6.090102E+0	1.363862E-3	-3.33E-1   	100.00    	9601.19 	24.6 	33.7 	6.086772E+0	2.313346E-6 	1.198180E+7	2.600000E+3	-1.625863E+0	2.858904E-4	6.651612E+0	6.631462E+0
100.0   	140     	6.087235E+0	9.626590E-4	-3.24E-1   	100.00    	9603.76 	24.6 	33.7 	6.083950E+0	9.999553E-7 	1.198693E+7	1.761628E+3	-1.625813E+0	2.956913E-4	6.648745E+0	6.628640E+0
100.0   	141     	6.089299E+0	4.667915E-4	-2.82E-2   	100.00    	9606.33 	24.6 	33.7 	6.085801E+0	3.027375E-7 	1.198340E+7	9.165151E+2	-1.626097E+0	1.361372E-4	6.650809E+0	6.630491E+0
100.0   	142     	6.085541E+0	1.313778E-3	-1.52E-1   	100.00    	9608.92 	24.6 	33.7 	6.082322E+0	1.193800E-6 	1.198993E+7	2.173323E+3	-1.625730E+0	3.011644E-4	6.647051E+0	6.627012E+0
100.0   	143     	6.088639E+0	1.253297E-3	-3.22E-1   	100.00    	9611.48 	24.6 	33.7 	6.084984E+0	1.606226E-6 	1.198473E+7	2.274496E+3	-1.626313E+0	5.131601E-5	6.650149E+0	6.629674E+0
100.0   	144     	6.275694E+0	1.459230E-3	-3.18E-1   	100.00    	9614.07 	24.6 	33.8 	6.273004E+0	2.210207E-6 	1.165553E+7	2.514624E+3	-1.624240E+0	7.211103E-5	6.837204E+0	6.817694E+0
100.0   	145     	6.279433E+0	2.195497E-4	-3.69E-1   	100.00    	9616.64 	24.6 	33.8 	6.276493E+0	4.005628E-8 	1.164937E+7	3.511885E+2	-1.624567E+0	1.123981E-4	6.840943E+0	6.821183E+0
100.0   	146     	6.088675E+0	1.349405E-3	-5.07E-1   	100.00    	9619.20 	24.6 	33.8 	6.084726E+0	1.556923E-6 	1.198493E+7	2.343786E+3	-1.626710E+0	1.417745E-4	6.650185E+0	6.629416E+0
100.0   	147     	6.091046E+0	6.165966E-4	-1.68E-1   	100.00    	9621.75 	24.6 	33.8 	6.087454E+0	3.006101E-7 	1.198033E+7	1.050397E+3	-1.626217E+0	9.073772E-5	6.652556E+0	6.632144E+0
100.0   	148     	6.359571E+0	3.163172E-4	-2.80E-1   	100.00    	9624.35 	24.6 	33.8 	6.357255E+0	7.685684E-8 	1.151377E+7	4.725816E+2	-1.623403E+0	2.450170E-4	6.921081E+0	6.901945E+0
100.0   	149     	6.088133E+0	1.239379E-3	-4.04E-1   	100.00    	9626.92 	24.6 	33.8 	6.084419E+0	1.346494E-6 	1.198570E+7	2.165641E+3	-1.626393E+0	1.069268E-4	6.649643E+0	6.629109E+0
100.0   	150     	6.086656E+0	1.252838E-3	-1.55E-1   	100.00    	9629.49 	24.6 	33.8 	6.083016E+0	1.568915E-6 	1.198830E+7	2.253886E+3	-1.626300E+0	2.905168E-4	6.648166E+0	6.627706E+0
100.0   	151     	6.088182E+0	4.969689E-4	-6.54E-2   	100.00    	9632.06 	24.6 	33.8 	6.084886E+0	2.035035E-7 	1.198523E+7	8.386497E+2	-1.625823E+0	2.640707E-4	6.649692E+0	6.629576E+0
100.0   	152     	6.087117E+0	1.394828E-3	-1.58E-1   	100.00    	9634.64 	24.6 	33.8 	6.083847E+0	2.018827E-6 	1.198713E+7	2.542309E+3	-1.625793E+0	4.163332E-5	6.648627E+0	6.628537E+0
100.0   	153     	6.086062E+0	1.186088E-3	-3.78E-1   	100.00    	9637.21 	24.6 	33.8 	6.082503E+0	1.734339E-6 	1.198930E+7	2.260531E+3	-1.626193E+0	1.850225E-4	6.647572E+0	6.627193E+0
100.0   	154     	6.087878E+0	1.774560E-3	-4.32E-1   	100.00    	9639.78 	24.6 	33.8 	6.084599E+0	3.051375E-6 	1.198577E+7	3.178574E+3	-1.625803E+0	7.767453E-5	6.649388E+0	6.629289E+0
100.0   	155     	6.085799E+0	1.166206E-3	-2.39E-1   	100.00    	9642.35 	24.6 	33.8 	6.082360E+0	1.108828E-6 	1.198967E+7	2.000833E+3	-1.626030E+0	2.325941E-4	6.647309E+0	6.627050E+0
100.0   	156     	6.083360E+0	1.976323E-3	-3.62E-2   	100.00    	9644.92 	24.6 	33.8 	6.079708E+0	3.603853E-6 	1.199427E+7	3.501904E+3	-1.626330E+0	1.216553E-4	6.644870E+0	6.624398E+0
100.0   	157     	6.075025E+0	7.022444E-3	-5.33E-1   	100.00    	9647.48 	24.6 	33.8 	6.068545E+0	8.501856E-5 	1.201193E+7	1.463637E+4	-1.630007E+0	3.751817E-3	6.636535E+0	6.613235E+0
100.0   	158     	6.087132E+0	1.631181E-3	-6.02E-1   	100.00    	9650.05 	24.6 	33.8 	6.083648E+0	3.055789E-6 	1.198730E+7	3.051229E+3	-1.626087E+0	1.767295E-4	6.648642E+0	6.628338E+0
100.0   	159     	6.087539E+0	1.700157E-3	-2.33E-1   	100.00    	9652.62 	24.6 	33.8 	6.083684E+0	3.305273E-6 	1.198690E+7	3.176476E+3	-1.626587E+0	1.761628E-4	6.649049E+0	6.628374E+0
100.0   	160     	6.274122E+0	2.190781E-3	-2.22E-1   	100.00    	9655.19 	24.6 	33.8 	6.271141E+0	4.404068E-6 	1.165847E+7	3.661056E+3	-1.624643E+0	2.059935E-4	6.835632E+0	6.815831E+0
100.0   	161     	6.278703E+0	1.817762E-3	1.30E-1    	100.00    	9657.78 	24.6 	33.8 	6.276089E+0	3.616566E-6 	1.165033E+7	3.172276E+3	-1.624123E+0	1.258306E-4	6.840213E+0	6.820779E+0
100.0   	162     	6.090120E+0	1.884631E-3	-4.75E-1   	100.00    	9660.37 	24.6 	33.8 	6.086643E+0	3.208556E-6 	1.198190E+7	3.315117E+3	-1.626063E+0	1.320353E-4	6.651630E+0	6.631333E+0
100.0   	163     	6.363517E+0	4.111750E-4	-3.45E-1   	100.00    	9662.94 	24.6 	33.8 	6.360878E+0	1.381809E-7 	1.150747E+7	6.506407E+2	-1.623830E+0	7.211103E-5	6.925027E+0	6.905568E+0
100.0   	164     	7.312234E-1	1.105314E-3	-1.96E-1   	100.00    	9665.49 	24.6 	33.8 	6.042933E-1	1.683958E-6 	6.529487E+7	5.448342E+4	-1.910770E+0	1.563458E-3	1.292733E+0	1.148983E+0
100.0   	165     	6.361421E+0	4.093966E-4	-4.63E-1   	100.00    	9668.07 	24.6 	33.8 	6.359008E+0	1.666755E-7 	1.151077E+7	6.806859E+2	-1.623530E+0	0.000000E+0	6.922931E+0	6.903698E+0
100.0   	166     	6.087250E+0	1.538266E-3	1.34E-1    	100.00    	9670.66 	24.6 	33.8 	6.083787E+0	1.965687E-6 	1.198707E+7	2.653928E+3	-1.626057E+0	1.965536E-4	6.648760E+0	6.628477E+0
100.0   	167     	6.086869E+0	1.543767E-3	-8.96E-2   	100.00    	9673.21 	24.6 	33.8 	6.083430E+0	2.221590E-6 	1.198773E+7	2.739221E+3	-1.626027E+0	1.096966E-4	6.648379E+0	6.628120E+0
100.0   	168     	6.087379E+0	2.544384E-3	-2.93E-1   	100.00    	9675.80 	24.6 	33.8 	6.083624E+0	6.968981E-6 	1.198710E+7	4.680812E+3	-1.626453E+0	1.686219E-4	6.648889E+0	6.628314E+0
100.0   	169     	6.085189E+0	1.066501E-4	8.65E-2    	100.00    	9678.38 	24.6 	33.8 	6.081825E+0	3.758586E-8 	1.199070E+7	2.645751E+2	-1.625930E+0	1.513275E-4	6.646699E+0	6.626515E+0
100.0   	170     	6.087625E+0	1.003760E-3	-4.81E-1   	100.00    	9680.95 	24.6 	33.8 	6.084261E+0	1.140793E-6 	1.198630E+7	1.868154E+3	-1.625920E+0	1.637071E-4	6.649135E+0	6.628951E+0
100.0   	171     	6.087339E+0	2.868177E-4	-7.83E-2   	100.00    	9683.50 	24.6 	33.8 	6.084141E+0	1.097458E-7 	1.198667E+7	5.507571E+2	-1.625693E+0	1.501111E-4	6.648849E+0	6.628831E+0
100.0   	172     	6.084000E+0	3.748641E-4	-1.76E-1   	100.00    	9686.09 	24.6 	33.8 	6.080468E+0	4.836825E-7 	1.199300E+7	9.643651E+2	-1.626163E+0	4.554485E-4	6.645510E+0	6.625158E+0
100.0   	173     	6.084708E+0	9.582882E-4	-2.68E-1   	100.00    	9688.68 	24.6 	33.8 	6.080905E+0	8.312592E-7 	1.199197E+7	1.686219E+3	-1.626530E+0	1.734935E-4	6.646218E+0	6.625595E+0
100.0   	174     	6.086709E+0	1.424740E-3	-3.42E-1   	100.00    	9691.25 	24.6 	33.8 	6.083553E+0	1.856730E-6 	1.198777E+7	2.516611E+3	-1.625640E+0	8.000000E-5	6.648219E+0	6.628243E+0
100.0   	175     	6.089634E+0	2.117284E-3	1.05E-1    	100.00    	9693.80 	24.6 	33.8 	6.086316E+0	4.588860E-6 	1.198263E+7	3.842308E+3	-1.625850E+0	4.358899E-5	6.651144E+0	6.631006E+0
100.0   	176     	6.275725E+0	5.685662E-4	-6.99E-2   	100.00    	9696.40 	24.6 	33.8 	6.273050E+0	5.217250E-7 	1.165547E+7	1.101514E+3	-1.624220E+0	2.193171E-4	6.837235E+0	6.817740E+0
100.0   	177     	6.281339E+0	1.391676E-3	-9.84E-2   	100.00    	9698.98 	24.6 	33.8 	6.278536E+0	1.569046E-6 	1.164600E+7	2.251666E+3	-1.624373E+0	2.285461E-4	6.842849E+0	6.823226E+0
100.0   	178     	6.091870E+0	9.523598E-4	-1.48E-1   	100.00    	9701.56 	24.6 	33.8 	6.088367E+0	8.727284E-7 	1.197877E+7	1.700980E+3	-1.626093E+0	2.081666E-5	6.653380E+0	6.633057E+0
100.0   	179     	6.096316E+0	1.841985E-3	-1.59E-1   	100.00    	9704.11 	24.6 	33.8 	6.093060E+0	4.164133E-6 	1.197053E+7	3.496188E+3	-1.625737E+0	2.867635E-4	6.657826E+0	6.637750E+0
100.0   	180     	6.362399E+0	1.040605E-3	-1.98E-1   	100.00    	9706.70 	24.6 	33.8 	6.360552E+0	1.006981E-6 	1.150867E+7	1.700980E+3	-1.622743E+0	6.506407E-5	6.923909E+0	6.905242E+0
100.0   	181     	6.093467E+0	2.639452E-4	-3.71E-1   	100.00    	9709.28 	24.6 	33.8 	6.090172E+0	1.968699E-7 	1.197570E+7	6.244998E+2	-1.625800E+0	3.157531E-4	6.654977E+0	6.634862E+0
100.0   	182     	6.087659E+0	2.220093E-3	-3.17E-1   	100.00    	9711.87 	24.6 	33.8 	6.084192E+0	5.189976E-6 	1.198633E+7	4.061199E+3	-1.626060E+0	1.153256E-4	6.649169E+0	6.628882E+0
100.0   	183     	6.088197E+0	8.231232E-4	-2.88E-1   	100.00    	9714.48 	24.6 	33.8 	6.085019E+0	1.013675E-6 	1.198510E+7	1.646208E+3	-1.625663E+0	3.271595E-4	6.649707E+0	6.629709E+0
100.0   	184     	6.087475E+0	4.696038E-4	-4.64E-1   	100.00    	9717.08 	24.6 	33.8 	6.083821E+0	7.285298E-8 	1.198683E+7	6.658328E+2	-1.626317E+0	2.779089E-4	6.648985E+0	6.628511E+0
100.0   	185     	6.083914E+0	7.405725E-4	-8.46E-2   	100.00    	9719.63 	24.6 	33.8 	6.080775E+0	6.858203E-7 	1.199280E+7	1.417745E+3	-1.625627E+0	1.258306E-4	6.645424E+0	6.625465E+0
100.0   	186     	6.088852E+0	7.667593E-4	-3.28E-1   	100.00    	9722.21 	24.6 	33.8 	6.085657E+0	6.491432E-7 	1.198393E+7	1.418920E+3	-1.625683E+0	5.686241E-5	6.650362E+0	6.630347E+0
100.0   	187     	6.088378E+0	1.280472E-3	-3.21E-1   	100.00    	9724.81 	24.6 	33.8 	6.085207E+0	1.710771E-6 	1.198477E+7	2.335237E+3	-1.625653E+0	1.101514E-4	6.649888E+0	6.629897E+0
100.0   	188     	6.087291E+0	1.185324E-3	-9.34E-2   	100.00    	9727.37 	24.6 	33.8 	6.083857E+0	1.569864E-6 	1.198697E+7	2.200757E+3	-1.626017E+0	1.266228E-4	6.648801E+0	6.628547E+0
100.0   	189     	6.089345E+0	1.106753E-3	-1.39E-2   	100.00    	9729.92 	24.6 	33.8 	6.086087E+0	1.282547E-6 	1.198310E+7	2.007486E+3	-1.625767E+0	3.477547E-4	6.650855E+0	6.630777E+0
100.0   	190     	6.089016E+0	1.618117E-3	-7.42E-2   	100.00    	9732.50 	24.6 	33.8 	6.085788E+0	1.697930E-6 	1.198367E+7	2.631223E+3	-1.625727E+0	4.852147E-4	6.650526E+0	6.630478E+0
100.0   	191     	6.085261E+0	1.861943E-3	-3.44E-1   	100.00    	9735.08 	24.6 	33.8 	6.081643E+0	3.946612E-6 	1.199080E+7	3.477068E+3	-1.626277E+0	1.803700E-4	6.646771E+0	6.626333E+0
100.0   	192     	6.273768E+0	8.230357E-4	-3.12E-1   	100.00    	9737.63 	24.6 	33.8 	6.270908E+0	9.106519E-7 	1.165897E+7	1.517674E+3	-1.624480E+0	1.931321E-4	6.835278E+0	6.815598E+0
100.0   	193     	6.282044E+0	1.103083E-3	-8.26E-2   	100.00    	9740.22 	24.6 	33.8 	6.279513E+0	1.616129E-6 	1.164457E+7	2.023199E+3	-1.623997E+0	2.375570E-4	6.843554E+0	6.824203E+0
100.0   	194     	6.091988E+0	1.475112E-3	-2.62E-1   	100.00    	9742.80 	24.6 	33.8 	6.088730E+0	2.386484E-6 	1.197833E+7	2.722744E+3	-1.625757E+0	1.106044E-4	6.653498E+0	6.633420E+0
100.0   	195     	6.092874E+0	1.581593E-3	-1.01E-1   	100.00    	9745.36 	24.6 	33.8 	6.089508E+0	2.428029E-6 	1.197683E+7	2.829016E+3	-1.625900E+0	9.000000E-5	6.654384E+0	6.634198E+0
100.0   	196     	6.091277E+0	3.028365E-3	-2.05E-1   	100.00    	9747.93 	24.6 	33.8 	6.087963E+0	8.725382E-6 	1.197967E+7	5.392897E+3	-1.625837E+0	8.962886E-5	6.652787E+0	6.632653E+0
100.0   	197     	6.089680E+0	8.270296E-4	-2.66E-1   	100.00    	9750.50 	24.6 	33.8 	6.086232E+0	6.695362E-7 	1.198267E+7	1.484363E+3	-1.626027E+0	1.154701E-5	6.651190E+0	6.630922E+0
100.0   	198     	6.092005E+0	7.034529E-4	-2.30E-1   	100.00    	9753.09 	24.6 	33.8 	6.088861E+0	8.295251E-7 	1.197820E+7	1.452584E+3	-1.625600E+0	3.204684E-4	6.653515E+0	6.633551E+0
100.0   	199     	6.091419E+0	1.977394E-4	-4.39E-1   	100.00    	9755.66 	24.6 	33.8 	6.088078E+0	3.189460E-8 	1.197943E+7	3.055050E+2	-1.625873E+0	2.247962E-4	6.652929E+0	6.632768E+0
100.0   	200     	6.086065E+0	5.562710E-4	-2.11E-2   	100.00    	9758.21 	24.6 	33.8 	6.083162E+0	3.615768E-7 	1.198870E+7	1.044031E+3	-1.625293E+0	1.040833E-4	6.647575E+0	6.627852E+0
100.0   	201     	6.087640E+0	1.157600E-3	-6.55E-2   	100.00    	9760.80 	24.6 	33.8 	6.084541E+0	1.088076E-6 	1.198603E+7	1.985783E+3	-1.625557E+0	1.721434E-4	6.649150E+0	6.629231E+0
100.0   	202     	6.090567E+0	1.020966E-3	2.07E-2    	100.00    	9763.37 	24.6 	33.8 	6.087525E+0	1.023283E-6 	1.198070E+7	1.833030E+3	-1.625467E+0	3.511885E-5	6.652077E+0	6.632215E+0
100.0   	203     	6.089553E+0	1.045560E-3	-4.82E-1   	100.00    	9765.95 	24.6 	33.8 	6.086359E+0	8.573954E-7 	1.198267E+7	1.778576E+3	-1.625680E+0	1.609348E-4	6.651063E+0	6.631049E+0
100.0   	204     	6.086824E+0	2.016343E-3	1.46E-1    	100.00    	9768.49 	24.6 	33.8 	6.083550E+0	4.476480E-6 	1.198767E+7	3.728717E+3	-1.625800E+0	2.400000E-4	6.648334E+0	6.628240E+0
100.0   	205     	6.086120E+0	1.356423E-3	-3.36E-1   	100.00    	9771.08 	24.6 	33.8 	6.082814E+0	2.156013E-6 	1.198897E+7	2.550163E+3	-1.625847E+0	1.939931E-4	6.647630E+0	6.627504E+0
100.0   	206     	6.089769E+0	9.589421E-4	-2.24E-1   	100.00    	9773.66 	24.6 	33.8 	6.086513E+0	7.008179E-7 	1.198233E+7	1.619671E+3	-1.625763E+0	1.755942E-4	6.651279E+0	6.631203E+0
100.0   	207     	6.091491E+0	1.815850E-3	-4.70E-1   	100.00    	9776.23 	24.6 	33.8 	6.088118E+0	2.629717E-6 	1.197933E+7	3.098925E+3	-1.625917E+0	2.773686E-4	6.653001E+0	6.632808E+0
100.0   	208     	6.276876E+0	6.621805E-4	-2.07E-1   	100.00    	9778.81 	24.6 	33.8 	6.274555E+0	4.339183E-7 	1.165320E+7	1.126943E+3	-1.623727E+0	1.527525E-5	6.838386E+0	6.819245E+0
100.0   	209     	6.282916E+0	1.999794E-3	-1.99E-2   	100.00    	9781.37 	24.6 	33.8 	6.280793E+0	4.508582E-6 	1.164273E+7	3.511885E+3	-1.623430E+0	1.852026E-4	6.844426E+0	6.825483E+0
100.0   	210     	6.091653E+0	1.690442E-3	-2.47E-1   	100.00    	9783.92 	24.6 	33.8 	6.088474E+0	2.693727E-6 	1.197887E+7	3.002221E+3	-1.625650E+0	1.389244E-4	6.653163E+0	6.633164E+0
100.0   	211     	6.093182E+0	1.178649E-3	-2.06E-1   	100.00    	9786.50 	24.6 	33.8 	6.089865E+0	1.477443E-6 	1.197623E+7	2.157159E+3	-1.625833E+0	1.001665E-4	6.654692E+0	6.634555E+0
100.0   	212     	6.093271E+0	1.320570E-3	-1.04E-1   	100.00    	9789.08 	24.6 	33.8 	6.090331E+0	1.936947E-6 	1.197573E+7	2.444040E+3	-1.625313E+0	1.209683E-4	6.654781E+0	6.635021E+0
100.0   	213     	6.094821E+0	1.854564E-4	-2.16E-1   	100.00    	9791.66 	24.6 	33.8 	6.091703E+0	4.063543E-8 	1.197310E+7	3.464102E+2	-1.625553E+0	6.429101E-5	6.656331E+0	6.636393E+0
100.0   	214     	6.091627E+0	2.067557E-3	1.37E-2    	100.00    	9794.20 	24.6 	33.8 	6.088278E+0	4.148195E-6 	1.197907E+7	3.696395E+3	-1.625883E+0	2.433790E-4	6.653137E+0	6.632968E+0
100.0   	215     	6.092051E+0	1.380430E-3	-4.21E-1   	100.00    	9796.78 	24.6 	33.8 	6.088593E+0	1.726884E-6 	1.197840E+7	2.426932E+3	-1.626030E+0	1.705872E-4	6.653561E+0	6.633283E+0
100.0   	216     	6.093401E+0	1.279536E-3	-2.03E-1   	100.00    	9799.36 	24.6 	33.8 	6.090386E+0	1.352450E-6 	1.197557E+7	2.200757E+3	-1.625417E+0	1.563117E-4	6.654911E+0	6.635076E+0
100.0   	217     	6.092683E+0	2.863948E-4	1.14E-1    	100.00    	9801.94 	24.6 	33.8 	6.089624E+0	5.503768E-8 	1.197690E+7	4.582576E+2	-1.625480E+0	1.708801E-4	6.654193E+0	6.634314E+0
100.0   	218     	6.092302E+0	9.321253E-4	-6.17E-1   	100.00    	9804.51 	24.6 	33.8 	6.089155E+0	7.075783E-7 	1.197767E+7	1.594783E+3	-1.625603E+0	2.013289E-4	6.653812E+0	6.633845E+0
100.0   	219     	6.090188E+0	3.138282E-4	1.50E-1    	100.00    	9807.09 	24.6 	33.8 	6.086833E+0	2.403988E-7 	1.198167E+7	7.234178E+2	-1.625897E+0	2.569695E-4	6.651698E+0	6.631523E+0
100.0   	220     	6.091715E+0	9.569095E-4	-3.17E-1   	100.00    	9809.64 	24.6 	33.8 	6.088669E+0	1.199973E-6 	1.197863E+7	1.850225E+3	-1.625467E+0	1.973153E-4	6.653225E+0	6.633359E+0
100.0   	221     	6.090048E+0	1.214516E-3	-2.35E-1   	100.00    	9812.23 	24.6 	33.8 	6.087046E+0	1.283209E-6 	1.198160E+7	2.116601E+3	-1.625413E+0	1.379613E-4	6.651558E+0	6.631736E+0
100.0   	222     	6.089357E+0	2.051725E-3	3.96E-2    	100.00    	9814.82 	24.6 	33.8 	6.086482E+0	4.734650E-6 	1.198273E+7	3.813572E+3	-1.625240E+0	1.907878E-4	6.650867E+0	6.631172E+0
100.0   	223     	6.089670E+0	1.458001E-3	-2.28E-1   	100.00    	9817.39 	24.6 	33.8 	6.086502E+0	1.909020E-6 	1.198243E+7	2.557994E+3	-1.625643E+0	2.230097E-4	6.651180E+0	6.631192E+0
100.0   	224     	6.277785E+0	1.136229E-3	-1.24E-1   	100.00    	9819.95 	24.6 	33.8 	6.275131E+0	1.306076E-6 	1.165193E+7	1.939931E+3	-1.624183E+0	2.020726E-4	6.839295E+0	6.819821E+0
100.0   	225     	6.283791E+0	6.982120E-4	-3.08E-1   	100.00    	9822.54 	24.6 	33.8 	6.281405E+0	4.931024E-7 	1.164147E+7	1.184624E+3	-1.623790E+0	2.206808E-4	6.845301E+0	6.826095E+0
100.0   	226     	6.098070E+0	1.743001E-3	-4.01E-1   	100.00    	9825.11 	24.6 	33.8 	6.094823E+0	2.978809E-6 	1.196737E+7	3.118226E+3	-1.625717E+0	2.318045E-4	6.659580E+0	6.639513E+0
100.0   	227     	6.095209E+0	1.016984E-3	-3.23E-1   	100.00    	9827.70 	24.6 	33.8 	6.091983E+0	8.293314E-7 	1.197250E+7	1.734935E+3	-1.625700E+0	1.705872E-4	6.656719E+0	6.636673E+0
100.0   	228     	6.096149E+0	1.140127E-3	-1.95E-1   	100.00    	9830.26 	24.6 	33.8 	6.093447E+0	1.031654E-6 	1.197033E+7	1.939931E+3	-1.624973E+0	1.850225E-4	6.657659E+0	6.638137E+0
100.0   	229     	6.095256E+0	2.659870E-3	-3.08E-1   	100.00    	9832.84 	24.6 	33.8 	6.092122E+0	6.315349E-6 	1.197233E+7	4.657610E+3	-1.625573E+0	1.908752E-4	6.656766E+0	6.636812E+0
100.0   	230     	6.094517E+0	1.986423E-3	-2.23E-1   	100.00    	9835.41 	24.6 	33.8 	6.091528E+0	3.582062E-6 	1.197353E+7	3.493327E+3	-1.625377E+0	1.778576E-4	6.656027E+0	6.636218E+0
100.0   	231     	6.095368E+0	1.137206E-3	3.28E-2    	100.00    	9838.01 	24.6 	33.8 	6.092341E+0	1.495419E-6 	1.197203E+7	2.122106E+3	-1.625427E+0	2.247962E-4	6.656878E+0	6.637031E+0
100.0   	232     	6.096067E+0	1.754592E-3	-2.68E-1   	100.00    	9840.54 	24.6 	33.8 	6.093197E+0	3.532170E-6 	1.197063E+7	3.271595E+3	-1.625207E+0	1.800926E-4	6.657577E+0	6.637887E+0
100.0   	233     	6.095106E+0	1.151765E-3	-4.82E-1   	100.00    	9843.11 	24.6 	33.8 	6.092122E+0	1.085068E-6 	1.197247E+7	1.973153E+3	-1.625367E+0	2.003331E-4	6.656616E+0	6.636812E+0
100.0   	234     	6.094880E+0	1.495585E-3	-4.22E-2   	100.00    	9845.69 	24.6 	33.8 	6.091793E+0	1.996013E-6 	1.197297E+7	2.615977E+3	-1.625510E+0	2.306513E-4	6.656390E+0	6.636483E+0
100.0   	235     	6.092841E+0	1.190303E-3	-3.75E-1   	100.00    	9848.27 	24.6 	33.8 	6.089726E+0	1.089990E-6 	1.197667E+7	2.010804E+3	-1.625557E+0	2.548202E-4	6.654351E+0	6.634416E+0
100.0   	236     	6.092810E+0	4.548225E-4	-3.97E-1   	100.00    	9850.86 	24.6 	33.8 	6.089535E+0	3.263523E-7 	1.197687E+7	9.237604E+2	-1.625777E+0	1.761628E-4	6.654320E+0	6.634225E+0
100.0   	237     	6.091821E+0	1.105008E-3	-1.72E-1   	100.00    	9853.44 	24.6 	33.8 	6.088600E+0	8.619133E-7 	1.197860E+7	1.833030E+3	-1.625707E+0	2.386071E-4	6.653331E+0	6.633290E+0
100.0   	238     	6.091704E+0	9.498778E-4	-2.82E-1   	100.00    	9855.99 	24.6 	33.8 	6.088164E+0	1.211856E-6 	1.197910E+7	1.835756E+3	-1.626143E+0	3.931073E-4	6.653214E+0	6.632854E+0
100.0   	239     	6.095512E+0	1.139230E-3	-9.12E-2   	100.00    	9858.56 	24.6 	33.8 	6.092345E+0	1.204495E-6 	1.197190E+7	2.007486E+3	-1.625617E+0	2.589080E-4	6.657022E+0	6.637035E+0
100.0   	240     	6.280362E+0	1.700387E-3	-2.16E-1   	100.00    	9861.15 	24.6 	33.8 	6.277870E+0	2.776240E-6 	1.164740E+7	2.868798E+3	-1.623950E+0	1.400000E-4	6.841872E+0	6.822560E+0
100.0   	241     	6.476602E+0	3.871443E-4	-3.27E-1   	100.00    	9863.75 	24.6 	33.8 	6.475095E+0	2.398823E-7 	1.132140E+7	7.000000E+2	-1.621847E+0	2.182506E-4	7.038112E+0	7.019785E+0
100.0   	242     	6.292808E+0	8.224814E-4	-3.87E-1   	100.00    	9866.28 	24.6 	33.8 	6.290380E+0	6.937295E-7 	1.162617E+7	1.404754E+3	-1.623813E+0	9.291573E-5	6.854318E+0	6.835070E+0
100.0   	243     	6.281855E+0	1.377033E-3	-3.88E-1   	100.00    	9868.86 	24.6 	33.8 	6.279545E+0	2.177665E-6 	1.164470E+7	2.426932E+3	-1.623693E+0	2.542309E-4	6.843365E+0	6.824235E+0
100.0   	244     	6.280285E+0	1.801968E-3	1.44E-1    	100.00    	9871.43 	24.6 	33.8 	6.277947E+0	3.464056E-6 	1.164740E+7	3.117691E+3	-1.623737E+0	3.082748E-4	6.841795E+0	6.822637E+0
100.0   	245     	6.282196E+0	4.730416E-4	-3.47E-1   	100.00    	9874.01 	24.6 	33.8 	6.279713E+0	2.760922E-7 	1.164427E+7	8.504901E+2	-1.623930E+0	7.937254E-5	6.843706E+0	6.824403E+0
100.0   	246     	6.281422E+0	6.402853E-4	-9.59E-2   	100.00    	9876.58 	24.6 	33.8 	6.279235E+0	5.184961E-7 	1.164533E+7	1.159023E+3	-1.623523E+0	1.171893E-4	6.842932E+0	6.823925E+0
100.0   	247     	6.287698E+0	2.668233E-3	3.62E-2    	100.00    	9879.13 	24.6 	33.8 	6.285724E+0	7.098442E-6 	1.163447E+7	4.535784E+3	-1.623203E+0	9.291573E-5	6.849208E+0	6.830414E+0
100.0   	248     	6.286683E+0	1.539746E-3	-8.94E-2   	100.00    	9881.72 	24.6 	33.8 	6.284505E+0	2.067317E-6 	1.163637E+7	2.532456E+3	-1.623490E+0	1.539480E-4	6.848193E+0	6.829195E+0
100.0   	249     	6.279491E+0	1.424417E-3	-4.32E-1   	100.00    	9884.30 	24.6 	33.8 	6.277216E+0	2.469329E-6 	1.164870E+7	2.553429E+3	-1.623653E+0	2.315887E-4	6.841001E+0	6.821906E+0
100.0   	250     	6.288078E+0	3.850437E-4	1.72E-1    	100.00    	9886.85 	24.6 	33.8 	6.285931E+0	9.343758E-8 	1.163397E+7	5.859465E+2	-1.623443E+0	1.266228E-4	6.849588E+0	6.830621E+0
100.0   	251     	6.287534E+0	9.843664E-4	-4.71E-1   	100.00    	9889.44 	24.6 	33.8 	6.285378E+0	8.078447E-7 	1.163490E+7	1.600000E+3	-1.623457E+0	1.650253E-4	6.849044E+0	6.830068E+0
100.0   	252     	6.281493E+0	1.631092E-3	-2.26E-1   	100.00    	9892.01 	24.6 	33.8 	6.279046E+0	2.423945E-6 	1.164543E+7	2.715388E+3	-1.623883E+0	1.361372E-4	6.843003E+0	6.823736E+0
100.0   	253     	6.277216E+0	6.989450E-4	7.64E-2    	100.00    	9894.56 	24.6 	33.8 	6.274879E+0	3.766191E-7 	1.165263E+7	1.115049E+3	-1.623747E+0	2.030599E-4	6.838726E+0	6.819569E+0
100.0   	254     	6.279546E+0	9.624051E-4	-3.08E-1   	100.00    	9897.15 	24.6 	33.8 	6.277434E+0	9.862573E-7 	1.164847E+7	1.665333E+3	-1.623427E+0	1.331666E-4	6.841056E+0	6.822124E+0
100.0   	255     	6.289261E+0	1.854073E-4	-2.49E-1   	100.00    	9899.73 	24.6 	33.8 	6.287022E+0	5.759975E-8 	1.163203E+7	3.511885E+2	-1.623567E+0	1.604161E-4	6.850771E+0	6.831712E+0
100.0   	256     	6.477081E+0	1.026935E-3	-1.73E-3   	100.00    	9902.33 	24.6 	33.8 	6.475610E+0	8.560992E-7 	1.132060E+7	1.571623E+3	-1.621797E+0	1.418920E-4	7.038591E+0	7.020300E+0
100.0   	257     	5.695889E+0	1.394790E-3	-3.16E-1   	100.00    	9904.86 	24.6 	33.8 	5.690503E+0	1.921214E-6 	1.273997E+7	2.836077E+3	-1.630403E+0	4.163332E-5	6.257399E+0	6.235193E+0
100.0   	258     	8.146423E+0	9.676988E-4	-5.93E-2   	100.00    	9907.43 	24.6 	33.8 	8.148751E+0	1.005514E-6 	9.146117E+6	1.033941E+3	-1.611603E+0	1.700980E-4	8.707933E+0	8.693441E+0
100.0   	259     	1.129743E+1	2.047291E-3	-4.31E-1   	100.00    	9910.00 	24.6 	33.8 	1.130524E+1	4.472791E-6 	6.712887E+6	1.178573E+3	-1.598370E+0	1.058301E-4	1.185894E+1	1.184993E+1
100.0   	260     	2.373108E+1	7.333240E-4	4.10E-2    	100.00    	9912.58 	24.6 	33.8 	2.374714E+1	5.327622E-7 	3.275843E+6	9.865766E+1	-1.576387E+0	1.527525E-5	2.429259E+1	2.429183E+1
100.0   	261     	2.823710E+1	2.015073E-3	1.65E-1    	100.00    	9915.13 	24.6 	33.8 	2.825385E+1	4.072045E-6 	2.763243E+6	1.934770E+2	-1.572260E+0	4.000000E-5	2.879861E+1	2.879854E+1
100.0   	262     	3.433213E+1	6.921526E-4	1.05E-1    	100.00    	9917.71 	24.6 	33.8 	3.434861E+1	4.729269E-7 	2.280583E+6	4.509250E+1	-1.567657E+0	2.081666E-5	3.489364E+1	3.489330E+1
100.0   	263     	5.030893E+1	3.585502E-4	-2.06E-1   	100.00    	9920.29 	24.6 	33.8 	5.031729E+1	1.541168E-7 	1.564447E+6	1.154701E+1	-1.557900E+0	3.000000E-5	5.087044E+1	5.086198E+1
100.0   	264     	1.102159E+2	2.921106E-3	-2.07E-1   	100.00    	9922.86 	24.6 	33.8 	1.100497E+2	8.726167E-6 	7.189490E+5	1.907878E+1	-1.530140E+0	1.000000E-5	1.107774E+2	1.105944E+2
120.0   	1       	6.459234E+0	9.091748E-4	1.12E+3    	120.00    	9957.89 	24.6 	33.8 	6.457576E+0	7.886457E-7 	1.134957E+7	1.450287E+3	-1.622120E+0	1.928730E-4	7.020744E+0	7.002266E+0
120.0   	2       	6.571672E+0	3.692971E-4	6.53E-1    	120.00    	9960.47 	24.6 	33.8 	6.569973E+0	8.721700E-8 	1.117047E+7	5.131601E+2	-1.621770E+0	1.873499E-4	7.133182E+0	7.114663E+0
120.0   	3       	7.390637E-1	7.417736E-4	1.29E-1    	120.00    	9963.45 	24.6 	33.8 	6.062459E-1	1.016613E-6 	6.504250E+7	4.388975E+4	-1.916860E+0	8.354041E-4	1.300574E+0	1.150936E+0
120.0   	4       	6.554555E+0	2.132261E-3	-6.72E-2   	120.00    	9966.06 	24.6 	33.8 	6.553116E+0	4.740182E-6 	1.119717E+7	3.394604E+3	-1.621473E+0	7.023769E-5	7.116065E+0	7.097806E+0
120.0   	5       	6.314919E+0	1.935698E-3	3.67E-2    	120.00    	9968.60 	24.6 	33.8 	6.312409E+0	4.291259E-6 	1.158880E+7	3.377869E+3	-1.623840E+0	3.064311E-4	6.876429E+0	6.857099E+0
120.0   	6       	6.281566E+0	1.669759E-3	-7.98E-2   	120.00    	9971.18 	24.6 	33.8 	6.278779E+0	2.311889E-6 	1.164560E+7	2.718455E+3	-1.624350E+0	2.007486E-4	6.843076E+0	6.823469E+0
120.0   	7       	6.265071E+0	4.480933E-4	1.52E-2    	120.00    	9973.75 	24.6 	33.8 	6.262454E+0	6.624270E-8 	1.167363E+7	5.859465E+2	-1.624180E+0	3.500000E-4	6.826581E+0	6.807144E+0
120.0   	8       	6.262593E+0	1.043375E-3	-3.24E-1   	120.00    	9976.34 	24.6 	33.8 	6.260766E+0	1.018373E-6 	1.167720E+7	1.757840E+3	-1.623093E+0	8.144528E-5	6.824103E+0	6.805456E+0
120.0   	9       	6.257625E+0	1.724555E-3	1.68E-2    	120.00    	9978.90 	24.6 	33.8 	6.255666E+0	2.753900E-6 	1.168583E+7	2.900575E+3	-1.623297E+0	2.281082E-4	6.819135E+0	6.800356E+0
120.0   	10      	6.257870E+0	6.178008E-4	2.68E-1    	120.00    	9981.45 	24.6 	33.8 	6.255383E+0	3.086779E-7 	1.168587E+7	1.006645E+3	-1.624030E+0	8.544004E-5	6.819380E+0	6.800073E+0
120.0   	11      	6.256605E+0	2.305727E-3	-2.68E-1   	120.00    	9984.03 	24.6 	33.8 	6.253736E+0	5.385263E-6 	1.168837E+7	3.971566E+3	-1.624560E+0	5.567764E-5	6.818115E+0	6.798426E+0
120.0   	12      	6.290238E+0	1.424287E-3	-5.12E-2   	120.00    	9986.61 	24.6 	33.8 	6.287262E+0	1.904472E-6 	1.163100E+7	2.381176E+3	-1.624573E+0	1.715615E-4	6.851748E+0	6.831952E+0
120.0   	13      	6.259673E+0	1.454940E-3	-1.55E-1   	120.00    	9989.18 	24.6 	33.8 	6.257038E+0	2.153084E-6 	1.168290E+7	2.505993E+3	-1.624227E+0	4.041452E-5	6.821183E+0	6.801728E+0
120.0   	14      	6.526975E+0	1.357002E-3	-2.32E-1   	120.00    	9991.74 	24.6 	33.8 	6.525354E+0	2.443254E-6 	1.124093E+7	2.318045E+3	-1.621823E+0	3.055050E-4	7.088485E+0	7.070044E+0
120.0   	15      	9.428605E-1	1.422665E-3	1.08E-1    	120.00    	9994.32 	24.6 	33.8 	9.122803E-1	1.685068E-6 	5.375113E+7	4.894694E+4	-1.749247E+0	6.833984E-4	1.504370E+0	1.456970E+0
120.0   	16      	6.723134E+0	8.343857E-4	-2.72E-1   	120.00    	9996.91 	24.6 	33.8 	6.721587E+0	8.355675E-7 	1.093780E+7	1.311488E+3	-1.621030E+0	1.951922E-4	7.284644E+0	7.266277E+0
120.0   	17      	6.277651E+0	1.249747E-3	-2.68E-1   	120.00    	9999.51 	24.6 	33.8 	6.274913E+0	1.091449E-6 	1.165223E+7	1.955335E+3	-1.624297E+0	3.059956E-4	6.839161E+0	6.819603E+0
120.0   	18      	6.091639E+0	1.942540E-4	1.47E-1    	120.00    	10002.07	24.6 	33.8 	6.087859E+0	7.102896E-8 	1.197943E+7	4.041452E+2	-1.626470E+0	1.752142E-4	6.653149E+0	6.632549E+0
120.0   	19      	6.370069E+0	1.623719E-3	1.58E-1    	120.00    	10004.63	24.6 	33.8 	6.368641E+0	3.067608E-6 	1.149557E+7	2.802380E+3	-1.622127E+0	2.059935E-4	6.931579E+0	6.913331E+0
120.0   	20      	6.084113E+0	6.529353E-4	1.62E-1    	120.00    	10007.23	24.6 	33.8 	6.080540E+0	3.851567E-7 	1.199283E+7	1.150362E+3	-1.626220E+0	6.557439E-5	6.645623E+0	6.625230E+0
120.0   	21      	6.075627E+0	1.319771E-3	-1.43E-1   	120.00    	10009.78	24.6 	33.8 	6.071493E+0	1.633367E-6 	1.200870E+7	2.351595E+3	-1.627013E+0	1.594783E-4	6.637137E+0	6.616183E+0
120.0   	22      	6.079123E+0	1.407104E-3	-2.50E-1   	120.00    	10012.39	24.6 	33.8 	6.075506E+0	2.559912E-6 	1.200190E+7	2.722132E+3	-1.626300E+0	2.690725E-4	6.640633E+0	6.620196E+0
120.0   	23      	6.078814E+0	8.212568E-4	8.07E-3    	120.00    	10014.92	24.6 	33.8 	6.075409E+0	8.073301E-7 	1.200227E+7	1.556706E+3	-1.626013E+0	1.101514E-4	6.640324E+0	6.620099E+0
120.0   	24      	6.076436E+0	1.876366E-3	-1.99E-1   	120.00    	10017.54	24.6 	33.8 	6.073443E+0	3.042374E-6 	1.200620E+7	3.278719E+3	-1.625457E+0	1.965536E-4	6.637946E+0	6.618133E+0
120.0   	25      	6.068666E+0	5.420175E-4	-1.20E-1   	120.00    	10020.07	24.6 	33.8 	6.065296E+0	3.820214E-7 	1.202063E+7	1.050397E+3	-1.626007E+0	1.594783E-4	6.630176E+0	6.609986E+0
120.0   	26      	6.118376E+0	4.029593E-4	-1.52E-1   	120.00    	10022.65	24.6 	33.8 	6.115314E+0	1.650634E-7 	1.193077E+7	7.234178E+2	-1.625380E+0	3.605551E-5	6.679886E+0	6.660004E+0
120.0   	27      	6.067358E+0	1.270674E-3	-2.68E-1   	120.00    	10025.22	24.6 	33.8 	6.063668E+0	1.485927E-6 	1.202330E+7	2.260531E+3	-1.626450E+0	1.153256E-4	6.628868E+0	6.608358E+0
120.0   	28      	6.069744E+0	1.483591E-3	-3.44E-1   	120.00    	10027.84	24.6 	33.8 	6.065871E+0	2.446490E-6 	1.201913E+7	2.757414E+3	-1.626687E+0	3.523256E-4	6.631254E+0	6.610561E+0
120.0   	29      	6.071272E+0	8.696721E-4	-4.00E-1   	120.00    	10030.37	24.6 	33.8 	6.067721E+0	8.440665E-7 	1.201607E+7	1.616581E+3	-1.626243E+0	2.203028E-4	6.632782E+0	6.612411E+0
120.0   	30      	6.072824E+0	7.777939E-4	-1.23E-1   	120.00    	10032.98	24.6 	33.8 	6.069514E+0	5.246401E-7 	1.201303E+7	1.361372E+3	-1.625907E+0	9.018500E-5	6.634334E+0	6.614204E+0
120.0   	31      	6.352367E+0	1.803718E-3	1.84E-1    	120.00    	10035.54	24.6 	33.8 	6.349231E+0	3.395998E-6 	1.152647E+7	3.043572E+3	-1.624547E+0	7.505553E-5	6.913877E+0	6.893921E+0
120.0   	32      	6.267117E+0	7.383781E-4	-2.77E-1   	120.00    	10038.07	24.6 	33.8 	6.264458E+0	4.315678E-7 	1.167017E+7	1.193035E+3	-1.624230E+0	1.322876E-4	6.828627E+0	6.809148E+0
120.0   	33      	6.266176E+0	1.512482E-3	8.40E-2    	120.00    	10040.65	24.6 	33.8 	6.263413E+0	1.914150E-6 	1.167187E+7	2.478575E+3	-1.624377E+0	1.721434E-4	6.827686E+0	6.808103E+0
120.0   	34      	6.081399E+0	3.744907E-4	-4.06E-1   	120.00    	10043.23	24.6 	33.8 	6.077871E+0	1.903311E-8 	1.199770E+7	4.582576E+2	-1.626170E+0	3.360060E-4	6.642909E+0	6.622561E+0
120.0   	35      	6.075736E+0	1.260305E-3	-7.12E-2   	120.00    	10045.80	24.6 	33.8 	6.072707E+0	1.614738E-6 	1.200750E+7	2.291288E+3	-1.625510E+0	1.374773E-4	6.637246E+0	6.617397E+0
120.0   	36      	6.080050E+0	6.496154E-4	3.14E-2    	120.00    	10048.38	24.6 	33.8 	6.076383E+0	2.124683E-7 	1.200027E+7	1.001665E+3	-1.626363E+0	2.779089E-4	6.641560E+0	6.621073E+0
120.0   	37      	6.077606E+0	2.036809E-3	-2.54E-1   	120.00    	10050.97	24.6 	33.8 	6.073930E+0	4.091328E-6 	1.200470E+7	3.675595E+3	-1.626387E+0	1.154701E-5	6.639116E+0	6.618620E+0
120.0   	38      	6.072749E+0	2.625158E-3	-1.79E-1   	120.00    	10053.53	24.6 	33.8 	6.069003E+0	6.544643E-6 	1.201357E+7	4.700355E+3	-1.626503E+0	8.504901E-5	6.634259E+0	6.613693E+0
120.0   	39      	6.078080E+0	2.428543E-3	-1.11E-1   	120.00    	10056.10	24.6 	33.8 	6.074597E+0	5.397270E-6 	1.200367E+7	4.301550E+3	-1.626123E+0	1.436431E-4	6.639590E+0	6.619287E+0
120.0   	40      	6.076321E+0	1.858539E-3	-2.58E-1   	120.00    	10058.67	24.6 	33.8 	6.073043E+0	3.990422E-6 	1.200667E+7	3.493327E+3	-1.625850E+0	2.095233E-4	6.637831E+0	6.617733E+0
120.0   	41      	6.069010E+0	8.070883E-4	-3.09E-1   	120.00    	10061.27	24.6 	33.8 	6.065722E+0	7.728671E-7 	1.201993E+7	1.530795E+3	-1.625893E+0	1.069268E-4	6.630520E+0	6.610412E+0
120.0   	42      	6.070210E+0	2.538385E-3	-4.63E-2   	120.00    	10063.80	24.6 	33.8 	6.066838E+0	6.539617E-6 	1.201783E+7	4.623130E+3	-1.626003E+0	4.509250E-5	6.631720E+0	6.611528E+0
120.0   	43      	6.073679E+0	8.208273E-4	-2.54E-1   	120.00    	10066.38	24.6 	33.8 	6.070314E+0	5.633726E-7 	1.201153E+7	1.422439E+3	-1.625980E+0	1.442221E-4	6.635189E+0	6.615004E+0
120.0   	44      	6.074445E+0	7.201996E-4	-1.25E-1   	120.00    	10068.96	24.6 	33.8 	6.070982E+0	4.949349E-7 	1.201023E+7	1.289703E+3	-1.626110E+0	6.082763E-5	6.635955E+0	6.615672E+0
120.0   	45      	6.079318E+0	1.326025E-3	2.35E-1    	120.00    	10071.54	24.6 	33.8 	6.075936E+0	1.747255E-6 	1.200133E+7	2.396525E+3	-1.625980E+0	1.000000E-5	6.640828E+0	6.620626E+0
120.0   	46      	6.065922E+0	3.044744E-4	1.25E-2    	120.00    	10074.11	24.6 	33.8 	6.062718E+0	4.660797E-8 	1.202547E+7	4.725816E+2	-1.625790E+0	1.216553E-4	6.627432E+0	6.607408E+0
120.0   	47      	6.072707E+0	1.557021E-3	-1.68E-1   	120.00    	10076.68	24.6 	33.8 	6.068897E+0	2.301832E-6 	1.201370E+7	2.787472E+3	-1.626590E+0	5.291503E-5	6.634217E+0	6.613587E+0
120.0   	48      	6.533863E+0	6.839582E-4	1.59E-1    	120.00    	10079.26	24.6 	33.8 	6.532251E+0	6.893248E-7 	1.123000E+7	1.200000E+3	-1.621787E+0	2.050203E-4	7.095373E+0	7.076941E+0
120.0   	49      	6.310859E+0	1.289780E-3	1.08E-1    	120.00    	10081.82	24.6 	33.8 	6.308494E+0	1.714168E-6 	1.159553E+7	2.193931E+3	-1.623657E+0	1.386843E-4	6.872369E+0	6.853184E+0
120.0   	50      	6.081699E+0	1.167015E-3	-9.65E-2   	120.00    	10084.42	24.6 	33.8 	6.077646E+0	1.757709E-6 	1.199763E+7	2.254625E+3	-1.626880E+0	2.206808E-4	6.643209E+0	6.622336E+0
120.0   	51      	6.074960E+0	2.026931E-3	1.73E-1    	120.00    	10086.97	24.6 	33.8 	6.071608E+0	3.915268E-6 	1.200920E+7	3.629049E+3	-1.625957E+0	7.571878E-5	6.636470E+0	6.616298E+0
120.0   	52      	6.073642E+0	2.015472E-3	-1.84E-1   	120.00    	10089.52	24.6 	33.8 	6.070057E+0	4.014110E-6 	1.201180E+7	3.642801E+3	-1.626280E+0	1.732051E-5	6.635152E+0	6.614747E+0
120.0   	53      	6.073381E+0	5.551818E-4	8.28E-2    	120.00    	10092.10	24.6 	33.8 	6.069546E+0	2.530726E-7 	1.201250E+7	9.539392E+2	-1.626620E+0	1.664332E-4	6.634891E+0	6.614236E+0
120.0   	54      	6.076665E+0	4.171320E-4	-3.97E-1   	120.00    	10094.67	24.6 	33.8 	6.073140E+0	1.286976E-7 	1.200627E+7	7.023769E+2	-1.626187E+0	8.326664E-5	6.638175E+0	6.617830E+0
120.0   	55      	6.077616E+0	1.926284E-3	1.23E-1    	120.00    	10097.24	24.6 	33.8 	6.074067E+0	4.336766E-6 	1.200457E+7	3.629509E+3	-1.626213E+0	2.577466E-4	6.639126E+0	6.618757E+0
120.0   	56      	6.073777E+0	4.626188E-4	1.63E-1    	120.00    	10099.81	24.6 	33.8 	6.070693E+0	9.728275E-8 	1.201110E+7	7.000000E+2	-1.625593E+0	2.200757E-4	6.635287E+0	6.615383E+0
120.0   	57      	6.070679E+0	4.675174E-5	-2.22E-2   	120.00    	10102.39	24.6 	33.8 	6.067616E+0	3.010419E-8 	1.201670E+7	2.000000E+2	-1.625577E+0	1.750238E-4	6.632189E+0	6.612306E+0
120.0   	58      	6.072022E+0	1.429902E-3	-9.04E-2   	120.00    	10104.95	24.6 	33.8 	6.068699E+0	2.026035E-6 	1.201450E+7	2.586503E+3	-1.625930E+0	1.322876E-4	6.633532E+0	6.613389E+0
120.0   	59      	6.069984E+0	1.246165E-3	3.60E-2    	120.00    	10107.55	24.6 	33.8 	6.066292E+0	1.644224E-6 	1.201853E+7	2.294196E+3	-1.626440E+0	8.185353E-5	6.631494E+0	6.610982E+0
120.0   	60      	6.074487E+0	1.361555E-3	-1.98E-1   	120.00    	10110.09	24.6 	33.8 	6.070683E+0	2.138242E-6 	1.201047E+7	2.554082E+3	-1.626573E+0	2.818392E-4	6.635997E+0	6.615373E+0
120.0   	61      	6.364422E+0	1.871045E-3	1.68E-1    	120.00    	10112.67	24.6 	33.8 	6.361976E+0	3.237583E-6 	1.150580E+7	3.051229E+3	-1.623563E+0	1.747379E-4	6.925932E+0	6.906666E+0
120.0   	62      	6.365314E+0	9.031545E-4	2.64E-2    	120.00    	10115.25	24.6 	33.8 	6.363688E+0	8.219383E-7 	1.150363E+7	1.501111E+3	-1.622423E+0	1.767295E-4	6.926824E+0	6.908378E+0
120.0   	63      	6.347859E+0	1.469801E-3	-1.01E-1   	120.00    	10117.84	24.6 	33.8 	6.345676E+0	2.057598E-6 	1.153320E+7	2.426932E+3	-1.623263E+0	5.131601E-5	6.909369E+0	6.890366E+0
120.0   	64      	9.847251E-1	7.775420E-4	1.05E-2    	120.00    	10120.38	24.6 	33.8 	9.025061E-1	7.816202E-7 	5.319720E+7	2.914172E+4	-1.826663E+0	4.352394E-4	1.546235E+0	1.447196E+0
120.0   	65      	6.335817E+0	2.286735E-3	1.35E-4    	120.00    	10122.95	24.6 	33.8 	6.333075E+0	4.842486E-6 	1.155383E+7	3.763420E+3	-1.624077E+0	1.106044E-4	6.897327E+0	6.877765E+0
120.0   	66      	6.076377E+0	7.786277E-4	-2.46E-1   	120.00    	10125.53	24.6 	33.8 	6.072913E+0	4.248677E-7 	1.200673E+7	1.289703E+3	-1.626103E+0	2.500667E-4	6.637887E+0	6.617603E+0
120.0   	67      	6.090566E+0	1.922329E-3	-2.67E-1   	120.00    	10128.10	24.6 	33.8 	6.086936E+0	3.505243E-6 	1.198123E+7	3.419552E+3	-1.626270E+0	1.997498E-4	6.652076E+0	6.631626E+0
120.0   	68      	6.080259E+0	9.156433E-4	8.11E-2    	120.00    	10130.67	24.6 	33.8 	6.076653E+0	7.829808E-7 	1.199983E+7	1.616581E+3	-1.626280E+0	3.031501E-4	6.641769E+0	6.621343E+0
120.0   	69      	6.076553E+0	6.360958E-4	-3.71E-1   	120.00    	10133.25	24.6 	33.8 	6.072664E+0	3.138956E-7 	1.200680E+7	1.081665E+3	-1.626680E+0	1.385641E-4	6.638063E+0	6.617354E+0
120.0   	70      	6.076842E+0	3.217383E-4	-4.75E-1   	120.00    	10135.84	24.6 	33.8 	6.073735E+0	1.274456E-7 	1.200557E+7	6.110101E+2	-1.625613E+0	1.137248E-4	6.638352E+0	6.618425E+0
120.0   	71      	6.075118E+0	1.204707E-3	3.29E-2    	120.00    	10138.42	24.6 	33.8 	6.071560E+0	1.653552E-6 	1.200910E+7	2.251666E+3	-1.626237E+0	2.600641E-4	6.636628E+0	6.616250E+0
120.0   	72      	6.072259E+0	4.653356E-5	-6.17E-2   	120.00    	10140.95	24.6 	33.8 	6.068903E+0	7.788356E-9 	1.201410E+7	1.000000E+2	-1.625973E+0	1.205543E-4	6.633769E+0	6.613593E+0
120.0   	73      	6.073978E+0	1.912440E-3	-1.49E-1   	120.00    	10143.53	24.6 	33.8 	6.070787E+0	4.604930E-6 	1.201083E+7	3.677409E+3	-1.625740E+0	3.559494E-4	6.635488E+0	6.615477E+0
120.0   	74      	6.077388E+0	4.504313E-3	-9.70E-2   	120.00    	10146.12	24.6 	33.8 	6.074004E+0	2.132108E-5 	1.200483E+7	8.256714E+3	-1.625990E+0	1.757840E-4	6.638898E+0	6.618694E+0
120.0   	75      	6.072639E+0	4.778372E-3	5.57E-2    	120.00    	10148.68	24.6 	33.8 	6.069299E+0	2.342808E-5 	1.201340E+7	8.722958E+3	-1.625950E+0	2.879236E-4	6.634149E+0	6.613989E+0
120.0   	76      	6.362670E+0	1.233416E-3	-1.18E-1   	120.00    	10151.28	24.6 	33.8 	6.360802E+0	1.529928E-6 	1.150823E+7	2.055075E+3	-1.622770E+0	7.937254E-5	6.924180E+0	6.905492E+0
120.0   	77      	7.292145E-1	2.314446E-3	-2.31E-1   	120.00    	10153.82	24.6 	33.8 	6.072934E-1	5.484967E-6 	6.526063E+7	1.208373E+5	-1.904830E+0	1.427550E-3	1.290725E+0	1.151983E+0
120.0   	78      	7.326921E-1	1.609445E-3	-2.93E-1   	120.00    	10156.41	24.6 	33.8 	6.087218E-1	5.098286E-7 	6.513240E+7	3.927862E+4	-1.906910E+0	2.221621E-3	1.294202E+0	1.153412E+0
120.0   	79      	6.366347E+0	2.454654E-3	-3.59E-1   	120.00    	10159.00	24.6 	33.8 	6.364140E+0	5.488498E-6 	1.150240E+7	3.988734E+3	-1.623227E+0	1.457166E-4	6.927857E+0	6.908830E+0
120.0   	80      	6.593859E+0	1.297656E-3	-3.35E-1   	120.00    	10161.58	24.6 	33.8 	6.592183E+0	1.687299E-6 	1.113577E+7	2.023199E+3	-1.621660E+0	4.582576E-5	7.155369E+0	7.136873E+0
120.0   	81      	6.318688E+0	7.254275E-4	-6.64E-2   	120.00    	10164.12	24.6 	33.8 	6.315715E+0	1.993572E-7 	1.158283E+7	9.865766E+2	-1.624457E+0	3.813572E-4	6.880198E+0	6.860405E+0
120.0   	82      	6.101889E+0	4.529781E-4	-8.15E-2   	120.00    	10166.69	24.6 	33.8 	6.098418E+0	3.710863E-7 	1.196070E+7	9.539392E+2	-1.626007E+0	2.247962E-4	6.663399E+0	6.643108E+0
120.0   	83      	6.099882E+0	8.845019E-4	-1.56E-3   	120.00    	10169.29	24.6 	33.8 	6.096236E+0	8.337598E-7 	1.196447E+7	1.616581E+3	-1.626253E+0	6.506407E-5	6.661392E+0	6.640926E+0
120.0   	84      	6.143941E+0	2.281663E-3	-1.23E-1   	120.00    	10171.84	24.6 	33.8 	6.140444E+0	5.180285E-6 	1.188560E+7	4.044750E+3	-1.625870E+0	1.000000E-5	6.705451E+0	6.685134E+0
120.0   	85      	6.100374E+0	4.729210E-4	1.01E-1    	120.00    	10174.41	24.6 	33.8 	6.096855E+0	2.488116E-7 	1.196347E+7	8.736895E+2	-1.626080E+0	4.582576E-5	6.661884E+0	6.641545E+0
120.0   	86      	6.099428E+0	6.637355E-4	-2.57E-1   	120.00    	10177.00	24.6 	33.8 	6.095911E+0	5.149671E-7 	1.196517E+7	1.242310E+3	-1.626080E+0	9.000000E-5	6.660938E+0	6.640601E+0
120.0   	87      	6.099970E+0	1.609506E-3	-6.56E-2   	120.00    	10179.59	24.6 	33.8 	6.096629E+0	2.439372E-6 	1.196403E+7	2.850146E+3	-1.625837E+0	1.724336E-4	6.661480E+0	6.641319E+0
120.0   	88      	6.101111E+0	1.394180E-3	-1.29E-1   	120.00    	10182.18	24.6 	33.8 	6.098083E+0	1.852318E-6 	1.196170E+7	2.475884E+3	-1.625403E+0	1.270171E-4	6.662621E+0	6.642773E+0
120.0   	89      	6.102326E+0	3.627116E-3	-1.95E-1   	120.00    	10184.77	24.6 	33.8 	6.099095E+0	1.218670E-5 	1.195970E+7	6.392965E+3	-1.625677E+0	3.274650E-4	6.663836E+0	6.643785E+0
120.0   	90      	6.102460E+0	6.373424E-4	-2.00E-1   	120.00    	10187.34	24.6 	33.8 	6.099144E+0	2.872171E-7 	1.195953E+7	1.050397E+3	-1.625793E+0	1.929594E-4	6.663970E+0	6.643834E+0
120.0   	91      	6.099481E+0	1.095285E-3	4.83E-2    	120.00    	10189.92	24.6 	33.8 	6.096118E+0	1.376491E-6 	1.196493E+7	2.040425E+3	-1.625870E+0	1.153256E-4	6.660991E+0	6.640808E+0
120.0   	92      	6.101678E+0	9.143874E-4	-3.00E-1   	120.00    	10192.44	24.6 	33.8 	6.098369E+0	7.406179E-7 	1.196093E+7	1.594783E+3	-1.625787E+0	9.451631E-5	6.663188E+0	6.643059E+0
120.0   	93      	6.420914E+0	4.037038E-4	-2.25E-1   	120.00    	10195.03	24.6 	33.8 	6.418528E+0	1.148661E-7 	1.141253E+7	6.027714E+2	-1.623267E+0	1.550269E-4	6.982424E+0	6.963218E+0
120.0   	94      	6.389482E+0	2.178538E-3	-2.63E-1   	120.00    	10197.58	24.6 	33.8 	6.387151E+0	5.310436E-6 	1.146417E+7	3.700450E+3	-1.623310E+0	2.291288E-4	6.950992E+0	6.931841E+0
120.0   	95      	6.098615E+0	2.967183E-3	2.66E-2    	120.00    	10200.18	24.6 	33.8 	6.095132E+0	7.979206E-6 	1.196660E+7	5.211526E+3	-1.626037E+0	2.302897E-4	6.660125E+0	6.639822E+0
120.0   	96      	6.303603E+0	1.343102E-3	-6.54E-2   	120.00    	10202.72	24.6 	33.8 	6.300733E+0	1.799799E-6 	1.160823E+7	2.272297E+3	-1.624377E+0	8.504901E-5	6.865113E+0	6.845423E+0
120.0   	97      	6.303961E+0	1.663272E-3	-2.90E-1   	120.00    	10205.31	24.6 	33.8 	6.301085E+0	2.315977E-6 	1.160763E+7	2.695057E+3	-1.624383E+0	2.214347E-4	6.865471E+0	6.845775E+0
120.0   	98      	6.099025E+0	1.443588E-3	2.65E-1    	120.00    	10207.86	24.6 	33.8 	6.095610E+0	1.939085E-6 	1.196580E+7	2.551470E+3	-1.625943E+0	7.767453E-5	6.660535E+0	6.640300E+0
120.0   	99      	6.097818E+0	1.100921E-3	-3.95E-1   	120.00    	10210.46	24.6 	33.8 	6.094335E+0	7.472910E-7 	1.196803E+7	1.761628E+3	-1.626040E+0	3.934463E-4	6.659328E+0	6.639025E+0
120.0   	100     	6.120235E+0	1.963608E-3	-1.72E-1   	120.00    	10213.03	24.6 	33.8 	6.116887E+0	3.384913E-6 	1.192770E+7	3.395585E+3	-1.625763E+0	2.888483E-4	6.681745E+0	6.661577E+0
120.0   	101     	6.100626E+0	1.430513E-3	-6.00E-2   	120.00    	10215.60	24.6 	33.8 	6.097233E+0	2.157354E-6 	1.196290E+7	2.605763E+3	-1.625907E+0	1.242310E-4	6.662136E+0	6.641923E+0
120.0   	102     	6.099446E+0	2.727666E-4	-1.55E-2   	120.00    	10218.18	24.6 	33.8 	6.095967E+0	1.439571E-8 	1.196510E+7	3.464102E+2	-1.626027E+0	2.311565E-4	6.660956E+0	6.640657E+0
120.0   	103     	6.095333E+0	1.086311E-3	1.74E-2    	120.00    	10220.75	24.6 	33.8 	6.092080E+0	1.459272E-6 	1.197230E+7	2.066398E+3	-1.625737E+0	1.761628E-4	6.656843E+0	6.636770E+0
120.0   	104     	6.097434E+0	2.111630E-4	-3.71E-2   	120.00    	10223.30	24.6 	33.8 	6.094385E+0	7.243255E-8 	1.196833E+7	3.785939E+2	-1.625447E+0	3.286842E-4	6.658944E+0	6.639075E+0
120.0   	105     	6.099287E+0	2.777108E-3	-4.78E-2   	120.00    	10225.89	24.6 	33.8 	6.096090E+0	7.134209E-6 	1.196513E+7	4.900340E+3	-1.625643E+0	1.504438E-4	6.660797E+0	6.640780E+0
120.0   	106     	6.100548E+0	1.138128E-3	-6.28E-2   	120.00    	10228.48	24.6 	33.8 	6.097274E+0	1.244307E-6 	1.196293E+7	2.025669E+3	-1.625743E+0	9.504385E-5	6.662058E+0	6.641964E+0
120.0   	107     	6.095517E+0	4.384627E-4	-4.53E-2   	120.00    	10231.01	24.6 	33.8 	6.092489E+0	2.698322E-7 	1.197177E+7	8.621678E+2	-1.625427E+0	1.234234E-4	6.657027E+0	6.637179E+0
120.0   	108     	6.097135E+0	1.112370E-3	3.46E-1    	120.00    	10233.58	24.6 	33.8 	6.093759E+0	9.082992E-7 	1.196917E+7	1.855622E+3	-1.625897E+0	2.722744E-4	6.658645E+0	6.638449E+0
120.0   	109     	6.113332E+0	1.106495E-3	-2.89E-1   	120.00    	10236.17	24.6 	33.8 	6.109709E+0	1.058149E-6 	1.194030E+7	1.905256E+3	-1.626167E+0	2.742870E-4	6.674842E+0	6.654399E+0
120.0   	110     	6.097804E+0	1.052548E-3	-4.92E-2   	120.00    	10238.75	24.6 	33.8 	6.094349E+0	1.269636E-6 	1.196803E+7	1.960442E+3	-1.626003E+0	1.429452E-4	6.659314E+0	6.639039E+0
120.0   	111     	6.089857E+0	9.293136E-4	2.58E-2    	120.00    	10241.32	24.6 	33.8 	6.086167E+0	1.244260E-6 	1.198257E+7	1.844813E+3	-1.626353E+0	2.602563E-4	6.651367E+0	6.630857E+0
120.0   	112     	6.294204E+0	1.443630E-3	-4.34E-2   	120.00    	10243.87	24.6 	33.8 	6.291653E+0	2.108309E-6 	1.162390E+7	2.457641E+3	-1.623977E+0	7.023769E-5	6.855714E+0	6.836343E+0
120.0   	113     	6.288184E+0	4.997175E-4	-6.60E-3   	120.00    	10246.47	24.6 	33.8 	6.285238E+0	1.159658E-7 	1.163447E+7	7.094599E+2	-1.624540E+0	2.535744E-4	6.849694E+0	6.829928E+0
120.0   	114     	6.088625E+0	5.888286E-4	1.13E-2    	120.00    	10249.01	24.6 	33.8 	6.085072E+0	2.524382E-7 	1.198467E+7	9.814955E+2	-1.626173E+0	1.665333E-4	6.650135E+0	6.629762E+0
120.0   	115     	6.087554E+0	3.322015E-4	-2.53E-1   	120.00    	10251.60	24.6 	33.8 	6.083963E+0	1.569161E-7 	1.198663E+7	6.429101E+2	-1.626230E+0	2.253886E-4	6.649064E+0	6.628653E+0
120.0   	116     	6.105360E+0	3.712519E-4	-1.95E-1   	120.00    	10254.17	24.6 	33.8 	6.101588E+0	1.188747E-7 	1.195473E+7	6.429101E+2	-1.626400E+0	3.464102E-5	6.666870E+0	6.646278E+0
120.0   	117     	6.086395E+0	7.325464E-4	-2.73E-1   	120.00    	10256.75	24.6 	33.8 	6.082981E+0	3.644833E-7 	1.198857E+7	1.205543E+3	-1.625993E+0	1.877054E-4	6.647905E+0	6.627671E+0
120.0   	118     	6.086990E+0	8.705618E-4	-3.49E-2   	120.00    	10259.30	24.6 	33.8 	6.083383E+0	7.167314E-7 	1.198767E+7	1.550269E+3	-1.626253E+0	3.511885E-5	6.648500E+0	6.628073E+0
120.0   	119     	6.085921E+0	5.472003E-4	-1.03E-1   	120.00    	10261.87	24.6 	33.8 	6.082606E+0	2.746958E-7 	1.198933E+7	9.609024E+2	-1.625860E+0	1.734935E-4	6.647431E+0	6.627296E+0
120.0   	120     	6.085322E+0	5.769245E-4	4.51E-2    	120.00    	10264.47	24.6 	33.8 	6.081987E+0	3.146694E-7 	1.199043E+7	1.026320E+3	-1.625890E+0	8.660254E-5	6.646832E+0	6.626677E+0
120.0   	121     	6.086366E+0	9.290327E-4	-2.90E-1   	120.00    	10267.01	24.6 	33.8 	6.083047E+0	1.276878E-6 	1.198853E+7	1.858315E+3	-1.625863E+0	2.970410E-4	6.647876E+0	6.627737E+0
120.0   	122     	6.085121E+0	5.352609E-4	-3.38E-3   	120.00    	10269.60	24.6 	33.8 	6.081819E+0	3.431607E-7 	1.199077E+7	1.011599E+3	-1.625847E+0	1.026320E-4	6.646631E+0	6.626509E+0
120.0   	123     	6.086029E+0	1.198130E-3	1.29E-1    	120.00    	10272.17	24.6 	33.8 	6.082683E+0	1.540545E-6 	1.198917E+7	2.203028E+3	-1.625903E+0	6.806859E-5	6.647539E+0	6.627373E+0
120.0   	124     	6.085259E+0	2.204299E-4	-2.28E-1   	120.00    	10274.75	24.6 	33.8 	6.081902E+0	2.326156E-8 	1.199057E+7	3.055050E+2	-1.625920E+0	2.330236E-4	6.646769E+0	6.626592E+0
120.0   	125     	6.089142E+0	7.585066E-4	-2.34E-1   	120.00    	10277.33	24.6 	33.8 	6.085441E+0	6.070191E-7 	1.198387E+7	1.386843E+3	-1.626373E+0	7.371115E-5	6.650652E+0	6.630131E+0
120.0   	126     	6.083562E+0	6.047208E-4	7.83E-2    	120.00    	10279.87	24.6 	33.8 	6.080096E+0	3.465800E-7 	1.199373E+7	1.078579E+3	-1.626077E+0	2.081666E-5	6.645072E+0	6.624786E+0
120.0   	127     	6.084663E+0	1.614281E-3	-2.16E-1   	120.00    	10282.44	24.6 	33.8 	6.081171E+0	2.468505E-6 	1.199177E+7	2.874601E+3	-1.626107E+0	2.285461E-4	6.646173E+0	6.625861E+0
120.0   	128     	6.275242E+0	1.360151E-4	-2.41E-1   	120.00    	10285.01	24.6 	33.8 	6.272167E+0	4.135614E-8 	1.165663E+7	2.886751E+2	-1.624767E+0	1.006645E-4	6.836752E+0	6.816857E+0
120.0   	129     	6.274911E+0	5.677240E-4	-5.13E-2   	120.00    	10287.60	24.6 	33.8 	6.272029E+0	2.678457E-7 	1.165703E+7	9.237604E+2	-1.624507E+0	1.327906E-4	6.836421E+0	6.816719E+0
120.0   	130     	6.085396E+0	1.871548E-3	-2.59E-1   	120.00    	10290.17	24.6 	33.8 	6.081877E+0	2.921355E-6 	1.199047E+7	3.234708E+3	-1.626140E+0	2.165641E-4	6.646906E+0	6.626567E+0
120.0   	131     	6.083196E+0	1.752106E-3	-2.41E-1   	120.00    	10292.72	24.6 	33.8 	6.079835E+0	3.201691E-6 	1.199430E+7	3.195309E+3	-1.625933E+0	2.900575E-4	6.644706E+0	6.624525E+0
120.0   	132     	6.088033E+0	1.490472E-3	-5.47E-2   	120.00    	10295.32	24.6 	33.8 	6.084556E+0	1.758725E-6 	1.198567E+7	2.542309E+3	-1.626073E+0	2.214347E-4	6.649543E+0	6.629246E+0
120.0   	133     	6.082767E+0	4.761905E-4	-6.43E-2   	120.00    	10297.89	24.6 	33.8 	6.079452E+0	2.134331E-7 	1.199503E+7	8.386497E+2	-1.625873E+0	1.921805E-4	6.644277E+0	6.624142E+0
120.0   	134     	6.085197E+0	2.668189E-4	2.65E-1    	120.00    	10300.44	24.6 	33.8 	6.081817E+0	3.191249E-8 	1.199070E+7	4.000000E+2	-1.625953E+0	1.357694E-4	6.646707E+0	6.626507E+0
120.0   	135     	6.085447E+0	2.254166E-3	7.21E-2    	120.00    	10303.05	24.6 	33.8 	6.081975E+0	5.776368E-6 	1.199033E+7	4.206344E+3	-1.626077E+0	2.540341E-4	6.646957E+0	6.626665E+0
120.0   	136     	6.081134E+0	3.387038E-3	-2.94E-2   	120.00    	10305.62	24.6 	33.8 	6.077843E+0	1.131549E-5 	1.199797E+7	6.107645E+3	-1.625847E+0	4.725816E-5	6.642644E+0	6.622533E+0
120.0   	137     	6.082232E+0	2.094981E-3	4.12E-2    	120.00    	10308.16	24.6 	33.8 	6.079103E+0	3.863621E-6 	1.199583E+7	3.666515E+3	-1.625620E+0	3.124100E-4	6.643742E+0	6.623793E+0
120.0   	138     	6.083901E+0	2.099692E-3	-4.03E-1   	120.00    	10310.75	24.6 	33.8 	6.080568E+0	3.694192E-6 	1.199300E+7	3.634556E+3	-1.625893E+0	2.386071E-4	6.645411E+0	6.625258E+0
120.0   	139     	6.083962E+0	1.203435E-3	1.21E-1    	120.00    	10313.31	24.6 	33.8 	6.080801E+0	1.353216E-6 	1.199273E+7	2.138535E+3	-1.625657E+0	5.507571E-5	6.645472E+0	6.625491E+0
120.0   	140     	6.081093E+0	6.258470E-4	-1.29E-1   	120.00    	10315.89	24.6 	33.8 	6.077771E+0	3.844480E-7 	1.199807E+7	1.123981E+3	-1.625890E+0	1.228821E-4	6.642603E+0	6.622461E+0
120.0   	141     	6.084304E+0	1.159006E-3	-9.30E-3   	120.00    	10318.47	24.6 	33.8 	6.080755E+0	1.124951E-6 	1.199247E+7	2.000833E+3	-1.626187E+0	2.454248E-4	6.645814E+0	6.625445E+0
120.0   	142     	6.079883E+0	1.309393E-3	-9.55E-2   	120.00    	10321.05	24.6 	33.8 	6.076623E+0	1.539014E-6 	1.200020E+7	2.306513E+3	-1.625810E+0	1.228821E-4	6.641393E+0	6.621313E+0
120.0   	143     	6.084494E+0	1.027634E-3	-4.22E-3   	120.00    	10323.62	24.6 	33.8 	6.080861E+0	7.989112E-7 	1.199220E+7	1.734935E+3	-1.626300E+0	2.022375E-4	6.646004E+0	6.625551E+0
120.0   	144     	6.269403E+0	1.952521E-3	8.60E-2    	120.00    	10326.20	24.6 	33.8 	6.266770E+0	4.224945E-6 	1.166623E+7	3.426855E+3	-1.624187E+0	1.644182E-4	6.830913E+0	6.811460E+0
120.0   	145     	6.273025E+0	1.364943E-3	9.75E-2    	120.00    	10328.78	24.6 	33.8 	6.270052E+0	1.706923E-6 	1.166033E+7	2.281082E+3	-1.624637E+0	1.193035E-4	6.834535E+0	6.814742E+0
120.0   	146     	6.083494E+0	2.262506E-3	1.64E-1    	120.00    	10331.36	24.6 	33.8 	6.079575E+0	5.348441E-6 	1.199427E+7	4.135618E+3	-1.626690E+0	1.228821E-4	6.645004E+0	6.624265E+0
120.0   	147     	6.086282E+0	1.610141E-4	1.47E-1    	120.00    	10333.95	24.6 	33.8 	6.082614E+0	1.883308E-8 	1.198900E+7	2.645751E+2	-1.626340E+0	8.185353E-5	6.647792E+0	6.627304E+0
120.0   	148     	6.354091E+0	1.214763E-3	1.14E-1    	120.00    	10336.49	24.6 	33.8 	6.351819E+0	1.464612E-6 	1.152287E+7	2.023199E+3	-1.623363E+0	2.516611E-5	6.915601E+0	6.896509E+0
120.0   	149     	6.082466E+0	1.198618E-4	-9.76E-2   	120.00    	10339.07	24.6 	33.8 	6.078684E+0	1.182821E-8 	1.199600E+7	2.000000E+2	-1.626510E+0	7.937254E-5	6.643976E+0	6.623374E+0
120.0   	150     	6.080459E+0	1.793967E-3	-1.08E-1   	120.00    	10341.64	24.6 	33.8 	6.076895E+0	2.994163E-6 	1.199943E+7	3.187998E+3	-1.626223E+0	9.073772E-5	6.641969E+0	6.621585E+0
120.0   	151     	6.083081E+0	1.035841E-3	-7.40E-2   	120.00    	10344.26	24.6 	33.8 	6.079692E+0	1.188820E-6 	1.199453E+7	1.921805E+3	-1.625973E+0	9.451631E-5	6.644591E+0	6.624382E+0
120.0   	152     	6.082420E+0	2.150153E-3	-1.14E-2   	120.00    	10346.79	24.6 	33.8 	6.079026E+0	4.714982E-6 	1.199573E+7	3.906832E+3	-1.625983E+0	5.859465E-5	6.643930E+0	6.623716E+0
120.0   	153     	6.080249E+0	3.663843E-4	3.70E-2    	120.00    	10349.36	24.6 	33.8 	6.076663E+0	1.746507E-7 	1.199983E+7	7.094599E+2	-1.626253E+0	7.637626E-5	6.641759E+0	6.621353E+0
120.0   	154     	6.082485E+0	6.866969E-4	3.33E-2    	120.00    	10351.95	24.6 	33.8 	6.079034E+0	4.026619E-7 	1.199567E+7	1.193035E+3	-1.626060E+0	1.135782E-4	6.643995E+0	6.623724E+0
120.0   	155     	6.080076E+0	1.489297E-3	-4.28E-1   	120.00    	10354.53	24.6 	33.8 	6.076652E+0	2.610606E-6 	1.200000E+7	2.805352E+3	-1.626033E+0	2.909181E-4	6.641586E+0	6.621342E+0
120.0   	156     	6.078920E+0	6.642799E-4	5.63E-2    	120.00    	10357.07	24.6 	33.8 	6.075303E+0	2.807592E-7 	1.200227E+7	1.078579E+3	-1.626300E+0	2.066398E-4	6.640430E+0	6.619993E+0
120.0   	157     	6.071549E+0	6.385109E-3	-9.55E-2   	120.00    	10359.65	24.6 	33.8 	6.068041E+0	4.336028E-5 	1.201553E+7	1.177172E+4	-1.626183E+0	3.003886E-4	6.633059E+0	6.612731E+0
120.0   	158     	6.080804E+0	2.824466E-3	-3.14E-1   	120.00    	10362.23	24.6 	33.8 	6.077473E+0	7.548296E-6 	1.199860E+7	5.038849E+3	-1.625903E+0	9.451631E-5	6.642314E+0	6.622163E+0
120.0   	159     	6.081970E+0	4.043078E-4	-1.99E-1   	120.00    	10364.79	24.6 	33.8 	6.078332E+0	1.415641E-7 	1.199677E+7	7.023769E+2	-1.626317E+0	1.106044E-4	6.643480E+0	6.623022E+0
120.0   	160     	6.266450E+0	6.331195E-4	2.79E-3    	120.00    	10367.39	24.6 	33.8 	6.263450E+0	3.573824E-7 	1.167160E+7	1.053565E+3	-1.624700E+0	4.582576E-5	6.827960E+0	6.808140E+0
120.0   	161     	6.273646E+0	2.409584E-3	-3.39E-1   	120.00    	10369.93	24.6 	33.8 	6.270797E+0	6.170952E-6 	1.165917E+7	4.178915E+3	-1.624467E+0	1.985783E-4	6.835156E+0	6.815487E+0
120.0   	162     	6.087063E+0	6.210476E-4	3.42E-2    	120.00    	10372.52	24.6 	33.8 	6.083384E+0	4.888774E-7 	1.198760E+7	1.178983E+3	-1.626350E+0	2.861818E-4	6.648573E+0	6.628074E+0
120.0   	163     	6.358623E+0	7.104808E-4	-3.82E-1   	120.00    	10375.09	24.6 	33.8 	6.356083E+0	2.949649E-7 	1.151553E+7	1.040833E+3	-1.623713E+0	2.663331E-4	6.920133E+0	6.900773E+0
120.0   	164     	7.310055E-1	1.607645E-3	-3.37E-2   	120.00    	10377.68	24.6 	33.8 	6.044405E-1	1.390565E-6 	6.529620E+7	6.573971E+4	-1.910350E+0	1.515553E-3	1.292516E+0	1.149131E+0
120.0   	165     	6.355259E+0	1.219759E-3	-3.09E-1   	120.00    	10380.21	24.6 	33.8 	6.352889E+0	1.630747E-6 	1.152100E+7	2.078461E+3	-1.623493E+0	2.307235E-4	6.916769E+0	6.897579E+0
120.0   	166     	6.083202E+0	4.324230E-4	-2.86E-1   	120.00    	10382.80	24.6 	33.8 	6.080049E+0	1.191526E-7 	1.199410E+7	7.000000E+2	-1.625650E+0	1.513275E-4	6.644712E+0	6.624739E+0
120.0   	167     	6.082118E+0	9.087137E-4	3.45E-2    	120.00    	10385.37	24.6 	33.8 	6.078590E+0	7.184887E-7 	1.199640E+7	1.587451E+3	-1.626167E+0	1.001665E-4	6.643628E+0	6.623280E+0
120.0   	168     	6.080391E+0	2.120277E-4	-2.84E-1   	120.00    	10387.95	24.6 	33.8 	6.076778E+0	8.850056E-8 	1.199960E+7	4.582576E+2	-1.626290E+0	1.400000E-4	6.641901E+0	6.621468E+0
120.0   	169     	6.080202E+0	9.409814E-4	-3.76E-2   	120.00    	10390.50	24.6 	33.8 	6.076820E+0	6.644396E-7 	1.199973E+7	1.588500E+3	-1.625977E+0	1.686219E-4	6.641712E+0	6.621510E+0
120.0   	170     	6.082798E+0	1.234538E-3	5.72E-2    	120.00    	10393.08	24.6 	33.8 	6.079458E+0	1.529792E-6 	1.199500E+7	2.233831E+3	-1.625907E+0	4.509250E-5	6.644308E+0	6.624148E+0
120.0   	171     	6.082285E+0	1.035042E-3	-1.68E-1   	120.00    	10395.66	24.6 	33.8 	6.079049E+0	8.996035E-7 	1.199583E+7	1.792577E+3	-1.625767E+0	1.418920E-4	6.643795E+0	6.623739E+0
120.0   	172     	6.079595E+0	8.790176E-4	-4.85E-1   	120.00    	10398.24	24.6 	33.8 	6.075991E+0	6.685231E-7 	1.200103E+7	1.530795E+3	-1.626280E+0	1.915724E-4	6.641105E+0	6.620681E+0
120.0   	173     	6.077335E+0	5.178614E-4	-2.32E-2   	120.00    	10400.79	24.6 	33.8 	6.073722E+0	3.462965E-7 	1.200513E+7	1.001665E+3	-1.626303E+0	1.040833E-4	6.638845E+0	6.618412E+0
120.0   	174     	6.082389E+0	8.191082E-4	-2.63E-1   	120.00    	10403.36	24.6 	33.8 	6.079019E+0	4.663468E-7 	1.199577E+7	1.357694E+3	-1.625950E+0	1.835756E-4	6.643899E+0	6.623709E+0
120.0   	175     	6.084396E+0	2.606162E-3	-9.38E-2   	120.00    	10405.93	24.6 	33.8 	6.080996E+0	5.812723E-6 	1.199217E+7	4.532475E+3	-1.625983E+0	3.172276E-4	6.645906E+0	6.625686E+0
120.0   	176     	6.266744E+0	4.479927E-4	-2.83E-1   	120.00    	10408.50	24.6 	33.8 	6.263936E+0	2.879423E-7 	1.167093E+7	8.386497E+2	-1.624437E+0	1.814754E-4	6.828254E+0	6.808626E+0
120.0   	177     	6.273662E+0	1.376247E-3	2.57E-2    	120.00    	10411.09	24.6 	33.8 	6.271014E+0	2.458845E-6 	1.165897E+7	2.514624E+3	-1.624190E+0	2.696294E-4	6.835172E+0	6.815704E+0
120.0   	178     	6.087028E+0	8.377523E-4	-3.08E-1   	120.00    	10413.65	24.6 	33.8 	6.083566E+0	5.567417E-7 	1.198747E+7	1.429452E+3	-1.626057E+0	1.331666E-4	6.648538E+0	6.628256E+0
120.0   	179     	6.092750E+0	1.253822E-3	-1.58E-1   	120.00    	10416.23	24.6 	33.8 	6.089373E+0	1.424041E-6 	1.197707E+7	2.203028E+3	-1.625917E+0	1.847521E-4	6.654260E+0	6.634063E+0
120.0   	180     	6.357441E+0	1.915235E-4	3.95E-2    	120.00    	10418.81	24.6 	33.8 	6.355424E+0	3.589129E-8 	1.151707E+7	3.055050E+2	-1.622997E+0	1.436431E-4	6.918951E+0	6.900114E+0
120.0   	181     	6.088208E+0	1.573490E-3	1.21E-1    	120.00    	10421.36	24.6 	33.8 	6.084750E+0	2.333191E-6 	1.198533E+7	2.797022E+3	-1.626047E+0	1.715615E-4	6.649718E+0	6.629440E+0
120.0   	182     	6.082022E+0	2.094746E-3	-6.69E-2   	120.00    	10423.95	24.6 	33.8 	6.078428E+0	4.275619E-6 	1.199663E+7	3.760762E+3	-1.626257E+0	2.557994E-4	6.643532E+0	6.623118E+0
120.0   	183     	6.083197E+0	4.987708E-4	-1.91E-1   	120.00    	10426.54	24.6 	33.8 	6.079944E+0	1.368653E-7 	1.199420E+7	7.810250E+2	-1.625787E+0	2.119748E-4	6.644707E+0	6.624634E+0
120.0   	184     	6.081792E+0	2.024080E-3	-1.77E-1   	120.00    	10429.11	24.6 	33.8 	6.078105E+0	3.703161E-6 	1.199713E+7	3.564174E+3	-1.626383E+0	3.544479E-4	6.643302E+0	6.622795E+0
120.0   	185     	6.080655E+0	1.940015E-3	-5.97E-2   	120.00    	10431.69	24.6 	33.8 	6.077509E+0	3.565703E-6 	1.199870E+7	3.459769E+3	-1.625650E+0	2.389561E-4	6.642165E+0	6.622199E+0
120.0   	186     	6.082827E+0	4.789311E-4	-4.49E-2   	120.00    	10434.22	24.6 	33.8 	6.079760E+0	3.346942E-7 	1.199470E+7	9.539392E+2	-1.625533E+0	1.700980E-4	6.644337E+0	6.624450E+0
120.0   	187     	6.083906E+0	1.342134E-3	-5.29E-2   	120.00    	10436.82	24.6 	33.8 	6.080636E+0	1.742793E-6 	1.199293E+7	2.400694E+3	-1.625807E+0	2.354428E-4	6.645416E+0	6.625326E+0
120.0   	188     	6.082206E+0	2.918023E-4	3.44E-2    	120.00    	10439.36	24.6 	33.8 	6.078870E+0	1.719617E-7 	1.199607E+7	6.350853E+2	-1.625903E+0	2.000833E-4	6.643716E+0	6.623560E+0
120.0   	189     	6.082227E+0	1.202352E-3	-9.26E-2   	120.00    	10441.97	24.6 	33.8 	6.079033E+0	1.427144E-6 	1.199590E+7	2.165641E+3	-1.625710E+0	1.352775E-4	6.643737E+0	6.623723E+0
120.0   	190     	6.082517E+0	1.164282E-3	-3.65E-1   	120.00    	10444.50	24.6 	33.8 	6.079333E+0	9.424906E-7 	1.199537E+7	1.929594E+3	-1.625693E+0	2.657693E-4	6.644027E+0	6.624023E+0
120.0   	191     	6.080425E+0	6.616913E-4	-2.55E-1   	120.00    	10447.10	24.6 	33.8 	6.076856E+0	6.017272E-7 	1.199950E+7	1.300000E+3	-1.626230E+0	1.670329E-4	6.641935E+0	6.621546E+0
120.0   	192     	6.268383E+0	9.208646E-4	2.07E-1    	120.00    	10449.65	24.6 	33.8 	6.265335E+0	1.182429E-6 	1.166833E+7	1.709776E+3	-1.624757E+0	3.564174E-4	6.829893E+0	6.810025E+0
120.0   	193     	6.276061E+0	8.700272E-4	-1.89E-1   	120.00    	10452.25	24.6 	33.8 	6.273534E+0	1.003212E-6 	1.165477E+7	1.594783E+3	-1.624013E+0	2.371357E-4	6.837571E+0	6.818224E+0
120.0   	194     	6.084700E+0	1.275146E-3	-1.49E-1   	120.00    	10454.80	24.6 	33.8 	6.081355E+0	1.528050E-6 	1.199157E+7	2.267892E+3	-1.625907E+0	1.040833E-4	6.646210E+0	6.626045E+0
120.0   	195     	6.087753E+0	2.180582E-3	-2.90E-1   	120.00    	10457.39	24.6 	33.8 	6.084393E+0	4.358383E-6 	1.198607E+7	3.850108E+3	-1.625913E+0	2.450170E-4	6.649263E+0	6.629083E+0
120.0   	196     	6.088338E+0	1.659768E-3	-5.11E-1   	120.00    	10459.97	24.6 	33.8 	6.084952E+0	3.465462E-6 	1.198503E+7	3.178574E+3	-1.625947E+0	2.867635E-4	6.649848E+0	6.629642E+0
120.0   	197     	6.084977E+0	1.413569E-3	-6.76E-2   	120.00    	10462.52	24.6 	33.8 	6.081668E+0	2.156021E-6 	1.199103E+7	2.600641E+3	-1.625857E+0	2.059935E-4	6.646487E+0	6.626358E+0
120.0   	198     	6.086724E+0	1.752414E-3	6.35E-2    	120.00    	10465.11	24.6 	33.8 	6.083649E+0	2.517612E-6 	1.198767E+7	3.013857E+3	-1.625527E+0	2.437895E-4	6.648234E+0	6.628339E+0
120.0   	199     	6.085663E+0	3.322364E-3	-2.19E-1   	120.00    	10467.69	24.6 	33.8 	6.082349E+0	1.024389E-5 	1.198980E+7	5.892368E+3	-1.625860E+0	1.646208E-4	6.647173E+0	6.627039E+0
120.0   	200     	6.082101E+0	4.471724E-4	-1.74E-1   	120.00    	10470.26	24.6 	33.8 	6.079269E+0	3.353450E-7 	1.199580E+7	9.165151E+2	-1.625210E+0	2.893095E-4	6.643611E+0	6.623959E+0
120.0   	201     	6.083543E+0	3.342325E-4	-1.35E-1   	120.00    	10472.81	24.6 	33.8 	6.080408E+0	8.707519E-8 	1.199347E+7	5.686241E+2	-1.625623E+0	5.507571E-5	6.645053E+0	6.625098E+0
120.0   	202     	6.086093E+0	1.296897E-3	-1.86E-1   	120.00    	10475.41	24.6 	33.8 	6.082914E+0	2.131122E-6 	1.198890E+7	2.487971E+3	-1.625673E+0	2.685765E-4	6.647603E+0	6.627604E+0
120.0   	203     	6.084327E+0	7.743162E-4	-1.75E-1   	120.00    	10477.98	24.6 	33.8 	6.081175E+0	4.496794E-7 	1.199207E+7	1.305118E+3	-1.625643E+0	1.457166E-4	6.645837E+0	6.625865E+0
120.0   	204     	6.083945E+0	2.263684E-3	1.48E-1    	120.00    	10480.56	24.6 	33.8 	6.080561E+0	5.014950E-6 	1.199297E+7	4.069808E+3	-1.625963E+0	5.131601E-5	6.645455E+0	6.625251E+0
120.0   	205     	6.080851E+0	2.403332E-3	-7.64E-2   	120.00    	10483.15	24.6 	33.8 	6.077315E+0	5.318159E-6 	1.199870E+7	4.257934E+3	-1.626183E+0	1.939931E-4	6.642361E+0	6.622005E+0
120.0   	206     	6.085352E+0	1.460652E-3	-4.60E-1   	120.00    	10485.70	24.6 	33.8 	6.082216E+0	2.034987E-6 	1.199020E+7	2.598076E+3	-1.625617E+0	3.523256E-4	6.646862E+0	6.626906E+0
120.0   	207     	6.085120E+0	2.030446E-3	-1.19E-1   	120.00    	10488.27	24.6 	33.8 	6.081747E+0	3.929468E-6 	1.199083E+7	3.625374E+3	-1.625943E+0	8.736895E-5	6.646630E+0	6.626437E+0
120.0   	208     	6.269905E+0	2.520787E-3	1.53E-2    	120.00    	10490.85	24.6 	33.8 	6.267399E+0	6.095327E-6 	1.166527E+7	4.266536E+3	-1.624010E+0	7.000000E-5	6.831415E+0	6.812089E+0
120.0   	209     	6.277035E+0	1.688937E-3	-4.49E-2   	120.00    	10493.47	24.6 	33.8 	6.274865E+0	3.368215E-6 	1.165280E+7	3.004996E+3	-1.623517E+0	2.722744E-4	6.838545E+0	6.819555E+0
120.0   	210     	6.087132E+0	5.404090E-5	-2.98E-1   	120.00    	10496.00	24.6 	33.8 	6.084052E+0	2.364432E-9 	1.198693E+7	5.773503E+1	-1.625533E+0	1.106044E-4	6.648642E+0	6.628742E+0
120.0   	211     	6.087356E+0	2.748954E-4	-2.98E-1   	120.00    	10498.55	24.6 	33.8 	6.083866E+0	9.701381E-8 	1.198690E+7	5.291503E+2	-1.626093E+0	5.686241E-5	6.648866E+0	6.628556E+0
120.0   	212     	6.086683E+0	4.039659E-4	-1.74E-1   	120.00    	10501.16	24.6 	33.8 	6.083763E+0	1.878119E-7 	1.198760E+7	7.549834E+2	-1.625313E+0	7.505553E-5	6.648193E+0	6.628453E+0
120.0   	213     	6.088477E+0	1.015688E-3	-9.51E-2   	120.00    	10503.73	24.6 	33.8 	6.085477E+0	8.493474E-7 	1.198443E+7	1.747379E+3	-1.625417E+0	1.457166E-4	6.649987E+0	6.630167E+0
120.0   	214     	6.087544E+0	1.511896E-3	-2.66E-1   	120.00    	10506.27	24.6 	33.8 	6.084085E+0	2.241996E-6 	1.198653E+7	2.715388E+3	-1.626050E+0	1.014889E-4	6.649054E+0	6.628775E+0
120.0   	215     	6.087965E+0	1.426203E-3	1.09E-2    	120.00    	10508.86	24.6 	33.8 	6.084513E+0	1.921067E-6 	1.198577E+7	2.538372E+3	-1.626040E+0	6.928203E-5	6.649475E+0	6.629203E+0
120.0   	216     	6.088680E+0	2.460628E-3	-2.08E-1   	120.00    	10511.43	24.6 	33.8 	6.085682E+0	5.853068E-6 	1.198407E+7	4.400379E+3	-1.625413E+0	2.589080E-4	6.650190E+0	6.630372E+0
120.0   	217     	6.087789E+0	2.293281E-3	-2.03E-1   	120.00    	10514.01	24.6 	33.8 	6.084873E+0	5.589070E-6 	1.198560E+7	4.203570E+3	-1.625303E+0	1.270171E-4	6.649299E+0	6.629563E+0
120.0   	218     	6.086740E+0	4.872387E-4	-1.94E-1   	120.00    	10516.63	24.6 	33.8 	6.083411E+0	1.480425E-7 	1.198787E+7	7.767453E+2	-1.625877E+0	2.379776E-4	6.648250E+0	6.628101E+0
120.0   	219     	6.085672E+0	1.023148E-3	-3.47E-1   	120.00    	10519.16	24.6 	33.8 	6.082302E+0	1.264903E-6 	1.198983E+7	1.939931E+3	-1.625937E+0	1.446836E-4	6.647182E+0	6.626992E+0
120.0   	220     	6.087663E+0	1.199336E-3	-2.72E-1   	120.00    	10521.74	24.6 	33.8 	6.084629E+0	2.158934E-6 	1.198593E+7	2.409011E+3	-1.625467E+0	3.842308E-4	6.649173E+0	6.629319E+0
120.0   	221     	6.086586E+0	1.987101E-3	-2.91E-2   	120.00    	10524.31	24.6 	33.8 	6.083344E+0	3.074319E-6 	1.198807E+7	3.372437E+3	-1.625757E+0	4.055038E-4	6.648096E+0	6.628034E+0
120.0   	222     	6.084257E+0	2.260429E-3	-5.49E-2   	120.00    	10526.86	24.6 	33.8 	6.081282E+0	4.918854E-6 	1.199203E+7	4.046398E+3	-1.625400E+0	1.322876E-4	6.645767E+0	6.625972E+0
120.0   	223     	6.084897E+0	6.285509E-4	-7.82E-2   	120.00    	10529.43	24.6 	33.8 	6.081527E+0	4.282465E-7 	1.199123E+7	1.159023E+3	-1.625940E+0	4.358899E-5	6.646407E+0	6.626217E+0
120.0   	224     	6.269503E+0	4.512009E-4	-3.94E-1   	120.00    	10532.01	24.6 	33.8 	6.266787E+0	1.589955E-7 	1.166613E+7	7.094599E+2	-1.624300E+0	2.615339E-4	6.831013E+0	6.811477E+0
120.0   	225     	6.278408E+0	5.420555E-4	-2.14E-1   	120.00    	10534.58	24.6 	33.8 	6.275875E+0	1.711562E-7 	1.165077E+7	8.144528E+2	-1.624013E+0	1.814754E-4	6.839918E+0	6.820565E+0
120.0   	226     	6.091436E+0	5.156828E-4	-1.15E-1   	120.00    	10537.16	24.6 	33.8 	6.088136E+0	2.678024E-7 	1.197937E+7	9.291573E+2	-1.625817E+0	1.026320E-4	6.652946E+0	6.632826E+0
120.0   	227     	6.090188E+0	1.844133E-3	2.17E-2    	120.00    	10539.72	24.6 	33.8 	6.087018E+0	3.812431E-6 	1.198150E+7	3.421988E+3	-1.625643E+0	2.444040E-4	6.651698E+0	6.631708E+0
120.0   	228     	6.089252E+0	1.941824E-3	-2.89E-1   	120.00    	10542.33	24.6 	33.8 	6.086328E+0	3.499185E-6 	1.198297E+7	3.438507E+3	-1.625310E+0	1.249000E-4	6.650762E+0	6.631018E+0
120.0   	229     	6.090209E+0	1.327452E-3	1.96E-2    	120.00    	10544.87	24.6 	33.8 	6.086997E+0	1.377312E-6 	1.198150E+7	2.253886E+3	-1.625700E+0	2.523886E-4	6.651719E+0	6.631687E+0
120.0   	230     	6.089264E+0	9.812454E-4	-2.59E-1   	120.00    	10547.44	24.6 	33.8 	6.086131E+0	5.083580E-7 	1.198313E+7	1.527525E+3	-1.625597E+0	3.728717E-4	6.650774E+0	6.630821E+0
120.0   	231     	6.091508E+0	1.945065E-3	-1.78E-1   	120.00    	10550.04	24.6 	33.8 	6.088433E+0	5.090856E-6 	1.197903E+7	3.787259E+3	-1.625507E+0	4.501481E-4	6.653018E+0	6.633123E+0
120.0   	232     	6.089762E+0	1.678811E-3	1.85E-1    	120.00    	10552.58	24.6 	33.8 	6.086816E+0	3.044676E-6 	1.198207E+7	3.082748E+3	-1.625337E+0	2.967041E-4	6.651272E+0	6.631506E+0
120.0   	233     	6.088536E+0	1.509709E-3	1.08E-1    	120.00    	10555.17	24.6 	33.8 	6.085529E+0	2.184102E-6 	1.198433E+7	2.695057E+3	-1.625427E+0	1.050397E-4	6.650046E+0	6.630219E+0
120.0   	234     	6.089068E+0	1.766044E-3	1.49E-1    	120.00    	10557.72	24.6 	33.8 	6.085958E+0	3.525293E-6 	1.198347E+7	3.286842E+3	-1.625567E+0	2.112660E-4	6.650578E+0	6.630648E+0
120.0   	235     	6.087284E+0	1.179315E-3	-2.09E-1   	120.00    	10560.31	24.6 	33.8 	6.084196E+0	1.622598E-6 	1.198667E+7	2.214347E+3	-1.625543E+0	1.563117E-4	6.648794E+0	6.628886E+0
120.0   	236     	6.087619E+0	7.850535E-4	-1.78E-2   	120.00    	10562.90	24.6 	33.8 	6.084415E+0	6.262252E-7 	1.198617E+7	1.418920E+3	-1.625700E+0	1.652271E-4	6.649129E+0	6.629105E+0
120.0   	237     	6.086234E+0	7.962239E-4	-1.33E-1   	120.00    	10565.43	24.6 	33.8 	6.082957E+0	5.090117E-7 	1.198873E+7	1.357694E+3	-1.625807E+0	2.159475E-4	6.647744E+0	6.627647E+0
120.0   	238     	6.085335E+0	2.227297E-3	-6.06E-2   	120.00    	10568.02	24.6 	33.8 	6.081975E+0	4.980300E-6 	1.199043E+7	4.026578E+3	-1.625923E+0	1.738774E-4	6.646845E+0	6.626665E+0
120.0   	239     	6.088249E+0	2.290745E-3	-1.11E-1   	120.00    	10570.59	24.6 	33.8 	6.085153E+0	5.114116E-6 	1.198493E+7	4.105281E+3	-1.625550E+0	2.227106E-4	6.649759E+0	6.629843E+0
120.0   	240     	6.272368E+0	2.369594E-4	-4.14E-1   	120.00    	10573.21	24.6 	33.8 	6.269849E+0	1.018415E-7 	1.166107E+7	4.509250E+2	-1.624017E+0	2.668957E-4	6.833878E+0	6.814539E+0
120.0   	241     	6.469938E+0	1.244764E-3	7.08E-2    	120.00    	10575.74	24.6 	33.8 	6.468362E+0	1.520249E-6 	1.133220E+7	1.997498E+3	-1.621967E+0	1.517674E-4	7.031448E+0	7.013052E+0
120.0   	242     	6.285177E+0	7.490366E-4	2.21E-2    	120.00    	10578.30	24.6 	33.8 	6.282564E+0	4.629640E-7 	1.163930E+7	1.216553E+3	-1.624097E+0	9.291573E-5	6.846687E+0	6.827254E+0
120.0   	243     	6.276291E+0	7.097912E-4	-2.23E-1   	120.00    	10580.90	24.6 	33.8 	6.274084E+0	4.232245E-7 	1.165410E+7	1.126943E+3	-1.623570E+0	4.590207E-4	6.837801E+0	6.818774E+0
120.0   	244     	6.275164E+0	5.563791E-4	-2.66E-1   	120.00    	10583.42	24.6 	33.8 	6.272752E+0	4.464228E-7 	1.165620E+7	1.044031E+3	-1.623860E+0	1.808314E-4	6.836674E+0	6.817442E+0
120.0   	245     	6.275156E+0	1.301734E-3	1.70E-1    	120.00    	10586.00	24.6 	33.8 	6.272526E+0	1.524841E-6 	1.165640E+7	2.165641E+3	-1.624160E+0	8.717798E-5	6.836666E+0	6.817216E+0
120.0   	246     	6.275132E+0	1.400256E-3	-2.55E-1   	120.00    	10588.58	24.6 	33.8 	6.272862E+0	1.709316E-6 	1.165613E+7	2.311565E+3	-1.623663E+0	1.250333E-4	6.836642E+0	6.817552E+0
120.0   	247     	6.279652E+0	9.911841E-4	-8.67E-2   	120.00    	10591.17	24.6 	33.8 	6.277446E+0	8.920510E-7 	1.164837E+7	1.650253E+3	-1.623557E+0	6.110101E-5	6.841162E+0	6.822136E+0
120.0   	248     	6.277998E+0	9.844600E-4	-7.36E-2   	120.00    	10593.75	24.6 	33.8 	6.275855E+0	9.171682E-7 	1.165113E+7	1.656301E+3	-1.623477E+0	5.033223E-5	6.839508E+0	6.820545E+0
120.0   	249     	6.275319E+0	1.028052E-3	-1.68E-1   	120.00    	10596.29	24.6 	33.8 	6.273026E+0	1.115451E-6 	1.165583E+7	1.778576E+3	-1.623693E+0	8.082904E-5	6.836829E+0	6.817716E+0
120.0   	250     	6.281621E+0	5.945584E-4	-2.60E-2   	120.00    	10598.86	24.6 	33.8 	6.279505E+0	2.856244E-7 	1.164493E+7	9.609024E+2	-1.623423E+0	1.069268E-4	6.843131E+0	6.824195E+0
120.0   	251     	6.279780E+0	5.124808E-4	1.49E-1    	120.00    	10601.46	24.6 	33.8 	6.277513E+0	3.698233E-7 	1.164820E+7	9.539392E+2	-1.623640E+0	1.609348E-4	6.841290E+0	6.822203E+0
120.0   	252     	6.276471E+0	1.228562E-3	8.80E-2    	120.00    	10604.01	24.6 	33.8 	6.273905E+0	1.518692E-6 	1.165410E+7	2.100000E+3	-1.624067E+0	3.055050E-5	6.837981E+0	6.818595E+0
120.0   	253     	6.271637E+0	1.989745E-3	-2.73E-1   	120.00    	10606.57	24.6 	33.8 	6.269254E+0	3.711586E-6 	1.166220E+7	3.342155E+3	-1.623833E+0	3.003886E-4	6.833147E+0	6.813944E+0
120.0   	254     	6.275303E+0	6.960989E-4	2.59E-2    	120.00    	10609.15	24.6 	33.8 	6.273003E+0	4.199639E-7 	1.165587E+7	1.137248E+3	-1.623703E+0	2.540341E-4	6.836813E+0	6.817693E+0
120.0   	255     	6.283094E+0	3.696057E-4	2.09E-1    	120.00    	10611.74	24.6 	33.8 	6.280693E+0	1.482247E-7 	1.164267E+7	6.350853E+2	-1.623813E+0	1.616581E-4	6.844604E+0	6.825383E+0
120.0   	256     	6.467570E+0	4.819449E-4	-2.28E-2   	120.00    	10614.31	24.6 	33.8 	6.466104E+0	2.623463E-7 	1.133593E+7	8.020806E+2	-1.621823E+0	7.023769E-5	7.029080E+0	7.010794E+0
120.0   	257     	5.694363E+0	1.478860E-3	-1.18E-1   	120.00    	10616.91	24.6 	33.8 	5.688957E+0	1.697310E-6 	1.274310E+7	2.835489E+3	-1.630437E+0	2.695057E-4	6.255873E+0	6.233647E+0
120.0   	258     	8.146895E+0	3.912808E-4	-1.29E-1   	120.00    	10619.44	24.6 	33.8 	8.149148E+0	8.451473E-8 	9.145660E+6	3.551056E+2	-1.611707E+0	1.908752E-4	8.708405E+0	8.693838E+0
120.0   	259     	1.129774E+1	9.819776E-5	-1.26E-1   	120.00    	10622.02	24.6 	33.8 	1.130547E+1	1.347795E-8 	6.712733E+6	5.773503E+1	-1.598487E+0	1.040833E-4	1.185925E+1	1.185016E+1
120.0   	260     	2.372906E+1	4.911676E-4	-1.74E-1   	120.00    	10624.61	24.6 	33.8 	2.374510E+1	2.463084E-7 	3.276117E+6	6.658328E+1	-1.576467E+0	5.686241E-5	2.429057E+1	2.428979E+1
120.0   	261     	2.823561E+1	1.262565E-3	-6.26E-2   	120.00    	10627.18	24.6 	33.8 	2.825236E+1	1.584311E-6 	2.763387E+6	1.209683E+2	-1.572327E+0	5.131601E-5	2.879712E+1	2.879705E+1
120.0   	262     	3.433366E+1	5.764503E-4	-2.62E-1   	120.00    	10629.75	24.6 	33.8 	3.435014E+1	3.389301E-7 	2.280483E+6	3.785939E+1	-1.567680E+0	2.645751E-5	3.489517E+1	3.489483E+1
120.0   	263     	5.030959E+1	5.135128E-4	-2.16E-1   	120.00    	10632.37	24.6 	33.8 	5.031793E+1	2.309100E-7 	1.564427E+6	1.527525E+1	-1.557887E+0	3.785939E-5	5.087110E+1	5.086262E+1
120.0   	264     	1.102161E+2	4.627793E-4	1.20E-2    	120.00    	10634.90	24.6 	33.8 	1.100497E+2	1.903855E-7 	7.189483E+5	2.886751E+0	-1.530113E+0	1.527525E-5	1.107776E+2	1.105944E+2
140.0   	1       	6.454952E+0	1.444302E-3	1.21E+3    	140.00    	10669.96	24.6 	33.8 	6.453337E+0	1.985032E-6 	1.135647E+7	2.311565E+3	-1.622077E+0	6.806859E-5	7.016462E+0	6.998027E+0
140.0   	2       	6.565909E+0	1.786216E-3	5.85E-1    	140.00    	10672.77	24.6 	33.8 	6.564139E+0	2.634763E-6 	1.117957E+7	2.676440E+3	-1.621890E+0	2.402082E-4	7.127419E+0	7.108829E+0
140.0   	3       	7.391957E-1	6.438153E-4	5.04E-1    	140.00    	10675.73	24.6 	33.8 	6.069657E-1	7.083649E-7 	6.501887E+7	3.870870E+4	-1.916133E+0	5.216640E-4	1.300706E+0	1.151656E+0
140.0   	4       	6.550847E+0	1.778386E-4	-1.41E-1   	140.00    	10678.29	24.6 	33.8 	6.549549E+0	7.822117E-8 	1.120290E+7	3.605551E+2	-1.621290E+0	1.452584E-4	7.112357E+0	7.094239E+0
140.0   	5       	6.310371E+0	1.126110E-3	2.00E-1    	140.00    	10680.90	24.6 	33.8 	6.307798E+0	1.045041E-6 	1.159653E+7	1.814754E+3	-1.623943E+0	1.563117E-4	6.871881E+0	6.852488E+0
140.0   	6       	6.277635E+0	2.273583E-3	-6.40E-2   	140.00    	10683.50	24.6 	33.8 	6.274891E+0	5.577105E-6 	1.165227E+7	3.952636E+3	-1.624307E+0	2.055075E-4	6.839145E+0	6.819581E+0
140.0   	7       	6.260374E+0	1.034346E-3	2.77E-1    	140.00    	10686.05	24.6 	33.8 	6.257737E+0	1.418985E-6 	1.168170E+7	1.907878E+3	-1.624227E+0	2.302897E-4	6.821884E+0	6.802427E+0
140.0   	8       	6.258060E+0	6.504555E-4	2.31E-2    	140.00    	10688.65	24.6 	33.8 	6.256357E+0	4.921410E-7 	1.168487E+7	1.159023E+3	-1.622937E+0	1.069268E-4	6.819570E+0	6.801047E+0
140.0   	9       	6.253563E+0	5.127789E-4	6.81E-2    	140.00    	10691.20	24.6 	33.8 	6.251381E+0	3.533447E-7 	1.169300E+7	9.165151E+2	-1.623623E+0	4.291076E-4	6.815073E+0	6.796071E+0
140.0   	10      	6.253084E+0	8.670891E-4	1.47E-1    	140.00    	10693.79	24.6 	33.8 	6.250618E+0	8.014515E-7 	1.169407E+7	1.514376E+3	-1.624020E+0	4.358899E-5	6.814594E+0	6.795308E+0
140.0   	11      	6.254516E+0	1.235438E-3	2.24E-1    	140.00    	10696.39	24.6 	33.8 	6.251787E+0	1.256008E-6 	1.169183E+7	2.023199E+3	-1.624377E+0	1.582193E-4	6.816026E+0	6.796477E+0
140.0   	12      	6.284531E+0	1.881561E-3	1.28E-1    	140.00    	10698.97	24.6 	33.8 	6.281801E+0	3.684612E-6 	1.164050E+7	3.235738E+3	-1.624260E+0	6.082763E-5	6.846041E+0	6.826491E+0
140.0   	13      	6.256339E+0	7.702010E-4	2.47E-1    	140.00    	10701.49	24.6 	33.8 	6.253419E+0	6.160643E-7 	1.168887E+7	1.331666E+3	-1.624630E+0	1.539480E-4	6.817849E+0	6.798109E+0
140.0   	14      	6.522894E+0	1.532484E-3	2.40E-1    	140.00    	10704.07	24.6 	33.8 	6.521169E+0	2.312970E-6 	1.124750E+7	2.426932E+3	-1.621983E+0	6.027714E-5	7.084404E+0	7.065859E+0
140.0   	15      	9.479010E-1	2.618713E-4	1.76E-1    	140.00    	10706.66	24.6 	33.8 	9.145354E-1	2.172307E-9 	5.361980E+7	3.815757E+3	-1.754163E+0	5.529316E-4	1.509411E+0	1.459225E+0
140.0   	16      	6.719740E+0	5.750937E-4	4.94E-2    	140.00    	10709.23	24.6 	33.8 	6.718200E+0	3.169841E-7 	1.094290E+7	8.544004E+2	-1.621033E+0	1.040833E-4	7.281250E+0	7.262890E+0
140.0   	17      	6.271641E+0	1.630180E-3	1.46E-1    	140.00    	10711.82	24.6 	33.8 	6.268821E+0	2.346743E-6 	1.166257E+7	2.700617E+3	-1.624433E+0	1.975686E-4	6.833151E+0	6.813511E+0
140.0   	18      	6.087972E+0	1.334678E-3	-2.34E-1   	140.00    	10714.39	24.6 	33.8 	6.084137E+0	1.927504E-6 	1.198610E+7	2.457641E+3	-1.626560E+0	9.165151E-5	6.649482E+0	6.628827E+0
140.0   	19      	6.364791E+0	1.733616E-3	1.27E-1    	140.00    	10716.92	24.6 	33.8 	6.363449E+0	2.819042E-6 	1.150427E+7	2.836077E+3	-1.622027E+0	1.616581E-4	6.926301E+0	6.908139E+0
140.0   	20      	6.078768E+0	2.320423E-3	-1.25E-1   	140.00    	10719.51	24.6 	33.8 	6.075088E+0	5.189648E-6 	1.200260E+7	4.158125E+3	-1.626387E+0	2.902298E-4	6.640278E+0	6.619778E+0
140.0   	21      	6.069551E+0	4.687837E-4	1.39E-1    	140.00    	10722.08	24.6 	33.8 	6.065550E+0	2.309879E-7 	1.201960E+7	8.544004E+2	-1.626860E+0	1.682260E-4	6.631061E+0	6.610240E+0
140.0   	22      	6.076920E+0	1.932583E-3	-2.30E-1   	140.00    	10724.67	24.6 	33.8 	6.073253E+0	2.845900E-6 	1.200593E+7	3.271595E+3	-1.626377E+0	4.473626E-4	6.638430E+0	6.617943E+0
140.0   	23      	6.075654E+0	1.333578E-3	2.06E-1    	140.00    	10727.23	24.6 	33.8 	6.072275E+0	2.102025E-6 	1.200797E+7	2.514624E+3	-1.625990E+0	3.364521E-4	6.637164E+0	6.616965E+0
140.0   	24      	6.073157E+0	1.302706E-3	1.09E-1    	140.00    	10729.78	24.6 	33.8 	6.070210E+0	2.082049E-6 	1.201210E+7	2.487971E+3	-1.625407E+0	2.409011E-4	6.634667E+0	6.614900E+0
140.0   	25      	6.064212E+0	2.365864E-3	-9.07E-2   	140.00    	10732.39	24.6 	33.8 	6.060835E+0	5.948380E-6 	1.202873E+7	4.366158E+3	-1.626037E+0	1.871719E-4	6.625722E+0	6.605525E+0
140.0   	26      	6.114944E+0	5.667930E-4	2.72E-1    	140.00    	10734.92	24.6 	33.8 	6.111669E+0	3.111362E-7 	1.193710E+7	1.000000E+3	-1.625687E+0	1.792577E-4	6.676454E+0	6.656359E+0
140.0   	27      	6.064151E+0	1.425385E-3	-4.84E-2   	140.00    	10737.51	24.6 	33.8 	6.060602E+0	2.354982E-6 	1.202900E+7	2.690725E+3	-1.626270E+0	1.652271E-4	6.625661E+0	6.605292E+0
140.0   	28      	6.067600E+0	1.538906E-3	7.33E-2    	140.00    	10740.07	24.6 	33.8 	6.064013E+0	2.284250E-6 	1.202277E+7	2.764658E+3	-1.626307E+0	2.579406E-4	6.629110E+0	6.608703E+0
140.0   	29      	6.066186E+0	5.449292E-4	1.51E-1    	140.00    	10742.67	24.6 	33.8 	6.062602E+0	2.632317E-7 	1.202533E+7	9.609024E+2	-1.626310E+0	5.567764E-5	6.627696E+0	6.607292E+0
140.0   	30      	6.068920E+0	1.299721E-3	-1.69E-1   	140.00    	10745.21	24.6 	33.8 	6.065630E+0	1.641742E-6 	1.202010E+7	2.343075E+3	-1.625897E+0	5.507571E-5	6.630430E+0	6.610320E+0
140.0   	31      	6.350558E+0	5.303351E-4	2.14E-1    	140.00    	10747.78	24.6 	33.8 	6.347286E+0	3.214362E-7 	1.152960E+7	9.165151E+2	-1.624737E+0	5.131601E-5	6.912068E+0	6.891976E+0
140.0   	32      	6.263560E+0	1.143025E-3	-1.38E-1   	140.00    	10750.37	24.6 	33.8 	6.261045E+0	1.098983E-6 	1.167613E+7	1.877054E+3	-1.624047E+0	1.305118E-4	6.825070E+0	6.805735E+0
140.0   	33      	6.260279E+0	6.076343E-4	3.93E-2    	140.00    	10752.93	24.6 	33.8 	6.257287E+0	6.034775E-7 	1.168217E+7	1.184624E+3	-1.624713E+0	2.650157E-4	6.821789E+0	6.801977E+0
140.0   	34      	6.077866E+0	8.774390E-4	1.80E-1    	140.00    	10755.52	24.6 	33.8 	6.074295E+0	7.812465E-7 	1.200413E+7	1.594783E+3	-1.626243E+0	1.527525E-5	6.639376E+0	6.618985E+0
140.0   	35      	6.070585E+0	1.590871E-3	1.39E-1    	140.00    	10758.09	24.6 	33.8 	6.067197E+0	2.780786E-6 	1.201717E+7	2.948446E+3	-1.626023E+0	3.579572E-4	6.632095E+0	6.611887E+0
140.0   	36      	6.075257E+0	2.542081E-3	-3.20E-1   	140.00    	10760.65	24.6 	33.8 	6.071532E+0	5.973277E-6 	1.200900E+7	4.517743E+3	-1.626463E+0	1.877054E-4	6.636767E+0	6.616222E+0
140.0   	37      	6.074393E+0	5.699345E-4	2.02E-1    	140.00    	10763.24	24.6 	33.8 	6.070703E+0	3.130187E-7 	1.201053E+7	1.006645E+3	-1.626420E+0	2.778489E-4	6.635903E+0	6.615393E+0
140.0   	38      	6.068008E+0	6.786661E-4	-6.75E-2   	140.00    	10765.81	24.6 	33.8 	6.064266E+0	3.792698E-7 	1.202217E+7	1.171893E+3	-1.626517E+0	1.607275E-4	6.629518E+0	6.608956E+0
140.0   	39      	6.074699E+0	1.243536E-3	2.35E-1    	140.00    	10768.36	24.6 	33.8 	6.071096E+0	1.483405E-6 	1.200990E+7	2.227106E+3	-1.626300E+0	1.905256E-4	6.636209E+0	6.615786E+0
140.0   	40      	6.073054E+0	5.399579E-4	5.50E-2    	140.00    	10770.93	24.6 	33.8 	6.069762E+0	2.628788E-7 	1.201260E+7	9.539392E+2	-1.625883E+0	5.859465E-5	6.634564E+0	6.614452E+0
140.0   	41      	6.065204E+0	8.395822E-4	-1.07E-1   	140.00    	10773.50	24.6 	33.8 	6.061896E+0	7.744106E-7 	1.202687E+7	1.553491E+3	-1.625937E+0	2.657693E-4	6.626714E+0	6.606586E+0
140.0   	42      	6.067930E+0	2.480668E-4	1.75E-2    	140.00    	10776.08	24.6 	33.8 	6.064270E+0	4.809842E-7 	1.202223E+7	8.504901E+2	-1.626403E+0	6.208328E-4	6.629440E+0	6.608960E+0
140.0   	43      	6.070496E+0	4.567101E-4	-4.35E-2   	140.00    	10778.66	24.6 	33.8 	6.066845E+0	2.601246E-7 	1.201757E+7	8.736895E+2	-1.626383E+0	1.401190E-4	6.632006E+0	6.611535E+0
140.0   	44      	6.069951E+0	2.262519E-3	-9.80E-2   	140.00    	10781.24	24.6 	33.8 	6.066436E+0	4.847070E-6 	1.201843E+7	4.050103E+3	-1.626200E+0	1.249000E-4	6.631461E+0	6.611126E+0
140.0   	45      	6.073820E+0	1.391669E-3	2.26E-1    	140.00    	10783.81	24.6 	33.8 	6.070247E+0	1.990073E-6 	1.201147E+7	2.540341E+3	-1.626263E+0	7.234178E-5	6.635330E+0	6.614937E+0
140.0   	46      	6.063314E+0	1.195091E-3	-9.79E-2   	140.00    	10786.35	24.6 	33.8 	6.060192E+0	1.428438E-6 	1.203013E+7	2.173323E+3	-1.625690E+0	3.464102E-5	6.624824E+0	6.604882E+0
140.0   	47      	6.070267E+0	4.869126E-5	1.65E-2    	140.00    	10788.93	24.6 	33.8 	6.066486E+0	6.419970E-9 	1.201810E+7	1.000000E+2	-1.626560E+0	1.000000E-4	6.631777E+0	6.611176E+0
140.0   	48      	6.529473E+0	1.478646E-3	-5.36E-2   	140.00    	10791.51	24.6 	33.8 	6.527812E+0	2.129780E-6 	1.123700E+7	2.330236E+3	-1.621870E+0	1.153256E-4	7.090983E+0	7.072502E+0
140.0   	49      	6.305414E+0	7.835236E-4	1.90E-1    	140.00    	10794.07	24.6 	33.8 	6.303018E+0	5.097812E-7 	1.160477E+7	1.266228E+3	-1.623720E+0	1.178983E-4	6.866924E+0	6.847708E+0
140.0   	50      	6.077020E+0	1.807823E-3	6.41E-3    	140.00    	10796.63	24.6 	33.8 	6.073117E+0	3.401214E-6 	1.200597E+7	3.308071E+3	-1.626697E+0	5.686241E-5	6.638530E+0	6.617807E+0
140.0   	51      	6.070590E+0	7.206460E-4	-9.13E-2   	140.00    	10799.24	24.6 	33.8 	6.067484E+0	5.598285E-7 	1.201690E+7	1.322876E+3	-1.625637E+0	2.500667E-4	6.632100E+0	6.612174E+0
140.0   	52      	6.070454E+0	2.457171E-3	1.32E-1    	140.00    	10801.78	24.6 	33.8 	6.066815E+0	6.074913E-6 	1.201763E+7	4.465796E+3	-1.626367E+0	1.274101E-4	6.631964E+0	6.611505E+0
140.0   	53      	6.067467E+0	1.780809E-3	9.80E-2    	140.00    	10804.37	24.6 	33.8 	6.063413E+0	3.090088E-6 	1.202343E+7	3.214550E+3	-1.626940E+0	4.358899E-5	6.628977E+0	6.608103E+0
140.0   	54      	6.072062E+0	1.952887E-3	-1.20E-1   	140.00    	10806.94	24.6 	33.8 	6.068513E+0	3.488582E-6 	1.201463E+7	3.464583E+3	-1.626237E+0	1.357694E-4	6.633572E+0	6.613203E+0
140.0   	55      	6.073444E+0	6.925181E-4	-2.92E-1   	140.00    	10809.52	24.6 	33.8 	6.069776E+0	3.706684E-7 	1.201223E+7	1.171893E+3	-1.626393E+0	2.307235E-4	6.634954E+0	6.614466E+0
140.0   	56      	6.069476E+0	5.136923E-4	-9.35E-2   	140.00    	10812.09	24.6 	33.8 	6.066358E+0	3.131700E-7 	1.201893E+7	9.712535E+2	-1.625657E+0	1.331666E-4	6.630986E+0	6.611048E+0
140.0   	57      	6.065403E+0	2.211599E-3	1.20E-1    	140.00    	10814.67	24.6 	33.8 	6.062247E+0	4.622790E-6 	1.202637E+7	3.962743E+3	-1.625727E+0	9.073772E-5	6.626913E+0	6.606937E+0
140.0   	58      	6.067365E+0	8.330440E-4	-1.76E-1   	140.00    	10817.25	24.6 	33.8 	6.063954E+0	7.415346E-7 	1.202303E+7	1.537314E+3	-1.626070E+0	1.126943E-4	6.628875E+0	6.608644E+0
140.0   	59      	6.068071E+0	2.419631E-3	4.76E-3    	140.00    	10819.80	24.6 	33.8 	6.064203E+0	4.700092E-6 	1.202217E+7	4.164533E+3	-1.626687E+0	3.423935E-4	6.629581E+0	6.608893E+0
140.0   	60      	6.070767E+0	6.684105E-4	1.62E-1    	140.00    	10822.42	24.6 	33.8 	6.067014E+0	3.587809E-7 	1.201717E+7	1.137248E+3	-1.626520E+0	2.696294E-4	6.632277E+0	6.611704E+0
140.0   	61      	6.360837E+0	1.712684E-3	-2.56E-1   	140.00    	10824.98	24.6 	33.8 	6.358592E+0	2.786274E-6 	1.151160E+7	2.816026E+3	-1.623300E+0	7.000000E-5	6.922347E+0	6.903282E+0
140.0   	62      	6.361101E+0	1.227842E-3	-2.06E-1   	140.00    	10827.57	24.6 	33.8 	6.359448E+0	1.398210E-6 	1.151067E+7	2.003331E+3	-1.622477E+0	1.975686E-4	6.922611E+0	6.904138E+0
140.0   	63      	6.344879E+0	8.824516E-4	1.18E-1    	140.00    	10830.14	24.6 	33.8 	6.342516E+0	1.004521E-6 	1.153833E+7	1.569501E+3	-1.623523E+0	3.007214E-4	6.906389E+0	6.887206E+0
140.0   	64      	9.864700E-1	2.970537E-3	-4.48E-2   	140.00    	10832.67	24.6 	33.8 	9.039492E-1	3.216308E-6 	5.314080E+7	8.367909E+4	-1.826910E+0	1.389352E-3	1.547980E+0	1.448639E+0
140.0   	65      	6.330904E+0	9.539742E-4	3.25E-1    	140.00    	10835.26	24.6 	33.8 	6.328257E+0	1.026665E-6 	1.156200E+7	1.652271E+3	-1.623967E+0	8.504901E-5	6.892414E+0	6.872947E+0
140.0   	66      	6.072551E+0	9.847167E-4	-1.59E-1   	140.00    	10837.82	24.6 	33.8 	6.068942E+0	1.489614E-6 	1.201380E+7	2.000000E+3	-1.626317E+0	3.271595E-4	6.634061E+0	6.613632E+0
140.0   	67      	6.086930E+0	1.907524E-3	2.87E-1    	140.00    	10840.42	24.6 	33.8 	6.083260E+0	3.740621E-6 	1.198783E+7	3.467468E+3	-1.626340E+0	1.700000E-4	6.648440E+0	6.627950E+0
140.0   	68      	6.077513E+0	2.299924E-3	6.10E-2    	140.00    	10842.99	24.6 	33.8 	6.073913E+0	5.790669E-6 	1.200480E+7	4.257934E+3	-1.626283E+0	3.056687E-4	6.639023E+0	6.618603E+0
140.0   	69      	6.070763E+0	2.770090E-4	1.77E-2    	140.00    	10845.55	24.6 	33.8 	6.067055E+0	8.677558E-8 	1.201713E+7	5.131601E+2	-1.626460E+0	1.153256E-4	6.632273E+0	6.611745E+0
140.0   	70      	6.073247E+0	2.060378E-3	-1.73E-1   	140.00    	10848.12	24.6 	33.8 	6.070084E+0	4.436222E-6 	1.201213E+7	3.775359E+3	-1.625703E+0	1.908752E-4	6.634757E+0	6.614774E+0
140.0   	71      	6.070929E+0	1.312013E-3	-1.08E-1   	140.00    	10850.70	24.6 	33.8 	6.067514E+0	1.719340E-6 	1.201657E+7	2.379776E+3	-1.626060E+0	3.605551E-5	6.632439E+0	6.612204E+0
140.0   	72      	6.068655E+0	1.617419E-4	-5.23E-2   	140.00    	10853.30	24.6 	33.8 	6.065307E+0	8.480751E-8 	1.202063E+7	4.041452E+2	-1.625977E+0	2.122106E-4	6.630165E+0	6.609997E+0
140.0   	73      	6.070148E+0	8.159793E-4	1.77E-1    	140.00    	10855.84	24.6 	33.8 	6.066862E+0	6.325658E-7 	1.201787E+7	1.457166E+3	-1.625887E+0	1.861003E-4	6.631658E+0	6.611552E+0
140.0   	74      	6.068294E+0	2.427852E-3	-6.03E-2   	140.00    	10858.43	24.6 	33.8 	6.064861E+0	4.924462E-6 	1.202137E+7	4.209909E+3	-1.626093E+0	4.994330E-4	6.629804E+0	6.609551E+0
140.0   	75      	6.069575E+0	3.225776E-3	2.22E-1    	140.00    	10860.98	24.6 	33.8 	6.066041E+0	9.412762E-6 	1.201913E+7	5.701169E+3	-1.626227E+0	5.428014E-4	6.631085E+0	6.610731E+0
140.0   	76      	6.357891E+0	2.962361E-4	-2.82E-1   	140.00    	10863.59	24.6 	33.8 	6.355933E+0	2.614403E-7 	1.151627E+7	6.658328E+2	-1.622913E+0	3.423935E-4	6.919401E+0	6.900623E+0
140.0   	77      	7.290043E-1	1.587558E-3	-8.24E-2   	140.00    	10866.13	24.6 	33.8 	6.068752E-1	3.626213E-6 	6.527773E+7	9.386876E+4	-1.905120E+0	7.014984E-4	1.290514E+0	1.151565E+0
140.0   	78      	7.324530E-1	2.478089E-3	1.91E-1    	140.00    	10868.71	24.6 	33.8 	6.075837E-1	2.496649E-6 	6.517067E+7	1.054857E+5	-1.908060E+0	1.131194E-3	1.293963E+0	1.152274E+0
140.0   	79      	6.364262E+0	1.866452E-3	-4.96E-2   	140.00    	10871.28	24.6 	33.8 	6.362015E+0	3.656959E-6 	1.150590E+7	3.143247E+3	-1.623290E+0	9.539392E-5	6.925772E+0	6.906705E+0
140.0   	80      	6.590067E+0	9.953140E-4	1.36E-1    	140.00    	10873.87	24.6 	33.8 	6.588236E+0	7.599077E-7 	1.114180E+7	1.452584E+3	-1.621887E+0	2.433790E-4	7.151577E+0	7.132926E+0
140.0   	81      	6.314250E+0	1.093832E-3	-2.25E-1   	140.00    	10876.44	24.6 	33.8 	6.311143E+0	1.277557E-6 	1.159043E+7	1.877054E+3	-1.624657E+0	7.094599E-5	6.875760E+0	6.855833E+0
140.0   	82      	6.097584E+0	1.173147E-3	2.94E-1    	140.00    	10879.02	24.6 	33.8 	6.093977E+0	1.633881E-6 	1.196857E+7	2.203028E+3	-1.626210E+0	2.426932E-4	6.659094E+0	6.638667E+0
140.0   	83      	6.095773E+0	1.460374E-3	6.00E-3    	140.00    	10881.56	24.6 	33.8 	6.092270E+0	2.139397E-6 	1.197173E+7	2.631223E+3	-1.626077E+0	1.040833E-4	6.657283E+0	6.636960E+0
140.0   	84      	6.141728E+0	1.349036E-3	-1.84E-1   	140.00    	10884.14	24.6 	33.8 	6.138151E+0	1.697064E-6 	1.188960E+7	2.351595E+3	-1.625987E+0	2.081666E-4	6.703238E+0	6.682841E+0
140.0   	85      	6.096694E+0	1.282792E-3	1.35E-1    	140.00    	10886.72	24.6 	33.8 	6.093126E+0	1.915366E-6 	1.197013E+7	2.396525E+3	-1.626160E+0	2.685144E-4	6.658204E+0	6.637816E+0
140.0   	86      	6.097012E+0	7.202625E-4	2.27E-2    	140.00    	10889.28	24.6 	33.8 	6.093622E+0	6.748998E-7 	1.196940E+7	1.385641E+3	-1.625917E+0	1.887679E-4	6.658522E+0	6.638312E+0
140.0   	87      	6.097747E+0	7.921400E-4	-2.55E-2   	140.00    	10891.86	24.6 	33.8 	6.094443E+0	5.831585E-7 	1.196800E+7	1.400000E+3	-1.625797E+0	5.033223E-5	6.659257E+0	6.639133E+0
140.0   	88      	6.098348E+0	1.063409E-3	-3.34E-1   	140.00    	10894.43	24.6 	33.8 	6.094990E+0	1.141894E-6 	1.196697E+7	1.913984E+3	-1.625867E+0	2.003331E-4	6.659858E+0	6.639680E+0
140.0   	89      	6.098002E+0	1.844018E-3	2.93E-1    	140.00    	10896.99	24.6 	33.8 	6.094891E+0	3.426369E-6 	1.196737E+7	3.323151E+3	-1.625530E+0	1.951922E-4	6.659512E+0	6.639581E+0
140.0   	90      	6.097904E+0	8.602802E-4	-1.73E-1   	140.00    	10899.56	24.6 	33.8 	6.094545E+0	5.764575E-7 	1.196777E+7	1.457166E+3	-1.625870E+0	1.400000E-4	6.659414E+0	6.639235E+0
140.0   	91      	6.094905E+0	1.035837E-3	-3.10E-2   	140.00    	10902.16	24.6 	33.8 	6.091546E+0	1.037416E-6 	1.197317E+7	1.850225E+3	-1.625883E+0	4.509250E-5	6.656415E+0	6.636236E+0
140.0   	92      	6.098801E+0	1.170839E-3	4.88E-2    	140.00    	10904.71	24.6 	33.8 	6.095574E+0	1.168066E-6 	1.196603E+7	2.025669E+3	-1.625687E+0	1.205543E-4	6.660311E+0	6.640264E+0
140.0   	93      	6.416297E+0	1.250836E-3	5.34E-2    	140.00    	10907.28	24.6 	33.8 	6.413945E+0	1.380803E-6 	1.142007E+7	1.985783E+3	-1.623237E+0	1.761628E-4	6.977807E+0	6.958635E+0
140.0   	94      	6.386761E+0	1.411535E-3	-7.91E-2   	140.00    	10909.88	24.6 	33.8 	6.384464E+0	1.885770E-6 	1.146863E+7	2.300725E+3	-1.623273E+0	1.001665E-4	6.948271E+0	6.929154E+0
140.0   	95      	6.095444E+0	1.808337E-3	-2.25E-1   	140.00    	10912.42	24.6 	33.8 	6.091785E+0	3.102807E-6 	1.197247E+7	3.214550E+3	-1.626290E+0	6.000000E-5	6.656954E+0	6.636475E+0
140.0   	96      	6.299076E+0	6.997992E-4	1.66E-1    	140.00    	10914.99	24.6 	33.8 	6.296015E+0	4.635769E-7 	1.161607E+7	1.167619E+3	-1.624653E+0	1.327906E-4	6.860586E+0	6.840705E+0
140.0   	97      	6.300115E+0	3.378565E-3	1.32E-1    	140.00    	10917.58	24.6 	33.8 	6.297298E+0	1.001736E-5 	1.161410E+7	5.543465E+3	-1.624317E+0	3.066486E-4	6.861625E+0	6.841988E+0
140.0   	98      	6.096968E+0	1.164593E-3	1.57E-1    	140.00    	10920.15	24.6 	33.8 	6.093407E+0	1.479757E-6 	1.196963E+7	2.138535E+3	-1.626150E+0	2.300000E-4	6.658478E+0	6.638097E+0
140.0   	99      	6.095670E+0	1.540889E-3	-1.27E-1   	140.00    	10922.73	24.6 	33.8 	6.092188E+0	3.224766E-6 	1.197190E+7	3.004996E+3	-1.626047E+0	3.552933E-4	6.657180E+0	6.636878E+0
140.0   	100     	6.116338E+0	4.081282E-4	-1.31E-1   	140.00    	10925.27	24.6 	33.8 	6.112882E+0	1.514843E-7 	1.193477E+7	7.094599E+2	-1.625927E+0	1.184624E-4	6.677848E+0	6.657572E+0
140.0   	101     	6.097457E+0	8.063132E-4	7.51E-2    	140.00    	10927.87	24.6 	33.8 	6.094288E+0	6.448217E-7 	1.196840E+7	1.442221E+3	-1.625613E+0	2.025669E-4	6.658967E+0	6.638978E+0
140.0   	102     	6.097374E+0	1.294024E-3	2.80E-1    	140.00    	10930.41	24.6 	33.8 	6.094039E+0	2.060784E-6 	1.196870E+7	2.455606E+3	-1.625840E+0	2.306513E-4	6.658884E+0	6.638729E+0
140.0   	103     	6.093038E+0	1.041460E-3	1.68E-1    	140.00    	10932.99	24.6 	33.8 	6.089862E+0	1.079164E-6 	1.197637E+7	1.871719E+3	-1.625640E+0	1.670329E-4	6.654548E+0	6.634552E+0
140.0   	104     	6.093088E+0	8.761495E-4	-1.28E-1   	140.00    	10935.56	24.6 	33.8 	6.090033E+0	1.029737E-6 	1.197617E+7	1.703917E+3	-1.625473E+0	1.985783E-4	6.654598E+0	6.634723E+0
140.0   	105     	6.096761E+0	8.534322E-4	-2.74E-1   	140.00    	10938.17	24.6 	33.8 	6.093577E+0	8.955797E-7 	1.196967E+7	1.619671E+3	-1.625637E+0	1.450287E-4	6.658271E+0	6.638267E+0
140.0   	106     	6.097803E+0	9.759391E-4	3.38E-1    	140.00    	10940.70	24.6 	33.8 	6.094535E+0	8.431669E-7 	1.196787E+7	1.703917E+3	-1.625747E+0	1.026320E-4	6.659313E+0	6.639225E+0
140.0   	107     	6.092805E+0	5.522265E-4	-9.34E-2   	140.00    	10943.29	24.6 	33.8 	6.089688E+0	3.902038E-7 	1.197673E+7	1.059874E+3	-1.625560E+0	1.216553E-4	6.654315E+0	6.634378E+0
140.0   	108     	6.095455E+0	1.283074E-3	-2.04E-1   	140.00    	10945.89	24.6 	33.8 	6.092070E+0	1.909101E-6 	1.197220E+7	2.400000E+3	-1.625917E+0	1.404754E-4	6.656965E+0	6.636760E+0
140.0   	109     	6.111048E+0	9.451575E-4	3.57E-2    	140.00    	10948.43	24.6 	33.8 	6.107380E+0	9.443294E-7 	1.194443E+7	1.715615E+3	-1.626237E+0	1.514376E-4	6.672558E+0	6.652070E+0
140.0   	110     	6.093896E+0	1.648093E-3	-6.93E-3   	140.00    	10951.01	24.6 	33.8 	6.090520E+0	2.174724E-6 	1.197500E+7	2.800000E+3	-1.625910E+0	4.750789E-4	6.655406E+0	6.635210E+0
140.0   	111     	6.085514E+0	2.256430E-3	-2.57E-1   	140.00    	10953.58	24.6 	33.8 	6.081797E+0	5.210926E-6 	1.199043E+7	4.100406E+3	-1.626410E+0	4.582576E-5	6.647024E+0	6.626487E+0
140.0   	112     	6.291056E+0	3.450364E-4	1.30E-1    	140.00    	10956.17	24.6 	33.8 	6.288404E+0	6.571913E-8 	1.162933E+7	5.033223E+2	-1.624127E+0	1.855622E-4	6.852566E+0	6.833094E+0
140.0   	113     	6.283979E+0	1.695896E-3	-2.88E-1   	140.00    	10958.73	24.6 	33.8 	6.280945E+0	3.141237E-6 	1.164170E+7	2.951271E+3	-1.624677E+0	2.150194E-4	6.845489E+0	6.825635E+0
140.0   	114     	6.083966E+0	1.876890E-3	-5.29E-2   	140.00    	10961.28	24.6 	33.8 	6.080172E+0	3.054250E-6 	1.199330E+7	3.274141E+3	-1.626520E+0	2.306513E-4	6.645476E+0	6.624862E+0
140.0   	115     	6.083554E+0	1.009130E-3	-1.13E-1   	140.00    	10963.89	24.6 	33.8 	6.079919E+0	8.761694E-7 	1.199390E+7	1.757840E+3	-1.626307E+0	9.865766E-5	6.645064E+0	6.624609E+0
140.0   	116     	6.101311E+0	7.625358E-4	3.13E-2    	140.00    	10966.43	24.6 	33.8 	6.097513E+0	8.294442E-7 	1.196203E+7	1.504438E+3	-1.626453E+0	2.042874E-4	6.662821E+0	6.642203E+0
140.0   	117     	6.082840E+0	7.594726E-4	1.49E-1    	140.00    	10969.02	24.6 	33.8 	6.079269E+0	8.179316E-7 	1.199513E+7	1.504438E+3	-1.626223E+0	2.003331E-4	6.644350E+0	6.623959E+0
140.0   	118     	6.082273E+0	1.062505E-3	-9.59E-2   	140.00    	10971.59	24.6 	33.8 	6.078656E+0	1.248756E-6 	1.199620E+7	1.969772E+3	-1.626287E+0	1.429452E-4	6.643783E+0	6.623346E+0
140.0   	119     	6.083071E+0	6.618400E-4	4.97E-2    	140.00    	10974.18	24.6 	33.8 	6.079628E+0	2.716104E-7 	1.199460E+7	1.058301E+3	-1.626047E+0	2.973774E-4	6.644581E+0	6.624318E+0
140.0   	120     	6.082690E+0	5.588444E-4	2.62E-2    	140.00    	10976.75	24.6 	33.8 	6.079197E+0	1.630964E-7 	1.199533E+7	8.504901E+2	-1.626117E+0	3.470351E-4	6.644200E+0	6.623887E+0
140.0   	121     	6.082364E+0	7.407530E-4	1.82E-1    	140.00    	10979.30	24.6 	33.8 	6.078897E+0	5.810782E-7 	1.199590E+7	1.352775E+3	-1.626083E+0	1.985783E-4	6.643874E+0	6.623587E+0
140.0   	122     	6.081123E+0	1.252977E-3	1.02E-1    	140.00    	10981.90	24.6 	33.8 	6.077779E+0	1.400929E-6 	1.199803E+7	2.196209E+3	-1.625920E+0	2.858321E-4	6.642633E+0	6.622469E+0
140.0   	123     	6.080513E+0	1.902740E-3	-2.01E-1   	140.00    	10984.45	24.6 	33.8 	6.077136E+0	3.938435E-6 	1.199917E+7	3.516153E+3	-1.625967E+0	1.285820E-4	6.642023E+0	6.621826E+0
140.0   	124     	6.082154E+0	6.804689E-4	9.20E-4    	140.00    	10987.03	24.6 	33.8 	6.078701E+0	4.203061E-7 	1.199627E+7	1.201388E+3	-1.626063E+0	4.618802E-5	6.643664E+0	6.623391E+0
140.0   	125     	6.085482E+0	1.558047E-3	3.27E-1    	140.00    	10989.62	24.6 	33.8 	6.081681E+0	2.741313E-6 	1.199057E+7	2.902298E+3	-1.626523E+0	1.709776E-4	6.646992E+0	6.626371E+0
140.0   	126     	6.079938E+0	2.157122E-3	-1.92E-1   	140.00    	10992.18	24.6 	33.8 	6.076238E+0	4.465251E-6 	1.200050E+7	3.862642E+3	-1.626410E+0	1.743560E-4	6.641448E+0	6.620928E+0
140.0   	127     	6.081364E+0	2.186149E-3	4.95E-2    	140.00    	10994.76	24.6 	33.8 	6.077723E+0	3.861030E-6 	1.199787E+7	3.754109E+3	-1.626323E+0	3.126233E-4	6.642874E+0	6.622413E+0
140.0   	128     	6.270833E+0	1.044220E-3	-3.24E-2   	140.00    	10997.35	24.6 	33.8 	6.267602E+0	1.051204E-6 	1.166430E+7	1.769181E+3	-1.624997E+0	2.309401E-5	6.832343E+0	6.812292E+0
140.0   	129     	6.269763E+0	1.296826E-3	-1.83E-2   	140.00    	10999.92	24.6 	33.8 	6.267190E+0	1.549728E-6 	1.166557E+7	2.173323E+3	-1.624103E+0	6.658328E-5	6.831273E+0	6.811880E+0
140.0   	130     	6.083399E+0	3.446049E-4	9.57E-2    	140.00    	11002.50	24.6 	33.8 	6.080000E+0	2.560586E-7 	1.199397E+7	7.637626E+2	-1.625987E+0	2.608320E-4	6.644909E+0	6.624690E+0
140.0   	131     	6.079433E+0	1.019363E-3	8.18E-2    	140.00    	11005.08	24.6 	33.8 	6.076079E+0	1.245491E-6 	1.200110E+7	1.931321E+3	-1.625940E+0	1.734935E-4	6.640943E+0	6.620769E+0
140.0   	132     	6.085200E+0	1.045967E-3	-1.39E-1   	140.00    	11007.65	24.6 	33.8 	6.081667E+0	1.178269E-6 	1.199083E+7	1.921805E+3	-1.626160E+0	1.928730E-4	6.646710E+0	6.626357E+0
140.0   	133     	6.075031E+0	4.702820E-4	-5.61E-2   	140.00    	11010.19	24.6 	33.8 	6.071610E+0	1.335871E-7 	1.200913E+7	7.571878E+2	-1.626050E+0	1.417745E-4	6.636541E+0	6.616300E+0
140.0   	134     	6.080681E+0	5.046586E-4	2.40E-1    	140.00    	11012.76	24.6 	33.8 	6.077483E+0	4.035854E-7 	1.199870E+7	1.014889E+3	-1.625720E+0	3.318132E-4	6.642191E+0	6.622173E+0
140.0   	135     	6.081493E+0	1.050352E-3	-3.74E-1   	140.00    	11015.35	24.6 	33.8 	6.078072E+0	1.110572E-6 	1.199743E+7	1.900877E+3	-1.626023E+0	1.357694E-4	6.643003E+0	6.622762E+0
140.0   	136     	6.077994E+0	1.619409E-3	3.72E-1    	140.00    	11017.92	24.6 	33.8 	6.074572E+0	3.269348E-6 	1.200377E+7	3.102150E+3	-1.626040E+0	2.946184E-4	6.639504E+0	6.619262E+0
140.0   	137     	6.076757E+0	1.226968E-3	-2.07E-1   	140.00    	11020.48	24.6 	33.8 	6.073453E+0	1.684284E-6 	1.200590E+7	2.286919E+3	-1.625883E+0	1.021437E-4	6.638267E+0	6.618143E+0
140.0   	138     	6.080280E+0	7.518222E-4	-1.42E-1   	140.00    	11023.07	24.6 	33.8 	6.076926E+0	6.528274E-7 	1.199957E+7	1.401190E+3	-1.625937E+0	2.653928E-4	6.641790E+0	6.621616E+0
140.0   	139     	6.080279E+0	7.807264E-4	2.05E-1    	140.00    	11025.64	24.6 	33.8 	6.076927E+0	8.424431E-7 	1.199957E+7	1.530795E+3	-1.625933E+0	2.797022E-4	6.641789E+0	6.621617E+0
140.0   	140     	6.076476E+0	1.491905E-3	1.10E-1    	140.00    	11028.23	24.6 	33.8 	6.073219E+0	2.392245E-6 	1.200637E+7	2.746513E+3	-1.625820E+0	2.722132E-4	6.637986E+0	6.617909E+0
140.0   	141     	6.081013E+0	1.296112E-3	7.41E-2    	140.00    	11030.77	24.6 	33.8 	6.077447E+0	1.757497E-6 	1.199843E+7	2.371357E+3	-1.626223E+0	5.131601E-5	6.642523E+0	6.622137E+0
140.0   	142     	6.077078E+0	7.808270E-4	2.15E-1    	140.00    	11033.35	24.6 	33.8 	6.073831E+0	6.997209E-7 	1.200527E+7	1.464013E+3	-1.625803E+0	1.026320E-4	6.638588E+0	6.618521E+0
140.0   	143     	6.080499E+0	7.222338E-4	1.66E-1    	140.00    	11035.91	24.6 	33.8 	6.076598E+0	4.658862E-7 	1.199967E+7	1.266228E+3	-1.626680E+0	1.708801E-4	6.642009E+0	6.621288E+0
140.0   	144     	6.266281E+0	1.125887E-3	1.76E-1    	140.00    	11038.51	24.6 	33.8 	6.263386E+0	1.006790E-6 	1.167180E+7	1.819341E+3	-1.624557E+0	2.315887E-4	6.827791E+0	6.808076E+0
140.0   	145     	6.268768E+0	1.193356E-3	3.73E-2    	140.00    	11041.06	24.6 	33.8 	6.265613E+0	1.383507E-6 	1.166777E+7	2.025669E+3	-1.624900E+0	1.044031E-4	6.830278E+0	6.810303E+0
140.0   	146     	6.079942E+0	1.443568E-4	-2.20E-1   	140.00    	11043.65	24.6 	33.8 	6.075976E+0	3.299517E-8 	1.200073E+7	2.886751E+2	-1.626770E+0	1.039230E-4	6.641452E+0	6.620666E+0
140.0   	147     	6.082220E+0	8.489521E-4	1.94E-1    	140.00    	11046.22	24.6 	33.8 	6.078414E+0	6.295297E-7 	1.199647E+7	1.484363E+3	-1.626543E+0	1.001665E-4	6.643730E+0	6.623104E+0
140.0   	148     	6.350113E+0	2.293821E-4	-1.75E-1   	140.00    	11048.80	24.6 	33.8 	6.347730E+0	9.932303E-8 	1.152960E+7	4.358899E+2	-1.623530E+0	2.443358E-4	6.911623E+0	6.892420E+0
140.0   	149     	6.078780E+0	1.129968E-3	1.77E-1    	140.00    	11051.37	24.6 	33.8 	6.075075E+0	1.602621E-6 	1.200260E+7	2.165641E+3	-1.626420E+0	2.615339E-4	6.640290E+0	6.619765E+0
140.0   	150     	6.076914E+0	9.801024E-4	1.34E-1    	140.00    	11053.91	24.6 	33.8 	6.073333E+0	1.005953E-6 	1.200587E+7	1.792577E+3	-1.626260E+0	1.670329E-4	6.638424E+0	6.618023E+0
140.0   	151     	6.077336E+0	1.557787E-3	1.34E-1    	140.00    	11056.49	24.6 	33.8 	6.073979E+0	2.193281E-6 	1.200490E+7	2.751363E+3	-1.625953E+0	1.078579E-4	6.638846E+0	6.618669E+0
140.0   	152     	6.078541E+0	4.368760E-4	-1.56E-1   	140.00    	11059.06	24.6 	33.8 	6.075166E+0	1.281283E-7 	1.200273E+7	7.094599E+2	-1.625973E+0	2.084067E-4	6.640051E+0	6.619856E+0
140.0   	153     	6.076849E+0	1.642253E-3	1.63E-1    	140.00    	11061.63	24.6 	33.8 	6.073362E+0	2.913750E-6 	1.200590E+7	3.031501E+3	-1.626133E+0	2.023199E-4	6.638359E+0	6.618052E+0
140.0   	154     	6.078526E+0	5.394310E-4	-1.87E-1   	140.00    	11064.20	24.6 	33.8 	6.075107E+0	3.393030E-7 	1.200280E+7	1.014889E+3	-1.626033E+0	8.386497E-5	6.640036E+0	6.619797E+0
140.0   	155     	6.076563E+0	2.078654E-3	1.28E-1    	140.00    	11066.78	24.6 	33.8 	6.073169E+0	3.700395E-6 	1.200633E+7	3.625374E+3	-1.626007E+0	2.050203E-4	6.638073E+0	6.617859E+0
140.0   	156     	6.074844E+0	1.808011E-3	4.94E-2    	140.00    	11069.37	24.6 	33.8 	6.071282E+0	3.055842E-6 	1.200960E+7	3.214032E+3	-1.626243E+0	3.499047E-4	6.636354E+0	6.615972E+0
140.0   	157     	6.071419E+0	2.655457E-3	-4.29E-2   	140.00    	11071.93	24.6 	33.8 	6.066624E+0	2.606681E-5 	1.201693E+7	7.021633E+3	-1.627850E+0	3.316911E-3	6.632929E+0	6.611314E+0
140.0   	158     	6.077225E+0	4.322381E-4	1.86E-1    	140.00    	11074.48	24.6 	33.8 	6.073832E+0	1.234793E-7 	1.200513E+7	7.094599E+2	-1.626003E+0	1.096966E-4	6.638735E+0	6.618522E+0
140.0   	159     	6.076936E+0	8.239669E-4	-2.51E-1   	140.00    	11077.09	24.6 	33.8 	6.073127E+0	7.995058E-7 	1.200603E+7	1.553491E+3	-1.626570E+0	1.664332E-4	6.638446E+0	6.617817E+0
140.0   	160     	6.262139E+0	6.592316E-4	-4.68E-2   	140.00    	11079.61	24.6 	33.8 	6.259200E+0	4.003439E-7 	1.167893E+7	1.106044E+3	-1.624633E+0	8.736895E-5	6.823649E+0	6.803890E+0
140.0   	161     	6.269607E+0	1.362795E-3	1.37E-1    	140.00    	11082.21	24.6 	33.8 	6.266528E+0	2.123252E-6 	1.166627E+7	2.409011E+3	-1.624793E+0	2.138535E-4	6.831117E+0	6.811218E+0
140.0   	162     	6.083153E+0	1.720597E-3	-1.53E-1   	140.00    	11084.78	24.6 	33.8 	6.079473E+0	3.329027E-6 	1.199467E+7	3.203644E+3	-1.626370E+0	1.868154E-4	6.644663E+0	6.624163E+0
140.0   	163     	6.355494E+0	1.836327E-3	-2.71E-1   	140.00    	11087.36	24.6 	33.8 	6.352894E+0	4.067399E-6 	1.152080E+7	3.214032E+3	-1.623807E+0	2.540341E-4	6.917004E+0	6.897584E+0
140.0   	164     	7.310659E-1	7.134003E-4	4.00E-3    	140.00    	11089.91	24.6 	33.8 	6.049178E-1	1.549861E-6 	6.528110E+7	5.172901E+4	-1.909830E+0	9.457272E-4	1.292576E+0	1.149608E+0
140.0   	165     	6.352697E+0	9.029426E-4	-7.12E-3   	140.00    	11092.49	24.6 	33.8 	6.350176E+0	5.158003E-7 	1.152540E+7	1.352775E+3	-1.623710E+0	2.500000E-4	6.914207E+0	6.894866E+0
140.0   	166     	6.079887E+0	1.183898E-3	-1.48E-1   	140.00    	11095.06	24.6 	33.8 	6.076398E+0	1.740199E-6 	1.200040E+7	2.264950E+3	-1.626123E+0	1.900877E-4	6.641397E+0	6.621088E+0
140.0   	167     	6.079429E+0	3.343957E-4	-2.75E-1   	140.00    	11097.64	24.6 	33.8 	6.076083E+0	1.929264E-7 	1.200110E+7	7.000000E+2	-1.625930E+0	1.473092E-4	6.640939E+0	6.620773E+0
140.0   	168     	6.078577E+0	1.099888E-3	4.93E-2    	140.00    	11100.20	24.6 	33.8 	6.074910E+0	1.332277E-6 	1.200293E+7	2.040425E+3	-1.626370E+0	8.000000E-5	6.640087E+0	6.619600E+0
140.0   	169     	6.078215E+0	1.836902E-3	-1.33E-1   	140.00    	11102.80	24.6 	33.8 	6.074756E+0	3.235799E-6 	1.200340E+7	3.290897E+3	-1.626090E+0	1.212436E-4	6.639725E+0	6.619446E+0
140.0   	170     	6.079022E+0	1.285205E-3	1.36E-1    	140.00    	11105.34	24.6 	33.8 	6.075864E+0	1.733065E-6 	1.200167E+7	2.354428E+3	-1.625673E+0	7.094599E-5	6.640532E+0	6.620554E+0
140.0   	171     	6.078243E+0	5.772171E-4	-8.53E-2   	140.00    	11107.93	24.6 	33.8 	6.075022E+0	1.333148E-7 	1.200313E+7	8.326664E+2	-1.625763E+0	4.020365E-4	6.639753E+0	6.619712E+0
140.0   	172     	6.076757E+0	1.560754E-3	1.39E-1    	140.00    	11110.49	24.6 	33.8 	6.073233E+0	2.623477E-6 	1.200610E+7	2.879236E+3	-1.626183E+0	1.443376E-4	6.638267E+0	6.617923E+0
140.0   	173     	6.075336E+0	1.092182E-3	5.78E-2    	140.00    	11113.07	24.6 	33.8 	6.071453E+0	8.230016E-7 	1.200900E+7	1.808314E+3	-1.626677E+0	2.919475E-4	6.636846E+0	6.616143E+0
140.0   	174     	6.080598E+0	1.964407E-3	9.88E-2    	140.00    	11115.64	24.6 	33.8 	6.077309E+0	3.844151E-6 	1.199893E+7	3.550117E+3	-1.625847E+0	5.131601E-5	6.642108E+0	6.621999E+0
140.0   	175     	6.081805E+0	5.105353E-4	-2.90E-2   	140.00    	11118.23	24.6 	33.8 	6.078386E+0	1.871303E-7 	1.199687E+7	8.504901E+2	-1.626020E+0	1.400000E-4	6.643315E+0	6.623076E+0
140.0   	176     	6.264671E+0	1.169985E-3	-2.22E-1   	140.00    	11120.82	24.6 	33.8 	6.261725E+0	1.474706E-6 	1.167460E+7	2.042058E+3	-1.624633E+0	7.023769E-5	6.826181E+0	6.806415E+0
140.0   	177     	6.271130E+0	6.164752E-4	-3.26E-2   	140.00    	11123.39	24.6 	33.8 	6.268280E+0	3.413706E-7 	1.166347E+7	1.026320E+3	-1.624477E+0	4.163332E-5	6.832640E+0	6.812970E+0
140.0   	178     	6.082161E+0	2.159958E-3	-6.34E-2   	140.00    	11125.98	24.6 	33.8 	6.078584E+0	5.661967E-6 	1.199637E+7	4.105281E+3	-1.626233E+0	3.150132E-4	6.643671E+0	6.623274E+0
140.0   	179     	6.086372E+0	1.418904E-3	2.70E-1    	140.00    	11128.51	24.6 	33.8 	6.083115E+0	1.967276E-6 	1.198847E+7	2.548202E+3	-1.625780E+0	2.000000E-5	6.647882E+0	6.627805E+0
140.0   	180     	6.354131E+0	2.147383E-4	-8.88E-3   	140.00    	11131.08	24.6 	33.8 	6.352297E+0	4.257250E-8 	1.152243E+7	3.511885E+2	-1.622757E+0	1.527525E-5	6.915641E+0	6.896987E+0
140.0   	181     	6.084525E+0	1.288014E-3	-1.70E-1   	140.00    	11133.67	24.6 	33.8 	6.081051E+0	1.561820E-6 	1.199200E+7	2.291288E+3	-1.626083E+0	1.457166E-4	6.646035E+0	6.625741E+0
140.0   	182     	6.077851E+0	1.015532E-3	-3.77E-1   	140.00    	11136.25	24.6 	33.8 	6.074163E+0	9.116078E-7 	1.200427E+7	1.778576E+3	-1.626403E+0	2.223361E-4	6.639361E+0	6.618853E+0
140.0   	183     	6.080527E+0	8.895391E-4	-7.04E-2   	140.00    	11138.86	24.6 	33.8 	6.077232E+0	8.302701E-7 	1.199907E+7	1.628906E+3	-1.625857E+0	3.511885E-5	6.642037E+0	6.621922E+0
140.0   	184     	6.078289E+0	2.157791E-3	1.97E-1    	140.00    	11141.39	24.6 	33.8 	6.074719E+0	3.916059E-6 	1.200337E+7	3.744774E+3	-1.626240E+0	2.406242E-4	6.639799E+0	6.619409E+0
140.0   	185     	6.076245E+0	6.973661E-4	-2.79E-2   	140.00    	11144.00	24.6 	33.8 	6.073081E+0	2.172931E-7 	1.200670E+7	1.053565E+3	-1.625693E+0	3.153305E-4	6.637755E+0	6.617771E+0
140.0   	186     	6.078874E+0	1.787050E-3	-5.36E-2   	140.00    	11146.59	24.6 	33.8 	6.075607E+0	3.059933E-6 	1.200203E+7	3.200521E+3	-1.625823E+0	5.507571E-5	6.640384E+0	6.620297E+0
140.0   	187     	6.080394E+0	1.371027E-3	-1.25E-1   	140.00    	11149.14	24.6 	33.8 	6.077328E+0	1.804110E-6 	1.199910E+7	2.451530E+3	-1.625540E+0	2.116601E-4	6.641904E+0	6.622018E+0
140.0   	188     	6.078257E+0	1.287003E-3	-1.74E-1   	140.00    	11151.67	24.6 	33.8 	6.074787E+0	2.120902E-6 	1.200333E+7	2.482606E+3	-1.626103E+0	2.663331E-4	6.639767E+0	6.619477E+0
140.0   	189     	6.078739E+0	4.323493E-4	-9.21E-2   	140.00    	11154.25	24.6 	33.8 	6.075483E+0	1.472073E-7 	1.200227E+7	7.371115E+2	-1.625810E+0	9.539392E-5	6.640249E+0	6.620173E+0
140.0   	190     	6.080881E+0	8.651520E-4	2.98E-1    	140.00    	11156.84	24.6 	33.8 	6.077652E+0	6.437877E-7 	1.199837E+7	1.504438E+3	-1.625763E+0	1.814754E-4	6.642391E+0	6.622342E+0
140.0   	191     	6.080127E+0	9.059413E-4	5.96E-2    	140.00    	11159.40	24.6 	33.8 	6.076527E+0	7.633890E-7 	1.200007E+7	1.604161E+3	-1.626273E+0	2.122106E-4	6.641637E+0	6.621217E+0
140.0   	192     	6.263044E+0	1.732640E-3	1.87E-2    	140.00    	11161.98	24.6 	33.8 	6.259968E+0	3.155024E-6 	1.167750E+7	3.004996E+3	-1.624817E+0	1.792577E-4	6.824554E+0	6.804658E+0
140.0   	193     	6.272490E+0	1.086869E-3	-2.10E-1   	140.00    	11164.56	24.6 	33.8 	6.269884E+0	9.270652E-7 	1.166093E+7	1.750238E+3	-1.624137E+0	1.877054E-4	6.834000E+0	6.814574E+0
140.0   	194     	6.083592E+0	3.945769E-3	1.08E-1    	140.00    	11167.11	24.6 	33.8 	6.080253E+0	1.597811E-5 	1.199357E+7	7.176582E+3	-1.625903E+0	9.609024E-5	6.645102E+0	6.624943E+0
140.0   	195     	6.084956E+0	1.221434E-3	-2.34E-1   	140.00    	11169.71	24.6 	33.8 	6.081578E+0	1.272036E-6 	1.199113E+7	2.122106E+3	-1.625950E+0	1.228821E-4	6.646466E+0	6.626268E+0
140.0   	196     	6.083052E+0	2.297311E-3	1.62E-1    	140.00    	11172.28	24.6 	33.8 	6.079795E+0	5.236032E-6 	1.199447E+7	4.142865E+3	-1.625793E+0	2.371357E-4	6.644562E+0	6.624485E+0
140.0   	197     	6.080271E+0	2.804590E-4	2.36E-1    	140.00    	11174.86	24.6 	33.8 	6.076715E+0	7.061254E-8 	1.199977E+7	4.932883E+2	-1.626213E+0	4.725816E-5	6.641781E+0	6.621405E+0
140.0   	198     	6.081750E+0	1.897247E-3	1.25E-1    	140.00    	11177.47	24.6 	33.8 	6.078700E+0	3.088732E-6 	1.199663E+7	3.300505E+3	-1.625513E+0	3.126233E-4	6.643260E+0	6.623390E+0
140.0   	199     	6.081573E+0	7.798356E-4	6.93E-3    	140.00    	11179.99	24.6 	33.8 	6.078397E+0	1.121158E-6 	1.199707E+7	1.662328E+3	-1.625687E+0	3.950105E-4	6.643083E+0	6.623087E+0
140.0   	200     	6.079079E+0	8.200627E-4	5.52E-2    	140.00    	11182.57	24.6 	33.8 	6.076064E+0	1.011820E-6 	1.200143E+7	1.650253E+3	-1.625477E+0	2.926317E-4	6.640589E+0	6.620754E+0
140.0   	201     	6.081153E+0	6.075993E-4	-1.66E-1   	140.00    	11185.14	24.6 	33.8 	6.077969E+0	2.302345E-7 	1.199783E+7	9.814955E+2	-1.625700E+0	1.951922E-4	6.642663E+0	6.622659E+0
140.0   	202     	6.081448E+0	5.197017E-4	-2.65E-1   	140.00    	11187.73	24.6 	33.8 	6.078264E+0	3.527111E-7 	1.199730E+7	1.000000E+3	-1.625700E+0	2.100000E-4	6.642958E+0	6.622954E+0
140.0   	203     	6.080590E+0	1.429118E-3	-1.44E-1   	140.00    	11190.29	24.6 	33.8 	6.077500E+0	2.201475E-6 	1.199877E+7	2.635021E+3	-1.625573E+0	9.712535E-5	6.642100E+0	6.622190E+0
140.0   	204     	6.079282E+0	1.531560E-3	-1.17E-1   	140.00    	11192.86	24.6 	33.8 	6.075899E+0	2.448932E-6 	1.200140E+7	2.800000E+3	-1.625980E+0	1.915724E-4	6.640792E+0	6.620589E+0
140.0   	205     	6.077048E+0	2.359525E-4	-1.70E-1   	140.00    	11195.41	24.6 	33.8 	6.073787E+0	1.022236E-7 	1.200533E+7	5.033223E+2	-1.625823E+0	1.159023E-4	6.638558E+0	6.618477E+0
140.0   	206     	6.080652E+0	1.573897E-3	1.52E-1    	140.00    	11198.01	24.6 	33.8 	6.077623E+0	2.588419E-6 	1.199860E+7	2.879236E+3	-1.625490E+0	7.549834E-5	6.642162E+0	6.622313E+0
140.0   	207     	6.081327E+0	7.758161E-4	3.58E-1    	140.00    	11200.57	24.6 	33.8 	6.078164E+0	7.696942E-7 	1.199750E+7	1.493318E+3	-1.625670E+0	1.852026E-4	6.642837E+0	6.622854E+0
140.0   	208     	6.265458E+0	6.994572E-4	7.90E-2    	140.00    	11203.17	24.6 	33.8 	6.263001E+0	4.017999E-7 	1.167283E+7	1.137248E+3	-1.623960E+0	1.802776E-4	6.826968E+0	6.807691E+0
140.0   	209     	6.271957E+0	1.348224E-3	1.82E-2    	140.00    	11205.68	24.6 	33.8 	6.269714E+0	1.891340E-6 	1.166153E+7	2.324507E+3	-1.623637E+0	1.767295E-4	6.833467E+0	6.814404E+0
140.0   	210     	6.084558E+0	1.280837E-3	-6.80E-2   	140.00    	11208.27	24.6 	33.8 	6.081386E+0	1.633111E-6 	1.199167E+7	2.311565E+3	-1.625670E+0	3.000000E-5	6.646068E+0	6.626076E+0
140.0   	211     	6.083969E+0	5.083452E-4	1.78E-1    	140.00    	11210.85	24.6 	33.8 	6.080499E+0	1.638029E-7 	1.199300E+7	8.185353E+2	-1.626080E+0	2.088061E-4	6.645479E+0	6.625189E+0
140.0   	212     	6.082870E+0	1.787234E-4	4.60E-2    	140.00    	11213.44	24.6 	33.8 	6.080049E+0	1.461023E-8 	1.199440E+7	2.645751E+2	-1.625193E+0	1.184624E-4	6.644380E+0	6.624739E+0
140.0   	213     	6.086136E+0	2.624028E-3	9.99E-2    	140.00    	11215.97	24.6 	33.8 	6.083130E+0	6.070062E-6 	1.198867E+7	4.593836E+3	-1.625433E+0	2.750152E-4	6.647646E+0	6.627820E+0
140.0   	214     	6.083428E+0	7.685671E-4	1.72E-1    	140.00    	11218.55	24.6 	33.8 	6.079972E+0	5.296597E-7 	1.199397E+7	1.350309E+3	-1.626063E+0	1.258306E-4	6.644938E+0	6.624662E+0
140.0   	215     	6.083364E+0	7.832503E-4	-2.78E-1   	140.00    	11221.13	24.6 	33.8 	6.079962E+0	6.869713E-7 	1.199403E+7	1.457166E+3	-1.625990E+0	6.557439E-5	6.644874E+0	6.624652E+0
140.0   	216     	6.083759E+0	1.851614E-3	1.93E-1    	140.00    	11223.71	24.6 	33.8 	6.080673E+0	4.428545E-6 	1.199303E+7	3.572581E+3	-1.625553E+0	4.080850E-4	6.645269E+0	6.625363E+0
140.0   	217     	6.083982E+0	1.794504E-3	-3.29E-2   	140.00    	11226.28	24.6 	33.8 	6.081003E+0	3.434731E-6 	1.199253E+7	3.295957E+3	-1.625407E+0	1.379613E-4	6.645492E+0	6.625693E+0
140.0   	218     	6.082769E+0	1.033449E-3	-1.09E-1   	140.00    	11228.86	24.6 	33.8 	6.079376E+0	1.268700E-6 	1.199510E+7	1.951922E+3	-1.625980E+0	1.558846E-4	6.644279E+0	6.624066E+0
140.0   	219     	6.080842E+0	2.631753E-4	2.56E-1    	140.00    	11231.41	24.6 	33.8 	6.077543E+0	1.674669E-7 	1.199850E+7	6.082763E+2	-1.625860E+0	2.022375E-4	6.642352E+0	6.622233E+0
140.0   	220     	6.083985E+0	9.625014E-4	-1.10E-1   	140.00    	11234.01	24.7 	33.8 	6.080963E+0	8.522328E-7 	1.199257E+7	1.703917E+3	-1.625467E+0	5.033223E-5	6.645495E+0	6.625653E+0
140.0   	221     	6.082599E+0	7.982072E-4	1.10E-1    	140.00    	11236.55	24.6 	33.8 	6.079546E+0	5.924785E-7 	1.199510E+7	1.410674E+3	-1.625513E+0	2.138535E-4	6.644109E+0	6.624236E+0
140.0   	222     	6.080497E+0	2.359991E-3	-1.43E-1   	140.00    	11239.15	24.6 	33.8 	6.077484E+0	4.778077E-6 	1.199887E+7	4.110150E+3	-1.625467E+0	3.212994E-4	6.642007E+0	6.622174E+0
140.0   	223     	6.080193E+0	1.462701E-3	-6.39E-2   	140.00    	11241.72	24.6 	33.8 	6.076903E+0	2.506567E-6 	1.199967E+7	2.753785E+3	-1.625850E+0	2.381176E-4	6.641703E+0	6.621593E+0
140.0   	224     	6.267403E+0	1.439543E-3	-6.15E-2   	140.00    	11244.27	24.6 	33.8 	6.264639E+0	1.936336E-6 	1.166977E+7	2.417299E+3	-1.624373E+0	2.557994E-4	6.828913E+0	6.809329E+0
140.0   	225     	6.273089E+0	2.460428E-3	-2.58E-1   	140.00    	11246.87	24.7 	33.8 	6.270535E+0	5.951089E-6 	1.165987E+7	4.186088E+3	-1.624063E+0	8.736895E-5	6.834599E+0	6.815225E+0
140.0   	226     	6.087665E+0	7.932780E-4	3.01E-1    	140.00    	11249.41	24.7 	33.8 	6.084296E+0	5.823345E-7 	1.198623E+7	1.404754E+3	-1.625927E+0	5.131601E-5	6.649175E+0	6.628986E+0
140.0   	227     	6.087545E+0	1.334287E-3	-6.04E-2   	140.00    	11252.00	24.7 	33.8 	6.084157E+0	2.115217E-6 	1.198647E+7	2.516611E+3	-1.625953E+0	1.973153E-4	6.649055E+0	6.628847E+0
140.0   	228     	6.085276E+0	1.528855E-3	9.81E-3    	140.00    	11254.58	24.7 	33.8 	6.082218E+0	2.151421E-6 	1.199027E+7	2.706166E+3	-1.625510E+0	7.937254E-5	6.646786E+0	6.626908E+0
140.0   	229     	6.086627E+0	1.117192E-3	3.01E-1    	140.00    	11257.15	24.6 	33.8 	6.083376E+0	1.232408E-6 	1.198800E+7	2.007486E+3	-1.625770E+0	1.808314E-4	6.648137E+0	6.628066E+0
140.0   	230     	6.085451E+0	1.984897E-3	-1.07E-1   	140.00    	11259.69	24.6 	33.8 	6.082375E+0	4.279150E-6 	1.198997E+7	3.661056E+3	-1.625533E+0	1.250333E-4	6.646961E+0	6.627065E+0
140.0   	231     	6.087281E+0	9.302907E-4	2.63E-1    	140.00    	11262.28	24.6 	33.8 	6.084420E+0	9.106352E-7 	1.198647E+7	1.700980E+3	-1.625230E+0	7.000000E-5	6.648791E+0	6.629110E+0
140.0   	232     	6.086749E+0	5.306507E-4	-2.79E-1   	140.00    	11264.85	24.6 	33.8 	6.083808E+0	2.899410E-7 	1.198750E+7	9.643651E+2	-1.625343E+0	6.506407E-5	6.648259E+0	6.628498E+0
140.0   	233     	6.086539E+0	2.513324E-3	7.65E-2    	140.00    	11267.43	24.6 	33.8 	6.083465E+0	5.925348E-6 	1.198800E+7	4.467662E+3	-1.625527E+0	1.350309E-4	6.648049E+0	6.628155E+0
140.0   	234     	6.084273E+0	4.728782E-4	-1.16E-1   	140.00    	11270.01	24.7 	33.8 	6.081375E+0	2.197555E-7 	1.199193E+7	8.504901E+2	-1.625293E+0	3.785939E-5	6.645783E+0	6.626065E+0
140.0   	235     	6.082295E+0	3.157123E-3	3.92E-1    	140.00    	11272.56	24.7 	33.8 	6.079151E+0	9.156605E-6 	1.199573E+7	5.589574E+3	-1.625640E+0	1.743560E-4	6.643805E+0	6.623841E+0
140.0   	236     	6.085736E+0	6.339152E-4	1.11E-1    	140.00    	11275.15	24.7 	33.8 	6.082458E+0	2.315812E-7 	1.198963E+7	1.006645E+3	-1.625810E+0	2.107131E-4	6.647246E+0	6.627148E+0
140.0   	237     	6.082670E+0	5.515718E-4	5.37E-2    	140.00    	11277.75	24.7 	33.8 	6.079401E+0	3.234081E-7 	1.199517E+7	1.006645E+3	-1.625810E+0	1.705872E-4	6.644180E+0	6.624091E+0
140.0   	238     	6.084624E+0	8.936663E-4	-1.77E-1   	140.00    	11280.31	24.7 	33.8 	6.081135E+0	8.247968E-7 	1.199183E+7	1.625833E+3	-1.626103E+0	1.327906E-4	6.646134E+0	6.625825E+0
140.0   	239     	6.085579E+0	9.717200E-4	-7.89E-2   	140.00    	11282.86	24.7 	33.8 	6.082394E+0	1.259667E-6 	1.198983E+7	1.890326E+3	-1.625683E+0	2.345918E-4	6.647089E+0	6.627084E+0
140.0   	240     	6.269294E+0	1.490986E-3	-2.05E-1   	140.00    	11285.44	24.7 	33.8 	6.266840E+0	2.502295E-6 	1.166627E+7	2.627420E+3	-1.623940E+0	1.400000E-4	6.830804E+0	6.811530E+0
140.0   	241     	6.463559E+0	1.273755E-3	-1.44E-1   	140.00    	11288.03	24.7 	33.8 	6.461905E+0	1.305212E-6 	1.134257E+7	1.950214E+3	-1.622100E+0	2.523886E-4	7.025069E+0	7.006595E+0
140.0   	242     	6.280511E+0	3.652068E-4	3.23E-1    	140.00    	11290.58	24.7 	33.8 	6.277955E+0	1.637046E-7 	1.164720E+7	6.557439E+2	-1.624037E+0	6.806859E-5	6.842021E+0	6.822645E+0
140.0   	243     	6.273015E+0	4.382698E-4	-9.64E-2   	140.00    	11293.18	24.7 	33.8 	6.270724E+0	1.841844E-7 	1.165977E+7	7.023769E+2	-1.623700E+0	3.815757E-4	6.834525E+0	6.815414E+0
140.0   	244     	6.269954E+0	6.386937E-4	9.99E-2    	140.00    	11295.73	24.7 	33.8 	6.267467E+0	3.896534E-7 	1.166517E+7	1.078579E+3	-1.623983E+0	8.504901E-5	6.831464E+0	6.812157E+0
140.0   	245     	6.272354E+0	9.526104E-4	-7.13E-2   	140.00    	11298.30	24.7 	33.8 	6.269824E+0	6.388248E-7 	1.166110E+7	1.493318E+3	-1.624033E+0	2.602563E-4	6.833864E+0	6.814514E+0
140.0   	246     	6.272973E+0	1.282531E-3	-2.52E-1   	140.00    	11300.89	24.7 	33.8 	6.270844E+0	1.612750E-6 	1.165970E+7	2.179449E+3	-1.623477E+0	8.504901E-5	6.834483E+0	6.815534E+0
140.0   	247     	6.276448E+0	1.411472E-3	-2.25E-1   	140.00    	11303.48	24.7 	33.8 	6.274280E+0	1.740554E-6 	1.165380E+7	2.330236E+3	-1.623517E+0	1.270171E-4	6.837958E+0	6.818970E+0
140.0   	248     	6.275392E+0	1.187920E-3	2.13E-1    	140.00    	11306.02	24.7 	33.8 	6.273265E+0	1.134164E-6 	1.165557E+7	1.921805E+3	-1.623463E+0	1.950214E-4	6.836902E+0	6.817955E+0
140.0   	249     	6.268729E+0	5.571024E-4	5.39E-2    	140.00    	11308.60	24.7 	33.8 	6.266508E+0	1.061376E-7 	1.166703E+7	7.505553E+2	-1.623620E+0	3.439477E-4	6.830239E+0	6.811198E+0
140.0   	250     	6.277930E+0	1.089854E-3	-1.04E-2   	140.00    	11311.17	24.7 	33.8 	6.275688E+0	1.352906E-6 	1.165133E+7	1.921805E+3	-1.623613E+0	1.101514E-4	6.839440E+0	6.820378E+0
140.0   	251     	6.275251E+0	8.329436E-4	-5.66E-2   	140.00    	11313.76	24.7 	33.8 	6.273055E+0	8.650494E-7 	1.165587E+7	1.501111E+3	-1.623560E+0	2.271563E-4	6.836761E+0	6.817745E+0
140.0   	252     	6.270125E+0	1.004609E-3	-1.71E-1   	140.00    	11316.36	24.7 	33.8 	6.267763E+0	1.006807E-6 	1.166477E+7	1.700980E+3	-1.623810E+0	3.764306E-4	6.831635E+0	6.812453E+0
140.0   	253     	6.266369E+0	7.578823E-4	1.23E-1    	140.00    	11318.87	24.7 	33.8 	6.263998E+0	4.472818E-7 	1.167120E+7	1.216553E+3	-1.623837E+0	2.050203E-4	6.827879E+0	6.808688E+0
140.0   	254     	6.270971E+0	8.609391E-4	4.37E-2    	140.00    	11321.46	24.7 	33.8 	6.268749E+0	7.038170E-7 	1.166320E+7	1.452584E+3	-1.623613E+0	5.507571E-5	6.832481E+0	6.813439E+0
140.0   	255     	6.276041E+0	1.180665E-3	-8.41E-2   	140.00    	11324.04	24.7 	33.8 	6.273749E+0	1.096016E-6 	1.165460E+7	1.900000E+3	-1.623690E+0	2.022375E-4	6.837551E+0	6.818439E+0
140.0   	256     	6.462167E+0	5.159130E-4	-1.74E-1   	140.00    	11326.62	24.7 	33.8 	6.460576E+0	3.779810E-7 	1.134477E+7	9.073772E+2	-1.622017E+0	2.400694E-4	7.023677E+0	7.005266E+0
140.0   	257     	5.694940E+0	1.253269E-3	1.39E-1    	140.00    	11329.21	24.7 	33.8 	5.689556E+0	1.154667E-6 	1.274190E+7	2.364318E+3	-1.630403E+0	3.677409E-4	6.256450E+0	6.234246E+0
140.0   	258     	8.147329E+0	6.360640E-4	1.86E-1    	140.00    	11331.76	24.7 	33.8 	8.149596E+0	4.782530E-7 	9.145197E+6	6.957250E+2	-1.611687E+0	1.616581E-4	8.708839E+0	8.694286E+0
140.0   	259     	1.129772E+1	6.723644E-4	1.06E-1    	140.00    	11334.33	24.7 	33.8 	1.130550E+1	3.562673E-7 	6.712730E+6	3.593049E+2	-1.598417E+0	1.193035E-4	1.185923E+1	1.185019E+1
140.0   	260     	2.373106E+1	1.591873E-3	-3.09E-1   	140.00    	11336.93	24.7 	33.8 	2.374711E+1	2.572705E-6 	3.275847E+6	2.154840E+2	-1.576440E+0	4.582576E-5	2.429257E+1	2.429180E+1
140.0   	261     	2.823547E+1	8.906943E-4	-1.08E-1   	140.00    	11339.47	24.7 	33.8 	2.825222E+1	7.921536E-7 	2.763400E+6	8.544004E+1	-1.572300E+0	2.645751E-5	2.879698E+1	2.879691E+1
140.0   	262     	3.433489E+1	2.525402E-3	2.13E-2    	140.00    	11342.05	24.7 	33.8 	3.435136E+1	6.376847E-6 	2.280403E+6	1.650253E+2	-1.567610E+0	3.464102E-5	3.489640E+1	3.489605E+1
140.0   	263     	5.031003E+1	2.600873E-3	-2.08E-1   	140.00    	11344.62	24.7 	33.8 	5.031836E+1	6.839140E-6 	1.564413E+6	8.020806E+1	-1.557880E+0	2.000000E-5	5.087154E+1	5.086305E+1
140.0   	264     	1.102175E+2	1.027086E-3	-9.17E-2   	140.00    	11347.20	24.7 	33.8 	1.100509E+2	1.273099E-6 	7.189400E+5	7.000000E+0	-1.530097E+0	1.154701E-5	1.107790E+2	1.105956E+2
160.0   	1       	6.450264E+0	1.119787E-3	1.28E+3    	160.00    	11382.30	24.7 	33.8 	6.448284E+0	1.332886E-6 	1.136437E+7	1.844813E+3	-1.622600E+0	1.081665E-4	7.011774E+0	6.992974E+0
160.0   	2       	6.562480E+0	2.661053E-3	6.01E-1    	160.00    	11385.01	24.7 	33.8 	6.560823E+0	7.686492E-6 	1.118487E+7	4.271222E+3	-1.621747E+0	2.055075E-4	7.123990E+0	7.105513E+0
160.0   	3       	7.418096E-1	7.649190E-4	3.35E-1    	160.00    	11387.96	24.7 	33.8 	6.085344E-1	3.740427E-8 	6.490943E+7	2.438387E+4	-1.917030E+0	5.894913E-4	1.303320E+0	1.153224E+0
160.0   	4       	6.546100E+0	8.111360E-4	2.42E-1    	160.00    	11390.57	24.7 	33.8 	6.544749E+0	4.585693E-7 	1.121043E+7	1.171893E+3	-1.621380E+0	2.381176E-4	7.107610E+0	7.089439E+0
160.0   	5       	6.306075E+0	1.505119E-3	-3.31E-2   	160.00    	11393.16	24.7 	33.8 	6.303461E+0	2.563790E-6 	1.160383E+7	2.627420E+3	-1.624017E+0	1.800926E-4	6.867585E+0	6.848151E+0
160.0   	6       	6.274280E+0	1.183118E-3	2.89E-1    	160.00    	11395.74	24.7 	33.8 	6.271528E+0	1.158480E-6 	1.165800E+7	1.928730E+3	-1.624330E+0	1.552417E-4	6.835790E+0	6.816218E+0
160.0   	7       	6.257747E+0	9.297354E-4	-8.41E-2   	160.00    	11398.29	24.7 	33.8 	6.255195E+0	5.423118E-7 	1.168613E+7	1.422439E+3	-1.624120E+0	3.459769E-4	6.819257E+0	6.799885E+0
160.0   	8       	6.255087E+0	8.043970E-4	3.66E-1    	160.00    	11400.86	24.7 	33.8 	6.253271E+0	6.163146E-7 	1.169007E+7	1.361372E+3	-1.623107E+0	1.604161E-4	6.816597E+0	6.797961E+0
160.0   	9       	6.252082E+0	1.584844E-3	1.83E-2    	160.00    	11403.46	24.7 	33.8 	6.249681E+0	2.545606E-6 	1.169573E+7	2.715388E+3	-1.623933E+0	5.050083E-4	6.813592E+0	6.794371E+0
160.0   	10      	6.249312E+0	5.933284E-4	9.59E-2    	160.00    	11406.04	24.7 	33.8 	6.246791E+0	3.120286E-7 	1.170060E+7	9.848858E+2	-1.624110E+0	1.800000E-4	6.810822E+0	6.791481E+0
160.0   	11      	6.250382E+0	3.359428E-3	2.54E-1    	160.00    	11408.57	24.7 	33.8 	6.247429E+0	1.155286E-5 	1.169913E+7	5.810622E+3	-1.624700E+0	1.276715E-4	6.811892E+0	6.792119E+0
160.0   	12      	6.283313E+0	1.613965E-3	-1.10E-1   	160.00    	11411.16	24.7 	33.8 	6.280514E+0	2.537720E-6 	1.164263E+7	2.730079E+3	-1.624360E+0	1.153256E-4	6.844823E+0	6.825204E+0
160.0   	13      	6.251540E+0	2.160081E-3	-1.41E-2   	160.00    	11413.75	24.7 	33.8 	6.248673E+0	4.383283E-6 	1.169707E+7	3.655589E+3	-1.624577E+0	1.604161E-4	6.813050E+0	6.793363E+0
160.0   	14      	6.520413E+0	1.529327E-3	3.26E-1    	160.00    	11416.30	24.7 	33.8 	6.518746E+0	2.249905E-6 	1.125140E+7	2.400000E+3	-1.621910E+0	3.740321E-4	7.081923E+0	7.063436E+0
160.0   	15      	9.571313E-1	1.572977E-3	-4.09E-2   	160.00    	11418.85	24.7 	33.8 	9.214641E-1	1.184603E-6 	5.333017E+7	4.467150E+4	-1.757787E+0	1.755857E-3	1.518641E+0	1.466154E+0
160.0   	16      	6.714148E+0	1.442413E-3	-1.12E-1   	160.00    	11421.43	24.7 	33.8 	6.712725E+0	1.948639E-6 	1.095123E+7	2.138535E+3	-1.620890E+0	7.000000E-5	7.275658E+0	7.257415E+0
160.0   	17      	6.268362E+0	1.541353E-3	1.96E-2    	160.00    	11424.00	24.7 	33.8 	6.265551E+0	2.275591E-6 	1.166817E+7	2.608320E+3	-1.624433E+0	7.371115E-5	6.829872E+0	6.810241E+0
160.0   	18      	6.086791E+0	1.651864E-3	1.06E-1    	160.00    	11426.59	24.7 	33.8 	6.082919E+0	2.564537E-6 	1.198827E+7	2.936551E+3	-1.626613E+0	1.159023E-4	6.648301E+0	6.627609E+0
160.0   	19      	6.364127E+0	1.630502E-3	-1.96E-1   	160.00    	11429.16	24.7 	33.8 	6.362750E+0	2.295055E-6 	1.150540E+7	2.615339E+3	-1.622077E+0	2.000833E-4	6.925637E+0	6.907440E+0
160.0   	20      	6.077429E+0	2.223318E-3	3.60E-1    	160.00    	11431.72	24.7 	33.8 	6.073739E+0	4.207263E-6 	1.200503E+7	3.865661E+3	-1.626407E+0	3.494758E-4	6.638939E+0	6.618429E+0
160.0   	21      	6.069285E+0	1.766689E-3	4.20E-2    	160.00    	11434.30	24.7 	33.8 	6.065265E+0	3.142208E-6 	1.202010E+7	3.207803E+3	-1.626887E+0	2.650157E-4	6.630795E+0	6.609955E+0
160.0   	22      	6.075208E+0	2.166598E-3	8.16E-3    	160.00    	11436.87	24.7 	33.8 	6.071691E+0	5.034453E-6 	1.200890E+7	3.994997E+3	-1.626180E+0	1.743560E-4	6.636718E+0	6.616381E+0
160.0   	23      	6.072091E+0	8.755828E-4	-2.38E-1   	160.00    	11439.46	24.7 	33.8 	6.068704E+0	7.810005E-7 	1.201443E+7	1.594783E+3	-1.626017E+0	8.386497E-5	6.633601E+0	6.613394E+0
160.0   	24      	6.069498E+0	5.048035E-4	3.21E-2    	160.00    	11442.00	24.7 	33.8 	6.066410E+0	3.398127E-7 	1.201887E+7	9.865766E+2	-1.625617E+0	1.258306E-4	6.631008E+0	6.611100E+0
160.0   	25      	6.061583E+0	2.116470E-3	1.41E-1    	160.00    	11444.59	24.7 	33.8 	6.058332E+0	4.243549E-6 	1.203340E+7	3.798684E+3	-1.625873E+0	1.159023E-4	6.623093E+0	6.603022E+0
160.0   	26      	6.112227E+0	1.136126E-3	-1.12E-1   	160.00    	11447.16	24.7 	33.8 	6.108916E+0	1.477101E-6 	1.194200E+7	2.107131E+3	-1.625747E+0	1.167619E-4	6.673737E+0	6.653606E+0
160.0   	27      	6.062421E+0	1.506077E-3	4.87E-2    	160.00    	11449.75	24.7 	33.8 	6.058630E+0	1.831138E-6 	1.203237E+7	2.600641E+3	-1.626607E+0	2.052641E-4	6.623931E+0	6.603320E+0
160.0   	28      	6.064376E+0	4.055285E-4	-3.00E-3   	160.00    	11452.29	24.7 	33.8 	6.060414E+0	4.240757E-7 	1.202897E+7	9.609024E+2	-1.626830E+0	3.342155E-4	6.625886E+0	6.605104E+0
160.0   	29      	6.063730E+0	6.047048E-4	5.73E-2    	160.00    	11454.89	24.7 	33.8 	6.060107E+0	4.694120E-7 	1.202983E+7	1.171893E+3	-1.626373E+0	1.331666E-4	6.625240E+0	6.604797E+0
160.0   	30      	6.064598E+0	2.087401E-3	3.56E-1    	160.00    	11457.47	24.7 	33.8 	6.061329E+0	4.320213E-6 	1.202793E+7	3.785939E+3	-1.625887E+0	6.110101E-5	6.626108E+0	6.606019E+0
160.0   	31      	6.347106E+0	1.401437E-3	2.74E-1    	160.00    	11460.05	24.7 	33.8 	6.343958E+0	1.795028E-6 	1.153527E+7	2.289833E+3	-1.624583E+0	1.625833E-4	6.908616E+0	6.888648E+0
160.0   	32      	6.260128E+0	3.638377E-4	3.93E-1    	160.00    	11462.59	24.7 	33.8 	6.257438E+0	7.855241E-8 	1.168217E+7	5.507571E+2	-1.624300E+0	1.300000E-4	6.821638E+0	6.802128E+0
160.0   	33      	6.258545E+0	1.640275E-3	2.04E-1    	160.00    	11465.17	24.7 	33.8 	6.255524E+0	2.775352E-6 	1.168517E+7	2.836077E+3	-1.624760E+0	5.000000E-5	6.820055E+0	6.800214E+0
160.0   	34      	6.073878E+0	1.087579E-3	4.30E-1    	160.00    	11467.73	24.7 	33.8 	6.070299E+0	1.380876E-6 	1.201137E+7	2.050203E+3	-1.626270E+0	1.571623E-4	6.635388E+0	6.614989E+0
160.0   	35      	6.066508E+0	9.483698E-4	2.56E-1    	160.00    	11470.31	24.7 	33.8 	6.063269E+0	6.749754E-7 	1.202443E+7	1.607275E+3	-1.625837E+0	1.778576E-4	6.628018E+0	6.607959E+0
160.0   	36      	6.072952E+0	1.628467E-3	1.75E-1    	160.00    	11472.88	24.7 	33.8 	6.069350E+0	3.027987E-6 	1.201307E+7	3.053413E+3	-1.626307E+0	2.064784E-4	6.634462E+0	6.614040E+0
160.0   	37      	6.072062E+0	2.451878E-3	-1.46E-1   	160.00    	11475.47	24.7 	33.8 	6.068403E+0	5.986671E-6 	1.201473E+7	4.443347E+3	-1.626387E+0	1.069268E-4	6.633572E+0	6.613093E+0
160.0   	38      	6.066440E+0	1.121226E-3	-6.65E-2   	160.00    	11478.06	24.7 	33.8 	6.062531E+0	8.946031E-7 	1.202517E+7	1.877054E+3	-1.626750E+0	2.426932E-4	6.627950E+0	6.607221E+0
160.0   	39      	6.070791E+0	2.958189E-3	-2.05E-1   	160.00    	11480.64	24.7 	33.8 	6.067212E+0	9.128479E-6 	1.201697E+7	5.424328E+3	-1.626283E+0	9.865766E-5	6.632301E+0	6.611902E+0
160.0   	40      	6.069612E+0	4.161561E-4	-1.62E-1   	160.00    	11483.17	24.7 	33.8 	6.066480E+0	1.262196E-7 	1.201870E+7	7.000000E+2	-1.625677E+0	8.386497E-5	6.631122E+0	6.611170E+0
160.0   	41      	6.061467E+0	8.446149E-4	1.31E-1    	160.00    	11485.76	24.7 	33.8 	6.057971E+0	7.383332E-7 	1.203383E+7	1.550269E+3	-1.626210E+0	4.358899E-5	6.622977E+0	6.602661E+0
160.0   	42      	6.065841E+0	1.291528E-3	-7.40E-2   	160.00    	11488.33	24.7 	33.8 	6.062433E+0	2.299527E-6 	1.202580E+7	2.551470E+3	-1.626070E+0	3.148015E-4	6.627351E+0	6.607123E+0
160.0   	43      	6.066687E+0	2.668113E-3	5.14E-2    	160.00    	11490.91	24.7 	33.8 	6.063238E+0	7.905276E-6 	1.202430E+7	4.978956E+3	-1.626123E+0	2.103172E-4	6.628197E+0	6.607928E+0
160.0   	44      	6.067603E+0	4.649736E-4	3.55E-1    	160.00    	11493.48	24.7 	33.8 	6.064193E+0	1.637744E-7 	1.202260E+7	7.810250E+2	-1.626067E+0	1.934770E-4	6.629113E+0	6.608883E+0
160.0   	45      	6.072327E+0	2.318790E-4	1.55E-1    	160.00    	11496.08	24.7 	33.8 	6.068798E+0	1.043207E-7 	1.201413E+7	5.033223E+2	-1.626210E+0	1.252996E-4	6.633837E+0	6.613488E+0
160.0   	46      	6.060326E+0	4.377713E-4	9.75E-2    	160.00    	11498.62	24.7 	33.8 	6.057134E+0	2.537514E-8 	1.203563E+7	5.131601E+2	-1.625797E+0	4.652240E-4	6.621836E+0	6.601824E+0
160.0   	47      	6.066636E+0	1.248539E-3	-3.07E-1   	160.00    	11501.22	24.7 	33.8 	6.062849E+0	1.814563E-6 	1.202470E+7	2.357965E+3	-1.626583E+0	1.550269E-4	6.628146E+0	6.607539E+0
160.0   	48      	6.525752E+0	2.240920E-3	-7.21E-2   	160.00    	11503.80	24.7 	33.8 	6.523934E+0	4.599007E-6 	1.124303E+7	3.481858E+3	-1.622100E+0	1.752142E-4	7.087262E+0	7.068624E+0
160.0   	49      	6.301500E+0	1.630376E-3	1.51E-1    	160.00    	11506.34	24.7 	33.8 	6.298940E+0	2.798785E-6 	1.161153E+7	2.797022E+3	-1.623960E+0	1.734935E-4	6.863010E+0	6.843630E+0
160.0   	50      	6.076041E+0	1.284980E-3	1.08E-1    	160.00    	11508.91	24.7 	33.8 	6.072109E+0	1.454707E-6 	1.200777E+7	2.254625E+3	-1.626740E+0	1.769181E-4	6.637551E+0	6.616799E+0
160.0   	51      	6.066637E+0	2.150334E-3	-2.55E-2   	160.00    	11511.48	24.7 	33.8 	6.063398E+0	4.150044E-6 	1.202420E+7	3.803945E+3	-1.625837E+0	1.497776E-4	6.628147E+0	6.608088E+0
160.0   	52      	6.068417E+0	1.364482E-3	2.27E-2    	160.00    	11514.06	24.7 	33.8 	6.064518E+0	2.114461E-6 	1.202157E+7	2.554082E+3	-1.626727E+0	2.731910E-4	6.629927E+0	6.609208E+0
160.0   	53      	6.066403E+0	2.506766E-3	-1.03E-1   	160.00    	11516.65	24.7 	33.8 	6.062496E+0	6.127982E-6 	1.202523E+7	4.523642E+3	-1.626747E+0	2.627420E-4	6.627913E+0	6.607186E+0
160.0   	54      	6.070647E+0	2.207216E-3	2.31E-1    	160.00    	11519.20	24.7 	33.8 	6.067172E+0	5.799143E-6 	1.201713E+7	4.188476E+3	-1.626143E+0	2.902298E-4	6.632157E+0	6.611862E+0
160.0   	55      	6.072897E+0	3.955820E-4	2.48E-1    	160.00    	11521.81	24.7 	33.8 	6.069258E+0	2.321244E-7 	1.201320E+7	7.937254E+2	-1.626357E+0	1.457166E-4	6.634407E+0	6.613948E+0
160.0   	56      	6.066511E+0	6.738238E-4	3.93E-1    	160.00    	11524.37	24.7 	33.8 	6.063340E+0	6.754103E-7 	1.202437E+7	1.357694E+3	-1.625743E+0	2.250185E-4	6.628021E+0	6.608030E+0
160.0   	57      	6.064681E+0	8.154217E-4	5.57E-2    	160.00    	11526.92	24.7 	33.8 	6.061648E+0	7.225698E-7 	1.202757E+7	1.504438E+3	-1.625560E+0	2.622975E-4	6.626191E+0	6.606338E+0
160.0   	58      	6.063486E+0	1.325840E-3	2.67E-1    	160.00    	11529.50	24.7 	33.8 	6.059911E+0	1.930076E-6 	1.203023E+7	2.468468E+3	-1.626310E+0	1.135782E-4	6.624996E+0	6.604601E+0
160.0   	59      	6.064940E+0	9.160600E-4	-1.86E-1   	160.00    	11532.08	24.7 	33.8 	6.061023E+0	6.616326E-7 	1.202790E+7	1.571623E+3	-1.626767E+0	1.450287E-4	6.626450E+0	6.605713E+0
160.0   	60      	6.067804E+0	5.366183E-4	-9.97E-2   	160.00    	11534.66	24.7 	33.8 	6.063700E+0	4.111090E-7 	1.202287E+7	1.069268E+3	-1.627007E+0	1.517674E-4	6.629314E+0	6.608390E+0
160.0   	61      	6.358666E+0	1.449099E-3	-9.98E-2   	160.00    	11537.23	24.7 	33.8 	6.356200E+0	1.409279E-6 	1.151540E+7	2.193171E+3	-1.623610E+0	3.973663E-4	6.920176E+0	6.900890E+0
160.0   	62      	6.359023E+0	1.410376E-3	1.56E-1    	160.00    	11539.78	24.7 	33.8 	6.357323E+0	2.374723E-6 	1.151417E+7	2.458319E+3	-1.622550E+0	2.100000E-4	6.920533E+0	6.902013E+0
160.0   	63      	6.342306E+0	2.854384E-4	-1.00E-1   	160.00    	11542.37	24.7 	33.8 	6.340030E+0	1.056937E-7 	1.154257E+7	4.725816E+2	-1.623413E+0	3.257811E-4	6.903816E+0	6.884720E+0
160.0   	64      	9.854905E-1	1.674896E-3	1.25E-1    	160.00    	11544.93	24.7 	33.8 	9.045062E-1	3.910775E-6 	5.314737E+7	6.443992E+4	-1.824963E+0	8.212998E-4	1.547001E+0	1.449196E+0
160.0   	65      	6.326902E+0	1.289680E-3	2.67E-1    	160.00    	11547.53	24.7 	33.8 	6.324129E+0	1.923153E-6 	1.156883E+7	2.250185E+3	-1.624153E+0	1.553491E-4	6.888412E+0	6.868819E+0
160.0   	66      	6.070579E+0	4.083662E-4	9.09E-2    	160.00    	11550.08	24.7 	33.8 	6.066945E+0	1.407565E-7 	1.201740E+7	7.000000E+2	-1.626360E+0	1.907878E-4	6.632089E+0	6.611635E+0
160.0   	67      	6.082920E+0	7.945849E-4	-8.34E-2   	160.00    	11552.67	24.7 	33.8 	6.079189E+0	5.100108E-7 	1.199513E+7	1.361372E+3	-1.626440E+0	1.609348E-4	6.644430E+0	6.623879E+0
160.0   	68      	6.074048E+0	1.348935E-3	8.30E-2    	160.00    	11555.21	24.7 	33.8 	6.070423E+0	1.322502E-6 	1.201110E+7	2.264950E+3	-1.626333E+0	2.653928E-4	6.635558E+0	6.615113E+0
160.0   	69      	6.070167E+0	1.031325E-3	4.11E-2    	160.00    	11557.78	24.7 	33.8 	6.066512E+0	9.491856E-7 	1.201817E+7	1.817507E+3	-1.626390E+0	1.637071E-4	6.631677E+0	6.611202E+0
160.0   	70      	6.073124E+0	2.281379E-3	2.04E-1    	160.00    	11560.36	24.7 	33.8 	6.069840E+0	5.239086E-6 	1.201247E+7	4.142865E+3	-1.625870E+0	3.464102E-5	6.634634E+0	6.614530E+0
160.0   	71      	6.069850E+0	1.319351E-3	4.09E-1    	160.00    	11562.95	24.7 	33.8 	6.066389E+0	1.526290E-6 	1.201857E+7	2.311565E+3	-1.626127E+0	2.872862E-4	6.631360E+0	6.611079E+0
160.0   	72      	6.067407E+0	7.224452E-4	5.84E-1    	160.00    	11565.51	24.7 	33.8 	6.063949E+0	8.145986E-7 	1.202300E+7	1.473092E+3	-1.626133E+0	2.872862E-4	6.628917E+0	6.608639E+0
160.0   	73      	6.067159E+0	5.017779E-4	6.27E-2    	160.00    	11568.06	24.7 	33.8 	6.063903E+0	9.116001E-8 	1.202327E+7	7.094599E+2	-1.625857E+0	3.744774E-4	6.628669E+0	6.608593E+0
160.0   	74      	6.068768E+0	9.227150E-4	1.39E-1    	160.00    	11570.67	24.7 	33.8 	6.065561E+0	1.088910E-6 	1.202030E+7	1.777639E+3	-1.625783E+0	3.023795E-4	6.630278E+0	6.610251E+0
160.0   	75      	6.068712E+0	1.520391E-3	9.94E-2    	160.00    	11573.23	24.7 	33.8 	6.065323E+0	2.132570E-6 	1.202057E+7	2.702468E+3	-1.626033E+0	2.218859E-4	6.630222E+0	6.610013E+0
160.0   	76      	6.354262E+0	6.538320E-4	1.83E-1    	160.00    	11575.77	24.7 	33.8 	6.352286E+0	4.090845E-7 	1.152233E+7	1.078579E+3	-1.622953E+0	4.618802E-5	6.915772E+0	6.896976E+0
160.0   	77      	7.324472E-1	1.992656E-3	2.09E-1    	160.00    	11578.35	24.7 	33.8 	6.080745E-1	3.883347E-6 	6.515693E+7	1.021800E+5	-1.907447E+0	1.237794E-3	1.293957E+0	1.152764E+0
160.0   	78      	7.325602E-1	1.853808E-3	1.06E-1    	160.00    	11580.92	24.7 	33.8 	6.086755E-1	1.467554E-6 	6.513707E+7	8.080998E+4	-1.906827E+0	5.653612E-4	1.294070E+0	1.153365E+0
160.0   	79      	6.364777E+0	1.989789E-3	3.20E-1    	160.00    	11583.51	24.7 	33.8 	6.362622E+0	3.454627E-6 	1.150497E+7	3.197395E+3	-1.623160E+0	2.835489E-4	6.926287E+0	6.907312E+0
160.0   	80      	6.585860E+0	7.833555E-4	9.62E-2    	160.00    	11586.06	24.7 	33.8 	6.584030E+0	3.938257E-7 	1.114837E+7	1.101514E+3	-1.621900E+0	2.116601E-4	7.147370E+0	7.128720E+0
160.0   	81      	6.310898E+0	2.506571E-4	1.36E-1    	160.00    	11588.65	24.7 	33.8 	6.308100E+0	1.860838E-7 	1.159583E+7	5.507571E+2	-1.624250E+0	3.686462E-4	6.872408E+0	6.852790E+0
160.0   	82      	6.094267E+0	3.344818E-4	4.69E-2    	160.00    	11591.23	24.7 	33.8 	6.090631E+0	1.538377E-7 	1.197457E+7	6.506407E+2	-1.626263E+0	1.365040E-4	6.655777E+0	6.635321E+0
160.0   	83      	6.093277E+0	1.907037E-3	-3.58E-2   	160.00    	11593.78	24.7 	33.8 	6.089734E+0	3.282431E-6 	1.197627E+7	3.350124E+3	-1.626140E+0	1.900000E-4	6.654787E+0	6.634424E+0
160.0   	84      	6.135872E+0	1.946253E-3	2.45E-1    	160.00    	11596.36	24.7 	33.8 	6.132234E+0	3.663181E-6 	1.190007E+7	3.431229E+3	-1.626093E+0	2.281082E-4	6.697382E+0	6.676924E+0
160.0   	85      	6.094933E+0	1.740665E-3	-1.03E-1   	160.00    	11598.96	24.7 	33.8 	6.091408E+0	2.992916E-6 	1.197327E+7	3.121431E+3	-1.626110E+0	2.487971E-4	6.656443E+0	6.636098E+0
160.0   	86      	6.093875E+0	8.462527E-4	2.46E-1    	160.00    	11601.47	24.7 	33.8 	6.090468E+0	6.071131E-7 	1.197507E+7	1.464013E+3	-1.625953E+0	1.021437E-4	6.655385E+0	6.635158E+0
160.0   	87      	6.094105E+0	6.879428E-4	-6.99E-2   	160.00    	11604.07	24.7 	33.8 	6.090792E+0	3.761757E-7 	1.197457E+7	1.171893E+3	-1.625823E+0	1.106044E-4	6.655615E+0	6.635482E+0
160.0   	88      	6.094708E+0	8.706872E-4	3.93E-2    	160.00    	11606.67	24.7 	33.8 	6.091484E+0	5.858677E-7 	1.197340E+7	1.473092E+3	-1.625700E+0	1.552417E-4	6.656218E+0	6.636174E+0
160.0   	89      	6.095533E+0	1.529948E-3	3.01E-2    	160.00    	11609.25	24.7 	33.8 	6.092140E+0	2.882426E-6 	1.197207E+7	2.902298E+3	-1.625927E+0	3.426855E-4	6.657043E+0	6.636830E+0
160.0   	90      	6.095160E+0	4.489109E-4	2.67E-1    	160.00    	11611.79	24.7 	33.8 	6.092031E+0	1.970982E-7 	1.197250E+7	8.000000E+2	-1.625567E+0	1.242310E-4	6.656670E+0	6.636721E+0
160.0   	91      	6.094064E+0	1.864467E-3	-1.81E-2   	160.00    	11614.37	24.7 	33.8 	6.090722E+0	4.243293E-6 	1.197467E+7	3.536005E+3	-1.625863E+0	2.902298E-4	6.655574E+0	6.635412E+0
160.0   	92      	6.095530E+0	1.085393E-3	-2.05E-1   	160.00    	11616.93	24.7 	33.8 	6.092291E+0	1.549879E-6 	1.197193E+7	2.098412E+3	-1.625717E+0	2.350177E-4	6.657040E+0	6.636981E+0
160.0   	93      	6.414389E+0	1.230985E-3	1.65E-1    	160.00    	11619.51	24.7 	33.8 	6.412030E+0	1.194180E-6 	1.142320E+7	1.905256E+3	-1.623253E+0	1.850225E-4	6.975899E+0	6.956720E+0
160.0   	94      	6.383785E+0	2.221794E-4	1.37E-1    	160.00    	11622.09	24.7 	33.8 	6.381593E+0	1.222941E-7 	1.147347E+7	4.725816E+2	-1.623140E+0	1.808314E-4	6.945295E+0	6.926283E+0
160.0   	95      	6.092105E+0	1.415893E-3	2.34E-1    	160.00    	11624.68	24.7 	33.8 	6.088502E+0	2.259501E-6 	1.197843E+7	2.631223E+3	-1.626227E+0	1.331666E-4	6.653615E+0	6.633192E+0
160.0   	96      	6.296032E+0	1.108617E-3	1.97E-1    	160.00    	11627.25	24.7 	33.8 	6.293046E+0	1.028039E-6 	1.162117E+7	1.800926E+3	-1.624563E+0	1.266228E-4	6.857542E+0	6.837736E+0
160.0   	97      	6.295844E+0	3.538055E-4	9.31E-2    	160.00    	11629.83	24.7 	33.8 	6.292920E+0	2.027008E-7 	1.162143E+7	6.806859E+2	-1.624480E+0	1.539480E-4	6.857354E+0	6.837610E+0
160.0   	98      	6.095724E+0	1.026484E-3	1.77E-1    	160.00    	11632.43	24.7 	33.8 	6.092245E+0	9.516754E-7 	1.197180E+7	1.802776E+3	-1.626043E+0	7.371115E-5	6.657234E+0	6.636935E+0
160.0   	99      	6.092593E+0	6.536816E-4	1.02E-1    	160.00    	11634.96	24.7 	33.8 	6.089086E+0	3.873091E-7 	1.197747E+7	1.137248E+3	-1.626093E+0	2.615977E-4	6.654103E+0	6.633776E+0
160.0   	100     	6.114327E+0	3.467289E-4	2.75E-1    	160.00    	11637.54	24.7 	33.8 	6.110723E+0	7.443248E-8 	1.193850E+7	5.291503E+2	-1.626137E+0	2.706166E-4	6.675837E+0	6.655413E+0
160.0   	101     	6.094557E+0	3.956881E-4	2.97E-1    	160.00    	11640.12	24.7 	33.8 	6.091191E+0	2.713864E-7 	1.197380E+7	8.185353E+2	-1.625893E+0	2.396525E-4	6.656067E+0	6.635881E+0
160.0   	102     	6.094057E+0	2.145480E-3	2.82E-1    	160.00    	11642.67	24.7 	33.8 	6.090693E+0	4.394794E-6 	1.197470E+7	3.822303E+3	-1.625893E+0	7.094599E-5	6.655567E+0	6.635383E+0
160.0   	103     	6.089847E+0	1.442020E-3	1.13E-1    	160.00    	11645.24	24.7 	33.8 	6.086583E+0	2.073116E-6 	1.198220E+7	2.598076E+3	-1.625773E+0	1.250333E-4	6.651357E+0	6.631273E+0
160.0   	104     	6.090273E+0	4.684676E-4	9.27E-2    	160.00    	11647.82	24.7 	33.8 	6.087006E+0	1.774465E-7 	1.198143E+7	8.020806E+2	-1.625777E+0	7.234178E-5	6.651783E+0	6.631696E+0
160.0   	105     	6.093524E+0	1.688859E-3	1.04E-1    	160.00    	11650.42	24.7 	33.8 	6.090189E+0	3.014621E-6 	1.197563E+7	3.085990E+3	-1.625857E+0	7.767453E-5	6.655034E+0	6.634879E+0
160.0   	106     	6.094307E+0	1.908894E-4	7.59E-2    	160.00    	11652.98	24.7 	33.8 	6.091071E+0	7.560423E-8 	1.197413E+7	4.163332E+2	-1.625717E+0	1.418920E-4	6.655817E+0	6.635761E+0
160.0   	107     	6.089010E+0	1.381576E-3	2.99E-1    	160.00    	11655.55	24.7 	33.8 	6.085979E+0	2.094109E-6 	1.198350E+7	2.551470E+3	-1.625457E+0	1.527525E-4	6.650520E+0	6.630669E+0
160.0   	108     	6.090670E+0	4.417300E-4	-5.72E-3   	160.00    	11658.15	24.7 	33.8 	6.087238E+0	8.847830E-8 	1.198087E+7	6.658328E+2	-1.626000E+0	2.000000E-4	6.652180E+0	6.631928E+0
160.0   	109     	6.106522E+0	6.564652E-4	1.70E-1    	160.00    	11660.67	24.7 	33.8 	6.102728E+0	5.527276E-7 	1.195267E+7	1.250333E+3	-1.626427E+0	2.254625E-4	6.668032E+0	6.647418E+0
160.0   	110     	6.089249E+0	6.048708E-4	-8.39E-2   	160.00    	11663.27	24.7 	33.8 	6.085961E+0	4.161984E-7 	1.198330E+7	1.126943E+3	-1.625810E+0	8.888194E-5	6.650759E+0	6.630651E+0
160.0   	111     	6.082032E+0	6.306364E-4	1.39E-1    	160.00    	11665.86	24.7 	33.8 	6.078234E+0	4.531670E-7 	1.199680E+7	1.178983E+3	-1.626533E+0	6.658328E-5	6.643542E+0	6.622924E+0
160.0   	112     	6.287538E+0	1.624782E-3	-1.47E-1   	160.00    	11668.44	24.7 	33.8 	6.284826E+0	2.146233E-6 	1.163537E+7	2.627420E+3	-1.624223E+0	2.236813E-4	6.849048E+0	6.829516E+0
160.0   	113     	6.281209E+0	7.219136E-4	-5.19E-2   	160.00    	11670.98	24.7 	33.8 	6.278041E+0	4.886425E-7 	1.164653E+7	1.209683E+3	-1.624870E+0	9.539392E-5	6.842719E+0	6.822731E+0
160.0   	114     	6.081632E+0	1.232760E-3	1.10E-1    	160.00    	11673.56	24.7 	33.8 	6.077749E+0	1.140780E-6 	1.199760E+7	2.080865E+3	-1.626650E+0	2.179449E-4	6.643142E+0	6.622439E+0
160.0   	115     	6.079096E+0	7.773365E-4	8.44E-2    	160.00    	11676.15	24.7 	33.8 	6.075312E+0	3.822844E-7 	1.200210E+7	1.252996E+3	-1.626527E+0	3.178574E-4	6.640606E+0	6.620002E+0
160.0   	116     	6.097293E+0	8.455629E-4	2.03E-1    	160.00    	11678.70	24.7 	33.8 	6.093416E+0	8.064984E-7 	1.196933E+7	1.569501E+3	-1.626577E+0	8.326664E-5	6.658803E+0	6.638106E+0
160.0   	117     	6.080517E+0	8.278555E-4	-1.10E-1   	160.00    	11681.30	24.7 	33.8 	6.076948E+0	5.639991E-7 	1.199933E+7	1.422439E+3	-1.626230E+0	2.170253E-4	6.642027E+0	6.621638E+0
160.0   	118     	6.079344E+0	2.088684E-3	-5.02E-2   	160.00    	11683.89	24.7 	33.8 	6.075800E+0	4.718786E-6 	1.200143E+7	3.850108E+3	-1.626200E+0	3.502856E-4	6.640854E+0	6.620490E+0
160.0   	119     	6.078631E+0	1.744815E-3	-3.58E-1   	160.00    	11686.43	24.7 	33.8 	6.075261E+0	3.135887E-6 	1.200257E+7	3.181719E+3	-1.625967E+0	5.686241E-5	6.640141E+0	6.619951E+0
160.0   	120     	6.080515E+0	2.009871E-3	1.27E-1    	160.00    	11689.00	24.7 	33.8 	6.077097E+0	3.642174E-6 	1.199920E+7	3.534119E+3	-1.626023E+0	4.389001E-4	6.642025E+0	6.621787E+0
160.0   	121     	6.079615E+0	1.094807E-3	-8.22E-2   	160.00    	11691.58	24.7 	33.8 	6.076266E+0	1.377310E-6 	1.200077E+7	2.052641E+3	-1.625933E+0	1.123981E-4	6.641125E+0	6.620956E+0
160.0   	122     	6.081069E+0	8.376145E-4	1.34E-1    	160.00    	11694.15	24.7 	33.8 	6.077869E+0	5.735648E-7 	1.199800E+7	1.442221E+3	-1.625723E+0	1.167619E-4	6.642579E+0	6.622559E+0
160.0   	123     	6.078673E+0	1.906730E-3	3.31E-1    	160.00    	11696.70	24.7 	33.8 	6.075219E+0	3.174150E-6 	1.200257E+7	3.330666E+3	-1.626080E+0	3.857460E-4	6.640183E+0	6.619909E+0
160.0   	124     	6.078712E+0	2.212965E-3	5.29E-1    	160.00    	11699.27	24.7 	33.8 	6.075290E+0	4.872380E-6 	1.200247E+7	4.000417E+3	-1.626037E+0	1.096966E-4	6.640222E+0	6.619980E+0
160.0   	125     	6.084363E+0	1.124541E-3	-1.21E-1   	160.00    	11701.87	24.7 	33.8 	6.080512E+0	1.247882E-6 	1.199263E+7	2.025669E+3	-1.626597E+0	3.785939E-5	6.645873E+0	6.625202E+0
160.0   	126     	6.077462E+0	1.007185E-3	4.75E-2    	160.00    	11704.42	24.7 	33.8 	6.073889E+0	1.406304E-6 	1.200487E+7	1.985783E+3	-1.626247E+0	2.514624E-4	6.638972E+0	6.618579E+0
160.0   	127     	6.079801E+0	6.956711E-4	-1.34E-1   	160.00    	11707.01	24.7 	33.8 	6.076153E+0	3.768046E-7 	1.200070E+7	1.178983E+3	-1.626340E+0	2.066398E-4	6.641311E+0	6.620843E+0
160.0   	128     	6.268429E+0	3.360237E-4	1.98E-2    	160.00    	11709.56	24.7 	33.8 	6.265251E+0	4.779545E-8 	1.166837E+7	4.725816E+2	-1.624933E+0	1.703917E-4	6.829939E+0	6.809941E+0
160.0   	129     	6.266979E+0	1.829096E-3	2.44E-1    	160.00    	11712.14	24.7 	33.8 	6.264129E+0	3.267466E-6 	1.167057E+7	3.108590E+3	-1.624493E+0	2.250185E-4	6.828489E+0	6.808819E+0
160.0   	130     	6.081376E+0	1.807531E-3	-2.87E-1   	160.00    	11714.72	24.7 	33.8 	6.077747E+0	2.643272E-6 	1.199783E+7	3.100538E+3	-1.626307E+0	3.467468E-4	6.642886E+0	6.622437E+0
160.0   	131     	6.077048E+0	2.239430E-3	2.47E-1    	160.00    	11717.30	24.7 	33.8 	6.073714E+0	4.617730E-6 	1.200540E+7	3.973663E+3	-1.625923E+0	1.150362E-4	6.638558E+0	6.618404E+0
160.0   	132     	6.082387E+0	4.155437E-4	2.93E-1    	160.00    	11719.84	24.7 	33.8 	6.078800E+0	1.751396E-7 	1.199597E+7	7.505553E+2	-1.626247E+0	1.101514E-4	6.643897E+0	6.623490E+0
160.0   	133     	6.074919E+0	1.224125E-3	6.21E-2    	160.00    	11722.45	24.7 	33.8 	6.071574E+0	1.290883E-6 	1.200927E+7	2.136196E+3	-1.625947E+0	1.892969E-4	6.636429E+0	6.616264E+0
160.0   	134     	6.079751E+0	3.210559E-4	1.14E-2    	160.00    	11724.99	24.7 	33.8 	6.076313E+0	5.602705E-8 	1.200060E+7	5.000000E+2	-1.626053E+0	1.530795E-4	6.641261E+0	6.621003E+0
160.0   	135     	6.078473E+0	1.368289E-3	2.17E-1    	160.00    	11727.58	24.7 	33.8 	6.075051E+0	1.502226E-6 	1.200290E+7	2.338803E+3	-1.626037E+0	3.669242E-4	6.639983E+0	6.619741E+0
160.0   	136     	6.073812E+0	1.753539E-3	-2.25E-2   	160.00    	11730.14	24.7 	33.8 	6.070475E+0	3.439285E-6 	1.201127E+7	3.262412E+3	-1.625940E+0	3.758989E-4	6.635322E+0	6.615165E+0
160.0   	137     	6.073820E+0	6.213620E-4	-3.74E-2   	160.00    	11732.76	24.7 	33.8 	6.070576E+0	3.144028E-7 	1.201117E+7	1.069268E+3	-1.625813E+0	1.301281E-4	6.635330E+0	6.615266E+0
160.0   	138     	6.077088E+0	5.719341E-4	1.19E-1    	160.00    	11735.29	24.7 	33.8 	6.073747E+0	3.833843E-7 	1.200533E+7	1.078579E+3	-1.625933E+0	7.023769E-5	6.638598E+0	6.618437E+0
160.0   	139     	6.077128E+0	1.863080E-3	2.20E-1    	160.00    	11737.84	24.7 	33.8 	6.073855E+0	3.189737E-6 	1.200520E+7	3.304542E+3	-1.625840E+0	1.200000E-4	6.638638E+0	6.618545E+0
160.0   	140     	6.075439E+0	4.414450E-4	5.91E-2    	160.00    	11740.45	24.7 	33.8 	6.072195E+0	2.495967E-7 	1.200823E+7	8.504901E+2	-1.625807E+0	1.234234E-4	6.636949E+0	6.616885E+0
160.0   	141     	6.078018E+0	1.046975E-3	1.48E-1    	160.00    	11743.00	24.7 	33.8 	6.074474E+0	1.012238E-6 	1.200383E+7	1.858315E+3	-1.626207E+0	6.806859E-5	6.639528E+0	6.619164E+0
160.0   	142     	6.072890E+0	8.142153E-5	6.32E-2    	160.00    	11745.58	24.7 	33.8 	6.069375E+0	1.001362E-7 	1.201310E+7	3.464102E+2	-1.626187E+0	3.557152E-4	6.634400E+0	6.614065E+0
160.0   	143     	6.076718E+0	6.007090E-4	3.33E-2    	160.00    	11748.17	24.7 	33.8 	6.072793E+0	3.949825E-7 	1.200653E+7	1.106044E+3	-1.626727E+0	1.942507E-4	6.638228E+0	6.617483E+0
160.0   	144     	6.262371E+0	1.205389E-3	-8.09E-2   	160.00    	11750.68	24.7 	33.8 	6.259551E+0	1.552794E-6 	1.167843E+7	2.100794E+3	-1.624470E+0	6.244998E-5	6.823881E+0	6.804241E+0
160.0   	145     	6.267244E+0	1.004332E-3	3.95E-2    	160.00    	11753.29	24.7 	33.8 	6.264293E+0	9.262492E-7 	1.167020E+7	1.682260E+3	-1.624630E+0	9.848858E-5	6.828754E+0	6.808983E+0
160.0   	146     	6.076184E+0	1.408686E-3	-8.02E-2   	160.00    	11755.86	24.7 	33.8 	6.072298E+0	1.599479E-6 	1.200747E+7	2.411086E+3	-1.626677E+0	3.863073E-4	6.637694E+0	6.616988E+0
160.0   	147     	6.079517E+0	7.518804E-4	-9.99E-2   	160.00    	11758.42	24.7 	33.8 	6.075774E+0	8.071293E-7 	1.200130E+7	1.493318E+3	-1.626470E+0	2.088061E-4	6.641027E+0	6.620464E+0
160.0   	148     	6.348098E+0	1.513632E-3	2.43E-1    	160.00    	11761.00	24.7 	33.8 	6.345716E+0	2.073672E-6 	1.153297E+7	2.468468E+3	-1.623537E+0	1.011599E-4	6.909608E+0	6.890406E+0
160.0   	149     	6.074104E+0	1.311189E-3	-1.60E-1   	160.00    	11763.59	24.7 	33.8 	6.070257E+0	1.804645E-6 	1.201120E+7	2.406242E+3	-1.626633E+0	5.131601E-5	6.635614E+0	6.614947E+0
160.0   	150     	6.074851E+0	1.339824E-3	4.57E-2    	160.00    	11766.15	24.7 	33.8 	6.071385E+0	1.937996E-6 	1.200950E+7	2.475884E+3	-1.626113E+0	8.736895E-5	6.636361E+0	6.616075E+0
160.0   	151     	6.077530E+0	3.021438E-3	1.56E-1    	160.00    	11768.74	24.7 	33.8 	6.074043E+0	1.004763E-5 	1.200467E+7	5.604760E+3	-1.626130E+0	2.381176E-4	6.639040E+0	6.618733E+0
160.0   	152     	6.078043E+0	1.468966E-3	3.30E-1    	160.00    	11771.28	24.7 	33.8 	6.074596E+0	1.822598E-6 	1.200370E+7	2.551470E+3	-1.626073E+0	1.650253E-4	6.639553E+0	6.619286E+0
160.0   	153     	6.073276E+0	5.472828E-4	5.09E-1    	160.00    	11773.86	24.7 	33.8 	6.069834E+0	2.224791E-7 	1.201233E+7	9.237604E+2	-1.626087E+0	1.011599E-4	6.634786E+0	6.614524E+0
160.0   	154     	6.076069E+0	9.350765E-4	3.04E-1    	160.00    	11776.45	24.7 	33.8 	6.072669E+0	6.142310E-7 	1.200723E+7	1.556706E+3	-1.626017E+0	2.040425E-4	6.637579E+0	6.617359E+0
160.0   	155     	6.073279E+0	4.735382E-4	2.23E-1    	160.00    	11779.03	24.7 	33.8 	6.069905E+0	1.571739E-7 	1.201227E+7	7.767453E+2	-1.625993E+0	2.302897E-4	6.634789E+0	6.614595E+0
160.0   	156     	6.072701E+0	5.332124E-4	-1.12E-1   	160.00    	11781.63	24.7 	33.8 	6.069123E+0	6.754715E-7 	1.201350E+7	1.228821E+3	-1.626273E+0	3.980368E-4	6.634211E+0	6.613813E+0
160.0   	157     	6.065463E+0	6.796775E-3	-3.42E-2   	160.00    	11784.22	24.7 	33.8 	6.063110E+0	2.776374E-5 	1.202553E+7	1.096646E+4	-1.624580E+0	2.150558E-3	6.626973E+0	6.607800E+0
160.0   	158     	6.075526E+0	1.650106E-3	-2.39E-1   	160.00    	11786.80	24.7 	33.8 	6.071888E+0	2.796354E-6 	1.200843E+7	3.010537E+3	-1.626343E+0	4.041452E-5	6.637036E+0	6.616578E+0
160.0   	159     	6.076468E+0	1.673419E-3	2.44E-2    	160.00    	11789.32	24.7 	33.8 	6.072602E+0	2.697300E-6 	1.200693E+7	3.003886E+3	-1.626650E+0	3.605551E-5	6.637978E+0	6.617292E+0
160.0   	160     	6.259701E+0	1.117262E-3	6.16E-2    	160.00    	11791.93	24.7 	33.8 	6.256467E+0	1.043204E-6 	1.168337E+7	1.833939E+3	-1.625043E+0	1.266228E-4	6.821211E+0	6.801157E+0
160.0   	161     	6.265435E+0	2.976356E-4	3.01E-1    	160.00    	11794.47	24.7 	33.8 	6.262557E+0	2.151509E-8 	1.167323E+7	3.785939E+2	-1.624537E+0	2.122106E-4	6.826945E+0	6.807247E+0
160.0   	162     	6.081494E+0	2.546118E-3	-3.19E-2   	160.00    	11797.07	24.7 	33.8 	6.077777E+0	6.591782E-6 	1.199770E+7	4.622770E+3	-1.626427E+0	1.607275E-4	6.643004E+0	6.622467E+0
160.0   	163     	6.353612E+0	3.787732E-4	-1.39E-1   	160.00    	11799.61	24.7 	33.8 	6.351059E+0	3.125421E-7 	1.152390E+7	7.810250E+2	-1.623750E+0	2.622975E-4	6.915122E+0	6.895749E+0
160.0   	164     	7.342525E-1	1.360838E-3	7.71E-2    	160.00    	11802.24	24.7 	33.8 	6.062791E-1	8.987473E-8 	6.516220E+7	4.250376E+4	-1.911637E+0	1.128952E-3	1.295762E+0	1.150969E+0
160.0   	165     	6.349296E+0	2.620933E-3	3.38E-1    	160.00    	11804.81	24.7 	33.8 	6.346913E+0	6.545366E-6 	1.153097E+7	4.324735E+3	-1.623533E+0	1.890326E-4	6.910806E+0	6.891603E+0
160.0   	166     	6.076626E+0	1.351707E-3	-5.30E-2   	160.00    	11807.32	24.7 	33.8 	6.073142E+0	1.848687E-6 	1.200630E+7	2.455606E+3	-1.626130E+0	1.732051E-5	6.638136E+0	6.617832E+0
160.0   	167     	6.076164E+0	7.882338E-4	4.93E-1    	160.00    	11809.90	24.7 	33.8 	6.072647E+0	5.845867E-7 	1.200717E+7	1.404754E+3	-1.626177E+0	1.115049E-4	6.637674E+0	6.617337E+0
160.0   	168     	6.074436E+0	1.575808E-3	8.55E-2    	160.00    	11812.49	24.7 	33.8 	6.070771E+0	2.411641E-6 	1.201043E+7	2.836077E+3	-1.626387E+0	3.055050E-5	6.635946E+0	6.615461E+0
160.0   	169     	6.074791E+0	5.626497E-4	6.32E-2    	160.00    	11815.06	24.7 	33.8 	6.071188E+0	1.415209E-7 	1.200973E+7	8.504901E+2	-1.626300E+0	2.523886E-4	6.636301E+0	6.615878E+0
160.0   	170     	6.074837E+0	1.059850E-3	2.44E-1    	160.00    	11817.65	24.7 	33.8 	6.071583E+0	1.324099E-6 	1.200933E+7	2.000833E+3	-1.625823E+0	1.975686E-4	6.636347E+0	6.616273E+0
160.0   	171     	6.076002E+0	1.376030E-3	2.85E-1    	160.00    	11820.19	24.7 	33.8 	6.072809E+0	1.625249E-6 	1.200717E+7	2.400694E+3	-1.625733E+0	1.530795E-4	6.637512E+0	6.617499E+0
160.0   	172     	6.073074E+0	3.997184E-4	-7.98E-2   	160.00    	11822.76	24.7 	33.8 	6.069412E+0	1.108824E-7 	1.201290E+7	6.244998E+2	-1.626387E+0	3.501904E-4	6.634584E+0	6.614102E+0
160.0   	173     	6.072749E+0	1.595294E-3	-1.14E-1   	160.00    	11825.37	24.7 	33.8 	6.068892E+0	2.620582E-6 	1.201367E+7	2.909181E+3	-1.626653E+0	2.722744E-4	6.634259E+0	6.613582E+0
160.0   	174     	6.077176E+0	1.906880E-3	-5.71E-2   	160.00    	11827.91	24.7 	33.8 	6.073917E+0	3.716696E-6 	1.200510E+7	3.469870E+3	-1.625820E+0	2.227106E-4	6.638686E+0	6.618607E+0
160.0   	175     	6.078448E+0	1.105631E-3	2.96E-2    	160.00    	11830.50	24.7 	33.8 	6.074965E+0	1.068114E-6 	1.200300E+7	1.931321E+3	-1.626120E+0	2.306513E-4	6.639958E+0	6.619655E+0
160.0   	176     	6.262432E+0	4.648202E-4	1.78E-2    	160.00    	11833.09	24.7 	33.8 	6.259529E+0	9.280947E-8 	1.167840E+7	6.557439E+2	-1.624583E+0	2.419366E-4	6.823942E+0	6.804219E+0
160.0   	177     	6.266357E+0	9.064760E-5	2.66E-1    	160.00    	11835.63	24.7 	33.8 	6.263621E+0	2.208806E-9 	1.167153E+7	1.154701E+2	-1.624340E+0	7.000000E-5	6.827867E+0	6.808311E+0
160.0   	178     	6.079210E+0	1.321303E-3	1.55E-1    	160.00    	11838.20	24.7 	33.8 	6.075603E+0	1.890309E-6 	1.200173E+7	2.437895E+3	-1.626287E+0	1.858315E-4	6.640720E+0	6.620293E+0
160.0   	179     	6.085931E+0	1.741816E-3	2.08E-1    	160.00    	11840.81	24.7 	33.8 	6.082523E+0	3.089547E-6 	1.198940E+7	3.160696E+3	-1.625987E+0	5.507571E-5	6.647441E+0	6.627213E+0
160.0   	180     	6.351325E+0	9.945522E-4	3.13E-1    	160.00    	11843.33	24.7 	33.8 	6.349472E+0	1.025382E-6 	1.152713E+7	1.674316E+3	-1.622793E+0	1.137248E-4	6.912835E+0	6.894162E+0
160.0   	181     	6.080815E+0	1.163660E-3	-6.09E-2   	160.00    	11845.93	24.7 	33.8 	6.077423E+0	1.222098E-6 	1.199863E+7	2.052641E+3	-1.625987E+0	7.571878E-5	6.642325E+0	6.622113E+0
160.0   	182     	6.075706E+0	2.295387E-3	2.92E-1    	160.00    	11848.49	24.7 	33.8 	6.072149E+0	5.660988E-6 	1.200803E+7	4.235957E+3	-1.626233E+0	1.270171E-4	6.637216E+0	6.616839E+0
160.0   	183     	6.078555E+0	2.002721E-4	-1.71E-1   	160.00    	11851.09	24.7 	33.8 	6.075299E+0	5.276232E-8 	1.200260E+7	3.605551E+2	-1.625810E+0	2.253886E-4	6.640065E+0	6.619989E+0
160.0   	184     	6.075512E+0	1.134847E-3	2.51E-1    	160.00    	11853.67	24.7 	33.8 	6.071975E+0	1.420588E-6 	1.200837E+7	2.107922E+3	-1.626207E+0	1.069268E-4	6.637022E+0	6.616665E+0
160.0   	185     	6.073752E+0	1.091727E-3	1.69E-1    	160.00    	11856.19	24.7 	33.8 	6.070608E+0	1.236747E-6 	1.201120E+7	1.997498E+3	-1.625677E+0	4.509250E-5	6.635262E+0	6.615298E+0
160.0   	186     	6.077077E+0	1.582270E-3	-6.90E-2   	160.00    	11858.78	24.7 	33.8 	6.073906E+0	2.211546E-6 	1.200520E+7	2.778489E+3	-1.625700E+0	1.500000E-4	6.638587E+0	6.618596E+0
160.0   	187     	6.076915E+0	9.083608E-4	6.15E-2    	160.00    	11861.36	24.7 	33.8 	6.073700E+0	7.632453E-7 	1.200553E+7	1.604161E+3	-1.625760E+0	2.696294E-4	6.638425E+0	6.618390E+0
160.0   	188     	6.074629E+0	3.448849E-4	-1.59E-1   	160.00    	11863.94	24.7 	33.8 	6.071129E+0	2.338490E-7 	1.200993E+7	7.505553E+2	-1.626160E+0	1.946792E-4	6.636139E+0	6.615819E+0
160.0   	189     	6.078207E+0	1.310117E-3	-6.46E-2   	160.00    	11866.51	24.7 	33.8 	6.074801E+0	1.651994E-6 	1.200337E+7	2.345918E+3	-1.626017E+0	2.042874E-4	6.639717E+0	6.619491E+0
160.0   	190     	6.076714E+0	1.346260E-3	1.86E-2    	160.00    	11869.10	24.7 	33.8 	6.073495E+0	2.202716E-6 	1.200590E+7	2.563201E+3	-1.625767E+0	2.040425E-4	6.638224E+0	6.618185E+0
160.0   	191     	6.075447E+0	1.217479E-3	-4.27E-2   	160.00    	11871.64	24.7 	33.8 	6.071930E+0	1.602533E-6 	1.200847E+7	2.247962E+3	-1.626180E+0	1.609348E-4	6.636957E+0	6.616620E+0
160.0   	192     	6.259468E+0	1.979304E-3	1.41E-1    	160.00    	11874.25	24.7 	33.8 	6.256390E+0	3.981691E-6 	1.168363E+7	3.407834E+3	-1.624833E+0	1.457166E-4	6.820978E+0	6.801080E+0
160.0   	193     	6.270088E+0	9.629107E-4	1.55E-1    	160.00    	11876.83	24.7 	33.8 	6.267683E+0	1.027384E-6 	1.166487E+7	1.686219E+3	-1.623870E+0	1.969772E-4	6.831598E+0	6.812373E+0
160.0   	194     	6.079165E+0	6.683507E-4	8.71E-2    	160.00    	11879.36	24.7 	33.8 	6.075831E+0	5.723171E-7 	1.200157E+7	1.289703E+3	-1.625913E+0	1.234234E-4	6.640675E+0	6.620521E+0
160.0   	195     	6.081436E+0	1.019701E-3	-1.83E-1   	160.00    	11881.94	24.7 	33.8 	6.077871E+0	7.754254E-7 	1.199767E+7	1.709776E+3	-1.626220E+0	3.174902E-4	6.642946E+0	6.622561E+0
160.0   	196     	6.082537E+0	9.463675E-4	3.73E-1    	160.00    	11884.51	24.7 	33.8 	6.079130E+0	6.582898E-7 	1.199553E+7	1.588500E+3	-1.626000E+0	1.873499E-4	6.644047E+0	6.623820E+0
160.0   	197     	6.078795E+0	2.829103E-3	8.34E-2    	160.00    	11887.11	24.7 	33.8 	6.075172E+0	7.896379E-6 	1.200250E+7	5.102940E+3	-1.626310E+0	8.000000E-5	6.640305E+0	6.619862E+0
160.0   	198     	6.079784E+0	2.416647E-3	2.06E-1    	160.00    	11889.70	24.7 	33.8 	6.076686E+0	6.212573E-6 	1.200023E+7	4.437717E+3	-1.625587E+0	3.050137E-4	6.641294E+0	6.621376E+0
160.0   	199     	6.078407E+0	7.190784E-4	-1.50E-1   	160.00    	11892.21	24.7 	33.8 	6.075226E+0	3.094790E-7 	1.200280E+7	1.153256E+3	-1.625707E+0	2.328805E-4	6.639917E+0	6.619916E+0
160.0   	200     	6.075322E+0	7.605681E-4	-1.55E-2   	160.00    	11894.80	24.7 	33.8 	6.072311E+0	5.866091E-7 	1.200823E+7	1.379613E+3	-1.625487E+0	1.497776E-4	6.636832E+0	6.617001E+0
160.0   	201     	6.076815E+0	3.764697E-4	-7.13E-3   	160.00    	11897.37	24.7 	33.8 	6.073763E+0	1.826891E-7 	1.200557E+7	7.234178E+2	-1.625537E+0	1.446836E-4	6.638325E+0	6.618453E+0
160.0   	202     	6.078683E+0	6.133353E-4	8.98E-2    	160.00    	11899.98	24.7 	33.8 	6.075650E+0	4.995760E-7 	1.200217E+7	1.193035E+3	-1.625503E+0	1.686219E-4	6.640193E+0	6.620340E+0
160.0   	203     	6.078881E+0	1.872859E-3	-1.38E-2   	160.00    	11902.51	24.7 	33.8 	6.075747E+0	3.207818E-6 	1.200190E+7	3.315117E+3	-1.625640E+0	1.276715E-4	6.640391E+0	6.620437E+0
160.0   	204     	6.076241E+0	1.864033E-3	-3.45E-1   	160.00    	11905.08	24.7 	33.8 	6.072719E+0	3.122754E-6 	1.200703E+7	3.288363E+3	-1.626183E+0	1.418920E-4	6.637751E+0	6.617409E+0
160.0   	205     	6.075381E+0	1.737376E-3	9.61E-2    	160.00    	11907.67	24.7 	33.8 	6.072033E+0	3.090031E-6 	1.200843E+7	3.165965E+3	-1.625950E+0	8.888194E-5	6.636891E+0	6.616723E+0
160.0   	206     	6.078937E+0	6.446663E-4	1.11E-1    	160.00    	11910.22	24.7 	33.8 	6.075837E+0	4.791382E-7 	1.200177E+7	1.193035E+3	-1.625593E+0	3.150132E-4	6.640447E+0	6.620527E+0
160.0   	207     	6.078899E+0	1.374448E-3	1.61E-1    	160.00    	11912.78	24.7 	33.8 	6.075618E+0	2.002881E-6 	1.200200E+7	2.523886E+3	-1.625843E+0	1.320353E-4	6.640409E+0	6.620308E+0
160.0   	208     	6.263068E+0	7.158443E-4	-1.82E-1   	160.00    	11915.37	24.7 	33.8 	6.260409E+0	5.214923E-7 	1.167710E+7	1.228821E+3	-1.624247E+0	1.404754E-4	6.824578E+0	6.805099E+0
160.0   	209     	6.269569E+0	6.517302E-4	1.80E-1    	160.00    	11917.96	24.7 	33.8 	6.267305E+0	3.774143E-7 	1.166563E+7	1.069268E+3	-1.623677E+0	2.775488E-4	6.831079E+0	6.811995E+0
160.0   	210     	6.080584E+0	1.856868E-3	2.48E-1    	160.00    	11920.50	24.7 	33.8 	6.077286E+0	3.680633E-6 	1.199897E+7	3.412233E+3	-1.625860E+0	2.351595E-4	6.642094E+0	6.621976E+0
160.0   	211     	6.080479E+0	1.120548E-3	1.94E-1    	160.00    	11923.09	24.7 	33.8 	6.076838E+0	1.252768E-6 	1.199947E+7	2.020726E+3	-1.626327E+0	2.250185E-4	6.641989E+0	6.621528E+0
160.0   	212     	6.082038E+0	8.004484E-4	-7.55E-2   	160.00    	11925.68	24.7 	33.8 	6.079074E+0	9.593288E-7 	1.199603E+7	1.607275E+3	-1.625393E+0	2.814842E-4	6.643548E+0	6.623764E+0
160.0   	213     	6.082231E+0	2.081738E-3	1.22E-1    	160.00    	11928.23	24.7 	33.8 	6.078993E+0	4.453869E-6 	1.199593E+7	3.789899E+3	-1.625770E+0	1.300000E-4	6.643741E+0	6.623683E+0
160.0   	214     	6.081151E+0	1.823197E-3	1.02E-1    	160.00    	11930.81	24.7 	33.8 	6.077677E+0	2.961092E-6 	1.199810E+7	3.204684E+3	-1.626097E+0	1.418920E-4	6.642661E+0	6.622367E+0
160.0   	215     	6.081122E+0	8.487271E-4	1.40E-1    	160.00    	11933.40	24.7 	33.8 	6.077816E+0	8.066760E-7 	1.199800E+7	1.571623E+3	-1.625867E+0	2.557994E-4	6.642632E+0	6.622506E+0
160.0   	216     	6.082150E+0	1.699897E-3	-7.99E-2   	160.00    	11935.97	24.7 	33.8 	6.079036E+0	2.502252E-6 	1.199597E+7	2.967041E+3	-1.625600E+0	1.637071E-4	6.643660E+0	6.623726E+0
160.0   	217     	6.081578E+0	1.463751E-3	-1.28E-1   	160.00    	11938.57	24.7 	33.8 	6.078724E+0	2.246739E-6 	1.199677E+7	2.676440E+3	-1.625243E+0	1.850225E-4	6.643088E+0	6.623414E+0
160.0   	218     	6.079812E+0	4.401897E-4	2.41E-1    	160.00    	11941.11	24.7 	33.8 	6.076584E+0	2.671934E-7 	1.200030E+7	8.544004E+2	-1.625767E+0	2.402776E-4	6.641322E+0	6.621274E+0
160.0   	219     	6.081055E+0	1.548478E-3	6.01E-2    	160.00    	11943.70	24.7 	33.8 	6.077662E+0	2.608972E-6 	1.199820E+7	2.858321E+3	-1.625987E+0	2.196209E-4	6.642565E+0	6.622352E+0
160.0   	220     	6.081723E+0	9.296566E-4	6.88E-2    	160.00    	11946.28	24.7 	33.8 	6.078652E+0	7.262508E-7 	1.199670E+7	1.609348E+3	-1.625543E+0	1.569501E-4	6.643233E+0	6.623342E+0
160.0   	221     	6.079965E+0	1.204357E-3	2.76E-1    	160.00    	11948.86	24.7 	33.8 	6.076872E+0	1.414147E-6 	1.199990E+7	2.165641E+3	-1.625580E+0	1.732051E-5	6.641475E+0	6.621562E+0
160.0   	222     	6.078191E+0	1.111147E-3	9.24E-2    	160.00    	11951.41	24.7 	33.8 	6.075038E+0	9.898223E-7 	1.200317E+7	1.903506E+3	-1.625670E+0	2.211334E-4	6.639701E+0	6.619728E+0
160.0   	223     	6.078027E+0	2.842781E-3	1.33E-1    	160.00    	11953.98	24.7 	33.8 	6.074687E+0	8.263877E-6 	1.200363E+7	5.173329E+3	-1.625927E+0	2.074448E-4	6.639537E+0	6.619377E+0
160.0   	224     	6.264178E+0	6.828906E-4	2.41E-1    	160.00    	11956.60	24.7 	33.8 	6.261246E+0	4.505275E-7 	1.167543E+7	1.159023E+3	-1.624617E+0	6.658328E-5	6.825688E+0	6.805936E+0
160.0   	225     	6.270297E+0	1.340144E-3	4.06E-1    	160.00    	11959.13	24.7 	33.8 	6.267787E+0	1.502188E-6 	1.166460E+7	2.193171E+3	-1.624013E+0	1.550269E-4	6.831807E+0	6.812477E+0
160.0   	226     	6.084646E+0	1.286323E-3	-8.50E-3   	160.00    	11961.73	24.7 	33.8 	6.081188E+0	1.327269E-6 	1.199177E+7	2.203028E+3	-1.626060E+0	1.833030E-4	6.646156E+0	6.625878E+0
160.0   	227     	6.084566E+0	1.142963E-3	2.23E-1    	160.00    	11964.31	24.7 	33.8 	6.081157E+0	1.274703E-6 	1.199187E+7	2.052641E+3	-1.625993E+0	3.055050E-5	6.646076E+0	6.625847E+0
160.0   	228     	6.083557E+0	1.304775E-3	3.03E-1    	160.00    	11966.85	24.7 	33.8 	6.080468E+0	1.827172E-6 	1.199340E+7	2.400000E+3	-1.625560E+0	1.252996E-4	6.645067E+0	6.625158E+0
160.0   	229     	6.083120E+0	1.550746E-3	-1.58E-1   	160.00    	11969.42	24.7 	33.8 	6.079874E+0	2.107452E-6 	1.199433E+7	2.709859E+3	-1.625777E+0	2.557994E-4	6.644630E+0	6.624564E+0
160.0   	230     	6.083121E+0	9.074299E-4	2.65E-1    	160.00    	11972.01	24.7 	33.8 	6.080166E+0	8.836962E-7 	1.199407E+7	1.665333E+3	-1.625377E+0	1.934770E-4	6.644631E+0	6.624856E+0
160.0   	231     	6.084414E+0	1.979582E-3	6.47E-2    	160.00    	11974.59	24.7 	33.8 	6.081419E+0	4.153973E-6 	1.199177E+7	3.629509E+3	-1.625427E+0	1.721434E-4	6.645924E+0	6.626109E+0
160.0   	232     	6.084314E+0	9.422879E-4	2.74E-1    	160.00    	11977.13	24.7 	33.8 	6.081372E+0	5.053691E-7 	1.199190E+7	1.493318E+3	-1.625353E+0	3.156475E-4	6.645824E+0	6.626062E+0
160.0   	233     	6.080940E+0	2.633276E-4	2.32E-1    	160.00    	11979.70	24.7 	33.8 	6.077851E+0	1.074156E-7 	1.199813E+7	5.131601E+2	-1.625570E+0	2.457641E-4	6.642450E+0	6.622541E+0
160.0   	234     	6.081470E+0	6.216027E-4	-7.13E-2   	160.00    	11982.28	24.7 	33.8 	6.078242E+0	5.049447E-7 	1.199730E+7	1.200000E+3	-1.625760E+0	2.066398E-4	6.642980E+0	6.622932E+0
160.0   	235     	6.082042E+0	2.101522E-3	6.71E-3    	160.00    	11984.86	24.7 	33.8 	6.078739E+0	4.099518E-6 	1.199633E+7	3.731398E+3	-1.625860E+0	1.000000E-4	6.643552E+0	6.623429E+0
160.0   	236     	6.083129E+0	5.755221E-4	2.75E-1    	160.00    	11987.46	24.7 	33.8 	6.079864E+0	4.462775E-7 	1.199433E+7	1.123981E+3	-1.625803E+0	1.331666E-4	6.644639E+0	6.624554E+0
160.0   	237     	6.079597E+0	1.064890E-3	-1.15E-2   	160.00    	11989.98	24.7 	33.8 	6.076320E+0	1.244156E-6 	1.200073E+7	1.973153E+3	-1.625833E+0	7.571878E-5	6.641107E+0	6.621010E+0
160.0   	238     	6.080708E+0	1.983624E-3	3.05E-1    	160.00    	11992.59	24.7 	33.8 	6.077163E+0	3.998514E-6 	1.199897E+7	3.601851E+3	-1.626197E+0	1.569501E-4	6.642218E+0	6.621853E+0
160.0   	239     	6.082022E+0	2.276925E-3	7.45E-2    	160.00    	11995.16	24.7 	33.8 	6.079017E+0	4.395455E-6 	1.199610E+7	3.950949E+3	-1.625450E+0	3.439477E-4	6.643532E+0	6.623707E+0
160.0   	240     	6.266186E+0	1.732619E-3	3.47E-1    	160.00    	11997.75	24.7 	33.8 	6.263520E+0	2.377299E-6 	1.167177E+7	2.793445E+3	-1.624243E+0	4.452340E-4	6.827696E+0	6.808210E+0
160.0   	241     	6.461083E+0	1.010996E-3	4.31E-1    	160.00    	12000.28	24.7 	33.8 	6.459476E+0	6.386523E-7 	1.134653E+7	1.464013E+3	-1.622043E+0	2.926317E-4	7.022593E+0	7.004166E+0
160.0   	242     	6.275927E+0	1.025933E-3	2.43E-1    	160.00    	12002.87	24.7 	33.8 	6.273394E+0	1.063139E-6 	1.165500E+7	1.752142E+3	-1.624023E+0	1.800926E-4	6.837437E+0	6.818084E+0
160.0   	243     	6.271047E+0	1.795822E-3	-5.43E-2   	160.00    	12005.43	24.7 	33.8 	6.268675E+0	2.761443E-6 	1.166320E+7	2.954657E+3	-1.623820E+0	2.066398E-4	6.832557E+0	6.813365E+0
160.0   	244     	6.267412E+0	9.755535E-4	9.75E-2    	160.00    	12008.03	24.7 	33.8 	6.264942E+0	9.539402E-7 	1.166950E+7	1.670329E+3	-1.623970E+0	3.464102E-5	6.828922E+0	6.809632E+0
160.0   	245     	6.269900E+0	1.758419E-3	1.36E-1    	160.00    	12010.57	24.7 	33.8 	6.267209E+0	3.050029E-6 	1.166543E+7	2.995552E+3	-1.624263E+0	1.171893E-4	6.831410E+0	6.811899E+0
160.0   	246     	6.268629E+0	4.217610E-4	1.26E-1    	160.00    	12013.15	24.7 	33.8 	6.266413E+0	2.229160E-7 	1.166720E+7	7.211103E+2	-1.623613E+0	4.193249E-4	6.830139E+0	6.811103E+0
160.0   	247     	6.272968E+0	1.715332E-3	-1.20E-1   	160.00    	12015.73	24.7 	33.8 	6.270732E+0	3.412750E-6 	1.165980E+7	3.041381E+3	-1.623623E+0	2.482606E-4	6.834478E+0	6.815422E+0
160.0   	248     	6.271895E+0	1.621253E-3	-8.85E-2   	160.00    	12018.31	24.7 	33.8 	6.269737E+0	2.900283E-6 	1.166157E+7	2.837840E+3	-1.623520E+0	2.291288E-4	6.833405E+0	6.814427E+0
160.0   	249     	6.266633E+0	2.579919E-3	3.59E-1    	160.00    	12020.86	24.7 	33.8 	6.264319E+0	5.996663E-6 	1.167070E+7	4.303487E+3	-1.623757E+0	1.761628E-4	6.828143E+0	6.809009E+0
160.0   	250     	6.275710E+0	1.599295E-3	-2.28E-2   	160.00    	12023.47	24.7 	33.8 	6.273494E+0	2.408598E-6 	1.165510E+7	2.688866E+3	-1.623587E+0	9.451631E-5	6.837220E+0	6.818184E+0
160.0   	251     	6.271362E+0	9.857859E-4	-2.49E-2   	160.00    	12026.00	24.7 	33.8 	6.269061E+0	1.191362E-6 	1.166260E+7	1.769181E+3	-1.623720E+0	2.847806E-4	6.832872E+0	6.813751E+0
160.0   	252     	6.267544E+0	2.039637E-3	-9.91E-3   	160.00    	12028.58	24.7 	33.8 	6.264967E+0	4.724339E-6 	1.166937E+7	3.601851E+3	-1.624117E+0	3.073001E-4	6.829054E+0	6.809657E+0
160.0   	253     	6.264220E+0	1.563973E-3	-2.06E-1   	160.00    	12031.16	24.7 	33.8 	6.262020E+0	2.572554E-6 	1.167473E+7	2.706166E+3	-1.623607E+0	3.225420E-4	6.825730E+0	6.806710E+0
160.0   	254     	6.267139E+0	7.635412E-4	-1.77E-1   	160.00    	12033.75	24.7 	33.8 	6.265059E+0	7.651095E-7 	1.166963E+7	1.401190E+3	-1.623430E+0	1.734935E-4	6.828649E+0	6.809749E+0
160.0   	255     	6.273889E+0	6.571297E-4	1.68E-1    	160.00    	12036.27	24.7 	33.8 	6.271644E+0	3.541962E-7 	1.165823E+7	1.069268E+3	-1.623633E+0	8.386497E-5	6.835399E+0	6.816334E+0
160.0   	256     	6.457745E+0	1.758975E-3	-2.19E-1   	160.00    	12038.86	24.7 	33.8 	6.456223E+0	3.495326E-6 	1.135187E+7	2.936551E+3	-1.621937E+0	2.218859E-4	7.019255E+0	7.000913E+0
160.0   	257     	5.694478E+0	5.997352E-4	1.36E-1    	160.00    	12041.44	24.7 	33.8 	5.689136E+0	2.557283E-7 	1.274280E+7	1.126943E+3	-1.630350E+0	1.352775E-4	6.255988E+0	6.233826E+0
160.0   	258     	8.146198E+0	1.808774E-3	2.39E-1    	160.00    	12044.03	24.7 	33.8 	8.148355E+0	3.003978E-6 	9.146443E+6	1.861621E+3	-1.611843E+0	1.059874E-4	8.707708E+0	8.693045E+0
160.0   	259     	1.129724E+1	7.055452E-4	-1.61E-1   	160.00    	12046.57	24.7 	33.8 	1.130501E+1	5.534317E-7 	6.713007E+6	4.104063E+2	-1.598417E+0	6.350853E-5	1.185875E+1	1.184970E+1
160.0   	260     	2.373175E+1	1.402974E-3	-3.12E-2   	160.00    	12049.17	24.7 	33.8 	2.374781E+1	1.962300E-6 	3.275753E+6	1.890326E+2	-1.576393E+0	1.154701E-5	2.429326E+1	2.429250E+1
160.0   	261     	2.823765E+1	9.082332E-4	-8.06E-2   	160.00    	12051.73	24.7 	33.8 	2.825441E+1	8.262995E-7 	2.763190E+6	8.717798E+1	-1.572263E+0	2.309401E-5	2.879916E+1	2.879910E+1
160.0   	262     	3.433392E+1	1.974960E-3	4.90E-2    	160.00    	12054.31	24.7 	33.8 	3.435040E+1	3.888427E-6 	2.280467E+6	1.289703E+2	-1.567657E+0	1.527525E-5	3.489543E+1	3.489509E+1
160.0   	263     	5.031155E+1	1.848392E-3	-2.22E-1   	160.00    	12056.89	24.7 	33.8 	5.031988E+1	3.421093E-6 	1.564367E+6	5.686241E+1	-1.557877E+0	1.527525E-5	5.087306E+1	5.086457E+1
160.0   	264     	1.102158E+2	1.777423E-3	2.14E-1    	160.00    	12059.43	24.7 	33.8 	1.100491E+2	2.973224E-6 	7.189513E+5	1.137248E+1	-1.530083E+0	5.773503E-6	1.107773E+2	1.105938E+2
180.0   	1       	6.446844E+0	4.756988E-4	1.43E+3    	180.00    	12094.55	24.7 	33.7 	6.445010E+0	5.090406E-7 	1.136980E+7	9.643651E+2	-1.622410E+0	3.459769E-4	7.008354E+0	6.989700E+0
180.0   	2       	6.559956E+0	8.347333E-4	3.46E-1    	180.00    	12097.26	24.7 	33.8 	6.558259E+0	8.621362E-7 	1.118887E+7	1.386843E+3	-1.621810E+0	1.410674E-4	7.121466E+0	7.102949E+0
180.0   	3       	7.411822E-1	1.643021E-3	2.93E-1    	180.00    	12100.23	24.7 	33.8 	6.082762E-1	2.567249E-6 	6.493240E+7	8.592898E+4	-1.916673E+0	2.967041E-4	1.302692E+0	1.152966E+0
180.0   	4       	6.545774E+0	9.955570E-4	3.30E-1    	180.00    	12102.81	24.7 	33.7 	6.544232E+0	9.744160E-7 	1.121110E+7	1.562050E+3	-1.621647E+0	1.861003E-4	7.107284E+0	7.088922E+0
180.0   	5       	6.304630E+0	1.427999E-3	2.32E-2    	180.00    	12105.39	24.7 	33.8 	6.302188E+0	1.881696E-6 	1.160613E+7	2.369247E+3	-1.623787E+0	7.234178E-5	6.866140E+0	6.846878E+0
180.0   	6       	6.270684E+0	1.493118E-3	-3.05E-2   	180.00    	12107.98	24.7 	33.8 	6.267867E+0	1.909317E-6 	1.166420E+7	2.457641E+3	-1.624433E+0	1.504438E-4	6.832194E+0	6.812557E+0
180.0   	7       	6.255008E+0	1.147788E-3	3.24E-1    	180.00    	12110.55	24.7 	33.7 	6.252459E+0	1.725139E-6 	1.169083E+7	2.112660E+3	-1.624127E+0	2.569695E-4	6.816518E+0	6.797149E+0
180.0   	8       	6.253966E+0	2.263849E-3	1.55E-1    	180.00    	12113.14	24.7 	33.7 	6.251987E+0	5.044450E-6 	1.169213E+7	3.873414E+3	-1.623340E+0	1.452584E-4	6.815476E+0	6.796677E+0
180.0   	9       	6.246844E+0	2.680546E-3	1.61E-1    	180.00    	12115.68	24.7 	33.7 	6.244920E+0	6.366182E-6 	1.170433E+7	4.479211E+3	-1.623290E+0	2.260531E-4	6.808354E+0	6.789610E+0
180.0   	10      	6.249941E+0	8.580566E-4	4.34E-1    	180.00    	12118.26	24.7 	33.8 	6.247479E+0	7.000348E-7 	1.169947E+7	1.457166E+3	-1.624027E+0	4.932883E-5	6.811451E+0	6.792169E+0
180.0   	11      	6.246259E+0	1.231434E-3	1.74E-1    	180.00    	12120.84	24.7 	33.8 	6.243415E+0	1.335385E-6 	1.170613E+7	2.055075E+3	-1.624567E+0	1.006645E-4	6.807769E+0	6.788105E+0
180.0   	12      	6.278511E+0	9.279861E-4	4.88E-1    	180.00    	12123.41	24.7 	33.8 	6.275539E+0	9.375540E-7 	1.165097E+7	1.616581E+3	-1.624613E+0	1.026320E-4	6.840021E+0	6.820229E+0
180.0   	13      	6.250146E+0	1.412579E-3	2.06E-1    	180.00    	12125.99	24.7 	33.7 	6.247276E+0	1.683222E-6 	1.169947E+7	2.328805E+3	-1.624587E+0	2.003331E-4	6.811656E+0	6.791966E+0
180.0   	14      	6.517506E+0	7.116548E-4	2.07E-1    	180.00    	12128.56	24.7 	33.8 	6.515746E+0	6.667780E-7 	1.125610E+7	1.200000E+3	-1.622050E+0	3.774917E-4	7.079016E+0	7.060436E+0
180.0   	15      	9.599950E-1	8.370266E-4	1.18E-1    	180.00    	12131.14	24.7 	33.7 	9.247389E-1	5.384337E-7 	5.322053E+7	2.101959E+4	-1.756867E+0	1.837399E-3	1.521505E+0	1.469429E+0
180.0   	16      	6.710988E+0	2.102795E-3	4.46E-1    	180.00    	12133.71	24.7 	33.8 	6.709562E+0	5.035723E-6 	1.095600E+7	3.278719E+3	-1.620907E+0	2.013289E-4	7.272498E+0	7.254252E+0
180.0   	17      	6.267830E+0	9.616810E-4	-7.52E-2   	180.00    	12136.31	24.7 	33.7 	6.264914E+0	9.434698E-7 	1.166917E+7	1.650253E+3	-1.624580E+0	1.743560E-4	6.829340E+0	6.809604E+0
180.0   	18      	6.084364E+0	8.861800E-4	2.99E-1    	180.00    	12138.89	24.7 	33.7 	6.080438E+0	9.254441E-7 	1.199270E+7	1.670329E+3	-1.626697E+0	1.059874E-4	6.645874E+0	6.625128E+0
180.0   	19      	6.359872E+0	1.670627E-3	3.86E-1    	180.00    	12141.42	24.7 	33.7 	6.358474E+0	2.332139E-6 	1.151250E+7	2.662705E+3	-1.622123E+0	1.960442E-4	6.921382E+0	6.903164E+0
180.0   	20      	6.074789E+0	2.364166E-3	1.23E-2    	180.00    	12143.99	24.7 	33.7 	6.071337E+0	5.429077E-6 	1.200960E+7	4.250882E+3	-1.626093E+0	2.107922E-4	6.636299E+0	6.616027E+0
180.0   	21      	6.067741E+0	7.980994E-4	2.54E-1    	180.00    	12146.58	24.7 	33.7 	6.063615E+0	5.314984E-7 	1.202300E+7	1.385641E+3	-1.627037E+0	1.234234E-4	6.629251E+0	6.608305E+0
180.0   	22      	6.071344E+0	1.139389E-3	1.28E-1    	180.00    	12149.15	24.7 	33.7 	6.067834E+0	1.848113E-6 	1.201590E+7	2.264950E+3	-1.626187E+0	3.412233E-4	6.632854E+0	6.612524E+0
180.0   	23      	6.069889E+0	5.940437E-4	2.58E-1    	180.00    	12151.73	24.7 	33.8 	6.066569E+0	4.759906E-7 	1.201837E+7	1.159023E+3	-1.625933E+0	2.281082E-4	6.631399E+0	6.611259E+0
180.0   	24      	6.067654E+0	1.822303E-3	1.64E-2    	180.00    	12154.31	24.7 	33.8 	6.064509E+0	2.656370E-6 	1.202227E+7	3.134220E+3	-1.625703E+0	2.668957E-4	6.629164E+0	6.609199E+0
180.0   	25      	6.058977E+0	1.225712E-3	2.00E-1    	180.00    	12156.89	24.7 	33.7 	6.055591E+0	1.087462E-6 	1.203827E+7	2.059935E+3	-1.626070E+0	3.351119E-4	6.620487E+0	6.600281E+0
180.0   	26      	6.109838E+0	7.660704E-4	3.30E-1    	180.00    	12159.47	24.7 	33.7 	6.106507E+0	4.335735E-7 	1.194630E+7	1.276715E+3	-1.625783E+0	1.530795E-4	6.671348E+0	6.651197E+0
180.0   	27      	6.060208E+0	7.733016E-4	-6.29E-2   	180.00    	12162.06	24.7 	33.8 	6.056374E+0	8.363001E-7 	1.203643E+7	1.527525E+3	-1.626673E+0	3.153305E-4	6.621718E+0	6.601064E+0
180.0   	28      	6.062583E+0	2.347070E-3	1.45E-1    	180.00    	12164.62	24.7 	33.8 	6.058726E+0	5.960129E-6 	1.203213E+7	4.354691E+3	-1.626697E+0	2.074448E-4	6.624093E+0	6.603416E+0
180.0   	29      	6.061534E+0	9.478994E-4	2.60E-1    	180.00    	12167.16	24.7 	33.7 	6.057832E+0	9.215650E-7 	1.203390E+7	1.734935E+3	-1.626490E+0	9.848858E-5	6.623044E+0	6.602522E+0
180.0   	30      	6.063611E+0	6.456013E-5	2.16E-2    	180.00    	12169.74	24.7 	33.7 	6.060189E+0	2.943672E-8 	1.202987E+7	2.081666E+2	-1.626100E+0	1.670329E-4	6.625121E+0	6.604879E+0
180.0   	31      	6.342728E+0	2.246407E-3	3.74E-1    	180.00    	12172.34	24.7 	33.7 	6.339610E+0	5.158881E-6 	1.154257E+7	3.780653E+3	-1.624560E+0	1.212436E-4	6.904238E+0	6.884300E+0
180.0   	32      	6.258081E+0	2.730109E-3	4.24E-1    	180.00    	12174.88	24.7 	33.8 	6.255368E+0	8.658128E-6 	1.168570E+7	4.866210E+3	-1.624340E+0	3.031501E-4	6.819591E+0	6.800058E+0
180.0   	33      	6.255145E+0	7.018234E-4	-1.27E-1   	180.00    	12177.45	24.7 	33.7 	6.251934E+0	5.753149E-7 	1.169117E+7	1.250333E+3	-1.625030E+0	1.757840E-4	6.816655E+0	6.796624E+0
180.0   	34      	6.072532E+0	2.435490E-3	2.96E-1    	180.00    	12180.03	24.7 	33.7 	6.068962E+0	5.112798E-6 	1.201380E+7	4.257934E+3	-1.626263E+0	2.343786E-4	6.634042E+0	6.613652E+0
180.0   	35      	6.066226E+0	7.955215E-4	2.96E-1    	180.00    	12182.62	24.7 	33.7 	6.063075E+0	8.421633E-7 	1.202487E+7	1.556706E+3	-1.625717E+0	1.715615E-4	6.627736E+0	6.607765E+0
180.0   	36      	6.070499E+0	1.323226E-3	3.27E-1    	180.00    	12185.17	24.7 	33.7 	6.066915E+0	1.220418E-6 	1.201750E+7	2.193171E+3	-1.626290E+0	4.232021E-4	6.632009E+0	6.611605E+0
180.0   	37      	6.067546E+0	1.089795E-3	2.90E-1    	180.00    	12187.78	24.7 	33.7 	6.063921E+0	1.023404E-6 	1.202290E+7	1.907878E+3	-1.626360E+0	1.228821E-4	6.629056E+0	6.608611E+0
180.0   	38      	6.063390E+0	9.642171E-4	1.18E-1    	180.00    	12190.32	24.7 	33.7 	6.059714E+0	9.300355E-7 	1.203050E+7	1.752142E+3	-1.626447E+0	1.159023E-4	6.624900E+0	6.604404E+0
180.0   	39      	6.068395E+0	1.098267E-3	-3.68E-2   	180.00    	12192.90	24.7 	33.7 	6.064870E+0	1.346068E-6 	1.202127E+7	2.050203E+3	-1.626220E+0	1.135782E-4	6.629905E+0	6.609560E+0
180.0   	40      	6.068413E+0	1.672469E-3	2.59E-1    	180.00    	12195.47	24.7 	33.7 	6.065146E+0	2.487976E-6 	1.202100E+7	2.944486E+3	-1.625867E+0	3.017173E-4	6.629923E+0	6.609836E+0
180.0   	41      	6.059460E+0	6.313988E-4	2.29E-1    	180.00    	12198.05	24.7 	33.7 	6.056097E+0	4.117163E-7 	1.203737E+7	1.159023E+3	-1.626037E+0	2.081666E-5	6.620970E+0	6.600787E+0
180.0   	42      	6.063749E+0	1.233992E-3	2.22E-1    	180.00    	12200.62	24.7 	33.7 	6.060270E+0	2.042598E-6 	1.202967E+7	2.421432E+3	-1.626177E+0	2.742870E-4	6.625259E+0	6.604960E+0
180.0   	43      	6.065328E+0	2.119244E-3	8.80E-2    	180.00    	12203.20	24.7 	33.7 	6.062029E+0	4.493484E-6 	1.202663E+7	3.852705E+3	-1.625923E+0	3.511885E-5	6.626838E+0	6.606719E+0
180.0   	44      	6.065679E+0	2.803307E-3	-7.71E-2   	180.00    	12205.78	24.7 	33.7 	6.062229E+0	7.280300E-6 	1.202613E+7	5.000333E+3	-1.626130E+0	1.374773E-4	6.627189E+0	6.606919E+0
180.0   	45      	6.069324E+0	6.381763E-4	1.48E-1    	180.00    	12208.32	24.7 	33.7 	6.065850E+0	4.787805E-7 	1.201953E+7	1.193035E+3	-1.626147E+0	2.886751E-4	6.630834E+0	6.610540E+0
180.0   	46      	6.060419E+0	1.505401E-3	1.60E-1    	180.00    	12210.90	24.7 	33.7 	6.057152E+0	2.085081E-6 	1.203553E+7	2.683903E+3	-1.625900E+0	8.544004E-5	6.621929E+0	6.601842E+0
180.0   	47      	6.064138E+0	7.388489E-4	2.88E-1    	180.00    	12213.47	24.7 	33.7 	6.060396E+0	5.660209E-7 	1.202920E+7	1.352775E+3	-1.626533E+0	1.361372E-4	6.625648E+0	6.605086E+0
180.0   	48      	6.523702E+0	9.538320E-4	1.80E-1    	180.00    	12216.07	24.7 	33.7 	6.521955E+0	1.081944E-6 	1.124623E+7	1.582193E+3	-1.622010E+0	1.951922E-4	7.085212E+0	7.066645E+0
180.0   	49      	6.300804E+0	1.428764E-3	-1.01E-1   	180.00    	12218.64	24.7 	33.7 	6.298377E+0	1.865952E-6 	1.161260E+7	2.364318E+3	-1.623780E+0	2.338803E-4	6.862314E+0	6.843067E+0
180.0   	50      	6.071695E+0	7.226718E-4	6.48E-2    	180.00    	12221.16	24.7 	33.7 	6.067667E+0	6.765222E-7 	1.201573E+7	1.401190E+3	-1.626887E+0	1.514376E-4	6.633205E+0	6.612357E+0
180.0   	51      	6.064890E+0	7.028485E-4	-4.64E-2   	180.00    	12223.75	24.7 	33.7 	6.061513E+0	7.010930E-7 	1.202750E+7	1.400000E+3	-1.626033E+0	1.871719E-4	6.626400E+0	6.606203E+0
180.0   	52      	6.065637E+0	8.629287E-4	3.20E-1    	180.00    	12226.34	24.7 	33.7 	6.061830E+0	7.531606E-7 	1.202653E+7	1.550269E+3	-1.626613E+0	3.971566E-4	6.627147E+0	6.606520E+0
180.0   	53      	6.064864E+0	1.977970E-3	2.52E-1    	180.00    	12228.90	24.7 	33.7 	6.060954E+0	3.301145E-6 	1.202803E+7	3.444319E+3	-1.626757E+0	3.580968E-4	6.626374E+0	6.605644E+0
180.0   	54      	6.066889E+0	1.367709E-3	1.91E-1    	180.00    	12231.47	24.7 	33.7 	6.063366E+0	1.713709E-6 	1.202400E+7	2.426932E+3	-1.626223E+0	2.400694E-4	6.628399E+0	6.608056E+0
180.0   	55      	6.069809E+0	1.281677E-3	3.21E-3    	180.00    	12234.07	24.7 	33.7 	6.066027E+0	1.698105E-6 	1.201893E+7	2.345918E+3	-1.626563E+0	6.658328E-5	6.631319E+0	6.610717E+0
180.0   	56      	6.064908E+0	1.895111E-3	1.45E-1    	180.00    	12236.64	24.7 	33.7 	6.061752E+0	3.519890E-6 	1.202727E+7	3.426855E+3	-1.625730E+0	8.660254E-5	6.626418E+0	6.606442E+0
180.0   	57      	6.061102E+0	7.148989E-4	3.89E-1    	180.00    	12239.18	24.7 	33.7 	6.057969E+0	6.040931E-7 	1.203417E+7	1.357694E+3	-1.625713E+0	9.073772E-5	6.622612E+0	6.602659E+0
180.0   	58      	6.063214E+0	1.849829E-3	2.91E-1    	180.00    	12241.76	24.7 	33.7 	6.059926E+0	3.973783E-6 	1.203047E+7	3.493327E+3	-1.625917E+0	2.843120E-4	6.624724E+0	6.604616E+0
180.0   	59      	6.062826E+0	1.062791E-3	1.33E-1    	180.00    	12244.34	24.7 	33.7 	6.058995E+0	1.324900E-6 	1.203167E+7	2.010804E+3	-1.626660E+0	2.066398E-4	6.624336E+0	6.603685E+0
180.0   	60      	6.066670E+0	1.879497E-4	2.09E-1    	180.00    	12246.92	24.7 	33.7 	6.062668E+0	3.371825E-8 	1.202483E+7	3.214550E+2	-1.626873E+0	1.527525E-4	6.628180E+0	6.607358E+0
180.0   	61      	6.355475E+0	2.251656E-3	7.40E-2    	180.00    	12249.46	24.7 	33.7 	6.353073E+0	5.073005E-6 	1.152067E+7	3.755440E+3	-1.623537E+0	1.021437E-4	6.916985E+0	6.897763E+0
180.0   	62      	6.356325E+0	2.245062E-3	1.12E-1    	180.00    	12252.06	24.7 	33.7 	6.354461E+0	5.410220E-6 	1.151880E+7	3.810512E+3	-1.622790E+0	1.928730E-4	6.917835E+0	6.899151E+0
180.0   	63      	6.338004E+0	2.054622E-3	5.77E-1    	180.00    	12254.61	24.7 	33.7 	6.335618E+0	4.739610E-6 	1.154987E+7	3.547299E+3	-1.623580E+0	1.777639E-4	6.899514E+0	6.880308E+0
180.0   	64      	9.870036E-1	9.614652E-4	3.48E-1    	180.00    	12257.18	24.7 	33.7 	9.063606E-1	7.758828E-7 	5.308740E+7	3.260077E+4	-1.824383E+0	4.041452E-5	1.548514E+0	1.451051E+0
180.0   	65      	6.326822E+0	8.089756E-4	2.67E-1    	180.00    	12259.78	24.7 	33.7 	6.324050E+0	6.208215E-7 	1.156897E+7	1.342882E+3	-1.624153E+0	3.511885E-5	6.888332E+0	6.868740E+0
180.0   	66      	6.067952E+0	2.303814E-3	1.67E-1    	180.00    	12262.32	24.7 	33.7 	6.064249E+0	5.666520E-6 	1.202223E+7	4.252450E+3	-1.626463E+0	1.703917E-4	6.629462E+0	6.608939E+0
180.0   	67      	6.081962E+0	1.262209E-3	1.21E-1    	180.00    	12264.92	24.7 	33.7 	6.078451E+0	1.727845E-6 	1.199667E+7	2.328805E+3	-1.626143E+0	1.305118E-4	6.643472E+0	6.623141E+0
180.0   	68      	6.072183E+0	8.985093E-4	2.14E-1    	180.00    	12267.50	24.7 	33.7 	6.068502E+0	5.801879E-7 	1.201453E+7	1.504438E+3	-1.626417E+0	2.000833E-4	6.633693E+0	6.613192E+0
180.0   	69      	6.067321E+0	8.393696E-4	-3.24E-1   	180.00    	12270.08	24.7 	33.7 	6.063485E+0	9.539602E-7 	1.202350E+7	1.646208E+3	-1.626647E+0	2.510644E-4	6.628831E+0	6.608175E+0
180.0   	70      	6.067660E+0	1.074987E-3	1.71E-1    	180.00    	12272.62	24.7 	33.7 	6.064320E+0	8.256653E-7 	1.202243E+7	1.800926E+3	-1.625970E+0	2.291288E-4	6.629170E+0	6.609010E+0
180.0   	71      	6.067264E+0	1.373483E-3	9.39E-2    	180.00    	12275.19	24.7 	33.7 	6.063689E+0	2.081205E-6 	1.202337E+7	2.557994E+3	-1.626293E+0	1.159023E-4	6.628774E+0	6.608379E+0
180.0   	72      	6.064385E+0	1.381722E-3	1.08E-1    	180.00    	12277.77	24.7 	33.7 	6.060845E+0	1.561843E-6 	1.202857E+7	2.386071E+3	-1.626257E+0	3.043572E-4	6.625895E+0	6.605535E+0
180.0   	73      	6.065094E+0	9.903846E-4	8.62E-2    	180.00    	12280.37	24.7 	33.7 	6.061786E+0	9.445142E-7 	1.202707E+7	1.778576E+3	-1.625937E+0	2.010804E-4	6.626604E+0	6.606476E+0
180.0   	74      	6.064775E+0	3.475843E-4	3.13E-2    	180.00    	12282.92	24.7 	33.7 	6.061408E+0	5.756185E-8 	1.202770E+7	5.291503E+2	-1.626020E+0	1.808314E-4	6.626285E+0	6.606098E+0
180.0   	75      	6.066328E+0	3.254317E-3	2.69E-1    	180.00    	12285.50	24.7 	33.7 	6.062755E+0	9.395539E-6 	1.202507E+7	5.736143E+3	-1.626293E+0	3.980368E-4	6.627838E+0	6.607445E+0
180.0   	76      	6.352482E+0	1.390781E-3	5.53E-3    	180.00    	12288.08	24.7 	33.7 	6.350431E+0	2.208618E-6 	1.152537E+7	2.400694E+3	-1.623063E+0	1.721434E-4	6.913992E+0	6.895121E+0
180.0   	77      	7.307324E-1	2.080113E-3	2.04E-1    	180.00    	12290.65	24.7 	33.7 	6.076767E-1	1.609516E-6 	6.521137E+7	8.242477E+4	-1.906040E+0	1.580854E-3	1.292242E+0	1.152367E+0
180.0   	78      	7.350247E-1	3.750888E-4	2.62E-1    	180.00    	12293.21	24.7 	33.7 	6.108197E-1	3.148340E-6 	6.501470E+7	5.906073E+4	-1.906890E+0	1.801027E-3	1.296535E+0	1.155510E+0
180.0   	79      	6.358538E+0	6.410694E-4	3.52E-1    	180.00    	12295.82	24.7 	33.7 	6.356088E+0	5.541800E-7 	1.151560E+7	1.153256E+3	-1.623590E+0	1.705872E-4	6.920048E+0	6.900778E+0
180.0   	80      	6.584611E+0	1.460782E-3	3.59E-1    	180.00    	12298.36	24.7 	33.7 	6.582846E+0	2.216272E-6 	1.115027E+7	2.302897E+3	-1.621817E+0	1.365040E-4	7.146121E+0	7.127536E+0
180.0   	81      	6.309260E+0	1.243465E-3	2.53E-1    	180.00    	12300.95	24.7 	33.7 	6.306504E+0	1.578026E-6 	1.159857E+7	2.112660E+3	-1.624200E+0	7.211103E-5	6.870770E+0	6.851194E+0
180.0   	82      	6.093736E+0	2.062775E-3	3.45E-1    	180.00    	12303.57	24.7 	33.7 	6.090015E+0	4.071868E-6 	1.197560E+7	3.675595E+3	-1.626380E+0	1.513275E-4	6.655246E+0	6.634705E+0
180.0   	83      	6.090244E+0	1.100047E-3	1.54E-1    	180.00    	12306.10	24.7 	33.7 	6.086630E+0	1.455832E-6 	1.198180E+7	2.080865E+3	-1.626250E+0	1.539480E-4	6.651754E+0	6.631320E+0
180.0   	84      	6.134397E+0	8.884893E-4	4.83E-1    	180.00    	12308.67	24.7 	33.7 	6.130788E+0	7.306798E-7 	1.190267E+7	1.550269E+3	-1.626060E+0	1.113553E-4	6.695907E+0	6.675478E+0
180.0   	85      	6.092497E+0	4.703125E-4	2.19E-1    	180.00    	12311.26	24.7 	33.7 	6.089071E+0	2.151938E-7 	1.197757E+7	8.144528E+2	-1.625983E+0	3.233162E-4	6.654007E+0	6.633761E+0
180.0   	86      	6.091430E+0	2.576601E-3	-1.02E-1   	180.00    	12313.83	24.7 	33.7 	6.087847E+0	6.376120E-6 	1.197963E+7	4.598188E+3	-1.626203E+0	1.903506E-4	6.652940E+0	6.632537E+0
180.0   	87      	6.092470E+0	1.689917E-4	1.84E-1    	180.00    	12316.38	24.7 	33.7 	6.089098E+0	1.265698E-7 	1.197757E+7	4.725816E+2	-1.625910E+0	2.586503E-4	6.653980E+0	6.633788E+0
180.0   	88      	6.092781E+0	1.837073E-3	8.96E-2    	180.00    	12318.98	24.7 	33.7 	6.089490E+0	3.297813E-6 	1.197693E+7	3.292922E+3	-1.625800E+0	3.464102E-5	6.654291E+0	6.634180E+0
180.0   	89      	6.092595E+0	1.370869E-3	1.58E-1    	180.00    	12321.55	24.7 	33.7 	6.089343E+0	1.798866E-6 	1.197723E+7	2.444040E+3	-1.625747E+0	9.018500E-5	6.654105E+0	6.634033E+0
180.0   	90      	6.092092E+0	1.312305E-3	5.28E-1    	180.00    	12324.10	24.7 	33.7 	6.088848E+0	1.281025E-6 	1.197813E+7	2.203028E+3	-1.625737E+0	2.444040E-4	6.653602E+0	6.633538E+0
180.0   	91      	6.091535E+0	1.949778E-3	1.97E-1    	180.00    	12326.70	24.7 	33.7 	6.088000E+0	3.990764E-6 	1.197940E+7	3.559494E+3	-1.626137E+0	7.767453E-5	6.653045E+0	6.632690E+0
180.0   	92      	6.092899E+0	1.487839E-3	1.84E-2    	180.00    	12329.28	24.7 	33.7 	6.089483E+0	1.811814E-6 	1.197683E+7	2.554082E+3	-1.625970E+0	1.907878E-4	6.654409E+0	6.634173E+0
180.0   	93      	6.411961E+0	1.154871E-3	4.79E-2    	180.00    	12331.86	24.7 	33.7 	6.409622E+0	1.509228E-6 	1.142717E+7	1.955335E+3	-1.623237E+0	1.096966E-4	6.973471E+0	6.954312E+0
180.0   	94      	6.380324E+0	1.890195E-3	-7.26E-2   	180.00    	12334.38	24.7 	33.7 	6.378086E+0	3.175482E-6 	1.147923E+7	3.036994E+3	-1.623217E+0	2.829016E-4	6.941834E+0	6.922776E+0
180.0   	95      	6.091026E+0	7.589381E-4	-4.53E-2   	180.00    	12336.96	24.7 	33.7 	6.087289E+0	5.859216E-7 	1.198050E+7	1.374773E+3	-1.626413E+0	2.081666E-5	6.652536E+0	6.631979E+0
180.0   	96      	6.293526E+0	6.350818E-4	1.99E-2    	180.00    	12339.56	24.7 	33.7 	6.290487E+0	3.804185E-7 	1.162547E+7	1.059874E+3	-1.624647E+0	1.331666E-4	6.855036E+0	6.835177E+0
180.0   	97      	6.294762E+0	2.803102E-4	3.00E-1    	180.00    	12342.10	24.7 	33.7 	6.291959E+0	8.840021E-8 	1.162317E+7	4.725816E+2	-1.624320E+0	2.116601E-4	6.856272E+0	6.836649E+0
180.0   	98      	6.091321E+0	5.284922E-4	2.44E-1    	180.00    	12344.71	24.7 	33.7 	6.087770E+0	1.929088E-7 	1.197980E+7	8.717798E+2	-1.626160E+0	1.300000E-4	6.652831E+0	6.632460E+0
180.0   	99      	6.091290E+0	5.275418E-4	9.63E-2    	180.00    	12347.25	24.7 	33.7 	6.087875E+0	2.906370E-7 	1.197973E+7	9.504385E+2	-1.625973E+0	2.236813E-4	6.652800E+0	6.632565E+0
180.0   	100     	6.113000E+0	4.910776E-4	-1.93E-1   	180.00    	12349.85	24.7 	33.7 	6.109296E+0	2.123615E-7 	1.194097E+7	8.504901E+2	-1.626277E+0	1.011599E-4	6.674510E+0	6.653986E+0
180.0   	101     	6.093375E+0	3.259938E-4	2.86E-1    	180.00    	12352.39	24.7 	33.7 	6.090042E+0	1.615666E-7 	1.197590E+7	6.557439E+2	-1.625853E+0	1.101514E-4	6.654885E+0	6.634732E+0
180.0   	102     	6.093728E+0	1.056193E-3	3.30E-2    	180.00    	12354.98	24.7 	33.7 	6.090282E+0	1.620676E-6 	1.197537E+7	2.098412E+3	-1.626007E+0	3.089229E-4	6.655238E+0	6.634972E+0
180.0   	103     	6.087619E+0	5.126285E-4	5.22E-1    	180.00    	12357.57	24.7 	33.7 	6.084452E+0	2.739992E-7 	1.198613E+7	9.291573E+2	-1.625650E+0	1.637071E-4	6.649129E+0	6.629142E+0
180.0   	104     	6.087970E+0	9.848570E-4	3.13E-1    	180.00    	12360.13	24.8 	33.7 	6.084950E+0	6.436914E-7 	1.198537E+7	1.607275E+3	-1.625447E+0	3.212994E-4	6.649480E+0	6.629640E+0
180.0   	105     	6.091291E+0	2.595081E-4	6.82E-2    	180.00    	12362.68	24.7 	33.7 	6.088096E+0	3.772827E-8 	1.197953E+7	4.041452E+2	-1.625673E+0	1.305118E-4	6.652801E+0	6.632786E+0
180.0   	106     	6.091708E+0	1.069881E-3	2.49E-1    	180.00    	12365.25	24.7 	33.7 	6.088455E+0	7.379114E-7 	1.197883E+7	1.738774E+3	-1.625750E+0	2.868798E-4	6.653218E+0	6.633145E+0
180.0   	107     	6.086823E+0	1.176009E-3	-1.57E-3   	180.00    	12367.83	24.7 	33.7 	6.083771E+0	1.765620E-6 	1.198747E+7	2.247962E+3	-1.625493E+0	4.343194E-4	6.648333E+0	6.628461E+0
180.0   	108     	6.089881E+0	1.771883E-3	1.99E-1    	180.00    	12370.41	24.7 	33.7 	6.086549E+0	3.528189E-6 	1.198220E+7	3.290897E+3	-1.625867E+0	2.478575E-4	6.651391E+0	6.631239E+0
180.0   	109     	6.102585E+0	5.870800E-4	3.02E-2    	180.00    	12373.00	24.7 	33.7 	6.098834E+0	3.831405E-7 	1.195970E+7	1.081665E+3	-1.626383E+0	1.159023E-4	6.664095E+0	6.643524E+0
180.0   	110     	6.087742E+0	1.337474E-3	2.48E-1    	180.00    	12375.58	24.7 	33.7 	6.084219E+0	1.947824E-6 	1.198623E+7	2.466441E+3	-1.626137E+0	1.159023E-4	6.649252E+0	6.628909E+0
180.0   	111     	6.080917E+0	1.176599E-3	4.22E-2    	180.00    	12378.09	24.8 	33.7 	6.077248E+0	1.463073E-6 	1.199870E+7	2.151743E+3	-1.626363E+0	2.610236E-4	6.642427E+0	6.621938E+0
180.0   	112     	6.284789E+0	9.570933E-4	2.55E-1    	180.00    	12380.69	24.8 	33.7 	6.281895E+0	9.356688E-7 	1.164020E+7	1.637071E+3	-1.624483E+0	1.069268E-4	6.846299E+0	6.826585E+0
180.0   	113     	6.278078E+0	1.778468E-3	3.63E-2    	180.00    	12383.26	24.8 	33.7 	6.275073E+0	3.071946E-6 	1.165173E+7	3.008876E+3	-1.624660E+0	2.211334E-4	6.839588E+0	6.819763E+0
180.0   	114     	6.079429E+0	6.434539E-4	1.71E-1    	180.00    	12385.82	24.8 	33.7 	6.075642E+0	4.859996E-7 	1.200150E+7	1.212436E+3	-1.626530E+0	1.014889E-4	6.640939E+0	6.620332E+0
180.0   	115     	6.078029E+0	3.499306E-4	2.98E-2    	180.00    	12388.42	24.8 	33.7 	6.074316E+0	8.862291E-8 	1.200397E+7	5.859465E+2	-1.626437E+0	7.505553E-5	6.639539E+0	6.619006E+0
180.0   	116     	6.094461E+0	2.122756E-3	5.20E-2    	180.00    	12390.95	24.8 	33.7 	6.090585E+0	4.481399E-6 	1.197443E+7	3.817504E+3	-1.626587E+0	1.625833E-4	6.655971E+0	6.635275E+0
180.0   	117     	6.077355E+0	2.596411E-4	-1.34E-2   	180.00    	12393.54	24.8 	33.7 	6.073885E+0	1.922670E-7 	1.200497E+7	6.110101E+2	-1.626107E+0	3.470351E-4	6.638865E+0	6.618575E+0
180.0   	118     	6.077908E+0	3.362803E-3	2.67E-2    	180.00    	12396.11	24.8 	33.7 	6.074329E+0	1.090390E-5 	1.200407E+7	6.035175E+3	-1.626253E+0	9.237604E-5	6.639418E+0	6.619019E+0
180.0   	119     	6.077463E+0	2.449865E-3	9.65E-2    	180.00    	12398.70	24.8 	33.7 	6.073890E+0	5.849906E-6 	1.200487E+7	4.400379E+3	-1.626247E+0	4.110150E-4	6.638973E+0	6.618580E+0
180.0   	120     	6.076134E+0	2.839524E-4	6.54E-1    	180.00    	12401.25	24.8 	33.7 	6.072751E+0	6.261624E-9 	1.200710E+7	3.000000E+2	-1.625993E+0	3.438507E-4	6.637644E+0	6.617441E+0
180.0   	121     	6.077365E+0	6.405825E-4	1.23E-1    	180.00    	12403.86	24.8 	33.7 	6.074059E+0	5.523660E-7 	1.200480E+7	1.252996E+3	-1.625883E+0	1.464013E-4	6.638875E+0	6.618749E+0
180.0   	122     	6.076891E+0	2.799184E-4	3.82E-1    	180.00    	12406.40	24.8 	33.7 	6.073650E+0	5.539814E-8 	1.200560E+7	4.582576E+2	-1.625797E+0	1.457166E-4	6.638401E+0	6.618340E+0
180.0   	123     	6.077133E+0	1.701976E-3	2.34E-1    	180.00    	12408.98	24.8 	33.7 	6.073740E+0	3.005079E-6 	1.200530E+7	3.109662E+3	-1.626003E+0	1.650253E-4	6.638643E+0	6.618430E+0
180.0   	124     	6.075003E+0	1.695469E-3	4.51E-1    	180.00    	12411.53	24.8 	33.7 	6.071418E+0	2.080955E-6 	1.200933E+7	2.843120E+3	-1.626273E+0	3.453018E-4	6.636513E+0	6.616108E+0
180.0   	125     	6.081477E+0	6.433067E-4	1.55E-1    	180.00    	12414.15	24.8 	33.7 	6.077720E+0	3.384569E-7 	1.199777E+7	1.096966E+3	-1.626480E+0	2.463737E-4	6.642987E+0	6.622410E+0
180.0   	126     	6.076827E+0	1.892813E-3	1.47E-1    	180.00    	12416.66	24.8 	33.7 	6.073237E+0	3.871929E-6 	1.200603E+7	3.493327E+3	-1.626273E+0	2.311565E-4	6.638337E+0	6.617927E+0
180.0   	127     	6.075998E+0	1.577293E-3	1.24E-1    	180.00    	12419.25	24.8 	33.7 	6.072226E+0	2.807880E-6 	1.200770E+7	2.946184E+3	-1.626523E+0	1.709776E-4	6.637508E+0	6.616916E+0
180.0   	128     	6.264554E+0	1.997078E-3	4.20E-1    	180.00    	12421.83	24.8 	33.7 	6.261532E+0	4.402982E-6 	1.167487E+7	3.507611E+3	-1.624737E+0	1.457166E-4	6.826064E+0	6.806222E+0
180.0   	129     	6.265908E+0	2.709938E-3	3.19E-1    	180.00    	12424.43	24.8 	33.7 	6.263214E+0	7.152459E-6 	1.167227E+7	4.606879E+3	-1.624283E+0	2.084067E-4	6.827418E+0	6.807904E+0
180.0   	130     	6.076760E+0	1.169832E-3	-8.62E-5   	180.00    	12427.00	24.8 	33.7 	6.073082E+0	1.220341E-6 	1.200623E+7	2.059935E+3	-1.626393E+0	8.962886E-5	6.638270E+0	6.617772E+0
180.0   	131     	6.074193E+0	1.569165E-3	3.16E-1    	180.00    	12429.59	24.8 	33.7 	6.070940E+0	2.699044E-6 	1.201050E+7	2.910326E+3	-1.625823E+0	1.450287E-4	6.635703E+0	6.615630E+0
180.0   	132     	6.078360E+0	5.021596E-4	3.10E-1    	180.00    	12432.11	24.8 	33.7 	6.074795E+0	4.626414E-7 	1.200323E+7	1.069268E+3	-1.626233E+0	2.569695E-4	6.639870E+0	6.619485E+0
180.0   	133     	6.073754E+0	1.283601E-3	1.85E-1    	180.00    	12434.70	24.8 	33.7 	6.070312E+0	1.401837E-6 	1.201147E+7	2.230097E+3	-1.626083E+0	2.936551E-4	6.635264E+0	6.615002E+0
180.0   	134     	6.076205E+0	8.389818E-4	2.07E-1    	180.00    	12437.28	24.8 	33.7 	6.072754E+0	1.023262E-6 	1.200703E+7	1.674316E+3	-1.626087E+0	2.702468E-4	6.637715E+0	6.617444E+0
180.0   	135     	6.077391E+0	1.383574E-3	3.34E-1    	180.00    	12439.87	24.8 	33.7 	6.073924E+0	2.168452E-6 	1.200490E+7	2.586503E+3	-1.626103E+0	1.301281E-4	6.638901E+0	6.618614E+0
180.0   	136     	6.072563E+0	3.368347E-4	5.31E-1    	180.00    	12442.42	24.8 	33.7 	6.069003E+0	1.753484E-8 	1.201373E+7	4.163332E+2	-1.626250E+0	3.064311E-4	6.634073E+0	6.613693E+0
180.0   	137     	6.073747E+0	1.449440E-3	5.89E-2    	180.00    	12445.03	24.8 	33.7 	6.070430E+0	1.956809E-6 	1.201137E+7	2.581343E+3	-1.625913E+0	8.326664E-5	6.635257E+0	6.615120E+0
180.0   	138     	6.075923E+0	1.455360E-3	-1.20E-1   	180.00    	12447.55	24.8 	33.7 	6.072668E+0	2.335013E-6 	1.200737E+7	2.702468E+3	-1.625820E+0	1.058301E-4	6.637433E+0	6.617358E+0
180.0   	139     	6.074148E+0	3.056230E-4	2.38E-1    	180.00    	12450.14	24.8 	33.7 	6.070874E+0	1.337475E-7 	1.201060E+7	6.000000E+2	-1.625853E+0	1.750238E-4	6.635658E+0	6.615564E+0
180.0   	140     	6.070899E+0	3.428411E-4	4.46E-1    	180.00    	12452.73	24.8 	33.7 	6.067617E+0	1.684022E-7 	1.201650E+7	6.557439E+2	-1.625877E+0	3.056687E-4	6.632409E+0	6.612307E+0
180.0   	141     	6.076650E+0	1.957680E-3	1.56E-1    	180.00    	12455.32	24.8 	33.7 	6.072899E+0	4.198983E-6 	1.200650E+7	3.629049E+3	-1.626493E+0	1.750238E-4	6.638160E+0	6.617589E+0
180.0   	142     	6.071881E+0	9.660835E-4	1.28E-1    	180.00    	12457.87	24.8 	33.7 	6.068509E+0	1.112791E-6 	1.201480E+7	1.833030E+3	-1.625997E+0	1.327906E-4	6.633391E+0	6.613199E+0
180.0   	143     	6.074419E+0	9.079818E-4	4.80E-1    	180.00    	12460.44	24.8 	33.7 	6.070824E+0	6.973437E-7 	1.201040E+7	1.571623E+3	-1.626290E+0	2.570992E-4	6.635929E+0	6.615514E+0
180.0   	144     	6.261590E+0	5.734112E-4	1.23E-1    	180.00    	12463.03	24.8 	33.7 	6.258931E+0	2.634692E-7 	1.167963E+7	9.237604E+2	-1.624253E+0	2.064784E-4	6.823100E+0	6.803621E+0
180.0   	145     	6.263350E+0	2.627453E-4	4.50E-1    	180.00    	12465.61	24.8 	33.7 	6.260361E+0	4.805627E-8 	1.167690E+7	4.000000E+2	-1.624697E+0	1.724336E-4	6.824860E+0	6.805051E+0
180.0   	146     	6.073028E+0	1.214997E-3	2.68E-1    	180.00    	12468.16	24.8 	33.7 	6.069128E+0	1.487010E-6 	1.201320E+7	2.206808E+3	-1.626710E+0	7.810250E-5	6.634538E+0	6.613818E+0
180.0   	147     	6.077667E+0	1.569685E-3	6.53E-1    	180.00    	12470.74	24.8 	33.7 	6.073759E+0	2.018855E-6 	1.200480E+7	2.707397E+3	-1.626700E+0	1.946792E-4	6.639177E+0	6.618449E+0
180.0   	148     	6.345194E+0	1.369777E-3	3.37E-1    	180.00    	12473.34	24.8 	33.7 	6.342760E+0	2.240007E-6 	1.153787E+7	2.396525E+3	-1.623620E+0	2.100000E-4	6.906704E+0	6.887450E+0
180.0   	149     	6.073331E+0	1.457300E-3	-5.04E-2   	180.00    	12475.88	24.8 	33.7 	6.069486E+0	1.972022E-6 	1.201260E+7	2.594224E+3	-1.626633E+0	6.658328E-5	6.634841E+0	6.614176E+0
180.0   	150     	6.073510E+0	1.374817E-3	2.73E-1    	180.00    	12478.46	24.8 	33.7 	6.069822E+0	2.419909E-6 	1.201213E+7	2.655811E+3	-1.626420E+0	2.851315E-4	6.635020E+0	6.614512E+0
180.0   	151     	6.075077E+0	1.360163E-3	2.15E-1    	180.00    	12481.03	24.8 	33.7 	6.071527E+0	1.943166E-6 	1.200917E+7	2.494661E+3	-1.626227E+0	1.331666E-4	6.636587E+0	6.616217E+0
180.0   	152     	6.075791E+0	1.341022E-3	1.40E-1    	180.00    	12483.63	24.8 	33.7 	6.072321E+0	1.344748E-6 	1.200780E+7	2.264950E+3	-1.626113E+0	2.458319E-4	6.637301E+0	6.617011E+0
180.0   	153     	6.072270E+0	1.675341E-3	-8.38E-2   	180.00    	12486.20	24.8 	33.7 	6.068745E+0	2.650398E-6 	1.201423E+7	2.993883E+3	-1.626203E+0	1.553491E-4	6.633780E+0	6.613435E+0
180.0   	154     	6.074041E+0	2.723566E-3	1.07E-1    	180.00    	12488.79	24.8 	33.7 	6.070542E+0	7.299764E-6 	1.201100E+7	4.912230E+3	-1.626160E+0	3.659235E-4	6.635551E+0	6.615232E+0
180.0   	155     	6.071163E+0	7.586035E-4	-9.18E-2   	180.00    	12491.36	24.8 	33.7 	6.067610E+0	2.849635E-7 	1.201627E+7	1.171893E+3	-1.626247E+0	3.066486E-4	6.632673E+0	6.612300E+0
180.0   	156     	6.069866E+0	1.434561E-3	-1.17E-2   	180.00    	12493.94	24.8 	33.7 	6.066190E+0	2.053372E-6 	1.201873E+7	2.602563E+3	-1.626420E+0	2.645751E-5	6.631376E+0	6.610880E+0
180.0   	157     	6.066441E+0	1.160032E-3	1.18E-2    	180.00    	12496.46	24.8 	33.7 	6.064215E+0	1.184326E-6 	1.202363E+7	2.081666E+2	-1.624363E+0	3.208058E-3	6.627951E+0	6.608905E+0
180.0   	158     	6.073925E+0	5.206768E-4	1.75E-1    	180.00    	12499.04	24.8 	33.7 	6.070362E+0	1.747502E-7 	1.201127E+7	8.504901E+2	-1.626250E+0	1.410674E-4	6.635435E+0	6.615052E+0
180.0   	159     	6.073190E+0	7.065051E-4	4.20E-1    	180.00    	12501.61	24.8 	33.7 	6.069259E+0	3.883471E-7 	1.201293E+7	1.205543E+3	-1.626750E+0	1.100000E-4	6.634700E+0	6.613949E+0
180.0   	160     	6.256187E+0	3.061851E-4	9.37E-2    	180.00    	12504.18	24.8 	33.7 	6.253027E+0	3.554917E-8 	1.168933E+7	4.163332E+2	-1.624957E+0	2.059935E-4	6.817697E+0	6.797717E+0
180.0   	161     	6.262614E+0	2.162584E-3	8.59E-2    	180.00    	12506.76	24.8 	33.7 	6.259659E+0	4.971579E-6 	1.167813E+7	3.763420E+3	-1.624653E+0	1.184624E-4	6.824124E+0	6.804349E+0
180.0   	162     	6.078079E+0	3.840956E-4	4.26E-1    	180.00    	12509.32	24.8 	33.7 	6.074450E+0	2.970195E-7 	1.200380E+7	8.185353E+2	-1.626320E+0	3.659235E-4	6.639589E+0	6.619140E+0
180.0   	163     	6.350410E+0	1.172060E-3	-1.50E-2   	180.00    	12511.90	24.8 	33.7 	6.347833E+0	1.332235E-6 	1.152927E+7	1.942507E+3	-1.623797E+0	7.234178E-5	6.911920E+0	6.892523E+0
180.0   	164     	7.324302E-1	1.058639E-3	1.08E-1    	180.00    	12514.47	24.8 	33.7 	6.050120E-1	8.757806E-7 	6.524400E+7	5.076692E+4	-1.911207E+0	6.971609E-4	1.293940E+0	1.149702E+0
180.0   	165     	6.345487E+0	6.947150E-4	1.39E-1    	180.00    	12517.07	24.8 	33.7 	6.343025E+0	7.636878E-7 	1.153740E+7	1.311488E+3	-1.623657E+0	2.569695E-4	6.906997E+0	6.887715E+0
180.0   	166     	6.072600E+0	8.496621E-4	4.87E-2    	180.00    	12519.59	24.8 	33.7 	6.069223E+0	4.892320E-7 	1.201350E+7	1.400000E+3	-1.626000E+0	2.651415E-4	6.634110E+0	6.613913E+0
180.0   	167     	6.073982E+0	2.566073E-3	3.09E-1    	180.00    	12522.18	24.8 	33.7 	6.070674E+0	6.964838E-6 	1.201093E+7	4.717344E+3	-1.625900E+0	1.587451E-4	6.635492E+0	6.615364E+0
180.0   	168     	6.071768E+0	1.658498E-3	-4.43E-2   	180.00    	12524.76	24.8 	33.7 	6.068218E+0	3.318453E-6 	1.201517E+7	3.156475E+3	-1.626240E+0	2.325941E-4	6.633278E+0	6.612908E+0
180.0   	169     	6.073503E+0	1.542102E-3	2.57E-1    	180.00    	12527.35	24.8 	33.7 	6.069975E+0	2.264119E-6 	1.201200E+7	2.762245E+3	-1.626203E+0	4.509250E-5	6.635013E+0	6.614665E+0
180.0   	170     	6.074302E+0	7.561194E-4	1.24E-1    	180.00    	12529.92	24.8 	33.7 	6.071197E+0	5.434396E-7 	1.201017E+7	1.350309E+3	-1.625620E+0	1.400000E-4	6.635812E+0	6.615887E+0
180.0   	171     	6.072005E+0	3.770598E-4	3.58E-1    	180.00    	12532.46	24.8 	33.7 	6.068679E+0	1.419620E-7 	1.201453E+7	6.806859E+2	-1.625933E+0	9.712535E-5	6.633515E+0	6.613369E+0
180.0   	172     	6.070463E+0	5.180940E-4	1.62E-1    	180.00    	12535.04	24.8 	33.7 	6.066657E+0	3.520564E-7 	1.201777E+7	1.001665E+3	-1.626593E+0	2.055075E-4	6.631973E+0	6.611347E+0
180.0   	173     	6.070075E+0	6.245502E-4	-3.32E-2   	180.00    	12537.63	24.8 	33.7 	6.066127E+0	7.518368E-7 	1.201860E+7	1.352775E+3	-1.626787E+0	3.415162E-4	6.631585E+0	6.610817E+0
180.0   	174     	6.073396E+0	1.696131E-3	4.19E-1    	180.00    	12540.18	24.8 	33.7 	6.070229E+0	2.558495E-6 	1.201187E+7	2.987195E+3	-1.625710E+0	1.300000E-4	6.634906E+0	6.614919E+0
180.0   	175     	6.076319E+0	7.124894E-4	4.12E-1    	180.00    	12542.78	24.8 	33.7 	6.072860E+0	6.316907E-7 	1.200683E+7	1.357694E+3	-1.626097E+0	2.482606E-4	6.637829E+0	6.617550E+0
180.0   	176     	6.257484E+0	8.723899E-4	3.37E-1    	180.00    	12545.30	24.8 	33.7 	6.254759E+0	6.321308E-7 	1.168673E+7	1.429452E+3	-1.624360E+0	1.452584E-4	6.818994E+0	6.799449E+0
180.0   	177     	6.264548E+0	1.310377E-3	2.71E-1    	180.00    	12547.89	24.8 	33.7 	6.261615E+0	1.865287E-6 	1.167480E+7	2.291288E+3	-1.624617E+0	1.106044E-4	6.826058E+0	6.806305E+0
180.0   	178     	6.079819E+0	8.200386E-4	1.22E-1    	180.00    	12550.47	24.8 	33.7 	6.076209E+0	9.472755E-7 	1.200063E+7	1.619671E+3	-1.626287E+0	2.640707E-4	6.641329E+0	6.620899E+0
180.0   	179     	6.084981E+0	1.393985E-3	2.00E-1    	180.00    	12553.06	24.8 	33.7 	6.081554E+0	1.989449E-6 	1.199113E+7	2.532456E+3	-1.626017E+0	1.159023E-4	6.646491E+0	6.626244E+0
180.0   	180     	6.350204E+0	1.336670E-3	2.93E-1    	180.00    	12555.65	24.8 	33.7 	6.348277E+0	1.451431E-6 	1.152907E+7	2.122106E+3	-1.622900E+0	1.808314E-4	6.911714E+0	6.892967E+0
180.0   	181     	6.078198E+0	6.738425E-4	3.80E-1    	180.00    	12558.19	24.8 	33.7 	6.074773E+0	6.744694E-7 	1.200340E+7	1.345362E+3	-1.626043E+0	3.053413E-4	6.639708E+0	6.619463E+0
180.0   	182     	6.073501E+0	1.143984E-3	3.63E-1    	180.00    	12560.78	24.8 	33.7 	6.069941E+0	1.273743E-6 	1.201203E+7	2.059935E+3	-1.626247E+0	6.429101E-5	6.635011E+0	6.614631E+0
180.0   	183     	6.075899E+0	2.840585E-4	2.31E-1    	180.00    	12563.32	24.8 	33.7 	6.072765E+0	7.219842E-8 	1.200730E+7	5.000000E+2	-1.625653E+0	4.509250E-5	6.637409E+0	6.617455E+0
180.0   	184     	6.070440E+0	9.773750E-4	3.90E-2    	180.00    	12565.92	24.8 	33.7 	6.066864E+0	1.378255E-6 	1.201760E+7	1.951922E+3	-1.626280E+0	2.816026E-4	6.631950E+0	6.611554E+0
180.0   	185     	6.072318E+0	1.561027E-3	2.54E-1    	180.00    	12568.50	24.8 	33.7 	6.069395E+0	2.392847E-6 	1.201360E+7	2.816026E+3	-1.625377E+0	1.861003E-4	6.633828E+0	6.614085E+0
180.0   	186     	6.075217E+0	1.991964E-3	1.53E-2    	180.00    	12571.08	24.8 	33.7 	6.072123E+0	4.621105E-6 	1.200850E+7	3.751000E+3	-1.625600E+0	2.879236E-4	6.636727E+0	6.616813E+0
180.0   	187     	6.073497E+0	3.813147E-4	5.95E-2    	180.00    	12573.66	24.8 	33.7 	6.070128E+0	1.077740E-7 	1.201187E+7	6.429101E+2	-1.625987E+0	7.767453E-5	6.635007E+0	6.614818E+0
180.0   	188     	6.072545E+0	6.782546E-4	3.44E-1    	180.00    	12576.19	24.8 	33.7 	6.068911E+0	3.267235E-7 	1.201383E+7	1.123981E+3	-1.626350E+0	2.594224E-4	6.634055E+0	6.613601E+0
180.0   	189     	6.074609E+0	1.022504E-3	-7.78E-2   	180.00    	12578.76	24.8 	33.7 	6.071443E+0	1.192581E-6 	1.200967E+7	1.913984E+3	-1.625703E+0	1.795364E-4	6.636119E+0	6.616133E+0
180.0   	190     	6.076385E+0	1.413048E-3	5.47E-2    	180.00    	12581.33	24.8 	33.7 	6.073235E+0	1.625617E-6 	1.200643E+7	2.433790E+3	-1.625673E+0	2.010804E-4	6.637895E+0	6.617925E+0
180.0   	191     	6.073081E+0	1.873232E-3	1.20E-1    	180.00    	12583.91	24.8 	33.7 	6.069478E+0	4.268513E-6 	1.201283E+7	3.572581E+3	-1.626307E+0	2.706166E-4	6.634591E+0	6.614168E+0
180.0   	192     	6.257369E+0	7.190538E-4	5.68E-2    	180.00    	12586.50	24.8 	33.7 	6.254447E+0	5.447130E-7 	1.168710E+7	1.249000E+3	-1.624630E+0	1.039230E-4	6.818879E+0	6.799137E+0
180.0   	193     	6.265316E+0	1.172719E-3	4.11E-1    	180.00    	12589.05	24.8 	33.7 	6.262793E+0	1.172623E-6 	1.167313E+7	1.929594E+3	-1.624050E+0	1.732051E-4	6.826826E+0	6.807483E+0
180.0   	194     	6.077350E+0	1.128825E-3	6.70E-2    	180.00    	12591.63	24.8 	33.7 	6.074001E+0	1.477438E-6 	1.200487E+7	2.122106E+3	-1.625943E+0	1.474223E-4	6.638860E+0	6.618691E+0
180.0   	195     	6.077050E+0	1.561595E-3	7.96E-2    	180.00    	12594.20	24.8 	33.7 	6.073749E+0	2.708182E-6 	1.200537E+7	2.902298E+3	-1.625877E+0	2.103172E-4	6.638560E+0	6.618439E+0
180.0   	196     	6.078758E+0	1.901271E-3	-6.20E-2   	180.00    	12596.81	24.8 	33.7 	6.075135E+0	3.245959E-6 	1.200257E+7	3.347138E+3	-1.626310E+0	2.787472E-4	6.640268E+0	6.619825E+0
180.0   	197     	6.076280E+0	3.941604E-4	1.07E-2    	180.00    	12599.39	24.8 	33.7 	6.072753E+0	2.247530E-7 	1.200697E+7	7.767453E+2	-1.626190E+0	2.163331E-4	6.637790E+0	6.617443E+0
180.0   	198     	6.076801E+0	7.907973E-4	1.37E-1    	180.00    	12601.97	24.8 	33.7 	6.073666E+0	7.817606E-7 	1.200567E+7	1.514376E+3	-1.625650E+0	1.915724E-4	6.638311E+0	6.618356E+0
180.0   	199     	6.078333E+0	1.115303E-3	1.80E-1    	180.00    	12604.51	24.8 	33.7 	6.075153E+0	1.128320E-6 	1.200293E+7	1.965536E+3	-1.625707E+0	2.311565E-4	6.639843E+0	6.619843E+0
180.0   	200     	6.074732E+0	1.760271E-3	-3.06E-3   	180.00    	12607.09	24.8 	33.7 	6.071688E+0	2.977041E-6 	1.200933E+7	3.150132E+3	-1.625533E+0	3.448671E-4	6.636242E+0	6.616378E+0
180.0   	201     	6.074909E+0	1.775131E-3	2.01E-1    	180.00    	12609.67	24.8 	33.7 	6.071695E+0	2.992287E-6 	1.200917E+7	3.175426E+3	-1.625767E+0	6.506407E-5	6.636419E+0	6.616385E+0
180.0   	202     	6.076450E+0	9.815826E-4	4.72E-1    	180.00    	12612.28	24.8 	33.7 	6.073244E+0	1.390264E-6 	1.200637E+7	1.955335E+3	-1.625750E+0	3.064311E-4	6.637960E+0	6.617934E+0
180.0   	203     	6.075402E+0	8.932526E-4	2.34E-1    	180.00    	12614.81	24.8 	33.7 	6.072121E+0	7.526364E-7 	1.200833E+7	1.594783E+3	-1.625857E+0	7.371115E-5	6.636912E+0	6.616811E+0
180.0   	204     	6.075194E+0	2.284397E-3	4.39E-1    	180.00    	12617.39	24.8 	33.7 	6.071926E+0	4.835907E-6 	1.200870E+7	4.059557E+3	-1.625840E+0	2.357965E-4	6.636704E+0	6.616616E+0
180.0   	205     	6.073367E+0	1.784777E-3	1.57E-1    	180.00    	12619.99	24.8 	33.7 	6.069817E+0	2.967172E-6 	1.201227E+7	3.178574E+3	-1.626233E+0	1.709776E-4	6.634877E+0	6.614507E+0
180.0   	206     	6.075836E+0	1.713687E-3	2.07E-1    	180.00    	12622.56	24.8 	33.7 	6.072755E+0	2.565263E-6 	1.200737E+7	3.002221E+3	-1.625580E+0	1.700000E-4	6.637346E+0	6.617445E+0
180.0   	207     	6.076342E+0	3.460068E-4	-1.93E-2   	180.00    	12625.14	24.8 	33.7 	6.073058E+0	9.059074E-8 	1.200663E+7	5.859465E+2	-1.625857E+0	6.110101E-5	6.637852E+0	6.617748E+0
180.0   	208     	6.259447E+0	8.878389E-4	1.60E-1    	180.00    	12627.68	24.8 	33.7 	6.257030E+0	6.407737E-7 	1.168310E+7	1.442221E+3	-1.623927E+0	2.371357E-4	6.820957E+0	6.801720E+0
180.0   	209     	6.266441E+0	2.821182E-4	-2.99E-2   	180.00    	12630.25	24.8 	33.7 	6.264315E+0	6.685465E-8 	1.167087E+7	4.618802E+2	-1.623497E+0	5.507571E-5	6.827951E+0	6.809005E+0
180.0   	210     	6.078646E+0	6.828552E-4	1.30E-1    	180.00    	12632.83	24.8 	33.7 	6.075429E+0	4.400481E-7 	1.200240E+7	1.212436E+3	-1.625757E+0	1.858315E-4	6.640156E+0	6.620119E+0
180.0   	211     	6.079815E+0	9.562045E-4	6.06E-1    	180.00    	12635.38	24.8 	33.7 	6.076287E+0	6.064865E-7 	1.200057E+7	1.569501E+3	-1.626177E+0	2.386071E-4	6.641325E+0	6.620977E+0
180.0   	212     	6.079838E+0	1.655140E-3	9.72E-2    	180.00    	12637.99	24.8 	33.7 	6.076779E+0	2.509098E-6 	1.200010E+7	2.930870E+3	-1.625533E+0	1.001665E-4	6.641348E+0	6.621469E+0
180.0   	213     	6.080910E+0	7.888593E-4	2.18E-1    	180.00    	12640.53	24.8 	33.7 	6.077880E+0	4.307173E-7 	1.199813E+7	1.305118E+3	-1.625490E+0	2.088061E-4	6.642420E+0	6.622570E+0
180.0   	214     	6.078461E+0	1.585441E-3	4.41E-1    	180.00    	12643.10	24.8 	33.7 	6.074989E+0	2.720747E-6 	1.200297E+7	2.928026E+3	-1.626107E+0	1.274101E-4	6.639971E+0	6.619679E+0
180.0   	215     	6.078299E+0	1.645896E-3	1.51E-1    	180.00    	12645.71	24.8 	33.7 	6.074893E+0	3.262885E-6 	1.200320E+7	3.122499E+3	-1.626017E+0	2.956913E-4	6.639809E+0	6.619583E+0
180.0   	216     	6.079792E+0	1.994658E-3	1.01E-1    	180.00    	12648.25	24.8 	33.7 	6.076751E+0	4.185424E-6 	1.200017E+7	3.655589E+3	-1.625510E+0	8.000000E-5	6.641302E+0	6.621441E+0
180.0   	217     	6.077621E+0	8.409142E-4	2.76E-1    	180.00    	12650.82	24.8 	33.7 	6.074539E+0	1.129340E-6 	1.200413E+7	1.721434E+3	-1.625573E+0	3.397548E-4	6.639131E+0	6.619229E+0
180.0   	218     	6.075869E+0	1.295671E-3	-2.94E-2   	180.00    	12653.42	24.8 	33.7 	6.072684E+0	1.846340E-6 	1.200740E+7	2.402082E+3	-1.625723E+0	2.010804E-4	6.637379E+0	6.617374E+0
180.0   	219     	6.077792E+0	5.819894E-4	-6.67E-2   	180.00    	12655.97	24.8 	33.7 	6.074516E+0	4.524345E-7 	1.200400E+7	1.135782E+3	-1.625840E+0	1.307670E-4	6.639302E+0	6.619206E+0
180.0   	220     	6.079367E+0	8.021572E-4	-5.62E-2   	180.00    	12658.56	24.8 	33.7 	6.076402E+0	7.859651E-7 	1.200087E+7	1.527525E+3	-1.625407E+0	1.379613E-4	6.640877E+0	6.621092E+0
180.0   	221     	6.078285E+0	1.417863E-3	2.93E-2    	180.00    	12661.14	24.8 	33.7 	6.075275E+0	1.708125E-6 	1.200287E+7	2.466441E+3	-1.625473E+0	1.556706E-4	6.639795E+0	6.619965E+0
180.0   	222     	6.074745E+0	1.024356E-3	-2.06E-2   	180.00    	12663.67	24.8 	33.7 	6.071711E+0	1.263383E-6 	1.200930E+7	1.946792E+3	-1.625520E+0	1.417745E-4	6.636255E+0	6.616401E+0
180.0   	223     	6.076379E+0	2.459905E-3	3.28E-1    	180.00    	12666.25	24.8 	33.7 	6.073022E+0	6.212277E-6 	1.200663E+7	4.483674E+3	-1.625957E+0	1.761628E-4	6.637889E+0	6.617712E+0
180.0   	224     	6.260583E+0	6.263456E-4	5.62E-2    	180.00    	12668.83	24.8 	33.7 	6.257839E+0	5.382400E-7 	1.168143E+7	1.159023E+3	-1.624373E+0	2.532456E-4	6.822093E+0	6.802529E+0
180.0   	225     	6.267785E+0	4.277409E-4	2.23E-1    	180.00    	12671.42	24.8 	33.7 	6.265193E+0	2.165706E-7 	1.166897E+7	7.637626E+2	-1.624137E+0	6.658328E-5	6.829295E+0	6.809883E+0
180.0   	226     	6.085222E+0	5.772441E-4	5.00E-1    	180.00    	12673.97	24.8 	33.7 	6.081756E+0	3.806087E-7 	1.199073E+7	1.078579E+3	-1.626070E+0	6.557439E-5	6.646732E+0	6.626446E+0
180.0   	227     	6.082245E+0	8.671327E-4	4.70E-2    	180.00    	12676.59	24.8 	33.7 	6.078978E+0	5.704154E-7 	1.199593E+7	1.464013E+3	-1.625810E+0	2.029778E-4	6.643755E+0	6.623668E+0
180.0   	228     	6.080522E+0	4.907826E-4	2.22E-1    	180.00    	12679.11	24.8 	33.7 	6.077642E+0	9.745700E-8 	1.199870E+7	7.211103E+2	-1.625283E+0	2.773686E-4	6.642032E+0	6.622332E+0
180.0   	229     	6.080668E+0	1.784180E-3	-8.99E-3   	180.00    	12681.72	24.8 	33.7 	6.077423E+0	2.878891E-6 	1.199877E+7	3.146956E+3	-1.625787E+0	2.107922E-4	6.642178E+0	6.622113E+0
180.0   	230     	6.081924E+0	1.711561E-3	2.18E-1    	180.00    	12684.24	24.8 	33.7 	6.078857E+0	3.142470E-6 	1.199633E+7	3.150132E+3	-1.625537E+0	9.451631E-5	6.643434E+0	6.623547E+0
180.0   	231     	6.079566E+0	1.809799E-3	2.25E-1    	180.00    	12686.82	24.8 	33.7 	6.076572E+0	3.567372E-6 	1.200053E+7	3.347138E+3	-1.625447E+0	1.201388E-4	6.641076E+0	6.621262E+0
180.0   	232     	6.081763E+0	1.683074E-3	-6.29E-3   	180.00    	12689.39	24.8 	33.7 	6.078870E+0	2.899885E-6 	1.199647E+7	3.061590E+3	-1.625297E+0	1.021437E-4	6.643273E+0	6.623560E+0
180.0   	233     	6.079891E+0	5.621571E-4	4.78E-1    	180.00    	12691.97	24.8 	33.7 	6.076873E+0	1.345423E-7 	1.199997E+7	8.386497E+2	-1.625477E+0	2.779089E-4	6.641401E+0	6.621563E+0
180.0   	234     	6.080203E+0	1.116348E-3	-1.43E-1   	180.00    	12694.56	24.8 	33.7 	6.076930E+0	1.256200E-6 	1.199963E+7	2.023199E+3	-1.625827E+0	7.637626E-5	6.641713E+0	6.621620E+0
180.0   	235     	6.077348E+0	7.978875E-4	-1.61E-2   	180.00    	12697.11	24.8 	33.7 	6.074076E+0	7.260248E-7 	1.200480E+7	1.493318E+3	-1.625837E+0	1.101514E-4	6.638858E+0	6.618766E+0
180.0   	236     	6.078246E+0	7.994413E-4	3.08E-2    	180.00    	12699.69	24.8 	33.7 	6.074835E+0	8.862561E-7 	1.200330E+7	1.571623E+3	-1.626023E+0	2.676440E-4	6.639756E+0	6.619525E+0
180.0   	237     	6.077921E+0	1.595504E-3	1.31E-1    	180.00    	12702.29	24.8 	33.7 	6.074645E+0	2.643871E-6 	1.200377E+7	2.914332E+3	-1.625840E+0	1.769181E-4	6.639431E+0	6.619335E+0
180.0   	238     	6.076092E+0	3.097588E-3	2.03E-1    	180.00    	12704.81	24.8 	33.7 	6.072721E+0	1.095479E-5 	1.200717E+7	5.804596E+3	-1.625977E+0	3.073001E-4	6.637602E+0	6.617411E+0
180.0   	239     	6.079585E+0	1.254517E-3	2.39E-1    	180.00    	12707.40	24.8 	33.7 	6.076406E+0	1.253996E-6 	1.200067E+7	2.145538E+3	-1.625700E+0	2.402082E-4	6.641095E+0	6.621096E+0
180.0   	240     	6.263389E+0	2.479414E-3	-2.58E-3   	180.00    	12709.97	24.8 	33.7 	6.260829E+0	5.608152E-6 	1.167647E+7	4.152509E+3	-1.624110E+0	1.513275E-4	6.824899E+0	6.805519E+0
180.0   	241     	6.455701E+0	2.036848E-3	2.90E-1    	180.00    	12712.57	24.8 	33.7 	6.454070E+0	3.827760E-6 	1.135527E+7	3.233162E+3	-1.622097E+0	2.119748E-4	7.017211E+0	6.998760E+0
180.0   	242     	6.274977E+0	8.424423E-4	3.46E-2    	180.00    	12715.12	24.8 	33.7 	6.272470E+0	6.290999E-7 	1.165660E+7	1.374773E+3	-1.623990E+0	3.984972E-4	6.836487E+0	6.817160E+0
180.0   	243     	6.266165E+0	1.376370E-3	3.17E-1    	180.00    	12717.66	24.8 	33.7 	6.263852E+0	1.719038E-6 	1.167150E+7	2.300000E+3	-1.623757E+0	9.814955E-5	6.827675E+0	6.808542E+0
180.0   	244     	6.264437E+0	1.980157E-3	3.72E-1    	180.00    	12720.28	24.8 	33.7 	6.261999E+0	3.451456E-6 	1.167457E+7	3.286842E+3	-1.623937E+0	1.650253E-4	6.825947E+0	6.806689E+0
180.0   	245     	6.265268E+0	1.308682E-3	2.02E-1    	180.00    	12722.89	24.8 	33.7 	6.262491E+0	2.121663E-6 	1.167343E+7	2.367136E+3	-1.624400E+0	2.193171E-4	6.826778E+0	6.807181E+0
180.0   	246     	6.265414E+0	1.233445E-3	2.12E-1    	180.00    	12725.47	24.8 	33.7 	6.263317E+0	1.896090E-6 	1.167260E+7	2.233831E+3	-1.623460E+0	2.291288E-4	6.826924E+0	6.808007E+0
180.0   	247     	6.269336E+0	9.271764E-4	1.49E-1    	180.00    	12728.07	24.8 	33.7 	6.267149E+0	6.907355E-7 	1.166597E+7	1.501111E+3	-1.623570E+0	1.873499E-4	6.830846E+0	6.811839E+0
180.0   	248     	6.268419E+0	9.631917E-4	-2.43E-2   	180.00    	12730.59	24.8 	33.7 	6.266155E+0	7.793119E-7 	1.166760E+7	1.571623E+3	-1.623680E+0	2.685144E-4	6.829929E+0	6.810845E+0
180.0   	249     	6.263976E+0	2.365748E-3	2.15E-1    	180.00    	12733.18	24.8 	33.7 	6.261643E+0	5.161391E-6 	1.167527E+7	3.971566E+3	-1.623793E+0	1.887679E-4	6.825486E+0	6.806333E+0
180.0   	250     	6.272903E+0	1.082336E-3	-2.33E-3   	180.00    	12735.79	24.8 	33.7 	6.270641E+0	1.086531E-6 	1.165993E+7	1.814754E+3	-1.623660E+0	6.082763E-5	6.834413E+0	6.815331E+0
180.0   	251     	6.268669E+0	1.647515E-3	4.70E-1    	180.00    	12738.33	24.8 	33.7 	6.266491E+0	2.428024E-6 	1.166710E+7	2.740438E+3	-1.623560E+0	1.652271E-4	6.830179E+0	6.811181E+0
180.0   	252     	6.264860E+0	5.736560E-4	-4.50E-2   	180.00    	12740.92	24.8 	33.7 	6.262353E+0	4.109800E-7 	1.167390E+7	1.039230E+3	-1.624030E+0	1.212436E-4	6.826370E+0	6.807043E+0
180.0   	253     	6.261409E+0	2.088617E-3	3.34E-2    	180.00    	12743.51	24.8 	33.7 	6.259190E+0	4.508327E-6 	1.167957E+7	3.608786E+3	-1.623647E+0	1.242310E-4	6.822919E+0	6.803880E+0
180.0   	254     	6.263215E+0	1.243027E-3	4.59E-1    	180.00    	12746.09	24.8 	33.7 	6.261002E+0	1.853933E-6 	1.167647E+7	2.230097E+3	-1.623630E+0	2.151743E-4	6.824725E+0	6.805692E+0
180.0   	255     	6.272154E+0	1.734364E-3	-1.29E-1   	180.00    	12748.63	24.8 	33.7 	6.269634E+0	3.027191E-6 	1.166143E+7	2.967041E+3	-1.624020E+0	1.708801E-4	6.833664E+0	6.814324E+0
180.0   	256     	6.455746E+0	2.024813E-3	3.41E-1    	180.00    	12751.20	24.8 	33.7 	6.454231E+0	4.550695E-6 	1.135510E+7	3.364521E+3	-1.621933E+0	3.156475E-4	7.017256E+0	6.998921E+0
180.0   	257     	5.694771E+0	1.013500E-3	9.23E-2    	180.00    	12753.79	24.8 	33.7 	5.689561E+0	1.507715E-6 	1.274207E+7	2.285461E+3	-1.630170E+0	3.160696E-4	6.256281E+0	6.234251E+0
180.0   	258     	8.146629E+0	1.194510E-3	2.17E-1    	180.00    	12756.35	24.8 	33.7 	8.148869E+0	1.371105E-6 	9.145947E+6	1.243275E+3	-1.611727E+0	4.041452E-5	8.708139E+0	8.693559E+0
180.0   	259     	1.129807E+1	5.453525E-4	-1.12E-1   	180.00    	12758.95	24.8 	33.7 	1.130586E+1	2.853549E-7 	6.712530E+6	3.051229E+2	-1.598390E+0	9.539392E-5	1.185958E+1	1.185055E+1
180.0   	260     	2.373276E+1	2.711345E-4	-7.36E-2   	180.00    	12761.50	24.8 	33.7 	2.374882E+1	8.436138E-8 	3.275617E+6	3.785939E+1	-1.576387E+0	7.234178E-5	2.429427E+1	2.429351E+1
180.0   	261     	2.823786E+1	7.306171E-4	8.14E-2    	180.00    	12764.09	24.8 	33.7 	2.825462E+1	5.307764E-7 	2.763170E+6	7.000000E+1	-1.572247E+0	3.214550E-5	2.879937E+1	2.879931E+1
180.0   	262     	3.433382E+1	1.509709E-3	2.32E-1    	180.00    	12766.66	24.8 	33.7 	3.435029E+1	2.278985E-6 	2.280473E+6	9.865766E+1	-1.567613E+0	2.516611E-5	3.489533E+1	3.489498E+1
180.0   	263     	5.030969E+1	1.627985E-3	4.05E-1    	180.00    	12769.25	24.8 	33.7 	5.031805E+1	2.497239E-6 	1.564423E+6	4.932883E+1	-1.557903E+0	5.507571E-5	5.087120E+1	5.086274E+1
180.0   	264     	1.102174E+2	8.050570E-4	1.31E-1    	180.00    	12771.82	24.8 	33.7 	1.100508E+2	6.043863E-7 	7.189403E+5	5.131601E+0	-1.530090E+0	1.000000E-5	1.107789E+2	1.105955E+2
200.0   	1       	6.446222E+0	1.417447E-3	1.56E+3    	200.00    	12807.09	24.8 	33.7 	6.444566E+0	2.168464E-6 	1.137067E+7	2.345918E+3	-1.622167E+0	1.747379E-4	7.007732E+0	6.989256E+0
200.0   	2       	6.557920E+0	1.290875E-3	5.37E-1    	200.00    	12809.67	24.8 	33.7 	6.556101E+0	2.119345E-6 	1.119217E+7	2.154840E+3	-1.621983E+0	3.873414E-4	7.119430E+0	7.100791E+0
200.0   	3       	7.411138E-1	3.176265E-4	2.74E-1    	200.00    	12812.64	24.8 	33.7 	6.081318E-1	4.530307E-7 	6.493810E+7	1.670449E+4	-1.916773E+0	1.015940E-3	1.302624E+0	1.152822E+0
200.0   	4       	6.543150E+0	1.225838E-3	1.56E-1    	200.00    	12815.23	24.8 	33.7 	6.541665E+0	1.435335E-6 	1.121520E+7	1.915724E+3	-1.621577E+0	4.041452E-5	7.104660E+0	7.086355E+0
200.0   	5       	6.301457E+0	1.466682E-3	2.48E-1    	200.00    	12817.84	24.8 	33.7 	6.298786E+0	1.643185E-6 	1.161170E+7	2.325941E+3	-1.624113E+0	3.008876E-4	6.862967E+0	6.843476E+0
200.0   	6       	6.269536E+0	9.709920E-4	4.05E-1    	200.00    	12820.43	24.8 	33.7 	6.266637E+0	1.018702E-6 	1.166623E+7	1.692139E+3	-1.624550E+0	1.249000E-4	6.831046E+0	6.811327E+0
200.0   	7       	6.253945E+0	2.206814E-3	3.47E-1    	200.00    	12823.00	24.8 	33.7 	6.251388E+0	4.825660E-6 	1.169267E+7	3.781975E+3	-1.624143E+0	4.041452E-5	6.815455E+0	6.796078E+0
200.0   	8       	6.253936E+0	7.276916E-4	3.03E-1    	200.00    	12825.55	24.8 	33.7 	6.252054E+0	3.243550E-7 	1.169210E+7	1.113553E+3	-1.623203E+0	2.259056E-4	6.815446E+0	6.796744E+0
200.0   	9       	6.246641E+0	1.001530E-3	9.31E-2    	200.00    	12828.12	24.8 	33.7 	6.244541E+0	7.782821E-7 	1.170483E+7	1.619671E+3	-1.623537E+0	2.055075E-4	6.808151E+0	6.789231E+0
200.0   	10      	6.244590E+0	4.725073E-4	1.89E-1    	200.00    	12830.73	24.8 	33.7 	6.241909E+0	1.469706E-7 	1.170887E+7	7.371115E+2	-1.624350E+0	1.216553E-4	6.806100E+0	6.786599E+0
200.0   	11      	6.245118E+0	1.178802E-3	3.71E-1    	200.00    	12833.29	24.8 	33.7 	6.242311E+0	1.809294E-6 	1.170807E+7	2.173323E+3	-1.624520E+0	2.443358E-4	6.806628E+0	6.787001E+0
200.0   	12      	6.276976E+0	1.425418E-3	1.52E-1    	200.00    	12835.85	24.8 	33.7 	6.274065E+0	2.471467E-6 	1.165353E+7	2.557994E+3	-1.624537E+0	2.055075E-4	6.838486E+0	6.818755E+0
200.0   	13      	6.248184E+0	1.773394E-3	2.90E-1    	200.00    	12838.44	24.8 	33.7 	6.245478E+0	2.954436E-6 	1.170270E+7	3.004996E+3	-1.624370E+0	7.810250E-5	6.809694E+0	6.790168E+0
200.0   	14      	6.515571E+0	1.143315E-3	7.18E-1    	200.00    	12840.99	24.8 	33.7 	6.513830E+0	1.275996E-6 	1.125917E+7	1.800926E+3	-1.622030E+0	3.214032E-4	7.077081E+0	7.058520E+0
200.0   	15      	9.653846E-1	7.953352E-4	3.92E-1    	200.00    	12843.58	24.8 	33.7 	9.250021E-1	6.375001E-7 	5.312177E+7	2.826842E+4	-1.765580E+0	7.549834E-5	1.526895E+0	1.469692E+0
200.0   	16      	6.708504E+0	6.816321E-4	-1.69E-1   	200.00    	12846.16	24.8 	33.7 	6.707053E+0	3.359366E-7 	1.095977E+7	9.504385E+2	-1.620950E+0	1.652271E-4	7.270014E+0	7.251743E+0
200.0   	17      	6.264094E+0	1.367766E-3	5.67E-1    	200.00    	12848.73	24.8 	33.7 	6.261135E+0	2.064840E-6 	1.167560E+7	2.402082E+3	-1.624653E+0	1.050397E-4	6.825604E+0	6.805825E+0
200.0   	18      	6.082138E+0	1.417192E-3	3.43E-1    	200.00    	12851.27	24.8 	33.7 	6.078276E+0	1.998107E-6 	1.199667E+7	2.557994E+3	-1.626620E+0	1.389244E-4	6.643648E+0	6.622966E+0
200.0   	19      	6.359570E+0	4.968327E-4	3.22E-1    	200.00    	12853.86	24.8 	33.7 	6.358135E+0	2.546403E-7 	1.151303E+7	8.326664E+2	-1.622177E+0	8.144528E-5	6.921080E+0	6.902825E+0
200.0   	20      	6.074209E+0	2.390337E-3	2.87E-1    	200.00    	12856.45	24.8 	33.7 	6.070484E+0	5.866401E-6 	1.201090E+7	4.357752E+3	-1.626467E+0	2.914332E-4	6.635719E+0	6.615174E+0
200.0   	21      	6.063993E+0	1.247027E-3	1.49E-1    	200.00    	12858.97	24.8 	33.7 	6.059991E+0	1.612648E-6 	1.202970E+7	2.286919E+3	-1.626887E+0	1.258306E-4	6.625503E+0	6.604681E+0
200.0   	22      	6.070483E+0	1.465048E-3	4.92E-1    	200.00    	12861.57	24.8 	33.7 	6.066785E+0	2.824314E-6 	1.201763E+7	2.853653E+3	-1.626447E+0	3.150132E-4	6.631993E+0	6.611475E+0
200.0   	23      	6.067096E+0	9.789904E-4	2.54E-1    	200.00    	12864.14	24.8 	33.7 	6.063709E+0	6.954003E-7 	1.202350E+7	1.646208E+3	-1.626037E+0	2.025669E-4	6.628606E+0	6.608399E+0
200.0   	24      	6.066427E+0	8.834128E-4	3.04E-1    	200.00    	12866.74	24.8 	33.7 	6.063460E+0	6.206613E-7 	1.202433E+7	1.517674E+3	-1.625463E+0	1.386843E-4	6.627937E+0	6.608150E+0
200.0   	25      	6.057645E+0	4.944742E-4	5.78E-1    	200.00    	12869.28	24.8 	33.7 	6.054251E+0	2.058289E-7 	1.204070E+7	8.544004E+2	-1.626087E+0	1.965536E-4	6.619155E+0	6.598941E+0
200.0   	26      	6.107350E+0	1.287816E-3	6.17E-2    	200.00    	12871.87	24.8 	33.7 	6.104053E+0	1.788428E-6 	1.195073E+7	2.350177E+3	-1.625747E+0	2.579406E-4	6.668860E+0	6.648743E+0
200.0   	27      	6.057683E+0	1.732810E-3	-8.56E-3   	200.00    	12874.42	24.8 	33.7 	6.053922E+0	2.788738E-6 	1.204097E+7	3.098925E+3	-1.626587E+0	1.040833E-4	6.619193E+0	6.598612E+0
200.0   	28      	6.059856E+0	1.541171E-3	2.29E-1    	200.00    	12877.00	24.8 	33.7 	6.055848E+0	1.960423E-6 	1.203723E+7	2.676440E+3	-1.626910E+0	2.211334E-4	6.621366E+0	6.600538E+0
200.0   	29      	6.060745E+0	9.897321E-4	3.22E-1    	200.00    	12879.58	24.8 	33.7 	6.057119E+0	1.393833E-6 	1.203527E+7	1.973153E+3	-1.626390E+0	2.981610E-4	6.622255E+0	6.601809E+0
200.0   	30      	6.062178E+0	1.455482E-3	2.43E-1    	200.00    	12882.17	24.8 	33.7 	6.059020E+0	2.185704E-6 	1.203223E+7	2.665208E+3	-1.625743E+0	2.050203E-4	6.623688E+0	6.603710E+0
200.0   	31      	6.342031E+0	2.116456E-3	2.26E-1    	200.00    	12884.69	24.8 	33.7 	6.338873E+0	4.050742E-6 	1.154377E+7	3.455913E+3	-1.624617E+0	1.929594E-4	6.903541E+0	6.883563E+0
200.0   	32      	6.255579E+0	2.355498E-3	3.75E-1    	200.00    	12887.30	24.8 	33.7 	6.253092E+0	5.245691E-6 	1.168980E+7	3.988734E+3	-1.624040E+0	1.493318E-4	6.817089E+0	6.797782E+0
200.0   	33      	6.251525E+0	1.498950E-3	5.71E-1    	200.00    	12889.85	24.8 	33.7 	6.248571E+0	2.606419E-6 	1.169717E+7	2.676440E+3	-1.624697E+0	1.644182E-4	6.813035E+0	6.793261E+0
200.0   	34      	6.070090E+0	1.428505E-3	4.88E-1    	200.00    	12892.45	24.8 	33.7 	6.066443E+0	1.928182E-6 	1.201830E+7	2.551470E+3	-1.626380E+0	2.457641E-4	6.631600E+0	6.611133E+0
200.0   	35      	6.064628E+0	2.314493E-3	3.95E-1    	200.00    	12894.99	24.8 	33.7 	6.061372E+0	5.607755E-6 	1.202787E+7	4.254801E+3	-1.625867E+0	1.913984E-4	6.626138E+0	6.606062E+0
200.0   	36      	6.067763E+0	1.088601E-3	-3.21E-2   	200.00    	12897.62	24.8 	33.7 	6.064071E+0	9.575304E-7 	1.202257E+7	1.877054E+3	-1.626450E+0	1.509967E-4	6.629273E+0	6.608761E+0
200.0   	37      	6.067333E+0	1.111922E-3	1.31E-1    	200.00    	12900.15	24.8 	33.7 	6.063473E+0	1.409037E-6 	1.202350E+7	2.088061E+3	-1.626680E+0	1.081665E-4	6.628843E+0	6.608163E+0
200.0   	38      	6.061345E+0	1.633210E-3	2.10E-1    	200.00    	12902.75	24.8 	33.7 	6.057545E+0	2.479922E-6 	1.203433E+7	2.919475E+3	-1.626623E+0	7.234178E-5	6.622855E+0	6.602235E+0
200.0   	39      	6.066426E+0	1.709042E-3	1.68E-1    	200.00    	12905.28	24.8 	33.7 	6.062985E+0	2.391109E-6 	1.202477E+7	2.956913E+3	-1.626113E+0	2.250185E-4	6.627936E+0	6.607675E+0
200.0   	40      	6.067188E+0	1.285461E-3	5.92E-2    	200.00    	12907.86	24.8 	33.7 	6.063874E+0	2.127719E-6 	1.202327E+7	2.490649E+3	-1.625937E+0	2.809508E-4	6.628698E+0	6.608564E+0
200.0   	41      	6.056639E+0	1.832921E-3	6.23E-2    	200.00    	12910.42	24.8 	33.7 	6.053318E+0	3.170105E-6 	1.204247E+7	3.286842E+3	-1.625990E+0	3.031501E-4	6.618149E+0	6.598008E+0
200.0   	42      	6.059863E+0	2.541444E-3	2.12E-1    	200.00    	12913.01	24.8 	33.7 	6.056244E+0	6.155188E-6 	1.203687E+7	4.570923E+3	-1.626383E+0	9.018500E-5	6.621373E+0	6.600934E+0
200.0   	43      	6.062899E+0	1.495594E-3	8.62E-2    	200.00    	12915.59	24.8 	33.7 	6.059398E+0	2.253427E-6 	1.203123E+7	2.715388E+3	-1.626210E+0	3.459769E-4	6.624409E+0	6.604088E+0
200.0   	44      	6.062540E+0	1.088191E-3	1.64E-1    	200.00    	12918.16	24.8 	33.7 	6.058987E+0	1.272723E-6 	1.203193E+7	2.010804E+3	-1.626283E+0	2.223361E-4	6.624050E+0	6.603677E+0
200.0   	45      	6.069479E+0	1.074124E-3	1.81E-1    	200.00    	12920.74	24.8 	33.7 	6.066099E+0	7.246261E-7 	1.201917E+7	1.747379E+3	-1.626017E+0	3.010537E-4	6.630989E+0	6.610789E+0
200.0   	46      	6.056783E+0	3.531128E-4	2.29E-1    	200.00    	12923.31	24.8 	33.7 	6.053540E+0	1.010833E-7 	1.204213E+7	6.110101E+2	-1.625883E+0	5.686241E-5	6.618293E+0	6.598230E+0
200.0   	47      	6.061680E+0	2.066694E-3	4.32E-1    	200.00    	12925.86	24.8 	33.7 	6.057943E+0	4.004691E-6 	1.203367E+7	3.700450E+3	-1.626537E+0	8.144528E-5	6.623190E+0	6.602633E+0
200.0   	48      	6.519767E+0	3.666617E-4	3.62E-1    	200.00    	12928.47	24.8 	33.7 	6.518134E+0	1.124544E-7 	1.125240E+7	5.567764E+2	-1.621867E+0	8.621678E-5	7.081277E+0	7.062824E+0
200.0   	49      	6.298605E+0	7.911313E-4	3.70E-1    	200.00    	12931.05	24.8 	33.7 	6.296327E+0	4.343357E-7 	1.161620E+7	1.228821E+3	-1.623583E+0	1.900877E-4	6.860115E+0	6.841017E+0
200.0   	50      	6.069363E+0	9.652261E-4	3.01E-1    	200.00    	12933.62	24.8 	33.7 	6.065518E+0	9.366509E-7 	1.201980E+7	1.743560E+3	-1.626650E+0	2.961419E-4	6.630873E+0	6.610208E+0
200.0   	51      	6.063904E+0	2.012684E-3	1.25E-1    	200.00    	12936.16	24.8 	33.7 	6.060629E+0	4.172863E-6 	1.202920E+7	3.686462E+3	-1.625897E+0	7.234178E-5	6.625414E+0	6.605319E+0
200.0   	52      	6.063225E+0	8.747664E-4	-3.11E-2   	200.00    	12938.73	24.8 	33.7 	6.059402E+0	9.819411E-7 	1.203093E+7	1.692139E+3	-1.626647E+0	2.500667E-4	6.624735E+0	6.604092E+0
200.0   	53      	6.063306E+0	6.718621E-4	2.32E-1    	200.00    	12941.33	24.8 	33.7 	6.059285E+0	4.943086E-7 	1.203097E+7	1.250333E+3	-1.626913E+0	5.686241E-5	6.624816E+0	6.603975E+0
200.0   	54      	6.064944E+0	2.600314E-3	2.38E-1    	200.00    	12943.88	24.8 	33.7 	6.061314E+0	7.028187E-6 	1.202763E+7	4.772141E+3	-1.626377E+0	2.311565E-4	6.626454E+0	6.606004E+0
200.0   	55      	6.067849E+0	8.248115E-4	1.93E-1    	200.00    	12946.46	24.8 	33.7 	6.063984E+0	8.803634E-7 	1.202257E+7	1.601041E+3	-1.626683E+0	1.644182E-4	6.629359E+0	6.608674E+0
200.0   	56      	6.063408E+0	2.329547E-4	1.38E-1    	200.00    	12949.03	24.8 	33.7 	6.060244E+0	1.441708E-7 	1.203000E+7	5.567764E+2	-1.625747E+0	2.059935E-4	6.624918E+0	6.604934E+0
200.0   	57      	6.059667E+0	1.585278E-3	1.56E-1    	200.00    	12951.62	24.8 	33.7 	6.056512E+0	2.136308E-6 	1.203680E+7	2.773085E+3	-1.625750E+0	1.664332E-4	6.621177E+0	6.601202E+0
200.0   	58      	6.060713E+0	2.685936E-3	3.58E-1    	200.00    	12954.20	24.8 	33.7 	6.057116E+0	6.777412E-6 	1.203530E+7	4.813523E+3	-1.626350E+0	1.600000E-4	6.622223E+0	6.601806E+0
200.0   	59      	6.059788E+0	1.041713E-3	2.60E-1    	200.00    	12956.74	24.8 	33.7 	6.056025E+0	1.100664E-6 	1.203713E+7	1.903506E+3	-1.626580E+0	1.732051E-5	6.621298E+0	6.600715E+0
200.0   	60      	6.062347E+0	5.133590E-4	5.10E-1    	200.00    	12959.34	24.8 	33.7 	6.058521E+0	4.345120E-7 	1.203253E+7	1.059874E+3	-1.626653E+0	2.695057E-4	6.623857E+0	6.603211E+0
200.0   	61      	6.352641E+0	1.145221E-3	-3.35E-2   	200.00    	12961.91	24.8 	33.7 	6.350273E+0	1.289473E-6 	1.152537E+7	1.903506E+3	-1.623500E+0	2.000000E-5	6.914151E+0	6.894963E+0
200.0   	62      	6.353940E+0	1.038429E-3	4.08E-1    	200.00    	12964.50	24.8 	33.7 	6.352249E+0	7.405948E-7 	1.152263E+7	1.582193E+3	-1.622557E+0	2.742870E-4	6.915450E+0	6.896939E+0
200.0   	63      	6.338586E+0	8.552756E-5	7.80E-2    	200.00    	12967.08	24.8 	33.7 	6.336228E+0	3.149963E-8 	1.154887E+7	2.081666E+2	-1.623540E+0	1.743560E-4	6.900096E+0	6.880918E+0
200.0   	64      	9.853573E-1	1.908178E-3	4.90E-1    	200.00    	12969.65	24.8 	33.7 	9.059598E-1	9.725456E-7 	5.312300E+7	5.016264E+4	-1.822857E+0	1.222307E-3	1.546867E+0	1.450650E+0
200.0   	65      	6.322119E+0	9.621423E-4	4.66E-1    	200.00    	12972.20	24.8 	33.7 	6.319365E+0	7.328046E-7 	1.157687E+7	1.530795E+3	-1.624147E+0	1.422439E-4	6.883629E+0	6.864055E+0
200.0   	66      	6.067216E+0	1.692795E-3	3.83E-1    	200.00    	12974.81	24.8 	33.7 	6.063516E+0	2.896634E-6 	1.202357E+7	3.082748E+3	-1.626463E+0	8.386497E-5	6.628726E+0	6.608206E+0
200.0   	67      	6.079693E+0	9.010816E-4	4.57E-1    	200.00    	12977.36	24.8 	33.7 	6.076077E+0	6.649434E-7 	1.200087E+7	1.550269E+3	-1.626297E+0	1.814754E-4	6.641203E+0	6.620767E+0
200.0   	68      	6.070500E+0	1.739404E-3	2.96E-3    	200.00    	12979.91	24.8 	33.7 	6.066915E+0	2.973836E-6 	1.201750E+7	3.143247E+3	-1.626293E+0	4.932883E-5	6.632010E+0	6.611605E+0
200.0   	69      	6.064553E+0	8.279608E-4	1.43E-1    	200.00    	12982.48	24.8 	33.7 	6.060750E+0	9.967451E-7 	1.202850E+7	1.652271E+3	-1.626613E+0	3.415162E-4	6.626063E+0	6.605440E+0
200.0   	70      	6.067212E+0	1.253003E-3	1.96E-2    	200.00    	12985.06	24.8 	33.7 	6.063961E+0	1.992619E-6 	1.202317E+7	2.419366E+3	-1.625850E+0	2.523886E-4	6.628722E+0	6.608651E+0
200.0   	71      	6.064439E+0	1.494146E-3	7.80E-2    	200.00    	12987.66	24.8 	33.7 	6.060975E+0	2.252999E-6 	1.202840E+7	2.718455E+3	-1.626153E+0	2.250185E-4	6.625949E+0	6.605665E+0
200.0   	72      	6.061584E+0	5.930244E-4	3.45E-1    	200.00    	12990.20	24.8 	33.7 	6.058221E+0	3.307198E-7 	1.203350E+7	1.053565E+3	-1.626027E+0	2.107922E-4	6.623094E+0	6.602911E+0
200.0   	73      	6.062134E+0	9.059524E-4	1.69E-2    	200.00    	12992.77	24.8 	33.7 	6.059027E+0	9.325010E-7 	1.203227E+7	1.700980E+3	-1.625673E+0	1.418920E-4	6.623644E+0	6.603717E+0
200.0   	74      	6.062730E+0	1.978894E-3	2.48E-1    	200.00    	12995.36	24.8 	33.7 	6.059384E+0	4.090105E-6 	1.203140E+7	3.637307E+3	-1.626000E+0	2.051828E-4	6.624240E+0	6.604074E+0
200.0   	75      	6.063418E+0	1.453437E-3	4.20E-1    	200.00    	12997.95	24.8 	33.7 	6.060235E+0	1.994368E-6 	1.203000E+7	2.605763E+3	-1.625773E+0	7.571878E-5	6.624928E+0	6.604925E+0
200.0   	76      	6.349906E+0	7.905533E-4	3.35E-1    	200.00    	13000.53	24.8 	33.7 	6.347977E+0	7.007149E-7 	1.152957E+7	1.357694E+3	-1.622903E+0	1.357694E-4	6.911416E+0	6.892667E+0
200.0   	77      	7.295915E-1	2.726146E-4	1.72E-1    	200.00    	13003.07	24.8 	33.7 	6.075270E-1	2.527443E-6 	6.524437E+7	4.446767E+4	-1.904957E+0	2.055245E-3	1.291101E+0	1.152217E+0
200.0   	78      	7.307040E-1	1.083527E-3	4.70E-1    	200.00    	13005.66	24.8 	33.7 	6.077384E-1	1.734865E-6 	6.521030E+7	5.806092E+4	-1.905933E+0	1.320656E-3	1.292214E+0	1.152428E+0
200.0   	79      	6.356530E+0	8.559037E-4	4.42E-1    	200.00    	13008.24	24.8 	33.7 	6.354415E+0	9.318103E-7 	1.151867E+7	1.517674E+3	-1.623137E+0	1.738774E-4	6.918040E+0	6.899105E+0
200.0   	80      	6.583410E+0	1.549082E-3	2.79E-2    	200.00    	13010.81	24.8 	33.7 	6.581657E+0	2.104202E-6 	1.115213E+7	2.343786E+3	-1.621803E+0	1.517674E-4	7.144920E+0	7.126347E+0
200.0   	81      	6.306873E+0	1.570913E-3	4.57E-2    	200.00    	13013.33	24.8 	33.7 	6.303649E+0	2.130407E-6 	1.160300E+7	2.563201E+3	-1.624843E+0	1.474223E-4	6.868383E+0	6.848339E+0
200.0   	82      	6.091446E+0	1.257156E-3	4.28E-1    	200.00    	13015.92	24.8 	33.7 	6.087830E+0	1.166604E-6 	1.197963E+7	2.103172E+3	-1.626247E+0	3.082748E-4	6.652956E+0	6.632520E+0
200.0   	83      	6.090190E+0	6.578719E-4	1.63E-1    	200.00    	13018.51	24.8 	33.7 	6.086425E+0	1.660967E-7 	1.198203E+7	9.504385E+2	-1.626453E+0	3.955165E-4	6.651700E+0	6.631115E+0
200.0   	84      	6.133761E+0	2.103741E-3	-2.93E-1   	200.00    	13021.08	24.8 	33.7 	6.130114E+0	4.493427E-6 	1.190383E+7	3.760762E+3	-1.626113E+0	6.429101E-5	6.695271E+0	6.674804E+0
200.0   	85      	6.090599E+0	4.593724E-4	4.71E-2    	200.00    	13023.66	24.8 	33.7 	6.087124E+0	2.211612E-7 	1.198103E+7	8.326664E+2	-1.626060E+0	1.493318E-4	6.652109E+0	6.631814E+0
200.0   	86      	6.088822E+0	1.925076E-3	3.40E-1    	200.00    	13026.20	24.8 	33.7 	6.085244E+0	4.816477E-6 	1.198433E+7	3.716629E+3	-1.626207E+0	3.962743E-4	6.650332E+0	6.629934E+0
200.0   	87      	6.090611E+0	6.564127E-4	4.16E-1    	200.00    	13028.80	24.8 	33.7 	6.087260E+0	6.310412E-7 	1.198090E+7	1.307670E+3	-1.625890E+0	2.051828E-4	6.652121E+0	6.631950E+0
200.0   	88      	6.090523E+0	1.838833E-3	3.15E-1    	200.00    	13031.37	24.8 	33.7 	6.087275E+0	3.511414E-6 	1.198097E+7	3.347138E+3	-1.625750E+0	1.374773E-4	6.652033E+0	6.631965E+0
200.0   	89      	6.092097E+0	1.700689E-3	3.56E-2    	200.00    	13033.95	24.8 	33.7 	6.088880E+0	3.211881E-6 	1.197810E+7	3.148015E+3	-1.625700E+0	1.587451E-4	6.653607E+0	6.633570E+0
200.0   	90      	6.090077E+0	5.587677E-4	1.08E-1    	200.00    	13036.53	24.8 	33.7 	6.086907E+0	5.596631E-7 	1.198170E+7	1.178983E+3	-1.625643E+0	2.631223E-4	6.651587E+0	6.631597E+0
200.0   	91      	6.089480E+0	8.865249E-4	1.18E-1    	200.00    	13039.04	24.8 	33.7 	6.086100E+0	6.934292E-7 	1.198297E+7	1.550269E+3	-1.625933E+0	9.865766E-5	6.650990E+0	6.630790E+0
200.0   	92      	6.090753E+0	1.565277E-3	-3.42E-4   	200.00    	13041.63	24.8 	33.7 	6.087414E+0	2.560326E-6 	1.198063E+7	2.853653E+3	-1.625873E+0	1.301281E-4	6.652263E+0	6.632104E+0
200.0   	93      	6.409353E+0	1.609686E-3	2.50E-1    	200.00    	13044.23	24.8 	33.7 	6.406950E+0	2.455890E-6 	1.143150E+7	2.605763E+3	-1.623333E+0	1.985783E-4	6.970863E+0	6.951640E+0
200.0   	94      	6.378382E+0	6.601521E-4	1.10E-2    	200.00    	13046.81	24.8 	33.7 	6.376004E+0	4.984623E-7 	1.148257E+7	1.123981E+3	-1.623417E+0	2.300725E-4	6.939892E+0	6.920694E+0
200.0   	95      	6.088442E+0	5.228709E-4	2.52E-1    	200.00    	13049.35	24.8 	33.7 	6.084737E+0	2.467515E-7 	1.198513E+7	8.962886E+2	-1.626380E+0	3.143247E-4	6.649952E+0	6.629427E+0
200.0   	96      	6.292602E+0	1.645707E-3	2.75E-1    	200.00    	13051.92	24.8 	33.7 	6.289567E+0	2.127608E-6 	1.162703E+7	2.635021E+3	-1.624643E+0	2.818392E-4	6.854112E+0	6.834257E+0
200.0   	97      	6.291749E+0	6.260509E-4	3.96E-1    	200.00    	13054.50	24.8 	33.7 	6.289084E+0	4.881489E-7 	1.162817E+7	1.123981E+3	-1.624143E+0	1.404754E-4	6.853259E+0	6.833774E+0
200.0   	98      	6.088921E+0	1.523171E-4	1.49E-1    	200.00    	13057.08	24.8 	33.7 	6.085551E+0	2.520682E-9 	1.198397E+7	1.527525E+2	-1.625923E+0	2.052641E-4	6.650431E+0	6.630241E+0
200.0   	99      	6.089397E+0	1.843983E-3	1.23E-1    	200.00    	13059.63	24.8 	33.7 	6.085851E+0	2.778931E-6 	1.198327E+7	3.165965E+3	-1.626160E+0	2.900000E-4	6.650907E+0	6.630541E+0
200.0   	100     	6.109016E+0	9.602692E-5	1.23E-3    	200.00    	13062.22	24.8 	33.7 	6.105546E+0	9.165246E-9 	1.194790E+7	0.000000E+0	-1.625977E+0	2.608320E-4	6.670526E+0	6.650236E+0
200.0   	101     	6.090694E+0	1.616739E-3	1.18E-1    	200.00    	13064.81	24.8 	33.7 	6.087252E+0	2.607612E-6 	1.198083E+7	2.909181E+3	-1.626013E+0	2.638813E-4	6.652204E+0	6.631942E+0
200.0   	102     	6.088300E+0	1.144831E-3	7.85E-2    	200.00    	13067.37	24.8 	33.7 	6.084990E+0	1.335380E-6 	1.198503E+7	2.074448E+3	-1.625843E+0	1.270171E-4	6.649810E+0	6.629680E+0
200.0   	103     	6.086006E+0	9.296856E-4	1.09E-1    	200.00    	13069.95	24.8 	33.7 	6.082779E+0	5.569204E-7 	1.198910E+7	1.513275E+3	-1.625740E+0	2.475884E-4	6.647516E+0	6.627469E+0
200.0   	104     	6.086130E+0	1.730742E-3	-7.28E-3   	200.00    	13072.53	24.8 	33.7 	6.083062E+0	2.470513E-6 	1.198873E+7	2.977135E+3	-1.625520E+0	3.315117E-4	6.647640E+0	6.627752E+0
200.0   	105     	6.090312E+0	1.627825E-3	-2.11E-2   	200.00    	13075.07	24.8 	33.7 	6.087042E+0	2.496531E-6 	1.198137E+7	2.893671E+3	-1.625780E+0	6.557439E-5	6.651822E+0	6.631732E+0
200.0   	106     	6.090134E+0	5.175957E-4	2.96E-1    	200.00    	13077.65	24.8 	33.7 	6.086850E+0	2.942077E-7 	1.198170E+7	9.539392E+2	-1.625800E+0	1.053565E-4	6.651644E+0	6.631540E+0
200.0   	107     	6.084481E+0	2.573301E-4	4.72E-1    	200.00    	13080.23	24.8 	33.7 	6.081241E+0	2.292141E-8 	1.199187E+7	3.511885E+2	-1.625763E+0	2.250185E-4	6.645991E+0	6.625931E+0
200.0   	108     	6.088465E+0	1.454434E-3	1.51E-1    	200.00    	13082.85	24.8 	33.7 	6.085121E+0	2.141874E-6 	1.198477E+7	2.631223E+3	-1.625890E+0	1.752142E-4	6.649975E+0	6.629811E+0
200.0   	109     	6.101116E+0	3.570317E-4	1.48E-1    	200.00    	13085.42	24.8 	33.7 	6.097559E+0	1.473926E-7 	1.196217E+7	6.658328E+2	-1.626127E+0	5.033223E-5	6.662626E+0	6.642249E+0
200.0   	110     	6.086501E+0	4.995664E-4	2.82E-1    	200.00    	13088.00	24.8 	33.7 	6.082986E+0	2.557565E-7 	1.198847E+7	9.073772E+2	-1.626130E+0	4.358899E-5	6.648011E+0	6.627676E+0
200.0   	111     	6.078912E+0	2.058321E-3	6.18E-1    	200.00    	13090.55	24.8 	33.7 	6.075238E+0	4.121219E-6 	1.200233E+7	3.700450E+3	-1.626380E+0	3.464102E-5	6.640422E+0	6.619928E+0
200.0   	112     	6.283267E+0	2.000718E-3	4.74E-1    	200.00    	13093.09	24.8 	33.7 	6.280443E+0	4.292188E-6 	1.164273E+7	3.467468E+3	-1.624393E+0	1.985783E-4	6.844777E+0	6.825133E+0
200.0   	113     	6.276851E+0	1.630977E-3	3.82E-1    	200.00    	13095.67	24.8 	33.7 	6.273683E+0	2.653130E-6 	1.165397E+7	2.779089E+3	-1.624887E+0	2.040425E-4	6.838361E+0	6.818373E+0
200.0   	114     	6.077137E+0	8.984643E-4	8.19E-2    	200.00    	13098.26	24.8 	33.7 	6.073478E+0	1.135360E-6 	1.200553E+7	1.778576E+3	-1.626367E+0	2.343786E-4	6.638647E+0	6.618168E+0
200.0   	115     	6.076077E+0	1.254490E-3	1.72E-1    	200.00    	13100.81	24.8 	33.7 	6.072367E+0	1.668821E-6 	1.200750E+7	2.306513E+3	-1.626440E+0	6.244998E-5	6.637587E+0	6.617057E+0
200.0   	116     	6.093462E+0	1.787253E-4	3.78E-1    	200.00    	13103.39	24.8 	33.7 	6.089512E+0	3.174249E-8 	1.197630E+7	3.000000E+2	-1.626690E+0	1.732051E-4	6.654972E+0	6.634202E+0
200.0   	117     	6.075254E+0	1.359497E-3	4.84E-2    	200.00    	13105.96	24.8 	33.7 	6.071791E+0	1.873863E-6 	1.200877E+7	2.470493E+3	-1.626107E+0	1.443376E-4	6.636764E+0	6.616481E+0
200.0   	118     	6.075916E+0	1.060780E-3	2.85E-1    	200.00    	13108.56	24.8 	33.7 	6.072233E+0	1.058752E-6 	1.200777E+7	1.892969E+3	-1.626403E+0	4.163332E-5	6.637426E+0	6.616923E+0
200.0   	119     	6.075537E+0	8.722927E-4	-1.18E-1   	200.00    	13111.14	24.8 	33.7 	6.071950E+0	4.621532E-7 	1.200837E+7	1.404754E+3	-1.626273E+0	2.731910E-4	6.637047E+0	6.616640E+0
200.0   	120     	6.074649E+0	1.315036E-3	2.43E-1    	200.00    	13113.72	24.8 	33.7 	6.071293E+0	2.637454E-6 	1.200977E+7	2.663331E+3	-1.625963E+0	4.400379E-4	6.636159E+0	6.615983E+0
200.0   	121     	6.075499E+0	4.790628E-4	1.73E-1    	200.00    	13116.26	24.8 	33.7 	6.072355E+0	1.764254E-7 	1.200803E+7	8.144528E+2	-1.625670E+0	7.937254E-5	6.637009E+0	6.617045E+0
200.0   	122     	6.073887E+0	7.808571E-4	6.67E-1    	200.00    	13118.83	24.8 	33.7 	6.070657E+0	5.257270E-7 	1.201103E+7	1.365040E+3	-1.625793E+0	7.371115E-5	6.635397E+0	6.615347E+0
200.0   	123     	6.073486E+0	6.577709E-4	7.41E-3    	200.00    	13121.42	24.8 	33.7 	6.070102E+0	3.543016E-7 	1.201190E+7	1.135782E+3	-1.626007E+0	8.326664E-5	6.634996E+0	6.614792E+0
200.0   	124     	6.073614E+0	7.208284E-4	2.46E-1    	200.00    	13124.00	24.8 	33.7 	6.070195E+0	5.584788E-7 	1.201170E+7	1.322876E+3	-1.626053E+0	2.250185E-4	6.635124E+0	6.614885E+0
200.0   	125     	6.076886E+0	1.409924E-3	4.15E-2    	200.00    	13126.54	24.8 	33.7 	6.073030E+0	1.989125E-6 	1.200617E+7	2.554082E+3	-1.626633E+0	2.309401E-5	6.638396E+0	6.617720E+0
200.0   	126     	6.071941E+0	1.239784E-3	9.63E-2    	200.00    	13129.12	24.8 	33.7 	6.068229E+0	1.725898E-6 	1.201500E+7	2.306513E+3	-1.626460E+0	3.377869E-4	6.633451E+0	6.612919E+0
200.0   	127     	6.075693E+0	1.706145E-3	3.74E-1    	200.00    	13131.69	24.8 	33.7 	6.072126E+0	2.592324E-6 	1.200807E+7	3.003886E+3	-1.626247E+0	1.250333E-4	6.637203E+0	6.616816E+0
200.0   	128     	6.263362E+0	1.309224E-3	2.98E-1    	200.00    	13134.29	24.8 	33.7 	6.260349E+0	1.564193E-6 	1.167690E+7	2.193171E+3	-1.624730E+0	7.937254E-5	6.824872E+0	6.805039E+0
200.0   	129     	6.263173E+0	1.392042E-3	2.26E-1    	200.00    	13136.84	24.8 	33.7 	6.260499E+0	2.488012E-6 	1.167693E+7	2.542309E+3	-1.624267E+0	2.956913E-4	6.824683E+0	6.805189E+0
200.0   	130     	6.077115E+0	1.786594E-3	2.62E-1    	200.00    	13139.44	24.8 	33.7 	6.073463E+0	2.983706E-6 	1.200557E+7	3.181719E+3	-1.626357E+0	7.371115E-5	6.638625E+0	6.618153E+0
200.0   	131     	6.073990E+0	1.265487E-3	-2.95E-2   	200.00    	13141.99	24.8 	33.7 	6.070628E+0	1.651800E-6 	1.201097E+7	2.311565E+3	-1.625973E+0	8.504901E-5	6.635500E+0	6.615318E+0
200.0   	132     	6.076539E+0	1.509420E-3	9.00E-2    	200.00    	13144.56	24.8 	33.7 	6.072935E+0	2.006757E-6 	1.200657E+7	2.650157E+3	-1.626293E+0	1.201388E-4	6.638049E+0	6.617625E+0
200.0   	133     	6.070894E+0	1.984567E-3	4.30E-1    	200.00    	13147.17	24.8 	33.7 	6.067622E+0	3.581136E-6 	1.201650E+7	3.517101E+3	-1.625863E+0	1.209683E-4	6.632404E+0	6.612312E+0
200.0   	134     	6.074728E+0	1.374749E-3	3.04E-1    	200.00    	13149.71	24.8 	33.7 	6.071435E+0	2.142748E-6 	1.200957E+7	2.569695E+3	-1.625877E+0	2.247962E-4	6.636238E+0	6.616125E+0
200.0   	135     	6.074877E+0	5.248119E-4	1.50E-1    	200.00    	13152.29	24.8 	33.7 	6.071396E+0	1.822739E-7 	1.200947E+7	8.621678E+2	-1.626133E+0	1.342882E-4	6.636387E+0	6.616086E+0
200.0   	136     	6.070591E+0	1.118547E-3	1.93E-1    	200.00    	13154.88	24.8 	33.7 	6.067191E+0	1.344298E-6 	1.201717E+7	2.064784E+3	-1.626040E+0	1.513275E-4	6.632101E+0	6.611881E+0
200.0   	137     	6.070530E+0	1.197290E-3	4.23E-1    	200.00    	13157.40	24.8 	33.7 	6.067288E+0	9.853827E-7 	1.201713E+7	1.985783E+3	-1.625823E+0	2.936551E-4	6.632040E+0	6.611978E+0
200.0   	138     	6.072508E+0	6.868509E-4	-6.23E-2   	200.00    	13159.99	24.8 	33.7 	6.069058E+0	4.131624E-7 	1.201373E+7	1.201388E+3	-1.626100E+0	1.637071E-4	6.634018E+0	6.613748E+0
200.0   	139     	6.074388E+0	6.846636E-4	2.60E-1    	200.00    	13162.57	24.8 	33.7 	6.071222E+0	3.911801E-7 	1.201007E+7	1.184624E+3	-1.625703E+0	1.422439E-4	6.635898E+0	6.615912E+0
200.0   	140     	6.070983E+0	1.635950E-3	1.13E-1    	200.00    	13165.14	24.8 	33.7 	6.067607E+0	2.897057E-6 	1.201643E+7	3.028751E+3	-1.626007E+0	1.106044E-4	6.632493E+0	6.612297E+0
200.0   	141     	6.073689E+0	1.149937E-3	5.13E-1    	200.00    	13167.73	24.8 	33.7 	6.070157E+0	1.494888E-6 	1.201167E+7	2.150194E+3	-1.626207E+0	1.342882E-4	6.635199E+0	6.614847E+0
200.0   	142     	6.070636E+0	9.310787E-4	3.73E-1    	200.00    	13170.33	24.8 	33.7 	6.067219E+0	1.192628E-6 	1.201710E+7	1.835756E+3	-1.626063E+0	2.250185E-4	6.632146E+0	6.611909E+0
200.0   	143     	6.071901E+0	1.201043E-3	2.11E-1    	200.00    	13172.87	24.8 	33.7 	6.068233E+0	1.834187E-6 	1.201503E+7	2.318045E+3	-1.626400E+0	2.193171E-4	6.633411E+0	6.612923E+0
200.0   	144     	6.257940E+0	2.213931E-4	2.23E-1    	200.00    	13175.45	24.8 	33.7 	6.255157E+0	5.717450E-8 	1.168600E+7	3.605551E+2	-1.624437E+0	2.592939E-4	6.819450E+0	6.799847E+0
200.0   	145     	6.260987E+0	8.071946E-4	4.23E-1    	200.00    	13178.00	24.8 	33.7 	6.258018E+0	7.396804E-7 	1.168093E+7	1.429452E+3	-1.624680E+0	7.549834E-5	6.822497E+0	6.802708E+0
200.0   	146     	6.071869E+0	8.872595E-4	2.82E-2    	200.00    	13180.60	24.8 	33.7 	6.068081E+0	7.884628E-7 	1.201520E+7	1.609348E+3	-1.626563E+0	7.637626E-5	6.633379E+0	6.612771E+0
200.0   	147     	6.075863E+0	2.014896E-3	4.98E-1    	200.00    	13183.12	24.8 	33.7 	6.072067E+0	4.742740E-6 	1.200797E+7	3.797806E+3	-1.626557E+0	2.379776E-4	6.637373E+0	6.616757E+0
200.0   	148     	6.343500E+0	1.063437E-3	8.51E-2    	200.00    	13185.71	24.8 	33.7 	6.340947E+0	8.563652E-7 	1.154080E+7	1.664332E+3	-1.623790E+0	1.852026E-4	6.905010E+0	6.885637E+0
200.0   	149     	6.070390E+0	1.675332E-3	3.24E-1    	200.00    	13188.29	24.8 	33.7 	6.066511E+0	3.027848E-6 	1.201797E+7	3.098925E+3	-1.626693E+0	1.059874E-4	6.631900E+0	6.611201E+0
200.0   	150     	6.069519E+0	1.492476E-3	1.63E-1    	200.00    	13190.88	24.8 	33.7 	6.065912E+0	2.214589E-6 	1.201930E+7	2.705550E+3	-1.626327E+0	5.773503E-6	6.631029E+0	6.610602E+0
200.0   	151     	6.072771E+0	8.777987E-4	5.57E-1    	200.00    	13193.42	24.8 	33.7 	6.069310E+0	7.614247E-7 	1.201327E+7	1.582193E+3	-1.626113E+0	1.908752E-4	6.634281E+0	6.614000E+0
200.0   	152     	6.070713E+0	1.988986E-3	2.24E-1    	200.00    	13196.01	24.8 	33.7 	6.067326E+0	3.917376E-6 	1.201693E+7	3.600463E+3	-1.626023E+0	5.773503E-6	6.632223E+0	6.612016E+0
200.0   	153     	6.070116E+0	9.344905E-4	3.93E-1    	200.00    	13198.57	24.8 	33.7 	6.066710E+0	9.270818E-7 	1.201803E+7	1.721434E+3	-1.626050E+0	7.937254E-5	6.631626E+0	6.611400E+0
200.0   	154     	6.070263E+0	8.144721E-4	4.31E-1    	200.00    	13201.16	24.8 	33.7 	6.066857E+0	4.672462E-7 	1.201777E+7	1.357694E+3	-1.626050E+0	2.007486E-4	6.631773E+0	6.611547E+0
200.0   	155     	6.068421E+0	1.576312E-3	1.46E-1    	200.00    	13203.74	24.8 	33.7 	6.064881E+0	3.410982E-6 	1.202123E+7	3.108590E+3	-1.626240E+0	3.830144E-4	6.629931E+0	6.609571E+0
200.0   	156     	6.067037E+0	8.730177E-4	3.07E-1    	200.00    	13206.28	24.8 	33.7 	6.063511E+0	9.031251E-7 	1.202373E+7	1.656301E+3	-1.626227E+0	1.101514E-4	6.628547E+0	6.608201E+0
200.0   	157     	6.064958E+0	7.046329E-4	5.14E-1    	200.00    	13208.85	24.8 	33.7 	6.064192E+0	1.198476E-5 	1.202500E+7	2.515949E+3	-1.622073E+0	6.359610E-3	6.626468E+0	6.608882E+0
200.0   	158     	6.069152E+0	4.151391E-4	5.28E-1    	200.00    	13211.42	24.8 	33.7 	6.065764E+0	1.593223E-7 	1.201977E+7	7.094599E+2	-1.626030E+0	3.132092E-4	6.630662E+0	6.610454E+0
200.0   	159     	6.071465E+0	3.214418E-4	3.15E-1    	200.00    	13214.03	24.8 	33.7 	6.067713E+0	1.262566E-7 	1.201590E+7	6.082763E+2	-1.626517E+0	1.331666E-4	6.632975E+0	6.612403E+0
200.0   	160     	6.254658E+0	6.364163E-4	2.50E-1    	200.00    	13216.57	24.8 	33.7 	6.251606E+0	5.964592E-7 	1.169187E+7	1.201388E+3	-1.624817E+0	2.968726E-4	6.816168E+0	6.796296E+0
200.0   	161     	6.261066E+0	1.878852E-4	6.36E-2    	200.00    	13219.14	24.8 	33.7 	6.258172E+0	1.393494E-8 	1.168073E+7	2.516611E+2	-1.624577E+0	1.504438E-4	6.822576E+0	6.802862E+0
200.0   	162     	6.076088E+0	5.677140E-4	3.38E-1    	200.00    	13221.74	24.8 	33.7 	6.072392E+0	6.452625E-7 	1.200747E+7	1.242310E+3	-1.626420E+0	3.223352E-4	6.637598E+0	6.617082E+0
200.0   	163     	6.347773E+0	2.956606E-4	-9.82E-4   	200.00    	13224.31	24.8 	33.7 	6.345124E+0	4.298709E-8 	1.153373E+7	4.041452E+2	-1.623903E+0	2.227854E-4	6.909283E+0	6.889814E+0
200.0   	164     	7.326609E-1	1.389516E-3	7.06E-2    	200.00    	13226.87	24.8 	33.7 	6.050397E-1	3.843399E-7 	6.523740E+7	5.072287E+4	-1.911423E+0	9.686245E-4	1.294171E+0	1.149730E+0
200.0   	165     	6.345502E+0	1.006731E-3	5.08E-1    	200.00    	13229.43	24.8 	33.7 	6.343009E+0	9.708917E-7 	1.153740E+7	1.664332E+3	-1.623700E+0	1.228821E-4	6.907012E+0	6.887699E+0
200.0   	166     	6.074424E+0	6.320560E-4	5.14E-1    	200.00    	13232.03	24.8 	33.7 	6.070929E+0	2.872922E-7 	1.201030E+7	1.058301E+3	-1.626153E+0	1.331666E-4	6.635934E+0	6.615619E+0
200.0   	167     	6.072015E+0	1.640251E-3	4.59E-1    	200.00    	13234.61	24.8 	33.7 	6.068633E+0	2.555735E-6 	1.201457E+7	2.936551E+3	-1.626010E+0	1.044031E-4	6.633525E+0	6.613323E+0
200.0   	168     	6.071313E+0	3.885505E-4	1.75E-1    	200.00    	13237.16	24.8 	33.7 	6.067460E+0	1.313360E-7 	1.201627E+7	6.658328E+2	-1.626653E+0	2.173323E-4	6.632823E+0	6.612150E+0
200.0   	169     	6.070068E+0	3.907460E-4	4.86E-1    	200.00    	13239.72	24.8 	33.7 	6.066538E+0	1.711751E-7 	1.201823E+7	7.234178E+2	-1.626220E+0	1.513275E-4	6.631578E+0	6.611228E+0
200.0   	170     	6.073280E+0	5.434393E-4	1.44E-1    	200.00    	13242.30	24.8 	33.7 	6.069904E+0	2.346176E-7 	1.201227E+7	9.291573E+2	-1.625997E+0	1.305118E-4	6.634790E+0	6.614594E+0
200.0   	171     	6.072140E+0	1.873404E-3	1.79E-1    	200.00    	13244.87	24.8 	33.7 	6.068655E+0	3.646465E-6 	1.201443E+7	3.429772E+3	-1.626150E+0	1.216553E-4	6.633650E+0	6.613345E+0
200.0   	172     	6.069801E+0	1.068868E-3	4.15E-1    	200.00    	13247.45	24.8 	33.7 	6.066291E+0	1.586151E-6 	1.201870E+7	2.107131E+3	-1.626193E+0	3.614323E-4	6.631311E+0	6.610981E+0
200.0   	173     	6.067928E+0	1.974891E-3	2.45E-1    	200.00    	13250.03	24.8 	33.7 	6.063980E+0	3.865141E-6 	1.202250E+7	3.579106E+3	-1.626797E+0	8.621678E-5	6.629438E+0	6.608670E+0
200.0   	174     	6.071820E+0	1.303881E-3	1.86E-1    	200.00    	13252.64	24.8 	33.7 	6.068387E+0	1.772995E-6 	1.201497E+7	2.386071E+3	-1.626080E+0	2.170253E-4	6.633330E+0	6.613077E+0
200.0   	175     	6.073611E+0	3.002031E-3	2.55E-1    	200.00    	13255.18	24.8 	33.7 	6.070126E+0	8.674030E-6 	1.201177E+7	5.390114E+3	-1.626143E+0	1.320353E-4	6.635121E+0	6.614816E+0
200.0   	176     	6.256859E+0	9.444461E-4	3.20E-1    	200.00    	13257.76	24.8 	33.7 	6.253792E+0	7.876180E-7 	1.168810E+7	1.571623E+3	-1.624830E+0	1.044031E-4	6.818369E+0	6.798482E+0
200.0   	177     	6.262107E+0	5.147544E-4	6.53E-1    	200.00    	13260.33	24.8 	33.7 	6.259193E+0	2.958943E-7 	1.167897E+7	9.073772E+2	-1.624600E+0	4.358899E-5	6.823617E+0	6.803883E+0
200.0   	178     	6.075757E+0	9.304443E-4	1.72E-1    	200.00    	13262.95	24.8 	33.7 	6.072025E+0	9.887527E-7 	1.200810E+7	1.743560E+3	-1.626470E+0	1.014889E-4	6.637267E+0	6.616715E+0
200.0   	179     	6.080893E+0	1.761229E-3	3.84E-1    	200.00    	13265.48	24.8 	33.7 	6.077567E+0	3.074001E-6 	1.199843E+7	3.178574E+3	-1.625897E+0	5.773503E-6	6.642403E+0	6.622257E+0
200.0   	180     	6.347730E+0	4.456160E-4	4.15E-2    	200.00    	13268.06	24.8 	33.7 	6.345685E+0	2.849926E-7 	1.153330E+7	8.185353E+2	-1.623073E+0	1.274101E-4	6.909240E+0	6.890375E+0
200.0   	181     	6.077141E+0	3.624546E-4	2.65E-1    	200.00    	13270.62	24.8 	33.7 	6.073915E+0	2.453579E-7 	1.200513E+7	7.767453E+2	-1.625773E+0	1.861003E-4	6.638651E+0	6.618605E+0
200.0   	182     	6.071854E+0	5.239956E-5	3.75E-1    	200.00    	13273.20	24.8 	33.7 	6.068242E+0	2.866915E-9 	1.201507E+7	5.773503E+1	-1.626323E+0	1.150362E-4	6.633364E+0	6.612932E+0
200.0   	183     	6.073297E+0	9.027328E-4	5.10E-1    	200.00    	13275.76	24.8 	33.7 	6.069996E+0	1.070347E-6 	1.201217E+7	1.755942E+3	-1.625893E+0	1.985783E-4	6.634807E+0	6.614686E+0
200.0   	184     	6.068507E+0	1.532824E-3	2.70E-1    	200.00    	13278.33	24.8 	33.7 	6.065125E+0	2.943907E-6 	1.202093E+7	2.948446E+3	-1.626023E+0	2.814842E-4	6.630017E+0	6.609815E+0
200.0   	185     	6.068065E+0	2.534514E-4	-6.03E-2   	200.00    	13280.95	24.8 	33.7 	6.064942E+0	6.384952E-8 	1.202150E+7	4.582576E+2	-1.625670E+0	5.291503E-5	6.629575E+0	6.609632E+0
200.0   	186     	6.071546E+0	1.156151E-3	3.73E-1    	200.00    	13283.48	24.8 	33.7 	6.068403E+0	1.422855E-6 	1.201520E+7	2.128380E+3	-1.625683E+0	1.650253E-4	6.633056E+0	6.613093E+0
200.0   	187     	6.073604E+0	1.147165E-3	1.85E-1    	200.00    	13286.06	24.8 	33.7 	6.070462E+0	1.282899E-6 	1.201147E+7	2.059935E+3	-1.625673E+0	2.514624E-4	6.635114E+0	6.615152E+0
200.0   	188     	6.069705E+0	2.852844E-4	2.22E-1    	200.00    	13288.63	24.8 	33.7 	6.066203E+0	6.081329E-8 	1.201887E+7	4.725816E+2	-1.626183E+0	1.563117E-4	6.631215E+0	6.610893E+0
200.0   	189     	6.072279E+0	7.542697E-4	3.47E-1    	200.00    	13291.22	24.8 	33.7 	6.068883E+0	7.959238E-7 	1.201410E+7	1.493318E+3	-1.626027E+0	1.934770E-4	6.633789E+0	6.613573E+0
200.0   	190     	6.073939E+0	1.642821E-3	3.14E-1    	200.00    	13293.81	24.8 	33.7 	6.070753E+0	2.935098E-6 	1.201090E+7	3.041381E+3	-1.625733E+0	1.205543E-4	6.635449E+0	6.615443E+0
200.0   	191     	6.069589E+0	2.397461E-3	6.27E-1    	200.00    	13296.37	24.8 	33.7 	6.065843E+0	6.024317E-6 	1.201930E+7	4.403408E+3	-1.626517E+0	1.929594E-4	6.631099E+0	6.610533E+0
200.0   	192     	6.255886E+0	2.139490E-3	2.48E-1    	200.00    	13298.94	24.8 	33.7 	6.253018E+0	4.444833E-6 	1.168960E+7	3.642801E+3	-1.624560E+0	3.004996E-4	6.817396E+0	6.797708E+0
200.0   	193     	6.262947E+0	1.798257E-3	-1.77E-1   	200.00    	13301.53	24.8 	33.7 	6.260530E+0	3.049190E-6 	1.167710E+7	3.034798E+3	-1.623913E+0	1.607275E-4	6.824457E+0	6.805220E+0
200.0   	194     	6.075095E+0	8.455577E-4	2.91E-1    	200.00    	13304.05	24.8 	33.7 	6.071876E+0	3.921024E-7 	1.200883E+7	1.331666E+3	-1.625773E+0	3.146956E-4	6.636605E+0	6.616566E+0
200.0   	195     	6.078228E+0	1.759324E-3	-1.63E-2   	200.00    	13306.64	24.8 	33.7 	6.074890E+0	2.782193E-6 	1.200327E+7	3.102150E+3	-1.625923E+0	1.357694E-4	6.639738E+0	6.619580E+0
200.0   	196     	6.077130E+0	8.097059E-4	2.08E-1    	200.00    	13309.23	24.8 	33.7 	6.073742E+0	6.805417E-7 	1.200530E+7	1.473092E+3	-1.625997E+0	2.227854E-4	6.638640E+0	6.618432E+0
200.0   	197     	6.073556E+0	1.370555E-3	1.77E-1    	200.00    	13311.81	24.8 	33.7 	6.069922E+0	2.240584E-6 	1.201200E+7	2.600000E+3	-1.626347E+0	1.795364E-4	6.635066E+0	6.614612E+0
200.0   	198     	6.076955E+0	1.519677E-3	5.59E-1    	200.00    	13314.39	24.8 	33.7 	6.073660E+0	2.402974E-6 	1.200553E+7	2.779089E+3	-1.625870E+0	1.081665E-4	6.638465E+0	6.618350E+0
200.0   	199     	6.075293E+0	2.159394E-3	3.25E-1    	200.00    	13316.93	24.8 	33.7 	6.071864E+0	4.866043E-6 	1.200867E+7	3.955165E+3	-1.626060E+0	8.717798E-5	6.636803E+0	6.616554E+0
200.0   	200     	6.072453E+0	6.876666E-4	8.50E-2    	200.00    	13319.51	24.8 	33.7 	6.069297E+0	3.162114E-7 	1.201357E+7	1.101514E+3	-1.625697E+0	4.389001E-4	6.633963E+0	6.613987E+0
200.0   	201     	6.072701E+0	1.585635E-3	4.59E-1    	200.00    	13322.12	24.8 	33.7 	6.069564E+0	2.207334E-6 	1.201310E+7	2.783882E+3	-1.625670E+0	1.646208E-4	6.634211E+0	6.614254E+0
200.0   	202     	6.073135E+0	1.244049E-3	2.87E-1    	200.00    	13324.64	24.8 	33.7 	6.070048E+0	1.783204E-6 	1.201227E+7	2.335237E+3	-1.625600E+0	2.364318E-4	6.634645E+0	6.614738E+0
200.0   	203     	6.072505E+0	1.315797E-3	2.25E-1    	200.00    	13327.22	24.8 	33.7 	6.069318E+0	2.248987E-6 	1.201350E+7	2.553429E+3	-1.625740E+0	2.605763E-4	6.634015E+0	6.614008E+0
200.0   	204     	6.071566E+0	8.375505E-4	3.00E-1    	200.00    	13329.80	24.8 	33.7 	6.068200E+0	6.670922E-7 	1.201537E+7	1.497776E+3	-1.625990E+0	1.389244E-4	6.633076E+0	6.612890E+0
200.0   	205     	6.069547E+0	5.530652E-4	1.07E-1    	200.00    	13332.37	24.8 	33.7 	6.066141E+0	2.811956E-7 	1.201907E+7	9.814955E+2	-1.626053E+0	9.451631E-5	6.631057E+0	6.610831E+0
200.0   	206     	6.075123E+0	7.853171E-4	5.06E-1    	200.00    	13334.93	24.8 	33.7 	6.072032E+0	6.459863E-7 	1.200867E+7	1.436431E+3	-1.625597E+0	1.550269E-4	6.636633E+0	6.616722E+0
200.0   	207     	6.077296E+0	8.539012E-4	1.13E-1    	200.00    	13337.55	24.8 	33.7 	6.073871E+0	8.897214E-7 	1.200503E+7	1.616581E+3	-1.626047E+0	3.092464E-4	6.638806E+0	6.618561E+0
200.0   	208     	6.258541E+0	9.366723E-4	1.23E-1    	200.00    	13340.12	24.8 	33.7 	6.256149E+0	9.743807E-7 	1.168463E+7	1.650253E+3	-1.623897E+0	7.505553E-5	6.820051E+0	6.800839E+0
200.0   	209     	6.263223E+0	7.618351E-4	1.73E-1    	200.00    	13342.63	24.8 	33.7 	6.261032E+0	4.904928E-7 	1.167643E+7	1.250333E+3	-1.623600E+0	1.452584E-4	6.824733E+0	6.805722E+0
200.0   	210     	6.075469E+0	1.158951E-3	2.55E-1    	200.00    	13345.21	24.8 	33.7 	6.072164E+0	1.109279E-6 	1.200823E+7	2.003331E+3	-1.625890E+0	1.652271E-4	6.636979E+0	6.616854E+0
200.0   	211     	6.077377E+0	1.286210E-3	3.89E-1    	200.00    	13347.79	24.8 	33.7 	6.073790E+0	2.005729E-6 	1.200503E+7	2.441994E+3	-1.626267E+0	2.993883E-4	6.638887E+0	6.618480E+0
200.0   	212     	6.078666E+0	8.839576E-4	1.70E-2    	200.00    	13350.36	24.8 	33.7 	6.075777E+0	5.002916E-7 	1.200207E+7	1.436431E+3	-1.625303E+0	2.871121E-4	6.640176E+0	6.620467E+0
200.0   	213     	6.078210E+0	1.216140E-3	2.30E-1    	200.00    	13352.96	24.8 	33.7 	6.075166E+0	1.481340E-6 	1.200303E+7	2.200757E+3	-1.625520E+0	1.389244E-4	6.639720E+0	6.619856E+0
200.0   	214     	6.077476E+0	7.577982E-4	2.14E-1    	200.00    	13355.56	24.8 	33.7 	6.074133E+0	5.744218E-7 	1.200463E+7	1.365040E+3	-1.625933E+0	2.159475E-4	6.638986E+0	6.618823E+0
200.0   	215     	6.074815E+0	4.887701E-4	4.40E-1    	200.00    	13358.09	24.8 	33.7 	6.071458E+0	3.851181E-7 	1.200947E+7	1.001665E+3	-1.625963E+0	2.250185E-4	6.636325E+0	6.616148E+0
200.0   	216     	6.078860E+0	1.970293E-3	2.09E-2    	200.00    	13360.66	24.8 	33.7 	6.075879E+0	3.601065E-6 	1.200180E+7	3.500000E+3	-1.625430E+0	9.643651E-5	6.640370E+0	6.620569E+0
200.0   	217     	6.077963E+0	1.318109E-3	4.01E-1    	200.00    	13363.24	24.8 	33.7 	6.075007E+0	1.943766E-6 	1.200340E+7	2.455606E+3	-1.625400E+0	1.153256E-4	6.639473E+0	6.619697E+0
200.0   	218     	6.074861E+0	1.452190E-3	2.74E-1    	200.00    	13365.81	24.8 	33.7 	6.071596E+0	1.322956E-6 	1.200930E+7	2.357965E+3	-1.625837E+0	4.091862E-4	6.636371E+0	6.616286E+0
200.0   	219     	6.075692E+0	1.283604E-3	6.09E-1    	200.00    	13368.36	24.8 	33.7 	6.072310E+0	1.398131E-6 	1.200790E+7	2.233831E+3	-1.625993E+0	1.331666E-4	6.637202E+0	6.617000E+0
200.0   	220     	6.076576E+0	8.627829E-4	3.91E-1    	200.00    	13370.96	24.8 	33.7 	6.073449E+0	9.951032E-7 	1.200607E+7	1.674316E+3	-1.625640E+0	3.469870E-4	6.638086E+0	6.618139E+0
200.0   	221     	6.076009E+0	7.787072E-4	-6.59E-2   	200.00    	13373.53	24.8 	33.7 	6.072875E+0	6.293956E-7 	1.200710E+7	1.417745E+3	-1.625653E+0	2.059935E-4	6.637519E+0	6.617565E+0
200.0   	222     	6.072565E+0	8.040805E-4	2.61E-1    	200.00    	13376.07	24.8 	33.7 	6.069441E+0	5.532238E-7 	1.201333E+7	1.401190E+3	-1.625653E+0	1.474223E-4	6.634075E+0	6.614131E+0
200.0   	223     	6.072786E+0	2.260717E-3	3.87E-1    	200.00    	13378.65	24.8 	33.7 	6.069443E+0	5.224742E-6 	1.201313E+7	4.119871E+3	-1.625953E+0	2.571640E-4	6.634296E+0	6.614133E+0
200.0   	224     	6.258260E+0	2.524963E-3	-6.25E-2   	200.00    	13381.23	24.8 	33.7 	6.255305E+0	6.483197E-6 	1.168560E+7	4.350862E+3	-1.624670E+0	6.557439E-5	6.819770E+0	6.799995E+0
200.0   	225     	6.265412E+0	9.533808E-4	1.13E-1    	200.00    	13383.83	24.8 	33.7 	6.262892E+0	7.416477E-7 	1.167297E+7	1.553491E+3	-1.624047E+0	1.234234E-4	6.826922E+0	6.807582E+0
200.0   	226     	6.081344E+0	1.065088E-3	2.36E-1    	200.00    	13386.36	24.8 	33.7 	6.077779E+0	1.351589E-6 	1.199783E+7	2.013289E+3	-1.626220E+0	1.824829E-4	6.642854E+0	6.622469E+0
200.0   	227     	6.079176E+0	2.364387E-4	3.46E-1    	200.00    	13388.94	24.8 	33.7 	6.075930E+0	4.483557E-8 	1.200147E+7	4.041452E+2	-1.625793E+0	6.110101E-5	6.640686E+0	6.620620E+0
200.0   	228     	6.078936E+0	7.384817E-4	3.35E-1    	200.00    	13391.55	24.8 	33.7 	6.075986E+0	3.477225E-7 	1.200163E+7	1.201388E+3	-1.625387E+0	2.081666E-4	6.640446E+0	6.620676E+0
200.0   	229     	6.077897E+0	4.492051E-4	8.60E-3    	200.00    	13394.09	24.8 	33.7 	6.074558E+0	2.407288E-7 	1.200387E+7	8.504901E+2	-1.625927E+0	7.234178E-5	6.639407E+0	6.619248E+0
200.0   	230     	6.080041E+0	1.477278E-3	4.37E-1    	200.00    	13396.66	24.8 	33.7 	6.077018E+0	2.041216E-6 	1.199970E+7	2.628688E+3	-1.625483E+0	1.101514E-4	6.641551E+0	6.621708E+0
200.0   	231     	6.078455E+0	5.929816E-4	2.27E-1    	200.00    	13399.24	24.8 	33.7 	6.075398E+0	4.682891E-7 	1.200260E+7	1.153256E+3	-1.625537E+0	1.800926E-4	6.639965E+0	6.620088E+0
200.0   	232     	6.079392E+0	1.756142E-3	3.87E-1    	200.00    	13401.83	24.8 	33.7 	6.076414E+0	2.917113E-6 	1.200083E+7	3.134220E+3	-1.625423E+0	1.106044E-4	6.640902E+0	6.621104E+0
200.0   	233     	6.079584E+0	8.844759E-4	3.68E-1    	200.00    	13404.42	24.8 	33.7 	6.076444E+0	6.870943E-7 	1.200063E+7	1.550269E+3	-1.625647E+0	8.020806E-5	6.641094E+0	6.621134E+0
200.0   	234     	6.079100E+0	1.629536E-3	7.79E-2    	200.00    	13406.94	24.8 	33.7 	6.075859E+0	2.972070E-6 	1.200160E+7	3.031501E+3	-1.625787E+0	2.742870E-4	6.640610E+0	6.620549E+0
200.0   	235     	6.076334E+0	1.654345E-3	1.39E-1    	200.00    	13409.54	24.8 	33.7 	6.073213E+0	2.329100E-6 	1.200650E+7	2.879236E+3	-1.625633E+0	2.267892E-4	6.637844E+0	6.617903E+0
200.0   	236     	6.075251E+0	1.032425E-3	1.73E-1    	200.00    	13412.14	24.8 	33.7 	6.071978E+0	7.805306E-7 	1.200860E+7	1.734935E+3	-1.625847E+0	2.182506E-4	6.636761E+0	6.616668E+0
200.0   	237     	6.075720E+0	1.855641E-3	2.92E-1    	200.00    	13414.68	24.8 	33.7 	6.072577E+0	3.698235E-6 	1.200763E+7	3.421013E+3	-1.625667E+0	2.328805E-4	6.637230E+0	6.617267E+0
200.0   	238     	6.076414E+0	2.565942E-4	2.39E-1    	200.00    	13417.25	24.8 	33.7 	6.072913E+0	1.344712E-7 	1.200670E+7	5.567764E+2	-1.626153E+0	2.074448E-4	6.637924E+0	6.617603E+0
200.0   	239     	6.077629E+0	2.334968E-4	1.81E-1    	200.00    	13419.83	24.8 	33.7 	6.074274E+0	3.862611E-8 	1.200437E+7	3.214550E+2	-1.625950E+0	3.351119E-4	6.639139E+0	6.618964E+0
200.0   	240     	6.260334E+0	1.667321E-4	1.78E-1    	200.00    	13422.43	24.8 	33.7 	6.257932E+0	5.894303E-8 	1.168157E+7	3.511885E+2	-1.623903E+0	1.059874E-4	6.821844E+0	6.802622E+0
200.0   	241     	6.453338E+0	7.243340E-4	2.38E-1    	200.00    	13424.98	24.8 	33.7 	6.451785E+0	4.701460E-7 	1.135903E+7	1.137248E+3	-1.621997E+0	2.050203E-4	7.014848E+0	6.996475E+0
200.0   	242     	6.272305E+0	1.187711E-4	1.56E-1    	200.00    	13427.55	24.8 	33.7 	6.269912E+0	4.929124E-8 	1.166107E+7	2.886751E+2	-1.623843E+0	1.563117E-4	6.833815E+0	6.814602E+0
200.0   	243     	6.264164E+0	3.037271E-3	2.54E-1    	200.00    	13430.12	24.8 	33.7 	6.261688E+0	7.730989E-6 	1.167507E+7	4.980295E+3	-1.623990E+0	3.798684E-4	6.825674E+0	6.806378E+0
200.0   	244     	6.261553E+0	2.071280E-3	3.06E-1    	200.00    	13432.72	24.8 	33.7 	6.259008E+0	4.717737E-6 	1.167960E+7	3.637307E+3	-1.624097E+0	1.514376E-4	6.823063E+0	6.803698E+0
200.0   	245     	6.264180E+0	5.241711E-4	4.07E-1    	200.00    	13435.27	24.8 	33.7 	6.261593E+0	1.246865E-7 	1.167513E+7	7.505553E+2	-1.624143E+0	2.379776E-4	6.825690E+0	6.806283E+0
200.0   	246     	6.263433E+0	4.350832E-4	4.03E-2    	200.00    	13437.87	24.8 	33.7 	6.261017E+0	1.084084E-7 	1.167627E+7	6.506407E+2	-1.623910E+0	1.852026E-4	6.824943E+0	6.805707E+0
200.0   	247     	6.266243E+0	1.672190E-3	1.95E-1    	200.00    	13440.42	24.8 	33.7 	6.264007E+0	2.423652E-6 	1.167130E+7	2.762245E+3	-1.623650E+0	2.095233E-4	6.827753E+0	6.808697E+0
200.0   	248     	6.265792E+0	1.010108E-3	9.72E-2    	200.00    	13443.01	24.8 	33.7 	6.263679E+0	9.533367E-7 	1.167197E+7	1.686219E+3	-1.623480E+0	3.600000E-4	6.827302E+0	6.808369E+0
200.0   	249     	6.261515E+0	5.249390E-4	4.70E-1    	200.00    	13445.60	24.8 	33.7 	6.259316E+0	2.278372E-7 	1.167937E+7	8.504901E+2	-1.623617E+0	2.050203E-4	6.823025E+0	6.804006E+0
200.0   	250     	6.270452E+0	1.136771E-3	5.48E-1    	200.00    	13448.17	24.8 	33.7 	6.268137E+0	1.131015E-6 	1.166417E+7	1.877054E+3	-1.623743E+0	2.112660E-4	6.831962E+0	6.812827E+0
200.0   	251     	6.267444E+0	8.273463E-4	4.57E-1    	200.00    	13450.73	24.8 	33.7 	6.265065E+0	5.785778E-7 	1.166937E+7	1.350309E+3	-1.623843E+0	2.577466E-4	6.828954E+0	6.809755E+0
200.0   	252     	6.263070E+0	1.140987E-3	4.54E-1    	200.00    	13453.31	24.8 	33.7 	6.260525E+0	1.290914E-6 	1.167700E+7	1.946792E+3	-1.624090E+0	1.997498E-4	6.824580E+0	6.805215E+0
200.0   	253     	6.259704E+0	2.793266E-4	3.69E-1    	200.00    	13455.85	24.8 	33.7 	6.257318E+0	4.417714E-8 	1.168263E+7	4.163332E+2	-1.623883E+0	1.274101E-4	6.821214E+0	6.802008E+0
200.0   	254     	6.262297E+0	9.307361E-4	6.41E-2    	200.00    	13458.44	24.8 	33.7 	6.260091E+0	7.259459E-7 	1.167803E+7	1.527525E+3	-1.623623E+0	1.078579E-4	6.823807E+0	6.804781E+0
200.0   	255     	6.269329E+0	1.179676E-3	1.40E-1    	200.00    	13461.03	24.8 	33.7 	6.266921E+0	1.438629E-6 	1.166617E+7	2.030599E+3	-1.623877E+0	2.103172E-4	6.830839E+0	6.811611E+0
200.0   	256     	6.452571E+0	1.390243E-3	2.05E-1    	200.00    	13463.57	24.8 	33.7 	6.451195E+0	2.127509E-6 	1.136013E+7	2.302897E+3	-1.621750E+0	3.315117E-4	7.014081E+0	6.995885E+0
200.0   	257     	5.694692E+0	4.447657E-4	8.93E-2    	200.00    	13466.17	24.8 	33.7 	5.689183E+0	2.306575E-7 	1.274253E+7	9.291573E+2	-1.630573E+0	2.223361E-4	6.256202E+0	6.233873E+0
200.0   	258     	8.147476E+0	2.240841E-3	4.48E-1    	200.00    	13468.73	24.8 	33.7 	8.149823E+0	5.038585E-6 	9.145000E+6	2.356629E+3	-1.611573E+0	3.214550E-5	8.708986E+0	8.694513E+0
200.0   	259     	1.129838E+1	6.279318E-4	1.02E-1    	200.00    	13471.31	24.8 	33.7 	1.130617E+1	3.477947E-7 	6.712353E+6	3.444319E+2	-1.598400E+0	9.539392E-5	1.185989E+1	1.185086E+1
200.0   	260     	2.373145E+1	9.878620E-4	6.23E-1    	200.00    	13473.86	24.8 	33.7 	2.374751E+1	9.745704E-7 	3.275793E+6	1.331666E+2	-1.576410E+0	3.605551E-5	2.429296E+1	2.429220E+1
200.0   	261     	2.823671E+1	5.797444E-4	3.40E-1    	200.00    	13476.42	24.8 	33.7 	2.825347E+1	3.372974E-7 	2.763280E+6	5.567764E+1	-1.572267E+0	5.033223E-5	2.879822E+1	2.879816E+1
200.0   	262     	3.433448E+1	9.540026E-4	-1.00E-1   	200.00    	13479.01	24.8 	33.7 	3.435096E+1	9.164111E-7 	2.280430E+6	6.244998E+1	-1.567647E+0	7.234178E-5	3.489599E+1	3.489565E+1
200.0   	263     	5.031156E+1	3.081511E-3	1.52E-1    	200.00    	13481.61	24.8 	33.7 	5.031986E+1	9.608284E-6 	1.564367E+6	9.504385E+1	-1.557850E+0	3.000000E-5	5.087307E+1	5.086455E+1
200.0   	264     	1.102167E+2	4.971442E-4	1.17E-1    	200.00    	13484.13	24.8 	33.7 	1.100501E+2	4.496001E-7 	7.189447E+5	3.785939E+0	-1.530093E+0	2.081666E-5	1.107783E+2	1.105948E+2
